
C:/Users/thisi/Documents/Pico-v1.5.1/build/pio/quadrature_encoder/pio_quadrature_encoder.elf:     file format elf32-littlearm

Sections:
Idx Name          Size      VMA       LMA       File off  Algn
  0 .boot2        00000100  10000000  10000000  00001000  2**0
                  CONTENTS, ALLOC, LOAD, READONLY, CODE
  1 .text         00006eb0  10000100  10000100  00001100  2**3
                  CONTENTS, ALLOC, LOAD, READONLY, CODE
  2 .rodata       00001914  10006fb0  10006fb0  00007fb0  2**3
                  CONTENTS, ALLOC, LOAD, READONLY, DATA
  3 .binary_info  0000002c  100088c4  100088c4  000098c4  2**2
                  CONTENTS, ALLOC, LOAD, READONLY, DATA
  4 .ram_vector_table 000000c0  20000000  20000000  0000b000  2**2
                  ALLOC
  5 .data         00000c10  200000c0  100088f0  0000a0c0  2**4
                  CONTENTS, ALLOC, LOAD, READONLY, CODE
  6 .uninitialized_data 00000000  20000cd0  20000cd0  0000acd0  2**0
                  CONTENTS
  7 .scratch_x    00000000  20040000  20040000  0000acd0  2**0
                  CONTENTS
  8 .scratch_y    00000000  20041000  20041000  0000acd0  2**0
                  CONTENTS
  9 .bss          00000d9c  20000cd0  20000cd0  0000b000  2**3
                  ALLOC
 10 .heap         00000800  20001a6c  20001a6c  0000acd0  2**2
                  CONTENTS, READONLY
 11 .stack1_dummy 00000800  20040000  20040000  0000b000  2**2
                  ALLOC
 12 .stack_dummy  00000800  20041000  20041000  0000b4e0  2**5
                  CONTENTS, READONLY
 13 .ARM.attributes 00000028  00000000  00000000  0000bce0  2**0
                  CONTENTS, READONLY
 14 .comment      00000049  00000000  00000000  0000bd08  2**0
                  CONTENTS, READONLY
 15 .debug_info   0002b444  00000000  00000000  0000bd51  2**0
                  CONTENTS, READONLY, DEBUGGING, OCTETS
 16 .debug_abbrev 00007c16  00000000  00000000  00037195  2**0
                  CONTENTS, READONLY, DEBUGGING, OCTETS
 17 .debug_loc    0001c756  00000000  00000000  0003edab  2**0
                  CONTENTS, READONLY, DEBUGGING, OCTETS
 18 .debug_aranges 000015d8  00000000  00000000  0005b508  2**3
                  CONTENTS, READONLY, DEBUGGING, OCTETS
 19 .debug_ranges 000055e0  00000000  00000000  0005cae0  2**3
                  CONTENTS, READONLY, DEBUGGING, OCTETS
 20 .debug_line   0001afd0  00000000  00000000  000620c0  2**0
                  CONTENTS, READONLY, DEBUGGING, OCTETS
 21 .debug_str    000085a5  00000000  00000000  0007d090  2**0
                  CONTENTS, READONLY, DEBUGGING, OCTETS
 22 .debug_frame  0000303c  00000000  00000000  00085638  2**2
                  CONTENTS, READONLY, DEBUGGING, OCTETS

C:/Users/thisi/Documents/Pico-v1.5.1/build/pio/quadrature_encoder/pio_quadrature_encoder.elf:     file format elf32-littlearm


Disassembly of section .boot2:

10000000 <__boot2_start__>:
10000000:	4b32b500 	.word	0x4b32b500
10000004:	60582021 	.word	0x60582021
10000008:	21026898 	.word	0x21026898
1000000c:	60984388 	.word	0x60984388
10000010:	611860d8 	.word	0x611860d8
10000014:	4b2e6158 	.word	0x4b2e6158
10000018:	60992100 	.word	0x60992100
1000001c:	61592102 	.word	0x61592102
10000020:	22f02101 	.word	0x22f02101
10000024:	492b5099 	.word	0x492b5099
10000028:	21016019 	.word	0x21016019
1000002c:	20356099 	.word	0x20356099
10000030:	f844f000 	.word	0xf844f000
10000034:	42902202 	.word	0x42902202
10000038:	2106d014 	.word	0x2106d014
1000003c:	f0006619 	.word	0xf0006619
10000040:	6e19f834 	.word	0x6e19f834
10000044:	66192101 	.word	0x66192101
10000048:	66182000 	.word	0x66182000
1000004c:	f000661a 	.word	0xf000661a
10000050:	6e19f82c 	.word	0x6e19f82c
10000054:	6e196e19 	.word	0x6e196e19
10000058:	f0002005 	.word	0xf0002005
1000005c:	2101f82f 	.word	0x2101f82f
10000060:	d1f94208 	.word	0xd1f94208
10000064:	60992100 	.word	0x60992100
10000068:	6019491b 	.word	0x6019491b
1000006c:	60592100 	.word	0x60592100
10000070:	481b491a 	.word	0x481b491a
10000074:	21016001 	.word	0x21016001
10000078:	21eb6099 	.word	0x21eb6099
1000007c:	21a06619 	.word	0x21a06619
10000080:	f0006619 	.word	0xf0006619
10000084:	2100f812 	.word	0x2100f812
10000088:	49166099 	.word	0x49166099
1000008c:	60014814 	.word	0x60014814
10000090:	60992101 	.word	0x60992101
10000094:	2800bc01 	.word	0x2800bc01
10000098:	4700d000 	.word	0x4700d000
1000009c:	49134812 	.word	0x49134812
100000a0:	c8036008 	.word	0xc8036008
100000a4:	8808f380 	.word	0x8808f380
100000a8:	b5034708 	.word	0xb5034708
100000ac:	20046a99 	.word	0x20046a99
100000b0:	d0fb4201 	.word	0xd0fb4201
100000b4:	42012001 	.word	0x42012001
100000b8:	bd03d1f8 	.word	0xbd03d1f8
100000bc:	6618b502 	.word	0x6618b502
100000c0:	f7ff6618 	.word	0xf7ff6618
100000c4:	6e18fff2 	.word	0x6e18fff2
100000c8:	bd026e18 	.word	0xbd026e18
100000cc:	40020000 	.word	0x40020000
100000d0:	18000000 	.word	0x18000000
100000d4:	00070000 	.word	0x00070000
100000d8:	005f0300 	.word	0x005f0300
100000dc:	00002221 	.word	0x00002221
100000e0:	180000f4 	.word	0x180000f4
100000e4:	a0002022 	.word	0xa0002022
100000e8:	10000100 	.word	0x10000100
100000ec:	e000ed08 	.word	0xe000ed08
	...
100000fc:	7a4eb274 	.word	0x7a4eb274

Disassembly of section .text:

10000100 <__VECTOR_TABLE>:
10000100:	20042000 	.word	0x20042000
10000104:	100001f7 	.word	0x100001f7
10000108:	100001c3 	.word	0x100001c3
1000010c:	100001c5 	.word	0x100001c5
10000110:	100001c1 	.word	0x100001c1
10000114:	100001c1 	.word	0x100001c1
10000118:	100001c1 	.word	0x100001c1
1000011c:	100001c1 	.word	0x100001c1
10000120:	100001c1 	.word	0x100001c1
10000124:	100001c1 	.word	0x100001c1
10000128:	100001c1 	.word	0x100001c1
1000012c:	100001c7 	.word	0x100001c7
10000130:	100001c1 	.word	0x100001c1
10000134:	100001c1 	.word	0x100001c1
10000138:	100001c9 	.word	0x100001c9
1000013c:	100001cb 	.word	0x100001cb
10000140:	100001cd 	.word	0x100001cd
10000144:	100001cd 	.word	0x100001cd
10000148:	100001cd 	.word	0x100001cd
1000014c:	100001cd 	.word	0x100001cd
10000150:	100001cd 	.word	0x100001cd
10000154:	100001cd 	.word	0x100001cd
10000158:	100001cd 	.word	0x100001cd
1000015c:	100001cd 	.word	0x100001cd
10000160:	100001cd 	.word	0x100001cd
10000164:	100001cd 	.word	0x100001cd
10000168:	100001cd 	.word	0x100001cd
1000016c:	100001cd 	.word	0x100001cd
10000170:	100001cd 	.word	0x100001cd
10000174:	100001cd 	.word	0x100001cd
10000178:	100001cd 	.word	0x100001cd
1000017c:	100001cd 	.word	0x100001cd
10000180:	100001cd 	.word	0x100001cd
10000184:	100001cd 	.word	0x100001cd
10000188:	100001cd 	.word	0x100001cd
1000018c:	100001cd 	.word	0x100001cd
10000190:	100001cd 	.word	0x100001cd
10000194:	100001cd 	.word	0x100001cd
10000198:	100001cd 	.word	0x100001cd
1000019c:	100001cd 	.word	0x100001cd
100001a0:	100001cd 	.word	0x100001cd
100001a4:	100001cd 	.word	0x100001cd
100001a8:	100001cd 	.word	0x100001cd
100001ac:	100001cd 	.word	0x100001cd
100001b0:	100001cd 	.word	0x100001cd
100001b4:	100001cd 	.word	0x100001cd
100001b8:	100001cd 	.word	0x100001cd
100001bc:	100001cd 	.word	0x100001cd

100001c0 <isr_invalid>:
100001c0:	be00      	bkpt	0x0000

100001c2 <isr_nmi>:
100001c2:	be00      	bkpt	0x0000

100001c4 <isr_hardfault>:
100001c4:	be00      	bkpt	0x0000

100001c6 <isr_svcall>:
100001c6:	be00      	bkpt	0x0000

100001c8 <isr_pendsv>:
100001c8:	be00      	bkpt	0x0000

100001ca <isr_systick>:
100001ca:	be00      	bkpt	0x0000

100001cc <__unhandled_user_irq>:
100001cc:	f3ef 8005 	mrs	r0, IPSR
100001d0:	3810      	subs	r0, #16

100001d2 <unhandled_user_irq_num_in_r0>:
100001d2:	be00      	bkpt	0x0000

100001d4 <binary_info_header>:
100001d4:	7188ebf2 	.word	0x7188ebf2
100001d8:	100088c4 	.word	0x100088c4
100001dc:	100088f0 	.word	0x100088f0
100001e0:	10000234 	.word	0x10000234
100001e4:	e71aa390 	.word	0xe71aa390

100001e8 <_entry_point>:
100001e8:	2000      	movs	r0, #0
100001ea:	491f      	ldr	r1, [pc, #124]	; (10000268 <hold_non_core0_in_bootrom+0xa>)
100001ec:	6008      	str	r0, [r1, #0]
100001ee:	c806      	ldmia	r0!, {r1, r2}
100001f0:	f381 8808 	msr	MSP, r1
100001f4:	4710      	bx	r2

100001f6 <_reset_handler>:
100001f6:	481d      	ldr	r0, [pc, #116]	; (1000026c <hold_non_core0_in_bootrom+0xe>)
100001f8:	6800      	ldr	r0, [r0, #0]
100001fa:	2800      	cmp	r0, #0
100001fc:	d12f      	bne.n	1000025e <hold_non_core0_in_bootrom>
100001fe:	a40d      	add	r4, pc, #52	; (adr r4, 10000234 <data_cpy_table>)
10000200:	cc0e      	ldmia	r4!, {r1, r2, r3}
10000202:	2900      	cmp	r1, #0
10000204:	d002      	beq.n	1000020c <_reset_handler+0x16>
10000206:	f000 f812 	bl	1000022e <data_cpy>
1000020a:	e7f9      	b.n	10000200 <_reset_handler+0xa>
1000020c:	4918      	ldr	r1, [pc, #96]	; (10000270 <hold_non_core0_in_bootrom+0x12>)
1000020e:	4a19      	ldr	r2, [pc, #100]	; (10000274 <hold_non_core0_in_bootrom+0x16>)
10000210:	2000      	movs	r0, #0
10000212:	e000      	b.n	10000216 <bss_fill_test>

10000214 <bss_fill_loop>:
10000214:	c101      	stmia	r1!, {r0}

10000216 <bss_fill_test>:
10000216:	4291      	cmp	r1, r2
10000218:	d1fc      	bne.n	10000214 <bss_fill_loop>

1000021a <platform_entry>:
1000021a:	4917      	ldr	r1, [pc, #92]	; (10000278 <hold_non_core0_in_bootrom+0x1a>)
1000021c:	4788      	blx	r1
1000021e:	4917      	ldr	r1, [pc, #92]	; (1000027c <hold_non_core0_in_bootrom+0x1e>)
10000220:	4788      	blx	r1
10000222:	4917      	ldr	r1, [pc, #92]	; (10000280 <hold_non_core0_in_bootrom+0x22>)
10000224:	4788      	blx	r1
10000226:	be00      	bkpt	0x0000
10000228:	e7fd      	b.n	10000226 <platform_entry+0xc>

1000022a <data_cpy_loop>:
1000022a:	c901      	ldmia	r1!, {r0}
1000022c:	c201      	stmia	r2!, {r0}

1000022e <data_cpy>:
1000022e:	429a      	cmp	r2, r3
10000230:	d3fb      	bcc.n	1000022a <data_cpy_loop>
10000232:	4770      	bx	lr

10000234 <data_cpy_table>:
10000234:	100088f0 	.word	0x100088f0
10000238:	200000c0 	.word	0x200000c0
1000023c:	20000cd0 	.word	0x20000cd0
10000240:	10009500 	.word	0x10009500
10000244:	20040000 	.word	0x20040000
10000248:	20040000 	.word	0x20040000
1000024c:	10009500 	.word	0x10009500
10000250:	20041000 	.word	0x20041000
10000254:	20041000 	.word	0x20041000
10000258:	00000000 	.word	0x00000000
1000025c:	4770      	bx	lr

1000025e <hold_non_core0_in_bootrom>:
1000025e:	4809      	ldr	r0, [pc, #36]	; (10000284 <hold_non_core0_in_bootrom+0x26>)
10000260:	f003 fabe 	bl	100037e0 <rom_func_lookup>
10000264:	4700      	bx	r0
10000266:	0000      	.short	0x0000
10000268:	e000ed08 	.word	0xe000ed08
1000026c:	d0000000 	.word	0xd0000000
10000270:	20000cd0 	.word	0x20000cd0
10000274:	20001a6c 	.word	0x20001a6c
10000278:	10002569 	.word	0x10002569
1000027c:	10000305 	.word	0x10000305
10000280:	10002525 	.word	0x10002525
10000284:	00005657 	.word	0x00005657

10000288 <__bi_50>:
10000288:	50520006 5360b3ab 100080c0              ..RP..`S....

10000294 <__bi_38>:
10000294:	50520006 02031c86 100080d0              ..RP........

100002a0 <__bi_30>:
100002a0:	50520006 9da22254 100080e8              ..RPT"......

100002ac <__bi_22>:
100002ac:	50520005 68f465de 10009500              ..RP.e.h....

100002b8 <_init>:
100002b8:	b5f8      	push	{r3, r4, r5, r6, r7, lr}
100002ba:	46c0      	nop			; (mov r8, r8)

100002bc <__do_global_dtors_aux>:
100002bc:	b510      	push	{r4, lr}
100002be:	4c06      	ldr	r4, [pc, #24]	; (100002d8 <__do_global_dtors_aux+0x1c>)
100002c0:	7823      	ldrb	r3, [r4, #0]
100002c2:	2b00      	cmp	r3, #0
100002c4:	d107      	bne.n	100002d6 <__do_global_dtors_aux+0x1a>
100002c6:	4b05      	ldr	r3, [pc, #20]	; (100002dc <__do_global_dtors_aux+0x20>)
100002c8:	2b00      	cmp	r3, #0
100002ca:	d002      	beq.n	100002d2 <__do_global_dtors_aux+0x16>
100002cc:	4804      	ldr	r0, [pc, #16]	; (100002e0 <__do_global_dtors_aux+0x24>)
100002ce:	e000      	b.n	100002d2 <__do_global_dtors_aux+0x16>
100002d0:	bf00      	nop
100002d2:	2301      	movs	r3, #1
100002d4:	7023      	strb	r3, [r4, #0]
100002d6:	bd10      	pop	{r4, pc}
100002d8:	20000dd8 	.word	0x20000dd8
100002dc:	00000000 	.word	0x00000000
100002e0:	10006fb0 	.word	0x10006fb0

100002e4 <frame_dummy>:
100002e4:	4b04      	ldr	r3, [pc, #16]	; (100002f8 <frame_dummy+0x14>)
100002e6:	b510      	push	{r4, lr}
100002e8:	2b00      	cmp	r3, #0
100002ea:	d003      	beq.n	100002f4 <frame_dummy+0x10>
100002ec:	4903      	ldr	r1, [pc, #12]	; (100002fc <frame_dummy+0x18>)
100002ee:	4804      	ldr	r0, [pc, #16]	; (10000300 <frame_dummy+0x1c>)
100002f0:	e000      	b.n	100002f4 <frame_dummy+0x10>
100002f2:	bf00      	nop
100002f4:	bd10      	pop	{r4, pc}
100002f6:	46c0      	nop			; (mov r8, r8)
100002f8:	00000000 	.word	0x00000000
100002fc:	20000ddc 	.word	0x20000ddc
10000300:	10006fb0 	.word	0x10006fb0

10000304 <main>:
10000304:	b570      	push	{r4, r5, r6, lr}
10000306:	b08c      	sub	sp, #48	; 0x30
10000308:	f004 f82a 	bl	10004360 <stdio_init_all>
1000030c:	4d3c      	ldr	r5, [pc, #240]	; (10000400 <main+0xfc>)
1000030e:	493d      	ldr	r1, [pc, #244]	; (10000404 <main+0x100>)
10000310:	0028      	movs	r0, r5
10000312:	f006 fccd 	bl	10006cb0 <pio_add_program>
10000316:	2300      	movs	r3, #0
10000318:	9300      	str	r3, [sp, #0]
1000031a:	3302      	adds	r3, #2
1000031c:	220a      	movs	r2, #10
1000031e:	2100      	movs	r1, #0
10000320:	0028      	movs	r0, r5
10000322:	f006 fce1 	bl	10006ce8 <pio_sm_set_consecutive_pindirs>
10000326:	2200      	movs	r2, #0
10000328:	2101      	movs	r1, #1
1000032a:	200a      	movs	r0, #10
1000032c:	f000 f890 	bl	10000450 <gpio_set_pulls>
10000330:	2200      	movs	r2, #0
10000332:	2101      	movs	r1, #1
10000334:	200b      	movs	r0, #11
10000336:	f000 f88b 	bl	10000450 <gpio_set_pulls>
1000033a:	2210      	movs	r2, #16
1000033c:	2100      	movs	r1, #0
1000033e:	a808      	add	r0, sp, #32
10000340:	f003 fea4 	bl	1000408c <__wrap_memset>
10000344:	2680      	movs	r6, #128	; 0x80
10000346:	0276      	lsls	r6, r6, #9
10000348:	9608      	str	r6, [sp, #32]
1000034a:	23f8      	movs	r3, #248	; 0xf8
1000034c:	025b      	lsls	r3, r3, #9
1000034e:	9309      	str	r3, [sp, #36]	; 0x24
10000350:	2380      	movs	r3, #128	; 0x80
10000352:	02db      	lsls	r3, r3, #11
10000354:	930a      	str	r3, [sp, #40]	; 0x28
10000356:	23c0      	movs	r3, #192	; 0xc0
10000358:	031b      	lsls	r3, r3, #12
1000035a:	930a      	str	r3, [sp, #40]	; 0x28
1000035c:	2210      	movs	r2, #16
1000035e:	a908      	add	r1, sp, #32
10000360:	a804      	add	r0, sp, #16
10000362:	f003 fe99 	bl	10004098 <__wrap___aeabi_memcpy>
10000366:	9b05      	ldr	r3, [sp, #20]
10000368:	9303      	str	r3, [sp, #12]
1000036a:	4a27      	ldr	r2, [pc, #156]	; (10000408 <main+0x104>)
1000036c:	401a      	ands	r2, r3
1000036e:	4b27      	ldr	r3, [pc, #156]	; (1000040c <main+0x108>)
10000370:	4313      	orrs	r3, r2
10000372:	9305      	str	r3, [sp, #20]
10000374:	2210      	movs	r2, #16
10000376:	a904      	add	r1, sp, #16
10000378:	a808      	add	r0, sp, #32
1000037a:	f003 fe8d 	bl	10004098 <__wrap___aeabi_memcpy>
1000037e:	9b0b      	ldr	r3, [sp, #44]	; 0x2c
10000380:	9303      	str	r3, [sp, #12]
10000382:	4a23      	ldr	r2, [pc, #140]	; (10000410 <main+0x10c>)
10000384:	401a      	ands	r2, r3
10000386:	23a0      	movs	r3, #160	; 0xa0
10000388:	02db      	lsls	r3, r3, #11
1000038a:	4313      	orrs	r3, r2
1000038c:	930b      	str	r3, [sp, #44]	; 0x2c
1000038e:	9b09      	ldr	r3, [sp, #36]	; 0x24
10000390:	9303      	str	r3, [sp, #12]
10000392:	4a20      	ldr	r2, [pc, #128]	; (10000414 <main+0x110>)
10000394:	401a      	ands	r2, r3
10000396:	23a0      	movs	r3, #160	; 0xa0
10000398:	051b      	lsls	r3, r3, #20
1000039a:	4313      	orrs	r3, r2
1000039c:	9309      	str	r3, [sp, #36]	; 0x24
1000039e:	9b0a      	ldr	r3, [sp, #40]	; 0x28
100003a0:	9303      	str	r3, [sp, #12]
100003a2:	4b1d      	ldr	r3, [pc, #116]	; (10000418 <main+0x114>)
100003a4:	9a03      	ldr	r2, [sp, #12]
100003a6:	4013      	ands	r3, r2
100003a8:	930a      	str	r3, [sp, #40]	; 0x28
100003aa:	009b      	lsls	r3, r3, #2
100003ac:	089b      	lsrs	r3, r3, #2
100003ae:	930a      	str	r3, [sp, #40]	; 0x28
100003b0:	9608      	str	r6, [sp, #32]
100003b2:	ab08      	add	r3, sp, #32
100003b4:	2200      	movs	r2, #0
100003b6:	2100      	movs	r1, #0
100003b8:	0028      	movs	r0, r5
100003ba:	f006 fce7 	bl	10006d8c <pio_sm_init>
100003be:	682b      	ldr	r3, [r5, #0]
100003c0:	2201      	movs	r2, #1
100003c2:	4393      	bics	r3, r2
100003c4:	4313      	orrs	r3, r2
100003c6:	602b      	str	r3, [r5, #0]
100003c8:	2200      	movs	r2, #0
100003ca:	e008      	b.n	100003de <main+0xda>
100003cc:	1aa2      	subs	r2, r4, r2
100003ce:	0021      	movs	r1, r4
100003d0:	4812      	ldr	r0, [pc, #72]	; (1000041c <main+0x118>)
100003d2:	f003 ffb9 	bl	10004348 <__wrap_printf>
100003d6:	2064      	movs	r0, #100	; 0x64
100003d8:	f001 f9c0 	bl	1000175c <sleep_ms>
100003dc:	0022      	movs	r2, r4
100003de:	4b08      	ldr	r3, [pc, #32]	; (10000400 <main+0xfc>)
100003e0:	68db      	ldr	r3, [r3, #12]
100003e2:	091b      	lsrs	r3, r3, #4
100003e4:	210f      	movs	r1, #15
100003e6:	4019      	ands	r1, r3
100003e8:	3101      	adds	r1, #1
100003ea:	2900      	cmp	r1, #0
100003ec:	ddee      	ble.n	100003cc <main+0xc8>
100003ee:	4b04      	ldr	r3, [pc, #16]	; (10000400 <main+0xfc>)
100003f0:	685b      	ldr	r3, [r3, #4]
100003f2:	05db      	lsls	r3, r3, #23
100003f4:	d4fb      	bmi.n	100003ee <main+0xea>
100003f6:	4b02      	ldr	r3, [pc, #8]	; (10000400 <main+0xfc>)
100003f8:	6a1c      	ldr	r4, [r3, #32]
100003fa:	3901      	subs	r1, #1
100003fc:	e7f5      	b.n	100003ea <main+0xe6>
100003fe:	46c0      	nop			; (mov r8, r8)
10000400:	50200000 	.word	0x50200000
10000404:	10006fcc 	.word	0x10006fcc
10000408:	fffe007f 	.word	0xfffe007f
1000040c:	00017780 	.word	0x00017780
10000410:	fff07fff 	.word	0xfff07fff
10000414:	e0ffffff 	.word	0xe0ffffff
10000418:	fe0affff 	.word	0xfe0affff
1000041c:	10006fb0 	.word	0x10006fb0

10000420 <gpio_set_function>:
10000420:	b510      	push	{r4, lr}
10000422:	0083      	lsls	r3, r0, #2
10000424:	4a08      	ldr	r2, [pc, #32]	; (10000448 <gpio_set_function+0x28>)
10000426:	4694      	mov	ip, r2
10000428:	4463      	add	r3, ip
1000042a:	681c      	ldr	r4, [r3, #0]
1000042c:	2240      	movs	r2, #64	; 0x40
1000042e:	4062      	eors	r2, r4
10000430:	24c0      	movs	r4, #192	; 0xc0
10000432:	4014      	ands	r4, r2
10000434:	2280      	movs	r2, #128	; 0x80
10000436:	0152      	lsls	r2, r2, #5
10000438:	4313      	orrs	r3, r2
1000043a:	601c      	str	r4, [r3, #0]
1000043c:	00c0      	lsls	r0, r0, #3
1000043e:	4b03      	ldr	r3, [pc, #12]	; (1000044c <gpio_set_function+0x2c>)
10000440:	469c      	mov	ip, r3
10000442:	4460      	add	r0, ip
10000444:	6041      	str	r1, [r0, #4]
10000446:	bd10      	pop	{r4, pc}
10000448:	4001c004 	.word	0x4001c004
1000044c:	40014000 	.word	0x40014000

10000450 <gpio_set_pulls>:
10000450:	0080      	lsls	r0, r0, #2
10000452:	4b0b      	ldr	r3, [pc, #44]	; (10000480 <gpio_set_pulls+0x30>)
10000454:	469c      	mov	ip, r3
10000456:	4460      	add	r0, ip
10000458:	2900      	cmp	r1, #0
1000045a:	d00d      	beq.n	10000478 <gpio_set_pulls+0x28>
1000045c:	2308      	movs	r3, #8
1000045e:	2a00      	cmp	r2, #0
10000460:	d00c      	beq.n	1000047c <gpio_set_pulls+0x2c>
10000462:	2204      	movs	r2, #4
10000464:	4313      	orrs	r3, r2
10000466:	6802      	ldr	r2, [r0, #0]
10000468:	4053      	eors	r3, r2
1000046a:	220c      	movs	r2, #12
1000046c:	4013      	ands	r3, r2
1000046e:	2280      	movs	r2, #128	; 0x80
10000470:	0152      	lsls	r2, r2, #5
10000472:	4310      	orrs	r0, r2
10000474:	6003      	str	r3, [r0, #0]
10000476:	4770      	bx	lr
10000478:	2300      	movs	r3, #0
1000047a:	e7f0      	b.n	1000045e <gpio_set_pulls+0xe>
1000047c:	2200      	movs	r2, #0
1000047e:	e7f1      	b.n	10000464 <gpio_set_pulls+0x14>
10000480:	4001c004 	.word	0x4001c004

10000484 <running_on_fpga>:
10000484:	4b03      	ldr	r3, [pc, #12]	; (10000494 <running_on_fpga+0x10>)
10000486:	681b      	ldr	r3, [r3, #0]
10000488:	2002      	movs	r0, #2
1000048a:	4018      	ands	r0, r3
1000048c:	1e43      	subs	r3, r0, #1
1000048e:	4198      	sbcs	r0, r3
10000490:	b2c0      	uxtb	r0, r0
10000492:	4770      	bx	lr
10000494:	4006c000 	.word	0x4006c000

10000498 <hw_claim_lock>:
10000498:	f3ef 8010 	mrs	r0, PRIMASK
1000049c:	b672      	cpsid	i
1000049e:	4b03      	ldr	r3, [pc, #12]	; (100004ac <hw_claim_lock+0x14>)
100004a0:	681b      	ldr	r3, [r3, #0]
100004a2:	2b00      	cmp	r3, #0
100004a4:	d0fb      	beq.n	1000049e <hw_claim_lock+0x6>
100004a6:	f3bf 8f5f 	dmb	sy
100004aa:	4770      	bx	lr
100004ac:	d000012c 	.word	0xd000012c

100004b0 <hw_claim_unlock>:
100004b0:	f3bf 8f5f 	dmb	sy
100004b4:	4b02      	ldr	r3, [pc, #8]	; (100004c0 <hw_claim_unlock+0x10>)
100004b6:	2200      	movs	r2, #0
100004b8:	601a      	str	r2, [r3, #0]
100004ba:	f380 8810 	msr	PRIMASK, r0
100004be:	4770      	bx	lr
100004c0:	d000012c 	.word	0xd000012c

100004c4 <hw_claim_or_assert>:
100004c4:	b5f8      	push	{r3, r4, r5, r6, r7, lr}
100004c6:	0006      	movs	r6, r0
100004c8:	000c      	movs	r4, r1
100004ca:	0015      	movs	r5, r2
100004cc:	f7ff ffe4 	bl	10000498 <hw_claim_lock>
100004d0:	08e3      	lsrs	r3, r4, #3
100004d2:	18f7      	adds	r7, r6, r3
100004d4:	5cf1      	ldrb	r1, [r6, r3]
100004d6:	2207      	movs	r2, #7
100004d8:	4022      	ands	r2, r4
100004da:	2301      	movs	r3, #1
100004dc:	4093      	lsls	r3, r2
100004de:	420b      	tst	r3, r1
100004e0:	d105      	bne.n	100004ee <hw_claim_or_assert+0x2a>
100004e2:	b2db      	uxtb	r3, r3
100004e4:	430b      	orrs	r3, r1
100004e6:	703b      	strb	r3, [r7, #0]
100004e8:	f7ff ffe2 	bl	100004b0 <hw_claim_unlock>
100004ec:	bdf8      	pop	{r3, r4, r5, r6, r7, pc}
100004ee:	0021      	movs	r1, r4
100004f0:	0028      	movs	r0, r5
100004f2:	f002 f8b5 	bl	10002660 <panic>

100004f6 <hw_claim_unused_from_range>:
100004f6:	b5f0      	push	{r4, r5, r6, r7, lr}
100004f8:	b083      	sub	sp, #12
100004fa:	0006      	movs	r6, r0
100004fc:	9101      	str	r1, [sp, #4]
100004fe:	0014      	movs	r4, r2
10000500:	001f      	movs	r7, r3
10000502:	f7ff ffc9 	bl	10000498 <hw_claim_lock>
10000506:	e000      	b.n	1000050a <hw_claim_unused_from_range+0x14>
10000508:	3401      	adds	r4, #1
1000050a:	42bc      	cmp	r4, r7
1000050c:	d80c      	bhi.n	10000528 <hw_claim_unused_from_range+0x32>
1000050e:	08e3      	lsrs	r3, r4, #3
10000510:	18f5      	adds	r5, r6, r3
10000512:	5cf3      	ldrb	r3, [r6, r3]
10000514:	2107      	movs	r1, #7
10000516:	4021      	ands	r1, r4
10000518:	2201      	movs	r2, #1
1000051a:	408a      	lsls	r2, r1
1000051c:	421a      	tst	r2, r3
1000051e:	d1f3      	bne.n	10000508 <hw_claim_unused_from_range+0x12>
10000520:	b2d2      	uxtb	r2, r2
10000522:	431a      	orrs	r2, r3
10000524:	702a      	strb	r2, [r5, #0]
10000526:	e001      	b.n	1000052c <hw_claim_unused_from_range+0x36>
10000528:	2401      	movs	r4, #1
1000052a:	4264      	negs	r4, r4
1000052c:	f7ff ffc0 	bl	100004b0 <hw_claim_unlock>
10000530:	2c00      	cmp	r4, #0
10000532:	db02      	blt.n	1000053a <hw_claim_unused_from_range+0x44>
10000534:	0020      	movs	r0, r4
10000536:	b003      	add	sp, #12
10000538:	bdf0      	pop	{r4, r5, r6, r7, pc}
1000053a:	9b01      	ldr	r3, [sp, #4]
1000053c:	2b00      	cmp	r3, #0
1000053e:	d0f9      	beq.n	10000534 <hw_claim_unused_from_range+0x3e>
10000540:	9808      	ldr	r0, [sp, #32]
10000542:	f002 f88d 	bl	10002660 <panic>
	...

10000548 <spin_locks_reset>:
10000548:	2300      	movs	r3, #0
1000054a:	e007      	b.n	1000055c <spin_locks_reset+0x14>
1000054c:	4a05      	ldr	r2, [pc, #20]	; (10000564 <spin_locks_reset+0x1c>)
1000054e:	189a      	adds	r2, r3, r2
10000550:	0092      	lsls	r2, r2, #2
10000552:	f3bf 8f5f 	dmb	sy
10000556:	2100      	movs	r1, #0
10000558:	6011      	str	r1, [r2, #0]
1000055a:	3301      	adds	r3, #1
1000055c:	2b1f      	cmp	r3, #31
1000055e:	d9f5      	bls.n	1000054c <spin_locks_reset+0x4>
10000560:	4770      	bx	lr
10000562:	46c0      	nop			; (mov r8, r8)
10000564:	34000040 	.word	0x34000040

10000568 <next_striped_spin_lock_num>:
10000568:	4a05      	ldr	r2, [pc, #20]	; (10000580 <next_striped_spin_lock_num+0x18>)
1000056a:	7810      	ldrb	r0, [r2, #0]
1000056c:	1c43      	adds	r3, r0, #1
1000056e:	b2db      	uxtb	r3, r3
10000570:	7013      	strb	r3, [r2, #0]
10000572:	2b17      	cmp	r3, #23
10000574:	d902      	bls.n	1000057c <next_striped_spin_lock_num+0x14>
10000576:	0013      	movs	r3, r2
10000578:	2210      	movs	r2, #16
1000057a:	701a      	strb	r2, [r3, #0]
1000057c:	4770      	bx	lr
1000057e:	46c0      	nop			; (mov r8, r8)
10000580:	20000bb0 	.word	0x20000bb0

10000584 <spin_lock_claim_unused>:
10000584:	b500      	push	{lr}
10000586:	b083      	sub	sp, #12
10000588:	0001      	movs	r1, r0
1000058a:	4b04      	ldr	r3, [pc, #16]	; (1000059c <spin_lock_claim_unused+0x18>)
1000058c:	9300      	str	r3, [sp, #0]
1000058e:	231f      	movs	r3, #31
10000590:	2218      	movs	r2, #24
10000592:	4803      	ldr	r0, [pc, #12]	; (100005a0 <spin_lock_claim_unused+0x1c>)
10000594:	f7ff ffaf 	bl	100004f6 <hw_claim_unused_from_range>
10000598:	b003      	add	sp, #12
1000059a:	bd00      	pop	{pc}
1000059c:	10007004 	.word	0x10007004
100005a0:	20001360 	.word	0x20001360

100005a4 <set_raw_irq_handler_and_unlock>:
100005a4:	4b07      	ldr	r3, [pc, #28]	; (100005c4 <set_raw_irq_handler_and_unlock+0x20>)
100005a6:	689b      	ldr	r3, [r3, #8]
100005a8:	3010      	adds	r0, #16
100005aa:	0080      	lsls	r0, r0, #2
100005ac:	5019      	str	r1, [r3, r0]
100005ae:	f3bf 8f5f 	dmb	sy
100005b2:	f3bf 8f5f 	dmb	sy
100005b6:	4b04      	ldr	r3, [pc, #16]	; (100005c8 <set_raw_irq_handler_and_unlock+0x24>)
100005b8:	2100      	movs	r1, #0
100005ba:	6019      	str	r1, [r3, #0]
100005bc:	f382 8810 	msr	PRIMASK, r2
100005c0:	4770      	bx	lr
100005c2:	46c0      	nop			; (mov r8, r8)
100005c4:	e000ed00 	.word	0xe000ed00
100005c8:	d0000124 	.word	0xd0000124

100005cc <make_branch>:
100005cc:	b510      	push	{r4, lr}
100005ce:	1a09      	subs	r1, r1, r0
100005d0:	1f08      	subs	r0, r1, #4
100005d2:	4b0a      	ldr	r3, [pc, #40]	; (100005fc <make_branch+0x30>)
100005d4:	469c      	mov	ip, r3
100005d6:	4461      	add	r1, ip
100005d8:	4a09      	ldr	r2, [pc, #36]	; (10000600 <make_branch+0x34>)
100005da:	4291      	cmp	r1, r2
100005dc:	d808      	bhi.n	100005f0 <make_branch+0x24>
100005de:	07c3      	lsls	r3, r0, #31
100005e0:	d406      	bmi.n	100005f0 <make_branch+0x24>
100005e2:	1040      	asrs	r0, r0, #1
100005e4:	0540      	lsls	r0, r0, #21
100005e6:	0d40      	lsrs	r0, r0, #21
100005e8:	4b06      	ldr	r3, [pc, #24]	; (10000604 <make_branch+0x38>)
100005ea:	4318      	orrs	r0, r3
100005ec:	b280      	uxth	r0, r0
100005ee:	bd10      	pop	{r4, pc}
100005f0:	4b05      	ldr	r3, [pc, #20]	; (10000608 <make_branch+0x3c>)
100005f2:	4a06      	ldr	r2, [pc, #24]	; (1000060c <make_branch+0x40>)
100005f4:	21a3      	movs	r1, #163	; 0xa3
100005f6:	4806      	ldr	r0, [pc, #24]	; (10000610 <make_branch+0x44>)
100005f8:	f001 ff98 	bl	1000252c <__assert_func>
100005fc:	000007fc 	.word	0x000007fc
10000600:	00000ffe 	.word	0x00000ffe
10000604:	ffffe000 	.word	0xffffe000
10000608:	10007020 	.word	0x10007020
1000060c:	100072ac 	.word	0x100072ac
10000610:	10007050 	.word	0x10007050

10000614 <insert_branch_and_link>:
10000614:	b510      	push	{r4, lr}
10000616:	1a09      	subs	r1, r1, r0
10000618:	3904      	subs	r1, #4
1000061a:	084c      	lsrs	r4, r1, #1
1000061c:	0b09      	lsrs	r1, r1, #12
1000061e:	d108      	bne.n	10000632 <insert_branch_and_link+0x1e>
10000620:	0549      	lsls	r1, r1, #21
10000622:	0d49      	lsrs	r1, r1, #21
10000624:	4a06      	ldr	r2, [pc, #24]	; (10000640 <insert_branch_and_link+0x2c>)
10000626:	4311      	orrs	r1, r2
10000628:	8001      	strh	r1, [r0, #0]
1000062a:	4b06      	ldr	r3, [pc, #24]	; (10000644 <insert_branch_and_link+0x30>)
1000062c:	4323      	orrs	r3, r4
1000062e:	8043      	strh	r3, [r0, #2]
10000630:	bd10      	pop	{r4, pc}
10000632:	4b05      	ldr	r3, [pc, #20]	; (10000648 <insert_branch_and_link+0x34>)
10000634:	4a05      	ldr	r2, [pc, #20]	; (1000064c <insert_branch_and_link+0x38>)
10000636:	21ab      	movs	r1, #171	; 0xab
10000638:	4805      	ldr	r0, [pc, #20]	; (10000650 <insert_branch_and_link+0x3c>)
1000063a:	f001 ff77 	bl	1000252c <__assert_func>
1000063e:	46c0      	nop			; (mov r8, r8)
10000640:	fffff000 	.word	0xfffff000
10000644:	fffff800 	.word	0xfffff800
10000648:	100070ac 	.word	0x100070ac
1000064c:	10007280 	.word	0x10007280
10000650:	10007050 	.word	0x10007050

10000654 <irq_is_enabled>:
10000654:	2301      	movs	r3, #1
10000656:	4083      	lsls	r3, r0
10000658:	4a03      	ldr	r2, [pc, #12]	; (10000668 <irq_is_enabled+0x14>)
1000065a:	6810      	ldr	r0, [r2, #0]
1000065c:	4018      	ands	r0, r3
1000065e:	1e43      	subs	r3, r0, #1
10000660:	4198      	sbcs	r0, r3
10000662:	b2c0      	uxtb	r0, r0
10000664:	4770      	bx	lr
10000666:	46c0      	nop			; (mov r8, r8)
10000668:	e000e100 	.word	0xe000e100

1000066c <irq_set_mask_enabled>:
1000066c:	2900      	cmp	r1, #0
1000066e:	d004      	beq.n	1000067a <irq_set_mask_enabled+0xe>
10000670:	4b03      	ldr	r3, [pc, #12]	; (10000680 <irq_set_mask_enabled+0x14>)
10000672:	6018      	str	r0, [r3, #0]
10000674:	4b03      	ldr	r3, [pc, #12]	; (10000684 <irq_set_mask_enabled+0x18>)
10000676:	6018      	str	r0, [r3, #0]
10000678:	4770      	bx	lr
1000067a:	4b03      	ldr	r3, [pc, #12]	; (10000688 <irq_set_mask_enabled+0x1c>)
1000067c:	6018      	str	r0, [r3, #0]
1000067e:	e7fb      	b.n	10000678 <irq_set_mask_enabled+0xc>
10000680:	e000e280 	.word	0xe000e280
10000684:	e000e100 	.word	0xe000e100
10000688:	e000e180 	.word	0xe000e180

1000068c <irq_set_enabled>:
1000068c:	b510      	push	{r4, lr}
1000068e:	2301      	movs	r3, #1
10000690:	4083      	lsls	r3, r0
10000692:	0018      	movs	r0, r3
10000694:	f7ff ffea 	bl	1000066c <irq_set_mask_enabled>
10000698:	bd10      	pop	{r4, pc}
	...

1000069c <irq_set_pending>:
1000069c:	2301      	movs	r3, #1
1000069e:	4083      	lsls	r3, r0
100006a0:	4a01      	ldr	r2, [pc, #4]	; (100006a8 <irq_set_pending+0xc>)
100006a2:	6013      	str	r3, [r2, #0]
100006a4:	4770      	bx	lr
100006a6:	46c0      	nop			; (mov r8, r8)
100006a8:	e000e200 	.word	0xe000e200

100006ac <irq_get_vtable_handler>:
100006ac:	4b02      	ldr	r3, [pc, #8]	; (100006b8 <irq_get_vtable_handler+0xc>)
100006ae:	689b      	ldr	r3, [r3, #8]
100006b0:	3010      	adds	r0, #16
100006b2:	0080      	lsls	r0, r0, #2
100006b4:	58c0      	ldr	r0, [r0, r3]
100006b6:	4770      	bx	lr
100006b8:	e000ed00 	.word	0xe000ed00

100006bc <irq_has_shared_handler>:
100006bc:	b510      	push	{r4, lr}
100006be:	f7ff fff5 	bl	100006ac <irq_get_vtable_handler>
100006c2:	2800      	cmp	r0, #0
100006c4:	d005      	beq.n	100006d2 <irq_has_shared_handler+0x16>
100006c6:	4b05      	ldr	r3, [pc, #20]	; (100006dc <irq_has_shared_handler+0x20>)
100006c8:	1ac0      	subs	r0, r0, r3
100006ca:	282f      	cmp	r0, #47	; 0x2f
100006cc:	d803      	bhi.n	100006d6 <irq_has_shared_handler+0x1a>
100006ce:	2001      	movs	r0, #1
100006d0:	bd10      	pop	{r4, pc}
100006d2:	2000      	movs	r0, #0
100006d4:	e7fc      	b.n	100006d0 <irq_has_shared_handler+0x14>
100006d6:	2000      	movs	r0, #0
100006d8:	e7fa      	b.n	100006d0 <irq_has_shared_handler+0x14>
100006da:	46c0      	nop			; (mov r8, r8)
100006dc:	20000bb4 	.word	0x20000bb4

100006e0 <irq_set_exclusive_handler>:
100006e0:	b570      	push	{r4, r5, r6, lr}
100006e2:	0004      	movs	r4, r0
100006e4:	000d      	movs	r5, r1
100006e6:	f3ef 8610 	mrs	r6, PRIMASK
100006ea:	b672      	cpsid	i
100006ec:	4b0c      	ldr	r3, [pc, #48]	; (10000720 <irq_set_exclusive_handler+0x40>)
100006ee:	681b      	ldr	r3, [r3, #0]
100006f0:	2b00      	cmp	r3, #0
100006f2:	d0fb      	beq.n	100006ec <irq_set_exclusive_handler+0xc>
100006f4:	f3bf 8f5f 	dmb	sy
100006f8:	0020      	movs	r0, r4
100006fa:	f7ff ffd7 	bl	100006ac <irq_get_vtable_handler>
100006fe:	4b09      	ldr	r3, [pc, #36]	; (10000724 <irq_set_exclusive_handler+0x44>)
10000700:	4298      	cmp	r0, r3
10000702:	d001      	beq.n	10000708 <irq_set_exclusive_handler+0x28>
10000704:	42a8      	cmp	r0, r5
10000706:	d105      	bne.n	10000714 <irq_set_exclusive_handler+0x34>
10000708:	0032      	movs	r2, r6
1000070a:	0029      	movs	r1, r5
1000070c:	0020      	movs	r0, r4
1000070e:	f7ff ff49 	bl	100005a4 <set_raw_irq_handler_and_unlock>
10000712:	bd70      	pop	{r4, r5, r6, pc}
10000714:	4b04      	ldr	r3, [pc, #16]	; (10000728 <irq_set_exclusive_handler+0x48>)
10000716:	4a05      	ldr	r2, [pc, #20]	; (1000072c <irq_set_exclusive_handler+0x4c>)
10000718:	2186      	movs	r1, #134	; 0x86
1000071a:	4805      	ldr	r0, [pc, #20]	; (10000730 <irq_set_exclusive_handler+0x50>)
1000071c:	f001 ff06 	bl	1000252c <__assert_func>
10000720:	d0000124 	.word	0xd0000124
10000724:	100001cd 	.word	0x100001cd
10000728:	100070bc 	.word	0x100070bc
1000072c:	100072e0 	.word	0x100072e0
10000730:	10007050 	.word	0x10007050

10000734 <irq_add_shared_handler>:
10000734:	b5f0      	push	{r4, r5, r6, r7, lr}
10000736:	46de      	mov	lr, fp
10000738:	4657      	mov	r7, sl
1000073a:	464e      	mov	r6, r9
1000073c:	4645      	mov	r5, r8
1000073e:	b5e0      	push	{r5, r6, r7, lr}
10000740:	b089      	sub	sp, #36	; 0x24
10000742:	4681      	mov	r9, r0
10000744:	9101      	str	r1, [sp, #4]
10000746:	0015      	movs	r5, r2
10000748:	f3ef 8a10 	mrs	sl, PRIMASK
1000074c:	b672      	cpsid	i
1000074e:	4b74      	ldr	r3, [pc, #464]	; (10000920 <irq_add_shared_handler+0x1ec>)
10000750:	681b      	ldr	r3, [r3, #0]
10000752:	2b00      	cmp	r3, #0
10000754:	d0fb      	beq.n	1000074e <irq_add_shared_handler+0x1a>
10000756:	f3bf 8f5f 	dmb	sy
1000075a:	4b72      	ldr	r3, [pc, #456]	; (10000924 <irq_add_shared_handler+0x1f0>)
1000075c:	2700      	movs	r7, #0
1000075e:	57df      	ldrsb	r7, [r3, r7]
10000760:	2f00      	cmp	r7, #0
10000762:	db40      	blt.n	100007e6 <irq_add_shared_handler+0xb2>
10000764:	007c      	lsls	r4, r7, #1
10000766:	19e4      	adds	r4, r4, r7
10000768:	00a4      	lsls	r4, r4, #2
1000076a:	486f      	ldr	r0, [pc, #444]	; (10000928 <irq_add_shared_handler+0x1f4>)
1000076c:	1824      	adds	r4, r4, r0
1000076e:	2206      	movs	r2, #6
10000770:	56a2      	ldrsb	r2, [r4, r2]
10000772:	4b6c      	ldr	r3, [pc, #432]	; (10000924 <irq_add_shared_handler+0x1f0>)
10000774:	701a      	strb	r2, [r3, #0]
10000776:	4b6d      	ldr	r3, [pc, #436]	; (1000092c <irq_add_shared_handler+0x1f8>)
10000778:	689a      	ldr	r2, [r3, #8]
1000077a:	464b      	mov	r3, r9
1000077c:	3310      	adds	r3, #16
1000077e:	009b      	lsls	r3, r3, #2
10000780:	58d3      	ldr	r3, [r2, r3]
10000782:	4698      	mov	r8, r3
10000784:	001e      	movs	r6, r3
10000786:	1a1b      	subs	r3, r3, r0
10000788:	2b2f      	cmp	r3, #47	; 0x2f
1000078a:	d938      	bls.n	100007fe <irq_add_shared_handler+0xca>
1000078c:	4b68      	ldr	r3, [pc, #416]	; (10000930 <irq_add_shared_handler+0x1fc>)
1000078e:	4598      	cmp	r8, r3
10000790:	d12f      	bne.n	100007f2 <irq_add_shared_handler+0xbe>
10000792:	ae05      	add	r6, sp, #20
10000794:	4b67      	ldr	r3, [pc, #412]	; (10000934 <irq_add_shared_handler+0x200>)
10000796:	8033      	strh	r3, [r6, #0]
10000798:	007b      	lsls	r3, r7, #1
1000079a:	469b      	mov	fp, r3
1000079c:	19d8      	adds	r0, r3, r7
1000079e:	0080      	lsls	r0, r0, #2
100007a0:	4b61      	ldr	r3, [pc, #388]	; (10000928 <irq_add_shared_handler+0x1f4>)
100007a2:	4698      	mov	r8, r3
100007a4:	4440      	add	r0, r8
100007a6:	3002      	adds	r0, #2
100007a8:	4963      	ldr	r1, [pc, #396]	; (10000938 <irq_add_shared_handler+0x204>)
100007aa:	f7ff ff0f 	bl	100005cc <make_branch>
100007ae:	8070      	strh	r0, [r6, #2]
100007b0:	4b62      	ldr	r3, [pc, #392]	; (1000093c <irq_add_shared_handler+0x208>)
100007b2:	80b3      	strh	r3, [r6, #4]
100007b4:	23ff      	movs	r3, #255	; 0xff
100007b6:	71b3      	strb	r3, [r6, #6]
100007b8:	71f5      	strb	r5, [r6, #7]
100007ba:	9b01      	ldr	r3, [sp, #4]
100007bc:	9307      	str	r3, [sp, #28]
100007be:	445f      	add	r7, fp
100007c0:	00bf      	lsls	r7, r7, #2
100007c2:	4447      	add	r7, r8
100007c4:	ce0e      	ldmia	r6!, {r1, r2, r3}
100007c6:	c70e      	stmia	r7!, {r1, r2, r3}
100007c8:	2301      	movs	r3, #1
100007ca:	431c      	orrs	r4, r3
100007cc:	46a0      	mov	r8, r4
100007ce:	4652      	mov	r2, sl
100007d0:	4641      	mov	r1, r8
100007d2:	4648      	mov	r0, r9
100007d4:	f7ff fee6 	bl	100005a4 <set_raw_irq_handler_and_unlock>
100007d8:	b009      	add	sp, #36	; 0x24
100007da:	bcf0      	pop	{r4, r5, r6, r7}
100007dc:	46bb      	mov	fp, r7
100007de:	46b2      	mov	sl, r6
100007e0:	46a9      	mov	r9, r5
100007e2:	46a0      	mov	r8, r4
100007e4:	bdf0      	pop	{r4, r5, r6, r7, pc}
100007e6:	4b56      	ldr	r3, [pc, #344]	; (10000940 <irq_add_shared_handler+0x20c>)
100007e8:	4a56      	ldr	r2, [pc, #344]	; (10000944 <irq_add_shared_handler+0x210>)
100007ea:	21d7      	movs	r1, #215	; 0xd7
100007ec:	4856      	ldr	r0, [pc, #344]	; (10000948 <irq_add_shared_handler+0x214>)
100007ee:	f001 fe9d 	bl	1000252c <__assert_func>
100007f2:	4b56      	ldr	r3, [pc, #344]	; (1000094c <irq_add_shared_handler+0x218>)
100007f4:	4a53      	ldr	r2, [pc, #332]	; (10000944 <irq_add_shared_handler+0x210>)
100007f6:	21de      	movs	r1, #222	; 0xde
100007f8:	4853      	ldr	r0, [pc, #332]	; (10000948 <irq_add_shared_handler+0x214>)
100007fa:	f001 fe97 	bl	1000252c <__assert_func>
100007fe:	43c0      	mvns	r0, r0
10000800:	4440      	add	r0, r8
10000802:	210c      	movs	r1, #12
10000804:	f003 f840 	bl	10003888 <__wrap___aeabi_uidiv>
10000808:	2900      	cmp	r1, #0
1000080a:	d112      	bne.n	10000832 <irq_add_shared_handler+0xfe>
1000080c:	2301      	movs	r3, #1
1000080e:	439e      	bics	r6, r3
10000810:	46b3      	mov	fp, r6
10000812:	0033      	movs	r3, r6
10000814:	2600      	movs	r6, #0
10000816:	79da      	ldrb	r2, [r3, #7]
10000818:	42aa      	cmp	r2, r5
1000081a:	d911      	bls.n	10000840 <irq_add_shared_handler+0x10c>
1000081c:	2106      	movs	r1, #6
1000081e:	5659      	ldrsb	r1, [r3, r1]
10000820:	2900      	cmp	r1, #0
10000822:	db0c      	blt.n	1000083e <irq_add_shared_handler+0x10a>
10000824:	004a      	lsls	r2, r1, #1
10000826:	1852      	adds	r2, r2, r1
10000828:	0092      	lsls	r2, r2, #2
1000082a:	001e      	movs	r6, r3
1000082c:	4b3e      	ldr	r3, [pc, #248]	; (10000928 <irq_add_shared_handler+0x1f4>)
1000082e:	189b      	adds	r3, r3, r2
10000830:	e7f1      	b.n	10000816 <irq_add_shared_handler+0xe2>
10000832:	4b47      	ldr	r3, [pc, #284]	; (10000950 <irq_add_shared_handler+0x21c>)
10000834:	4a43      	ldr	r2, [pc, #268]	; (10000944 <irq_add_shared_handler+0x210>)
10000836:	21ea      	movs	r1, #234	; 0xea
10000838:	4843      	ldr	r0, [pc, #268]	; (10000948 <irq_add_shared_handler+0x214>)
1000083a:	f001 fe77 	bl	1000252c <__assert_func>
1000083e:	001e      	movs	r6, r3
10000840:	2e00      	cmp	r6, #0
10000842:	d03a      	beq.n	100008ba <irq_add_shared_handler+0x186>
10000844:	ab05      	add	r3, sp, #20
10000846:	4a43      	ldr	r2, [pc, #268]	; (10000954 <irq_add_shared_handler+0x220>)
10000848:	801a      	strh	r2, [r3, #0]
1000084a:	3a81      	subs	r2, #129	; 0x81
1000084c:	805a      	strh	r2, [r3, #2]
1000084e:	2306      	movs	r3, #6
10000850:	56f3      	ldrsb	r3, [r6, r3]
10000852:	9302      	str	r3, [sp, #8]
10000854:	2b00      	cmp	r3, #0
10000856:	da17      	bge.n	10000888 <irq_add_shared_handler+0x154>
10000858:	483f      	ldr	r0, [pc, #252]	; (10000958 <irq_add_shared_handler+0x224>)
1000085a:	ab05      	add	r3, sp, #20
1000085c:	469b      	mov	fp, r3
1000085e:	8098      	strh	r0, [r3, #4]
10000860:	9a02      	ldr	r2, [sp, #8]
10000862:	719a      	strb	r2, [r3, #6]
10000864:	71dd      	strb	r5, [r3, #7]
10000866:	9a01      	ldr	r2, [sp, #4]
10000868:	9207      	str	r2, [sp, #28]
1000086a:	1d30      	adds	r0, r6, #4
1000086c:	0021      	movs	r1, r4
1000086e:	f7ff fead 	bl	100005cc <make_branch>
10000872:	80b0      	strh	r0, [r6, #4]
10000874:	71b7      	strb	r7, [r6, #6]
10000876:	007b      	lsls	r3, r7, #1
10000878:	19db      	adds	r3, r3, r7
1000087a:	009b      	lsls	r3, r3, #2
1000087c:	4f2a      	ldr	r7, [pc, #168]	; (10000928 <irq_add_shared_handler+0x1f4>)
1000087e:	18ff      	adds	r7, r7, r3
10000880:	465b      	mov	r3, fp
10000882:	cb07      	ldmia	r3!, {r0, r1, r2}
10000884:	c707      	stmia	r7!, {r0, r1, r2}
10000886:	e7a2      	b.n	100007ce <irq_add_shared_handler+0x9a>
10000888:	0078      	lsls	r0, r7, #1
1000088a:	19c0      	adds	r0, r0, r7
1000088c:	0080      	lsls	r0, r0, #2
1000088e:	4b26      	ldr	r3, [pc, #152]	; (10000928 <irq_add_shared_handler+0x1f4>)
10000890:	18c0      	adds	r0, r0, r3
10000892:	3004      	adds	r0, #4
10000894:	1d32      	adds	r2, r6, #4
10000896:	88b3      	ldrh	r3, [r6, #4]
10000898:	0ad9      	lsrs	r1, r3, #11
1000089a:	291c      	cmp	r1, #28
1000089c:	d107      	bne.n	100008ae <irq_add_shared_handler+0x17a>
1000089e:	055b      	lsls	r3, r3, #21
100008a0:	1559      	asrs	r1, r3, #21
100008a2:	3102      	adds	r1, #2
100008a4:	0049      	lsls	r1, r1, #1
100008a6:	1851      	adds	r1, r2, r1
100008a8:	f7ff fe90 	bl	100005cc <make_branch>
100008ac:	e7d5      	b.n	1000085a <irq_add_shared_handler+0x126>
100008ae:	4b2b      	ldr	r3, [pc, #172]	; (1000095c <irq_add_shared_handler+0x228>)
100008b0:	4a2b      	ldr	r2, [pc, #172]	; (10000960 <irq_add_shared_handler+0x22c>)
100008b2:	21b1      	movs	r1, #177	; 0xb1
100008b4:	4824      	ldr	r0, [pc, #144]	; (10000948 <irq_add_shared_handler+0x214>)
100008b6:	f001 fe39 	bl	1000252c <__assert_func>
100008ba:	ae05      	add	r6, sp, #20
100008bc:	4b1d      	ldr	r3, [pc, #116]	; (10000934 <irq_add_shared_handler+0x200>)
100008be:	8033      	strh	r3, [r6, #0]
100008c0:	007b      	lsls	r3, r7, #1
100008c2:	9302      	str	r3, [sp, #8]
100008c4:	19d8      	adds	r0, r3, r7
100008c6:	0080      	lsls	r0, r0, #2
100008c8:	4a17      	ldr	r2, [pc, #92]	; (10000928 <irq_add_shared_handler+0x1f4>)
100008ca:	4690      	mov	r8, r2
100008cc:	0002      	movs	r2, r0
100008ce:	4442      	add	r2, r8
100008d0:	9203      	str	r2, [sp, #12]
100008d2:	1c90      	adds	r0, r2, #2
100008d4:	4918      	ldr	r1, [pc, #96]	; (10000938 <irq_add_shared_handler+0x204>)
100008d6:	f7ff fe79 	bl	100005cc <make_branch>
100008da:	8070      	strh	r0, [r6, #2]
100008dc:	9a03      	ldr	r2, [sp, #12]
100008de:	1d10      	adds	r0, r2, #4
100008e0:	4659      	mov	r1, fp
100008e2:	f7ff fe73 	bl	100005cc <make_branch>
100008e6:	80b0      	strh	r0, [r6, #4]
100008e8:	4b1e      	ldr	r3, [pc, #120]	; (10000964 <irq_add_shared_handler+0x230>)
100008ea:	465a      	mov	r2, fp
100008ec:	4641      	mov	r1, r8
100008ee:	1a52      	subs	r2, r2, r1
100008f0:	4152      	adcs	r2, r2
100008f2:	4353      	muls	r3, r2
100008f4:	0d1b      	lsrs	r3, r3, #20
100008f6:	71b3      	strb	r3, [r6, #6]
100008f8:	71f5      	strb	r5, [r6, #7]
100008fa:	9a01      	ldr	r2, [sp, #4]
100008fc:	9207      	str	r2, [sp, #28]
100008fe:	9b02      	ldr	r3, [sp, #8]
10000900:	469c      	mov	ip, r3
10000902:	4467      	add	r7, ip
10000904:	00bf      	lsls	r7, r7, #2
10000906:	4447      	add	r7, r8
10000908:	ce0e      	ldmia	r6!, {r1, r2, r3}
1000090a:	c70e      	stmia	r7!, {r1, r2, r3}
1000090c:	4b11      	ldr	r3, [pc, #68]	; (10000954 <irq_add_shared_handler+0x220>)
1000090e:	465a      	mov	r2, fp
10000910:	8013      	strh	r3, [r2, #0]
10000912:	3b81      	subs	r3, #129	; 0x81
10000914:	8053      	strh	r3, [r2, #2]
10000916:	2301      	movs	r3, #1
10000918:	431c      	orrs	r4, r3
1000091a:	46a0      	mov	r8, r4
1000091c:	e757      	b.n	100007ce <irq_add_shared_handler+0x9a>
1000091e:	46c0      	nop			; (mov r8, r8)
10000920:	d0000124 	.word	0xd0000124
10000924:	20001a65 	.word	0x20001a65
10000928:	20000bb4 	.word	0x20000bb4
1000092c:	e000ed00 	.word	0xe000ed00
10000930:	100001cd 	.word	0x100001cd
10000934:	ffffa100 	.word	0xffffa100
10000938:	20000be4 	.word	0x20000be4
1000093c:	ffffbd01 	.word	0xffffbd01
10000940:	100070f4 	.word	0x100070f4
10000944:	100072c8 	.word	0x100072c8
10000948:	10007050 	.word	0x10007050
1000094c:	1000711c 	.word	0x1000711c
10000950:	10007144 	.word	0x10007144
10000954:	00004801 	.word	0x00004801
10000958:	0000bd01 	.word	0x0000bd01
1000095c:	100071b8 	.word	0x100071b8
10000960:	100072b8 	.word	0x100072b8
10000964:	0000aaaa 	.word	0x0000aaaa

10000968 <irq_remove_handler>:
10000968:	b5f0      	push	{r4, r5, r6, r7, lr}
1000096a:	46ce      	mov	lr, r9
1000096c:	4647      	mov	r7, r8
1000096e:	b580      	push	{r7, lr}
10000970:	b083      	sub	sp, #12
10000972:	0006      	movs	r6, r0
10000974:	000d      	movs	r5, r1
10000976:	f3ef 8810 	mrs	r8, PRIMASK
1000097a:	b672      	cpsid	i
1000097c:	4b56      	ldr	r3, [pc, #344]	; (10000ad8 <irq_remove_handler+0x170>)
1000097e:	681b      	ldr	r3, [r3, #0]
10000980:	2b00      	cmp	r3, #0
10000982:	d0fb      	beq.n	1000097c <irq_remove_handler+0x14>
10000984:	f3bf 8f5f 	dmb	sy
10000988:	4b54      	ldr	r3, [pc, #336]	; (10000adc <irq_remove_handler+0x174>)
1000098a:	689a      	ldr	r2, [r3, #8]
1000098c:	0034      	movs	r4, r6
1000098e:	3410      	adds	r4, #16
10000990:	00a3      	lsls	r3, r4, #2
10000992:	58d7      	ldr	r7, [r2, r3]
10000994:	4b52      	ldr	r3, [pc, #328]	; (10000ae0 <irq_remove_handler+0x178>)
10000996:	429f      	cmp	r7, r3
10000998:	d007      	beq.n	100009aa <irq_remove_handler+0x42>
1000099a:	42af      	cmp	r7, r5
1000099c:	d100      	bne.n	100009a0 <irq_remove_handler+0x38>
1000099e:	e098      	b.n	10000ad2 <irq_remove_handler+0x16a>
100009a0:	9701      	str	r7, [sp, #4]
100009a2:	4b50      	ldr	r3, [pc, #320]	; (10000ae4 <irq_remove_handler+0x17c>)
100009a4:	1afb      	subs	r3, r7, r3
100009a6:	2b2f      	cmp	r3, #47	; 0x2f
100009a8:	d909      	bls.n	100009be <irq_remove_handler+0x56>
100009aa:	4642      	mov	r2, r8
100009ac:	0039      	movs	r1, r7
100009ae:	0030      	movs	r0, r6
100009b0:	f7ff fdf8 	bl	100005a4 <set_raw_irq_handler_and_unlock>
100009b4:	b003      	add	sp, #12
100009b6:	bcc0      	pop	{r6, r7}
100009b8:	46b9      	mov	r9, r7
100009ba:	46b0      	mov	r8, r6
100009bc:	bdf0      	pop	{r4, r5, r6, r7, pc}
100009be:	0030      	movs	r0, r6
100009c0:	f7ff fe48 	bl	10000654 <irq_is_enabled>
100009c4:	4681      	mov	r9, r0
100009c6:	2100      	movs	r1, #0
100009c8:	0030      	movs	r0, r6
100009ca:	f7ff fe5f 	bl	1000068c <irq_set_enabled>
100009ce:	f3bf 8f5f 	dmb	sy
100009d2:	f3ef 8105 	mrs	r1, IPSR
100009d6:	2900      	cmp	r1, #0
100009d8:	d001      	beq.n	100009de <irq_remove_handler+0x76>
100009da:	428c      	cmp	r4, r1
100009dc:	d111      	bne.n	10000a02 <irq_remove_handler+0x9a>
100009de:	2301      	movs	r3, #1
100009e0:	9c01      	ldr	r4, [sp, #4]
100009e2:	439c      	bics	r4, r3
100009e4:	2200      	movs	r2, #0
100009e6:	68a3      	ldr	r3, [r4, #8]
100009e8:	42ab      	cmp	r3, r5
100009ea:	d012      	beq.n	10000a12 <irq_remove_handler+0xaa>
100009ec:	2206      	movs	r2, #6
100009ee:	56a2      	ldrsb	r2, [r4, r2]
100009f0:	2a00      	cmp	r2, #0
100009f2:	db0d      	blt.n	10000a10 <irq_remove_handler+0xa8>
100009f4:	0053      	lsls	r3, r2, #1
100009f6:	189b      	adds	r3, r3, r2
100009f8:	009b      	lsls	r3, r3, #2
100009fa:	0022      	movs	r2, r4
100009fc:	4c39      	ldr	r4, [pc, #228]	; (10000ae4 <irq_remove_handler+0x17c>)
100009fe:	18e4      	adds	r4, r4, r3
10000a00:	e7f1      	b.n	100009e6 <irq_remove_handler+0x7e>
10000a02:	2136      	movs	r1, #54	; 0x36
10000a04:	4b38      	ldr	r3, [pc, #224]	; (10000ae8 <irq_remove_handler+0x180>)
10000a06:	4a39      	ldr	r2, [pc, #228]	; (10000aec <irq_remove_handler+0x184>)
10000a08:	31ff      	adds	r1, #255	; 0xff
10000a0a:	4839      	ldr	r0, [pc, #228]	; (10000af0 <irq_remove_handler+0x188>)
10000a0c:	f001 fd8e 	bl	1000252c <__assert_func>
10000a10:	0022      	movs	r2, r4
10000a12:	42ab      	cmp	r3, r5
10000a14:	d156      	bne.n	10000ac4 <irq_remove_handler+0x15c>
10000a16:	2506      	movs	r5, #6
10000a18:	5765      	ldrsb	r5, [r4, r5]
10000a1a:	2d00      	cmp	r5, #0
10000a1c:	db38      	blt.n	10000a90 <irq_remove_handler+0x128>
10000a1e:	006b      	lsls	r3, r5, #1
10000a20:	195b      	adds	r3, r3, r5
10000a22:	009a      	lsls	r2, r3, #2
10000a24:	4b2f      	ldr	r3, [pc, #188]	; (10000ae4 <irq_remove_handler+0x17c>)
10000a26:	189b      	adds	r3, r3, r2
10000a28:	689a      	ldr	r2, [r3, #8]
10000a2a:	60a2      	str	r2, [r4, #8]
10000a2c:	79da      	ldrb	r2, [r3, #7]
10000a2e:	71e2      	strb	r2, [r4, #7]
10000a30:	2206      	movs	r2, #6
10000a32:	569a      	ldrsb	r2, [r3, r2]
10000a34:	71a2      	strb	r2, [r4, #6]
10000a36:	799b      	ldrb	r3, [r3, #6]
10000a38:	b25b      	sxtb	r3, r3
10000a3a:	2b00      	cmp	r3, #0
10000a3c:	da0f      	bge.n	10000a5e <irq_remove_handler+0xf6>
10000a3e:	482d      	ldr	r0, [pc, #180]	; (10000af4 <irq_remove_handler+0x18c>)
10000a40:	80a0      	strh	r0, [r4, #4]
10000a42:	006b      	lsls	r3, r5, #1
10000a44:	195b      	adds	r3, r3, r5
10000a46:	009b      	lsls	r3, r3, #2
10000a48:	4a26      	ldr	r2, [pc, #152]	; (10000ae4 <irq_remove_handler+0x17c>)
10000a4a:	18d3      	adds	r3, r2, r3
10000a4c:	4a2a      	ldr	r2, [pc, #168]	; (10000af8 <irq_remove_handler+0x190>)
10000a4e:	7811      	ldrb	r1, [r2, #0]
10000a50:	7199      	strb	r1, [r3, #6]
10000a52:	7015      	strb	r5, [r2, #0]
10000a54:	4649      	mov	r1, r9
10000a56:	0030      	movs	r0, r6
10000a58:	f7ff fe18 	bl	1000068c <irq_set_enabled>
10000a5c:	e7a5      	b.n	100009aa <irq_remove_handler+0x42>
10000a5e:	1d20      	adds	r0, r4, #4
10000a60:	006b      	lsls	r3, r5, #1
10000a62:	195b      	adds	r3, r3, r5
10000a64:	009b      	lsls	r3, r3, #2
10000a66:	4a1f      	ldr	r2, [pc, #124]	; (10000ae4 <irq_remove_handler+0x17c>)
10000a68:	189b      	adds	r3, r3, r2
10000a6a:	1d1a      	adds	r2, r3, #4
10000a6c:	889b      	ldrh	r3, [r3, #4]
10000a6e:	0ad9      	lsrs	r1, r3, #11
10000a70:	291c      	cmp	r1, #28
10000a72:	d107      	bne.n	10000a84 <irq_remove_handler+0x11c>
10000a74:	055b      	lsls	r3, r3, #21
10000a76:	155b      	asrs	r3, r3, #21
10000a78:	3302      	adds	r3, #2
10000a7a:	0059      	lsls	r1, r3, #1
10000a7c:	1851      	adds	r1, r2, r1
10000a7e:	f7ff fda5 	bl	100005cc <make_branch>
10000a82:	e7dd      	b.n	10000a40 <irq_remove_handler+0xd8>
10000a84:	4b1d      	ldr	r3, [pc, #116]	; (10000afc <irq_remove_handler+0x194>)
10000a86:	4a1e      	ldr	r2, [pc, #120]	; (10000b00 <irq_remove_handler+0x198>)
10000a88:	21b1      	movs	r1, #177	; 0xb1
10000a8a:	4819      	ldr	r0, [pc, #100]	; (10000af0 <irq_remove_handler+0x188>)
10000a8c:	f001 fd4e 	bl	1000252c <__assert_func>
10000a90:	2900      	cmp	r1, #0
10000a92:	d112      	bne.n	10000aba <irq_remove_handler+0x152>
10000a94:	2a00      	cmp	r2, #0
10000a96:	d00e      	beq.n	10000ab6 <irq_remove_handler+0x14e>
10000a98:	23ff      	movs	r3, #255	; 0xff
10000a9a:	7193      	strb	r3, [r2, #6]
10000a9c:	4b19      	ldr	r3, [pc, #100]	; (10000b04 <irq_remove_handler+0x19c>)
10000a9e:	8093      	strh	r3, [r2, #4]
10000aa0:	4a15      	ldr	r2, [pc, #84]	; (10000af8 <irq_remove_handler+0x190>)
10000aa2:	7813      	ldrb	r3, [r2, #0]
10000aa4:	71a3      	strb	r3, [r4, #6]
10000aa6:	4b18      	ldr	r3, [pc, #96]	; (10000b08 <irq_remove_handler+0x1a0>)
10000aa8:	490e      	ldr	r1, [pc, #56]	; (10000ae4 <irq_remove_handler+0x17c>)
10000aaa:	1a64      	subs	r4, r4, r1
10000aac:	4164      	adcs	r4, r4
10000aae:	4363      	muls	r3, r4
10000ab0:	0d1b      	lsrs	r3, r3, #20
10000ab2:	7013      	strb	r3, [r2, #0]
10000ab4:	e7ce      	b.n	10000a54 <irq_remove_handler+0xec>
10000ab6:	4f0a      	ldr	r7, [pc, #40]	; (10000ae0 <irq_remove_handler+0x178>)
10000ab8:	e7f2      	b.n	10000aa0 <irq_remove_handler+0x138>
10000aba:	1d20      	adds	r0, r4, #4
10000abc:	4913      	ldr	r1, [pc, #76]	; (10000b0c <irq_remove_handler+0x1a4>)
10000abe:	f7ff fda9 	bl	10000614 <insert_branch_and_link>
10000ac2:	e7c7      	b.n	10000a54 <irq_remove_handler+0xec>
10000ac4:	216a      	movs	r1, #106	; 0x6a
10000ac6:	4b12      	ldr	r3, [pc, #72]	; (10000b10 <irq_remove_handler+0x1a8>)
10000ac8:	4a08      	ldr	r2, [pc, #32]	; (10000aec <irq_remove_handler+0x184>)
10000aca:	31ff      	adds	r1, #255	; 0xff
10000acc:	4808      	ldr	r0, [pc, #32]	; (10000af0 <irq_remove_handler+0x188>)
10000ace:	f001 fd2d 	bl	1000252c <__assert_func>
10000ad2:	4f03      	ldr	r7, [pc, #12]	; (10000ae0 <irq_remove_handler+0x178>)
10000ad4:	e769      	b.n	100009aa <irq_remove_handler+0x42>
10000ad6:	46c0      	nop			; (mov r8, r8)
10000ad8:	d0000124 	.word	0xd0000124
10000adc:	e000ed00 	.word	0xe000ed00
10000ae0:	100001cd 	.word	0x100001cd
10000ae4:	20000bb4 	.word	0x20000bb4
10000ae8:	100071d0 	.word	0x100071d0
10000aec:	10007298 	.word	0x10007298
10000af0:	10007050 	.word	0x10007050
10000af4:	0000bd01 	.word	0x0000bd01
10000af8:	20001a65 	.word	0x20001a65
10000afc:	100071b8 	.word	0x100071b8
10000b00:	100072b8 	.word	0x100072b8
10000b04:	ffffbd01 	.word	0xffffbd01
10000b08:	0000aaaa 	.word	0x0000aaaa
10000b0c:	20000bee 	.word	0x20000bee
10000b10:	10007204 	.word	0x10007204

10000b14 <irq_add_tail_to_free_list>:
10000b14:	b570      	push	{r4, r5, r6, lr}
10000b16:	2101      	movs	r1, #1
10000b18:	4301      	orrs	r1, r0
10000b1a:	4b2e      	ldr	r3, [pc, #184]	; (10000bd4 <irq_add_tail_to_free_list+0xc0>)
10000b1c:	1acb      	subs	r3, r1, r3
10000b1e:	2b2f      	cmp	r3, #47	; 0x2f
10000b20:	d828      	bhi.n	10000b74 <irq_add_tail_to_free_list+0x60>
10000b22:	f3ef 8305 	mrs	r3, IPSR
10000b26:	2b00      	cmp	r3, #0
10000b28:	d02b      	beq.n	10000b82 <irq_add_tail_to_free_list+0x6e>
10000b2a:	f3ef 8c10 	mrs	ip, PRIMASK
10000b2e:	b672      	cpsid	i
10000b30:	4a29      	ldr	r2, [pc, #164]	; (10000bd8 <irq_add_tail_to_free_list+0xc4>)
10000b32:	6812      	ldr	r2, [r2, #0]
10000b34:	2a00      	cmp	r2, #0
10000b36:	d0fb      	beq.n	10000b30 <irq_add_tail_to_free_list+0x1c>
10000b38:	f3bf 8f5f 	dmb	sy
10000b3c:	4a27      	ldr	r2, [pc, #156]	; (10000bdc <irq_add_tail_to_free_list+0xc8>)
10000b3e:	0004      	movs	r4, r0
10000b40:	4d24      	ldr	r5, [pc, #144]	; (10000bd4 <irq_add_tail_to_free_list+0xc0>)
10000b42:	1b64      	subs	r4, r4, r5
10000b44:	4164      	adcs	r4, r4
10000b46:	4362      	muls	r2, r4
10000b48:	0d12      	lsrs	r2, r2, #20
10000b4a:	b254      	sxtb	r4, r2
10000b4c:	4a24      	ldr	r2, [pc, #144]	; (10000be0 <irq_add_tail_to_free_list+0xcc>)
10000b4e:	6892      	ldr	r2, [r2, #8]
10000b50:	009b      	lsls	r3, r3, #2
10000b52:	58d2      	ldr	r2, [r2, r3]
10000b54:	428a      	cmp	r2, r1
10000b56:	d01b      	beq.n	10000b90 <irq_add_tail_to_free_list+0x7c>
10000b58:	2200      	movs	r2, #0
10000b5a:	2a03      	cmp	r2, #3
10000b5c:	d832      	bhi.n	10000bc4 <irq_add_tail_to_free_list+0xb0>
10000b5e:	0053      	lsls	r3, r2, #1
10000b60:	189b      	adds	r3, r3, r2
10000b62:	009b      	lsls	r3, r3, #2
10000b64:	491b      	ldr	r1, [pc, #108]	; (10000bd4 <irq_add_tail_to_free_list+0xc0>)
10000b66:	18cb      	adds	r3, r1, r3
10000b68:	799b      	ldrb	r3, [r3, #6]
10000b6a:	b25b      	sxtb	r3, r3
10000b6c:	42a3      	cmp	r3, r4
10000b6e:	d01f      	beq.n	10000bb0 <irq_add_tail_to_free_list+0x9c>
10000b70:	3201      	adds	r2, #1
10000b72:	e7f2      	b.n	10000b5a <irq_add_tail_to_free_list+0x46>
10000b74:	21c7      	movs	r1, #199	; 0xc7
10000b76:	4b1b      	ldr	r3, [pc, #108]	; (10000be4 <irq_add_tail_to_free_list+0xd0>)
10000b78:	4a1b      	ldr	r2, [pc, #108]	; (10000be8 <irq_add_tail_to_free_list+0xd4>)
10000b7a:	0049      	lsls	r1, r1, #1
10000b7c:	481b      	ldr	r0, [pc, #108]	; (10000bec <irq_add_tail_to_free_list+0xd8>)
10000b7e:	f001 fcd5 	bl	1000252c <__assert_func>
10000b82:	2192      	movs	r1, #146	; 0x92
10000b84:	4b1a      	ldr	r3, [pc, #104]	; (10000bf0 <irq_add_tail_to_free_list+0xdc>)
10000b86:	4a18      	ldr	r2, [pc, #96]	; (10000be8 <irq_add_tail_to_free_list+0xd4>)
10000b88:	31ff      	adds	r1, #255	; 0xff
10000b8a:	4818      	ldr	r0, [pc, #96]	; (10000bec <irq_add_tail_to_free_list+0xd8>)
10000b8c:	f001 fcce 	bl	1000252c <__assert_func>
10000b90:	4a13      	ldr	r2, [pc, #76]	; (10000be0 <irq_add_tail_to_free_list+0xcc>)
10000b92:	6892      	ldr	r2, [r2, #8]
10000b94:	4917      	ldr	r1, [pc, #92]	; (10000bf4 <irq_add_tail_to_free_list+0xe0>)
10000b96:	50d1      	str	r1, [r2, r3]
10000b98:	4b17      	ldr	r3, [pc, #92]	; (10000bf8 <irq_add_tail_to_free_list+0xe4>)
10000b9a:	781a      	ldrb	r2, [r3, #0]
10000b9c:	7182      	strb	r2, [r0, #6]
10000b9e:	701c      	strb	r4, [r3, #0]
10000ba0:	f3bf 8f5f 	dmb	sy
10000ba4:	4b0c      	ldr	r3, [pc, #48]	; (10000bd8 <irq_add_tail_to_free_list+0xc4>)
10000ba6:	2200      	movs	r2, #0
10000ba8:	601a      	str	r2, [r3, #0]
10000baa:	f38c 8810 	msr	PRIMASK, ip
10000bae:	bd70      	pop	{r4, r5, r6, pc}
10000bb0:	000d      	movs	r5, r1
10000bb2:	0053      	lsls	r3, r2, #1
10000bb4:	1899      	adds	r1, r3, r2
10000bb6:	0089      	lsls	r1, r1, #2
10000bb8:	1869      	adds	r1, r5, r1
10000bba:	26ff      	movs	r6, #255	; 0xff
10000bbc:	718e      	strb	r6, [r1, #6]
10000bbe:	4a0f      	ldr	r2, [pc, #60]	; (10000bfc <irq_add_tail_to_free_list+0xe8>)
10000bc0:	808a      	strh	r2, [r1, #4]
10000bc2:	e7e9      	b.n	10000b98 <irq_add_tail_to_free_list+0x84>
10000bc4:	21d1      	movs	r1, #209	; 0xd1
10000bc6:	4b0e      	ldr	r3, [pc, #56]	; (10000c00 <irq_add_tail_to_free_list+0xec>)
10000bc8:	4a07      	ldr	r2, [pc, #28]	; (10000be8 <irq_add_tail_to_free_list+0xd4>)
10000bca:	0049      	lsls	r1, r1, #1
10000bcc:	4807      	ldr	r0, [pc, #28]	; (10000bec <irq_add_tail_to_free_list+0xd8>)
10000bce:	f001 fcad 	bl	1000252c <__assert_func>
10000bd2:	46c0      	nop			; (mov r8, r8)
10000bd4:	20000bb4 	.word	0x20000bb4
10000bd8:	d0000124 	.word	0xd0000124
10000bdc:	0000aaaa 	.word	0x0000aaaa
10000be0:	e000ed00 	.word	0xe000ed00
10000be4:	1000720c 	.word	0x1000720c
10000be8:	10007264 	.word	0x10007264
10000bec:	10007050 	.word	0x10007050
10000bf0:	10007234 	.word	0x10007234
10000bf4:	100001cd 	.word	0x100001cd
10000bf8:	20001a65 	.word	0x20001a65
10000bfc:	ffffbd01 	.word	0xffffbd01
10000c00:	10007240 	.word	0x10007240

10000c04 <irq_init_priorities>:
10000c04:	2200      	movs	r2, #0
10000c06:	4b04      	ldr	r3, [pc, #16]	; (10000c18 <irq_init_priorities+0x14>)
10000c08:	e002      	b.n	10000c10 <irq_init_priorities+0xc>
10000c0a:	4904      	ldr	r1, [pc, #16]	; (10000c1c <irq_init_priorities+0x18>)
10000c0c:	c302      	stmia	r3!, {r1}
10000c0e:	3201      	adds	r2, #1
10000c10:	2a07      	cmp	r2, #7
10000c12:	d9fa      	bls.n	10000c0a <irq_init_priorities+0x6>
10000c14:	4770      	bx	lr
10000c16:	46c0      	nop			; (mov r8, r8)
10000c18:	e000e400 	.word	0xe000e400
10000c1c:	80808080 	.word	0x80808080

10000c20 <user_irq_claim_unused>:
10000c20:	b500      	push	{lr}
10000c22:	b083      	sub	sp, #12
10000c24:	0001      	movs	r1, r0
10000c26:	4b06      	ldr	r3, [pc, #24]	; (10000c40 <user_irq_claim_unused+0x20>)
10000c28:	9300      	str	r3, [sp, #0]
10000c2a:	2305      	movs	r3, #5
10000c2c:	2200      	movs	r2, #0
10000c2e:	4805      	ldr	r0, [pc, #20]	; (10000c44 <user_irq_claim_unused+0x24>)
10000c30:	f7ff fc61 	bl	100004f6 <hw_claim_unused_from_range>
10000c34:	2800      	cmp	r0, #0
10000c36:	db01      	blt.n	10000c3c <user_irq_claim_unused+0x1c>
10000c38:	231f      	movs	r3, #31
10000c3a:	1a18      	subs	r0, r3, r0
10000c3c:	b003      	add	sp, #12
10000c3e:	bd00      	pop	{pc}
10000c40:	10007248 	.word	0x10007248
10000c44:	20001a6a 	.word	0x20001a6a

10000c48 <lock_init>:
10000c48:	4b02      	ldr	r3, [pc, #8]	; (10000c54 <lock_init+0xc>)
10000c4a:	469c      	mov	ip, r3
10000c4c:	4461      	add	r1, ip
10000c4e:	0089      	lsls	r1, r1, #2
10000c50:	6001      	str	r1, [r0, #0]
10000c52:	4770      	bx	lr
10000c54:	34000040 	.word	0x34000040

10000c58 <mutex_init>:
10000c58:	b510      	push	{r4, lr}
10000c5a:	0004      	movs	r4, r0
10000c5c:	f7ff fc84 	bl	10000568 <next_striped_spin_lock_num>
10000c60:	0001      	movs	r1, r0
10000c62:	0020      	movs	r0, r4
10000c64:	f7ff fff0 	bl	10000c48 <lock_init>
10000c68:	23ff      	movs	r3, #255	; 0xff
10000c6a:	7123      	strb	r3, [r4, #4]
10000c6c:	f3bf 8f5f 	dmb	sy
10000c70:	bd10      	pop	{r4, pc}

10000c72 <recursive_mutex_init>:
10000c72:	b510      	push	{r4, lr}
10000c74:	0004      	movs	r4, r0
10000c76:	f7ff fc77 	bl	10000568 <next_striped_spin_lock_num>
10000c7a:	0001      	movs	r1, r0
10000c7c:	0020      	movs	r0, r4
10000c7e:	f7ff ffe3 	bl	10000c48 <lock_init>
10000c82:	23ff      	movs	r3, #255	; 0xff
10000c84:	7123      	strb	r3, [r4, #4]
10000c86:	2300      	movs	r3, #0
10000c88:	7163      	strb	r3, [r4, #5]
10000c8a:	f3bf 8f5f 	dmb	sy
10000c8e:	bd10      	pop	{r4, pc}

10000c90 <critical_section_init_with_lock_num>:
10000c90:	4b03      	ldr	r3, [pc, #12]	; (10000ca0 <critical_section_init_with_lock_num+0x10>)
10000c92:	469c      	mov	ip, r3
10000c94:	4461      	add	r1, ip
10000c96:	0089      	lsls	r1, r1, #2
10000c98:	6001      	str	r1, [r0, #0]
10000c9a:	f3bf 8f5f 	dmb	sy
10000c9e:	4770      	bx	lr
10000ca0:	34000040 	.word	0x34000040

10000ca4 <critical_section_init>:
10000ca4:	b510      	push	{r4, lr}
10000ca6:	0004      	movs	r4, r0
10000ca8:	2001      	movs	r0, #1
10000caa:	f7ff fc6b 	bl	10000584 <spin_lock_claim_unused>
10000cae:	0001      	movs	r1, r0
10000cb0:	0020      	movs	r0, r4
10000cb2:	f7ff ffed 	bl	10000c90 <critical_section_init_with_lock_num>
10000cb6:	bd10      	pop	{r4, pc}

10000cb8 <alarm_pool_post_alloc_init>:
10000cb8:	b570      	push	{r4, r5, r6, lr}
10000cba:	0005      	movs	r5, r0
10000cbc:	000c      	movs	r4, r1
10000cbe:	0008      	movs	r0, r1
10000cc0:	f000 ff00 	bl	10001ac4 <hardware_alarm_cancel>
10000cc4:	4909      	ldr	r1, [pc, #36]	; (10000cec <alarm_pool_post_alloc_init+0x34>)
10000cc6:	0020      	movs	r0, r4
10000cc8:	f000 fe40 	bl	1000194c <hardware_alarm_set_callback>
10000ccc:	f7ff fc4c 	bl	10000568 <next_striped_spin_lock_num>
10000cd0:	4b07      	ldr	r3, [pc, #28]	; (10000cf0 <alarm_pool_post_alloc_init+0x38>)
10000cd2:	469c      	mov	ip, r3
10000cd4:	4460      	add	r0, ip
10000cd6:	0080      	lsls	r0, r0, #2
10000cd8:	6068      	str	r0, [r5, #4]
10000cda:	752c      	strb	r4, [r5, #20]
10000cdc:	23d0      	movs	r3, #208	; 0xd0
10000cde:	061b      	lsls	r3, r3, #24
10000ce0:	781b      	ldrb	r3, [r3, #0]
10000ce2:	756b      	strb	r3, [r5, #21]
10000ce4:	00a4      	lsls	r4, r4, #2
10000ce6:	4b03      	ldr	r3, [pc, #12]	; (10000cf4 <alarm_pool_post_alloc_init+0x3c>)
10000ce8:	50e5      	str	r5, [r4, r3]
10000cea:	bd70      	pop	{r4, r5, r6, pc}
10000cec:	10000ffd 	.word	0x10000ffd
10000cf0:	34000040 	.word	0x34000040
10000cf4:	20001810 	.word	0x20001810

10000cf8 <sleep_until_callback>:
10000cf8:	4b0a      	ldr	r3, [pc, #40]	; (10000d24 <sleep_until_callback+0x2c>)
10000cfa:	681a      	ldr	r2, [r3, #0]
10000cfc:	f3ef 8110 	mrs	r1, PRIMASK
10000d00:	b672      	cpsid	i
10000d02:	6813      	ldr	r3, [r2, #0]
10000d04:	2b00      	cmp	r3, #0
10000d06:	d0fc      	beq.n	10000d02 <sleep_until_callback+0xa>
10000d08:	f3bf 8f5f 	dmb	sy
10000d0c:	4b05      	ldr	r3, [pc, #20]	; (10000d24 <sleep_until_callback+0x2c>)
10000d0e:	681b      	ldr	r3, [r3, #0]
10000d10:	f3bf 8f5f 	dmb	sy
10000d14:	2200      	movs	r2, #0
10000d16:	601a      	str	r2, [r3, #0]
10000d18:	f381 8810 	msr	PRIMASK, r1
10000d1c:	bf40      	sev
10000d1e:	2000      	movs	r0, #0
10000d20:	2100      	movs	r1, #0
10000d22:	4770      	bx	lr
10000d24:	20001a2c 	.word	0x20001a2c

10000d28 <timer_pool_entry_comparator>:
10000d28:	b510      	push	{r4, lr}
10000d2a:	2900      	cmp	r1, #0
10000d2c:	d022      	beq.n	10000d74 <timer_pool_entry_comparator+0x4c>
10000d2e:	6803      	ldr	r3, [r0, #0]
10000d30:	7b1b      	ldrb	r3, [r3, #12]
10000d32:	4299      	cmp	r1, r3
10000d34:	d81e      	bhi.n	10000d74 <timer_pool_entry_comparator+0x4c>
10000d36:	4b17      	ldr	r3, [pc, #92]	; (10000d94 <timer_pool_entry_comparator+0x6c>)
10000d38:	469c      	mov	ip, r3
10000d3a:	4461      	add	r1, ip
10000d3c:	0109      	lsls	r1, r1, #4
10000d3e:	6883      	ldr	r3, [r0, #8]
10000d40:	469c      	mov	ip, r3
10000d42:	4461      	add	r1, ip
10000d44:	680c      	ldr	r4, [r1, #0]
10000d46:	6849      	ldr	r1, [r1, #4]
10000d48:	2a00      	cmp	r2, #0
10000d4a:	d019      	beq.n	10000d80 <timer_pool_entry_comparator+0x58>
10000d4c:	6803      	ldr	r3, [r0, #0]
10000d4e:	7b1b      	ldrb	r3, [r3, #12]
10000d50:	429a      	cmp	r2, r3
10000d52:	d815      	bhi.n	10000d80 <timer_pool_entry_comparator+0x58>
10000d54:	6883      	ldr	r3, [r0, #8]
10000d56:	480f      	ldr	r0, [pc, #60]	; (10000d94 <timer_pool_entry_comparator+0x6c>)
10000d58:	4684      	mov	ip, r0
10000d5a:	4462      	add	r2, ip
10000d5c:	0112      	lsls	r2, r2, #4
10000d5e:	189a      	adds	r2, r3, r2
10000d60:	6810      	ldr	r0, [r2, #0]
10000d62:	6853      	ldr	r3, [r2, #4]
10000d64:	0002      	movs	r2, r0
10000d66:	2001      	movs	r0, #1
10000d68:	428b      	cmp	r3, r1
10000d6a:	d801      	bhi.n	10000d70 <timer_pool_entry_comparator+0x48>
10000d6c:	d00e      	beq.n	10000d8c <timer_pool_entry_comparator+0x64>
10000d6e:	2000      	movs	r0, #0
10000d70:	b2c0      	uxtb	r0, r0
10000d72:	bd10      	pop	{r4, pc}
10000d74:	4b08      	ldr	r3, [pc, #32]	; (10000d98 <timer_pool_entry_comparator+0x70>)
10000d76:	4a09      	ldr	r2, [pc, #36]	; (10000d9c <timer_pool_entry_comparator+0x74>)
10000d78:	213c      	movs	r1, #60	; 0x3c
10000d7a:	4809      	ldr	r0, [pc, #36]	; (10000da0 <timer_pool_entry_comparator+0x78>)
10000d7c:	f001 fbd6 	bl	1000252c <__assert_func>
10000d80:	4b05      	ldr	r3, [pc, #20]	; (10000d98 <timer_pool_entry_comparator+0x70>)
10000d82:	4a06      	ldr	r2, [pc, #24]	; (10000d9c <timer_pool_entry_comparator+0x74>)
10000d84:	213c      	movs	r1, #60	; 0x3c
10000d86:	4806      	ldr	r0, [pc, #24]	; (10000da0 <timer_pool_entry_comparator+0x78>)
10000d88:	f001 fbd0 	bl	1000252c <__assert_func>
10000d8c:	42a2      	cmp	r2, r4
10000d8e:	d8ef      	bhi.n	10000d70 <timer_pool_entry_comparator+0x48>
10000d90:	e7ed      	b.n	10000d6e <timer_pool_entry_comparator+0x46>
10000d92:	46c0      	nop			; (mov r8, r8)
10000d94:	0fffffff 	.word	0x0fffffff
10000d98:	100074c8 	.word	0x100074c8
10000d9c:	10007748 	.word	0x10007748
10000da0:	10007474 	.word	0x10007474

10000da4 <ph_add_child_node>:
10000da4:	b510      	push	{r4, lr}
10000da6:	2900      	cmp	r1, #0
10000da8:	d01e      	beq.n	10000de8 <ph_add_child_node+0x44>
10000daa:	7b03      	ldrb	r3, [r0, #12]
10000dac:	4299      	cmp	r1, r3
10000dae:	d81b      	bhi.n	10000de8 <ph_add_child_node+0x44>
10000db0:	004b      	lsls	r3, r1, #1
10000db2:	185b      	adds	r3, r3, r1
10000db4:	3b03      	subs	r3, #3
10000db6:	6804      	ldr	r4, [r0, #0]
10000db8:	46a4      	mov	ip, r4
10000dba:	4463      	add	r3, ip
10000dbc:	2900      	cmp	r1, #0
10000dbe:	d019      	beq.n	10000df4 <ph_add_child_node+0x50>
10000dc0:	2a00      	cmp	r2, #0
10000dc2:	d01d      	beq.n	10000e00 <ph_add_child_node+0x5c>
10000dc4:	4291      	cmp	r1, r2
10000dc6:	d021      	beq.n	10000e0c <ph_add_child_node+0x68>
10000dc8:	2a00      	cmp	r2, #0
10000dca:	d025      	beq.n	10000e18 <ph_add_child_node+0x74>
10000dcc:	7b04      	ldrb	r4, [r0, #12]
10000dce:	42a2      	cmp	r2, r4
10000dd0:	d822      	bhi.n	10000e18 <ph_add_child_node+0x74>
10000dd2:	6804      	ldr	r4, [r0, #0]
10000dd4:	0050      	lsls	r0, r2, #1
10000dd6:	1880      	adds	r0, r0, r2
10000dd8:	3803      	subs	r0, #3
10000dda:	1820      	adds	r0, r4, r0
10000ddc:	7081      	strb	r1, [r0, #2]
10000dde:	7819      	ldrb	r1, [r3, #0]
10000de0:	2900      	cmp	r1, #0
10000de2:	d11f      	bne.n	10000e24 <ph_add_child_node+0x80>
10000de4:	701a      	strb	r2, [r3, #0]
10000de6:	bd10      	pop	{r4, pc}
10000de8:	4b10      	ldr	r3, [pc, #64]	; (10000e2c <ph_add_child_node+0x88>)
10000dea:	4a11      	ldr	r2, [pc, #68]	; (10000e30 <ph_add_child_node+0x8c>)
10000dec:	2168      	movs	r1, #104	; 0x68
10000dee:	4811      	ldr	r0, [pc, #68]	; (10000e34 <ph_add_child_node+0x90>)
10000df0:	f001 fb9c 	bl	1000252c <__assert_func>
10000df4:	4b10      	ldr	r3, [pc, #64]	; (10000e38 <ph_add_child_node+0x94>)
10000df6:	4a11      	ldr	r2, [pc, #68]	; (10000e3c <ph_add_child_node+0x98>)
10000df8:	316f      	adds	r1, #111	; 0x6f
10000dfa:	480e      	ldr	r0, [pc, #56]	; (10000e34 <ph_add_child_node+0x90>)
10000dfc:	f001 fb96 	bl	1000252c <__assert_func>
10000e00:	4b0f      	ldr	r3, [pc, #60]	; (10000e40 <ph_add_child_node+0x9c>)
10000e02:	4a0e      	ldr	r2, [pc, #56]	; (10000e3c <ph_add_child_node+0x98>)
10000e04:	2170      	movs	r1, #112	; 0x70
10000e06:	480b      	ldr	r0, [pc, #44]	; (10000e34 <ph_add_child_node+0x90>)
10000e08:	f001 fb90 	bl	1000252c <__assert_func>
10000e0c:	4b0d      	ldr	r3, [pc, #52]	; (10000e44 <ph_add_child_node+0xa0>)
10000e0e:	4a0b      	ldr	r2, [pc, #44]	; (10000e3c <ph_add_child_node+0x98>)
10000e10:	2171      	movs	r1, #113	; 0x71
10000e12:	4808      	ldr	r0, [pc, #32]	; (10000e34 <ph_add_child_node+0x90>)
10000e14:	f001 fb8a 	bl	1000252c <__assert_func>
10000e18:	4b04      	ldr	r3, [pc, #16]	; (10000e2c <ph_add_child_node+0x88>)
10000e1a:	4a05      	ldr	r2, [pc, #20]	; (10000e30 <ph_add_child_node+0x8c>)
10000e1c:	2168      	movs	r1, #104	; 0x68
10000e1e:	4805      	ldr	r0, [pc, #20]	; (10000e34 <ph_add_child_node+0x90>)
10000e20:	f001 fb84 	bl	1000252c <__assert_func>
10000e24:	7041      	strb	r1, [r0, #1]
10000e26:	701a      	strb	r2, [r3, #0]
10000e28:	e7dd      	b.n	10000de6 <ph_add_child_node+0x42>
10000e2a:	46c0      	nop			; (mov r8, r8)
10000e2c:	100074ec 	.word	0x100074ec
10000e30:	100077b4 	.word	0x100077b4
10000e34:	10007508 	.word	0x10007508
10000e38:	10007570 	.word	0x10007570
10000e3c:	10007790 	.word	0x10007790
10000e40:	1000757c 	.word	0x1000757c
10000e44:	10007588 	.word	0x10007588

10000e48 <ph_merge_nodes>:
10000e48:	b570      	push	{r4, r5, r6, lr}
10000e4a:	0006      	movs	r6, r0
10000e4c:	000d      	movs	r5, r1
10000e4e:	0014      	movs	r4, r2
10000e50:	2900      	cmp	r1, #0
10000e52:	d014      	beq.n	10000e7e <ph_merge_nodes+0x36>
10000e54:	2a00      	cmp	r2, #0
10000e56:	d014      	beq.n	10000e82 <ph_merge_nodes+0x3a>
10000e58:	6880      	ldr	r0, [r0, #8]
10000e5a:	6873      	ldr	r3, [r6, #4]
10000e5c:	4798      	blx	r3
10000e5e:	2800      	cmp	r0, #0
10000e60:	d006      	beq.n	10000e70 <ph_merge_nodes+0x28>
10000e62:	0022      	movs	r2, r4
10000e64:	0029      	movs	r1, r5
10000e66:	0030      	movs	r0, r6
10000e68:	f7ff ff9c 	bl	10000da4 <ph_add_child_node>
10000e6c:	0028      	movs	r0, r5
10000e6e:	e007      	b.n	10000e80 <ph_merge_nodes+0x38>
10000e70:	002a      	movs	r2, r5
10000e72:	0021      	movs	r1, r4
10000e74:	0030      	movs	r0, r6
10000e76:	f7ff ff95 	bl	10000da4 <ph_add_child_node>
10000e7a:	0020      	movs	r0, r4
10000e7c:	e000      	b.n	10000e80 <ph_merge_nodes+0x38>
10000e7e:	0010      	movs	r0, r2
10000e80:	bd70      	pop	{r4, r5, r6, pc}
10000e82:	0008      	movs	r0, r1
10000e84:	e7fc      	b.n	10000e80 <ph_merge_nodes+0x38>
	...

10000e88 <add_alarm_under_lock>:
10000e88:	b5f0      	push	{r4, r5, r6, r7, lr}
10000e8a:	b083      	sub	sp, #12
10000e8c:	0005      	movs	r5, r0
10000e8e:	9200      	str	r2, [sp, #0]
10000e90:	9301      	str	r3, [sp, #4]
10000e92:	ab0a      	add	r3, sp, #40	; 0x28
10000e94:	781c      	ldrb	r4, [r3, #0]
10000e96:	ab0b      	add	r3, sp, #44	; 0x2c
10000e98:	781f      	ldrb	r7, [r3, #0]
10000e9a:	2c00      	cmp	r4, #0
10000e9c:	d026      	beq.n	10000eec <add_alarm_under_lock+0x64>
10000e9e:	6803      	ldr	r3, [r0, #0]
10000ea0:	7b5a      	ldrb	r2, [r3, #13]
10000ea2:	4294      	cmp	r4, r2
10000ea4:	d107      	bne.n	10000eb6 <add_alarm_under_lock+0x2e>
10000ea6:	2301      	movs	r3, #1
10000ea8:	2b00      	cmp	r3, #0
10000eaa:	d119      	bne.n	10000ee0 <add_alarm_under_lock+0x58>
10000eac:	2c00      	cmp	r4, #0
10000eae:	d13b      	bne.n	10000f28 <add_alarm_under_lock+0xa0>
10000eb0:	0020      	movs	r0, r4
10000eb2:	b003      	add	sp, #12
10000eb4:	bdf0      	pop	{r4, r5, r6, r7, pc}
10000eb6:	2c00      	cmp	r4, #0
10000eb8:	d00c      	beq.n	10000ed4 <add_alarm_under_lock+0x4c>
10000eba:	7b1a      	ldrb	r2, [r3, #12]
10000ebc:	4294      	cmp	r4, r2
10000ebe:	d809      	bhi.n	10000ed4 <add_alarm_under_lock+0x4c>
10000ec0:	681a      	ldr	r2, [r3, #0]
10000ec2:	0063      	lsls	r3, r4, #1
10000ec4:	191b      	adds	r3, r3, r4
10000ec6:	3b03      	subs	r3, #3
10000ec8:	18d3      	adds	r3, r2, r3
10000eca:	789b      	ldrb	r3, [r3, #2]
10000ecc:	2b00      	cmp	r3, #0
10000ece:	d0eb      	beq.n	10000ea8 <add_alarm_under_lock+0x20>
10000ed0:	2301      	movs	r3, #1
10000ed2:	e7e9      	b.n	10000ea8 <add_alarm_under_lock+0x20>
10000ed4:	4b3e      	ldr	r3, [pc, #248]	; (10000fd0 <add_alarm_under_lock+0x148>)
10000ed6:	4a3f      	ldr	r2, [pc, #252]	; (10000fd4 <add_alarm_under_lock+0x14c>)
10000ed8:	2168      	movs	r1, #104	; 0x68
10000eda:	483f      	ldr	r0, [pc, #252]	; (10000fd8 <add_alarm_under_lock+0x150>)
10000edc:	f001 fb26 	bl	1000252c <__assert_func>
10000ee0:	4b3e      	ldr	r3, [pc, #248]	; (10000fdc <add_alarm_under_lock+0x154>)
10000ee2:	4a3f      	ldr	r2, [pc, #252]	; (10000fe0 <add_alarm_under_lock+0x158>)
10000ee4:	2167      	movs	r1, #103	; 0x67
10000ee6:	483f      	ldr	r0, [pc, #252]	; (10000fe4 <add_alarm_under_lock+0x15c>)
10000ee8:	f001 fb20 	bl	1000252c <__assert_func>
10000eec:	6803      	ldr	r3, [r0, #0]
10000eee:	7b9c      	ldrb	r4, [r3, #14]
10000ef0:	2c00      	cmp	r4, #0
10000ef2:	d0db      	beq.n	10000eac <add_alarm_under_lock+0x24>
10000ef4:	d012      	beq.n	10000f1c <add_alarm_under_lock+0x94>
10000ef6:	7b1a      	ldrb	r2, [r3, #12]
10000ef8:	4294      	cmp	r4, r2
10000efa:	d80f      	bhi.n	10000f1c <add_alarm_under_lock+0x94>
10000efc:	0062      	lsls	r2, r4, #1
10000efe:	1912      	adds	r2, r2, r4
10000f00:	3a03      	subs	r2, #3
10000f02:	6819      	ldr	r1, [r3, #0]
10000f04:	468c      	mov	ip, r1
10000f06:	4462      	add	r2, ip
10000f08:	7851      	ldrb	r1, [r2, #1]
10000f0a:	7399      	strb	r1, [r3, #14]
10000f0c:	2900      	cmp	r1, #0
10000f0e:	d100      	bne.n	10000f12 <add_alarm_under_lock+0x8a>
10000f10:	73d9      	strb	r1, [r3, #15]
10000f12:	2300      	movs	r3, #0
10000f14:	7093      	strb	r3, [r2, #2]
10000f16:	7053      	strb	r3, [r2, #1]
10000f18:	7013      	strb	r3, [r2, #0]
10000f1a:	e7c7      	b.n	10000eac <add_alarm_under_lock+0x24>
10000f1c:	4b2c      	ldr	r3, [pc, #176]	; (10000fd0 <add_alarm_under_lock+0x148>)
10000f1e:	4a2d      	ldr	r2, [pc, #180]	; (10000fd4 <add_alarm_under_lock+0x14c>)
10000f20:	2168      	movs	r1, #104	; 0x68
10000f22:	482d      	ldr	r0, [pc, #180]	; (10000fd8 <add_alarm_under_lock+0x150>)
10000f24:	f001 fb02 	bl	1000252c <__assert_func>
10000f28:	2c00      	cmp	r4, #0
10000f2a:	d03a      	beq.n	10000fa2 <add_alarm_under_lock+0x11a>
10000f2c:	682b      	ldr	r3, [r5, #0]
10000f2e:	7b1b      	ldrb	r3, [r3, #12]
10000f30:	429c      	cmp	r4, r3
10000f32:	d836      	bhi.n	10000fa2 <add_alarm_under_lock+0x11a>
10000f34:	4b2c      	ldr	r3, [pc, #176]	; (10000fe8 <add_alarm_under_lock+0x160>)
10000f36:	18e3      	adds	r3, r4, r3
10000f38:	011b      	lsls	r3, r3, #4
10000f3a:	68aa      	ldr	r2, [r5, #8]
10000f3c:	4694      	mov	ip, r2
10000f3e:	4463      	add	r3, ip
10000f40:	9a00      	ldr	r2, [sp, #0]
10000f42:	601a      	str	r2, [r3, #0]
10000f44:	9a01      	ldr	r2, [sp, #4]
10000f46:	605a      	str	r2, [r3, #4]
10000f48:	9a08      	ldr	r2, [sp, #32]
10000f4a:	609a      	str	r2, [r3, #8]
10000f4c:	9a09      	ldr	r2, [sp, #36]	; 0x24
10000f4e:	60da      	str	r2, [r3, #12]
10000f50:	682e      	ldr	r6, [r5, #0]
10000f52:	2c00      	cmp	r4, #0
10000f54:	d02b      	beq.n	10000fae <add_alarm_under_lock+0x126>
10000f56:	d030      	beq.n	10000fba <add_alarm_under_lock+0x132>
10000f58:	7b33      	ldrb	r3, [r6, #12]
10000f5a:	429c      	cmp	r4, r3
10000f5c:	d82d      	bhi.n	10000fba <add_alarm_under_lock+0x132>
10000f5e:	0063      	lsls	r3, r4, #1
10000f60:	191b      	adds	r3, r3, r4
10000f62:	3b03      	subs	r3, #3
10000f64:	6832      	ldr	r2, [r6, #0]
10000f66:	4694      	mov	ip, r2
10000f68:	4463      	add	r3, ip
10000f6a:	2200      	movs	r2, #0
10000f6c:	709a      	strb	r2, [r3, #2]
10000f6e:	705a      	strb	r2, [r3, #1]
10000f70:	701a      	strb	r2, [r3, #0]
10000f72:	7b71      	ldrb	r1, [r6, #13]
10000f74:	0022      	movs	r2, r4
10000f76:	0030      	movs	r0, r6
10000f78:	f7ff ff66 	bl	10000e48 <ph_merge_nodes>
10000f7c:	7370      	strb	r0, [r6, #13]
10000f7e:	4284      	cmp	r4, r0
10000f80:	d000      	beq.n	10000f84 <add_alarm_under_lock+0xfc>
10000f82:	e795      	b.n	10000eb0 <add_alarm_under_lock+0x28>
10000f84:	7d28      	ldrb	r0, [r5, #20]
10000f86:	9a00      	ldr	r2, [sp, #0]
10000f88:	9b01      	ldr	r3, [sp, #4]
10000f8a:	f000 fd27 	bl	100019dc <hardware_alarm_set_target>
10000f8e:	1e06      	subs	r6, r0, #0
10000f90:	d001      	beq.n	10000f96 <add_alarm_under_lock+0x10e>
10000f92:	2f00      	cmp	r7, #0
10000f94:	d017      	beq.n	10000fc6 <add_alarm_under_lock+0x13e>
10000f96:	9b0c      	ldr	r3, [sp, #48]	; 0x30
10000f98:	2b00      	cmp	r3, #0
10000f9a:	d100      	bne.n	10000f9e <add_alarm_under_lock+0x116>
10000f9c:	e788      	b.n	10000eb0 <add_alarm_under_lock+0x28>
10000f9e:	701e      	strb	r6, [r3, #0]
10000fa0:	e786      	b.n	10000eb0 <add_alarm_under_lock+0x28>
10000fa2:	4b12      	ldr	r3, [pc, #72]	; (10000fec <add_alarm_under_lock+0x164>)
10000fa4:	4a12      	ldr	r2, [pc, #72]	; (10000ff0 <add_alarm_under_lock+0x168>)
10000fa6:	213c      	movs	r1, #60	; 0x3c
10000fa8:	480e      	ldr	r0, [pc, #56]	; (10000fe4 <add_alarm_under_lock+0x15c>)
10000faa:	f001 fabf 	bl	1000252c <__assert_func>
10000fae:	4b11      	ldr	r3, [pc, #68]	; (10000ff4 <add_alarm_under_lock+0x16c>)
10000fb0:	4a11      	ldr	r2, [pc, #68]	; (10000ff8 <add_alarm_under_lock+0x170>)
10000fb2:	21a5      	movs	r1, #165	; 0xa5
10000fb4:	4808      	ldr	r0, [pc, #32]	; (10000fd8 <add_alarm_under_lock+0x150>)
10000fb6:	f001 fab9 	bl	1000252c <__assert_func>
10000fba:	4b05      	ldr	r3, [pc, #20]	; (10000fd0 <add_alarm_under_lock+0x148>)
10000fbc:	4a05      	ldr	r2, [pc, #20]	; (10000fd4 <add_alarm_under_lock+0x14c>)
10000fbe:	2168      	movs	r1, #104	; 0x68
10000fc0:	4805      	ldr	r0, [pc, #20]	; (10000fd8 <add_alarm_under_lock+0x150>)
10000fc2:	f001 fab3 	bl	1000252c <__assert_func>
10000fc6:	6828      	ldr	r0, [r5, #0]
10000fc8:	0021      	movs	r1, r4
10000fca:	f000 ff3f 	bl	10001e4c <ph_remove_and_free_node>
10000fce:	e7e2      	b.n	10000f96 <add_alarm_under_lock+0x10e>
10000fd0:	100074ec 	.word	0x100074ec
10000fd4:	100077b4 	.word	0x100077b4
10000fd8:	10007508 	.word	0x10007508
10000fdc:	100075a0 	.word	0x100075a0
10000fe0:	100077c0 	.word	0x100077c0
10000fe4:	10007474 	.word	0x10007474
10000fe8:	0fffffff 	.word	0x0fffffff
10000fec:	100074c8 	.word	0x100074c8
10000ff0:	10007748 	.word	0x10007748
10000ff4:	10007470 	.word	0x10007470
10000ff8:	100077a4 	.word	0x100077a4

10000ffc <alarm_pool_alarm_callback>:
10000ffc:	b5f0      	push	{r4, r5, r6, r7, lr}
10000ffe:	46de      	mov	lr, fp
10001000:	4657      	mov	r7, sl
10001002:	464e      	mov	r6, r9
10001004:	4645      	mov	r5, r8
10001006:	b5e0      	push	{r5, r6, r7, lr}
10001008:	b08b      	sub	sp, #44	; 0x2c
1000100a:	9009      	str	r0, [sp, #36]	; 0x24
1000100c:	2300      	movs	r3, #0
1000100e:	9308      	str	r3, [sp, #32]
10001010:	0082      	lsls	r2, r0, #2
10001012:	4bb5      	ldr	r3, [pc, #724]	; (100012e8 <alarm_pool_alarm_callback+0x2ec>)
10001014:	58d6      	ldr	r6, [r2, r3]
10001016:	0037      	movs	r7, r6
10001018:	e052      	b.n	100010c0 <alarm_pool_alarm_callback+0xc4>
1000101a:	4bb4      	ldr	r3, [pc, #720]	; (100012ec <alarm_pool_alarm_callback+0x2f0>)
1000101c:	4ab4      	ldr	r2, [pc, #720]	; (100012f0 <alarm_pool_alarm_callback+0x2f4>)
1000101e:	213f      	movs	r1, #63	; 0x3f
10001020:	48b4      	ldr	r0, [pc, #720]	; (100012f4 <alarm_pool_alarm_callback+0x2f8>)
10001022:	f001 fa83 	bl	1000252c <__assert_func>
10001026:	4bb4      	ldr	r3, [pc, #720]	; (100012f8 <alarm_pool_alarm_callback+0x2fc>)
10001028:	4ab4      	ldr	r2, [pc, #720]	; (100012fc <alarm_pool_alarm_callback+0x300>)
1000102a:	213c      	movs	r1, #60	; 0x3c
1000102c:	48b4      	ldr	r0, [pc, #720]	; (10001300 <alarm_pool_alarm_callback+0x304>)
1000102e:	f001 fa7d 	bl	1000252c <__assert_func>
10001032:	2900      	cmp	r1, #0
10001034:	d101      	bne.n	1000103a <alarm_pool_alarm_callback+0x3e>
10001036:	2800      	cmp	r0, #0
10001038:	d169      	bne.n	1000110e <alarm_pool_alarm_callback+0x112>
1000103a:	2100      	movs	r1, #0
1000103c:	4640      	mov	r0, r8
1000103e:	f000 fefb 	bl	10001e38 <ph_remove_head>
10001042:	42a0      	cmp	r0, r4
10001044:	d119      	bne.n	1000107a <alarm_pool_alarm_callback+0x7e>
10001046:	682a      	ldr	r2, [r5, #0]
10001048:	686b      	ldr	r3, [r5, #4]
1000104a:	9206      	str	r2, [sp, #24]
1000104c:	9307      	str	r3, [sp, #28]
1000104e:	68ab      	ldr	r3, [r5, #8]
10001050:	4698      	mov	r8, r3
10001052:	68eb      	ldr	r3, [r5, #12]
10001054:	469a      	mov	sl, r3
10001056:	4643      	mov	r3, r8
10001058:	2b00      	cmp	r3, #0
1000105a:	d014      	beq.n	10001086 <alarm_pool_alarm_callback+0x8a>
1000105c:	2c00      	cmp	r4, #0
1000105e:	d018      	beq.n	10001092 <alarm_pool_alarm_callback+0x96>
10001060:	683b      	ldr	r3, [r7, #0]
10001062:	7b1b      	ldrb	r3, [r3, #12]
10001064:	429c      	cmp	r4, r3
10001066:	d814      	bhi.n	10001092 <alarm_pool_alarm_callback+0x96>
10001068:	1e63      	subs	r3, r4, #1
1000106a:	68fa      	ldr	r2, [r7, #12]
1000106c:	5cd3      	ldrb	r3, [r2, r3]
1000106e:	9308      	str	r3, [sp, #32]
10001070:	021b      	lsls	r3, r3, #8
10001072:	4318      	orrs	r0, r3
10001074:	6138      	str	r0, [r7, #16]
10001076:	2000      	movs	r0, #0
10001078:	e015      	b.n	100010a6 <alarm_pool_alarm_callback+0xaa>
1000107a:	4ba2      	ldr	r3, [pc, #648]	; (10001304 <alarm_pool_alarm_callback+0x308>)
1000107c:	4aa2      	ldr	r2, [pc, #648]	; (10001308 <alarm_pool_alarm_callback+0x30c>)
1000107e:	218e      	movs	r1, #142	; 0x8e
10001080:	489f      	ldr	r0, [pc, #636]	; (10001300 <alarm_pool_alarm_callback+0x304>)
10001082:	f001 fa53 	bl	1000252c <__assert_func>
10001086:	4ba1      	ldr	r3, [pc, #644]	; (1000130c <alarm_pool_alarm_callback+0x310>)
10001088:	4a9f      	ldr	r2, [pc, #636]	; (10001308 <alarm_pool_alarm_callback+0x30c>)
1000108a:	2192      	movs	r1, #146	; 0x92
1000108c:	489c      	ldr	r0, [pc, #624]	; (10001300 <alarm_pool_alarm_callback+0x304>)
1000108e:	f001 fa4d 	bl	1000252c <__assert_func>
10001092:	4b99      	ldr	r3, [pc, #612]	; (100012f8 <alarm_pool_alarm_callback+0x2fc>)
10001094:	4a9e      	ldr	r2, [pc, #632]	; (10001310 <alarm_pool_alarm_callback+0x314>)
10001096:	2141      	movs	r1, #65	; 0x41
10001098:	4899      	ldr	r0, [pc, #612]	; (10001300 <alarm_pool_alarm_callback+0x304>)
1000109a:	f001 fa47 	bl	1000252c <__assert_func>
1000109e:	2300      	movs	r3, #0
100010a0:	469a      	mov	sl, r3
100010a2:	4698      	mov	r8, r3
100010a4:	2000      	movs	r0, #0
100010a6:	687b      	ldr	r3, [r7, #4]
100010a8:	f3bf 8f5f 	dmb	sy
100010ac:	2200      	movs	r2, #0
100010ae:	601a      	str	r2, [r3, #0]
100010b0:	f386 8810 	msr	PRIMASK, r6
100010b4:	4643      	mov	r3, r8
100010b6:	2b00      	cmp	r3, #0
100010b8:	d132      	bne.n	10001120 <alarm_pool_alarm_callback+0x124>
100010ba:	2800      	cmp	r0, #0
100010bc:	d100      	bne.n	100010c0 <alarm_pool_alarm_callback+0xc4>
100010be:	e10c      	b.n	100012da <alarm_pool_alarm_callback+0x2de>
100010c0:	f000 fc00 	bl	100018c4 <time_us_64>
100010c4:	0002      	movs	r2, r0
100010c6:	1e0b      	subs	r3, r1, #0
100010c8:	dba7      	blt.n	1000101a <alarm_pool_alarm_callback+0x1e>
100010ca:	2000      	movs	r0, #0
100010cc:	2100      	movs	r1, #0
100010ce:	9006      	str	r0, [sp, #24]
100010d0:	9107      	str	r1, [sp, #28]
100010d2:	6878      	ldr	r0, [r7, #4]
100010d4:	f3ef 8610 	mrs	r6, PRIMASK
100010d8:	b672      	cpsid	i
100010da:	6801      	ldr	r1, [r0, #0]
100010dc:	2900      	cmp	r1, #0
100010de:	d0fc      	beq.n	100010da <alarm_pool_alarm_callback+0xde>
100010e0:	f3bf 8f5f 	dmb	sy
100010e4:	6839      	ldr	r1, [r7, #0]
100010e6:	4688      	mov	r8, r1
100010e8:	7b4c      	ldrb	r4, [r1, #13]
100010ea:	2c00      	cmp	r4, #0
100010ec:	d0d7      	beq.n	1000109e <alarm_pool_alarm_callback+0xa2>
100010ee:	d09a      	beq.n	10001026 <alarm_pool_alarm_callback+0x2a>
100010f0:	7b09      	ldrb	r1, [r1, #12]
100010f2:	428c      	cmp	r4, r1
100010f4:	d897      	bhi.n	10001026 <alarm_pool_alarm_callback+0x2a>
100010f6:	4987      	ldr	r1, [pc, #540]	; (10001314 <alarm_pool_alarm_callback+0x318>)
100010f8:	1865      	adds	r5, r4, r1
100010fa:	012d      	lsls	r5, r5, #4
100010fc:	68b9      	ldr	r1, [r7, #8]
100010fe:	468c      	mov	ip, r1
10001100:	4465      	add	r5, ip
10001102:	6828      	ldr	r0, [r5, #0]
10001104:	6869      	ldr	r1, [r5, #4]
10001106:	1a80      	subs	r0, r0, r2
10001108:	4199      	sbcs	r1, r3
1000110a:	2900      	cmp	r1, #0
1000110c:	dd91      	ble.n	10001032 <alarm_pool_alarm_callback+0x36>
1000110e:	682a      	ldr	r2, [r5, #0]
10001110:	686b      	ldr	r3, [r5, #4]
10001112:	9809      	ldr	r0, [sp, #36]	; 0x24
10001114:	f000 fc62 	bl	100019dc <hardware_alarm_set_target>
10001118:	2300      	movs	r3, #0
1000111a:	469a      	mov	sl, r3
1000111c:	4698      	mov	r8, r3
1000111e:	e7c2      	b.n	100010a6 <alarm_pool_alarm_callback+0xaa>
10001120:	9b08      	ldr	r3, [sp, #32]
10001122:	021b      	lsls	r3, r3, #8
10001124:	4323      	orrs	r3, r4
10001126:	4699      	mov	r9, r3
10001128:	4651      	mov	r1, sl
1000112a:	0018      	movs	r0, r3
1000112c:	47c0      	blx	r8
1000112e:	0005      	movs	r5, r0
10001130:	000e      	movs	r6, r1
10001132:	687a      	ldr	r2, [r7, #4]
10001134:	f3ef 8b10 	mrs	fp, PRIMASK
10001138:	b672      	cpsid	i
1000113a:	6813      	ldr	r3, [r2, #0]
1000113c:	4259      	negs	r1, r3
1000113e:	414b      	adcs	r3, r1
10001140:	b2d9      	uxtb	r1, r3
10001142:	2b00      	cmp	r3, #0
10001144:	d1f9      	bne.n	1000113a <alarm_pool_alarm_callback+0x13e>
10001146:	f3bf 8f5f 	dmb	sy
1000114a:	2e00      	cmp	r6, #0
1000114c:	db1e      	blt.n	1000118c <alarm_pool_alarm_callback+0x190>
1000114e:	2e00      	cmp	r6, #0
10001150:	dd46      	ble.n	100011e0 <alarm_pool_alarm_callback+0x1e4>
10001152:	693b      	ldr	r3, [r7, #16]
10001154:	2b00      	cmp	r3, #0
10001156:	d047      	beq.n	100011e8 <alarm_pool_alarm_callback+0x1ec>
10001158:	454b      	cmp	r3, r9
1000115a:	d16d      	bne.n	10001238 <alarm_pool_alarm_callback+0x23c>
1000115c:	f000 fbb2 	bl	100018c4 <time_us_64>
10001160:	0002      	movs	r2, r0
10001162:	1e0b      	subs	r3, r1, #0
10001164:	db6e      	blt.n	10001244 <alarm_pool_alarm_callback+0x248>
10001166:	1952      	adds	r2, r2, r5
10001168:	4173      	adcs	r3, r6
1000116a:	2b00      	cmp	r3, #0
1000116c:	db70      	blt.n	10001250 <alarm_pool_alarm_callback+0x254>
1000116e:	2b00      	cmp	r3, #0
10001170:	db72      	blt.n	10001258 <alarm_pool_alarm_callback+0x25c>
10001172:	2100      	movs	r1, #0
10001174:	9104      	str	r1, [sp, #16]
10001176:	3101      	adds	r1, #1
10001178:	9103      	str	r1, [sp, #12]
1000117a:	9402      	str	r4, [sp, #8]
1000117c:	4651      	mov	r1, sl
1000117e:	9101      	str	r1, [sp, #4]
10001180:	4641      	mov	r1, r8
10001182:	9100      	str	r1, [sp, #0]
10001184:	0038      	movs	r0, r7
10001186:	f7ff fe7f 	bl	10000e88 <add_alarm_under_lock>
1000118a:	e04c      	b.n	10001226 <alarm_pool_alarm_callback+0x22a>
1000118c:	693b      	ldr	r3, [r7, #16]
1000118e:	2b00      	cmp	r3, #0
10001190:	d0dd      	beq.n	1000114e <alarm_pool_alarm_callback+0x152>
10001192:	454b      	cmp	r3, r9
10001194:	d114      	bne.n	100011c0 <alarm_pool_alarm_callback+0x1c4>
10001196:	9a06      	ldr	r2, [sp, #24]
10001198:	9b07      	ldr	r3, [sp, #28]
1000119a:	1b52      	subs	r2, r2, r5
1000119c:	41b3      	sbcs	r3, r6
1000119e:	2b00      	cmp	r3, #0
100011a0:	db14      	blt.n	100011cc <alarm_pool_alarm_callback+0x1d0>
100011a2:	2b00      	cmp	r3, #0
100011a4:	db16      	blt.n	100011d4 <alarm_pool_alarm_callback+0x1d8>
100011a6:	2100      	movs	r1, #0
100011a8:	9104      	str	r1, [sp, #16]
100011aa:	3101      	adds	r1, #1
100011ac:	9103      	str	r1, [sp, #12]
100011ae:	9402      	str	r4, [sp, #8]
100011b0:	4651      	mov	r1, sl
100011b2:	9101      	str	r1, [sp, #4]
100011b4:	4641      	mov	r1, r8
100011b6:	9100      	str	r1, [sp, #0]
100011b8:	0038      	movs	r0, r7
100011ba:	f7ff fe65 	bl	10000e88 <add_alarm_under_lock>
100011be:	e032      	b.n	10001226 <alarm_pool_alarm_callback+0x22a>
100011c0:	4b55      	ldr	r3, [pc, #340]	; (10001318 <alarm_pool_alarm_callback+0x31c>)
100011c2:	4a51      	ldr	r2, [pc, #324]	; (10001308 <alarm_pool_alarm_callback+0x30c>)
100011c4:	21a1      	movs	r1, #161	; 0xa1
100011c6:	484e      	ldr	r0, [pc, #312]	; (10001300 <alarm_pool_alarm_callback+0x304>)
100011c8:	f001 f9b0 	bl	1000252c <__assert_func>
100011cc:	2201      	movs	r2, #1
100011ce:	4252      	negs	r2, r2
100011d0:	4b52      	ldr	r3, [pc, #328]	; (1000131c <alarm_pool_alarm_callback+0x320>)
100011d2:	e7e6      	b.n	100011a2 <alarm_pool_alarm_callback+0x1a6>
100011d4:	4b45      	ldr	r3, [pc, #276]	; (100012ec <alarm_pool_alarm_callback+0x2f0>)
100011d6:	4a46      	ldr	r2, [pc, #280]	; (100012f0 <alarm_pool_alarm_callback+0x2f4>)
100011d8:	213f      	movs	r1, #63	; 0x3f
100011da:	4846      	ldr	r0, [pc, #280]	; (100012f4 <alarm_pool_alarm_callback+0x2f8>)
100011dc:	f001 f9a6 	bl	1000252c <__assert_func>
100011e0:	2e00      	cmp	r6, #0
100011e2:	d101      	bne.n	100011e8 <alarm_pool_alarm_callback+0x1ec>
100011e4:	2d00      	cmp	r5, #0
100011e6:	d1b4      	bne.n	10001152 <alarm_pool_alarm_callback+0x156>
100011e8:	683b      	ldr	r3, [r7, #0]
100011ea:	2c00      	cmp	r4, #0
100011ec:	d050      	beq.n	10001290 <alarm_pool_alarm_callback+0x294>
100011ee:	7b5a      	ldrb	r2, [r3, #13]
100011f0:	4294      	cmp	r4, r2
100011f2:	d137      	bne.n	10001264 <alarm_pool_alarm_callback+0x268>
100011f4:	2101      	movs	r1, #1
100011f6:	2900      	cmp	r1, #0
100011f8:	d14a      	bne.n	10001290 <alarm_pool_alarm_callback+0x294>
100011fa:	7bda      	ldrb	r2, [r3, #15]
100011fc:	2a00      	cmp	r2, #0
100011fe:	d14d      	bne.n	1000129c <alarm_pool_alarm_callback+0x2a0>
10001200:	7b9a      	ldrb	r2, [r3, #14]
10001202:	2a00      	cmp	r2, #0
10001204:	d103      	bne.n	1000120e <alarm_pool_alarm_callback+0x212>
10001206:	7bda      	ldrb	r2, [r3, #15]
10001208:	2a00      	cmp	r2, #0
1000120a:	d15a      	bne.n	100012c2 <alarm_pool_alarm_callback+0x2c6>
1000120c:	739c      	strb	r4, [r3, #14]
1000120e:	73dc      	strb	r4, [r3, #15]
10001210:	2c00      	cmp	r4, #0
10001212:	d05c      	beq.n	100012ce <alarm_pool_alarm_callback+0x2d2>
10001214:	683b      	ldr	r3, [r7, #0]
10001216:	7b1b      	ldrb	r3, [r3, #12]
10001218:	429c      	cmp	r4, r3
1000121a:	d858      	bhi.n	100012ce <alarm_pool_alarm_callback+0x2d2>
1000121c:	68fa      	ldr	r2, [r7, #12]
1000121e:	3c01      	subs	r4, #1
10001220:	5d13      	ldrb	r3, [r2, r4]
10001222:	3301      	adds	r3, #1
10001224:	5513      	strb	r3, [r2, r4]
10001226:	2300      	movs	r3, #0
10001228:	613b      	str	r3, [r7, #16]
1000122a:	687a      	ldr	r2, [r7, #4]
1000122c:	f3bf 8f5f 	dmb	sy
10001230:	6013      	str	r3, [r2, #0]
10001232:	f38b 8810 	msr	PRIMASK, fp
10001236:	e743      	b.n	100010c0 <alarm_pool_alarm_callback+0xc4>
10001238:	4b37      	ldr	r3, [pc, #220]	; (10001318 <alarm_pool_alarm_callback+0x31c>)
1000123a:	4a33      	ldr	r2, [pc, #204]	; (10001308 <alarm_pool_alarm_callback+0x30c>)
1000123c:	21a4      	movs	r1, #164	; 0xa4
1000123e:	4830      	ldr	r0, [pc, #192]	; (10001300 <alarm_pool_alarm_callback+0x304>)
10001240:	f001 f974 	bl	1000252c <__assert_func>
10001244:	4b29      	ldr	r3, [pc, #164]	; (100012ec <alarm_pool_alarm_callback+0x2f0>)
10001246:	4a2a      	ldr	r2, [pc, #168]	; (100012f0 <alarm_pool_alarm_callback+0x2f4>)
10001248:	213f      	movs	r1, #63	; 0x3f
1000124a:	482a      	ldr	r0, [pc, #168]	; (100012f4 <alarm_pool_alarm_callback+0x2f8>)
1000124c:	f001 f96e 	bl	1000252c <__assert_func>
10001250:	2201      	movs	r2, #1
10001252:	4252      	negs	r2, r2
10001254:	4b31      	ldr	r3, [pc, #196]	; (1000131c <alarm_pool_alarm_callback+0x320>)
10001256:	e78a      	b.n	1000116e <alarm_pool_alarm_callback+0x172>
10001258:	4b24      	ldr	r3, [pc, #144]	; (100012ec <alarm_pool_alarm_callback+0x2f0>)
1000125a:	4a25      	ldr	r2, [pc, #148]	; (100012f0 <alarm_pool_alarm_callback+0x2f4>)
1000125c:	213f      	movs	r1, #63	; 0x3f
1000125e:	4825      	ldr	r0, [pc, #148]	; (100012f4 <alarm_pool_alarm_callback+0x2f8>)
10001260:	f001 f964 	bl	1000252c <__assert_func>
10001264:	2c00      	cmp	r4, #0
10001266:	d00d      	beq.n	10001284 <alarm_pool_alarm_callback+0x288>
10001268:	7b1a      	ldrb	r2, [r3, #12]
1000126a:	4294      	cmp	r4, r2
1000126c:	d80a      	bhi.n	10001284 <alarm_pool_alarm_callback+0x288>
1000126e:	0062      	lsls	r2, r4, #1
10001270:	1912      	adds	r2, r2, r4
10001272:	3a03      	subs	r2, #3
10001274:	6818      	ldr	r0, [r3, #0]
10001276:	4684      	mov	ip, r0
10001278:	4462      	add	r2, ip
1000127a:	7892      	ldrb	r2, [r2, #2]
1000127c:	2a00      	cmp	r2, #0
1000127e:	d0ba      	beq.n	100011f6 <alarm_pool_alarm_callback+0x1fa>
10001280:	2101      	movs	r1, #1
10001282:	e7b8      	b.n	100011f6 <alarm_pool_alarm_callback+0x1fa>
10001284:	4b26      	ldr	r3, [pc, #152]	; (10001320 <alarm_pool_alarm_callback+0x324>)
10001286:	4a27      	ldr	r2, [pc, #156]	; (10001324 <alarm_pool_alarm_callback+0x328>)
10001288:	2168      	movs	r1, #104	; 0x68
1000128a:	4827      	ldr	r0, [pc, #156]	; (10001328 <alarm_pool_alarm_callback+0x32c>)
1000128c:	f001 f94e 	bl	1000252c <__assert_func>
10001290:	4b26      	ldr	r3, [pc, #152]	; (1000132c <alarm_pool_alarm_callback+0x330>)
10001292:	4a27      	ldr	r2, [pc, #156]	; (10001330 <alarm_pool_alarm_callback+0x334>)
10001294:	21f6      	movs	r1, #246	; 0xf6
10001296:	4824      	ldr	r0, [pc, #144]	; (10001328 <alarm_pool_alarm_callback+0x32c>)
10001298:	f001 f948 	bl	1000252c <__assert_func>
1000129c:	2a00      	cmp	r2, #0
1000129e:	d00a      	beq.n	100012b6 <alarm_pool_alarm_callback+0x2ba>
100012a0:	7b19      	ldrb	r1, [r3, #12]
100012a2:	428a      	cmp	r2, r1
100012a4:	d807      	bhi.n	100012b6 <alarm_pool_alarm_callback+0x2ba>
100012a6:	0051      	lsls	r1, r2, #1
100012a8:	188a      	adds	r2, r1, r2
100012aa:	3a03      	subs	r2, #3
100012ac:	6819      	ldr	r1, [r3, #0]
100012ae:	468c      	mov	ip, r1
100012b0:	4462      	add	r2, ip
100012b2:	7054      	strb	r4, [r2, #1]
100012b4:	e7a4      	b.n	10001200 <alarm_pool_alarm_callback+0x204>
100012b6:	4b1a      	ldr	r3, [pc, #104]	; (10001320 <alarm_pool_alarm_callback+0x324>)
100012b8:	4a1a      	ldr	r2, [pc, #104]	; (10001324 <alarm_pool_alarm_callback+0x328>)
100012ba:	2168      	movs	r1, #104	; 0x68
100012bc:	481a      	ldr	r0, [pc, #104]	; (10001328 <alarm_pool_alarm_callback+0x32c>)
100012be:	f001 f935 	bl	1000252c <__assert_func>
100012c2:	4b1c      	ldr	r3, [pc, #112]	; (10001334 <alarm_pool_alarm_callback+0x338>)
100012c4:	4a1a      	ldr	r2, [pc, #104]	; (10001330 <alarm_pool_alarm_callback+0x334>)
100012c6:	21fb      	movs	r1, #251	; 0xfb
100012c8:	4817      	ldr	r0, [pc, #92]	; (10001328 <alarm_pool_alarm_callback+0x32c>)
100012ca:	f001 f92f 	bl	1000252c <__assert_func>
100012ce:	4b0a      	ldr	r3, [pc, #40]	; (100012f8 <alarm_pool_alarm_callback+0x2fc>)
100012d0:	4a0f      	ldr	r2, [pc, #60]	; (10001310 <alarm_pool_alarm_callback+0x314>)
100012d2:	2141      	movs	r1, #65	; 0x41
100012d4:	480a      	ldr	r0, [pc, #40]	; (10001300 <alarm_pool_alarm_callback+0x304>)
100012d6:	f001 f929 	bl	1000252c <__assert_func>
100012da:	b00b      	add	sp, #44	; 0x2c
100012dc:	bcf0      	pop	{r4, r5, r6, r7}
100012de:	46bb      	mov	fp, r7
100012e0:	46b2      	mov	sl, r6
100012e2:	46a9      	mov	r9, r5
100012e4:	46a0      	mov	r8, r4
100012e6:	bdf0      	pop	{r4, r5, r6, r7, pc}
100012e8:	20001810 	.word	0x20001810
100012ec:	1000736c 	.word	0x1000736c
100012f0:	10007714 	.word	0x10007714
100012f4:	10007388 	.word	0x10007388
100012f8:	100074c8 	.word	0x100074c8
100012fc:	10007748 	.word	0x10007748
10001300:	10007474 	.word	0x10007474
10001304:	100075c8 	.word	0x100075c8
10001308:	1000772c 	.word	0x1000772c
1000130c:	100075e0 	.word	0x100075e0
10001310:	1000776c 	.word	0x1000776c
10001314:	0fffffff 	.word	0x0fffffff
10001318:	100075ec 	.word	0x100075ec
1000131c:	7fffffff 	.word	0x7fffffff
10001320:	100074ec 	.word	0x100074ec
10001324:	100077b4 	.word	0x100077b4
10001328:	10007508 	.word	0x10007508
1000132c:	10007628 	.word	0x10007628
10001330:	10007780 	.word	0x10007780
10001334:	1000764c 	.word	0x1000764c

10001338 <alarm_pool_init_default>:
10001338:	b510      	push	{r4, lr}
1000133a:	4b0c      	ldr	r3, [pc, #48]	; (1000136c <alarm_pool_init_default+0x34>)
1000133c:	685b      	ldr	r3, [r3, #4]
1000133e:	2b00      	cmp	r3, #0
10001340:	d004      	beq.n	1000134c <alarm_pool_init_default+0x14>
10001342:	210a      	movs	r1, #10
10001344:	480a      	ldr	r0, [pc, #40]	; (10001370 <alarm_pool_init_default+0x38>)
10001346:	f7ff fc7f 	bl	10000c48 <lock_init>
1000134a:	bd10      	pop	{r4, pc}
1000134c:	4c07      	ldr	r4, [pc, #28]	; (1000136c <alarm_pool_init_default+0x34>)
1000134e:	0023      	movs	r3, r4
10001350:	4a08      	ldr	r2, [pc, #32]	; (10001374 <alarm_pool_init_default+0x3c>)
10001352:	2110      	movs	r1, #16
10001354:	6820      	ldr	r0, [r4, #0]
10001356:	f000 fc7f 	bl	10001c58 <ph_post_alloc_init>
1000135a:	2003      	movs	r0, #3
1000135c:	f000 faa6 	bl	100018ac <hardware_alarm_claim>
10001360:	2103      	movs	r1, #3
10001362:	0020      	movs	r0, r4
10001364:	f7ff fca8 	bl	10000cb8 <alarm_pool_post_alloc_init>
10001368:	e7eb      	b.n	10001342 <alarm_pool_init_default+0xa>
1000136a:	46c0      	nop			; (mov r8, r8)
1000136c:	20000bfc 	.word	0x20000bfc
10001370:	20001a2c 	.word	0x20001a2c
10001374:	10000d29 	.word	0x10000d29

10001378 <alarm_pool_get_default>:
10001378:	b510      	push	{r4, lr}
1000137a:	4b06      	ldr	r3, [pc, #24]	; (10001394 <alarm_pool_get_default+0x1c>)
1000137c:	685b      	ldr	r3, [r3, #4]
1000137e:	2b00      	cmp	r3, #0
10001380:	d001      	beq.n	10001386 <alarm_pool_get_default+0xe>
10001382:	4804      	ldr	r0, [pc, #16]	; (10001394 <alarm_pool_get_default+0x1c>)
10001384:	bd10      	pop	{r4, pc}
10001386:	4b04      	ldr	r3, [pc, #16]	; (10001398 <alarm_pool_get_default+0x20>)
10001388:	4a04      	ldr	r2, [pc, #16]	; (1000139c <alarm_pool_get_default+0x24>)
1000138a:	215e      	movs	r1, #94	; 0x5e
1000138c:	4804      	ldr	r0, [pc, #16]	; (100013a0 <alarm_pool_get_default+0x28>)
1000138e:	f001 f8cd 	bl	1000252c <__assert_func>
10001392:	46c0      	nop			; (mov r8, r8)
10001394:	20000bfc 	.word	0x20000bfc
10001398:	10007660 	.word	0x10007660
1000139c:	10007754 	.word	0x10007754
100013a0:	10007474 	.word	0x10007474

100013a4 <alarm_pool_add_alarm_at>:
100013a4:	b5f0      	push	{r4, r5, r6, r7, lr}
100013a6:	46de      	mov	lr, fp
100013a8:	4657      	mov	r7, sl
100013aa:	464e      	mov	r6, r9
100013ac:	4645      	mov	r5, r8
100013ae:	b5e0      	push	{r5, r6, r7, lr}
100013b0:	b08b      	sub	sp, #44	; 0x2c
100013b2:	4680      	mov	r8, r0
100013b4:	0016      	movs	r6, r2
100013b6:	001f      	movs	r7, r3
100013b8:	9b14      	ldr	r3, [sp, #80]	; 0x50
100013ba:	469a      	mov	sl, r3
100013bc:	9b15      	ldr	r3, [sp, #84]	; 0x54
100013be:	4699      	mov	r9, r3
100013c0:	ab16      	add	r3, sp, #88	; 0x58
100013c2:	781b      	ldrb	r3, [r3, #0]
100013c4:	469b      	mov	fp, r3
100013c6:	231f      	movs	r3, #31
100013c8:	aa02      	add	r2, sp, #8
100013ca:	4694      	mov	ip, r2
100013cc:	4463      	add	r3, ip
100013ce:	2200      	movs	r2, #0
100013d0:	701a      	strb	r2, [r3, #0]
100013d2:	e02b      	b.n	1000142c <alarm_pool_add_alarm_at+0x88>
100013d4:	2800      	cmp	r0, #0
100013d6:	d009      	beq.n	100013ec <alarm_pool_add_alarm_at+0x48>
100013d8:	4642      	mov	r2, r8
100013da:	6812      	ldr	r2, [r2, #0]
100013dc:	7b12      	ldrb	r2, [r2, #12]
100013de:	4290      	cmp	r0, r2
100013e0:	d804      	bhi.n	100013ec <alarm_pool_add_alarm_at+0x48>
100013e2:	1e42      	subs	r2, r0, #1
100013e4:	4641      	mov	r1, r8
100013e6:	68c9      	ldr	r1, [r1, #12]
100013e8:	5c8a      	ldrb	r2, [r1, r2]
100013ea:	e041      	b.n	10001470 <alarm_pool_add_alarm_at+0xcc>
100013ec:	4b40      	ldr	r3, [pc, #256]	; (100014f0 <alarm_pool_add_alarm_at+0x14c>)
100013ee:	4a41      	ldr	r2, [pc, #260]	; (100014f4 <alarm_pool_add_alarm_at+0x150>)
100013f0:	2141      	movs	r1, #65	; 0x41
100013f2:	4841      	ldr	r0, [pc, #260]	; (100014f8 <alarm_pool_add_alarm_at+0x154>)
100013f4:	f001 f89a 	bl	1000252c <__assert_func>
100013f8:	9807      	ldr	r0, [sp, #28]
100013fa:	e04c      	b.n	10001496 <alarm_pool_add_alarm_at+0xf2>
100013fc:	1b36      	subs	r6, r6, r4
100013fe:	41af      	sbcs	r7, r5
10001400:	2f00      	cmp	r7, #0
10001402:	db07      	blt.n	10001414 <alarm_pool_add_alarm_at+0x70>
10001404:	2f00      	cmp	r7, #0
10001406:	da11      	bge.n	1000142c <alarm_pool_add_alarm_at+0x88>
10001408:	4b3c      	ldr	r3, [pc, #240]	; (100014fc <alarm_pool_add_alarm_at+0x158>)
1000140a:	4a3d      	ldr	r2, [pc, #244]	; (10001500 <alarm_pool_add_alarm_at+0x15c>)
1000140c:	213f      	movs	r1, #63	; 0x3f
1000140e:	483d      	ldr	r0, [pc, #244]	; (10001504 <alarm_pool_add_alarm_at+0x160>)
10001410:	f001 f88c 	bl	1000252c <__assert_func>
10001414:	2601      	movs	r6, #1
10001416:	4276      	negs	r6, r6
10001418:	4f3b      	ldr	r7, [pc, #236]	; (10001508 <alarm_pool_add_alarm_at+0x164>)
1000141a:	e7f3      	b.n	10001404 <alarm_pool_add_alarm_at+0x60>
1000141c:	4b37      	ldr	r3, [pc, #220]	; (100014fc <alarm_pool_add_alarm_at+0x158>)
1000141e:	4a38      	ldr	r2, [pc, #224]	; (10001500 <alarm_pool_add_alarm_at+0x15c>)
10001420:	213f      	movs	r1, #63	; 0x3f
10001422:	4838      	ldr	r0, [pc, #224]	; (10001504 <alarm_pool_add_alarm_at+0x160>)
10001424:	f001 f882 	bl	1000252c <__assert_func>
10001428:	2f00      	cmp	r7, #0
1000142a:	db4f      	blt.n	100014cc <alarm_pool_add_alarm_at+0x128>
1000142c:	4643      	mov	r3, r8
1000142e:	685a      	ldr	r2, [r3, #4]
10001430:	f3ef 8410 	mrs	r4, PRIMASK
10001434:	b672      	cpsid	i
10001436:	6813      	ldr	r3, [r2, #0]
10001438:	4259      	negs	r1, r3
1000143a:	414b      	adcs	r3, r1
1000143c:	b2d9      	uxtb	r1, r3
1000143e:	9107      	str	r1, [sp, #28]
10001440:	2b00      	cmp	r3, #0
10001442:	d1f8      	bne.n	10001436 <alarm_pool_add_alarm_at+0x92>
10001444:	f3bf 8f5f 	dmb	sy
10001448:	331f      	adds	r3, #31
1000144a:	aa02      	add	r2, sp, #8
1000144c:	4694      	mov	ip, r2
1000144e:	4463      	add	r3, ip
10001450:	9304      	str	r3, [sp, #16]
10001452:	2300      	movs	r3, #0
10001454:	9303      	str	r3, [sp, #12]
10001456:	9302      	str	r3, [sp, #8]
10001458:	464b      	mov	r3, r9
1000145a:	9301      	str	r3, [sp, #4]
1000145c:	4653      	mov	r3, sl
1000145e:	9300      	str	r3, [sp, #0]
10001460:	0032      	movs	r2, r6
10001462:	003b      	movs	r3, r7
10001464:	4640      	mov	r0, r8
10001466:	f7ff fd0f 	bl	10000e88 <add_alarm_under_lock>
1000146a:	1e03      	subs	r3, r0, #0
1000146c:	d1b2      	bne.n	100013d4 <alarm_pool_add_alarm_at+0x30>
1000146e:	0002      	movs	r2, r0
10001470:	4641      	mov	r1, r8
10001472:	6849      	ldr	r1, [r1, #4]
10001474:	f3bf 8f5f 	dmb	sy
10001478:	2500      	movs	r5, #0
1000147a:	600d      	str	r5, [r1, #0]
1000147c:	f384 8810 	msr	PRIMASK, r4
10001480:	2b00      	cmp	r3, #0
10001482:	d029      	beq.n	100014d8 <alarm_pool_add_alarm_at+0x134>
10001484:	231f      	movs	r3, #31
10001486:	a902      	add	r1, sp, #8
10001488:	468c      	mov	ip, r1
1000148a:	4463      	add	r3, ip
1000148c:	781b      	ldrb	r3, [r3, #0]
1000148e:	2b00      	cmp	r3, #0
10001490:	d1b2      	bne.n	100013f8 <alarm_pool_add_alarm_at+0x54>
10001492:	0212      	lsls	r2, r2, #8
10001494:	4310      	orrs	r0, r2
10001496:	2b00      	cmp	r3, #0
10001498:	d020      	beq.n	100014dc <alarm_pool_add_alarm_at+0x138>
1000149a:	465b      	mov	r3, fp
1000149c:	2b00      	cmp	r3, #0
1000149e:	d01d      	beq.n	100014dc <alarm_pool_add_alarm_at+0x138>
100014a0:	4649      	mov	r1, r9
100014a2:	47d0      	blx	sl
100014a4:	0004      	movs	r4, r0
100014a6:	000d      	movs	r5, r1
100014a8:	0003      	movs	r3, r0
100014aa:	430b      	orrs	r3, r1
100014ac:	d01d      	beq.n	100014ea <alarm_pool_add_alarm_at+0x146>
100014ae:	2900      	cmp	r1, #0
100014b0:	dba4      	blt.n	100013fc <alarm_pool_add_alarm_at+0x58>
100014b2:	f000 fa07 	bl	100018c4 <time_us_64>
100014b6:	0006      	movs	r6, r0
100014b8:	1e0f      	subs	r7, r1, #0
100014ba:	dbaf      	blt.n	1000141c <alarm_pool_add_alarm_at+0x78>
100014bc:	1936      	adds	r6, r6, r4
100014be:	416f      	adcs	r7, r5
100014c0:	2f00      	cmp	r7, #0
100014c2:	dab1      	bge.n	10001428 <alarm_pool_add_alarm_at+0x84>
100014c4:	2601      	movs	r6, #1
100014c6:	4276      	negs	r6, r6
100014c8:	4f0f      	ldr	r7, [pc, #60]	; (10001508 <alarm_pool_add_alarm_at+0x164>)
100014ca:	e7ad      	b.n	10001428 <alarm_pool_add_alarm_at+0x84>
100014cc:	4b0b      	ldr	r3, [pc, #44]	; (100014fc <alarm_pool_add_alarm_at+0x158>)
100014ce:	4a0c      	ldr	r2, [pc, #48]	; (10001500 <alarm_pool_add_alarm_at+0x15c>)
100014d0:	213f      	movs	r1, #63	; 0x3f
100014d2:	480c      	ldr	r0, [pc, #48]	; (10001504 <alarm_pool_add_alarm_at+0x160>)
100014d4:	f001 f82a 	bl	1000252c <__assert_func>
100014d8:	2001      	movs	r0, #1
100014da:	4240      	negs	r0, r0
100014dc:	b00b      	add	sp, #44	; 0x2c
100014de:	bcf0      	pop	{r4, r5, r6, r7}
100014e0:	46bb      	mov	fp, r7
100014e2:	46b2      	mov	sl, r6
100014e4:	46a9      	mov	r9, r5
100014e6:	46a0      	mov	r8, r4
100014e8:	bdf0      	pop	{r4, r5, r6, r7, pc}
100014ea:	9807      	ldr	r0, [sp, #28]
100014ec:	e7f6      	b.n	100014dc <alarm_pool_add_alarm_at+0x138>
100014ee:	46c0      	nop			; (mov r8, r8)
100014f0:	100074c8 	.word	0x100074c8
100014f4:	1000776c 	.word	0x1000776c
100014f8:	10007474 	.word	0x10007474
100014fc:	1000736c 	.word	0x1000736c
10001500:	10007714 	.word	0x10007714
10001504:	10007388 	.word	0x10007388
10001508:	7fffffff 	.word	0x7fffffff

1000150c <alarm_pool_cancel_alarm>:
1000150c:	b5f8      	push	{r3, r4, r5, r6, r7, lr}
1000150e:	0004      	movs	r4, r0
10001510:	2900      	cmp	r1, #0
10001512:	d100      	bne.n	10001516 <alarm_pool_cancel_alarm+0xa>
10001514:	e062      	b.n	100015dc <alarm_pool_cancel_alarm+0xd0>
10001516:	6842      	ldr	r2, [r0, #4]
10001518:	f3ef 8510 	mrs	r5, PRIMASK
1000151c:	b672      	cpsid	i
1000151e:	6813      	ldr	r3, [r2, #0]
10001520:	4258      	negs	r0, r3
10001522:	4143      	adcs	r3, r0
10001524:	b2d8      	uxtb	r0, r3
10001526:	2b00      	cmp	r3, #0
10001528:	d1f9      	bne.n	1000151e <alarm_pool_cancel_alarm+0x12>
1000152a:	f3bf 8f5f 	dmb	sy
1000152e:	b2cb      	uxtb	r3, r1
10001530:	6822      	ldr	r2, [r4, #0]
10001532:	7b56      	ldrb	r6, [r2, #13]
10001534:	42b3      	cmp	r3, r6
10001536:	d11b      	bne.n	10001570 <alarm_pool_cancel_alarm+0x64>
10001538:	2001      	movs	r0, #1
1000153a:	2800      	cmp	r0, #0
1000153c:	d048      	beq.n	100015d0 <alarm_pool_cancel_alarm+0xc4>
1000153e:	6920      	ldr	r0, [r4, #16]
10001540:	4288      	cmp	r0, r1
10001542:	d02b      	beq.n	1000159c <alarm_pool_cancel_alarm+0x90>
10001544:	0a09      	lsrs	r1, r1, #8
10001546:	b2c9      	uxtb	r1, r1
10001548:	2b00      	cmp	r3, #0
1000154a:	d02e      	beq.n	100015aa <alarm_pool_cancel_alarm+0x9e>
1000154c:	6820      	ldr	r0, [r4, #0]
1000154e:	7b00      	ldrb	r0, [r0, #12]
10001550:	4283      	cmp	r3, r0
10001552:	d82a      	bhi.n	100015aa <alarm_pool_cancel_alarm+0x9e>
10001554:	1e58      	subs	r0, r3, #1
10001556:	68e6      	ldr	r6, [r4, #12]
10001558:	5c30      	ldrb	r0, [r6, r0]
1000155a:	4288      	cmp	r0, r1
1000155c:	d02b      	beq.n	100015b6 <alarm_pool_cancel_alarm+0xaa>
1000155e:	2000      	movs	r0, #0
10001560:	6863      	ldr	r3, [r4, #4]
10001562:	f3bf 8f5f 	dmb	sy
10001566:	2200      	movs	r2, #0
10001568:	601a      	str	r2, [r3, #0]
1000156a:	f385 8810 	msr	PRIMASK, r5
1000156e:	bdf8      	pop	{r3, r4, r5, r6, r7, pc}
10001570:	2b00      	cmp	r3, #0
10001572:	d00d      	beq.n	10001590 <alarm_pool_cancel_alarm+0x84>
10001574:	7b16      	ldrb	r6, [r2, #12]
10001576:	42b3      	cmp	r3, r6
10001578:	d80a      	bhi.n	10001590 <alarm_pool_cancel_alarm+0x84>
1000157a:	005e      	lsls	r6, r3, #1
1000157c:	18f6      	adds	r6, r6, r3
1000157e:	3e03      	subs	r6, #3
10001580:	6817      	ldr	r7, [r2, #0]
10001582:	46bc      	mov	ip, r7
10001584:	4466      	add	r6, ip
10001586:	78b6      	ldrb	r6, [r6, #2]
10001588:	2e00      	cmp	r6, #0
1000158a:	d0d6      	beq.n	1000153a <alarm_pool_cancel_alarm+0x2e>
1000158c:	2001      	movs	r0, #1
1000158e:	e7d4      	b.n	1000153a <alarm_pool_cancel_alarm+0x2e>
10001590:	4b13      	ldr	r3, [pc, #76]	; (100015e0 <alarm_pool_cancel_alarm+0xd4>)
10001592:	4a14      	ldr	r2, [pc, #80]	; (100015e4 <alarm_pool_cancel_alarm+0xd8>)
10001594:	2168      	movs	r1, #104	; 0x68
10001596:	4814      	ldr	r0, [pc, #80]	; (100015e8 <alarm_pool_cancel_alarm+0xdc>)
10001598:	f000 ffc8 	bl	1000252c <__assert_func>
1000159c:	212c      	movs	r1, #44	; 0x2c
1000159e:	4b13      	ldr	r3, [pc, #76]	; (100015ec <alarm_pool_cancel_alarm+0xe0>)
100015a0:	4a13      	ldr	r2, [pc, #76]	; (100015f0 <alarm_pool_cancel_alarm+0xe4>)
100015a2:	31ff      	adds	r1, #255	; 0xff
100015a4:	4813      	ldr	r0, [pc, #76]	; (100015f4 <alarm_pool_cancel_alarm+0xe8>)
100015a6:	f000 ffc1 	bl	1000252c <__assert_func>
100015aa:	4b13      	ldr	r3, [pc, #76]	; (100015f8 <alarm_pool_cancel_alarm+0xec>)
100015ac:	4a13      	ldr	r2, [pc, #76]	; (100015fc <alarm_pool_cancel_alarm+0xf0>)
100015ae:	2141      	movs	r1, #65	; 0x41
100015b0:	4810      	ldr	r0, [pc, #64]	; (100015f4 <alarm_pool_cancel_alarm+0xe8>)
100015b2:	f000 ffbb 	bl	1000252c <__assert_func>
100015b6:	0019      	movs	r1, r3
100015b8:	0010      	movs	r0, r2
100015ba:	f000 fc47 	bl	10001e4c <ph_remove_and_free_node>
100015be:	2800      	cmp	r0, #0
100015c0:	d1ce      	bne.n	10001560 <alarm_pool_cancel_alarm+0x54>
100015c2:	2199      	movs	r1, #153	; 0x99
100015c4:	4b0e      	ldr	r3, [pc, #56]	; (10001600 <alarm_pool_cancel_alarm+0xf4>)
100015c6:	4a0a      	ldr	r2, [pc, #40]	; (100015f0 <alarm_pool_cancel_alarm+0xe4>)
100015c8:	0049      	lsls	r1, r1, #1
100015ca:	480a      	ldr	r0, [pc, #40]	; (100015f4 <alarm_pool_cancel_alarm+0xe8>)
100015cc:	f000 ffae 	bl	1000252c <__assert_func>
100015d0:	6923      	ldr	r3, [r4, #16]
100015d2:	428b      	cmp	r3, r1
100015d4:	d1c4      	bne.n	10001560 <alarm_pool_cancel_alarm+0x54>
100015d6:	2300      	movs	r3, #0
100015d8:	6123      	str	r3, [r4, #16]
100015da:	e7c1      	b.n	10001560 <alarm_pool_cancel_alarm+0x54>
100015dc:	2000      	movs	r0, #0
100015de:	e7c6      	b.n	1000156e <alarm_pool_cancel_alarm+0x62>
100015e0:	100074ec 	.word	0x100074ec
100015e4:	100077b4 	.word	0x100077b4
100015e8:	10007508 	.word	0x10007508
100015ec:	10007684 	.word	0x10007684
100015f0:	100076fc 	.word	0x100076fc
100015f4:	10007474 	.word	0x10007474
100015f8:	100074c8 	.word	0x100074c8
100015fc:	1000776c 	.word	0x1000776c
10001600:	100076a8 	.word	0x100076a8

10001604 <alarm_pool_core_num>:
10001604:	7d40      	ldrb	r0, [r0, #21]
10001606:	4770      	bx	lr

10001608 <sleep_until>:
10001608:	b5f0      	push	{r4, r5, r6, r7, lr}
1000160a:	b087      	sub	sp, #28
1000160c:	0006      	movs	r6, r0
1000160e:	000f      	movs	r7, r1
10001610:	f3ef 8305 	mrs	r3, IPSR
10001614:	2b00      	cmp	r3, #0
10001616:	d11f      	bne.n	10001658 <sleep_until+0x50>
10001618:	2406      	movs	r4, #6
1000161a:	4264      	negs	r4, r4
1000161c:	17e5      	asrs	r5, r4, #31
1000161e:	19a4      	adds	r4, r4, r6
10001620:	417d      	adcs	r5, r7
10001622:	428d      	cmp	r5, r1
10001624:	d802      	bhi.n	1000162c <sleep_until+0x24>
10001626:	d103      	bne.n	10001630 <sleep_until+0x28>
10001628:	4284      	cmp	r4, r0
1000162a:	d901      	bls.n	10001630 <sleep_until+0x28>
1000162c:	2400      	movs	r4, #0
1000162e:	2500      	movs	r5, #0
10001630:	2d00      	cmp	r5, #0
10001632:	db14      	blt.n	1000165e <sleep_until+0x56>
10001634:	9404      	str	r4, [sp, #16]
10001636:	9505      	str	r5, [sp, #20]
10001638:	f000 f944 	bl	100018c4 <time_us_64>
1000163c:	0002      	movs	r2, r0
1000163e:	1e0b      	subs	r3, r1, #0
10001640:	db13      	blt.n	1000166a <sleep_until+0x62>
10001642:	1aa4      	subs	r4, r4, r2
10001644:	419d      	sbcs	r5, r3
10001646:	2d00      	cmp	r5, #0
10001648:	dc17      	bgt.n	1000167a <sleep_until+0x72>
1000164a:	d014      	beq.n	10001676 <sleep_until+0x6e>
1000164c:	0030      	movs	r0, r6
1000164e:	0039      	movs	r1, r7
10001650:	f000 f944 	bl	100018dc <busy_wait_until>
10001654:	b007      	add	sp, #28
10001656:	bdf0      	pop	{r4, r5, r6, r7, pc}
10001658:	4823      	ldr	r0, [pc, #140]	; (100016e8 <sleep_until+0xe0>)
1000165a:	f001 f801 	bl	10002660 <panic>
1000165e:	4b23      	ldr	r3, [pc, #140]	; (100016ec <sleep_until+0xe4>)
10001660:	4a23      	ldr	r2, [pc, #140]	; (100016f0 <sleep_until+0xe8>)
10001662:	213f      	movs	r1, #63	; 0x3f
10001664:	4823      	ldr	r0, [pc, #140]	; (100016f4 <sleep_until+0xec>)
10001666:	f000 ff61 	bl	1000252c <__assert_func>
1000166a:	4b20      	ldr	r3, [pc, #128]	; (100016ec <sleep_until+0xe4>)
1000166c:	4a20      	ldr	r2, [pc, #128]	; (100016f0 <sleep_until+0xe8>)
1000166e:	213f      	movs	r1, #63	; 0x3f
10001670:	4820      	ldr	r0, [pc, #128]	; (100016f4 <sleep_until+0xec>)
10001672:	f000 ff5b 	bl	1000252c <__assert_func>
10001676:	2c00      	cmp	r4, #0
10001678:	d0e8      	beq.n	1000164c <sleep_until+0x44>
1000167a:	f7ff fe7d 	bl	10001378 <alarm_pool_get_default>
1000167e:	2300      	movs	r3, #0
10001680:	9302      	str	r3, [sp, #8]
10001682:	9301      	str	r3, [sp, #4]
10001684:	4b1c      	ldr	r3, [pc, #112]	; (100016f8 <sleep_until+0xf0>)
10001686:	9300      	str	r3, [sp, #0]
10001688:	9a04      	ldr	r2, [sp, #16]
1000168a:	9b05      	ldr	r3, [sp, #20]
1000168c:	f7ff fe8a 	bl	100013a4 <alarm_pool_add_alarm_at>
10001690:	2800      	cmp	r0, #0
10001692:	da18      	bge.n	100016c6 <sleep_until+0xbe>
10001694:	e7da      	b.n	1000164c <sleep_until+0x44>
10001696:	2300      	movs	r3, #0
10001698:	e000      	b.n	1000169c <sleep_until+0x94>
1000169a:	2300      	movs	r3, #0
1000169c:	2b00      	cmp	r3, #0
1000169e:	d1d5      	bne.n	1000164c <sleep_until+0x44>
100016a0:	4b16      	ldr	r3, [pc, #88]	; (100016fc <sleep_until+0xf4>)
100016a2:	681a      	ldr	r2, [r3, #0]
100016a4:	f3ef 8110 	mrs	r1, PRIMASK
100016a8:	b672      	cpsid	i
100016aa:	6813      	ldr	r3, [r2, #0]
100016ac:	2b00      	cmp	r3, #0
100016ae:	d0fc      	beq.n	100016aa <sleep_until+0xa2>
100016b0:	f3bf 8f5f 	dmb	sy
100016b4:	4b11      	ldr	r3, [pc, #68]	; (100016fc <sleep_until+0xf4>)
100016b6:	681b      	ldr	r3, [r3, #0]
100016b8:	f3bf 8f5f 	dmb	sy
100016bc:	2200      	movs	r2, #0
100016be:	601a      	str	r2, [r3, #0]
100016c0:	f381 8810 	msr	PRIMASK, r1
100016c4:	bf20      	wfe
100016c6:	9904      	ldr	r1, [sp, #16]
100016c8:	9a05      	ldr	r2, [sp, #20]
100016ca:	4b0d      	ldr	r3, [pc, #52]	; (10001700 <sleep_until+0xf8>)
100016cc:	6a5b      	ldr	r3, [r3, #36]	; 0x24
100016ce:	429a      	cmp	r2, r3
100016d0:	d8e3      	bhi.n	1000169a <sleep_until+0x92>
100016d2:	480b      	ldr	r0, [pc, #44]	; (10001700 <sleep_until+0xf8>)
100016d4:	6a80      	ldr	r0, [r0, #40]	; 0x28
100016d6:	4288      	cmp	r0, r1
100016d8:	d203      	bcs.n	100016e2 <sleep_until+0xda>
100016da:	429a      	cmp	r2, r3
100016dc:	d0db      	beq.n	10001696 <sleep_until+0x8e>
100016de:	2301      	movs	r3, #1
100016e0:	e7dc      	b.n	1000169c <sleep_until+0x94>
100016e2:	2301      	movs	r3, #1
100016e4:	e7da      	b.n	1000169c <sleep_until+0x94>
100016e6:	46c0      	nop			; (mov r8, r8)
100016e8:	100076ac 	.word	0x100076ac
100016ec:	1000736c 	.word	0x1000736c
100016f0:	10007714 	.word	0x10007714
100016f4:	10007388 	.word	0x10007388
100016f8:	10000cf9 	.word	0x10000cf9
100016fc:	20001a2c 	.word	0x20001a2c
10001700:	40054000 	.word	0x40054000

10001704 <sleep_us>:
10001704:	b570      	push	{r4, r5, r6, lr}
10001706:	0004      	movs	r4, r0
10001708:	000d      	movs	r5, r1
1000170a:	f000 f8db 	bl	100018c4 <time_us_64>
1000170e:	0002      	movs	r2, r0
10001710:	1e0b      	subs	r3, r1, #0
10001712:	db0a      	blt.n	1000172a <sleep_us+0x26>
10001714:	0020      	movs	r0, r4
10001716:	0029      	movs	r1, r5
10001718:	1880      	adds	r0, r0, r2
1000171a:	4159      	adcs	r1, r3
1000171c:	2900      	cmp	r1, #0
1000171e:	db0a      	blt.n	10001736 <sleep_us+0x32>
10001720:	2900      	cmp	r1, #0
10001722:	db0c      	blt.n	1000173e <sleep_us+0x3a>
10001724:	f7ff ff70 	bl	10001608 <sleep_until>
10001728:	bd70      	pop	{r4, r5, r6, pc}
1000172a:	4b08      	ldr	r3, [pc, #32]	; (1000174c <sleep_us+0x48>)
1000172c:	4a08      	ldr	r2, [pc, #32]	; (10001750 <sleep_us+0x4c>)
1000172e:	213f      	movs	r1, #63	; 0x3f
10001730:	4808      	ldr	r0, [pc, #32]	; (10001754 <sleep_us+0x50>)
10001732:	f000 fefb 	bl	1000252c <__assert_func>
10001736:	2001      	movs	r0, #1
10001738:	4240      	negs	r0, r0
1000173a:	4907      	ldr	r1, [pc, #28]	; (10001758 <sleep_us+0x54>)
1000173c:	e7f0      	b.n	10001720 <sleep_us+0x1c>
1000173e:	4b03      	ldr	r3, [pc, #12]	; (1000174c <sleep_us+0x48>)
10001740:	4a03      	ldr	r2, [pc, #12]	; (10001750 <sleep_us+0x4c>)
10001742:	213f      	movs	r1, #63	; 0x3f
10001744:	4803      	ldr	r0, [pc, #12]	; (10001754 <sleep_us+0x50>)
10001746:	f000 fef1 	bl	1000252c <__assert_func>
1000174a:	46c0      	nop			; (mov r8, r8)
1000174c:	1000736c 	.word	0x1000736c
10001750:	10007714 	.word	0x10007714
10001754:	10007388 	.word	0x10007388
10001758:	7fffffff 	.word	0x7fffffff

1000175c <sleep_ms>:
1000175c:	b510      	push	{r4, lr}
1000175e:	22fa      	movs	r2, #250	; 0xfa
10001760:	0092      	lsls	r2, r2, #2
10001762:	2300      	movs	r3, #0
10001764:	2100      	movs	r1, #0
10001766:	f002 fc25 	bl	10003fb4 <__wrap___aeabi_lmul>
1000176a:	f7ff ffcb 	bl	10001704 <sleep_us>
1000176e:	bd10      	pop	{r4, pc}

10001770 <best_effort_wfe_or_timeout>:
10001770:	b570      	push	{r4, r5, r6, lr}
10001772:	b084      	sub	sp, #16
10001774:	0005      	movs	r5, r0
10001776:	000c      	movs	r4, r1
10001778:	f3ef 8305 	mrs	r3, IPSR
1000177c:	2b00      	cmp	r3, #0
1000177e:	d11e      	bne.n	100017be <best_effort_wfe_or_timeout+0x4e>
10001780:	f7ff fdfa 	bl	10001378 <alarm_pool_get_default>
10001784:	2300      	movs	r3, #0
10001786:	9302      	str	r3, [sp, #8]
10001788:	9301      	str	r3, [sp, #4]
1000178a:	4b22      	ldr	r3, [pc, #136]	; (10001814 <best_effort_wfe_or_timeout+0xa4>)
1000178c:	9300      	str	r3, [sp, #0]
1000178e:	002a      	movs	r2, r5
10001790:	0023      	movs	r3, r4
10001792:	f7ff fe07 	bl	100013a4 <alarm_pool_add_alarm_at>
10001796:	1e06      	subs	r6, r0, #0
10001798:	dd23      	ble.n	100017e2 <best_effort_wfe_or_timeout+0x72>
1000179a:	bf20      	wfe
1000179c:	f7ff fdec 	bl	10001378 <alarm_pool_get_default>
100017a0:	0031      	movs	r1, r6
100017a2:	f7ff feb3 	bl	1000150c <alarm_pool_cancel_alarm>
100017a6:	4b1c      	ldr	r3, [pc, #112]	; (10001818 <best_effort_wfe_or_timeout+0xa8>)
100017a8:	6a5b      	ldr	r3, [r3, #36]	; 0x24
100017aa:	429c      	cmp	r4, r3
100017ac:	d82d      	bhi.n	1000180a <best_effort_wfe_or_timeout+0x9a>
100017ae:	4a1a      	ldr	r2, [pc, #104]	; (10001818 <best_effort_wfe_or_timeout+0xa8>)
100017b0:	6a92      	ldr	r2, [r2, #40]	; 0x28
100017b2:	42aa      	cmp	r2, r5
100017b4:	d22c      	bcs.n	10001810 <best_effort_wfe_or_timeout+0xa0>
100017b6:	429c      	cmp	r4, r3
100017b8:	d025      	beq.n	10001806 <best_effort_wfe_or_timeout+0x96>
100017ba:	2001      	movs	r0, #1
100017bc:	e026      	b.n	1000180c <best_effort_wfe_or_timeout+0x9c>
100017be:	4b16      	ldr	r3, [pc, #88]	; (10001818 <best_effort_wfe_or_timeout+0xa8>)
100017c0:	6a5b      	ldr	r3, [r3, #36]	; 0x24
100017c2:	4299      	cmp	r1, r3
100017c4:	d809      	bhi.n	100017da <best_effort_wfe_or_timeout+0x6a>
100017c6:	4a14      	ldr	r2, [pc, #80]	; (10001818 <best_effort_wfe_or_timeout+0xa8>)
100017c8:	6a92      	ldr	r2, [r2, #40]	; 0x28
100017ca:	4282      	cmp	r2, r0
100017cc:	d207      	bcs.n	100017de <best_effort_wfe_or_timeout+0x6e>
100017ce:	4299      	cmp	r1, r3
100017d0:	d001      	beq.n	100017d6 <best_effort_wfe_or_timeout+0x66>
100017d2:	2001      	movs	r0, #1
100017d4:	e01a      	b.n	1000180c <best_effort_wfe_or_timeout+0x9c>
100017d6:	2000      	movs	r0, #0
100017d8:	e018      	b.n	1000180c <best_effort_wfe_or_timeout+0x9c>
100017da:	2000      	movs	r0, #0
100017dc:	e016      	b.n	1000180c <best_effort_wfe_or_timeout+0x9c>
100017de:	2001      	movs	r0, #1
100017e0:	e014      	b.n	1000180c <best_effort_wfe_or_timeout+0x9c>
100017e2:	4b0d      	ldr	r3, [pc, #52]	; (10001818 <best_effort_wfe_or_timeout+0xa8>)
100017e4:	6a5b      	ldr	r3, [r3, #36]	; 0x24
100017e6:	429c      	cmp	r4, r3
100017e8:	d809      	bhi.n	100017fe <best_effort_wfe_or_timeout+0x8e>
100017ea:	4a0b      	ldr	r2, [pc, #44]	; (10001818 <best_effort_wfe_or_timeout+0xa8>)
100017ec:	6a92      	ldr	r2, [r2, #40]	; 0x28
100017ee:	42aa      	cmp	r2, r5
100017f0:	d207      	bcs.n	10001802 <best_effort_wfe_or_timeout+0x92>
100017f2:	429c      	cmp	r4, r3
100017f4:	d001      	beq.n	100017fa <best_effort_wfe_or_timeout+0x8a>
100017f6:	2001      	movs	r0, #1
100017f8:	e008      	b.n	1000180c <best_effort_wfe_or_timeout+0x9c>
100017fa:	2000      	movs	r0, #0
100017fc:	e006      	b.n	1000180c <best_effort_wfe_or_timeout+0x9c>
100017fe:	2000      	movs	r0, #0
10001800:	e004      	b.n	1000180c <best_effort_wfe_or_timeout+0x9c>
10001802:	2001      	movs	r0, #1
10001804:	e002      	b.n	1000180c <best_effort_wfe_or_timeout+0x9c>
10001806:	2000      	movs	r0, #0
10001808:	e000      	b.n	1000180c <best_effort_wfe_or_timeout+0x9c>
1000180a:	2000      	movs	r0, #0
1000180c:	b004      	add	sp, #16
1000180e:	bd70      	pop	{r4, r5, r6, pc}
10001810:	2001      	movs	r0, #1
10001812:	e7fb      	b.n	1000180c <best_effort_wfe_or_timeout+0x9c>
10001814:	10000cf9 	.word	0x10000cf9
10001818:	40054000 	.word	0x40054000

1000181c <hardware_alarm_irq_handler>:
1000181c:	b570      	push	{r4, r5, r6, lr}
1000181e:	f3ef 8005 	mrs	r0, IPSR
10001822:	3810      	subs	r0, #16
10001824:	f3ef 8c10 	mrs	ip, PRIMASK
10001828:	b672      	cpsid	i
1000182a:	4b1a      	ldr	r3, [pc, #104]	; (10001894 <hardware_alarm_irq_handler+0x78>)
1000182c:	681b      	ldr	r3, [r3, #0]
1000182e:	2b00      	cmp	r3, #0
10001830:	d0fb      	beq.n	1000182a <hardware_alarm_irq_handler+0xe>
10001832:	f3bf 8f5f 	dmb	sy
10001836:	2201      	movs	r2, #1
10001838:	0013      	movs	r3, r2
1000183a:	4083      	lsls	r3, r0
1000183c:	4916      	ldr	r1, [pc, #88]	; (10001898 <hardware_alarm_irq_handler+0x7c>)
1000183e:	634b      	str	r3, [r1, #52]	; 0x34
10001840:	4916      	ldr	r1, [pc, #88]	; (1000189c <hardware_alarm_irq_handler+0x80>)
10001842:	600b      	str	r3, [r1, #0]
10001844:	4916      	ldr	r1, [pc, #88]	; (100018a0 <hardware_alarm_irq_handler+0x84>)
10001846:	7809      	ldrb	r1, [r1, #0]
10001848:	000c      	movs	r4, r1
1000184a:	40c4      	lsrs	r4, r0
1000184c:	4222      	tst	r2, r4
1000184e:	d014      	beq.n	1000187a <hardware_alarm_irq_handler+0x5e>
10001850:	4a11      	ldr	r2, [pc, #68]	; (10001898 <hardware_alarm_irq_handler+0x7c>)
10001852:	6a54      	ldr	r4, [r2, #36]	; 0x24
10001854:	0082      	lsls	r2, r0, #2
10001856:	4d13      	ldr	r5, [pc, #76]	; (100018a4 <hardware_alarm_irq_handler+0x88>)
10001858:	5952      	ldr	r2, [r2, r5]
1000185a:	4294      	cmp	r4, r2
1000185c:	d306      	bcc.n	1000186c <hardware_alarm_irq_handler+0x50>
1000185e:	0082      	lsls	r2, r0, #2
10001860:	4c11      	ldr	r4, [pc, #68]	; (100018a8 <hardware_alarm_irq_handler+0x8c>)
10001862:	5912      	ldr	r2, [r2, r4]
10001864:	4399      	bics	r1, r3
10001866:	4b0e      	ldr	r3, [pc, #56]	; (100018a0 <hardware_alarm_irq_handler+0x84>)
10001868:	7019      	strb	r1, [r3, #0]
1000186a:	e007      	b.n	1000187c <hardware_alarm_irq_handler+0x60>
1000186c:	4a0a      	ldr	r2, [pc, #40]	; (10001898 <hardware_alarm_irq_handler+0x7c>)
1000186e:	1d03      	adds	r3, r0, #4
10001870:	009b      	lsls	r3, r3, #2
10001872:	5899      	ldr	r1, [r3, r2]
10001874:	5099      	str	r1, [r3, r2]
10001876:	2200      	movs	r2, #0
10001878:	e000      	b.n	1000187c <hardware_alarm_irq_handler+0x60>
1000187a:	2200      	movs	r2, #0
1000187c:	f3bf 8f5f 	dmb	sy
10001880:	4b04      	ldr	r3, [pc, #16]	; (10001894 <hardware_alarm_irq_handler+0x78>)
10001882:	2100      	movs	r1, #0
10001884:	6019      	str	r1, [r3, #0]
10001886:	f38c 8810 	msr	PRIMASK, ip
1000188a:	2a00      	cmp	r2, #0
1000188c:	d000      	beq.n	10001890 <hardware_alarm_irq_handler+0x74>
1000188e:	4790      	blx	r2
10001890:	bd70      	pop	{r4, r5, r6, pc}
10001892:	46c0      	nop			; (mov r8, r8)
10001894:	d0000128 	.word	0xd0000128
10001898:	40054000 	.word	0x40054000
1000189c:	4005703c 	.word	0x4005703c
100018a0:	20001a69 	.word	0x20001a69
100018a4:	20001a38 	.word	0x20001a38
100018a8:	20001240 	.word	0x20001240

100018ac <hardware_alarm_claim>:
100018ac:	b510      	push	{r4, lr}
100018ae:	0001      	movs	r1, r0
100018b0:	4a02      	ldr	r2, [pc, #8]	; (100018bc <hardware_alarm_claim+0x10>)
100018b2:	4803      	ldr	r0, [pc, #12]	; (100018c0 <hardware_alarm_claim+0x14>)
100018b4:	f7fe fe06 	bl	100004c4 <hw_claim_or_assert>
100018b8:	bd10      	pop	{r4, pc}
100018ba:	46c0      	nop			; (mov r8, r8)
100018bc:	100077d8 	.word	0x100077d8
100018c0:	20001a64 	.word	0x20001a64

100018c4 <time_us_64>:
100018c4:	4b04      	ldr	r3, [pc, #16]	; (100018d8 <time_us_64+0x14>)
100018c6:	6a5b      	ldr	r3, [r3, #36]	; 0x24
100018c8:	4a03      	ldr	r2, [pc, #12]	; (100018d8 <time_us_64+0x14>)
100018ca:	6a90      	ldr	r0, [r2, #40]	; 0x28
100018cc:	0019      	movs	r1, r3
100018ce:	6a53      	ldr	r3, [r2, #36]	; 0x24
100018d0:	4299      	cmp	r1, r3
100018d2:	d1f9      	bne.n	100018c8 <time_us_64+0x4>
100018d4:	4770      	bx	lr
100018d6:	46c0      	nop			; (mov r8, r8)
100018d8:	40054000 	.word	0x40054000

100018dc <busy_wait_until>:
100018dc:	4b08      	ldr	r3, [pc, #32]	; (10001900 <busy_wait_until+0x24>)
100018de:	6a5b      	ldr	r3, [r3, #36]	; 0x24
100018e0:	e001      	b.n	100018e6 <busy_wait_until+0xa>
100018e2:	4b07      	ldr	r3, [pc, #28]	; (10001900 <busy_wait_until+0x24>)
100018e4:	6a5b      	ldr	r3, [r3, #36]	; 0x24
100018e6:	428b      	cmp	r3, r1
100018e8:	d3fb      	bcc.n	100018e2 <busy_wait_until+0x6>
100018ea:	e001      	b.n	100018f0 <busy_wait_until+0x14>
100018ec:	4b04      	ldr	r3, [pc, #16]	; (10001900 <busy_wait_until+0x24>)
100018ee:	6a5b      	ldr	r3, [r3, #36]	; 0x24
100018f0:	428b      	cmp	r3, r1
100018f2:	d103      	bne.n	100018fc <busy_wait_until+0x20>
100018f4:	4b02      	ldr	r3, [pc, #8]	; (10001900 <busy_wait_until+0x24>)
100018f6:	6a9b      	ldr	r3, [r3, #40]	; 0x28
100018f8:	4283      	cmp	r3, r0
100018fa:	d3f7      	bcc.n	100018ec <busy_wait_until+0x10>
100018fc:	4770      	bx	lr
100018fe:	46c0      	nop			; (mov r8, r8)
10001900:	40054000 	.word	0x40054000

10001904 <busy_wait_us>:
10001904:	b570      	push	{r4, r5, r6, lr}
10001906:	0004      	movs	r4, r0
10001908:	000d      	movs	r5, r1
1000190a:	f7ff ffdb 	bl	100018c4 <time_us_64>
1000190e:	0002      	movs	r2, r0
10001910:	000b      	movs	r3, r1
10001912:	0020      	movs	r0, r4
10001914:	0029      	movs	r1, r5
10001916:	1880      	adds	r0, r0, r2
10001918:	4159      	adcs	r1, r3
1000191a:	428b      	cmp	r3, r1
1000191c:	d802      	bhi.n	10001924 <busy_wait_us+0x20>
1000191e:	d104      	bne.n	1000192a <busy_wait_us+0x26>
10001920:	4282      	cmp	r2, r0
10001922:	d902      	bls.n	1000192a <busy_wait_us+0x26>
10001924:	2001      	movs	r0, #1
10001926:	4240      	negs	r0, r0
10001928:	17c1      	asrs	r1, r0, #31
1000192a:	2900      	cmp	r1, #0
1000192c:	db02      	blt.n	10001934 <busy_wait_us+0x30>
1000192e:	f7ff ffd5 	bl	100018dc <busy_wait_until>
10001932:	bd70      	pop	{r4, r5, r6, pc}
10001934:	4b02      	ldr	r3, [pc, #8]	; (10001940 <busy_wait_us+0x3c>)
10001936:	4a03      	ldr	r2, [pc, #12]	; (10001944 <busy_wait_us+0x40>)
10001938:	213f      	movs	r1, #63	; 0x3f
1000193a:	4803      	ldr	r0, [pc, #12]	; (10001948 <busy_wait_us+0x44>)
1000193c:	f000 fdf6 	bl	1000252c <__assert_func>
10001940:	1000736c 	.word	0x1000736c
10001944:	1000789c 	.word	0x1000789c
10001948:	10007388 	.word	0x10007388

1000194c <hardware_alarm_set_callback>:
1000194c:	b570      	push	{r4, r5, r6, lr}
1000194e:	0004      	movs	r4, r0
10001950:	000d      	movs	r5, r1
10001952:	f3ef 8610 	mrs	r6, PRIMASK
10001956:	b672      	cpsid	i
10001958:	4b1b      	ldr	r3, [pc, #108]	; (100019c8 <hardware_alarm_set_callback+0x7c>)
1000195a:	681b      	ldr	r3, [r3, #0]
1000195c:	2b00      	cmp	r3, #0
1000195e:	d0fb      	beq.n	10001958 <hardware_alarm_set_callback+0xc>
10001960:	f3bf 8f5f 	dmb	sy
10001964:	2d00      	cmp	r5, #0
10001966:	d01c      	beq.n	100019a2 <hardware_alarm_set_callback+0x56>
10001968:	0020      	movs	r0, r4
1000196a:	f7fe fe9f 	bl	100006ac <irq_get_vtable_handler>
1000196e:	4b17      	ldr	r3, [pc, #92]	; (100019cc <hardware_alarm_set_callback+0x80>)
10001970:	4283      	cmp	r3, r0
10001972:	d00b      	beq.n	1000198c <hardware_alarm_set_callback+0x40>
10001974:	0019      	movs	r1, r3
10001976:	0020      	movs	r0, r4
10001978:	f7fe feb2 	bl	100006e0 <irq_set_exclusive_handler>
1000197c:	2101      	movs	r1, #1
1000197e:	0020      	movs	r0, r4
10001980:	f7fe fe84 	bl	1000068c <irq_set_enabled>
10001984:	2301      	movs	r3, #1
10001986:	40a3      	lsls	r3, r4
10001988:	4a11      	ldr	r2, [pc, #68]	; (100019d0 <hardware_alarm_set_callback+0x84>)
1000198a:	6013      	str	r3, [r2, #0]
1000198c:	00a4      	lsls	r4, r4, #2
1000198e:	4b11      	ldr	r3, [pc, #68]	; (100019d4 <hardware_alarm_set_callback+0x88>)
10001990:	50e5      	str	r5, [r4, r3]
10001992:	f3bf 8f5f 	dmb	sy
10001996:	4b0c      	ldr	r3, [pc, #48]	; (100019c8 <hardware_alarm_set_callback+0x7c>)
10001998:	2200      	movs	r2, #0
1000199a:	601a      	str	r2, [r3, #0]
1000199c:	f386 8810 	msr	PRIMASK, r6
100019a0:	bd70      	pop	{r4, r5, r6, pc}
100019a2:	00a2      	lsls	r2, r4, #2
100019a4:	4b0b      	ldr	r3, [pc, #44]	; (100019d4 <hardware_alarm_set_callback+0x88>)
100019a6:	2100      	movs	r1, #0
100019a8:	50d1      	str	r1, [r2, r3]
100019aa:	2201      	movs	r2, #1
100019ac:	40a2      	lsls	r2, r4
100019ae:	490a      	ldr	r1, [pc, #40]	; (100019d8 <hardware_alarm_set_callback+0x8c>)
100019b0:	780b      	ldrb	r3, [r1, #0]
100019b2:	4393      	bics	r3, r2
100019b4:	700b      	strb	r3, [r1, #0]
100019b6:	4905      	ldr	r1, [pc, #20]	; (100019cc <hardware_alarm_set_callback+0x80>)
100019b8:	0020      	movs	r0, r4
100019ba:	f7fe ffd5 	bl	10000968 <irq_remove_handler>
100019be:	2100      	movs	r1, #0
100019c0:	0020      	movs	r0, r4
100019c2:	f7fe fe63 	bl	1000068c <irq_set_enabled>
100019c6:	e7e4      	b.n	10001992 <hardware_alarm_set_callback+0x46>
100019c8:	d0000128 	.word	0xd0000128
100019cc:	1000181d 	.word	0x1000181d
100019d0:	40056038 	.word	0x40056038
100019d4:	20001240 	.word	0x20001240
100019d8:	20001a69 	.word	0x20001a69

100019dc <hardware_alarm_set_target>:
100019dc:	b5f0      	push	{r4, r5, r6, r7, lr}
100019de:	46de      	mov	lr, fp
100019e0:	b500      	push	{lr}
100019e2:	b084      	sub	sp, #16
100019e4:	0004      	movs	r4, r0
100019e6:	0015      	movs	r5, r2
100019e8:	9201      	str	r2, [sp, #4]
100019ea:	001e      	movs	r6, r3
100019ec:	9302      	str	r3, [sp, #8]
100019ee:	f7ff ff69 	bl	100018c4 <time_us_64>
100019f2:	9503      	str	r5, [sp, #12]
100019f4:	428e      	cmp	r6, r1
100019f6:	d802      	bhi.n	100019fe <hardware_alarm_set_target+0x22>
100019f8:	d14e      	bne.n	10001a98 <hardware_alarm_set_target+0xbc>
100019fa:	4285      	cmp	r5, r0
100019fc:	d94c      	bls.n	10001a98 <hardware_alarm_set_target+0xbc>
100019fe:	f3ef 8b10 	mrs	fp, PRIMASK
10001a02:	b672      	cpsid	i
10001a04:	4b27      	ldr	r3, [pc, #156]	; (10001aa4 <hardware_alarm_set_target+0xc8>)
10001a06:	681b      	ldr	r3, [r3, #0]
10001a08:	2b00      	cmp	r3, #0
10001a0a:	d0fb      	beq.n	10001a04 <hardware_alarm_set_target+0x28>
10001a0c:	f3bf 8f5f 	dmb	sy
10001a10:	4a25      	ldr	r2, [pc, #148]	; (10001aa8 <hardware_alarm_set_target+0xcc>)
10001a12:	7817      	ldrb	r7, [r2, #0]
10001a14:	2501      	movs	r5, #1
10001a16:	40a5      	lsls	r5, r4
10001a18:	b2eb      	uxtb	r3, r5
10001a1a:	433b      	orrs	r3, r7
10001a1c:	7013      	strb	r3, [r2, #0]
10001a1e:	4b23      	ldr	r3, [pc, #140]	; (10001aac <hardware_alarm_set_target+0xd0>)
10001a20:	635d      	str	r5, [r3, #52]	; 0x34
10001a22:	1d22      	adds	r2, r4, #4
10001a24:	0092      	lsls	r2, r2, #2
10001a26:	9901      	ldr	r1, [sp, #4]
10001a28:	50d1      	str	r1, [r2, r3]
10001a2a:	00a2      	lsls	r2, r4, #2
10001a2c:	4920      	ldr	r1, [pc, #128]	; (10001ab0 <hardware_alarm_set_target+0xd4>)
10001a2e:	9802      	ldr	r0, [sp, #8]
10001a30:	5050      	str	r0, [r2, r1]
10001a32:	6a1b      	ldr	r3, [r3, #32]
10001a34:	422b      	tst	r3, r5
10001a36:	d112      	bne.n	10001a5e <hardware_alarm_set_target+0x82>
10001a38:	4b1c      	ldr	r3, [pc, #112]	; (10001aac <hardware_alarm_set_target+0xd0>)
10001a3a:	6c1b      	ldr	r3, [r3, #64]	; 0x40
10001a3c:	422b      	tst	r3, r5
10001a3e:	d008      	beq.n	10001a52 <hardware_alarm_set_target+0x76>
10001a40:	2000      	movs	r0, #0
10001a42:	f3bf 8f5f 	dmb	sy
10001a46:	4b17      	ldr	r3, [pc, #92]	; (10001aa4 <hardware_alarm_set_target+0xc8>)
10001a48:	2200      	movs	r2, #0
10001a4a:	601a      	str	r2, [r3, #0]
10001a4c:	f38b 8810 	msr	PRIMASK, fp
10001a50:	e023      	b.n	10001a9a <hardware_alarm_set_target+0xbe>
10001a52:	4b18      	ldr	r3, [pc, #96]	; (10001ab4 <hardware_alarm_set_target+0xd8>)
10001a54:	4a18      	ldr	r2, [pc, #96]	; (10001ab8 <hardware_alarm_set_target+0xdc>)
10001a56:	21c5      	movs	r1, #197	; 0xc5
10001a58:	4818      	ldr	r0, [pc, #96]	; (10001abc <hardware_alarm_set_target+0xe0>)
10001a5a:	f000 fd67 	bl	1000252c <__assert_func>
10001a5e:	f7ff ff31 	bl	100018c4 <time_us_64>
10001a62:	428e      	cmp	r6, r1
10001a64:	d814      	bhi.n	10001a90 <hardware_alarm_set_target+0xb4>
10001a66:	d102      	bne.n	10001a6e <hardware_alarm_set_target+0x92>
10001a68:	9b03      	ldr	r3, [sp, #12]
10001a6a:	4283      	cmp	r3, r0
10001a6c:	d810      	bhi.n	10001a90 <hardware_alarm_set_target+0xb4>
10001a6e:	4b0e      	ldr	r3, [pc, #56]	; (10001aa8 <hardware_alarm_set_target+0xcc>)
10001a70:	781b      	ldrb	r3, [r3, #0]
10001a72:	42bb      	cmp	r3, r7
10001a74:	d00e      	beq.n	10001a94 <hardware_alarm_set_target+0xb8>
10001a76:	4b0d      	ldr	r3, [pc, #52]	; (10001aac <hardware_alarm_set_target+0xd0>)
10001a78:	621d      	str	r5, [r3, #32]
10001a7a:	635d      	str	r5, [r3, #52]	; 0x34
10001a7c:	201f      	movs	r0, #31
10001a7e:	4004      	ands	r4, r0
10001a80:	2301      	movs	r3, #1
10001a82:	40a3      	lsls	r3, r4
10001a84:	4a0e      	ldr	r2, [pc, #56]	; (10001ac0 <hardware_alarm_set_target+0xe4>)
10001a86:	6013      	str	r3, [r2, #0]
10001a88:	4b07      	ldr	r3, [pc, #28]	; (10001aa8 <hardware_alarm_set_target+0xcc>)
10001a8a:	701f      	strb	r7, [r3, #0]
10001a8c:	381e      	subs	r0, #30
10001a8e:	e7d8      	b.n	10001a42 <hardware_alarm_set_target+0x66>
10001a90:	2000      	movs	r0, #0
10001a92:	e7d6      	b.n	10001a42 <hardware_alarm_set_target+0x66>
10001a94:	2001      	movs	r0, #1
10001a96:	e7d4      	b.n	10001a42 <hardware_alarm_set_target+0x66>
10001a98:	2001      	movs	r0, #1
10001a9a:	b004      	add	sp, #16
10001a9c:	bc80      	pop	{r7}
10001a9e:	46bb      	mov	fp, r7
10001aa0:	bdf0      	pop	{r4, r5, r6, r7, pc}
10001aa2:	46c0      	nop			; (mov r8, r8)
10001aa4:	d0000128 	.word	0xd0000128
10001aa8:	20001a69 	.word	0x20001a69
10001aac:	40054000 	.word	0x40054000
10001ab0:	20001a38 	.word	0x20001a38
10001ab4:	100077fc 	.word	0x100077fc
10001ab8:	10007880 	.word	0x10007880
10001abc:	10007820 	.word	0x10007820
10001ac0:	e000e280 	.word	0xe000e280

10001ac4 <hardware_alarm_cancel>:
10001ac4:	f3ef 8c10 	mrs	ip, PRIMASK
10001ac8:	b672      	cpsid	i
10001aca:	4b0b      	ldr	r3, [pc, #44]	; (10001af8 <hardware_alarm_cancel+0x34>)
10001acc:	681b      	ldr	r3, [r3, #0]
10001ace:	2b00      	cmp	r3, #0
10001ad0:	d0fb      	beq.n	10001aca <hardware_alarm_cancel+0x6>
10001ad2:	f3bf 8f5f 	dmb	sy
10001ad6:	2301      	movs	r3, #1
10001ad8:	4083      	lsls	r3, r0
10001ada:	4a08      	ldr	r2, [pc, #32]	; (10001afc <hardware_alarm_cancel+0x38>)
10001adc:	6213      	str	r3, [r2, #32]
10001ade:	4908      	ldr	r1, [pc, #32]	; (10001b00 <hardware_alarm_cancel+0x3c>)
10001ae0:	780a      	ldrb	r2, [r1, #0]
10001ae2:	439a      	bics	r2, r3
10001ae4:	700a      	strb	r2, [r1, #0]
10001ae6:	f3bf 8f5f 	dmb	sy
10001aea:	4b03      	ldr	r3, [pc, #12]	; (10001af8 <hardware_alarm_cancel+0x34>)
10001aec:	2200      	movs	r2, #0
10001aee:	601a      	str	r2, [r3, #0]
10001af0:	f38c 8810 	msr	PRIMASK, ip
10001af4:	4770      	bx	lr
10001af6:	46c0      	nop			; (mov r8, r8)
10001af8:	d0000128 	.word	0xd0000128
10001afc:	40054000 	.word	0x40054000
10001b00:	20001a69 	.word	0x20001a69

10001b04 <ph_add_child_node>:
10001b04:	b510      	push	{r4, lr}
10001b06:	2900      	cmp	r1, #0
10001b08:	d01e      	beq.n	10001b48 <ph_add_child_node+0x44>
10001b0a:	7b03      	ldrb	r3, [r0, #12]
10001b0c:	4299      	cmp	r1, r3
10001b0e:	d81b      	bhi.n	10001b48 <ph_add_child_node+0x44>
10001b10:	004b      	lsls	r3, r1, #1
10001b12:	185b      	adds	r3, r3, r1
10001b14:	3b03      	subs	r3, #3
10001b16:	6804      	ldr	r4, [r0, #0]
10001b18:	46a4      	mov	ip, r4
10001b1a:	4463      	add	r3, ip
10001b1c:	2900      	cmp	r1, #0
10001b1e:	d019      	beq.n	10001b54 <ph_add_child_node+0x50>
10001b20:	2a00      	cmp	r2, #0
10001b22:	d01d      	beq.n	10001b60 <ph_add_child_node+0x5c>
10001b24:	4291      	cmp	r1, r2
10001b26:	d021      	beq.n	10001b6c <ph_add_child_node+0x68>
10001b28:	2a00      	cmp	r2, #0
10001b2a:	d025      	beq.n	10001b78 <ph_add_child_node+0x74>
10001b2c:	7b04      	ldrb	r4, [r0, #12]
10001b2e:	42a2      	cmp	r2, r4
10001b30:	d822      	bhi.n	10001b78 <ph_add_child_node+0x74>
10001b32:	6804      	ldr	r4, [r0, #0]
10001b34:	0050      	lsls	r0, r2, #1
10001b36:	1880      	adds	r0, r0, r2
10001b38:	3803      	subs	r0, #3
10001b3a:	1820      	adds	r0, r4, r0
10001b3c:	7081      	strb	r1, [r0, #2]
10001b3e:	7819      	ldrb	r1, [r3, #0]
10001b40:	2900      	cmp	r1, #0
10001b42:	d11f      	bne.n	10001b84 <ph_add_child_node+0x80>
10001b44:	701a      	strb	r2, [r3, #0]
10001b46:	bd10      	pop	{r4, pc}
10001b48:	4b10      	ldr	r3, [pc, #64]	; (10001b8c <ph_add_child_node+0x88>)
10001b4a:	4a11      	ldr	r2, [pc, #68]	; (10001b90 <ph_add_child_node+0x8c>)
10001b4c:	2168      	movs	r1, #104	; 0x68
10001b4e:	4811      	ldr	r0, [pc, #68]	; (10001b94 <ph_add_child_node+0x90>)
10001b50:	f000 fcec 	bl	1000252c <__assert_func>
10001b54:	4b10      	ldr	r3, [pc, #64]	; (10001b98 <ph_add_child_node+0x94>)
10001b56:	4a11      	ldr	r2, [pc, #68]	; (10001b9c <ph_add_child_node+0x98>)
10001b58:	316f      	adds	r1, #111	; 0x6f
10001b5a:	480e      	ldr	r0, [pc, #56]	; (10001b94 <ph_add_child_node+0x90>)
10001b5c:	f000 fce6 	bl	1000252c <__assert_func>
10001b60:	4b0f      	ldr	r3, [pc, #60]	; (10001ba0 <ph_add_child_node+0x9c>)
10001b62:	4a0e      	ldr	r2, [pc, #56]	; (10001b9c <ph_add_child_node+0x98>)
10001b64:	2170      	movs	r1, #112	; 0x70
10001b66:	480b      	ldr	r0, [pc, #44]	; (10001b94 <ph_add_child_node+0x90>)
10001b68:	f000 fce0 	bl	1000252c <__assert_func>
10001b6c:	4b0d      	ldr	r3, [pc, #52]	; (10001ba4 <ph_add_child_node+0xa0>)
10001b6e:	4a0b      	ldr	r2, [pc, #44]	; (10001b9c <ph_add_child_node+0x98>)
10001b70:	2171      	movs	r1, #113	; 0x71
10001b72:	4808      	ldr	r0, [pc, #32]	; (10001b94 <ph_add_child_node+0x90>)
10001b74:	f000 fcda 	bl	1000252c <__assert_func>
10001b78:	4b04      	ldr	r3, [pc, #16]	; (10001b8c <ph_add_child_node+0x88>)
10001b7a:	4a05      	ldr	r2, [pc, #20]	; (10001b90 <ph_add_child_node+0x8c>)
10001b7c:	2168      	movs	r1, #104	; 0x68
10001b7e:	4805      	ldr	r0, [pc, #20]	; (10001b94 <ph_add_child_node+0x90>)
10001b80:	f000 fcd4 	bl	1000252c <__assert_func>
10001b84:	7041      	strb	r1, [r0, #1]
10001b86:	701a      	strb	r2, [r3, #0]
10001b88:	e7dd      	b.n	10001b46 <ph_add_child_node+0x42>
10001b8a:	46c0      	nop			; (mov r8, r8)
10001b8c:	100074ec 	.word	0x100074ec
10001b90:	100079bc 	.word	0x100079bc
10001b94:	10007508 	.word	0x10007508
10001b98:	10007570 	.word	0x10007570
10001b9c:	100079a8 	.word	0x100079a8
10001ba0:	1000757c 	.word	0x1000757c
10001ba4:	10007588 	.word	0x10007588

10001ba8 <ph_merge_nodes>:
10001ba8:	b570      	push	{r4, r5, r6, lr}
10001baa:	0006      	movs	r6, r0
10001bac:	000d      	movs	r5, r1
10001bae:	0014      	movs	r4, r2
10001bb0:	2900      	cmp	r1, #0
10001bb2:	d014      	beq.n	10001bde <ph_merge_nodes+0x36>
10001bb4:	2a00      	cmp	r2, #0
10001bb6:	d014      	beq.n	10001be2 <ph_merge_nodes+0x3a>
10001bb8:	6880      	ldr	r0, [r0, #8]
10001bba:	6873      	ldr	r3, [r6, #4]
10001bbc:	4798      	blx	r3
10001bbe:	2800      	cmp	r0, #0
10001bc0:	d006      	beq.n	10001bd0 <ph_merge_nodes+0x28>
10001bc2:	0022      	movs	r2, r4
10001bc4:	0029      	movs	r1, r5
10001bc6:	0030      	movs	r0, r6
10001bc8:	f7ff ff9c 	bl	10001b04 <ph_add_child_node>
10001bcc:	0028      	movs	r0, r5
10001bce:	e007      	b.n	10001be0 <ph_merge_nodes+0x38>
10001bd0:	002a      	movs	r2, r5
10001bd2:	0021      	movs	r1, r4
10001bd4:	0030      	movs	r0, r6
10001bd6:	f7ff ff95 	bl	10001b04 <ph_add_child_node>
10001bda:	0020      	movs	r0, r4
10001bdc:	e000      	b.n	10001be0 <ph_merge_nodes+0x38>
10001bde:	0010      	movs	r0, r2
10001be0:	bd70      	pop	{r4, r5, r6, pc}
10001be2:	0008      	movs	r0, r1
10001be4:	e7fc      	b.n	10001be0 <ph_merge_nodes+0x38>
	...

10001be8 <ph_clear>:
10001be8:	b510      	push	{r4, lr}
10001bea:	2300      	movs	r3, #0
10001bec:	7343      	strb	r3, [r0, #13]
10001bee:	3301      	adds	r3, #1
10001bf0:	7383      	strb	r3, [r0, #14]
10001bf2:	7b03      	ldrb	r3, [r0, #12]
10001bf4:	73c3      	strb	r3, [r0, #15]
10001bf6:	2301      	movs	r3, #1
10001bf8:	7b02      	ldrb	r2, [r0, #12]
10001bfa:	429a      	cmp	r2, r3
10001bfc:	d914      	bls.n	10001c28 <ph_clear+0x40>
10001bfe:	2b00      	cmp	r3, #0
10001c00:	d00c      	beq.n	10001c1c <ph_clear+0x34>
10001c02:	7b02      	ldrb	r2, [r0, #12]
10001c04:	4293      	cmp	r3, r2
10001c06:	d809      	bhi.n	10001c1c <ph_clear+0x34>
10001c08:	005a      	lsls	r2, r3, #1
10001c0a:	18d2      	adds	r2, r2, r3
10001c0c:	3a03      	subs	r2, #3
10001c0e:	6801      	ldr	r1, [r0, #0]
10001c10:	468c      	mov	ip, r1
10001c12:	4462      	add	r2, ip
10001c14:	3301      	adds	r3, #1
10001c16:	b2db      	uxtb	r3, r3
10001c18:	7053      	strb	r3, [r2, #1]
10001c1a:	e7ed      	b.n	10001bf8 <ph_clear+0x10>
10001c1c:	4b0b      	ldr	r3, [pc, #44]	; (10001c4c <ph_clear+0x64>)
10001c1e:	4a0c      	ldr	r2, [pc, #48]	; (10001c50 <ph_clear+0x68>)
10001c20:	2168      	movs	r1, #104	; 0x68
10001c22:	480c      	ldr	r0, [pc, #48]	; (10001c54 <ph_clear+0x6c>)
10001c24:	f000 fc82 	bl	1000252c <__assert_func>
10001c28:	2a00      	cmp	r2, #0
10001c2a:	d009      	beq.n	10001c40 <ph_clear+0x58>
10001c2c:	4292      	cmp	r2, r2
10001c2e:	d807      	bhi.n	10001c40 <ph_clear+0x58>
10001c30:	6801      	ldr	r1, [r0, #0]
10001c32:	0053      	lsls	r3, r2, #1
10001c34:	189a      	adds	r2, r3, r2
10001c36:	3a03      	subs	r2, #3
10001c38:	188a      	adds	r2, r1, r2
10001c3a:	2300      	movs	r3, #0
10001c3c:	7053      	strb	r3, [r2, #1]
10001c3e:	bd10      	pop	{r4, pc}
10001c40:	4b02      	ldr	r3, [pc, #8]	; (10001c4c <ph_clear+0x64>)
10001c42:	4a03      	ldr	r2, [pc, #12]	; (10001c50 <ph_clear+0x68>)
10001c44:	2168      	movs	r1, #104	; 0x68
10001c46:	4803      	ldr	r0, [pc, #12]	; (10001c54 <ph_clear+0x6c>)
10001c48:	f000 fc70 	bl	1000252c <__assert_func>
10001c4c:	100074ec 	.word	0x100074ec
10001c50:	100079bc 	.word	0x100079bc
10001c54:	10007508 	.word	0x10007508

10001c58 <ph_post_alloc_init>:
10001c58:	b510      	push	{r4, lr}
10001c5a:	7301      	strb	r1, [r0, #12]
10001c5c:	6042      	str	r2, [r0, #4]
10001c5e:	6083      	str	r3, [r0, #8]
10001c60:	f7ff ffc2 	bl	10001be8 <ph_clear>
10001c64:	bd10      	pop	{r4, pc}
	...

10001c68 <ph_merge_two_pass>:
10001c68:	b570      	push	{r4, r5, r6, lr}
10001c6a:	0004      	movs	r4, r0
10001c6c:	1e08      	subs	r0, r1, #0
10001c6e:	d100      	bne.n	10001c72 <ph_merge_two_pass+0xa>
10001c70:	bd70      	pop	{r4, r5, r6, pc}
10001c72:	2900      	cmp	r1, #0
10001c74:	d034      	beq.n	10001ce0 <ph_merge_two_pass+0x78>
10001c76:	7b23      	ldrb	r3, [r4, #12]
10001c78:	4299      	cmp	r1, r3
10001c7a:	d831      	bhi.n	10001ce0 <ph_merge_two_pass+0x78>
10001c7c:	004b      	lsls	r3, r1, #1
10001c7e:	185b      	adds	r3, r3, r1
10001c80:	3b03      	subs	r3, #3
10001c82:	6822      	ldr	r2, [r4, #0]
10001c84:	4694      	mov	ip, r2
10001c86:	4463      	add	r3, ip
10001c88:	785a      	ldrb	r2, [r3, #1]
10001c8a:	2a00      	cmp	r2, #0
10001c8c:	d0f0      	beq.n	10001c70 <ph_merge_two_pass+0x8>
10001c8e:	d02d      	beq.n	10001cec <ph_merge_two_pass+0x84>
10001c90:	7b23      	ldrb	r3, [r4, #12]
10001c92:	429a      	cmp	r2, r3
10001c94:	d82a      	bhi.n	10001cec <ph_merge_two_pass+0x84>
10001c96:	0053      	lsls	r3, r2, #1
10001c98:	189b      	adds	r3, r3, r2
10001c9a:	3b03      	subs	r3, #3
10001c9c:	6821      	ldr	r1, [r4, #0]
10001c9e:	468c      	mov	ip, r1
10001ca0:	4463      	add	r3, ip
10001ca2:	785d      	ldrb	r5, [r3, #1]
10001ca4:	2100      	movs	r1, #0
10001ca6:	7059      	strb	r1, [r3, #1]
10001ca8:	2800      	cmp	r0, #0
10001caa:	d025      	beq.n	10001cf8 <ph_merge_two_pass+0x90>
10001cac:	7b23      	ldrb	r3, [r4, #12]
10001cae:	4298      	cmp	r0, r3
10001cb0:	d822      	bhi.n	10001cf8 <ph_merge_two_pass+0x90>
10001cb2:	0043      	lsls	r3, r0, #1
10001cb4:	181b      	adds	r3, r3, r0
10001cb6:	3b03      	subs	r3, #3
10001cb8:	6821      	ldr	r1, [r4, #0]
10001cba:	468c      	mov	ip, r1
10001cbc:	4463      	add	r3, ip
10001cbe:	2100      	movs	r1, #0
10001cc0:	7059      	strb	r1, [r3, #1]
10001cc2:	0001      	movs	r1, r0
10001cc4:	0020      	movs	r0, r4
10001cc6:	f7ff ff6f 	bl	10001ba8 <ph_merge_nodes>
10001cca:	0006      	movs	r6, r0
10001ccc:	0029      	movs	r1, r5
10001cce:	0020      	movs	r0, r4
10001cd0:	f7ff ffca 	bl	10001c68 <ph_merge_two_pass>
10001cd4:	0002      	movs	r2, r0
10001cd6:	0031      	movs	r1, r6
10001cd8:	0020      	movs	r0, r4
10001cda:	f7ff ff65 	bl	10001ba8 <ph_merge_nodes>
10001cde:	e7c7      	b.n	10001c70 <ph_merge_two_pass+0x8>
10001ce0:	4b08      	ldr	r3, [pc, #32]	; (10001d04 <ph_merge_two_pass+0x9c>)
10001ce2:	4a09      	ldr	r2, [pc, #36]	; (10001d08 <ph_merge_two_pass+0xa0>)
10001ce4:	2168      	movs	r1, #104	; 0x68
10001ce6:	4809      	ldr	r0, [pc, #36]	; (10001d0c <ph_merge_two_pass+0xa4>)
10001ce8:	f000 fc20 	bl	1000252c <__assert_func>
10001cec:	4b05      	ldr	r3, [pc, #20]	; (10001d04 <ph_merge_two_pass+0x9c>)
10001cee:	4a06      	ldr	r2, [pc, #24]	; (10001d08 <ph_merge_two_pass+0xa0>)
10001cf0:	2168      	movs	r1, #104	; 0x68
10001cf2:	4806      	ldr	r0, [pc, #24]	; (10001d0c <ph_merge_two_pass+0xa4>)
10001cf4:	f000 fc1a 	bl	1000252c <__assert_func>
10001cf8:	4b02      	ldr	r3, [pc, #8]	; (10001d04 <ph_merge_two_pass+0x9c>)
10001cfa:	4a03      	ldr	r2, [pc, #12]	; (10001d08 <ph_merge_two_pass+0xa0>)
10001cfc:	2168      	movs	r1, #104	; 0x68
10001cfe:	4803      	ldr	r0, [pc, #12]	; (10001d0c <ph_merge_two_pass+0xa4>)
10001d00:	f000 fc14 	bl	1000252c <__assert_func>
10001d04:	100074ec 	.word	0x100074ec
10001d08:	100079bc 	.word	0x100079bc
10001d0c:	10007508 	.word	0x10007508

10001d10 <ph_remove_any_head>:
10001d10:	b570      	push	{r4, r5, r6, lr}
10001d12:	0005      	movs	r5, r0
10001d14:	000c      	movs	r4, r1
10001d16:	0016      	movs	r6, r2
10001d18:	2900      	cmp	r1, #0
10001d1a:	d02f      	beq.n	10001d7c <ph_remove_any_head+0x6c>
10001d1c:	d034      	beq.n	10001d88 <ph_remove_any_head+0x78>
10001d1e:	7b03      	ldrb	r3, [r0, #12]
10001d20:	4299      	cmp	r1, r3
10001d22:	d831      	bhi.n	10001d88 <ph_remove_any_head+0x78>
10001d24:	004b      	lsls	r3, r1, #1
10001d26:	185b      	adds	r3, r3, r1
10001d28:	3b03      	subs	r3, #3
10001d2a:	6802      	ldr	r2, [r0, #0]
10001d2c:	4694      	mov	ip, r2
10001d2e:	4463      	add	r3, ip
10001d30:	785a      	ldrb	r2, [r3, #1]
10001d32:	2a00      	cmp	r2, #0
10001d34:	d12e      	bne.n	10001d94 <ph_remove_any_head+0x84>
10001d36:	789a      	ldrb	r2, [r3, #2]
10001d38:	2a00      	cmp	r2, #0
10001d3a:	d131      	bne.n	10001da0 <ph_remove_any_head+0x90>
10001d3c:	7819      	ldrb	r1, [r3, #0]
10001d3e:	f7ff ff93 	bl	10001c68 <ph_merge_two_pass>
10001d42:	0003      	movs	r3, r0
10001d44:	2e00      	cmp	r6, #0
10001d46:	d00a      	beq.n	10001d5e <ph_remove_any_head+0x4e>
10001d48:	7bea      	ldrb	r2, [r5, #15]
10001d4a:	2a00      	cmp	r2, #0
10001d4c:	d12e      	bne.n	10001dac <ph_remove_any_head+0x9c>
10001d4e:	7baa      	ldrb	r2, [r5, #14]
10001d50:	2a00      	cmp	r2, #0
10001d52:	d103      	bne.n	10001d5c <ph_remove_any_head+0x4c>
10001d54:	7bea      	ldrb	r2, [r5, #15]
10001d56:	2a00      	cmp	r2, #0
10001d58:	d13b      	bne.n	10001dd2 <ph_remove_any_head+0xc2>
10001d5a:	73ac      	strb	r4, [r5, #14]
10001d5c:	73ec      	strb	r4, [r5, #15]
10001d5e:	2b00      	cmp	r3, #0
10001d60:	d13d      	bne.n	10001dde <ph_remove_any_head+0xce>
10001d62:	2c00      	cmp	r4, #0
10001d64:	d04f      	beq.n	10001e06 <ph_remove_any_head+0xf6>
10001d66:	7b2b      	ldrb	r3, [r5, #12]
10001d68:	429c      	cmp	r4, r3
10001d6a:	d84c      	bhi.n	10001e06 <ph_remove_any_head+0xf6>
10001d6c:	682b      	ldr	r3, [r5, #0]
10001d6e:	0061      	lsls	r1, r4, #1
10001d70:	190c      	adds	r4, r1, r4
10001d72:	3c03      	subs	r4, #3
10001d74:	191c      	adds	r4, r3, r4
10001d76:	2300      	movs	r3, #0
10001d78:	7063      	strb	r3, [r4, #1]
10001d7a:	bd70      	pop	{r4, r5, r6, pc}
10001d7c:	4b25      	ldr	r3, [pc, #148]	; (10001e14 <ph_remove_any_head+0x104>)
10001d7e:	4a26      	ldr	r2, [pc, #152]	; (10001e18 <ph_remove_any_head+0x108>)
10001d80:	2138      	movs	r1, #56	; 0x38
10001d82:	4826      	ldr	r0, [pc, #152]	; (10001e1c <ph_remove_any_head+0x10c>)
10001d84:	f000 fbd2 	bl	1000252c <__assert_func>
10001d88:	4b25      	ldr	r3, [pc, #148]	; (10001e20 <ph_remove_any_head+0x110>)
10001d8a:	4a26      	ldr	r2, [pc, #152]	; (10001e24 <ph_remove_any_head+0x114>)
10001d8c:	2168      	movs	r1, #104	; 0x68
10001d8e:	4826      	ldr	r0, [pc, #152]	; (10001e28 <ph_remove_any_head+0x118>)
10001d90:	f000 fbcc 	bl	1000252c <__assert_func>
10001d94:	4b25      	ldr	r3, [pc, #148]	; (10001e2c <ph_remove_any_head+0x11c>)
10001d96:	4a20      	ldr	r2, [pc, #128]	; (10001e18 <ph_remove_any_head+0x108>)
10001d98:	213a      	movs	r1, #58	; 0x3a
10001d9a:	4820      	ldr	r0, [pc, #128]	; (10001e1c <ph_remove_any_head+0x10c>)
10001d9c:	f000 fbc6 	bl	1000252c <__assert_func>
10001da0:	4b23      	ldr	r3, [pc, #140]	; (10001e30 <ph_remove_any_head+0x120>)
10001da2:	4a1d      	ldr	r2, [pc, #116]	; (10001e18 <ph_remove_any_head+0x108>)
10001da4:	213b      	movs	r1, #59	; 0x3b
10001da6:	481d      	ldr	r0, [pc, #116]	; (10001e1c <ph_remove_any_head+0x10c>)
10001da8:	f000 fbc0 	bl	1000252c <__assert_func>
10001dac:	2a00      	cmp	r2, #0
10001dae:	d00a      	beq.n	10001dc6 <ph_remove_any_head+0xb6>
10001db0:	7b29      	ldrb	r1, [r5, #12]
10001db2:	428a      	cmp	r2, r1
10001db4:	d807      	bhi.n	10001dc6 <ph_remove_any_head+0xb6>
10001db6:	0051      	lsls	r1, r2, #1
10001db8:	188a      	adds	r2, r1, r2
10001dba:	3a03      	subs	r2, #3
10001dbc:	6829      	ldr	r1, [r5, #0]
10001dbe:	468c      	mov	ip, r1
10001dc0:	4462      	add	r2, ip
10001dc2:	7054      	strb	r4, [r2, #1]
10001dc4:	e7c3      	b.n	10001d4e <ph_remove_any_head+0x3e>
10001dc6:	4b16      	ldr	r3, [pc, #88]	; (10001e20 <ph_remove_any_head+0x110>)
10001dc8:	4a16      	ldr	r2, [pc, #88]	; (10001e24 <ph_remove_any_head+0x114>)
10001dca:	2168      	movs	r1, #104	; 0x68
10001dcc:	4816      	ldr	r0, [pc, #88]	; (10001e28 <ph_remove_any_head+0x118>)
10001dce:	f000 fbad 	bl	1000252c <__assert_func>
10001dd2:	4b18      	ldr	r3, [pc, #96]	; (10001e34 <ph_remove_any_head+0x124>)
10001dd4:	4a10      	ldr	r2, [pc, #64]	; (10001e18 <ph_remove_any_head+0x108>)
10001dd6:	2142      	movs	r1, #66	; 0x42
10001dd8:	4810      	ldr	r0, [pc, #64]	; (10001e1c <ph_remove_any_head+0x10c>)
10001dda:	f000 fba7 	bl	1000252c <__assert_func>
10001dde:	2b00      	cmp	r3, #0
10001de0:	d00b      	beq.n	10001dfa <ph_remove_any_head+0xea>
10001de2:	7b2a      	ldrb	r2, [r5, #12]
10001de4:	4293      	cmp	r3, r2
10001de6:	d808      	bhi.n	10001dfa <ph_remove_any_head+0xea>
10001de8:	0043      	lsls	r3, r0, #1
10001dea:	181b      	adds	r3, r3, r0
10001dec:	3b03      	subs	r3, #3
10001dee:	682a      	ldr	r2, [r5, #0]
10001df0:	4694      	mov	ip, r2
10001df2:	4463      	add	r3, ip
10001df4:	2200      	movs	r2, #0
10001df6:	709a      	strb	r2, [r3, #2]
10001df8:	e7b3      	b.n	10001d62 <ph_remove_any_head+0x52>
10001dfa:	4b09      	ldr	r3, [pc, #36]	; (10001e20 <ph_remove_any_head+0x110>)
10001dfc:	4a09      	ldr	r2, [pc, #36]	; (10001e24 <ph_remove_any_head+0x114>)
10001dfe:	2168      	movs	r1, #104	; 0x68
10001e00:	4809      	ldr	r0, [pc, #36]	; (10001e28 <ph_remove_any_head+0x118>)
10001e02:	f000 fb93 	bl	1000252c <__assert_func>
10001e06:	4b06      	ldr	r3, [pc, #24]	; (10001e20 <ph_remove_any_head+0x110>)
10001e08:	4a06      	ldr	r2, [pc, #24]	; (10001e24 <ph_remove_any_head+0x114>)
10001e0a:	2168      	movs	r1, #104	; 0x68
10001e0c:	4806      	ldr	r0, [pc, #24]	; (10001e28 <ph_remove_any_head+0x118>)
10001e0e:	f000 fb8d 	bl	1000252c <__assert_func>
10001e12:	46c0      	nop			; (mov r8, r8)
10001e14:	100078b4 	.word	0x100078b4
10001e18:	10007994 	.word	0x10007994
10001e1c:	100078bc 	.word	0x100078bc
10001e20:	100074ec 	.word	0x100074ec
10001e24:	100079bc 	.word	0x100079bc
10001e28:	10007508 	.word	0x10007508
10001e2c:	10007910 	.word	0x10007910
10001e30:	10007938 	.word	0x10007938
10001e34:	1000764c 	.word	0x1000764c

10001e38 <ph_remove_head>:
10001e38:	b570      	push	{r4, r5, r6, lr}
10001e3a:	0004      	movs	r4, r0
10001e3c:	000a      	movs	r2, r1
10001e3e:	7b45      	ldrb	r5, [r0, #13]
10001e40:	0029      	movs	r1, r5
10001e42:	f7ff ff65 	bl	10001d10 <ph_remove_any_head>
10001e46:	7360      	strb	r0, [r4, #13]
10001e48:	0028      	movs	r0, r5
10001e4a:	bd70      	pop	{r4, r5, r6, pc}

10001e4c <ph_remove_and_free_node>:
10001e4c:	b570      	push	{r4, r5, r6, lr}
10001e4e:	0004      	movs	r4, r0
10001e50:	2900      	cmp	r1, #0
10001e52:	d067      	beq.n	10001f24 <ph_remove_and_free_node+0xd8>
10001e54:	7b43      	ldrb	r3, [r0, #13]
10001e56:	428b      	cmp	r3, r1
10001e58:	d00e      	beq.n	10001e78 <ph_remove_and_free_node+0x2c>
10001e5a:	2900      	cmp	r1, #0
10001e5c:	d011      	beq.n	10001e82 <ph_remove_and_free_node+0x36>
10001e5e:	7b03      	ldrb	r3, [r0, #12]
10001e60:	4299      	cmp	r1, r3
10001e62:	d80e      	bhi.n	10001e82 <ph_remove_and_free_node+0x36>
10001e64:	004b      	lsls	r3, r1, #1
10001e66:	185b      	adds	r3, r3, r1
10001e68:	3b03      	subs	r3, #3
10001e6a:	6802      	ldr	r2, [r0, #0]
10001e6c:	18d0      	adds	r0, r2, r3
10001e6e:	7883      	ldrb	r3, [r0, #2]
10001e70:	2b00      	cmp	r3, #0
10001e72:	d10c      	bne.n	10001e8e <ph_remove_and_free_node+0x42>
10001e74:	2000      	movs	r0, #0
10001e76:	e056      	b.n	10001f26 <ph_remove_and_free_node+0xda>
10001e78:	2101      	movs	r1, #1
10001e7a:	f7ff ffdd 	bl	10001e38 <ph_remove_head>
10001e7e:	2001      	movs	r0, #1
10001e80:	e051      	b.n	10001f26 <ph_remove_and_free_node+0xda>
10001e82:	4b29      	ldr	r3, [pc, #164]	; (10001f28 <ph_remove_and_free_node+0xdc>)
10001e84:	4a29      	ldr	r2, [pc, #164]	; (10001f2c <ph_remove_and_free_node+0xe0>)
10001e86:	2168      	movs	r1, #104	; 0x68
10001e88:	4829      	ldr	r0, [pc, #164]	; (10001f30 <ph_remove_and_free_node+0xe4>)
10001e8a:	f000 fb4f 	bl	1000252c <__assert_func>
10001e8e:	2b00      	cmp	r3, #0
10001e90:	d020      	beq.n	10001ed4 <ph_remove_and_free_node+0x88>
10001e92:	7b22      	ldrb	r2, [r4, #12]
10001e94:	4293      	cmp	r3, r2
10001e96:	d81d      	bhi.n	10001ed4 <ph_remove_and_free_node+0x88>
10001e98:	005a      	lsls	r2, r3, #1
10001e9a:	18d3      	adds	r3, r2, r3
10001e9c:	3b03      	subs	r3, #3
10001e9e:	6822      	ldr	r2, [r4, #0]
10001ea0:	18d2      	adds	r2, r2, r3
10001ea2:	6825      	ldr	r5, [r4, #0]
10001ea4:	5ceb      	ldrb	r3, [r5, r3]
10001ea6:	428b      	cmp	r3, r1
10001ea8:	d01a      	beq.n	10001ee0 <ph_remove_and_free_node+0x94>
10001eaa:	2b00      	cmp	r3, #0
10001eac:	d01b      	beq.n	10001ee6 <ph_remove_and_free_node+0x9a>
10001eae:	7b22      	ldrb	r2, [r4, #12]
10001eb0:	4293      	cmp	r3, r2
10001eb2:	d818      	bhi.n	10001ee6 <ph_remove_and_free_node+0x9a>
10001eb4:	005a      	lsls	r2, r3, #1
10001eb6:	18d3      	adds	r3, r2, r3
10001eb8:	3b03      	subs	r3, #3
10001eba:	6822      	ldr	r2, [r4, #0]
10001ebc:	18d2      	adds	r2, r2, r3
10001ebe:	7853      	ldrb	r3, [r2, #1]
10001ec0:	428b      	cmp	r3, r1
10001ec2:	d016      	beq.n	10001ef2 <ph_remove_and_free_node+0xa6>
10001ec4:	2b00      	cmp	r3, #0
10001ec6:	d1f0      	bne.n	10001eaa <ph_remove_and_free_node+0x5e>
10001ec8:	4b1a      	ldr	r3, [pc, #104]	; (10001f34 <ph_remove_and_free_node+0xe8>)
10001eca:	4a1b      	ldr	r2, [pc, #108]	; (10001f38 <ph_remove_and_free_node+0xec>)
10001ecc:	216b      	movs	r1, #107	; 0x6b
10001ece:	481b      	ldr	r0, [pc, #108]	; (10001f3c <ph_remove_and_free_node+0xf0>)
10001ed0:	f000 fb2c 	bl	1000252c <__assert_func>
10001ed4:	4b14      	ldr	r3, [pc, #80]	; (10001f28 <ph_remove_and_free_node+0xdc>)
10001ed6:	4a15      	ldr	r2, [pc, #84]	; (10001f2c <ph_remove_and_free_node+0xe0>)
10001ed8:	2168      	movs	r1, #104	; 0x68
10001eda:	4815      	ldr	r0, [pc, #84]	; (10001f30 <ph_remove_and_free_node+0xe4>)
10001edc:	f000 fb26 	bl	1000252c <__assert_func>
10001ee0:	7843      	ldrb	r3, [r0, #1]
10001ee2:	7013      	strb	r3, [r2, #0]
10001ee4:	e007      	b.n	10001ef6 <ph_remove_and_free_node+0xaa>
10001ee6:	4b10      	ldr	r3, [pc, #64]	; (10001f28 <ph_remove_and_free_node+0xdc>)
10001ee8:	4a10      	ldr	r2, [pc, #64]	; (10001f2c <ph_remove_and_free_node+0xe0>)
10001eea:	2168      	movs	r1, #104	; 0x68
10001eec:	4810      	ldr	r0, [pc, #64]	; (10001f30 <ph_remove_and_free_node+0xe4>)
10001eee:	f000 fb1d 	bl	1000252c <__assert_func>
10001ef2:	7843      	ldrb	r3, [r0, #1]
10001ef4:	7053      	strb	r3, [r2, #1]
10001ef6:	2300      	movs	r3, #0
10001ef8:	7083      	strb	r3, [r0, #2]
10001efa:	7043      	strb	r3, [r0, #1]
10001efc:	2201      	movs	r2, #1
10001efe:	0020      	movs	r0, r4
10001f00:	f7ff ff06 	bl	10001d10 <ph_remove_any_head>
10001f04:	0002      	movs	r2, r0
10001f06:	7b61      	ldrb	r1, [r4, #13]
10001f08:	4281      	cmp	r1, r0
10001f0a:	d005      	beq.n	10001f18 <ph_remove_and_free_node+0xcc>
10001f0c:	0020      	movs	r0, r4
10001f0e:	f7ff fe4b 	bl	10001ba8 <ph_merge_nodes>
10001f12:	7360      	strb	r0, [r4, #13]
10001f14:	2001      	movs	r0, #1
10001f16:	e006      	b.n	10001f26 <ph_remove_and_free_node+0xda>
10001f18:	4b09      	ldr	r3, [pc, #36]	; (10001f40 <ph_remove_and_free_node+0xf4>)
10001f1a:	4a07      	ldr	r2, [pc, #28]	; (10001f38 <ph_remove_and_free_node+0xec>)
10001f1c:	2171      	movs	r1, #113	; 0x71
10001f1e:	4807      	ldr	r0, [pc, #28]	; (10001f3c <ph_remove_and_free_node+0xf0>)
10001f20:	f000 fb04 	bl	1000252c <__assert_func>
10001f24:	2000      	movs	r0, #0
10001f26:	bd70      	pop	{r4, r5, r6, pc}
10001f28:	100074ec 	.word	0x100074ec
10001f2c:	100079bc 	.word	0x100079bc
10001f30:	10007508 	.word	0x10007508
10001f34:	10007240 	.word	0x10007240
10001f38:	1000797c 	.word	0x1000797c
10001f3c:	100078bc 	.word	0x100078bc
10001f40:	1000795c 	.word	0x1000795c

10001f44 <uart_disable_before_lcr_write>:
10001f44:	b570      	push	{r4, r5, r6, lr}
10001f46:	6b04      	ldr	r4, [r0, #48]	; 0x30
10001f48:	07e3      	lsls	r3, r4, #31
10001f4a:	d401      	bmi.n	10001f50 <uart_disable_before_lcr_write+0xc>
10001f4c:	0020      	movs	r0, r4
10001f4e:	bd70      	pop	{r4, r5, r6, pc}
10001f50:	0002      	movs	r2, r0
10001f52:	3230      	adds	r2, #48	; 0x30
10001f54:	23c0      	movs	r3, #192	; 0xc0
10001f56:	019b      	lsls	r3, r3, #6
10001f58:	4313      	orrs	r3, r2
10001f5a:	4a0a      	ldr	r2, [pc, #40]	; (10001f84 <uart_disable_before_lcr_write+0x40>)
10001f5c:	601a      	str	r2, [r3, #0]
10001f5e:	6a45      	ldr	r5, [r0, #36]	; 0x24
10001f60:	6a82      	ldr	r2, [r0, #40]	; 0x28
10001f62:	01ad      	lsls	r5, r5, #6
10001f64:	18ad      	adds	r5, r5, r2
10001f66:	02ad      	lsls	r5, r5, #10
10001f68:	2006      	movs	r0, #6
10001f6a:	f000 f9bd 	bl	100022e8 <clock_get_hz>
10001f6e:	4906      	ldr	r1, [pc, #24]	; (10001f88 <uart_disable_before_lcr_write+0x44>)
10001f70:	f001 fc8a 	bl	10003888 <__wrap___aeabi_uidiv>
10001f74:	0001      	movs	r1, r0
10001f76:	0028      	movs	r0, r5
10001f78:	f001 fc86 	bl	10003888 <__wrap___aeabi_uidiv>
10001f7c:	2100      	movs	r1, #0
10001f7e:	f7ff fcc1 	bl	10001904 <busy_wait_us>
10001f82:	e7e3      	b.n	10001f4c <uart_disable_before_lcr_write+0x8>
10001f84:	00000301 	.word	0x00000301
10001f88:	00000e4e 	.word	0x00000e4e

10001f8c <uart_write_lcr_bits_masked>:
10001f8c:	b570      	push	{r4, r5, r6, lr}
10001f8e:	0004      	movs	r4, r0
10001f90:	000e      	movs	r6, r1
10001f92:	0015      	movs	r5, r2
10001f94:	f7ff ffd6 	bl	10001f44 <uart_disable_before_lcr_write>
10001f98:	0022      	movs	r2, r4
10001f9a:	322c      	adds	r2, #44	; 0x2c
10001f9c:	6ae1      	ldr	r1, [r4, #44]	; 0x2c
10001f9e:	404e      	eors	r6, r1
10001fa0:	4035      	ands	r5, r6
10001fa2:	2380      	movs	r3, #128	; 0x80
10001fa4:	015b      	lsls	r3, r3, #5
10001fa6:	4313      	orrs	r3, r2
10001fa8:	601d      	str	r5, [r3, #0]
10001faa:	6320      	str	r0, [r4, #48]	; 0x30
10001fac:	bd70      	pop	{r4, r5, r6, pc}
	...

10001fb0 <uart_set_baudrate>:
10001fb0:	b570      	push	{r4, r5, r6, lr}
10001fb2:	0005      	movs	r5, r0
10001fb4:	000c      	movs	r4, r1
10001fb6:	2006      	movs	r0, #6
10001fb8:	f000 f996 	bl	100022e8 <clock_get_hz>
10001fbc:	00c0      	lsls	r0, r0, #3
10001fbe:	0021      	movs	r1, r4
10001fc0:	f001 fc62 	bl	10003888 <__wrap___aeabi_uidiv>
10001fc4:	09c6      	lsrs	r6, r0, #7
10001fc6:	d008      	beq.n	10001fda <uart_set_baudrate+0x2a>
10001fc8:	4b0e      	ldr	r3, [pc, #56]	; (10002004 <uart_set_baudrate+0x54>)
10001fca:	429e      	cmp	r6, r3
10001fcc:	d816      	bhi.n	10001ffc <uart_set_baudrate+0x4c>
10001fce:	237f      	movs	r3, #127	; 0x7f
10001fd0:	4018      	ands	r0, r3
10001fd2:	3001      	adds	r0, #1
10001fd4:	0034      	movs	r4, r6
10001fd6:	0846      	lsrs	r6, r0, #1
10001fd8:	e000      	b.n	10001fdc <uart_set_baudrate+0x2c>
10001fda:	2401      	movs	r4, #1
10001fdc:	626c      	str	r4, [r5, #36]	; 0x24
10001fde:	62ae      	str	r6, [r5, #40]	; 0x28
10001fe0:	2200      	movs	r2, #0
10001fe2:	2100      	movs	r1, #0
10001fe4:	0028      	movs	r0, r5
10001fe6:	f7ff ffd1 	bl	10001f8c <uart_write_lcr_bits_masked>
10001fea:	2006      	movs	r0, #6
10001fec:	f000 f97c 	bl	100022e8 <clock_get_hz>
10001ff0:	0080      	lsls	r0, r0, #2
10001ff2:	01a1      	lsls	r1, r4, #6
10001ff4:	1989      	adds	r1, r1, r6
10001ff6:	f001 fc47 	bl	10003888 <__wrap___aeabi_uidiv>
10001ffa:	bd70      	pop	{r4, r5, r6, pc}
10001ffc:	2600      	movs	r6, #0
10001ffe:	4c02      	ldr	r4, [pc, #8]	; (10002008 <uart_set_baudrate+0x58>)
10002000:	e7ec      	b.n	10001fdc <uart_set_baudrate+0x2c>
10002002:	46c0      	nop			; (mov r8, r8)
10002004:	0000fffe 	.word	0x0000fffe
10002008:	0000ffff 	.word	0x0000ffff

1000200c <uart_set_format>:
1000200c:	b510      	push	{r4, lr}
1000200e:	3905      	subs	r1, #5
10002010:	0149      	lsls	r1, r1, #5
10002012:	3a01      	subs	r2, #1
10002014:	00d2      	lsls	r2, r2, #3
10002016:	4311      	orrs	r1, r2
10002018:	2b00      	cmp	r3, #0
1000201a:	d009      	beq.n	10002030 <uart_set_format+0x24>
1000201c:	2202      	movs	r2, #2
1000201e:	430a      	orrs	r2, r1
10002020:	2b01      	cmp	r3, #1
10002022:	d007      	beq.n	10002034 <uart_set_format+0x28>
10002024:	2100      	movs	r1, #0
10002026:	4311      	orrs	r1, r2
10002028:	226e      	movs	r2, #110	; 0x6e
1000202a:	f7ff ffaf 	bl	10001f8c <uart_write_lcr_bits_masked>
1000202e:	bd10      	pop	{r4, pc}
10002030:	2200      	movs	r2, #0
10002032:	e7f4      	b.n	1000201e <uart_set_format+0x12>
10002034:	2104      	movs	r1, #4
10002036:	e7f6      	b.n	10002026 <uart_set_format+0x1a>

10002038 <uart_set_translate_crlf>:
10002038:	2900      	cmp	r1, #0
1000203a:	d009      	beq.n	10002050 <uart_set_translate_crlf+0x18>
1000203c:	220a      	movs	r2, #10
1000203e:	4b06      	ldr	r3, [pc, #24]	; (10002058 <uart_set_translate_crlf+0x20>)
10002040:	469c      	mov	ip, r3
10002042:	4460      	add	r0, ip
10002044:	4243      	negs	r3, r0
10002046:	4158      	adcs	r0, r3
10002048:	0040      	lsls	r0, r0, #1
1000204a:	4b04      	ldr	r3, [pc, #16]	; (1000205c <uart_set_translate_crlf+0x24>)
1000204c:	52c2      	strh	r2, [r0, r3]
1000204e:	4770      	bx	lr
10002050:	2280      	movs	r2, #128	; 0x80
10002052:	0052      	lsls	r2, r2, #1
10002054:	e7f3      	b.n	1000203e <uart_set_translate_crlf+0x6>
10002056:	46c0      	nop			; (mov r8, r8)
10002058:	bffc8000 	.word	0xbffc8000
1000205c:	20001a48 	.word	0x20001a48

10002060 <uart_init>:
10002060:	b570      	push	{r4, r5, r6, lr}
10002062:	0005      	movs	r5, r0
10002064:	000c      	movs	r4, r1
10002066:	2006      	movs	r0, #6
10002068:	f000 f93e 	bl	100022e8 <clock_get_hz>
1000206c:	1e06      	subs	r6, r0, #0
1000206e:	d027      	beq.n	100020c0 <uart_init+0x60>
10002070:	4b16      	ldr	r3, [pc, #88]	; (100020cc <uart_init+0x6c>)
10002072:	429d      	cmp	r5, r3
10002074:	d026      	beq.n	100020c4 <uart_init+0x64>
10002076:	2280      	movs	r2, #128	; 0x80
10002078:	03d2      	lsls	r2, r2, #15
1000207a:	4b15      	ldr	r3, [pc, #84]	; (100020d0 <uart_init+0x70>)
1000207c:	601a      	str	r2, [r3, #0]
1000207e:	4b15      	ldr	r3, [pc, #84]	; (100020d4 <uart_init+0x74>)
10002080:	601a      	str	r2, [r3, #0]
10002082:	4b15      	ldr	r3, [pc, #84]	; (100020d8 <uart_init+0x78>)
10002084:	689b      	ldr	r3, [r3, #8]
10002086:	0011      	movs	r1, r2
10002088:	4399      	bics	r1, r3
1000208a:	d1fa      	bne.n	10002082 <uart_init+0x22>
1000208c:	2100      	movs	r1, #0
1000208e:	0028      	movs	r0, r5
10002090:	f7ff ffd2 	bl	10002038 <uart_set_translate_crlf>
10002094:	0021      	movs	r1, r4
10002096:	0028      	movs	r0, r5
10002098:	f7ff ff8a 	bl	10001fb0 <uart_set_baudrate>
1000209c:	0006      	movs	r6, r0
1000209e:	2300      	movs	r3, #0
100020a0:	2201      	movs	r2, #1
100020a2:	2108      	movs	r1, #8
100020a4:	0028      	movs	r0, r5
100020a6:	f7ff ffb1 	bl	1000200c <uart_set_format>
100020aa:	002a      	movs	r2, r5
100020ac:	322c      	adds	r2, #44	; 0x2c
100020ae:	2380      	movs	r3, #128	; 0x80
100020b0:	019b      	lsls	r3, r3, #6
100020b2:	4313      	orrs	r3, r2
100020b4:	2210      	movs	r2, #16
100020b6:	601a      	str	r2, [r3, #0]
100020b8:	4b08      	ldr	r3, [pc, #32]	; (100020dc <uart_init+0x7c>)
100020ba:	632b      	str	r3, [r5, #48]	; 0x30
100020bc:	2303      	movs	r3, #3
100020be:	64ab      	str	r3, [r5, #72]	; 0x48
100020c0:	0030      	movs	r0, r6
100020c2:	bd70      	pop	{r4, r5, r6, pc}
100020c4:	2280      	movs	r2, #128	; 0x80
100020c6:	0412      	lsls	r2, r2, #16
100020c8:	e7d7      	b.n	1000207a <uart_init+0x1a>
100020ca:	46c0      	nop			; (mov r8, r8)
100020cc:	40038000 	.word	0x40038000
100020d0:	4000e000 	.word	0x4000e000
100020d4:	4000f000 	.word	0x4000f000
100020d8:	4000c000 	.word	0x4000c000
100020dc:	00000301 	.word	0x00000301

100020e0 <clock_configure>:
100020e0:	b5f8      	push	{r3, r4, r5, r6, r7, lr}
100020e2:	46de      	mov	lr, fp
100020e4:	4657      	mov	r7, sl
100020e6:	464e      	mov	r6, r9
100020e8:	4645      	mov	r5, r8
100020ea:	b5e0      	push	{r5, r6, r7, lr}
100020ec:	0005      	movs	r5, r0
100020ee:	000f      	movs	r7, r1
100020f0:	4692      	mov	sl, r2
100020f2:	9a0a      	ldr	r2, [sp, #40]	; 0x28
100020f4:	4293      	cmp	r3, r2
100020f6:	d350      	bcc.n	1000219a <clock_configure+0xba>
100020f8:	0e1a      	lsrs	r2, r3, #24
100020fa:	4691      	mov	r9, r2
100020fc:	021e      	lsls	r6, r3, #8
100020fe:	9a0a      	ldr	r2, [sp, #40]	; 0x28
10002100:	2300      	movs	r3, #0
10002102:	0030      	movs	r0, r6
10002104:	4649      	mov	r1, r9
10002106:	f001 fbfd 	bl	10003904 <__wrap___aeabi_uldivmod>
1000210a:	4680      	mov	r8, r0
1000210c:	006c      	lsls	r4, r5, #1
1000210e:	1964      	adds	r4, r4, r5
10002110:	00a4      	lsls	r4, r4, #2
10002112:	4b30      	ldr	r3, [pc, #192]	; (100021d4 <clock_configure+0xf4>)
10002114:	469c      	mov	ip, r3
10002116:	4464      	add	r4, ip
10002118:	6863      	ldr	r3, [r4, #4]
1000211a:	4283      	cmp	r3, r0
1000211c:	d200      	bcs.n	10002120 <clock_configure+0x40>
1000211e:	6060      	str	r0, [r4, #4]
10002120:	1f2b      	subs	r3, r5, #4
10002122:	b2db      	uxtb	r3, r3
10002124:	469b      	mov	fp, r3
10002126:	2b01      	cmp	r3, #1
10002128:	d93d      	bls.n	100021a6 <clock_configure+0xc6>
1000212a:	23c0      	movs	r3, #192	; 0xc0
1000212c:	019b      	lsls	r3, r3, #6
1000212e:	4323      	orrs	r3, r4
10002130:	2280      	movs	r2, #128	; 0x80
10002132:	0112      	lsls	r2, r2, #4
10002134:	601a      	str	r2, [r3, #0]
10002136:	00ab      	lsls	r3, r5, #2
10002138:	4a27      	ldr	r2, [pc, #156]	; (100021d8 <clock_configure+0xf8>)
1000213a:	5899      	ldr	r1, [r3, r2]
1000213c:	2900      	cmp	r1, #0
1000213e:	d007      	beq.n	10002150 <clock_configure+0x70>
10002140:	6950      	ldr	r0, [r2, #20]
10002142:	f001 fba1 	bl	10003888 <__wrap___aeabi_uidiv>
10002146:	1c43      	adds	r3, r0, #1
10002148:	0058      	lsls	r0, r3, #1
1000214a:	18c0      	adds	r0, r0, r3
1000214c:	3803      	subs	r0, #3
1000214e:	d2fd      	bcs.n	1000214c <clock_configure+0x6c>
10002150:	4653      	mov	r3, sl
10002152:	015a      	lsls	r2, r3, #5
10002154:	6823      	ldr	r3, [r4, #0]
10002156:	405a      	eors	r2, r3
10002158:	23e0      	movs	r3, #224	; 0xe0
1000215a:	401a      	ands	r2, r3
1000215c:	2380      	movs	r3, #128	; 0x80
1000215e:	015b      	lsls	r3, r3, #5
10002160:	4323      	orrs	r3, r4
10002162:	601a      	str	r2, [r3, #0]
10002164:	465a      	mov	r2, fp
10002166:	2a01      	cmp	r2, #1
10002168:	d928      	bls.n	100021bc <clock_configure+0xdc>
1000216a:	2380      	movs	r3, #128	; 0x80
1000216c:	019b      	lsls	r3, r3, #6
1000216e:	4323      	orrs	r3, r4
10002170:	2280      	movs	r2, #128	; 0x80
10002172:	0112      	lsls	r2, r2, #4
10002174:	601a      	str	r2, [r3, #0]
10002176:	4643      	mov	r3, r8
10002178:	6063      	str	r3, [r4, #4]
1000217a:	4642      	mov	r2, r8
1000217c:	2300      	movs	r3, #0
1000217e:	0030      	movs	r0, r6
10002180:	4649      	mov	r1, r9
10002182:	f001 fbbf 	bl	10003904 <__wrap___aeabi_uldivmod>
10002186:	00ad      	lsls	r5, r5, #2
10002188:	4b13      	ldr	r3, [pc, #76]	; (100021d8 <clock_configure+0xf8>)
1000218a:	5158      	str	r0, [r3, r5]
1000218c:	2001      	movs	r0, #1
1000218e:	bcf0      	pop	{r4, r5, r6, r7}
10002190:	46bb      	mov	fp, r7
10002192:	46b2      	mov	sl, r6
10002194:	46a9      	mov	r9, r5
10002196:	46a0      	mov	r8, r4
10002198:	bdf8      	pop	{r3, r4, r5, r6, r7, pc}
1000219a:	4b10      	ldr	r3, [pc, #64]	; (100021dc <clock_configure+0xfc>)
1000219c:	4a10      	ldr	r2, [pc, #64]	; (100021e0 <clock_configure+0x100>)
1000219e:	2133      	movs	r1, #51	; 0x33
100021a0:	4810      	ldr	r0, [pc, #64]	; (100021e4 <clock_configure+0x104>)
100021a2:	f000 f9c3 	bl	1000252c <__assert_func>
100021a6:	2f01      	cmp	r7, #1
100021a8:	d1bf      	bne.n	1000212a <clock_configure+0x4a>
100021aa:	23c0      	movs	r3, #192	; 0xc0
100021ac:	019b      	lsls	r3, r3, #6
100021ae:	4323      	orrs	r3, r4
100021b0:	2203      	movs	r2, #3
100021b2:	601a      	str	r2, [r3, #0]
100021b4:	68a3      	ldr	r3, [r4, #8]
100021b6:	07db      	lsls	r3, r3, #31
100021b8:	d5fc      	bpl.n	100021b4 <clock_configure+0xd4>
100021ba:	e7c9      	b.n	10002150 <clock_configure+0x70>
100021bc:	6821      	ldr	r1, [r4, #0]
100021be:	4079      	eors	r1, r7
100021c0:	2203      	movs	r2, #3
100021c2:	400a      	ands	r2, r1
100021c4:	601a      	str	r2, [r3, #0]
100021c6:	68a2      	ldr	r2, [r4, #8]
100021c8:	2301      	movs	r3, #1
100021ca:	40bb      	lsls	r3, r7
100021cc:	4213      	tst	r3, r2
100021ce:	d0fa      	beq.n	100021c6 <clock_configure+0xe6>
100021d0:	e7cb      	b.n	1000216a <clock_configure+0x8a>
100021d2:	46c0      	nop			; (mov r8, r8)
100021d4:	40008000 	.word	0x40008000
100021d8:	20001364 	.word	0x20001364
100021dc:	100079c8 	.word	0x100079c8
100021e0:	10007a3c 	.word	0x10007a3c
100021e4:	100079dc 	.word	0x100079dc

100021e8 <clocks_init>:
100021e8:	b530      	push	{r4, r5, lr}
100021ea:	b083      	sub	sp, #12
100021ec:	200c      	movs	r0, #12
100021ee:	f000 f911 	bl	10002414 <watchdog_start_tick>
100021f2:	f7fe f947 	bl	10000484 <running_on_fpga>
100021f6:	2800      	cmp	r0, #0
100021f8:	d00d      	beq.n	10002216 <clocks_init+0x2e>
100021fa:	2300      	movs	r3, #0
100021fc:	e004      	b.n	10002208 <clocks_init+0x20>
100021fe:	0099      	lsls	r1, r3, #2
10002200:	4a2d      	ldr	r2, [pc, #180]	; (100022b8 <clocks_init+0xd0>)
10002202:	482e      	ldr	r0, [pc, #184]	; (100022bc <clocks_init+0xd4>)
10002204:	5088      	str	r0, [r1, r2]
10002206:	3301      	adds	r3, #1
10002208:	2b09      	cmp	r3, #9
1000220a:	d9f8      	bls.n	100021fe <clocks_init+0x16>
1000220c:	4b2a      	ldr	r3, [pc, #168]	; (100022b8 <clocks_init+0xd0>)
1000220e:	4a2c      	ldr	r2, [pc, #176]	; (100022c0 <clocks_init+0xd8>)
10002210:	625a      	str	r2, [r3, #36]	; 0x24
10002212:	b003      	add	sp, #12
10002214:	bd30      	pop	{r4, r5, pc}
10002216:	4b2b      	ldr	r3, [pc, #172]	; (100022c4 <clocks_init+0xdc>)
10002218:	2200      	movs	r2, #0
1000221a:	679a      	str	r2, [r3, #120]	; 0x78
1000221c:	f000 f96c 	bl	100024f8 <xosc_init>
10002220:	4b29      	ldr	r3, [pc, #164]	; (100022c8 <clocks_init+0xe0>)
10002222:	2201      	movs	r2, #1
10002224:	601a      	str	r2, [r3, #0]
10002226:	4b27      	ldr	r3, [pc, #156]	; (100022c4 <clocks_init+0xdc>)
10002228:	6c5b      	ldr	r3, [r3, #68]	; 0x44
1000222a:	2b01      	cmp	r3, #1
1000222c:	d1fb      	bne.n	10002226 <clocks_init+0x3e>
1000222e:	4b27      	ldr	r3, [pc, #156]	; (100022cc <clocks_init+0xe4>)
10002230:	2203      	movs	r2, #3
10002232:	601a      	str	r2, [r3, #0]
10002234:	4b23      	ldr	r3, [pc, #140]	; (100022c4 <clocks_init+0xdc>)
10002236:	6b9b      	ldr	r3, [r3, #56]	; 0x38
10002238:	2b01      	cmp	r3, #1
1000223a:	d1fb      	bne.n	10002234 <clocks_init+0x4c>
1000223c:	3301      	adds	r3, #1
1000223e:	9300      	str	r3, [sp, #0]
10002240:	3304      	adds	r3, #4
10002242:	4a23      	ldr	r2, [pc, #140]	; (100022d0 <clocks_init+0xe8>)
10002244:	2101      	movs	r1, #1
10002246:	4823      	ldr	r0, [pc, #140]	; (100022d4 <clocks_init+0xec>)
10002248:	f000 f854 	bl	100022f4 <pll_init>
1000224c:	2305      	movs	r3, #5
1000224e:	9300      	str	r3, [sp, #0]
10002250:	4a21      	ldr	r2, [pc, #132]	; (100022d8 <clocks_init+0xf0>)
10002252:	2101      	movs	r1, #1
10002254:	4821      	ldr	r0, [pc, #132]	; (100022dc <clocks_init+0xf4>)
10002256:	f000 f84d 	bl	100022f4 <pll_init>
1000225a:	4b21      	ldr	r3, [pc, #132]	; (100022e0 <clocks_init+0xf8>)
1000225c:	9300      	str	r3, [sp, #0]
1000225e:	2200      	movs	r2, #0
10002260:	2102      	movs	r1, #2
10002262:	2004      	movs	r0, #4
10002264:	f7ff ff3c 	bl	100020e0 <clock_configure>
10002268:	4d1e      	ldr	r5, [pc, #120]	; (100022e4 <clocks_init+0xfc>)
1000226a:	9500      	str	r5, [sp, #0]
1000226c:	002b      	movs	r3, r5
1000226e:	2200      	movs	r2, #0
10002270:	2101      	movs	r1, #1
10002272:	2005      	movs	r0, #5
10002274:	f7ff ff34 	bl	100020e0 <clock_configure>
10002278:	4c10      	ldr	r4, [pc, #64]	; (100022bc <clocks_init+0xd4>)
1000227a:	9400      	str	r4, [sp, #0]
1000227c:	0023      	movs	r3, r4
1000227e:	2200      	movs	r2, #0
10002280:	2100      	movs	r1, #0
10002282:	2007      	movs	r0, #7
10002284:	f7ff ff2c 	bl	100020e0 <clock_configure>
10002288:	9400      	str	r4, [sp, #0]
1000228a:	0023      	movs	r3, r4
1000228c:	2200      	movs	r2, #0
1000228e:	2100      	movs	r1, #0
10002290:	2008      	movs	r0, #8
10002292:	f7ff ff25 	bl	100020e0 <clock_configure>
10002296:	4b0a      	ldr	r3, [pc, #40]	; (100022c0 <clocks_init+0xd8>)
10002298:	9300      	str	r3, [sp, #0]
1000229a:	0023      	movs	r3, r4
1000229c:	2200      	movs	r2, #0
1000229e:	2100      	movs	r1, #0
100022a0:	2009      	movs	r0, #9
100022a2:	f7ff ff1d 	bl	100020e0 <clock_configure>
100022a6:	9500      	str	r5, [sp, #0]
100022a8:	002b      	movs	r3, r5
100022aa:	2200      	movs	r2, #0
100022ac:	2100      	movs	r1, #0
100022ae:	2006      	movs	r0, #6
100022b0:	f7ff ff16 	bl	100020e0 <clock_configure>
100022b4:	e7ad      	b.n	10002212 <clocks_init+0x2a>
100022b6:	46c0      	nop			; (mov r8, r8)
100022b8:	20001364 	.word	0x20001364
100022bc:	02dc6c00 	.word	0x02dc6c00
100022c0:	0000b71b 	.word	0x0000b71b
100022c4:	40008000 	.word	0x40008000
100022c8:	4000b03c 	.word	0x4000b03c
100022cc:	4000b030 	.word	0x4000b030
100022d0:	59682f00 	.word	0x59682f00
100022d4:	40028000 	.word	0x40028000
100022d8:	47868c00 	.word	0x47868c00
100022dc:	4002c000 	.word	0x4002c000
100022e0:	00b71b00 	.word	0x00b71b00
100022e4:	07735940 	.word	0x07735940

100022e8 <clock_get_hz>:
100022e8:	0080      	lsls	r0, r0, #2
100022ea:	4b01      	ldr	r3, [pc, #4]	; (100022f0 <clock_get_hz+0x8>)
100022ec:	58c0      	ldr	r0, [r0, r3]
100022ee:	4770      	bx	lr
100022f0:	20001364 	.word	0x20001364

100022f4 <pll_init>:
100022f4:	b5f0      	push	{r4, r5, r6, r7, lr}
100022f6:	46c6      	mov	lr, r8
100022f8:	b500      	push	{lr}
100022fa:	0004      	movs	r4, r0
100022fc:	000e      	movs	r6, r1
100022fe:	0017      	movs	r7, r2
10002300:	001d      	movs	r5, r3
10002302:	4837      	ldr	r0, [pc, #220]	; (100023e0 <pll_init+0xec>)
10002304:	f001 fac0 	bl	10003888 <__wrap___aeabi_uidiv>
10002308:	4680      	mov	r8, r0
1000230a:	4b36      	ldr	r3, [pc, #216]	; (100023e4 <pll_init+0xf0>)
1000230c:	18fa      	adds	r2, r7, r3
1000230e:	4b36      	ldr	r3, [pc, #216]	; (100023e8 <pll_init+0xf4>)
10002310:	429a      	cmp	r2, r3
10002312:	d839      	bhi.n	10002388 <pll_init+0x94>
10002314:	0001      	movs	r1, r0
10002316:	0038      	movs	r0, r7
10002318:	f001 fab6 	bl	10003888 <__wrap___aeabi_uidiv>
1000231c:	0002      	movs	r2, r0
1000231e:	3a10      	subs	r2, #16
10002320:	2398      	movs	r3, #152	; 0x98
10002322:	005b      	lsls	r3, r3, #1
10002324:	429a      	cmp	r2, r3
10002326:	d835      	bhi.n	10002394 <pll_init+0xa0>
10002328:	1e6b      	subs	r3, r5, #1
1000232a:	2b06      	cmp	r3, #6
1000232c:	d838      	bhi.n	100023a0 <pll_init+0xac>
1000232e:	9b06      	ldr	r3, [sp, #24]
10002330:	3b01      	subs	r3, #1
10002332:	2b06      	cmp	r3, #6
10002334:	d834      	bhi.n	100023a0 <pll_init+0xac>
10002336:	093f      	lsrs	r7, r7, #4
10002338:	4547      	cmp	r7, r8
1000233a:	d337      	bcc.n	100023ac <pll_init+0xb8>
1000233c:	042d      	lsls	r5, r5, #16
1000233e:	9b06      	ldr	r3, [sp, #24]
10002340:	031a      	lsls	r2, r3, #12
10002342:	4315      	orrs	r5, r2
10002344:	6823      	ldr	r3, [r4, #0]
10002346:	2b00      	cmp	r3, #0
10002348:	db36      	blt.n	100023b8 <pll_init+0xc4>
1000234a:	4b28      	ldr	r3, [pc, #160]	; (100023ec <pll_init+0xf8>)
1000234c:	429c      	cmp	r4, r3
1000234e:	d044      	beq.n	100023da <pll_init+0xe6>
10002350:	2280      	movs	r2, #128	; 0x80
10002352:	0152      	lsls	r2, r2, #5
10002354:	4b26      	ldr	r3, [pc, #152]	; (100023f0 <pll_init+0xfc>)
10002356:	601a      	str	r2, [r3, #0]
10002358:	4b26      	ldr	r3, [pc, #152]	; (100023f4 <pll_init+0x100>)
1000235a:	601a      	str	r2, [r3, #0]
1000235c:	4b26      	ldr	r3, [pc, #152]	; (100023f8 <pll_init+0x104>)
1000235e:	689b      	ldr	r3, [r3, #8]
10002360:	0011      	movs	r1, r2
10002362:	4399      	bics	r1, r3
10002364:	d1fa      	bne.n	1000235c <pll_init+0x68>
10002366:	6026      	str	r6, [r4, #0]
10002368:	60a0      	str	r0, [r4, #8]
1000236a:	1d23      	adds	r3, r4, #4
1000236c:	22c0      	movs	r2, #192	; 0xc0
1000236e:	0192      	lsls	r2, r2, #6
10002370:	431a      	orrs	r2, r3
10002372:	2321      	movs	r3, #33	; 0x21
10002374:	6013      	str	r3, [r2, #0]
10002376:	6823      	ldr	r3, [r4, #0]
10002378:	2b00      	cmp	r3, #0
1000237a:	dafc      	bge.n	10002376 <pll_init+0x82>
1000237c:	60e5      	str	r5, [r4, #12]
1000237e:	2308      	movs	r3, #8
10002380:	6013      	str	r3, [r2, #0]
10002382:	bc80      	pop	{r7}
10002384:	46b8      	mov	r8, r7
10002386:	bdf0      	pop	{r4, r5, r6, r7, pc}
10002388:	4b1c      	ldr	r3, [pc, #112]	; (100023fc <pll_init+0x108>)
1000238a:	4a1d      	ldr	r2, [pc, #116]	; (10002400 <pll_init+0x10c>)
1000238c:	2111      	movs	r1, #17
1000238e:	481d      	ldr	r0, [pc, #116]	; (10002404 <pll_init+0x110>)
10002390:	f000 f8cc 	bl	1000252c <__assert_func>
10002394:	4b1c      	ldr	r3, [pc, #112]	; (10002408 <pll_init+0x114>)
10002396:	4a1a      	ldr	r2, [pc, #104]	; (10002400 <pll_init+0x10c>)
10002398:	2119      	movs	r1, #25
1000239a:	481a      	ldr	r0, [pc, #104]	; (10002404 <pll_init+0x110>)
1000239c:	f000 f8c6 	bl	1000252c <__assert_func>
100023a0:	4b1a      	ldr	r3, [pc, #104]	; (1000240c <pll_init+0x118>)
100023a2:	4a17      	ldr	r2, [pc, #92]	; (10002400 <pll_init+0x10c>)
100023a4:	211c      	movs	r1, #28
100023a6:	4817      	ldr	r0, [pc, #92]	; (10002404 <pll_init+0x110>)
100023a8:	f000 f8c0 	bl	1000252c <__assert_func>
100023ac:	4b18      	ldr	r3, [pc, #96]	; (10002410 <pll_init+0x11c>)
100023ae:	4a14      	ldr	r2, [pc, #80]	; (10002400 <pll_init+0x10c>)
100023b0:	2123      	movs	r1, #35	; 0x23
100023b2:	4814      	ldr	r0, [pc, #80]	; (10002404 <pll_init+0x110>)
100023b4:	f000 f8ba 	bl	1000252c <__assert_func>
100023b8:	6822      	ldr	r2, [r4, #0]
100023ba:	233f      	movs	r3, #63	; 0x3f
100023bc:	4013      	ands	r3, r2
100023be:	42b3      	cmp	r3, r6
100023c0:	d1c3      	bne.n	1000234a <pll_init+0x56>
100023c2:	68a3      	ldr	r3, [r4, #8]
100023c4:	051b      	lsls	r3, r3, #20
100023c6:	0d1b      	lsrs	r3, r3, #20
100023c8:	4283      	cmp	r3, r0
100023ca:	d1be      	bne.n	1000234a <pll_init+0x56>
100023cc:	68e3      	ldr	r3, [r4, #12]
100023ce:	22ee      	movs	r2, #238	; 0xee
100023d0:	02d2      	lsls	r2, r2, #11
100023d2:	4013      	ands	r3, r2
100023d4:	42ab      	cmp	r3, r5
100023d6:	d1b8      	bne.n	1000234a <pll_init+0x56>
100023d8:	e7d3      	b.n	10002382 <pll_init+0x8e>
100023da:	2280      	movs	r2, #128	; 0x80
100023dc:	0192      	lsls	r2, r2, #6
100023de:	e7b9      	b.n	10002354 <pll_init+0x60>
100023e0:	00b71b00 	.word	0x00b71b00
100023e4:	d34be880 	.word	0xd34be880
100023e8:	32a9f880 	.word	0x32a9f880
100023ec:	4002c000 	.word	0x4002c000
100023f0:	4000e000 	.word	0x4000e000
100023f4:	4000f000 	.word	0x4000f000
100023f8:	4000c000 	.word	0x4000c000
100023fc:	10007a4c 	.word	0x10007a4c
10002400:	10007b8c 	.word	0x10007b8c
10002404:	10007aac 	.word	0x10007aac
10002408:	10007b08 	.word	0x10007b08
1000240c:	10007b24 	.word	0x10007b24
10002410:	10007b70 	.word	0x10007b70

10002414 <watchdog_start_tick>:
10002414:	2380      	movs	r3, #128	; 0x80
10002416:	009b      	lsls	r3, r3, #2
10002418:	4303      	orrs	r3, r0
1000241a:	4a01      	ldr	r2, [pc, #4]	; (10002420 <watchdog_start_tick+0xc>)
1000241c:	62d3      	str	r3, [r2, #44]	; 0x2c
1000241e:	4770      	bx	lr
10002420:	40058000 	.word	0x40058000

10002424 <watchdog_update>:
10002424:	4b02      	ldr	r3, [pc, #8]	; (10002430 <watchdog_update+0xc>)
10002426:	681a      	ldr	r2, [r3, #0]
10002428:	4b02      	ldr	r3, [pc, #8]	; (10002434 <watchdog_update+0x10>)
1000242a:	605a      	str	r2, [r3, #4]
1000242c:	4770      	bx	lr
1000242e:	46c0      	nop			; (mov r8, r8)
10002430:	20001800 	.word	0x20001800
10002434:	40058000 	.word	0x40058000

10002438 <_watchdog_enable>:
10002438:	b510      	push	{r4, lr}
1000243a:	0002      	movs	r2, r0
1000243c:	4b16      	ldr	r3, [pc, #88]	; (10002498 <_watchdog_enable+0x60>)
1000243e:	2080      	movs	r0, #128	; 0x80
10002440:	05c0      	lsls	r0, r0, #23
10002442:	6018      	str	r0, [r3, #0]
10002444:	4b15      	ldr	r3, [pc, #84]	; (1000249c <_watchdog_enable+0x64>)
10002446:	4816      	ldr	r0, [pc, #88]	; (100024a0 <_watchdog_enable+0x68>)
10002448:	6018      	str	r0, [r3, #0]
1000244a:	2900      	cmp	r1, #0
1000244c:	d00a      	beq.n	10002464 <_watchdog_enable+0x2c>
1000244e:	4b15      	ldr	r3, [pc, #84]	; (100024a4 <_watchdog_enable+0x6c>)
10002450:	21e0      	movs	r1, #224	; 0xe0
10002452:	04c9      	lsls	r1, r1, #19
10002454:	6019      	str	r1, [r3, #0]
10002456:	2a00      	cmp	r2, #0
10002458:	d109      	bne.n	1000246e <_watchdog_enable+0x36>
1000245a:	4b12      	ldr	r3, [pc, #72]	; (100024a4 <_watchdog_enable+0x6c>)
1000245c:	2280      	movs	r2, #128	; 0x80
1000245e:	0612      	lsls	r2, r2, #24
10002460:	601a      	str	r2, [r3, #0]
10002462:	bd10      	pop	{r4, pc}
10002464:	4b0c      	ldr	r3, [pc, #48]	; (10002498 <_watchdog_enable+0x60>)
10002466:	21e0      	movs	r1, #224	; 0xe0
10002468:	04c9      	lsls	r1, r1, #19
1000246a:	6019      	str	r1, [r3, #0]
1000246c:	e7f3      	b.n	10002456 <_watchdog_enable+0x1e>
1000246e:	0153      	lsls	r3, r2, #5
10002470:	1a9b      	subs	r3, r3, r2
10002472:	0098      	lsls	r0, r3, #2
10002474:	1880      	adds	r0, r0, r2
10002476:	0100      	lsls	r0, r0, #4
10002478:	4b0b      	ldr	r3, [pc, #44]	; (100024a8 <_watchdog_enable+0x70>)
1000247a:	6018      	str	r0, [r3, #0]
1000247c:	2380      	movs	r3, #128	; 0x80
1000247e:	045b      	lsls	r3, r3, #17
10002480:	4298      	cmp	r0, r3
10002482:	d302      	bcc.n	1000248a <_watchdog_enable+0x52>
10002484:	4b08      	ldr	r3, [pc, #32]	; (100024a8 <_watchdog_enable+0x70>)
10002486:	4a09      	ldr	r2, [pc, #36]	; (100024ac <_watchdog_enable+0x74>)
10002488:	601a      	str	r2, [r3, #0]
1000248a:	f7ff ffcb 	bl	10002424 <watchdog_update>
1000248e:	4b05      	ldr	r3, [pc, #20]	; (100024a4 <_watchdog_enable+0x6c>)
10002490:	2280      	movs	r2, #128	; 0x80
10002492:	05d2      	lsls	r2, r2, #23
10002494:	601a      	str	r2, [r3, #0]
10002496:	e7e4      	b.n	10002462 <_watchdog_enable+0x2a>
10002498:	4005b000 	.word	0x4005b000
1000249c:	40012008 	.word	0x40012008
100024a0:	0001fffc 	.word	0x0001fffc
100024a4:	4005a000 	.word	0x4005a000
100024a8:	20001800 	.word	0x20001800
100024ac:	00ffffff 	.word	0x00ffffff

100024b0 <watchdog_reboot>:
100024b0:	b510      	push	{r4, lr}
100024b2:	0003      	movs	r3, r0
100024b4:	0010      	movs	r0, r2
100024b6:	4a0c      	ldr	r2, [pc, #48]	; (100024e8 <watchdog_reboot+0x38>)
100024b8:	2480      	movs	r4, #128	; 0x80
100024ba:	05e4      	lsls	r4, r4, #23
100024bc:	6014      	str	r4, [r2, #0]
100024be:	2b00      	cmp	r3, #0
100024c0:	d00d      	beq.n	100024de <watchdog_reboot+0x2e>
100024c2:	2201      	movs	r2, #1
100024c4:	4313      	orrs	r3, r2
100024c6:	4a09      	ldr	r2, [pc, #36]	; (100024ec <watchdog_reboot+0x3c>)
100024c8:	4c09      	ldr	r4, [pc, #36]	; (100024f0 <watchdog_reboot+0x40>)
100024ca:	61d4      	str	r4, [r2, #28]
100024cc:	4c09      	ldr	r4, [pc, #36]	; (100024f4 <watchdog_reboot+0x44>)
100024ce:	405c      	eors	r4, r3
100024d0:	6214      	str	r4, [r2, #32]
100024d2:	6251      	str	r1, [r2, #36]	; 0x24
100024d4:	6293      	str	r3, [r2, #40]	; 0x28
100024d6:	2100      	movs	r1, #0
100024d8:	f7ff ffae 	bl	10002438 <_watchdog_enable>
100024dc:	bd10      	pop	{r4, pc}
100024de:	4b03      	ldr	r3, [pc, #12]	; (100024ec <watchdog_reboot+0x3c>)
100024e0:	2200      	movs	r2, #0
100024e2:	61da      	str	r2, [r3, #28]
100024e4:	e7f7      	b.n	100024d6 <watchdog_reboot+0x26>
100024e6:	46c0      	nop			; (mov r8, r8)
100024e8:	4005b000 	.word	0x4005b000
100024ec:	40058000 	.word	0x40058000
100024f0:	b007c0d3 	.word	0xb007c0d3
100024f4:	4ff83f2d 	.word	0x4ff83f2d

100024f8 <xosc_init>:
100024f8:	4b06      	ldr	r3, [pc, #24]	; (10002514 <xosc_init+0x1c>)
100024fa:	22aa      	movs	r2, #170	; 0xaa
100024fc:	0112      	lsls	r2, r2, #4
100024fe:	601a      	str	r2, [r3, #0]
10002500:	222f      	movs	r2, #47	; 0x2f
10002502:	60da      	str	r2, [r3, #12]
10002504:	4b04      	ldr	r3, [pc, #16]	; (10002518 <xosc_init+0x20>)
10002506:	4a05      	ldr	r2, [pc, #20]	; (1000251c <xosc_init+0x24>)
10002508:	601a      	str	r2, [r3, #0]
1000250a:	4b02      	ldr	r3, [pc, #8]	; (10002514 <xosc_init+0x1c>)
1000250c:	685b      	ldr	r3, [r3, #4]
1000250e:	2b00      	cmp	r3, #0
10002510:	dafb      	bge.n	1000250a <xosc_init+0x12>
10002512:	4770      	bx	lr
10002514:	40024000 	.word	0x40024000
10002518:	40026000 	.word	0x40026000
1000251c:	00fab000 	.word	0x00fab000

10002520 <_exit>:
10002520:	be00      	bkpt	0x0000
10002522:	e7fd      	b.n	10002520 <_exit>

10002524 <exit>:
10002524:	b510      	push	{r4, lr}
10002526:	f7ff fffb 	bl	10002520 <_exit>
	...

1000252c <__assert_func>:
1000252c:	b510      	push	{r4, lr}
1000252e:	b082      	sub	sp, #8
10002530:	000c      	movs	r4, r1
10002532:	0019      	movs	r1, r3
10002534:	2a00      	cmp	r2, #0
10002536:	d00c      	beq.n	10002552 <__assert_func+0x26>
10002538:	4b08      	ldr	r3, [pc, #32]	; (1000255c <__assert_func+0x30>)
1000253a:	2a00      	cmp	r2, #0
1000253c:	d00b      	beq.n	10002556 <__assert_func+0x2a>
1000253e:	9201      	str	r2, [sp, #4]
10002540:	9300      	str	r3, [sp, #0]
10002542:	0023      	movs	r3, r4
10002544:	0002      	movs	r2, r0
10002546:	4806      	ldr	r0, [pc, #24]	; (10002560 <__assert_func+0x34>)
10002548:	f001 fefe 	bl	10004348 <__wrap_printf>
1000254c:	2001      	movs	r0, #1
1000254e:	f7ff ffe7 	bl	10002520 <_exit>
10002552:	4b04      	ldr	r3, [pc, #16]	; (10002564 <__assert_func+0x38>)
10002554:	e7f1      	b.n	1000253a <__assert_func+0xe>
10002556:	4a03      	ldr	r2, [pc, #12]	; (10002564 <__assert_func+0x38>)
10002558:	e7f1      	b.n	1000253e <__assert_func+0x12>
1000255a:	46c0      	nop			; (mov r8, r8)
1000255c:	10007b98 	.word	0x10007b98
10002560:	10007ba8 	.word	0x10007ba8
10002564:	10006fc8 	.word	0x10006fc8

10002568 <runtime_init>:
10002568:	b570      	push	{r4, r5, r6, lr}
1000256a:	4b2b      	ldr	r3, [pc, #172]	; (10002618 <runtime_init+0xb0>)
1000256c:	4a2b      	ldr	r2, [pc, #172]	; (1000261c <runtime_init+0xb4>)
1000256e:	601a      	str	r2, [r3, #0]
10002570:	4b2b      	ldr	r3, [pc, #172]	; (10002620 <runtime_init+0xb8>)
10002572:	4a2c      	ldr	r2, [pc, #176]	; (10002624 <runtime_init+0xbc>)
10002574:	601a      	str	r2, [r3, #0]
10002576:	4b2c      	ldr	r3, [pc, #176]	; (10002628 <runtime_init+0xc0>)
10002578:	689a      	ldr	r2, [r3, #8]
1000257a:	4b2a      	ldr	r3, [pc, #168]	; (10002624 <runtime_init+0xbc>)
1000257c:	4393      	bics	r3, r2
1000257e:	d1fa      	bne.n	10002576 <runtime_init+0xe>
10002580:	4c2a      	ldr	r4, [pc, #168]	; (1000262c <runtime_init+0xc4>)
10002582:	e001      	b.n	10002588 <runtime_init+0x20>
10002584:	cc08      	ldmia	r4!, {r3}
10002586:	4798      	blx	r3
10002588:	4b29      	ldr	r3, [pc, #164]	; (10002630 <runtime_init+0xc8>)
1000258a:	429c      	cmp	r4, r3
1000258c:	d3fa      	bcc.n	10002584 <runtime_init+0x1c>
1000258e:	f7ff fe2b 	bl	100021e8 <clocks_init>
10002592:	4b23      	ldr	r3, [pc, #140]	; (10002620 <runtime_init+0xb8>)
10002594:	4a27      	ldr	r2, [pc, #156]	; (10002634 <runtime_init+0xcc>)
10002596:	601a      	str	r2, [r3, #0]
10002598:	4b23      	ldr	r3, [pc, #140]	; (10002628 <runtime_init+0xc0>)
1000259a:	689b      	ldr	r3, [r3, #8]
1000259c:	43db      	mvns	r3, r3
1000259e:	01db      	lsls	r3, r3, #7
100025a0:	d1fa      	bne.n	10002598 <runtime_init+0x30>
100025a2:	4b25      	ldr	r3, [pc, #148]	; (10002638 <runtime_init+0xd0>)
100025a4:	2240      	movs	r2, #64	; 0x40
100025a6:	679a      	str	r2, [r3, #120]	; 0x78
100025a8:	675a      	str	r2, [r3, #116]	; 0x74
100025aa:	671a      	str	r2, [r3, #112]	; 0x70
100025ac:	66da      	str	r2, [r3, #108]	; 0x6c
100025ae:	4c23      	ldr	r4, [pc, #140]	; (1000263c <runtime_init+0xd4>)
100025b0:	e009      	b.n	100025c6 <runtime_init+0x5e>
100025b2:	4b23      	ldr	r3, [pc, #140]	; (10002640 <runtime_init+0xd8>)
100025b4:	4a23      	ldr	r2, [pc, #140]	; (10002644 <runtime_init+0xdc>)
100025b6:	2187      	movs	r1, #135	; 0x87
100025b8:	4823      	ldr	r0, [pc, #140]	; (10002648 <runtime_init+0xe0>)
100025ba:	f7ff ffb7 	bl	1000252c <__assert_func>
100025be:	0020      	movs	r0, r4
100025c0:	f7fe fb4a 	bl	10000c58 <mutex_init>
100025c4:	3408      	adds	r4, #8
100025c6:	4b21      	ldr	r3, [pc, #132]	; (1000264c <runtime_init+0xe4>)
100025c8:	429c      	cmp	r4, r3
100025ca:	d209      	bcs.n	100025e0 <runtime_init+0x78>
100025cc:	6823      	ldr	r3, [r4, #0]
100025ce:	2b00      	cmp	r3, #0
100025d0:	d0f5      	beq.n	100025be <runtime_init+0x56>
100025d2:	2b01      	cmp	r3, #1
100025d4:	d1ed      	bne.n	100025b2 <runtime_init+0x4a>
100025d6:	0020      	movs	r0, r4
100025d8:	f7fe fb4b 	bl	10000c72 <recursive_mutex_init>
100025dc:	3408      	adds	r4, #8
100025de:	e7f2      	b.n	100025c6 <runtime_init+0x5e>
100025e0:	4c1b      	ldr	r4, [pc, #108]	; (10002650 <runtime_init+0xe8>)
100025e2:	68a1      	ldr	r1, [r4, #8]
100025e4:	4d1b      	ldr	r5, [pc, #108]	; (10002654 <runtime_init+0xec>)
100025e6:	22c0      	movs	r2, #192	; 0xc0
100025e8:	0028      	movs	r0, r5
100025ea:	f001 fd55 	bl	10004098 <__wrap___aeabi_memcpy>
100025ee:	60a5      	str	r5, [r4, #8]
100025f0:	f3ef 8305 	mrs	r3, IPSR
100025f4:	2b00      	cmp	r3, #0
100025f6:	d000      	beq.n	100025fa <runtime_init+0x92>
100025f8:	be00      	bkpt	0x0000
100025fa:	f7fd ffa5 	bl	10000548 <spin_locks_reset>
100025fe:	f7fe fb01 	bl	10000c04 <irq_init_priorities>
10002602:	f7fe fe99 	bl	10001338 <alarm_pool_init_default>
10002606:	4c14      	ldr	r4, [pc, #80]	; (10002658 <runtime_init+0xf0>)
10002608:	e001      	b.n	1000260e <runtime_init+0xa6>
1000260a:	cc08      	ldmia	r4!, {r3}
1000260c:	4798      	blx	r3
1000260e:	4b13      	ldr	r3, [pc, #76]	; (1000265c <runtime_init+0xf4>)
10002610:	429c      	cmp	r4, r3
10002612:	d3fa      	bcc.n	1000260a <runtime_init+0xa2>
10002614:	bd70      	pop	{r4, r5, r6, pc}
10002616:	46c0      	nop			; (mov r8, r8)
10002618:	4000e000 	.word	0x4000e000
1000261c:	fefbcdbf 	.word	0xfefbcdbf
10002620:	4000f000 	.word	0x4000f000
10002624:	003c7ffe 	.word	0x003c7ffe
10002628:	4000c000 	.word	0x4000c000
1000262c:	20000cb8 	.word	0x20000cb8
10002630:	20000cc8 	.word	0x20000cc8
10002634:	01ffffff 	.word	0x01ffffff
10002638:	4001f000 	.word	0x4001f000
1000263c:	20000ca8 	.word	0x20000ca8
10002640:	10007bd8 	.word	0x10007bd8
10002644:	10007c6c 	.word	0x10007c6c
10002648:	10007bf8 	.word	0x10007bf8
1000264c:	20000cb8 	.word	0x20000cb8
10002650:	e000ed00 	.word	0xe000ed00
10002654:	20000000 	.word	0x20000000
10002658:	20000cc8 	.word	0x20000cc8
1000265c:	20000cd0 	.word	0x20000cd0

10002660 <panic>:
10002660:	b40f      	push	{r0, r1, r2, r3}
10002662:	b500      	push	{lr}
10002664:	b083      	sub	sp, #12
10002666:	4808      	ldr	r0, [pc, #32]	; (10002688 <panic+0x28>)
10002668:	f001 fe3e 	bl	100042e8 <__wrap_puts>
1000266c:	9b04      	ldr	r3, [sp, #16]
1000266e:	2b00      	cmp	r3, #0
10002670:	d007      	beq.n	10002682 <panic+0x22>
10002672:	a905      	add	r1, sp, #20
10002674:	9101      	str	r1, [sp, #4]
10002676:	0018      	movs	r0, r3
10002678:	f001 fe46 	bl	10004308 <__wrap_vprintf>
1000267c:	4803      	ldr	r0, [pc, #12]	; (1000268c <panic+0x2c>)
1000267e:	f001 fe33 	bl	100042e8 <__wrap_puts>
10002682:	2001      	movs	r0, #1
10002684:	f7ff ff4c 	bl	10002520 <_exit>
10002688:	10007c58 	.word	0x10007c58
1000268c:	10007c68 	.word	0x10007c68

10002690 <_out_null>:
10002690:	4770      	bx	lr

10002692 <_out_fct>:
10002692:	b510      	push	{r4, lr}
10002694:	2800      	cmp	r0, #0
10002696:	d002      	beq.n	1000269e <_out_fct+0xc>
10002698:	680b      	ldr	r3, [r1, #0]
1000269a:	6849      	ldr	r1, [r1, #4]
1000269c:	4798      	blx	r3
1000269e:	bd10      	pop	{r4, pc}

100026a0 <_atoi>:
100026a0:	0001      	movs	r1, r0
100026a2:	2000      	movs	r0, #0
100026a4:	e007      	b.n	100026b6 <_atoi+0x16>
100026a6:	0083      	lsls	r3, r0, #2
100026a8:	181b      	adds	r3, r3, r0
100026aa:	005b      	lsls	r3, r3, #1
100026ac:	1c50      	adds	r0, r2, #1
100026ae:	6008      	str	r0, [r1, #0]
100026b0:	7810      	ldrb	r0, [r2, #0]
100026b2:	18c0      	adds	r0, r0, r3
100026b4:	3830      	subs	r0, #48	; 0x30
100026b6:	680a      	ldr	r2, [r1, #0]
100026b8:	7813      	ldrb	r3, [r2, #0]
100026ba:	3b30      	subs	r3, #48	; 0x30
100026bc:	b2db      	uxtb	r3, r3
100026be:	2b09      	cmp	r3, #9
100026c0:	d9f1      	bls.n	100026a6 <_atoi+0x6>
100026c2:	4770      	bx	lr

100026c4 <_out_rev>:
100026c4:	b5f0      	push	{r4, r5, r6, r7, lr}
100026c6:	46de      	mov	lr, fp
100026c8:	4657      	mov	r7, sl
100026ca:	464e      	mov	r6, r9
100026cc:	4645      	mov	r5, r8
100026ce:	b5e0      	push	{r5, r6, r7, lr}
100026d0:	b083      	sub	sp, #12
100026d2:	4693      	mov	fp, r2
100026d4:	001f      	movs	r7, r3
100026d6:	9b0c      	ldr	r3, [sp, #48]	; 0x30
100026d8:	469a      	mov	sl, r3
100026da:	9c0d      	ldr	r4, [sp, #52]	; 0x34
100026dc:	9b0e      	ldr	r3, [sp, #56]	; 0x38
100026de:	4699      	mov	r9, r3
100026e0:	9b0f      	ldr	r3, [sp, #60]	; 0x3c
100026e2:	079b      	lsls	r3, r3, #30
100026e4:	d003      	beq.n	100026ee <_out_rev+0x2a>
100026e6:	46b8      	mov	r8, r7
100026e8:	000f      	movs	r7, r1
100026ea:	0006      	movs	r6, r0
100026ec:	e022      	b.n	10002734 <_out_rev+0x70>
100026ee:	9201      	str	r2, [sp, #4]
100026f0:	46a3      	mov	fp, r4
100026f2:	4688      	mov	r8, r1
100026f4:	464e      	mov	r6, r9
100026f6:	46b9      	mov	r9, r7
100026f8:	0007      	movs	r7, r0
100026fa:	42b4      	cmp	r4, r6
100026fc:	d207      	bcs.n	1000270e <_out_rev+0x4a>
100026fe:	1c55      	adds	r5, r2, #1
10002700:	464b      	mov	r3, r9
10002702:	4641      	mov	r1, r8
10002704:	2020      	movs	r0, #32
10002706:	47b8      	blx	r7
10002708:	3401      	adds	r4, #1
1000270a:	002a      	movs	r2, r5
1000270c:	e7f5      	b.n	100026fa <_out_rev+0x36>
1000270e:	003d      	movs	r5, r7
10002710:	464f      	mov	r7, r9
10002712:	465c      	mov	r4, fp
10002714:	9b01      	ldr	r3, [sp, #4]
10002716:	469b      	mov	fp, r3
10002718:	46b1      	mov	r9, r6
1000271a:	4646      	mov	r6, r8
1000271c:	46b8      	mov	r8, r7
1000271e:	0037      	movs	r7, r6
10002720:	002e      	movs	r6, r5
10002722:	e007      	b.n	10002734 <_out_rev+0x70>
10002724:	3c01      	subs	r4, #1
10002726:	1c55      	adds	r5, r2, #1
10002728:	4653      	mov	r3, sl
1000272a:	5d18      	ldrb	r0, [r3, r4]
1000272c:	4643      	mov	r3, r8
1000272e:	0039      	movs	r1, r7
10002730:	47b0      	blx	r6
10002732:	002a      	movs	r2, r5
10002734:	2c00      	cmp	r4, #0
10002736:	d1f5      	bne.n	10002724 <_out_rev+0x60>
10002738:	0035      	movs	r5, r6
1000273a:	003e      	movs	r6, r7
1000273c:	4647      	mov	r7, r8
1000273e:	9b0f      	ldr	r3, [sp, #60]	; 0x3c
10002740:	079b      	lsls	r3, r3, #30
10002742:	d407      	bmi.n	10002754 <_out_rev+0x90>
10002744:	0010      	movs	r0, r2
10002746:	b003      	add	sp, #12
10002748:	bcf0      	pop	{r4, r5, r6, r7}
1000274a:	46bb      	mov	fp, r7
1000274c:	46b2      	mov	sl, r6
1000274e:	46a9      	mov	r9, r5
10002750:	46a0      	mov	r8, r4
10002752:	bdf0      	pop	{r4, r5, r6, r7, pc}
10002754:	46b0      	mov	r8, r6
10002756:	464e      	mov	r6, r9
10002758:	46b9      	mov	r9, r7
1000275a:	002f      	movs	r7, r5
1000275c:	465d      	mov	r5, fp
1000275e:	1b53      	subs	r3, r2, r5
10002760:	42b3      	cmp	r3, r6
10002762:	d2ef      	bcs.n	10002744 <_out_rev+0x80>
10002764:	1c54      	adds	r4, r2, #1
10002766:	464b      	mov	r3, r9
10002768:	4641      	mov	r1, r8
1000276a:	2020      	movs	r0, #32
1000276c:	47b8      	blx	r7
1000276e:	0022      	movs	r2, r4
10002770:	e7f5      	b.n	1000275e <_out_rev+0x9a>

10002772 <_ntoa_format>:
10002772:	b5f0      	push	{r4, r5, r6, r7, lr}
10002774:	46ce      	mov	lr, r9
10002776:	4647      	mov	r7, r8
10002778:	b580      	push	{r7, lr}
1000277a:	b085      	sub	sp, #20
1000277c:	4694      	mov	ip, r2
1000277e:	4698      	mov	r8, r3
10002780:	9d0c      	ldr	r5, [sp, #48]	; 0x30
10002782:	9c0d      	ldr	r4, [sp, #52]	; 0x34
10002784:	ab0e      	add	r3, sp, #56	; 0x38
10002786:	781b      	ldrb	r3, [r3, #0]
10002788:	4699      	mov	r9, r3
1000278a:	9a10      	ldr	r2, [sp, #64]	; 0x40
1000278c:	9b11      	ldr	r3, [sp, #68]	; 0x44
1000278e:	9e12      	ldr	r6, [sp, #72]	; 0x48
10002790:	07b7      	lsls	r7, r6, #30
10002792:	d41c      	bmi.n	100027ce <_ntoa_format+0x5c>
10002794:	2b00      	cmp	r3, #0
10002796:	d00c      	beq.n	100027b2 <_ntoa_format+0x40>
10002798:	07f7      	lsls	r7, r6, #31
1000279a:	d50a      	bpl.n	100027b2 <_ntoa_format+0x40>
1000279c:	464f      	mov	r7, r9
1000279e:	2f00      	cmp	r7, #0
100027a0:	d102      	bne.n	100027a8 <_ntoa_format+0x36>
100027a2:	370c      	adds	r7, #12
100027a4:	4237      	tst	r7, r6
100027a6:	d004      	beq.n	100027b2 <_ntoa_format+0x40>
100027a8:	3b01      	subs	r3, #1
100027aa:	e002      	b.n	100027b2 <_ntoa_format+0x40>
100027ac:	2730      	movs	r7, #48	; 0x30
100027ae:	552f      	strb	r7, [r5, r4]
100027b0:	3401      	adds	r4, #1
100027b2:	4294      	cmp	r4, r2
100027b4:	d201      	bcs.n	100027ba <_ntoa_format+0x48>
100027b6:	2c1f      	cmp	r4, #31
100027b8:	d9f8      	bls.n	100027ac <_ntoa_format+0x3a>
100027ba:	07f7      	lsls	r7, r6, #31
100027bc:	d507      	bpl.n	100027ce <_ntoa_format+0x5c>
100027be:	429c      	cmp	r4, r3
100027c0:	d205      	bcs.n	100027ce <_ntoa_format+0x5c>
100027c2:	2c1f      	cmp	r4, #31
100027c4:	d803      	bhi.n	100027ce <_ntoa_format+0x5c>
100027c6:	2730      	movs	r7, #48	; 0x30
100027c8:	552f      	strb	r7, [r5, r4]
100027ca:	3401      	adds	r4, #1
100027cc:	e7f5      	b.n	100027ba <_ntoa_format+0x48>
100027ce:	06f7      	lsls	r7, r6, #27
100027d0:	d515      	bpl.n	100027fe <_ntoa_format+0x8c>
100027d2:	0577      	lsls	r7, r6, #21
100027d4:	d405      	bmi.n	100027e2 <_ntoa_format+0x70>
100027d6:	2c00      	cmp	r4, #0
100027d8:	d003      	beq.n	100027e2 <_ntoa_format+0x70>
100027da:	4294      	cmp	r4, r2
100027dc:	d024      	beq.n	10002828 <_ntoa_format+0xb6>
100027de:	429c      	cmp	r4, r3
100027e0:	d022      	beq.n	10002828 <_ntoa_format+0xb6>
100027e2:	9a0f      	ldr	r2, [sp, #60]	; 0x3c
100027e4:	2a10      	cmp	r2, #16
100027e6:	d02b      	beq.n	10002840 <_ntoa_format+0xce>
100027e8:	9a0f      	ldr	r2, [sp, #60]	; 0x3c
100027ea:	2a10      	cmp	r2, #16
100027ec:	d030      	beq.n	10002850 <_ntoa_format+0xde>
100027ee:	9a0f      	ldr	r2, [sp, #60]	; 0x3c
100027f0:	2a02      	cmp	r2, #2
100027f2:	d035      	beq.n	10002860 <_ntoa_format+0xee>
100027f4:	2c1f      	cmp	r4, #31
100027f6:	d802      	bhi.n	100027fe <_ntoa_format+0x8c>
100027f8:	2230      	movs	r2, #48	; 0x30
100027fa:	552a      	strb	r2, [r5, r4]
100027fc:	3401      	adds	r4, #1
100027fe:	2c1f      	cmp	r4, #31
10002800:	d805      	bhi.n	1000280e <_ntoa_format+0x9c>
10002802:	464a      	mov	r2, r9
10002804:	2a00      	cmp	r2, #0
10002806:	d031      	beq.n	1000286c <_ntoa_format+0xfa>
10002808:	222d      	movs	r2, #45	; 0x2d
1000280a:	552a      	strb	r2, [r5, r4]
1000280c:	3401      	adds	r4, #1
1000280e:	9603      	str	r6, [sp, #12]
10002810:	9302      	str	r3, [sp, #8]
10002812:	9401      	str	r4, [sp, #4]
10002814:	9500      	str	r5, [sp, #0]
10002816:	4643      	mov	r3, r8
10002818:	4662      	mov	r2, ip
1000281a:	f7ff ff53 	bl	100026c4 <_out_rev>
1000281e:	b005      	add	sp, #20
10002820:	bcc0      	pop	{r6, r7}
10002822:	46b9      	mov	r9, r7
10002824:	46b0      	mov	r8, r6
10002826:	bdf0      	pop	{r4, r5, r6, r7, pc}
10002828:	1e62      	subs	r2, r4, #1
1000282a:	2c01      	cmp	r4, #1
1000282c:	d006      	beq.n	1000283c <_ntoa_format+0xca>
1000282e:	9f0f      	ldr	r7, [sp, #60]	; 0x3c
10002830:	2f10      	cmp	r7, #16
10002832:	d001      	beq.n	10002838 <_ntoa_format+0xc6>
10002834:	0014      	movs	r4, r2
10002836:	e7d4      	b.n	100027e2 <_ntoa_format+0x70>
10002838:	3c02      	subs	r4, #2
1000283a:	e7d2      	b.n	100027e2 <_ntoa_format+0x70>
1000283c:	0014      	movs	r4, r2
1000283e:	e7d0      	b.n	100027e2 <_ntoa_format+0x70>
10002840:	06b2      	lsls	r2, r6, #26
10002842:	d4d1      	bmi.n	100027e8 <_ntoa_format+0x76>
10002844:	2c1f      	cmp	r4, #31
10002846:	d8cf      	bhi.n	100027e8 <_ntoa_format+0x76>
10002848:	2278      	movs	r2, #120	; 0x78
1000284a:	552a      	strb	r2, [r5, r4]
1000284c:	3401      	adds	r4, #1
1000284e:	e7d1      	b.n	100027f4 <_ntoa_format+0x82>
10002850:	06b2      	lsls	r2, r6, #26
10002852:	d5cc      	bpl.n	100027ee <_ntoa_format+0x7c>
10002854:	2c1f      	cmp	r4, #31
10002856:	d8ca      	bhi.n	100027ee <_ntoa_format+0x7c>
10002858:	2258      	movs	r2, #88	; 0x58
1000285a:	552a      	strb	r2, [r5, r4]
1000285c:	3401      	adds	r4, #1
1000285e:	e7c9      	b.n	100027f4 <_ntoa_format+0x82>
10002860:	2c1f      	cmp	r4, #31
10002862:	d8c7      	bhi.n	100027f4 <_ntoa_format+0x82>
10002864:	3260      	adds	r2, #96	; 0x60
10002866:	552a      	strb	r2, [r5, r4]
10002868:	3401      	adds	r4, #1
1000286a:	e7c3      	b.n	100027f4 <_ntoa_format+0x82>
1000286c:	0772      	lsls	r2, r6, #29
1000286e:	d503      	bpl.n	10002878 <_ntoa_format+0x106>
10002870:	222b      	movs	r2, #43	; 0x2b
10002872:	552a      	strb	r2, [r5, r4]
10002874:	3401      	adds	r4, #1
10002876:	e7ca      	b.n	1000280e <_ntoa_format+0x9c>
10002878:	0732      	lsls	r2, r6, #28
1000287a:	d5c8      	bpl.n	1000280e <_ntoa_format+0x9c>
1000287c:	2220      	movs	r2, #32
1000287e:	552a      	strb	r2, [r5, r4]
10002880:	3401      	adds	r4, #1
10002882:	e7c4      	b.n	1000280e <_ntoa_format+0x9c>

10002884 <_ntoa_long>:
10002884:	b5f0      	push	{r4, r5, r6, r7, lr}
10002886:	46de      	mov	lr, fp
10002888:	4657      	mov	r7, sl
1000288a:	464e      	mov	r6, r9
1000288c:	4645      	mov	r5, r8
1000288e:	b5e0      	push	{r5, r6, r7, lr}
10002890:	b093      	sub	sp, #76	; 0x4c
10002892:	4681      	mov	r9, r0
10002894:	468a      	mov	sl, r1
10002896:	9208      	str	r2, [sp, #32]
10002898:	9309      	str	r3, [sp, #36]	; 0x24
1000289a:	ab1c      	add	r3, sp, #112	; 0x70
1000289c:	cb10      	ldmia	r3!, {r4}
1000289e:	781b      	ldrb	r3, [r3, #0]
100028a0:	469b      	mov	fp, r3
100028a2:	9d1e      	ldr	r5, [sp, #120]	; 0x78
100028a4:	9b21      	ldr	r3, [sp, #132]	; 0x84
100028a6:	4698      	mov	r8, r3
100028a8:	2c00      	cmp	r4, #0
100028aa:	d103      	bne.n	100028b4 <_ntoa_long+0x30>
100028ac:	2310      	movs	r3, #16
100028ae:	4642      	mov	r2, r8
100028b0:	439a      	bics	r2, r3
100028b2:	4690      	mov	r8, r2
100028b4:	2380      	movs	r3, #128	; 0x80
100028b6:	00db      	lsls	r3, r3, #3
100028b8:	4646      	mov	r6, r8
100028ba:	401e      	ands	r6, r3
100028bc:	4642      	mov	r2, r8
100028be:	421a      	tst	r2, r3
100028c0:	d012      	beq.n	100028e8 <_ntoa_long+0x64>
100028c2:	2c00      	cmp	r4, #0
100028c4:	d022      	beq.n	1000290c <_ntoa_long+0x88>
100028c6:	2600      	movs	r6, #0
100028c8:	e00e      	b.n	100028e8 <_ntoa_long+0x64>
100028ca:	3330      	adds	r3, #48	; 0x30
100028cc:	b2d9      	uxtb	r1, r3
100028ce:	1c77      	adds	r7, r6, #1
100028d0:	ab0a      	add	r3, sp, #40	; 0x28
100028d2:	5599      	strb	r1, [r3, r6]
100028d4:	0029      	movs	r1, r5
100028d6:	0020      	movs	r0, r4
100028d8:	f000 ffd6 	bl	10003888 <__wrap___aeabi_uidiv>
100028dc:	42ac      	cmp	r4, r5
100028de:	d316      	bcc.n	1000290e <_ntoa_long+0x8a>
100028e0:	2f1f      	cmp	r7, #31
100028e2:	d814      	bhi.n	1000290e <_ntoa_long+0x8a>
100028e4:	003e      	movs	r6, r7
100028e6:	0004      	movs	r4, r0
100028e8:	0029      	movs	r1, r5
100028ea:	0020      	movs	r0, r4
100028ec:	f000 ffcc 	bl	10003888 <__wrap___aeabi_uidiv>
100028f0:	b2cb      	uxtb	r3, r1
100028f2:	2b09      	cmp	r3, #9
100028f4:	d9e9      	bls.n	100028ca <_ntoa_long+0x46>
100028f6:	4642      	mov	r2, r8
100028f8:	0692      	lsls	r2, r2, #26
100028fa:	d505      	bpl.n	10002908 <_ntoa_long+0x84>
100028fc:	2141      	movs	r1, #65	; 0x41
100028fe:	18c9      	adds	r1, r1, r3
10002900:	b2c9      	uxtb	r1, r1
10002902:	390a      	subs	r1, #10
10002904:	b2c9      	uxtb	r1, r1
10002906:	e7e2      	b.n	100028ce <_ntoa_long+0x4a>
10002908:	2161      	movs	r1, #97	; 0x61
1000290a:	e7f8      	b.n	100028fe <_ntoa_long+0x7a>
1000290c:	0027      	movs	r7, r4
1000290e:	4643      	mov	r3, r8
10002910:	9306      	str	r3, [sp, #24]
10002912:	9b20      	ldr	r3, [sp, #128]	; 0x80
10002914:	9305      	str	r3, [sp, #20]
10002916:	9b1f      	ldr	r3, [sp, #124]	; 0x7c
10002918:	9304      	str	r3, [sp, #16]
1000291a:	9503      	str	r5, [sp, #12]
1000291c:	465b      	mov	r3, fp
1000291e:	9302      	str	r3, [sp, #8]
10002920:	9701      	str	r7, [sp, #4]
10002922:	ab0a      	add	r3, sp, #40	; 0x28
10002924:	9300      	str	r3, [sp, #0]
10002926:	9b09      	ldr	r3, [sp, #36]	; 0x24
10002928:	9a08      	ldr	r2, [sp, #32]
1000292a:	4651      	mov	r1, sl
1000292c:	4648      	mov	r0, r9
1000292e:	f7ff ff20 	bl	10002772 <_ntoa_format>
10002932:	b013      	add	sp, #76	; 0x4c
10002934:	bcf0      	pop	{r4, r5, r6, r7}
10002936:	46bb      	mov	fp, r7
10002938:	46b2      	mov	sl, r6
1000293a:	46a9      	mov	r9, r5
1000293c:	46a0      	mov	r8, r4
1000293e:	bdf0      	pop	{r4, r5, r6, r7, pc}

10002940 <_ntoa_long_long>:
10002940:	b5f0      	push	{r4, r5, r6, r7, lr}
10002942:	46de      	mov	lr, fp
10002944:	4657      	mov	r7, sl
10002946:	464e      	mov	r6, r9
10002948:	4645      	mov	r5, r8
1000294a:	b5e0      	push	{r5, r6, r7, lr}
1000294c:	b095      	sub	sp, #84	; 0x54
1000294e:	9008      	str	r0, [sp, #32]
10002950:	9109      	str	r1, [sp, #36]	; 0x24
10002952:	920a      	str	r2, [sp, #40]	; 0x28
10002954:	930b      	str	r3, [sp, #44]	; 0x2c
10002956:	9e1e      	ldr	r6, [sp, #120]	; 0x78
10002958:	9c1f      	ldr	r4, [sp, #124]	; 0x7c
1000295a:	ab20      	add	r3, sp, #128	; 0x80
1000295c:	781b      	ldrb	r3, [r3, #0]
1000295e:	469b      	mov	fp, r3
10002960:	9b22      	ldr	r3, [sp, #136]	; 0x88
10002962:	4699      	mov	r9, r3
10002964:	9d23      	ldr	r5, [sp, #140]	; 0x8c
10002966:	9b26      	ldr	r3, [sp, #152]	; 0x98
10002968:	469a      	mov	sl, r3
1000296a:	0033      	movs	r3, r6
1000296c:	4323      	orrs	r3, r4
1000296e:	d103      	bne.n	10002978 <_ntoa_long_long+0x38>
10002970:	3310      	adds	r3, #16
10002972:	4652      	mov	r2, sl
10002974:	439a      	bics	r2, r3
10002976:	4692      	mov	sl, r2
10002978:	2380      	movs	r3, #128	; 0x80
1000297a:	00db      	lsls	r3, r3, #3
1000297c:	4657      	mov	r7, sl
1000297e:	401f      	ands	r7, r3
10002980:	4652      	mov	r2, sl
10002982:	421a      	tst	r2, r3
10002984:	d019      	beq.n	100029ba <_ntoa_long_long+0x7a>
10002986:	0033      	movs	r3, r6
10002988:	4323      	orrs	r3, r4
1000298a:	d02d      	beq.n	100029e8 <_ntoa_long_long+0xa8>
1000298c:	2700      	movs	r7, #0
1000298e:	e014      	b.n	100029ba <_ntoa_long_long+0x7a>
10002990:	3330      	adds	r3, #48	; 0x30
10002992:	b2da      	uxtb	r2, r3
10002994:	1c7b      	adds	r3, r7, #1
10002996:	4698      	mov	r8, r3
10002998:	ab0c      	add	r3, sp, #48	; 0x30
1000299a:	55da      	strb	r2, [r3, r7]
1000299c:	464a      	mov	r2, r9
1000299e:	002b      	movs	r3, r5
100029a0:	0030      	movs	r0, r6
100029a2:	0021      	movs	r1, r4
100029a4:	f000 ffae 	bl	10003904 <__wrap___aeabi_uldivmod>
100029a8:	42a5      	cmp	r5, r4
100029aa:	d81f      	bhi.n	100029ec <_ntoa_long_long+0xac>
100029ac:	d019      	beq.n	100029e2 <_ntoa_long_long+0xa2>
100029ae:	4643      	mov	r3, r8
100029b0:	2b1f      	cmp	r3, #31
100029b2:	d81b      	bhi.n	100029ec <_ntoa_long_long+0xac>
100029b4:	4647      	mov	r7, r8
100029b6:	0006      	movs	r6, r0
100029b8:	000c      	movs	r4, r1
100029ba:	464a      	mov	r2, r9
100029bc:	002b      	movs	r3, r5
100029be:	0030      	movs	r0, r6
100029c0:	0021      	movs	r1, r4
100029c2:	f000 ff9f 	bl	10003904 <__wrap___aeabi_uldivmod>
100029c6:	b2d3      	uxtb	r3, r2
100029c8:	2b09      	cmp	r3, #9
100029ca:	d9e1      	bls.n	10002990 <_ntoa_long_long+0x50>
100029cc:	4652      	mov	r2, sl
100029ce:	0692      	lsls	r2, r2, #26
100029d0:	d505      	bpl.n	100029de <_ntoa_long_long+0x9e>
100029d2:	2241      	movs	r2, #65	; 0x41
100029d4:	18d2      	adds	r2, r2, r3
100029d6:	b2d2      	uxtb	r2, r2
100029d8:	3a0a      	subs	r2, #10
100029da:	b2d2      	uxtb	r2, r2
100029dc:	e7da      	b.n	10002994 <_ntoa_long_long+0x54>
100029de:	2261      	movs	r2, #97	; 0x61
100029e0:	e7f8      	b.n	100029d4 <_ntoa_long_long+0x94>
100029e2:	45b1      	cmp	r9, r6
100029e4:	d9e3      	bls.n	100029ae <_ntoa_long_long+0x6e>
100029e6:	e001      	b.n	100029ec <_ntoa_long_long+0xac>
100029e8:	2300      	movs	r3, #0
100029ea:	4698      	mov	r8, r3
100029ec:	4653      	mov	r3, sl
100029ee:	9306      	str	r3, [sp, #24]
100029f0:	9b25      	ldr	r3, [sp, #148]	; 0x94
100029f2:	9305      	str	r3, [sp, #20]
100029f4:	9b24      	ldr	r3, [sp, #144]	; 0x90
100029f6:	9304      	str	r3, [sp, #16]
100029f8:	464b      	mov	r3, r9
100029fa:	9303      	str	r3, [sp, #12]
100029fc:	465b      	mov	r3, fp
100029fe:	9302      	str	r3, [sp, #8]
10002a00:	4643      	mov	r3, r8
10002a02:	9301      	str	r3, [sp, #4]
10002a04:	ab0c      	add	r3, sp, #48	; 0x30
10002a06:	9300      	str	r3, [sp, #0]
10002a08:	9b0b      	ldr	r3, [sp, #44]	; 0x2c
10002a0a:	9a0a      	ldr	r2, [sp, #40]	; 0x28
10002a0c:	9909      	ldr	r1, [sp, #36]	; 0x24
10002a0e:	9808      	ldr	r0, [sp, #32]
10002a10:	f7ff feaf 	bl	10002772 <_ntoa_format>
10002a14:	b015      	add	sp, #84	; 0x54
10002a16:	bcf0      	pop	{r4, r5, r6, r7}
10002a18:	46bb      	mov	fp, r7
10002a1a:	46b2      	mov	sl, r6
10002a1c:	46a9      	mov	r9, r5
10002a1e:	46a0      	mov	r8, r4
10002a20:	bdf0      	pop	{r4, r5, r6, r7, pc}
	...

10002a24 <_etoa>:
10002a24:	b5f0      	push	{r4, r5, r6, r7, lr}
10002a26:	46de      	mov	lr, fp
10002a28:	4657      	mov	r7, sl
10002a2a:	464e      	mov	r6, r9
10002a2c:	4645      	mov	r5, r8
10002a2e:	b5e0      	push	{r5, r6, r7, lr}
10002a30:	b091      	sub	sp, #68	; 0x44
10002a32:	4683      	mov	fp, r0
10002a34:	468a      	mov	sl, r1
10002a36:	920c      	str	r2, [sp, #48]	; 0x30
10002a38:	4698      	mov	r8, r3
10002a3a:	9c1a      	ldr	r4, [sp, #104]	; 0x68
10002a3c:	9408      	str	r4, [sp, #32]
10002a3e:	9d1b      	ldr	r5, [sp, #108]	; 0x6c
10002a40:	9509      	str	r5, [sp, #36]	; 0x24
10002a42:	0022      	movs	r2, r4
10002a44:	002b      	movs	r3, r5
10002a46:	0020      	movs	r0, r4
10002a48:	0029      	movs	r1, r5
10002a4a:	f001 f9d6 	bl	10003dfa <__wrap___aeabi_dcmpun>
10002a4e:	2800      	cmp	r0, #0
10002a50:	d000      	beq.n	10002a54 <_etoa+0x30>
10002a52:	e0e5      	b.n	10002c20 <_etoa+0x1fc>
10002a54:	2201      	movs	r2, #1
10002a56:	4252      	negs	r2, r2
10002a58:	4bd7      	ldr	r3, [pc, #860]	; (10002db8 <_etoa+0x394>)
10002a5a:	0020      	movs	r0, r4
10002a5c:	0029      	movs	r1, r5
10002a5e:	f001 f9c7 	bl	10003df0 <__wrap___aeabi_dcmpgt>
10002a62:	2800      	cmp	r0, #0
10002a64:	d000      	beq.n	10002a68 <_etoa+0x44>
10002a66:	e0db      	b.n	10002c20 <_etoa+0x1fc>
10002a68:	2201      	movs	r2, #1
10002a6a:	4252      	negs	r2, r2
10002a6c:	4bd3      	ldr	r3, [pc, #844]	; (10002dbc <_etoa+0x398>)
10002a6e:	0020      	movs	r0, r4
10002a70:	0029      	movs	r1, r5
10002a72:	f001 f9a7 	bl	10003dc4 <__wrap___aeabi_dcmplt>
10002a76:	2800      	cmp	r0, #0
10002a78:	d000      	beq.n	10002a7c <_etoa+0x58>
10002a7a:	e0d1      	b.n	10002c20 <_etoa+0x1fc>
10002a7c:	2200      	movs	r2, #0
10002a7e:	2300      	movs	r3, #0
10002a80:	9e08      	ldr	r6, [sp, #32]
10002a82:	0030      	movs	r0, r6
10002a84:	9d09      	ldr	r5, [sp, #36]	; 0x24
10002a86:	0029      	movs	r1, r5
10002a88:	f001 f99c 	bl	10003dc4 <__wrap___aeabi_dcmplt>
10002a8c:	2800      	cmp	r0, #0
10002a8e:	d000      	beq.n	10002a92 <_etoa+0x6e>
10002a90:	e0dd      	b.n	10002c4e <_etoa+0x22a>
10002a92:	9808      	ldr	r0, [sp, #32]
10002a94:	9909      	ldr	r1, [sp, #36]	; 0x24
10002a96:	9006      	str	r0, [sp, #24]
10002a98:	9107      	str	r1, [sp, #28]
10002a9a:	2380      	movs	r3, #128	; 0x80
10002a9c:	00db      	lsls	r3, r3, #3
10002a9e:	9a1e      	ldr	r2, [sp, #120]	; 0x78
10002aa0:	401a      	ands	r2, r3
10002aa2:	920d      	str	r2, [sp, #52]	; 0x34
10002aa4:	9a1e      	ldr	r2, [sp, #120]	; 0x78
10002aa6:	421a      	tst	r2, r3
10002aa8:	d101      	bne.n	10002aae <_etoa+0x8a>
10002aaa:	2306      	movs	r3, #6
10002aac:	931c      	str	r3, [sp, #112]	; 0x70
10002aae:	9806      	ldr	r0, [sp, #24]
10002ab0:	9907      	ldr	r1, [sp, #28]
10002ab2:	0004      	movs	r4, r0
10002ab4:	000d      	movs	r5, r1
10002ab6:	000a      	movs	r2, r1
10002ab8:	0006      	movs	r6, r0
10002aba:	4302      	orrs	r2, r0
10002abc:	d100      	bne.n	10002ac0 <_etoa+0x9c>
10002abe:	e0d1      	b.n	10002c64 <_etoa+0x240>
10002ac0:	0d08      	lsrs	r0, r1, #20
10002ac2:	0540      	lsls	r0, r0, #21
10002ac4:	0d40      	lsrs	r0, r0, #21
10002ac6:	4cbe      	ldr	r4, [pc, #760]	; (10002dc0 <_etoa+0x39c>)
10002ac8:	46a4      	mov	ip, r4
10002aca:	4460      	add	r0, ip
10002acc:	030a      	lsls	r2, r1, #12
10002ace:	0b12      	lsrs	r2, r2, #12
10002ad0:	4bbc      	ldr	r3, [pc, #752]	; (10002dc4 <_etoa+0x3a0>)
10002ad2:	4313      	orrs	r3, r2
10002ad4:	001f      	movs	r7, r3
10002ad6:	f001 f9a3 	bl	10003e20 <__wrap___aeabi_i2d>
10002ada:	4abb      	ldr	r2, [pc, #748]	; (10002dc8 <_etoa+0x3a4>)
10002adc:	4bbb      	ldr	r3, [pc, #748]	; (10002dcc <_etoa+0x3a8>)
10002ade:	f001 f932 	bl	10003d46 <__wrap___aeabi_dmul>
10002ae2:	4abb      	ldr	r2, [pc, #748]	; (10002dd0 <_etoa+0x3ac>)
10002ae4:	4bbb      	ldr	r3, [pc, #748]	; (10002dd4 <_etoa+0x3b0>)
10002ae6:	f001 f90f 	bl	10003d08 <__wrap___aeabi_dadd>
10002aea:	0004      	movs	r4, r0
10002aec:	000d      	movs	r5, r1
10002aee:	2200      	movs	r2, #0
10002af0:	4bb9      	ldr	r3, [pc, #740]	; (10002dd8 <_etoa+0x3b4>)
10002af2:	0030      	movs	r0, r6
10002af4:	0039      	movs	r1, r7
10002af6:	f001 f902 	bl	10003cfe <__wrap___aeabi_dsub>
10002afa:	4ab8      	ldr	r2, [pc, #736]	; (10002ddc <_etoa+0x3b8>)
10002afc:	4bb8      	ldr	r3, [pc, #736]	; (10002de0 <_etoa+0x3bc>)
10002afe:	f001 f922 	bl	10003d46 <__wrap___aeabi_dmul>
10002b02:	0002      	movs	r2, r0
10002b04:	000b      	movs	r3, r1
10002b06:	0020      	movs	r0, r4
10002b08:	0029      	movs	r1, r5
10002b0a:	f001 f8fd 	bl	10003d08 <__wrap___aeabi_dadd>
10002b0e:	f001 f99f 	bl	10003e50 <__wrap___aeabi_d2iz>
10002b12:	4681      	mov	r9, r0
10002b14:	f001 f984 	bl	10003e20 <__wrap___aeabi_i2d>
10002b18:	0004      	movs	r4, r0
10002b1a:	000d      	movs	r5, r1
10002b1c:	4ab1      	ldr	r2, [pc, #708]	; (10002de4 <_etoa+0x3c0>)
10002b1e:	4bb2      	ldr	r3, [pc, #712]	; (10002de8 <_etoa+0x3c4>)
10002b20:	f001 f911 	bl	10003d46 <__wrap___aeabi_dmul>
10002b24:	2200      	movs	r2, #0
10002b26:	4bb1      	ldr	r3, [pc, #708]	; (10002dec <_etoa+0x3c8>)
10002b28:	f001 f8ee 	bl	10003d08 <__wrap___aeabi_dadd>
10002b2c:	f001 f990 	bl	10003e50 <__wrap___aeabi_d2iz>
10002b30:	0006      	movs	r6, r0
10002b32:	4aaf      	ldr	r2, [pc, #700]	; (10002df0 <_etoa+0x3cc>)
10002b34:	4baf      	ldr	r3, [pc, #700]	; (10002df4 <_etoa+0x3d0>)
10002b36:	0020      	movs	r0, r4
10002b38:	0029      	movs	r1, r5
10002b3a:	f001 f904 	bl	10003d46 <__wrap___aeabi_dmul>
10002b3e:	0004      	movs	r4, r0
10002b40:	000d      	movs	r5, r1
10002b42:	0030      	movs	r0, r6
10002b44:	f001 f96c 	bl	10003e20 <__wrap___aeabi_i2d>
10002b48:	4aab      	ldr	r2, [pc, #684]	; (10002df8 <_etoa+0x3d4>)
10002b4a:	4bac      	ldr	r3, [pc, #688]	; (10002dfc <_etoa+0x3d8>)
10002b4c:	f001 f8fb 	bl	10003d46 <__wrap___aeabi_dmul>
10002b50:	0002      	movs	r2, r0
10002b52:	000b      	movs	r3, r1
10002b54:	0020      	movs	r0, r4
10002b56:	0029      	movs	r1, r5
10002b58:	f001 f8d1 	bl	10003cfe <__wrap___aeabi_dsub>
10002b5c:	0004      	movs	r4, r0
10002b5e:	000d      	movs	r5, r1
10002b60:	0002      	movs	r2, r0
10002b62:	000b      	movs	r3, r1
10002b64:	f001 f8ef 	bl	10003d46 <__wrap___aeabi_dmul>
10002b68:	900a      	str	r0, [sp, #40]	; 0x28
10002b6a:	910b      	str	r1, [sp, #44]	; 0x2c
10002b6c:	4ba4      	ldr	r3, [pc, #656]	; (10002e00 <_etoa+0x3dc>)
10002b6e:	18f3      	adds	r3, r6, r3
10002b70:	2600      	movs	r6, #0
10002b72:	051f      	lsls	r7, r3, #20
10002b74:	0022      	movs	r2, r4
10002b76:	002b      	movs	r3, r5
10002b78:	0020      	movs	r0, r4
10002b7a:	0029      	movs	r1, r5
10002b7c:	f001 f8c4 	bl	10003d08 <__wrap___aeabi_dadd>
10002b80:	900e      	str	r0, [sp, #56]	; 0x38
10002b82:	910f      	str	r1, [sp, #60]	; 0x3c
10002b84:	0022      	movs	r2, r4
10002b86:	002b      	movs	r3, r5
10002b88:	2000      	movs	r0, #0
10002b8a:	2180      	movs	r1, #128	; 0x80
10002b8c:	05c9      	lsls	r1, r1, #23
10002b8e:	f001 f8b6 	bl	10003cfe <__wrap___aeabi_dsub>
10002b92:	0004      	movs	r4, r0
10002b94:	000d      	movs	r5, r1
10002b96:	2200      	movs	r2, #0
10002b98:	4b9a      	ldr	r3, [pc, #616]	; (10002e04 <_etoa+0x3e0>)
10002b9a:	980a      	ldr	r0, [sp, #40]	; 0x28
10002b9c:	990b      	ldr	r1, [sp, #44]	; 0x2c
10002b9e:	f001 f8b8 	bl	10003d12 <__wrap___aeabi_ddiv>
10002ba2:	2200      	movs	r2, #0
10002ba4:	4b98      	ldr	r3, [pc, #608]	; (10002e08 <_etoa+0x3e4>)
10002ba6:	f001 f8af 	bl	10003d08 <__wrap___aeabi_dadd>
10002baa:	0002      	movs	r2, r0
10002bac:	000b      	movs	r3, r1
10002bae:	980a      	ldr	r0, [sp, #40]	; 0x28
10002bb0:	990b      	ldr	r1, [sp, #44]	; 0x2c
10002bb2:	f001 f8ae 	bl	10003d12 <__wrap___aeabi_ddiv>
10002bb6:	2200      	movs	r2, #0
10002bb8:	4b94      	ldr	r3, [pc, #592]	; (10002e0c <_etoa+0x3e8>)
10002bba:	f001 f8a5 	bl	10003d08 <__wrap___aeabi_dadd>
10002bbe:	0002      	movs	r2, r0
10002bc0:	000b      	movs	r3, r1
10002bc2:	980a      	ldr	r0, [sp, #40]	; 0x28
10002bc4:	990b      	ldr	r1, [sp, #44]	; 0x2c
10002bc6:	f001 f8a4 	bl	10003d12 <__wrap___aeabi_ddiv>
10002bca:	0002      	movs	r2, r0
10002bcc:	000b      	movs	r3, r1
10002bce:	0020      	movs	r0, r4
10002bd0:	0029      	movs	r1, r5
10002bd2:	f001 f899 	bl	10003d08 <__wrap___aeabi_dadd>
10002bd6:	0002      	movs	r2, r0
10002bd8:	000b      	movs	r3, r1
10002bda:	980e      	ldr	r0, [sp, #56]	; 0x38
10002bdc:	990f      	ldr	r1, [sp, #60]	; 0x3c
10002bde:	f001 f898 	bl	10003d12 <__wrap___aeabi_ddiv>
10002be2:	2200      	movs	r2, #0
10002be4:	4b77      	ldr	r3, [pc, #476]	; (10002dc4 <_etoa+0x3a0>)
10002be6:	f001 f88f 	bl	10003d08 <__wrap___aeabi_dadd>
10002bea:	0032      	movs	r2, r6
10002bec:	003b      	movs	r3, r7
10002bee:	f001 f8aa 	bl	10003d46 <__wrap___aeabi_dmul>
10002bf2:	0006      	movs	r6, r0
10002bf4:	000f      	movs	r7, r1
10002bf6:	0004      	movs	r4, r0
10002bf8:	000d      	movs	r5, r1
10002bfa:	9a06      	ldr	r2, [sp, #24]
10002bfc:	9b07      	ldr	r3, [sp, #28]
10002bfe:	f001 f8f7 	bl	10003df0 <__wrap___aeabi_dcmpgt>
10002c02:	2800      	cmp	r0, #0
10002c04:	d030      	beq.n	10002c68 <_etoa+0x244>
10002c06:	2301      	movs	r3, #1
10002c08:	425b      	negs	r3, r3
10002c0a:	469c      	mov	ip, r3
10002c0c:	44e1      	add	r9, ip
10002c0e:	2200      	movs	r2, #0
10002c10:	4b7d      	ldr	r3, [pc, #500]	; (10002e08 <_etoa+0x3e4>)
10002c12:	0030      	movs	r0, r6
10002c14:	0039      	movs	r1, r7
10002c16:	f001 f87c 	bl	10003d12 <__wrap___aeabi_ddiv>
10002c1a:	0004      	movs	r4, r0
10002c1c:	000d      	movs	r5, r1
10002c1e:	e023      	b.n	10002c68 <_etoa+0x244>
10002c20:	9b1e      	ldr	r3, [sp, #120]	; 0x78
10002c22:	9304      	str	r3, [sp, #16]
10002c24:	9b1d      	ldr	r3, [sp, #116]	; 0x74
10002c26:	9303      	str	r3, [sp, #12]
10002c28:	9b1c      	ldr	r3, [sp, #112]	; 0x70
10002c2a:	9302      	str	r3, [sp, #8]
10002c2c:	9a08      	ldr	r2, [sp, #32]
10002c2e:	9b09      	ldr	r3, [sp, #36]	; 0x24
10002c30:	9200      	str	r2, [sp, #0]
10002c32:	9301      	str	r3, [sp, #4]
10002c34:	4643      	mov	r3, r8
10002c36:	9a0c      	ldr	r2, [sp, #48]	; 0x30
10002c38:	4651      	mov	r1, sl
10002c3a:	4658      	mov	r0, fp
10002c3c:	f000 f8fc 	bl	10002e38 <_ftoa>
10002c40:	b011      	add	sp, #68	; 0x44
10002c42:	bcf0      	pop	{r4, r5, r6, r7}
10002c44:	46bb      	mov	fp, r7
10002c46:	46b2      	mov	sl, r6
10002c48:	46a9      	mov	r9, r5
10002c4a:	46a0      	mov	r8, r4
10002c4c:	bdf0      	pop	{r4, r5, r6, r7, pc}
10002c4e:	2300      	movs	r3, #0
10002c50:	2400      	movs	r4, #0
10002c52:	9306      	str	r3, [sp, #24]
10002c54:	9407      	str	r4, [sp, #28]
10002c56:	9606      	str	r6, [sp, #24]
10002c58:	2380      	movs	r3, #128	; 0x80
10002c5a:	061b      	lsls	r3, r3, #24
10002c5c:	469c      	mov	ip, r3
10002c5e:	4465      	add	r5, ip
10002c60:	9507      	str	r5, [sp, #28]
10002c62:	e71a      	b.n	10002a9a <_etoa+0x76>
10002c64:	2300      	movs	r3, #0
10002c66:	4699      	mov	r9, r3
10002c68:	464b      	mov	r3, r9
10002c6a:	3363      	adds	r3, #99	; 0x63
10002c6c:	2bc6      	cmp	r3, #198	; 0xc6
10002c6e:	d81e      	bhi.n	10002cae <_etoa+0x28a>
10002c70:	2604      	movs	r6, #4
10002c72:	9b1e      	ldr	r3, [sp, #120]	; 0x78
10002c74:	051b      	lsls	r3, r3, #20
10002c76:	d526      	bpl.n	10002cc6 <_etoa+0x2a2>
10002c78:	002b      	movs	r3, r5
10002c7a:	4323      	orrs	r3, r4
10002c7c:	d00f      	beq.n	10002c9e <_etoa+0x27a>
10002c7e:	4a64      	ldr	r2, [pc, #400]	; (10002e10 <_etoa+0x3ec>)
10002c80:	4b64      	ldr	r3, [pc, #400]	; (10002e14 <_etoa+0x3f0>)
10002c82:	9806      	ldr	r0, [sp, #24]
10002c84:	9907      	ldr	r1, [sp, #28]
10002c86:	f001 f8ab 	bl	10003de0 <__wrap___aeabi_dcmpge>
10002c8a:	2800      	cmp	r0, #0
10002c8c:	d079      	beq.n	10002d82 <_etoa+0x35e>
10002c8e:	2200      	movs	r2, #0
10002c90:	4b61      	ldr	r3, [pc, #388]	; (10002e18 <_etoa+0x3f4>)
10002c92:	9806      	ldr	r0, [sp, #24]
10002c94:	9907      	ldr	r1, [sp, #28]
10002c96:	f001 f895 	bl	10003dc4 <__wrap___aeabi_dcmplt>
10002c9a:	2800      	cmp	r0, #0
10002c9c:	d071      	beq.n	10002d82 <_etoa+0x35e>
10002c9e:	9b1c      	ldr	r3, [sp, #112]	; 0x70
10002ca0:	454b      	cmp	r3, r9
10002ca2:	dd06      	ble.n	10002cb2 <_etoa+0x28e>
10002ca4:	464a      	mov	r2, r9
10002ca6:	1a98      	subs	r0, r3, r2
10002ca8:	1e43      	subs	r3, r0, #1
10002caa:	931c      	str	r3, [sp, #112]	; 0x70
10002cac:	e003      	b.n	10002cb6 <_etoa+0x292>
10002cae:	2605      	movs	r6, #5
10002cb0:	e7df      	b.n	10002c72 <_etoa+0x24e>
10002cb2:	2300      	movs	r3, #0
10002cb4:	931c      	str	r3, [sp, #112]	; 0x70
10002cb6:	2380      	movs	r3, #128	; 0x80
10002cb8:	00db      	lsls	r3, r3, #3
10002cba:	9a1e      	ldr	r2, [sp, #120]	; 0x78
10002cbc:	431a      	orrs	r2, r3
10002cbe:	921e      	str	r2, [sp, #120]	; 0x78
10002cc0:	2600      	movs	r6, #0
10002cc2:	2300      	movs	r3, #0
10002cc4:	4699      	mov	r9, r3
10002cc6:	9b1d      	ldr	r3, [sp, #116]	; 0x74
10002cc8:	429e      	cmp	r6, r3
10002cca:	d264      	bcs.n	10002d96 <_etoa+0x372>
10002ccc:	1b9f      	subs	r7, r3, r6
10002cce:	2302      	movs	r3, #2
10002cd0:	9a1e      	ldr	r2, [sp, #120]	; 0x78
10002cd2:	401a      	ands	r2, r3
10002cd4:	920a      	str	r2, [sp, #40]	; 0x28
10002cd6:	9a1e      	ldr	r2, [sp, #120]	; 0x78
10002cd8:	4213      	tst	r3, r2
10002cda:	d002      	beq.n	10002ce2 <_etoa+0x2be>
10002cdc:	2e00      	cmp	r6, #0
10002cde:	d000      	beq.n	10002ce2 <_etoa+0x2be>
10002ce0:	2700      	movs	r7, #0
10002ce2:	464b      	mov	r3, r9
10002ce4:	2b00      	cmp	r3, #0
10002ce6:	d007      	beq.n	10002cf8 <_etoa+0x2d4>
10002ce8:	0022      	movs	r2, r4
10002cea:	002b      	movs	r3, r5
10002cec:	9806      	ldr	r0, [sp, #24]
10002cee:	9907      	ldr	r1, [sp, #28]
10002cf0:	f001 f80f 	bl	10003d12 <__wrap___aeabi_ddiv>
10002cf4:	9006      	str	r0, [sp, #24]
10002cf6:	9107      	str	r1, [sp, #28]
10002cf8:	2200      	movs	r2, #0
10002cfa:	2300      	movs	r3, #0
10002cfc:	9808      	ldr	r0, [sp, #32]
10002cfe:	9909      	ldr	r1, [sp, #36]	; 0x24
10002d00:	f001 f860 	bl	10003dc4 <__wrap___aeabi_dcmplt>
10002d04:	2800      	cmp	r0, #0
10002d06:	d148      	bne.n	10002d9a <_etoa+0x376>
10002d08:	4b44      	ldr	r3, [pc, #272]	; (10002e1c <_etoa+0x3f8>)
10002d0a:	9a1e      	ldr	r2, [sp, #120]	; 0x78
10002d0c:	4013      	ands	r3, r2
10002d0e:	9304      	str	r3, [sp, #16]
10002d10:	9703      	str	r7, [sp, #12]
10002d12:	9b1c      	ldr	r3, [sp, #112]	; 0x70
10002d14:	9302      	str	r3, [sp, #8]
10002d16:	9b06      	ldr	r3, [sp, #24]
10002d18:	9c07      	ldr	r4, [sp, #28]
10002d1a:	9300      	str	r3, [sp, #0]
10002d1c:	9401      	str	r4, [sp, #4]
10002d1e:	4643      	mov	r3, r8
10002d20:	9a0c      	ldr	r2, [sp, #48]	; 0x30
10002d22:	4651      	mov	r1, sl
10002d24:	4658      	mov	r0, fp
10002d26:	f000 f887 	bl	10002e38 <_ftoa>
10002d2a:	2e00      	cmp	r6, #0
10002d2c:	d100      	bne.n	10002d30 <_etoa+0x30c>
10002d2e:	e787      	b.n	10002c40 <_etoa+0x21c>
10002d30:	9b1e      	ldr	r3, [sp, #120]	; 0x78
10002d32:	069b      	lsls	r3, r3, #26
10002d34:	d53d      	bpl.n	10002db2 <_etoa+0x38e>
10002d36:	2545      	movs	r5, #69	; 0x45
10002d38:	1c44      	adds	r4, r0, #1
10002d3a:	4643      	mov	r3, r8
10002d3c:	0002      	movs	r2, r0
10002d3e:	4651      	mov	r1, sl
10002d40:	0028      	movs	r0, r5
10002d42:	47d8      	blx	fp
10002d44:	464b      	mov	r3, r9
10002d46:	17da      	asrs	r2, r3, #31
10002d48:	189b      	adds	r3, r3, r2
10002d4a:	4053      	eors	r3, r2
10002d4c:	2205      	movs	r2, #5
10002d4e:	9205      	str	r2, [sp, #20]
10002d50:	3e01      	subs	r6, #1
10002d52:	9604      	str	r6, [sp, #16]
10002d54:	2200      	movs	r2, #0
10002d56:	9203      	str	r2, [sp, #12]
10002d58:	320a      	adds	r2, #10
10002d5a:	9202      	str	r2, [sp, #8]
10002d5c:	464a      	mov	r2, r9
10002d5e:	0fd0      	lsrs	r0, r2, #31
10002d60:	9001      	str	r0, [sp, #4]
10002d62:	9300      	str	r3, [sp, #0]
10002d64:	4643      	mov	r3, r8
10002d66:	0022      	movs	r2, r4
10002d68:	4651      	mov	r1, sl
10002d6a:	4658      	mov	r0, fp
10002d6c:	f7ff fd8a 	bl	10002884 <_ntoa_long>
10002d70:	9b0a      	ldr	r3, [sp, #40]	; 0x28
10002d72:	2b00      	cmp	r3, #0
10002d74:	d100      	bne.n	10002d78 <_etoa+0x354>
10002d76:	e763      	b.n	10002c40 <_etoa+0x21c>
10002d78:	0002      	movs	r2, r0
10002d7a:	465f      	mov	r7, fp
10002d7c:	9e0c      	ldr	r6, [sp, #48]	; 0x30
10002d7e:	9d1d      	ldr	r5, [sp, #116]	; 0x74
10002d80:	e054      	b.n	10002e2c <_etoa+0x408>
10002d82:	9b1c      	ldr	r3, [sp, #112]	; 0x70
10002d84:	2b00      	cmp	r3, #0
10002d86:	d09e      	beq.n	10002cc6 <_etoa+0x2a2>
10002d88:	9b0d      	ldr	r3, [sp, #52]	; 0x34
10002d8a:	2b00      	cmp	r3, #0
10002d8c:	d09b      	beq.n	10002cc6 <_etoa+0x2a2>
10002d8e:	9b1c      	ldr	r3, [sp, #112]	; 0x70
10002d90:	3b01      	subs	r3, #1
10002d92:	931c      	str	r3, [sp, #112]	; 0x70
10002d94:	e797      	b.n	10002cc6 <_etoa+0x2a2>
10002d96:	2700      	movs	r7, #0
10002d98:	e799      	b.n	10002cce <_etoa+0x2aa>
10002d9a:	9c06      	ldr	r4, [sp, #24]
10002d9c:	9d07      	ldr	r5, [sp, #28]
10002d9e:	0022      	movs	r2, r4
10002da0:	0029      	movs	r1, r5
10002da2:	2080      	movs	r0, #128	; 0x80
10002da4:	0600      	lsls	r0, r0, #24
10002da6:	4684      	mov	ip, r0
10002da8:	4461      	add	r1, ip
10002daa:	000b      	movs	r3, r1
10002dac:	9206      	str	r2, [sp, #24]
10002dae:	9307      	str	r3, [sp, #28]
10002db0:	e7aa      	b.n	10002d08 <_etoa+0x2e4>
10002db2:	2565      	movs	r5, #101	; 0x65
10002db4:	e7c0      	b.n	10002d38 <_etoa+0x314>
10002db6:	46c0      	nop			; (mov r8, r8)
10002db8:	7fefffff 	.word	0x7fefffff
10002dbc:	ffefffff 	.word	0xffefffff
10002dc0:	fffffc01 	.word	0xfffffc01
10002dc4:	3ff00000 	.word	0x3ff00000
10002dc8:	509f79fb 	.word	0x509f79fb
10002dcc:	3fd34413 	.word	0x3fd34413
10002dd0:	8b60c8b3 	.word	0x8b60c8b3
10002dd4:	3fc68a28 	.word	0x3fc68a28
10002dd8:	3ff80000 	.word	0x3ff80000
10002ddc:	636f4361 	.word	0x636f4361
10002de0:	3fd287a7 	.word	0x3fd287a7
10002de4:	0979a371 	.word	0x0979a371
10002de8:	400a934f 	.word	0x400a934f
10002dec:	3fe00000 	.word	0x3fe00000
10002df0:	bbb55516 	.word	0xbbb55516
10002df4:	40026bb1 	.word	0x40026bb1
10002df8:	fefa39ef 	.word	0xfefa39ef
10002dfc:	3fe62e42 	.word	0x3fe62e42
10002e00:	000003ff 	.word	0x000003ff
10002e04:	402c0000 	.word	0x402c0000
10002e08:	40240000 	.word	0x40240000
10002e0c:	40180000 	.word	0x40180000
10002e10:	eb1c432d 	.word	0xeb1c432d
10002e14:	3f1a36e2 	.word	0x3f1a36e2
10002e18:	412e8480 	.word	0x412e8480
10002e1c:	fffff7ff 	.word	0xfffff7ff
10002e20:	1c54      	adds	r4, r2, #1
10002e22:	4643      	mov	r3, r8
10002e24:	4651      	mov	r1, sl
10002e26:	2020      	movs	r0, #32
10002e28:	47b8      	blx	r7
10002e2a:	0022      	movs	r2, r4
10002e2c:	1b93      	subs	r3, r2, r6
10002e2e:	42ab      	cmp	r3, r5
10002e30:	d3f6      	bcc.n	10002e20 <_etoa+0x3fc>
10002e32:	0010      	movs	r0, r2
10002e34:	e704      	b.n	10002c40 <_etoa+0x21c>
10002e36:	46c0      	nop			; (mov r8, r8)

10002e38 <_ftoa>:
10002e38:	b5f0      	push	{r4, r5, r6, r7, lr}
10002e3a:	46de      	mov	lr, fp
10002e3c:	4657      	mov	r7, sl
10002e3e:	464e      	mov	r6, r9
10002e40:	4645      	mov	r5, r8
10002e42:	b5e0      	push	{r5, r6, r7, lr}
10002e44:	b095      	sub	sp, #84	; 0x54
10002e46:	9006      	str	r0, [sp, #24]
10002e48:	9107      	str	r1, [sp, #28]
10002e4a:	4693      	mov	fp, r2
10002e4c:	4699      	mov	r9, r3
10002e4e:	9f20      	ldr	r7, [sp, #128]	; 0x80
10002e50:	9a1e      	ldr	r2, [sp, #120]	; 0x78
10002e52:	9b1f      	ldr	r3, [sp, #124]	; 0x7c
10002e54:	0010      	movs	r0, r2
10002e56:	0019      	movs	r1, r3
10002e58:	f000 ffcf 	bl	10003dfa <__wrap___aeabi_dcmpun>
10002e5c:	2800      	cmp	r0, #0
10002e5e:	d131      	bne.n	10002ec4 <_ftoa+0x8c>
10002e60:	2201      	movs	r2, #1
10002e62:	4252      	negs	r2, r2
10002e64:	4bbf      	ldr	r3, [pc, #764]	; (10003164 <_ftoa+0x32c>)
10002e66:	981e      	ldr	r0, [sp, #120]	; 0x78
10002e68:	991f      	ldr	r1, [sp, #124]	; 0x7c
10002e6a:	f000 ffab 	bl	10003dc4 <__wrap___aeabi_dcmplt>
10002e6e:	2800      	cmp	r0, #0
10002e70:	d137      	bne.n	10002ee2 <_ftoa+0xaa>
10002e72:	2201      	movs	r2, #1
10002e74:	4252      	negs	r2, r2
10002e76:	4bbc      	ldr	r3, [pc, #752]	; (10003168 <_ftoa+0x330>)
10002e78:	981e      	ldr	r0, [sp, #120]	; 0x78
10002e7a:	991f      	ldr	r1, [sp, #124]	; 0x7c
10002e7c:	f000 ffb8 	bl	10003df0 <__wrap___aeabi_dcmpgt>
10002e80:	2800      	cmp	r0, #0
10002e82:	d13d      	bne.n	10002f00 <_ftoa+0xc8>
10002e84:	2200      	movs	r2, #0
10002e86:	4bb9      	ldr	r3, [pc, #740]	; (1000316c <_ftoa+0x334>)
10002e88:	981e      	ldr	r0, [sp, #120]	; 0x78
10002e8a:	991f      	ldr	r1, [sp, #124]	; 0x7c
10002e8c:	f000 ffb0 	bl	10003df0 <__wrap___aeabi_dcmpgt>
10002e90:	2800      	cmp	r0, #0
10002e92:	d150      	bne.n	10002f36 <_ftoa+0xfe>
10002e94:	2200      	movs	r2, #0
10002e96:	4bb6      	ldr	r3, [pc, #728]	; (10003170 <_ftoa+0x338>)
10002e98:	981e      	ldr	r0, [sp, #120]	; 0x78
10002e9a:	991f      	ldr	r1, [sp, #124]	; 0x7c
10002e9c:	f000 ff92 	bl	10003dc4 <__wrap___aeabi_dcmplt>
10002ea0:	2800      	cmp	r0, #0
10002ea2:	d148      	bne.n	10002f36 <_ftoa+0xfe>
10002ea4:	2200      	movs	r2, #0
10002ea6:	2300      	movs	r3, #0
10002ea8:	981e      	ldr	r0, [sp, #120]	; 0x78
10002eaa:	991f      	ldr	r1, [sp, #124]	; 0x7c
10002eac:	f000 ff8a 	bl	10003dc4 <__wrap___aeabi_dcmplt>
10002eb0:	2800      	cmp	r0, #0
10002eb2:	d150      	bne.n	10002f56 <_ftoa+0x11e>
10002eb4:	2300      	movs	r3, #0
10002eb6:	4698      	mov	r8, r3
10002eb8:	9b22      	ldr	r3, [sp, #136]	; 0x88
10002eba:	055b      	lsls	r3, r3, #21
10002ebc:	d400      	bmi.n	10002ec0 <_ftoa+0x88>
10002ebe:	e0b6      	b.n	1000302e <_ftoa+0x1f6>
10002ec0:	2400      	movs	r4, #0
10002ec2:	e058      	b.n	10002f76 <_ftoa+0x13e>
10002ec4:	9b22      	ldr	r3, [sp, #136]	; 0x88
10002ec6:	9303      	str	r3, [sp, #12]
10002ec8:	9b21      	ldr	r3, [sp, #132]	; 0x84
10002eca:	9302      	str	r3, [sp, #8]
10002ecc:	2303      	movs	r3, #3
10002ece:	9301      	str	r3, [sp, #4]
10002ed0:	4ba8      	ldr	r3, [pc, #672]	; (10003174 <_ftoa+0x33c>)
10002ed2:	9300      	str	r3, [sp, #0]
10002ed4:	464b      	mov	r3, r9
10002ed6:	465a      	mov	r2, fp
10002ed8:	9907      	ldr	r1, [sp, #28]
10002eda:	9806      	ldr	r0, [sp, #24]
10002edc:	f7ff fbf2 	bl	100026c4 <_out_rev>
10002ee0:	e10e      	b.n	10003100 <_ftoa+0x2c8>
10002ee2:	9b22      	ldr	r3, [sp, #136]	; 0x88
10002ee4:	9303      	str	r3, [sp, #12]
10002ee6:	9b21      	ldr	r3, [sp, #132]	; 0x84
10002ee8:	9302      	str	r3, [sp, #8]
10002eea:	2304      	movs	r3, #4
10002eec:	9301      	str	r3, [sp, #4]
10002eee:	4ba2      	ldr	r3, [pc, #648]	; (10003178 <_ftoa+0x340>)
10002ef0:	9300      	str	r3, [sp, #0]
10002ef2:	464b      	mov	r3, r9
10002ef4:	465a      	mov	r2, fp
10002ef6:	9907      	ldr	r1, [sp, #28]
10002ef8:	9806      	ldr	r0, [sp, #24]
10002efa:	f7ff fbe3 	bl	100026c4 <_out_rev>
10002efe:	e0ff      	b.n	10003100 <_ftoa+0x2c8>
10002f00:	2304      	movs	r3, #4
10002f02:	9a22      	ldr	r2, [sp, #136]	; 0x88
10002f04:	401a      	ands	r2, r3
10002f06:	9922      	ldr	r1, [sp, #136]	; 0x88
10002f08:	420b      	tst	r3, r1
10002f0a:	d010      	beq.n	10002f2e <_ftoa+0xf6>
10002f0c:	4b9b      	ldr	r3, [pc, #620]	; (1000317c <_ftoa+0x344>)
10002f0e:	2a00      	cmp	r2, #0
10002f10:	d00f      	beq.n	10002f32 <_ftoa+0xfa>
10002f12:	2204      	movs	r2, #4
10002f14:	9922      	ldr	r1, [sp, #136]	; 0x88
10002f16:	9103      	str	r1, [sp, #12]
10002f18:	9921      	ldr	r1, [sp, #132]	; 0x84
10002f1a:	9102      	str	r1, [sp, #8]
10002f1c:	9201      	str	r2, [sp, #4]
10002f1e:	9300      	str	r3, [sp, #0]
10002f20:	464b      	mov	r3, r9
10002f22:	465a      	mov	r2, fp
10002f24:	9907      	ldr	r1, [sp, #28]
10002f26:	9806      	ldr	r0, [sp, #24]
10002f28:	f7ff fbcc 	bl	100026c4 <_out_rev>
10002f2c:	e0e8      	b.n	10003100 <_ftoa+0x2c8>
10002f2e:	4b94      	ldr	r3, [pc, #592]	; (10003180 <_ftoa+0x348>)
10002f30:	e7ed      	b.n	10002f0e <_ftoa+0xd6>
10002f32:	2203      	movs	r2, #3
10002f34:	e7ee      	b.n	10002f14 <_ftoa+0xdc>
10002f36:	9b22      	ldr	r3, [sp, #136]	; 0x88
10002f38:	9304      	str	r3, [sp, #16]
10002f3a:	9b21      	ldr	r3, [sp, #132]	; 0x84
10002f3c:	9303      	str	r3, [sp, #12]
10002f3e:	9702      	str	r7, [sp, #8]
10002f40:	9b1e      	ldr	r3, [sp, #120]	; 0x78
10002f42:	9c1f      	ldr	r4, [sp, #124]	; 0x7c
10002f44:	9300      	str	r3, [sp, #0]
10002f46:	9401      	str	r4, [sp, #4]
10002f48:	464b      	mov	r3, r9
10002f4a:	465a      	mov	r2, fp
10002f4c:	9907      	ldr	r1, [sp, #28]
10002f4e:	9806      	ldr	r0, [sp, #24]
10002f50:	f7ff fd68 	bl	10002a24 <_etoa>
10002f54:	e0d4      	b.n	10003100 <_ftoa+0x2c8>
10002f56:	9a1e      	ldr	r2, [sp, #120]	; 0x78
10002f58:	9b1f      	ldr	r3, [sp, #124]	; 0x7c
10002f5a:	2000      	movs	r0, #0
10002f5c:	2100      	movs	r1, #0
10002f5e:	f000 fece 	bl	10003cfe <__wrap___aeabi_dsub>
10002f62:	901e      	str	r0, [sp, #120]	; 0x78
10002f64:	911f      	str	r1, [sp, #124]	; 0x7c
10002f66:	2301      	movs	r3, #1
10002f68:	4698      	mov	r8, r3
10002f6a:	e7a5      	b.n	10002eb8 <_ftoa+0x80>
10002f6c:	ab0c      	add	r3, sp, #48	; 0x30
10002f6e:	2230      	movs	r2, #48	; 0x30
10002f70:	551a      	strb	r2, [r3, r4]
10002f72:	3f01      	subs	r7, #1
10002f74:	3401      	adds	r4, #1
10002f76:	2c1f      	cmp	r4, #31
10002f78:	d801      	bhi.n	10002f7e <_ftoa+0x146>
10002f7a:	2f09      	cmp	r7, #9
10002f7c:	d8f6      	bhi.n	10002f6c <_ftoa+0x134>
10002f7e:	981e      	ldr	r0, [sp, #120]	; 0x78
10002f80:	991f      	ldr	r1, [sp, #124]	; 0x7c
10002f82:	f000 ff65 	bl	10003e50 <__wrap___aeabi_d2iz>
10002f86:	0005      	movs	r5, r0
10002f88:	f000 ff4a 	bl	10003e20 <__wrap___aeabi_i2d>
10002f8c:	0002      	movs	r2, r0
10002f8e:	000b      	movs	r3, r1
10002f90:	981e      	ldr	r0, [sp, #120]	; 0x78
10002f92:	991f      	ldr	r1, [sp, #124]	; 0x7c
10002f94:	f000 feb3 	bl	10003cfe <__wrap___aeabi_dsub>
10002f98:	00fa      	lsls	r2, r7, #3
10002f9a:	4b7a      	ldr	r3, [pc, #488]	; (10003184 <_ftoa+0x34c>)
10002f9c:	189b      	adds	r3, r3, r2
10002f9e:	681a      	ldr	r2, [r3, #0]
10002fa0:	685b      	ldr	r3, [r3, #4]
10002fa2:	920a      	str	r2, [sp, #40]	; 0x28
10002fa4:	930b      	str	r3, [sp, #44]	; 0x2c
10002fa6:	f000 fece 	bl	10003d46 <__wrap___aeabi_dmul>
10002faa:	9008      	str	r0, [sp, #32]
10002fac:	9109      	str	r1, [sp, #36]	; 0x24
10002fae:	f000 ff73 	bl	10003e98 <__wrap___aeabi_d2uiz>
10002fb2:	0006      	movs	r6, r0
10002fb4:	f000 ff30 	bl	10003e18 <__wrap___aeabi_ui2d>
10002fb8:	0002      	movs	r2, r0
10002fba:	000b      	movs	r3, r1
10002fbc:	9808      	ldr	r0, [sp, #32]
10002fbe:	9909      	ldr	r1, [sp, #36]	; 0x24
10002fc0:	f000 fe9d 	bl	10003cfe <__wrap___aeabi_dsub>
10002fc4:	9008      	str	r0, [sp, #32]
10002fc6:	9109      	str	r1, [sp, #36]	; 0x24
10002fc8:	2200      	movs	r2, #0
10002fca:	4b6f      	ldr	r3, [pc, #444]	; (10003188 <_ftoa+0x350>)
10002fcc:	f000 ff10 	bl	10003df0 <__wrap___aeabi_dcmpgt>
10002fd0:	2800      	cmp	r0, #0
10002fd2:	d02e      	beq.n	10003032 <_ftoa+0x1fa>
10002fd4:	3601      	adds	r6, #1
10002fd6:	0030      	movs	r0, r6
10002fd8:	f000 ff1e 	bl	10003e18 <__wrap___aeabi_ui2d>
10002fdc:	0002      	movs	r2, r0
10002fde:	000b      	movs	r3, r1
10002fe0:	980a      	ldr	r0, [sp, #40]	; 0x28
10002fe2:	990b      	ldr	r1, [sp, #44]	; 0x2c
10002fe4:	f000 fef4 	bl	10003dd0 <__wrap___aeabi_dcmple>
10002fe8:	2800      	cmp	r0, #0
10002fea:	d001      	beq.n	10002ff0 <_ftoa+0x1b8>
10002fec:	3501      	adds	r5, #1
10002fee:	2600      	movs	r6, #0
10002ff0:	2f00      	cmp	r7, #0
10002ff2:	d12c      	bne.n	1000304e <_ftoa+0x216>
10002ff4:	0028      	movs	r0, r5
10002ff6:	f000 ff13 	bl	10003e20 <__wrap___aeabi_i2d>
10002ffa:	0002      	movs	r2, r0
10002ffc:	000b      	movs	r3, r1
10002ffe:	981e      	ldr	r0, [sp, #120]	; 0x78
10003000:	991f      	ldr	r1, [sp, #124]	; 0x7c
10003002:	f000 fe7c 	bl	10003cfe <__wrap___aeabi_dsub>
10003006:	0006      	movs	r6, r0
10003008:	000f      	movs	r7, r1
1000300a:	2200      	movs	r2, #0
1000300c:	4b5e      	ldr	r3, [pc, #376]	; (10003188 <_ftoa+0x350>)
1000300e:	f000 fed9 	bl	10003dc4 <__wrap___aeabi_dcmplt>
10003012:	2800      	cmp	r0, #0
10003014:	d146      	bne.n	100030a4 <_ftoa+0x26c>
10003016:	2200      	movs	r2, #0
10003018:	4b5b      	ldr	r3, [pc, #364]	; (10003188 <_ftoa+0x350>)
1000301a:	0030      	movs	r0, r6
1000301c:	0039      	movs	r1, r7
1000301e:	f000 fee7 	bl	10003df0 <__wrap___aeabi_dcmpgt>
10003022:	2800      	cmp	r0, #0
10003024:	d13e      	bne.n	100030a4 <_ftoa+0x26c>
10003026:	07eb      	lsls	r3, r5, #31
10003028:	d53c      	bpl.n	100030a4 <_ftoa+0x26c>
1000302a:	3501      	adds	r5, #1
1000302c:	e03a      	b.n	100030a4 <_ftoa+0x26c>
1000302e:	2706      	movs	r7, #6
10003030:	e746      	b.n	10002ec0 <_ftoa+0x88>
10003032:	2200      	movs	r2, #0
10003034:	4b54      	ldr	r3, [pc, #336]	; (10003188 <_ftoa+0x350>)
10003036:	9808      	ldr	r0, [sp, #32]
10003038:	9909      	ldr	r1, [sp, #36]	; 0x24
1000303a:	f000 fec3 	bl	10003dc4 <__wrap___aeabi_dcmplt>
1000303e:	2800      	cmp	r0, #0
10003040:	d1d6      	bne.n	10002ff0 <_ftoa+0x1b8>
10003042:	2e00      	cmp	r6, #0
10003044:	d001      	beq.n	1000304a <_ftoa+0x212>
10003046:	07f3      	lsls	r3, r6, #31
10003048:	d5d2      	bpl.n	10002ff0 <_ftoa+0x1b8>
1000304a:	3601      	adds	r6, #1
1000304c:	e7d0      	b.n	10002ff0 <_ftoa+0x1b8>
1000304e:	46aa      	mov	sl, r5
10003050:	2c1f      	cmp	r4, #31
10003052:	d811      	bhi.n	10003078 <_ftoa+0x240>
10003054:	3f01      	subs	r7, #1
10003056:	210a      	movs	r1, #10
10003058:	0030      	movs	r0, r6
1000305a:	f000 fc15 	bl	10003888 <__wrap___aeabi_uidiv>
1000305e:	1c65      	adds	r5, r4, #1
10003060:	3130      	adds	r1, #48	; 0x30
10003062:	ab0c      	add	r3, sp, #48	; 0x30
10003064:	5519      	strb	r1, [r3, r4]
10003066:	210a      	movs	r1, #10
10003068:	0030      	movs	r0, r6
1000306a:	f000 fc0d 	bl	10003888 <__wrap___aeabi_uidiv>
1000306e:	2e09      	cmp	r6, #9
10003070:	d90e      	bls.n	10003090 <_ftoa+0x258>
10003072:	0006      	movs	r6, r0
10003074:	002c      	movs	r4, r5
10003076:	e7eb      	b.n	10003050 <_ftoa+0x218>
10003078:	4655      	mov	r5, sl
1000307a:	2c1f      	cmp	r4, #31
1000307c:	d80c      	bhi.n	10003098 <_ftoa+0x260>
1000307e:	1e7b      	subs	r3, r7, #1
10003080:	2f00      	cmp	r7, #0
10003082:	d009      	beq.n	10003098 <_ftoa+0x260>
10003084:	aa0c      	add	r2, sp, #48	; 0x30
10003086:	2130      	movs	r1, #48	; 0x30
10003088:	5511      	strb	r1, [r2, r4]
1000308a:	001f      	movs	r7, r3
1000308c:	3401      	adds	r4, #1
1000308e:	e7f4      	b.n	1000307a <_ftoa+0x242>
10003090:	002b      	movs	r3, r5
10003092:	4655      	mov	r5, sl
10003094:	001c      	movs	r4, r3
10003096:	e7f0      	b.n	1000307a <_ftoa+0x242>
10003098:	2c1f      	cmp	r4, #31
1000309a:	d803      	bhi.n	100030a4 <_ftoa+0x26c>
1000309c:	ab0c      	add	r3, sp, #48	; 0x30
1000309e:	222e      	movs	r2, #46	; 0x2e
100030a0:	551a      	strb	r2, [r3, r4]
100030a2:	3401      	adds	r4, #1
100030a4:	2c1f      	cmp	r4, #31
100030a6:	d810      	bhi.n	100030ca <_ftoa+0x292>
100030a8:	210a      	movs	r1, #10
100030aa:	0028      	movs	r0, r5
100030ac:	f000 fbc4 	bl	10003838 <__wrap___aeabi_idiv>
100030b0:	1c66      	adds	r6, r4, #1
100030b2:	3130      	adds	r1, #48	; 0x30
100030b4:	ab0c      	add	r3, sp, #48	; 0x30
100030b6:	5519      	strb	r1, [r3, r4]
100030b8:	210a      	movs	r1, #10
100030ba:	0028      	movs	r0, r5
100030bc:	f000 fbbc 	bl	10003838 <__wrap___aeabi_idiv>
100030c0:	1e05      	subs	r5, r0, #0
100030c2:	d001      	beq.n	100030c8 <_ftoa+0x290>
100030c4:	0034      	movs	r4, r6
100030c6:	e7ed      	b.n	100030a4 <_ftoa+0x26c>
100030c8:	0034      	movs	r4, r6
100030ca:	2303      	movs	r3, #3
100030cc:	9a22      	ldr	r2, [sp, #136]	; 0x88
100030ce:	4013      	ands	r3, r2
100030d0:	2b01      	cmp	r3, #1
100030d2:	d01c      	beq.n	1000310e <_ftoa+0x2d6>
100030d4:	2c1f      	cmp	r4, #31
100030d6:	d806      	bhi.n	100030e6 <_ftoa+0x2ae>
100030d8:	4643      	mov	r3, r8
100030da:	2b00      	cmp	r3, #0
100030dc:	d032      	beq.n	10003144 <_ftoa+0x30c>
100030de:	ab0c      	add	r3, sp, #48	; 0x30
100030e0:	222d      	movs	r2, #45	; 0x2d
100030e2:	551a      	strb	r2, [r3, r4]
100030e4:	3401      	adds	r4, #1
100030e6:	9b22      	ldr	r3, [sp, #136]	; 0x88
100030e8:	9303      	str	r3, [sp, #12]
100030ea:	9b21      	ldr	r3, [sp, #132]	; 0x84
100030ec:	9302      	str	r3, [sp, #8]
100030ee:	9401      	str	r4, [sp, #4]
100030f0:	ab0c      	add	r3, sp, #48	; 0x30
100030f2:	9300      	str	r3, [sp, #0]
100030f4:	464b      	mov	r3, r9
100030f6:	465a      	mov	r2, fp
100030f8:	9907      	ldr	r1, [sp, #28]
100030fa:	9806      	ldr	r0, [sp, #24]
100030fc:	f7ff fae2 	bl	100026c4 <_out_rev>
10003100:	b015      	add	sp, #84	; 0x54
10003102:	bcf0      	pop	{r4, r5, r6, r7}
10003104:	46bb      	mov	fp, r7
10003106:	46b2      	mov	sl, r6
10003108:	46a9      	mov	r9, r5
1000310a:	46a0      	mov	r8, r4
1000310c:	bdf0      	pop	{r4, r5, r6, r7, pc}
1000310e:	9b21      	ldr	r3, [sp, #132]	; 0x84
10003110:	2b00      	cmp	r3, #0
10003112:	d013      	beq.n	1000313c <_ftoa+0x304>
10003114:	4643      	mov	r3, r8
10003116:	2b00      	cmp	r3, #0
10003118:	d102      	bne.n	10003120 <_ftoa+0x2e8>
1000311a:	330c      	adds	r3, #12
1000311c:	4213      	tst	r3, r2
1000311e:	d00f      	beq.n	10003140 <_ftoa+0x308>
10003120:	9b21      	ldr	r3, [sp, #132]	; 0x84
10003122:	3b01      	subs	r3, #1
10003124:	9321      	str	r3, [sp, #132]	; 0x84
10003126:	0019      	movs	r1, r3
10003128:	e003      	b.n	10003132 <_ftoa+0x2fa>
1000312a:	ab0c      	add	r3, sp, #48	; 0x30
1000312c:	2230      	movs	r2, #48	; 0x30
1000312e:	551a      	strb	r2, [r3, r4]
10003130:	3401      	adds	r4, #1
10003132:	428c      	cmp	r4, r1
10003134:	d2ce      	bcs.n	100030d4 <_ftoa+0x29c>
10003136:	2c1f      	cmp	r4, #31
10003138:	d9f7      	bls.n	1000312a <_ftoa+0x2f2>
1000313a:	e7cb      	b.n	100030d4 <_ftoa+0x29c>
1000313c:	9921      	ldr	r1, [sp, #132]	; 0x84
1000313e:	e7f8      	b.n	10003132 <_ftoa+0x2fa>
10003140:	9921      	ldr	r1, [sp, #132]	; 0x84
10003142:	e7f6      	b.n	10003132 <_ftoa+0x2fa>
10003144:	9b22      	ldr	r3, [sp, #136]	; 0x88
10003146:	075b      	lsls	r3, r3, #29
10003148:	d504      	bpl.n	10003154 <_ftoa+0x31c>
1000314a:	ab0c      	add	r3, sp, #48	; 0x30
1000314c:	222b      	movs	r2, #43	; 0x2b
1000314e:	551a      	strb	r2, [r3, r4]
10003150:	3401      	adds	r4, #1
10003152:	e7c8      	b.n	100030e6 <_ftoa+0x2ae>
10003154:	9b22      	ldr	r3, [sp, #136]	; 0x88
10003156:	071b      	lsls	r3, r3, #28
10003158:	d5c5      	bpl.n	100030e6 <_ftoa+0x2ae>
1000315a:	ab0c      	add	r3, sp, #48	; 0x30
1000315c:	2220      	movs	r2, #32
1000315e:	551a      	strb	r2, [r3, r4]
10003160:	3401      	adds	r4, #1
10003162:	e7c0      	b.n	100030e6 <_ftoa+0x2ae>
10003164:	ffefffff 	.word	0xffefffff
10003168:	7fefffff 	.word	0x7fefffff
1000316c:	41cdcd65 	.word	0x41cdcd65
10003170:	c1cdcd65 	.word	0xc1cdcd65
10003174:	10007c88 	.word	0x10007c88
10003178:	10007c8c 	.word	0x10007c8c
1000317c:	10007c80 	.word	0x10007c80
10003180:	10007c7c 	.word	0x10007c7c
10003184:	10007e78 	.word	0x10007e78
10003188:	3fe00000 	.word	0x3fe00000

1000318c <_vsnprintf>:
1000318c:	b5f0      	push	{r4, r5, r6, r7, lr}
1000318e:	46de      	mov	lr, fp
10003190:	4657      	mov	r7, sl
10003192:	464e      	mov	r6, r9
10003194:	4645      	mov	r5, r8
10003196:	b5e0      	push	{r5, r6, r7, lr}
10003198:	b093      	sub	sp, #76	; 0x4c
1000319a:	4682      	mov	sl, r0
1000319c:	468b      	mov	fp, r1
1000319e:	4690      	mov	r8, r2
100031a0:	9311      	str	r3, [sp, #68]	; 0x44
100031a2:	2900      	cmp	r1, #0
100031a4:	d100      	bne.n	100031a8 <_vsnprintf+0x1c>
100031a6:	e2eb      	b.n	10003780 <_vsnprintf+0x5f4>
100031a8:	2700      	movs	r7, #0
100031aa:	4655      	mov	r5, sl
100031ac:	9b11      	ldr	r3, [sp, #68]	; 0x44
100031ae:	7818      	ldrb	r0, [r3, #0]
100031b0:	2800      	cmp	r0, #0
100031b2:	d100      	bne.n	100031b6 <_vsnprintf+0x2a>
100031b4:	e2e7      	b.n	10003786 <_vsnprintf+0x5fa>
100031b6:	2825      	cmp	r0, #37	; 0x25
100031b8:	d009      	beq.n	100031ce <_vsnprintf+0x42>
100031ba:	1c7c      	adds	r4, r7, #1
100031bc:	4643      	mov	r3, r8
100031be:	003a      	movs	r2, r7
100031c0:	4659      	mov	r1, fp
100031c2:	47a8      	blx	r5
100031c4:	9b11      	ldr	r3, [sp, #68]	; 0x44
100031c6:	3301      	adds	r3, #1
100031c8:	9311      	str	r3, [sp, #68]	; 0x44
100031ca:	0027      	movs	r7, r4
100031cc:	e7ee      	b.n	100031ac <_vsnprintf+0x20>
100031ce:	3301      	adds	r3, #1
100031d0:	9311      	str	r3, [sp, #68]	; 0x44
100031d2:	2400      	movs	r4, #0
100031d4:	9a11      	ldr	r2, [sp, #68]	; 0x44
100031d6:	7811      	ldrb	r1, [r2, #0]
100031d8:	000b      	movs	r3, r1
100031da:	3b20      	subs	r3, #32
100031dc:	b2d8      	uxtb	r0, r3
100031de:	2810      	cmp	r0, #16
100031e0:	d803      	bhi.n	100031ea <_vsnprintf+0x5e>
100031e2:	0083      	lsls	r3, r0, #2
100031e4:	48d0      	ldr	r0, [pc, #832]	; (10003528 <_vsnprintf+0x39c>)
100031e6:	58c3      	ldr	r3, [r0, r3]
100031e8:	469f      	mov	pc, r3
100031ea:	000b      	movs	r3, r1
100031ec:	3b30      	subs	r3, #48	; 0x30
100031ee:	b2db      	uxtb	r3, r3
100031f0:	2b09      	cmp	r3, #9
100031f2:	d92c      	bls.n	1000324e <_vsnprintf+0xc2>
100031f4:	292a      	cmp	r1, #42	; 0x2a
100031f6:	d02f      	beq.n	10003258 <_vsnprintf+0xcc>
100031f8:	2300      	movs	r3, #0
100031fa:	930a      	str	r3, [sp, #40]	; 0x28
100031fc:	9b11      	ldr	r3, [sp, #68]	; 0x44
100031fe:	781a      	ldrb	r2, [r3, #0]
10003200:	2a2e      	cmp	r2, #46	; 0x2e
10003202:	d039      	beq.n	10003278 <_vsnprintf+0xec>
10003204:	2300      	movs	r3, #0
10003206:	469a      	mov	sl, r3
10003208:	9a11      	ldr	r2, [sp, #68]	; 0x44
1000320a:	7813      	ldrb	r3, [r2, #0]
1000320c:	3b68      	subs	r3, #104	; 0x68
1000320e:	b2d9      	uxtb	r1, r3
10003210:	2912      	cmp	r1, #18
10003212:	d876      	bhi.n	10003302 <_vsnprintf+0x176>
10003214:	008b      	lsls	r3, r1, #2
10003216:	49c5      	ldr	r1, [pc, #788]	; (1000352c <_vsnprintf+0x3a0>)
10003218:	58cb      	ldr	r3, [r1, r3]
1000321a:	469f      	mov	pc, r3
1000321c:	2301      	movs	r3, #1
1000321e:	431c      	orrs	r4, r3
10003220:	3201      	adds	r2, #1
10003222:	9211      	str	r2, [sp, #68]	; 0x44
10003224:	e7d6      	b.n	100031d4 <_vsnprintf+0x48>
10003226:	2302      	movs	r3, #2
10003228:	431c      	orrs	r4, r3
1000322a:	3201      	adds	r2, #1
1000322c:	9211      	str	r2, [sp, #68]	; 0x44
1000322e:	e7d1      	b.n	100031d4 <_vsnprintf+0x48>
10003230:	2304      	movs	r3, #4
10003232:	431c      	orrs	r4, r3
10003234:	3201      	adds	r2, #1
10003236:	9211      	str	r2, [sp, #68]	; 0x44
10003238:	e7cc      	b.n	100031d4 <_vsnprintf+0x48>
1000323a:	2308      	movs	r3, #8
1000323c:	431c      	orrs	r4, r3
1000323e:	3201      	adds	r2, #1
10003240:	9211      	str	r2, [sp, #68]	; 0x44
10003242:	e7c7      	b.n	100031d4 <_vsnprintf+0x48>
10003244:	2310      	movs	r3, #16
10003246:	431c      	orrs	r4, r3
10003248:	3201      	adds	r2, #1
1000324a:	9211      	str	r2, [sp, #68]	; 0x44
1000324c:	e7c2      	b.n	100031d4 <_vsnprintf+0x48>
1000324e:	a811      	add	r0, sp, #68	; 0x44
10003250:	f7ff fa26 	bl	100026a0 <_atoi>
10003254:	900a      	str	r0, [sp, #40]	; 0x28
10003256:	e7d1      	b.n	100031fc <_vsnprintf+0x70>
10003258:	9b1c      	ldr	r3, [sp, #112]	; 0x70
1000325a:	1d1a      	adds	r2, r3, #4
1000325c:	921c      	str	r2, [sp, #112]	; 0x70
1000325e:	6818      	ldr	r0, [r3, #0]
10003260:	2800      	cmp	r0, #0
10003262:	db04      	blt.n	1000326e <_vsnprintf+0xe2>
10003264:	900a      	str	r0, [sp, #40]	; 0x28
10003266:	9b11      	ldr	r3, [sp, #68]	; 0x44
10003268:	3301      	adds	r3, #1
1000326a:	9311      	str	r3, [sp, #68]	; 0x44
1000326c:	e7c6      	b.n	100031fc <_vsnprintf+0x70>
1000326e:	2302      	movs	r3, #2
10003270:	431c      	orrs	r4, r3
10003272:	4243      	negs	r3, r0
10003274:	930a      	str	r3, [sp, #40]	; 0x28
10003276:	e7f6      	b.n	10003266 <_vsnprintf+0xda>
10003278:	2280      	movs	r2, #128	; 0x80
1000327a:	00d2      	lsls	r2, r2, #3
1000327c:	4314      	orrs	r4, r2
1000327e:	1c5a      	adds	r2, r3, #1
10003280:	9211      	str	r2, [sp, #68]	; 0x44
10003282:	785a      	ldrb	r2, [r3, #1]
10003284:	0013      	movs	r3, r2
10003286:	3b30      	subs	r3, #48	; 0x30
10003288:	b2db      	uxtb	r3, r3
1000328a:	2b09      	cmp	r3, #9
1000328c:	d904      	bls.n	10003298 <_vsnprintf+0x10c>
1000328e:	2a2a      	cmp	r2, #42	; 0x2a
10003290:	d007      	beq.n	100032a2 <_vsnprintf+0x116>
10003292:	2300      	movs	r3, #0
10003294:	469a      	mov	sl, r3
10003296:	e7b7      	b.n	10003208 <_vsnprintf+0x7c>
10003298:	a811      	add	r0, sp, #68	; 0x44
1000329a:	f7ff fa01 	bl	100026a0 <_atoi>
1000329e:	4682      	mov	sl, r0
100032a0:	e7b2      	b.n	10003208 <_vsnprintf+0x7c>
100032a2:	9b1c      	ldr	r3, [sp, #112]	; 0x70
100032a4:	1d1a      	adds	r2, r3, #4
100032a6:	921c      	str	r2, [sp, #112]	; 0x70
100032a8:	6818      	ldr	r0, [r3, #0]
100032aa:	2800      	cmp	r0, #0
100032ac:	db04      	blt.n	100032b8 <_vsnprintf+0x12c>
100032ae:	4682      	mov	sl, r0
100032b0:	9b11      	ldr	r3, [sp, #68]	; 0x44
100032b2:	3301      	adds	r3, #1
100032b4:	9311      	str	r3, [sp, #68]	; 0x44
100032b6:	e7a7      	b.n	10003208 <_vsnprintf+0x7c>
100032b8:	2000      	movs	r0, #0
100032ba:	e7f8      	b.n	100032ae <_vsnprintf+0x122>
100032bc:	2380      	movs	r3, #128	; 0x80
100032be:	005b      	lsls	r3, r3, #1
100032c0:	4323      	orrs	r3, r4
100032c2:	1c51      	adds	r1, r2, #1
100032c4:	9111      	str	r1, [sp, #68]	; 0x44
100032c6:	7852      	ldrb	r2, [r2, #1]
100032c8:	2a6c      	cmp	r2, #108	; 0x6c
100032ca:	d001      	beq.n	100032d0 <_vsnprintf+0x144>
100032cc:	001c      	movs	r4, r3
100032ce:	e018      	b.n	10003302 <_vsnprintf+0x176>
100032d0:	23c0      	movs	r3, #192	; 0xc0
100032d2:	009b      	lsls	r3, r3, #2
100032d4:	431c      	orrs	r4, r3
100032d6:	3101      	adds	r1, #1
100032d8:	9111      	str	r1, [sp, #68]	; 0x44
100032da:	e012      	b.n	10003302 <_vsnprintf+0x176>
100032dc:	2380      	movs	r3, #128	; 0x80
100032de:	4323      	orrs	r3, r4
100032e0:	1c51      	adds	r1, r2, #1
100032e2:	9111      	str	r1, [sp, #68]	; 0x44
100032e4:	7852      	ldrb	r2, [r2, #1]
100032e6:	2a68      	cmp	r2, #104	; 0x68
100032e8:	d001      	beq.n	100032ee <_vsnprintf+0x162>
100032ea:	001c      	movs	r4, r3
100032ec:	e009      	b.n	10003302 <_vsnprintf+0x176>
100032ee:	23c0      	movs	r3, #192	; 0xc0
100032f0:	431c      	orrs	r4, r3
100032f2:	3101      	adds	r1, #1
100032f4:	9111      	str	r1, [sp, #68]	; 0x44
100032f6:	e004      	b.n	10003302 <_vsnprintf+0x176>
100032f8:	2380      	movs	r3, #128	; 0x80
100032fa:	005b      	lsls	r3, r3, #1
100032fc:	431c      	orrs	r4, r3
100032fe:	3201      	adds	r2, #1
10003300:	9211      	str	r2, [sp, #68]	; 0x44
10003302:	9b11      	ldr	r3, [sp, #68]	; 0x44
10003304:	7818      	ldrb	r0, [r3, #0]
10003306:	0003      	movs	r3, r0
10003308:	3b25      	subs	r3, #37	; 0x25
1000330a:	b2da      	uxtb	r2, r3
1000330c:	2a53      	cmp	r2, #83	; 0x53
1000330e:	d900      	bls.n	10003312 <_vsnprintf+0x186>
10003310:	e22c      	b.n	1000376c <_vsnprintf+0x5e0>
10003312:	0093      	lsls	r3, r2, #2
10003314:	4a86      	ldr	r2, [pc, #536]	; (10003530 <_vsnprintf+0x3a4>)
10003316:	58d3      	ldr	r3, [r2, r3]
10003318:	469f      	mov	pc, r3
1000331a:	2380      	movs	r3, #128	; 0x80
1000331c:	009b      	lsls	r3, r3, #2
1000331e:	431c      	orrs	r4, r3
10003320:	3201      	adds	r2, #1
10003322:	9211      	str	r2, [sp, #68]	; 0x44
10003324:	e7ed      	b.n	10003302 <_vsnprintf+0x176>
10003326:	2380      	movs	r3, #128	; 0x80
10003328:	005b      	lsls	r3, r3, #1
1000332a:	431c      	orrs	r4, r3
1000332c:	3201      	adds	r2, #1
1000332e:	9211      	str	r2, [sp, #68]	; 0x44
10003330:	e7e7      	b.n	10003302 <_vsnprintf+0x176>
10003332:	2878      	cmp	r0, #120	; 0x78
10003334:	d009      	beq.n	1000334a <_vsnprintf+0x1be>
10003336:	2858      	cmp	r0, #88	; 0x58
10003338:	d038      	beq.n	100033ac <_vsnprintf+0x220>
1000333a:	286f      	cmp	r0, #111	; 0x6f
1000333c:	d038      	beq.n	100033b0 <_vsnprintf+0x224>
1000333e:	2862      	cmp	r0, #98	; 0x62
10003340:	d038      	beq.n	100033b4 <_vsnprintf+0x228>
10003342:	2310      	movs	r3, #16
10003344:	439c      	bics	r4, r3
10003346:	260a      	movs	r6, #10
10003348:	e000      	b.n	1000334c <_vsnprintf+0x1c0>
1000334a:	2610      	movs	r6, #16
1000334c:	2858      	cmp	r0, #88	; 0x58
1000334e:	d033      	beq.n	100033b8 <_vsnprintf+0x22c>
10003350:	2869      	cmp	r0, #105	; 0x69
10003352:	d003      	beq.n	1000335c <_vsnprintf+0x1d0>
10003354:	2864      	cmp	r0, #100	; 0x64
10003356:	d001      	beq.n	1000335c <_vsnprintf+0x1d0>
10003358:	220c      	movs	r2, #12
1000335a:	4394      	bics	r4, r2
1000335c:	0563      	lsls	r3, r4, #21
1000335e:	d501      	bpl.n	10003364 <_vsnprintf+0x1d8>
10003360:	2201      	movs	r2, #1
10003362:	4394      	bics	r4, r2
10003364:	2869      	cmp	r0, #105	; 0x69
10003366:	d02a      	beq.n	100033be <_vsnprintf+0x232>
10003368:	2864      	cmp	r0, #100	; 0x64
1000336a:	d028      	beq.n	100033be <_vsnprintf+0x232>
1000336c:	05a3      	lsls	r3, r4, #22
1000336e:	d500      	bpl.n	10003372 <_vsnprintf+0x1e6>
10003370:	e09f      	b.n	100034b2 <_vsnprintf+0x326>
10003372:	05e3      	lsls	r3, r4, #23
10003374:	d500      	bpl.n	10003378 <_vsnprintf+0x1ec>
10003376:	e0b8      	b.n	100034ea <_vsnprintf+0x35e>
10003378:	0663      	lsls	r3, r4, #25
1000337a:	d400      	bmi.n	1000337e <_vsnprintf+0x1f2>
1000337c:	e0ca      	b.n	10003514 <_vsnprintf+0x388>
1000337e:	9a1c      	ldr	r2, [sp, #112]	; 0x70
10003380:	1d11      	adds	r1, r2, #4
10003382:	911c      	str	r1, [sp, #112]	; 0x70
10003384:	6811      	ldr	r1, [r2, #0]
10003386:	22ff      	movs	r2, #255	; 0xff
10003388:	400a      	ands	r2, r1
1000338a:	9405      	str	r4, [sp, #20]
1000338c:	9b0a      	ldr	r3, [sp, #40]	; 0x28
1000338e:	9304      	str	r3, [sp, #16]
10003390:	4653      	mov	r3, sl
10003392:	9303      	str	r3, [sp, #12]
10003394:	9602      	str	r6, [sp, #8]
10003396:	2300      	movs	r3, #0
10003398:	9301      	str	r3, [sp, #4]
1000339a:	9200      	str	r2, [sp, #0]
1000339c:	4643      	mov	r3, r8
1000339e:	003a      	movs	r2, r7
100033a0:	4659      	mov	r1, fp
100033a2:	0028      	movs	r0, r5
100033a4:	f7ff fa6e 	bl	10002884 <_ntoa_long>
100033a8:	0007      	movs	r7, r0
100033aa:	e027      	b.n	100033fc <_vsnprintf+0x270>
100033ac:	2610      	movs	r6, #16
100033ae:	e7cd      	b.n	1000334c <_vsnprintf+0x1c0>
100033b0:	2608      	movs	r6, #8
100033b2:	e7cb      	b.n	1000334c <_vsnprintf+0x1c0>
100033b4:	2602      	movs	r6, #2
100033b6:	e7c9      	b.n	1000334c <_vsnprintf+0x1c0>
100033b8:	2220      	movs	r2, #32
100033ba:	4314      	orrs	r4, r2
100033bc:	e7c8      	b.n	10003350 <_vsnprintf+0x1c4>
100033be:	05a3      	lsls	r3, r4, #22
100033c0:	d420      	bmi.n	10003404 <_vsnprintf+0x278>
100033c2:	05e3      	lsls	r3, r4, #23
100033c4:	d450      	bmi.n	10003468 <_vsnprintf+0x2dc>
100033c6:	0663      	lsls	r3, r4, #25
100033c8:	d566      	bpl.n	10003498 <_vsnprintf+0x30c>
100033ca:	9a1c      	ldr	r2, [sp, #112]	; 0x70
100033cc:	1d11      	adds	r1, r2, #4
100033ce:	911c      	str	r1, [sp, #112]	; 0x70
100033d0:	6811      	ldr	r1, [r2, #0]
100033d2:	22ff      	movs	r2, #255	; 0xff
100033d4:	400a      	ands	r2, r1
100033d6:	17d3      	asrs	r3, r2, #31
100033d8:	18d1      	adds	r1, r2, r3
100033da:	4059      	eors	r1, r3
100033dc:	9405      	str	r4, [sp, #20]
100033de:	9b0a      	ldr	r3, [sp, #40]	; 0x28
100033e0:	9304      	str	r3, [sp, #16]
100033e2:	4653      	mov	r3, sl
100033e4:	9303      	str	r3, [sp, #12]
100033e6:	9602      	str	r6, [sp, #8]
100033e8:	0fd2      	lsrs	r2, r2, #31
100033ea:	9201      	str	r2, [sp, #4]
100033ec:	9100      	str	r1, [sp, #0]
100033ee:	4643      	mov	r3, r8
100033f0:	003a      	movs	r2, r7
100033f2:	4659      	mov	r1, fp
100033f4:	0028      	movs	r0, r5
100033f6:	f7ff fa45 	bl	10002884 <_ntoa_long>
100033fa:	0007      	movs	r7, r0
100033fc:	9b11      	ldr	r3, [sp, #68]	; 0x44
100033fe:	3301      	adds	r3, #1
10003400:	9311      	str	r3, [sp, #68]	; 0x44
10003402:	e6d3      	b.n	100031ac <_vsnprintf+0x20>
10003404:	9b1c      	ldr	r3, [sp, #112]	; 0x70
10003406:	1dda      	adds	r2, r3, #7
10003408:	2107      	movs	r1, #7
1000340a:	438a      	bics	r2, r1
1000340c:	0011      	movs	r1, r2
1000340e:	3108      	adds	r1, #8
10003410:	911c      	str	r1, [sp, #112]	; 0x70
10003412:	6811      	ldr	r1, [r2, #0]
10003414:	6853      	ldr	r3, [r2, #4]
10003416:	469c      	mov	ip, r3
10003418:	17db      	asrs	r3, r3, #31
1000341a:	930c      	str	r3, [sp, #48]	; 0x30
1000341c:	930d      	str	r3, [sp, #52]	; 0x34
1000341e:	9a0c      	ldr	r2, [sp, #48]	; 0x30
10003420:	9b0d      	ldr	r3, [sp, #52]	; 0x34
10003422:	0010      	movs	r0, r2
10003424:	4048      	eors	r0, r1
10003426:	900e      	str	r0, [sp, #56]	; 0x38
10003428:	4662      	mov	r2, ip
1000342a:	4053      	eors	r3, r2
1000342c:	930f      	str	r3, [sp, #60]	; 0x3c
1000342e:	980e      	ldr	r0, [sp, #56]	; 0x38
10003430:	990f      	ldr	r1, [sp, #60]	; 0x3c
10003432:	9a0c      	ldr	r2, [sp, #48]	; 0x30
10003434:	9b0d      	ldr	r3, [sp, #52]	; 0x34
10003436:	1a80      	subs	r0, r0, r2
10003438:	4199      	sbcs	r1, r3
1000343a:	900e      	str	r0, [sp, #56]	; 0x38
1000343c:	910f      	str	r1, [sp, #60]	; 0x3c
1000343e:	9408      	str	r4, [sp, #32]
10003440:	9b0a      	ldr	r3, [sp, #40]	; 0x28
10003442:	9307      	str	r3, [sp, #28]
10003444:	4653      	mov	r3, sl
10003446:	9306      	str	r3, [sp, #24]
10003448:	9604      	str	r6, [sp, #16]
1000344a:	2300      	movs	r3, #0
1000344c:	9305      	str	r3, [sp, #20]
1000344e:	4663      	mov	r3, ip
10003450:	0fda      	lsrs	r2, r3, #31
10003452:	9202      	str	r2, [sp, #8]
10003454:	9000      	str	r0, [sp, #0]
10003456:	9101      	str	r1, [sp, #4]
10003458:	4643      	mov	r3, r8
1000345a:	003a      	movs	r2, r7
1000345c:	4659      	mov	r1, fp
1000345e:	0028      	movs	r0, r5
10003460:	f7ff fa6e 	bl	10002940 <_ntoa_long_long>
10003464:	0007      	movs	r7, r0
10003466:	e7c9      	b.n	100033fc <_vsnprintf+0x270>
10003468:	9a1c      	ldr	r2, [sp, #112]	; 0x70
1000346a:	1d11      	adds	r1, r2, #4
1000346c:	911c      	str	r1, [sp, #112]	; 0x70
1000346e:	6812      	ldr	r2, [r2, #0]
10003470:	17d3      	asrs	r3, r2, #31
10003472:	18d1      	adds	r1, r2, r3
10003474:	4059      	eors	r1, r3
10003476:	9405      	str	r4, [sp, #20]
10003478:	9b0a      	ldr	r3, [sp, #40]	; 0x28
1000347a:	9304      	str	r3, [sp, #16]
1000347c:	4653      	mov	r3, sl
1000347e:	9303      	str	r3, [sp, #12]
10003480:	9602      	str	r6, [sp, #8]
10003482:	0fd2      	lsrs	r2, r2, #31
10003484:	9201      	str	r2, [sp, #4]
10003486:	9100      	str	r1, [sp, #0]
10003488:	4643      	mov	r3, r8
1000348a:	003a      	movs	r2, r7
1000348c:	4659      	mov	r1, fp
1000348e:	0028      	movs	r0, r5
10003490:	f7ff f9f8 	bl	10002884 <_ntoa_long>
10003494:	0007      	movs	r7, r0
10003496:	e7b1      	b.n	100033fc <_vsnprintf+0x270>
10003498:	0623      	lsls	r3, r4, #24
1000349a:	d505      	bpl.n	100034a8 <_vsnprintf+0x31c>
1000349c:	9a1c      	ldr	r2, [sp, #112]	; 0x70
1000349e:	1d11      	adds	r1, r2, #4
100034a0:	911c      	str	r1, [sp, #112]	; 0x70
100034a2:	2300      	movs	r3, #0
100034a4:	5ed2      	ldrsh	r2, [r2, r3]
100034a6:	e796      	b.n	100033d6 <_vsnprintf+0x24a>
100034a8:	9a1c      	ldr	r2, [sp, #112]	; 0x70
100034aa:	1d11      	adds	r1, r2, #4
100034ac:	911c      	str	r1, [sp, #112]	; 0x70
100034ae:	6812      	ldr	r2, [r2, #0]
100034b0:	e791      	b.n	100033d6 <_vsnprintf+0x24a>
100034b2:	9b1c      	ldr	r3, [sp, #112]	; 0x70
100034b4:	1dda      	adds	r2, r3, #7
100034b6:	2107      	movs	r1, #7
100034b8:	438a      	bics	r2, r1
100034ba:	0011      	movs	r1, r2
100034bc:	3108      	adds	r1, #8
100034be:	911c      	str	r1, [sp, #112]	; 0x70
100034c0:	9408      	str	r4, [sp, #32]
100034c2:	9b0a      	ldr	r3, [sp, #40]	; 0x28
100034c4:	9307      	str	r3, [sp, #28]
100034c6:	4653      	mov	r3, sl
100034c8:	9306      	str	r3, [sp, #24]
100034ca:	9604      	str	r6, [sp, #16]
100034cc:	2300      	movs	r3, #0
100034ce:	9305      	str	r3, [sp, #20]
100034d0:	9302      	str	r3, [sp, #8]
100034d2:	6813      	ldr	r3, [r2, #0]
100034d4:	6854      	ldr	r4, [r2, #4]
100034d6:	9300      	str	r3, [sp, #0]
100034d8:	9401      	str	r4, [sp, #4]
100034da:	4643      	mov	r3, r8
100034dc:	003a      	movs	r2, r7
100034de:	4659      	mov	r1, fp
100034e0:	0028      	movs	r0, r5
100034e2:	f7ff fa2d 	bl	10002940 <_ntoa_long_long>
100034e6:	0007      	movs	r7, r0
100034e8:	e788      	b.n	100033fc <_vsnprintf+0x270>
100034ea:	9a1c      	ldr	r2, [sp, #112]	; 0x70
100034ec:	1d11      	adds	r1, r2, #4
100034ee:	911c      	str	r1, [sp, #112]	; 0x70
100034f0:	9405      	str	r4, [sp, #20]
100034f2:	9b0a      	ldr	r3, [sp, #40]	; 0x28
100034f4:	9304      	str	r3, [sp, #16]
100034f6:	4653      	mov	r3, sl
100034f8:	9303      	str	r3, [sp, #12]
100034fa:	9602      	str	r6, [sp, #8]
100034fc:	2300      	movs	r3, #0
100034fe:	9301      	str	r3, [sp, #4]
10003500:	6813      	ldr	r3, [r2, #0]
10003502:	9300      	str	r3, [sp, #0]
10003504:	4643      	mov	r3, r8
10003506:	003a      	movs	r2, r7
10003508:	4659      	mov	r1, fp
1000350a:	0028      	movs	r0, r5
1000350c:	f7ff f9ba 	bl	10002884 <_ntoa_long>
10003510:	0007      	movs	r7, r0
10003512:	e773      	b.n	100033fc <_vsnprintf+0x270>
10003514:	0623      	lsls	r3, r4, #24
10003516:	d50d      	bpl.n	10003534 <_vsnprintf+0x3a8>
10003518:	9a1c      	ldr	r2, [sp, #112]	; 0x70
1000351a:	1d11      	adds	r1, r2, #4
1000351c:	911c      	str	r1, [sp, #112]	; 0x70
1000351e:	6812      	ldr	r2, [r2, #0]
10003520:	0412      	lsls	r2, r2, #16
10003522:	0c12      	lsrs	r2, r2, #16
10003524:	e731      	b.n	1000338a <_vsnprintf+0x1fe>
10003526:	46c0      	nop			; (mov r8, r8)
10003528:	10007c94 	.word	0x10007c94
1000352c:	10007cd8 	.word	0x10007cd8
10003530:	10007d24 	.word	0x10007d24
10003534:	9a1c      	ldr	r2, [sp, #112]	; 0x70
10003536:	1d11      	adds	r1, r2, #4
10003538:	911c      	str	r1, [sp, #112]	; 0x70
1000353a:	6812      	ldr	r2, [r2, #0]
1000353c:	e725      	b.n	1000338a <_vsnprintf+0x1fe>
1000353e:	2846      	cmp	r0, #70	; 0x46
10003540:	d01a      	beq.n	10003578 <_vsnprintf+0x3ec>
10003542:	9b1c      	ldr	r3, [sp, #112]	; 0x70
10003544:	3307      	adds	r3, #7
10003546:	2207      	movs	r2, #7
10003548:	4393      	bics	r3, r2
1000354a:	001a      	movs	r2, r3
1000354c:	3208      	adds	r2, #8
1000354e:	921c      	str	r2, [sp, #112]	; 0x70
10003550:	9404      	str	r4, [sp, #16]
10003552:	9a0a      	ldr	r2, [sp, #40]	; 0x28
10003554:	9203      	str	r2, [sp, #12]
10003556:	4652      	mov	r2, sl
10003558:	9202      	str	r2, [sp, #8]
1000355a:	685c      	ldr	r4, [r3, #4]
1000355c:	681b      	ldr	r3, [r3, #0]
1000355e:	9300      	str	r3, [sp, #0]
10003560:	9401      	str	r4, [sp, #4]
10003562:	4643      	mov	r3, r8
10003564:	003a      	movs	r2, r7
10003566:	4659      	mov	r1, fp
10003568:	0028      	movs	r0, r5
1000356a:	f7ff fc65 	bl	10002e38 <_ftoa>
1000356e:	0007      	movs	r7, r0
10003570:	9b11      	ldr	r3, [sp, #68]	; 0x44
10003572:	3301      	adds	r3, #1
10003574:	9311      	str	r3, [sp, #68]	; 0x44
10003576:	e619      	b.n	100031ac <_vsnprintf+0x20>
10003578:	2320      	movs	r3, #32
1000357a:	431c      	orrs	r4, r3
1000357c:	e7e1      	b.n	10003542 <_vsnprintf+0x3b6>
1000357e:	2867      	cmp	r0, #103	; 0x67
10003580:	d001      	beq.n	10003586 <_vsnprintf+0x3fa>
10003582:	2847      	cmp	r0, #71	; 0x47
10003584:	d102      	bne.n	1000358c <_vsnprintf+0x400>
10003586:	2380      	movs	r3, #128	; 0x80
10003588:	011b      	lsls	r3, r3, #4
1000358a:	431c      	orrs	r4, r3
1000358c:	2845      	cmp	r0, #69	; 0x45
1000358e:	d001      	beq.n	10003594 <_vsnprintf+0x408>
10003590:	2847      	cmp	r0, #71	; 0x47
10003592:	d101      	bne.n	10003598 <_vsnprintf+0x40c>
10003594:	2320      	movs	r3, #32
10003596:	431c      	orrs	r4, r3
10003598:	9b1c      	ldr	r3, [sp, #112]	; 0x70
1000359a:	3307      	adds	r3, #7
1000359c:	2207      	movs	r2, #7
1000359e:	4393      	bics	r3, r2
100035a0:	001a      	movs	r2, r3
100035a2:	3208      	adds	r2, #8
100035a4:	921c      	str	r2, [sp, #112]	; 0x70
100035a6:	9404      	str	r4, [sp, #16]
100035a8:	9a0a      	ldr	r2, [sp, #40]	; 0x28
100035aa:	9203      	str	r2, [sp, #12]
100035ac:	4652      	mov	r2, sl
100035ae:	9202      	str	r2, [sp, #8]
100035b0:	685c      	ldr	r4, [r3, #4]
100035b2:	681b      	ldr	r3, [r3, #0]
100035b4:	9300      	str	r3, [sp, #0]
100035b6:	9401      	str	r4, [sp, #4]
100035b8:	4643      	mov	r3, r8
100035ba:	003a      	movs	r2, r7
100035bc:	4659      	mov	r1, fp
100035be:	0028      	movs	r0, r5
100035c0:	f7ff fa30 	bl	10002a24 <_etoa>
100035c4:	0007      	movs	r7, r0
100035c6:	9b11      	ldr	r3, [sp, #68]	; 0x44
100035c8:	3301      	adds	r3, #1
100035ca:	9311      	str	r3, [sp, #68]	; 0x44
100035cc:	e5ee      	b.n	100031ac <_vsnprintf+0x20>
100035ce:	2302      	movs	r3, #2
100035d0:	001a      	movs	r2, r3
100035d2:	4022      	ands	r2, r4
100035d4:	4692      	mov	sl, r2
100035d6:	4223      	tst	r3, r4
100035d8:	d01f      	beq.n	1000361a <_vsnprintf+0x48e>
100035da:	2401      	movs	r4, #1
100035dc:	9b1c      	ldr	r3, [sp, #112]	; 0x70
100035de:	1d1a      	adds	r2, r3, #4
100035e0:	921c      	str	r2, [sp, #112]	; 0x70
100035e2:	1c7a      	adds	r2, r7, #1
100035e4:	4691      	mov	r9, r2
100035e6:	7818      	ldrb	r0, [r3, #0]
100035e8:	4643      	mov	r3, r8
100035ea:	003a      	movs	r2, r7
100035ec:	4659      	mov	r1, fp
100035ee:	47a8      	blx	r5
100035f0:	4653      	mov	r3, sl
100035f2:	2b00      	cmp	r3, #0
100035f4:	d116      	bne.n	10003624 <_vsnprintf+0x498>
100035f6:	9b11      	ldr	r3, [sp, #68]	; 0x44
100035f8:	3301      	adds	r3, #1
100035fa:	9311      	str	r3, [sp, #68]	; 0x44
100035fc:	464f      	mov	r7, r9
100035fe:	e5d5      	b.n	100031ac <_vsnprintf+0x20>
10003600:	1c56      	adds	r6, r2, #1
10003602:	4643      	mov	r3, r8
10003604:	4659      	mov	r1, fp
10003606:	2020      	movs	r0, #32
10003608:	47b8      	blx	r7
1000360a:	0023      	movs	r3, r4
1000360c:	0032      	movs	r2, r6
1000360e:	1c5c      	adds	r4, r3, #1
10003610:	429d      	cmp	r5, r3
10003612:	d8f5      	bhi.n	10003600 <_vsnprintf+0x474>
10003614:	003d      	movs	r5, r7
10003616:	0017      	movs	r7, r2
10003618:	e7e0      	b.n	100035dc <_vsnprintf+0x450>
1000361a:	2301      	movs	r3, #1
1000361c:	003a      	movs	r2, r7
1000361e:	002f      	movs	r7, r5
10003620:	9d0a      	ldr	r5, [sp, #40]	; 0x28
10003622:	e7f4      	b.n	1000360e <_vsnprintf+0x482>
10003624:	464a      	mov	r2, r9
10003626:	46a9      	mov	r9, r5
10003628:	9d0a      	ldr	r5, [sp, #40]	; 0x28
1000362a:	e006      	b.n	1000363a <_vsnprintf+0x4ae>
1000362c:	1c57      	adds	r7, r2, #1
1000362e:	4643      	mov	r3, r8
10003630:	4659      	mov	r1, fp
10003632:	2020      	movs	r0, #32
10003634:	47c8      	blx	r9
10003636:	0034      	movs	r4, r6
10003638:	003a      	movs	r2, r7
1000363a:	1c66      	adds	r6, r4, #1
1000363c:	42a5      	cmp	r5, r4
1000363e:	d8f5      	bhi.n	1000362c <_vsnprintf+0x4a0>
10003640:	464d      	mov	r5, r9
10003642:	4691      	mov	r9, r2
10003644:	e7d7      	b.n	100035f6 <_vsnprintf+0x46a>
10003646:	9b1c      	ldr	r3, [sp, #112]	; 0x70
10003648:	1d1a      	adds	r2, r3, #4
1000364a:	921c      	str	r2, [sp, #112]	; 0x70
1000364c:	681b      	ldr	r3, [r3, #0]
1000364e:	4699      	mov	r9, r3
10003650:	4653      	mov	r3, sl
10003652:	2b00      	cmp	r3, #0
10003654:	d100      	bne.n	10003658 <_vsnprintf+0x4cc>
10003656:	3b01      	subs	r3, #1
10003658:	464e      	mov	r6, r9
1000365a:	e001      	b.n	10003660 <_vsnprintf+0x4d4>
1000365c:	3601      	adds	r6, #1
1000365e:	0013      	movs	r3, r2
10003660:	7832      	ldrb	r2, [r6, #0]
10003662:	2a00      	cmp	r2, #0
10003664:	d002      	beq.n	1000366c <_vsnprintf+0x4e0>
10003666:	1e5a      	subs	r2, r3, #1
10003668:	2b00      	cmp	r3, #0
1000366a:	d1f7      	bne.n	1000365c <_vsnprintf+0x4d0>
1000366c:	464b      	mov	r3, r9
1000366e:	1af2      	subs	r2, r6, r3
10003670:	9210      	str	r2, [sp, #64]	; 0x40
10003672:	2380      	movs	r3, #128	; 0x80
10003674:	00db      	lsls	r3, r3, #3
10003676:	0026      	movs	r6, r4
10003678:	401e      	ands	r6, r3
1000367a:	421c      	tst	r4, r3
1000367c:	d003      	beq.n	10003686 <_vsnprintf+0x4fa>
1000367e:	4552      	cmp	r2, sl
10003680:	d901      	bls.n	10003686 <_vsnprintf+0x4fa>
10003682:	4653      	mov	r3, sl
10003684:	9310      	str	r3, [sp, #64]	; 0x40
10003686:	2302      	movs	r3, #2
10003688:	001a      	movs	r2, r3
1000368a:	4022      	ands	r2, r4
1000368c:	920b      	str	r2, [sp, #44]	; 0x2c
1000368e:	4223      	tst	r3, r4
10003690:	d005      	beq.n	1000369e <_vsnprintf+0x512>
10003692:	003a      	movs	r2, r7
10003694:	0037      	movs	r7, r6
10003696:	464c      	mov	r4, r9
10003698:	46a9      	mov	r9, r5
1000369a:	4655      	mov	r5, sl
1000369c:	e020      	b.n	100036e0 <_vsnprintf+0x554>
1000369e:	003a      	movs	r2, r7
100036a0:	9b10      	ldr	r3, [sp, #64]	; 0x40
100036a2:	465f      	mov	r7, fp
100036a4:	46b3      	mov	fp, r6
100036a6:	002e      	movs	r6, r5
100036a8:	e006      	b.n	100036b8 <_vsnprintf+0x52c>
100036aa:	1c55      	adds	r5, r2, #1
100036ac:	4643      	mov	r3, r8
100036ae:	0039      	movs	r1, r7
100036b0:	2020      	movs	r0, #32
100036b2:	47b0      	blx	r6
100036b4:	0023      	movs	r3, r4
100036b6:	002a      	movs	r2, r5
100036b8:	1c5c      	adds	r4, r3, #1
100036ba:	990a      	ldr	r1, [sp, #40]	; 0x28
100036bc:	4299      	cmp	r1, r3
100036be:	d8f4      	bhi.n	100036aa <_vsnprintf+0x51e>
100036c0:	0035      	movs	r5, r6
100036c2:	465e      	mov	r6, fp
100036c4:	46bb      	mov	fp, r7
100036c6:	9410      	str	r4, [sp, #64]	; 0x40
100036c8:	0037      	movs	r7, r6
100036ca:	464c      	mov	r4, r9
100036cc:	46a9      	mov	r9, r5
100036ce:	4655      	mov	r5, sl
100036d0:	e006      	b.n	100036e0 <_vsnprintf+0x554>
100036d2:	001d      	movs	r5, r3
100036d4:	3401      	adds	r4, #1
100036d6:	1c56      	adds	r6, r2, #1
100036d8:	4643      	mov	r3, r8
100036da:	4659      	mov	r1, fp
100036dc:	47c8      	blx	r9
100036de:	0032      	movs	r2, r6
100036e0:	7820      	ldrb	r0, [r4, #0]
100036e2:	2800      	cmp	r0, #0
100036e4:	d004      	beq.n	100036f0 <_vsnprintf+0x564>
100036e6:	2f00      	cmp	r7, #0
100036e8:	d0f4      	beq.n	100036d4 <_vsnprintf+0x548>
100036ea:	1e6b      	subs	r3, r5, #1
100036ec:	2d00      	cmp	r5, #0
100036ee:	d1f0      	bne.n	100036d2 <_vsnprintf+0x546>
100036f0:	0017      	movs	r7, r2
100036f2:	464d      	mov	r5, r9
100036f4:	9b0b      	ldr	r3, [sp, #44]	; 0x2c
100036f6:	2b00      	cmp	r3, #0
100036f8:	d103      	bne.n	10003702 <_vsnprintf+0x576>
100036fa:	9b11      	ldr	r3, [sp, #68]	; 0x44
100036fc:	3301      	adds	r3, #1
100036fe:	9311      	str	r3, [sp, #68]	; 0x44
10003700:	e554      	b.n	100031ac <_vsnprintf+0x20>
10003702:	9f0a      	ldr	r7, [sp, #40]	; 0x28
10003704:	9b10      	ldr	r3, [sp, #64]	; 0x40
10003706:	e006      	b.n	10003716 <_vsnprintf+0x58a>
10003708:	1c56      	adds	r6, r2, #1
1000370a:	4643      	mov	r3, r8
1000370c:	4659      	mov	r1, fp
1000370e:	2020      	movs	r0, #32
10003710:	47a8      	blx	r5
10003712:	0023      	movs	r3, r4
10003714:	0032      	movs	r2, r6
10003716:	1c5c      	adds	r4, r3, #1
10003718:	429f      	cmp	r7, r3
1000371a:	d8f5      	bhi.n	10003708 <_vsnprintf+0x57c>
1000371c:	0017      	movs	r7, r2
1000371e:	e7ec      	b.n	100036fa <_vsnprintf+0x56e>
10003720:	2321      	movs	r3, #33	; 0x21
10003722:	431c      	orrs	r4, r3
10003724:	9b1c      	ldr	r3, [sp, #112]	; 0x70
10003726:	1d1a      	adds	r2, r3, #4
10003728:	921c      	str	r2, [sp, #112]	; 0x70
1000372a:	681b      	ldr	r3, [r3, #0]
1000372c:	9300      	str	r3, [sp, #0]
1000372e:	9405      	str	r4, [sp, #20]
10003730:	2308      	movs	r3, #8
10003732:	9304      	str	r3, [sp, #16]
10003734:	4653      	mov	r3, sl
10003736:	9303      	str	r3, [sp, #12]
10003738:	2310      	movs	r3, #16
1000373a:	9302      	str	r3, [sp, #8]
1000373c:	2300      	movs	r3, #0
1000373e:	9301      	str	r3, [sp, #4]
10003740:	4643      	mov	r3, r8
10003742:	003a      	movs	r2, r7
10003744:	4659      	mov	r1, fp
10003746:	0028      	movs	r0, r5
10003748:	f7ff f89c 	bl	10002884 <_ntoa_long>
1000374c:	0007      	movs	r7, r0
1000374e:	9b11      	ldr	r3, [sp, #68]	; 0x44
10003750:	3301      	adds	r3, #1
10003752:	9311      	str	r3, [sp, #68]	; 0x44
10003754:	e52a      	b.n	100031ac <_vsnprintf+0x20>
10003756:	1c7c      	adds	r4, r7, #1
10003758:	4643      	mov	r3, r8
1000375a:	003a      	movs	r2, r7
1000375c:	4659      	mov	r1, fp
1000375e:	2025      	movs	r0, #37	; 0x25
10003760:	47a8      	blx	r5
10003762:	9b11      	ldr	r3, [sp, #68]	; 0x44
10003764:	3301      	adds	r3, #1
10003766:	9311      	str	r3, [sp, #68]	; 0x44
10003768:	0027      	movs	r7, r4
1000376a:	e51f      	b.n	100031ac <_vsnprintf+0x20>
1000376c:	1c7c      	adds	r4, r7, #1
1000376e:	4643      	mov	r3, r8
10003770:	003a      	movs	r2, r7
10003772:	4659      	mov	r1, fp
10003774:	47a8      	blx	r5
10003776:	9b11      	ldr	r3, [sp, #68]	; 0x44
10003778:	3301      	adds	r3, #1
1000377a:	9311      	str	r3, [sp, #68]	; 0x44
1000377c:	0027      	movs	r7, r4
1000377e:	e515      	b.n	100031ac <_vsnprintf+0x20>
10003780:	4b0a      	ldr	r3, [pc, #40]	; (100037ac <_vsnprintf+0x620>)
10003782:	469a      	mov	sl, r3
10003784:	e510      	b.n	100031a8 <_vsnprintf+0x1c>
10003786:	46aa      	mov	sl, r5
10003788:	4547      	cmp	r7, r8
1000378a:	d302      	bcc.n	10003792 <_vsnprintf+0x606>
1000378c:	4643      	mov	r3, r8
1000378e:	1e5a      	subs	r2, r3, #1
10003790:	e000      	b.n	10003794 <_vsnprintf+0x608>
10003792:	003a      	movs	r2, r7
10003794:	4643      	mov	r3, r8
10003796:	4659      	mov	r1, fp
10003798:	2000      	movs	r0, #0
1000379a:	47d0      	blx	sl
1000379c:	0038      	movs	r0, r7
1000379e:	b013      	add	sp, #76	; 0x4c
100037a0:	bcf0      	pop	{r4, r5, r6, r7}
100037a2:	46bb      	mov	fp, r7
100037a4:	46b2      	mov	sl, r6
100037a6:	46a9      	mov	r9, r5
100037a8:	46a0      	mov	r8, r4
100037aa:	bdf0      	pop	{r4, r5, r6, r7, pc}
100037ac:	10002691 	.word	0x10002691

100037b0 <vfctprintf>:
100037b0:	b500      	push	{lr}
100037b2:	b085      	sub	sp, #20
100037b4:	9002      	str	r0, [sp, #8]
100037b6:	9103      	str	r1, [sp, #12]
100037b8:	2101      	movs	r1, #1
100037ba:	9300      	str	r3, [sp, #0]
100037bc:	0013      	movs	r3, r2
100037be:	424a      	negs	r2, r1
100037c0:	a902      	add	r1, sp, #8
100037c2:	4802      	ldr	r0, [pc, #8]	; (100037cc <vfctprintf+0x1c>)
100037c4:	f7ff fce2 	bl	1000318c <_vsnprintf>
100037c8:	b005      	add	sp, #20
100037ca:	bd00      	pop	{pc}
100037cc:	10002693 	.word	0x10002693

100037d0 <__aeabi_bits_init>:
100037d0:	4801      	ldr	r0, [pc, #4]	; (100037d8 <__aeabi_bits_init+0x8>)
100037d2:	2104      	movs	r1, #4
100037d4:	4b01      	ldr	r3, [pc, #4]	; (100037dc <__aeabi_bits_init+0xc>)
100037d6:	4718      	bx	r3
100037d8:	20000c30 	.word	0x20000c30
100037dc:	10003801 	.word	0x10003801

100037e0 <rom_func_lookup>:
100037e0:	b510      	push	{r4, lr}
100037e2:	0001      	movs	r1, r0
100037e4:	2318      	movs	r3, #24
100037e6:	881b      	ldrh	r3, [r3, #0]
100037e8:	2214      	movs	r2, #20
100037ea:	8810      	ldrh	r0, [r2, #0]
100037ec:	4798      	blx	r3
100037ee:	bd10      	pop	{r4, pc}

100037f0 <rom_data_lookup>:
100037f0:	b510      	push	{r4, lr}
100037f2:	0001      	movs	r1, r0
100037f4:	2318      	movs	r3, #24
100037f6:	881b      	ldrh	r3, [r3, #0]
100037f8:	2216      	movs	r2, #22
100037fa:	8810      	ldrh	r0, [r2, #0]
100037fc:	4798      	blx	r3
100037fe:	bd10      	pop	{r4, pc}

10003800 <rom_funcs_lookup>:
10003800:	b5f0      	push	{r4, r5, r6, r7, lr}
10003802:	46c6      	mov	lr, r8
10003804:	b500      	push	{lr}
10003806:	0007      	movs	r7, r0
10003808:	000e      	movs	r6, r1
1000380a:	2500      	movs	r5, #0
1000380c:	2301      	movs	r3, #1
1000380e:	4698      	mov	r8, r3
10003810:	e000      	b.n	10003814 <rom_funcs_lookup+0x14>
10003812:	3501      	adds	r5, #1
10003814:	42b5      	cmp	r5, r6
10003816:	d20a      	bcs.n	1000382e <rom_funcs_lookup+0x2e>
10003818:	00ac      	lsls	r4, r5, #2
1000381a:	193c      	adds	r4, r7, r4
1000381c:	6820      	ldr	r0, [r4, #0]
1000381e:	f7ff ffdf 	bl	100037e0 <rom_func_lookup>
10003822:	6020      	str	r0, [r4, #0]
10003824:	2800      	cmp	r0, #0
10003826:	d1f4      	bne.n	10003812 <rom_funcs_lookup+0x12>
10003828:	2300      	movs	r3, #0
1000382a:	4698      	mov	r8, r3
1000382c:	e7f1      	b.n	10003812 <rom_funcs_lookup+0x12>
1000382e:	4640      	mov	r0, r8
10003830:	bc80      	pop	{r7}
10003832:	46b8      	mov	r8, r7
10003834:	bdf0      	pop	{r4, r5, r6, r7, pc}
	...

10003838 <__wrap___aeabi_idiv>:
10003838:	4a12      	ldr	r2, [pc, #72]	; (10003884 <divmod_s32s32_savestate+0x18>)
1000383a:	6f93      	ldr	r3, [r2, #120]	; 0x78
1000383c:	089b      	lsrs	r3, r3, #2
1000383e:	d215      	bcs.n	1000386c <divmod_s32s32_savestate>

10003840 <divmod_s32s32_unsafe>:
10003840:	6690      	str	r0, [r2, #104]	; 0x68
10003842:	66d1      	str	r1, [r2, #108]	; 0x6c
10003844:	2900      	cmp	r1, #0
10003846:	d005      	beq.n	10003854 <divmod_s32s32_unsafe+0x14>
10003848:	e7ff      	b.n	1000384a <divmod_s32s32_unsafe+0xa>
1000384a:	e7ff      	b.n	1000384c <divmod_s32s32_unsafe+0xc>
1000384c:	e7ff      	b.n	1000384e <divmod_s32s32_unsafe+0xe>
1000384e:	6f51      	ldr	r1, [r2, #116]	; 0x74
10003850:	6f10      	ldr	r0, [r2, #112]	; 0x70
10003852:	4770      	bx	lr
10003854:	b504      	push	{r2, lr}
10003856:	2180      	movs	r1, #128	; 0x80
10003858:	0609      	lsls	r1, r1, #24
1000385a:	17c2      	asrs	r2, r0, #31
1000385c:	4051      	eors	r1, r2
1000385e:	2800      	cmp	r0, #0
10003860:	d000      	beq.n	10003864 <divmod_s32s32_unsafe+0x24>
10003862:	43c8      	mvns	r0, r1
10003864:	f003 fb5c 	bl	10006f20 <____aeabi_idiv0_veneer>
10003868:	2100      	movs	r1, #0
1000386a:	bd04      	pop	{r2, pc}

1000386c <divmod_s32s32_savestate>:
1000386c:	b5f0      	push	{r4, r5, r6, r7, lr}
1000386e:	6e14      	ldr	r4, [r2, #96]	; 0x60
10003870:	6e55      	ldr	r5, [r2, #100]	; 0x64
10003872:	6f57      	ldr	r7, [r2, #116]	; 0x74
10003874:	6f16      	ldr	r6, [r2, #112]	; 0x70
10003876:	f7ff ffe3 	bl	10003840 <divmod_s32s32_unsafe>
1000387a:	6614      	str	r4, [r2, #96]	; 0x60
1000387c:	6655      	str	r5, [r2, #100]	; 0x64
1000387e:	6757      	str	r7, [r2, #116]	; 0x74
10003880:	6716      	str	r6, [r2, #112]	; 0x70
10003882:	bdf0      	pop	{r4, r5, r6, r7, pc}
10003884:	d0000000 	.word	0xd0000000

10003888 <__wrap___aeabi_uidiv>:
10003888:	4a11      	ldr	r2, [pc, #68]	; (100038d0 <divmod_u32u32_savestate+0x18>)
1000388a:	6f93      	ldr	r3, [r2, #120]	; 0x78
1000388c:	089b      	lsrs	r3, r3, #2
1000388e:	d213      	bcs.n	100038b8 <divmod_u32u32_savestate>

10003890 <divmod_u32u32_unsafe>:
10003890:	6610      	str	r0, [r2, #96]	; 0x60
10003892:	6651      	str	r1, [r2, #100]	; 0x64
10003894:	2900      	cmp	r1, #0
10003896:	d005      	beq.n	100038a4 <divmod_u32u32_unsafe+0x14>
10003898:	e7ff      	b.n	1000389a <divmod_u32u32_unsafe+0xa>
1000389a:	e7ff      	b.n	1000389c <divmod_u32u32_unsafe+0xc>
1000389c:	e7ff      	b.n	1000389e <divmod_u32u32_unsafe+0xe>
1000389e:	6f51      	ldr	r1, [r2, #116]	; 0x74
100038a0:	6f10      	ldr	r0, [r2, #112]	; 0x70
100038a2:	4770      	bx	lr
100038a4:	b504      	push	{r2, lr}
100038a6:	2800      	cmp	r0, #0
100038a8:	d001      	beq.n	100038ae <divmod_u32u32_unsafe+0x1e>
100038aa:	2000      	movs	r0, #0
100038ac:	43c0      	mvns	r0, r0
100038ae:	f003 fb37 	bl	10006f20 <____aeabi_idiv0_veneer>
100038b2:	2100      	movs	r1, #0
100038b4:	bd04      	pop	{r2, pc}
100038b6:	46c0      	nop			; (mov r8, r8)

100038b8 <divmod_u32u32_savestate>:
100038b8:	b5f0      	push	{r4, r5, r6, r7, lr}
100038ba:	6e14      	ldr	r4, [r2, #96]	; 0x60
100038bc:	6e55      	ldr	r5, [r2, #100]	; 0x64
100038be:	6f57      	ldr	r7, [r2, #116]	; 0x74
100038c0:	6f16      	ldr	r6, [r2, #112]	; 0x70
100038c2:	f7ff ffe5 	bl	10003890 <divmod_u32u32_unsafe>
100038c6:	6614      	str	r4, [r2, #96]	; 0x60
100038c8:	6655      	str	r5, [r2, #100]	; 0x64
100038ca:	6757      	str	r7, [r2, #116]	; 0x74
100038cc:	6716      	str	r6, [r2, #112]	; 0x70
100038ce:	bdf0      	pop	{r4, r5, r6, r7, pc}
100038d0:	d0000000 	.word	0xd0000000

100038d4 <__wrap___aeabi_ldivmod>:
100038d4:	4694      	mov	ip, r2
100038d6:	4a4a      	ldr	r2, [pc, #296]	; (10003a00 <udiv0+0x1a>)
100038d8:	6f92      	ldr	r2, [r2, #120]	; 0x78
100038da:	0892      	lsrs	r2, r2, #2
100038dc:	4662      	mov	r2, ip
100038de:	d201      	bcs.n	100038e4 <divmod_s64s64_savestate>
100038e0:	e028      	b.n	10003934 <divmod_s64s64_unsafe>
100038e2:	46c0      	nop			; (mov r8, r8)

100038e4 <divmod_s64s64_savestate>:
100038e4:	b5f0      	push	{r4, r5, r6, r7, lr}
100038e6:	4e46      	ldr	r6, [pc, #280]	; (10003a00 <udiv0+0x1a>)
100038e8:	6e34      	ldr	r4, [r6, #96]	; 0x60
100038ea:	6e75      	ldr	r5, [r6, #100]	; 0x64
100038ec:	6f77      	ldr	r7, [r6, #116]	; 0x74
100038ee:	6f36      	ldr	r6, [r6, #112]	; 0x70
100038f0:	f000 f820 	bl	10003934 <divmod_s64s64_unsafe>
100038f4:	4694      	mov	ip, r2
100038f6:	4a42      	ldr	r2, [pc, #264]	; (10003a00 <udiv0+0x1a>)
100038f8:	6614      	str	r4, [r2, #96]	; 0x60
100038fa:	6655      	str	r5, [r2, #100]	; 0x64
100038fc:	6757      	str	r7, [r2, #116]	; 0x74
100038fe:	6716      	str	r6, [r2, #112]	; 0x70
10003900:	4662      	mov	r2, ip
10003902:	bdf0      	pop	{r4, r5, r6, r7, pc}

10003904 <__wrap___aeabi_uldivmod>:
10003904:	4694      	mov	ip, r2
10003906:	4a3e      	ldr	r2, [pc, #248]	; (10003a00 <udiv0+0x1a>)
10003908:	6f92      	ldr	r2, [r2, #120]	; 0x78
1000390a:	0892      	lsrs	r2, r2, #2
1000390c:	4662      	mov	r2, ip
1000390e:	d201      	bcs.n	10003914 <divmod_u64u64_savestate>
10003910:	e054      	b.n	100039bc <divmod_u64u64_unsafe>
10003912:	46c0      	nop			; (mov r8, r8)

10003914 <divmod_u64u64_savestate>:
10003914:	b5f0      	push	{r4, r5, r6, r7, lr}
10003916:	4e3a      	ldr	r6, [pc, #232]	; (10003a00 <udiv0+0x1a>)
10003918:	6e34      	ldr	r4, [r6, #96]	; 0x60
1000391a:	6e75      	ldr	r5, [r6, #100]	; 0x64
1000391c:	6f77      	ldr	r7, [r6, #116]	; 0x74
1000391e:	6f36      	ldr	r6, [r6, #112]	; 0x70
10003920:	f000 f84c 	bl	100039bc <divmod_u64u64_unsafe>
10003924:	4694      	mov	ip, r2
10003926:	4a36      	ldr	r2, [pc, #216]	; (10003a00 <udiv0+0x1a>)
10003928:	6614      	str	r4, [r2, #96]	; 0x60
1000392a:	6655      	str	r5, [r2, #100]	; 0x64
1000392c:	6757      	str	r7, [r2, #116]	; 0x74
1000392e:	6716      	str	r6, [r2, #112]	; 0x70
10003930:	4662      	mov	r2, ip
10003932:	bdf0      	pop	{r4, r5, r6, r7, pc}

10003934 <divmod_s64s64_unsafe>:
10003934:	2b00      	cmp	r3, #0
10003936:	db24      	blt.n	10003982 <l42_1+0x26>
10003938:	d011      	beq.n	1000395e <l42_1+0x2>
1000393a:	2900      	cmp	r1, #0
1000393c:	da3e      	bge.n	100039bc <divmod_u64u64_unsafe>
1000393e:	b500      	push	{lr}
10003940:	43c9      	mvns	r1, r1
10003942:	4240      	negs	r0, r0
10003944:	d100      	bne.n	10003948 <l40_1>
10003946:	3101      	adds	r1, #1

10003948 <l40_1>:
10003948:	f000 f838 	bl	100039bc <divmod_u64u64_unsafe>
1000394c:	43c9      	mvns	r1, r1
1000394e:	4240      	negs	r0, r0
10003950:	d100      	bne.n	10003954 <l41_1>
10003952:	3101      	adds	r1, #1

10003954 <l41_1>:
10003954:	43db      	mvns	r3, r3
10003956:	4252      	negs	r2, r2
10003958:	d100      	bne.n	1000395c <l42_1>
1000395a:	3301      	adds	r3, #1

1000395c <l42_1>:
1000395c:	bd00      	pop	{pc}
1000395e:	2a00      	cmp	r2, #0
10003960:	d1eb      	bne.n	1000393a <divmod_s64s64_unsafe+0x6>
10003962:	2800      	cmp	r0, #0
10003964:	d101      	bne.n	1000396a <l42_1+0xe>
10003966:	2900      	cmp	r1, #0
10003968:	d005      	beq.n	10003976 <l42_1+0x1a>
1000396a:	2000      	movs	r0, #0
1000396c:	0fc9      	lsrs	r1, r1, #31
1000396e:	07c9      	lsls	r1, r1, #31
10003970:	d101      	bne.n	10003976 <l42_1+0x1a>
10003972:	43c0      	mvns	r0, r0
10003974:	0841      	lsrs	r1, r0, #1
10003976:	b500      	push	{lr}
10003978:	f003 fac2 	bl	10006f00 <____aeabi_ldiv0_veneer>
1000397c:	2200      	movs	r2, #0
1000397e:	2300      	movs	r3, #0
10003980:	bd00      	pop	{pc}
10003982:	b500      	push	{lr}
10003984:	2900      	cmp	r1, #0
10003986:	db0a      	blt.n	1000399e <l44_1+0x2>
10003988:	43db      	mvns	r3, r3
1000398a:	4252      	negs	r2, r2
1000398c:	d100      	bne.n	10003990 <l43_1>
1000398e:	3301      	adds	r3, #1

10003990 <l43_1>:
10003990:	f000 f814 	bl	100039bc <divmod_u64u64_unsafe>
10003994:	43c9      	mvns	r1, r1
10003996:	4240      	negs	r0, r0
10003998:	d100      	bne.n	1000399c <l44_1>
1000399a:	3101      	adds	r1, #1

1000399c <l44_1>:
1000399c:	bd00      	pop	{pc}
1000399e:	43c9      	mvns	r1, r1
100039a0:	4240      	negs	r0, r0
100039a2:	d100      	bne.n	100039a6 <l45_1>
100039a4:	3101      	adds	r1, #1

100039a6 <l45_1>:
100039a6:	43db      	mvns	r3, r3
100039a8:	4252      	negs	r2, r2
100039aa:	d100      	bne.n	100039ae <l46_1>
100039ac:	3301      	adds	r3, #1

100039ae <l46_1>:
100039ae:	f000 f805 	bl	100039bc <divmod_u64u64_unsafe>
100039b2:	43db      	mvns	r3, r3
100039b4:	4252      	negs	r2, r2
100039b6:	d100      	bne.n	100039ba <l47_1>
100039b8:	3301      	adds	r3, #1

100039ba <l47_1>:
100039ba:	bd00      	pop	{pc}

100039bc <divmod_u64u64_unsafe>:
100039bc:	2900      	cmp	r1, #0
100039be:	d123      	bne.n	10003a08 <y64>
100039c0:	2b00      	cmp	r3, #0
100039c2:	d118      	bne.n	100039f6 <udiv0+0x10>
100039c4:	2a00      	cmp	r2, #0
100039c6:	d00c      	beq.n	100039e2 <divmod_u64u64_unsafe+0x26>
100039c8:	46bc      	mov	ip, r7
100039ca:	4f0d      	ldr	r7, [pc, #52]	; (10003a00 <udiv0+0x1a>)
100039cc:	6638      	str	r0, [r7, #96]	; 0x60
100039ce:	667a      	str	r2, [r7, #100]	; 0x64
100039d0:	2100      	movs	r1, #0
100039d2:	2300      	movs	r3, #0
100039d4:	e7ff      	b.n	100039d6 <divmod_u64u64_unsafe+0x1a>
100039d6:	e7ff      	b.n	100039d8 <divmod_u64u64_unsafe+0x1c>
100039d8:	e7ff      	b.n	100039da <divmod_u64u64_unsafe+0x1e>
100039da:	6f7a      	ldr	r2, [r7, #116]	; 0x74
100039dc:	6f38      	ldr	r0, [r7, #112]	; 0x70
100039de:	4667      	mov	r7, ip
100039e0:	4770      	bx	lr
100039e2:	2800      	cmp	r0, #0
100039e4:	d001      	beq.n	100039ea <udiv0+0x4>

100039e6 <udiv0>:
100039e6:	4807      	ldr	r0, [pc, #28]	; (10003a04 <udiv0+0x1e>)
100039e8:	0001      	movs	r1, r0
100039ea:	b500      	push	{lr}
100039ec:	f003 fa88 	bl	10006f00 <____aeabi_ldiv0_veneer>
100039f0:	2200      	movs	r2, #0
100039f2:	2300      	movs	r3, #0
100039f4:	bd00      	pop	{pc}
100039f6:	0002      	movs	r2, r0
100039f8:	000b      	movs	r3, r1
100039fa:	2000      	movs	r0, #0
100039fc:	2100      	movs	r1, #0
100039fe:	4770      	bx	lr
10003a00:	d0000000 	.word	0xd0000000
10003a04:	ffffffff 	.word	0xffffffff

10003a08 <y64>:
10003a08:	2b00      	cmp	r3, #0
10003a0a:	d000      	beq.n	10003a0e <y64+0x6>
10003a0c:	e0bf      	b.n	10003b8e <y64_x48>
10003a0e:	0c13      	lsrs	r3, r2, #16
10003a10:	d128      	bne.n	10003a64 <y64_x32>
10003a12:	2a00      	cmp	r2, #0
10003a14:	d0e7      	beq.n	100039e6 <udiv0>
10003a16:	b480      	push	{r7}
10003a18:	4f11      	ldr	r7, [pc, #68]	; (10003a60 <y64+0x58>)
10003a1a:	6639      	str	r1, [r7, #96]	; 0x60
10003a1c:	667a      	str	r2, [r7, #100]	; 0x64
10003a1e:	e7ff      	b.n	10003a20 <y64+0x18>
10003a20:	e7ff      	b.n	10003a22 <y64+0x1a>
10003a22:	b430      	push	{r4, r5}
10003a24:	0c04      	lsrs	r4, r0, #16
10003a26:	6f7b      	ldr	r3, [r7, #116]	; 0x74
10003a28:	6f39      	ldr	r1, [r7, #112]	; 0x70
10003a2a:	041b      	lsls	r3, r3, #16
10003a2c:	4323      	orrs	r3, r4
10003a2e:	663b      	str	r3, [r7, #96]	; 0x60
10003a30:	667a      	str	r2, [r7, #100]	; 0x64
10003a32:	e7ff      	b.n	10003a34 <y64+0x2c>
10003a34:	e7ff      	b.n	10003a36 <y64+0x2e>
10003a36:	e7ff      	b.n	10003a38 <y64+0x30>
10003a38:	46c0      	nop			; (mov r8, r8)
10003a3a:	b284      	uxth	r4, r0
10003a3c:	6f7b      	ldr	r3, [r7, #116]	; 0x74
10003a3e:	6f3d      	ldr	r5, [r7, #112]	; 0x70
10003a40:	041b      	lsls	r3, r3, #16
10003a42:	4323      	orrs	r3, r4
10003a44:	663b      	str	r3, [r7, #96]	; 0x60
10003a46:	667a      	str	r2, [r7, #100]	; 0x64
10003a48:	e7ff      	b.n	10003a4a <y64+0x42>
10003a4a:	e7ff      	b.n	10003a4c <y64+0x44>
10003a4c:	46c0      	nop			; (mov r8, r8)
10003a4e:	2300      	movs	r3, #0
10003a50:	042c      	lsls	r4, r5, #16
10003a52:	0c2d      	lsrs	r5, r5, #16
10003a54:	6f7a      	ldr	r2, [r7, #116]	; 0x74
10003a56:	6f38      	ldr	r0, [r7, #112]	; 0x70
10003a58:	1900      	adds	r0, r0, r4
10003a5a:	4169      	adcs	r1, r5
10003a5c:	bcb0      	pop	{r4, r5, r7}
10003a5e:	4770      	bx	lr
10003a60:	d0000000 	.word	0xd0000000

10003a64 <y64_x32>:
10003a64:	b5f0      	push	{r4, r5, r6, r7, lr}
10003a66:	4694      	mov	ip, r2
10003a68:	2500      	movs	r5, #0
10003a6a:	0e14      	lsrs	r4, r2, #24
10003a6c:	d101      	bne.n	10003a72 <y64_x32+0xe>
10003a6e:	0212      	lsls	r2, r2, #8
10003a70:	3508      	adds	r5, #8
10003a72:	0f14      	lsrs	r4, r2, #28
10003a74:	d101      	bne.n	10003a7a <y64_x32+0x16>
10003a76:	0112      	lsls	r2, r2, #4
10003a78:	3504      	adds	r5, #4
10003a7a:	0f94      	lsrs	r4, r2, #30
10003a7c:	d101      	bne.n	10003a82 <y64_x32+0x1e>
10003a7e:	0092      	lsls	r2, r2, #2
10003a80:	3502      	adds	r5, #2
10003a82:	0fd4      	lsrs	r4, r2, #31
10003a84:	d101      	bne.n	10003a8a <y64_x32+0x26>
10003a86:	0052      	lsls	r2, r2, #1
10003a88:	3501      	adds	r5, #1
10003a8a:	0bd4      	lsrs	r4, r2, #15
10003a8c:	3401      	adds	r4, #1
10003a8e:	4f25      	ldr	r7, [pc, #148]	; (10003b24 <y64_x32+0xc0>)
10003a90:	667c      	str	r4, [r7, #100]	; 0x64
10003a92:	4c25      	ldr	r4, [pc, #148]	; (10003b28 <y64_x32+0xc4>)
10003a94:	663c      	str	r4, [r7, #96]	; 0x60
10003a96:	0c0e      	lsrs	r6, r1, #16
10003a98:	b293      	uxth	r3, r2
10003a9a:	e7ff      	b.n	10003a9c <y64_x32+0x38>
10003a9c:	e7ff      	b.n	10003a9e <y64_x32+0x3a>
10003a9e:	e7ff      	b.n	10003aa0 <y64_x32+0x3c>
10003aa0:	6f3c      	ldr	r4, [r7, #112]	; 0x70
10003aa2:	4366      	muls	r6, r4
10003aa4:	0c36      	lsrs	r6, r6, #16
10003aa6:	0377      	lsls	r7, r6, #13
10003aa8:	46be      	mov	lr, r7
10003aaa:	4373      	muls	r3, r6
10003aac:	0bdf      	lsrs	r7, r3, #15
10003aae:	045b      	lsls	r3, r3, #17
10003ab0:	1ac0      	subs	r0, r0, r3
10003ab2:	41b9      	sbcs	r1, r7
10003ab4:	0c13      	lsrs	r3, r2, #16
10003ab6:	4373      	muls	r3, r6
10003ab8:	18db      	adds	r3, r3, r3
10003aba:	1ac9      	subs	r1, r1, r3
10003abc:	08ce      	lsrs	r6, r1, #3
10003abe:	4366      	muls	r6, r4
10003ac0:	0c36      	lsrs	r6, r6, #16
10003ac2:	44b6      	add	lr, r6
10003ac4:	b293      	uxth	r3, r2
10003ac6:	4373      	muls	r3, r6
10003ac8:	0f1f      	lsrs	r7, r3, #28
10003aca:	011b      	lsls	r3, r3, #4
10003acc:	1ac0      	subs	r0, r0, r3
10003ace:	41b9      	sbcs	r1, r7
10003ad0:	0c13      	lsrs	r3, r2, #16
10003ad2:	4373      	muls	r3, r6
10003ad4:	0b1f      	lsrs	r7, r3, #12
10003ad6:	051b      	lsls	r3, r3, #20
10003ad8:	1ac0      	subs	r0, r0, r3
10003ada:	41b9      	sbcs	r1, r7
10003adc:	0d86      	lsrs	r6, r0, #22
10003ade:	028f      	lsls	r7, r1, #10
10003ae0:	433e      	orrs	r6, r7
10003ae2:	4366      	muls	r6, r4
10003ae4:	0c36      	lsrs	r6, r6, #16
10003ae6:	2d09      	cmp	r5, #9
10003ae8:	db24      	blt.n	10003b34 <last0>
10003aea:	0a52      	lsrs	r2, r2, #9
10003aec:	4372      	muls	r2, r6
10003aee:	1a80      	subs	r0, r0, r2
10003af0:	0377      	lsls	r7, r6, #13
10003af2:	0a46      	lsrs	r6, r0, #9
10003af4:	4366      	muls	r6, r4
10003af6:	0c36      	lsrs	r6, r6, #16
10003af8:	2316      	movs	r3, #22
10003afa:	1b5b      	subs	r3, r3, r5
10003afc:	40de      	lsrs	r6, r3
10003afe:	40df      	lsrs	r7, r3
10003b00:	19bf      	adds	r7, r7, r6
10003b02:	4664      	mov	r4, ip
10003b04:	4366      	muls	r6, r4
10003b06:	1b82      	subs	r2, r0, r6
10003b08:	4670      	mov	r0, lr
10003b0a:	3504      	adds	r5, #4
10003b0c:	3306      	adds	r3, #6
10003b0e:	0001      	movs	r1, r0
10003b10:	40d9      	lsrs	r1, r3
10003b12:	40a8      	lsls	r0, r5
10003b14:	19c0      	adds	r0, r0, r7
10003b16:	d300      	bcc.n	10003b1a <y64_x32+0xb6>
10003b18:	3101      	adds	r1, #1
10003b1a:	42a2      	cmp	r2, r4
10003b1c:	d206      	bcs.n	10003b2c <y64_x32+0xc8>
10003b1e:	2300      	movs	r3, #0
10003b20:	bdf0      	pop	{r4, r5, r6, r7, pc}
10003b22:	0000      	.short	0x0000
10003b24:	d0000000 	.word	0xd0000000
10003b28:	ffffffff 	.word	0xffffffff
10003b2c:	1b12      	subs	r2, r2, r4
10003b2e:	3001      	adds	r0, #1
10003b30:	d3f3      	bcc.n	10003b1a <y64_x32+0xb6>
10003b32:	e7f1      	b.n	10003b18 <y64_x32+0xb4>

10003b34 <last0>:
10003b34:	2709      	movs	r7, #9
10003b36:	1b7f      	subs	r7, r7, r5
10003b38:	40fe      	lsrs	r6, r7
10003b3a:	4664      	mov	r4, ip
10003b3c:	b2a2      	uxth	r2, r4
10003b3e:	4372      	muls	r2, r6
10003b40:	1a80      	subs	r0, r0, r2
10003b42:	d200      	bcs.n	10003b46 <last0+0x12>
10003b44:	3901      	subs	r1, #1
10003b46:	0c22      	lsrs	r2, r4, #16
10003b48:	4372      	muls	r2, r6
10003b4a:	0c13      	lsrs	r3, r2, #16
10003b4c:	0412      	lsls	r2, r2, #16
10003b4e:	1a82      	subs	r2, r0, r2
10003b50:	4199      	sbcs	r1, r3
10003b52:	000b      	movs	r3, r1
10003b54:	4670      	mov	r0, lr
10003b56:	3504      	adds	r5, #4
10003b58:	3713      	adds	r7, #19
10003b5a:	0001      	movs	r1, r0
10003b5c:	40f9      	lsrs	r1, r7
10003b5e:	40a8      	lsls	r0, r5
10003b60:	1980      	adds	r0, r0, r6
10003b62:	d300      	bcc.n	10003b66 <last0+0x32>
10003b64:	3101      	adds	r1, #1
10003b66:	2b00      	cmp	r3, #0
10003b68:	d102      	bne.n	10003b70 <last0+0x3c>
10003b6a:	42a2      	cmp	r2, r4
10003b6c:	d20a      	bcs.n	10003b84 <last0+0x50>
10003b6e:	bdf0      	pop	{r4, r5, r6, r7, pc}
10003b70:	3001      	adds	r0, #1
10003b72:	d300      	bcc.n	10003b76 <last0+0x42>
10003b74:	3101      	adds	r1, #1
10003b76:	1b12      	subs	r2, r2, r4
10003b78:	d2fa      	bcs.n	10003b70 <last0+0x3c>
10003b7a:	3b01      	subs	r3, #1
10003b7c:	d1f8      	bne.n	10003b70 <last0+0x3c>
10003b7e:	42a2      	cmp	r2, r4
10003b80:	d200      	bcs.n	10003b84 <last0+0x50>
10003b82:	bdf0      	pop	{r4, r5, r6, r7, pc}
10003b84:	3001      	adds	r0, #1
10003b86:	d300      	bcc.n	10003b8a <last0+0x56>
10003b88:	3101      	adds	r1, #1
10003b8a:	1b12      	subs	r2, r2, r4
10003b8c:	e7f7      	b.n	10003b7e <last0+0x4a>

10003b8e <y64_x48>:
10003b8e:	b5f0      	push	{r4, r5, r6, r7, lr}
10003b90:	0c1c      	lsrs	r4, r3, #16
10003b92:	d000      	beq.n	10003b96 <y64_x48+0x8>
10003b94:	e080      	b.n	10003c98 <y64_x64>
10003b96:	b40c      	push	{r2, r3}
10003b98:	2500      	movs	r5, #0
10003b9a:	0a1c      	lsrs	r4, r3, #8
10003b9c:	d104      	bne.n	10003ba8 <y64_x48+0x1a>
10003b9e:	021b      	lsls	r3, r3, #8
10003ba0:	0e16      	lsrs	r6, r2, #24
10003ba2:	4333      	orrs	r3, r6
10003ba4:	0212      	lsls	r2, r2, #8
10003ba6:	3508      	adds	r5, #8
10003ba8:	0b1c      	lsrs	r4, r3, #12
10003baa:	d104      	bne.n	10003bb6 <y64_x48+0x28>
10003bac:	011b      	lsls	r3, r3, #4
10003bae:	0f16      	lsrs	r6, r2, #28
10003bb0:	4333      	orrs	r3, r6
10003bb2:	0112      	lsls	r2, r2, #4
10003bb4:	3504      	adds	r5, #4
10003bb6:	0b9c      	lsrs	r4, r3, #14
10003bb8:	d104      	bne.n	10003bc4 <y64_x48+0x36>
10003bba:	009b      	lsls	r3, r3, #2
10003bbc:	0f96      	lsrs	r6, r2, #30
10003bbe:	4333      	orrs	r3, r6
10003bc0:	0092      	lsls	r2, r2, #2
10003bc2:	3502      	adds	r5, #2
10003bc4:	0bdc      	lsrs	r4, r3, #15
10003bc6:	d102      	bne.n	10003bce <y64_x48+0x40>
10003bc8:	1892      	adds	r2, r2, r2
10003bca:	415b      	adcs	r3, r3
10003bcc:	3501      	adds	r5, #1
10003bce:	001c      	movs	r4, r3
10003bd0:	1897      	adds	r7, r2, r2
10003bd2:	4164      	adcs	r4, r4
10003bd4:	3401      	adds	r4, #1
10003bd6:	4f46      	ldr	r7, [pc, #280]	; (10003cf0 <y64_x64+0x58>)
10003bd8:	667c      	str	r4, [r7, #100]	; 0x64
10003bda:	4c46      	ldr	r4, [pc, #280]	; (10003cf4 <y64_x64+0x5c>)
10003bdc:	663c      	str	r4, [r7, #96]	; 0x60
10003bde:	0c0e      	lsrs	r6, r1, #16
10003be0:	e7ff      	b.n	10003be2 <y64_x48+0x54>
10003be2:	e7ff      	b.n	10003be4 <y64_x48+0x56>
10003be4:	e7ff      	b.n	10003be6 <y64_x48+0x58>
10003be6:	46c0      	nop			; (mov r8, r8)
10003be8:	6f3c      	ldr	r4, [r7, #112]	; 0x70
10003bea:	4366      	muls	r6, r4
10003bec:	0c36      	lsrs	r6, r6, #16
10003bee:	0377      	lsls	r7, r6, #13
10003bf0:	46be      	mov	lr, r7
10003bf2:	b297      	uxth	r7, r2
10003bf4:	4377      	muls	r7, r6
10003bf6:	1bc0      	subs	r0, r0, r7
10003bf8:	d200      	bcs.n	10003bfc <y64_x48+0x6e>
10003bfa:	3901      	subs	r1, #1
10003bfc:	1bc0      	subs	r0, r0, r7
10003bfe:	d200      	bcs.n	10003c02 <y64_x48+0x74>
10003c00:	3901      	subs	r1, #1
10003c02:	b29f      	uxth	r7, r3
10003c04:	4377      	muls	r7, r6
10003c06:	1bc9      	subs	r1, r1, r7
10003c08:	1bc9      	subs	r1, r1, r7
10003c0a:	0c17      	lsrs	r7, r2, #16
10003c0c:	4377      	muls	r7, r6
10003c0e:	047e      	lsls	r6, r7, #17
10003c10:	0bff      	lsrs	r7, r7, #15
10003c12:	1b80      	subs	r0, r0, r6
10003c14:	41b9      	sbcs	r1, r7
10003c16:	08ce      	lsrs	r6, r1, #3
10003c18:	4366      	muls	r6, r4
10003c1a:	0c36      	lsrs	r6, r6, #16
10003c1c:	2d0c      	cmp	r5, #12
10003c1e:	db33      	blt.n	10003c88 <last1>
10003c20:	44b6      	add	lr, r6
10003c22:	0b12      	lsrs	r2, r2, #12
10003c24:	051f      	lsls	r7, r3, #20
10003c26:	433a      	orrs	r2, r7
10003c28:	0b1b      	lsrs	r3, r3, #12
10003c2a:	b297      	uxth	r7, r2
10003c2c:	4377      	muls	r7, r6
10003c2e:	1bc0      	subs	r0, r0, r7
10003c30:	d200      	bcs.n	10003c34 <y64_x48+0xa6>
10003c32:	3901      	subs	r1, #1
10003c34:	b29f      	uxth	r7, r3
10003c36:	4377      	muls	r7, r6
10003c38:	1bc9      	subs	r1, r1, r7
10003c3a:	0c17      	lsrs	r7, r2, #16
10003c3c:	4377      	muls	r7, r6
10003c3e:	043e      	lsls	r6, r7, #16
10003c40:	0c3f      	lsrs	r7, r7, #16
10003c42:	1b80      	subs	r0, r0, r6
10003c44:	41b9      	sbcs	r1, r7
10003c46:	0d86      	lsrs	r6, r0, #22
10003c48:	028f      	lsls	r7, r1, #10
10003c4a:	433e      	orrs	r6, r7
10003c4c:	4366      	muls	r6, r4
10003c4e:	2729      	movs	r7, #41	; 0x29
10003c50:	1b7f      	subs	r7, r7, r5
10003c52:	40fe      	lsrs	r6, r7
10003c54:	3d0c      	subs	r5, #12
10003c56:	4677      	mov	r7, lr
10003c58:	40af      	lsls	r7, r5
10003c5a:	19bf      	adds	r7, r7, r6
10003c5c:	bc30      	pop	{r4, r5}
10003c5e:	b2a2      	uxth	r2, r4
10003c60:	b2ab      	uxth	r3, r5
10003c62:	4372      	muls	r2, r6
10003c64:	4373      	muls	r3, r6
10003c66:	1a80      	subs	r0, r0, r2
10003c68:	4199      	sbcs	r1, r3
10003c6a:	0c22      	lsrs	r2, r4, #16
10003c6c:	4372      	muls	r2, r6
10003c6e:	0c13      	lsrs	r3, r2, #16
10003c70:	0412      	lsls	r2, r2, #16
10003c72:	1a80      	subs	r0, r0, r2
10003c74:	4199      	sbcs	r1, r3
10003c76:	0002      	movs	r2, r0
10003c78:	000b      	movs	r3, r1
10003c7a:	3701      	adds	r7, #1
10003c7c:	1b00      	subs	r0, r0, r4
10003c7e:	41a9      	sbcs	r1, r5
10003c80:	d2f9      	bcs.n	10003c76 <y64_x48+0xe8>
10003c82:	1e78      	subs	r0, r7, #1
10003c84:	2100      	movs	r1, #0
10003c86:	bdf0      	pop	{r4, r5, r6, r7, pc}

10003c88 <last1>:
10003c88:	270c      	movs	r7, #12
10003c8a:	1b7f      	subs	r7, r7, r5
10003c8c:	40fe      	lsrs	r6, r7
10003c8e:	4677      	mov	r7, lr
10003c90:	0b7f      	lsrs	r7, r7, #13
10003c92:	40af      	lsls	r7, r5
10003c94:	19ff      	adds	r7, r7, r7
10003c96:	e7e0      	b.n	10003c5a <y64_x48+0xcc>

10003c98 <y64_x64>:
10003c98:	2400      	movs	r4, #0
10003c9a:	1c5d      	adds	r5, r3, #1
10003c9c:	d007      	beq.n	10003cae <y64_x64+0x16>
10003c9e:	4f14      	ldr	r7, [pc, #80]	; (10003cf0 <y64_x64+0x58>)
10003ca0:	667d      	str	r5, [r7, #100]	; 0x64
10003ca2:	6639      	str	r1, [r7, #96]	; 0x60
10003ca4:	e7ff      	b.n	10003ca6 <y64_x64+0xe>
10003ca6:	e7ff      	b.n	10003ca8 <y64_x64+0x10>
10003ca8:	e7ff      	b.n	10003caa <y64_x64+0x12>
10003caa:	e7ff      	b.n	10003cac <y64_x64+0x14>
10003cac:	6f3c      	ldr	r4, [r7, #112]	; 0x70
10003cae:	b295      	uxth	r5, r2
10003cb0:	b29e      	uxth	r6, r3
10003cb2:	4365      	muls	r5, r4
10003cb4:	4366      	muls	r6, r4
10003cb6:	1b40      	subs	r0, r0, r5
10003cb8:	41b1      	sbcs	r1, r6
10003cba:	0c15      	lsrs	r5, r2, #16
10003cbc:	0c1e      	lsrs	r6, r3, #16
10003cbe:	4365      	muls	r5, r4
10003cc0:	4366      	muls	r6, r4
10003cc2:	0436      	lsls	r6, r6, #16
10003cc4:	0c2f      	lsrs	r7, r5, #16
10003cc6:	433e      	orrs	r6, r7
10003cc8:	042d      	lsls	r5, r5, #16
10003cca:	1b40      	subs	r0, r0, r5
10003ccc:	41b1      	sbcs	r1, r6
10003cce:	4299      	cmp	r1, r3
10003cd0:	d204      	bcs.n	10003cdc <y64_x64+0x44>
10003cd2:	0002      	movs	r2, r0
10003cd4:	000b      	movs	r3, r1
10003cd6:	0020      	movs	r0, r4
10003cd8:	2100      	movs	r1, #0
10003cda:	bdf0      	pop	{r4, r5, r6, r7, pc}
10003cdc:	d101      	bne.n	10003ce2 <y64_x64+0x4a>
10003cde:	4290      	cmp	r0, r2
10003ce0:	d3f7      	bcc.n	10003cd2 <y64_x64+0x3a>
10003ce2:	1a80      	subs	r0, r0, r2
10003ce4:	4199      	sbcs	r1, r3
10003ce6:	3401      	adds	r4, #1
10003ce8:	4299      	cmp	r1, r3
10003cea:	d3f2      	bcc.n	10003cd2 <y64_x64+0x3a>
10003cec:	e7f6      	b.n	10003cdc <y64_x64+0x44>
10003cee:	0000      	.short	0x0000
10003cf0:	d0000000 	.word	0xd0000000
10003cf4:	ffffffff 	.word	0xffffffff

10003cf8 <__wrap___aeabi_drsub>:
10003cf8:	4048      	eors	r0, r1
10003cfa:	4041      	eors	r1, r0
10003cfc:	4048      	eors	r0, r1

10003cfe <__wrap___aeabi_dsub>:
10003cfe:	b418      	push	{r3, r4}
10003d00:	4b13      	ldr	r3, [pc, #76]	; (10003d50 <__wrap___aeabi_dmul+0xa>)
10003d02:	685b      	ldr	r3, [r3, #4]
10003d04:	9301      	str	r3, [sp, #4]
10003d06:	bd08      	pop	{r3, pc}

10003d08 <__wrap___aeabi_dadd>:
10003d08:	b418      	push	{r3, r4}
10003d0a:	4b11      	ldr	r3, [pc, #68]	; (10003d50 <__wrap___aeabi_dmul+0xa>)
10003d0c:	681b      	ldr	r3, [r3, #0]
10003d0e:	9301      	str	r3, [sp, #4]
10003d10:	bd08      	pop	{r3, pc}

10003d12 <__wrap___aeabi_ddiv>:
10003d12:	4694      	mov	ip, r2
10003d14:	4a0f      	ldr	r2, [pc, #60]	; (10003d54 <__wrap___aeabi_dmul+0xe>)
10003d16:	6f92      	ldr	r2, [r2, #120]	; 0x78
10003d18:	0892      	lsrs	r2, r2, #2
10003d1a:	d205      	bcs.n	10003d28 <ddiv_save_state>
10003d1c:	4662      	mov	r2, ip

10003d1e <ddiv_shim_call>:
10003d1e:	b418      	push	{r3, r4}
10003d20:	4b0b      	ldr	r3, [pc, #44]	; (10003d50 <__wrap___aeabi_dmul+0xa>)
10003d22:	68db      	ldr	r3, [r3, #12]
10003d24:	9301      	str	r3, [sp, #4]
10003d26:	bd08      	pop	{r3, pc}

10003d28 <ddiv_save_state>:
10003d28:	4a0a      	ldr	r2, [pc, #40]	; (10003d54 <__wrap___aeabi_dmul+0xe>)
10003d2a:	b5f0      	push	{r4, r5, r6, r7, lr}
10003d2c:	6e14      	ldr	r4, [r2, #96]	; 0x60
10003d2e:	6e55      	ldr	r5, [r2, #100]	; 0x64
10003d30:	6f57      	ldr	r7, [r2, #116]	; 0x74
10003d32:	6f16      	ldr	r6, [r2, #112]	; 0x70
10003d34:	4662      	mov	r2, ip
10003d36:	f7ff fff2 	bl	10003d1e <ddiv_shim_call>
10003d3a:	4a06      	ldr	r2, [pc, #24]	; (10003d54 <__wrap___aeabi_dmul+0xe>)
10003d3c:	6614      	str	r4, [r2, #96]	; 0x60
10003d3e:	6655      	str	r5, [r2, #100]	; 0x64
10003d40:	6757      	str	r7, [r2, #116]	; 0x74
10003d42:	6716      	str	r6, [r2, #112]	; 0x70
10003d44:	bdf0      	pop	{r4, r5, r6, r7, pc}

10003d46 <__wrap___aeabi_dmul>:
10003d46:	b418      	push	{r3, r4}
10003d48:	4b01      	ldr	r3, [pc, #4]	; (10003d50 <__wrap___aeabi_dmul+0xa>)
10003d4a:	689b      	ldr	r3, [r3, #8]
10003d4c:	9301      	str	r3, [sp, #4]
10003d4e:	bd08      	pop	{r3, pc}
10003d50:	20001828 	.word	0x20001828
10003d54:	d0000000 	.word	0xd0000000

10003d58 <__wrap___aeabi_cdrcmple>:
10003d58:	b5ff      	push	{r0, r1, r2, r3, r4, r5, r6, r7, lr}
10003d5a:	4050      	eors	r0, r2
10003d5c:	4042      	eors	r2, r0
10003d5e:	4050      	eors	r0, r2
10003d60:	4059      	eors	r1, r3
10003d62:	404b      	eors	r3, r1
10003d64:	4059      	eors	r1, r3
10003d66:	e000      	b.n	10003d6a <__aeabi_dfcmple_guts>

10003d68 <__wrap___aeabi_cdcmpeq>:
10003d68:	b5ff      	push	{r0, r1, r2, r3, r4, r5, r6, r7, lr}

10003d6a <__aeabi_dfcmple_guts>:
10003d6a:	4f15      	ldr	r7, [pc, #84]	; (10003dc0 <__aeabi_dfcmple_guts+0x56>)
10003d6c:	004c      	lsls	r4, r1, #1
10003d6e:	0d64      	lsrs	r4, r4, #21
10003d70:	d003      	beq.n	10003d7a <__aeabi_dfcmple_guts+0x10>
10003d72:	42bc      	cmp	r4, r7
10003d74:	d104      	bne.n	10003d80 <__aeabi_dfcmple_guts+0x16>
10003d76:	030c      	lsls	r4, r1, #12
10003d78:	d814      	bhi.n	10003da4 <__aeabi_dfcmple_guts+0x3a>
10003d7a:	2000      	movs	r0, #0
10003d7c:	0d09      	lsrs	r1, r1, #20
10003d7e:	0509      	lsls	r1, r1, #20
10003d80:	005c      	lsls	r4, r3, #1
10003d82:	0d64      	lsrs	r4, r4, #21
10003d84:	d003      	beq.n	10003d8e <__aeabi_dfcmple_guts+0x24>
10003d86:	42bc      	cmp	r4, r7
10003d88:	d104      	bne.n	10003d94 <__aeabi_dfcmple_guts+0x2a>
10003d8a:	031c      	lsls	r4, r3, #12
10003d8c:	d80a      	bhi.n	10003da4 <__aeabi_dfcmple_guts+0x3a>
10003d8e:	2200      	movs	r2, #0
10003d90:	0d1b      	lsrs	r3, r3, #20
10003d92:	051b      	lsls	r3, r3, #20
10003d94:	2601      	movs	r6, #1
10003d96:	404b      	eors	r3, r1
10003d98:	d409      	bmi.n	10003dae <__aeabi_dfcmple_guts+0x44>
10003d9a:	404b      	eors	r3, r1
10003d9c:	d503      	bpl.n	10003da6 <__aeabi_dfcmple_guts+0x3c>
10003d9e:	428b      	cmp	r3, r1
10003da0:	d100      	bne.n	10003da4 <__aeabi_dfcmple_guts+0x3a>
10003da2:	4282      	cmp	r2, r0
10003da4:	bdff      	pop	{r0, r1, r2, r3, r4, r5, r6, r7, pc}
10003da6:	4299      	cmp	r1, r3
10003da8:	d1fc      	bne.n	10003da4 <__aeabi_dfcmple_guts+0x3a>
10003daa:	4290      	cmp	r0, r2
10003dac:	bdff      	pop	{r0, r1, r2, r3, r4, r5, r6, r7, pc}
10003dae:	430b      	orrs	r3, r1
10003db0:	18db      	adds	r3, r3, r3
10003db2:	4303      	orrs	r3, r0
10003db4:	4313      	orrs	r3, r2
10003db6:	d0f5      	beq.n	10003da4 <__aeabi_dfcmple_guts+0x3a>
10003db8:	43c9      	mvns	r1, r1
10003dba:	1849      	adds	r1, r1, r1
10003dbc:	bdff      	pop	{r0, r1, r2, r3, r4, r5, r6, r7, pc}
10003dbe:	0000      	.short	0x0000
10003dc0:	000007ff 	.word	0x000007ff

10003dc4 <__wrap___aeabi_dcmplt>:
10003dc4:	b500      	push	{lr}
10003dc6:	f7ff ffcf 	bl	10003d68 <__wrap___aeabi_cdcmpeq>
10003dca:	4180      	sbcs	r0, r0
10003dcc:	bd00      	pop	{pc}
10003dce:	46c0      	nop			; (mov r8, r8)

10003dd0 <__wrap___aeabi_dcmple>:
10003dd0:	b500      	push	{lr}
10003dd2:	f7ff ffc9 	bl	10003d68 <__wrap___aeabi_cdcmpeq>
10003dd6:	d901      	bls.n	10003ddc <__wrap___aeabi_dcmple+0xc>
10003dd8:	2000      	movs	r0, #0
10003dda:	bd00      	pop	{pc}
10003ddc:	2001      	movs	r0, #1
10003dde:	bd00      	pop	{pc}

10003de0 <__wrap___aeabi_dcmpge>:
10003de0:	b500      	push	{lr}
10003de2:	f7ff ffb9 	bl	10003d58 <__wrap___aeabi_cdrcmple>
10003de6:	d901      	bls.n	10003dec <__wrap___aeabi_dcmpge+0xc>
10003de8:	2000      	movs	r0, #0
10003dea:	bd00      	pop	{pc}
10003dec:	2001      	movs	r0, #1
10003dee:	bd00      	pop	{pc}

10003df0 <__wrap___aeabi_dcmpgt>:
10003df0:	b500      	push	{lr}
10003df2:	f7ff ffb1 	bl	10003d58 <__wrap___aeabi_cdrcmple>
10003df6:	4180      	sbcs	r0, r0
10003df8:	bd00      	pop	{pc}

10003dfa <__wrap___aeabi_dcmpun>:
10003dfa:	2001      	movs	r0, #1
10003dfc:	0540      	lsls	r0, r0, #21
10003dfe:	004a      	lsls	r2, r1, #1
10003e00:	1812      	adds	r2, r2, r0
10003e02:	d804      	bhi.n	10003e0e <__wrap___aeabi_dcmpun+0x14>
10003e04:	005a      	lsls	r2, r3, #1
10003e06:	1812      	adds	r2, r2, r0
10003e08:	d801      	bhi.n	10003e0e <__wrap___aeabi_dcmpun+0x14>
10003e0a:	2000      	movs	r0, #0
10003e0c:	4770      	bx	lr
10003e0e:	2001      	movs	r0, #1
10003e10:	4770      	bx	lr
10003e12:	2000      	movs	r0, #0
10003e14:	4770      	bx	lr
	...

10003e18 <__wrap___aeabi_ui2d>:
10003e18:	2100      	movs	r1, #0
10003e1a:	2800      	cmp	r0, #0
10003e1c:	d105      	bne.n	10003e2a <__wrap___aeabi_i2d+0xa>
10003e1e:	4770      	bx	lr

10003e20 <__wrap___aeabi_i2d>:
10003e20:	17c1      	asrs	r1, r0, #31
10003e22:	4048      	eors	r0, r1
10003e24:	1a40      	subs	r0, r0, r1
10003e26:	d0fa      	beq.n	10003e1e <__wrap___aeabi_ui2d+0x6>
10003e28:	07c9      	lsls	r1, r1, #31
10003e2a:	b513      	push	{r0, r1, r4, lr}
10003e2c:	4b06      	ldr	r3, [pc, #24]	; (10003e48 <__wrap___aeabi_i2d+0x28>)
10003e2e:	681b      	ldr	r3, [r3, #0]
10003e30:	4798      	blx	r3
10003e32:	bc0c      	pop	{r2, r3}
10003e34:	1c44      	adds	r4, r0, #1
10003e36:	40a2      	lsls	r2, r4
10003e38:	0510      	lsls	r0, r2, #20
10003e3a:	0b12      	lsrs	r2, r2, #12
10003e3c:	4903      	ldr	r1, [pc, #12]	; (10003e4c <__wrap___aeabi_i2d+0x2c>)
10003e3e:	1b09      	subs	r1, r1, r4
10003e40:	0509      	lsls	r1, r1, #20
10003e42:	4319      	orrs	r1, r3
10003e44:	4311      	orrs	r1, r2
10003e46:	bd10      	pop	{r4, pc}
10003e48:	20001928 	.word	0x20001928
10003e4c:	0000041f 	.word	0x0000041f

10003e50 <__wrap___aeabi_d2iz>:
10003e50:	b510      	push	{r4, lr}
10003e52:	004c      	lsls	r4, r1, #1
10003e54:	0d62      	lsrs	r2, r4, #21
10003e56:	2380      	movs	r3, #128	; 0x80
10003e58:	18d2      	adds	r2, r2, r3
10003e5a:	00db      	lsls	r3, r3, #3
10003e5c:	1ad2      	subs	r2, r2, r3
10003e5e:	055b      	lsls	r3, r3, #21
10003e60:	2a7e      	cmp	r2, #126	; 0x7e
10003e62:	dd10      	ble.n	10003e86 <__wrap___aeabi_d2iz+0x36>
10003e64:	3a9e      	subs	r2, #158	; 0x9e
10003e66:	da13      	bge.n	10003e90 <__wrap___aeabi_d2iz+0x40>
10003e68:	17cc      	asrs	r4, r1, #31
10003e6a:	0309      	lsls	r1, r1, #12
10003e6c:	0849      	lsrs	r1, r1, #1
10003e6e:	4319      	orrs	r1, r3
10003e70:	4252      	negs	r2, r2
10003e72:	40d1      	lsrs	r1, r2
10003e74:	0064      	lsls	r4, r4, #1
10003e76:	3401      	adds	r4, #1
10003e78:	3215      	adds	r2, #21
10003e7a:	2a20      	cmp	r2, #32
10003e7c:	da05      	bge.n	10003e8a <__wrap___aeabi_d2iz+0x3a>
10003e7e:	40d0      	lsrs	r0, r2
10003e80:	4308      	orrs	r0, r1
10003e82:	4360      	muls	r0, r4
10003e84:	bd10      	pop	{r4, pc}
10003e86:	2000      	movs	r0, #0
10003e88:	bd10      	pop	{r4, pc}
10003e8a:	4608      	mov	r0, r1
10003e8c:	4360      	muls	r0, r4
10003e8e:	bd10      	pop	{r4, pc}
10003e90:	0fc8      	lsrs	r0, r1, #31
10003e92:	18c0      	adds	r0, r0, r3
10003e94:	3801      	subs	r0, #1
10003e96:	bd10      	pop	{r4, pc}

10003e98 <__wrap___aeabi_d2uiz>:
10003e98:	b418      	push	{r3, r4}
10003e9a:	4b02      	ldr	r3, [pc, #8]	; (10003ea4 <__wrap___aeabi_d2uiz+0xc>)
10003e9c:	6a5b      	ldr	r3, [r3, #36]	; 0x24
10003e9e:	9301      	str	r3, [sp, #4]
10003ea0:	bd08      	pop	{r3, pc}
10003ea2:	0000      	.short	0x0000
10003ea4:	20001828 	.word	0x20001828

10003ea8 <missing_double_func_shim>:
10003ea8:	b510      	push	{r4, lr}
10003eaa:	4801      	ldr	r0, [pc, #4]	; (10003eb0 <missing_double_func_shim+0x8>)
10003eac:	f7fe fbd8 	bl	10002660 <panic>
10003eb0:	10007ec8 	.word	0x10007ec8

10003eb4 <__aeabi_double_init>:
10003eb4:	b570      	push	{r4, r5, r6, lr}
10003eb6:	2313      	movs	r3, #19
10003eb8:	781c      	ldrb	r4, [r3, #0]
10003eba:	2c01      	cmp	r4, #1
10003ebc:	d014      	beq.n	10003ee8 <__aeabi_double_init+0x34>
10003ebe:	2c01      	cmp	r4, #1
10003ec0:	dc14      	bgt.n	10003eec <__aeabi_double_init+0x38>
10003ec2:	2c02      	cmp	r4, #2
10003ec4:	dc02      	bgt.n	10003ecc <__aeabi_double_init+0x18>
10003ec6:	4a1f      	ldr	r2, [pc, #124]	; (10003f44 <__aeabi_double_init+0x90>)
10003ec8:	4b1f      	ldr	r3, [pc, #124]	; (10003f48 <__aeabi_double_init+0x94>)
10003eca:	649a      	str	r2, [r3, #72]	; 0x48
10003ecc:	481f      	ldr	r0, [pc, #124]	; (10003f4c <__aeabi_double_init+0x98>)
10003ece:	f7ff fc87 	bl	100037e0 <rom_func_lookup>
10003ed2:	4b1f      	ldr	r3, [pc, #124]	; (10003f50 <__aeabi_double_init+0x9c>)
10003ed4:	6018      	str	r0, [r3, #0]
10003ed6:	bd70      	pop	{r4, r5, r6, pc}
10003ed8:	0099      	lsls	r1, r3, #2
10003eda:	481e      	ldr	r0, [pc, #120]	; (10003f54 <__aeabi_double_init+0xa0>)
10003edc:	4a1a      	ldr	r2, [pc, #104]	; (10003f48 <__aeabi_double_init+0x94>)
10003ede:	5088      	str	r0, [r1, r2]
10003ee0:	3301      	adds	r3, #1
10003ee2:	2b1f      	cmp	r3, #31
10003ee4:	d9f8      	bls.n	10003ed8 <__aeabi_double_init+0x24>
10003ee6:	e7ea      	b.n	10003ebe <__aeabi_double_init+0xa>
10003ee8:	2300      	movs	r3, #0
10003eea:	e7fa      	b.n	10003ee2 <__aeabi_double_init+0x2e>
10003eec:	481a      	ldr	r0, [pc, #104]	; (10003f58 <__aeabi_double_init+0xa4>)
10003eee:	f7ff fc7f 	bl	100037f0 <rom_data_lookup>
10003ef2:	0005      	movs	r5, r0
10003ef4:	4819      	ldr	r0, [pc, #100]	; (10003f5c <__aeabi_double_init+0xa8>)
10003ef6:	f7ff fc7b 	bl	100037f0 <rom_data_lookup>
10003efa:	3802      	subs	r0, #2
10003efc:	7803      	ldrb	r3, [r0, #0]
10003efe:	009b      	lsls	r3, r3, #2
10003f00:	2b7f      	cmp	r3, #127	; 0x7f
10003f02:	dd19      	ble.n	10003f38 <__aeabi_double_init+0x84>
10003f04:	2280      	movs	r2, #128	; 0x80
10003f06:	0029      	movs	r1, r5
10003f08:	480f      	ldr	r0, [pc, #60]	; (10003f48 <__aeabi_double_init+0x94>)
10003f0a:	f000 f8c5 	bl	10004098 <__wrap___aeabi_memcpy>
10003f0e:	2c02      	cmp	r4, #2
10003f10:	d1d7      	bne.n	10003ec2 <__aeabi_double_init+0xe>
10003f12:	4b13      	ldr	r3, [pc, #76]	; (10003f60 <__aeabi_double_init+0xac>)
10003f14:	881a      	ldrh	r2, [r3, #0]
10003f16:	23b5      	movs	r3, #181	; 0xb5
10003f18:	021b      	lsls	r3, r3, #8
10003f1a:	429a      	cmp	r2, r3
10003f1c:	d109      	bne.n	10003f32 <__aeabi_double_init+0x7e>
10003f1e:	4b11      	ldr	r3, [pc, #68]	; (10003f64 <__aeabi_double_init+0xb0>)
10003f20:	881a      	ldrh	r2, [r3, #0]
10003f22:	4b11      	ldr	r3, [pc, #68]	; (10003f68 <__aeabi_double_init+0xb4>)
10003f24:	429a      	cmp	r2, r3
10003f26:	d104      	bne.n	10003f32 <__aeabi_double_init+0x7e>
10003f28:	4b10      	ldr	r3, [pc, #64]	; (10003f6c <__aeabi_double_init+0xb8>)
10003f2a:	881a      	ldrh	r2, [r3, #0]
10003f2c:	4b10      	ldr	r3, [pc, #64]	; (10003f70 <__aeabi_double_init+0xbc>)
10003f2e:	429a      	cmp	r2, r3
10003f30:	d0c7      	beq.n	10003ec2 <__aeabi_double_init+0xe>
10003f32:	2000      	movs	r0, #0
10003f34:	f7fe fb94 	bl	10002660 <panic>
10003f38:	4b0e      	ldr	r3, [pc, #56]	; (10003f74 <__aeabi_double_init+0xc0>)
10003f3a:	4a0f      	ldr	r2, [pc, #60]	; (10003f78 <__aeabi_double_init+0xc4>)
10003f3c:	2132      	movs	r1, #50	; 0x32
10003f3e:	480f      	ldr	r0, [pc, #60]	; (10003f7c <__aeabi_double_init+0xc8>)
10003f40:	f7fe faf4 	bl	1000252c <__assert_func>
10003f44:	10003f81 	.word	0x10003f81
10003f48:	20001828 	.word	0x20001828
10003f4c:	0000334c 	.word	0x0000334c
10003f50:	20001928 	.word	0x20001928
10003f54:	10003ea9 	.word	0x10003ea9
10003f58:	00004453 	.word	0x00004453
10003f5c:	00004653 	.word	0x00004653
10003f60:	00003854 	.word	0x00003854
10003f64:	000038d8 	.word	0x000038d8
10003f68:	00004649 	.word	0x00004649
10003f6c:	0000389c 	.word	0x0000389c
10003f70:	00004659 	.word	0x00004659
10003f74:	10007ee0 	.word	0x10007ee0
10003f78:	10007f98 	.word	0x10007f98
10003f7c:	10007f34 	.word	0x10007f34

10003f80 <double_table_shim_on_use_helper>:
10003f80:	b507      	push	{r0, r1, r2, lr}
10003f82:	4660      	mov	r0, ip
10003f84:	2800      	cmp	r0, #0
10003f86:	d100      	bne.n	10003f8a <double_table_shim_on_use_helper+0xa>
10003f88:	be00      	bkpt	0x0000
10003f8a:	8801      	ldrh	r1, [r0, #0]
10003f8c:	0a0a      	lsrs	r2, r1, #8
10003f8e:	3002      	adds	r0, #2
10003f90:	2adf      	cmp	r2, #223	; 0xdf
10003f92:	d1fa      	bne.n	10003f8a <double_table_shim_on_use_helper+0xa>
10003f94:	b2c9      	uxtb	r1, r1
10003f96:	0882      	lsrs	r2, r0, #2
10003f98:	d304      	bcc.n	10003fa4 <double_table_shim_on_use_helper+0x24>
10003f9a:	8802      	ldrh	r2, [r0, #0]
10003f9c:	8840      	ldrh	r0, [r0, #2]
10003f9e:	0400      	lsls	r0, r0, #16
10003fa0:	4310      	orrs	r0, r2
10003fa2:	e000      	b.n	10003fa6 <double_table_shim_on_use_helper+0x26>
10003fa4:	6800      	ldr	r0, [r0, #0]
10003fa6:	4a02      	ldr	r2, [pc, #8]	; (10003fb0 <double_table_shim_on_use_helper+0x30>)
10003fa8:	5050      	str	r0, [r2, r1]
10003faa:	9003      	str	r0, [sp, #12]
10003fac:	bd07      	pop	{r0, r1, r2, pc}
10003fae:	0000      	.short	0x0000
10003fb0:	20001828 	.word	0x20001828

10003fb4 <__wrap___aeabi_lmul>:
10003fb4:	4351      	muls	r1, r2
10003fb6:	4343      	muls	r3, r0
10003fb8:	18c9      	adds	r1, r1, r3
10003fba:	468c      	mov	ip, r1
10003fbc:	0c11      	lsrs	r1, r2, #16
10003fbe:	b283      	uxth	r3, r0
10003fc0:	434b      	muls	r3, r1
10003fc2:	b410      	push	{r4}
10003fc4:	0c04      	lsrs	r4, r0, #16
10003fc6:	4361      	muls	r1, r4
10003fc8:	b292      	uxth	r2, r2
10003fca:	b280      	uxth	r0, r0
10003fcc:	4350      	muls	r0, r2
10003fce:	4362      	muls	r2, r4
10003fd0:	041c      	lsls	r4, r3, #16
10003fd2:	0c1b      	lsrs	r3, r3, #16
10003fd4:	1900      	adds	r0, r0, r4
10003fd6:	bc10      	pop	{r4}
10003fd8:	4159      	adcs	r1, r3
10003fda:	0413      	lsls	r3, r2, #16
10003fdc:	0c12      	lsrs	r2, r2, #16
10003fde:	18c0      	adds	r0, r0, r3
10003fe0:	4151      	adcs	r1, r2
10003fe2:	4461      	add	r1, ip
10003fe4:	4770      	bx	lr
	...

10003fe8 <missing_float_func_shim>:
10003fe8:	b510      	push	{r4, lr}
10003fea:	4801      	ldr	r0, [pc, #4]	; (10003ff0 <missing_float_func_shim+0x8>)
10003fec:	f7fe fb38 	bl	10002660 <panic>
10003ff0:	10006fc8 	.word	0x10006fc8

10003ff4 <__aeabi_float_init>:
10003ff4:	b570      	push	{r4, r5, r6, lr}
10003ff6:	2313      	movs	r3, #19
10003ff8:	781e      	ldrb	r6, [r3, #0]
10003ffa:	4818      	ldr	r0, [pc, #96]	; (1000405c <__aeabi_float_init+0x68>)
10003ffc:	f7ff fbf8 	bl	100037f0 <rom_data_lookup>
10004000:	0005      	movs	r5, r0
10004002:	2e01      	cmp	r6, #1
10004004:	d011      	beq.n	1000402a <__aeabi_float_init+0x36>
10004006:	2e01      	cmp	r6, #1
10004008:	dd09      	ble.n	1000401e <__aeabi_float_init+0x2a>
1000400a:	1eab      	subs	r3, r5, #2
1000400c:	781b      	ldrb	r3, [r3, #0]
1000400e:	009b      	lsls	r3, r3, #2
10004010:	2b7f      	cmp	r3, #127	; 0x7f
10004012:	dd1d      	ble.n	10004050 <__aeabi_float_init+0x5c>
10004014:	2280      	movs	r2, #128	; 0x80
10004016:	0029      	movs	r1, r5
10004018:	4811      	ldr	r0, [pc, #68]	; (10004060 <__aeabi_float_init+0x6c>)
1000401a:	f000 f83d 	bl	10004098 <__wrap___aeabi_memcpy>
1000401e:	4811      	ldr	r0, [pc, #68]	; (10004064 <__aeabi_float_init+0x70>)
10004020:	f7ff fbde 	bl	100037e0 <rom_func_lookup>
10004024:	4b10      	ldr	r3, [pc, #64]	; (10004068 <__aeabi_float_init+0x74>)
10004026:	6018      	str	r0, [r3, #0]
10004028:	bd70      	pop	{r4, r5, r6, pc}
1000402a:	2254      	movs	r2, #84	; 0x54
1000402c:	0001      	movs	r1, r0
1000402e:	480c      	ldr	r0, [pc, #48]	; (10004060 <__aeabi_float_init+0x6c>)
10004030:	f000 f832 	bl	10004098 <__wrap___aeabi_memcpy>
10004034:	2300      	movs	r3, #0
10004036:	e000      	b.n	1000403a <__aeabi_float_init+0x46>
10004038:	3301      	adds	r3, #1
1000403a:	2b1f      	cmp	r3, #31
1000403c:	d8e3      	bhi.n	10004006 <__aeabi_float_init+0x12>
1000403e:	009a      	lsls	r2, r3, #2
10004040:	4c07      	ldr	r4, [pc, #28]	; (10004060 <__aeabi_float_init+0x6c>)
10004042:	5912      	ldr	r2, [r2, r4]
10004044:	2a00      	cmp	r2, #0
10004046:	d1f7      	bne.n	10004038 <__aeabi_float_init+0x44>
10004048:	009a      	lsls	r2, r3, #2
1000404a:	4808      	ldr	r0, [pc, #32]	; (1000406c <__aeabi_float_init+0x78>)
1000404c:	5110      	str	r0, [r2, r4]
1000404e:	e7f3      	b.n	10004038 <__aeabi_float_init+0x44>
10004050:	4b07      	ldr	r3, [pc, #28]	; (10004070 <__aeabi_float_init+0x7c>)
10004052:	4a08      	ldr	r2, [pc, #32]	; (10004074 <__aeabi_float_init+0x80>)
10004054:	2142      	movs	r1, #66	; 0x42
10004056:	4808      	ldr	r0, [pc, #32]	; (10004078 <__aeabi_float_init+0x84>)
10004058:	f7fe fa68 	bl	1000252c <__assert_func>
1000405c:	00004653 	.word	0x00004653
10004060:	2000192c 	.word	0x2000192c
10004064:	0000334c 	.word	0x0000334c
10004068:	20001928 	.word	0x20001928
1000406c:	10003fe9 	.word	0x10003fe9
10004070:	10007fac 	.word	0x10007fac
10004074:	10008044 	.word	0x10008044
10004078:	10007fe0 	.word	0x10007fe0

1000407c <__aeabi_mem_init>:
1000407c:	4801      	ldr	r0, [pc, #4]	; (10004084 <__aeabi_mem_init+0x8>)
1000407e:	2104      	movs	r1, #4
10004080:	4b01      	ldr	r3, [pc, #4]	; (10004088 <__aeabi_mem_init+0xc>)
10004082:	4718      	bx	r3
10004084:	20000c40 	.word	0x20000c40
10004088:	10003801 	.word	0x10003801

1000408c <__wrap_memset>:
1000408c:	4b01      	ldr	r3, [pc, #4]	; (10004094 <__wrap_memset+0x8>)
1000408e:	681b      	ldr	r3, [r3, #0]
10004090:	4718      	bx	r3
10004092:	0000      	.short	0x0000
10004094:	20000c40 	.word	0x20000c40

10004098 <__wrap___aeabi_memcpy>:
10004098:	4b01      	ldr	r3, [pc, #4]	; (100040a0 <__wrap___aeabi_memcpy+0x8>)
1000409a:	685b      	ldr	r3, [r3, #4]
1000409c:	4718      	bx	r3
1000409e:	0000      	.short	0x0000
100040a0:	20000c40 	.word	0x20000c40

100040a4 <stdio_out_chars_no_crlf>:
100040a4:	b510      	push	{r4, lr}
100040a6:	0003      	movs	r3, r0
100040a8:	0008      	movs	r0, r1
100040aa:	0011      	movs	r1, r2
100040ac:	681b      	ldr	r3, [r3, #0]
100040ae:	4798      	blx	r3
100040b0:	bd10      	pop	{r4, pc}
	...

100040b4 <stdio_out_chars_crlf>:
100040b4:	b5f8      	push	{r3, r4, r5, r6, r7, lr}
100040b6:	0007      	movs	r7, r0
100040b8:	000d      	movs	r5, r1
100040ba:	0016      	movs	r6, r2
100040bc:	7d43      	ldrb	r3, [r0, #21]
100040be:	2b00      	cmp	r3, #0
100040c0:	d002      	beq.n	100040c8 <stdio_out_chars_crlf+0x14>
100040c2:	2400      	movs	r4, #0
100040c4:	2000      	movs	r0, #0
100040c6:	e00c      	b.n	100040e2 <stdio_out_chars_crlf+0x2e>
100040c8:	6803      	ldr	r3, [r0, #0]
100040ca:	0011      	movs	r1, r2
100040cc:	0028      	movs	r0, r5
100040ce:	4798      	blx	r3
100040d0:	e02d      	b.n	1000412e <stdio_out_chars_crlf+0x7a>
100040d2:	7d3b      	ldrb	r3, [r7, #20]
100040d4:	e010      	b.n	100040f8 <stdio_out_chars_crlf+0x44>
100040d6:	2102      	movs	r1, #2
100040d8:	4815      	ldr	r0, [pc, #84]	; (10004130 <stdio_out_chars_crlf+0x7c>)
100040da:	683b      	ldr	r3, [r7, #0]
100040dc:	4798      	blx	r3
100040de:	1c60      	adds	r0, r4, #1
100040e0:	3401      	adds	r4, #1
100040e2:	42b4      	cmp	r4, r6
100040e4:	da14      	bge.n	10004110 <stdio_out_chars_crlf+0x5c>
100040e6:	2c00      	cmp	r4, #0
100040e8:	ddf3      	ble.n	100040d2 <stdio_out_chars_crlf+0x1e>
100040ea:	192b      	adds	r3, r5, r4
100040ec:	3b01      	subs	r3, #1
100040ee:	781b      	ldrb	r3, [r3, #0]
100040f0:	3b0d      	subs	r3, #13
100040f2:	425a      	negs	r2, r3
100040f4:	4153      	adcs	r3, r2
100040f6:	b2db      	uxtb	r3, r3
100040f8:	5d2a      	ldrb	r2, [r5, r4]
100040fa:	2a0a      	cmp	r2, #10
100040fc:	d1f0      	bne.n	100040e0 <stdio_out_chars_crlf+0x2c>
100040fe:	2b00      	cmp	r3, #0
10004100:	d1ee      	bne.n	100040e0 <stdio_out_chars_crlf+0x2c>
10004102:	42a0      	cmp	r0, r4
10004104:	dae7      	bge.n	100040d6 <stdio_out_chars_crlf+0x22>
10004106:	1a21      	subs	r1, r4, r0
10004108:	1828      	adds	r0, r5, r0
1000410a:	683b      	ldr	r3, [r7, #0]
1000410c:	4798      	blx	r3
1000410e:	e7e2      	b.n	100040d6 <stdio_out_chars_crlf+0x22>
10004110:	42b0      	cmp	r0, r6
10004112:	da03      	bge.n	1000411c <stdio_out_chars_crlf+0x68>
10004114:	1a31      	subs	r1, r6, r0
10004116:	1828      	adds	r0, r5, r0
10004118:	683b      	ldr	r3, [r7, #0]
1000411a:	4798      	blx	r3
1000411c:	2e00      	cmp	r6, #0
1000411e:	dd06      	ble.n	1000412e <stdio_out_chars_crlf+0x7a>
10004120:	19ad      	adds	r5, r5, r6
10004122:	3d01      	subs	r5, #1
10004124:	782b      	ldrb	r3, [r5, #0]
10004126:	3b0d      	subs	r3, #13
10004128:	425a      	negs	r2, r3
1000412a:	4153      	adcs	r3, r2
1000412c:	753b      	strb	r3, [r7, #20]
1000412e:	bdf8      	pop	{r3, r4, r5, r6, r7, pc}
10004130:	1000813c 	.word	0x1000813c

10004134 <stdio_stack_buffer_flush>:
10004134:	b570      	push	{r4, r5, r6, lr}
10004136:	0005      	movs	r5, r0
10004138:	6803      	ldr	r3, [r0, #0]
1000413a:	2b00      	cmp	r3, #0
1000413c:	d016      	beq.n	1000416c <stdio_stack_buffer_flush+0x38>
1000413e:	4b0c      	ldr	r3, [pc, #48]	; (10004170 <stdio_stack_buffer_flush+0x3c>)
10004140:	681c      	ldr	r4, [r3, #0]
10004142:	e005      	b.n	10004150 <stdio_stack_buffer_flush+0x1c>
10004144:	0029      	movs	r1, r5
10004146:	c904      	ldmia	r1!, {r2}
10004148:	0020      	movs	r0, r4
1000414a:	f7ff ffb3 	bl	100040b4 <stdio_out_chars_crlf>
1000414e:	6924      	ldr	r4, [r4, #16]
10004150:	2c00      	cmp	r4, #0
10004152:	d009      	beq.n	10004168 <stdio_stack_buffer_flush+0x34>
10004154:	6823      	ldr	r3, [r4, #0]
10004156:	2b00      	cmp	r3, #0
10004158:	d0f9      	beq.n	1000414e <stdio_stack_buffer_flush+0x1a>
1000415a:	4b06      	ldr	r3, [pc, #24]	; (10004174 <stdio_stack_buffer_flush+0x40>)
1000415c:	681b      	ldr	r3, [r3, #0]
1000415e:	2b00      	cmp	r3, #0
10004160:	d0f0      	beq.n	10004144 <stdio_stack_buffer_flush+0x10>
10004162:	42a3      	cmp	r3, r4
10004164:	d1f3      	bne.n	1000414e <stdio_stack_buffer_flush+0x1a>
10004166:	e7ed      	b.n	10004144 <stdio_stack_buffer_flush+0x10>
10004168:	2300      	movs	r3, #0
1000416a:	602b      	str	r3, [r5, #0]
1000416c:	bd70      	pop	{r4, r5, r6, pc}
1000416e:	46c0      	nop			; (mov r8, r8)
10004170:	200013f4 	.word	0x200013f4
10004174:	200013fc 	.word	0x200013fc

10004178 <stdio_buffered_printer>:
10004178:	b570      	push	{r4, r5, r6, lr}
1000417a:	0005      	movs	r5, r0
1000417c:	000c      	movs	r4, r1
1000417e:	680b      	ldr	r3, [r1, #0]
10004180:	2b80      	cmp	r3, #128	; 0x80
10004182:	d005      	beq.n	10004190 <stdio_buffered_printer+0x18>
10004184:	6821      	ldr	r1, [r4, #0]
10004186:	1c4b      	adds	r3, r1, #1
10004188:	6023      	str	r3, [r4, #0]
1000418a:	1864      	adds	r4, r4, r1
1000418c:	7125      	strb	r5, [r4, #4]
1000418e:	bd70      	pop	{r4, r5, r6, pc}
10004190:	0008      	movs	r0, r1
10004192:	f7ff ffcf 	bl	10004134 <stdio_stack_buffer_flush>
10004196:	e7f5      	b.n	10004184 <stdio_buffered_printer+0xc>

10004198 <stdout_serialize_begin>:
10004198:	b510      	push	{r4, lr}
1000419a:	f7fd fb93 	bl	100018c4 <time_us_64>
1000419e:	0002      	movs	r2, r0
100041a0:	1e0b      	subs	r3, r1, #0
100041a2:	db0b      	blt.n	100041bc <stdout_serialize_begin+0x24>
100041a4:	480d      	ldr	r0, [pc, #52]	; (100041dc <stdout_serialize_begin+0x44>)
100041a6:	2100      	movs	r1, #0
100041a8:	1812      	adds	r2, r2, r0
100041aa:	414b      	adcs	r3, r1
100041ac:	2b00      	cmp	r3, #0
100041ae:	db0b      	blt.n	100041c8 <stdout_serialize_begin+0x30>
100041b0:	2b00      	cmp	r3, #0
100041b2:	db0d      	blt.n	100041d0 <stdout_serialize_begin+0x38>
100041b4:	480a      	ldr	r0, [pc, #40]	; (100041e0 <stdout_serialize_begin+0x48>)
100041b6:	f002 fed3 	bl	10006f60 <__mutex_try_enter_block_until_veneer>
100041ba:	bd10      	pop	{r4, pc}
100041bc:	4b09      	ldr	r3, [pc, #36]	; (100041e4 <stdout_serialize_begin+0x4c>)
100041be:	4a0a      	ldr	r2, [pc, #40]	; (100041e8 <stdout_serialize_begin+0x50>)
100041c0:	213f      	movs	r1, #63	; 0x3f
100041c2:	480a      	ldr	r0, [pc, #40]	; (100041ec <stdout_serialize_begin+0x54>)
100041c4:	f7fe f9b2 	bl	1000252c <__assert_func>
100041c8:	2201      	movs	r2, #1
100041ca:	4252      	negs	r2, r2
100041cc:	4b08      	ldr	r3, [pc, #32]	; (100041f0 <stdout_serialize_begin+0x58>)
100041ce:	e7ef      	b.n	100041b0 <stdout_serialize_begin+0x18>
100041d0:	4b04      	ldr	r3, [pc, #16]	; (100041e4 <stdout_serialize_begin+0x4c>)
100041d2:	4a05      	ldr	r2, [pc, #20]	; (100041e8 <stdout_serialize_begin+0x50>)
100041d4:	213f      	movs	r1, #63	; 0x3f
100041d6:	4805      	ldr	r0, [pc, #20]	; (100041ec <stdout_serialize_begin+0x54>)
100041d8:	f7fe f9a8 	bl	1000252c <__assert_func>
100041dc:	000f4240 	.word	0x000f4240
100041e0:	20000cb0 	.word	0x20000cb0
100041e4:	1000736c 	.word	0x1000736c
100041e8:	10008124 	.word	0x10008124
100041ec:	10007388 	.word	0x10007388
100041f0:	7fffffff 	.word	0x7fffffff

100041f4 <stdout_serialize_end>:
100041f4:	b510      	push	{r4, lr}
100041f6:	4802      	ldr	r0, [pc, #8]	; (10004200 <stdout_serialize_end+0xc>)
100041f8:	f002 fe7a 	bl	10006ef0 <__mutex_exit_veneer>
100041fc:	bd10      	pop	{r4, pc}
100041fe:	46c0      	nop			; (mov r8, r8)
10004200:	20000cb0 	.word	0x20000cb0

10004204 <stdio_put_string>:
10004204:	b5f0      	push	{r4, r5, r6, r7, lr}
10004206:	46ce      	mov	lr, r9
10004208:	4647      	mov	r7, r8
1000420a:	b580      	push	{r7, lr}
1000420c:	b083      	sub	sp, #12
1000420e:	0006      	movs	r6, r0
10004210:	000d      	movs	r5, r1
10004212:	4690      	mov	r8, r2
10004214:	001c      	movs	r4, r3
10004216:	f7ff ffbf 	bl	10004198 <stdout_serialize_begin>
1000421a:	4681      	mov	r9, r0
1000421c:	1c6b      	adds	r3, r5, #1
1000421e:	d005      	beq.n	1000422c <stdio_put_string+0x28>
10004220:	2c00      	cmp	r4, #0
10004222:	d008      	beq.n	10004236 <stdio_put_string+0x32>
10004224:	4f19      	ldr	r7, [pc, #100]	; (1000428c <stdio_put_string+0x88>)
10004226:	4b1a      	ldr	r3, [pc, #104]	; (10004290 <stdio_put_string+0x8c>)
10004228:	681c      	ldr	r4, [r3, #0]
1000422a:	e007      	b.n	1000423c <stdio_put_string+0x38>
1000422c:	0030      	movs	r0, r6
1000422e:	f002 fe1f 	bl	10006e70 <strlen>
10004232:	0005      	movs	r5, r0
10004234:	e7f4      	b.n	10004220 <stdio_put_string+0x1c>
10004236:	4f17      	ldr	r7, [pc, #92]	; (10004294 <stdio_put_string+0x90>)
10004238:	e7f5      	b.n	10004226 <stdio_put_string+0x22>
1000423a:	6924      	ldr	r4, [r4, #16]
1000423c:	2c00      	cmp	r4, #0
1000423e:	d017      	beq.n	10004270 <stdio_put_string+0x6c>
10004240:	6823      	ldr	r3, [r4, #0]
10004242:	2b00      	cmp	r3, #0
10004244:	d0f9      	beq.n	1000423a <stdio_put_string+0x36>
10004246:	4b14      	ldr	r3, [pc, #80]	; (10004298 <stdio_put_string+0x94>)
10004248:	681b      	ldr	r3, [r3, #0]
1000424a:	2b00      	cmp	r3, #0
1000424c:	d001      	beq.n	10004252 <stdio_put_string+0x4e>
1000424e:	42a3      	cmp	r3, r4
10004250:	d1f3      	bne.n	1000423a <stdio_put_string+0x36>
10004252:	002a      	movs	r2, r5
10004254:	0031      	movs	r1, r6
10004256:	0020      	movs	r0, r4
10004258:	47b8      	blx	r7
1000425a:	4643      	mov	r3, r8
1000425c:	2b00      	cmp	r3, #0
1000425e:	d0ec      	beq.n	1000423a <stdio_put_string+0x36>
10004260:	466b      	mov	r3, sp
10004262:	1dd9      	adds	r1, r3, #7
10004264:	230a      	movs	r3, #10
10004266:	700b      	strb	r3, [r1, #0]
10004268:	2201      	movs	r2, #1
1000426a:	0020      	movs	r0, r4
1000426c:	47b8      	blx	r7
1000426e:	e7e4      	b.n	1000423a <stdio_put_string+0x36>
10004270:	464b      	mov	r3, r9
10004272:	2b00      	cmp	r3, #0
10004274:	d107      	bne.n	10004286 <stdio_put_string+0x82>
10004276:	1e6b      	subs	r3, r5, #1
10004278:	419d      	sbcs	r5, r3
1000427a:	b2e8      	uxtb	r0, r5
1000427c:	b003      	add	sp, #12
1000427e:	bcc0      	pop	{r6, r7}
10004280:	46b9      	mov	r9, r7
10004282:	46b0      	mov	r8, r6
10004284:	bdf0      	pop	{r4, r5, r6, r7, pc}
10004286:	f7ff ffb5 	bl	100041f4 <stdout_serialize_end>
1000428a:	e7f4      	b.n	10004276 <stdio_put_string+0x72>
1000428c:	100040a5 	.word	0x100040a5
10004290:	200013f4 	.word	0x200013f4
10004294:	100040b5 	.word	0x100040b5
10004298:	200013fc 	.word	0x200013fc

1000429c <stdio_set_driver_enabled>:
1000429c:	4a09      	ldr	r2, [pc, #36]	; (100042c4 <stdio_set_driver_enabled+0x28>)
1000429e:	e001      	b.n	100042a4 <stdio_set_driver_enabled+0x8>
100042a0:	3310      	adds	r3, #16
100042a2:	001a      	movs	r2, r3
100042a4:	6813      	ldr	r3, [r2, #0]
100042a6:	2b00      	cmp	r3, #0
100042a8:	d008      	beq.n	100042bc <stdio_set_driver_enabled+0x20>
100042aa:	4283      	cmp	r3, r0
100042ac:	d1f8      	bne.n	100042a0 <stdio_set_driver_enabled+0x4>
100042ae:	2900      	cmp	r1, #0
100042b0:	d107      	bne.n	100042c2 <stdio_set_driver_enabled+0x26>
100042b2:	6903      	ldr	r3, [r0, #16]
100042b4:	6013      	str	r3, [r2, #0]
100042b6:	2300      	movs	r3, #0
100042b8:	6103      	str	r3, [r0, #16]
100042ba:	e002      	b.n	100042c2 <stdio_set_driver_enabled+0x26>
100042bc:	2900      	cmp	r1, #0
100042be:	d000      	beq.n	100042c2 <stdio_set_driver_enabled+0x26>
100042c0:	6010      	str	r0, [r2, #0]
100042c2:	4770      	bx	lr
100042c4:	200013f4 	.word	0x200013f4

100042c8 <stdio_flush>:
100042c8:	b510      	push	{r4, lr}
100042ca:	4b06      	ldr	r3, [pc, #24]	; (100042e4 <stdio_flush+0x1c>)
100042cc:	681c      	ldr	r4, [r3, #0]
100042ce:	e001      	b.n	100042d4 <stdio_flush+0xc>
100042d0:	4798      	blx	r3
100042d2:	6924      	ldr	r4, [r4, #16]
100042d4:	2c00      	cmp	r4, #0
100042d6:	d003      	beq.n	100042e0 <stdio_flush+0x18>
100042d8:	6863      	ldr	r3, [r4, #4]
100042da:	2b00      	cmp	r3, #0
100042dc:	d1f8      	bne.n	100042d0 <stdio_flush+0x8>
100042de:	e7f8      	b.n	100042d2 <stdio_flush+0xa>
100042e0:	bd10      	pop	{r4, pc}
100042e2:	46c0      	nop			; (mov r8, r8)
100042e4:	200013f4 	.word	0x200013f4

100042e8 <__wrap_puts>:
100042e8:	b570      	push	{r4, r5, r6, lr}
100042ea:	0005      	movs	r5, r0
100042ec:	f002 fdc0 	bl	10006e70 <strlen>
100042f0:	0004      	movs	r4, r0
100042f2:	2300      	movs	r3, #0
100042f4:	2201      	movs	r2, #1
100042f6:	0001      	movs	r1, r0
100042f8:	0028      	movs	r0, r5
100042fa:	f7ff ff83 	bl	10004204 <stdio_put_string>
100042fe:	f7ff ffe3 	bl	100042c8 <stdio_flush>
10004302:	0020      	movs	r0, r4
10004304:	bd70      	pop	{r4, r5, r6, pc}
	...

10004308 <__wrap_vprintf>:
10004308:	b570      	push	{r4, r5, r6, lr}
1000430a:	b0a2      	sub	sp, #136	; 0x88
1000430c:	0004      	movs	r4, r0
1000430e:	000e      	movs	r6, r1
10004310:	f7ff ff42 	bl	10004198 <stdout_serialize_begin>
10004314:	0005      	movs	r5, r0
10004316:	2300      	movs	r3, #0
10004318:	9301      	str	r3, [sp, #4]
1000431a:	0033      	movs	r3, r6
1000431c:	0022      	movs	r2, r4
1000431e:	a901      	add	r1, sp, #4
10004320:	4808      	ldr	r0, [pc, #32]	; (10004344 <__wrap_vprintf+0x3c>)
10004322:	f7ff fa45 	bl	100037b0 <vfctprintf>
10004326:	0004      	movs	r4, r0
10004328:	a801      	add	r0, sp, #4
1000432a:	f7ff ff03 	bl	10004134 <stdio_stack_buffer_flush>
1000432e:	f7ff ffcb 	bl	100042c8 <stdio_flush>
10004332:	2d00      	cmp	r5, #0
10004334:	d102      	bne.n	1000433c <__wrap_vprintf+0x34>
10004336:	0020      	movs	r0, r4
10004338:	b022      	add	sp, #136	; 0x88
1000433a:	bd70      	pop	{r4, r5, r6, pc}
1000433c:	f7ff ff5a 	bl	100041f4 <stdout_serialize_end>
10004340:	e7f9      	b.n	10004336 <__wrap_vprintf+0x2e>
10004342:	46c0      	nop			; (mov r8, r8)
10004344:	10004179 	.word	0x10004179

10004348 <__wrap_printf>:
10004348:	b40f      	push	{r0, r1, r2, r3}
1000434a:	b500      	push	{lr}
1000434c:	b083      	sub	sp, #12
1000434e:	a904      	add	r1, sp, #16
10004350:	c901      	ldmia	r1!, {r0}
10004352:	9101      	str	r1, [sp, #4]
10004354:	f7ff ffd8 	bl	10004308 <__wrap_vprintf>
10004358:	b003      	add	sp, #12
1000435a:	bc08      	pop	{r3}
1000435c:	b004      	add	sp, #16
1000435e:	4718      	bx	r3

10004360 <stdio_init_all>:
10004360:	b510      	push	{r4, lr}
10004362:	f000 f8fb 	bl	1000455c <stdio_uart_init>
10004366:	f000 fa43 	bl	100047f0 <stdio_usb_init>
1000436a:	2001      	movs	r0, #1
1000436c:	bd10      	pop	{r4, pc}
	...

10004370 <stdio_uart_out_chars>:
10004370:	b5f0      	push	{r4, r5, r6, r7, lr}
10004372:	b083      	sub	sp, #12
10004374:	0005      	movs	r5, r0
10004376:	000e      	movs	r6, r1
10004378:	2400      	movs	r4, #0
1000437a:	e00f      	b.n	1000439c <stdio_uart_out_chars+0x2c>
1000437c:	466b      	mov	r3, sp
1000437e:	1dd9      	adds	r1, r3, #7
10004380:	230d      	movs	r3, #13
10004382:	700b      	strb	r3, [r1, #0]
10004384:	2000      	movs	r0, #0
10004386:	2800      	cmp	r0, #0
10004388:	d116      	bne.n	100043b8 <stdio_uart_out_chars+0x48>
1000438a:	6993      	ldr	r3, [r2, #24]
1000438c:	069b      	lsls	r3, r3, #26
1000438e:	d4fc      	bmi.n	1000438a <stdio_uart_out_chars+0x1a>
10004390:	780b      	ldrb	r3, [r1, #0]
10004392:	6013      	str	r3, [r2, #0]
10004394:	3001      	adds	r0, #1
10004396:	3101      	adds	r1, #1
10004398:	e7f5      	b.n	10004386 <stdio_uart_out_chars+0x16>
1000439a:	3401      	adds	r4, #1
1000439c:	42b4      	cmp	r4, r6
1000439e:	da19      	bge.n	100043d4 <stdio_uart_out_chars+0x64>
100043a0:	4b0d      	ldr	r3, [pc, #52]	; (100043d8 <stdio_uart_out_chars+0x68>)
100043a2:	681a      	ldr	r2, [r3, #0]
100043a4:	5d2f      	ldrb	r7, [r5, r4]
100043a6:	4b0d      	ldr	r3, [pc, #52]	; (100043dc <stdio_uart_out_chars+0x6c>)
100043a8:	18d3      	adds	r3, r2, r3
100043aa:	4259      	negs	r1, r3
100043ac:	414b      	adcs	r3, r1
100043ae:	005b      	lsls	r3, r3, #1
100043b0:	490b      	ldr	r1, [pc, #44]	; (100043e0 <stdio_uart_out_chars+0x70>)
100043b2:	5e5b      	ldrsh	r3, [r3, r1]
100043b4:	42bb      	cmp	r3, r7
100043b6:	d0e1      	beq.n	1000437c <stdio_uart_out_chars+0xc>
100043b8:	466b      	mov	r3, sp
100043ba:	1dd9      	adds	r1, r3, #7
100043bc:	700f      	strb	r7, [r1, #0]
100043be:	2000      	movs	r0, #0
100043c0:	2800      	cmp	r0, #0
100043c2:	d1ea      	bne.n	1000439a <stdio_uart_out_chars+0x2a>
100043c4:	6993      	ldr	r3, [r2, #24]
100043c6:	069b      	lsls	r3, r3, #26
100043c8:	d4fc      	bmi.n	100043c4 <stdio_uart_out_chars+0x54>
100043ca:	780b      	ldrb	r3, [r1, #0]
100043cc:	6013      	str	r3, [r2, #0]
100043ce:	3001      	adds	r0, #1
100043d0:	3101      	adds	r1, #1
100043d2:	e7f5      	b.n	100043c0 <stdio_uart_out_chars+0x50>
100043d4:	b003      	add	sp, #12
100043d6:	bdf0      	pop	{r4, r5, r6, r7, pc}
100043d8:	20001a4c 	.word	0x20001a4c
100043dc:	bffc8000 	.word	0xbffc8000
100043e0:	20001a48 	.word	0x20001a48

100043e4 <stdio_uart_in_chars>:
100043e4:	b5f0      	push	{r4, r5, r6, r7, lr}
100043e6:	b083      	sub	sp, #12
100043e8:	0006      	movs	r6, r0
100043ea:	000f      	movs	r7, r1
100043ec:	2500      	movs	r5, #0
100043ee:	e004      	b.n	100043fa <stdio_uart_in_chars+0x16>
100043f0:	466b      	mov	r3, sp
100043f2:	3307      	adds	r3, #7
100043f4:	781b      	ldrb	r3, [r3, #0]
100043f6:	702b      	strb	r3, [r5, #0]
100043f8:	0025      	movs	r5, r4
100043fa:	42bd      	cmp	r5, r7
100043fc:	da15      	bge.n	1000442a <stdio_uart_in_chars+0x46>
100043fe:	4b17      	ldr	r3, [pc, #92]	; (1000445c <stdio_uart_in_chars+0x78>)
10004400:	681a      	ldr	r2, [r3, #0]
10004402:	6993      	ldr	r3, [r2, #24]
10004404:	2410      	movs	r4, #16
10004406:	0021      	movs	r1, r4
10004408:	4019      	ands	r1, r3
1000440a:	421c      	tst	r4, r3
1000440c:	d10d      	bne.n	1000442a <stdio_uart_in_chars+0x46>
1000440e:	1c6c      	adds	r4, r5, #1
10004410:	1975      	adds	r5, r6, r5
10004412:	466b      	mov	r3, sp
10004414:	1dd8      	adds	r0, r3, #7
10004416:	2900      	cmp	r1, #0
10004418:	d1ea      	bne.n	100043f0 <stdio_uart_in_chars+0xc>
1000441a:	6993      	ldr	r3, [r2, #24]
1000441c:	06db      	lsls	r3, r3, #27
1000441e:	d4fc      	bmi.n	1000441a <stdio_uart_in_chars+0x36>
10004420:	6813      	ldr	r3, [r2, #0]
10004422:	7003      	strb	r3, [r0, #0]
10004424:	3101      	adds	r1, #1
10004426:	3001      	adds	r0, #1
10004428:	e7f5      	b.n	10004416 <stdio_uart_in_chars+0x32>
1000442a:	4b0d      	ldr	r3, [pc, #52]	; (10004460 <stdio_uart_in_chars+0x7c>)
1000442c:	681b      	ldr	r3, [r3, #0]
1000442e:	2b00      	cmp	r3, #0
10004430:	d00c      	beq.n	1000444c <stdio_uart_in_chars+0x68>
10004432:	4b0a      	ldr	r3, [pc, #40]	; (1000445c <stdio_uart_in_chars+0x78>)
10004434:	681a      	ldr	r2, [r3, #0]
10004436:	2350      	movs	r3, #80	; 0x50
10004438:	6393      	str	r3, [r2, #56]	; 0x38
1000443a:	0011      	movs	r1, r2
1000443c:	3134      	adds	r1, #52	; 0x34
1000443e:	6b53      	ldr	r3, [r2, #52]	; 0x34
10004440:	2238      	movs	r2, #56	; 0x38
10004442:	401a      	ands	r2, r3
10004444:	2380      	movs	r3, #128	; 0x80
10004446:	015b      	lsls	r3, r3, #5
10004448:	430b      	orrs	r3, r1
1000444a:	601a      	str	r2, [r3, #0]
1000444c:	2d00      	cmp	r5, #0
1000444e:	d002      	beq.n	10004456 <stdio_uart_in_chars+0x72>
10004450:	0028      	movs	r0, r5
10004452:	b003      	add	sp, #12
10004454:	bdf0      	pop	{r4, r5, r6, r7, pc}
10004456:	3d03      	subs	r5, #3
10004458:	e7fa      	b.n	10004450 <stdio_uart_in_chars+0x6c>
1000445a:	46c0      	nop			; (mov r8, r8)
1000445c:	20001a4c 	.word	0x20001a4c
10004460:	20001350 	.word	0x20001350

10004464 <on_uart_rx>:
10004464:	b510      	push	{r4, lr}
10004466:	4b06      	ldr	r3, [pc, #24]	; (10004480 <on_uart_rx+0x1c>)
10004468:	681b      	ldr	r3, [r3, #0]
1000446a:	2b00      	cmp	r3, #0
1000446c:	d006      	beq.n	1000447c <on_uart_rx+0x18>
1000446e:	4a05      	ldr	r2, [pc, #20]	; (10004484 <on_uart_rx+0x20>)
10004470:	6812      	ldr	r2, [r2, #0]
10004472:	2100      	movs	r1, #0
10004474:	6391      	str	r1, [r2, #56]	; 0x38
10004476:	4a04      	ldr	r2, [pc, #16]	; (10004488 <on_uart_rx+0x24>)
10004478:	6810      	ldr	r0, [r2, #0]
1000447a:	4798      	blx	r3
1000447c:	bd10      	pop	{r4, pc}
1000447e:	46c0      	nop			; (mov r8, r8)
10004480:	20001350 	.word	0x20001350
10004484:	20001a4c 	.word	0x20001a4c
10004488:	20001358 	.word	0x20001358

1000448c <stdio_uart_set_chars_available_callback>:
1000448c:	b570      	push	{r4, r5, r6, lr}
1000448e:	0004      	movs	r4, r0
10004490:	000e      	movs	r6, r1
10004492:	4b1c      	ldr	r3, [pc, #112]	; (10004504 <stdio_uart_set_chars_available_callback+0x78>)
10004494:	681b      	ldr	r3, [r3, #0]
10004496:	4a1c      	ldr	r2, [pc, #112]	; (10004508 <stdio_uart_set_chars_available_callback+0x7c>)
10004498:	1898      	adds	r0, r3, r2
1000449a:	4242      	negs	r2, r0
1000449c:	4150      	adcs	r0, r2
1000449e:	3014      	adds	r0, #20
100044a0:	0005      	movs	r5, r0
100044a2:	2c00      	cmp	r4, #0
100044a4:	d003      	beq.n	100044ae <stdio_uart_set_chars_available_callback+0x22>
100044a6:	4a19      	ldr	r2, [pc, #100]	; (1000450c <stdio_uart_set_chars_available_callback+0x80>)
100044a8:	6812      	ldr	r2, [r2, #0]
100044aa:	2a00      	cmp	r2, #0
100044ac:	d006      	beq.n	100044bc <stdio_uart_set_chars_available_callback+0x30>
100044ae:	2c00      	cmp	r4, #0
100044b0:	d019      	beq.n	100044e6 <stdio_uart_set_chars_available_callback+0x5a>
100044b2:	4b16      	ldr	r3, [pc, #88]	; (1000450c <stdio_uart_set_chars_available_callback+0x80>)
100044b4:	601c      	str	r4, [r3, #0]
100044b6:	4b16      	ldr	r3, [pc, #88]	; (10004510 <stdio_uart_set_chars_available_callback+0x84>)
100044b8:	601e      	str	r6, [r3, #0]
100044ba:	bd70      	pop	{r4, r5, r6, pc}
100044bc:	4915      	ldr	r1, [pc, #84]	; (10004514 <stdio_uart_set_chars_available_callback+0x88>)
100044be:	f7fc f90f 	bl	100006e0 <irq_set_exclusive_handler>
100044c2:	2101      	movs	r1, #1
100044c4:	0028      	movs	r0, r5
100044c6:	f7fc f8e1 	bl	1000068c <irq_set_enabled>
100044ca:	4b0e      	ldr	r3, [pc, #56]	; (10004504 <stdio_uart_set_chars_available_callback+0x78>)
100044cc:	681a      	ldr	r2, [r3, #0]
100044ce:	2350      	movs	r3, #80	; 0x50
100044d0:	6393      	str	r3, [r2, #56]	; 0x38
100044d2:	0011      	movs	r1, r2
100044d4:	3134      	adds	r1, #52	; 0x34
100044d6:	6b53      	ldr	r3, [r2, #52]	; 0x34
100044d8:	2238      	movs	r2, #56	; 0x38
100044da:	401a      	ands	r2, r3
100044dc:	2380      	movs	r3, #128	; 0x80
100044de:	015b      	lsls	r3, r3, #5
100044e0:	430b      	orrs	r3, r1
100044e2:	601a      	str	r2, [r3, #0]
100044e4:	e7e5      	b.n	100044b2 <stdio_uart_set_chars_available_callback+0x26>
100044e6:	4a09      	ldr	r2, [pc, #36]	; (1000450c <stdio_uart_set_chars_available_callback+0x80>)
100044e8:	6812      	ldr	r2, [r2, #0]
100044ea:	2a00      	cmp	r2, #0
100044ec:	d0e1      	beq.n	100044b2 <stdio_uart_set_chars_available_callback+0x26>
100044ee:	2200      	movs	r2, #0
100044f0:	639a      	str	r2, [r3, #56]	; 0x38
100044f2:	2100      	movs	r1, #0
100044f4:	0028      	movs	r0, r5
100044f6:	f7fc f8c9 	bl	1000068c <irq_set_enabled>
100044fa:	4906      	ldr	r1, [pc, #24]	; (10004514 <stdio_uart_set_chars_available_callback+0x88>)
100044fc:	0028      	movs	r0, r5
100044fe:	f7fc fa33 	bl	10000968 <irq_remove_handler>
10004502:	e7d6      	b.n	100044b2 <stdio_uart_set_chars_available_callback+0x26>
10004504:	20001a4c 	.word	0x20001a4c
10004508:	bffc8000 	.word	0xbffc8000
1000450c:	20001350 	.word	0x20001350
10004510:	20001358 	.word	0x20001358
10004514:	10004465 	.word	0x10004465

10004518 <stdio_uart_init_full>:
10004518:	b570      	push	{r4, r5, r6, lr}
1000451a:	000d      	movs	r5, r1
1000451c:	001c      	movs	r4, r3
1000451e:	4b0d      	ldr	r3, [pc, #52]	; (10004554 <stdio_uart_init_full+0x3c>)
10004520:	6018      	str	r0, [r3, #0]
10004522:	2a00      	cmp	r2, #0
10004524:	da0b      	bge.n	1000453e <stdio_uart_init_full+0x26>
10004526:	2c00      	cmp	r4, #0
10004528:	da0e      	bge.n	10004548 <stdio_uart_init_full+0x30>
1000452a:	4b0a      	ldr	r3, [pc, #40]	; (10004554 <stdio_uart_init_full+0x3c>)
1000452c:	6818      	ldr	r0, [r3, #0]
1000452e:	0029      	movs	r1, r5
10004530:	f7fd fd96 	bl	10002060 <uart_init>
10004534:	2101      	movs	r1, #1
10004536:	4808      	ldr	r0, [pc, #32]	; (10004558 <stdio_uart_init_full+0x40>)
10004538:	f7ff feb0 	bl	1000429c <stdio_set_driver_enabled>
1000453c:	bd70      	pop	{r4, r5, r6, pc}
1000453e:	2102      	movs	r1, #2
10004540:	0010      	movs	r0, r2
10004542:	f7fb ff6d 	bl	10000420 <gpio_set_function>
10004546:	e7ee      	b.n	10004526 <stdio_uart_init_full+0xe>
10004548:	2102      	movs	r1, #2
1000454a:	0020      	movs	r0, r4
1000454c:	f7fb ff68 	bl	10000420 <gpio_set_function>
10004550:	e7eb      	b.n	1000452a <stdio_uart_init_full+0x12>
10004552:	46c0      	nop			; (mov r8, r8)
10004554:	20001a4c 	.word	0x20001a4c
10004558:	20000c50 	.word	0x20000c50

1000455c <stdio_uart_init>:
1000455c:	b510      	push	{r4, lr}
1000455e:	4b06      	ldr	r3, [pc, #24]	; (10004578 <stdio_uart_init+0x1c>)
10004560:	781b      	ldrb	r3, [r3, #0]
10004562:	4b06      	ldr	r3, [pc, #24]	; (1000457c <stdio_uart_init+0x20>)
10004564:	781b      	ldrb	r3, [r3, #0]
10004566:	21e1      	movs	r1, #225	; 0xe1
10004568:	2301      	movs	r3, #1
1000456a:	2200      	movs	r2, #0
1000456c:	0249      	lsls	r1, r1, #9
1000456e:	4804      	ldr	r0, [pc, #16]	; (10004580 <stdio_uart_init+0x24>)
10004570:	f7ff ffd2 	bl	10004518 <stdio_uart_init_full>
10004574:	bd10      	pop	{r4, pc}
10004576:	46c0      	nop			; (mov r8, r8)
10004578:	100088e4 	.word	0x100088e4
1000457c:	100088e8 	.word	0x100088e8
10004580:	40034000 	.word	0x40034000

10004584 <resetd_init>:
10004584:	4770      	bx	lr
	...

10004588 <resetd_reset>:
10004588:	4b01      	ldr	r3, [pc, #4]	; (10004590 <resetd_reset+0x8>)
1000458a:	2200      	movs	r2, #0
1000458c:	701a      	strb	r2, [r3, #0]
1000458e:	4770      	bx	lr
10004590:	20001a66 	.word	0x20001a66

10004594 <resetd_open>:
10004594:	794b      	ldrb	r3, [r1, #5]
10004596:	2bff      	cmp	r3, #255	; 0xff
10004598:	d10c      	bne.n	100045b4 <resetd_open+0x20>
1000459a:	798b      	ldrb	r3, [r1, #6]
1000459c:	2b00      	cmp	r3, #0
1000459e:	d10b      	bne.n	100045b8 <resetd_open+0x24>
100045a0:	79cb      	ldrb	r3, [r1, #7]
100045a2:	2b01      	cmp	r3, #1
100045a4:	d10a      	bne.n	100045bc <resetd_open+0x28>
100045a6:	2a08      	cmp	r2, #8
100045a8:	d90a      	bls.n	100045c0 <resetd_open+0x2c>
100045aa:	788a      	ldrb	r2, [r1, #2]
100045ac:	4b05      	ldr	r3, [pc, #20]	; (100045c4 <resetd_open+0x30>)
100045ae:	701a      	strb	r2, [r3, #0]
100045b0:	2009      	movs	r0, #9
100045b2:	e000      	b.n	100045b6 <resetd_open+0x22>
100045b4:	2000      	movs	r0, #0
100045b6:	4770      	bx	lr
100045b8:	2000      	movs	r0, #0
100045ba:	e7fc      	b.n	100045b6 <resetd_open+0x22>
100045bc:	2000      	movs	r0, #0
100045be:	e7fa      	b.n	100045b6 <resetd_open+0x22>
100045c0:	2000      	movs	r0, #0
100045c2:	e7f8      	b.n	100045b6 <resetd_open+0x22>
100045c4:	20001a66 	.word	0x20001a66

100045c8 <resetd_xfer_cb>:
100045c8:	2001      	movs	r0, #1
100045ca:	4770      	bx	lr

100045cc <reset_usb_boot>:
100045cc:	b570      	push	{r4, r5, r6, lr}
100045ce:	0004      	movs	r4, r0
100045d0:	000d      	movs	r5, r1
100045d2:	4803      	ldr	r0, [pc, #12]	; (100045e0 <reset_usb_boot+0x14>)
100045d4:	f7ff f904 	bl	100037e0 <rom_func_lookup>
100045d8:	0003      	movs	r3, r0
100045da:	0029      	movs	r1, r5
100045dc:	0020      	movs	r0, r4
100045de:	4798      	blx	r3
100045e0:	00004255 	.word	0x00004255

100045e4 <resetd_control_xfer_cb>:
100045e4:	b510      	push	{r4, lr}
100045e6:	2901      	cmp	r1, #1
100045e8:	d126      	bne.n	10004638 <resetd_control_xfer_cb+0x54>
100045ea:	7911      	ldrb	r1, [r2, #4]
100045ec:	7953      	ldrb	r3, [r2, #5]
100045ee:	021b      	lsls	r3, r3, #8
100045f0:	430b      	orrs	r3, r1
100045f2:	4912      	ldr	r1, [pc, #72]	; (1000463c <resetd_control_xfer_cb+0x58>)
100045f4:	7809      	ldrb	r1, [r1, #0]
100045f6:	428b      	cmp	r3, r1
100045f8:	d001      	beq.n	100045fe <resetd_control_xfer_cb+0x1a>
100045fa:	2000      	movs	r0, #0
100045fc:	e01d      	b.n	1000463a <resetd_control_xfer_cb+0x56>
100045fe:	7853      	ldrb	r3, [r2, #1]
10004600:	2b01      	cmp	r3, #1
10004602:	d003      	beq.n	1000460c <resetd_control_xfer_cb+0x28>
10004604:	2b02      	cmp	r3, #2
10004606:	d010      	beq.n	1000462a <resetd_control_xfer_cb+0x46>
10004608:	2000      	movs	r0, #0
1000460a:	e016      	b.n	1000463a <resetd_control_xfer_cb+0x56>
1000460c:	7891      	ldrb	r1, [r2, #2]
1000460e:	78d3      	ldrb	r3, [r2, #3]
10004610:	021b      	lsls	r3, r3, #8
10004612:	4319      	orrs	r1, r3
10004614:	05db      	lsls	r3, r3, #23
10004616:	d506      	bpl.n	10004626 <resetd_control_xfer_cb+0x42>
10004618:	0a4b      	lsrs	r3, r1, #9
1000461a:	2001      	movs	r0, #1
1000461c:	4098      	lsls	r0, r3
1000461e:	237f      	movs	r3, #127	; 0x7f
10004620:	4019      	ands	r1, r3
10004622:	f7ff ffd3 	bl	100045cc <reset_usb_boot>
10004626:	2000      	movs	r0, #0
10004628:	e7f9      	b.n	1000461e <resetd_control_xfer_cb+0x3a>
1000462a:	2264      	movs	r2, #100	; 0x64
1000462c:	2100      	movs	r1, #0
1000462e:	2000      	movs	r0, #0
10004630:	f7fd ff3e 	bl	100024b0 <watchdog_reboot>
10004634:	2001      	movs	r0, #1
10004636:	e000      	b.n	1000463a <resetd_control_xfer_cb+0x56>
10004638:	2001      	movs	r0, #1
1000463a:	bd10      	pop	{r4, pc}
1000463c:	20001a66 	.word	0x20001a66

10004640 <usbd_app_driver_get_cb>:
10004640:	2301      	movs	r3, #1
10004642:	7003      	strb	r3, [r0, #0]
10004644:	4800      	ldr	r0, [pc, #0]	; (10004648 <usbd_app_driver_get_cb+0x8>)
10004646:	4770      	bx	lr
10004648:	10008180 	.word	0x10008180

1000464c <tud_cdc_line_coding_cb>:
1000464c:	b510      	push	{r4, lr}
1000464e:	780b      	ldrb	r3, [r1, #0]
10004650:	7848      	ldrb	r0, [r1, #1]
10004652:	0200      	lsls	r0, r0, #8
10004654:	4318      	orrs	r0, r3
10004656:	788a      	ldrb	r2, [r1, #2]
10004658:	0412      	lsls	r2, r2, #16
1000465a:	4310      	orrs	r0, r2
1000465c:	78cb      	ldrb	r3, [r1, #3]
1000465e:	061b      	lsls	r3, r3, #24
10004660:	4303      	orrs	r3, r0
10004662:	2296      	movs	r2, #150	; 0x96
10004664:	00d2      	lsls	r2, r2, #3
10004666:	4293      	cmp	r3, r2
10004668:	d000      	beq.n	1000466c <tud_cdc_line_coding_cb+0x20>
1000466a:	bd10      	pop	{r4, pc}
1000466c:	2100      	movs	r1, #0
1000466e:	0008      	movs	r0, r1
10004670:	f7ff ffac 	bl	100045cc <reset_usb_boot>

10004674 <stdio_usb_set_chars_available_callback>:
10004674:	4b02      	ldr	r3, [pc, #8]	; (10004680 <stdio_usb_set_chars_available_callback+0xc>)
10004676:	6018      	str	r0, [r3, #0]
10004678:	4b02      	ldr	r3, [pc, #8]	; (10004684 <stdio_usb_set_chars_available_callback+0x10>)
1000467a:	6019      	str	r1, [r3, #0]
1000467c:	4770      	bx	lr
1000467e:	46c0      	nop			; (mov r8, r8)
10004680:	20001354 	.word	0x20001354
10004684:	2000135c 	.word	0x2000135c

10004688 <usb_irq>:
10004688:	b510      	push	{r4, lr}
1000468a:	4b02      	ldr	r3, [pc, #8]	; (10004694 <usb_irq+0xc>)
1000468c:	7818      	ldrb	r0, [r3, #0]
1000468e:	f7fc f805 	bl	1000069c <irq_set_pending>
10004692:	bd10      	pop	{r4, pc}
10004694:	20001a67 	.word	0x20001a67

10004698 <timer_task>:
10004698:	b570      	push	{r4, r5, r6, lr}
1000469a:	4b13      	ldr	r3, [pc, #76]	; (100046e8 <timer_task+0x50>)
1000469c:	681b      	ldr	r3, [r3, #0]
1000469e:	2b00      	cmp	r3, #0
100046a0:	d01d      	beq.n	100046de <timer_task+0x46>
100046a2:	4b11      	ldr	r3, [pc, #68]	; (100046e8 <timer_task+0x50>)
100046a4:	6819      	ldr	r1, [r3, #0]
100046a6:	f3ef 8310 	mrs	r3, PRIMASK
100046aa:	b672      	cpsid	i
100046ac:	680a      	ldr	r2, [r1, #0]
100046ae:	2a00      	cmp	r2, #0
100046b0:	d0fc      	beq.n	100046ac <timer_task+0x14>
100046b2:	f3bf 8f5f 	dmb	sy
100046b6:	490c      	ldr	r1, [pc, #48]	; (100046e8 <timer_task+0x50>)
100046b8:	604b      	str	r3, [r1, #4]
100046ba:	2200      	movs	r2, #0
100046bc:	480b      	ldr	r0, [pc, #44]	; (100046ec <timer_task+0x54>)
100046be:	7002      	strb	r2, [r0, #0]
100046c0:	6809      	ldr	r1, [r1, #0]
100046c2:	f3bf 8f5f 	dmb	sy
100046c6:	600a      	str	r2, [r1, #0]
100046c8:	f383 8810 	msr	PRIMASK, r3
100046cc:	2400      	movs	r4, #0
100046ce:	2500      	movs	r5, #0
100046d0:	4b07      	ldr	r3, [pc, #28]	; (100046f0 <timer_task+0x58>)
100046d2:	7818      	ldrb	r0, [r3, #0]
100046d4:	f7fb ffe2 	bl	1000069c <irq_set_pending>
100046d8:	0020      	movs	r0, r4
100046da:	0029      	movs	r1, r5
100046dc:	bd70      	pop	{r4, r5, r6, pc}
100046de:	24fa      	movs	r4, #250	; 0xfa
100046e0:	00a4      	lsls	r4, r4, #2
100046e2:	2500      	movs	r5, #0
100046e4:	e7f4      	b.n	100046d0 <timer_task+0x38>
100046e6:	46c0      	nop			; (mov r8, r8)
100046e8:	20001808 	.word	0x20001808
100046ec:	20001a68 	.word	0x20001a68
100046f0:	20001a67 	.word	0x20001a67

100046f4 <low_priority_worker_irq>:
100046f4:	b510      	push	{r4, lr}
100046f6:	b084      	sub	sp, #16
100046f8:	2100      	movs	r1, #0
100046fa:	482d      	ldr	r0, [pc, #180]	; (100047b0 <low_priority_worker_irq+0xbc>)
100046fc:	f002 fc18 	bl	10006f30 <__mutex_try_enter_veneer>
10004700:	2800      	cmp	r0, #0
10004702:	d13a      	bne.n	1000477a <low_priority_worker_irq+0x86>
10004704:	4b2b      	ldr	r3, [pc, #172]	; (100047b4 <low_priority_worker_irq+0xc0>)
10004706:	681b      	ldr	r3, [r3, #0]
10004708:	2b00      	cmp	r3, #0
1000470a:	d03e      	beq.n	1000478a <low_priority_worker_irq+0x96>
1000470c:	4b29      	ldr	r3, [pc, #164]	; (100047b4 <low_priority_worker_irq+0xc0>)
1000470e:	6819      	ldr	r1, [r3, #0]
10004710:	f3ef 8210 	mrs	r2, PRIMASK
10004714:	b672      	cpsid	i
10004716:	680b      	ldr	r3, [r1, #0]
10004718:	2b00      	cmp	r3, #0
1000471a:	d0fc      	beq.n	10004716 <low_priority_worker_irq+0x22>
1000471c:	f3bf 8f5f 	dmb	sy
10004720:	4924      	ldr	r1, [pc, #144]	; (100047b4 <low_priority_worker_irq+0xc0>)
10004722:	604a      	str	r2, [r1, #4]
10004724:	4824      	ldr	r0, [pc, #144]	; (100047b8 <low_priority_worker_irq+0xc4>)
10004726:	7803      	ldrb	r3, [r0, #0]
10004728:	2401      	movs	r4, #1
1000472a:	4063      	eors	r3, r4
1000472c:	b2db      	uxtb	r3, r3
1000472e:	2401      	movs	r4, #1
10004730:	7004      	strb	r4, [r0, #0]
10004732:	6809      	ldr	r1, [r1, #0]
10004734:	f3bf 8f5f 	dmb	sy
10004738:	2000      	movs	r0, #0
1000473a:	6008      	str	r0, [r1, #0]
1000473c:	f382 8810 	msr	PRIMASK, r2
10004740:	2b00      	cmp	r3, #0
10004742:	d022      	beq.n	1000478a <low_priority_worker_irq+0x96>
10004744:	f7fc fe18 	bl	10001378 <alarm_pool_get_default>
10004748:	0004      	movs	r4, r0
1000474a:	f7fd f8bb 	bl	100018c4 <time_us_64>
1000474e:	0002      	movs	r2, r0
10004750:	1e0b      	subs	r3, r1, #0
10004752:	db1c      	blt.n	1000478e <low_priority_worker_irq+0x9a>
10004754:	20fa      	movs	r0, #250	; 0xfa
10004756:	0080      	lsls	r0, r0, #2
10004758:	2100      	movs	r1, #0
1000475a:	1812      	adds	r2, r2, r0
1000475c:	414b      	adcs	r3, r1
1000475e:	2b00      	cmp	r3, #0
10004760:	db1b      	blt.n	1000479a <low_priority_worker_irq+0xa6>
10004762:	2b00      	cmp	r3, #0
10004764:	db1d      	blt.n	100047a2 <low_priority_worker_irq+0xae>
10004766:	2101      	movs	r1, #1
10004768:	9102      	str	r1, [sp, #8]
1000476a:	2100      	movs	r1, #0
1000476c:	9101      	str	r1, [sp, #4]
1000476e:	4913      	ldr	r1, [pc, #76]	; (100047bc <low_priority_worker_irq+0xc8>)
10004770:	9100      	str	r1, [sp, #0]
10004772:	0020      	movs	r0, r4
10004774:	f7fc fe16 	bl	100013a4 <alarm_pool_add_alarm_at>
10004778:	e007      	b.n	1000478a <low_priority_worker_irq+0x96>
1000477a:	2001      	movs	r0, #1
1000477c:	2100      	movs	r1, #0
1000477e:	4240      	negs	r0, r0
10004780:	f001 f8f0 	bl	10005964 <tud_task_ext>
10004784:	480a      	ldr	r0, [pc, #40]	; (100047b0 <low_priority_worker_irq+0xbc>)
10004786:	f002 fbb3 	bl	10006ef0 <__mutex_exit_veneer>
1000478a:	b004      	add	sp, #16
1000478c:	bd10      	pop	{r4, pc}
1000478e:	4b0c      	ldr	r3, [pc, #48]	; (100047c0 <low_priority_worker_irq+0xcc>)
10004790:	4a0c      	ldr	r2, [pc, #48]	; (100047c4 <low_priority_worker_irq+0xd0>)
10004792:	213f      	movs	r1, #63	; 0x3f
10004794:	480c      	ldr	r0, [pc, #48]	; (100047c8 <low_priority_worker_irq+0xd4>)
10004796:	f7fd fec9 	bl	1000252c <__assert_func>
1000479a:	2201      	movs	r2, #1
1000479c:	4252      	negs	r2, r2
1000479e:	4b0b      	ldr	r3, [pc, #44]	; (100047cc <low_priority_worker_irq+0xd8>)
100047a0:	e7df      	b.n	10004762 <low_priority_worker_irq+0x6e>
100047a2:	4b07      	ldr	r3, [pc, #28]	; (100047c0 <low_priority_worker_irq+0xcc>)
100047a4:	4a07      	ldr	r2, [pc, #28]	; (100047c4 <low_priority_worker_irq+0xd0>)
100047a6:	213f      	movs	r1, #63	; 0x3f
100047a8:	4807      	ldr	r0, [pc, #28]	; (100047c8 <low_priority_worker_irq+0xd4>)
100047aa:	f7fd febf 	bl	1000252c <__assert_func>
100047ae:	46c0      	nop			; (mov r8, r8)
100047b0:	20001a30 	.word	0x20001a30
100047b4:	20001808 	.word	0x20001808
100047b8:	20001a68 	.word	0x20001a68
100047bc:	10004699 	.word	0x10004699
100047c0:	1000736c 	.word	0x1000736c
100047c4:	1000822c 	.word	0x1000822c
100047c8:	10007388 	.word	0x10007388
100047cc:	7fffffff 	.word	0x7fffffff

100047d0 <tud_cdc_rx_cb>:
100047d0:	b510      	push	{r4, lr}
100047d2:	4b05      	ldr	r3, [pc, #20]	; (100047e8 <tud_cdc_rx_cb+0x18>)
100047d4:	6818      	ldr	r0, [r3, #0]
100047d6:	2800      	cmp	r0, #0
100047d8:	d004      	beq.n	100047e4 <tud_cdc_rx_cb+0x14>
100047da:	4b04      	ldr	r3, [pc, #16]	; (100047ec <tud_cdc_rx_cb+0x1c>)
100047dc:	6819      	ldr	r1, [r3, #0]
100047de:	2200      	movs	r2, #0
100047e0:	f000 fde6 	bl	100053b0 <usbd_defer_func>
100047e4:	bd10      	pop	{r4, pc}
100047e6:	46c0      	nop			; (mov r8, r8)
100047e8:	20001354 	.word	0x20001354
100047ec:	2000135c 	.word	0x2000135c

100047f0 <stdio_usb_init>:
100047f0:	b510      	push	{r4, lr}
100047f2:	b084      	sub	sp, #16
100047f4:	23d0      	movs	r3, #208	; 0xd0
100047f6:	061b      	lsls	r3, r3, #24
100047f8:	681c      	ldr	r4, [r3, #0]
100047fa:	f7fc fdbd 	bl	10001378 <alarm_pool_get_default>
100047fe:	f7fc ff01 	bl	10001604 <alarm_pool_core_num>
10004802:	42a0      	cmp	r0, r4
10004804:	d12a      	bne.n	1000485c <stdio_usb_init+0x6c>
10004806:	4b32      	ldr	r3, [pc, #200]	; (100048d0 <stdio_usb_init+0xe0>)
10004808:	781b      	ldrb	r3, [r3, #0]
1000480a:	f001 fd93 	bl	10006334 <tusb_init>
1000480e:	4831      	ldr	r0, [pc, #196]	; (100048d4 <stdio_usb_init+0xe4>)
10004810:	f7fc fa22 	bl	10000c58 <mutex_init>
10004814:	2001      	movs	r0, #1
10004816:	f7fc fa03 	bl	10000c20 <user_irq_claim_unused>
1000481a:	b2c0      	uxtb	r0, r0
1000481c:	4c2e      	ldr	r4, [pc, #184]	; (100048d8 <stdio_usb_init+0xe8>)
1000481e:	7020      	strb	r0, [r4, #0]
10004820:	492e      	ldr	r1, [pc, #184]	; (100048dc <stdio_usb_init+0xec>)
10004822:	f7fb ff5d 	bl	100006e0 <irq_set_exclusive_handler>
10004826:	7820      	ldrb	r0, [r4, #0]
10004828:	2101      	movs	r1, #1
1000482a:	f7fb ff2f 	bl	1000068c <irq_set_enabled>
1000482e:	2005      	movs	r0, #5
10004830:	f7fb ff44 	bl	100006bc <irq_has_shared_handler>
10004834:	1e04      	subs	r4, r0, #0
10004836:	d017      	beq.n	10004868 <stdio_usb_init+0x78>
10004838:	2200      	movs	r2, #0
1000483a:	4929      	ldr	r1, [pc, #164]	; (100048e0 <stdio_usb_init+0xf0>)
1000483c:	2005      	movs	r0, #5
1000483e:	f7fb ff79 	bl	10000734 <irq_add_shared_handler>
10004842:	f7fb fe91 	bl	10000568 <next_striped_spin_lock_num>
10004846:	0001      	movs	r1, r0
10004848:	4826      	ldr	r0, [pc, #152]	; (100048e4 <stdio_usb_init+0xf4>)
1000484a:	f7fc fa21 	bl	10000c90 <critical_section_init_with_lock_num>
1000484e:	2101      	movs	r1, #1
10004850:	4825      	ldr	r0, [pc, #148]	; (100048e8 <stdio_usb_init+0xf8>)
10004852:	f7ff fd23 	bl	1000429c <stdio_set_driver_enabled>
10004856:	0020      	movs	r0, r4
10004858:	b004      	add	sp, #16
1000485a:	bd10      	pop	{r4, pc}
1000485c:	4b23      	ldr	r3, [pc, #140]	; (100048ec <stdio_usb_init+0xfc>)
1000485e:	4a24      	ldr	r2, [pc, #144]	; (100048f0 <stdio_usb_init+0x100>)
10004860:	21b2      	movs	r1, #178	; 0xb2
10004862:	4824      	ldr	r0, [pc, #144]	; (100048f4 <stdio_usb_init+0x104>)
10004864:	f7fd fe62 	bl	1000252c <__assert_func>
10004868:	f7fc fd86 	bl	10001378 <alarm_pool_get_default>
1000486c:	0004      	movs	r4, r0
1000486e:	f7fd f829 	bl	100018c4 <time_us_64>
10004872:	0002      	movs	r2, r0
10004874:	1e0b      	subs	r3, r1, #0
10004876:	db1b      	blt.n	100048b0 <stdio_usb_init+0xc0>
10004878:	20fa      	movs	r0, #250	; 0xfa
1000487a:	0080      	lsls	r0, r0, #2
1000487c:	2100      	movs	r1, #0
1000487e:	1812      	adds	r2, r2, r0
10004880:	414b      	adcs	r3, r1
10004882:	2b00      	cmp	r3, #0
10004884:	db1a      	blt.n	100048bc <stdio_usb_init+0xcc>
10004886:	2b00      	cmp	r3, #0
10004888:	db1c      	blt.n	100048c4 <stdio_usb_init+0xd4>
1000488a:	2101      	movs	r1, #1
1000488c:	9102      	str	r1, [sp, #8]
1000488e:	2100      	movs	r1, #0
10004890:	9101      	str	r1, [sp, #4]
10004892:	4919      	ldr	r1, [pc, #100]	; (100048f8 <stdio_usb_init+0x108>)
10004894:	9100      	str	r1, [sp, #0]
10004896:	0020      	movs	r0, r4
10004898:	f7fc fd84 	bl	100013a4 <alarm_pool_add_alarm_at>
1000489c:	43c4      	mvns	r4, r0
1000489e:	0fe4      	lsrs	r4, r4, #31
100048a0:	2208      	movs	r2, #8
100048a2:	2100      	movs	r1, #0
100048a4:	480f      	ldr	r0, [pc, #60]	; (100048e4 <stdio_usb_init+0xf4>)
100048a6:	f7ff fbf1 	bl	1000408c <__wrap_memset>
100048aa:	2c00      	cmp	r4, #0
100048ac:	d0d3      	beq.n	10004856 <stdio_usb_init+0x66>
100048ae:	e7ce      	b.n	1000484e <stdio_usb_init+0x5e>
100048b0:	4b12      	ldr	r3, [pc, #72]	; (100048fc <stdio_usb_init+0x10c>)
100048b2:	4a13      	ldr	r2, [pc, #76]	; (10004900 <stdio_usb_init+0x110>)
100048b4:	213f      	movs	r1, #63	; 0x3f
100048b6:	4813      	ldr	r0, [pc, #76]	; (10004904 <stdio_usb_init+0x114>)
100048b8:	f7fd fe38 	bl	1000252c <__assert_func>
100048bc:	2201      	movs	r2, #1
100048be:	4252      	negs	r2, r2
100048c0:	4b11      	ldr	r3, [pc, #68]	; (10004908 <stdio_usb_init+0x118>)
100048c2:	e7e0      	b.n	10004886 <stdio_usb_init+0x96>
100048c4:	4b0d      	ldr	r3, [pc, #52]	; (100048fc <stdio_usb_init+0x10c>)
100048c6:	4a0e      	ldr	r2, [pc, #56]	; (10004900 <stdio_usb_init+0x110>)
100048c8:	213f      	movs	r1, #63	; 0x3f
100048ca:	480e      	ldr	r0, [pc, #56]	; (10004904 <stdio_usb_init+0x114>)
100048cc:	f7fd fe2e 	bl	1000252c <__assert_func>
100048d0:	100088ec 	.word	0x100088ec
100048d4:	20001a30 	.word	0x20001a30
100048d8:	20001a67 	.word	0x20001a67
100048dc:	100046f5 	.word	0x100046f5
100048e0:	10004689 	.word	0x10004689
100048e4:	20001808 	.word	0x20001808
100048e8:	20000c68 	.word	0x20000c68
100048ec:	10007204 	.word	0x10007204
100048f0:	1000821c 	.word	0x1000821c
100048f4:	10008198 	.word	0x10008198
100048f8:	10004699 	.word	0x10004699
100048fc:	1000736c 	.word	0x1000736c
10004900:	1000822c 	.word	0x1000822c
10004904:	10007388 	.word	0x10007388
10004908:	7fffffff 	.word	0x7fffffff

1000490c <stdio_usb_connected>:
1000490c:	b510      	push	{r4, lr}
1000490e:	2000      	movs	r0, #0
10004910:	f001 fa30 	bl	10005d74 <tud_cdc_n_connected>
10004914:	bd10      	pop	{r4, pc}
	...

10004918 <stdio_usb_in_chars>:
10004918:	b570      	push	{r4, r5, r6, lr}
1000491a:	0005      	movs	r5, r0
1000491c:	000c      	movs	r4, r1
1000491e:	f7ff fff5 	bl	1000490c <stdio_usb_connected>
10004922:	2800      	cmp	r0, #0
10004924:	d045      	beq.n	100049b2 <stdio_usb_in_chars+0x9a>
10004926:	2000      	movs	r0, #0
10004928:	f001 fa46 	bl	10005db8 <tud_cdc_n_available>
1000492c:	2800      	cmp	r0, #0
1000492e:	d043      	beq.n	100049b8 <stdio_usb_in_chars+0xa0>
10004930:	f7fc ffc8 	bl	100018c4 <time_us_64>
10004934:	0002      	movs	r2, r0
10004936:	1e0b      	subs	r3, r1, #0
10004938:	db21      	blt.n	1000497e <stdio_usb_in_chars+0x66>
1000493a:	4822      	ldr	r0, [pc, #136]	; (100049c4 <stdio_usb_in_chars+0xac>)
1000493c:	2100      	movs	r1, #0
1000493e:	1812      	adds	r2, r2, r0
10004940:	414b      	adcs	r3, r1
10004942:	2b00      	cmp	r3, #0
10004944:	db21      	blt.n	1000498a <stdio_usb_in_chars+0x72>
10004946:	2b00      	cmp	r3, #0
10004948:	db23      	blt.n	10004992 <stdio_usb_in_chars+0x7a>
1000494a:	481f      	ldr	r0, [pc, #124]	; (100049c8 <stdio_usb_in_chars+0xb0>)
1000494c:	f002 fb08 	bl	10006f60 <__mutex_try_enter_block_until_veneer>
10004950:	2800      	cmp	r0, #0
10004952:	d034      	beq.n	100049be <stdio_usb_in_chars+0xa6>
10004954:	f7ff ffda 	bl	1000490c <stdio_usb_connected>
10004958:	2800      	cmp	r0, #0
1000495a:	d004      	beq.n	10004966 <stdio_usb_in_chars+0x4e>
1000495c:	2000      	movs	r0, #0
1000495e:	f001 fa2b 	bl	10005db8 <tud_cdc_n_available>
10004962:	2800      	cmp	r0, #0
10004964:	d11b      	bne.n	1000499e <stdio_usb_in_chars+0x86>
10004966:	2001      	movs	r0, #1
10004968:	2100      	movs	r1, #0
1000496a:	4240      	negs	r0, r0
1000496c:	f000 fffa 	bl	10005964 <tud_task_ext>
10004970:	2403      	movs	r4, #3
10004972:	4264      	negs	r4, r4
10004974:	4814      	ldr	r0, [pc, #80]	; (100049c8 <stdio_usb_in_chars+0xb0>)
10004976:	f002 fabb 	bl	10006ef0 <__mutex_exit_veneer>
1000497a:	0020      	movs	r0, r4
1000497c:	bd70      	pop	{r4, r5, r6, pc}
1000497e:	4b13      	ldr	r3, [pc, #76]	; (100049cc <stdio_usb_in_chars+0xb4>)
10004980:	4a13      	ldr	r2, [pc, #76]	; (100049d0 <stdio_usb_in_chars+0xb8>)
10004982:	213f      	movs	r1, #63	; 0x3f
10004984:	4813      	ldr	r0, [pc, #76]	; (100049d4 <stdio_usb_in_chars+0xbc>)
10004986:	f7fd fdd1 	bl	1000252c <__assert_func>
1000498a:	2201      	movs	r2, #1
1000498c:	4252      	negs	r2, r2
1000498e:	4b12      	ldr	r3, [pc, #72]	; (100049d8 <stdio_usb_in_chars+0xc0>)
10004990:	e7d9      	b.n	10004946 <stdio_usb_in_chars+0x2e>
10004992:	4b0e      	ldr	r3, [pc, #56]	; (100049cc <stdio_usb_in_chars+0xb4>)
10004994:	4a0e      	ldr	r2, [pc, #56]	; (100049d0 <stdio_usb_in_chars+0xb8>)
10004996:	213f      	movs	r1, #63	; 0x3f
10004998:	480e      	ldr	r0, [pc, #56]	; (100049d4 <stdio_usb_in_chars+0xbc>)
1000499a:	f7fd fdc7 	bl	1000252c <__assert_func>
1000499e:	0022      	movs	r2, r4
100049a0:	0029      	movs	r1, r5
100049a2:	2000      	movs	r0, #0
100049a4:	f001 fa14 	bl	10005dd0 <tud_cdc_n_read>
100049a8:	1e04      	subs	r4, r0, #0
100049aa:	d1e3      	bne.n	10004974 <stdio_usb_in_chars+0x5c>
100049ac:	2403      	movs	r4, #3
100049ae:	4264      	negs	r4, r4
100049b0:	e7e0      	b.n	10004974 <stdio_usb_in_chars+0x5c>
100049b2:	2403      	movs	r4, #3
100049b4:	4264      	negs	r4, r4
100049b6:	e7e0      	b.n	1000497a <stdio_usb_in_chars+0x62>
100049b8:	2403      	movs	r4, #3
100049ba:	4264      	negs	r4, r4
100049bc:	e7dd      	b.n	1000497a <stdio_usb_in_chars+0x62>
100049be:	2403      	movs	r4, #3
100049c0:	4264      	negs	r4, r4
100049c2:	e7da      	b.n	1000497a <stdio_usb_in_chars+0x62>
100049c4:	000f4240 	.word	0x000f4240
100049c8:	20001a30 	.word	0x20001a30
100049cc:	1000736c 	.word	0x1000736c
100049d0:	1000822c 	.word	0x1000822c
100049d4:	10007388 	.word	0x10007388
100049d8:	7fffffff 	.word	0x7fffffff

100049dc <stdio_usb_out_chars>:
100049dc:	b5f0      	push	{r4, r5, r6, r7, lr}
100049de:	46c6      	mov	lr, r8
100049e0:	b500      	push	{lr}
100049e2:	4680      	mov	r8, r0
100049e4:	000c      	movs	r4, r1
100049e6:	f7fc ff6d 	bl	100018c4 <time_us_64>
100049ea:	0002      	movs	r2, r0
100049ec:	1e0b      	subs	r3, r1, #0
100049ee:	db0f      	blt.n	10004a10 <stdio_usb_out_chars+0x34>
100049f0:	4837      	ldr	r0, [pc, #220]	; (10004ad0 <stdio_usb_out_chars+0xf4>)
100049f2:	2100      	movs	r1, #0
100049f4:	1812      	adds	r2, r2, r0
100049f6:	414b      	adcs	r3, r1
100049f8:	2b00      	cmp	r3, #0
100049fa:	db0f      	blt.n	10004a1c <stdio_usb_out_chars+0x40>
100049fc:	2b00      	cmp	r3, #0
100049fe:	db11      	blt.n	10004a24 <stdio_usb_out_chars+0x48>
10004a00:	4834      	ldr	r0, [pc, #208]	; (10004ad4 <stdio_usb_out_chars+0xf8>)
10004a02:	f002 faad 	bl	10006f60 <__mutex_try_enter_block_until_veneer>
10004a06:	2800      	cmp	r0, #0
10004a08:	d112      	bne.n	10004a30 <stdio_usb_out_chars+0x54>
10004a0a:	bc80      	pop	{r7}
10004a0c:	46b8      	mov	r8, r7
10004a0e:	bdf0      	pop	{r4, r5, r6, r7, pc}
10004a10:	4b31      	ldr	r3, [pc, #196]	; (10004ad8 <stdio_usb_out_chars+0xfc>)
10004a12:	4a32      	ldr	r2, [pc, #200]	; (10004adc <stdio_usb_out_chars+0x100>)
10004a14:	213f      	movs	r1, #63	; 0x3f
10004a16:	4832      	ldr	r0, [pc, #200]	; (10004ae0 <stdio_usb_out_chars+0x104>)
10004a18:	f7fd fd88 	bl	1000252c <__assert_func>
10004a1c:	2201      	movs	r2, #1
10004a1e:	4252      	negs	r2, r2
10004a20:	4b30      	ldr	r3, [pc, #192]	; (10004ae4 <stdio_usb_out_chars+0x108>)
10004a22:	e7eb      	b.n	100049fc <stdio_usb_out_chars+0x20>
10004a24:	4b2c      	ldr	r3, [pc, #176]	; (10004ad8 <stdio_usb_out_chars+0xfc>)
10004a26:	4a2d      	ldr	r2, [pc, #180]	; (10004adc <stdio_usb_out_chars+0x100>)
10004a28:	213f      	movs	r1, #63	; 0x3f
10004a2a:	482d      	ldr	r0, [pc, #180]	; (10004ae0 <stdio_usb_out_chars+0x104>)
10004a2c:	f7fd fd7e 	bl	1000252c <__assert_func>
10004a30:	f7ff ff6c 	bl	1000490c <stdio_usb_connected>
10004a34:	2800      	cmp	r0, #0
10004a36:	d149      	bne.n	10004acc <stdio_usb_out_chars+0xf0>
10004a38:	4b2b      	ldr	r3, [pc, #172]	; (10004ae8 <stdio_usb_out_chars+0x10c>)
10004a3a:	2000      	movs	r0, #0
10004a3c:	2100      	movs	r1, #0
10004a3e:	6018      	str	r0, [r3, #0]
10004a40:	6059      	str	r1, [r3, #4]
10004a42:	4824      	ldr	r0, [pc, #144]	; (10004ad4 <stdio_usb_out_chars+0xf8>)
10004a44:	f002 fa54 	bl	10006ef0 <__mutex_exit_veneer>
10004a48:	e7df      	b.n	10004a0a <stdio_usb_out_chars+0x2e>
10004a4a:	2001      	movs	r0, #1
10004a4c:	2100      	movs	r1, #0
10004a4e:	4240      	negs	r0, r0
10004a50:	f000 ff88 	bl	10005964 <tud_task_ext>
10004a54:	2000      	movs	r0, #0
10004a56:	f001 f9cf 	bl	10005df8 <tud_cdc_n_write_flush>
10004a5a:	f7ff ff57 	bl	1000490c <stdio_usb_connected>
10004a5e:	2800      	cmp	r0, #0
10004a60:	d0ef      	beq.n	10004a42 <stdio_usb_out_chars+0x66>
10004a62:	2000      	movs	r0, #0
10004a64:	f001 fa40 	bl	10005ee8 <tud_cdc_n_write_available>
10004a68:	2800      	cmp	r0, #0
10004a6a:	d020      	beq.n	10004aae <stdio_usb_out_chars+0xd2>
10004a6c:	42a5      	cmp	r5, r4
10004a6e:	dae8      	bge.n	10004a42 <stdio_usb_out_chars+0x66>
10004a70:	1b66      	subs	r6, r4, r5
10004a72:	2000      	movs	r0, #0
10004a74:	f001 fa38 	bl	10005ee8 <tud_cdc_n_write_available>
10004a78:	0002      	movs	r2, r0
10004a7a:	4286      	cmp	r6, r0
10004a7c:	dc00      	bgt.n	10004a80 <stdio_usb_out_chars+0xa4>
10004a7e:	0032      	movs	r2, r6
10004a80:	2a00      	cmp	r2, #0
10004a82:	d0e2      	beq.n	10004a4a <stdio_usb_out_chars+0x6e>
10004a84:	4643      	mov	r3, r8
10004a86:	1959      	adds	r1, r3, r5
10004a88:	2000      	movs	r0, #0
10004a8a:	f001 fa11 	bl	10005eb0 <tud_cdc_n_write>
10004a8e:	0006      	movs	r6, r0
10004a90:	2001      	movs	r0, #1
10004a92:	2100      	movs	r1, #0
10004a94:	4240      	negs	r0, r0
10004a96:	f000 ff65 	bl	10005964 <tud_task_ext>
10004a9a:	2000      	movs	r0, #0
10004a9c:	f001 f9ac 	bl	10005df8 <tud_cdc_n_write_flush>
10004aa0:	19ad      	adds	r5, r5, r6
10004aa2:	f7fc ff0f 	bl	100018c4 <time_us_64>
10004aa6:	4b10      	ldr	r3, [pc, #64]	; (10004ae8 <stdio_usb_out_chars+0x10c>)
10004aa8:	6018      	str	r0, [r3, #0]
10004aaa:	6059      	str	r1, [r3, #4]
10004aac:	e7de      	b.n	10004a6c <stdio_usb_out_chars+0x90>
10004aae:	f7fc ff09 	bl	100018c4 <time_us_64>
10004ab2:	4b0d      	ldr	r3, [pc, #52]	; (10004ae8 <stdio_usb_out_chars+0x10c>)
10004ab4:	681e      	ldr	r6, [r3, #0]
10004ab6:	685f      	ldr	r7, [r3, #4]
10004ab8:	4a0c      	ldr	r2, [pc, #48]	; (10004aec <stdio_usb_out_chars+0x110>)
10004aba:	2300      	movs	r3, #0
10004abc:	1992      	adds	r2, r2, r6
10004abe:	417b      	adcs	r3, r7
10004ac0:	4299      	cmp	r1, r3
10004ac2:	d8be      	bhi.n	10004a42 <stdio_usb_out_chars+0x66>
10004ac4:	d1d2      	bne.n	10004a6c <stdio_usb_out_chars+0x90>
10004ac6:	4290      	cmp	r0, r2
10004ac8:	d9d0      	bls.n	10004a6c <stdio_usb_out_chars+0x90>
10004aca:	e7ba      	b.n	10004a42 <stdio_usb_out_chars+0x66>
10004acc:	2500      	movs	r5, #0
10004ace:	e7cd      	b.n	10004a6c <stdio_usb_out_chars+0x90>
10004ad0:	000f4240 	.word	0x000f4240
10004ad4:	20001a30 	.word	0x20001a30
10004ad8:	1000736c 	.word	0x1000736c
10004adc:	1000822c 	.word	0x1000822c
10004ae0:	10007388 	.word	0x10007388
10004ae4:	7fffffff 	.word	0x7fffffff
10004ae8:	20000dd0 	.word	0x20000dd0
10004aec:	0007a120 	.word	0x0007a120

10004af0 <tud_descriptor_device_cb>:
10004af0:	4800      	ldr	r0, [pc, #0]	; (10004af4 <tud_descriptor_device_cb+0x4>)
10004af2:	4770      	bx	lr
10004af4:	100082c4 	.word	0x100082c4

10004af8 <tud_descriptor_configuration_cb>:
10004af8:	4800      	ldr	r0, [pc, #0]	; (10004afc <tud_descriptor_configuration_cb+0x4>)
10004afa:	4770      	bx	lr
10004afc:	10008270 	.word	0x10008270

10004b00 <tud_descriptor_string_cb>:
10004b00:	b510      	push	{r4, lr}
10004b02:	0004      	movs	r4, r0
10004b04:	4b15      	ldr	r3, [pc, #84]	; (10004b5c <tud_descriptor_string_cb+0x5c>)
10004b06:	781b      	ldrb	r3, [r3, #0]
10004b08:	2b00      	cmp	r3, #0
10004b0a:	d00e      	beq.n	10004b2a <tud_descriptor_string_cb+0x2a>
10004b0c:	2c00      	cmp	r4, #0
10004b0e:	d111      	bne.n	10004b34 <tud_descriptor_string_cb+0x34>
10004b10:	4b13      	ldr	r3, [pc, #76]	; (10004b60 <tud_descriptor_string_cb+0x60>)
10004b12:	4a14      	ldr	r2, [pc, #80]	; (10004b64 <tud_descriptor_string_cb+0x64>)
10004b14:	805a      	strh	r2, [r3, #2]
10004b16:	2301      	movs	r3, #1
10004b18:	3301      	adds	r3, #1
10004b1a:	005b      	lsls	r3, r3, #1
10004b1c:	b21b      	sxth	r3, r3
10004b1e:	22c0      	movs	r2, #192	; 0xc0
10004b20:	0092      	lsls	r2, r2, #2
10004b22:	4313      	orrs	r3, r2
10004b24:	480e      	ldr	r0, [pc, #56]	; (10004b60 <tud_descriptor_string_cb+0x60>)
10004b26:	8003      	strh	r3, [r0, #0]
10004b28:	bd10      	pop	{r4, pc}
10004b2a:	2111      	movs	r1, #17
10004b2c:	480b      	ldr	r0, [pc, #44]	; (10004b5c <tud_descriptor_string_cb+0x5c>)
10004b2e:	f000 f825 	bl	10004b7c <pico_get_unique_board_id_string>
10004b32:	e7eb      	b.n	10004b0c <tud_descriptor_string_cb+0xc>
10004b34:	2c05      	cmp	r4, #5
10004b36:	d80e      	bhi.n	10004b56 <tud_descriptor_string_cb+0x56>
10004b38:	00a4      	lsls	r4, r4, #2
10004b3a:	4b0b      	ldr	r3, [pc, #44]	; (10004b68 <tud_descriptor_string_cb+0x68>)
10004b3c:	58e4      	ldr	r4, [r4, r3]
10004b3e:	2300      	movs	r3, #0
10004b40:	2b12      	cmp	r3, #18
10004b42:	d8e9      	bhi.n	10004b18 <tud_descriptor_string_cb+0x18>
10004b44:	5ce2      	ldrb	r2, [r4, r3]
10004b46:	2a00      	cmp	r2, #0
10004b48:	d0e6      	beq.n	10004b18 <tud_descriptor_string_cb+0x18>
10004b4a:	3301      	adds	r3, #1
10004b4c:	0059      	lsls	r1, r3, #1
10004b4e:	4804      	ldr	r0, [pc, #16]	; (10004b60 <tud_descriptor_string_cb+0x60>)
10004b50:	5242      	strh	r2, [r0, r1]
10004b52:	b2db      	uxtb	r3, r3
10004b54:	e7f4      	b.n	10004b40 <tud_descriptor_string_cb+0x40>
10004b56:	2000      	movs	r0, #0
10004b58:	e7e6      	b.n	10004b28 <tud_descriptor_string_cb+0x28>
10004b5a:	46c0      	nop			; (mov r8, r8)
10004b5c:	20001a50 	.word	0x20001a50
10004b60:	200013cc 	.word	0x200013cc
10004b64:	00000409 	.word	0x00000409
10004b68:	100082d8 	.word	0x100082d8

10004b6c <_retrieve_unique_id_on_boot>:
10004b6c:	b510      	push	{r4, lr}
10004b6e:	4802      	ldr	r0, [pc, #8]	; (10004b78 <_retrieve_unique_id_on_boot+0xc>)
10004b70:	f000 f834 	bl	10004bdc <flash_get_unique_id>
10004b74:	bd10      	pop	{r4, pc}
10004b76:	46c0      	nop			; (mov r8, r8)
10004b78:	20001820 	.word	0x20001820

10004b7c <pico_get_unique_board_id_string>:
10004b7c:	b510      	push	{r4, lr}
10004b7e:	2900      	cmp	r1, #0
10004b80:	d001      	beq.n	10004b86 <pico_get_unique_board_id_string+0xa>
10004b82:	2300      	movs	r3, #0
10004b84:	e00a      	b.n	10004b9c <pico_get_unique_board_id_string+0x20>
10004b86:	4b11      	ldr	r3, [pc, #68]	; (10004bcc <pico_get_unique_board_id_string+0x50>)
10004b88:	4a11      	ldr	r2, [pc, #68]	; (10004bd0 <pico_get_unique_board_id_string+0x54>)
10004b8a:	311f      	adds	r1, #31
10004b8c:	4811      	ldr	r0, [pc, #68]	; (10004bd4 <pico_get_unique_board_id_string+0x58>)
10004b8e:	f7fd fccd 	bl	1000252c <__assert_func>
10004b92:	2400      	movs	r4, #0
10004b94:	e00d      	b.n	10004bb2 <pico_get_unique_board_id_string+0x36>
10004b96:	3237      	adds	r2, #55	; 0x37
10004b98:	54c2      	strb	r2, [r0, r3]
10004b9a:	3301      	adds	r3, #1
10004b9c:	1e4a      	subs	r2, r1, #1
10004b9e:	429a      	cmp	r2, r3
10004ba0:	d90f      	bls.n	10004bc2 <pico_get_unique_board_id_string+0x46>
10004ba2:	2b0f      	cmp	r3, #15
10004ba4:	d80d      	bhi.n	10004bc2 <pico_get_unique_board_id_string+0x46>
10004ba6:	085a      	lsrs	r2, r3, #1
10004ba8:	4c0b      	ldr	r4, [pc, #44]	; (10004bd8 <pico_get_unique_board_id_string+0x5c>)
10004baa:	5ca2      	ldrb	r2, [r4, r2]
10004bac:	07dc      	lsls	r4, r3, #31
10004bae:	d4f0      	bmi.n	10004b92 <pico_get_unique_board_id_string+0x16>
10004bb0:	2404      	movs	r4, #4
10004bb2:	4122      	asrs	r2, r4
10004bb4:	0014      	movs	r4, r2
10004bb6:	220f      	movs	r2, #15
10004bb8:	4022      	ands	r2, r4
10004bba:	2a09      	cmp	r2, #9
10004bbc:	dceb      	bgt.n	10004b96 <pico_get_unique_board_id_string+0x1a>
10004bbe:	3230      	adds	r2, #48	; 0x30
10004bc0:	e7ea      	b.n	10004b98 <pico_get_unique_board_id_string+0x1c>
10004bc2:	18c0      	adds	r0, r0, r3
10004bc4:	2300      	movs	r3, #0
10004bc6:	7003      	strb	r3, [r0, #0]
10004bc8:	bd10      	pop	{r4, pc}
10004bca:	46c0      	nop			; (mov r8, r8)
10004bcc:	100082f0 	.word	0x100082f0
10004bd0:	1000835c 	.word	0x1000835c
10004bd4:	100082f8 	.word	0x100082f8
10004bd8:	20001820 	.word	0x20001820

10004bdc <flash_get_unique_id>:
10004bdc:	b570      	push	{r4, r5, r6, lr}
10004bde:	b088      	sub	sp, #32
10004be0:	0004      	movs	r4, r0
10004be2:	ad04      	add	r5, sp, #16
10004be4:	2600      	movs	r6, #0
10004be6:	9604      	str	r6, [sp, #16]
10004be8:	2209      	movs	r2, #9
10004bea:	2100      	movs	r1, #0
10004bec:	a805      	add	r0, sp, #20
10004bee:	f7ff fa4d 	bl	1000408c <__wrap_memset>
10004bf2:	9600      	str	r6, [sp, #0]
10004bf4:	2209      	movs	r2, #9
10004bf6:	2100      	movs	r1, #0
10004bf8:	a801      	add	r0, sp, #4
10004bfa:	f7ff fa47 	bl	1000408c <__wrap_memset>
10004bfe:	234b      	movs	r3, #75	; 0x4b
10004c00:	702b      	strb	r3, [r5, #0]
10004c02:	220d      	movs	r2, #13
10004c04:	4669      	mov	r1, sp
10004c06:	0028      	movs	r0, r5
10004c08:	f002 f96a 	bl	10006ee0 <__flash_do_cmd_veneer>
10004c0c:	2300      	movs	r3, #0
10004c0e:	e004      	b.n	10004c1a <flash_get_unique_id+0x3e>
10004c10:	1d5a      	adds	r2, r3, #5
10004c12:	4669      	mov	r1, sp
10004c14:	5c8a      	ldrb	r2, [r1, r2]
10004c16:	54e2      	strb	r2, [r4, r3]
10004c18:	3301      	adds	r3, #1
10004c1a:	2b07      	cmp	r3, #7
10004c1c:	ddf8      	ble.n	10004c10 <flash_get_unique_id+0x34>
10004c1e:	b008      	add	sp, #32
10004c20:	bd70      	pop	{r4, r5, r6, pc}
	...

10004c24 <hw_endpoint_get_by_addr>:
10004c24:	0002      	movs	r2, r0
10004c26:	207f      	movs	r0, #127	; 0x7f
10004c28:	4010      	ands	r0, r2
10004c2a:	09d2      	lsrs	r2, r2, #7
10004c2c:	0040      	lsls	r0, r0, #1
10004c2e:	1880      	adds	r0, r0, r2
10004c30:	0140      	lsls	r0, r0, #5
10004c32:	4b01      	ldr	r3, [pc, #4]	; (10004c38 <hw_endpoint_get_by_addr+0x14>)
10004c34:	18c0      	adds	r0, r0, r3
10004c36:	4770      	bx	lr
10004c38:	20001400 	.word	0x20001400

10004c3c <_hw_endpoint_alloc>:
10004c3c:	b510      	push	{r4, lr}
10004c3e:	8b03      	ldrh	r3, [r0, #24]
10004c40:	333f      	adds	r3, #63	; 0x3f
10004c42:	223f      	movs	r2, #63	; 0x3f
10004c44:	4393      	bics	r3, r2
10004c46:	2902      	cmp	r1, #2
10004c48:	d015      	beq.n	10004c76 <_hw_endpoint_alloc+0x3a>
10004c4a:	4c12      	ldr	r4, [pc, #72]	; (10004c94 <_hw_endpoint_alloc+0x58>)
10004c4c:	6822      	ldr	r2, [r4, #0]
10004c4e:	60c2      	str	r2, [r0, #12]
10004c50:	18d3      	adds	r3, r2, r3
10004c52:	6023      	str	r3, [r4, #0]
10004c54:	069c      	lsls	r4, r3, #26
10004c56:	d110      	bne.n	10004c7a <_hw_endpoint_alloc+0x3e>
10004c58:	4c0f      	ldr	r4, [pc, #60]	; (10004c98 <_hw_endpoint_alloc+0x5c>)
10004c5a:	4062      	eors	r2, r4
10004c5c:	4063      	eors	r3, r4
10004c5e:	2480      	movs	r4, #128	; 0x80
10004c60:	0164      	lsls	r4, r4, #5
10004c62:	42a3      	cmp	r3, r4
10004c64:	d80f      	bhi.n	10004c86 <_hw_endpoint_alloc+0x4a>
10004c66:	0689      	lsls	r1, r1, #26
10004c68:	4311      	orrs	r1, r2
10004c6a:	2380      	movs	r3, #128	; 0x80
10004c6c:	061b      	lsls	r3, r3, #24
10004c6e:	4319      	orrs	r1, r3
10004c70:	6843      	ldr	r3, [r0, #4]
10004c72:	6019      	str	r1, [r3, #0]
10004c74:	bd10      	pop	{r4, pc}
10004c76:	005b      	lsls	r3, r3, #1
10004c78:	e7e7      	b.n	10004c4a <_hw_endpoint_alloc+0xe>
10004c7a:	4b08      	ldr	r3, [pc, #32]	; (10004c9c <_hw_endpoint_alloc+0x60>)
10004c7c:	4a08      	ldr	r2, [pc, #32]	; (10004ca0 <_hw_endpoint_alloc+0x64>)
10004c7e:	2154      	movs	r1, #84	; 0x54
10004c80:	4808      	ldr	r0, [pc, #32]	; (10004ca4 <_hw_endpoint_alloc+0x68>)
10004c82:	f7fd fc53 	bl	1000252c <__assert_func>
10004c86:	4b08      	ldr	r3, [pc, #32]	; (10004ca8 <_hw_endpoint_alloc+0x6c>)
10004c88:	4a05      	ldr	r2, [pc, #20]	; (10004ca0 <_hw_endpoint_alloc+0x64>)
10004c8a:	2156      	movs	r1, #86	; 0x56
10004c8c:	4805      	ldr	r0, [pc, #20]	; (10004ca4 <_hw_endpoint_alloc+0x68>)
10004c8e:	f7fd fc4d 	bl	1000252c <__assert_func>
10004c92:	46c0      	nop			; (mov r8, r8)
10004c94:	20001804 	.word	0x20001804
10004c98:	50100000 	.word	0x50100000
10004c9c:	10008504 	.word	0x10008504
10004ca0:	10008638 	.word	0x10008638
10004ca4:	10008534 	.word	0x10008534
10004ca8:	100085a4 	.word	0x100085a4

10004cac <hw_endpoint_init>:
10004cac:	b5f8      	push	{r3, r4, r5, r6, r7, lr}
10004cae:	0005      	movs	r5, r0
10004cb0:	000e      	movs	r6, r1
10004cb2:	0014      	movs	r4, r2
10004cb4:	f7ff ffb6 	bl	10004c24 <hw_endpoint_get_by_addr>
10004cb8:	237f      	movs	r3, #127	; 0x7f
10004cba:	402b      	ands	r3, r5
10004cbc:	09ef      	lsrs	r7, r5, #7
10004cbe:	7085      	strb	r5, [r0, #2]
10004cc0:	427a      	negs	r2, r7
10004cc2:	417a      	adcs	r2, r7
10004cc4:	7042      	strb	r2, [r0, #1]
10004cc6:	2200      	movs	r2, #0
10004cc8:	70c2      	strb	r2, [r0, #3]
10004cca:	8306      	strh	r6, [r0, #24]
10004ccc:	76c4      	strb	r4, [r0, #27]
10004cce:	2f01      	cmp	r7, #1
10004cd0:	d00d      	beq.n	10004cee <hw_endpoint_init+0x42>
10004cd2:	00da      	lsls	r2, r3, #3
10004cd4:	4912      	ldr	r1, [pc, #72]	; (10004d20 <hw_endpoint_init+0x74>)
10004cd6:	468c      	mov	ip, r1
10004cd8:	4462      	add	r2, ip
10004cda:	6082      	str	r2, [r0, #8]
10004cdc:	6882      	ldr	r2, [r0, #8]
10004cde:	2100      	movs	r1, #0
10004ce0:	6011      	str	r1, [r2, #0]
10004ce2:	2b00      	cmp	r3, #0
10004ce4:	d109      	bne.n	10004cfa <hw_endpoint_init+0x4e>
10004ce6:	6043      	str	r3, [r0, #4]
10004ce8:	4b0e      	ldr	r3, [pc, #56]	; (10004d24 <hw_endpoint_init+0x78>)
10004cea:	60c3      	str	r3, [r0, #12]
10004cec:	bdf8      	pop	{r3, r4, r5, r6, r7, pc}
10004cee:	00da      	lsls	r2, r3, #3
10004cf0:	490d      	ldr	r1, [pc, #52]	; (10004d28 <hw_endpoint_init+0x7c>)
10004cf2:	468c      	mov	ip, r1
10004cf4:	4462      	add	r2, ip
10004cf6:	6082      	str	r2, [r0, #8]
10004cf8:	e7f0      	b.n	10004cdc <hw_endpoint_init+0x30>
10004cfa:	2f01      	cmp	r7, #1
10004cfc:	d009      	beq.n	10004d12 <hw_endpoint_init+0x66>
10004cfe:	3b01      	subs	r3, #1
10004d00:	00db      	lsls	r3, r3, #3
10004d02:	4a0a      	ldr	r2, [pc, #40]	; (10004d2c <hw_endpoint_init+0x80>)
10004d04:	4694      	mov	ip, r2
10004d06:	4463      	add	r3, ip
10004d08:	6043      	str	r3, [r0, #4]
10004d0a:	0021      	movs	r1, r4
10004d0c:	f7ff ff96 	bl	10004c3c <_hw_endpoint_alloc>
10004d10:	e7ec      	b.n	10004cec <hw_endpoint_init+0x40>
10004d12:	3b01      	subs	r3, #1
10004d14:	00db      	lsls	r3, r3, #3
10004d16:	4a06      	ldr	r2, [pc, #24]	; (10004d30 <hw_endpoint_init+0x84>)
10004d18:	4694      	mov	ip, r2
10004d1a:	4463      	add	r3, ip
10004d1c:	6043      	str	r3, [r0, #4]
10004d1e:	e7f4      	b.n	10004d0a <hw_endpoint_init+0x5e>
10004d20:	50100084 	.word	0x50100084
10004d24:	50100100 	.word	0x50100100
10004d28:	50100080 	.word	0x50100080
10004d2c:	5010000c 	.word	0x5010000c
10004d30:	50100008 	.word	0x50100008

10004d34 <hw_endpoint_xfer>:
10004d34:	b570      	push	{r4, r5, r6, lr}
10004d36:	000c      	movs	r4, r1
10004d38:	0015      	movs	r5, r2
10004d3a:	f7ff ff73 	bl	10004c24 <hw_endpoint_get_by_addr>
10004d3e:	002a      	movs	r2, r5
10004d40:	0021      	movs	r1, r4
10004d42:	f000 f90d 	bl	10004f60 <hw_endpoint_xfer_start>
10004d46:	bd70      	pop	{r4, r5, r6, pc}

10004d48 <dcd_int_enable>:
10004d48:	b510      	push	{r4, lr}
10004d4a:	2800      	cmp	r0, #0
10004d4c:	d104      	bne.n	10004d58 <dcd_int_enable+0x10>
10004d4e:	2101      	movs	r1, #1
10004d50:	2005      	movs	r0, #5
10004d52:	f7fb fc9b 	bl	1000068c <irq_set_enabled>
10004d56:	bd10      	pop	{r4, pc}
10004d58:	21d5      	movs	r1, #213	; 0xd5
10004d5a:	4b03      	ldr	r3, [pc, #12]	; (10004d68 <dcd_int_enable+0x20>)
10004d5c:	4a03      	ldr	r2, [pc, #12]	; (10004d6c <dcd_int_enable+0x24>)
10004d5e:	0049      	lsls	r1, r1, #1
10004d60:	4803      	ldr	r0, [pc, #12]	; (10004d70 <dcd_int_enable+0x28>)
10004d62:	f7fd fbe3 	bl	1000252c <__assert_func>
10004d66:	46c0      	nop			; (mov r8, r8)
10004d68:	100085ec 	.word	0x100085ec
10004d6c:	10008628 	.word	0x10008628
10004d70:	10008534 	.word	0x10008534

10004d74 <dcd_set_address>:
10004d74:	b510      	push	{r4, lr}
10004d76:	2800      	cmp	r0, #0
10004d78:	d105      	bne.n	10004d86 <dcd_set_address+0x12>
10004d7a:	2200      	movs	r2, #0
10004d7c:	2100      	movs	r1, #0
10004d7e:	2080      	movs	r0, #128	; 0x80
10004d80:	f7ff ffd8 	bl	10004d34 <hw_endpoint_xfer>
10004d84:	bd10      	pop	{r4, pc}
10004d86:	21db      	movs	r1, #219	; 0xdb
10004d88:	4b02      	ldr	r3, [pc, #8]	; (10004d94 <dcd_set_address+0x20>)
10004d8a:	4a03      	ldr	r2, [pc, #12]	; (10004d98 <dcd_set_address+0x24>)
10004d8c:	0049      	lsls	r1, r1, #1
10004d8e:	4803      	ldr	r0, [pc, #12]	; (10004d9c <dcd_set_address+0x28>)
10004d90:	f7fd fbcc 	bl	1000252c <__assert_func>
10004d94:	100085ec 	.word	0x100085ec
10004d98:	10008618 	.word	0x10008618
10004d9c:	10008534 	.word	0x10008534

10004da0 <dcd_connect>:
10004da0:	4b02      	ldr	r3, [pc, #8]	; (10004dac <dcd_connect+0xc>)
10004da2:	2280      	movs	r2, #128	; 0x80
10004da4:	0252      	lsls	r2, r2, #9
10004da6:	64da      	str	r2, [r3, #76]	; 0x4c
10004da8:	4770      	bx	lr
10004daa:	46c0      	nop			; (mov r8, r8)
10004dac:	50112000 	.word	0x50112000

10004db0 <dcd_init>:
10004db0:	b570      	push	{r4, r5, r6, lr}
10004db2:	1e04      	subs	r4, r0, #0
10004db4:	d126      	bne.n	10004e04 <dcd_init+0x54>
10004db6:	f000 f8ad 	bl	10004f14 <rp2040_usb_init>
10004dba:	4d16      	ldr	r5, [pc, #88]	; (10004e14 <dcd_init+0x64>)
10004dbc:	230c      	movs	r3, #12
10004dbe:	67ab      	str	r3, [r5, #120]	; 0x78
10004dc0:	22ff      	movs	r2, #255	; 0xff
10004dc2:	4915      	ldr	r1, [pc, #84]	; (10004e18 <dcd_init+0x68>)
10004dc4:	2005      	movs	r0, #5
10004dc6:	f7fb fcb5 	bl	10000734 <irq_add_shared_handler>
10004dca:	2240      	movs	r2, #64	; 0x40
10004dcc:	2100      	movs	r1, #0
10004dce:	4813      	ldr	r0, [pc, #76]	; (10004e1c <dcd_init+0x6c>)
10004dd0:	f7ff f95c 	bl	1000408c <__wrap_memset>
10004dd4:	2200      	movs	r2, #0
10004dd6:	2140      	movs	r1, #64	; 0x40
10004dd8:	2000      	movs	r0, #0
10004dda:	f7ff ff67 	bl	10004cac <hw_endpoint_init>
10004dde:	2200      	movs	r2, #0
10004de0:	2140      	movs	r1, #64	; 0x40
10004de2:	2080      	movs	r0, #128	; 0x80
10004de4:	f7ff ff62 	bl	10004cac <hw_endpoint_init>
10004de8:	f002 f892 	bl	10006f10 <__reset_non_control_endpoints_veneer>
10004dec:	2301      	movs	r3, #1
10004dee:	642b      	str	r3, [r5, #64]	; 0x40
10004df0:	2380      	movs	r3, #128	; 0x80
10004df2:	059b      	lsls	r3, r3, #22
10004df4:	64eb      	str	r3, [r5, #76]	; 0x4c
10004df6:	2390      	movs	r3, #144	; 0x90
10004df8:	4a09      	ldr	r2, [pc, #36]	; (10004e20 <dcd_init+0x70>)
10004dfa:	50ea      	str	r2, [r5, r3]
10004dfc:	0020      	movs	r0, r4
10004dfe:	f7ff ffcf 	bl	10004da0 <dcd_connect>
10004e02:	bd70      	pop	{r4, r5, r6, pc}
10004e04:	2186      	movs	r1, #134	; 0x86
10004e06:	4b07      	ldr	r3, [pc, #28]	; (10004e24 <dcd_init+0x74>)
10004e08:	4a07      	ldr	r2, [pc, #28]	; (10004e28 <dcd_init+0x78>)
10004e0a:	31ff      	adds	r1, #255	; 0xff
10004e0c:	4807      	ldr	r0, [pc, #28]	; (10004e2c <dcd_init+0x7c>)
10004e0e:	f7fd fb8d 	bl	1000252c <__assert_func>
10004e12:	46c0      	nop			; (mov r8, r8)
10004e14:	50110000 	.word	0x50110000
10004e18:	200004a1 	.word	0x200004a1
10004e1c:	20001400 	.word	0x20001400
10004e20:	0001d010 	.word	0x0001d010
10004e24:	100085ec 	.word	0x100085ec
10004e28:	1000864c 	.word	0x1000864c
10004e2c:	10008534 	.word	0x10008534

10004e30 <dcd_edpt0_status_complete>:
10004e30:	780b      	ldrb	r3, [r1, #0]
10004e32:	065b      	lsls	r3, r3, #25
10004e34:	d102      	bne.n	10004e3c <dcd_edpt0_status_complete+0xc>
10004e36:	784b      	ldrb	r3, [r1, #1]
10004e38:	2b05      	cmp	r3, #5
10004e3a:	d000      	beq.n	10004e3e <dcd_edpt0_status_complete+0xe>
10004e3c:	4770      	bx	lr
10004e3e:	788a      	ldrb	r2, [r1, #2]
10004e40:	4b01      	ldr	r3, [pc, #4]	; (10004e48 <dcd_edpt0_status_complete+0x18>)
10004e42:	601a      	str	r2, [r3, #0]
10004e44:	e7fa      	b.n	10004e3c <dcd_edpt0_status_complete+0xc>
10004e46:	46c0      	nop			; (mov r8, r8)
10004e48:	50110000 	.word	0x50110000

10004e4c <dcd_edpt_open>:
10004e4c:	b510      	push	{r4, lr}
10004e4e:	000c      	movs	r4, r1
10004e50:	2800      	cmp	r0, #0
10004e52:	d10d      	bne.n	10004e70 <dcd_edpt_open+0x24>
10004e54:	7909      	ldrb	r1, [r1, #4]
10004e56:	7963      	ldrb	r3, [r4, #5]
10004e58:	021b      	lsls	r3, r3, #8
10004e5a:	430b      	orrs	r3, r1
10004e5c:	055b      	lsls	r3, r3, #21
10004e5e:	0d59      	lsrs	r1, r3, #21
10004e60:	78e2      	ldrb	r2, [r4, #3]
10004e62:	0792      	lsls	r2, r2, #30
10004e64:	0f92      	lsrs	r2, r2, #30
10004e66:	78a0      	ldrb	r0, [r4, #2]
10004e68:	f7ff ff20 	bl	10004cac <hw_endpoint_init>
10004e6c:	2001      	movs	r0, #1
10004e6e:	bd10      	pop	{r4, pc}
10004e70:	21fc      	movs	r1, #252	; 0xfc
10004e72:	4b03      	ldr	r3, [pc, #12]	; (10004e80 <dcd_edpt_open+0x34>)
10004e74:	4a03      	ldr	r2, [pc, #12]	; (10004e84 <dcd_edpt_open+0x38>)
10004e76:	31ff      	adds	r1, #255	; 0xff
10004e78:	4803      	ldr	r0, [pc, #12]	; (10004e88 <dcd_edpt_open+0x3c>)
10004e7a:	f7fd fb57 	bl	1000252c <__assert_func>
10004e7e:	46c0      	nop			; (mov r8, r8)
10004e80:	100085ec 	.word	0x100085ec
10004e84:	10008608 	.word	0x10008608
10004e88:	10008534 	.word	0x10008534

10004e8c <dcd_edpt_close_all>:
10004e8c:	b510      	push	{r4, lr}
10004e8e:	f002 f83f 	bl	10006f10 <__reset_non_control_endpoints_veneer>
10004e92:	bd10      	pop	{r4, pc}

10004e94 <dcd_edpt_xfer>:
10004e94:	b510      	push	{r4, lr}
10004e96:	0004      	movs	r4, r0
10004e98:	0008      	movs	r0, r1
10004e9a:	0011      	movs	r1, r2
10004e9c:	001a      	movs	r2, r3
10004e9e:	2c00      	cmp	r4, #0
10004ea0:	d103      	bne.n	10004eaa <dcd_edpt_xfer+0x16>
10004ea2:	f7ff ff47 	bl	10004d34 <hw_endpoint_xfer>
10004ea6:	2001      	movs	r0, #1
10004ea8:	bd10      	pop	{r4, pc}
10004eaa:	4b03      	ldr	r3, [pc, #12]	; (10004eb8 <dcd_edpt_xfer+0x24>)
10004eac:	4a03      	ldr	r2, [pc, #12]	; (10004ebc <dcd_edpt_xfer+0x28>)
10004eae:	4904      	ldr	r1, [pc, #16]	; (10004ec0 <dcd_edpt_xfer+0x2c>)
10004eb0:	4804      	ldr	r0, [pc, #16]	; (10004ec4 <dcd_edpt_xfer+0x30>)
10004eb2:	f7fd fb3b 	bl	1000252c <__assert_func>
10004eb6:	46c0      	nop			; (mov r8, r8)
10004eb8:	100085ec 	.word	0x100085ec
10004ebc:	100085f8 	.word	0x100085f8
10004ec0:	0000020a 	.word	0x0000020a
10004ec4:	10008534 	.word	0x10008534

10004ec8 <dcd_edpt_stall>:
10004ec8:	b510      	push	{r4, lr}
10004eca:	0008      	movs	r0, r1
10004ecc:	064b      	lsls	r3, r1, #25
10004ece:	d105      	bne.n	10004edc <dcd_edpt_stall+0x14>
10004ed0:	09cb      	lsrs	r3, r1, #7
10004ed2:	2b01      	cmp	r3, #1
10004ed4:	d00a      	beq.n	10004eec <dcd_edpt_stall+0x24>
10004ed6:	2202      	movs	r2, #2
10004ed8:	4b05      	ldr	r3, [pc, #20]	; (10004ef0 <dcd_edpt_stall+0x28>)
10004eda:	669a      	str	r2, [r3, #104]	; 0x68
10004edc:	f7ff fea2 	bl	10004c24 <hw_endpoint_get_by_addr>
10004ee0:	2280      	movs	r2, #128	; 0x80
10004ee2:	0112      	lsls	r2, r2, #4
10004ee4:	2100      	movs	r1, #0
10004ee6:	f002 f85b 	bl	10006fa0 <___hw_endpoint_buffer_control_update32_veneer>
10004eea:	bd10      	pop	{r4, pc}
10004eec:	2201      	movs	r2, #1
10004eee:	e7f3      	b.n	10004ed8 <dcd_edpt_stall+0x10>
10004ef0:	50112000 	.word	0x50112000

10004ef4 <dcd_edpt_clear_stall>:
10004ef4:	b510      	push	{r4, lr}
10004ef6:	0008      	movs	r0, r1
10004ef8:	064b      	lsls	r3, r1, #25
10004efa:	d100      	bne.n	10004efe <dcd_edpt_clear_stall+0xa>
10004efc:	bd10      	pop	{r4, pc}
10004efe:	f7ff fe91 	bl	10004c24 <hw_endpoint_get_by_addr>
10004f02:	2300      	movs	r3, #0
10004f04:	70c3      	strb	r3, [r0, #3]
10004f06:	2200      	movs	r2, #0
10004f08:	4901      	ldr	r1, [pc, #4]	; (10004f10 <dcd_edpt_clear_stall+0x1c>)
10004f0a:	f002 f849 	bl	10006fa0 <___hw_endpoint_buffer_control_update32_veneer>
10004f0e:	e7f5      	b.n	10004efc <dcd_edpt_clear_stall+0x8>
10004f10:	fffff7ff 	.word	0xfffff7ff

10004f14 <rp2040_usb_init>:
10004f14:	b510      	push	{r4, lr}
10004f16:	2380      	movs	r3, #128	; 0x80
10004f18:	045b      	lsls	r3, r3, #17
10004f1a:	4a0c      	ldr	r2, [pc, #48]	; (10004f4c <rp2040_usb_init+0x38>)
10004f1c:	6013      	str	r3, [r2, #0]
10004f1e:	4a0c      	ldr	r2, [pc, #48]	; (10004f50 <rp2040_usb_init+0x3c>)
10004f20:	6013      	str	r3, [r2, #0]
10004f22:	4b0c      	ldr	r3, [pc, #48]	; (10004f54 <rp2040_usb_init+0x40>)
10004f24:	689a      	ldr	r2, [r3, #8]
10004f26:	2380      	movs	r3, #128	; 0x80
10004f28:	045b      	lsls	r3, r3, #17
10004f2a:	4393      	bics	r3, r2
10004f2c:	d1f9      	bne.n	10004f22 <rp2040_usb_init+0xe>
10004f2e:	4c0a      	ldr	r4, [pc, #40]	; (10004f58 <rp2040_usb_init+0x44>)
10004f30:	229c      	movs	r2, #156	; 0x9c
10004f32:	2100      	movs	r1, #0
10004f34:	0020      	movs	r0, r4
10004f36:	f7ff f8a9 	bl	1000408c <__wrap_memset>
10004f3a:	2280      	movs	r2, #128	; 0x80
10004f3c:	0152      	lsls	r2, r2, #5
10004f3e:	2100      	movs	r1, #0
10004f40:	4806      	ldr	r0, [pc, #24]	; (10004f5c <rp2040_usb_init+0x48>)
10004f42:	f7ff f8a3 	bl	1000408c <__wrap_memset>
10004f46:	2309      	movs	r3, #9
10004f48:	6763      	str	r3, [r4, #116]	; 0x74
10004f4a:	bd10      	pop	{r4, pc}
10004f4c:	4000e000 	.word	0x4000e000
10004f50:	4000f000 	.word	0x4000f000
10004f54:	4000c000 	.word	0x4000c000
10004f58:	50110000 	.word	0x50110000
10004f5c:	50100000 	.word	0x50100000

10004f60 <hw_endpoint_xfer_start>:
10004f60:	b570      	push	{r4, r5, r6, lr}
10004f62:	0004      	movs	r4, r0
10004f64:	000d      	movs	r5, r1
10004f66:	0016      	movs	r6, r2
10004f68:	7e83      	ldrb	r3, [r0, #26]
10004f6a:	2b00      	cmp	r3, #0
10004f6c:	d117      	bne.n	10004f9e <hw_endpoint_xfer_start+0x3e>
10004f6e:	82a6      	strh	r6, [r4, #20]
10004f70:	2300      	movs	r3, #0
10004f72:	82e3      	strh	r3, [r4, #22]
10004f74:	3301      	adds	r3, #1
10004f76:	76a3      	strb	r3, [r4, #26]
10004f78:	6125      	str	r5, [r4, #16]
10004f7a:	0020      	movs	r0, r4
10004f7c:	f002 f808 	bl	10006f90 <__e15_is_bulkin_ep_veneer>
10004f80:	2800      	cmp	r0, #0
10004f82:	d004      	beq.n	10004f8e <hw_endpoint_xfer_start+0x2e>
10004f84:	4a09      	ldr	r2, [pc, #36]	; (10004fac <hw_endpoint_xfer_start+0x4c>)
10004f86:	2390      	movs	r3, #144	; 0x90
10004f88:	2180      	movs	r1, #128	; 0x80
10004f8a:	0289      	lsls	r1, r1, #10
10004f8c:	50d1      	str	r1, [r2, r3]
10004f8e:	0020      	movs	r0, r4
10004f90:	f001 ff9e 	bl	10006ed0 <__e15_is_critical_frame_period_veneer>
10004f94:	2800      	cmp	r0, #0
10004f96:	d005      	beq.n	10004fa4 <hw_endpoint_xfer_start+0x44>
10004f98:	2301      	movs	r3, #1
10004f9a:	7723      	strb	r3, [r4, #28]
10004f9c:	bd70      	pop	{r4, r5, r6, pc}
10004f9e:	f001 ffef 	bl	10006f80 <__hw_endpoint_reset_transfer_veneer>
10004fa2:	e7e4      	b.n	10004f6e <hw_endpoint_xfer_start+0xe>
10004fa4:	0020      	movs	r0, r4
10004fa6:	f001 ffe3 	bl	10006f70 <__hw_endpoint_start_next_buffer_veneer>
10004faa:	e7f7      	b.n	10004f9c <hw_endpoint_xfer_start+0x3c>
10004fac:	50112000 	.word	0x50112000

10004fb0 <configuration_reset>:
10004fb0:	b570      	push	{r4, r5, r6, lr}
10004fb2:	0005      	movs	r5, r0
10004fb4:	2400      	movs	r4, #0
10004fb6:	e00c      	b.n	10004fd2 <configuration_reset+0x22>
10004fb8:	0063      	lsls	r3, r4, #1
10004fba:	191b      	adds	r3, r3, r4
10004fbc:	00da      	lsls	r2, r3, #3
10004fbe:	4b18      	ldr	r3, [pc, #96]	; (10005020 <configuration_reset+0x70>)
10004fc0:	681b      	ldr	r3, [r3, #0]
10004fc2:	189b      	adds	r3, r3, r2
10004fc4:	2b00      	cmp	r3, #0
10004fc6:	d02a      	beq.n	1000501e <configuration_reset+0x6e>
10004fc8:	685b      	ldr	r3, [r3, #4]
10004fca:	0028      	movs	r0, r5
10004fcc:	4798      	blx	r3
10004fce:	3401      	adds	r4, #1
10004fd0:	b2e4      	uxtb	r4, r4
10004fd2:	4b14      	ldr	r3, [pc, #80]	; (10005024 <configuration_reset+0x74>)
10004fd4:	781b      	ldrb	r3, [r3, #0]
10004fd6:	42a3      	cmp	r3, r4
10004fd8:	d310      	bcc.n	10004ffc <configuration_reset+0x4c>
10004fda:	4a13      	ldr	r2, [pc, #76]	; (10005028 <configuration_reset+0x78>)
10004fdc:	2a00      	cmp	r2, #0
10004fde:	d00b      	beq.n	10004ff8 <configuration_reset+0x48>
10004fe0:	42a3      	cmp	r3, r4
10004fe2:	d8e9      	bhi.n	10004fb8 <configuration_reset+0x8>
10004fe4:	1ae3      	subs	r3, r4, r3
10004fe6:	b2db      	uxtb	r3, r3
10004fe8:	2b00      	cmp	r3, #0
10004fea:	d118      	bne.n	1000501e <configuration_reset+0x6e>
10004fec:	005a      	lsls	r2, r3, #1
10004fee:	18d2      	adds	r2, r2, r3
10004ff0:	00d2      	lsls	r2, r2, #3
10004ff2:	4b0e      	ldr	r3, [pc, #56]	; (1000502c <configuration_reset+0x7c>)
10004ff4:	189b      	adds	r3, r3, r2
10004ff6:	e7e5      	b.n	10004fc4 <configuration_reset+0x14>
10004ff8:	0023      	movs	r3, r4
10004ffa:	e7f5      	b.n	10004fe8 <configuration_reset+0x38>
10004ffc:	4c0c      	ldr	r4, [pc, #48]	; (10005030 <configuration_reset+0x80>)
10004ffe:	2253      	movs	r2, #83	; 0x53
10005000:	2100      	movs	r1, #0
10005002:	0020      	movs	r0, r4
10005004:	f7ff f842 	bl	1000408c <__wrap_memset>
10005008:	1ce0      	adds	r0, r4, #3
1000500a:	2210      	movs	r2, #16
1000500c:	21ff      	movs	r1, #255	; 0xff
1000500e:	f7ff f83d 	bl	1000408c <__wrap_memset>
10005012:	0020      	movs	r0, r4
10005014:	3013      	adds	r0, #19
10005016:	2220      	movs	r2, #32
10005018:	21ff      	movs	r1, #255	; 0xff
1000501a:	f7ff f837 	bl	1000408c <__wrap_memset>
1000501e:	bd70      	pop	{r4, r5, r6, pc}
10005020:	20000df4 	.word	0x20000df4
10005024:	20001a61 	.word	0x20001a61
10005028:	10004641 	.word	0x10004641
1000502c:	100087f0 	.word	0x100087f0
10005030:	2000111c 	.word	0x2000111c

10005034 <usbd_reset>:
10005034:	b510      	push	{r4, lr}
10005036:	f7ff ffbb 	bl	10004fb0 <configuration_reset>
1000503a:	f000 fdf1 	bl	10005c20 <usbd_control_reset>
1000503e:	bd10      	pop	{r4, pc}

10005040 <invoke_class_control>:
10005040:	b570      	push	{r4, r5, r6, lr}
10005042:	0005      	movs	r5, r0
10005044:	000c      	movs	r4, r1
10005046:	0016      	movs	r6, r2
10005048:	68c8      	ldr	r0, [r1, #12]
1000504a:	f000 fdf3 	bl	10005c34 <usbd_control_set_complete_callback>
1000504e:	68e3      	ldr	r3, [r4, #12]
10005050:	0032      	movs	r2, r6
10005052:	2101      	movs	r1, #1
10005054:	0028      	movs	r0, r5
10005056:	4798      	blx	r3
10005058:	bd70      	pop	{r4, r5, r6, pc}
	...

1000505c <process_set_config>:
1000505c:	b5f0      	push	{r4, r5, r6, r7, lr}
1000505e:	46de      	mov	lr, fp
10005060:	4657      	mov	r7, sl
10005062:	464e      	mov	r6, r9
10005064:	b5c0      	push	{r6, r7, lr}
10005066:	b082      	sub	sp, #8
10005068:	9000      	str	r0, [sp, #0]
1000506a:	3901      	subs	r1, #1
1000506c:	b2c8      	uxtb	r0, r1
1000506e:	f7ff fd43 	bl	10004af8 <tud_descriptor_configuration_cb>
10005072:	2800      	cmp	r0, #0
10005074:	d100      	bne.n	10005078 <process_set_config+0x1c>
10005076:	e08c      	b.n	10005192 <process_set_config+0x136>
10005078:	7843      	ldrb	r3, [r0, #1]
1000507a:	469a      	mov	sl, r3
1000507c:	2b02      	cmp	r3, #2
1000507e:	d000      	beq.n	10005082 <process_set_config+0x26>
10005080:	e089      	b.n	10005196 <process_set_config+0x13a>
10005082:	79c5      	ldrb	r5, [r0, #7]
10005084:	116a      	asrs	r2, r5, #5
10005086:	3b01      	subs	r3, #1
10005088:	494b      	ldr	r1, [pc, #300]	; (100051b8 <process_set_config+0x15c>)
1000508a:	401a      	ands	r2, r3
1000508c:	0114      	lsls	r4, r2, #4
1000508e:	780a      	ldrb	r2, [r1, #0]
10005090:	2710      	movs	r7, #16
10005092:	43ba      	bics	r2, r7
10005094:	4322      	orrs	r2, r4
10005096:	700a      	strb	r2, [r1, #0]
10005098:	11ad      	asrs	r5, r5, #6
1000509a:	402b      	ands	r3, r5
1000509c:	015b      	lsls	r3, r3, #5
1000509e:	b2d2      	uxtb	r2, r2
100050a0:	2420      	movs	r4, #32
100050a2:	43a2      	bics	r2, r4
100050a4:	4313      	orrs	r3, r2
100050a6:	700b      	strb	r3, [r1, #0]
100050a8:	0006      	movs	r6, r0
100050aa:	3609      	adds	r6, #9
100050ac:	7882      	ldrb	r2, [r0, #2]
100050ae:	78c4      	ldrb	r4, [r0, #3]
100050b0:	0224      	lsls	r4, r4, #8
100050b2:	4314      	orrs	r4, r2
100050b4:	1904      	adds	r4, r0, r4
100050b6:	42a6      	cmp	r6, r4
100050b8:	d264      	bcs.n	10005184 <process_set_config+0x128>
100050ba:	7873      	ldrb	r3, [r6, #1]
100050bc:	2b0b      	cmp	r3, #11
100050be:	d009      	beq.n	100050d4 <process_set_config+0x78>
100050c0:	2301      	movs	r3, #1
100050c2:	469b      	mov	fp, r3
100050c4:	7873      	ldrb	r3, [r6, #1]
100050c6:	2b04      	cmp	r3, #4
100050c8:	d16c      	bne.n	100051a4 <process_set_config+0x148>
100050ca:	1ba3      	subs	r3, r4, r6
100050cc:	b29b      	uxth	r3, r3
100050ce:	4699      	mov	r9, r3
100050d0:	2500      	movs	r5, #0
100050d2:	e025      	b.n	10005120 <process_set_config+0xc4>
100050d4:	78f3      	ldrb	r3, [r6, #3]
100050d6:	469b      	mov	fp, r3
100050d8:	7833      	ldrb	r3, [r6, #0]
100050da:	18f6      	adds	r6, r6, r3
100050dc:	e7f2      	b.n	100050c4 <process_set_config+0x68>
100050de:	006f      	lsls	r7, r5, #1
100050e0:	197f      	adds	r7, r7, r5
100050e2:	00fb      	lsls	r3, r7, #3
100050e4:	4a35      	ldr	r2, [pc, #212]	; (100051bc <process_set_config+0x160>)
100050e6:	6817      	ldr	r7, [r2, #0]
100050e8:	18ff      	adds	r7, r7, r3
100050ea:	e02b      	b.n	10005144 <process_set_config+0xe8>
100050ec:	002b      	movs	r3, r5
100050ee:	e022      	b.n	10005136 <process_set_config+0xda>
100050f0:	68ba      	ldr	r2, [r7, #8]
100050f2:	4b33      	ldr	r3, [pc, #204]	; (100051c0 <process_set_config+0x164>)
100050f4:	429a      	cmp	r2, r3
100050f6:	d134      	bne.n	10005162 <process_set_config+0x106>
100050f8:	46d3      	mov	fp, sl
100050fa:	e032      	b.n	10005162 <process_set_config+0x106>
100050fc:	482e      	ldr	r0, [pc, #184]	; (100051b8 <process_set_config+0x15c>)
100050fe:	002b      	movs	r3, r5
10005100:	9f01      	ldr	r7, [sp, #4]
10005102:	003a      	movs	r2, r7
10005104:	0031      	movs	r1, r6
10005106:	3013      	adds	r0, #19
10005108:	f001 f9a2 	bl	10006450 <tu_edpt_bind_driver>
1000510c:	46bc      	mov	ip, r7
1000510e:	4466      	add	r6, ip
10005110:	4b2c      	ldr	r3, [pc, #176]	; (100051c4 <process_set_config+0x168>)
10005112:	781b      	ldrb	r3, [r3, #0]
10005114:	42ab      	cmp	r3, r5
10005116:	d2ce      	bcs.n	100050b6 <process_set_config+0x5a>
10005118:	2000      	movs	r0, #0
1000511a:	e03d      	b.n	10005198 <process_set_config+0x13c>
1000511c:	3501      	adds	r5, #1
1000511e:	b2ed      	uxtb	r5, r5
10005120:	4b28      	ldr	r3, [pc, #160]	; (100051c4 <process_set_config+0x168>)
10005122:	781b      	ldrb	r3, [r3, #0]
10005124:	42ab      	cmp	r3, r5
10005126:	d3f3      	bcc.n	10005110 <process_set_config+0xb4>
10005128:	4a27      	ldr	r2, [pc, #156]	; (100051c8 <process_set_config+0x16c>)
1000512a:	2a00      	cmp	r2, #0
1000512c:	d0de      	beq.n	100050ec <process_set_config+0x90>
1000512e:	42ab      	cmp	r3, r5
10005130:	d8d5      	bhi.n	100050de <process_set_config+0x82>
10005132:	1aeb      	subs	r3, r5, r3
10005134:	b2db      	uxtb	r3, r3
10005136:	2b00      	cmp	r3, #0
10005138:	d136      	bne.n	100051a8 <process_set_config+0x14c>
1000513a:	005f      	lsls	r7, r3, #1
1000513c:	18fb      	adds	r3, r7, r3
1000513e:	00db      	lsls	r3, r3, #3
10005140:	4f22      	ldr	r7, [pc, #136]	; (100051cc <process_set_config+0x170>)
10005142:	18ff      	adds	r7, r7, r3
10005144:	2f00      	cmp	r7, #0
10005146:	d031      	beq.n	100051ac <process_set_config+0x150>
10005148:	464a      	mov	r2, r9
1000514a:	0031      	movs	r1, r6
1000514c:	9800      	ldr	r0, [sp, #0]
1000514e:	68bb      	ldr	r3, [r7, #8]
10005150:	4798      	blx	r3
10005152:	9001      	str	r0, [sp, #4]
10005154:	2808      	cmp	r0, #8
10005156:	d9e1      	bls.n	1000511c <process_set_config+0xc0>
10005158:	4581      	cmp	r9, r0
1000515a:	d3df      	bcc.n	1000511c <process_set_config+0xc0>
1000515c:	465b      	mov	r3, fp
1000515e:	2b01      	cmp	r3, #1
10005160:	d0c6      	beq.n	100050f0 <process_set_config+0x94>
10005162:	2200      	movs	r2, #0
10005164:	4593      	cmp	fp, r2
10005166:	d9c9      	bls.n	100050fc <process_set_config+0xa0>
10005168:	78b3      	ldrb	r3, [r6, #2]
1000516a:	189b      	adds	r3, r3, r2
1000516c:	b2db      	uxtb	r3, r3
1000516e:	4912      	ldr	r1, [pc, #72]	; (100051b8 <process_set_config+0x15c>)
10005170:	18c9      	adds	r1, r1, r3
10005172:	78c9      	ldrb	r1, [r1, #3]
10005174:	29ff      	cmp	r1, #255	; 0xff
10005176:	d11b      	bne.n	100051b0 <process_set_config+0x154>
10005178:	490f      	ldr	r1, [pc, #60]	; (100051b8 <process_set_config+0x15c>)
1000517a:	18cb      	adds	r3, r1, r3
1000517c:	70dd      	strb	r5, [r3, #3]
1000517e:	3201      	adds	r2, #1
10005180:	b2d2      	uxtb	r2, r2
10005182:	e7ef      	b.n	10005164 <process_set_config+0x108>
10005184:	4b12      	ldr	r3, [pc, #72]	; (100051d0 <process_set_config+0x174>)
10005186:	2b00      	cmp	r3, #0
10005188:	d014      	beq.n	100051b4 <process_set_config+0x158>
1000518a:	e000      	b.n	1000518e <process_set_config+0x132>
1000518c:	bf00      	nop
1000518e:	2001      	movs	r0, #1
10005190:	e002      	b.n	10005198 <process_set_config+0x13c>
10005192:	2000      	movs	r0, #0
10005194:	e000      	b.n	10005198 <process_set_config+0x13c>
10005196:	2000      	movs	r0, #0
10005198:	b002      	add	sp, #8
1000519a:	bce0      	pop	{r5, r6, r7}
1000519c:	46bb      	mov	fp, r7
1000519e:	46b2      	mov	sl, r6
100051a0:	46a9      	mov	r9, r5
100051a2:	bdf0      	pop	{r4, r5, r6, r7, pc}
100051a4:	2000      	movs	r0, #0
100051a6:	e7f7      	b.n	10005198 <process_set_config+0x13c>
100051a8:	2000      	movs	r0, #0
100051aa:	e7f5      	b.n	10005198 <process_set_config+0x13c>
100051ac:	2000      	movs	r0, #0
100051ae:	e7f3      	b.n	10005198 <process_set_config+0x13c>
100051b0:	2000      	movs	r0, #0
100051b2:	e7f1      	b.n	10005198 <process_set_config+0x13c>
100051b4:	2001      	movs	r0, #1
100051b6:	e7ef      	b.n	10005198 <process_set_config+0x13c>
100051b8:	2000111c 	.word	0x2000111c
100051bc:	20000df4 	.word	0x20000df4
100051c0:	10006005 	.word	0x10006005
100051c4:	20001a61 	.word	0x20001a61
100051c8:	10004641 	.word	0x10004641
100051cc:	100087f0 	.word	0x100087f0
100051d0:	00000000 	.word	0x00000000

100051d4 <process_get_descriptor>:
100051d4:	b570      	push	{r4, r5, r6, lr}
100051d6:	0005      	movs	r5, r0
100051d8:	000c      	movs	r4, r1
100051da:	78cb      	ldrb	r3, [r1, #3]
100051dc:	7888      	ldrb	r0, [r1, #2]
100051de:	2b0f      	cmp	r3, #15
100051e0:	d850      	bhi.n	10005284 <process_get_descriptor+0xb0>
100051e2:	009a      	lsls	r2, r3, #2
100051e4:	492e      	ldr	r1, [pc, #184]	; (100052a0 <process_get_descriptor+0xcc>)
100051e6:	588a      	ldr	r2, [r1, r2]
100051e8:	4697      	mov	pc, r2
100051ea:	f7ff fc81 	bl	10004af0 <tud_descriptor_device_cb>
100051ee:	0002      	movs	r2, r0
100051f0:	2312      	movs	r3, #18
100051f2:	0021      	movs	r1, r4
100051f4:	0028      	movs	r0, r5
100051f6:	f000 fcd9 	bl	10005bac <tud_control_xfer>
100051fa:	e044      	b.n	10005286 <process_get_descriptor+0xb2>
100051fc:	4b29      	ldr	r3, [pc, #164]	; (100052a4 <process_get_descriptor+0xd0>)
100051fe:	2b00      	cmp	r3, #0
10005200:	d042      	beq.n	10005288 <process_get_descriptor+0xb4>
10005202:	e000      	b.n	10005206 <process_get_descriptor+0x32>
10005204:	bf00      	nop
10005206:	1e02      	subs	r2, r0, #0
10005208:	d040      	beq.n	1000528c <process_get_descriptor+0xb8>
1000520a:	7881      	ldrb	r1, [r0, #2]
1000520c:	78c3      	ldrb	r3, [r0, #3]
1000520e:	021b      	lsls	r3, r3, #8
10005210:	430b      	orrs	r3, r1
10005212:	0021      	movs	r1, r4
10005214:	0028      	movs	r0, r5
10005216:	f000 fcc9 	bl	10005bac <tud_control_xfer>
1000521a:	e034      	b.n	10005286 <process_get_descriptor+0xb2>
1000521c:	2b02      	cmp	r3, #2
1000521e:	d009      	beq.n	10005234 <process_get_descriptor+0x60>
10005220:	4b21      	ldr	r3, [pc, #132]	; (100052a8 <process_get_descriptor+0xd4>)
10005222:	2b00      	cmp	r3, #0
10005224:	d034      	beq.n	10005290 <process_get_descriptor+0xbc>
10005226:	e000      	b.n	1000522a <process_get_descriptor+0x56>
10005228:	bf00      	nop
1000522a:	0002      	movs	r2, r0
1000522c:	2a00      	cmp	r2, #0
1000522e:	d105      	bne.n	1000523c <process_get_descriptor+0x68>
10005230:	2000      	movs	r0, #0
10005232:	e028      	b.n	10005286 <process_get_descriptor+0xb2>
10005234:	f7ff fc60 	bl	10004af8 <tud_descriptor_configuration_cb>
10005238:	0002      	movs	r2, r0
1000523a:	e7f7      	b.n	1000522c <process_get_descriptor+0x58>
1000523c:	7891      	ldrb	r1, [r2, #2]
1000523e:	78d3      	ldrb	r3, [r2, #3]
10005240:	021b      	lsls	r3, r3, #8
10005242:	430b      	orrs	r3, r1
10005244:	0021      	movs	r1, r4
10005246:	0028      	movs	r0, r5
10005248:	f000 fcb0 	bl	10005bac <tud_control_xfer>
1000524c:	e01b      	b.n	10005286 <process_get_descriptor+0xb2>
1000524e:	7923      	ldrb	r3, [r4, #4]
10005250:	7961      	ldrb	r1, [r4, #5]
10005252:	0209      	lsls	r1, r1, #8
10005254:	4319      	orrs	r1, r3
10005256:	f7ff fc53 	bl	10004b00 <tud_descriptor_string_cb>
1000525a:	1e02      	subs	r2, r0, #0
1000525c:	d01a      	beq.n	10005294 <process_get_descriptor+0xc0>
1000525e:	7803      	ldrb	r3, [r0, #0]
10005260:	0021      	movs	r1, r4
10005262:	0028      	movs	r0, r5
10005264:	f000 fca2 	bl	10005bac <tud_control_xfer>
10005268:	e00d      	b.n	10005286 <process_get_descriptor+0xb2>
1000526a:	4b10      	ldr	r3, [pc, #64]	; (100052ac <process_get_descriptor+0xd8>)
1000526c:	2b00      	cmp	r3, #0
1000526e:	d013      	beq.n	10005298 <process_get_descriptor+0xc4>
10005270:	e000      	b.n	10005274 <process_get_descriptor+0xa0>
10005272:	bf00      	nop
10005274:	1e02      	subs	r2, r0, #0
10005276:	d011      	beq.n	1000529c <process_get_descriptor+0xc8>
10005278:	7803      	ldrb	r3, [r0, #0]
1000527a:	0021      	movs	r1, r4
1000527c:	0028      	movs	r0, r5
1000527e:	f000 fc95 	bl	10005bac <tud_control_xfer>
10005282:	e000      	b.n	10005286 <process_get_descriptor+0xb2>
10005284:	2000      	movs	r0, #0
10005286:	bd70      	pop	{r4, r5, r6, pc}
10005288:	2000      	movs	r0, #0
1000528a:	e7fc      	b.n	10005286 <process_get_descriptor+0xb2>
1000528c:	2000      	movs	r0, #0
1000528e:	e7fa      	b.n	10005286 <process_get_descriptor+0xb2>
10005290:	2000      	movs	r0, #0
10005292:	e7f8      	b.n	10005286 <process_get_descriptor+0xb2>
10005294:	2000      	movs	r0, #0
10005296:	e7f6      	b.n	10005286 <process_get_descriptor+0xb2>
10005298:	2000      	movs	r0, #0
1000529a:	e7f4      	b.n	10005286 <process_get_descriptor+0xb2>
1000529c:	2000      	movs	r0, #0
1000529e:	e7f2      	b.n	10005286 <process_get_descriptor+0xb2>
100052a0:	10008764 	.word	0x10008764
	...

100052b0 <tud_mounted>:
100052b0:	4b02      	ldr	r3, [pc, #8]	; (100052bc <tud_mounted+0xc>)
100052b2:	7858      	ldrb	r0, [r3, #1]
100052b4:	1e43      	subs	r3, r0, #1
100052b6:	4198      	sbcs	r0, r3
100052b8:	b2c0      	uxtb	r0, r0
100052ba:	4770      	bx	lr
100052bc:	2000111c 	.word	0x2000111c

100052c0 <tud_suspended>:
100052c0:	4b02      	ldr	r3, [pc, #8]	; (100052cc <tud_suspended+0xc>)
100052c2:	7818      	ldrb	r0, [r3, #0]
100052c4:	0740      	lsls	r0, r0, #29
100052c6:	0fc0      	lsrs	r0, r0, #31
100052c8:	4770      	bx	lr
100052ca:	46c0      	nop			; (mov r8, r8)
100052cc:	2000111c 	.word	0x2000111c

100052d0 <tud_inited>:
100052d0:	4b03      	ldr	r3, [pc, #12]	; (100052e0 <tud_inited+0x10>)
100052d2:	7818      	ldrb	r0, [r3, #0]
100052d4:	38ff      	subs	r0, #255	; 0xff
100052d6:	1e43      	subs	r3, r0, #1
100052d8:	4198      	sbcs	r0, r3
100052da:	b2c0      	uxtb	r0, r0
100052dc:	4770      	bx	lr
100052de:	46c0      	nop			; (mov r8, r8)
100052e0:	20000ca4 	.word	0x20000ca4

100052e4 <tud_init>:
100052e4:	b570      	push	{r4, r5, r6, lr}
100052e6:	0004      	movs	r4, r0
100052e8:	f7ff fff2 	bl	100052d0 <tud_inited>
100052ec:	1e06      	subs	r6, r0, #0
100052ee:	d001      	beq.n	100052f4 <tud_init+0x10>
100052f0:	0030      	movs	r0, r6
100052f2:	bd70      	pop	{r4, r5, r6, pc}
100052f4:	2253      	movs	r2, #83	; 0x53
100052f6:	2100      	movs	r1, #0
100052f8:	4823      	ldr	r0, [pc, #140]	; (10005388 <tud_init+0xa4>)
100052fa:	f7fe fec7 	bl	1000408c <__wrap_memset>
100052fe:	4d23      	ldr	r5, [pc, #140]	; (1000538c <tud_init+0xa8>)
10005300:	0028      	movs	r0, r5
10005302:	f7fb fca9 	bl	10000c58 <mutex_init>
10005306:	4b22      	ldr	r3, [pc, #136]	; (10005390 <tud_init+0xac>)
10005308:	601d      	str	r5, [r3, #0]
1000530a:	4d22      	ldr	r5, [pc, #136]	; (10005394 <tud_init+0xb0>)
1000530c:	0028      	movs	r0, r5
1000530e:	3014      	adds	r0, #20
10005310:	f7fb fcc8 	bl	10000ca4 <critical_section_init>
10005314:	0028      	movs	r0, r5
10005316:	f001 fbf0 	bl	10006afa <tu_fifo_clear>
1000531a:	4b1f      	ldr	r3, [pc, #124]	; (10005398 <tud_init+0xb4>)
1000531c:	601d      	str	r5, [r3, #0]
1000531e:	4b1f      	ldr	r3, [pc, #124]	; (1000539c <tud_init+0xb8>)
10005320:	2b00      	cmp	r3, #0
10005322:	d004      	beq.n	1000532e <tud_init+0x4a>
10005324:	481e      	ldr	r0, [pc, #120]	; (100053a0 <tud_init+0xbc>)
10005326:	f7ff f98b 	bl	10004640 <usbd_app_driver_get_cb>
1000532a:	4b1e      	ldr	r3, [pc, #120]	; (100053a4 <tud_init+0xc0>)
1000532c:	6018      	str	r0, [r3, #0]
1000532e:	2500      	movs	r5, #0
10005330:	e00b      	b.n	1000534a <tud_init+0x66>
10005332:	006b      	lsls	r3, r5, #1
10005334:	195b      	adds	r3, r3, r5
10005336:	00da      	lsls	r2, r3, #3
10005338:	4b1a      	ldr	r3, [pc, #104]	; (100053a4 <tud_init+0xc0>)
1000533a:	681b      	ldr	r3, [r3, #0]
1000533c:	189b      	adds	r3, r3, r2
1000533e:	2b00      	cmp	r3, #0
10005340:	d0d6      	beq.n	100052f0 <tud_init+0xc>
10005342:	681b      	ldr	r3, [r3, #0]
10005344:	4798      	blx	r3
10005346:	3501      	adds	r5, #1
10005348:	b2ed      	uxtb	r5, r5
1000534a:	4b15      	ldr	r3, [pc, #84]	; (100053a0 <tud_init+0xbc>)
1000534c:	781b      	ldrb	r3, [r3, #0]
1000534e:	42ab      	cmp	r3, r5
10005350:	d310      	bcc.n	10005374 <tud_init+0x90>
10005352:	4a12      	ldr	r2, [pc, #72]	; (1000539c <tud_init+0xb8>)
10005354:	2a00      	cmp	r2, #0
10005356:	d00b      	beq.n	10005370 <tud_init+0x8c>
10005358:	42ab      	cmp	r3, r5
1000535a:	d8ea      	bhi.n	10005332 <tud_init+0x4e>
1000535c:	1aeb      	subs	r3, r5, r3
1000535e:	b2db      	uxtb	r3, r3
10005360:	2b00      	cmp	r3, #0
10005362:	d1c5      	bne.n	100052f0 <tud_init+0xc>
10005364:	005a      	lsls	r2, r3, #1
10005366:	18d2      	adds	r2, r2, r3
10005368:	00d2      	lsls	r2, r2, #3
1000536a:	4b0f      	ldr	r3, [pc, #60]	; (100053a8 <tud_init+0xc4>)
1000536c:	189b      	adds	r3, r3, r2
1000536e:	e7e6      	b.n	1000533e <tud_init+0x5a>
10005370:	002b      	movs	r3, r5
10005372:	e7f5      	b.n	10005360 <tud_init+0x7c>
10005374:	4b0d      	ldr	r3, [pc, #52]	; (100053ac <tud_init+0xc8>)
10005376:	701c      	strb	r4, [r3, #0]
10005378:	0020      	movs	r0, r4
1000537a:	f7ff fd19 	bl	10004db0 <dcd_init>
1000537e:	0020      	movs	r0, r4
10005380:	f7ff fce2 	bl	10004d48 <dcd_int_enable>
10005384:	2601      	movs	r6, #1
10005386:	e7b3      	b.n	100052f0 <tud_init+0xc>
10005388:	2000111c 	.word	0x2000111c
1000538c:	200010d4 	.word	0x200010d4
10005390:	20001170 	.word	0x20001170
10005394:	20000c88 	.word	0x20000c88
10005398:	20001174 	.word	0x20001174
1000539c:	10004641 	.word	0x10004641
100053a0:	20001a61 	.word	0x20001a61
100053a4:	20000df4 	.word	0x20000df4
100053a8:	100087f0 	.word	0x100087f0
100053ac:	20000ca4 	.word	0x20000ca4

100053b0 <usbd_defer_func>:
100053b0:	b5f0      	push	{r4, r5, r6, r7, lr}
100053b2:	b085      	sub	sp, #20
100053b4:	0007      	movs	r7, r0
100053b6:	000e      	movs	r6, r1
100053b8:	0015      	movs	r5, r2
100053ba:	ac01      	add	r4, sp, #4
100053bc:	220c      	movs	r2, #12
100053be:	2100      	movs	r1, #0
100053c0:	0020      	movs	r0, r4
100053c2:	f7fe fe63 	bl	1000408c <__wrap_memset>
100053c6:	2308      	movs	r3, #8
100053c8:	7063      	strb	r3, [r4, #1]
100053ca:	9702      	str	r7, [sp, #8]
100053cc:	9603      	str	r6, [sp, #12]
100053ce:	0029      	movs	r1, r5
100053d0:	0020      	movs	r0, r4
100053d2:	f001 fdbd 	bl	10006f50 <__dcd_event_handler_veneer>
100053d6:	b005      	add	sp, #20
100053d8:	bdf0      	pop	{r4, r5, r6, r7, pc}
	...

100053dc <usbd_edpt_open>:
100053dc:	b570      	push	{r4, r5, r6, lr}
100053de:	000c      	movs	r4, r1
100053e0:	4b09      	ldr	r3, [pc, #36]	; (10005408 <usbd_edpt_open+0x2c>)
100053e2:	781d      	ldrb	r5, [r3, #0]
100053e4:	788b      	ldrb	r3, [r1, #2]
100053e6:	2270      	movs	r2, #112	; 0x70
100053e8:	421a      	tst	r2, r3
100053ea:	d001      	beq.n	100053f0 <usbd_edpt_open+0x14>
100053ec:	2000      	movs	r0, #0
100053ee:	bd70      	pop	{r4, r5, r6, pc}
100053f0:	4b06      	ldr	r3, [pc, #24]	; (1000540c <usbd_edpt_open+0x30>)
100053f2:	7899      	ldrb	r1, [r3, #2]
100053f4:	0020      	movs	r0, r4
100053f6:	f000 ffef 	bl	100063d8 <tu_edpt_validate>
100053fa:	2800      	cmp	r0, #0
100053fc:	d0f7      	beq.n	100053ee <usbd_edpt_open+0x12>
100053fe:	0021      	movs	r1, r4
10005400:	0028      	movs	r0, r5
10005402:	f7ff fd23 	bl	10004e4c <dcd_edpt_open>
10005406:	e7f2      	b.n	100053ee <usbd_edpt_open+0x12>
10005408:	20000ca4 	.word	0x20000ca4
1000540c:	2000111c 	.word	0x2000111c

10005410 <usbd_open_edpt_pair>:
10005410:	b5f8      	push	{r3, r4, r5, r6, r7, lr}
10005412:	46ce      	mov	lr, r9
10005414:	4647      	mov	r7, r8
10005416:	b580      	push	{r7, lr}
10005418:	4681      	mov	r9, r0
1000541a:	000c      	movs	r4, r1
1000541c:	0017      	movs	r7, r2
1000541e:	001e      	movs	r6, r3
10005420:	9b08      	ldr	r3, [sp, #32]
10005422:	4698      	mov	r8, r3
10005424:	2500      	movs	r5, #0
10005426:	e004      	b.n	10005432 <usbd_open_edpt_pair+0x22>
10005428:	9a09      	ldr	r2, [sp, #36]	; 0x24
1000542a:	7013      	strb	r3, [r2, #0]
1000542c:	7823      	ldrb	r3, [r4, #0]
1000542e:	18e4      	adds	r4, r4, r3
10005430:	3501      	adds	r5, #1
10005432:	42af      	cmp	r7, r5
10005434:	dd14      	ble.n	10005460 <usbd_open_edpt_pair+0x50>
10005436:	7863      	ldrb	r3, [r4, #1]
10005438:	2b05      	cmp	r3, #5
1000543a:	d116      	bne.n	1000546a <usbd_open_edpt_pair+0x5a>
1000543c:	78e1      	ldrb	r1, [r4, #3]
1000543e:	0789      	lsls	r1, r1, #30
10005440:	0f89      	lsrs	r1, r1, #30
10005442:	42b1      	cmp	r1, r6
10005444:	d113      	bne.n	1000546e <usbd_open_edpt_pair+0x5e>
10005446:	0021      	movs	r1, r4
10005448:	4648      	mov	r0, r9
1000544a:	f7ff ffc7 	bl	100053dc <usbd_edpt_open>
1000544e:	2800      	cmp	r0, #0
10005450:	d007      	beq.n	10005462 <usbd_open_edpt_pair+0x52>
10005452:	78a3      	ldrb	r3, [r4, #2]
10005454:	09da      	lsrs	r2, r3, #7
10005456:	2a01      	cmp	r2, #1
10005458:	d0e6      	beq.n	10005428 <usbd_open_edpt_pair+0x18>
1000545a:	4642      	mov	r2, r8
1000545c:	7013      	strb	r3, [r2, #0]
1000545e:	e7e5      	b.n	1000542c <usbd_open_edpt_pair+0x1c>
10005460:	2001      	movs	r0, #1
10005462:	bcc0      	pop	{r6, r7}
10005464:	46b9      	mov	r9, r7
10005466:	46b0      	mov	r8, r6
10005468:	bdf8      	pop	{r3, r4, r5, r6, r7, pc}
1000546a:	2000      	movs	r0, #0
1000546c:	e7f9      	b.n	10005462 <usbd_open_edpt_pair+0x52>
1000546e:	2000      	movs	r0, #0
10005470:	e7f7      	b.n	10005462 <usbd_open_edpt_pair+0x52>
	...

10005474 <usbd_edpt_claim>:
10005474:	b510      	push	{r4, lr}
10005476:	207f      	movs	r0, #127	; 0x7f
10005478:	4008      	ands	r0, r1
1000547a:	09c9      	lsrs	r1, r1, #7
1000547c:	0040      	lsls	r0, r0, #1
1000547e:	1840      	adds	r0, r0, r1
10005480:	3030      	adds	r0, #48	; 0x30
10005482:	4904      	ldr	r1, [pc, #16]	; (10005494 <usbd_edpt_claim+0x20>)
10005484:	1808      	adds	r0, r1, r0
10005486:	3003      	adds	r0, #3
10005488:	4b03      	ldr	r3, [pc, #12]	; (10005498 <usbd_edpt_claim+0x24>)
1000548a:	6819      	ldr	r1, [r3, #0]
1000548c:	f000 ff5e 	bl	1000634c <tu_edpt_claim>
10005490:	bd10      	pop	{r4, pc}
10005492:	46c0      	nop			; (mov r8, r8)
10005494:	2000111c 	.word	0x2000111c
10005498:	20001170 	.word	0x20001170

1000549c <usbd_edpt_release>:
1000549c:	b510      	push	{r4, lr}
1000549e:	207f      	movs	r0, #127	; 0x7f
100054a0:	4008      	ands	r0, r1
100054a2:	09c9      	lsrs	r1, r1, #7
100054a4:	0040      	lsls	r0, r0, #1
100054a6:	1840      	adds	r0, r0, r1
100054a8:	3030      	adds	r0, #48	; 0x30
100054aa:	4904      	ldr	r1, [pc, #16]	; (100054bc <usbd_edpt_release+0x20>)
100054ac:	1808      	adds	r0, r1, r0
100054ae:	3003      	adds	r0, #3
100054b0:	4b03      	ldr	r3, [pc, #12]	; (100054c0 <usbd_edpt_release+0x24>)
100054b2:	6819      	ldr	r1, [r3, #0]
100054b4:	f000 ff72 	bl	1000639c <tu_edpt_release>
100054b8:	bd10      	pop	{r4, pc}
100054ba:	46c0      	nop			; (mov r8, r8)
100054bc:	2000111c 	.word	0x2000111c
100054c0:	20001170 	.word	0x20001170

100054c4 <usbd_edpt_xfer>:
100054c4:	b5f8      	push	{r3, r4, r5, r6, r7, lr}
100054c6:	46ce      	mov	lr, r9
100054c8:	4647      	mov	r7, r8
100054ca:	b580      	push	{r7, lr}
100054cc:	4819      	ldr	r0, [pc, #100]	; (10005534 <usbd_edpt_xfer+0x70>)
100054ce:	7800      	ldrb	r0, [r0, #0]
100054d0:	257f      	movs	r5, #127	; 0x7f
100054d2:	400d      	ands	r5, r1
100054d4:	09ce      	lsrs	r6, r1, #7
100054d6:	006f      	lsls	r7, r5, #1
100054d8:	4c17      	ldr	r4, [pc, #92]	; (10005538 <usbd_edpt_xfer+0x74>)
100054da:	19e4      	adds	r4, r4, r7
100054dc:	19a4      	adds	r4, r4, r6
100054de:	3430      	adds	r4, #48	; 0x30
100054e0:	78e4      	ldrb	r4, [r4, #3]
100054e2:	07e4      	lsls	r4, r4, #31
100054e4:	d504      	bpl.n	100054f0 <usbd_edpt_xfer+0x2c>
100054e6:	2000      	movs	r0, #0
100054e8:	bcc0      	pop	{r6, r7}
100054ea:	46b9      	mov	r9, r7
100054ec:	46b0      	mov	r8, r6
100054ee:	bdf8      	pop	{r3, r4, r5, r6, r7, pc}
100054f0:	4c11      	ldr	r4, [pc, #68]	; (10005538 <usbd_edpt_xfer+0x74>)
100054f2:	19e4      	adds	r4, r4, r7
100054f4:	19a4      	adds	r4, r4, r6
100054f6:	2730      	movs	r7, #48	; 0x30
100054f8:	46b9      	mov	r9, r7
100054fa:	44a1      	add	r9, r4
100054fc:	464c      	mov	r4, r9
100054fe:	78e4      	ldrb	r4, [r4, #3]
10005500:	2701      	movs	r7, #1
10005502:	46bc      	mov	ip, r7
10005504:	4667      	mov	r7, ip
10005506:	433c      	orrs	r4, r7
10005508:	0027      	movs	r7, r4
1000550a:	464c      	mov	r4, r9
1000550c:	70e7      	strb	r7, [r4, #3]
1000550e:	f7ff fcc1 	bl	10004e94 <dcd_edpt_xfer>
10005512:	2800      	cmp	r0, #0
10005514:	d1e8      	bne.n	100054e8 <usbd_edpt_xfer+0x24>
10005516:	006d      	lsls	r5, r5, #1
10005518:	4b07      	ldr	r3, [pc, #28]	; (10005538 <usbd_edpt_xfer+0x74>)
1000551a:	195d      	adds	r5, r3, r5
1000551c:	19ae      	adds	r6, r5, r6
1000551e:	3630      	adds	r6, #48	; 0x30
10005520:	78f3      	ldrb	r3, [r6, #3]
10005522:	2201      	movs	r2, #1
10005524:	4393      	bics	r3, r2
10005526:	70f3      	strb	r3, [r6, #3]
10005528:	78f3      	ldrb	r3, [r6, #3]
1000552a:	3203      	adds	r2, #3
1000552c:	4393      	bics	r3, r2
1000552e:	70f3      	strb	r3, [r6, #3]
10005530:	e7da      	b.n	100054e8 <usbd_edpt_xfer+0x24>
10005532:	46c0      	nop			; (mov r8, r8)
10005534:	20000ca4 	.word	0x20000ca4
10005538:	2000111c 	.word	0x2000111c

1000553c <usbd_edpt_stall>:
1000553c:	b570      	push	{r4, r5, r6, lr}
1000553e:	4b0f      	ldr	r3, [pc, #60]	; (1000557c <usbd_edpt_stall+0x40>)
10005540:	7818      	ldrb	r0, [r3, #0]
10005542:	247f      	movs	r4, #127	; 0x7f
10005544:	400c      	ands	r4, r1
10005546:	09cd      	lsrs	r5, r1, #7
10005548:	0062      	lsls	r2, r4, #1
1000554a:	4b0d      	ldr	r3, [pc, #52]	; (10005580 <usbd_edpt_stall+0x44>)
1000554c:	189b      	adds	r3, r3, r2
1000554e:	195b      	adds	r3, r3, r5
10005550:	3330      	adds	r3, #48	; 0x30
10005552:	78db      	ldrb	r3, [r3, #3]
10005554:	079b      	lsls	r3, r3, #30
10005556:	d500      	bpl.n	1000555a <usbd_edpt_stall+0x1e>
10005558:	bd70      	pop	{r4, r5, r6, pc}
1000555a:	f7ff fcb5 	bl	10004ec8 <dcd_edpt_stall>
1000555e:	0063      	lsls	r3, r4, #1
10005560:	4c07      	ldr	r4, [pc, #28]	; (10005580 <usbd_edpt_stall+0x44>)
10005562:	18e4      	adds	r4, r4, r3
10005564:	1964      	adds	r4, r4, r5
10005566:	3430      	adds	r4, #48	; 0x30
10005568:	78e3      	ldrb	r3, [r4, #3]
1000556a:	2202      	movs	r2, #2
1000556c:	4313      	orrs	r3, r2
1000556e:	70e3      	strb	r3, [r4, #3]
10005570:	78e3      	ldrb	r3, [r4, #3]
10005572:	2201      	movs	r2, #1
10005574:	4313      	orrs	r3, r2
10005576:	70e3      	strb	r3, [r4, #3]
10005578:	e7ee      	b.n	10005558 <usbd_edpt_stall+0x1c>
1000557a:	46c0      	nop			; (mov r8, r8)
1000557c:	20000ca4 	.word	0x20000ca4
10005580:	2000111c 	.word	0x2000111c

10005584 <usbd_edpt_clear_stall>:
10005584:	b570      	push	{r4, r5, r6, lr}
10005586:	4b0f      	ldr	r3, [pc, #60]	; (100055c4 <usbd_edpt_clear_stall+0x40>)
10005588:	7818      	ldrb	r0, [r3, #0]
1000558a:	247f      	movs	r4, #127	; 0x7f
1000558c:	400c      	ands	r4, r1
1000558e:	09cd      	lsrs	r5, r1, #7
10005590:	0062      	lsls	r2, r4, #1
10005592:	4b0d      	ldr	r3, [pc, #52]	; (100055c8 <usbd_edpt_clear_stall+0x44>)
10005594:	189b      	adds	r3, r3, r2
10005596:	195b      	adds	r3, r3, r5
10005598:	3330      	adds	r3, #48	; 0x30
1000559a:	78db      	ldrb	r3, [r3, #3]
1000559c:	079b      	lsls	r3, r3, #30
1000559e:	d400      	bmi.n	100055a2 <usbd_edpt_clear_stall+0x1e>
100055a0:	bd70      	pop	{r4, r5, r6, pc}
100055a2:	f7ff fca7 	bl	10004ef4 <dcd_edpt_clear_stall>
100055a6:	0063      	lsls	r3, r4, #1
100055a8:	4c07      	ldr	r4, [pc, #28]	; (100055c8 <usbd_edpt_clear_stall+0x44>)
100055aa:	18e4      	adds	r4, r4, r3
100055ac:	1964      	adds	r4, r4, r5
100055ae:	3430      	adds	r4, #48	; 0x30
100055b0:	78e3      	ldrb	r3, [r4, #3]
100055b2:	2202      	movs	r2, #2
100055b4:	4393      	bics	r3, r2
100055b6:	70e3      	strb	r3, [r4, #3]
100055b8:	78e3      	ldrb	r3, [r4, #3]
100055ba:	3a01      	subs	r2, #1
100055bc:	4393      	bics	r3, r2
100055be:	70e3      	strb	r3, [r4, #3]
100055c0:	e7ee      	b.n	100055a0 <usbd_edpt_clear_stall+0x1c>
100055c2:	46c0      	nop			; (mov r8, r8)
100055c4:	20000ca4 	.word	0x20000ca4
100055c8:	2000111c 	.word	0x2000111c

100055cc <usbd_edpt_stalled>:
100055cc:	227f      	movs	r2, #127	; 0x7f
100055ce:	400a      	ands	r2, r1
100055d0:	09cb      	lsrs	r3, r1, #7
100055d2:	0052      	lsls	r2, r2, #1
100055d4:	4903      	ldr	r1, [pc, #12]	; (100055e4 <usbd_edpt_stalled+0x18>)
100055d6:	1889      	adds	r1, r1, r2
100055d8:	18c9      	adds	r1, r1, r3
100055da:	3130      	adds	r1, #48	; 0x30
100055dc:	78c8      	ldrb	r0, [r1, #3]
100055de:	0780      	lsls	r0, r0, #30
100055e0:	0fc0      	lsrs	r0, r0, #31
100055e2:	4770      	bx	lr
100055e4:	2000111c 	.word	0x2000111c

100055e8 <process_control_request>:
100055e8:	b5f0      	push	{r4, r5, r6, r7, lr}
100055ea:	46c6      	mov	lr, r8
100055ec:	b500      	push	{lr}
100055ee:	b082      	sub	sp, #8
100055f0:	0005      	movs	r5, r0
100055f2:	000c      	movs	r4, r1
100055f4:	2000      	movs	r0, #0
100055f6:	f000 fb1d 	bl	10005c34 <usbd_control_set_complete_callback>
100055fa:	7823      	ldrb	r3, [r4, #0]
100055fc:	2260      	movs	r2, #96	; 0x60
100055fe:	4013      	ands	r3, r2
10005600:	2b60      	cmp	r3, #96	; 0x60
10005602:	d100      	bne.n	10005606 <process_control_request+0x1e>
10005604:	e185      	b.n	10005912 <process_control_request+0x32a>
10005606:	2b40      	cmp	r3, #64	; 0x40
10005608:	d00f      	beq.n	1000562a <process_control_request+0x42>
1000560a:	7822      	ldrb	r2, [r4, #0]
1000560c:	06d2      	lsls	r2, r2, #27
1000560e:	0ed2      	lsrs	r2, r2, #27
10005610:	2a01      	cmp	r2, #1
10005612:	d100      	bne.n	10005616 <process_control_request+0x2e>
10005614:	e0c9      	b.n	100057aa <process_control_request+0x1c2>
10005616:	2a02      	cmp	r2, #2
10005618:	d100      	bne.n	1000561c <process_control_request+0x34>
1000561a:	e10f      	b.n	1000583c <process_control_request+0x254>
1000561c:	2a00      	cmp	r2, #0
1000561e:	d011      	beq.n	10005644 <process_control_request+0x5c>
10005620:	2000      	movs	r0, #0
10005622:	b002      	add	sp, #8
10005624:	bc80      	pop	{r7}
10005626:	46b8      	mov	r8, r7
10005628:	bdf0      	pop	{r4, r5, r6, r7, pc}
1000562a:	4bc7      	ldr	r3, [pc, #796]	; (10005948 <process_control_request+0x360>)
1000562c:	2b00      	cmp	r3, #0
1000562e:	d100      	bne.n	10005632 <process_control_request+0x4a>
10005630:	e171      	b.n	10005916 <process_control_request+0x32e>
10005632:	0018      	movs	r0, r3
10005634:	f000 fafe 	bl	10005c34 <usbd_control_set_complete_callback>
10005638:	0022      	movs	r2, r4
1000563a:	2101      	movs	r1, #1
1000563c:	0028      	movs	r0, r5
1000563e:	e000      	b.n	10005642 <process_control_request+0x5a>
10005640:	bf00      	nop
10005642:	e7ee      	b.n	10005622 <process_control_request+0x3a>
10005644:	2b20      	cmp	r3, #32
10005646:	d00a      	beq.n	1000565e <process_control_request+0x76>
10005648:	2b00      	cmp	r3, #0
1000564a:	d000      	beq.n	1000564e <process_control_request+0x66>
1000564c:	e16b      	b.n	10005926 <process_control_request+0x33e>
1000564e:	7863      	ldrb	r3, [r4, #1]
10005650:	2b09      	cmp	r3, #9
10005652:	d900      	bls.n	10005656 <process_control_request+0x6e>
10005654:	e169      	b.n	1000592a <process_control_request+0x342>
10005656:	009b      	lsls	r3, r3, #2
10005658:	4abc      	ldr	r2, [pc, #752]	; (1000594c <process_control_request+0x364>)
1000565a:	58d3      	ldr	r3, [r2, r3]
1000565c:	469f      	mov	pc, r3
1000565e:	7923      	ldrb	r3, [r4, #4]
10005660:	2b0f      	cmp	r3, #15
10005662:	d900      	bls.n	10005666 <process_control_request+0x7e>
10005664:	e159      	b.n	1000591a <process_control_request+0x332>
10005666:	4aba      	ldr	r2, [pc, #744]	; (10005950 <process_control_request+0x368>)
10005668:	18d3      	adds	r3, r2, r3
1000566a:	78db      	ldrb	r3, [r3, #3]
1000566c:	4ab9      	ldr	r2, [pc, #740]	; (10005954 <process_control_request+0x36c>)
1000566e:	2a00      	cmp	r2, #0
10005670:	d005      	beq.n	1000567e <process_control_request+0x96>
10005672:	4ab9      	ldr	r2, [pc, #740]	; (10005958 <process_control_request+0x370>)
10005674:	7812      	ldrb	r2, [r2, #0]
10005676:	4293      	cmp	r3, r2
10005678:	d311      	bcc.n	1000569e <process_control_request+0xb6>
1000567a:	1a9b      	subs	r3, r3, r2
1000567c:	b2db      	uxtb	r3, r3
1000567e:	2b00      	cmp	r3, #0
10005680:	d000      	beq.n	10005684 <process_control_request+0x9c>
10005682:	e14c      	b.n	1000591e <process_control_request+0x336>
10005684:	0059      	lsls	r1, r3, #1
10005686:	18cb      	adds	r3, r1, r3
10005688:	00db      	lsls	r3, r3, #3
1000568a:	49b4      	ldr	r1, [pc, #720]	; (1000595c <process_control_request+0x374>)
1000568c:	18c9      	adds	r1, r1, r3
1000568e:	2900      	cmp	r1, #0
10005690:	d100      	bne.n	10005694 <process_control_request+0xac>
10005692:	e146      	b.n	10005922 <process_control_request+0x33a>
10005694:	0022      	movs	r2, r4
10005696:	0028      	movs	r0, r5
10005698:	f7ff fcd2 	bl	10005040 <invoke_class_control>
1000569c:	e7c1      	b.n	10005622 <process_control_request+0x3a>
1000569e:	0059      	lsls	r1, r3, #1
100056a0:	18cb      	adds	r3, r1, r3
100056a2:	00db      	lsls	r3, r3, #3
100056a4:	4aae      	ldr	r2, [pc, #696]	; (10005960 <process_control_request+0x378>)
100056a6:	6811      	ldr	r1, [r2, #0]
100056a8:	18c9      	adds	r1, r1, r3
100056aa:	e7f0      	b.n	1000568e <process_control_request+0xa6>
100056ac:	0020      	movs	r0, r4
100056ae:	f000 fac7 	bl	10005c40 <usbd_control_set_request>
100056b2:	78a1      	ldrb	r1, [r4, #2]
100056b4:	0028      	movs	r0, r5
100056b6:	f7ff fb5d 	bl	10004d74 <dcd_set_address>
100056ba:	4aa5      	ldr	r2, [pc, #660]	; (10005950 <process_control_request+0x368>)
100056bc:	7813      	ldrb	r3, [r2, #0]
100056be:	2102      	movs	r1, #2
100056c0:	430b      	orrs	r3, r1
100056c2:	7013      	strb	r3, [r2, #0]
100056c4:	2001      	movs	r0, #1
100056c6:	e7ac      	b.n	10005622 <process_control_request+0x3a>
100056c8:	4ba1      	ldr	r3, [pc, #644]	; (10005950 <process_control_request+0x368>)
100056ca:	785b      	ldrb	r3, [r3, #1]
100056cc:	466a      	mov	r2, sp
100056ce:	3206      	adds	r2, #6
100056d0:	7013      	strb	r3, [r2, #0]
100056d2:	2301      	movs	r3, #1
100056d4:	0021      	movs	r1, r4
100056d6:	0028      	movs	r0, r5
100056d8:	f000 fa68 	bl	10005bac <tud_control_xfer>
100056dc:	2001      	movs	r0, #1
100056de:	e7a0      	b.n	10005622 <process_control_request+0x3a>
100056e0:	78a6      	ldrb	r6, [r4, #2]
100056e2:	4b9b      	ldr	r3, [pc, #620]	; (10005950 <process_control_request+0x368>)
100056e4:	785b      	ldrb	r3, [r3, #1]
100056e6:	b2db      	uxtb	r3, r3
100056e8:	42b3      	cmp	r3, r6
100056ea:	d005      	beq.n	100056f8 <process_control_request+0x110>
100056ec:	4b98      	ldr	r3, [pc, #608]	; (10005950 <process_control_request+0x368>)
100056ee:	785b      	ldrb	r3, [r3, #1]
100056f0:	2b00      	cmp	r3, #0
100056f2:	d109      	bne.n	10005708 <process_control_request+0x120>
100056f4:	2e00      	cmp	r6, #0
100056f6:	d113      	bne.n	10005720 <process_control_request+0x138>
100056f8:	4b95      	ldr	r3, [pc, #596]	; (10005950 <process_control_request+0x368>)
100056fa:	705e      	strb	r6, [r3, #1]
100056fc:	0021      	movs	r1, r4
100056fe:	0028      	movs	r0, r5
10005700:	f000 fa38 	bl	10005b74 <tud_control_status>
10005704:	2001      	movs	r0, #1
10005706:	e78c      	b.n	10005622 <process_control_request+0x3a>
10005708:	0028      	movs	r0, r5
1000570a:	f7ff fbbf 	bl	10004e8c <dcd_edpt_close_all>
1000570e:	4f90      	ldr	r7, [pc, #576]	; (10005950 <process_control_request+0x368>)
10005710:	78bb      	ldrb	r3, [r7, #2]
10005712:	4698      	mov	r8, r3
10005714:	0028      	movs	r0, r5
10005716:	f7ff fc4b 	bl	10004fb0 <configuration_reset>
1000571a:	4643      	mov	r3, r8
1000571c:	70bb      	strb	r3, [r7, #2]
1000571e:	e7e9      	b.n	100056f4 <process_control_request+0x10c>
10005720:	0031      	movs	r1, r6
10005722:	0028      	movs	r0, r5
10005724:	f7ff fc9a 	bl	1000505c <process_set_config>
10005728:	2800      	cmp	r0, #0
1000572a:	d1e5      	bne.n	100056f8 <process_control_request+0x110>
1000572c:	e779      	b.n	10005622 <process_control_request+0x3a>
1000572e:	0021      	movs	r1, r4
10005730:	0028      	movs	r0, r5
10005732:	f7ff fd4f 	bl	100051d4 <process_get_descriptor>
10005736:	e774      	b.n	10005622 <process_control_request+0x3a>
10005738:	78a2      	ldrb	r2, [r4, #2]
1000573a:	78e3      	ldrb	r3, [r4, #3]
1000573c:	021b      	lsls	r3, r3, #8
1000573e:	4313      	orrs	r3, r2
10005740:	2b01      	cmp	r3, #1
10005742:	d001      	beq.n	10005748 <process_control_request+0x160>
10005744:	2000      	movs	r0, #0
10005746:	e76c      	b.n	10005622 <process_control_request+0x3a>
10005748:	4a81      	ldr	r2, [pc, #516]	; (10005950 <process_control_request+0x368>)
1000574a:	7813      	ldrb	r3, [r2, #0]
1000574c:	2108      	movs	r1, #8
1000574e:	430b      	orrs	r3, r1
10005750:	7013      	strb	r3, [r2, #0]
10005752:	0021      	movs	r1, r4
10005754:	0028      	movs	r0, r5
10005756:	f000 fa0d 	bl	10005b74 <tud_control_status>
1000575a:	2001      	movs	r0, #1
1000575c:	e761      	b.n	10005622 <process_control_request+0x3a>
1000575e:	78a2      	ldrb	r2, [r4, #2]
10005760:	78e3      	ldrb	r3, [r4, #3]
10005762:	021b      	lsls	r3, r3, #8
10005764:	4313      	orrs	r3, r2
10005766:	2b01      	cmp	r3, #1
10005768:	d001      	beq.n	1000576e <process_control_request+0x186>
1000576a:	2000      	movs	r0, #0
1000576c:	e759      	b.n	10005622 <process_control_request+0x3a>
1000576e:	4a78      	ldr	r2, [pc, #480]	; (10005950 <process_control_request+0x368>)
10005770:	7813      	ldrb	r3, [r2, #0]
10005772:	2108      	movs	r1, #8
10005774:	438b      	bics	r3, r1
10005776:	7013      	strb	r3, [r2, #0]
10005778:	0021      	movs	r1, r4
1000577a:	0028      	movs	r0, r5
1000577c:	f000 f9fa 	bl	10005b74 <tud_control_status>
10005780:	2001      	movs	r0, #1
10005782:	e74e      	b.n	10005622 <process_control_request+0x3a>
10005784:	4b72      	ldr	r3, [pc, #456]	; (10005950 <process_control_request+0x368>)
10005786:	781a      	ldrb	r2, [r3, #0]
10005788:	0951      	lsrs	r1, r2, #5
1000578a:	0892      	lsrs	r2, r2, #2
1000578c:	2301      	movs	r3, #1
1000578e:	400b      	ands	r3, r1
10005790:	2102      	movs	r1, #2
10005792:	400a      	ands	r2, r1
10005794:	4313      	orrs	r3, r2
10005796:	466a      	mov	r2, sp
10005798:	3206      	adds	r2, #6
1000579a:	8013      	strh	r3, [r2, #0]
1000579c:	2302      	movs	r3, #2
1000579e:	0021      	movs	r1, r4
100057a0:	0028      	movs	r0, r5
100057a2:	f000 fa03 	bl	10005bac <tud_control_xfer>
100057a6:	2001      	movs	r0, #1
100057a8:	e73b      	b.n	10005622 <process_control_request+0x3a>
100057aa:	7923      	ldrb	r3, [r4, #4]
100057ac:	2b0f      	cmp	r3, #15
100057ae:	d900      	bls.n	100057b2 <process_control_request+0x1ca>
100057b0:	e0bd      	b.n	1000592e <process_control_request+0x346>
100057b2:	4a67      	ldr	r2, [pc, #412]	; (10005950 <process_control_request+0x368>)
100057b4:	18d3      	adds	r3, r2, r3
100057b6:	78d9      	ldrb	r1, [r3, #3]
100057b8:	4b66      	ldr	r3, [pc, #408]	; (10005954 <process_control_request+0x36c>)
100057ba:	2b00      	cmp	r3, #0
100057bc:	d005      	beq.n	100057ca <process_control_request+0x1e2>
100057be:	4b66      	ldr	r3, [pc, #408]	; (10005958 <process_control_request+0x370>)
100057c0:	781b      	ldrb	r3, [r3, #0]
100057c2:	4299      	cmp	r1, r3
100057c4:	d328      	bcc.n	10005818 <process_control_request+0x230>
100057c6:	1ac9      	subs	r1, r1, r3
100057c8:	b2c9      	uxtb	r1, r1
100057ca:	2900      	cmp	r1, #0
100057cc:	d000      	beq.n	100057d0 <process_control_request+0x1e8>
100057ce:	e0b0      	b.n	10005932 <process_control_request+0x34a>
100057d0:	004b      	lsls	r3, r1, #1
100057d2:	185b      	adds	r3, r3, r1
100057d4:	00db      	lsls	r3, r3, #3
100057d6:	4961      	ldr	r1, [pc, #388]	; (1000595c <process_control_request+0x374>)
100057d8:	18c9      	adds	r1, r1, r3
100057da:	2900      	cmp	r1, #0
100057dc:	d100      	bne.n	100057e0 <process_control_request+0x1f8>
100057de:	e0aa      	b.n	10005936 <process_control_request+0x34e>
100057e0:	0022      	movs	r2, r4
100057e2:	0028      	movs	r0, r5
100057e4:	f7ff fc2c 	bl	10005040 <invoke_class_control>
100057e8:	2800      	cmp	r0, #0
100057ea:	d000      	beq.n	100057ee <process_control_request+0x206>
100057ec:	e719      	b.n	10005622 <process_control_request+0x3a>
100057ee:	7823      	ldrb	r3, [r4, #0]
100057f0:	2260      	movs	r2, #96	; 0x60
100057f2:	421a      	tst	r2, r3
100057f4:	d000      	beq.n	100057f8 <process_control_request+0x210>
100057f6:	e714      	b.n	10005622 <process_control_request+0x3a>
100057f8:	7863      	ldrb	r3, [r4, #1]
100057fa:	3b0a      	subs	r3, #10
100057fc:	2b01      	cmp	r3, #1
100057fe:	d900      	bls.n	10005802 <process_control_request+0x21a>
10005800:	e70f      	b.n	10005622 <process_control_request+0x3a>
10005802:	f000 fa17 	bl	10005c34 <usbd_control_set_complete_callback>
10005806:	7863      	ldrb	r3, [r4, #1]
10005808:	2b0a      	cmp	r3, #10
1000580a:	d00c      	beq.n	10005826 <process_control_request+0x23e>
1000580c:	0021      	movs	r1, r4
1000580e:	0028      	movs	r0, r5
10005810:	f000 f9b0 	bl	10005b74 <tud_control_status>
10005814:	2001      	movs	r0, #1
10005816:	e704      	b.n	10005622 <process_control_request+0x3a>
10005818:	004b      	lsls	r3, r1, #1
1000581a:	185b      	adds	r3, r3, r1
1000581c:	00db      	lsls	r3, r3, #3
1000581e:	4a50      	ldr	r2, [pc, #320]	; (10005960 <process_control_request+0x378>)
10005820:	6811      	ldr	r1, [r2, #0]
10005822:	18c9      	adds	r1, r1, r3
10005824:	e7d9      	b.n	100057da <process_control_request+0x1f2>
10005826:	466b      	mov	r3, sp
10005828:	1d9a      	adds	r2, r3, #6
1000582a:	2300      	movs	r3, #0
1000582c:	7013      	strb	r3, [r2, #0]
1000582e:	3301      	adds	r3, #1
10005830:	0021      	movs	r1, r4
10005832:	0028      	movs	r0, r5
10005834:	f000 f9ba 	bl	10005bac <tud_control_xfer>
10005838:	2001      	movs	r0, #1
1000583a:	e6f2      	b.n	10005622 <process_control_request+0x3a>
1000583c:	7921      	ldrb	r1, [r4, #4]
1000583e:	227f      	movs	r2, #127	; 0x7f
10005840:	400a      	ands	r2, r1
10005842:	09ce      	lsrs	r6, r1, #7
10005844:	2070      	movs	r0, #112	; 0x70
10005846:	4208      	tst	r0, r1
10005848:	d177      	bne.n	1000593a <process_control_request+0x352>
1000584a:	0052      	lsls	r2, r2, #1
1000584c:	4840      	ldr	r0, [pc, #256]	; (10005950 <process_control_request+0x368>)
1000584e:	1882      	adds	r2, r0, r2
10005850:	1992      	adds	r2, r2, r6
10005852:	7cd2      	ldrb	r2, [r2, #19]
10005854:	483f      	ldr	r0, [pc, #252]	; (10005954 <process_control_request+0x36c>)
10005856:	2800      	cmp	r0, #0
10005858:	d005      	beq.n	10005866 <process_control_request+0x27e>
1000585a:	483f      	ldr	r0, [pc, #252]	; (10005958 <process_control_request+0x370>)
1000585c:	7800      	ldrb	r0, [r0, #0]
1000585e:	4282      	cmp	r2, r0
10005860:	d312      	bcc.n	10005888 <process_control_request+0x2a0>
10005862:	1a12      	subs	r2, r2, r0
10005864:	b2d2      	uxtb	r2, r2
10005866:	2a00      	cmp	r2, #0
10005868:	d115      	bne.n	10005896 <process_control_request+0x2ae>
1000586a:	0056      	lsls	r6, r2, #1
1000586c:	18b2      	adds	r2, r6, r2
1000586e:	00d2      	lsls	r2, r2, #3
10005870:	4e3a      	ldr	r6, [pc, #232]	; (1000595c <process_control_request+0x374>)
10005872:	18b6      	adds	r6, r6, r2
10005874:	2b00      	cmp	r3, #0
10005876:	d010      	beq.n	1000589a <process_control_request+0x2b2>
10005878:	2e00      	cmp	r6, #0
1000587a:	d060      	beq.n	1000593e <process_control_request+0x356>
1000587c:	0022      	movs	r2, r4
1000587e:	0031      	movs	r1, r6
10005880:	0028      	movs	r0, r5
10005882:	f7ff fbdd 	bl	10005040 <invoke_class_control>
10005886:	e6cc      	b.n	10005622 <process_control_request+0x3a>
10005888:	0056      	lsls	r6, r2, #1
1000588a:	18b2      	adds	r2, r6, r2
1000588c:	00d2      	lsls	r2, r2, #3
1000588e:	4834      	ldr	r0, [pc, #208]	; (10005960 <process_control_request+0x378>)
10005890:	6806      	ldr	r6, [r0, #0]
10005892:	18b6      	adds	r6, r6, r2
10005894:	e7ee      	b.n	10005874 <process_control_request+0x28c>
10005896:	2600      	movs	r6, #0
10005898:	e7ec      	b.n	10005874 <process_control_request+0x28c>
1000589a:	7863      	ldrb	r3, [r4, #1]
1000589c:	2b01      	cmp	r3, #1
1000589e:	d012      	beq.n	100058c6 <process_control_request+0x2de>
100058a0:	2b03      	cmp	r3, #3
100058a2:	d010      	beq.n	100058c6 <process_control_request+0x2de>
100058a4:	2b00      	cmp	r3, #0
100058a6:	d001      	beq.n	100058ac <process_control_request+0x2c4>
100058a8:	2000      	movs	r0, #0
100058aa:	e6ba      	b.n	10005622 <process_control_request+0x3a>
100058ac:	0028      	movs	r0, r5
100058ae:	f7ff fe8d 	bl	100055cc <usbd_edpt_stalled>
100058b2:	466b      	mov	r3, sp
100058b4:	1d9a      	adds	r2, r3, #6
100058b6:	8010      	strh	r0, [r2, #0]
100058b8:	2302      	movs	r3, #2
100058ba:	0021      	movs	r1, r4
100058bc:	0028      	movs	r0, r5
100058be:	f000 f975 	bl	10005bac <tud_control_xfer>
100058c2:	2001      	movs	r0, #1
100058c4:	e6ad      	b.n	10005622 <process_control_request+0x3a>
100058c6:	78a7      	ldrb	r7, [r4, #2]
100058c8:	78e2      	ldrb	r2, [r4, #3]
100058ca:	0212      	lsls	r2, r2, #8
100058cc:	433a      	orrs	r2, r7
100058ce:	d104      	bne.n	100058da <process_control_request+0x2f2>
100058d0:	2b01      	cmp	r3, #1
100058d2:	d01a      	beq.n	1000590a <process_control_request+0x322>
100058d4:	0028      	movs	r0, r5
100058d6:	f7ff fe31 	bl	1000553c <usbd_edpt_stall>
100058da:	2e00      	cmp	r6, #0
100058dc:	d031      	beq.n	10005942 <process_control_request+0x35a>
100058de:	0022      	movs	r2, r4
100058e0:	0031      	movs	r1, r6
100058e2:	0028      	movs	r0, r5
100058e4:	f7ff fbac 	bl	10005040 <invoke_class_control>
100058e8:	2000      	movs	r0, #0
100058ea:	f000 f9a3 	bl	10005c34 <usbd_control_set_complete_callback>
100058ee:	4a18      	ldr	r2, [pc, #96]	; (10005950 <process_control_request+0x368>)
100058f0:	2334      	movs	r3, #52	; 0x34
100058f2:	5cd3      	ldrb	r3, [r2, r3]
100058f4:	07db      	lsls	r3, r3, #31
100058f6:	0fd8      	lsrs	r0, r3, #31
100058f8:	2b00      	cmp	r3, #0
100058fa:	d000      	beq.n	100058fe <process_control_request+0x316>
100058fc:	e691      	b.n	10005622 <process_control_request+0x3a>
100058fe:	0021      	movs	r1, r4
10005900:	0028      	movs	r0, r5
10005902:	f000 f937 	bl	10005b74 <tud_control_status>
10005906:	2001      	movs	r0, #1
10005908:	e68b      	b.n	10005622 <process_control_request+0x3a>
1000590a:	0028      	movs	r0, r5
1000590c:	f7ff fe3a 	bl	10005584 <usbd_edpt_clear_stall>
10005910:	e7e3      	b.n	100058da <process_control_request+0x2f2>
10005912:	2000      	movs	r0, #0
10005914:	e685      	b.n	10005622 <process_control_request+0x3a>
10005916:	2000      	movs	r0, #0
10005918:	e683      	b.n	10005622 <process_control_request+0x3a>
1000591a:	2000      	movs	r0, #0
1000591c:	e681      	b.n	10005622 <process_control_request+0x3a>
1000591e:	2000      	movs	r0, #0
10005920:	e67f      	b.n	10005622 <process_control_request+0x3a>
10005922:	2000      	movs	r0, #0
10005924:	e67d      	b.n	10005622 <process_control_request+0x3a>
10005926:	2000      	movs	r0, #0
10005928:	e67b      	b.n	10005622 <process_control_request+0x3a>
1000592a:	2000      	movs	r0, #0
1000592c:	e679      	b.n	10005622 <process_control_request+0x3a>
1000592e:	2000      	movs	r0, #0
10005930:	e677      	b.n	10005622 <process_control_request+0x3a>
10005932:	2000      	movs	r0, #0
10005934:	e675      	b.n	10005622 <process_control_request+0x3a>
10005936:	2000      	movs	r0, #0
10005938:	e673      	b.n	10005622 <process_control_request+0x3a>
1000593a:	2000      	movs	r0, #0
1000593c:	e671      	b.n	10005622 <process_control_request+0x3a>
1000593e:	2000      	movs	r0, #0
10005940:	e66f      	b.n	10005622 <process_control_request+0x3a>
10005942:	2001      	movs	r0, #1
10005944:	e66d      	b.n	10005622 <process_control_request+0x3a>
10005946:	46c0      	nop			; (mov r8, r8)
10005948:	00000000 	.word	0x00000000
1000594c:	100087a4 	.word	0x100087a4
10005950:	2000111c 	.word	0x2000111c
10005954:	10004641 	.word	0x10004641
10005958:	20001a61 	.word	0x20001a61
1000595c:	100087f0 	.word	0x100087f0
10005960:	20000df4 	.word	0x20000df4

10005964 <tud_task_ext>:
10005964:	b530      	push	{r4, r5, lr}
10005966:	b085      	sub	sp, #20
10005968:	f000 fce9 	bl	1000633e <tusb_inited>
1000596c:	2800      	cmp	r0, #0
1000596e:	d108      	bne.n	10005982 <tud_task_ext+0x1e>
10005970:	b005      	add	sp, #20
10005972:	bd30      	pop	{r4, r5, pc}
10005974:	ac01      	add	r4, sp, #4
10005976:	7820      	ldrb	r0, [r4, #0]
10005978:	f7ff fb5c 	bl	10005034 <usbd_reset>
1000597c:	7922      	ldrb	r2, [r4, #4]
1000597e:	4b5d      	ldr	r3, [pc, #372]	; (10005af4 <tud_task_ext+0x190>)
10005980:	709a      	strb	r2, [r3, #2]
10005982:	4b5d      	ldr	r3, [pc, #372]	; (10005af8 <tud_task_ext+0x194>)
10005984:	681c      	ldr	r4, [r3, #0]
10005986:	0021      	movs	r1, r4
10005988:	3114      	adds	r1, #20
1000598a:	6962      	ldr	r2, [r4, #20]
1000598c:	f3ef 8010 	mrs	r0, PRIMASK
10005990:	b672      	cpsid	i
10005992:	6813      	ldr	r3, [r2, #0]
10005994:	2b00      	cmp	r3, #0
10005996:	d0fc      	beq.n	10005992 <tud_task_ext+0x2e>
10005998:	f3bf 8f5f 	dmb	sy
1000599c:	6048      	str	r0, [r1, #4]
1000599e:	a901      	add	r1, sp, #4
100059a0:	0020      	movs	r0, r4
100059a2:	f001 f84d 	bl	10006a40 <tu_fifo_read>
100059a6:	6962      	ldr	r2, [r4, #20]
100059a8:	69a3      	ldr	r3, [r4, #24]
100059aa:	f3bf 8f5f 	dmb	sy
100059ae:	2100      	movs	r1, #0
100059b0:	6011      	str	r1, [r2, #0]
100059b2:	f383 8810 	msr	PRIMASK, r3
100059b6:	2800      	cmp	r0, #0
100059b8:	d0da      	beq.n	10005970 <tud_task_ext+0xc>
100059ba:	ab01      	add	r3, sp, #4
100059bc:	785b      	ldrb	r3, [r3, #1]
100059be:	2b08      	cmp	r3, #8
100059c0:	d8df      	bhi.n	10005982 <tud_task_ext+0x1e>
100059c2:	009b      	lsls	r3, r3, #2
100059c4:	4a4d      	ldr	r2, [pc, #308]	; (10005afc <tud_task_ext+0x198>)
100059c6:	58d3      	ldr	r3, [r2, r3]
100059c8:	469f      	mov	pc, r3
100059ca:	ab01      	add	r3, sp, #4
100059cc:	7818      	ldrb	r0, [r3, #0]
100059ce:	f7ff fb31 	bl	10005034 <usbd_reset>
100059d2:	4b4b      	ldr	r3, [pc, #300]	; (10005b00 <tud_task_ext+0x19c>)
100059d4:	2b00      	cmp	r3, #0
100059d6:	d0d4      	beq.n	10005982 <tud_task_ext+0x1e>
100059d8:	e000      	b.n	100059dc <tud_task_ext+0x78>
100059da:	bf00      	nop
100059dc:	e7d1      	b.n	10005982 <tud_task_ext+0x1e>
100059de:	4b45      	ldr	r3, [pc, #276]	; (10005af4 <tud_task_ext+0x190>)
100059e0:	781a      	ldrb	r2, [r3, #0]
100059e2:	2401      	movs	r4, #1
100059e4:	2101      	movs	r1, #1
100059e6:	430a      	orrs	r2, r1
100059e8:	701a      	strb	r2, [r3, #0]
100059ea:	2233      	movs	r2, #51	; 0x33
100059ec:	5c99      	ldrb	r1, [r3, r2]
100059ee:	43a1      	bics	r1, r4
100059f0:	5499      	strb	r1, [r3, r2]
100059f2:	5c99      	ldrb	r1, [r3, r2]
100059f4:	2004      	movs	r0, #4
100059f6:	4381      	bics	r1, r0
100059f8:	5499      	strb	r1, [r3, r2]
100059fa:	3201      	adds	r2, #1
100059fc:	5c99      	ldrb	r1, [r3, r2]
100059fe:	43a1      	bics	r1, r4
10005a00:	5499      	strb	r1, [r3, r2]
10005a02:	5c99      	ldrb	r1, [r3, r2]
10005a04:	4381      	bics	r1, r0
10005a06:	5499      	strb	r1, [r3, r2]
10005a08:	ab01      	add	r3, sp, #4
10005a0a:	7818      	ldrb	r0, [r3, #0]
10005a0c:	a902      	add	r1, sp, #8
10005a0e:	f7ff fdeb 	bl	100055e8 <process_control_request>
10005a12:	2800      	cmp	r0, #0
10005a14:	d1b5      	bne.n	10005982 <tud_task_ext+0x1e>
10005a16:	ac01      	add	r4, sp, #4
10005a18:	7820      	ldrb	r0, [r4, #0]
10005a1a:	2100      	movs	r1, #0
10005a1c:	f7ff fa54 	bl	10004ec8 <dcd_edpt_stall>
10005a20:	7820      	ldrb	r0, [r4, #0]
10005a22:	2180      	movs	r1, #128	; 0x80
10005a24:	f7ff fa50 	bl	10004ec8 <dcd_edpt_stall>
10005a28:	e7ab      	b.n	10005982 <tud_task_ext+0x1e>
10005a2a:	ab01      	add	r3, sp, #4
10005a2c:	7919      	ldrb	r1, [r3, #4]
10005a2e:	227f      	movs	r2, #127	; 0x7f
10005a30:	400a      	ands	r2, r1
10005a32:	09cc      	lsrs	r4, r1, #7
10005a34:	0050      	lsls	r0, r2, #1
10005a36:	4b2f      	ldr	r3, [pc, #188]	; (10005af4 <tud_task_ext+0x190>)
10005a38:	181b      	adds	r3, r3, r0
10005a3a:	191b      	adds	r3, r3, r4
10005a3c:	3330      	adds	r3, #48	; 0x30
10005a3e:	78d8      	ldrb	r0, [r3, #3]
10005a40:	2501      	movs	r5, #1
10005a42:	43a8      	bics	r0, r5
10005a44:	70d8      	strb	r0, [r3, #3]
10005a46:	78d8      	ldrb	r0, [r3, #3]
10005a48:	3503      	adds	r5, #3
10005a4a:	43a8      	bics	r0, r5
10005a4c:	70d8      	strb	r0, [r3, #3]
10005a4e:	2a00      	cmp	r2, #0
10005a50:	d01f      	beq.n	10005a92 <tud_task_ext+0x12e>
10005a52:	0052      	lsls	r2, r2, #1
10005a54:	4b27      	ldr	r3, [pc, #156]	; (10005af4 <tud_task_ext+0x190>)
10005a56:	189a      	adds	r2, r3, r2
10005a58:	1912      	adds	r2, r2, r4
10005a5a:	7cd3      	ldrb	r3, [r2, #19]
10005a5c:	4a29      	ldr	r2, [pc, #164]	; (10005b04 <tud_task_ext+0x1a0>)
10005a5e:	2a00      	cmp	r2, #0
10005a60:	d005      	beq.n	10005a6e <tud_task_ext+0x10a>
10005a62:	4a29      	ldr	r2, [pc, #164]	; (10005b08 <tud_task_ext+0x1a4>)
10005a64:	7812      	ldrb	r2, [r2, #0]
10005a66:	4293      	cmp	r3, r2
10005a68:	d31a      	bcc.n	10005aa0 <tud_task_ext+0x13c>
10005a6a:	1a9b      	subs	r3, r3, r2
10005a6c:	b2db      	uxtb	r3, r3
10005a6e:	2b00      	cmp	r3, #0
10005a70:	d000      	beq.n	10005a74 <tud_task_ext+0x110>
10005a72:	e77d      	b.n	10005970 <tud_task_ext+0xc>
10005a74:	005a      	lsls	r2, r3, #1
10005a76:	18d2      	adds	r2, r2, r3
10005a78:	00d2      	lsls	r2, r2, #3
10005a7a:	4b24      	ldr	r3, [pc, #144]	; (10005b0c <tud_task_ext+0x1a8>)
10005a7c:	189b      	adds	r3, r3, r2
10005a7e:	2b00      	cmp	r3, #0
10005a80:	d100      	bne.n	10005a84 <tud_task_ext+0x120>
10005a82:	e775      	b.n	10005970 <tud_task_ext+0xc>
10005a84:	691c      	ldr	r4, [r3, #16]
10005a86:	a801      	add	r0, sp, #4
10005a88:	7942      	ldrb	r2, [r0, #5]
10005a8a:	9b03      	ldr	r3, [sp, #12]
10005a8c:	7800      	ldrb	r0, [r0, #0]
10005a8e:	47a0      	blx	r4
10005a90:	e777      	b.n	10005982 <tud_task_ext+0x1e>
10005a92:	a801      	add	r0, sp, #4
10005a94:	7942      	ldrb	r2, [r0, #5]
10005a96:	9b03      	ldr	r3, [sp, #12]
10005a98:	7800      	ldrb	r0, [r0, #0]
10005a9a:	f000 f8df 	bl	10005c5c <usbd_control_xfer_cb>
10005a9e:	e770      	b.n	10005982 <tud_task_ext+0x1e>
10005aa0:	005a      	lsls	r2, r3, #1
10005aa2:	18d2      	adds	r2, r2, r3
10005aa4:	00d2      	lsls	r2, r2, #3
10005aa6:	4b1a      	ldr	r3, [pc, #104]	; (10005b10 <tud_task_ext+0x1ac>)
10005aa8:	681b      	ldr	r3, [r3, #0]
10005aaa:	189b      	adds	r3, r3, r2
10005aac:	e7e7      	b.n	10005a7e <tud_task_ext+0x11a>
10005aae:	4b11      	ldr	r3, [pc, #68]	; (10005af4 <tud_task_ext+0x190>)
10005ab0:	781b      	ldrb	r3, [r3, #0]
10005ab2:	07db      	lsls	r3, r3, #31
10005ab4:	d400      	bmi.n	10005ab8 <tud_task_ext+0x154>
10005ab6:	e764      	b.n	10005982 <tud_task_ext+0x1e>
10005ab8:	4b16      	ldr	r3, [pc, #88]	; (10005b14 <tud_task_ext+0x1b0>)
10005aba:	2b00      	cmp	r3, #0
10005abc:	d100      	bne.n	10005ac0 <tud_task_ext+0x15c>
10005abe:	e760      	b.n	10005982 <tud_task_ext+0x1e>
10005ac0:	4b0c      	ldr	r3, [pc, #48]	; (10005af4 <tud_task_ext+0x190>)
10005ac2:	7818      	ldrb	r0, [r3, #0]
10005ac4:	0700      	lsls	r0, r0, #28
10005ac6:	0fc0      	lsrs	r0, r0, #31
10005ac8:	e000      	b.n	10005acc <tud_task_ext+0x168>
10005aca:	bf00      	nop
10005acc:	e759      	b.n	10005982 <tud_task_ext+0x1e>
10005ace:	4b09      	ldr	r3, [pc, #36]	; (10005af4 <tud_task_ext+0x190>)
10005ad0:	781b      	ldrb	r3, [r3, #0]
10005ad2:	07db      	lsls	r3, r3, #31
10005ad4:	d400      	bmi.n	10005ad8 <tud_task_ext+0x174>
10005ad6:	e754      	b.n	10005982 <tud_task_ext+0x1e>
10005ad8:	4b0f      	ldr	r3, [pc, #60]	; (10005b18 <tud_task_ext+0x1b4>)
10005ada:	2b00      	cmp	r3, #0
10005adc:	d100      	bne.n	10005ae0 <tud_task_ext+0x17c>
10005ade:	e750      	b.n	10005982 <tud_task_ext+0x1e>
10005ae0:	e000      	b.n	10005ae4 <tud_task_ext+0x180>
10005ae2:	bf00      	nop
10005ae4:	e74d      	b.n	10005982 <tud_task_ext+0x1e>
10005ae6:	9b02      	ldr	r3, [sp, #8]
10005ae8:	2b00      	cmp	r3, #0
10005aea:	d100      	bne.n	10005aee <tud_task_ext+0x18a>
10005aec:	e749      	b.n	10005982 <tud_task_ext+0x1e>
10005aee:	9803      	ldr	r0, [sp, #12]
10005af0:	4798      	blx	r3
10005af2:	e746      	b.n	10005982 <tud_task_ext+0x1e>
10005af4:	2000111c 	.word	0x2000111c
10005af8:	20001174 	.word	0x20001174
10005afc:	100087cc 	.word	0x100087cc
10005b00:	00000000 	.word	0x00000000
10005b04:	10004641 	.word	0x10004641
10005b08:	20001a61 	.word	0x20001a61
10005b0c:	100087f0 	.word	0x100087f0
10005b10:	20000df4 	.word	0x20000df4
	...

10005b1c <_data_stage_xact>:
10005b1c:	b5f8      	push	{r3, r4, r5, r6, r7, lr}
10005b1e:	0005      	movs	r5, r0
10005b20:	4b12      	ldr	r3, [pc, #72]	; (10005b6c <_data_stage_xact+0x50>)
10005b22:	899f      	ldrh	r7, [r3, #12]
10005b24:	89de      	ldrh	r6, [r3, #14]
10005b26:	1bb9      	subs	r1, r7, r6
10005b28:	b289      	uxth	r1, r1
10005b2a:	1c0b      	adds	r3, r1, #0
10005b2c:	2940      	cmp	r1, #64	; 0x40
10005b2e:	d900      	bls.n	10005b32 <_data_stage_xact+0x16>
10005b30:	2340      	movs	r3, #64	; 0x40
10005b32:	b29c      	uxth	r4, r3
10005b34:	4b0d      	ldr	r3, [pc, #52]	; (10005b6c <_data_stage_xact+0x50>)
10005b36:	781b      	ldrb	r3, [r3, #0]
10005b38:	b25b      	sxtb	r3, r3
10005b3a:	2b00      	cmp	r3, #0
10005b3c:	db08      	blt.n	10005b50 <_data_stage_xact+0x34>
10005b3e:	2100      	movs	r1, #0
10005b40:	42b7      	cmp	r7, r6
10005b42:	d011      	beq.n	10005b68 <_data_stage_xact+0x4c>
10005b44:	4a0a      	ldr	r2, [pc, #40]	; (10005b70 <_data_stage_xact+0x54>)
10005b46:	0023      	movs	r3, r4
10005b48:	0028      	movs	r0, r5
10005b4a:	f7ff fcbb 	bl	100054c4 <usbd_edpt_xfer>
10005b4e:	bdf8      	pop	{r3, r4, r5, r6, r7, pc}
10005b50:	42b7      	cmp	r7, r6
10005b52:	d101      	bne.n	10005b58 <_data_stage_xact+0x3c>
10005b54:	2180      	movs	r1, #128	; 0x80
10005b56:	e7f3      	b.n	10005b40 <_data_stage_xact+0x24>
10005b58:	4b04      	ldr	r3, [pc, #16]	; (10005b6c <_data_stage_xact+0x50>)
10005b5a:	6899      	ldr	r1, [r3, #8]
10005b5c:	0022      	movs	r2, r4
10005b5e:	4804      	ldr	r0, [pc, #16]	; (10005b70 <_data_stage_xact+0x54>)
10005b60:	f7fe fa9a 	bl	10004098 <__wrap___aeabi_memcpy>
10005b64:	2180      	movs	r1, #128	; 0x80
10005b66:	e7eb      	b.n	10005b40 <_data_stage_xact+0x24>
10005b68:	2200      	movs	r2, #0
10005b6a:	e7ec      	b.n	10005b46 <_data_stage_xact+0x2a>
10005b6c:	200010c0 	.word	0x200010c0
10005b70:	200010dc 	.word	0x200010dc

10005b74 <tud_control_status>:
10005b74:	b570      	push	{r4, r5, r6, lr}
10005b76:	0006      	movs	r6, r0
10005b78:	000c      	movs	r4, r1
10005b7a:	4d0b      	ldr	r5, [pc, #44]	; (10005ba8 <tud_control_status+0x34>)
10005b7c:	2208      	movs	r2, #8
10005b7e:	0028      	movs	r0, r5
10005b80:	f7fe fa8a 	bl	10004098 <__wrap___aeabi_memcpy>
10005b84:	2300      	movs	r3, #0
10005b86:	60ab      	str	r3, [r5, #8]
10005b88:	81eb      	strh	r3, [r5, #14]
10005b8a:	81ab      	strh	r3, [r5, #12]
10005b8c:	2300      	movs	r3, #0
10005b8e:	56e3      	ldrsb	r3, [r4, r3]
10005b90:	2b00      	cmp	r3, #0
10005b92:	db06      	blt.n	10005ba2 <tud_control_status+0x2e>
10005b94:	2180      	movs	r1, #128	; 0x80
10005b96:	2300      	movs	r3, #0
10005b98:	2200      	movs	r2, #0
10005b9a:	0030      	movs	r0, r6
10005b9c:	f7ff fc92 	bl	100054c4 <usbd_edpt_xfer>
10005ba0:	bd70      	pop	{r4, r5, r6, pc}
10005ba2:	2100      	movs	r1, #0
10005ba4:	e7f7      	b.n	10005b96 <tud_control_status+0x22>
10005ba6:	46c0      	nop			; (mov r8, r8)
10005ba8:	200010c0 	.word	0x200010c0

10005bac <tud_control_xfer>:
10005bac:	b5f0      	push	{r4, r5, r6, r7, lr}
10005bae:	46c6      	mov	lr, r8
10005bb0:	b500      	push	{lr}
10005bb2:	4680      	mov	r8, r0
10005bb4:	000c      	movs	r4, r1
10005bb6:	0016      	movs	r6, r2
10005bb8:	001d      	movs	r5, r3
10005bba:	4f18      	ldr	r7, [pc, #96]	; (10005c1c <tud_control_xfer+0x70>)
10005bbc:	2208      	movs	r2, #8
10005bbe:	0038      	movs	r0, r7
10005bc0:	f7fe fa6a 	bl	10004098 <__wrap___aeabi_memcpy>
10005bc4:	60be      	str	r6, [r7, #8]
10005bc6:	2300      	movs	r3, #0
10005bc8:	81fb      	strh	r3, [r7, #14]
10005bca:	79a3      	ldrb	r3, [r4, #6]
10005bcc:	79e1      	ldrb	r1, [r4, #7]
10005bce:	0209      	lsls	r1, r1, #8
10005bd0:	4319      	orrs	r1, r3
10005bd2:	1c0b      	adds	r3, r1, #0
10005bd4:	42a9      	cmp	r1, r5
10005bd6:	d900      	bls.n	10005bda <tud_control_xfer+0x2e>
10005bd8:	1c2b      	adds	r3, r5, #0
10005bda:	b299      	uxth	r1, r3
10005bdc:	4a0f      	ldr	r2, [pc, #60]	; (10005c1c <tud_control_xfer+0x70>)
10005bde:	8193      	strh	r3, [r2, #12]
10005be0:	79a2      	ldrb	r2, [r4, #6]
10005be2:	79e3      	ldrb	r3, [r4, #7]
10005be4:	021b      	lsls	r3, r3, #8
10005be6:	4313      	orrs	r3, r2
10005be8:	d009      	beq.n	10005bfe <tud_control_xfer+0x52>
10005bea:	2900      	cmp	r1, #0
10005bec:	d001      	beq.n	10005bf2 <tud_control_xfer+0x46>
10005bee:	2e00      	cmp	r6, #0
10005bf0:	d012      	beq.n	10005c18 <tud_control_xfer+0x6c>
10005bf2:	4640      	mov	r0, r8
10005bf4:	f7ff ff92 	bl	10005b1c <_data_stage_xact>
10005bf8:	bc80      	pop	{r7}
10005bfa:	46b8      	mov	r8, r7
10005bfc:	bdf0      	pop	{r4, r5, r6, r7, pc}
10005bfe:	2300      	movs	r3, #0
10005c00:	56e3      	ldrsb	r3, [r4, r3]
10005c02:	2b00      	cmp	r3, #0
10005c04:	db06      	blt.n	10005c14 <tud_control_xfer+0x68>
10005c06:	2180      	movs	r1, #128	; 0x80
10005c08:	2300      	movs	r3, #0
10005c0a:	2200      	movs	r2, #0
10005c0c:	4640      	mov	r0, r8
10005c0e:	f7ff fc59 	bl	100054c4 <usbd_edpt_xfer>
10005c12:	e7f1      	b.n	10005bf8 <tud_control_xfer+0x4c>
10005c14:	2100      	movs	r1, #0
10005c16:	e7f7      	b.n	10005c08 <tud_control_xfer+0x5c>
10005c18:	2000      	movs	r0, #0
10005c1a:	e7ed      	b.n	10005bf8 <tud_control_xfer+0x4c>
10005c1c:	200010c0 	.word	0x200010c0

10005c20 <usbd_control_reset>:
10005c20:	b510      	push	{r4, lr}
10005c22:	2214      	movs	r2, #20
10005c24:	2100      	movs	r1, #0
10005c26:	4802      	ldr	r0, [pc, #8]	; (10005c30 <usbd_control_reset+0x10>)
10005c28:	f7fe fa30 	bl	1000408c <__wrap_memset>
10005c2c:	bd10      	pop	{r4, pc}
10005c2e:	46c0      	nop			; (mov r8, r8)
10005c30:	200010c0 	.word	0x200010c0

10005c34 <usbd_control_set_complete_callback>:
10005c34:	4b01      	ldr	r3, [pc, #4]	; (10005c3c <usbd_control_set_complete_callback+0x8>)
10005c36:	6118      	str	r0, [r3, #16]
10005c38:	4770      	bx	lr
10005c3a:	46c0      	nop			; (mov r8, r8)
10005c3c:	200010c0 	.word	0x200010c0

10005c40 <usbd_control_set_request>:
10005c40:	b510      	push	{r4, lr}
10005c42:	0001      	movs	r1, r0
10005c44:	4c04      	ldr	r4, [pc, #16]	; (10005c58 <usbd_control_set_request+0x18>)
10005c46:	2208      	movs	r2, #8
10005c48:	0020      	movs	r0, r4
10005c4a:	f7fe fa25 	bl	10004098 <__wrap___aeabi_memcpy>
10005c4e:	2300      	movs	r3, #0
10005c50:	60a3      	str	r3, [r4, #8]
10005c52:	81e3      	strh	r3, [r4, #14]
10005c54:	81a3      	strh	r3, [r4, #12]
10005c56:	bd10      	pop	{r4, pc}
10005c58:	200010c0 	.word	0x200010c0

10005c5c <usbd_control_xfer_cb>:
10005c5c:	b570      	push	{r4, r5, r6, lr}
10005c5e:	0005      	movs	r5, r0
10005c60:	001c      	movs	r4, r3
10005c62:	09c9      	lsrs	r1, r1, #7
10005c64:	4b2d      	ldr	r3, [pc, #180]	; (10005d1c <usbd_control_xfer_cb+0xc0>)
10005c66:	781b      	ldrb	r3, [r3, #0]
10005c68:	09db      	lsrs	r3, r3, #7
10005c6a:	428b      	cmp	r3, r1
10005c6c:	d011      	beq.n	10005c92 <usbd_control_xfer_cb+0x36>
10005c6e:	2c00      	cmp	r4, #0
10005c70:	d150      	bne.n	10005d14 <usbd_control_xfer_cb+0xb8>
10005c72:	4b2b      	ldr	r3, [pc, #172]	; (10005d20 <usbd_control_xfer_cb+0xc4>)
10005c74:	2b00      	cmp	r3, #0
10005c76:	d002      	beq.n	10005c7e <usbd_control_xfer_cb+0x22>
10005c78:	4928      	ldr	r1, [pc, #160]	; (10005d1c <usbd_control_xfer_cb+0xc0>)
10005c7a:	f7ff f8d9 	bl	10004e30 <dcd_edpt0_status_complete>
10005c7e:	4b27      	ldr	r3, [pc, #156]	; (10005d1c <usbd_control_xfer_cb+0xc0>)
10005c80:	691b      	ldr	r3, [r3, #16]
10005c82:	2b00      	cmp	r3, #0
10005c84:	d003      	beq.n	10005c8e <usbd_control_xfer_cb+0x32>
10005c86:	4a25      	ldr	r2, [pc, #148]	; (10005d1c <usbd_control_xfer_cb+0xc0>)
10005c88:	2103      	movs	r1, #3
10005c8a:	0028      	movs	r0, r5
10005c8c:	4798      	blx	r3
10005c8e:	2001      	movs	r0, #1
10005c90:	bd70      	pop	{r4, r5, r6, pc}
10005c92:	4b22      	ldr	r3, [pc, #136]	; (10005d1c <usbd_control_xfer_cb+0xc0>)
10005c94:	781b      	ldrb	r3, [r3, #0]
10005c96:	b25b      	sxtb	r3, r3
10005c98:	2b00      	cmp	r3, #0
10005c9a:	db07      	blt.n	10005cac <usbd_control_xfer_cb+0x50>
10005c9c:	4b1f      	ldr	r3, [pc, #124]	; (10005d1c <usbd_control_xfer_cb+0xc0>)
10005c9e:	6898      	ldr	r0, [r3, #8]
10005ca0:	2800      	cmp	r0, #0
10005ca2:	d039      	beq.n	10005d18 <usbd_control_xfer_cb+0xbc>
10005ca4:	0022      	movs	r2, r4
10005ca6:	491f      	ldr	r1, [pc, #124]	; (10005d24 <usbd_control_xfer_cb+0xc8>)
10005ca8:	f7fe f9f6 	bl	10004098 <__wrap___aeabi_memcpy>
10005cac:	b2a2      	uxth	r2, r4
10005cae:	491b      	ldr	r1, [pc, #108]	; (10005d1c <usbd_control_xfer_cb+0xc0>)
10005cb0:	89cb      	ldrh	r3, [r1, #14]
10005cb2:	18d3      	adds	r3, r2, r3
10005cb4:	b29b      	uxth	r3, r3
10005cb6:	81cb      	strh	r3, [r1, #14]
10005cb8:	688a      	ldr	r2, [r1, #8]
10005cba:	1912      	adds	r2, r2, r4
10005cbc:	608a      	str	r2, [r1, #8]
10005cbe:	88ca      	ldrh	r2, [r1, #6]
10005cc0:	4293      	cmp	r3, r2
10005cc2:	d001      	beq.n	10005cc8 <usbd_control_xfer_cb+0x6c>
10005cc4:	2c3f      	cmp	r4, #63	; 0x3f
10005cc6:	d821      	bhi.n	10005d0c <usbd_control_xfer_cb+0xb0>
10005cc8:	4b14      	ldr	r3, [pc, #80]	; (10005d1c <usbd_control_xfer_cb+0xc0>)
10005cca:	691b      	ldr	r3, [r3, #16]
10005ccc:	2b00      	cmp	r3, #0
10005cce:	d005      	beq.n	10005cdc <usbd_control_xfer_cb+0x80>
10005cd0:	4a12      	ldr	r2, [pc, #72]	; (10005d1c <usbd_control_xfer_cb+0xc0>)
10005cd2:	2102      	movs	r1, #2
10005cd4:	0028      	movs	r0, r5
10005cd6:	4798      	blx	r3
10005cd8:	2800      	cmp	r0, #0
10005cda:	d00d      	beq.n	10005cf8 <usbd_control_xfer_cb+0x9c>
10005cdc:	4b0f      	ldr	r3, [pc, #60]	; (10005d1c <usbd_control_xfer_cb+0xc0>)
10005cde:	781b      	ldrb	r3, [r3, #0]
10005ce0:	b25b      	sxtb	r3, r3
10005ce2:	2b00      	cmp	r3, #0
10005ce4:	db06      	blt.n	10005cf4 <usbd_control_xfer_cb+0x98>
10005ce6:	2180      	movs	r1, #128	; 0x80
10005ce8:	2300      	movs	r3, #0
10005cea:	2200      	movs	r2, #0
10005cec:	0028      	movs	r0, r5
10005cee:	f7ff fbe9 	bl	100054c4 <usbd_edpt_xfer>
10005cf2:	e7cd      	b.n	10005c90 <usbd_control_xfer_cb+0x34>
10005cf4:	2100      	movs	r1, #0
10005cf6:	e7f7      	b.n	10005ce8 <usbd_control_xfer_cb+0x8c>
10005cf8:	2100      	movs	r1, #0
10005cfa:	0028      	movs	r0, r5
10005cfc:	f7ff f8e4 	bl	10004ec8 <dcd_edpt_stall>
10005d00:	2180      	movs	r1, #128	; 0x80
10005d02:	0028      	movs	r0, r5
10005d04:	f7ff f8e0 	bl	10004ec8 <dcd_edpt_stall>
10005d08:	2001      	movs	r0, #1
10005d0a:	e7c1      	b.n	10005c90 <usbd_control_xfer_cb+0x34>
10005d0c:	0028      	movs	r0, r5
10005d0e:	f7ff ff05 	bl	10005b1c <_data_stage_xact>
10005d12:	e7bd      	b.n	10005c90 <usbd_control_xfer_cb+0x34>
10005d14:	2000      	movs	r0, #0
10005d16:	e7bb      	b.n	10005c90 <usbd_control_xfer_cb+0x34>
10005d18:	2000      	movs	r0, #0
10005d1a:	e7b9      	b.n	10005c90 <usbd_control_xfer_cb+0x34>
10005d1c:	200010c0 	.word	0x200010c0
10005d20:	10004e31 	.word	0x10004e31
10005d24:	200010dc 	.word	0x200010dc

10005d28 <_prep_out_transaction>:
10005d28:	b570      	push	{r4, r5, r6, lr}
10005d2a:	0004      	movs	r4, r0
10005d2c:	0005      	movs	r5, r0
10005d2e:	3510      	adds	r5, #16
10005d30:	0028      	movs	r0, r5
10005d32:	f000 fe6f 	bl	10006a14 <tu_fifo_remaining>
10005d36:	283f      	cmp	r0, #63	; 0x3f
10005d38:	d801      	bhi.n	10005d3e <_prep_out_transaction+0x16>
10005d3a:	2000      	movs	r0, #0
10005d3c:	bd70      	pop	{r4, r5, r6, pc}
10005d3e:	78e1      	ldrb	r1, [r4, #3]
10005d40:	2000      	movs	r0, #0
10005d42:	f7ff fb97 	bl	10005474 <usbd_edpt_claim>
10005d46:	2800      	cmp	r0, #0
10005d48:	d0f8      	beq.n	10005d3c <_prep_out_transaction+0x14>
10005d4a:	0028      	movs	r0, r5
10005d4c:	f000 fe62 	bl	10006a14 <tu_fifo_remaining>
10005d50:	283f      	cmp	r0, #63	; 0x3f
10005d52:	d908      	bls.n	10005d66 <_prep_out_transaction+0x3e>
10005d54:	2392      	movs	r3, #146	; 0x92
10005d56:	009b      	lsls	r3, r3, #2
10005d58:	18e2      	adds	r2, r4, r3
10005d5a:	78e1      	ldrb	r1, [r4, #3]
10005d5c:	2340      	movs	r3, #64	; 0x40
10005d5e:	2000      	movs	r0, #0
10005d60:	f7ff fbb0 	bl	100054c4 <usbd_edpt_xfer>
10005d64:	e7ea      	b.n	10005d3c <_prep_out_transaction+0x14>
10005d66:	78e1      	ldrb	r1, [r4, #3]
10005d68:	2000      	movs	r0, #0
10005d6a:	f7ff fb97 	bl	1000549c <usbd_edpt_release>
10005d6e:	2000      	movs	r0, #0
10005d70:	e7e4      	b.n	10005d3c <_prep_out_transaction+0x14>
	...

10005d74 <tud_cdc_n_connected>:
10005d74:	b510      	push	{r4, lr}
10005d76:	0004      	movs	r4, r0
10005d78:	f7ff fa9a 	bl	100052b0 <tud_mounted>
10005d7c:	2800      	cmp	r0, #0
10005d7e:	d10c      	bne.n	10005d9a <tud_cdc_n_connected+0x26>
10005d80:	2200      	movs	r2, #0
10005d82:	2a00      	cmp	r2, #0
10005d84:	d011      	beq.n	10005daa <tud_cdc_n_connected+0x36>
10005d86:	23b2      	movs	r3, #178	; 0xb2
10005d88:	009b      	lsls	r3, r3, #2
10005d8a:	4363      	muls	r3, r4
10005d8c:	4809      	ldr	r0, [pc, #36]	; (10005db4 <tud_cdc_n_connected+0x40>)
10005d8e:	18c0      	adds	r0, r0, r3
10005d90:	7903      	ldrb	r3, [r0, #4]
10005d92:	07db      	lsls	r3, r3, #31
10005d94:	d50b      	bpl.n	10005dae <tud_cdc_n_connected+0x3a>
10005d96:	2001      	movs	r0, #1
10005d98:	e008      	b.n	10005dac <tud_cdc_n_connected+0x38>
10005d9a:	f7ff fa91 	bl	100052c0 <tud_suspended>
10005d9e:	2800      	cmp	r0, #0
10005da0:	d101      	bne.n	10005da6 <tud_cdc_n_connected+0x32>
10005da2:	2201      	movs	r2, #1
10005da4:	e7ed      	b.n	10005d82 <tud_cdc_n_connected+0xe>
10005da6:	2200      	movs	r2, #0
10005da8:	e7eb      	b.n	10005d82 <tud_cdc_n_connected+0xe>
10005daa:	2000      	movs	r0, #0
10005dac:	bd10      	pop	{r4, pc}
10005dae:	2000      	movs	r0, #0
10005db0:	e7fc      	b.n	10005dac <tud_cdc_n_connected+0x38>
10005db2:	46c0      	nop			; (mov r8, r8)
10005db4:	20000df8 	.word	0x20000df8

10005db8 <tud_cdc_n_available>:
10005db8:	b510      	push	{r4, lr}
10005dba:	23b2      	movs	r3, #178	; 0xb2
10005dbc:	009b      	lsls	r3, r3, #2
10005dbe:	4358      	muls	r0, r3
10005dc0:	3010      	adds	r0, #16
10005dc2:	4b02      	ldr	r3, [pc, #8]	; (10005dcc <tud_cdc_n_available+0x14>)
10005dc4:	18c0      	adds	r0, r0, r3
10005dc6:	f000 fdf4 	bl	100069b2 <tu_fifo_count>
10005dca:	bd10      	pop	{r4, pc}
10005dcc:	20000df8 	.word	0x20000df8

10005dd0 <tud_cdc_n_read>:
10005dd0:	b570      	push	{r4, r5, r6, lr}
10005dd2:	23b2      	movs	r3, #178	; 0xb2
10005dd4:	009b      	lsls	r3, r3, #2
10005dd6:	4358      	muls	r0, r3
10005dd8:	4b06      	ldr	r3, [pc, #24]	; (10005df4 <tud_cdc_n_read+0x24>)
10005dda:	18c5      	adds	r5, r0, r3
10005ddc:	b292      	uxth	r2, r2
10005dde:	3010      	adds	r0, #16
10005de0:	18c0      	adds	r0, r0, r3
10005de2:	f000 fe4e 	bl	10006a82 <tu_fifo_read_n>
10005de6:	0004      	movs	r4, r0
10005de8:	0028      	movs	r0, r5
10005dea:	f7ff ff9d 	bl	10005d28 <_prep_out_transaction>
10005dee:	0020      	movs	r0, r4
10005df0:	bd70      	pop	{r4, r5, r6, pc}
10005df2:	46c0      	nop			; (mov r8, r8)
10005df4:	20000df8 	.word	0x20000df8

10005df8 <tud_cdc_n_write_flush>:
10005df8:	b570      	push	{r4, r5, r6, lr}
10005dfa:	0005      	movs	r5, r0
10005dfc:	f7ff fa58 	bl	100052b0 <tud_mounted>
10005e00:	2800      	cmp	r0, #0
10005e02:	d104      	bne.n	10005e0e <tud_cdc_n_write_flush+0x16>
10005e04:	2300      	movs	r3, #0
10005e06:	2b00      	cmp	r3, #0
10005e08:	d109      	bne.n	10005e1e <tud_cdc_n_write_flush+0x26>
10005e0a:	2000      	movs	r0, #0
10005e0c:	bd70      	pop	{r4, r5, r6, pc}
10005e0e:	f7ff fa57 	bl	100052c0 <tud_suspended>
10005e12:	2800      	cmp	r0, #0
10005e14:	d101      	bne.n	10005e1a <tud_cdc_n_write_flush+0x22>
10005e16:	2301      	movs	r3, #1
10005e18:	e7f5      	b.n	10005e06 <tud_cdc_n_write_flush+0xe>
10005e1a:	2300      	movs	r3, #0
10005e1c:	e7f3      	b.n	10005e06 <tud_cdc_n_write_flush+0xe>
10005e1e:	24b2      	movs	r4, #178	; 0xb2
10005e20:	00a4      	lsls	r4, r4, #2
10005e22:	436c      	muls	r4, r5
10005e24:	3420      	adds	r4, #32
10005e26:	4b21      	ldr	r3, [pc, #132]	; (10005eac <tud_cdc_n_write_flush+0xb4>)
10005e28:	18e4      	adds	r4, r4, r3
10005e2a:	3404      	adds	r4, #4
10005e2c:	0020      	movs	r0, r4
10005e2e:	f000 fdc0 	bl	100069b2 <tu_fifo_count>
10005e32:	2800      	cmp	r0, #0
10005e34:	d101      	bne.n	10005e3a <tud_cdc_n_write_flush+0x42>
10005e36:	2000      	movs	r0, #0
10005e38:	e7e8      	b.n	10005e0c <tud_cdc_n_write_flush+0x14>
10005e3a:	22b2      	movs	r2, #178	; 0xb2
10005e3c:	0092      	lsls	r2, r2, #2
10005e3e:	436a      	muls	r2, r5
10005e40:	4b1a      	ldr	r3, [pc, #104]	; (10005eac <tud_cdc_n_write_flush+0xb4>)
10005e42:	189b      	adds	r3, r3, r2
10005e44:	7899      	ldrb	r1, [r3, #2]
10005e46:	2000      	movs	r0, #0
10005e48:	f7ff fb14 	bl	10005474 <usbd_edpt_claim>
10005e4c:	2800      	cmp	r0, #0
10005e4e:	d101      	bne.n	10005e54 <tud_cdc_n_write_flush+0x5c>
10005e50:	2000      	movs	r0, #0
10005e52:	e7db      	b.n	10005e0c <tud_cdc_n_write_flush+0x14>
10005e54:	26b2      	movs	r6, #178	; 0xb2
10005e56:	00b6      	lsls	r6, r6, #2
10005e58:	436e      	muls	r6, r5
10005e5a:	23a2      	movs	r3, #162	; 0xa2
10005e5c:	009b      	lsls	r3, r3, #2
10005e5e:	469c      	mov	ip, r3
10005e60:	4466      	add	r6, ip
10005e62:	4b12      	ldr	r3, [pc, #72]	; (10005eac <tud_cdc_n_write_flush+0xb4>)
10005e64:	18f6      	adds	r6, r6, r3
10005e66:	2240      	movs	r2, #64	; 0x40
10005e68:	0031      	movs	r1, r6
10005e6a:	0020      	movs	r0, r4
10005e6c:	f000 fe09 	bl	10006a82 <tu_fifo_read_n>
10005e70:	1e04      	subs	r4, r0, #0
10005e72:	d00e      	beq.n	10005e92 <tud_cdc_n_write_flush+0x9a>
10005e74:	20b2      	movs	r0, #178	; 0xb2
10005e76:	0080      	lsls	r0, r0, #2
10005e78:	4368      	muls	r0, r5
10005e7a:	4d0c      	ldr	r5, [pc, #48]	; (10005eac <tud_cdc_n_write_flush+0xb4>)
10005e7c:	182d      	adds	r5, r5, r0
10005e7e:	78a9      	ldrb	r1, [r5, #2]
10005e80:	0023      	movs	r3, r4
10005e82:	0032      	movs	r2, r6
10005e84:	2000      	movs	r0, #0
10005e86:	f7ff fb1d 	bl	100054c4 <usbd_edpt_xfer>
10005e8a:	2800      	cmp	r0, #0
10005e8c:	d00c      	beq.n	10005ea8 <tud_cdc_n_write_flush+0xb0>
10005e8e:	0020      	movs	r0, r4
10005e90:	e7bc      	b.n	10005e0c <tud_cdc_n_write_flush+0x14>
10005e92:	20b2      	movs	r0, #178	; 0xb2
10005e94:	0080      	lsls	r0, r0, #2
10005e96:	4368      	muls	r0, r5
10005e98:	4d04      	ldr	r5, [pc, #16]	; (10005eac <tud_cdc_n_write_flush+0xb4>)
10005e9a:	182d      	adds	r5, r5, r0
10005e9c:	78a9      	ldrb	r1, [r5, #2]
10005e9e:	2000      	movs	r0, #0
10005ea0:	f7ff fafc 	bl	1000549c <usbd_edpt_release>
10005ea4:	2000      	movs	r0, #0
10005ea6:	e7b1      	b.n	10005e0c <tud_cdc_n_write_flush+0x14>
10005ea8:	2000      	movs	r0, #0
10005eaa:	e7af      	b.n	10005e0c <tud_cdc_n_write_flush+0x14>
10005eac:	20000df8 	.word	0x20000df8

10005eb0 <tud_cdc_n_write>:
10005eb0:	b570      	push	{r4, r5, r6, lr}
10005eb2:	0005      	movs	r5, r0
10005eb4:	24b2      	movs	r4, #178	; 0xb2
10005eb6:	00a4      	lsls	r4, r4, #2
10005eb8:	4344      	muls	r4, r0
10005eba:	3420      	adds	r4, #32
10005ebc:	4b09      	ldr	r3, [pc, #36]	; (10005ee4 <tud_cdc_n_write+0x34>)
10005ebe:	18e4      	adds	r4, r4, r3
10005ec0:	3404      	adds	r4, #4
10005ec2:	b292      	uxth	r2, r2
10005ec4:	0020      	movs	r0, r4
10005ec6:	f000 fe13 	bl	10006af0 <tu_fifo_write_n>
10005eca:	0006      	movs	r6, r0
10005ecc:	0020      	movs	r0, r4
10005ece:	f000 fd70 	bl	100069b2 <tu_fifo_count>
10005ed2:	283f      	cmp	r0, #63	; 0x3f
10005ed4:	d801      	bhi.n	10005eda <tud_cdc_n_write+0x2a>
10005ed6:	0030      	movs	r0, r6
10005ed8:	bd70      	pop	{r4, r5, r6, pc}
10005eda:	0028      	movs	r0, r5
10005edc:	f7ff ff8c 	bl	10005df8 <tud_cdc_n_write_flush>
10005ee0:	e7f9      	b.n	10005ed6 <tud_cdc_n_write+0x26>
10005ee2:	46c0      	nop			; (mov r8, r8)
10005ee4:	20000df8 	.word	0x20000df8

10005ee8 <tud_cdc_n_write_available>:
10005ee8:	b510      	push	{r4, lr}
10005eea:	23b2      	movs	r3, #178	; 0xb2
10005eec:	009b      	lsls	r3, r3, #2
10005eee:	4358      	muls	r0, r3
10005ef0:	3020      	adds	r0, #32
10005ef2:	4b03      	ldr	r3, [pc, #12]	; (10005f00 <tud_cdc_n_write_available+0x18>)
10005ef4:	18c0      	adds	r0, r0, r3
10005ef6:	3004      	adds	r0, #4
10005ef8:	f000 fd8c 	bl	10006a14 <tu_fifo_remaining>
10005efc:	bd10      	pop	{r4, pc}
10005efe:	46c0      	nop			; (mov r8, r8)
10005f00:	20000df8 	.word	0x20000df8

10005f04 <cdcd_init>:
10005f04:	b5f0      	push	{r4, r5, r6, r7, lr}
10005f06:	46ce      	mov	lr, r9
10005f08:	4647      	mov	r7, r8
10005f0a:	b580      	push	{r7, lr}
10005f0c:	b083      	sub	sp, #12
10005f0e:	22b2      	movs	r2, #178	; 0xb2
10005f10:	0092      	lsls	r2, r2, #2
10005f12:	2100      	movs	r1, #0
10005f14:	4828      	ldr	r0, [pc, #160]	; (10005fb8 <cdcd_init+0xb4>)
10005f16:	f7fe f8b9 	bl	1000408c <__wrap_memset>
10005f1a:	2600      	movs	r6, #0
10005f1c:	2e00      	cmp	r6, #0
10005f1e:	d004      	beq.n	10005f2a <cdcd_init+0x26>
10005f20:	b003      	add	sp, #12
10005f22:	bcc0      	pop	{r6, r7}
10005f24:	46b9      	mov	r9, r7
10005f26:	46b0      	mov	r8, r6
10005f28:	bdf0      	pop	{r4, r5, r6, r7, pc}
10005f2a:	4f23      	ldr	r7, [pc, #140]	; (10005fb8 <cdcd_init+0xb4>)
10005f2c:	24b2      	movs	r4, #178	; 0xb2
10005f2e:	00a4      	lsls	r4, r4, #2
10005f30:	4374      	muls	r4, r6
10005f32:	193d      	adds	r5, r7, r4
10005f34:	23ff      	movs	r3, #255	; 0xff
10005f36:	716b      	strb	r3, [r5, #5]
10005f38:	2300      	movs	r3, #0
10005f3a:	4698      	mov	r8, r3
10005f3c:	4a1f      	ldr	r2, [pc, #124]	; (10005fbc <cdcd_init+0xb8>)
10005f3e:	80ea      	strh	r2, [r5, #6]
10005f40:	2201      	movs	r2, #1
10005f42:	812a      	strh	r2, [r5, #8]
10005f44:	72ab      	strb	r3, [r5, #10]
10005f46:	72eb      	strb	r3, [r5, #11]
10005f48:	2308      	movs	r3, #8
10005f4a:	732b      	strb	r3, [r5, #12]
10005f4c:	0021      	movs	r1, r4
10005f4e:	3138      	adds	r1, #56	; 0x38
10005f50:	19c9      	adds	r1, r1, r7
10005f52:	33f8      	adds	r3, #248	; 0xf8
10005f54:	4699      	mov	r9, r3
10005f56:	0020      	movs	r0, r4
10005f58:	3010      	adds	r0, #16
10005f5a:	19c0      	adds	r0, r0, r7
10005f5c:	4643      	mov	r3, r8
10005f5e:	9300      	str	r3, [sp, #0]
10005f60:	3301      	adds	r3, #1
10005f62:	464a      	mov	r2, r9
10005f64:	f000 fce7 	bl	10006936 <tu_fifo_config>
10005f68:	0021      	movs	r1, r4
10005f6a:	3139      	adds	r1, #57	; 0x39
10005f6c:	31ff      	adds	r1, #255	; 0xff
10005f6e:	19c9      	adds	r1, r1, r7
10005f70:	0020      	movs	r0, r4
10005f72:	3020      	adds	r0, #32
10005f74:	19c0      	adds	r0, r0, r7
10005f76:	3004      	adds	r0, #4
10005f78:	2301      	movs	r3, #1
10005f7a:	9300      	str	r3, [sp, #0]
10005f7c:	464a      	mov	r2, r9
10005f7e:	f000 fcda 	bl	10006936 <tu_fifo_config>
10005f82:	238e      	movs	r3, #142	; 0x8e
10005f84:	009b      	lsls	r3, r3, #2
10005f86:	18e3      	adds	r3, r4, r3
10005f88:	4699      	mov	r9, r3
10005f8a:	44b9      	add	r9, r7
10005f8c:	4648      	mov	r0, r9
10005f8e:	f7fa fe63 	bl	10000c58 <mutex_init>
10005f92:	4643      	mov	r3, r8
10005f94:	61eb      	str	r3, [r5, #28]
10005f96:	464b      	mov	r3, r9
10005f98:	622b      	str	r3, [r5, #32]
10005f9a:	2390      	movs	r3, #144	; 0x90
10005f9c:	009b      	lsls	r3, r3, #2
10005f9e:	469c      	mov	ip, r3
10005fa0:	4464      	add	r4, ip
10005fa2:	19e4      	adds	r4, r4, r7
10005fa4:	0020      	movs	r0, r4
10005fa6:	f7fa fe57 	bl	10000c58 <mutex_init>
10005faa:	632c      	str	r4, [r5, #48]	; 0x30
10005fac:	4643      	mov	r3, r8
10005fae:	636b      	str	r3, [r5, #52]	; 0x34
10005fb0:	3601      	adds	r6, #1
10005fb2:	b2f6      	uxtb	r6, r6
10005fb4:	e7b2      	b.n	10005f1c <cdcd_init+0x18>
10005fb6:	46c0      	nop			; (mov r8, r8)
10005fb8:	20000df8 	.word	0x20000df8
10005fbc:	ffffc200 	.word	0xffffc200

10005fc0 <cdcd_reset>:
10005fc0:	b570      	push	{r4, r5, r6, lr}
10005fc2:	2500      	movs	r5, #0
10005fc4:	2d00      	cmp	r5, #0
10005fc6:	d000      	beq.n	10005fca <cdcd_reset+0xa>
10005fc8:	bd70      	pop	{r4, r5, r6, pc}
10005fca:	24b2      	movs	r4, #178	; 0xb2
10005fcc:	00a4      	lsls	r4, r4, #2
10005fce:	436c      	muls	r4, r5
10005fd0:	4e0b      	ldr	r6, [pc, #44]	; (10006000 <cdcd_reset+0x40>)
10005fd2:	19a0      	adds	r0, r4, r6
10005fd4:	2205      	movs	r2, #5
10005fd6:	2100      	movs	r1, #0
10005fd8:	f7fe f858 	bl	1000408c <__wrap_memset>
10005fdc:	0020      	movs	r0, r4
10005fde:	3010      	adds	r0, #16
10005fe0:	1980      	adds	r0, r0, r6
10005fe2:	f000 fd8a 	bl	10006afa <tu_fifo_clear>
10005fe6:	3420      	adds	r4, #32
10005fe8:	19a4      	adds	r4, r4, r6
10005fea:	3404      	adds	r4, #4
10005fec:	0020      	movs	r0, r4
10005fee:	f000 fd84 	bl	10006afa <tu_fifo_clear>
10005ff2:	2101      	movs	r1, #1
10005ff4:	0020      	movs	r0, r4
10005ff6:	f000 fd9f 	bl	10006b38 <tu_fifo_set_overwritable>
10005ffa:	3501      	adds	r5, #1
10005ffc:	b2ed      	uxtb	r5, r5
10005ffe:	e7e1      	b.n	10005fc4 <cdcd_reset+0x4>
10006000:	20000df8 	.word	0x20000df8

10006004 <cdcd_open>:
10006004:	b5f0      	push	{r4, r5, r6, r7, lr}
10006006:	b083      	sub	sp, #12
10006008:	0006      	movs	r6, r0
1000600a:	794b      	ldrb	r3, [r1, #5]
1000600c:	2b02      	cmp	r3, #2
1000600e:	d150      	bne.n	100060b2 <cdcd_open+0xae>
10006010:	798b      	ldrb	r3, [r1, #6]
10006012:	2b02      	cmp	r3, #2
10006014:	d151      	bne.n	100060ba <cdcd_open+0xb6>
10006016:	2300      	movs	r3, #0
10006018:	2b00      	cmp	r3, #0
1000601a:	d008      	beq.n	1000602e <cdcd_open+0x2a>
1000601c:	2700      	movs	r7, #0
1000601e:	2f00      	cmp	r7, #0
10006020:	d04d      	beq.n	100060be <cdcd_open+0xba>
10006022:	788b      	ldrb	r3, [r1, #2]
10006024:	703b      	strb	r3, [r7, #0]
10006026:	780c      	ldrb	r4, [r1, #0]
10006028:	190c      	adds	r4, r1, r4
1000602a:	2509      	movs	r5, #9
1000602c:	e011      	b.n	10006052 <cdcd_open+0x4e>
1000602e:	24b2      	movs	r4, #178	; 0xb2
10006030:	00a4      	lsls	r4, r4, #2
10006032:	435c      	muls	r4, r3
10006034:	4825      	ldr	r0, [pc, #148]	; (100060cc <cdcd_open+0xc8>)
10006036:	1900      	adds	r0, r0, r4
10006038:	7880      	ldrb	r0, [r0, #2]
1000603a:	2800      	cmp	r0, #0
1000603c:	d002      	beq.n	10006044 <cdcd_open+0x40>
1000603e:	3301      	adds	r3, #1
10006040:	b2db      	uxtb	r3, r3
10006042:	e7e9      	b.n	10006018 <cdcd_open+0x14>
10006044:	4f21      	ldr	r7, [pc, #132]	; (100060cc <cdcd_open+0xc8>)
10006046:	19e7      	adds	r7, r4, r7
10006048:	e7e9      	b.n	1000601e <cdcd_open+0x1a>
1000604a:	7821      	ldrb	r1, [r4, #0]
1000604c:	194d      	adds	r5, r1, r5
1000604e:	b2ad      	uxth	r5, r5
10006050:	1864      	adds	r4, r4, r1
10006052:	7863      	ldrb	r3, [r4, #1]
10006054:	2b24      	cmp	r3, #36	; 0x24
10006056:	d101      	bne.n	1000605c <cdcd_open+0x58>
10006058:	4295      	cmp	r5, r2
1000605a:	d9f6      	bls.n	1000604a <cdcd_open+0x46>
1000605c:	2b05      	cmp	r3, #5
1000605e:	d009      	beq.n	10006074 <cdcd_open+0x70>
10006060:	7863      	ldrb	r3, [r4, #1]
10006062:	2b04      	cmp	r3, #4
10006064:	d102      	bne.n	1000606c <cdcd_open+0x68>
10006066:	7963      	ldrb	r3, [r4, #5]
10006068:	2b0a      	cmp	r3, #10
1000606a:	d010      	beq.n	1000608e <cdcd_open+0x8a>
1000606c:	0038      	movs	r0, r7
1000606e:	f7ff fe5b 	bl	10005d28 <_prep_out_transaction>
10006072:	e01f      	b.n	100060b4 <cdcd_open+0xb0>
10006074:	0021      	movs	r1, r4
10006076:	0030      	movs	r0, r6
10006078:	f7ff f9b0 	bl	100053dc <usbd_edpt_open>
1000607c:	2800      	cmp	r0, #0
1000607e:	d020      	beq.n	100060c2 <cdcd_open+0xbe>
10006080:	78a3      	ldrb	r3, [r4, #2]
10006082:	707b      	strb	r3, [r7, #1]
10006084:	7822      	ldrb	r2, [r4, #0]
10006086:	1955      	adds	r5, r2, r5
10006088:	b2ad      	uxth	r5, r5
1000608a:	18a4      	adds	r4, r4, r2
1000608c:	e7e8      	b.n	10006060 <cdcd_open+0x5c>
1000608e:	7821      	ldrb	r1, [r4, #0]
10006090:	194d      	adds	r5, r1, r5
10006092:	b2ad      	uxth	r5, r5
10006094:	1861      	adds	r1, r4, r1
10006096:	1cbb      	adds	r3, r7, #2
10006098:	9301      	str	r3, [sp, #4]
1000609a:	1cfb      	adds	r3, r7, #3
1000609c:	9300      	str	r3, [sp, #0]
1000609e:	2302      	movs	r3, #2
100060a0:	2202      	movs	r2, #2
100060a2:	0030      	movs	r0, r6
100060a4:	f7ff f9b4 	bl	10005410 <usbd_open_edpt_pair>
100060a8:	2800      	cmp	r0, #0
100060aa:	d00c      	beq.n	100060c6 <cdcd_open+0xc2>
100060ac:	350e      	adds	r5, #14
100060ae:	b2ad      	uxth	r5, r5
100060b0:	e7dc      	b.n	1000606c <cdcd_open+0x68>
100060b2:	2500      	movs	r5, #0
100060b4:	0028      	movs	r0, r5
100060b6:	b003      	add	sp, #12
100060b8:	bdf0      	pop	{r4, r5, r6, r7, pc}
100060ba:	2500      	movs	r5, #0
100060bc:	e7fa      	b.n	100060b4 <cdcd_open+0xb0>
100060be:	2500      	movs	r5, #0
100060c0:	e7f8      	b.n	100060b4 <cdcd_open+0xb0>
100060c2:	2500      	movs	r5, #0
100060c4:	e7f6      	b.n	100060b4 <cdcd_open+0xb0>
100060c6:	2500      	movs	r5, #0
100060c8:	e7f4      	b.n	100060b4 <cdcd_open+0xb0>
100060ca:	46c0      	nop			; (mov r8, r8)
100060cc:	20000df8 	.word	0x20000df8

100060d0 <cdcd_control_xfer_cb>:
100060d0:	b5f8      	push	{r3, r4, r5, r6, r7, lr}
100060d2:	0014      	movs	r4, r2
100060d4:	7812      	ldrb	r2, [r2, #0]
100060d6:	2360      	movs	r3, #96	; 0x60
100060d8:	4013      	ands	r3, r2
100060da:	2b20      	cmp	r3, #32
100060dc:	d000      	beq.n	100060e0 <cdcd_control_xfer_cb+0x10>
100060de:	e07f      	b.n	100061e0 <cdcd_control_xfer_cb+0x110>
100060e0:	4a44      	ldr	r2, [pc, #272]	; (100061f4 <cdcd_control_xfer_cb+0x124>)
100060e2:	2500      	movs	r5, #0
100060e4:	2d00      	cmp	r5, #0
100060e6:	d000      	beq.n	100060ea <cdcd_control_xfer_cb+0x1a>
100060e8:	e07c      	b.n	100061e4 <cdcd_control_xfer_cb+0x114>
100060ea:	7816      	ldrb	r6, [r2, #0]
100060ec:	7927      	ldrb	r7, [r4, #4]
100060ee:	7963      	ldrb	r3, [r4, #5]
100060f0:	021b      	lsls	r3, r3, #8
100060f2:	433b      	orrs	r3, r7
100060f4:	429e      	cmp	r6, r3
100060f6:	d006      	beq.n	10006106 <cdcd_control_xfer_cb+0x36>
100060f8:	3501      	adds	r5, #1
100060fa:	b2ed      	uxtb	r5, r5
100060fc:	23b2      	movs	r3, #178	; 0xb2
100060fe:	009b      	lsls	r3, r3, #2
10006100:	469c      	mov	ip, r3
10006102:	4462      	add	r2, ip
10006104:	e7ee      	b.n	100060e4 <cdcd_control_xfer_cb+0x14>
10006106:	7863      	ldrb	r3, [r4, #1]
10006108:	2b22      	cmp	r3, #34	; 0x22
1000610a:	d031      	beq.n	10006170 <cdcd_control_xfer_cb+0xa0>
1000610c:	d809      	bhi.n	10006122 <cdcd_control_xfer_cb+0x52>
1000610e:	2b20      	cmp	r3, #32
10006110:	d011      	beq.n	10006136 <cdcd_control_xfer_cb+0x66>
10006112:	2b21      	cmp	r3, #33	; 0x21
10006114:	d103      	bne.n	1000611e <cdcd_control_xfer_cb+0x4e>
10006116:	2901      	cmp	r1, #1
10006118:	d023      	beq.n	10006162 <cdcd_control_xfer_cb+0x92>
1000611a:	2001      	movs	r0, #1
1000611c:	e061      	b.n	100061e2 <cdcd_control_xfer_cb+0x112>
1000611e:	2000      	movs	r0, #0
10006120:	e05f      	b.n	100061e2 <cdcd_control_xfer_cb+0x112>
10006122:	2b23      	cmp	r3, #35	; 0x23
10006124:	d105      	bne.n	10006132 <cdcd_control_xfer_cb+0x62>
10006126:	2901      	cmp	r1, #1
10006128:	d049      	beq.n	100061be <cdcd_control_xfer_cb+0xee>
1000612a:	2903      	cmp	r1, #3
1000612c:	d04c      	beq.n	100061c8 <cdcd_control_xfer_cb+0xf8>
1000612e:	2001      	movs	r0, #1
10006130:	e057      	b.n	100061e2 <cdcd_control_xfer_cb+0x112>
10006132:	2000      	movs	r0, #0
10006134:	e055      	b.n	100061e2 <cdcd_control_xfer_cb+0x112>
10006136:	2901      	cmp	r1, #1
10006138:	d003      	beq.n	10006142 <cdcd_control_xfer_cb+0x72>
1000613a:	2903      	cmp	r1, #3
1000613c:	d008      	beq.n	10006150 <cdcd_control_xfer_cb+0x80>
1000613e:	2001      	movs	r0, #1
10006140:	e04f      	b.n	100061e2 <cdcd_control_xfer_cb+0x112>
10006142:	3206      	adds	r2, #6
10006144:	2307      	movs	r3, #7
10006146:	0021      	movs	r1, r4
10006148:	f7ff fd30 	bl	10005bac <tud_control_xfer>
1000614c:	2001      	movs	r0, #1
1000614e:	e048      	b.n	100061e2 <cdcd_control_xfer_cb+0x112>
10006150:	4b29      	ldr	r3, [pc, #164]	; (100061f8 <cdcd_control_xfer_cb+0x128>)
10006152:	2b00      	cmp	r3, #0
10006154:	d048      	beq.n	100061e8 <cdcd_control_xfer_cb+0x118>
10006156:	1d91      	adds	r1, r2, #6
10006158:	0028      	movs	r0, r5
1000615a:	f7fe fa77 	bl	1000464c <tud_cdc_line_coding_cb>
1000615e:	2001      	movs	r0, #1
10006160:	e03f      	b.n	100061e2 <cdcd_control_xfer_cb+0x112>
10006162:	3206      	adds	r2, #6
10006164:	2307      	movs	r3, #7
10006166:	0021      	movs	r1, r4
10006168:	f7ff fd20 	bl	10005bac <tud_control_xfer>
1000616c:	2001      	movs	r0, #1
1000616e:	e038      	b.n	100061e2 <cdcd_control_xfer_cb+0x112>
10006170:	2901      	cmp	r1, #1
10006172:	d003      	beq.n	1000617c <cdcd_control_xfer_cb+0xac>
10006174:	2903      	cmp	r1, #3
10006176:	d006      	beq.n	10006186 <cdcd_control_xfer_cb+0xb6>
10006178:	2001      	movs	r0, #1
1000617a:	e032      	b.n	100061e2 <cdcd_control_xfer_cb+0x112>
1000617c:	0021      	movs	r1, r4
1000617e:	f7ff fcf9 	bl	10005b74 <tud_control_status>
10006182:	2001      	movs	r0, #1
10006184:	e02d      	b.n	100061e2 <cdcd_control_xfer_cb+0x112>
10006186:	78a1      	ldrb	r1, [r4, #2]
10006188:	78e3      	ldrb	r3, [r4, #3]
1000618a:	021b      	lsls	r3, r3, #8
1000618c:	430b      	orrs	r3, r1
1000618e:	2001      	movs	r0, #1
10006190:	0019      	movs	r1, r3
10006192:	4001      	ands	r1, r0
10006194:	000e      	movs	r6, r1
10006196:	085c      	lsrs	r4, r3, #1
10006198:	4004      	ands	r4, r0
1000619a:	7113      	strb	r3, [r2, #4]
1000619c:	424b      	negs	r3, r1
1000619e:	4159      	adcs	r1, r3
100061a0:	b2c9      	uxtb	r1, r1
100061a2:	3224      	adds	r2, #36	; 0x24
100061a4:	0010      	movs	r0, r2
100061a6:	f000 fcc7 	bl	10006b38 <tu_fifo_set_overwritable>
100061aa:	4b14      	ldr	r3, [pc, #80]	; (100061fc <cdcd_control_xfer_cb+0x12c>)
100061ac:	2b00      	cmp	r3, #0
100061ae:	d01d      	beq.n	100061ec <cdcd_control_xfer_cb+0x11c>
100061b0:	0022      	movs	r2, r4
100061b2:	0031      	movs	r1, r6
100061b4:	0028      	movs	r0, r5
100061b6:	e000      	b.n	100061ba <cdcd_control_xfer_cb+0xea>
100061b8:	bf00      	nop
100061ba:	2001      	movs	r0, #1
100061bc:	e011      	b.n	100061e2 <cdcd_control_xfer_cb+0x112>
100061be:	0021      	movs	r1, r4
100061c0:	f7ff fcd8 	bl	10005b74 <tud_control_status>
100061c4:	2001      	movs	r0, #1
100061c6:	e00c      	b.n	100061e2 <cdcd_control_xfer_cb+0x112>
100061c8:	4b0d      	ldr	r3, [pc, #52]	; (10006200 <cdcd_control_xfer_cb+0x130>)
100061ca:	2b00      	cmp	r3, #0
100061cc:	d010      	beq.n	100061f0 <cdcd_control_xfer_cb+0x120>
100061ce:	78a3      	ldrb	r3, [r4, #2]
100061d0:	78e1      	ldrb	r1, [r4, #3]
100061d2:	0209      	lsls	r1, r1, #8
100061d4:	4319      	orrs	r1, r3
100061d6:	0028      	movs	r0, r5
100061d8:	e000      	b.n	100061dc <cdcd_control_xfer_cb+0x10c>
100061da:	bf00      	nop
100061dc:	2001      	movs	r0, #1
100061de:	e000      	b.n	100061e2 <cdcd_control_xfer_cb+0x112>
100061e0:	2000      	movs	r0, #0
100061e2:	bdf8      	pop	{r3, r4, r5, r6, r7, pc}
100061e4:	2000      	movs	r0, #0
100061e6:	e7fc      	b.n	100061e2 <cdcd_control_xfer_cb+0x112>
100061e8:	2001      	movs	r0, #1
100061ea:	e7fa      	b.n	100061e2 <cdcd_control_xfer_cb+0x112>
100061ec:	2001      	movs	r0, #1
100061ee:	e7f8      	b.n	100061e2 <cdcd_control_xfer_cb+0x112>
100061f0:	2001      	movs	r0, #1
100061f2:	e7f6      	b.n	100061e2 <cdcd_control_xfer_cb+0x112>
100061f4:	20000df8 	.word	0x20000df8
100061f8:	1000464d 	.word	0x1000464d
	...

10006204 <cdcd_xfer_cb>:
10006204:	b5f0      	push	{r4, r5, r6, r7, lr}
10006206:	46d6      	mov	lr, sl
10006208:	b500      	push	{lr}
1000620a:	b082      	sub	sp, #8
1000620c:	9001      	str	r0, [sp, #4]
1000620e:	000f      	movs	r7, r1
10006210:	9300      	str	r3, [sp, #0]
10006212:	2400      	movs	r4, #0
10006214:	2c00      	cmp	r4, #0
10006216:	d00e      	beq.n	10006236 <cdcd_xfer_cb+0x32>
10006218:	2c00      	cmp	r4, #0
1000621a:	d000      	beq.n	1000621e <cdcd_xfer_cb+0x1a>
1000621c:	e07c      	b.n	10006318 <cdcd_xfer_cb+0x114>
1000621e:	78eb      	ldrb	r3, [r5, #3]
10006220:	42bb      	cmp	r3, r7
10006222:	d016      	beq.n	10006252 <cdcd_xfer_cb+0x4e>
10006224:	78ab      	ldrb	r3, [r5, #2]
10006226:	42bb      	cmp	r3, r7
10006228:	d04d      	beq.n	100062c6 <cdcd_xfer_cb+0xc2>
1000622a:	2401      	movs	r4, #1
1000622c:	0020      	movs	r0, r4
1000622e:	b002      	add	sp, #8
10006230:	bc80      	pop	{r7}
10006232:	46ba      	mov	sl, r7
10006234:	bdf0      	pop	{r4, r5, r6, r7, pc}
10006236:	25b2      	movs	r5, #178	; 0xb2
10006238:	00ad      	lsls	r5, r5, #2
1000623a:	4365      	muls	r5, r4
1000623c:	4b39      	ldr	r3, [pc, #228]	; (10006324 <cdcd_xfer_cb+0x120>)
1000623e:	18ed      	adds	r5, r5, r3
10006240:	78eb      	ldrb	r3, [r5, #3]
10006242:	42bb      	cmp	r3, r7
10006244:	d0e8      	beq.n	10006218 <cdcd_xfer_cb+0x14>
10006246:	78ab      	ldrb	r3, [r5, #2]
10006248:	42bb      	cmp	r3, r7
1000624a:	d0e5      	beq.n	10006218 <cdcd_xfer_cb+0x14>
1000624c:	3401      	adds	r4, #1
1000624e:	b2e4      	uxtb	r4, r4
10006250:	e7e0      	b.n	10006214 <cdcd_xfer_cb+0x10>
10006252:	2310      	movs	r3, #16
10006254:	469a      	mov	sl, r3
10006256:	44aa      	add	sl, r5
10006258:	2392      	movs	r3, #146	; 0x92
1000625a:	009b      	lsls	r3, r3, #2
1000625c:	18e9      	adds	r1, r5, r3
1000625e:	466b      	mov	r3, sp
10006260:	881a      	ldrh	r2, [r3, #0]
10006262:	4650      	mov	r0, sl
10006264:	f000 fc44 	bl	10006af0 <tu_fifo_write_n>
10006268:	4b2f      	ldr	r3, [pc, #188]	; (10006328 <cdcd_xfer_cb+0x124>)
1000626a:	2b00      	cmp	r3, #0
1000626c:	d01b      	beq.n	100062a6 <cdcd_xfer_cb+0xa2>
1000626e:	796b      	ldrb	r3, [r5, #5]
10006270:	2bff      	cmp	r3, #255	; 0xff
10006272:	d018      	beq.n	100062a6 <cdcd_xfer_cb+0xa2>
10006274:	2600      	movs	r6, #0
10006276:	e000      	b.n	1000627a <cdcd_xfer_cb+0x76>
10006278:	3601      	adds	r6, #1
1000627a:	9b00      	ldr	r3, [sp, #0]
1000627c:	429e      	cmp	r6, r3
1000627e:	d212      	bcs.n	100062a6 <cdcd_xfer_cb+0xa2>
10006280:	796a      	ldrb	r2, [r5, #5]
10006282:	19ab      	adds	r3, r5, r6
10006284:	2192      	movs	r1, #146	; 0x92
10006286:	0089      	lsls	r1, r1, #2
10006288:	468c      	mov	ip, r1
1000628a:	4463      	add	r3, ip
1000628c:	781b      	ldrb	r3, [r3, #0]
1000628e:	429a      	cmp	r2, r3
10006290:	d1f2      	bne.n	10006278 <cdcd_xfer_cb+0x74>
10006292:	4650      	mov	r0, sl
10006294:	f000 fba2 	bl	100069dc <tu_fifo_empty>
10006298:	2800      	cmp	r0, #0
1000629a:	d1ed      	bne.n	10006278 <cdcd_xfer_cb+0x74>
1000629c:	7969      	ldrb	r1, [r5, #5]
1000629e:	0020      	movs	r0, r4
100062a0:	e000      	b.n	100062a4 <cdcd_xfer_cb+0xa0>
100062a2:	bf00      	nop
100062a4:	e7e8      	b.n	10006278 <cdcd_xfer_cb+0x74>
100062a6:	4b21      	ldr	r3, [pc, #132]	; (1000632c <cdcd_xfer_cb+0x128>)
100062a8:	2b00      	cmp	r3, #0
100062aa:	d004      	beq.n	100062b6 <cdcd_xfer_cb+0xb2>
100062ac:	4650      	mov	r0, sl
100062ae:	f000 fb95 	bl	100069dc <tu_fifo_empty>
100062b2:	2800      	cmp	r0, #0
100062b4:	d003      	beq.n	100062be <cdcd_xfer_cb+0xba>
100062b6:	0028      	movs	r0, r5
100062b8:	f7ff fd36 	bl	10005d28 <_prep_out_transaction>
100062bc:	e7b2      	b.n	10006224 <cdcd_xfer_cb+0x20>
100062be:	0020      	movs	r0, r4
100062c0:	f7fe fa86 	bl	100047d0 <tud_cdc_rx_cb>
100062c4:	e7f7      	b.n	100062b6 <cdcd_xfer_cb+0xb2>
100062c6:	4b1a      	ldr	r3, [pc, #104]	; (10006330 <cdcd_xfer_cb+0x12c>)
100062c8:	2b00      	cmp	r3, #0
100062ca:	d002      	beq.n	100062d2 <cdcd_xfer_cb+0xce>
100062cc:	0020      	movs	r0, r4
100062ce:	e000      	b.n	100062d2 <cdcd_xfer_cb+0xce>
100062d0:	bf00      	nop
100062d2:	0020      	movs	r0, r4
100062d4:	f7ff fd90 	bl	10005df8 <tud_cdc_n_write_flush>
100062d8:	2800      	cmp	r0, #0
100062da:	d001      	beq.n	100062e0 <cdcd_xfer_cb+0xdc>
100062dc:	2401      	movs	r4, #1
100062de:	e7a5      	b.n	1000622c <cdcd_xfer_cb+0x28>
100062e0:	0028      	movs	r0, r5
100062e2:	3024      	adds	r0, #36	; 0x24
100062e4:	f000 fb65 	bl	100069b2 <tu_fifo_count>
100062e8:	2800      	cmp	r0, #0
100062ea:	d117      	bne.n	1000631c <cdcd_xfer_cb+0x118>
100062ec:	9b00      	ldr	r3, [sp, #0]
100062ee:	2b00      	cmp	r3, #0
100062f0:	d016      	beq.n	10006320 <cdcd_xfer_cb+0x11c>
100062f2:	069b      	lsls	r3, r3, #26
100062f4:	d001      	beq.n	100062fa <cdcd_xfer_cb+0xf6>
100062f6:	2401      	movs	r4, #1
100062f8:	e798      	b.n	1000622c <cdcd_xfer_cb+0x28>
100062fa:	78a9      	ldrb	r1, [r5, #2]
100062fc:	9801      	ldr	r0, [sp, #4]
100062fe:	f7ff f8b9 	bl	10005474 <usbd_edpt_claim>
10006302:	1e04      	subs	r4, r0, #0
10006304:	d101      	bne.n	1000630a <cdcd_xfer_cb+0x106>
10006306:	2401      	movs	r4, #1
10006308:	e790      	b.n	1000622c <cdcd_xfer_cb+0x28>
1000630a:	78a9      	ldrb	r1, [r5, #2]
1000630c:	2300      	movs	r3, #0
1000630e:	2200      	movs	r2, #0
10006310:	9801      	ldr	r0, [sp, #4]
10006312:	f7ff f8d7 	bl	100054c4 <usbd_edpt_xfer>
10006316:	e789      	b.n	1000622c <cdcd_xfer_cb+0x28>
10006318:	2400      	movs	r4, #0
1000631a:	e787      	b.n	1000622c <cdcd_xfer_cb+0x28>
1000631c:	2401      	movs	r4, #1
1000631e:	e785      	b.n	1000622c <cdcd_xfer_cb+0x28>
10006320:	2401      	movs	r4, #1
10006322:	e783      	b.n	1000622c <cdcd_xfer_cb+0x28>
10006324:	20000df8 	.word	0x20000df8
10006328:	00000000 	.word	0x00000000
1000632c:	100047d1 	.word	0x100047d1
10006330:	00000000 	.word	0x00000000

10006334 <tusb_init>:
10006334:	b510      	push	{r4, lr}
10006336:	2000      	movs	r0, #0
10006338:	f7fe ffd4 	bl	100052e4 <tud_init>
1000633c:	bd10      	pop	{r4, pc}

1000633e <tusb_inited>:
1000633e:	b510      	push	{r4, lr}
10006340:	f7fe ffc6 	bl	100052d0 <tud_inited>
10006344:	2800      	cmp	r0, #0
10006346:	d000      	beq.n	1000634a <tusb_inited+0xc>
10006348:	2001      	movs	r0, #1
1000634a:	bd10      	pop	{r4, pc}

1000634c <tu_edpt_claim>:
1000634c:	b570      	push	{r4, r5, r6, lr}
1000634e:	0004      	movs	r4, r0
10006350:	000d      	movs	r5, r1
10006352:	7803      	ldrb	r3, [r0, #0]
10006354:	07db      	lsls	r3, r3, #31
10006356:	0fde      	lsrs	r6, r3, #31
10006358:	2b00      	cmp	r3, #0
1000635a:	d11c      	bne.n	10006396 <tu_edpt_claim+0x4a>
1000635c:	7803      	ldrb	r3, [r0, #0]
1000635e:	075b      	lsls	r3, r3, #29
10006360:	d41a      	bmi.n	10006398 <tu_edpt_claim+0x4c>
10006362:	2101      	movs	r1, #1
10006364:	4249      	negs	r1, r1
10006366:	0028      	movs	r0, r5
10006368:	f000 fdea 	bl	10006f40 <__mutex_enter_timeout_ms_veneer>
1000636c:	7823      	ldrb	r3, [r4, #0]
1000636e:	07db      	lsls	r3, r3, #31
10006370:	d404      	bmi.n	1000637c <tu_edpt_claim+0x30>
10006372:	7823      	ldrb	r3, [r4, #0]
10006374:	075b      	lsls	r3, r3, #29
10006376:	d50c      	bpl.n	10006392 <tu_edpt_claim+0x46>
10006378:	2600      	movs	r6, #0
1000637a:	e000      	b.n	1000637e <tu_edpt_claim+0x32>
1000637c:	2600      	movs	r6, #0
1000637e:	2e00      	cmp	r6, #0
10006380:	d003      	beq.n	1000638a <tu_edpt_claim+0x3e>
10006382:	7823      	ldrb	r3, [r4, #0]
10006384:	2204      	movs	r2, #4
10006386:	4313      	orrs	r3, r2
10006388:	7023      	strb	r3, [r4, #0]
1000638a:	0028      	movs	r0, r5
1000638c:	f000 fdb0 	bl	10006ef0 <__mutex_exit_veneer>
10006390:	e002      	b.n	10006398 <tu_edpt_claim+0x4c>
10006392:	2601      	movs	r6, #1
10006394:	e7f3      	b.n	1000637e <tu_edpt_claim+0x32>
10006396:	2600      	movs	r6, #0
10006398:	0030      	movs	r0, r6
1000639a:	bd70      	pop	{r4, r5, r6, pc}

1000639c <tu_edpt_release>:
1000639c:	b570      	push	{r4, r5, r6, lr}
1000639e:	0004      	movs	r4, r0
100063a0:	000e      	movs	r6, r1
100063a2:	2101      	movs	r1, #1
100063a4:	4249      	negs	r1, r1
100063a6:	0030      	movs	r0, r6
100063a8:	f000 fdca 	bl	10006f40 <__mutex_enter_timeout_ms_veneer>
100063ac:	7823      	ldrb	r3, [r4, #0]
100063ae:	075b      	lsls	r3, r3, #29
100063b0:	d40b      	bmi.n	100063ca <tu_edpt_release+0x2e>
100063b2:	2500      	movs	r5, #0
100063b4:	2d00      	cmp	r5, #0
100063b6:	d003      	beq.n	100063c0 <tu_edpt_release+0x24>
100063b8:	7823      	ldrb	r3, [r4, #0]
100063ba:	2204      	movs	r2, #4
100063bc:	4393      	bics	r3, r2
100063be:	7023      	strb	r3, [r4, #0]
100063c0:	0030      	movs	r0, r6
100063c2:	f000 fd95 	bl	10006ef0 <__mutex_exit_veneer>
100063c6:	0028      	movs	r0, r5
100063c8:	bd70      	pop	{r4, r5, r6, pc}
100063ca:	7823      	ldrb	r3, [r4, #0]
100063cc:	07db      	lsls	r3, r3, #31
100063ce:	d501      	bpl.n	100063d4 <tu_edpt_release+0x38>
100063d0:	2500      	movs	r5, #0
100063d2:	e7ef      	b.n	100063b4 <tu_edpt_release+0x18>
100063d4:	2501      	movs	r5, #1
100063d6:	e7ed      	b.n	100063b4 <tu_edpt_release+0x18>

100063d8 <tu_edpt_validate>:
100063d8:	b510      	push	{r4, lr}
100063da:	7904      	ldrb	r4, [r0, #4]
100063dc:	7943      	ldrb	r3, [r0, #5]
100063de:	021b      	lsls	r3, r3, #8
100063e0:	4323      	orrs	r3, r4
100063e2:	055b      	lsls	r3, r3, #21
100063e4:	0d5b      	lsrs	r3, r3, #21
100063e6:	78c2      	ldrb	r2, [r0, #3]
100063e8:	0792      	lsls	r2, r2, #30
100063ea:	0f92      	lsrs	r2, r2, #30
100063ec:	2a02      	cmp	r2, #2
100063ee:	d00f      	beq.n	10006410 <tu_edpt_validate+0x38>
100063f0:	2a03      	cmp	r2, #3
100063f2:	d019      	beq.n	10006428 <tu_edpt_validate+0x50>
100063f4:	2a01      	cmp	r2, #1
100063f6:	d001      	beq.n	100063fc <tu_edpt_validate+0x24>
100063f8:	2000      	movs	r0, #0
100063fa:	bd10      	pop	{r4, pc}
100063fc:	2902      	cmp	r1, #2
100063fe:	d004      	beq.n	1000640a <tu_edpt_validate+0x32>
10006400:	4a12      	ldr	r2, [pc, #72]	; (1000644c <tu_edpt_validate+0x74>)
10006402:	429a      	cmp	r2, r3
10006404:	d31a      	bcc.n	1000643c <tu_edpt_validate+0x64>
10006406:	2001      	movs	r0, #1
10006408:	e7f7      	b.n	100063fa <tu_edpt_validate+0x22>
1000640a:	2280      	movs	r2, #128	; 0x80
1000640c:	00d2      	lsls	r2, r2, #3
1000640e:	e7f8      	b.n	10006402 <tu_edpt_validate+0x2a>
10006410:	2902      	cmp	r1, #2
10006412:	d003      	beq.n	1000641c <tu_edpt_validate+0x44>
10006414:	2b40      	cmp	r3, #64	; 0x40
10006416:	d815      	bhi.n	10006444 <tu_edpt_validate+0x6c>
10006418:	2001      	movs	r0, #1
1000641a:	e7ee      	b.n	100063fa <tu_edpt_validate+0x22>
1000641c:	2280      	movs	r2, #128	; 0x80
1000641e:	0092      	lsls	r2, r2, #2
10006420:	4293      	cmp	r3, r2
10006422:	d10d      	bne.n	10006440 <tu_edpt_validate+0x68>
10006424:	2001      	movs	r0, #1
10006426:	e7e8      	b.n	100063fa <tu_edpt_validate+0x22>
10006428:	2902      	cmp	r1, #2
1000642a:	d004      	beq.n	10006436 <tu_edpt_validate+0x5e>
1000642c:	2240      	movs	r2, #64	; 0x40
1000642e:	429a      	cmp	r2, r3
10006430:	d30a      	bcc.n	10006448 <tu_edpt_validate+0x70>
10006432:	2001      	movs	r0, #1
10006434:	e7e1      	b.n	100063fa <tu_edpt_validate+0x22>
10006436:	2280      	movs	r2, #128	; 0x80
10006438:	00d2      	lsls	r2, r2, #3
1000643a:	e7f8      	b.n	1000642e <tu_edpt_validate+0x56>
1000643c:	2000      	movs	r0, #0
1000643e:	e7dc      	b.n	100063fa <tu_edpt_validate+0x22>
10006440:	2000      	movs	r0, #0
10006442:	e7da      	b.n	100063fa <tu_edpt_validate+0x22>
10006444:	2000      	movs	r0, #0
10006446:	e7d8      	b.n	100063fa <tu_edpt_validate+0x22>
10006448:	2000      	movs	r0, #0
1000644a:	e7d6      	b.n	100063fa <tu_edpt_validate+0x22>
1000644c:	000003ff 	.word	0x000003ff

10006450 <tu_edpt_bind_driver>:
10006450:	b530      	push	{r4, r5, lr}
10006452:	188a      	adds	r2, r1, r2
10006454:	e001      	b.n	1000645a <tu_edpt_bind_driver+0xa>
10006456:	780c      	ldrb	r4, [r1, #0]
10006458:	1909      	adds	r1, r1, r4
1000645a:	4291      	cmp	r1, r2
1000645c:	d20a      	bcs.n	10006474 <tu_edpt_bind_driver+0x24>
1000645e:	784c      	ldrb	r4, [r1, #1]
10006460:	2c05      	cmp	r4, #5
10006462:	d1f8      	bne.n	10006456 <tu_edpt_bind_driver+0x6>
10006464:	788d      	ldrb	r5, [r1, #2]
10006466:	347a      	adds	r4, #122	; 0x7a
10006468:	402c      	ands	r4, r5
1000646a:	0064      	lsls	r4, r4, #1
1000646c:	1904      	adds	r4, r0, r4
1000646e:	09ed      	lsrs	r5, r5, #7
10006470:	5563      	strb	r3, [r4, r5]
10006472:	e7f0      	b.n	10006456 <tu_edpt_bind_driver+0x6>
10006474:	bd30      	pop	{r4, r5, pc}

10006476 <advance_index>:
10006476:	0003      	movs	r3, r0
10006478:	188a      	adds	r2, r1, r2
1000647a:	b290      	uxth	r0, r2
1000647c:	4281      	cmp	r1, r0
1000647e:	d802      	bhi.n	10006486 <advance_index+0x10>
10006480:	005a      	lsls	r2, r3, #1
10006482:	4290      	cmp	r0, r2
10006484:	db03      	blt.n	1000648e <advance_index+0x18>
10006486:	005b      	lsls	r3, r3, #1
10006488:	b29b      	uxth	r3, r3
1000648a:	1ac0      	subs	r0, r0, r3
1000648c:	b280      	uxth	r0, r0
1000648e:	4770      	bx	lr

10006490 <_tu_fifo_peek>:
10006490:	b570      	push	{r4, r5, r6, lr}
10006492:	0005      	movs	r5, r0
10006494:	0008      	movs	r0, r1
10006496:	88ac      	ldrh	r4, [r5, #4]
10006498:	429a      	cmp	r2, r3
1000649a:	d30b      	bcc.n	100064b4 <_tu_fifo_peek+0x24>
1000649c:	1ad1      	subs	r1, r2, r3
1000649e:	b289      	uxth	r1, r1
100064a0:	2900      	cmp	r1, #0
100064a2:	d01e      	beq.n	100064e2 <_tu_fifo_peek+0x52>
100064a4:	428c      	cmp	r4, r1
100064a6:	d210      	bcs.n	100064ca <_tu_fifo_peek+0x3a>
100064a8:	4294      	cmp	r4, r2
100064aa:	d809      	bhi.n	100064c0 <_tu_fifo_peek+0x30>
100064ac:	1b13      	subs	r3, r2, r4
100064ae:	b29b      	uxth	r3, r3
100064b0:	816b      	strh	r3, [r5, #10]
100064b2:	e00a      	b.n	100064ca <_tu_fifo_peek+0x3a>
100064b4:	1ad1      	subs	r1, r2, r3
100064b6:	b289      	uxth	r1, r1
100064b8:	0066      	lsls	r6, r4, #1
100064ba:	1989      	adds	r1, r1, r6
100064bc:	b289      	uxth	r1, r1
100064be:	e7ef      	b.n	100064a0 <_tu_fifo_peek+0x10>
100064c0:	18a2      	adds	r2, r4, r2
100064c2:	b293      	uxth	r3, r2
100064c4:	e7f4      	b.n	100064b0 <_tu_fifo_peek+0x20>
100064c6:	1b1b      	subs	r3, r3, r4
100064c8:	b29b      	uxth	r3, r3
100064ca:	429c      	cmp	r4, r3
100064cc:	d9fb      	bls.n	100064c6 <_tu_fifo_peek+0x36>
100064ce:	6829      	ldr	r1, [r5, #0]
100064d0:	88ea      	ldrh	r2, [r5, #6]
100064d2:	0452      	lsls	r2, r2, #17
100064d4:	0c52      	lsrs	r2, r2, #17
100064d6:	4353      	muls	r3, r2
100064d8:	18c9      	adds	r1, r1, r3
100064da:	f7fd fddd 	bl	10004098 <__wrap___aeabi_memcpy>
100064de:	2001      	movs	r0, #1
100064e0:	bd70      	pop	{r4, r5, r6, pc}
100064e2:	2000      	movs	r0, #0
100064e4:	e7fc      	b.n	100064e0 <_tu_fifo_peek+0x50>

100064e6 <_ff_pull_const_addr>:
100064e6:	b5f0      	push	{r4, r5, r6, r7, lr}
100064e8:	b083      	sub	sp, #12
100064ea:	0006      	movs	r6, r0
100064ec:	0893      	lsrs	r3, r2, #2
100064ee:	e00c      	b.n	1000650a <_ff_pull_const_addr+0x24>
100064f0:	780b      	ldrb	r3, [r1, #0]
100064f2:	784d      	ldrb	r5, [r1, #1]
100064f4:	022d      	lsls	r5, r5, #8
100064f6:	431d      	orrs	r5, r3
100064f8:	788c      	ldrb	r4, [r1, #2]
100064fa:	0424      	lsls	r4, r4, #16
100064fc:	4325      	orrs	r5, r4
100064fe:	78cb      	ldrb	r3, [r1, #3]
10006500:	061b      	lsls	r3, r3, #24
10006502:	432b      	orrs	r3, r5
10006504:	6033      	str	r3, [r6, #0]
10006506:	3104      	adds	r1, #4
10006508:	003b      	movs	r3, r7
1000650a:	1e5f      	subs	r7, r3, #1
1000650c:	b2bf      	uxth	r7, r7
1000650e:	2b00      	cmp	r3, #0
10006510:	d1ee      	bne.n	100064f0 <_ff_pull_const_addr+0xa>
10006512:	3303      	adds	r3, #3
10006514:	0010      	movs	r0, r2
10006516:	4018      	ands	r0, r3
10006518:	421a      	tst	r2, r3
1000651a:	d101      	bne.n	10006520 <_ff_pull_const_addr+0x3a>
1000651c:	b003      	add	sp, #12
1000651e:	bdf0      	pop	{r4, r5, r6, r7, pc}
10006520:	2300      	movs	r3, #0
10006522:	9301      	str	r3, [sp, #4]
10006524:	0002      	movs	r2, r0
10006526:	a801      	add	r0, sp, #4
10006528:	f7fd fdb6 	bl	10004098 <__wrap___aeabi_memcpy>
1000652c:	9b01      	ldr	r3, [sp, #4]
1000652e:	6033      	str	r3, [r6, #0]
10006530:	e7f4      	b.n	1000651c <_ff_pull_const_addr+0x36>

10006532 <_ff_pull_n>:
10006532:	b5f0      	push	{r4, r5, r6, r7, lr}
10006534:	46de      	mov	lr, fp
10006536:	4657      	mov	r7, sl
10006538:	464e      	mov	r6, r9
1000653a:	4645      	mov	r5, r8
1000653c:	b5e0      	push	{r5, r6, r7, lr}
1000653e:	b083      	sub	sp, #12
10006540:	0005      	movs	r5, r0
10006542:	468a      	mov	sl, r1
10006544:	a90c      	add	r1, sp, #48	; 0x30
10006546:	7809      	ldrb	r1, [r1, #0]
10006548:	8884      	ldrh	r4, [r0, #4]
1000654a:	1ae0      	subs	r0, r4, r3
1000654c:	b280      	uxth	r0, r0
1000654e:	1b1c      	subs	r4, r3, r4
10006550:	1914      	adds	r4, r2, r4
10006552:	b2a4      	uxth	r4, r4
10006554:	88ef      	ldrh	r7, [r5, #6]
10006556:	047f      	lsls	r7, r7, #17
10006558:	0c7e      	lsrs	r6, r7, #17
1000655a:	0007      	movs	r7, r0
1000655c:	4377      	muls	r7, r6
1000655e:	b2bf      	uxth	r7, r7
10006560:	4374      	muls	r4, r6
10006562:	b2a4      	uxth	r4, r4
10006564:	46a3      	mov	fp, r4
10006566:	4373      	muls	r3, r6
10006568:	682c      	ldr	r4, [r5, #0]
1000656a:	46a0      	mov	r8, r4
1000656c:	4498      	add	r8, r3
1000656e:	2900      	cmp	r1, #0
10006570:	d008      	beq.n	10006584 <_ff_pull_n+0x52>
10006572:	2901      	cmp	r1, #1
10006574:	d01a      	beq.n	100065ac <_ff_pull_n+0x7a>
10006576:	b003      	add	sp, #12
10006578:	bcf0      	pop	{r4, r5, r6, r7}
1000657a:	46bb      	mov	fp, r7
1000657c:	46b2      	mov	sl, r6
1000657e:	46a9      	mov	r9, r5
10006580:	46a0      	mov	r8, r4
10006582:	bdf0      	pop	{r4, r5, r6, r7, pc}
10006584:	4290      	cmp	r0, r2
10006586:	d305      	bcc.n	10006594 <_ff_pull_n+0x62>
10006588:	4372      	muls	r2, r6
1000658a:	4641      	mov	r1, r8
1000658c:	4650      	mov	r0, sl
1000658e:	f7fd fd83 	bl	10004098 <__wrap___aeabi_memcpy>
10006592:	e7f0      	b.n	10006576 <_ff_pull_n+0x44>
10006594:	003a      	movs	r2, r7
10006596:	4641      	mov	r1, r8
10006598:	4650      	mov	r0, sl
1000659a:	f7fd fd7d 	bl	10004098 <__wrap___aeabi_memcpy>
1000659e:	6829      	ldr	r1, [r5, #0]
100065a0:	0038      	movs	r0, r7
100065a2:	4450      	add	r0, sl
100065a4:	465a      	mov	r2, fp
100065a6:	f7fd fd77 	bl	10004098 <__wrap___aeabi_memcpy>
100065aa:	e7e4      	b.n	10006576 <_ff_pull_n+0x44>
100065ac:	4290      	cmp	r0, r2
100065ae:	d306      	bcc.n	100065be <_ff_pull_n+0x8c>
100065b0:	4372      	muls	r2, r6
100065b2:	b292      	uxth	r2, r2
100065b4:	4641      	mov	r1, r8
100065b6:	4650      	mov	r0, sl
100065b8:	f7ff ff95 	bl	100064e6 <_ff_pull_const_addr>
100065bc:	e7db      	b.n	10006576 <_ff_pull_n+0x44>
100065be:	2303      	movs	r3, #3
100065c0:	003a      	movs	r2, r7
100065c2:	439a      	bics	r2, r3
100065c4:	4691      	mov	r9, r2
100065c6:	4641      	mov	r1, r8
100065c8:	4650      	mov	r0, sl
100065ca:	f7ff ff8c 	bl	100064e6 <_ff_pull_const_addr>
100065ce:	4643      	mov	r3, r8
100065d0:	444b      	add	r3, r9
100065d2:	2103      	movs	r1, #3
100065d4:	003a      	movs	r2, r7
100065d6:	400a      	ands	r2, r1
100065d8:	420f      	tst	r7, r1
100065da:	d030      	beq.n	1000663e <_ff_pull_n+0x10c>
100065dc:	2104      	movs	r1, #4
100065de:	1a89      	subs	r1, r1, r2
100065e0:	b289      	uxth	r1, r1
100065e2:	1c08      	adds	r0, r1, #0
100065e4:	4559      	cmp	r1, fp
100065e6:	d900      	bls.n	100065ea <_ff_pull_n+0xb8>
100065e8:	4658      	mov	r0, fp
100065ea:	b2c7      	uxtb	r7, r0
100065ec:	21ff      	movs	r1, #255	; 0xff
100065ee:	4001      	ands	r1, r0
100065f0:	4658      	mov	r0, fp
100065f2:	1a44      	subs	r4, r0, r1
100065f4:	b2a1      	uxth	r1, r4
100065f6:	468b      	mov	fp, r1
100065f8:	2100      	movs	r1, #0
100065fa:	9101      	str	r1, [sp, #4]
100065fc:	a801      	add	r0, sp, #4
100065fe:	e004      	b.n	1000660a <_ff_pull_n+0xd8>
10006600:	781a      	ldrb	r2, [r3, #0]
10006602:	7002      	strb	r2, [r0, #0]
10006604:	3001      	adds	r0, #1
10006606:	000a      	movs	r2, r1
10006608:	3301      	adds	r3, #1
1000660a:	1e51      	subs	r1, r2, #1
1000660c:	b2c9      	uxtb	r1, r1
1000660e:	2a00      	cmp	r2, #0
10006610:	d1f6      	bne.n	10006600 <_ff_pull_n+0xce>
10006612:	6829      	ldr	r1, [r5, #0]
10006614:	e004      	b.n	10006620 <_ff_pull_n+0xee>
10006616:	780a      	ldrb	r2, [r1, #0]
10006618:	7002      	strb	r2, [r0, #0]
1000661a:	3001      	adds	r0, #1
1000661c:	001f      	movs	r7, r3
1000661e:	3101      	adds	r1, #1
10006620:	1e7b      	subs	r3, r7, #1
10006622:	b2db      	uxtb	r3, r3
10006624:	2f00      	cmp	r7, #0
10006626:	d1f6      	bne.n	10006616 <_ff_pull_n+0xe4>
10006628:	4653      	mov	r3, sl
1000662a:	9a01      	ldr	r2, [sp, #4]
1000662c:	601a      	str	r2, [r3, #0]
1000662e:	465b      	mov	r3, fp
10006630:	2b00      	cmp	r3, #0
10006632:	d0a0      	beq.n	10006576 <_ff_pull_n+0x44>
10006634:	465a      	mov	r2, fp
10006636:	4650      	mov	r0, sl
10006638:	f7ff ff55 	bl	100064e6 <_ff_pull_const_addr>
1000663c:	e79b      	b.n	10006576 <_ff_pull_n+0x44>
1000663e:	6829      	ldr	r1, [r5, #0]
10006640:	e7f5      	b.n	1000662e <_ff_pull_n+0xfc>

10006642 <_tu_fifo_peek_n>:
10006642:	b5f0      	push	{r4, r5, r6, r7, lr}
10006644:	46c6      	mov	lr, r8
10006646:	b500      	push	{lr}
10006648:	b082      	sub	sp, #8
1000664a:	001e      	movs	r6, r3
1000664c:	ab08      	add	r3, sp, #32
1000664e:	881b      	ldrh	r3, [r3, #0]
10006650:	ac09      	add	r4, sp, #36	; 0x24
10006652:	7827      	ldrb	r7, [r4, #0]
10006654:	8884      	ldrh	r4, [r0, #4]
10006656:	429e      	cmp	r6, r3
10006658:	d30f      	bcc.n	1000667a <_tu_fifo_peek_n+0x38>
1000665a:	1af5      	subs	r5, r6, r3
1000665c:	b2ad      	uxth	r5, r5
1000665e:	2d00      	cmp	r5, #0
10006660:	d01f      	beq.n	100066a2 <_tu_fifo_peek_n+0x60>
10006662:	42ac      	cmp	r4, r5
10006664:	d205      	bcs.n	10006672 <_tu_fifo_peek_n+0x30>
10006666:	42b4      	cmp	r4, r6
10006668:	d810      	bhi.n	1000668c <_tu_fifo_peek_n+0x4a>
1000666a:	1b33      	subs	r3, r6, r4
1000666c:	b29b      	uxth	r3, r3
1000666e:	8143      	strh	r3, [r0, #10]
10006670:	0025      	movs	r5, r4
10006672:	4295      	cmp	r5, r2
10006674:	d30f      	bcc.n	10006696 <_tu_fifo_peek_n+0x54>
10006676:	0015      	movs	r5, r2
10006678:	e00d      	b.n	10006696 <_tu_fifo_peek_n+0x54>
1000667a:	1af5      	subs	r5, r6, r3
1000667c:	b2ad      	uxth	r5, r5
1000667e:	46a8      	mov	r8, r5
10006680:	0065      	lsls	r5, r4, #1
10006682:	46ac      	mov	ip, r5
10006684:	4645      	mov	r5, r8
10006686:	4465      	add	r5, ip
10006688:	b2ad      	uxth	r5, r5
1000668a:	e7e8      	b.n	1000665e <_tu_fifo_peek_n+0x1c>
1000668c:	19a6      	adds	r6, r4, r6
1000668e:	b2b3      	uxth	r3, r6
10006690:	e7ed      	b.n	1000666e <_tu_fifo_peek_n+0x2c>
10006692:	1b1b      	subs	r3, r3, r4
10006694:	b29b      	uxth	r3, r3
10006696:	429c      	cmp	r4, r3
10006698:	d9fb      	bls.n	10006692 <_tu_fifo_peek_n+0x50>
1000669a:	9700      	str	r7, [sp, #0]
1000669c:	002a      	movs	r2, r5
1000669e:	f7ff ff48 	bl	10006532 <_ff_pull_n>
100066a2:	0028      	movs	r0, r5
100066a4:	b002      	add	sp, #8
100066a6:	bc80      	pop	{r7}
100066a8:	46b8      	mov	r8, r7
100066aa:	bdf0      	pop	{r4, r5, r6, r7, pc}

100066ac <_tu_fifo_read_n>:
100066ac:	b5f0      	push	{r4, r5, r6, r7, lr}
100066ae:	b083      	sub	sp, #12
100066b0:	0004      	movs	r4, r0
100066b2:	000d      	movs	r5, r1
100066b4:	0016      	movs	r6, r2
100066b6:	001f      	movs	r7, r3
100066b8:	6900      	ldr	r0, [r0, #16]
100066ba:	2800      	cmp	r0, #0
100066bc:	d003      	beq.n	100066c6 <_tu_fifo_read_n+0x1a>
100066be:	2101      	movs	r1, #1
100066c0:	4249      	negs	r1, r1
100066c2:	f000 fc3d 	bl	10006f40 <__mutex_enter_timeout_ms_veneer>
100066c6:	8923      	ldrh	r3, [r4, #8]
100066c8:	b29b      	uxth	r3, r3
100066ca:	8962      	ldrh	r2, [r4, #10]
100066cc:	9701      	str	r7, [sp, #4]
100066ce:	9200      	str	r2, [sp, #0]
100066d0:	0032      	movs	r2, r6
100066d2:	0029      	movs	r1, r5
100066d4:	0020      	movs	r0, r4
100066d6:	f7ff ffb4 	bl	10006642 <_tu_fifo_peek_n>
100066da:	0005      	movs	r5, r0
100066dc:	8961      	ldrh	r1, [r4, #10]
100066de:	b289      	uxth	r1, r1
100066e0:	88a0      	ldrh	r0, [r4, #4]
100066e2:	002a      	movs	r2, r5
100066e4:	f7ff fec7 	bl	10006476 <advance_index>
100066e8:	8160      	strh	r0, [r4, #10]
100066ea:	6920      	ldr	r0, [r4, #16]
100066ec:	2800      	cmp	r0, #0
100066ee:	d001      	beq.n	100066f4 <_tu_fifo_read_n+0x48>
100066f0:	f000 fbfe 	bl	10006ef0 <__mutex_exit_veneer>
100066f4:	0028      	movs	r0, r5
100066f6:	b003      	add	sp, #12
100066f8:	bdf0      	pop	{r4, r5, r6, r7, pc}

100066fa <_ff_push_const_addr>:
100066fa:	b570      	push	{r4, r5, r6, lr}
100066fc:	b082      	sub	sp, #8
100066fe:	0016      	movs	r6, r2
10006700:	0895      	lsrs	r5, r2, #2
10006702:	e009      	b.n	10006718 <_ff_push_const_addr+0x1e>
10006704:	680b      	ldr	r3, [r1, #0]
10006706:	7003      	strb	r3, [r0, #0]
10006708:	0a1d      	lsrs	r5, r3, #8
1000670a:	7045      	strb	r5, [r0, #1]
1000670c:	0c1d      	lsrs	r5, r3, #16
1000670e:	7085      	strb	r5, [r0, #2]
10006710:	0e1b      	lsrs	r3, r3, #24
10006712:	70c3      	strb	r3, [r0, #3]
10006714:	3004      	adds	r0, #4
10006716:	0025      	movs	r5, r4
10006718:	1e6c      	subs	r4, r5, #1
1000671a:	b2a4      	uxth	r4, r4
1000671c:	2d00      	cmp	r5, #0
1000671e:	d1f1      	bne.n	10006704 <_ff_push_const_addr+0xa>
10006720:	2303      	movs	r3, #3
10006722:	0032      	movs	r2, r6
10006724:	401a      	ands	r2, r3
10006726:	421e      	tst	r6, r3
10006728:	d101      	bne.n	1000672e <_ff_push_const_addr+0x34>
1000672a:	b002      	add	sp, #8
1000672c:	bd70      	pop	{r4, r5, r6, pc}
1000672e:	680b      	ldr	r3, [r1, #0]
10006730:	9301      	str	r3, [sp, #4]
10006732:	a901      	add	r1, sp, #4
10006734:	f7fd fcb0 	bl	10004098 <__wrap___aeabi_memcpy>
10006738:	e7f7      	b.n	1000672a <_ff_push_const_addr+0x30>

1000673a <_ff_push_n>:
1000673a:	b5f0      	push	{r4, r5, r6, r7, lr}
1000673c:	46de      	mov	lr, fp
1000673e:	4657      	mov	r7, sl
10006740:	464e      	mov	r6, r9
10006742:	4645      	mov	r5, r8
10006744:	b5e0      	push	{r5, r6, r7, lr}
10006746:	b083      	sub	sp, #12
10006748:	0005      	movs	r5, r0
1000674a:	468a      	mov	sl, r1
1000674c:	a90c      	add	r1, sp, #48	; 0x30
1000674e:	7808      	ldrb	r0, [r1, #0]
10006750:	88ac      	ldrh	r4, [r5, #4]
10006752:	1ae1      	subs	r1, r4, r3
10006754:	b289      	uxth	r1, r1
10006756:	1b1c      	subs	r4, r3, r4
10006758:	1914      	adds	r4, r2, r4
1000675a:	b2a4      	uxth	r4, r4
1000675c:	88ef      	ldrh	r7, [r5, #6]
1000675e:	047f      	lsls	r7, r7, #17
10006760:	0c7e      	lsrs	r6, r7, #17
10006762:	000f      	movs	r7, r1
10006764:	4377      	muls	r7, r6
10006766:	b2bf      	uxth	r7, r7
10006768:	4374      	muls	r4, r6
1000676a:	b2a4      	uxth	r4, r4
1000676c:	46a3      	mov	fp, r4
1000676e:	4373      	muls	r3, r6
10006770:	682c      	ldr	r4, [r5, #0]
10006772:	46a0      	mov	r8, r4
10006774:	4498      	add	r8, r3
10006776:	2800      	cmp	r0, #0
10006778:	d008      	beq.n	1000678c <_ff_push_n+0x52>
1000677a:	2801      	cmp	r0, #1
1000677c:	d01a      	beq.n	100067b4 <_ff_push_n+0x7a>
1000677e:	b003      	add	sp, #12
10006780:	bcf0      	pop	{r4, r5, r6, r7}
10006782:	46bb      	mov	fp, r7
10006784:	46b2      	mov	sl, r6
10006786:	46a9      	mov	r9, r5
10006788:	46a0      	mov	r8, r4
1000678a:	bdf0      	pop	{r4, r5, r6, r7, pc}
1000678c:	4291      	cmp	r1, r2
1000678e:	d305      	bcc.n	1000679c <_ff_push_n+0x62>
10006790:	4372      	muls	r2, r6
10006792:	4651      	mov	r1, sl
10006794:	4640      	mov	r0, r8
10006796:	f7fd fc7f 	bl	10004098 <__wrap___aeabi_memcpy>
1000679a:	e7f0      	b.n	1000677e <_ff_push_n+0x44>
1000679c:	003a      	movs	r2, r7
1000679e:	4651      	mov	r1, sl
100067a0:	4640      	mov	r0, r8
100067a2:	f7fd fc79 	bl	10004098 <__wrap___aeabi_memcpy>
100067a6:	6828      	ldr	r0, [r5, #0]
100067a8:	0039      	movs	r1, r7
100067aa:	4451      	add	r1, sl
100067ac:	465a      	mov	r2, fp
100067ae:	f7fd fc73 	bl	10004098 <__wrap___aeabi_memcpy>
100067b2:	e7e4      	b.n	1000677e <_ff_push_n+0x44>
100067b4:	4291      	cmp	r1, r2
100067b6:	d306      	bcc.n	100067c6 <_ff_push_n+0x8c>
100067b8:	4372      	muls	r2, r6
100067ba:	b292      	uxth	r2, r2
100067bc:	4651      	mov	r1, sl
100067be:	4640      	mov	r0, r8
100067c0:	f7ff ff9b 	bl	100066fa <_ff_push_const_addr>
100067c4:	e7db      	b.n	1000677e <_ff_push_n+0x44>
100067c6:	2303      	movs	r3, #3
100067c8:	003a      	movs	r2, r7
100067ca:	439a      	bics	r2, r3
100067cc:	4691      	mov	r9, r2
100067ce:	4651      	mov	r1, sl
100067d0:	4640      	mov	r0, r8
100067d2:	f7ff ff92 	bl	100066fa <_ff_push_const_addr>
100067d6:	4643      	mov	r3, r8
100067d8:	444b      	add	r3, r9
100067da:	2103      	movs	r1, #3
100067dc:	003a      	movs	r2, r7
100067de:	400a      	ands	r2, r1
100067e0:	420f      	tst	r7, r1
100067e2:	d02e      	beq.n	10006842 <_ff_push_n+0x108>
100067e4:	2104      	movs	r1, #4
100067e6:	1a89      	subs	r1, r1, r2
100067e8:	b289      	uxth	r1, r1
100067ea:	1c08      	adds	r0, r1, #0
100067ec:	4559      	cmp	r1, fp
100067ee:	d900      	bls.n	100067f2 <_ff_push_n+0xb8>
100067f0:	4658      	mov	r0, fp
100067f2:	b2c7      	uxtb	r7, r0
100067f4:	21ff      	movs	r1, #255	; 0xff
100067f6:	4001      	ands	r1, r0
100067f8:	4658      	mov	r0, fp
100067fa:	1a44      	subs	r4, r0, r1
100067fc:	b2a1      	uxth	r1, r4
100067fe:	468b      	mov	fp, r1
10006800:	4651      	mov	r1, sl
10006802:	6809      	ldr	r1, [r1, #0]
10006804:	9101      	str	r1, [sp, #4]
10006806:	a901      	add	r1, sp, #4
10006808:	e004      	b.n	10006814 <_ff_push_n+0xda>
1000680a:	780a      	ldrb	r2, [r1, #0]
1000680c:	701a      	strb	r2, [r3, #0]
1000680e:	3101      	adds	r1, #1
10006810:	0002      	movs	r2, r0
10006812:	3301      	adds	r3, #1
10006814:	1e50      	subs	r0, r2, #1
10006816:	b2c0      	uxtb	r0, r0
10006818:	2a00      	cmp	r2, #0
1000681a:	d1f6      	bne.n	1000680a <_ff_push_n+0xd0>
1000681c:	6828      	ldr	r0, [r5, #0]
1000681e:	e004      	b.n	1000682a <_ff_push_n+0xf0>
10006820:	780a      	ldrb	r2, [r1, #0]
10006822:	7002      	strb	r2, [r0, #0]
10006824:	3101      	adds	r1, #1
10006826:	001f      	movs	r7, r3
10006828:	3001      	adds	r0, #1
1000682a:	1e7b      	subs	r3, r7, #1
1000682c:	b2db      	uxtb	r3, r3
1000682e:	2f00      	cmp	r7, #0
10006830:	d1f6      	bne.n	10006820 <_ff_push_n+0xe6>
10006832:	465b      	mov	r3, fp
10006834:	2b00      	cmp	r3, #0
10006836:	d0a2      	beq.n	1000677e <_ff_push_n+0x44>
10006838:	465a      	mov	r2, fp
1000683a:	4651      	mov	r1, sl
1000683c:	f7ff ff5d 	bl	100066fa <_ff_push_const_addr>
10006840:	e79d      	b.n	1000677e <_ff_push_n+0x44>
10006842:	6828      	ldr	r0, [r5, #0]
10006844:	e7f5      	b.n	10006832 <_ff_push_n+0xf8>

10006846 <_tu_fifo_write_n>:
10006846:	b5f0      	push	{r4, r5, r6, r7, lr}
10006848:	b085      	sub	sp, #20
1000684a:	0006      	movs	r6, r0
1000684c:	9103      	str	r1, [sp, #12]
1000684e:	1e15      	subs	r5, r2, #0
10006850:	9302      	str	r3, [sp, #8]
10006852:	d100      	bne.n	10006856 <_tu_fifo_write_n+0x10>
10006854:	e06d      	b.n	10006932 <_tu_fifo_write_n+0xec>
10006856:	68c0      	ldr	r0, [r0, #12]
10006858:	2800      	cmp	r0, #0
1000685a:	d003      	beq.n	10006864 <_tu_fifo_write_n+0x1e>
1000685c:	2101      	movs	r1, #1
1000685e:	4249      	negs	r1, r1
10006860:	f000 fb6e 	bl	10006f40 <__mutex_enter_timeout_ms_veneer>
10006864:	8934      	ldrh	r4, [r6, #8]
10006866:	b2a4      	uxth	r4, r4
10006868:	8971      	ldrh	r1, [r6, #10]
1000686a:	b289      	uxth	r1, r1
1000686c:	79f3      	ldrb	r3, [r6, #7]
1000686e:	09db      	lsrs	r3, r3, #7
10006870:	d11a      	bne.n	100068a8 <_tu_fifo_write_n+0x62>
10006872:	88b3      	ldrh	r3, [r6, #4]
10006874:	428c      	cmp	r4, r1
10006876:	d30f      	bcc.n	10006898 <_tu_fifo_write_n+0x52>
10006878:	1a61      	subs	r1, r4, r1
1000687a:	b289      	uxth	r1, r1
1000687c:	428b      	cmp	r3, r1
1000687e:	d911      	bls.n	100068a4 <_tu_fifo_write_n+0x5e>
10006880:	1a5b      	subs	r3, r3, r1
10006882:	b29b      	uxth	r3, r3
10006884:	1c2f      	adds	r7, r5, #0
10006886:	429d      	cmp	r5, r3
10006888:	d900      	bls.n	1000688c <_tu_fifo_write_n+0x46>
1000688a:	1c1f      	adds	r7, r3, #0
1000688c:	b2bf      	uxth	r7, r7
1000688e:	2f00      	cmp	r7, #0
10006890:	d047      	beq.n	10006922 <_tu_fifo_write_n+0xdc>
10006892:	88b2      	ldrh	r2, [r6, #4]
10006894:	0023      	movs	r3, r4
10006896:	e035      	b.n	10006904 <_tu_fifo_write_n+0xbe>
10006898:	1a61      	subs	r1, r4, r1
1000689a:	b289      	uxth	r1, r1
1000689c:	005a      	lsls	r2, r3, #1
1000689e:	1889      	adds	r1, r1, r2
100068a0:	b289      	uxth	r1, r1
100068a2:	e7eb      	b.n	1000687c <_tu_fifo_write_n+0x36>
100068a4:	2300      	movs	r3, #0
100068a6:	e7ed      	b.n	10006884 <_tu_fifo_write_n+0x3e>
100068a8:	88b7      	ldrh	r7, [r6, #4]
100068aa:	42af      	cmp	r7, r5
100068ac:	d80e      	bhi.n	100068cc <_tu_fifo_write_n+0x86>
100068ae:	9b02      	ldr	r3, [sp, #8]
100068b0:	2b00      	cmp	r3, #0
100068b2:	d121      	bne.n	100068f8 <_tu_fifo_write_n+0xb2>
100068b4:	1bed      	subs	r5, r5, r7
100068b6:	88f3      	ldrh	r3, [r6, #6]
100068b8:	045b      	lsls	r3, r3, #17
100068ba:	0c5a      	lsrs	r2, r3, #17
100068bc:	436a      	muls	r2, r5
100068be:	9b03      	ldr	r3, [sp, #12]
100068c0:	469c      	mov	ip, r3
100068c2:	4494      	add	ip, r2
100068c4:	4663      	mov	r3, ip
100068c6:	9303      	str	r3, [sp, #12]
100068c8:	000c      	movs	r4, r1
100068ca:	e7e0      	b.n	1000688e <_tu_fifo_write_n+0x48>
100068cc:	428c      	cmp	r4, r1
100068ce:	d30d      	bcc.n	100068ec <_tu_fifo_write_n+0xa6>
100068d0:	1a63      	subs	r3, r4, r1
100068d2:	b29b      	uxth	r3, r3
100068d4:	195b      	adds	r3, r3, r5
100068d6:	007a      	lsls	r2, r7, #1
100068d8:	4293      	cmp	r3, r2
100068da:	db0f      	blt.n	100068fc <_tu_fifo_write_n+0xb6>
100068dc:	1b7a      	subs	r2, r7, r5
100068de:	b292      	uxth	r2, r2
100068e0:	0038      	movs	r0, r7
100068e2:	f7ff fdc8 	bl	10006476 <advance_index>
100068e6:	0004      	movs	r4, r0
100068e8:	002f      	movs	r7, r5
100068ea:	e7d0      	b.n	1000688e <_tu_fifo_write_n+0x48>
100068ec:	1a63      	subs	r3, r4, r1
100068ee:	b29b      	uxth	r3, r3
100068f0:	007a      	lsls	r2, r7, #1
100068f2:	189b      	adds	r3, r3, r2
100068f4:	b29b      	uxth	r3, r3
100068f6:	e7ed      	b.n	100068d4 <_tu_fifo_write_n+0x8e>
100068f8:	000c      	movs	r4, r1
100068fa:	e7c8      	b.n	1000688e <_tu_fifo_write_n+0x48>
100068fc:	002f      	movs	r7, r5
100068fe:	e7c6      	b.n	1000688e <_tu_fifo_write_n+0x48>
10006900:	1a9b      	subs	r3, r3, r2
10006902:	b29b      	uxth	r3, r3
10006904:	429a      	cmp	r2, r3
10006906:	d9fb      	bls.n	10006900 <_tu_fifo_write_n+0xba>
10006908:	9a02      	ldr	r2, [sp, #8]
1000690a:	9200      	str	r2, [sp, #0]
1000690c:	003a      	movs	r2, r7
1000690e:	9903      	ldr	r1, [sp, #12]
10006910:	0030      	movs	r0, r6
10006912:	f7ff ff12 	bl	1000673a <_ff_push_n>
10006916:	88b0      	ldrh	r0, [r6, #4]
10006918:	003a      	movs	r2, r7
1000691a:	0021      	movs	r1, r4
1000691c:	f7ff fdab 	bl	10006476 <advance_index>
10006920:	8130      	strh	r0, [r6, #8]
10006922:	68f0      	ldr	r0, [r6, #12]
10006924:	2800      	cmp	r0, #0
10006926:	d001      	beq.n	1000692c <_tu_fifo_write_n+0xe6>
10006928:	f000 fae2 	bl	10006ef0 <__mutex_exit_veneer>
1000692c:	0038      	movs	r0, r7
1000692e:	b005      	add	sp, #20
10006930:	bdf0      	pop	{r4, r5, r6, r7, pc}
10006932:	0017      	movs	r7, r2
10006934:	e7fa      	b.n	1000692c <_tu_fifo_write_n+0xe6>

10006936 <tu_fifo_config>:
10006936:	b5f0      	push	{r4, r5, r6, r7, lr}
10006938:	b083      	sub	sp, #12
1000693a:	0004      	movs	r4, r0
1000693c:	9101      	str	r1, [sp, #4]
1000693e:	0016      	movs	r6, r2
10006940:	001d      	movs	r5, r3
10006942:	ab08      	add	r3, sp, #32
10006944:	781f      	ldrb	r7, [r3, #0]
10006946:	2380      	movs	r3, #128	; 0x80
10006948:	021b      	lsls	r3, r3, #8
1000694a:	429a      	cmp	r2, r3
1000694c:	d82d      	bhi.n	100069aa <tu_fifo_config+0x74>
1000694e:	68c0      	ldr	r0, [r0, #12]
10006950:	2800      	cmp	r0, #0
10006952:	d003      	beq.n	1000695c <tu_fifo_config+0x26>
10006954:	2101      	movs	r1, #1
10006956:	4249      	negs	r1, r1
10006958:	f000 faf2 	bl	10006f40 <__mutex_enter_timeout_ms_veneer>
1000695c:	6920      	ldr	r0, [r4, #16]
1000695e:	2800      	cmp	r0, #0
10006960:	d003      	beq.n	1000696a <tu_fifo_config+0x34>
10006962:	2101      	movs	r1, #1
10006964:	4249      	negs	r1, r1
10006966:	f000 faeb 	bl	10006f40 <__mutex_enter_timeout_ms_veneer>
1000696a:	9b01      	ldr	r3, [sp, #4]
1000696c:	6023      	str	r3, [r4, #0]
1000696e:	80a6      	strh	r6, [r4, #4]
10006970:	046d      	lsls	r5, r5, #17
10006972:	0c6b      	lsrs	r3, r5, #17
10006974:	88e2      	ldrh	r2, [r4, #6]
10006976:	0bd2      	lsrs	r2, r2, #15
10006978:	03d5      	lsls	r5, r2, #15
1000697a:	431d      	orrs	r5, r3
1000697c:	80e5      	strh	r5, [r4, #6]
1000697e:	01fb      	lsls	r3, r7, #7
10006980:	79e2      	ldrb	r2, [r4, #7]
10006982:	277f      	movs	r7, #127	; 0x7f
10006984:	4017      	ands	r7, r2
10006986:	431f      	orrs	r7, r3
10006988:	71e7      	strb	r7, [r4, #7]
1000698a:	2300      	movs	r3, #0
1000698c:	8163      	strh	r3, [r4, #10]
1000698e:	8123      	strh	r3, [r4, #8]
10006990:	68e0      	ldr	r0, [r4, #12]
10006992:	2800      	cmp	r0, #0
10006994:	d001      	beq.n	1000699a <tu_fifo_config+0x64>
10006996:	f000 faab 	bl	10006ef0 <__mutex_exit_veneer>
1000699a:	6920      	ldr	r0, [r4, #16]
1000699c:	2800      	cmp	r0, #0
1000699e:	d006      	beq.n	100069ae <tu_fifo_config+0x78>
100069a0:	f000 faa6 	bl	10006ef0 <__mutex_exit_veneer>
100069a4:	2001      	movs	r0, #1
100069a6:	b003      	add	sp, #12
100069a8:	bdf0      	pop	{r4, r5, r6, r7, pc}
100069aa:	2000      	movs	r0, #0
100069ac:	e7fb      	b.n	100069a6 <tu_fifo_config+0x70>
100069ae:	2001      	movs	r0, #1
100069b0:	e7f9      	b.n	100069a6 <tu_fifo_config+0x70>

100069b2 <tu_fifo_count>:
100069b2:	8881      	ldrh	r1, [r0, #4]
100069b4:	8903      	ldrh	r3, [r0, #8]
100069b6:	b29b      	uxth	r3, r3
100069b8:	8942      	ldrh	r2, [r0, #10]
100069ba:	b292      	uxth	r2, r2
100069bc:	4293      	cmp	r3, r2
100069be:	d307      	bcc.n	100069d0 <tu_fifo_count+0x1e>
100069c0:	1a9b      	subs	r3, r3, r2
100069c2:	b29b      	uxth	r3, r3
100069c4:	1c08      	adds	r0, r1, #0
100069c6:	4299      	cmp	r1, r3
100069c8:	d900      	bls.n	100069cc <tu_fifo_count+0x1a>
100069ca:	1c18      	adds	r0, r3, #0
100069cc:	b280      	uxth	r0, r0
100069ce:	4770      	bx	lr
100069d0:	1a9b      	subs	r3, r3, r2
100069d2:	b29b      	uxth	r3, r3
100069d4:	004a      	lsls	r2, r1, #1
100069d6:	189b      	adds	r3, r3, r2
100069d8:	b29b      	uxth	r3, r3
100069da:	e7f3      	b.n	100069c4 <tu_fifo_count+0x12>

100069dc <tu_fifo_empty>:
100069dc:	0003      	movs	r3, r0
100069de:	8900      	ldrh	r0, [r0, #8]
100069e0:	895b      	ldrh	r3, [r3, #10]
100069e2:	1ac0      	subs	r0, r0, r3
100069e4:	4243      	negs	r3, r0
100069e6:	4158      	adcs	r0, r3
100069e8:	b2c0      	uxtb	r0, r0
100069ea:	4770      	bx	lr

100069ec <tu_fifo_full>:
100069ec:	8881      	ldrh	r1, [r0, #4]
100069ee:	8903      	ldrh	r3, [r0, #8]
100069f0:	b29b      	uxth	r3, r3
100069f2:	8942      	ldrh	r2, [r0, #10]
100069f4:	b292      	uxth	r2, r2
100069f6:	4293      	cmp	r3, r2
100069f8:	d306      	bcc.n	10006a08 <tu_fifo_full+0x1c>
100069fa:	1a9b      	subs	r3, r3, r2
100069fc:	b29b      	uxth	r3, r3
100069fe:	2000      	movs	r0, #0
10006a00:	428b      	cmp	r3, r1
10006a02:	4140      	adcs	r0, r0
10006a04:	b2c0      	uxtb	r0, r0
10006a06:	4770      	bx	lr
10006a08:	1a9b      	subs	r3, r3, r2
10006a0a:	b29b      	uxth	r3, r3
10006a0c:	004a      	lsls	r2, r1, #1
10006a0e:	189b      	adds	r3, r3, r2
10006a10:	b29b      	uxth	r3, r3
10006a12:	e7f4      	b.n	100069fe <tu_fifo_full+0x12>

10006a14 <tu_fifo_remaining>:
10006a14:	8882      	ldrh	r2, [r0, #4]
10006a16:	8903      	ldrh	r3, [r0, #8]
10006a18:	b29b      	uxth	r3, r3
10006a1a:	8940      	ldrh	r0, [r0, #10]
10006a1c:	b280      	uxth	r0, r0
10006a1e:	4283      	cmp	r3, r0
10006a20:	d306      	bcc.n	10006a30 <tu_fifo_remaining+0x1c>
10006a22:	1a1b      	subs	r3, r3, r0
10006a24:	b29b      	uxth	r3, r3
10006a26:	429a      	cmp	r2, r3
10006a28:	d908      	bls.n	10006a3c <tu_fifo_remaining+0x28>
10006a2a:	1ad3      	subs	r3, r2, r3
10006a2c:	b298      	uxth	r0, r3
10006a2e:	4770      	bx	lr
10006a30:	1a1b      	subs	r3, r3, r0
10006a32:	b29b      	uxth	r3, r3
10006a34:	0050      	lsls	r0, r2, #1
10006a36:	181b      	adds	r3, r3, r0
10006a38:	b29b      	uxth	r3, r3
10006a3a:	e7f4      	b.n	10006a26 <tu_fifo_remaining+0x12>
10006a3c:	2000      	movs	r0, #0
10006a3e:	e7f6      	b.n	10006a2e <tu_fifo_remaining+0x1a>

10006a40 <tu_fifo_read>:
10006a40:	b570      	push	{r4, r5, r6, lr}
10006a42:	0004      	movs	r4, r0
10006a44:	000d      	movs	r5, r1
10006a46:	6900      	ldr	r0, [r0, #16]
10006a48:	2800      	cmp	r0, #0
10006a4a:	d003      	beq.n	10006a54 <tu_fifo_read+0x14>
10006a4c:	2101      	movs	r1, #1
10006a4e:	4249      	negs	r1, r1
10006a50:	f000 fa76 	bl	10006f40 <__mutex_enter_timeout_ms_veneer>
10006a54:	8922      	ldrh	r2, [r4, #8]
10006a56:	b292      	uxth	r2, r2
10006a58:	8963      	ldrh	r3, [r4, #10]
10006a5a:	b29b      	uxth	r3, r3
10006a5c:	0029      	movs	r1, r5
10006a5e:	0020      	movs	r0, r4
10006a60:	f7ff fd16 	bl	10006490 <_tu_fifo_peek>
10006a64:	0005      	movs	r5, r0
10006a66:	8961      	ldrh	r1, [r4, #10]
10006a68:	b289      	uxth	r1, r1
10006a6a:	b282      	uxth	r2, r0
10006a6c:	88a0      	ldrh	r0, [r4, #4]
10006a6e:	f7ff fd02 	bl	10006476 <advance_index>
10006a72:	8160      	strh	r0, [r4, #10]
10006a74:	6920      	ldr	r0, [r4, #16]
10006a76:	2800      	cmp	r0, #0
10006a78:	d001      	beq.n	10006a7e <tu_fifo_read+0x3e>
10006a7a:	f000 fa39 	bl	10006ef0 <__mutex_exit_veneer>
10006a7e:	0028      	movs	r0, r5
10006a80:	bd70      	pop	{r4, r5, r6, pc}

10006a82 <tu_fifo_read_n>:
10006a82:	b510      	push	{r4, lr}
10006a84:	2300      	movs	r3, #0
10006a86:	f7ff fe11 	bl	100066ac <_tu_fifo_read_n>
10006a8a:	bd10      	pop	{r4, pc}

10006a8c <tu_fifo_write>:
10006a8c:	b5f8      	push	{r3, r4, r5, r6, r7, lr}
10006a8e:	0004      	movs	r4, r0
10006a90:	000e      	movs	r6, r1
10006a92:	68c0      	ldr	r0, [r0, #12]
10006a94:	2800      	cmp	r0, #0
10006a96:	d003      	beq.n	10006aa0 <tu_fifo_write+0x14>
10006a98:	2101      	movs	r1, #1
10006a9a:	4249      	negs	r1, r1
10006a9c:	f000 fa50 	bl	10006f40 <__mutex_enter_timeout_ms_veneer>
10006aa0:	8925      	ldrh	r5, [r4, #8]
10006aa2:	b2ad      	uxth	r5, r5
10006aa4:	0020      	movs	r0, r4
10006aa6:	f7ff ffa1 	bl	100069ec <tu_fifo_full>
10006aaa:	2800      	cmp	r0, #0
10006aac:	d002      	beq.n	10006ab4 <tu_fifo_write+0x28>
10006aae:	79e7      	ldrb	r7, [r4, #7]
10006ab0:	09ff      	lsrs	r7, r7, #7
10006ab2:	d016      	beq.n	10006ae2 <tu_fifo_write+0x56>
10006ab4:	88a2      	ldrh	r2, [r4, #4]
10006ab6:	002b      	movs	r3, r5
10006ab8:	e001      	b.n	10006abe <tu_fifo_write+0x32>
10006aba:	1a9b      	subs	r3, r3, r2
10006abc:	b29b      	uxth	r3, r3
10006abe:	429a      	cmp	r2, r3
10006ac0:	d9fb      	bls.n	10006aba <tu_fifo_write+0x2e>
10006ac2:	88e2      	ldrh	r2, [r4, #6]
10006ac4:	0452      	lsls	r2, r2, #17
10006ac6:	0c52      	lsrs	r2, r2, #17
10006ac8:	4353      	muls	r3, r2
10006aca:	6821      	ldr	r1, [r4, #0]
10006acc:	18c8      	adds	r0, r1, r3
10006ace:	0031      	movs	r1, r6
10006ad0:	f7fd fae2 	bl	10004098 <__wrap___aeabi_memcpy>
10006ad4:	88a0      	ldrh	r0, [r4, #4]
10006ad6:	2201      	movs	r2, #1
10006ad8:	0029      	movs	r1, r5
10006ada:	f7ff fccc 	bl	10006476 <advance_index>
10006ade:	8120      	strh	r0, [r4, #8]
10006ae0:	2701      	movs	r7, #1
10006ae2:	68e0      	ldr	r0, [r4, #12]
10006ae4:	2800      	cmp	r0, #0
10006ae6:	d001      	beq.n	10006aec <tu_fifo_write+0x60>
10006ae8:	f000 fa02 	bl	10006ef0 <__mutex_exit_veneer>
10006aec:	0038      	movs	r0, r7
10006aee:	bdf8      	pop	{r3, r4, r5, r6, r7, pc}

10006af0 <tu_fifo_write_n>:
10006af0:	b510      	push	{r4, lr}
10006af2:	2300      	movs	r3, #0
10006af4:	f7ff fea7 	bl	10006846 <_tu_fifo_write_n>
10006af8:	bd10      	pop	{r4, pc}

10006afa <tu_fifo_clear>:
10006afa:	b510      	push	{r4, lr}
10006afc:	0004      	movs	r4, r0
10006afe:	68c0      	ldr	r0, [r0, #12]
10006b00:	2800      	cmp	r0, #0
10006b02:	d003      	beq.n	10006b0c <tu_fifo_clear+0x12>
10006b04:	2101      	movs	r1, #1
10006b06:	4249      	negs	r1, r1
10006b08:	f000 fa1a 	bl	10006f40 <__mutex_enter_timeout_ms_veneer>
10006b0c:	6920      	ldr	r0, [r4, #16]
10006b0e:	2800      	cmp	r0, #0
10006b10:	d003      	beq.n	10006b1a <tu_fifo_clear+0x20>
10006b12:	2101      	movs	r1, #1
10006b14:	4249      	negs	r1, r1
10006b16:	f000 fa13 	bl	10006f40 <__mutex_enter_timeout_ms_veneer>
10006b1a:	2300      	movs	r3, #0
10006b1c:	8163      	strh	r3, [r4, #10]
10006b1e:	8123      	strh	r3, [r4, #8]
10006b20:	68e0      	ldr	r0, [r4, #12]
10006b22:	2800      	cmp	r0, #0
10006b24:	d001      	beq.n	10006b2a <tu_fifo_clear+0x30>
10006b26:	f000 f9e3 	bl	10006ef0 <__mutex_exit_veneer>
10006b2a:	6920      	ldr	r0, [r4, #16]
10006b2c:	2800      	cmp	r0, #0
10006b2e:	d001      	beq.n	10006b34 <tu_fifo_clear+0x3a>
10006b30:	f000 f9de 	bl	10006ef0 <__mutex_exit_veneer>
10006b34:	2001      	movs	r0, #1
10006b36:	bd10      	pop	{r4, pc}

10006b38 <tu_fifo_set_overwritable>:
10006b38:	b570      	push	{r4, r5, r6, lr}
10006b3a:	0004      	movs	r4, r0
10006b3c:	000d      	movs	r5, r1
10006b3e:	68c0      	ldr	r0, [r0, #12]
10006b40:	2800      	cmp	r0, #0
10006b42:	d003      	beq.n	10006b4c <tu_fifo_set_overwritable+0x14>
10006b44:	2101      	movs	r1, #1
10006b46:	4249      	negs	r1, r1
10006b48:	f000 f9fa 	bl	10006f40 <__mutex_enter_timeout_ms_veneer>
10006b4c:	6920      	ldr	r0, [r4, #16]
10006b4e:	2800      	cmp	r0, #0
10006b50:	d003      	beq.n	10006b5a <tu_fifo_set_overwritable+0x22>
10006b52:	2101      	movs	r1, #1
10006b54:	4249      	negs	r1, r1
10006b56:	f000 f9f3 	bl	10006f40 <__mutex_enter_timeout_ms_veneer>
10006b5a:	01ed      	lsls	r5, r5, #7
10006b5c:	79e3      	ldrb	r3, [r4, #7]
10006b5e:	217f      	movs	r1, #127	; 0x7f
10006b60:	4019      	ands	r1, r3
10006b62:	4329      	orrs	r1, r5
10006b64:	71e1      	strb	r1, [r4, #7]
10006b66:	68e0      	ldr	r0, [r4, #12]
10006b68:	2800      	cmp	r0, #0
10006b6a:	d001      	beq.n	10006b70 <tu_fifo_set_overwritable+0x38>
10006b6c:	f000 f9c0 	bl	10006ef0 <__mutex_exit_veneer>
10006b70:	6920      	ldr	r0, [r4, #16]
10006b72:	2800      	cmp	r0, #0
10006b74:	d001      	beq.n	10006b7a <tu_fifo_set_overwritable+0x42>
10006b76:	f000 f9bb 	bl	10006ef0 <__mutex_exit_veneer>
10006b7a:	2001      	movs	r0, #1
10006b7c:	bd70      	pop	{r4, r5, r6, pc}
	...

10006b80 <_pio_can_add_program_at_offset>:
10006b80:	2305      	movs	r3, #5
10006b82:	56cb      	ldrsb	r3, [r1, r3]
10006b84:	2b00      	cmp	r3, #0
10006b86:	db01      	blt.n	10006b8c <_pio_can_add_program_at_offset+0xc>
10006b88:	4293      	cmp	r3, r2
10006b8a:	d111      	bne.n	10006bb0 <_pio_can_add_program_at_offset+0x30>
10006b8c:	4b09      	ldr	r3, [pc, #36]	; (10006bb4 <_pio_can_add_program_at_offset+0x34>)
10006b8e:	469c      	mov	ip, r3
10006b90:	4460      	add	r0, ip
10006b92:	4243      	negs	r3, r0
10006b94:	4158      	adcs	r0, r3
10006b96:	0080      	lsls	r0, r0, #2
10006b98:	4b07      	ldr	r3, [pc, #28]	; (10006bb8 <_pio_can_add_program_at_offset+0x38>)
10006b9a:	58c0      	ldr	r0, [r0, r3]
10006b9c:	7909      	ldrb	r1, [r1, #4]
10006b9e:	2301      	movs	r3, #1
10006ba0:	408b      	lsls	r3, r1
10006ba2:	3b01      	subs	r3, #1
10006ba4:	4093      	lsls	r3, r2
10006ba6:	4018      	ands	r0, r3
10006ba8:	4243      	negs	r3, r0
10006baa:	4158      	adcs	r0, r3
10006bac:	b2c0      	uxtb	r0, r0
10006bae:	4770      	bx	lr
10006bb0:	2000      	movs	r0, #0
10006bb2:	e7fc      	b.n	10006bae <_pio_can_add_program_at_offset+0x2e>
10006bb4:	afd00000 	.word	0xafd00000
10006bb8:	20001238 	.word	0x20001238

10006bbc <_pio_find_offset_for_program>:
10006bbc:	b570      	push	{r4, r5, r6, lr}
10006bbe:	790a      	ldrb	r2, [r1, #4]
10006bc0:	2a20      	cmp	r2, #32
10006bc2:	d819      	bhi.n	10006bf8 <_pio_find_offset_for_program+0x3c>
10006bc4:	4b17      	ldr	r3, [pc, #92]	; (10006c24 <_pio_find_offset_for_program+0x68>)
10006bc6:	469c      	mov	ip, r3
10006bc8:	4460      	add	r0, ip
10006bca:	4243      	negs	r3, r0
10006bcc:	4158      	adcs	r0, r3
10006bce:	0080      	lsls	r0, r0, #2
10006bd0:	4b15      	ldr	r3, [pc, #84]	; (10006c28 <_pio_find_offset_for_program+0x6c>)
10006bd2:	58c4      	ldr	r4, [r0, r3]
10006bd4:	2301      	movs	r3, #1
10006bd6:	4093      	lsls	r3, r2
10006bd8:	3b01      	subs	r3, #1
10006bda:	7949      	ldrb	r1, [r1, #5]
10006bdc:	b249      	sxtb	r1, r1
10006bde:	2900      	cmp	r1, #0
10006be0:	db10      	blt.n	10006c04 <_pio_find_offset_for_program+0x48>
10006be2:	0008      	movs	r0, r1
10006be4:	2520      	movs	r5, #32
10006be6:	1aaa      	subs	r2, r5, r2
10006be8:	4291      	cmp	r1, r2
10006bea:	dc18      	bgt.n	10006c1e <_pio_find_offset_for_program+0x62>
10006bec:	408b      	lsls	r3, r1
10006bee:	421c      	tst	r4, r3
10006bf0:	d001      	beq.n	10006bf6 <_pio_find_offset_for_program+0x3a>
10006bf2:	2001      	movs	r0, #1
10006bf4:	4240      	negs	r0, r0
10006bf6:	bd70      	pop	{r4, r5, r6, pc}
10006bf8:	4b0c      	ldr	r3, [pc, #48]	; (10006c2c <_pio_find_offset_for_program+0x70>)
10006bfa:	4a0d      	ldr	r2, [pc, #52]	; (10006c30 <_pio_find_offset_for_program+0x74>)
10006bfc:	2140      	movs	r1, #64	; 0x40
10006bfe:	480d      	ldr	r0, [pc, #52]	; (10006c34 <_pio_find_offset_for_program+0x78>)
10006c00:	f7fb fc94 	bl	1000252c <__assert_func>
10006c04:	2020      	movs	r0, #32
10006c06:	1a80      	subs	r0, r0, r2
10006c08:	2800      	cmp	r0, #0
10006c0a:	db05      	blt.n	10006c18 <_pio_find_offset_for_program+0x5c>
10006c0c:	001a      	movs	r2, r3
10006c0e:	4082      	lsls	r2, r0
10006c10:	4214      	tst	r4, r2
10006c12:	d0f0      	beq.n	10006bf6 <_pio_find_offset_for_program+0x3a>
10006c14:	3801      	subs	r0, #1
10006c16:	e7f7      	b.n	10006c08 <_pio_find_offset_for_program+0x4c>
10006c18:	2001      	movs	r0, #1
10006c1a:	4240      	negs	r0, r0
10006c1c:	e7eb      	b.n	10006bf6 <_pio_find_offset_for_program+0x3a>
10006c1e:	2001      	movs	r0, #1
10006c20:	4240      	negs	r0, r0
10006c22:	e7e8      	b.n	10006bf6 <_pio_find_offset_for_program+0x3a>
10006c24:	afd00000 	.word	0xafd00000
10006c28:	20001238 	.word	0x20001238
10006c2c:	10008808 	.word	0x10008808
10006c30:	100088a4 	.word	0x100088a4
10006c34:	10008834 	.word	0x10008834

10006c38 <_pio_add_program_at_offset>:
10006c38:	b570      	push	{r4, r5, r6, lr}
10006c3a:	0005      	movs	r5, r0
10006c3c:	000c      	movs	r4, r1
10006c3e:	0016      	movs	r6, r2
10006c40:	f7ff ff9e 	bl	10006b80 <_pio_can_add_program_at_offset>
10006c44:	2800      	cmp	r0, #0
10006c46:	d001      	beq.n	10006c4c <_pio_add_program_at_offset+0x14>
10006c48:	2000      	movs	r0, #0
10006c4a:	e007      	b.n	10006c5c <_pio_add_program_at_offset+0x24>
10006c4c:	4815      	ldr	r0, [pc, #84]	; (10006ca4 <_pio_add_program_at_offset+0x6c>)
10006c4e:	f7fb fd07 	bl	10002660 <panic>
10006c52:	1983      	adds	r3, r0, r6
10006c54:	3312      	adds	r3, #18
10006c56:	009b      	lsls	r3, r3, #2
10006c58:	515a      	str	r2, [r3, r5]
10006c5a:	3001      	adds	r0, #1
10006c5c:	7923      	ldrb	r3, [r4, #4]
10006c5e:	4283      	cmp	r3, r0
10006c60:	d90f      	bls.n	10006c82 <_pio_add_program_at_offset+0x4a>
10006c62:	7823      	ldrb	r3, [r4, #0]
10006c64:	7861      	ldrb	r1, [r4, #1]
10006c66:	0209      	lsls	r1, r1, #8
10006c68:	4319      	orrs	r1, r3
10006c6a:	78a2      	ldrb	r2, [r4, #2]
10006c6c:	0412      	lsls	r2, r2, #16
10006c6e:	4311      	orrs	r1, r2
10006c70:	78e3      	ldrb	r3, [r4, #3]
10006c72:	061b      	lsls	r3, r3, #24
10006c74:	430b      	orrs	r3, r1
10006c76:	0042      	lsls	r2, r0, #1
10006c78:	5a9a      	ldrh	r2, [r3, r2]
10006c7a:	0b53      	lsrs	r3, r2, #13
10006c7c:	d1e9      	bne.n	10006c52 <_pio_add_program_at_offset+0x1a>
10006c7e:	1992      	adds	r2, r2, r6
10006c80:	e7e7      	b.n	10006c52 <_pio_add_program_at_offset+0x1a>
10006c82:	2201      	movs	r2, #1
10006c84:	409a      	lsls	r2, r3
10006c86:	0013      	movs	r3, r2
10006c88:	3b01      	subs	r3, #1
10006c8a:	4a07      	ldr	r2, [pc, #28]	; (10006ca8 <_pio_add_program_at_offset+0x70>)
10006c8c:	4694      	mov	ip, r2
10006c8e:	4465      	add	r5, ip
10006c90:	426a      	negs	r2, r5
10006c92:	4155      	adcs	r5, r2
10006c94:	40b3      	lsls	r3, r6
10006c96:	4a05      	ldr	r2, [pc, #20]	; (10006cac <_pio_add_program_at_offset+0x74>)
10006c98:	00ad      	lsls	r5, r5, #2
10006c9a:	58a9      	ldr	r1, [r5, r2]
10006c9c:	430b      	orrs	r3, r1
10006c9e:	50ab      	str	r3, [r5, r2]
10006ca0:	bd70      	pop	{r4, r5, r6, pc}
10006ca2:	46c0      	nop			; (mov r8, r8)
10006ca4:	10008890 	.word	0x10008890
10006ca8:	afd00000 	.word	0xafd00000
10006cac:	20001238 	.word	0x20001238

10006cb0 <pio_add_program>:
10006cb0:	b5f8      	push	{r3, r4, r5, r6, r7, lr}
10006cb2:	0005      	movs	r5, r0
10006cb4:	000e      	movs	r6, r1
10006cb6:	f7f9 fbef 	bl	10000498 <hw_claim_lock>
10006cba:	0007      	movs	r7, r0
10006cbc:	0031      	movs	r1, r6
10006cbe:	0028      	movs	r0, r5
10006cc0:	f7ff ff7c 	bl	10006bbc <_pio_find_offset_for_program>
10006cc4:	1e04      	subs	r4, r0, #0
10006cc6:	db09      	blt.n	10006cdc <pio_add_program+0x2c>
10006cc8:	0002      	movs	r2, r0
10006cca:	0031      	movs	r1, r6
10006ccc:	0028      	movs	r0, r5
10006cce:	f7ff ffb3 	bl	10006c38 <_pio_add_program_at_offset>
10006cd2:	0038      	movs	r0, r7
10006cd4:	f7f9 fbec 	bl	100004b0 <hw_claim_unlock>
10006cd8:	0020      	movs	r0, r4
10006cda:	bdf8      	pop	{r3, r4, r5, r6, r7, pc}
10006cdc:	4801      	ldr	r0, [pc, #4]	; (10006ce4 <pio_add_program+0x34>)
10006cde:	f7fb fcbf 	bl	10002660 <panic>
10006ce2:	46c0      	nop			; (mov r8, r8)
10006ce4:	10008890 	.word	0x10008890

10006ce8 <pio_sm_set_consecutive_pindirs>:
10006ce8:	b5f0      	push	{r4, r5, r6, r7, lr}
10006cea:	46c6      	mov	lr, r8
10006cec:	b500      	push	{lr}
10006cee:	ac06      	add	r4, sp, #24
10006cf0:	7825      	ldrb	r5, [r4, #0]
10006cf2:	004c      	lsls	r4, r1, #1
10006cf4:	1866      	adds	r6, r4, r1
10006cf6:	00f6      	lsls	r6, r6, #3
10006cf8:	1986      	adds	r6, r0, r6
10006cfa:	0037      	movs	r7, r6
10006cfc:	37dc      	adds	r7, #220	; 0xdc
10006cfe:	683f      	ldr	r7, [r7, #0]
10006d00:	46bc      	mov	ip, r7
10006d02:	36cc      	adds	r6, #204	; 0xcc
10006d04:	6836      	ldr	r6, [r6, #0]
10006d06:	46b0      	mov	r8, r6
10006d08:	1864      	adds	r4, r4, r1
10006d0a:	00e4      	lsls	r4, r4, #3
10006d0c:	34c8      	adds	r4, #200	; 0xc8
10006d0e:	1904      	adds	r4, r0, r4
10006d10:	3404      	adds	r4, #4
10006d12:	26c0      	movs	r6, #192	; 0xc0
10006d14:	01b6      	lsls	r6, r6, #6
10006d16:	4334      	orrs	r4, r6
10006d18:	2680      	movs	r6, #128	; 0x80
10006d1a:	02b6      	lsls	r6, r6, #10
10006d1c:	6026      	str	r6, [r4, #0]
10006d1e:	2d00      	cmp	r5, #0
10006d20:	d001      	beq.n	10006d26 <pio_sm_set_consecutive_pindirs+0x3e>
10006d22:	261f      	movs	r6, #31
10006d24:	e014      	b.n	10006d50 <pio_sm_set_consecutive_pindirs+0x68>
10006d26:	2600      	movs	r6, #0
10006d28:	e012      	b.n	10006d50 <pio_sm_set_consecutive_pindirs+0x68>
10006d2a:	0154      	lsls	r4, r2, #5
10006d2c:	25a0      	movs	r5, #160	; 0xa0
10006d2e:	056d      	lsls	r5, r5, #21
10006d30:	4325      	orrs	r5, r4
10006d32:	004c      	lsls	r4, r1, #1
10006d34:	1864      	adds	r4, r4, r1
10006d36:	00e4      	lsls	r4, r4, #3
10006d38:	1904      	adds	r4, r0, r4
10006d3a:	0027      	movs	r7, r4
10006d3c:	37dc      	adds	r7, #220	; 0xdc
10006d3e:	603d      	str	r5, [r7, #0]
10006d40:	4d11      	ldr	r5, [pc, #68]	; (10006d88 <pio_sm_set_consecutive_pindirs+0xa0>)
10006d42:	4335      	orrs	r5, r6
10006d44:	34d8      	adds	r4, #216	; 0xd8
10006d46:	6025      	str	r5, [r4, #0]
10006d48:	3b05      	subs	r3, #5
10006d4a:	3205      	adds	r2, #5
10006d4c:	241f      	movs	r4, #31
10006d4e:	4022      	ands	r2, r4
10006d50:	2b05      	cmp	r3, #5
10006d52:	d8ea      	bhi.n	10006d2a <pio_sm_set_consecutive_pindirs+0x42>
10006d54:	069b      	lsls	r3, r3, #26
10006d56:	0152      	lsls	r2, r2, #5
10006d58:	4313      	orrs	r3, r2
10006d5a:	004c      	lsls	r4, r1, #1
10006d5c:	1862      	adds	r2, r4, r1
10006d5e:	00d2      	lsls	r2, r2, #3
10006d60:	1882      	adds	r2, r0, r2
10006d62:	0015      	movs	r5, r2
10006d64:	35dc      	adds	r5, #220	; 0xdc
10006d66:	602b      	str	r3, [r5, #0]
10006d68:	4b07      	ldr	r3, [pc, #28]	; (10006d88 <pio_sm_set_consecutive_pindirs+0xa0>)
10006d6a:	431e      	orrs	r6, r3
10006d6c:	32d8      	adds	r2, #216	; 0xd8
10006d6e:	6016      	str	r6, [r2, #0]
10006d70:	4663      	mov	r3, ip
10006d72:	602b      	str	r3, [r5, #0]
10006d74:	1861      	adds	r1, r4, r1
10006d76:	00c9      	lsls	r1, r1, #3
10006d78:	1840      	adds	r0, r0, r1
10006d7a:	30cc      	adds	r0, #204	; 0xcc
10006d7c:	4643      	mov	r3, r8
10006d7e:	6003      	str	r3, [r0, #0]
10006d80:	bc80      	pop	{r7}
10006d82:	46b8      	mov	r8, r7
10006d84:	bdf0      	pop	{r4, r5, r6, r7, pc}
10006d86:	46c0      	nop			; (mov r8, r8)
10006d88:	0000e080 	.word	0x0000e080

10006d8c <pio_sm_init>:
10006d8c:	b570      	push	{r4, r5, r6, lr}
10006d8e:	b08a      	sub	sp, #40	; 0x28
10006d90:	0004      	movs	r4, r0
10006d92:	000d      	movs	r5, r1
10006d94:	0016      	movs	r6, r2
10006d96:	6802      	ldr	r2, [r0, #0]
10006d98:	2101      	movs	r1, #1
10006d9a:	40a9      	lsls	r1, r5
10006d9c:	438a      	bics	r2, r1
10006d9e:	6002      	str	r2, [r0, #0]
10006da0:	2b00      	cmp	r3, #0
10006da2:	d034      	beq.n	10006e0e <pio_sm_init+0x82>
10006da4:	0069      	lsls	r1, r5, #1
10006da6:	1949      	adds	r1, r1, r5
10006da8:	00c9      	lsls	r1, r1, #3
10006daa:	1841      	adds	r1, r0, r1
10006dac:	000a      	movs	r2, r1
10006dae:	32c8      	adds	r2, #200	; 0xc8
10006db0:	6818      	ldr	r0, [r3, #0]
10006db2:	6010      	str	r0, [r2, #0]
10006db4:	3204      	adds	r2, #4
10006db6:	6858      	ldr	r0, [r3, #4]
10006db8:	6010      	str	r0, [r2, #0]
10006dba:	3204      	adds	r2, #4
10006dbc:	6898      	ldr	r0, [r3, #8]
10006dbe:	6010      	str	r0, [r2, #0]
10006dc0:	68db      	ldr	r3, [r3, #12]
10006dc2:	31dc      	adds	r1, #220	; 0xdc
10006dc4:	600b      	str	r3, [r1, #0]
10006dc6:	0069      	lsls	r1, r5, #1
10006dc8:	194b      	adds	r3, r1, r5
10006dca:	00db      	lsls	r3, r3, #3
10006dcc:	33d0      	adds	r3, #208	; 0xd0
10006dce:	18e3      	adds	r3, r4, r3
10006dd0:	2280      	movs	r2, #128	; 0x80
10006dd2:	0152      	lsls	r2, r2, #5
10006dd4:	4313      	orrs	r3, r2
10006dd6:	2280      	movs	r2, #128	; 0x80
10006dd8:	0612      	lsls	r2, r2, #24
10006dda:	601a      	str	r2, [r3, #0]
10006ddc:	601a      	str	r2, [r3, #0]
10006dde:	4b23      	ldr	r3, [pc, #140]	; (10006e6c <pio_sm_init+0xe0>)
10006de0:	40ab      	lsls	r3, r5
10006de2:	60a3      	str	r3, [r4, #8]
10006de4:	1d2b      	adds	r3, r5, #4
10006de6:	2201      	movs	r2, #1
10006de8:	0010      	movs	r0, r2
10006dea:	4098      	lsls	r0, r3
10006dec:	2380      	movs	r3, #128	; 0x80
10006dee:	019b      	lsls	r3, r3, #6
10006df0:	4323      	orrs	r3, r4
10006df2:	6018      	str	r0, [r3, #0]
10006df4:	0028      	movs	r0, r5
10006df6:	3008      	adds	r0, #8
10006df8:	4082      	lsls	r2, r0
10006dfa:	601a      	str	r2, [r3, #0]
10006dfc:	221f      	movs	r2, #31
10006dfe:	4016      	ands	r6, r2
10006e00:	1949      	adds	r1, r1, r5
10006e02:	00c9      	lsls	r1, r1, #3
10006e04:	1864      	adds	r4, r4, r1
10006e06:	34d8      	adds	r4, #216	; 0xd8
10006e08:	6026      	str	r6, [r4, #0]
10006e0a:	b00a      	add	sp, #40	; 0x28
10006e0c:	bd70      	pop	{r4, r5, r6, pc}
10006e0e:	2210      	movs	r2, #16
10006e10:	2100      	movs	r1, #0
10006e12:	a806      	add	r0, sp, #24
10006e14:	f7fd f93a 	bl	1000408c <__wrap_memset>
10006e18:	2380      	movs	r3, #128	; 0x80
10006e1a:	025b      	lsls	r3, r3, #9
10006e1c:	9306      	str	r3, [sp, #24]
10006e1e:	23f8      	movs	r3, #248	; 0xf8
10006e20:	025b      	lsls	r3, r3, #9
10006e22:	9307      	str	r3, [sp, #28]
10006e24:	2380      	movs	r3, #128	; 0x80
10006e26:	02db      	lsls	r3, r3, #11
10006e28:	9308      	str	r3, [sp, #32]
10006e2a:	23c0      	movs	r3, #192	; 0xc0
10006e2c:	031b      	lsls	r3, r3, #12
10006e2e:	9308      	str	r3, [sp, #32]
10006e30:	2210      	movs	r2, #16
10006e32:	a906      	add	r1, sp, #24
10006e34:	a802      	add	r0, sp, #8
10006e36:	f7fd f92f 	bl	10004098 <__wrap___aeabi_memcpy>
10006e3a:	006b      	lsls	r3, r5, #1
10006e3c:	195b      	adds	r3, r3, r5
10006e3e:	00db      	lsls	r3, r3, #3
10006e40:	18e3      	adds	r3, r4, r3
10006e42:	001a      	movs	r2, r3
10006e44:	32c8      	adds	r2, #200	; 0xc8
10006e46:	9902      	ldr	r1, [sp, #8]
10006e48:	6011      	str	r1, [r2, #0]
10006e4a:	9a03      	ldr	r2, [sp, #12]
10006e4c:	9201      	str	r2, [sp, #4]
10006e4e:	001a      	movs	r2, r3
10006e50:	32cc      	adds	r2, #204	; 0xcc
10006e52:	9901      	ldr	r1, [sp, #4]
10006e54:	6011      	str	r1, [r2, #0]
10006e56:	9a04      	ldr	r2, [sp, #16]
10006e58:	9201      	str	r2, [sp, #4]
10006e5a:	001a      	movs	r2, r3
10006e5c:	32d0      	adds	r2, #208	; 0xd0
10006e5e:	9901      	ldr	r1, [sp, #4]
10006e60:	6011      	str	r1, [r2, #0]
10006e62:	9a05      	ldr	r2, [sp, #20]
10006e64:	33dc      	adds	r3, #220	; 0xdc
10006e66:	601a      	str	r2, [r3, #0]
10006e68:	e7ad      	b.n	10006dc6 <pio_sm_init+0x3a>
10006e6a:	46c0      	nop			; (mov r8, r8)
10006e6c:	01010101 	.word	0x01010101

10006e70 <strlen>:
10006e70:	b510      	push	{r4, lr}
10006e72:	0783      	lsls	r3, r0, #30
10006e74:	d00a      	beq.n	10006e8c <strlen+0x1c>
10006e76:	0003      	movs	r3, r0
10006e78:	2103      	movs	r1, #3
10006e7a:	e002      	b.n	10006e82 <strlen+0x12>
10006e7c:	3301      	adds	r3, #1
10006e7e:	420b      	tst	r3, r1
10006e80:	d005      	beq.n	10006e8e <strlen+0x1e>
10006e82:	781a      	ldrb	r2, [r3, #0]
10006e84:	2a00      	cmp	r2, #0
10006e86:	d1f9      	bne.n	10006e7c <strlen+0xc>
10006e88:	1a18      	subs	r0, r3, r0
10006e8a:	bd10      	pop	{r4, pc}
10006e8c:	0003      	movs	r3, r0
10006e8e:	6819      	ldr	r1, [r3, #0]
10006e90:	4a0c      	ldr	r2, [pc, #48]	; (10006ec4 <strlen+0x54>)
10006e92:	4c0d      	ldr	r4, [pc, #52]	; (10006ec8 <strlen+0x58>)
10006e94:	188a      	adds	r2, r1, r2
10006e96:	438a      	bics	r2, r1
10006e98:	4222      	tst	r2, r4
10006e9a:	d10f      	bne.n	10006ebc <strlen+0x4c>
10006e9c:	6859      	ldr	r1, [r3, #4]
10006e9e:	4a09      	ldr	r2, [pc, #36]	; (10006ec4 <strlen+0x54>)
10006ea0:	3304      	adds	r3, #4
10006ea2:	188a      	adds	r2, r1, r2
10006ea4:	438a      	bics	r2, r1
10006ea6:	4222      	tst	r2, r4
10006ea8:	d108      	bne.n	10006ebc <strlen+0x4c>
10006eaa:	6859      	ldr	r1, [r3, #4]
10006eac:	4a05      	ldr	r2, [pc, #20]	; (10006ec4 <strlen+0x54>)
10006eae:	3304      	adds	r3, #4
10006eb0:	188a      	adds	r2, r1, r2
10006eb2:	438a      	bics	r2, r1
10006eb4:	4222      	tst	r2, r4
10006eb6:	d0f1      	beq.n	10006e9c <strlen+0x2c>
10006eb8:	e000      	b.n	10006ebc <strlen+0x4c>
10006eba:	3301      	adds	r3, #1
10006ebc:	781a      	ldrb	r2, [r3, #0]
10006ebe:	2a00      	cmp	r2, #0
10006ec0:	d1fb      	bne.n	10006eba <strlen+0x4a>
10006ec2:	e7e1      	b.n	10006e88 <strlen+0x18>
10006ec4:	fefefeff 	.word	0xfefefeff
10006ec8:	80808080 	.word	0x80808080

10006ecc <_fini>:
10006ecc:	b5f8      	push	{r3, r4, r5, r6, r7, lr}
10006ece:	46c0      	nop			; (mov r8, r8)

10006ed0 <__e15_is_critical_frame_period_veneer>:
10006ed0:	b401      	push	{r0}
10006ed2:	4802      	ldr	r0, [pc, #8]	; (10006edc <__e15_is_critical_frame_period_veneer+0xc>)
10006ed4:	4684      	mov	ip, r0
10006ed6:	bc01      	pop	{r0}
10006ed8:	4760      	bx	ip
10006eda:	bf00      	nop
10006edc:	20000699 	.word	0x20000699

10006ee0 <__flash_do_cmd_veneer>:
10006ee0:	b401      	push	{r0}
10006ee2:	4802      	ldr	r0, [pc, #8]	; (10006eec <__flash_do_cmd_veneer+0xc>)
10006ee4:	4684      	mov	ip, r0
10006ee6:	bc01      	pop	{r0}
10006ee8:	4760      	bx	ip
10006eea:	bf00      	nop
10006eec:	200002e5 	.word	0x200002e5

10006ef0 <__mutex_exit_veneer>:
10006ef0:	b401      	push	{r0}
10006ef2:	4802      	ldr	r0, [pc, #8]	; (10006efc <__mutex_exit_veneer+0xc>)
10006ef4:	4684      	mov	ip, r0
10006ef6:	bc01      	pop	{r0}
10006ef8:	4760      	bx	ip
10006efa:	bf00      	nop
10006efc:	20000231 	.word	0x20000231

10006f00 <____aeabi_ldiv0_veneer>:
10006f00:	b401      	push	{r0}
10006f02:	4802      	ldr	r0, [pc, #8]	; (10006f0c <____aeabi_ldiv0_veneer+0xc>)
10006f04:	4684      	mov	ip, r0
10006f06:	bc01      	pop	{r0}
10006f08:	4760      	bx	ip
10006f0a:	bf00      	nop
10006f0c:	20000b1d 	.word	0x20000b1d

10006f10 <__reset_non_control_endpoints_veneer>:
10006f10:	b401      	push	{r0}
10006f12:	4802      	ldr	r0, [pc, #8]	; (10006f1c <__reset_non_control_endpoints_veneer+0xc>)
10006f14:	4684      	mov	ip, r0
10006f16:	bc01      	pop	{r0}
10006f18:	4760      	bx	ip
10006f1a:	bf00      	nop
10006f1c:	200003bd 	.word	0x200003bd

10006f20 <____aeabi_idiv0_veneer>:
10006f20:	b401      	push	{r0}
10006f22:	4802      	ldr	r0, [pc, #8]	; (10006f2c <____aeabi_idiv0_veneer+0xc>)
10006f24:	4684      	mov	ip, r0
10006f26:	bc01      	pop	{r0}
10006f28:	4760      	bx	ip
10006f2a:	bf00      	nop
10006f2c:	20000b1d 	.word	0x20000b1d

10006f30 <__mutex_try_enter_veneer>:
10006f30:	b401      	push	{r0}
10006f32:	4802      	ldr	r0, [pc, #8]	; (10006f3c <__mutex_try_enter_veneer+0xc>)
10006f34:	4684      	mov	ip, r0
10006f36:	bc01      	pop	{r0}
10006f38:	4760      	bx	ip
10006f3a:	bf00      	nop
10006f3c:	200000c1 	.word	0x200000c1

10006f40 <__mutex_enter_timeout_ms_veneer>:
10006f40:	b401      	push	{r0}
10006f42:	4802      	ldr	r0, [pc, #8]	; (10006f4c <__mutex_enter_timeout_ms_veneer+0xc>)
10006f44:	4684      	mov	ip, r0
10006f46:	bc01      	pop	{r0}
10006f48:	4760      	bx	ip
10006f4a:	bf00      	nop
10006f4c:	200001c9 	.word	0x200001c9

10006f50 <__dcd_event_handler_veneer>:
10006f50:	b401      	push	{r0}
10006f52:	4802      	ldr	r0, [pc, #8]	; (10006f5c <__dcd_event_handler_veneer+0xc>)
10006f54:	4684      	mov	ip, r0
10006f56:	bc01      	pop	{r0}
10006f58:	4760      	bx	ip
10006f5a:	bf00      	nop
10006f5c:	2000091d 	.word	0x2000091d

10006f60 <__mutex_try_enter_block_until_veneer>:
10006f60:	b401      	push	{r0}
10006f62:	4802      	ldr	r0, [pc, #8]	; (10006f6c <__mutex_try_enter_block_until_veneer+0xc>)
10006f64:	4684      	mov	ip, r0
10006f66:	bc01      	pop	{r0}
10006f68:	4760      	bx	ip
10006f6a:	bf00      	nop
10006f6c:	20000195 	.word	0x20000195

10006f70 <__hw_endpoint_start_next_buffer_veneer>:
10006f70:	b401      	push	{r0}
10006f72:	4802      	ldr	r0, [pc, #8]	; (10006f7c <__hw_endpoint_start_next_buffer_veneer+0xc>)
10006f74:	4684      	mov	ip, r0
10006f76:	bc01      	pop	{r0}
10006f78:	4760      	bx	ip
10006f7a:	bf00      	nop
10006f7c:	20000845 	.word	0x20000845

10006f80 <__hw_endpoint_reset_transfer_veneer>:
10006f80:	b401      	push	{r0}
10006f82:	4802      	ldr	r0, [pc, #8]	; (10006f8c <__hw_endpoint_reset_transfer_veneer+0xc>)
10006f84:	4684      	mov	ip, r0
10006f86:	bc01      	pop	{r0}
10006f88:	4760      	bx	ip
10006f8a:	bf00      	nop
10006f8c:	200007e1 	.word	0x200007e1

10006f90 <__e15_is_bulkin_ep_veneer>:
10006f90:	b401      	push	{r0}
10006f92:	4802      	ldr	r0, [pc, #8]	; (10006f9c <__e15_is_bulkin_ep_veneer+0xc>)
10006f94:	4684      	mov	ip, r0
10006f96:	bc01      	pop	{r0}
10006f98:	4760      	bx	ip
10006f9a:	bf00      	nop
10006f9c:	2000066d 	.word	0x2000066d

10006fa0 <___hw_endpoint_buffer_control_update32_veneer>:
10006fa0:	b401      	push	{r0}
10006fa2:	4802      	ldr	r0, [pc, #8]	; (10006fac <___hw_endpoint_buffer_control_update32_veneer+0xc>)
10006fa4:	4684      	mov	ip, r0
10006fa6:	bc01      	pop	{r0}
10006fa8:	4760      	bx	ip
10006faa:	bf00      	nop
10006fac:	200007ed 	.word	0x200007ed

Disassembly of section .data:

200000c0 <mutex_try_enter>:
200000c0:	0003      	movs	r3, r0
200000c2:	6800      	ldr	r0, [r0, #0]
200000c4:	f3ef 8c10 	mrs	ip, PRIMASK
200000c8:	b672      	cpsid	i
200000ca:	6802      	ldr	r2, [r0, #0]
200000cc:	2a00      	cmp	r2, #0
200000ce:	d0fc      	beq.n	200000ca <mutex_try_enter+0xa>
200000d0:	f3bf 8f5f 	dmb	sy
200000d4:	2204      	movs	r2, #4
200000d6:	569a      	ldrsb	r2, [r3, r2]
200000d8:	2a00      	cmp	r2, #0
200000da:	db0b      	blt.n	200000f4 <mutex_try_enter+0x34>
200000dc:	2900      	cmp	r1, #0
200000de:	d010      	beq.n	20000102 <mutex_try_enter+0x42>
200000e0:	600a      	str	r2, [r1, #0]
200000e2:	2000      	movs	r0, #0
200000e4:	681b      	ldr	r3, [r3, #0]
200000e6:	f3bf 8f5f 	dmb	sy
200000ea:	2200      	movs	r2, #0
200000ec:	601a      	str	r2, [r3, #0]
200000ee:	f38c 8810 	msr	PRIMASK, ip
200000f2:	4770      	bx	lr
200000f4:	22d0      	movs	r2, #208	; 0xd0
200000f6:	0612      	lsls	r2, r2, #24
200000f8:	7812      	ldrb	r2, [r2, #0]
200000fa:	b252      	sxtb	r2, r2
200000fc:	711a      	strb	r2, [r3, #4]
200000fe:	2001      	movs	r0, #1
20000100:	e7f0      	b.n	200000e4 <mutex_try_enter+0x24>
20000102:	2000      	movs	r0, #0
20000104:	e7ee      	b.n	200000e4 <mutex_try_enter+0x24>
	...

20000108 <mutex_enter_block_until>:
20000108:	b5f8      	push	{r3, r4, r5, r6, r7, lr}
2000010a:	46ce      	mov	lr, r9
2000010c:	4647      	mov	r7, r8
2000010e:	b580      	push	{r7, lr}
20000110:	0004      	movs	r4, r0
20000112:	0017      	movs	r7, r2
20000114:	4698      	mov	r8, r3
20000116:	6803      	ldr	r3, [r0, #0]
20000118:	2b00      	cmp	r3, #0
2000011a:	d020      	beq.n	2000015e <mutex_enter_block_until+0x56>
2000011c:	23d0      	movs	r3, #208	; 0xd0
2000011e:	061b      	lsls	r3, r3, #24
20000120:	781b      	ldrb	r3, [r3, #0]
20000122:	b25b      	sxtb	r3, r3
20000124:	4699      	mov	r9, r3
20000126:	6826      	ldr	r6, [r4, #0]
20000128:	f3ef 8c10 	mrs	ip, PRIMASK
2000012c:	b672      	cpsid	i
2000012e:	6835      	ldr	r5, [r6, #0]
20000130:	2d00      	cmp	r5, #0
20000132:	d0fc      	beq.n	2000012e <mutex_enter_block_until+0x26>
20000134:	f3bf 8f5f 	dmb	sy
20000138:	2504      	movs	r5, #4
2000013a:	5765      	ldrsb	r5, [r4, r5]
2000013c:	2d00      	cmp	r5, #0
2000013e:	db14      	blt.n	2000016a <mutex_enter_block_until+0x62>
20000140:	6823      	ldr	r3, [r4, #0]
20000142:	f3bf 8f5f 	dmb	sy
20000146:	2200      	movs	r2, #0
20000148:	601a      	str	r2, [r3, #0]
2000014a:	f38c 8810 	msr	PRIMASK, ip
2000014e:	0038      	movs	r0, r7
20000150:	4641      	mov	r1, r8
20000152:	f000 fd15 	bl	20000b80 <__best_effort_wfe_or_timeout_veneer>
20000156:	2800      	cmp	r0, #0
20000158:	d0e5      	beq.n	20000126 <mutex_enter_block_until+0x1e>
2000015a:	2000      	movs	r0, #0
2000015c:	e00f      	b.n	2000017e <mutex_enter_block_until+0x76>
2000015e:	4b0a      	ldr	r3, [pc, #40]	; (20000188 <mutex_enter_block_until+0x80>)
20000160:	4a0a      	ldr	r2, [pc, #40]	; (2000018c <mutex_enter_block_until+0x84>)
20000162:	2185      	movs	r1, #133	; 0x85
20000164:	480a      	ldr	r0, [pc, #40]	; (20000190 <mutex_enter_block_until+0x88>)
20000166:	f000 fce3 	bl	20000b30 <____assert_func_veneer>
2000016a:	464b      	mov	r3, r9
2000016c:	7123      	strb	r3, [r4, #4]
2000016e:	6823      	ldr	r3, [r4, #0]
20000170:	f3bf 8f5f 	dmb	sy
20000174:	2200      	movs	r2, #0
20000176:	601a      	str	r2, [r3, #0]
20000178:	f38c 8810 	msr	PRIMASK, ip
2000017c:	2001      	movs	r0, #1
2000017e:	bcc0      	pop	{r6, r7}
20000180:	46b9      	mov	r9, r7
20000182:	46b0      	mov	r8, r6
20000184:	bdf8      	pop	{r3, r4, r5, r6, r7, pc}
20000186:	46c0      	nop			; (mov r8, r8)
20000188:	10007358 	.word	0x10007358
2000018c:	10007430 	.word	0x10007430
20000190:	10007304 	.word	0x10007304

20000194 <mutex_try_enter_block_until>:
20000194:	b570      	push	{r4, r5, r6, lr}
20000196:	b082      	sub	sp, #8
20000198:	0006      	movs	r6, r0
2000019a:	0015      	movs	r5, r2
2000019c:	001c      	movs	r4, r3
2000019e:	a901      	add	r1, sp, #4
200001a0:	f7ff ff8e 	bl	200000c0 <mutex_try_enter>
200001a4:	2800      	cmp	r0, #0
200001a6:	d107      	bne.n	200001b8 <mutex_try_enter_block_until+0x24>
200001a8:	9b01      	ldr	r3, [sp, #4]
200001aa:	b25b      	sxtb	r3, r3
200001ac:	22d0      	movs	r2, #208	; 0xd0
200001ae:	0612      	lsls	r2, r2, #24
200001b0:	7812      	ldrb	r2, [r2, #0]
200001b2:	b252      	sxtb	r2, r2
200001b4:	4293      	cmp	r3, r2
200001b6:	d101      	bne.n	200001bc <mutex_try_enter_block_until+0x28>
200001b8:	b002      	add	sp, #8
200001ba:	bd70      	pop	{r4, r5, r6, pc}
200001bc:	002a      	movs	r2, r5
200001be:	0023      	movs	r3, r4
200001c0:	0030      	movs	r0, r6
200001c2:	f7ff ffa1 	bl	20000108 <mutex_enter_block_until>
200001c6:	e7f7      	b.n	200001b8 <mutex_try_enter_block_until+0x24>

200001c8 <mutex_enter_timeout_ms>:
200001c8:	b5f8      	push	{r3, r4, r5, r6, r7, lr}
200001ca:	0006      	movs	r6, r0
200001cc:	000f      	movs	r7, r1
200001ce:	f000 fccf 	bl	20000b70 <__time_us_64_veneer>
200001d2:	0004      	movs	r4, r0
200001d4:	1e0d      	subs	r5, r1, #0
200001d6:	db12      	blt.n	200001fe <mutex_enter_timeout_ms+0x36>
200001d8:	22fa      	movs	r2, #250	; 0xfa
200001da:	0092      	lsls	r2, r2, #2
200001dc:	2300      	movs	r3, #0
200001de:	0038      	movs	r0, r7
200001e0:	2100      	movs	r1, #0
200001e2:	f000 fc9d 	bl	20000b20 <____wrap___aeabi_lmul_veneer>
200001e6:	0022      	movs	r2, r4
200001e8:	002b      	movs	r3, r5
200001ea:	1812      	adds	r2, r2, r0
200001ec:	414b      	adcs	r3, r1
200001ee:	2b00      	cmp	r3, #0
200001f0:	db0b      	blt.n	2000020a <mutex_enter_timeout_ms+0x42>
200001f2:	2b00      	cmp	r3, #0
200001f4:	db0d      	blt.n	20000212 <mutex_enter_timeout_ms+0x4a>
200001f6:	0030      	movs	r0, r6
200001f8:	f7ff ff86 	bl	20000108 <mutex_enter_block_until>
200001fc:	bdf8      	pop	{r3, r4, r5, r6, r7, pc}
200001fe:	4b08      	ldr	r3, [pc, #32]	; (20000220 <mutex_enter_timeout_ms+0x58>)
20000200:	4a08      	ldr	r2, [pc, #32]	; (20000224 <mutex_enter_timeout_ms+0x5c>)
20000202:	213f      	movs	r1, #63	; 0x3f
20000204:	4808      	ldr	r0, [pc, #32]	; (20000228 <mutex_enter_timeout_ms+0x60>)
20000206:	f000 fc93 	bl	20000b30 <____assert_func_veneer>
2000020a:	2201      	movs	r2, #1
2000020c:	4252      	negs	r2, r2
2000020e:	4b07      	ldr	r3, [pc, #28]	; (2000022c <mutex_enter_timeout_ms+0x64>)
20000210:	e7ef      	b.n	200001f2 <mutex_enter_timeout_ms+0x2a>
20000212:	4b03      	ldr	r3, [pc, #12]	; (20000220 <mutex_enter_timeout_ms+0x58>)
20000214:	4a03      	ldr	r2, [pc, #12]	; (20000224 <mutex_enter_timeout_ms+0x5c>)
20000216:	213f      	movs	r1, #63	; 0x3f
20000218:	4803      	ldr	r0, [pc, #12]	; (20000228 <mutex_enter_timeout_ms+0x60>)
2000021a:	f000 fc89 	bl	20000b30 <____assert_func_veneer>
2000021e:	46c0      	nop			; (mov r8, r8)
20000220:	1000736c 	.word	0x1000736c
20000224:	10007448 	.word	0x10007448
20000228:	10007388 	.word	0x10007388
2000022c:	7fffffff 	.word	0x7fffffff

20000230 <mutex_exit>:
20000230:	b510      	push	{r4, lr}
20000232:	6802      	ldr	r2, [r0, #0]
20000234:	f3ef 8110 	mrs	r1, PRIMASK
20000238:	b672      	cpsid	i
2000023a:	6813      	ldr	r3, [r2, #0]
2000023c:	2b00      	cmp	r3, #0
2000023e:	d0fc      	beq.n	2000023a <mutex_exit+0xa>
20000240:	f3bf 8f5f 	dmb	sy
20000244:	2304      	movs	r3, #4
20000246:	56c3      	ldrsb	r3, [r0, r3]
20000248:	2b00      	cmp	r3, #0
2000024a:	db0a      	blt.n	20000262 <mutex_exit+0x32>
2000024c:	23ff      	movs	r3, #255	; 0xff
2000024e:	7103      	strb	r3, [r0, #4]
20000250:	6803      	ldr	r3, [r0, #0]
20000252:	f3bf 8f5f 	dmb	sy
20000256:	2200      	movs	r2, #0
20000258:	601a      	str	r2, [r3, #0]
2000025a:	f381 8810 	msr	PRIMASK, r1
2000025e:	bf40      	sev
20000260:	bd10      	pop	{r4, pc}
20000262:	4b03      	ldr	r3, [pc, #12]	; (20000270 <mutex_exit+0x40>)
20000264:	4a03      	ldr	r2, [pc, #12]	; (20000274 <mutex_exit+0x44>)
20000266:	21b4      	movs	r1, #180	; 0xb4
20000268:	4803      	ldr	r0, [pc, #12]	; (20000278 <mutex_exit+0x48>)
2000026a:	f000 fc61 	bl	20000b30 <____assert_func_veneer>
2000026e:	46c0      	nop			; (mov r8, r8)
20000270:	100073ec 	.word	0x100073ec
20000274:	10007424 	.word	0x10007424
20000278:	10007304 	.word	0x10007304

2000027c <flash_init_boot2_copyout>:
2000027c:	4b09      	ldr	r3, [pc, #36]	; (200002a4 <flash_init_boot2_copyout+0x28>)
2000027e:	781b      	ldrb	r3, [r3, #0]
20000280:	2b00      	cmp	r3, #0
20000282:	d008      	beq.n	20000296 <flash_init_boot2_copyout+0x1a>
20000284:	e00c      	b.n	200002a0 <flash_init_boot2_copyout+0x24>
20000286:	009a      	lsls	r2, r3, #2
20000288:	2180      	movs	r1, #128	; 0x80
2000028a:	0549      	lsls	r1, r1, #21
2000028c:	1851      	adds	r1, r2, r1
2000028e:	6808      	ldr	r0, [r1, #0]
20000290:	4905      	ldr	r1, [pc, #20]	; (200002a8 <flash_init_boot2_copyout+0x2c>)
20000292:	5050      	str	r0, [r2, r1]
20000294:	3301      	adds	r3, #1
20000296:	2b3f      	cmp	r3, #63	; 0x3f
20000298:	ddf5      	ble.n	20000286 <flash_init_boot2_copyout+0xa>
2000029a:	4b02      	ldr	r3, [pc, #8]	; (200002a4 <flash_init_boot2_copyout+0x28>)
2000029c:	2201      	movs	r2, #1
2000029e:	701a      	strb	r2, [r3, #0]
200002a0:	4770      	bx	lr
200002a2:	46c0      	nop			; (mov r8, r8)
200002a4:	20001a63 	.word	0x20001a63
200002a8:	20001250 	.word	0x20001250

200002ac <flash_enable_xip_via_boot2>:
200002ac:	b510      	push	{r4, lr}
200002ae:	4b02      	ldr	r3, [pc, #8]	; (200002b8 <flash_enable_xip_via_boot2+0xc>)
200002b0:	3301      	adds	r3, #1
200002b2:	4798      	blx	r3
200002b4:	bd10      	pop	{r4, pc}
200002b6:	46c0      	nop			; (mov r8, r8)
200002b8:	20001250 	.word	0x20001250

200002bc <flash_cs_force>:
200002bc:	2800      	cmp	r0, #0
200002be:	d00a      	beq.n	200002d6 <flash_cs_force+0x1a>
200002c0:	2303      	movs	r3, #3
200002c2:	021b      	lsls	r3, r3, #8
200002c4:	4a05      	ldr	r2, [pc, #20]	; (200002dc <flash_cs_force+0x20>)
200002c6:	6812      	ldr	r2, [r2, #0]
200002c8:	4053      	eors	r3, r2
200002ca:	22c0      	movs	r2, #192	; 0xc0
200002cc:	0092      	lsls	r2, r2, #2
200002ce:	4013      	ands	r3, r2
200002d0:	4a03      	ldr	r2, [pc, #12]	; (200002e0 <flash_cs_force+0x24>)
200002d2:	6013      	str	r3, [r2, #0]
200002d4:	4770      	bx	lr
200002d6:	2302      	movs	r3, #2
200002d8:	e7f3      	b.n	200002c2 <flash_cs_force+0x6>
200002da:	46c0      	nop			; (mov r8, r8)
200002dc:	4001800c 	.word	0x4001800c
200002e0:	4001900c 	.word	0x4001900c

200002e4 <flash_do_cmd>:
200002e4:	b5f0      	push	{r4, r5, r6, r7, lr}
200002e6:	46d6      	mov	lr, sl
200002e8:	464f      	mov	r7, r9
200002ea:	4646      	mov	r6, r8
200002ec:	b5c0      	push	{r6, r7, lr}
200002ee:	0007      	movs	r7, r0
200002f0:	000e      	movs	r6, r1
200002f2:	0015      	movs	r5, r2
200002f4:	2318      	movs	r3, #24
200002f6:	469a      	mov	sl, r3
200002f8:	881b      	ldrh	r3, [r3, #0]
200002fa:	2214      	movs	r2, #20
200002fc:	4690      	mov	r8, r2
200002fe:	8810      	ldrh	r0, [r2, #0]
20000300:	4928      	ldr	r1, [pc, #160]	; (200003a4 <flash_do_cmd+0xc0>)
20000302:	4798      	blx	r3
20000304:	4681      	mov	r9, r0
20000306:	4653      	mov	r3, sl
20000308:	881b      	ldrh	r3, [r3, #0]
2000030a:	4642      	mov	r2, r8
2000030c:	8810      	ldrh	r0, [r2, #0]
2000030e:	4926      	ldr	r1, [pc, #152]	; (200003a8 <flash_do_cmd+0xc4>)
20000310:	4798      	blx	r3
20000312:	0004      	movs	r4, r0
20000314:	4653      	mov	r3, sl
20000316:	881b      	ldrh	r3, [r3, #0]
20000318:	4642      	mov	r2, r8
2000031a:	8810      	ldrh	r0, [r2, #0]
2000031c:	4923      	ldr	r1, [pc, #140]	; (200003ac <flash_do_cmd+0xc8>)
2000031e:	4798      	blx	r3
20000320:	4680      	mov	r8, r0
20000322:	464b      	mov	r3, r9
20000324:	2b00      	cmp	r3, #0
20000326:	d00c      	beq.n	20000342 <flash_do_cmd+0x5e>
20000328:	2c00      	cmp	r4, #0
2000032a:	d00a      	beq.n	20000342 <flash_do_cmd+0x5e>
2000032c:	2800      	cmp	r0, #0
2000032e:	d008      	beq.n	20000342 <flash_do_cmd+0x5e>
20000330:	f7ff ffa4 	bl	2000027c <flash_init_boot2_copyout>
20000334:	47c8      	blx	r9
20000336:	47a0      	blx	r4
20000338:	2000      	movs	r0, #0
2000033a:	f7ff ffbf 	bl	200002bc <flash_cs_force>
2000033e:	002a      	movs	r2, r5
20000340:	e00f      	b.n	20000362 <flash_do_cmd+0x7e>
20000342:	4b1b      	ldr	r3, [pc, #108]	; (200003b0 <flash_do_cmd+0xcc>)
20000344:	4a1b      	ldr	r2, [pc, #108]	; (200003b4 <flash_do_cmd+0xd0>)
20000346:	2180      	movs	r1, #128	; 0x80
20000348:	481b      	ldr	r0, [pc, #108]	; (200003b8 <flash_do_cmd+0xd4>)
2000034a:	f000 fbf1 	bl	20000b30 <____assert_func_veneer>
2000034e:	2b00      	cmp	r3, #0
20000350:	d007      	beq.n	20000362 <flash_do_cmd+0x7e>
20000352:	2a00      	cmp	r2, #0
20000354:	d005      	beq.n	20000362 <flash_do_cmd+0x7e>
20000356:	23c0      	movs	r3, #192	; 0xc0
20000358:	055b      	lsls	r3, r3, #21
2000035a:	6e1b      	ldr	r3, [r3, #96]	; 0x60
2000035c:	7033      	strb	r3, [r6, #0]
2000035e:	3a01      	subs	r2, #1
20000360:	3601      	adds	r6, #1
20000362:	002b      	movs	r3, r5
20000364:	4313      	orrs	r3, r2
20000366:	d012      	beq.n	2000038e <flash_do_cmd+0xaa>
20000368:	23c0      	movs	r3, #192	; 0xc0
2000036a:	055b      	lsls	r3, r3, #21
2000036c:	6a9c      	ldr	r4, [r3, #40]	; 0x28
2000036e:	2308      	movs	r3, #8
20000370:	4023      	ands	r3, r4
20000372:	07a1      	lsls	r1, r4, #30
20000374:	d5eb      	bpl.n	2000034e <flash_do_cmd+0x6a>
20000376:	2d00      	cmp	r5, #0
20000378:	d0e9      	beq.n	2000034e <flash_do_cmd+0x6a>
2000037a:	1b51      	subs	r1, r2, r5
2000037c:	290d      	cmp	r1, #13
2000037e:	d8e6      	bhi.n	2000034e <flash_do_cmd+0x6a>
20000380:	7838      	ldrb	r0, [r7, #0]
20000382:	21c0      	movs	r1, #192	; 0xc0
20000384:	0549      	lsls	r1, r1, #21
20000386:	6608      	str	r0, [r1, #96]	; 0x60
20000388:	3d01      	subs	r5, #1
2000038a:	3701      	adds	r7, #1
2000038c:	e7df      	b.n	2000034e <flash_do_cmd+0x6a>
2000038e:	2001      	movs	r0, #1
20000390:	f7ff ff94 	bl	200002bc <flash_cs_force>
20000394:	47c0      	blx	r8
20000396:	f7ff ff89 	bl	200002ac <flash_enable_xip_via_boot2>
2000039a:	bce0      	pop	{r5, r6, r7}
2000039c:	46ba      	mov	sl, r7
2000039e:	46b1      	mov	r9, r6
200003a0:	46a8      	mov	r8, r5
200003a2:	bdf0      	pop	{r4, r5, r6, r7, pc}
200003a4:	00004649 	.word	0x00004649
200003a8:	00005845 	.word	0x00005845
200003ac:	00004346 	.word	0x00004346
200003b0:	100084b4 	.word	0x100084b4
200003b4:	100084f4 	.word	0x100084f4
200003b8:	100083a8 	.word	0x100083a8

200003bc <reset_non_control_endpoints>:
200003bc:	b510      	push	{r4, lr}
200003be:	2300      	movs	r3, #0
200003c0:	e008      	b.n	200003d4 <reset_non_control_endpoints+0x18>
200003c2:	3301      	adds	r3, #1
200003c4:	00da      	lsls	r2, r3, #3
200003c6:	2100      	movs	r1, #0
200003c8:	4808      	ldr	r0, [pc, #32]	; (200003ec <reset_non_control_endpoints+0x30>)
200003ca:	5011      	str	r1, [r2, r0]
200003cc:	4684      	mov	ip, r0
200003ce:	4462      	add	r2, ip
200003d0:	6051      	str	r1, [r2, #4]
200003d2:	b2db      	uxtb	r3, r3
200003d4:	2b0e      	cmp	r3, #14
200003d6:	d9f4      	bls.n	200003c2 <reset_non_control_endpoints+0x6>
200003d8:	22f0      	movs	r2, #240	; 0xf0
200003da:	0092      	lsls	r2, r2, #2
200003dc:	2100      	movs	r1, #0
200003de:	4804      	ldr	r0, [pc, #16]	; (200003f0 <reset_non_control_endpoints+0x34>)
200003e0:	f000 fbae 	bl	20000b40 <____wrap_memset_veneer>
200003e4:	4b03      	ldr	r3, [pc, #12]	; (200003f4 <reset_non_control_endpoints+0x38>)
200003e6:	4a04      	ldr	r2, [pc, #16]	; (200003f8 <reset_non_control_endpoints+0x3c>)
200003e8:	601a      	str	r2, [r3, #0]
200003ea:	bd10      	pop	{r4, pc}
200003ec:	50100000 	.word	0x50100000
200003f0:	20001440 	.word	0x20001440
200003f4:	20001804 	.word	0x20001804
200003f8:	50100180 	.word	0x50100180

200003fc <hw_handle_buff_status>:
200003fc:	b5f0      	push	{r4, r5, r6, r7, lr}
200003fe:	46ce      	mov	lr, r9
20000400:	4647      	mov	r7, r8
20000402:	b580      	push	{r7, lr}
20000404:	b085      	sub	sp, #20
20000406:	4b23      	ldr	r3, [pc, #140]	; (20000494 <hw_handle_buff_status+0x98>)
20000408:	6d9f      	ldr	r7, [r3, #88]	; 0x58
2000040a:	2400      	movs	r4, #0
2000040c:	2601      	movs	r6, #1
2000040e:	e003      	b.n	20000418 <hw_handle_buff_status+0x1c>
20000410:	43b7      	bics	r7, r6
20000412:	0076      	lsls	r6, r6, #1
20000414:	3401      	adds	r4, #1
20000416:	b2e4      	uxtb	r4, r4
20000418:	2f00      	cmp	r7, #0
2000041a:	d036      	beq.n	2000048a <hw_handle_buff_status+0x8e>
2000041c:	2c1f      	cmp	r4, #31
2000041e:	d834      	bhi.n	2000048a <hw_handle_buff_status+0x8e>
20000420:	423e      	tst	r6, r7
20000422:	d0f6      	beq.n	20000412 <hw_handle_buff_status+0x16>
20000424:	4b1c      	ldr	r3, [pc, #112]	; (20000498 <hw_handle_buff_status+0x9c>)
20000426:	659e      	str	r6, [r3, #88]	; 0x58
20000428:	0863      	lsrs	r3, r4, #1
2000042a:	4699      	mov	r9, r3
2000042c:	2301      	movs	r3, #1
2000042e:	4063      	eors	r3, r4
20000430:	2201      	movs	r2, #1
20000432:	401a      	ands	r2, r3
20000434:	4690      	mov	r8, r2
20000436:	464b      	mov	r3, r9
20000438:	005d      	lsls	r5, r3, #1
2000043a:	4445      	add	r5, r8
2000043c:	016d      	lsls	r5, r5, #5
2000043e:	4b17      	ldr	r3, [pc, #92]	; (2000049c <hw_handle_buff_status+0xa0>)
20000440:	18ed      	adds	r5, r5, r3
20000442:	0028      	movs	r0, r5
20000444:	f000 fa42 	bl	200008cc <hw_endpoint_xfer_continue>
20000448:	2800      	cmp	r0, #0
2000044a:	d0e1      	beq.n	20000410 <hw_handle_buff_status+0x14>
2000044c:	464b      	mov	r3, r9
2000044e:	005b      	lsls	r3, r3, #1
20000450:	4443      	add	r3, r8
20000452:	015b      	lsls	r3, r3, #5
20000454:	4a11      	ldr	r2, [pc, #68]	; (2000049c <hw_handle_buff_status+0xa0>)
20000456:	18d3      	adds	r3, r2, r3
20000458:	789a      	ldrb	r2, [r3, #2]
2000045a:	4691      	mov	r9, r2
2000045c:	8adb      	ldrh	r3, [r3, #22]
2000045e:	4698      	mov	r8, r3
20000460:	220c      	movs	r2, #12
20000462:	2100      	movs	r1, #0
20000464:	a801      	add	r0, sp, #4
20000466:	f000 fb6b 	bl	20000b40 <____wrap_memset_veneer>
2000046a:	2307      	movs	r3, #7
2000046c:	466a      	mov	r2, sp
2000046e:	7153      	strb	r3, [r2, #5]
20000470:	466b      	mov	r3, sp
20000472:	464a      	mov	r2, r9
20000474:	721a      	strb	r2, [r3, #8]
20000476:	4643      	mov	r3, r8
20000478:	9303      	str	r3, [sp, #12]
2000047a:	2101      	movs	r1, #1
2000047c:	a801      	add	r0, sp, #4
2000047e:	f000 fa4d 	bl	2000091c <dcd_event_handler>
20000482:	0028      	movs	r0, r5
20000484:	f000 f9ac 	bl	200007e0 <hw_endpoint_reset_transfer>
20000488:	e7c2      	b.n	20000410 <hw_handle_buff_status+0x14>
2000048a:	b005      	add	sp, #20
2000048c:	bcc0      	pop	{r6, r7}
2000048e:	46b9      	mov	r9, r7
20000490:	46b0      	mov	r8, r6
20000492:	bdf0      	pop	{r4, r5, r6, r7, pc}
20000494:	50110000 	.word	0x50110000
20000498:	50113000 	.word	0x50113000
2000049c:	20001400 	.word	0x20001400

200004a0 <dcd_rp2040_irq>:
200004a0:	b5f0      	push	{r4, r5, r6, r7, lr}
200004a2:	b085      	sub	sp, #20
200004a4:	4a68      	ldr	r2, [pc, #416]	; (20000648 <dcd_rp2040_irq+0x1a8>)
200004a6:	2398      	movs	r3, #152	; 0x98
200004a8:	58d5      	ldr	r5, [r2, r3]
200004aa:	2380      	movs	r3, #128	; 0x80
200004ac:	029b      	lsls	r3, r3, #10
200004ae:	002c      	movs	r4, r5
200004b0:	401c      	ands	r4, r3
200004b2:	421d      	tst	r5, r3
200004b4:	d04a      	beq.n	2000054c <dcd_rp2040_irq+0xac>
200004b6:	4b65      	ldr	r3, [pc, #404]	; (2000064c <dcd_rp2040_irq+0x1ac>)
200004b8:	6a9a      	ldr	r2, [r3, #40]	; 0x28
200004ba:	4b65      	ldr	r3, [pc, #404]	; (20000650 <dcd_rp2040_irq+0x1b0>)
200004bc:	601a      	str	r2, [r3, #0]
200004be:	2400      	movs	r4, #0
200004c0:	2600      	movs	r6, #0
200004c2:	e009      	b.n	200004d8 <dcd_rp2040_irq+0x38>
200004c4:	4b63      	ldr	r3, [pc, #396]	; (20000654 <dcd_rp2040_irq+0x1b4>)
200004c6:	1899      	adds	r1, r3, r2
200004c8:	313c      	adds	r1, #60	; 0x3c
200004ca:	2300      	movs	r3, #0
200004cc:	700b      	strb	r3, [r1, #0]
200004ce:	f000 f9b9 	bl	20000844 <hw_endpoint_start_next_buffer>
200004d2:	003e      	movs	r6, r7
200004d4:	3401      	adds	r4, #1
200004d6:	b2e4      	uxtb	r4, r4
200004d8:	2c0f      	cmp	r4, #15
200004da:	d817      	bhi.n	2000050c <dcd_rp2040_irq+0x6c>
200004dc:	01a2      	lsls	r2, r4, #6
200004de:	0010      	movs	r0, r2
200004e0:	3020      	adds	r0, #32
200004e2:	4b5c      	ldr	r3, [pc, #368]	; (20000654 <dcd_rp2040_irq+0x1b4>)
200004e4:	18c0      	adds	r0, r0, r3
200004e6:	189b      	adds	r3, r3, r2
200004e8:	333b      	adds	r3, #59	; 0x3b
200004ea:	781b      	ldrb	r3, [r3, #0]
200004ec:	2b02      	cmp	r3, #2
200004ee:	d1f1      	bne.n	200004d4 <dcd_rp2040_irq+0x34>
200004f0:	4b58      	ldr	r3, [pc, #352]	; (20000654 <dcd_rp2040_irq+0x1b4>)
200004f2:	189b      	adds	r3, r3, r2
200004f4:	333a      	adds	r3, #58	; 0x3a
200004f6:	781f      	ldrb	r7, [r3, #0]
200004f8:	2f00      	cmp	r7, #0
200004fa:	d0eb      	beq.n	200004d4 <dcd_rp2040_irq+0x34>
200004fc:	4b55      	ldr	r3, [pc, #340]	; (20000654 <dcd_rp2040_irq+0x1b4>)
200004fe:	189b      	adds	r3, r3, r2
20000500:	333c      	adds	r3, #60	; 0x3c
20000502:	781b      	ldrb	r3, [r3, #0]
20000504:	2b00      	cmp	r3, #0
20000506:	d1dd      	bne.n	200004c4 <dcd_rp2040_irq+0x24>
20000508:	003e      	movs	r6, r7
2000050a:	e7e3      	b.n	200004d4 <dcd_rp2040_irq+0x34>
2000050c:	2e00      	cmp	r6, #0
2000050e:	d108      	bne.n	20000522 <dcd_rp2040_irq+0x82>
20000510:	4b51      	ldr	r3, [pc, #324]	; (20000658 <dcd_rp2040_irq+0x1b8>)
20000512:	781b      	ldrb	r3, [r3, #0]
20000514:	2b00      	cmp	r3, #0
20000516:	d104      	bne.n	20000522 <dcd_rp2040_irq+0x82>
20000518:	4a50      	ldr	r2, [pc, #320]	; (2000065c <dcd_rp2040_irq+0x1bc>)
2000051a:	3390      	adds	r3, #144	; 0x90
2000051c:	2180      	movs	r1, #128	; 0x80
2000051e:	0289      	lsls	r1, r1, #10
20000520:	50d1      	str	r1, [r2, r3]
20000522:	4b49      	ldr	r3, [pc, #292]	; (20000648 <dcd_rp2040_irq+0x1a8>)
20000524:	6c9c      	ldr	r4, [r3, #72]	; 0x48
20000526:	0564      	lsls	r4, r4, #21
20000528:	0d64      	lsrs	r4, r4, #21
2000052a:	220c      	movs	r2, #12
2000052c:	2100      	movs	r1, #0
2000052e:	a801      	add	r0, sp, #4
20000530:	f000 fb06 	bl	20000b40 <____wrap_memset_veneer>
20000534:	2300      	movs	r3, #0
20000536:	466a      	mov	r2, sp
20000538:	7113      	strb	r3, [r2, #4]
2000053a:	3303      	adds	r3, #3
2000053c:	7153      	strb	r3, [r2, #5]
2000053e:	9402      	str	r4, [sp, #8]
20000540:	2101      	movs	r1, #1
20000542:	a801      	add	r0, sp, #4
20000544:	f000 f9ea 	bl	2000091c <dcd_event_handler>
20000548:	2480      	movs	r4, #128	; 0x80
2000054a:	02a4      	lsls	r4, r4, #10
2000054c:	06eb      	lsls	r3, r5, #27
2000054e:	d409      	bmi.n	20000564 <dcd_rp2040_irq+0xc4>
20000550:	03eb      	lsls	r3, r5, #15
20000552:	d529      	bpl.n	200005a8 <dcd_rp2040_irq+0x108>
20000554:	2380      	movs	r3, #128	; 0x80
20000556:	025b      	lsls	r3, r3, #9
20000558:	431c      	orrs	r4, r3
2000055a:	ab01      	add	r3, sp, #4
2000055c:	4a40      	ldr	r2, [pc, #256]	; (20000660 <dcd_rp2040_irq+0x1c0>)
2000055e:	801a      	strh	r2, [r3, #0]
20000560:	2600      	movs	r6, #0
20000562:	e00b      	b.n	2000057c <dcd_rp2040_irq+0xdc>
20000564:	2310      	movs	r3, #16
20000566:	431c      	orrs	r4, r3
20000568:	f7ff ff48 	bl	200003fc <hw_handle_buff_status>
2000056c:	e7f0      	b.n	20000550 <dcd_rp2040_irq+0xb0>
2000056e:	ab01      	add	r3, sp, #4
20000570:	5d98      	ldrb	r0, [r3, r6]
20000572:	f000 faed 	bl	20000b50 <__hw_endpoint_get_by_addr_veneer>
20000576:	2301      	movs	r3, #1
20000578:	70c3      	strb	r3, [r0, #3]
2000057a:	3601      	adds	r6, #1
2000057c:	2e01      	cmp	r6, #1
2000057e:	d9f6      	bls.n	2000056e <dcd_rp2040_irq+0xce>
20000580:	ae01      	add	r6, sp, #4
20000582:	220c      	movs	r2, #12
20000584:	2100      	movs	r1, #0
20000586:	0030      	movs	r0, r6
20000588:	f000 fada 	bl	20000b40 <____wrap_memset_veneer>
2000058c:	2306      	movs	r3, #6
2000058e:	7073      	strb	r3, [r6, #1]
20000590:	4a34      	ldr	r2, [pc, #208]	; (20000664 <dcd_rp2040_irq+0x1c4>)
20000592:	ab02      	add	r3, sp, #8
20000594:	ca03      	ldmia	r2!, {r0, r1}
20000596:	c303      	stmia	r3!, {r0, r1}
20000598:	2101      	movs	r1, #1
2000059a:	0030      	movs	r0, r6
2000059c:	f000 f9be 	bl	2000091c <dcd_event_handler>
200005a0:	4b2e      	ldr	r3, [pc, #184]	; (2000065c <dcd_rp2040_irq+0x1bc>)
200005a2:	2280      	movs	r2, #128	; 0x80
200005a4:	0292      	lsls	r2, r2, #10
200005a6:	651a      	str	r2, [r3, #80]	; 0x50
200005a8:	04eb      	lsls	r3, r5, #19
200005aa:	d407      	bmi.n	200005bc <dcd_rp2040_irq+0x11c>
200005ac:	046b      	lsls	r3, r5, #17
200005ae:	d41e      	bmi.n	200005ee <dcd_rp2040_irq+0x14e>
200005b0:	042b      	lsls	r3, r5, #16
200005b2:	d42f      	bmi.n	20000614 <dcd_rp2040_irq+0x174>
200005b4:	42ac      	cmp	r4, r5
200005b6:	d141      	bne.n	2000063c <dcd_rp2040_irq+0x19c>
200005b8:	b005      	add	sp, #20
200005ba:	bdf0      	pop	{r4, r5, r6, r7, pc}
200005bc:	2380      	movs	r3, #128	; 0x80
200005be:	015b      	lsls	r3, r3, #5
200005c0:	431c      	orrs	r4, r3
200005c2:	4b21      	ldr	r3, [pc, #132]	; (20000648 <dcd_rp2040_irq+0x1a8>)
200005c4:	2200      	movs	r2, #0
200005c6:	601a      	str	r2, [r3, #0]
200005c8:	f7ff fef8 	bl	200003bc <reset_non_control_endpoints>
200005cc:	ae01      	add	r6, sp, #4
200005ce:	220c      	movs	r2, #12
200005d0:	2100      	movs	r1, #0
200005d2:	0030      	movs	r0, r6
200005d4:	f000 fab4 	bl	20000b40 <____wrap_memset_veneer>
200005d8:	2301      	movs	r3, #1
200005da:	7073      	strb	r3, [r6, #1]
200005dc:	2101      	movs	r1, #1
200005de:	0030      	movs	r0, r6
200005e0:	f000 f99c 	bl	2000091c <dcd_event_handler>
200005e4:	4b1d      	ldr	r3, [pc, #116]	; (2000065c <dcd_rp2040_irq+0x1bc>)
200005e6:	2280      	movs	r2, #128	; 0x80
200005e8:	0312      	lsls	r2, r2, #12
200005ea:	651a      	str	r2, [r3, #80]	; 0x50
200005ec:	e7de      	b.n	200005ac <dcd_rp2040_irq+0x10c>
200005ee:	2380      	movs	r3, #128	; 0x80
200005f0:	01db      	lsls	r3, r3, #7
200005f2:	431c      	orrs	r4, r3
200005f4:	ae01      	add	r6, sp, #4
200005f6:	220c      	movs	r2, #12
200005f8:	2100      	movs	r1, #0
200005fa:	0030      	movs	r0, r6
200005fc:	f000 faa0 	bl	20000b40 <____wrap_memset_veneer>
20000600:	2304      	movs	r3, #4
20000602:	7073      	strb	r3, [r6, #1]
20000604:	2101      	movs	r1, #1
20000606:	0030      	movs	r0, r6
20000608:	f000 f988 	bl	2000091c <dcd_event_handler>
2000060c:	4b13      	ldr	r3, [pc, #76]	; (2000065c <dcd_rp2040_irq+0x1bc>)
2000060e:	2210      	movs	r2, #16
20000610:	651a      	str	r2, [r3, #80]	; 0x50
20000612:	e7cd      	b.n	200005b0 <dcd_rp2040_irq+0x110>
20000614:	2380      	movs	r3, #128	; 0x80
20000616:	021b      	lsls	r3, r3, #8
20000618:	431c      	orrs	r4, r3
2000061a:	ae01      	add	r6, sp, #4
2000061c:	220c      	movs	r2, #12
2000061e:	2100      	movs	r1, #0
20000620:	0030      	movs	r0, r6
20000622:	f000 fa8d 	bl	20000b40 <____wrap_memset_veneer>
20000626:	2305      	movs	r3, #5
20000628:	7073      	strb	r3, [r6, #1]
2000062a:	2101      	movs	r1, #1
2000062c:	0030      	movs	r0, r6
2000062e:	f000 f975 	bl	2000091c <dcd_event_handler>
20000632:	4b0a      	ldr	r3, [pc, #40]	; (2000065c <dcd_rp2040_irq+0x1bc>)
20000634:	2280      	movs	r2, #128	; 0x80
20000636:	0112      	lsls	r2, r2, #4
20000638:	651a      	str	r2, [r3, #80]	; 0x50
2000063a:	e7bb      	b.n	200005b4 <dcd_rp2040_irq+0x114>
2000063c:	0021      	movs	r1, r4
2000063e:	4069      	eors	r1, r5
20000640:	4809      	ldr	r0, [pc, #36]	; (20000668 <dcd_rp2040_irq+0x1c8>)
20000642:	f000 faad 	bl	20000ba0 <__panic_veneer>
20000646:	46c0      	nop			; (mov r8, r8)
20000648:	50110000 	.word	0x50110000
2000064c:	40054000 	.word	0x40054000
20000650:	200013f8 	.word	0x200013f8
20000654:	20001400 	.word	0x20001400
20000658:	20001a62 	.word	0x20001a62
2000065c:	50113000 	.word	0x50113000
20000660:	ffff8000 	.word	0xffff8000
20000664:	50100000 	.word	0x50100000
20000668:	100085d8 	.word	0x100085d8

2000066c <e15_is_bulkin_ep>:
2000066c:	4b09      	ldr	r3, [pc, #36]	; (20000694 <e15_is_bulkin_ep+0x28>)
2000066e:	6c1b      	ldr	r3, [r3, #64]	; 0x40
20000670:	079b      	lsls	r3, r3, #30
20000672:	d40c      	bmi.n	2000068e <e15_is_bulkin_ep+0x22>
20000674:	7883      	ldrb	r3, [r0, #2]
20000676:	09db      	lsrs	r3, r3, #7
20000678:	2b01      	cmp	r3, #1
2000067a:	d001      	beq.n	20000680 <e15_is_bulkin_ep+0x14>
2000067c:	2000      	movs	r0, #0
2000067e:	e007      	b.n	20000690 <e15_is_bulkin_ep+0x24>
20000680:	7ec3      	ldrb	r3, [r0, #27]
20000682:	2b02      	cmp	r3, #2
20000684:	d001      	beq.n	2000068a <e15_is_bulkin_ep+0x1e>
20000686:	2000      	movs	r0, #0
20000688:	e002      	b.n	20000690 <e15_is_bulkin_ep+0x24>
2000068a:	2001      	movs	r0, #1
2000068c:	e000      	b.n	20000690 <e15_is_bulkin_ep+0x24>
2000068e:	2000      	movs	r0, #0
20000690:	4770      	bx	lr
20000692:	46c0      	nop			; (mov r8, r8)
20000694:	50110000 	.word	0x50110000

20000698 <e15_is_critical_frame_period>:
20000698:	b510      	push	{r4, lr}
2000069a:	f7ff ffe7 	bl	2000066c <e15_is_bulkin_ep>
2000069e:	2800      	cmp	r0, #0
200006a0:	d009      	beq.n	200006b6 <e15_is_critical_frame_period+0x1e>
200006a2:	4b06      	ldr	r3, [pc, #24]	; (200006bc <e15_is_critical_frame_period+0x24>)
200006a4:	6a9b      	ldr	r3, [r3, #40]	; 0x28
200006a6:	4a06      	ldr	r2, [pc, #24]	; (200006c0 <e15_is_critical_frame_period+0x28>)
200006a8:	6812      	ldr	r2, [r2, #0]
200006aa:	1a9b      	subs	r3, r3, r2
200006ac:	4a05      	ldr	r2, [pc, #20]	; (200006c4 <e15_is_critical_frame_period+0x2c>)
200006ae:	4694      	mov	ip, r2
200006b0:	4463      	add	r3, ip
200006b2:	2bc6      	cmp	r3, #198	; 0xc6
200006b4:	d800      	bhi.n	200006b8 <e15_is_critical_frame_period+0x20>
200006b6:	bd10      	pop	{r4, pc}
200006b8:	2000      	movs	r0, #0
200006ba:	e7fc      	b.n	200006b6 <e15_is_critical_frame_period+0x1e>
200006bc:	40054000 	.word	0x40054000
200006c0:	200013f8 	.word	0x200013f8
200006c4:	fffffce0 	.word	0xfffffce0

200006c8 <prepare_ep_buffer>:
200006c8:	b5f8      	push	{r3, r4, r5, r6, r7, lr}
200006ca:	0004      	movs	r4, r0
200006cc:	000f      	movs	r7, r1
200006ce:	8a83      	ldrh	r3, [r0, #20]
200006d0:	8b02      	ldrh	r2, [r0, #24]
200006d2:	1c1e      	adds	r6, r3, #0
200006d4:	4293      	cmp	r3, r2
200006d6:	d900      	bls.n	200006da <prepare_ep_buffer+0x12>
200006d8:	1c16      	adds	r6, r2, #0
200006da:	b2b6      	uxth	r6, r6
200006dc:	1b9b      	subs	r3, r3, r6
200006de:	82a3      	strh	r3, [r4, #20]
200006e0:	2580      	movs	r5, #128	; 0x80
200006e2:	00ed      	lsls	r5, r5, #3
200006e4:	4335      	orrs	r5, r6
200006e6:	78e3      	ldrb	r3, [r4, #3]
200006e8:	2b00      	cmp	r3, #0
200006ea:	d013      	beq.n	20000714 <prepare_ep_buffer+0x4c>
200006ec:	2280      	movs	r2, #128	; 0x80
200006ee:	0192      	lsls	r2, r2, #6
200006f0:	4315      	orrs	r5, r2
200006f2:	2201      	movs	r2, #1
200006f4:	4053      	eors	r3, r2
200006f6:	70e3      	strb	r3, [r4, #3]
200006f8:	7863      	ldrb	r3, [r4, #1]
200006fa:	2b00      	cmp	r3, #0
200006fc:	d00c      	beq.n	20000718 <prepare_ep_buffer+0x50>
200006fe:	8aa3      	ldrh	r3, [r4, #20]
20000700:	2b00      	cmp	r3, #0
20000702:	d102      	bne.n	2000070a <prepare_ep_buffer+0x42>
20000704:	2380      	movs	r3, #128	; 0x80
20000706:	01db      	lsls	r3, r3, #7
20000708:	431d      	orrs	r5, r3
2000070a:	2f00      	cmp	r7, #0
2000070c:	d000      	beq.n	20000710 <prepare_ep_buffer+0x48>
2000070e:	042d      	lsls	r5, r5, #16
20000710:	0028      	movs	r0, r5
20000712:	bdf8      	pop	{r3, r4, r5, r6, r7, pc}
20000714:	2200      	movs	r2, #0
20000716:	e7eb      	b.n	200006f0 <prepare_ep_buffer+0x28>
20000718:	01b8      	lsls	r0, r7, #6
2000071a:	68e3      	ldr	r3, [r4, #12]
2000071c:	469c      	mov	ip, r3
2000071e:	4460      	add	r0, ip
20000720:	0032      	movs	r2, r6
20000722:	6921      	ldr	r1, [r4, #16]
20000724:	f000 fa34 	bl	20000b90 <____wrap_memcpy_veneer>
20000728:	6923      	ldr	r3, [r4, #16]
2000072a:	469c      	mov	ip, r3
2000072c:	4466      	add	r6, ip
2000072e:	6126      	str	r6, [r4, #16]
20000730:	2380      	movs	r3, #128	; 0x80
20000732:	021b      	lsls	r3, r3, #8
20000734:	431d      	orrs	r5, r3
20000736:	e7e2      	b.n	200006fe <prepare_ep_buffer+0x36>

20000738 <sync_ep_buffer>:
20000738:	b570      	push	{r4, r5, r6, lr}
2000073a:	0004      	movs	r4, r0
2000073c:	6883      	ldr	r3, [r0, #8]
2000073e:	681b      	ldr	r3, [r3, #0]
20000740:	2900      	cmp	r1, #0
20000742:	d000      	beq.n	20000746 <sync_ep_buffer+0xe>
20000744:	0c1b      	lsrs	r3, r3, #16
20000746:	059d      	lsls	r5, r3, #22
20000748:	0dad      	lsrs	r5, r5, #22
2000074a:	7862      	ldrb	r2, [r4, #1]
2000074c:	2a00      	cmp	r2, #0
2000074e:	d112      	bne.n	20000776 <sync_ep_buffer+0x3e>
20000750:	041b      	lsls	r3, r3, #16
20000752:	d409      	bmi.n	20000768 <sync_ep_buffer+0x30>
20000754:	8ae3      	ldrh	r3, [r4, #22]
20000756:	195b      	adds	r3, r3, r5
20000758:	82e3      	strh	r3, [r4, #22]
2000075a:	8b23      	ldrh	r3, [r4, #24]
2000075c:	42ab      	cmp	r3, r5
2000075e:	d901      	bls.n	20000764 <sync_ep_buffer+0x2c>
20000760:	2300      	movs	r3, #0
20000762:	82a3      	strh	r3, [r4, #20]
20000764:	0028      	movs	r0, r5
20000766:	bd70      	pop	{r4, r5, r6, pc}
20000768:	2181      	movs	r1, #129	; 0x81
2000076a:	4b0f      	ldr	r3, [pc, #60]	; (200007a8 <sync_ep_buffer+0x70>)
2000076c:	4a0f      	ldr	r2, [pc, #60]	; (200007ac <sync_ep_buffer+0x74>)
2000076e:	0049      	lsls	r1, r1, #1
20000770:	480f      	ldr	r0, [pc, #60]	; (200007b0 <sync_ep_buffer+0x78>)
20000772:	f000 f9dd 	bl	20000b30 <____assert_func_veneer>
20000776:	041b      	lsls	r3, r3, #16
20000778:	d50e      	bpl.n	20000798 <sync_ep_buffer+0x60>
2000077a:	0189      	lsls	r1, r1, #6
2000077c:	68e3      	ldr	r3, [r4, #12]
2000077e:	469c      	mov	ip, r3
20000780:	4461      	add	r1, ip
20000782:	002a      	movs	r2, r5
20000784:	6920      	ldr	r0, [r4, #16]
20000786:	f000 fa03 	bl	20000b90 <____wrap_memcpy_veneer>
2000078a:	8ae3      	ldrh	r3, [r4, #22]
2000078c:	195b      	adds	r3, r3, r5
2000078e:	82e3      	strh	r3, [r4, #22]
20000790:	6923      	ldr	r3, [r4, #16]
20000792:	195b      	adds	r3, r3, r5
20000794:	6123      	str	r3, [r4, #16]
20000796:	e7e0      	b.n	2000075a <sync_ep_buffer+0x22>
20000798:	210a      	movs	r1, #10
2000079a:	4b06      	ldr	r3, [pc, #24]	; (200007b4 <sync_ep_buffer+0x7c>)
2000079c:	4a03      	ldr	r2, [pc, #12]	; (200007ac <sync_ep_buffer+0x74>)
2000079e:	31ff      	adds	r1, #255	; 0xff
200007a0:	4803      	ldr	r0, [pc, #12]	; (200007b0 <sync_ep_buffer+0x78>)
200007a2:	f000 f9c5 	bl	20000b30 <____assert_func_veneer>
200007a6:	46c0      	nop			; (mov r8, r8)
200007a8:	10008658 	.word	0x10008658
200007ac:	10008754 	.word	0x10008754
200007b0:	10008678 	.word	0x10008678
200007b4:	100086e8 	.word	0x100086e8

200007b8 <_hw_endpoint_xfer_sync>:
200007b8:	b510      	push	{r4, lr}
200007ba:	0004      	movs	r4, r0
200007bc:	6883      	ldr	r3, [r0, #8]
200007be:	681b      	ldr	r3, [r3, #0]
200007c0:	2100      	movs	r1, #0
200007c2:	f7ff ffb9 	bl	20000738 <sync_ep_buffer>
200007c6:	6863      	ldr	r3, [r4, #4]
200007c8:	681b      	ldr	r3, [r3, #0]
200007ca:	005b      	lsls	r3, r3, #1
200007cc:	d502      	bpl.n	200007d4 <_hw_endpoint_xfer_sync+0x1c>
200007ce:	8b23      	ldrh	r3, [r4, #24]
200007d0:	4283      	cmp	r3, r0
200007d2:	d000      	beq.n	200007d6 <_hw_endpoint_xfer_sync+0x1e>
200007d4:	bd10      	pop	{r4, pc}
200007d6:	2101      	movs	r1, #1
200007d8:	0020      	movs	r0, r4
200007da:	f7ff ffad 	bl	20000738 <sync_ep_buffer>
200007de:	e7f9      	b.n	200007d4 <_hw_endpoint_xfer_sync+0x1c>

200007e0 <hw_endpoint_reset_transfer>:
200007e0:	2300      	movs	r3, #0
200007e2:	7683      	strb	r3, [r0, #26]
200007e4:	8283      	strh	r3, [r0, #20]
200007e6:	82c3      	strh	r3, [r0, #22]
200007e8:	6103      	str	r3, [r0, #16]
200007ea:	4770      	bx	lr

200007ec <_hw_endpoint_buffer_control_update32>:
200007ec:	b510      	push	{r4, lr}
200007ee:	2900      	cmp	r1, #0
200007f0:	d002      	beq.n	200007f8 <_hw_endpoint_buffer_control_update32+0xc>
200007f2:	6883      	ldr	r3, [r0, #8]
200007f4:	681b      	ldr	r3, [r3, #0]
200007f6:	4019      	ands	r1, r3
200007f8:	2a00      	cmp	r2, #0
200007fa:	d00f      	beq.n	2000081c <_hw_endpoint_buffer_control_update32+0x30>
200007fc:	4311      	orrs	r1, r2
200007fe:	0553      	lsls	r3, r2, #21
20000800:	d50c      	bpl.n	2000081c <_hw_endpoint_buffer_control_update32+0x30>
20000802:	6882      	ldr	r2, [r0, #8]
20000804:	6813      	ldr	r3, [r2, #0]
20000806:	055b      	lsls	r3, r3, #21
20000808:	d40b      	bmi.n	20000822 <_hw_endpoint_buffer_control_update32+0x36>
2000080a:	4b0b      	ldr	r3, [pc, #44]	; (20000838 <_hw_endpoint_buffer_control_update32+0x4c>)
2000080c:	400b      	ands	r3, r1
2000080e:	6013      	str	r3, [r2, #0]
20000810:	e7ff      	b.n	20000812 <_hw_endpoint_buffer_control_update32+0x26>
20000812:	e7ff      	b.n	20000814 <_hw_endpoint_buffer_control_update32+0x28>
20000814:	e7ff      	b.n	20000816 <_hw_endpoint_buffer_control_update32+0x2a>
20000816:	e7ff      	b.n	20000818 <_hw_endpoint_buffer_control_update32+0x2c>
20000818:	e7ff      	b.n	2000081a <_hw_endpoint_buffer_control_update32+0x2e>
2000081a:	e7ff      	b.n	2000081c <_hw_endpoint_buffer_control_update32+0x30>
2000081c:	6883      	ldr	r3, [r0, #8]
2000081e:	6019      	str	r1, [r3, #0]
20000820:	bd10      	pop	{r4, pc}
20000822:	7883      	ldrb	r3, [r0, #2]
20000824:	217f      	movs	r1, #127	; 0x7f
20000826:	4019      	ands	r1, r3
20000828:	09db      	lsrs	r3, r3, #7
2000082a:	009b      	lsls	r3, r3, #2
2000082c:	4a03      	ldr	r2, [pc, #12]	; (2000083c <_hw_endpoint_buffer_control_update32+0x50>)
2000082e:	589a      	ldr	r2, [r3, r2]
20000830:	4803      	ldr	r0, [pc, #12]	; (20000840 <_hw_endpoint_buffer_control_update32+0x54>)
20000832:	f000 f9b5 	bl	20000ba0 <__panic_veneer>
20000836:	46c0      	nop			; (mov r8, r8)
20000838:	fffffbff 	.word	0xfffffbff
2000083c:	20000c80 	.word	0x20000c80
20000840:	10008708 	.word	0x10008708

20000844 <hw_endpoint_start_next_buffer>:
20000844:	b570      	push	{r4, r5, r6, lr}
20000846:	0004      	movs	r4, r0
20000848:	6843      	ldr	r3, [r0, #4]
2000084a:	681e      	ldr	r6, [r3, #0]
2000084c:	2100      	movs	r1, #0
2000084e:	f7ff ff3b 	bl	200006c8 <prepare_ep_buffer>
20000852:	2580      	movs	r5, #128	; 0x80
20000854:	016d      	lsls	r5, r5, #5
20000856:	4305      	orrs	r5, r0
20000858:	4b19      	ldr	r3, [pc, #100]	; (200008c0 <hw_endpoint_start_next_buffer+0x7c>)
2000085a:	6c1b      	ldr	r3, [r3, #64]	; 0x40
2000085c:	2202      	movs	r2, #2
2000085e:	0011      	movs	r1, r2
20000860:	4019      	ands	r1, r3
20000862:	421a      	tst	r2, r3
20000864:	d102      	bne.n	2000086c <hw_endpoint_start_next_buffer+0x28>
20000866:	78a3      	ldrb	r3, [r4, #2]
20000868:	09db      	lsrs	r3, r3, #7
2000086a:	d006      	beq.n	2000087a <hw_endpoint_start_next_buffer+0x36>
2000086c:	2900      	cmp	r1, #0
2000086e:	d006      	beq.n	2000087e <hw_endpoint_start_next_buffer+0x3a>
20000870:	78a3      	ldrb	r3, [r4, #2]
20000872:	065b      	lsls	r3, r3, #25
20000874:	d116      	bne.n	200008a4 <hw_endpoint_start_next_buffer+0x60>
20000876:	2300      	movs	r3, #0
20000878:	e002      	b.n	20000880 <hw_endpoint_start_next_buffer+0x3c>
2000087a:	2301      	movs	r3, #1
2000087c:	e000      	b.n	20000880 <hw_endpoint_start_next_buffer+0x3c>
2000087e:	2300      	movs	r3, #0
20000880:	8aa2      	ldrh	r2, [r4, #20]
20000882:	2a00      	cmp	r2, #0
20000884:	d001      	beq.n	2000088a <hw_endpoint_start_next_buffer+0x46>
20000886:	2b00      	cmp	r3, #0
20000888:	d00e      	beq.n	200008a8 <hw_endpoint_start_next_buffer+0x64>
2000088a:	4b0e      	ldr	r3, [pc, #56]	; (200008c4 <hw_endpoint_start_next_buffer+0x80>)
2000088c:	401e      	ands	r6, r3
2000088e:	2380      	movs	r3, #128	; 0x80
20000890:	059b      	lsls	r3, r3, #22
20000892:	4333      	orrs	r3, r6
20000894:	6862      	ldr	r2, [r4, #4]
20000896:	6013      	str	r3, [r2, #0]
20000898:	002a      	movs	r2, r5
2000089a:	2100      	movs	r1, #0
2000089c:	0020      	movs	r0, r4
2000089e:	f7ff ffa5 	bl	200007ec <_hw_endpoint_buffer_control_update32>
200008a2:	bd70      	pop	{r4, r5, r6, pc}
200008a4:	2301      	movs	r3, #1
200008a6:	e7eb      	b.n	20000880 <hw_endpoint_start_next_buffer+0x3c>
200008a8:	2101      	movs	r1, #1
200008aa:	0020      	movs	r0, r4
200008ac:	f7ff ff0c 	bl	200006c8 <prepare_ep_buffer>
200008b0:	4305      	orrs	r5, r0
200008b2:	4b05      	ldr	r3, [pc, #20]	; (200008c8 <hw_endpoint_start_next_buffer+0x84>)
200008b4:	401e      	ands	r6, r3
200008b6:	23a0      	movs	r3, #160	; 0xa0
200008b8:	05db      	lsls	r3, r3, #23
200008ba:	4333      	orrs	r3, r6
200008bc:	e7ea      	b.n	20000894 <hw_endpoint_start_next_buffer+0x50>
200008be:	46c0      	nop			; (mov r8, r8)
200008c0:	50110000 	.word	0x50110000
200008c4:	afffffff 	.word	0xafffffff
200008c8:	dfffffff 	.word	0xdfffffff

200008cc <hw_endpoint_xfer_continue>:
200008cc:	b570      	push	{r4, r5, r6, lr}
200008ce:	0004      	movs	r4, r0
200008d0:	7e85      	ldrb	r5, [r0, #26]
200008d2:	2d00      	cmp	r5, #0
200008d4:	d006      	beq.n	200008e4 <hw_endpoint_xfer_continue+0x18>
200008d6:	f7ff ff6f 	bl	200007b8 <_hw_endpoint_xfer_sync>
200008da:	8aa3      	ldrh	r3, [r4, #20]
200008dc:	2b00      	cmp	r3, #0
200008de:	d10b      	bne.n	200008f8 <hw_endpoint_xfer_continue+0x2c>
200008e0:	0028      	movs	r0, r5
200008e2:	bd70      	pop	{r4, r5, r6, pc}
200008e4:	7883      	ldrb	r3, [r0, #2]
200008e6:	217f      	movs	r1, #127	; 0x7f
200008e8:	4019      	ands	r1, r3
200008ea:	09db      	lsrs	r3, r3, #7
200008ec:	009b      	lsls	r3, r3, #2
200008ee:	4a09      	ldr	r2, [pc, #36]	; (20000914 <hw_endpoint_xfer_continue+0x48>)
200008f0:	589a      	ldr	r2, [r3, r2]
200008f2:	4809      	ldr	r0, [pc, #36]	; (20000918 <hw_endpoint_xfer_continue+0x4c>)
200008f4:	f000 f954 	bl	20000ba0 <__panic_veneer>
200008f8:	0020      	movs	r0, r4
200008fa:	f7ff fecd 	bl	20000698 <e15_is_critical_frame_period>
200008fe:	1e05      	subs	r5, r0, #0
20000900:	d003      	beq.n	2000090a <hw_endpoint_xfer_continue+0x3e>
20000902:	2301      	movs	r3, #1
20000904:	7723      	strb	r3, [r4, #28]
20000906:	2500      	movs	r5, #0
20000908:	e7ea      	b.n	200008e0 <hw_endpoint_xfer_continue+0x14>
2000090a:	0020      	movs	r0, r4
2000090c:	f7ff ff9a 	bl	20000844 <hw_endpoint_start_next_buffer>
20000910:	e7e6      	b.n	200008e0 <hw_endpoint_xfer_continue+0x14>
20000912:	46c0      	nop			; (mov r8, r8)
20000914:	20000c80 	.word	0x20000c80
20000918:	10008728 	.word	0x10008728

2000091c <dcd_event_handler>:
2000091c:	b530      	push	{r4, r5, lr}
2000091e:	b085      	sub	sp, #20
20000920:	0005      	movs	r5, r0
20000922:	7843      	ldrb	r3, [r0, #1]
20000924:	2b04      	cmp	r3, #4
20000926:	d100      	bne.n	2000092a <dcd_event_handler+0xe>
20000928:	e059      	b.n	200009de <dcd_event_handler+0xc2>
2000092a:	d806      	bhi.n	2000093a <dcd_event_handler+0x1e>
2000092c:	2b02      	cmp	r3, #2
2000092e:	d02b      	beq.n	20000988 <dcd_event_handler+0x6c>
20000930:	2b03      	cmp	r3, #3
20000932:	d000      	beq.n	20000936 <dcd_event_handler+0x1a>
20000934:	e0cb      	b.n	20000ace <dcd_event_handler+0x1b2>
20000936:	2400      	movs	r4, #0
20000938:	e083      	b.n	20000a42 <dcd_event_handler+0x126>
2000093a:	2b05      	cmp	r3, #5
2000093c:	d000      	beq.n	20000940 <dcd_event_handler+0x24>
2000093e:	e0c6      	b.n	20000ace <dcd_event_handler+0x1b2>
20000940:	4b70      	ldr	r3, [pc, #448]	; (20000b04 <dcd_event_handler+0x1e8>)
20000942:	781b      	ldrb	r3, [r3, #0]
20000944:	07db      	lsls	r3, r3, #31
20000946:	d548      	bpl.n	200009da <dcd_event_handler+0xbe>
20000948:	4a6e      	ldr	r2, [pc, #440]	; (20000b04 <dcd_event_handler+0x1e8>)
2000094a:	7813      	ldrb	r3, [r2, #0]
2000094c:	2104      	movs	r1, #4
2000094e:	438b      	bics	r3, r1
20000950:	7013      	strb	r3, [r2, #0]
20000952:	4b6d      	ldr	r3, [pc, #436]	; (20000b08 <dcd_event_handler+0x1ec>)
20000954:	681c      	ldr	r4, [r3, #0]
20000956:	0021      	movs	r1, r4
20000958:	3114      	adds	r1, #20
2000095a:	6962      	ldr	r2, [r4, #20]
2000095c:	f3ef 8010 	mrs	r0, PRIMASK
20000960:	b672      	cpsid	i
20000962:	6813      	ldr	r3, [r2, #0]
20000964:	2b00      	cmp	r3, #0
20000966:	d0fc      	beq.n	20000962 <dcd_event_handler+0x46>
20000968:	f3bf 8f5f 	dmb	sy
2000096c:	6048      	str	r0, [r1, #4]
2000096e:	0029      	movs	r1, r5
20000970:	0020      	movs	r0, r4
20000972:	f000 f8f5 	bl	20000b60 <__tu_fifo_write_veneer>
20000976:	6962      	ldr	r2, [r4, #20]
20000978:	69a3      	ldr	r3, [r4, #24]
2000097a:	f3bf 8f5f 	dmb	sy
2000097e:	2100      	movs	r1, #0
20000980:	6011      	str	r1, [r2, #0]
20000982:	f383 8810 	msr	PRIMASK, r3
20000986:	e028      	b.n	200009da <dcd_event_handler+0xbe>
20000988:	4b5e      	ldr	r3, [pc, #376]	; (20000b04 <dcd_event_handler+0x1e8>)
2000098a:	781a      	ldrb	r2, [r3, #0]
2000098c:	2101      	movs	r1, #1
2000098e:	438a      	bics	r2, r1
20000990:	701a      	strb	r2, [r3, #0]
20000992:	781a      	ldrb	r2, [r3, #0]
20000994:	3101      	adds	r1, #1
20000996:	438a      	bics	r2, r1
20000998:	701a      	strb	r2, [r3, #0]
2000099a:	2200      	movs	r2, #0
2000099c:	705a      	strb	r2, [r3, #1]
2000099e:	781a      	ldrb	r2, [r3, #0]
200009a0:	3102      	adds	r1, #2
200009a2:	438a      	bics	r2, r1
200009a4:	701a      	strb	r2, [r3, #0]
200009a6:	4b58      	ldr	r3, [pc, #352]	; (20000b08 <dcd_event_handler+0x1ec>)
200009a8:	681c      	ldr	r4, [r3, #0]
200009aa:	0021      	movs	r1, r4
200009ac:	3114      	adds	r1, #20
200009ae:	6962      	ldr	r2, [r4, #20]
200009b0:	f3ef 8010 	mrs	r0, PRIMASK
200009b4:	b672      	cpsid	i
200009b6:	6813      	ldr	r3, [r2, #0]
200009b8:	2b00      	cmp	r3, #0
200009ba:	d0fc      	beq.n	200009b6 <dcd_event_handler+0x9a>
200009bc:	f3bf 8f5f 	dmb	sy
200009c0:	6048      	str	r0, [r1, #4]
200009c2:	0029      	movs	r1, r5
200009c4:	0020      	movs	r0, r4
200009c6:	f000 f8cb 	bl	20000b60 <__tu_fifo_write_veneer>
200009ca:	6962      	ldr	r2, [r4, #20]
200009cc:	69a3      	ldr	r3, [r4, #24]
200009ce:	f3bf 8f5f 	dmb	sy
200009d2:	2100      	movs	r1, #0
200009d4:	6011      	str	r1, [r2, #0]
200009d6:	f383 8810 	msr	PRIMASK, r3
200009da:	b005      	add	sp, #20
200009dc:	bd30      	pop	{r4, r5, pc}
200009de:	4b49      	ldr	r3, [pc, #292]	; (20000b04 <dcd_event_handler+0x1e8>)
200009e0:	781b      	ldrb	r3, [r3, #0]
200009e2:	07db      	lsls	r3, r3, #31
200009e4:	d5f9      	bpl.n	200009da <dcd_event_handler+0xbe>
200009e6:	4a47      	ldr	r2, [pc, #284]	; (20000b04 <dcd_event_handler+0x1e8>)
200009e8:	7813      	ldrb	r3, [r2, #0]
200009ea:	2104      	movs	r1, #4
200009ec:	430b      	orrs	r3, r1
200009ee:	7013      	strb	r3, [r2, #0]
200009f0:	4b45      	ldr	r3, [pc, #276]	; (20000b08 <dcd_event_handler+0x1ec>)
200009f2:	681c      	ldr	r4, [r3, #0]
200009f4:	0021      	movs	r1, r4
200009f6:	3114      	adds	r1, #20
200009f8:	6962      	ldr	r2, [r4, #20]
200009fa:	f3ef 8010 	mrs	r0, PRIMASK
200009fe:	b672      	cpsid	i
20000a00:	6813      	ldr	r3, [r2, #0]
20000a02:	2b00      	cmp	r3, #0
20000a04:	d0fc      	beq.n	20000a00 <dcd_event_handler+0xe4>
20000a06:	f3bf 8f5f 	dmb	sy
20000a0a:	6048      	str	r0, [r1, #4]
20000a0c:	0029      	movs	r1, r5
20000a0e:	0020      	movs	r0, r4
20000a10:	f000 f8a6 	bl	20000b60 <__tu_fifo_write_veneer>
20000a14:	6962      	ldr	r2, [r4, #20]
20000a16:	69a3      	ldr	r3, [r4, #24]
20000a18:	f3bf 8f5f 	dmb	sy
20000a1c:	2100      	movs	r1, #0
20000a1e:	6011      	str	r1, [r2, #0]
20000a20:	f383 8810 	msr	PRIMASK, r3
20000a24:	e7d9      	b.n	200009da <dcd_event_handler+0xbe>
20000a26:	0063      	lsls	r3, r4, #1
20000a28:	191b      	adds	r3, r3, r4
20000a2a:	00da      	lsls	r2, r3, #3
20000a2c:	4b37      	ldr	r3, [pc, #220]	; (20000b0c <dcd_event_handler+0x1f0>)
20000a2e:	681b      	ldr	r3, [r3, #0]
20000a30:	189b      	adds	r3, r3, r2
20000a32:	e018      	b.n	20000a66 <dcd_event_handler+0x14a>
20000a34:	0023      	movs	r3, r4
20000a36:	e00f      	b.n	20000a58 <dcd_event_handler+0x13c>
20000a38:	7828      	ldrb	r0, [r5, #0]
20000a3a:	6869      	ldr	r1, [r5, #4]
20000a3c:	4798      	blx	r3
20000a3e:	3401      	adds	r4, #1
20000a40:	b2e4      	uxtb	r4, r4
20000a42:	4b33      	ldr	r3, [pc, #204]	; (20000b10 <dcd_event_handler+0x1f4>)
20000a44:	781b      	ldrb	r3, [r3, #0]
20000a46:	42a3      	cmp	r3, r4
20000a48:	d313      	bcc.n	20000a72 <dcd_event_handler+0x156>
20000a4a:	4a32      	ldr	r2, [pc, #200]	; (20000b14 <dcd_event_handler+0x1f8>)
20000a4c:	2a00      	cmp	r2, #0
20000a4e:	d0f1      	beq.n	20000a34 <dcd_event_handler+0x118>
20000a50:	42a3      	cmp	r3, r4
20000a52:	d8e8      	bhi.n	20000a26 <dcd_event_handler+0x10a>
20000a54:	1ae3      	subs	r3, r4, r3
20000a56:	b2db      	uxtb	r3, r3
20000a58:	2b00      	cmp	r3, #0
20000a5a:	d1f0      	bne.n	20000a3e <dcd_event_handler+0x122>
20000a5c:	005a      	lsls	r2, r3, #1
20000a5e:	18d2      	adds	r2, r2, r3
20000a60:	00d2      	lsls	r2, r2, #3
20000a62:	4b2d      	ldr	r3, [pc, #180]	; (20000b18 <dcd_event_handler+0x1fc>)
20000a64:	189b      	adds	r3, r3, r2
20000a66:	2b00      	cmp	r3, #0
20000a68:	d0e9      	beq.n	20000a3e <dcd_event_handler+0x122>
20000a6a:	695b      	ldr	r3, [r3, #20]
20000a6c:	2b00      	cmp	r3, #0
20000a6e:	d1e3      	bne.n	20000a38 <dcd_event_handler+0x11c>
20000a70:	e7e5      	b.n	20000a3e <dcd_event_handler+0x122>
20000a72:	4b24      	ldr	r3, [pc, #144]	; (20000b04 <dcd_event_handler+0x1e8>)
20000a74:	781b      	ldrb	r3, [r3, #0]
20000a76:	075b      	lsls	r3, r3, #29
20000a78:	d5af      	bpl.n	200009da <dcd_event_handler+0xbe>
20000a7a:	4a22      	ldr	r2, [pc, #136]	; (20000b04 <dcd_event_handler+0x1e8>)
20000a7c:	7813      	ldrb	r3, [r2, #0]
20000a7e:	2104      	movs	r1, #4
20000a80:	438b      	bics	r3, r1
20000a82:	7013      	strb	r3, [r2, #0]
20000a84:	220c      	movs	r2, #12
20000a86:	2100      	movs	r1, #0
20000a88:	a801      	add	r0, sp, #4
20000a8a:	f000 f859 	bl	20000b40 <____wrap_memset_veneer>
20000a8e:	782b      	ldrb	r3, [r5, #0]
20000a90:	466a      	mov	r2, sp
20000a92:	7113      	strb	r3, [r2, #4]
20000a94:	2305      	movs	r3, #5
20000a96:	7153      	strb	r3, [r2, #5]
20000a98:	4b1b      	ldr	r3, [pc, #108]	; (20000b08 <dcd_event_handler+0x1ec>)
20000a9a:	681c      	ldr	r4, [r3, #0]
20000a9c:	0021      	movs	r1, r4
20000a9e:	3114      	adds	r1, #20
20000aa0:	6962      	ldr	r2, [r4, #20]
20000aa2:	f3ef 8010 	mrs	r0, PRIMASK
20000aa6:	b672      	cpsid	i
20000aa8:	6813      	ldr	r3, [r2, #0]
20000aaa:	2b00      	cmp	r3, #0
20000aac:	d0fc      	beq.n	20000aa8 <dcd_event_handler+0x18c>
20000aae:	f3bf 8f5f 	dmb	sy
20000ab2:	6048      	str	r0, [r1, #4]
20000ab4:	a901      	add	r1, sp, #4
20000ab6:	0020      	movs	r0, r4
20000ab8:	f000 f852 	bl	20000b60 <__tu_fifo_write_veneer>
20000abc:	6962      	ldr	r2, [r4, #20]
20000abe:	69a3      	ldr	r3, [r4, #24]
20000ac0:	f3bf 8f5f 	dmb	sy
20000ac4:	2100      	movs	r1, #0
20000ac6:	6011      	str	r1, [r2, #0]
20000ac8:	f383 8810 	msr	PRIMASK, r3
20000acc:	e785      	b.n	200009da <dcd_event_handler+0xbe>
20000ace:	4b0e      	ldr	r3, [pc, #56]	; (20000b08 <dcd_event_handler+0x1ec>)
20000ad0:	681c      	ldr	r4, [r3, #0]
20000ad2:	0021      	movs	r1, r4
20000ad4:	3114      	adds	r1, #20
20000ad6:	6962      	ldr	r2, [r4, #20]
20000ad8:	f3ef 8010 	mrs	r0, PRIMASK
20000adc:	b672      	cpsid	i
20000ade:	6813      	ldr	r3, [r2, #0]
20000ae0:	2b00      	cmp	r3, #0
20000ae2:	d0fc      	beq.n	20000ade <dcd_event_handler+0x1c2>
20000ae4:	f3bf 8f5f 	dmb	sy
20000ae8:	6048      	str	r0, [r1, #4]
20000aea:	0029      	movs	r1, r5
20000aec:	0020      	movs	r0, r4
20000aee:	f000 f837 	bl	20000b60 <__tu_fifo_write_veneer>
20000af2:	6962      	ldr	r2, [r4, #20]
20000af4:	69a3      	ldr	r3, [r4, #24]
20000af6:	f3bf 8f5f 	dmb	sy
20000afa:	2100      	movs	r1, #0
20000afc:	6011      	str	r1, [r2, #0]
20000afe:	f383 8810 	msr	PRIMASK, r3
20000b02:	e76a      	b.n	200009da <dcd_event_handler+0xbe>
20000b04:	2000111c 	.word	0x2000111c
20000b08:	20001174 	.word	0x20001174
20000b0c:	20000df4 	.word	0x20000df4
20000b10:	20001a61 	.word	0x20001a61
20000b14:	10004641 	.word	0x10004641
20000b18:	100087f0 	.word	0x100087f0

20000b1c <__aeabi_idiv0>:
20000b1c:	4770      	bx	lr
20000b1e:	46c0      	nop			; (mov r8, r8)

20000b20 <____wrap___aeabi_lmul_veneer>:
20000b20:	b401      	push	{r0}
20000b22:	4802      	ldr	r0, [pc, #8]	; (20000b2c <____wrap___aeabi_lmul_veneer+0xc>)
20000b24:	4684      	mov	ip, r0
20000b26:	bc01      	pop	{r0}
20000b28:	4760      	bx	ip
20000b2a:	bf00      	nop
20000b2c:	10003fb5 	.word	0x10003fb5

20000b30 <____assert_func_veneer>:
20000b30:	b401      	push	{r0}
20000b32:	4802      	ldr	r0, [pc, #8]	; (20000b3c <____assert_func_veneer+0xc>)
20000b34:	4684      	mov	ip, r0
20000b36:	bc01      	pop	{r0}
20000b38:	4760      	bx	ip
20000b3a:	bf00      	nop
20000b3c:	1000252d 	.word	0x1000252d

20000b40 <____wrap_memset_veneer>:
20000b40:	b401      	push	{r0}
20000b42:	4802      	ldr	r0, [pc, #8]	; (20000b4c <____wrap_memset_veneer+0xc>)
20000b44:	4684      	mov	ip, r0
20000b46:	bc01      	pop	{r0}
20000b48:	4760      	bx	ip
20000b4a:	bf00      	nop
20000b4c:	1000408d 	.word	0x1000408d

20000b50 <__hw_endpoint_get_by_addr_veneer>:
20000b50:	b401      	push	{r0}
20000b52:	4802      	ldr	r0, [pc, #8]	; (20000b5c <__hw_endpoint_get_by_addr_veneer+0xc>)
20000b54:	4684      	mov	ip, r0
20000b56:	bc01      	pop	{r0}
20000b58:	4760      	bx	ip
20000b5a:	bf00      	nop
20000b5c:	10004c25 	.word	0x10004c25

20000b60 <__tu_fifo_write_veneer>:
20000b60:	b401      	push	{r0}
20000b62:	4802      	ldr	r0, [pc, #8]	; (20000b6c <__tu_fifo_write_veneer+0xc>)
20000b64:	4684      	mov	ip, r0
20000b66:	bc01      	pop	{r0}
20000b68:	4760      	bx	ip
20000b6a:	bf00      	nop
20000b6c:	10006a8d 	.word	0x10006a8d

20000b70 <__time_us_64_veneer>:
20000b70:	b401      	push	{r0}
20000b72:	4802      	ldr	r0, [pc, #8]	; (20000b7c <__time_us_64_veneer+0xc>)
20000b74:	4684      	mov	ip, r0
20000b76:	bc01      	pop	{r0}
20000b78:	4760      	bx	ip
20000b7a:	bf00      	nop
20000b7c:	100018c5 	.word	0x100018c5

20000b80 <__best_effort_wfe_or_timeout_veneer>:
20000b80:	b401      	push	{r0}
20000b82:	4802      	ldr	r0, [pc, #8]	; (20000b8c <__best_effort_wfe_or_timeout_veneer+0xc>)
20000b84:	4684      	mov	ip, r0
20000b86:	bc01      	pop	{r0}
20000b88:	4760      	bx	ip
20000b8a:	bf00      	nop
20000b8c:	10001771 	.word	0x10001771

20000b90 <____wrap_memcpy_veneer>:
20000b90:	b401      	push	{r0}
20000b92:	4802      	ldr	r0, [pc, #8]	; (20000b9c <____wrap_memcpy_veneer+0xc>)
20000b94:	4684      	mov	ip, r0
20000b96:	bc01      	pop	{r0}
20000b98:	4760      	bx	ip
20000b9a:	bf00      	nop
20000b9c:	10004099 	.word	0x10004099

20000ba0 <__panic_veneer>:
20000ba0:	b401      	push	{r0}
20000ba2:	4802      	ldr	r0, [pc, #8]	; (20000bac <__panic_veneer+0xc>)
20000ba4:	4684      	mov	ip, r0
20000ba6:	bc01      	pop	{r0}
20000ba8:	4760      	bx	ip
20000baa:	bf00      	nop
20000bac:	10002661 	.word	0x10002661

20000bb0 <striped_spin_lock_num>:
20000bb0:	00000010                                ....

20000bb4 <irq_handler_chain_slots>:
20000bb4:	00000000 	.word	0x00000000
20000bb8:	00010000 	.word	0x00010000
	...
20000bc4:	00020000 	.word	0x00020000
	...
20000bd0:	00030000 	.word	0x00030000
	...
20000bdc:	00ff0000 	.word	0x00ff0000
20000be0:	00000000 	.word	0x00000000

20000be4 <irq_handler_chain_first_slot>:
20000be4:	b501      	push	{r0, lr}
20000be6:	6848      	ldr	r0, [r1, #4]
20000be8:	3101      	adds	r1, #1
20000bea:	468e      	mov	lr, r1
20000bec:	4700      	bx	r0

20000bee <irq_handler_chain_remove_tail>:
20000bee:	4670      	mov	r0, lr
20000bf0:	3809      	subs	r0, #9
20000bf2:	4901      	ldr	r1, [pc, #4]	; (20000bf8 <irq_handler_chain_remove_tail+0xa>)
20000bf4:	4788      	blx	r1
20000bf6:	bd01      	pop	{r0, pc}
20000bf8:	10000b15 	.word	0x10000b15

20000bfc <default_alarm_pool>:
20000bfc:	20000c14 00000000 20000cd0 2000138c     ... ....... ... 
	...

20000c14 <default_alarm_pool_heap>:
20000c14:	2000139c 00000000 00000000 00000010     ... ............
	...

20000c30 <aeabi_bits_funcs>:
20000c30:	00003350 	.word	0x00003350
20000c34:	0000334c 	.word	0x0000334c
20000c38:	00003354 	.word	0x00003354
20000c3c:	00003352 	.word	0x00003352

20000c40 <aeabi_bits_funcs_end>:
20000c40:	0000534d 	.word	0x0000534d
20000c44:	0000434d 	.word	0x0000434d
20000c48:	00003453 	.word	0x00003453
20000c4c:	00003443 	.word	0x00003443

20000c50 <stdio_uart>:
20000c50:	10004371 00000000 100043e5 1000448d     qC.......C...D..
20000c60:	00000000 00000100                       ........

20000c68 <stdio_usb>:
20000c68:	100049dd 00000000 10004919 10004675     .I.......I..uF..
20000c78:	00000000 00000100                       ........

20000c80 <ep_dir_string>:
20000c80:	10008168 10008148                       h...H...

20000c88 <_usbd_qdef>:
20000c88:	20001178 000c0010 00000000 00000000     x.. ............
	...

20000ca4 <_usbd_rhport>:
20000ca4:	000000ff                                ....

20000ca8 <malloc_mutex>:
	...

20000cb0 <print_mutex>:
	...

20000cb8 <__mutex_array_end>:
20000cb8:	1000407d 	.word	0x1000407d
20000cbc:	100037d1 	.word	0x100037d1
20000cc0:	10003eb5 	.word	0x10003eb5
20000cc4:	10003ff5 	.word	0x10003ff5

20000cc8 <__frame_dummy_init_array_entry>:
20000cc8:	100002e5 10004b6d                       ....mK..
