
C:/Users/thisi/Documents/Pico-v1.5.1/build/pio/spi/pio_spi_loopback.elf:     file format elf32-littlearm

Sections:
Idx Name          Size      VMA       LMA       File off  Algn
  0 .boot2        00000100  10000000  10000000  00001000  2**0
                  CONTENTS, ALLOC, LOAD, READONLY, CODE
  1 .text         000046f8  10000100  10000100  00001100  2**3
                  CONTENTS, ALLOC, LOAD, READONLY, CODE
  2 .rodata       00001208  100047f8  100047f8  000057f8  2**3
                  CONTENTS, ALLOC, LOAD, READONLY, DATA
  3 .binary_info  00000028  10005a00  10005a00  00006a00  2**2
                  CONTENTS, ALLOC, LOAD, READONLY, DATA
  4 .ram_vector_table 000000c0  20000000  20000000  00008000  2**2
                  ALLOC
  5 .data         000006e4  200000c0  10005a28  000070c0  2**4
                  CONTENTS, ALLOC, LOAD, READONLY, CODE
  6 .uninitialized_data 00000000  200007a4  200007a4  000077a4  2**0
                  CONTENTS
  7 .scratch_x    00000000  20040000  20040000  000077a4  2**0
                  CONTENTS
  8 .scratch_y    00000000  20041000  20041000  000077a4  2**0
                  CONTENTS
  9 .bss          00000408  200007a8  200007a8  00008000  2**3
                  ALLOC
 10 .heap         00000800  20000bb0  20000bb0  000077a4  2**2
                  CONTENTS, READONLY
 11 .stack_dummy  00000800  20041000  20041000  00007fc0  2**5
                  CONTENTS, READONLY
 12 .ARM.attributes 00000028  00000000  00000000  000087c0  2**0
                  CONTENTS, READONLY
 13 .comment      00000049  00000000  00000000  000087e8  2**0
                  CONTENTS, READONLY
 14 .debug_info   00019708  00000000  00000000  00008831  2**0
                  CONTENTS, READONLY, DEBUGGING, OCTETS
 15 .debug_abbrev 00004add  00000000  00000000  00021f39  2**0
                  CONTENTS, READONLY, DEBUGGING, OCTETS
 16 .debug_loc    0001148f  00000000  00000000  00026a16  2**0
                  CONTENTS, READONLY, DEBUGGING, OCTETS
 17 .debug_aranges 00000e80  00000000  00000000  00037ea8  2**3
                  CONTENTS, READONLY, DEBUGGING, OCTETS
 18 .debug_ranges 00003988  00000000  00000000  00038d28  2**3
                  CONTENTS, READONLY, DEBUGGING, OCTETS
 19 .debug_line   00010bba  00000000  00000000  0003c6b0  2**0
                  CONTENTS, READONLY, DEBUGGING, OCTETS
 20 .debug_str    000046d0  00000000  00000000  0004d26a  2**0
                  CONTENTS, READONLY, DEBUGGING, OCTETS
 21 .debug_frame  00001c5c  00000000  00000000  0005193c  2**2
                  CONTENTS, READONLY, DEBUGGING, OCTETS

C:/Users/thisi/Documents/Pico-v1.5.1/build/pio/spi/pio_spi_loopback.elf:     file format elf32-littlearm


Disassembly of section .boot2:

10000000 <__boot2_start__>:
10000000:	4b32b500 	.word	0x4b32b500
10000004:	60582021 	.word	0x60582021
10000008:	21026898 	.word	0x21026898
1000000c:	60984388 	.word	0x60984388
10000010:	611860d8 	.word	0x611860d8
10000014:	4b2e6158 	.word	0x4b2e6158
10000018:	60992100 	.word	0x60992100
1000001c:	61592102 	.word	0x61592102
10000020:	22f02101 	.word	0x22f02101
10000024:	492b5099 	.word	0x492b5099
10000028:	21016019 	.word	0x21016019
1000002c:	20356099 	.word	0x20356099
10000030:	f844f000 	.word	0xf844f000
10000034:	42902202 	.word	0x42902202
10000038:	2106d014 	.word	0x2106d014
1000003c:	f0006619 	.word	0xf0006619
10000040:	6e19f834 	.word	0x6e19f834
10000044:	66192101 	.word	0x66192101
10000048:	66182000 	.word	0x66182000
1000004c:	f000661a 	.word	0xf000661a
10000050:	6e19f82c 	.word	0x6e19f82c
10000054:	6e196e19 	.word	0x6e196e19
10000058:	f0002005 	.word	0xf0002005
1000005c:	2101f82f 	.word	0x2101f82f
10000060:	d1f94208 	.word	0xd1f94208
10000064:	60992100 	.word	0x60992100
10000068:	6019491b 	.word	0x6019491b
1000006c:	60592100 	.word	0x60592100
10000070:	481b491a 	.word	0x481b491a
10000074:	21016001 	.word	0x21016001
10000078:	21eb6099 	.word	0x21eb6099
1000007c:	21a06619 	.word	0x21a06619
10000080:	f0006619 	.word	0xf0006619
10000084:	2100f812 	.word	0x2100f812
10000088:	49166099 	.word	0x49166099
1000008c:	60014814 	.word	0x60014814
10000090:	60992101 	.word	0x60992101
10000094:	2800bc01 	.word	0x2800bc01
10000098:	4700d000 	.word	0x4700d000
1000009c:	49134812 	.word	0x49134812
100000a0:	c8036008 	.word	0xc8036008
100000a4:	8808f380 	.word	0x8808f380
100000a8:	b5034708 	.word	0xb5034708
100000ac:	20046a99 	.word	0x20046a99
100000b0:	d0fb4201 	.word	0xd0fb4201
100000b4:	42012001 	.word	0x42012001
100000b8:	bd03d1f8 	.word	0xbd03d1f8
100000bc:	6618b502 	.word	0x6618b502
100000c0:	f7ff6618 	.word	0xf7ff6618
100000c4:	6e18fff2 	.word	0x6e18fff2
100000c8:	bd026e18 	.word	0xbd026e18
100000cc:	40020000 	.word	0x40020000
100000d0:	18000000 	.word	0x18000000
100000d4:	00070000 	.word	0x00070000
100000d8:	005f0300 	.word	0x005f0300
100000dc:	00002221 	.word	0x00002221
100000e0:	180000f4 	.word	0x180000f4
100000e4:	a0002022 	.word	0xa0002022
100000e8:	10000100 	.word	0x10000100
100000ec:	e000ed08 	.word	0xe000ed08
	...
100000fc:	7a4eb274 	.word	0x7a4eb274

Disassembly of section .text:

10000100 <__VECTOR_TABLE>:
10000100:	20042000 	.word	0x20042000
10000104:	100001f7 	.word	0x100001f7
10000108:	100001c3 	.word	0x100001c3
1000010c:	100001c5 	.word	0x100001c5
10000110:	100001c1 	.word	0x100001c1
10000114:	100001c1 	.word	0x100001c1
10000118:	100001c1 	.word	0x100001c1
1000011c:	100001c1 	.word	0x100001c1
10000120:	100001c1 	.word	0x100001c1
10000124:	100001c1 	.word	0x100001c1
10000128:	100001c1 	.word	0x100001c1
1000012c:	100001c7 	.word	0x100001c7
10000130:	100001c1 	.word	0x100001c1
10000134:	100001c1 	.word	0x100001c1
10000138:	100001c9 	.word	0x100001c9
1000013c:	100001cb 	.word	0x100001cb
10000140:	100001cd 	.word	0x100001cd
10000144:	100001cd 	.word	0x100001cd
10000148:	100001cd 	.word	0x100001cd
1000014c:	100001cd 	.word	0x100001cd
10000150:	100001cd 	.word	0x100001cd
10000154:	100001cd 	.word	0x100001cd
10000158:	100001cd 	.word	0x100001cd
1000015c:	100001cd 	.word	0x100001cd
10000160:	100001cd 	.word	0x100001cd
10000164:	100001cd 	.word	0x100001cd
10000168:	100001cd 	.word	0x100001cd
1000016c:	100001cd 	.word	0x100001cd
10000170:	100001cd 	.word	0x100001cd
10000174:	100001cd 	.word	0x100001cd
10000178:	100001cd 	.word	0x100001cd
1000017c:	100001cd 	.word	0x100001cd
10000180:	100001cd 	.word	0x100001cd
10000184:	100001cd 	.word	0x100001cd
10000188:	100001cd 	.word	0x100001cd
1000018c:	100001cd 	.word	0x100001cd
10000190:	100001cd 	.word	0x100001cd
10000194:	100001cd 	.word	0x100001cd
10000198:	100001cd 	.word	0x100001cd
1000019c:	100001cd 	.word	0x100001cd
100001a0:	100001cd 	.word	0x100001cd
100001a4:	100001cd 	.word	0x100001cd
100001a8:	100001cd 	.word	0x100001cd
100001ac:	100001cd 	.word	0x100001cd
100001b0:	100001cd 	.word	0x100001cd
100001b4:	100001cd 	.word	0x100001cd
100001b8:	100001cd 	.word	0x100001cd
100001bc:	100001cd 	.word	0x100001cd

100001c0 <isr_invalid>:
100001c0:	be00      	bkpt	0x0000

100001c2 <isr_nmi>:
100001c2:	be00      	bkpt	0x0000

100001c4 <isr_hardfault>:
100001c4:	be00      	bkpt	0x0000

100001c6 <isr_svcall>:
100001c6:	be00      	bkpt	0x0000

100001c8 <isr_pendsv>:
100001c8:	be00      	bkpt	0x0000

100001ca <isr_systick>:
100001ca:	be00      	bkpt	0x0000

100001cc <__unhandled_user_irq>:
100001cc:	f3ef 8005 	mrs	r0, IPSR
100001d0:	3810      	subs	r0, #16

100001d2 <unhandled_user_irq_num_in_r0>:
100001d2:	be00      	bkpt	0x0000

100001d4 <binary_info_header>:
100001d4:	7188ebf2 	.word	0x7188ebf2
100001d8:	10005a00 	.word	0x10005a00
100001dc:	10005a28 	.word	0x10005a28
100001e0:	10000234 	.word	0x10000234
100001e4:	e71aa390 	.word	0xe71aa390

100001e8 <_entry_point>:
100001e8:	2000      	movs	r0, #0
100001ea:	491f      	ldr	r1, [pc, #124]	; (10000268 <hold_non_core0_in_bootrom+0xa>)
100001ec:	6008      	str	r0, [r1, #0]
100001ee:	c806      	ldmia	r0!, {r1, r2}
100001f0:	f381 8808 	msr	MSP, r1
100001f4:	4710      	bx	r2

100001f6 <_reset_handler>:
100001f6:	481d      	ldr	r0, [pc, #116]	; (1000026c <hold_non_core0_in_bootrom+0xe>)
100001f8:	6800      	ldr	r0, [r0, #0]
100001fa:	2800      	cmp	r0, #0
100001fc:	d12f      	bne.n	1000025e <hold_non_core0_in_bootrom>
100001fe:	a40d      	add	r4, pc, #52	; (adr r4, 10000234 <data_cpy_table>)
10000200:	cc0e      	ldmia	r4!, {r1, r2, r3}
10000202:	2900      	cmp	r1, #0
10000204:	d002      	beq.n	1000020c <_reset_handler+0x16>
10000206:	f000 f812 	bl	1000022e <data_cpy>
1000020a:	e7f9      	b.n	10000200 <_reset_handler+0xa>
1000020c:	4918      	ldr	r1, [pc, #96]	; (10000270 <hold_non_core0_in_bootrom+0x12>)
1000020e:	4a19      	ldr	r2, [pc, #100]	; (10000274 <hold_non_core0_in_bootrom+0x16>)
10000210:	2000      	movs	r0, #0
10000212:	e000      	b.n	10000216 <bss_fill_test>

10000214 <bss_fill_loop>:
10000214:	c101      	stmia	r1!, {r0}

10000216 <bss_fill_test>:
10000216:	4291      	cmp	r1, r2
10000218:	d1fc      	bne.n	10000214 <bss_fill_loop>

1000021a <platform_entry>:
1000021a:	4917      	ldr	r1, [pc, #92]	; (10000278 <hold_non_core0_in_bootrom+0x1a>)
1000021c:	4788      	blx	r1
1000021e:	4917      	ldr	r1, [pc, #92]	; (1000027c <hold_non_core0_in_bootrom+0x1e>)
10000220:	4788      	blx	r1
10000222:	4917      	ldr	r1, [pc, #92]	; (10000280 <hold_non_core0_in_bootrom+0x22>)
10000224:	4788      	blx	r1
10000226:	be00      	bkpt	0x0000
10000228:	e7fd      	b.n	10000226 <platform_entry+0xc>

1000022a <data_cpy_loop>:
1000022a:	c901      	ldmia	r1!, {r0}
1000022c:	c201      	stmia	r2!, {r0}

1000022e <data_cpy>:
1000022e:	429a      	cmp	r2, r3
10000230:	d3fb      	bcc.n	1000022a <data_cpy_loop>
10000232:	4770      	bx	lr

10000234 <data_cpy_table>:
10000234:	10005a28 	.word	0x10005a28
10000238:	200000c0 	.word	0x200000c0
1000023c:	200007a4 	.word	0x200007a4
10000240:	1000610c 	.word	0x1000610c
10000244:	20040000 	.word	0x20040000
10000248:	20040000 	.word	0x20040000
1000024c:	1000610c 	.word	0x1000610c
10000250:	20041000 	.word	0x20041000
10000254:	20041000 	.word	0x20041000
10000258:	00000000 	.word	0x00000000
1000025c:	4770      	bx	lr

1000025e <hold_non_core0_in_bootrom>:
1000025e:	4809      	ldr	r0, [pc, #36]	; (10000284 <hold_non_core0_in_bootrom+0x26>)
10000260:	f003 f9b6 	bl	100035d0 <rom_func_lookup>
10000264:	4700      	bx	r0
10000266:	0000      	.short	0x0000
10000268:	e000ed08 	.word	0xe000ed08
1000026c:	d0000000 	.word	0xd0000000
10000270:	200007a8 	.word	0x200007a8
10000274:	20000bb0 	.word	0x20000bb0
10000278:	1000234d 	.word	0x1000234d
1000027c:	100003a9 	.word	0x100003a9
10000280:	10002309 	.word	0x10002309
10000284:	00005657 	.word	0x00005657

10000288 <__bi_50>:
10000288:	50520006 5360b3ab 10005888              ..RP..`S.X..

10000294 <__bi_38>:
10000294:	50520006 02031c86 10005898              ..RP.....X..

100002a0 <__bi_30>:
100002a0:	50520006 9da22254 100058ac              ..RPT"...X..

100002ac <__bi_22>:
100002ac:	50520005 68f465de 1000610c              ..RP.e.h.a..

100002b8 <_init>:
100002b8:	b5f8      	push	{r3, r4, r5, r6, r7, lr}
100002ba:	46c0      	nop			; (mov r8, r8)

100002bc <__do_global_dtors_aux>:
100002bc:	b510      	push	{r4, lr}
100002be:	4c06      	ldr	r4, [pc, #24]	; (100002d8 <__do_global_dtors_aux+0x1c>)
100002c0:	7823      	ldrb	r3, [r4, #0]
100002c2:	2b00      	cmp	r3, #0
100002c4:	d107      	bne.n	100002d6 <__do_global_dtors_aux+0x1a>
100002c6:	4b05      	ldr	r3, [pc, #20]	; (100002dc <__do_global_dtors_aux+0x20>)
100002c8:	2b00      	cmp	r3, #0
100002ca:	d002      	beq.n	100002d2 <__do_global_dtors_aux+0x16>
100002cc:	4804      	ldr	r0, [pc, #16]	; (100002e0 <__do_global_dtors_aux+0x24>)
100002ce:	e000      	b.n	100002d2 <__do_global_dtors_aux+0x16>
100002d0:	bf00      	nop
100002d2:	2301      	movs	r3, #1
100002d4:	7023      	strb	r3, [r4, #0]
100002d6:	bd10      	pop	{r4, pc}
100002d8:	200008a8 	.word	0x200008a8
100002dc:	00000000 	.word	0x00000000
100002e0:	100047f8 	.word	0x100047f8

100002e4 <frame_dummy>:
100002e4:	4b04      	ldr	r3, [pc, #16]	; (100002f8 <frame_dummy+0x14>)
100002e6:	b510      	push	{r4, lr}
100002e8:	2b00      	cmp	r3, #0
100002ea:	d003      	beq.n	100002f4 <frame_dummy+0x10>
100002ec:	4903      	ldr	r1, [pc, #12]	; (100002fc <frame_dummy+0x18>)
100002ee:	4804      	ldr	r0, [pc, #16]	; (10000300 <frame_dummy+0x1c>)
100002f0:	e000      	b.n	100002f4 <frame_dummy+0x10>
100002f2:	bf00      	nop
100002f4:	bd10      	pop	{r4, pc}
100002f6:	46c0      	nop			; (mov r8, r8)
100002f8:	00000000 	.word	0x00000000
100002fc:	200008ac 	.word	0x200008ac
10000300:	100047f8 	.word	0x100047f8

10000304 <test>:
10000304:	b570      	push	{r4, r5, r6, lr}
10000306:	0005      	movs	r5, r0
10000308:	4820      	ldr	r0, [pc, #128]	; (1000038c <test+0x88>)
1000030a:	f003 ff23 	bl	10004154 <__wrap_printf>
1000030e:	2400      	movs	r4, #0
10000310:	e00c      	b.n	1000032c <test+0x28>
10000312:	f004 f9fd 	bl	10004710 <rand>
10000316:	1401      	asrs	r1, r0, #16
10000318:	b2c9      	uxtb	r1, r1
1000031a:	4b1d      	ldr	r3, [pc, #116]	; (10000390 <test+0x8c>)
1000031c:	5519      	strb	r1, [r3, r4]
1000031e:	4b1d      	ldr	r3, [pc, #116]	; (10000394 <test+0x90>)
10000320:	2200      	movs	r2, #0
10000322:	551a      	strb	r2, [r3, r4]
10000324:	481c      	ldr	r0, [pc, #112]	; (10000398 <test+0x94>)
10000326:	f003 ff15 	bl	10004154 <__wrap_printf>
1000032a:	3401      	adds	r4, #1
1000032c:	2c13      	cmp	r4, #19
1000032e:	ddf0      	ble.n	10000312 <test+0xe>
10000330:	200a      	movs	r0, #10
10000332:	f003 feab 	bl	1000408c <__wrap_putchar>
10000336:	2314      	movs	r3, #20
10000338:	4a16      	ldr	r2, [pc, #88]	; (10000394 <test+0x90>)
1000033a:	4915      	ldr	r1, [pc, #84]	; (10000390 <test+0x8c>)
1000033c:	0028      	movs	r0, r5
1000033e:	f004 fa4b 	bl	100047d8 <__pio_spi_write8_read8_blocking_veneer>
10000342:	4816      	ldr	r0, [pc, #88]	; (1000039c <test+0x98>)
10000344:	f003 ff06 	bl	10004154 <__wrap_printf>
10000348:	2400      	movs	r4, #0
1000034a:	2500      	movs	r5, #0
1000034c:	e001      	b.n	10000352 <test+0x4e>
1000034e:	2501      	movs	r5, #1
10000350:	3401      	adds	r4, #1
10000352:	2c13      	cmp	r4, #19
10000354:	dc10      	bgt.n	10000378 <test+0x74>
10000356:	4b0f      	ldr	r3, [pc, #60]	; (10000394 <test+0x90>)
10000358:	5d19      	ldrb	r1, [r3, r4]
1000035a:	480f      	ldr	r0, [pc, #60]	; (10000398 <test+0x94>)
1000035c:	f003 fefa 	bl	10004154 <__wrap_printf>
10000360:	2d00      	cmp	r5, #0
10000362:	d1f4      	bne.n	1000034e <test+0x4a>
10000364:	4b0b      	ldr	r3, [pc, #44]	; (10000394 <test+0x90>)
10000366:	5d1a      	ldrb	r2, [r3, r4]
10000368:	4b09      	ldr	r3, [pc, #36]	; (10000390 <test+0x8c>)
1000036a:	5d1b      	ldrb	r3, [r3, r4]
1000036c:	429a      	cmp	r2, r3
1000036e:	d001      	beq.n	10000374 <test+0x70>
10000370:	3501      	adds	r5, #1
10000372:	e7ed      	b.n	10000350 <test+0x4c>
10000374:	2500      	movs	r5, #0
10000376:	e7eb      	b.n	10000350 <test+0x4c>
10000378:	2d00      	cmp	r5, #0
1000037a:	d003      	beq.n	10000384 <test+0x80>
1000037c:	4808      	ldr	r0, [pc, #32]	; (100003a0 <test+0x9c>)
1000037e:	f003 feb9 	bl	100040f4 <__wrap_puts>
10000382:	bd70      	pop	{r4, r5, r6, pc}
10000384:	4807      	ldr	r0, [pc, #28]	; (100003a4 <test+0xa0>)
10000386:	f003 feb5 	bl	100040f4 <__wrap_puts>
1000038a:	e7fa      	b.n	10000382 <test+0x7e>
1000038c:	100047f8 	.word	0x100047f8
10000390:	20000b90 	.word	0x20000b90
10000394:	20000964 	.word	0x20000964
10000398:	100047fc 	.word	0x100047fc
1000039c:	10004804 	.word	0x10004804
100003a0:	10004808 	.word	0x10004808
100003a4:	10004810 	.word	0x10004810

100003a8 <main>:
100003a8:	b5f0      	push	{r4, r5, r6, r7, lr}
100003aa:	46de      	mov	lr, fp
100003ac:	4657      	mov	r7, sl
100003ae:	464e      	mov	r6, r9
100003b0:	4645      	mov	r5, r8
100003b2:	b5e0      	push	{r5, r6, r7, lr}
100003b4:	b091      	sub	sp, #68	; 0x44
100003b6:	f003 fed9 	bl	1000416c <stdio_init_all>
100003ba:	220c      	movs	r2, #12
100003bc:	2100      	movs	r1, #0
100003be:	a80d      	add	r0, sp, #52	; 0x34
100003c0:	f003 fd5c 	bl	10003e7c <__wrap_memset>
100003c4:	4887      	ldr	r0, [pc, #540]	; (100005e4 <main+0x23c>)
100003c6:	900d      	str	r0, [sp, #52]	; 0x34
100003c8:	4987      	ldr	r1, [pc, #540]	; (100005e8 <main+0x240>)
100003ca:	f004 f877 	bl	100044bc <pio_add_program>
100003ce:	9003      	str	r0, [sp, #12]
100003d0:	4986      	ldr	r1, [pc, #536]	; (100005ec <main+0x244>)
100003d2:	980d      	ldr	r0, [sp, #52]	; 0x34
100003d4:	f004 f872 	bl	100044bc <pio_add_program>
100003d8:	9002      	str	r0, [sp, #8]
100003da:	2700      	movs	r7, #0
100003dc:	e0f5      	b.n	100005ca <main+0x222>
100003de:	9b03      	ldr	r3, [sp, #12]
100003e0:	4698      	mov	r8, r3
100003e2:	e0ab      	b.n	1000053c <main+0x194>
100003e4:	ab09      	add	r3, sp, #36	; 0x24
100003e6:	469a      	mov	sl, r3
100003e8:	2210      	movs	r2, #16
100003ea:	2100      	movs	r1, #0
100003ec:	0018      	movs	r0, r3
100003ee:	f003 fd45 	bl	10003e7c <__wrap_memset>
100003f2:	2380      	movs	r3, #128	; 0x80
100003f4:	025b      	lsls	r3, r3, #9
100003f6:	9309      	str	r3, [sp, #36]	; 0x24
100003f8:	23f8      	movs	r3, #248	; 0xf8
100003fa:	025b      	lsls	r3, r3, #9
100003fc:	4652      	mov	r2, sl
100003fe:	6053      	str	r3, [r2, #4]
10000400:	2380      	movs	r3, #128	; 0x80
10000402:	02db      	lsls	r3, r3, #11
10000404:	6093      	str	r3, [r2, #8]
10000406:	23c0      	movs	r3, #192	; 0xc0
10000408:	031b      	lsls	r3, r3, #12
1000040a:	6093      	str	r3, [r2, #8]
1000040c:	ab05      	add	r3, sp, #20
1000040e:	001a      	movs	r2, r3
10000410:	4650      	mov	r0, sl
10000412:	c88a      	ldmia	r0!, {r1, r3, r7}
10000414:	c28a      	stmia	r2!, {r1, r3, r7}
10000416:	9001      	str	r0, [sp, #4]
10000418:	6801      	ldr	r1, [r0, #0]
1000041a:	6011      	str	r1, [r2, #0]
1000041c:	4642      	mov	r2, r8
1000041e:	1c51      	adds	r1, r2, #1
10000420:	4a73      	ldr	r2, [pc, #460]	; (100005f0 <main+0x248>)
10000422:	9f06      	ldr	r7, [sp, #24]
10000424:	403a      	ands	r2, r7
10000426:	4647      	mov	r7, r8
10000428:	01ff      	lsls	r7, r7, #7
1000042a:	4317      	orrs	r7, r2
1000042c:	030a      	lsls	r2, r1, #12
1000042e:	433a      	orrs	r2, r7
10000430:	9206      	str	r2, [sp, #24]
10000432:	9908      	ldr	r1, [sp, #32]
10000434:	00c9      	lsls	r1, r1, #3
10000436:	08c9      	lsrs	r1, r1, #3
10000438:	2780      	movs	r7, #128	; 0x80
1000043a:	05bf      	lsls	r7, r7, #22
1000043c:	4339      	orrs	r1, r7
1000043e:	9108      	str	r1, [sp, #32]
10000440:	496c      	ldr	r1, [pc, #432]	; (100005f4 <main+0x24c>)
10000442:	400a      	ands	r2, r1
10000444:	9206      	str	r2, [sp, #24]
10000446:	4652      	mov	r2, sl
10000448:	ab05      	add	r3, sp, #20
1000044a:	cb83      	ldmia	r3!, {r0, r1, r7}
1000044c:	c283      	stmia	r2!, {r0, r1, r7}
1000044e:	681b      	ldr	r3, [r3, #0]
10000450:	9a01      	ldr	r2, [sp, #4]
10000452:	6013      	str	r3, [r2, #0]
10000454:	9b0c      	ldr	r3, [sp, #48]	; 0x30
10000456:	9301      	str	r3, [sp, #4]
10000458:	4b67      	ldr	r3, [pc, #412]	; (100005f8 <main+0x250>)
1000045a:	9a01      	ldr	r2, [sp, #4]
1000045c:	4013      	ands	r3, r2
1000045e:	2210      	movs	r2, #16
10000460:	431a      	orrs	r2, r3
10000462:	2380      	movs	r3, #128	; 0x80
10000464:	035b      	lsls	r3, r3, #13
10000466:	4313      	orrs	r3, r2
10000468:	930c      	str	r3, [sp, #48]	; 0x30
1000046a:	4a64      	ldr	r2, [pc, #400]	; (100005fc <main+0x254>)
1000046c:	401a      	ands	r2, r3
1000046e:	2380      	movs	r3, #128	; 0x80
10000470:	031b      	lsls	r3, r3, #12
10000472:	4313      	orrs	r3, r2
10000474:	930c      	str	r3, [sp, #48]	; 0x30
10000476:	4a62      	ldr	r2, [pc, #392]	; (10000600 <main+0x258>)
10000478:	4013      	ands	r3, r2
1000047a:	2290      	movs	r2, #144	; 0x90
1000047c:	01d2      	lsls	r2, r2, #7
1000047e:	4313      	orrs	r3, r2
10000480:	930c      	str	r3, [sp, #48]	; 0x30
10000482:	9b0b      	ldr	r3, [sp, #44]	; 0x2c
10000484:	9301      	str	r3, [sp, #4]
10000486:	4a5f      	ldr	r2, [pc, #380]	; (10000604 <main+0x25c>)
10000488:	401a      	ands	r2, r3
1000048a:	4b5f      	ldr	r3, [pc, #380]	; (10000608 <main+0x260>)
1000048c:	4313      	orrs	r3, r2
1000048e:	930b      	str	r3, [sp, #44]	; 0x2c
10000490:	4a5e      	ldr	r2, [pc, #376]	; (1000060c <main+0x264>)
10000492:	4013      	ands	r3, r2
10000494:	2281      	movs	r2, #129	; 0x81
10000496:	0412      	lsls	r2, r2, #16
10000498:	4313      	orrs	r3, r2
1000049a:	930b      	str	r3, [sp, #44]	; 0x2c
1000049c:	23fa      	movs	r3, #250	; 0xfa
1000049e:	035b      	lsls	r3, r3, #13
100004a0:	9309      	str	r3, [sp, #36]	; 0x24
100004a2:	23a0      	movs	r3, #160	; 0xa0
100004a4:	02db      	lsls	r3, r3, #11
100004a6:	469a      	mov	sl, r3
100004a8:	2200      	movs	r2, #0
100004aa:	0031      	movs	r1, r6
100004ac:	0020      	movs	r0, r4
100004ae:	f004 f821 	bl	100044f4 <pio_sm_set_pins_with_mask>
100004b2:	4653      	mov	r3, sl
100004b4:	4652      	mov	r2, sl
100004b6:	0031      	movs	r1, r6
100004b8:	0020      	movs	r0, r4
100004ba:	f004 f869 	bl	10004590 <pio_sm_set_pindirs_with_mask>
100004be:	4b49      	ldr	r3, [pc, #292]	; (100005e4 <main+0x23c>)
100004c0:	429c      	cmp	r4, r3
100004c2:	d07d      	beq.n	100005c0 <main+0x218>
100004c4:	2307      	movs	r3, #7
100004c6:	469a      	mov	sl, r3
100004c8:	4651      	mov	r1, sl
100004ca:	2010      	movs	r0, #16
100004cc:	f000 f8a2 	bl	10000614 <gpio_set_function>
100004d0:	4651      	mov	r1, sl
100004d2:	2010      	movs	r0, #16
100004d4:	f000 f89e 	bl	10000614 <gpio_set_function>
100004d8:	4651      	mov	r1, sl
100004da:	2012      	movs	r0, #18
100004dc:	f000 f89a 	bl	10000614 <gpio_set_function>
100004e0:	4649      	mov	r1, r9
100004e2:	2012      	movs	r0, #18
100004e4:	f000 f8ae 	bl	10000644 <gpio_set_outover>
100004e8:	0022      	movs	r2, r4
100004ea:	3238      	adds	r2, #56	; 0x38
100004ec:	2380      	movs	r3, #128	; 0x80
100004ee:	019b      	lsls	r3, r3, #6
100004f0:	4313      	orrs	r3, r2
100004f2:	2280      	movs	r2, #128	; 0x80
100004f4:	0252      	lsls	r2, r2, #9
100004f6:	601a      	str	r2, [r3, #0]
100004f8:	ab09      	add	r3, sp, #36	; 0x24
100004fa:	4642      	mov	r2, r8
100004fc:	0031      	movs	r1, r6
100004fe:	0020      	movs	r0, r4
10000500:	f004 f894 	bl	1000462c <pio_sm_init>
10000504:	6822      	ldr	r2, [r4, #0]
10000506:	2301      	movs	r3, #1
10000508:	40b3      	lsls	r3, r6
1000050a:	439a      	bics	r2, r3
1000050c:	4313      	orrs	r3, r2
1000050e:	6023      	str	r3, [r4, #0]
10000510:	a80d      	add	r0, sp, #52	; 0x34
10000512:	f7ff fef7 	bl	10000304 <test>
10000516:	200a      	movs	r0, #10
10000518:	f001 f87c 	bl	10001614 <sleep_ms>
1000051c:	3501      	adds	r5, #1
1000051e:	2d01      	cmp	r5, #1
10000520:	dc51      	bgt.n	100005c6 <main+0x21e>
10000522:	002a      	movs	r2, r5
10000524:	9f00      	ldr	r7, [sp, #0]
10000526:	0039      	movs	r1, r7
10000528:	4839      	ldr	r0, [pc, #228]	; (10000610 <main+0x268>)
1000052a:	f003 fe13 	bl	10004154 <__wrap_printf>
1000052e:	9c0d      	ldr	r4, [sp, #52]	; 0x34
10000530:	9e0e      	ldr	r6, [sp, #56]	; 0x38
10000532:	2f00      	cmp	r7, #0
10000534:	d100      	bne.n	10000538 <main+0x190>
10000536:	e752      	b.n	100003de <main+0x36>
10000538:	9b02      	ldr	r3, [sp, #8]
1000053a:	4698      	mov	r8, r3
1000053c:	002b      	movs	r3, r5
1000053e:	1e5a      	subs	r2, r3, #1
10000540:	4193      	sbcs	r3, r2
10000542:	b2db      	uxtb	r3, r3
10000544:	4699      	mov	r9, r3
10000546:	9b00      	ldr	r3, [sp, #0]
10000548:	2b00      	cmp	r3, #0
1000054a:	d100      	bne.n	1000054e <main+0x1a6>
1000054c:	e74a      	b.n	100003e4 <main+0x3c>
1000054e:	ab09      	add	r3, sp, #36	; 0x24
10000550:	469a      	mov	sl, r3
10000552:	2210      	movs	r2, #16
10000554:	2100      	movs	r1, #0
10000556:	0018      	movs	r0, r3
10000558:	f003 fc90 	bl	10003e7c <__wrap_memset>
1000055c:	2380      	movs	r3, #128	; 0x80
1000055e:	025b      	lsls	r3, r3, #9
10000560:	9309      	str	r3, [sp, #36]	; 0x24
10000562:	23f8      	movs	r3, #248	; 0xf8
10000564:	025b      	lsls	r3, r3, #9
10000566:	4652      	mov	r2, sl
10000568:	6053      	str	r3, [r2, #4]
1000056a:	2380      	movs	r3, #128	; 0x80
1000056c:	02db      	lsls	r3, r3, #11
1000056e:	6093      	str	r3, [r2, #8]
10000570:	23c0      	movs	r3, #192	; 0xc0
10000572:	031b      	lsls	r3, r3, #12
10000574:	6093      	str	r3, [r2, #8]
10000576:	ab05      	add	r3, sp, #20
10000578:	001a      	movs	r2, r3
1000057a:	4650      	mov	r0, sl
1000057c:	c88a      	ldmia	r0!, {r1, r3, r7}
1000057e:	c28a      	stmia	r2!, {r1, r3, r7}
10000580:	9001      	str	r0, [sp, #4]
10000582:	6801      	ldr	r1, [r0, #0]
10000584:	6011      	str	r1, [r2, #0]
10000586:	4642      	mov	r2, r8
10000588:	1c91      	adds	r1, r2, #2
1000058a:	4a19      	ldr	r2, [pc, #100]	; (100005f0 <main+0x248>)
1000058c:	9f06      	ldr	r7, [sp, #24]
1000058e:	403a      	ands	r2, r7
10000590:	4647      	mov	r7, r8
10000592:	01ff      	lsls	r7, r7, #7
10000594:	4317      	orrs	r7, r2
10000596:	030a      	lsls	r2, r1, #12
10000598:	433a      	orrs	r2, r7
1000059a:	9206      	str	r2, [sp, #24]
1000059c:	9908      	ldr	r1, [sp, #32]
1000059e:	00c9      	lsls	r1, r1, #3
100005a0:	08c9      	lsrs	r1, r1, #3
100005a2:	2780      	movs	r7, #128	; 0x80
100005a4:	05bf      	lsls	r7, r7, #22
100005a6:	4339      	orrs	r1, r7
100005a8:	9108      	str	r1, [sp, #32]
100005aa:	4912      	ldr	r1, [pc, #72]	; (100005f4 <main+0x24c>)
100005ac:	400a      	ands	r2, r1
100005ae:	9206      	str	r2, [sp, #24]
100005b0:	4652      	mov	r2, sl
100005b2:	ab05      	add	r3, sp, #20
100005b4:	cb83      	ldmia	r3!, {r0, r1, r7}
100005b6:	c283      	stmia	r2!, {r0, r1, r7}
100005b8:	681b      	ldr	r3, [r3, #0]
100005ba:	9a01      	ldr	r2, [sp, #4]
100005bc:	6013      	str	r3, [r2, #0]
100005be:	e749      	b.n	10000454 <main+0xac>
100005c0:	2306      	movs	r3, #6
100005c2:	469a      	mov	sl, r3
100005c4:	e780      	b.n	100004c8 <main+0x120>
100005c6:	9f00      	ldr	r7, [sp, #0]
100005c8:	3701      	adds	r7, #1
100005ca:	2f01      	cmp	r7, #1
100005cc:	dc02      	bgt.n	100005d4 <main+0x22c>
100005ce:	2500      	movs	r5, #0
100005d0:	9700      	str	r7, [sp, #0]
100005d2:	e7a4      	b.n	1000051e <main+0x176>
100005d4:	2000      	movs	r0, #0
100005d6:	b011      	add	sp, #68	; 0x44
100005d8:	bcf0      	pop	{r4, r5, r6, r7}
100005da:	46bb      	mov	fp, r7
100005dc:	46b2      	mov	sl, r6
100005de:	46a9      	mov	r9, r5
100005e0:	46a0      	mov	r8, r4
100005e2:	bdf0      	pop	{r4, r5, r6, r7, pc}
100005e4:	50200000 	.word	0x50200000
100005e8:	1000482c 	.word	0x1000482c
100005ec:	10004838 	.word	0x10004838
100005f0:	fffe007f 	.word	0xfffe007f
100005f4:	9fffffff 	.word	0x9fffffff
100005f8:	fc0fffe0 	.word	0xfc0fffe0
100005fc:	fff07fff 	.word	0xfff07fff
10000600:	ffff83ff 	.word	0xffff83ff
10000604:	c1f5ffff 	.word	0xc1f5ffff
10000608:	10020000 	.word	0x10020000
1000060c:	fe0affff 	.word	0xfe0affff
10000610:	10004814 	.word	0x10004814

10000614 <gpio_set_function>:
10000614:	b510      	push	{r4, lr}
10000616:	0083      	lsls	r3, r0, #2
10000618:	4a08      	ldr	r2, [pc, #32]	; (1000063c <gpio_set_function+0x28>)
1000061a:	4694      	mov	ip, r2
1000061c:	4463      	add	r3, ip
1000061e:	681c      	ldr	r4, [r3, #0]
10000620:	2240      	movs	r2, #64	; 0x40
10000622:	4062      	eors	r2, r4
10000624:	24c0      	movs	r4, #192	; 0xc0
10000626:	4014      	ands	r4, r2
10000628:	2280      	movs	r2, #128	; 0x80
1000062a:	0152      	lsls	r2, r2, #5
1000062c:	4313      	orrs	r3, r2
1000062e:	601c      	str	r4, [r3, #0]
10000630:	00c0      	lsls	r0, r0, #3
10000632:	4b03      	ldr	r3, [pc, #12]	; (10000640 <gpio_set_function+0x2c>)
10000634:	469c      	mov	ip, r3
10000636:	4460      	add	r0, ip
10000638:	6041      	str	r1, [r0, #4]
1000063a:	bd10      	pop	{r4, pc}
1000063c:	4001c004 	.word	0x4001c004
10000640:	40014000 	.word	0x40014000

10000644 <gpio_set_outover>:
10000644:	00c0      	lsls	r0, r0, #3
10000646:	4b07      	ldr	r3, [pc, #28]	; (10000664 <gpio_set_outover+0x20>)
10000648:	469c      	mov	ip, r3
1000064a:	4460      	add	r0, ip
1000064c:	0209      	lsls	r1, r1, #8
1000064e:	6803      	ldr	r3, [r0, #0]
10000650:	4059      	eors	r1, r3
10000652:	23c0      	movs	r3, #192	; 0xc0
10000654:	009b      	lsls	r3, r3, #2
10000656:	4019      	ands	r1, r3
10000658:	2380      	movs	r3, #128	; 0x80
1000065a:	015b      	lsls	r3, r3, #5
1000065c:	4318      	orrs	r0, r3
1000065e:	6001      	str	r1, [r0, #0]
10000660:	4770      	bx	lr
10000662:	46c0      	nop			; (mov r8, r8)
10000664:	40014004 	.word	0x40014004

10000668 <running_on_fpga>:
10000668:	4b03      	ldr	r3, [pc, #12]	; (10000678 <running_on_fpga+0x10>)
1000066a:	681b      	ldr	r3, [r3, #0]
1000066c:	2002      	movs	r0, #2
1000066e:	4018      	ands	r0, r3
10000670:	1e43      	subs	r3, r0, #1
10000672:	4198      	sbcs	r0, r3
10000674:	b2c0      	uxtb	r0, r0
10000676:	4770      	bx	lr
10000678:	4006c000 	.word	0x4006c000

1000067c <hw_claim_lock>:
1000067c:	f3ef 8010 	mrs	r0, PRIMASK
10000680:	b672      	cpsid	i
10000682:	4b03      	ldr	r3, [pc, #12]	; (10000690 <hw_claim_lock+0x14>)
10000684:	681b      	ldr	r3, [r3, #0]
10000686:	2b00      	cmp	r3, #0
10000688:	d0fb      	beq.n	10000682 <hw_claim_lock+0x6>
1000068a:	f3bf 8f5f 	dmb	sy
1000068e:	4770      	bx	lr
10000690:	d000012c 	.word	0xd000012c

10000694 <hw_claim_unlock>:
10000694:	f3bf 8f5f 	dmb	sy
10000698:	4b02      	ldr	r3, [pc, #8]	; (100006a4 <hw_claim_unlock+0x10>)
1000069a:	2200      	movs	r2, #0
1000069c:	601a      	str	r2, [r3, #0]
1000069e:	f380 8810 	msr	PRIMASK, r0
100006a2:	4770      	bx	lr
100006a4:	d000012c 	.word	0xd000012c

100006a8 <hw_claim_or_assert>:
100006a8:	b5f8      	push	{r3, r4, r5, r6, r7, lr}
100006aa:	0006      	movs	r6, r0
100006ac:	000c      	movs	r4, r1
100006ae:	0015      	movs	r5, r2
100006b0:	f7ff ffe4 	bl	1000067c <hw_claim_lock>
100006b4:	08e3      	lsrs	r3, r4, #3
100006b6:	18f7      	adds	r7, r6, r3
100006b8:	5cf1      	ldrb	r1, [r6, r3]
100006ba:	2207      	movs	r2, #7
100006bc:	4022      	ands	r2, r4
100006be:	2301      	movs	r3, #1
100006c0:	4093      	lsls	r3, r2
100006c2:	420b      	tst	r3, r1
100006c4:	d105      	bne.n	100006d2 <hw_claim_or_assert+0x2a>
100006c6:	b2db      	uxtb	r3, r3
100006c8:	430b      	orrs	r3, r1
100006ca:	703b      	strb	r3, [r7, #0]
100006cc:	f7ff ffe2 	bl	10000694 <hw_claim_unlock>
100006d0:	bdf8      	pop	{r3, r4, r5, r6, r7, pc}
100006d2:	0021      	movs	r1, r4
100006d4:	0028      	movs	r0, r5
100006d6:	f001 feb5 	bl	10002444 <panic>
	...

100006dc <spin_locks_reset>:
100006dc:	2300      	movs	r3, #0
100006de:	e007      	b.n	100006f0 <spin_locks_reset+0x14>
100006e0:	4a05      	ldr	r2, [pc, #20]	; (100006f8 <spin_locks_reset+0x1c>)
100006e2:	189a      	adds	r2, r3, r2
100006e4:	0092      	lsls	r2, r2, #2
100006e6:	f3bf 8f5f 	dmb	sy
100006ea:	2100      	movs	r1, #0
100006ec:	6011      	str	r1, [r2, #0]
100006ee:	3301      	adds	r3, #1
100006f0:	2b1f      	cmp	r3, #31
100006f2:	d9f5      	bls.n	100006e0 <spin_locks_reset+0x4>
100006f4:	4770      	bx	lr
100006f6:	46c0      	nop			; (mov r8, r8)
100006f8:	34000040 	.word	0x34000040

100006fc <next_striped_spin_lock_num>:
100006fc:	4a05      	ldr	r2, [pc, #20]	; (10000714 <next_striped_spin_lock_num+0x18>)
100006fe:	7810      	ldrb	r0, [r2, #0]
10000700:	1c43      	adds	r3, r0, #1
10000702:	b2db      	uxtb	r3, r3
10000704:	7013      	strb	r3, [r2, #0]
10000706:	2b17      	cmp	r3, #23
10000708:	d902      	bls.n	10000710 <next_striped_spin_lock_num+0x14>
1000070a:	0013      	movs	r3, r2
1000070c:	2210      	movs	r2, #16
1000070e:	701a      	strb	r2, [r3, #0]
10000710:	4770      	bx	lr
10000712:	46c0      	nop			; (mov r8, r8)
10000714:	200002a0 	.word	0x200002a0

10000718 <set_raw_irq_handler_and_unlock>:
10000718:	4b07      	ldr	r3, [pc, #28]	; (10000738 <set_raw_irq_handler_and_unlock+0x20>)
1000071a:	689b      	ldr	r3, [r3, #8]
1000071c:	3010      	adds	r0, #16
1000071e:	0080      	lsls	r0, r0, #2
10000720:	5019      	str	r1, [r3, r0]
10000722:	f3bf 8f5f 	dmb	sy
10000726:	f3bf 8f5f 	dmb	sy
1000072a:	4b04      	ldr	r3, [pc, #16]	; (1000073c <set_raw_irq_handler_and_unlock+0x24>)
1000072c:	2100      	movs	r1, #0
1000072e:	6019      	str	r1, [r3, #0]
10000730:	f382 8810 	msr	PRIMASK, r2
10000734:	4770      	bx	lr
10000736:	46c0      	nop			; (mov r8, r8)
10000738:	e000ed00 	.word	0xe000ed00
1000073c:	d0000124 	.word	0xd0000124

10000740 <make_branch>:
10000740:	b510      	push	{r4, lr}
10000742:	1a09      	subs	r1, r1, r0
10000744:	1f08      	subs	r0, r1, #4
10000746:	4b0a      	ldr	r3, [pc, #40]	; (10000770 <make_branch+0x30>)
10000748:	469c      	mov	ip, r3
1000074a:	4461      	add	r1, ip
1000074c:	4a09      	ldr	r2, [pc, #36]	; (10000774 <make_branch+0x34>)
1000074e:	4291      	cmp	r1, r2
10000750:	d808      	bhi.n	10000764 <make_branch+0x24>
10000752:	07c3      	lsls	r3, r0, #31
10000754:	d406      	bmi.n	10000764 <make_branch+0x24>
10000756:	1040      	asrs	r0, r0, #1
10000758:	0540      	lsls	r0, r0, #21
1000075a:	0d40      	lsrs	r0, r0, #21
1000075c:	4b06      	ldr	r3, [pc, #24]	; (10000778 <make_branch+0x38>)
1000075e:	4318      	orrs	r0, r3
10000760:	b280      	uxth	r0, r0
10000762:	bd10      	pop	{r4, pc}
10000764:	4b05      	ldr	r3, [pc, #20]	; (1000077c <make_branch+0x3c>)
10000766:	4a06      	ldr	r2, [pc, #24]	; (10000780 <make_branch+0x40>)
10000768:	21a3      	movs	r1, #163	; 0xa3
1000076a:	4806      	ldr	r0, [pc, #24]	; (10000784 <make_branch+0x44>)
1000076c:	f001 fdd0 	bl	10002310 <__assert_func>
10000770:	000007fc 	.word	0x000007fc
10000774:	00000ffe 	.word	0x00000ffe
10000778:	ffffe000 	.word	0xffffe000
1000077c:	10004848 	.word	0x10004848
10000780:	10004ab8 	.word	0x10004ab8
10000784:	10004878 	.word	0x10004878

10000788 <insert_branch_and_link>:
10000788:	b510      	push	{r4, lr}
1000078a:	1a09      	subs	r1, r1, r0
1000078c:	3904      	subs	r1, #4
1000078e:	084c      	lsrs	r4, r1, #1
10000790:	0b09      	lsrs	r1, r1, #12
10000792:	d108      	bne.n	100007a6 <insert_branch_and_link+0x1e>
10000794:	0549      	lsls	r1, r1, #21
10000796:	0d49      	lsrs	r1, r1, #21
10000798:	4a06      	ldr	r2, [pc, #24]	; (100007b4 <insert_branch_and_link+0x2c>)
1000079a:	4311      	orrs	r1, r2
1000079c:	8001      	strh	r1, [r0, #0]
1000079e:	4b06      	ldr	r3, [pc, #24]	; (100007b8 <insert_branch_and_link+0x30>)
100007a0:	4323      	orrs	r3, r4
100007a2:	8043      	strh	r3, [r0, #2]
100007a4:	bd10      	pop	{r4, pc}
100007a6:	4b05      	ldr	r3, [pc, #20]	; (100007bc <insert_branch_and_link+0x34>)
100007a8:	4a05      	ldr	r2, [pc, #20]	; (100007c0 <insert_branch_and_link+0x38>)
100007aa:	21ab      	movs	r1, #171	; 0xab
100007ac:	4805      	ldr	r0, [pc, #20]	; (100007c4 <insert_branch_and_link+0x3c>)
100007ae:	f001 fdaf 	bl	10002310 <__assert_func>
100007b2:	46c0      	nop			; (mov r8, r8)
100007b4:	fffff000 	.word	0xfffff000
100007b8:	fffff800 	.word	0xfffff800
100007bc:	100048d4 	.word	0x100048d4
100007c0:	10004a8c 	.word	0x10004a8c
100007c4:	10004878 	.word	0x10004878

100007c8 <irq_is_enabled>:
100007c8:	2301      	movs	r3, #1
100007ca:	4083      	lsls	r3, r0
100007cc:	4a03      	ldr	r2, [pc, #12]	; (100007dc <irq_is_enabled+0x14>)
100007ce:	6810      	ldr	r0, [r2, #0]
100007d0:	4018      	ands	r0, r3
100007d2:	1e43      	subs	r3, r0, #1
100007d4:	4198      	sbcs	r0, r3
100007d6:	b2c0      	uxtb	r0, r0
100007d8:	4770      	bx	lr
100007da:	46c0      	nop			; (mov r8, r8)
100007dc:	e000e100 	.word	0xe000e100

100007e0 <irq_set_mask_enabled>:
100007e0:	2900      	cmp	r1, #0
100007e2:	d004      	beq.n	100007ee <irq_set_mask_enabled+0xe>
100007e4:	4b03      	ldr	r3, [pc, #12]	; (100007f4 <irq_set_mask_enabled+0x14>)
100007e6:	6018      	str	r0, [r3, #0]
100007e8:	4b03      	ldr	r3, [pc, #12]	; (100007f8 <irq_set_mask_enabled+0x18>)
100007ea:	6018      	str	r0, [r3, #0]
100007ec:	4770      	bx	lr
100007ee:	4b03      	ldr	r3, [pc, #12]	; (100007fc <irq_set_mask_enabled+0x1c>)
100007f0:	6018      	str	r0, [r3, #0]
100007f2:	e7fb      	b.n	100007ec <irq_set_mask_enabled+0xc>
100007f4:	e000e280 	.word	0xe000e280
100007f8:	e000e100 	.word	0xe000e100
100007fc:	e000e180 	.word	0xe000e180

10000800 <irq_set_enabled>:
10000800:	b510      	push	{r4, lr}
10000802:	2301      	movs	r3, #1
10000804:	4083      	lsls	r3, r0
10000806:	0018      	movs	r0, r3
10000808:	f7ff ffea 	bl	100007e0 <irq_set_mask_enabled>
1000080c:	bd10      	pop	{r4, pc}
	...

10000810 <irq_get_vtable_handler>:
10000810:	4b02      	ldr	r3, [pc, #8]	; (1000081c <irq_get_vtable_handler+0xc>)
10000812:	689b      	ldr	r3, [r3, #8]
10000814:	3010      	adds	r0, #16
10000816:	0080      	lsls	r0, r0, #2
10000818:	58c0      	ldr	r0, [r0, r3]
1000081a:	4770      	bx	lr
1000081c:	e000ed00 	.word	0xe000ed00

10000820 <irq_set_exclusive_handler>:
10000820:	b570      	push	{r4, r5, r6, lr}
10000822:	0004      	movs	r4, r0
10000824:	000d      	movs	r5, r1
10000826:	f3ef 8610 	mrs	r6, PRIMASK
1000082a:	b672      	cpsid	i
1000082c:	4b0c      	ldr	r3, [pc, #48]	; (10000860 <irq_set_exclusive_handler+0x40>)
1000082e:	681b      	ldr	r3, [r3, #0]
10000830:	2b00      	cmp	r3, #0
10000832:	d0fb      	beq.n	1000082c <irq_set_exclusive_handler+0xc>
10000834:	f3bf 8f5f 	dmb	sy
10000838:	0020      	movs	r0, r4
1000083a:	f7ff ffe9 	bl	10000810 <irq_get_vtable_handler>
1000083e:	4b09      	ldr	r3, [pc, #36]	; (10000864 <irq_set_exclusive_handler+0x44>)
10000840:	4298      	cmp	r0, r3
10000842:	d001      	beq.n	10000848 <irq_set_exclusive_handler+0x28>
10000844:	42a8      	cmp	r0, r5
10000846:	d105      	bne.n	10000854 <irq_set_exclusive_handler+0x34>
10000848:	0032      	movs	r2, r6
1000084a:	0029      	movs	r1, r5
1000084c:	0020      	movs	r0, r4
1000084e:	f7ff ff63 	bl	10000718 <set_raw_irq_handler_and_unlock>
10000852:	bd70      	pop	{r4, r5, r6, pc}
10000854:	4b04      	ldr	r3, [pc, #16]	; (10000868 <irq_set_exclusive_handler+0x48>)
10000856:	4a05      	ldr	r2, [pc, #20]	; (1000086c <irq_set_exclusive_handler+0x4c>)
10000858:	2186      	movs	r1, #134	; 0x86
1000085a:	4805      	ldr	r0, [pc, #20]	; (10000870 <irq_set_exclusive_handler+0x50>)
1000085c:	f001 fd58 	bl	10002310 <__assert_func>
10000860:	d0000124 	.word	0xd0000124
10000864:	100001cd 	.word	0x100001cd
10000868:	100048e4 	.word	0x100048e4
1000086c:	10004ad4 	.word	0x10004ad4
10000870:	10004878 	.word	0x10004878

10000874 <irq_remove_handler>:
10000874:	b5f0      	push	{r4, r5, r6, r7, lr}
10000876:	46ce      	mov	lr, r9
10000878:	4647      	mov	r7, r8
1000087a:	b580      	push	{r7, lr}
1000087c:	b083      	sub	sp, #12
1000087e:	0006      	movs	r6, r0
10000880:	000d      	movs	r5, r1
10000882:	f3ef 8810 	mrs	r8, PRIMASK
10000886:	b672      	cpsid	i
10000888:	4b56      	ldr	r3, [pc, #344]	; (100009e4 <irq_remove_handler+0x170>)
1000088a:	681b      	ldr	r3, [r3, #0]
1000088c:	2b00      	cmp	r3, #0
1000088e:	d0fb      	beq.n	10000888 <irq_remove_handler+0x14>
10000890:	f3bf 8f5f 	dmb	sy
10000894:	4b54      	ldr	r3, [pc, #336]	; (100009e8 <irq_remove_handler+0x174>)
10000896:	689a      	ldr	r2, [r3, #8]
10000898:	0034      	movs	r4, r6
1000089a:	3410      	adds	r4, #16
1000089c:	00a3      	lsls	r3, r4, #2
1000089e:	58d7      	ldr	r7, [r2, r3]
100008a0:	4b52      	ldr	r3, [pc, #328]	; (100009ec <irq_remove_handler+0x178>)
100008a2:	429f      	cmp	r7, r3
100008a4:	d007      	beq.n	100008b6 <irq_remove_handler+0x42>
100008a6:	42af      	cmp	r7, r5
100008a8:	d100      	bne.n	100008ac <irq_remove_handler+0x38>
100008aa:	e098      	b.n	100009de <irq_remove_handler+0x16a>
100008ac:	9701      	str	r7, [sp, #4]
100008ae:	4b50      	ldr	r3, [pc, #320]	; (100009f0 <irq_remove_handler+0x17c>)
100008b0:	1afb      	subs	r3, r7, r3
100008b2:	2b2f      	cmp	r3, #47	; 0x2f
100008b4:	d909      	bls.n	100008ca <irq_remove_handler+0x56>
100008b6:	4642      	mov	r2, r8
100008b8:	0039      	movs	r1, r7
100008ba:	0030      	movs	r0, r6
100008bc:	f7ff ff2c 	bl	10000718 <set_raw_irq_handler_and_unlock>
100008c0:	b003      	add	sp, #12
100008c2:	bcc0      	pop	{r6, r7}
100008c4:	46b9      	mov	r9, r7
100008c6:	46b0      	mov	r8, r6
100008c8:	bdf0      	pop	{r4, r5, r6, r7, pc}
100008ca:	0030      	movs	r0, r6
100008cc:	f7ff ff7c 	bl	100007c8 <irq_is_enabled>
100008d0:	4681      	mov	r9, r0
100008d2:	2100      	movs	r1, #0
100008d4:	0030      	movs	r0, r6
100008d6:	f7ff ff93 	bl	10000800 <irq_set_enabled>
100008da:	f3bf 8f5f 	dmb	sy
100008de:	f3ef 8105 	mrs	r1, IPSR
100008e2:	2900      	cmp	r1, #0
100008e4:	d001      	beq.n	100008ea <irq_remove_handler+0x76>
100008e6:	428c      	cmp	r4, r1
100008e8:	d111      	bne.n	1000090e <irq_remove_handler+0x9a>
100008ea:	2301      	movs	r3, #1
100008ec:	9c01      	ldr	r4, [sp, #4]
100008ee:	439c      	bics	r4, r3
100008f0:	2200      	movs	r2, #0
100008f2:	68a3      	ldr	r3, [r4, #8]
100008f4:	42ab      	cmp	r3, r5
100008f6:	d012      	beq.n	1000091e <irq_remove_handler+0xaa>
100008f8:	2206      	movs	r2, #6
100008fa:	56a2      	ldrsb	r2, [r4, r2]
100008fc:	2a00      	cmp	r2, #0
100008fe:	db0d      	blt.n	1000091c <irq_remove_handler+0xa8>
10000900:	0053      	lsls	r3, r2, #1
10000902:	189b      	adds	r3, r3, r2
10000904:	009b      	lsls	r3, r3, #2
10000906:	0022      	movs	r2, r4
10000908:	4c39      	ldr	r4, [pc, #228]	; (100009f0 <irq_remove_handler+0x17c>)
1000090a:	18e4      	adds	r4, r4, r3
1000090c:	e7f1      	b.n	100008f2 <irq_remove_handler+0x7e>
1000090e:	2136      	movs	r1, #54	; 0x36
10000910:	4b38      	ldr	r3, [pc, #224]	; (100009f4 <irq_remove_handler+0x180>)
10000912:	4a39      	ldr	r2, [pc, #228]	; (100009f8 <irq_remove_handler+0x184>)
10000914:	31ff      	adds	r1, #255	; 0xff
10000916:	4839      	ldr	r0, [pc, #228]	; (100009fc <irq_remove_handler+0x188>)
10000918:	f001 fcfa 	bl	10002310 <__assert_func>
1000091c:	0022      	movs	r2, r4
1000091e:	42ab      	cmp	r3, r5
10000920:	d156      	bne.n	100009d0 <irq_remove_handler+0x15c>
10000922:	2506      	movs	r5, #6
10000924:	5765      	ldrsb	r5, [r4, r5]
10000926:	2d00      	cmp	r5, #0
10000928:	db38      	blt.n	1000099c <irq_remove_handler+0x128>
1000092a:	006b      	lsls	r3, r5, #1
1000092c:	195b      	adds	r3, r3, r5
1000092e:	009a      	lsls	r2, r3, #2
10000930:	4b2f      	ldr	r3, [pc, #188]	; (100009f0 <irq_remove_handler+0x17c>)
10000932:	189b      	adds	r3, r3, r2
10000934:	689a      	ldr	r2, [r3, #8]
10000936:	60a2      	str	r2, [r4, #8]
10000938:	79da      	ldrb	r2, [r3, #7]
1000093a:	71e2      	strb	r2, [r4, #7]
1000093c:	2206      	movs	r2, #6
1000093e:	569a      	ldrsb	r2, [r3, r2]
10000940:	71a2      	strb	r2, [r4, #6]
10000942:	799b      	ldrb	r3, [r3, #6]
10000944:	b25b      	sxtb	r3, r3
10000946:	2b00      	cmp	r3, #0
10000948:	da0f      	bge.n	1000096a <irq_remove_handler+0xf6>
1000094a:	482d      	ldr	r0, [pc, #180]	; (10000a00 <irq_remove_handler+0x18c>)
1000094c:	80a0      	strh	r0, [r4, #4]
1000094e:	006b      	lsls	r3, r5, #1
10000950:	195b      	adds	r3, r3, r5
10000952:	009b      	lsls	r3, r3, #2
10000954:	4a26      	ldr	r2, [pc, #152]	; (100009f0 <irq_remove_handler+0x17c>)
10000956:	18d3      	adds	r3, r2, r3
10000958:	4a2a      	ldr	r2, [pc, #168]	; (10000a04 <irq_remove_handler+0x190>)
1000095a:	7811      	ldrb	r1, [r2, #0]
1000095c:	7199      	strb	r1, [r3, #6]
1000095e:	7015      	strb	r5, [r2, #0]
10000960:	4649      	mov	r1, r9
10000962:	0030      	movs	r0, r6
10000964:	f7ff ff4c 	bl	10000800 <irq_set_enabled>
10000968:	e7a5      	b.n	100008b6 <irq_remove_handler+0x42>
1000096a:	1d20      	adds	r0, r4, #4
1000096c:	006b      	lsls	r3, r5, #1
1000096e:	195b      	adds	r3, r3, r5
10000970:	009b      	lsls	r3, r3, #2
10000972:	4a1f      	ldr	r2, [pc, #124]	; (100009f0 <irq_remove_handler+0x17c>)
10000974:	189b      	adds	r3, r3, r2
10000976:	1d1a      	adds	r2, r3, #4
10000978:	889b      	ldrh	r3, [r3, #4]
1000097a:	0ad9      	lsrs	r1, r3, #11
1000097c:	291c      	cmp	r1, #28
1000097e:	d107      	bne.n	10000990 <irq_remove_handler+0x11c>
10000980:	055b      	lsls	r3, r3, #21
10000982:	155b      	asrs	r3, r3, #21
10000984:	3302      	adds	r3, #2
10000986:	0059      	lsls	r1, r3, #1
10000988:	1851      	adds	r1, r2, r1
1000098a:	f7ff fed9 	bl	10000740 <make_branch>
1000098e:	e7dd      	b.n	1000094c <irq_remove_handler+0xd8>
10000990:	4b1d      	ldr	r3, [pc, #116]	; (10000a08 <irq_remove_handler+0x194>)
10000992:	4a1e      	ldr	r2, [pc, #120]	; (10000a0c <irq_remove_handler+0x198>)
10000994:	21b1      	movs	r1, #177	; 0xb1
10000996:	4819      	ldr	r0, [pc, #100]	; (100009fc <irq_remove_handler+0x188>)
10000998:	f001 fcba 	bl	10002310 <__assert_func>
1000099c:	2900      	cmp	r1, #0
1000099e:	d112      	bne.n	100009c6 <irq_remove_handler+0x152>
100009a0:	2a00      	cmp	r2, #0
100009a2:	d00e      	beq.n	100009c2 <irq_remove_handler+0x14e>
100009a4:	23ff      	movs	r3, #255	; 0xff
100009a6:	7193      	strb	r3, [r2, #6]
100009a8:	4b19      	ldr	r3, [pc, #100]	; (10000a10 <irq_remove_handler+0x19c>)
100009aa:	8093      	strh	r3, [r2, #4]
100009ac:	4a15      	ldr	r2, [pc, #84]	; (10000a04 <irq_remove_handler+0x190>)
100009ae:	7813      	ldrb	r3, [r2, #0]
100009b0:	71a3      	strb	r3, [r4, #6]
100009b2:	4b18      	ldr	r3, [pc, #96]	; (10000a14 <irq_remove_handler+0x1a0>)
100009b4:	490e      	ldr	r1, [pc, #56]	; (100009f0 <irq_remove_handler+0x17c>)
100009b6:	1a64      	subs	r4, r4, r1
100009b8:	4164      	adcs	r4, r4
100009ba:	4363      	muls	r3, r4
100009bc:	0d1b      	lsrs	r3, r3, #20
100009be:	7013      	strb	r3, [r2, #0]
100009c0:	e7ce      	b.n	10000960 <irq_remove_handler+0xec>
100009c2:	4f0a      	ldr	r7, [pc, #40]	; (100009ec <irq_remove_handler+0x178>)
100009c4:	e7f2      	b.n	100009ac <irq_remove_handler+0x138>
100009c6:	1d20      	adds	r0, r4, #4
100009c8:	4913      	ldr	r1, [pc, #76]	; (10000a18 <irq_remove_handler+0x1a4>)
100009ca:	f7ff fedd 	bl	10000788 <insert_branch_and_link>
100009ce:	e7c7      	b.n	10000960 <irq_remove_handler+0xec>
100009d0:	216a      	movs	r1, #106	; 0x6a
100009d2:	4b12      	ldr	r3, [pc, #72]	; (10000a1c <irq_remove_handler+0x1a8>)
100009d4:	4a08      	ldr	r2, [pc, #32]	; (100009f8 <irq_remove_handler+0x184>)
100009d6:	31ff      	adds	r1, #255	; 0xff
100009d8:	4808      	ldr	r0, [pc, #32]	; (100009fc <irq_remove_handler+0x188>)
100009da:	f001 fc99 	bl	10002310 <__assert_func>
100009de:	4f03      	ldr	r7, [pc, #12]	; (100009ec <irq_remove_handler+0x178>)
100009e0:	e769      	b.n	100008b6 <irq_remove_handler+0x42>
100009e2:	46c0      	nop			; (mov r8, r8)
100009e4:	d0000124 	.word	0xd0000124
100009e8:	e000ed00 	.word	0xe000ed00
100009ec:	100001cd 	.word	0x100001cd
100009f0:	200002a4 	.word	0x200002a4
100009f4:	100049f8 	.word	0x100049f8
100009f8:	10004aa4 	.word	0x10004aa4
100009fc:	10004878 	.word	0x10004878
10000a00:	0000bd01 	.word	0x0000bd01
10000a04:	20000bad 	.word	0x20000bad
10000a08:	100049e0 	.word	0x100049e0
10000a0c:	10004ac4 	.word	0x10004ac4
10000a10:	ffffbd01 	.word	0xffffbd01
10000a14:	0000aaaa 	.word	0x0000aaaa
10000a18:	200002de 	.word	0x200002de
10000a1c:	10004a2c 	.word	0x10004a2c

10000a20 <irq_add_tail_to_free_list>:
10000a20:	b570      	push	{r4, r5, r6, lr}
10000a22:	2101      	movs	r1, #1
10000a24:	4301      	orrs	r1, r0
10000a26:	4b2e      	ldr	r3, [pc, #184]	; (10000ae0 <irq_add_tail_to_free_list+0xc0>)
10000a28:	1acb      	subs	r3, r1, r3
10000a2a:	2b2f      	cmp	r3, #47	; 0x2f
10000a2c:	d828      	bhi.n	10000a80 <irq_add_tail_to_free_list+0x60>
10000a2e:	f3ef 8305 	mrs	r3, IPSR
10000a32:	2b00      	cmp	r3, #0
10000a34:	d02b      	beq.n	10000a8e <irq_add_tail_to_free_list+0x6e>
10000a36:	f3ef 8c10 	mrs	ip, PRIMASK
10000a3a:	b672      	cpsid	i
10000a3c:	4a29      	ldr	r2, [pc, #164]	; (10000ae4 <irq_add_tail_to_free_list+0xc4>)
10000a3e:	6812      	ldr	r2, [r2, #0]
10000a40:	2a00      	cmp	r2, #0
10000a42:	d0fb      	beq.n	10000a3c <irq_add_tail_to_free_list+0x1c>
10000a44:	f3bf 8f5f 	dmb	sy
10000a48:	4a27      	ldr	r2, [pc, #156]	; (10000ae8 <irq_add_tail_to_free_list+0xc8>)
10000a4a:	0004      	movs	r4, r0
10000a4c:	4d24      	ldr	r5, [pc, #144]	; (10000ae0 <irq_add_tail_to_free_list+0xc0>)
10000a4e:	1b64      	subs	r4, r4, r5
10000a50:	4164      	adcs	r4, r4
10000a52:	4362      	muls	r2, r4
10000a54:	0d12      	lsrs	r2, r2, #20
10000a56:	b254      	sxtb	r4, r2
10000a58:	4a24      	ldr	r2, [pc, #144]	; (10000aec <irq_add_tail_to_free_list+0xcc>)
10000a5a:	6892      	ldr	r2, [r2, #8]
10000a5c:	009b      	lsls	r3, r3, #2
10000a5e:	58d2      	ldr	r2, [r2, r3]
10000a60:	428a      	cmp	r2, r1
10000a62:	d01b      	beq.n	10000a9c <irq_add_tail_to_free_list+0x7c>
10000a64:	2200      	movs	r2, #0
10000a66:	2a03      	cmp	r2, #3
10000a68:	d832      	bhi.n	10000ad0 <irq_add_tail_to_free_list+0xb0>
10000a6a:	0053      	lsls	r3, r2, #1
10000a6c:	189b      	adds	r3, r3, r2
10000a6e:	009b      	lsls	r3, r3, #2
10000a70:	491b      	ldr	r1, [pc, #108]	; (10000ae0 <irq_add_tail_to_free_list+0xc0>)
10000a72:	18cb      	adds	r3, r1, r3
10000a74:	799b      	ldrb	r3, [r3, #6]
10000a76:	b25b      	sxtb	r3, r3
10000a78:	42a3      	cmp	r3, r4
10000a7a:	d01f      	beq.n	10000abc <irq_add_tail_to_free_list+0x9c>
10000a7c:	3201      	adds	r2, #1
10000a7e:	e7f2      	b.n	10000a66 <irq_add_tail_to_free_list+0x46>
10000a80:	21c7      	movs	r1, #199	; 0xc7
10000a82:	4b1b      	ldr	r3, [pc, #108]	; (10000af0 <irq_add_tail_to_free_list+0xd0>)
10000a84:	4a1b      	ldr	r2, [pc, #108]	; (10000af4 <irq_add_tail_to_free_list+0xd4>)
10000a86:	0049      	lsls	r1, r1, #1
10000a88:	481b      	ldr	r0, [pc, #108]	; (10000af8 <irq_add_tail_to_free_list+0xd8>)
10000a8a:	f001 fc41 	bl	10002310 <__assert_func>
10000a8e:	2192      	movs	r1, #146	; 0x92
10000a90:	4b1a      	ldr	r3, [pc, #104]	; (10000afc <irq_add_tail_to_free_list+0xdc>)
10000a92:	4a18      	ldr	r2, [pc, #96]	; (10000af4 <irq_add_tail_to_free_list+0xd4>)
10000a94:	31ff      	adds	r1, #255	; 0xff
10000a96:	4818      	ldr	r0, [pc, #96]	; (10000af8 <irq_add_tail_to_free_list+0xd8>)
10000a98:	f001 fc3a 	bl	10002310 <__assert_func>
10000a9c:	4a13      	ldr	r2, [pc, #76]	; (10000aec <irq_add_tail_to_free_list+0xcc>)
10000a9e:	6892      	ldr	r2, [r2, #8]
10000aa0:	4917      	ldr	r1, [pc, #92]	; (10000b00 <irq_add_tail_to_free_list+0xe0>)
10000aa2:	50d1      	str	r1, [r2, r3]
10000aa4:	4b17      	ldr	r3, [pc, #92]	; (10000b04 <irq_add_tail_to_free_list+0xe4>)
10000aa6:	781a      	ldrb	r2, [r3, #0]
10000aa8:	7182      	strb	r2, [r0, #6]
10000aaa:	701c      	strb	r4, [r3, #0]
10000aac:	f3bf 8f5f 	dmb	sy
10000ab0:	4b0c      	ldr	r3, [pc, #48]	; (10000ae4 <irq_add_tail_to_free_list+0xc4>)
10000ab2:	2200      	movs	r2, #0
10000ab4:	601a      	str	r2, [r3, #0]
10000ab6:	f38c 8810 	msr	PRIMASK, ip
10000aba:	bd70      	pop	{r4, r5, r6, pc}
10000abc:	000d      	movs	r5, r1
10000abe:	0053      	lsls	r3, r2, #1
10000ac0:	1899      	adds	r1, r3, r2
10000ac2:	0089      	lsls	r1, r1, #2
10000ac4:	1869      	adds	r1, r5, r1
10000ac6:	26ff      	movs	r6, #255	; 0xff
10000ac8:	718e      	strb	r6, [r1, #6]
10000aca:	4a0f      	ldr	r2, [pc, #60]	; (10000b08 <irq_add_tail_to_free_list+0xe8>)
10000acc:	808a      	strh	r2, [r1, #4]
10000ace:	e7e9      	b.n	10000aa4 <irq_add_tail_to_free_list+0x84>
10000ad0:	21d1      	movs	r1, #209	; 0xd1
10000ad2:	4b0e      	ldr	r3, [pc, #56]	; (10000b0c <irq_add_tail_to_free_list+0xec>)
10000ad4:	4a07      	ldr	r2, [pc, #28]	; (10000af4 <irq_add_tail_to_free_list+0xd4>)
10000ad6:	0049      	lsls	r1, r1, #1
10000ad8:	4807      	ldr	r0, [pc, #28]	; (10000af8 <irq_add_tail_to_free_list+0xd8>)
10000ada:	f001 fc19 	bl	10002310 <__assert_func>
10000ade:	46c0      	nop			; (mov r8, r8)
10000ae0:	200002a4 	.word	0x200002a4
10000ae4:	d0000124 	.word	0xd0000124
10000ae8:	0000aaaa 	.word	0x0000aaaa
10000aec:	e000ed00 	.word	0xe000ed00
10000af0:	10004a34 	.word	0x10004a34
10000af4:	10004a70 	.word	0x10004a70
10000af8:	10004878 	.word	0x10004878
10000afc:	10004a5c 	.word	0x10004a5c
10000b00:	100001cd 	.word	0x100001cd
10000b04:	20000bad 	.word	0x20000bad
10000b08:	ffffbd01 	.word	0xffffbd01
10000b0c:	10004a68 	.word	0x10004a68

10000b10 <irq_init_priorities>:
10000b10:	2200      	movs	r2, #0
10000b12:	4b04      	ldr	r3, [pc, #16]	; (10000b24 <irq_init_priorities+0x14>)
10000b14:	e002      	b.n	10000b1c <irq_init_priorities+0xc>
10000b16:	4904      	ldr	r1, [pc, #16]	; (10000b28 <irq_init_priorities+0x18>)
10000b18:	c302      	stmia	r3!, {r1}
10000b1a:	3201      	adds	r2, #1
10000b1c:	2a07      	cmp	r2, #7
10000b1e:	d9fa      	bls.n	10000b16 <irq_init_priorities+0x6>
10000b20:	4770      	bx	lr
10000b22:	46c0      	nop			; (mov r8, r8)
10000b24:	e000e400 	.word	0xe000e400
10000b28:	80808080 	.word	0x80808080

10000b2c <lock_init>:
10000b2c:	4b02      	ldr	r3, [pc, #8]	; (10000b38 <lock_init+0xc>)
10000b2e:	469c      	mov	ip, r3
10000b30:	4461      	add	r1, ip
10000b32:	0089      	lsls	r1, r1, #2
10000b34:	6001      	str	r1, [r0, #0]
10000b36:	4770      	bx	lr
10000b38:	34000040 	.word	0x34000040

10000b3c <mutex_init>:
10000b3c:	b510      	push	{r4, lr}
10000b3e:	0004      	movs	r4, r0
10000b40:	f7ff fddc 	bl	100006fc <next_striped_spin_lock_num>
10000b44:	0001      	movs	r1, r0
10000b46:	0020      	movs	r0, r4
10000b48:	f7ff fff0 	bl	10000b2c <lock_init>
10000b4c:	23ff      	movs	r3, #255	; 0xff
10000b4e:	7123      	strb	r3, [r4, #4]
10000b50:	f3bf 8f5f 	dmb	sy
10000b54:	bd10      	pop	{r4, pc}

10000b56 <recursive_mutex_init>:
10000b56:	b510      	push	{r4, lr}
10000b58:	0004      	movs	r4, r0
10000b5a:	f7ff fdcf 	bl	100006fc <next_striped_spin_lock_num>
10000b5e:	0001      	movs	r1, r0
10000b60:	0020      	movs	r0, r4
10000b62:	f7ff ffe3 	bl	10000b2c <lock_init>
10000b66:	23ff      	movs	r3, #255	; 0xff
10000b68:	7123      	strb	r3, [r4, #4]
10000b6a:	2300      	movs	r3, #0
10000b6c:	7163      	strb	r3, [r4, #5]
10000b6e:	f3bf 8f5f 	dmb	sy
10000b72:	bd10      	pop	{r4, pc}

10000b74 <alarm_pool_post_alloc_init>:
10000b74:	b570      	push	{r4, r5, r6, lr}
10000b76:	0005      	movs	r5, r0
10000b78:	000c      	movs	r4, r1
10000b7a:	0008      	movs	r0, r1
10000b7c:	f000 fefe 	bl	1000197c <hardware_alarm_cancel>
10000b80:	4909      	ldr	r1, [pc, #36]	; (10000ba8 <alarm_pool_post_alloc_init+0x34>)
10000b82:	0020      	movs	r0, r4
10000b84:	f000 fe3e 	bl	10001804 <hardware_alarm_set_callback>
10000b88:	f7ff fdb8 	bl	100006fc <next_striped_spin_lock_num>
10000b8c:	4b07      	ldr	r3, [pc, #28]	; (10000bac <alarm_pool_post_alloc_init+0x38>)
10000b8e:	469c      	mov	ip, r3
10000b90:	4460      	add	r0, ip
10000b92:	0080      	lsls	r0, r0, #2
10000b94:	6068      	str	r0, [r5, #4]
10000b96:	752c      	strb	r4, [r5, #20]
10000b98:	23d0      	movs	r3, #208	; 0xd0
10000b9a:	061b      	lsls	r3, r3, #24
10000b9c:	781b      	ldrb	r3, [r3, #0]
10000b9e:	756b      	strb	r3, [r5, #21]
10000ba0:	00a4      	lsls	r4, r4, #2
10000ba2:	4b03      	ldr	r3, [pc, #12]	; (10000bb0 <alarm_pool_post_alloc_init+0x3c>)
10000ba4:	50e5      	str	r5, [r4, r3]
10000ba6:	bd70      	pop	{r4, r5, r6, pc}
10000ba8:	10000eb9 	.word	0x10000eb9
10000bac:	34000040 	.word	0x34000040
10000bb0:	20000954 	.word	0x20000954

10000bb4 <sleep_until_callback>:
10000bb4:	4b0a      	ldr	r3, [pc, #40]	; (10000be0 <sleep_until_callback+0x2c>)
10000bb6:	681a      	ldr	r2, [r3, #0]
10000bb8:	f3ef 8110 	mrs	r1, PRIMASK
10000bbc:	b672      	cpsid	i
10000bbe:	6813      	ldr	r3, [r2, #0]
10000bc0:	2b00      	cmp	r3, #0
10000bc2:	d0fc      	beq.n	10000bbe <sleep_until_callback+0xa>
10000bc4:	f3bf 8f5f 	dmb	sy
10000bc8:	4b05      	ldr	r3, [pc, #20]	; (10000be0 <sleep_until_callback+0x2c>)
10000bca:	681b      	ldr	r3, [r3, #0]
10000bcc:	f3bf 8f5f 	dmb	sy
10000bd0:	2200      	movs	r2, #0
10000bd2:	601a      	str	r2, [r3, #0]
10000bd4:	f381 8810 	msr	PRIMASK, r1
10000bd8:	bf40      	sev
10000bda:	2000      	movs	r0, #0
10000bdc:	2100      	movs	r1, #0
10000bde:	4770      	bx	lr
10000be0:	20000b7c 	.word	0x20000b7c

10000be4 <timer_pool_entry_comparator>:
10000be4:	b510      	push	{r4, lr}
10000be6:	2900      	cmp	r1, #0
10000be8:	d022      	beq.n	10000c30 <timer_pool_entry_comparator+0x4c>
10000bea:	6803      	ldr	r3, [r0, #0]
10000bec:	7b1b      	ldrb	r3, [r3, #12]
10000bee:	4299      	cmp	r1, r3
10000bf0:	d81e      	bhi.n	10000c30 <timer_pool_entry_comparator+0x4c>
10000bf2:	4b17      	ldr	r3, [pc, #92]	; (10000c50 <timer_pool_entry_comparator+0x6c>)
10000bf4:	469c      	mov	ip, r3
10000bf6:	4461      	add	r1, ip
10000bf8:	0109      	lsls	r1, r1, #4
10000bfa:	6883      	ldr	r3, [r0, #8]
10000bfc:	469c      	mov	ip, r3
10000bfe:	4461      	add	r1, ip
10000c00:	680c      	ldr	r4, [r1, #0]
10000c02:	6849      	ldr	r1, [r1, #4]
10000c04:	2a00      	cmp	r2, #0
10000c06:	d019      	beq.n	10000c3c <timer_pool_entry_comparator+0x58>
10000c08:	6803      	ldr	r3, [r0, #0]
10000c0a:	7b1b      	ldrb	r3, [r3, #12]
10000c0c:	429a      	cmp	r2, r3
10000c0e:	d815      	bhi.n	10000c3c <timer_pool_entry_comparator+0x58>
10000c10:	6883      	ldr	r3, [r0, #8]
10000c12:	480f      	ldr	r0, [pc, #60]	; (10000c50 <timer_pool_entry_comparator+0x6c>)
10000c14:	4684      	mov	ip, r0
10000c16:	4462      	add	r2, ip
10000c18:	0112      	lsls	r2, r2, #4
10000c1a:	189a      	adds	r2, r3, r2
10000c1c:	6810      	ldr	r0, [r2, #0]
10000c1e:	6853      	ldr	r3, [r2, #4]
10000c20:	0002      	movs	r2, r0
10000c22:	2001      	movs	r0, #1
10000c24:	428b      	cmp	r3, r1
10000c26:	d801      	bhi.n	10000c2c <timer_pool_entry_comparator+0x48>
10000c28:	d00e      	beq.n	10000c48 <timer_pool_entry_comparator+0x64>
10000c2a:	2000      	movs	r0, #0
10000c2c:	b2c0      	uxtb	r0, r0
10000c2e:	bd10      	pop	{r4, pc}
10000c30:	4b08      	ldr	r3, [pc, #32]	; (10000c54 <timer_pool_entry_comparator+0x70>)
10000c32:	4a09      	ldr	r2, [pc, #36]	; (10000c58 <timer_pool_entry_comparator+0x74>)
10000c34:	213c      	movs	r1, #60	; 0x3c
10000c36:	4809      	ldr	r0, [pc, #36]	; (10000c5c <timer_pool_entry_comparator+0x78>)
10000c38:	f001 fb6a 	bl	10002310 <__assert_func>
10000c3c:	4b05      	ldr	r3, [pc, #20]	; (10000c54 <timer_pool_entry_comparator+0x70>)
10000c3e:	4a06      	ldr	r2, [pc, #24]	; (10000c58 <timer_pool_entry_comparator+0x74>)
10000c40:	213c      	movs	r1, #60	; 0x3c
10000c42:	4806      	ldr	r0, [pc, #24]	; (10000c5c <timer_pool_entry_comparator+0x78>)
10000c44:	f001 fb64 	bl	10002310 <__assert_func>
10000c48:	42a2      	cmp	r2, r4
10000c4a:	d8ef      	bhi.n	10000c2c <timer_pool_entry_comparator+0x48>
10000c4c:	e7ed      	b.n	10000c2a <timer_pool_entry_comparator+0x46>
10000c4e:	46c0      	nop			; (mov r8, r8)
10000c50:	0fffffff 	.word	0x0fffffff
10000c54:	10004ca4 	.word	0x10004ca4
10000c58:	10004f24 	.word	0x10004f24
10000c5c:	10004c50 	.word	0x10004c50

10000c60 <ph_add_child_node>:
10000c60:	b510      	push	{r4, lr}
10000c62:	2900      	cmp	r1, #0
10000c64:	d01e      	beq.n	10000ca4 <ph_add_child_node+0x44>
10000c66:	7b03      	ldrb	r3, [r0, #12]
10000c68:	4299      	cmp	r1, r3
10000c6a:	d81b      	bhi.n	10000ca4 <ph_add_child_node+0x44>
10000c6c:	004b      	lsls	r3, r1, #1
10000c6e:	185b      	adds	r3, r3, r1
10000c70:	3b03      	subs	r3, #3
10000c72:	6804      	ldr	r4, [r0, #0]
10000c74:	46a4      	mov	ip, r4
10000c76:	4463      	add	r3, ip
10000c78:	2900      	cmp	r1, #0
10000c7a:	d019      	beq.n	10000cb0 <ph_add_child_node+0x50>
10000c7c:	2a00      	cmp	r2, #0
10000c7e:	d01d      	beq.n	10000cbc <ph_add_child_node+0x5c>
10000c80:	4291      	cmp	r1, r2
10000c82:	d021      	beq.n	10000cc8 <ph_add_child_node+0x68>
10000c84:	2a00      	cmp	r2, #0
10000c86:	d025      	beq.n	10000cd4 <ph_add_child_node+0x74>
10000c88:	7b04      	ldrb	r4, [r0, #12]
10000c8a:	42a2      	cmp	r2, r4
10000c8c:	d822      	bhi.n	10000cd4 <ph_add_child_node+0x74>
10000c8e:	6804      	ldr	r4, [r0, #0]
10000c90:	0050      	lsls	r0, r2, #1
10000c92:	1880      	adds	r0, r0, r2
10000c94:	3803      	subs	r0, #3
10000c96:	1820      	adds	r0, r4, r0
10000c98:	7081      	strb	r1, [r0, #2]
10000c9a:	7819      	ldrb	r1, [r3, #0]
10000c9c:	2900      	cmp	r1, #0
10000c9e:	d11f      	bne.n	10000ce0 <ph_add_child_node+0x80>
10000ca0:	701a      	strb	r2, [r3, #0]
10000ca2:	bd10      	pop	{r4, pc}
10000ca4:	4b10      	ldr	r3, [pc, #64]	; (10000ce8 <ph_add_child_node+0x88>)
10000ca6:	4a11      	ldr	r2, [pc, #68]	; (10000cec <ph_add_child_node+0x8c>)
10000ca8:	2168      	movs	r1, #104	; 0x68
10000caa:	4811      	ldr	r0, [pc, #68]	; (10000cf0 <ph_add_child_node+0x90>)
10000cac:	f001 fb30 	bl	10002310 <__assert_func>
10000cb0:	4b10      	ldr	r3, [pc, #64]	; (10000cf4 <ph_add_child_node+0x94>)
10000cb2:	4a11      	ldr	r2, [pc, #68]	; (10000cf8 <ph_add_child_node+0x98>)
10000cb4:	316f      	adds	r1, #111	; 0x6f
10000cb6:	480e      	ldr	r0, [pc, #56]	; (10000cf0 <ph_add_child_node+0x90>)
10000cb8:	f001 fb2a 	bl	10002310 <__assert_func>
10000cbc:	4b0f      	ldr	r3, [pc, #60]	; (10000cfc <ph_add_child_node+0x9c>)
10000cbe:	4a0e      	ldr	r2, [pc, #56]	; (10000cf8 <ph_add_child_node+0x98>)
10000cc0:	2170      	movs	r1, #112	; 0x70
10000cc2:	480b      	ldr	r0, [pc, #44]	; (10000cf0 <ph_add_child_node+0x90>)
10000cc4:	f001 fb24 	bl	10002310 <__assert_func>
10000cc8:	4b0d      	ldr	r3, [pc, #52]	; (10000d00 <ph_add_child_node+0xa0>)
10000cca:	4a0b      	ldr	r2, [pc, #44]	; (10000cf8 <ph_add_child_node+0x98>)
10000ccc:	2171      	movs	r1, #113	; 0x71
10000cce:	4808      	ldr	r0, [pc, #32]	; (10000cf0 <ph_add_child_node+0x90>)
10000cd0:	f001 fb1e 	bl	10002310 <__assert_func>
10000cd4:	4b04      	ldr	r3, [pc, #16]	; (10000ce8 <ph_add_child_node+0x88>)
10000cd6:	4a05      	ldr	r2, [pc, #20]	; (10000cec <ph_add_child_node+0x8c>)
10000cd8:	2168      	movs	r1, #104	; 0x68
10000cda:	4805      	ldr	r0, [pc, #20]	; (10000cf0 <ph_add_child_node+0x90>)
10000cdc:	f001 fb18 	bl	10002310 <__assert_func>
10000ce0:	7041      	strb	r1, [r0, #1]
10000ce2:	701a      	strb	r2, [r3, #0]
10000ce4:	e7dd      	b.n	10000ca2 <ph_add_child_node+0x42>
10000ce6:	46c0      	nop			; (mov r8, r8)
10000ce8:	10004cc8 	.word	0x10004cc8
10000cec:	10004f90 	.word	0x10004f90
10000cf0:	10004ce4 	.word	0x10004ce4
10000cf4:	10004d4c 	.word	0x10004d4c
10000cf8:	10004f6c 	.word	0x10004f6c
10000cfc:	10004d58 	.word	0x10004d58
10000d00:	10004d64 	.word	0x10004d64

10000d04 <ph_merge_nodes>:
10000d04:	b570      	push	{r4, r5, r6, lr}
10000d06:	0006      	movs	r6, r0
10000d08:	000d      	movs	r5, r1
10000d0a:	0014      	movs	r4, r2
10000d0c:	2900      	cmp	r1, #0
10000d0e:	d014      	beq.n	10000d3a <ph_merge_nodes+0x36>
10000d10:	2a00      	cmp	r2, #0
10000d12:	d014      	beq.n	10000d3e <ph_merge_nodes+0x3a>
10000d14:	6880      	ldr	r0, [r0, #8]
10000d16:	6873      	ldr	r3, [r6, #4]
10000d18:	4798      	blx	r3
10000d1a:	2800      	cmp	r0, #0
10000d1c:	d006      	beq.n	10000d2c <ph_merge_nodes+0x28>
10000d1e:	0022      	movs	r2, r4
10000d20:	0029      	movs	r1, r5
10000d22:	0030      	movs	r0, r6
10000d24:	f7ff ff9c 	bl	10000c60 <ph_add_child_node>
10000d28:	0028      	movs	r0, r5
10000d2a:	e007      	b.n	10000d3c <ph_merge_nodes+0x38>
10000d2c:	002a      	movs	r2, r5
10000d2e:	0021      	movs	r1, r4
10000d30:	0030      	movs	r0, r6
10000d32:	f7ff ff95 	bl	10000c60 <ph_add_child_node>
10000d36:	0020      	movs	r0, r4
10000d38:	e000      	b.n	10000d3c <ph_merge_nodes+0x38>
10000d3a:	0010      	movs	r0, r2
10000d3c:	bd70      	pop	{r4, r5, r6, pc}
10000d3e:	0008      	movs	r0, r1
10000d40:	e7fc      	b.n	10000d3c <ph_merge_nodes+0x38>
	...

10000d44 <add_alarm_under_lock>:
10000d44:	b5f0      	push	{r4, r5, r6, r7, lr}
10000d46:	b083      	sub	sp, #12
10000d48:	0005      	movs	r5, r0
10000d4a:	9200      	str	r2, [sp, #0]
10000d4c:	9301      	str	r3, [sp, #4]
10000d4e:	ab0a      	add	r3, sp, #40	; 0x28
10000d50:	781c      	ldrb	r4, [r3, #0]
10000d52:	ab0b      	add	r3, sp, #44	; 0x2c
10000d54:	781f      	ldrb	r7, [r3, #0]
10000d56:	2c00      	cmp	r4, #0
10000d58:	d026      	beq.n	10000da8 <add_alarm_under_lock+0x64>
10000d5a:	6803      	ldr	r3, [r0, #0]
10000d5c:	7b5a      	ldrb	r2, [r3, #13]
10000d5e:	4294      	cmp	r4, r2
10000d60:	d107      	bne.n	10000d72 <add_alarm_under_lock+0x2e>
10000d62:	2301      	movs	r3, #1
10000d64:	2b00      	cmp	r3, #0
10000d66:	d119      	bne.n	10000d9c <add_alarm_under_lock+0x58>
10000d68:	2c00      	cmp	r4, #0
10000d6a:	d13b      	bne.n	10000de4 <add_alarm_under_lock+0xa0>
10000d6c:	0020      	movs	r0, r4
10000d6e:	b003      	add	sp, #12
10000d70:	bdf0      	pop	{r4, r5, r6, r7, pc}
10000d72:	2c00      	cmp	r4, #0
10000d74:	d00c      	beq.n	10000d90 <add_alarm_under_lock+0x4c>
10000d76:	7b1a      	ldrb	r2, [r3, #12]
10000d78:	4294      	cmp	r4, r2
10000d7a:	d809      	bhi.n	10000d90 <add_alarm_under_lock+0x4c>
10000d7c:	681a      	ldr	r2, [r3, #0]
10000d7e:	0063      	lsls	r3, r4, #1
10000d80:	191b      	adds	r3, r3, r4
10000d82:	3b03      	subs	r3, #3
10000d84:	18d3      	adds	r3, r2, r3
10000d86:	789b      	ldrb	r3, [r3, #2]
10000d88:	2b00      	cmp	r3, #0
10000d8a:	d0eb      	beq.n	10000d64 <add_alarm_under_lock+0x20>
10000d8c:	2301      	movs	r3, #1
10000d8e:	e7e9      	b.n	10000d64 <add_alarm_under_lock+0x20>
10000d90:	4b3e      	ldr	r3, [pc, #248]	; (10000e8c <add_alarm_under_lock+0x148>)
10000d92:	4a3f      	ldr	r2, [pc, #252]	; (10000e90 <add_alarm_under_lock+0x14c>)
10000d94:	2168      	movs	r1, #104	; 0x68
10000d96:	483f      	ldr	r0, [pc, #252]	; (10000e94 <add_alarm_under_lock+0x150>)
10000d98:	f001 faba 	bl	10002310 <__assert_func>
10000d9c:	4b3e      	ldr	r3, [pc, #248]	; (10000e98 <add_alarm_under_lock+0x154>)
10000d9e:	4a3f      	ldr	r2, [pc, #252]	; (10000e9c <add_alarm_under_lock+0x158>)
10000da0:	2167      	movs	r1, #103	; 0x67
10000da2:	483f      	ldr	r0, [pc, #252]	; (10000ea0 <add_alarm_under_lock+0x15c>)
10000da4:	f001 fab4 	bl	10002310 <__assert_func>
10000da8:	6803      	ldr	r3, [r0, #0]
10000daa:	7b9c      	ldrb	r4, [r3, #14]
10000dac:	2c00      	cmp	r4, #0
10000dae:	d0db      	beq.n	10000d68 <add_alarm_under_lock+0x24>
10000db0:	d012      	beq.n	10000dd8 <add_alarm_under_lock+0x94>
10000db2:	7b1a      	ldrb	r2, [r3, #12]
10000db4:	4294      	cmp	r4, r2
10000db6:	d80f      	bhi.n	10000dd8 <add_alarm_under_lock+0x94>
10000db8:	0062      	lsls	r2, r4, #1
10000dba:	1912      	adds	r2, r2, r4
10000dbc:	3a03      	subs	r2, #3
10000dbe:	6819      	ldr	r1, [r3, #0]
10000dc0:	468c      	mov	ip, r1
10000dc2:	4462      	add	r2, ip
10000dc4:	7851      	ldrb	r1, [r2, #1]
10000dc6:	7399      	strb	r1, [r3, #14]
10000dc8:	2900      	cmp	r1, #0
10000dca:	d100      	bne.n	10000dce <add_alarm_under_lock+0x8a>
10000dcc:	73d9      	strb	r1, [r3, #15]
10000dce:	2300      	movs	r3, #0
10000dd0:	7093      	strb	r3, [r2, #2]
10000dd2:	7053      	strb	r3, [r2, #1]
10000dd4:	7013      	strb	r3, [r2, #0]
10000dd6:	e7c7      	b.n	10000d68 <add_alarm_under_lock+0x24>
10000dd8:	4b2c      	ldr	r3, [pc, #176]	; (10000e8c <add_alarm_under_lock+0x148>)
10000dda:	4a2d      	ldr	r2, [pc, #180]	; (10000e90 <add_alarm_under_lock+0x14c>)
10000ddc:	2168      	movs	r1, #104	; 0x68
10000dde:	482d      	ldr	r0, [pc, #180]	; (10000e94 <add_alarm_under_lock+0x150>)
10000de0:	f001 fa96 	bl	10002310 <__assert_func>
10000de4:	2c00      	cmp	r4, #0
10000de6:	d03a      	beq.n	10000e5e <add_alarm_under_lock+0x11a>
10000de8:	682b      	ldr	r3, [r5, #0]
10000dea:	7b1b      	ldrb	r3, [r3, #12]
10000dec:	429c      	cmp	r4, r3
10000dee:	d836      	bhi.n	10000e5e <add_alarm_under_lock+0x11a>
10000df0:	4b2c      	ldr	r3, [pc, #176]	; (10000ea4 <add_alarm_under_lock+0x160>)
10000df2:	18e3      	adds	r3, r4, r3
10000df4:	011b      	lsls	r3, r3, #4
10000df6:	68aa      	ldr	r2, [r5, #8]
10000df8:	4694      	mov	ip, r2
10000dfa:	4463      	add	r3, ip
10000dfc:	9a00      	ldr	r2, [sp, #0]
10000dfe:	601a      	str	r2, [r3, #0]
10000e00:	9a01      	ldr	r2, [sp, #4]
10000e02:	605a      	str	r2, [r3, #4]
10000e04:	9a08      	ldr	r2, [sp, #32]
10000e06:	609a      	str	r2, [r3, #8]
10000e08:	9a09      	ldr	r2, [sp, #36]	; 0x24
10000e0a:	60da      	str	r2, [r3, #12]
10000e0c:	682e      	ldr	r6, [r5, #0]
10000e0e:	2c00      	cmp	r4, #0
10000e10:	d02b      	beq.n	10000e6a <add_alarm_under_lock+0x126>
10000e12:	d030      	beq.n	10000e76 <add_alarm_under_lock+0x132>
10000e14:	7b33      	ldrb	r3, [r6, #12]
10000e16:	429c      	cmp	r4, r3
10000e18:	d82d      	bhi.n	10000e76 <add_alarm_under_lock+0x132>
10000e1a:	0063      	lsls	r3, r4, #1
10000e1c:	191b      	adds	r3, r3, r4
10000e1e:	3b03      	subs	r3, #3
10000e20:	6832      	ldr	r2, [r6, #0]
10000e22:	4694      	mov	ip, r2
10000e24:	4463      	add	r3, ip
10000e26:	2200      	movs	r2, #0
10000e28:	709a      	strb	r2, [r3, #2]
10000e2a:	705a      	strb	r2, [r3, #1]
10000e2c:	701a      	strb	r2, [r3, #0]
10000e2e:	7b71      	ldrb	r1, [r6, #13]
10000e30:	0022      	movs	r2, r4
10000e32:	0030      	movs	r0, r6
10000e34:	f7ff ff66 	bl	10000d04 <ph_merge_nodes>
10000e38:	7370      	strb	r0, [r6, #13]
10000e3a:	4284      	cmp	r4, r0
10000e3c:	d000      	beq.n	10000e40 <add_alarm_under_lock+0xfc>
10000e3e:	e795      	b.n	10000d6c <add_alarm_under_lock+0x28>
10000e40:	7d28      	ldrb	r0, [r5, #20]
10000e42:	9a00      	ldr	r2, [sp, #0]
10000e44:	9b01      	ldr	r3, [sp, #4]
10000e46:	f000 fd25 	bl	10001894 <hardware_alarm_set_target>
10000e4a:	1e06      	subs	r6, r0, #0
10000e4c:	d001      	beq.n	10000e52 <add_alarm_under_lock+0x10e>
10000e4e:	2f00      	cmp	r7, #0
10000e50:	d017      	beq.n	10000e82 <add_alarm_under_lock+0x13e>
10000e52:	9b0c      	ldr	r3, [sp, #48]	; 0x30
10000e54:	2b00      	cmp	r3, #0
10000e56:	d100      	bne.n	10000e5a <add_alarm_under_lock+0x116>
10000e58:	e788      	b.n	10000d6c <add_alarm_under_lock+0x28>
10000e5a:	701e      	strb	r6, [r3, #0]
10000e5c:	e786      	b.n	10000d6c <add_alarm_under_lock+0x28>
10000e5e:	4b12      	ldr	r3, [pc, #72]	; (10000ea8 <add_alarm_under_lock+0x164>)
10000e60:	4a12      	ldr	r2, [pc, #72]	; (10000eac <add_alarm_under_lock+0x168>)
10000e62:	213c      	movs	r1, #60	; 0x3c
10000e64:	480e      	ldr	r0, [pc, #56]	; (10000ea0 <add_alarm_under_lock+0x15c>)
10000e66:	f001 fa53 	bl	10002310 <__assert_func>
10000e6a:	4b11      	ldr	r3, [pc, #68]	; (10000eb0 <add_alarm_under_lock+0x16c>)
10000e6c:	4a11      	ldr	r2, [pc, #68]	; (10000eb4 <add_alarm_under_lock+0x170>)
10000e6e:	21a5      	movs	r1, #165	; 0xa5
10000e70:	4808      	ldr	r0, [pc, #32]	; (10000e94 <add_alarm_under_lock+0x150>)
10000e72:	f001 fa4d 	bl	10002310 <__assert_func>
10000e76:	4b05      	ldr	r3, [pc, #20]	; (10000e8c <add_alarm_under_lock+0x148>)
10000e78:	4a05      	ldr	r2, [pc, #20]	; (10000e90 <add_alarm_under_lock+0x14c>)
10000e7a:	2168      	movs	r1, #104	; 0x68
10000e7c:	4805      	ldr	r0, [pc, #20]	; (10000e94 <add_alarm_under_lock+0x150>)
10000e7e:	f001 fa47 	bl	10002310 <__assert_func>
10000e82:	6828      	ldr	r0, [r5, #0]
10000e84:	0021      	movs	r1, r4
10000e86:	f000 ff3d 	bl	10001d04 <ph_remove_and_free_node>
10000e8a:	e7e2      	b.n	10000e52 <add_alarm_under_lock+0x10e>
10000e8c:	10004cc8 	.word	0x10004cc8
10000e90:	10004f90 	.word	0x10004f90
10000e94:	10004ce4 	.word	0x10004ce4
10000e98:	10004d7c 	.word	0x10004d7c
10000e9c:	10004f9c 	.word	0x10004f9c
10000ea0:	10004c50 	.word	0x10004c50
10000ea4:	0fffffff 	.word	0x0fffffff
10000ea8:	10004ca4 	.word	0x10004ca4
10000eac:	10004f24 	.word	0x10004f24
10000eb0:	10004c4c 	.word	0x10004c4c
10000eb4:	10004f80 	.word	0x10004f80

10000eb8 <alarm_pool_alarm_callback>:
10000eb8:	b5f0      	push	{r4, r5, r6, r7, lr}
10000eba:	46de      	mov	lr, fp
10000ebc:	4657      	mov	r7, sl
10000ebe:	464e      	mov	r6, r9
10000ec0:	4645      	mov	r5, r8
10000ec2:	b5e0      	push	{r5, r6, r7, lr}
10000ec4:	b08b      	sub	sp, #44	; 0x2c
10000ec6:	9009      	str	r0, [sp, #36]	; 0x24
10000ec8:	2300      	movs	r3, #0
10000eca:	9308      	str	r3, [sp, #32]
10000ecc:	0082      	lsls	r2, r0, #2
10000ece:	4bb5      	ldr	r3, [pc, #724]	; (100011a4 <alarm_pool_alarm_callback+0x2ec>)
10000ed0:	58d6      	ldr	r6, [r2, r3]
10000ed2:	0037      	movs	r7, r6
10000ed4:	e052      	b.n	10000f7c <alarm_pool_alarm_callback+0xc4>
10000ed6:	4bb4      	ldr	r3, [pc, #720]	; (100011a8 <alarm_pool_alarm_callback+0x2f0>)
10000ed8:	4ab4      	ldr	r2, [pc, #720]	; (100011ac <alarm_pool_alarm_callback+0x2f4>)
10000eda:	213f      	movs	r1, #63	; 0x3f
10000edc:	48b4      	ldr	r0, [pc, #720]	; (100011b0 <alarm_pool_alarm_callback+0x2f8>)
10000ede:	f001 fa17 	bl	10002310 <__assert_func>
10000ee2:	4bb4      	ldr	r3, [pc, #720]	; (100011b4 <alarm_pool_alarm_callback+0x2fc>)
10000ee4:	4ab4      	ldr	r2, [pc, #720]	; (100011b8 <alarm_pool_alarm_callback+0x300>)
10000ee6:	213c      	movs	r1, #60	; 0x3c
10000ee8:	48b4      	ldr	r0, [pc, #720]	; (100011bc <alarm_pool_alarm_callback+0x304>)
10000eea:	f001 fa11 	bl	10002310 <__assert_func>
10000eee:	2900      	cmp	r1, #0
10000ef0:	d101      	bne.n	10000ef6 <alarm_pool_alarm_callback+0x3e>
10000ef2:	2800      	cmp	r0, #0
10000ef4:	d169      	bne.n	10000fca <alarm_pool_alarm_callback+0x112>
10000ef6:	2100      	movs	r1, #0
10000ef8:	4640      	mov	r0, r8
10000efa:	f000 fef9 	bl	10001cf0 <ph_remove_head>
10000efe:	42a0      	cmp	r0, r4
10000f00:	d119      	bne.n	10000f36 <alarm_pool_alarm_callback+0x7e>
10000f02:	682a      	ldr	r2, [r5, #0]
10000f04:	686b      	ldr	r3, [r5, #4]
10000f06:	9206      	str	r2, [sp, #24]
10000f08:	9307      	str	r3, [sp, #28]
10000f0a:	68ab      	ldr	r3, [r5, #8]
10000f0c:	4698      	mov	r8, r3
10000f0e:	68eb      	ldr	r3, [r5, #12]
10000f10:	469a      	mov	sl, r3
10000f12:	4643      	mov	r3, r8
10000f14:	2b00      	cmp	r3, #0
10000f16:	d014      	beq.n	10000f42 <alarm_pool_alarm_callback+0x8a>
10000f18:	2c00      	cmp	r4, #0
10000f1a:	d018      	beq.n	10000f4e <alarm_pool_alarm_callback+0x96>
10000f1c:	683b      	ldr	r3, [r7, #0]
10000f1e:	7b1b      	ldrb	r3, [r3, #12]
10000f20:	429c      	cmp	r4, r3
10000f22:	d814      	bhi.n	10000f4e <alarm_pool_alarm_callback+0x96>
10000f24:	1e63      	subs	r3, r4, #1
10000f26:	68fa      	ldr	r2, [r7, #12]
10000f28:	5cd3      	ldrb	r3, [r2, r3]
10000f2a:	9308      	str	r3, [sp, #32]
10000f2c:	021b      	lsls	r3, r3, #8
10000f2e:	4318      	orrs	r0, r3
10000f30:	6138      	str	r0, [r7, #16]
10000f32:	2000      	movs	r0, #0
10000f34:	e015      	b.n	10000f62 <alarm_pool_alarm_callback+0xaa>
10000f36:	4ba2      	ldr	r3, [pc, #648]	; (100011c0 <alarm_pool_alarm_callback+0x308>)
10000f38:	4aa2      	ldr	r2, [pc, #648]	; (100011c4 <alarm_pool_alarm_callback+0x30c>)
10000f3a:	218e      	movs	r1, #142	; 0x8e
10000f3c:	489f      	ldr	r0, [pc, #636]	; (100011bc <alarm_pool_alarm_callback+0x304>)
10000f3e:	f001 f9e7 	bl	10002310 <__assert_func>
10000f42:	4ba1      	ldr	r3, [pc, #644]	; (100011c8 <alarm_pool_alarm_callback+0x310>)
10000f44:	4a9f      	ldr	r2, [pc, #636]	; (100011c4 <alarm_pool_alarm_callback+0x30c>)
10000f46:	2192      	movs	r1, #146	; 0x92
10000f48:	489c      	ldr	r0, [pc, #624]	; (100011bc <alarm_pool_alarm_callback+0x304>)
10000f4a:	f001 f9e1 	bl	10002310 <__assert_func>
10000f4e:	4b99      	ldr	r3, [pc, #612]	; (100011b4 <alarm_pool_alarm_callback+0x2fc>)
10000f50:	4a9e      	ldr	r2, [pc, #632]	; (100011cc <alarm_pool_alarm_callback+0x314>)
10000f52:	2141      	movs	r1, #65	; 0x41
10000f54:	4899      	ldr	r0, [pc, #612]	; (100011bc <alarm_pool_alarm_callback+0x304>)
10000f56:	f001 f9db 	bl	10002310 <__assert_func>
10000f5a:	2300      	movs	r3, #0
10000f5c:	469a      	mov	sl, r3
10000f5e:	4698      	mov	r8, r3
10000f60:	2000      	movs	r0, #0
10000f62:	687b      	ldr	r3, [r7, #4]
10000f64:	f3bf 8f5f 	dmb	sy
10000f68:	2200      	movs	r2, #0
10000f6a:	601a      	str	r2, [r3, #0]
10000f6c:	f386 8810 	msr	PRIMASK, r6
10000f70:	4643      	mov	r3, r8
10000f72:	2b00      	cmp	r3, #0
10000f74:	d132      	bne.n	10000fdc <alarm_pool_alarm_callback+0x124>
10000f76:	2800      	cmp	r0, #0
10000f78:	d100      	bne.n	10000f7c <alarm_pool_alarm_callback+0xc4>
10000f7a:	e10c      	b.n	10001196 <alarm_pool_alarm_callback+0x2de>
10000f7c:	f000 fbfe 	bl	1000177c <time_us_64>
10000f80:	0002      	movs	r2, r0
10000f82:	1e0b      	subs	r3, r1, #0
10000f84:	dba7      	blt.n	10000ed6 <alarm_pool_alarm_callback+0x1e>
10000f86:	2000      	movs	r0, #0
10000f88:	2100      	movs	r1, #0
10000f8a:	9006      	str	r0, [sp, #24]
10000f8c:	9107      	str	r1, [sp, #28]
10000f8e:	6878      	ldr	r0, [r7, #4]
10000f90:	f3ef 8610 	mrs	r6, PRIMASK
10000f94:	b672      	cpsid	i
10000f96:	6801      	ldr	r1, [r0, #0]
10000f98:	2900      	cmp	r1, #0
10000f9a:	d0fc      	beq.n	10000f96 <alarm_pool_alarm_callback+0xde>
10000f9c:	f3bf 8f5f 	dmb	sy
10000fa0:	6839      	ldr	r1, [r7, #0]
10000fa2:	4688      	mov	r8, r1
10000fa4:	7b4c      	ldrb	r4, [r1, #13]
10000fa6:	2c00      	cmp	r4, #0
10000fa8:	d0d7      	beq.n	10000f5a <alarm_pool_alarm_callback+0xa2>
10000faa:	d09a      	beq.n	10000ee2 <alarm_pool_alarm_callback+0x2a>
10000fac:	7b09      	ldrb	r1, [r1, #12]
10000fae:	428c      	cmp	r4, r1
10000fb0:	d897      	bhi.n	10000ee2 <alarm_pool_alarm_callback+0x2a>
10000fb2:	4987      	ldr	r1, [pc, #540]	; (100011d0 <alarm_pool_alarm_callback+0x318>)
10000fb4:	1865      	adds	r5, r4, r1
10000fb6:	012d      	lsls	r5, r5, #4
10000fb8:	68b9      	ldr	r1, [r7, #8]
10000fba:	468c      	mov	ip, r1
10000fbc:	4465      	add	r5, ip
10000fbe:	6828      	ldr	r0, [r5, #0]
10000fc0:	6869      	ldr	r1, [r5, #4]
10000fc2:	1a80      	subs	r0, r0, r2
10000fc4:	4199      	sbcs	r1, r3
10000fc6:	2900      	cmp	r1, #0
10000fc8:	dd91      	ble.n	10000eee <alarm_pool_alarm_callback+0x36>
10000fca:	682a      	ldr	r2, [r5, #0]
10000fcc:	686b      	ldr	r3, [r5, #4]
10000fce:	9809      	ldr	r0, [sp, #36]	; 0x24
10000fd0:	f000 fc60 	bl	10001894 <hardware_alarm_set_target>
10000fd4:	2300      	movs	r3, #0
10000fd6:	469a      	mov	sl, r3
10000fd8:	4698      	mov	r8, r3
10000fda:	e7c2      	b.n	10000f62 <alarm_pool_alarm_callback+0xaa>
10000fdc:	9b08      	ldr	r3, [sp, #32]
10000fde:	021b      	lsls	r3, r3, #8
10000fe0:	4323      	orrs	r3, r4
10000fe2:	4699      	mov	r9, r3
10000fe4:	4651      	mov	r1, sl
10000fe6:	0018      	movs	r0, r3
10000fe8:	47c0      	blx	r8
10000fea:	0005      	movs	r5, r0
10000fec:	000e      	movs	r6, r1
10000fee:	687a      	ldr	r2, [r7, #4]
10000ff0:	f3ef 8b10 	mrs	fp, PRIMASK
10000ff4:	b672      	cpsid	i
10000ff6:	6813      	ldr	r3, [r2, #0]
10000ff8:	4259      	negs	r1, r3
10000ffa:	414b      	adcs	r3, r1
10000ffc:	b2d9      	uxtb	r1, r3
10000ffe:	2b00      	cmp	r3, #0
10001000:	d1f9      	bne.n	10000ff6 <alarm_pool_alarm_callback+0x13e>
10001002:	f3bf 8f5f 	dmb	sy
10001006:	2e00      	cmp	r6, #0
10001008:	db1e      	blt.n	10001048 <alarm_pool_alarm_callback+0x190>
1000100a:	2e00      	cmp	r6, #0
1000100c:	dd46      	ble.n	1000109c <alarm_pool_alarm_callback+0x1e4>
1000100e:	693b      	ldr	r3, [r7, #16]
10001010:	2b00      	cmp	r3, #0
10001012:	d047      	beq.n	100010a4 <alarm_pool_alarm_callback+0x1ec>
10001014:	454b      	cmp	r3, r9
10001016:	d16d      	bne.n	100010f4 <alarm_pool_alarm_callback+0x23c>
10001018:	f000 fbb0 	bl	1000177c <time_us_64>
1000101c:	0002      	movs	r2, r0
1000101e:	1e0b      	subs	r3, r1, #0
10001020:	db6e      	blt.n	10001100 <alarm_pool_alarm_callback+0x248>
10001022:	1952      	adds	r2, r2, r5
10001024:	4173      	adcs	r3, r6
10001026:	2b00      	cmp	r3, #0
10001028:	db70      	blt.n	1000110c <alarm_pool_alarm_callback+0x254>
1000102a:	2b00      	cmp	r3, #0
1000102c:	db72      	blt.n	10001114 <alarm_pool_alarm_callback+0x25c>
1000102e:	2100      	movs	r1, #0
10001030:	9104      	str	r1, [sp, #16]
10001032:	3101      	adds	r1, #1
10001034:	9103      	str	r1, [sp, #12]
10001036:	9402      	str	r4, [sp, #8]
10001038:	4651      	mov	r1, sl
1000103a:	9101      	str	r1, [sp, #4]
1000103c:	4641      	mov	r1, r8
1000103e:	9100      	str	r1, [sp, #0]
10001040:	0038      	movs	r0, r7
10001042:	f7ff fe7f 	bl	10000d44 <add_alarm_under_lock>
10001046:	e04c      	b.n	100010e2 <alarm_pool_alarm_callback+0x22a>
10001048:	693b      	ldr	r3, [r7, #16]
1000104a:	2b00      	cmp	r3, #0
1000104c:	d0dd      	beq.n	1000100a <alarm_pool_alarm_callback+0x152>
1000104e:	454b      	cmp	r3, r9
10001050:	d114      	bne.n	1000107c <alarm_pool_alarm_callback+0x1c4>
10001052:	9a06      	ldr	r2, [sp, #24]
10001054:	9b07      	ldr	r3, [sp, #28]
10001056:	1b52      	subs	r2, r2, r5
10001058:	41b3      	sbcs	r3, r6
1000105a:	2b00      	cmp	r3, #0
1000105c:	db14      	blt.n	10001088 <alarm_pool_alarm_callback+0x1d0>
1000105e:	2b00      	cmp	r3, #0
10001060:	db16      	blt.n	10001090 <alarm_pool_alarm_callback+0x1d8>
10001062:	2100      	movs	r1, #0
10001064:	9104      	str	r1, [sp, #16]
10001066:	3101      	adds	r1, #1
10001068:	9103      	str	r1, [sp, #12]
1000106a:	9402      	str	r4, [sp, #8]
1000106c:	4651      	mov	r1, sl
1000106e:	9101      	str	r1, [sp, #4]
10001070:	4641      	mov	r1, r8
10001072:	9100      	str	r1, [sp, #0]
10001074:	0038      	movs	r0, r7
10001076:	f7ff fe65 	bl	10000d44 <add_alarm_under_lock>
1000107a:	e032      	b.n	100010e2 <alarm_pool_alarm_callback+0x22a>
1000107c:	4b55      	ldr	r3, [pc, #340]	; (100011d4 <alarm_pool_alarm_callback+0x31c>)
1000107e:	4a51      	ldr	r2, [pc, #324]	; (100011c4 <alarm_pool_alarm_callback+0x30c>)
10001080:	21a1      	movs	r1, #161	; 0xa1
10001082:	484e      	ldr	r0, [pc, #312]	; (100011bc <alarm_pool_alarm_callback+0x304>)
10001084:	f001 f944 	bl	10002310 <__assert_func>
10001088:	2201      	movs	r2, #1
1000108a:	4252      	negs	r2, r2
1000108c:	4b52      	ldr	r3, [pc, #328]	; (100011d8 <alarm_pool_alarm_callback+0x320>)
1000108e:	e7e6      	b.n	1000105e <alarm_pool_alarm_callback+0x1a6>
10001090:	4b45      	ldr	r3, [pc, #276]	; (100011a8 <alarm_pool_alarm_callback+0x2f0>)
10001092:	4a46      	ldr	r2, [pc, #280]	; (100011ac <alarm_pool_alarm_callback+0x2f4>)
10001094:	213f      	movs	r1, #63	; 0x3f
10001096:	4846      	ldr	r0, [pc, #280]	; (100011b0 <alarm_pool_alarm_callback+0x2f8>)
10001098:	f001 f93a 	bl	10002310 <__assert_func>
1000109c:	2e00      	cmp	r6, #0
1000109e:	d101      	bne.n	100010a4 <alarm_pool_alarm_callback+0x1ec>
100010a0:	2d00      	cmp	r5, #0
100010a2:	d1b4      	bne.n	1000100e <alarm_pool_alarm_callback+0x156>
100010a4:	683b      	ldr	r3, [r7, #0]
100010a6:	2c00      	cmp	r4, #0
100010a8:	d050      	beq.n	1000114c <alarm_pool_alarm_callback+0x294>
100010aa:	7b5a      	ldrb	r2, [r3, #13]
100010ac:	4294      	cmp	r4, r2
100010ae:	d137      	bne.n	10001120 <alarm_pool_alarm_callback+0x268>
100010b0:	2101      	movs	r1, #1
100010b2:	2900      	cmp	r1, #0
100010b4:	d14a      	bne.n	1000114c <alarm_pool_alarm_callback+0x294>
100010b6:	7bda      	ldrb	r2, [r3, #15]
100010b8:	2a00      	cmp	r2, #0
100010ba:	d14d      	bne.n	10001158 <alarm_pool_alarm_callback+0x2a0>
100010bc:	7b9a      	ldrb	r2, [r3, #14]
100010be:	2a00      	cmp	r2, #0
100010c0:	d103      	bne.n	100010ca <alarm_pool_alarm_callback+0x212>
100010c2:	7bda      	ldrb	r2, [r3, #15]
100010c4:	2a00      	cmp	r2, #0
100010c6:	d15a      	bne.n	1000117e <alarm_pool_alarm_callback+0x2c6>
100010c8:	739c      	strb	r4, [r3, #14]
100010ca:	73dc      	strb	r4, [r3, #15]
100010cc:	2c00      	cmp	r4, #0
100010ce:	d05c      	beq.n	1000118a <alarm_pool_alarm_callback+0x2d2>
100010d0:	683b      	ldr	r3, [r7, #0]
100010d2:	7b1b      	ldrb	r3, [r3, #12]
100010d4:	429c      	cmp	r4, r3
100010d6:	d858      	bhi.n	1000118a <alarm_pool_alarm_callback+0x2d2>
100010d8:	68fa      	ldr	r2, [r7, #12]
100010da:	3c01      	subs	r4, #1
100010dc:	5d13      	ldrb	r3, [r2, r4]
100010de:	3301      	adds	r3, #1
100010e0:	5513      	strb	r3, [r2, r4]
100010e2:	2300      	movs	r3, #0
100010e4:	613b      	str	r3, [r7, #16]
100010e6:	687a      	ldr	r2, [r7, #4]
100010e8:	f3bf 8f5f 	dmb	sy
100010ec:	6013      	str	r3, [r2, #0]
100010ee:	f38b 8810 	msr	PRIMASK, fp
100010f2:	e743      	b.n	10000f7c <alarm_pool_alarm_callback+0xc4>
100010f4:	4b37      	ldr	r3, [pc, #220]	; (100011d4 <alarm_pool_alarm_callback+0x31c>)
100010f6:	4a33      	ldr	r2, [pc, #204]	; (100011c4 <alarm_pool_alarm_callback+0x30c>)
100010f8:	21a4      	movs	r1, #164	; 0xa4
100010fa:	4830      	ldr	r0, [pc, #192]	; (100011bc <alarm_pool_alarm_callback+0x304>)
100010fc:	f001 f908 	bl	10002310 <__assert_func>
10001100:	4b29      	ldr	r3, [pc, #164]	; (100011a8 <alarm_pool_alarm_callback+0x2f0>)
10001102:	4a2a      	ldr	r2, [pc, #168]	; (100011ac <alarm_pool_alarm_callback+0x2f4>)
10001104:	213f      	movs	r1, #63	; 0x3f
10001106:	482a      	ldr	r0, [pc, #168]	; (100011b0 <alarm_pool_alarm_callback+0x2f8>)
10001108:	f001 f902 	bl	10002310 <__assert_func>
1000110c:	2201      	movs	r2, #1
1000110e:	4252      	negs	r2, r2
10001110:	4b31      	ldr	r3, [pc, #196]	; (100011d8 <alarm_pool_alarm_callback+0x320>)
10001112:	e78a      	b.n	1000102a <alarm_pool_alarm_callback+0x172>
10001114:	4b24      	ldr	r3, [pc, #144]	; (100011a8 <alarm_pool_alarm_callback+0x2f0>)
10001116:	4a25      	ldr	r2, [pc, #148]	; (100011ac <alarm_pool_alarm_callback+0x2f4>)
10001118:	213f      	movs	r1, #63	; 0x3f
1000111a:	4825      	ldr	r0, [pc, #148]	; (100011b0 <alarm_pool_alarm_callback+0x2f8>)
1000111c:	f001 f8f8 	bl	10002310 <__assert_func>
10001120:	2c00      	cmp	r4, #0
10001122:	d00d      	beq.n	10001140 <alarm_pool_alarm_callback+0x288>
10001124:	7b1a      	ldrb	r2, [r3, #12]
10001126:	4294      	cmp	r4, r2
10001128:	d80a      	bhi.n	10001140 <alarm_pool_alarm_callback+0x288>
1000112a:	0062      	lsls	r2, r4, #1
1000112c:	1912      	adds	r2, r2, r4
1000112e:	3a03      	subs	r2, #3
10001130:	6818      	ldr	r0, [r3, #0]
10001132:	4684      	mov	ip, r0
10001134:	4462      	add	r2, ip
10001136:	7892      	ldrb	r2, [r2, #2]
10001138:	2a00      	cmp	r2, #0
1000113a:	d0ba      	beq.n	100010b2 <alarm_pool_alarm_callback+0x1fa>
1000113c:	2101      	movs	r1, #1
1000113e:	e7b8      	b.n	100010b2 <alarm_pool_alarm_callback+0x1fa>
10001140:	4b26      	ldr	r3, [pc, #152]	; (100011dc <alarm_pool_alarm_callback+0x324>)
10001142:	4a27      	ldr	r2, [pc, #156]	; (100011e0 <alarm_pool_alarm_callback+0x328>)
10001144:	2168      	movs	r1, #104	; 0x68
10001146:	4827      	ldr	r0, [pc, #156]	; (100011e4 <alarm_pool_alarm_callback+0x32c>)
10001148:	f001 f8e2 	bl	10002310 <__assert_func>
1000114c:	4b26      	ldr	r3, [pc, #152]	; (100011e8 <alarm_pool_alarm_callback+0x330>)
1000114e:	4a27      	ldr	r2, [pc, #156]	; (100011ec <alarm_pool_alarm_callback+0x334>)
10001150:	21f6      	movs	r1, #246	; 0xf6
10001152:	4824      	ldr	r0, [pc, #144]	; (100011e4 <alarm_pool_alarm_callback+0x32c>)
10001154:	f001 f8dc 	bl	10002310 <__assert_func>
10001158:	2a00      	cmp	r2, #0
1000115a:	d00a      	beq.n	10001172 <alarm_pool_alarm_callback+0x2ba>
1000115c:	7b19      	ldrb	r1, [r3, #12]
1000115e:	428a      	cmp	r2, r1
10001160:	d807      	bhi.n	10001172 <alarm_pool_alarm_callback+0x2ba>
10001162:	0051      	lsls	r1, r2, #1
10001164:	188a      	adds	r2, r1, r2
10001166:	3a03      	subs	r2, #3
10001168:	6819      	ldr	r1, [r3, #0]
1000116a:	468c      	mov	ip, r1
1000116c:	4462      	add	r2, ip
1000116e:	7054      	strb	r4, [r2, #1]
10001170:	e7a4      	b.n	100010bc <alarm_pool_alarm_callback+0x204>
10001172:	4b1a      	ldr	r3, [pc, #104]	; (100011dc <alarm_pool_alarm_callback+0x324>)
10001174:	4a1a      	ldr	r2, [pc, #104]	; (100011e0 <alarm_pool_alarm_callback+0x328>)
10001176:	2168      	movs	r1, #104	; 0x68
10001178:	481a      	ldr	r0, [pc, #104]	; (100011e4 <alarm_pool_alarm_callback+0x32c>)
1000117a:	f001 f8c9 	bl	10002310 <__assert_func>
1000117e:	4b1c      	ldr	r3, [pc, #112]	; (100011f0 <alarm_pool_alarm_callback+0x338>)
10001180:	4a1a      	ldr	r2, [pc, #104]	; (100011ec <alarm_pool_alarm_callback+0x334>)
10001182:	21fb      	movs	r1, #251	; 0xfb
10001184:	4817      	ldr	r0, [pc, #92]	; (100011e4 <alarm_pool_alarm_callback+0x32c>)
10001186:	f001 f8c3 	bl	10002310 <__assert_func>
1000118a:	4b0a      	ldr	r3, [pc, #40]	; (100011b4 <alarm_pool_alarm_callback+0x2fc>)
1000118c:	4a0f      	ldr	r2, [pc, #60]	; (100011cc <alarm_pool_alarm_callback+0x314>)
1000118e:	2141      	movs	r1, #65	; 0x41
10001190:	480a      	ldr	r0, [pc, #40]	; (100011bc <alarm_pool_alarm_callback+0x304>)
10001192:	f001 f8bd 	bl	10002310 <__assert_func>
10001196:	b00b      	add	sp, #44	; 0x2c
10001198:	bcf0      	pop	{r4, r5, r6, r7}
1000119a:	46bb      	mov	fp, r7
1000119c:	46b2      	mov	sl, r6
1000119e:	46a9      	mov	r9, r5
100011a0:	46a0      	mov	r8, r4
100011a2:	bdf0      	pop	{r4, r5, r6, r7, pc}
100011a4:	20000954 	.word	0x20000954
100011a8:	10004b60 	.word	0x10004b60
100011ac:	10004ef0 	.word	0x10004ef0
100011b0:	10004b7c 	.word	0x10004b7c
100011b4:	10004ca4 	.word	0x10004ca4
100011b8:	10004f24 	.word	0x10004f24
100011bc:	10004c50 	.word	0x10004c50
100011c0:	10004da4 	.word	0x10004da4
100011c4:	10004f08 	.word	0x10004f08
100011c8:	10004dbc 	.word	0x10004dbc
100011cc:	10004f48 	.word	0x10004f48
100011d0:	0fffffff 	.word	0x0fffffff
100011d4:	10004dc8 	.word	0x10004dc8
100011d8:	7fffffff 	.word	0x7fffffff
100011dc:	10004cc8 	.word	0x10004cc8
100011e0:	10004f90 	.word	0x10004f90
100011e4:	10004ce4 	.word	0x10004ce4
100011e8:	10004e04 	.word	0x10004e04
100011ec:	10004f5c 	.word	0x10004f5c
100011f0:	10004e28 	.word	0x10004e28

100011f4 <alarm_pool_init_default>:
100011f4:	b510      	push	{r4, lr}
100011f6:	4b0c      	ldr	r3, [pc, #48]	; (10001228 <alarm_pool_init_default+0x34>)
100011f8:	685b      	ldr	r3, [r3, #4]
100011fa:	2b00      	cmp	r3, #0
100011fc:	d004      	beq.n	10001208 <alarm_pool_init_default+0x14>
100011fe:	210a      	movs	r1, #10
10001200:	480a      	ldr	r0, [pc, #40]	; (1000122c <alarm_pool_init_default+0x38>)
10001202:	f7ff fc93 	bl	10000b2c <lock_init>
10001206:	bd10      	pop	{r4, pc}
10001208:	4c07      	ldr	r4, [pc, #28]	; (10001228 <alarm_pool_init_default+0x34>)
1000120a:	0023      	movs	r3, r4
1000120c:	4a08      	ldr	r2, [pc, #32]	; (10001230 <alarm_pool_init_default+0x3c>)
1000120e:	2110      	movs	r1, #16
10001210:	6820      	ldr	r0, [r4, #0]
10001212:	f000 fc7d 	bl	10001b10 <ph_post_alloc_init>
10001216:	2003      	movs	r0, #3
10001218:	f000 faa4 	bl	10001764 <hardware_alarm_claim>
1000121c:	2103      	movs	r1, #3
1000121e:	0020      	movs	r0, r4
10001220:	f7ff fca8 	bl	10000b74 <alarm_pool_post_alloc_init>
10001224:	e7eb      	b.n	100011fe <alarm_pool_init_default+0xa>
10001226:	46c0      	nop			; (mov r8, r8)
10001228:	200002ec 	.word	0x200002ec
1000122c:	20000b7c 	.word	0x20000b7c
10001230:	10000be5 	.word	0x10000be5

10001234 <alarm_pool_get_default>:
10001234:	b510      	push	{r4, lr}
10001236:	4b06      	ldr	r3, [pc, #24]	; (10001250 <alarm_pool_get_default+0x1c>)
10001238:	685b      	ldr	r3, [r3, #4]
1000123a:	2b00      	cmp	r3, #0
1000123c:	d001      	beq.n	10001242 <alarm_pool_get_default+0xe>
1000123e:	4804      	ldr	r0, [pc, #16]	; (10001250 <alarm_pool_get_default+0x1c>)
10001240:	bd10      	pop	{r4, pc}
10001242:	4b04      	ldr	r3, [pc, #16]	; (10001254 <alarm_pool_get_default+0x20>)
10001244:	4a04      	ldr	r2, [pc, #16]	; (10001258 <alarm_pool_get_default+0x24>)
10001246:	215e      	movs	r1, #94	; 0x5e
10001248:	4804      	ldr	r0, [pc, #16]	; (1000125c <alarm_pool_get_default+0x28>)
1000124a:	f001 f861 	bl	10002310 <__assert_func>
1000124e:	46c0      	nop			; (mov r8, r8)
10001250:	200002ec 	.word	0x200002ec
10001254:	10004e3c 	.word	0x10004e3c
10001258:	10004f30 	.word	0x10004f30
1000125c:	10004c50 	.word	0x10004c50

10001260 <alarm_pool_add_alarm_at>:
10001260:	b5f0      	push	{r4, r5, r6, r7, lr}
10001262:	46de      	mov	lr, fp
10001264:	4657      	mov	r7, sl
10001266:	464e      	mov	r6, r9
10001268:	4645      	mov	r5, r8
1000126a:	b5e0      	push	{r5, r6, r7, lr}
1000126c:	b08b      	sub	sp, #44	; 0x2c
1000126e:	4680      	mov	r8, r0
10001270:	0016      	movs	r6, r2
10001272:	001f      	movs	r7, r3
10001274:	9b14      	ldr	r3, [sp, #80]	; 0x50
10001276:	469a      	mov	sl, r3
10001278:	9b15      	ldr	r3, [sp, #84]	; 0x54
1000127a:	4699      	mov	r9, r3
1000127c:	ab16      	add	r3, sp, #88	; 0x58
1000127e:	781b      	ldrb	r3, [r3, #0]
10001280:	469b      	mov	fp, r3
10001282:	231f      	movs	r3, #31
10001284:	aa02      	add	r2, sp, #8
10001286:	4694      	mov	ip, r2
10001288:	4463      	add	r3, ip
1000128a:	2200      	movs	r2, #0
1000128c:	701a      	strb	r2, [r3, #0]
1000128e:	e02b      	b.n	100012e8 <alarm_pool_add_alarm_at+0x88>
10001290:	2800      	cmp	r0, #0
10001292:	d009      	beq.n	100012a8 <alarm_pool_add_alarm_at+0x48>
10001294:	4642      	mov	r2, r8
10001296:	6812      	ldr	r2, [r2, #0]
10001298:	7b12      	ldrb	r2, [r2, #12]
1000129a:	4290      	cmp	r0, r2
1000129c:	d804      	bhi.n	100012a8 <alarm_pool_add_alarm_at+0x48>
1000129e:	1e42      	subs	r2, r0, #1
100012a0:	4641      	mov	r1, r8
100012a2:	68c9      	ldr	r1, [r1, #12]
100012a4:	5c8a      	ldrb	r2, [r1, r2]
100012a6:	e041      	b.n	1000132c <alarm_pool_add_alarm_at+0xcc>
100012a8:	4b40      	ldr	r3, [pc, #256]	; (100013ac <alarm_pool_add_alarm_at+0x14c>)
100012aa:	4a41      	ldr	r2, [pc, #260]	; (100013b0 <alarm_pool_add_alarm_at+0x150>)
100012ac:	2141      	movs	r1, #65	; 0x41
100012ae:	4841      	ldr	r0, [pc, #260]	; (100013b4 <alarm_pool_add_alarm_at+0x154>)
100012b0:	f001 f82e 	bl	10002310 <__assert_func>
100012b4:	9807      	ldr	r0, [sp, #28]
100012b6:	e04c      	b.n	10001352 <alarm_pool_add_alarm_at+0xf2>
100012b8:	1b36      	subs	r6, r6, r4
100012ba:	41af      	sbcs	r7, r5
100012bc:	2f00      	cmp	r7, #0
100012be:	db07      	blt.n	100012d0 <alarm_pool_add_alarm_at+0x70>
100012c0:	2f00      	cmp	r7, #0
100012c2:	da11      	bge.n	100012e8 <alarm_pool_add_alarm_at+0x88>
100012c4:	4b3c      	ldr	r3, [pc, #240]	; (100013b8 <alarm_pool_add_alarm_at+0x158>)
100012c6:	4a3d      	ldr	r2, [pc, #244]	; (100013bc <alarm_pool_add_alarm_at+0x15c>)
100012c8:	213f      	movs	r1, #63	; 0x3f
100012ca:	483d      	ldr	r0, [pc, #244]	; (100013c0 <alarm_pool_add_alarm_at+0x160>)
100012cc:	f001 f820 	bl	10002310 <__assert_func>
100012d0:	2601      	movs	r6, #1
100012d2:	4276      	negs	r6, r6
100012d4:	4f3b      	ldr	r7, [pc, #236]	; (100013c4 <alarm_pool_add_alarm_at+0x164>)
100012d6:	e7f3      	b.n	100012c0 <alarm_pool_add_alarm_at+0x60>
100012d8:	4b37      	ldr	r3, [pc, #220]	; (100013b8 <alarm_pool_add_alarm_at+0x158>)
100012da:	4a38      	ldr	r2, [pc, #224]	; (100013bc <alarm_pool_add_alarm_at+0x15c>)
100012dc:	213f      	movs	r1, #63	; 0x3f
100012de:	4838      	ldr	r0, [pc, #224]	; (100013c0 <alarm_pool_add_alarm_at+0x160>)
100012e0:	f001 f816 	bl	10002310 <__assert_func>
100012e4:	2f00      	cmp	r7, #0
100012e6:	db4f      	blt.n	10001388 <alarm_pool_add_alarm_at+0x128>
100012e8:	4643      	mov	r3, r8
100012ea:	685a      	ldr	r2, [r3, #4]
100012ec:	f3ef 8410 	mrs	r4, PRIMASK
100012f0:	b672      	cpsid	i
100012f2:	6813      	ldr	r3, [r2, #0]
100012f4:	4259      	negs	r1, r3
100012f6:	414b      	adcs	r3, r1
100012f8:	b2d9      	uxtb	r1, r3
100012fa:	9107      	str	r1, [sp, #28]
100012fc:	2b00      	cmp	r3, #0
100012fe:	d1f8      	bne.n	100012f2 <alarm_pool_add_alarm_at+0x92>
10001300:	f3bf 8f5f 	dmb	sy
10001304:	331f      	adds	r3, #31
10001306:	aa02      	add	r2, sp, #8
10001308:	4694      	mov	ip, r2
1000130a:	4463      	add	r3, ip
1000130c:	9304      	str	r3, [sp, #16]
1000130e:	2300      	movs	r3, #0
10001310:	9303      	str	r3, [sp, #12]
10001312:	9302      	str	r3, [sp, #8]
10001314:	464b      	mov	r3, r9
10001316:	9301      	str	r3, [sp, #4]
10001318:	4653      	mov	r3, sl
1000131a:	9300      	str	r3, [sp, #0]
1000131c:	0032      	movs	r2, r6
1000131e:	003b      	movs	r3, r7
10001320:	4640      	mov	r0, r8
10001322:	f7ff fd0f 	bl	10000d44 <add_alarm_under_lock>
10001326:	1e03      	subs	r3, r0, #0
10001328:	d1b2      	bne.n	10001290 <alarm_pool_add_alarm_at+0x30>
1000132a:	0002      	movs	r2, r0
1000132c:	4641      	mov	r1, r8
1000132e:	6849      	ldr	r1, [r1, #4]
10001330:	f3bf 8f5f 	dmb	sy
10001334:	2500      	movs	r5, #0
10001336:	600d      	str	r5, [r1, #0]
10001338:	f384 8810 	msr	PRIMASK, r4
1000133c:	2b00      	cmp	r3, #0
1000133e:	d029      	beq.n	10001394 <alarm_pool_add_alarm_at+0x134>
10001340:	231f      	movs	r3, #31
10001342:	a902      	add	r1, sp, #8
10001344:	468c      	mov	ip, r1
10001346:	4463      	add	r3, ip
10001348:	781b      	ldrb	r3, [r3, #0]
1000134a:	2b00      	cmp	r3, #0
1000134c:	d1b2      	bne.n	100012b4 <alarm_pool_add_alarm_at+0x54>
1000134e:	0212      	lsls	r2, r2, #8
10001350:	4310      	orrs	r0, r2
10001352:	2b00      	cmp	r3, #0
10001354:	d020      	beq.n	10001398 <alarm_pool_add_alarm_at+0x138>
10001356:	465b      	mov	r3, fp
10001358:	2b00      	cmp	r3, #0
1000135a:	d01d      	beq.n	10001398 <alarm_pool_add_alarm_at+0x138>
1000135c:	4649      	mov	r1, r9
1000135e:	47d0      	blx	sl
10001360:	0004      	movs	r4, r0
10001362:	000d      	movs	r5, r1
10001364:	0003      	movs	r3, r0
10001366:	430b      	orrs	r3, r1
10001368:	d01d      	beq.n	100013a6 <alarm_pool_add_alarm_at+0x146>
1000136a:	2900      	cmp	r1, #0
1000136c:	dba4      	blt.n	100012b8 <alarm_pool_add_alarm_at+0x58>
1000136e:	f000 fa05 	bl	1000177c <time_us_64>
10001372:	0006      	movs	r6, r0
10001374:	1e0f      	subs	r7, r1, #0
10001376:	dbaf      	blt.n	100012d8 <alarm_pool_add_alarm_at+0x78>
10001378:	1936      	adds	r6, r6, r4
1000137a:	416f      	adcs	r7, r5
1000137c:	2f00      	cmp	r7, #0
1000137e:	dab1      	bge.n	100012e4 <alarm_pool_add_alarm_at+0x84>
10001380:	2601      	movs	r6, #1
10001382:	4276      	negs	r6, r6
10001384:	4f0f      	ldr	r7, [pc, #60]	; (100013c4 <alarm_pool_add_alarm_at+0x164>)
10001386:	e7ad      	b.n	100012e4 <alarm_pool_add_alarm_at+0x84>
10001388:	4b0b      	ldr	r3, [pc, #44]	; (100013b8 <alarm_pool_add_alarm_at+0x158>)
1000138a:	4a0c      	ldr	r2, [pc, #48]	; (100013bc <alarm_pool_add_alarm_at+0x15c>)
1000138c:	213f      	movs	r1, #63	; 0x3f
1000138e:	480c      	ldr	r0, [pc, #48]	; (100013c0 <alarm_pool_add_alarm_at+0x160>)
10001390:	f000 ffbe 	bl	10002310 <__assert_func>
10001394:	2001      	movs	r0, #1
10001396:	4240      	negs	r0, r0
10001398:	b00b      	add	sp, #44	; 0x2c
1000139a:	bcf0      	pop	{r4, r5, r6, r7}
1000139c:	46bb      	mov	fp, r7
1000139e:	46b2      	mov	sl, r6
100013a0:	46a9      	mov	r9, r5
100013a2:	46a0      	mov	r8, r4
100013a4:	bdf0      	pop	{r4, r5, r6, r7, pc}
100013a6:	9807      	ldr	r0, [sp, #28]
100013a8:	e7f6      	b.n	10001398 <alarm_pool_add_alarm_at+0x138>
100013aa:	46c0      	nop			; (mov r8, r8)
100013ac:	10004ca4 	.word	0x10004ca4
100013b0:	10004f48 	.word	0x10004f48
100013b4:	10004c50 	.word	0x10004c50
100013b8:	10004b60 	.word	0x10004b60
100013bc:	10004ef0 	.word	0x10004ef0
100013c0:	10004b7c 	.word	0x10004b7c
100013c4:	7fffffff 	.word	0x7fffffff

100013c8 <alarm_pool_cancel_alarm>:
100013c8:	b5f8      	push	{r3, r4, r5, r6, r7, lr}
100013ca:	0004      	movs	r4, r0
100013cc:	2900      	cmp	r1, #0
100013ce:	d100      	bne.n	100013d2 <alarm_pool_cancel_alarm+0xa>
100013d0:	e062      	b.n	10001498 <alarm_pool_cancel_alarm+0xd0>
100013d2:	6842      	ldr	r2, [r0, #4]
100013d4:	f3ef 8510 	mrs	r5, PRIMASK
100013d8:	b672      	cpsid	i
100013da:	6813      	ldr	r3, [r2, #0]
100013dc:	4258      	negs	r0, r3
100013de:	4143      	adcs	r3, r0
100013e0:	b2d8      	uxtb	r0, r3
100013e2:	2b00      	cmp	r3, #0
100013e4:	d1f9      	bne.n	100013da <alarm_pool_cancel_alarm+0x12>
100013e6:	f3bf 8f5f 	dmb	sy
100013ea:	b2cb      	uxtb	r3, r1
100013ec:	6822      	ldr	r2, [r4, #0]
100013ee:	7b56      	ldrb	r6, [r2, #13]
100013f0:	42b3      	cmp	r3, r6
100013f2:	d11b      	bne.n	1000142c <alarm_pool_cancel_alarm+0x64>
100013f4:	2001      	movs	r0, #1
100013f6:	2800      	cmp	r0, #0
100013f8:	d048      	beq.n	1000148c <alarm_pool_cancel_alarm+0xc4>
100013fa:	6920      	ldr	r0, [r4, #16]
100013fc:	4288      	cmp	r0, r1
100013fe:	d02b      	beq.n	10001458 <alarm_pool_cancel_alarm+0x90>
10001400:	0a09      	lsrs	r1, r1, #8
10001402:	b2c9      	uxtb	r1, r1
10001404:	2b00      	cmp	r3, #0
10001406:	d02e      	beq.n	10001466 <alarm_pool_cancel_alarm+0x9e>
10001408:	6820      	ldr	r0, [r4, #0]
1000140a:	7b00      	ldrb	r0, [r0, #12]
1000140c:	4283      	cmp	r3, r0
1000140e:	d82a      	bhi.n	10001466 <alarm_pool_cancel_alarm+0x9e>
10001410:	1e58      	subs	r0, r3, #1
10001412:	68e6      	ldr	r6, [r4, #12]
10001414:	5c30      	ldrb	r0, [r6, r0]
10001416:	4288      	cmp	r0, r1
10001418:	d02b      	beq.n	10001472 <alarm_pool_cancel_alarm+0xaa>
1000141a:	2000      	movs	r0, #0
1000141c:	6863      	ldr	r3, [r4, #4]
1000141e:	f3bf 8f5f 	dmb	sy
10001422:	2200      	movs	r2, #0
10001424:	601a      	str	r2, [r3, #0]
10001426:	f385 8810 	msr	PRIMASK, r5
1000142a:	bdf8      	pop	{r3, r4, r5, r6, r7, pc}
1000142c:	2b00      	cmp	r3, #0
1000142e:	d00d      	beq.n	1000144c <alarm_pool_cancel_alarm+0x84>
10001430:	7b16      	ldrb	r6, [r2, #12]
10001432:	42b3      	cmp	r3, r6
10001434:	d80a      	bhi.n	1000144c <alarm_pool_cancel_alarm+0x84>
10001436:	005e      	lsls	r6, r3, #1
10001438:	18f6      	adds	r6, r6, r3
1000143a:	3e03      	subs	r6, #3
1000143c:	6817      	ldr	r7, [r2, #0]
1000143e:	46bc      	mov	ip, r7
10001440:	4466      	add	r6, ip
10001442:	78b6      	ldrb	r6, [r6, #2]
10001444:	2e00      	cmp	r6, #0
10001446:	d0d6      	beq.n	100013f6 <alarm_pool_cancel_alarm+0x2e>
10001448:	2001      	movs	r0, #1
1000144a:	e7d4      	b.n	100013f6 <alarm_pool_cancel_alarm+0x2e>
1000144c:	4b13      	ldr	r3, [pc, #76]	; (1000149c <alarm_pool_cancel_alarm+0xd4>)
1000144e:	4a14      	ldr	r2, [pc, #80]	; (100014a0 <alarm_pool_cancel_alarm+0xd8>)
10001450:	2168      	movs	r1, #104	; 0x68
10001452:	4814      	ldr	r0, [pc, #80]	; (100014a4 <alarm_pool_cancel_alarm+0xdc>)
10001454:	f000 ff5c 	bl	10002310 <__assert_func>
10001458:	212c      	movs	r1, #44	; 0x2c
1000145a:	4b13      	ldr	r3, [pc, #76]	; (100014a8 <alarm_pool_cancel_alarm+0xe0>)
1000145c:	4a13      	ldr	r2, [pc, #76]	; (100014ac <alarm_pool_cancel_alarm+0xe4>)
1000145e:	31ff      	adds	r1, #255	; 0xff
10001460:	4813      	ldr	r0, [pc, #76]	; (100014b0 <alarm_pool_cancel_alarm+0xe8>)
10001462:	f000 ff55 	bl	10002310 <__assert_func>
10001466:	4b13      	ldr	r3, [pc, #76]	; (100014b4 <alarm_pool_cancel_alarm+0xec>)
10001468:	4a13      	ldr	r2, [pc, #76]	; (100014b8 <alarm_pool_cancel_alarm+0xf0>)
1000146a:	2141      	movs	r1, #65	; 0x41
1000146c:	4810      	ldr	r0, [pc, #64]	; (100014b0 <alarm_pool_cancel_alarm+0xe8>)
1000146e:	f000 ff4f 	bl	10002310 <__assert_func>
10001472:	0019      	movs	r1, r3
10001474:	0010      	movs	r0, r2
10001476:	f000 fc45 	bl	10001d04 <ph_remove_and_free_node>
1000147a:	2800      	cmp	r0, #0
1000147c:	d1ce      	bne.n	1000141c <alarm_pool_cancel_alarm+0x54>
1000147e:	2199      	movs	r1, #153	; 0x99
10001480:	4b0e      	ldr	r3, [pc, #56]	; (100014bc <alarm_pool_cancel_alarm+0xf4>)
10001482:	4a0a      	ldr	r2, [pc, #40]	; (100014ac <alarm_pool_cancel_alarm+0xe4>)
10001484:	0049      	lsls	r1, r1, #1
10001486:	480a      	ldr	r0, [pc, #40]	; (100014b0 <alarm_pool_cancel_alarm+0xe8>)
10001488:	f000 ff42 	bl	10002310 <__assert_func>
1000148c:	6923      	ldr	r3, [r4, #16]
1000148e:	428b      	cmp	r3, r1
10001490:	d1c4      	bne.n	1000141c <alarm_pool_cancel_alarm+0x54>
10001492:	2300      	movs	r3, #0
10001494:	6123      	str	r3, [r4, #16]
10001496:	e7c1      	b.n	1000141c <alarm_pool_cancel_alarm+0x54>
10001498:	2000      	movs	r0, #0
1000149a:	e7c6      	b.n	1000142a <alarm_pool_cancel_alarm+0x62>
1000149c:	10004cc8 	.word	0x10004cc8
100014a0:	10004f90 	.word	0x10004f90
100014a4:	10004ce4 	.word	0x10004ce4
100014a8:	10004e60 	.word	0x10004e60
100014ac:	10004ed8 	.word	0x10004ed8
100014b0:	10004c50 	.word	0x10004c50
100014b4:	10004ca4 	.word	0x10004ca4
100014b8:	10004f48 	.word	0x10004f48
100014bc:	10004e84 	.word	0x10004e84

100014c0 <sleep_until>:
100014c0:	b5f0      	push	{r4, r5, r6, r7, lr}
100014c2:	b087      	sub	sp, #28
100014c4:	0006      	movs	r6, r0
100014c6:	000f      	movs	r7, r1
100014c8:	f3ef 8305 	mrs	r3, IPSR
100014cc:	2b00      	cmp	r3, #0
100014ce:	d11f      	bne.n	10001510 <sleep_until+0x50>
100014d0:	2406      	movs	r4, #6
100014d2:	4264      	negs	r4, r4
100014d4:	17e5      	asrs	r5, r4, #31
100014d6:	19a4      	adds	r4, r4, r6
100014d8:	417d      	adcs	r5, r7
100014da:	428d      	cmp	r5, r1
100014dc:	d802      	bhi.n	100014e4 <sleep_until+0x24>
100014de:	d103      	bne.n	100014e8 <sleep_until+0x28>
100014e0:	4284      	cmp	r4, r0
100014e2:	d901      	bls.n	100014e8 <sleep_until+0x28>
100014e4:	2400      	movs	r4, #0
100014e6:	2500      	movs	r5, #0
100014e8:	2d00      	cmp	r5, #0
100014ea:	db14      	blt.n	10001516 <sleep_until+0x56>
100014ec:	9404      	str	r4, [sp, #16]
100014ee:	9505      	str	r5, [sp, #20]
100014f0:	f000 f944 	bl	1000177c <time_us_64>
100014f4:	0002      	movs	r2, r0
100014f6:	1e0b      	subs	r3, r1, #0
100014f8:	db13      	blt.n	10001522 <sleep_until+0x62>
100014fa:	1aa4      	subs	r4, r4, r2
100014fc:	419d      	sbcs	r5, r3
100014fe:	2d00      	cmp	r5, #0
10001500:	dc17      	bgt.n	10001532 <sleep_until+0x72>
10001502:	d014      	beq.n	1000152e <sleep_until+0x6e>
10001504:	0030      	movs	r0, r6
10001506:	0039      	movs	r1, r7
10001508:	f000 f944 	bl	10001794 <busy_wait_until>
1000150c:	b007      	add	sp, #28
1000150e:	bdf0      	pop	{r4, r5, r6, r7, pc}
10001510:	4823      	ldr	r0, [pc, #140]	; (100015a0 <sleep_until+0xe0>)
10001512:	f000 ff97 	bl	10002444 <panic>
10001516:	4b23      	ldr	r3, [pc, #140]	; (100015a4 <sleep_until+0xe4>)
10001518:	4a23      	ldr	r2, [pc, #140]	; (100015a8 <sleep_until+0xe8>)
1000151a:	213f      	movs	r1, #63	; 0x3f
1000151c:	4823      	ldr	r0, [pc, #140]	; (100015ac <sleep_until+0xec>)
1000151e:	f000 fef7 	bl	10002310 <__assert_func>
10001522:	4b20      	ldr	r3, [pc, #128]	; (100015a4 <sleep_until+0xe4>)
10001524:	4a20      	ldr	r2, [pc, #128]	; (100015a8 <sleep_until+0xe8>)
10001526:	213f      	movs	r1, #63	; 0x3f
10001528:	4820      	ldr	r0, [pc, #128]	; (100015ac <sleep_until+0xec>)
1000152a:	f000 fef1 	bl	10002310 <__assert_func>
1000152e:	2c00      	cmp	r4, #0
10001530:	d0e8      	beq.n	10001504 <sleep_until+0x44>
10001532:	f7ff fe7f 	bl	10001234 <alarm_pool_get_default>
10001536:	2300      	movs	r3, #0
10001538:	9302      	str	r3, [sp, #8]
1000153a:	9301      	str	r3, [sp, #4]
1000153c:	4b1c      	ldr	r3, [pc, #112]	; (100015b0 <sleep_until+0xf0>)
1000153e:	9300      	str	r3, [sp, #0]
10001540:	9a04      	ldr	r2, [sp, #16]
10001542:	9b05      	ldr	r3, [sp, #20]
10001544:	f7ff fe8c 	bl	10001260 <alarm_pool_add_alarm_at>
10001548:	2800      	cmp	r0, #0
1000154a:	da18      	bge.n	1000157e <sleep_until+0xbe>
1000154c:	e7da      	b.n	10001504 <sleep_until+0x44>
1000154e:	2300      	movs	r3, #0
10001550:	e000      	b.n	10001554 <sleep_until+0x94>
10001552:	2300      	movs	r3, #0
10001554:	2b00      	cmp	r3, #0
10001556:	d1d5      	bne.n	10001504 <sleep_until+0x44>
10001558:	4b16      	ldr	r3, [pc, #88]	; (100015b4 <sleep_until+0xf4>)
1000155a:	681a      	ldr	r2, [r3, #0]
1000155c:	f3ef 8110 	mrs	r1, PRIMASK
10001560:	b672      	cpsid	i
10001562:	6813      	ldr	r3, [r2, #0]
10001564:	2b00      	cmp	r3, #0
10001566:	d0fc      	beq.n	10001562 <sleep_until+0xa2>
10001568:	f3bf 8f5f 	dmb	sy
1000156c:	4b11      	ldr	r3, [pc, #68]	; (100015b4 <sleep_until+0xf4>)
1000156e:	681b      	ldr	r3, [r3, #0]
10001570:	f3bf 8f5f 	dmb	sy
10001574:	2200      	movs	r2, #0
10001576:	601a      	str	r2, [r3, #0]
10001578:	f381 8810 	msr	PRIMASK, r1
1000157c:	bf20      	wfe
1000157e:	9904      	ldr	r1, [sp, #16]
10001580:	9a05      	ldr	r2, [sp, #20]
10001582:	4b0d      	ldr	r3, [pc, #52]	; (100015b8 <sleep_until+0xf8>)
10001584:	6a5b      	ldr	r3, [r3, #36]	; 0x24
10001586:	429a      	cmp	r2, r3
10001588:	d8e3      	bhi.n	10001552 <sleep_until+0x92>
1000158a:	480b      	ldr	r0, [pc, #44]	; (100015b8 <sleep_until+0xf8>)
1000158c:	6a80      	ldr	r0, [r0, #40]	; 0x28
1000158e:	4288      	cmp	r0, r1
10001590:	d203      	bcs.n	1000159a <sleep_until+0xda>
10001592:	429a      	cmp	r2, r3
10001594:	d0db      	beq.n	1000154e <sleep_until+0x8e>
10001596:	2301      	movs	r3, #1
10001598:	e7dc      	b.n	10001554 <sleep_until+0x94>
1000159a:	2301      	movs	r3, #1
1000159c:	e7da      	b.n	10001554 <sleep_until+0x94>
1000159e:	46c0      	nop			; (mov r8, r8)
100015a0:	10004e88 	.word	0x10004e88
100015a4:	10004b60 	.word	0x10004b60
100015a8:	10004ef0 	.word	0x10004ef0
100015ac:	10004b7c 	.word	0x10004b7c
100015b0:	10000bb5 	.word	0x10000bb5
100015b4:	20000b7c 	.word	0x20000b7c
100015b8:	40054000 	.word	0x40054000

100015bc <sleep_us>:
100015bc:	b570      	push	{r4, r5, r6, lr}
100015be:	0004      	movs	r4, r0
100015c0:	000d      	movs	r5, r1
100015c2:	f000 f8db 	bl	1000177c <time_us_64>
100015c6:	0002      	movs	r2, r0
100015c8:	1e0b      	subs	r3, r1, #0
100015ca:	db0a      	blt.n	100015e2 <sleep_us+0x26>
100015cc:	0020      	movs	r0, r4
100015ce:	0029      	movs	r1, r5
100015d0:	1880      	adds	r0, r0, r2
100015d2:	4159      	adcs	r1, r3
100015d4:	2900      	cmp	r1, #0
100015d6:	db0a      	blt.n	100015ee <sleep_us+0x32>
100015d8:	2900      	cmp	r1, #0
100015da:	db0c      	blt.n	100015f6 <sleep_us+0x3a>
100015dc:	f7ff ff70 	bl	100014c0 <sleep_until>
100015e0:	bd70      	pop	{r4, r5, r6, pc}
100015e2:	4b08      	ldr	r3, [pc, #32]	; (10001604 <sleep_us+0x48>)
100015e4:	4a08      	ldr	r2, [pc, #32]	; (10001608 <sleep_us+0x4c>)
100015e6:	213f      	movs	r1, #63	; 0x3f
100015e8:	4808      	ldr	r0, [pc, #32]	; (1000160c <sleep_us+0x50>)
100015ea:	f000 fe91 	bl	10002310 <__assert_func>
100015ee:	2001      	movs	r0, #1
100015f0:	4240      	negs	r0, r0
100015f2:	4907      	ldr	r1, [pc, #28]	; (10001610 <sleep_us+0x54>)
100015f4:	e7f0      	b.n	100015d8 <sleep_us+0x1c>
100015f6:	4b03      	ldr	r3, [pc, #12]	; (10001604 <sleep_us+0x48>)
100015f8:	4a03      	ldr	r2, [pc, #12]	; (10001608 <sleep_us+0x4c>)
100015fa:	213f      	movs	r1, #63	; 0x3f
100015fc:	4803      	ldr	r0, [pc, #12]	; (1000160c <sleep_us+0x50>)
100015fe:	f000 fe87 	bl	10002310 <__assert_func>
10001602:	46c0      	nop			; (mov r8, r8)
10001604:	10004b60 	.word	0x10004b60
10001608:	10004ef0 	.word	0x10004ef0
1000160c:	10004b7c 	.word	0x10004b7c
10001610:	7fffffff 	.word	0x7fffffff

10001614 <sleep_ms>:
10001614:	b510      	push	{r4, lr}
10001616:	22fa      	movs	r2, #250	; 0xfa
10001618:	0092      	lsls	r2, r2, #2
1000161a:	2300      	movs	r3, #0
1000161c:	2100      	movs	r1, #0
1000161e:	f002 fbc1 	bl	10003da4 <__wrap___aeabi_lmul>
10001622:	f7ff ffcb 	bl	100015bc <sleep_us>
10001626:	bd10      	pop	{r4, pc}

10001628 <best_effort_wfe_or_timeout>:
10001628:	b570      	push	{r4, r5, r6, lr}
1000162a:	b084      	sub	sp, #16
1000162c:	0005      	movs	r5, r0
1000162e:	000c      	movs	r4, r1
10001630:	f3ef 8305 	mrs	r3, IPSR
10001634:	2b00      	cmp	r3, #0
10001636:	d11e      	bne.n	10001676 <best_effort_wfe_or_timeout+0x4e>
10001638:	f7ff fdfc 	bl	10001234 <alarm_pool_get_default>
1000163c:	2300      	movs	r3, #0
1000163e:	9302      	str	r3, [sp, #8]
10001640:	9301      	str	r3, [sp, #4]
10001642:	4b22      	ldr	r3, [pc, #136]	; (100016cc <best_effort_wfe_or_timeout+0xa4>)
10001644:	9300      	str	r3, [sp, #0]
10001646:	002a      	movs	r2, r5
10001648:	0023      	movs	r3, r4
1000164a:	f7ff fe09 	bl	10001260 <alarm_pool_add_alarm_at>
1000164e:	1e06      	subs	r6, r0, #0
10001650:	dd23      	ble.n	1000169a <best_effort_wfe_or_timeout+0x72>
10001652:	bf20      	wfe
10001654:	f7ff fdee 	bl	10001234 <alarm_pool_get_default>
10001658:	0031      	movs	r1, r6
1000165a:	f7ff feb5 	bl	100013c8 <alarm_pool_cancel_alarm>
1000165e:	4b1c      	ldr	r3, [pc, #112]	; (100016d0 <best_effort_wfe_or_timeout+0xa8>)
10001660:	6a5b      	ldr	r3, [r3, #36]	; 0x24
10001662:	429c      	cmp	r4, r3
10001664:	d82d      	bhi.n	100016c2 <best_effort_wfe_or_timeout+0x9a>
10001666:	4a1a      	ldr	r2, [pc, #104]	; (100016d0 <best_effort_wfe_or_timeout+0xa8>)
10001668:	6a92      	ldr	r2, [r2, #40]	; 0x28
1000166a:	42aa      	cmp	r2, r5
1000166c:	d22c      	bcs.n	100016c8 <best_effort_wfe_or_timeout+0xa0>
1000166e:	429c      	cmp	r4, r3
10001670:	d025      	beq.n	100016be <best_effort_wfe_or_timeout+0x96>
10001672:	2001      	movs	r0, #1
10001674:	e026      	b.n	100016c4 <best_effort_wfe_or_timeout+0x9c>
10001676:	4b16      	ldr	r3, [pc, #88]	; (100016d0 <best_effort_wfe_or_timeout+0xa8>)
10001678:	6a5b      	ldr	r3, [r3, #36]	; 0x24
1000167a:	4299      	cmp	r1, r3
1000167c:	d809      	bhi.n	10001692 <best_effort_wfe_or_timeout+0x6a>
1000167e:	4a14      	ldr	r2, [pc, #80]	; (100016d0 <best_effort_wfe_or_timeout+0xa8>)
10001680:	6a92      	ldr	r2, [r2, #40]	; 0x28
10001682:	4282      	cmp	r2, r0
10001684:	d207      	bcs.n	10001696 <best_effort_wfe_or_timeout+0x6e>
10001686:	4299      	cmp	r1, r3
10001688:	d001      	beq.n	1000168e <best_effort_wfe_or_timeout+0x66>
1000168a:	2001      	movs	r0, #1
1000168c:	e01a      	b.n	100016c4 <best_effort_wfe_or_timeout+0x9c>
1000168e:	2000      	movs	r0, #0
10001690:	e018      	b.n	100016c4 <best_effort_wfe_or_timeout+0x9c>
10001692:	2000      	movs	r0, #0
10001694:	e016      	b.n	100016c4 <best_effort_wfe_or_timeout+0x9c>
10001696:	2001      	movs	r0, #1
10001698:	e014      	b.n	100016c4 <best_effort_wfe_or_timeout+0x9c>
1000169a:	4b0d      	ldr	r3, [pc, #52]	; (100016d0 <best_effort_wfe_or_timeout+0xa8>)
1000169c:	6a5b      	ldr	r3, [r3, #36]	; 0x24
1000169e:	429c      	cmp	r4, r3
100016a0:	d809      	bhi.n	100016b6 <best_effort_wfe_or_timeout+0x8e>
100016a2:	4a0b      	ldr	r2, [pc, #44]	; (100016d0 <best_effort_wfe_or_timeout+0xa8>)
100016a4:	6a92      	ldr	r2, [r2, #40]	; 0x28
100016a6:	42aa      	cmp	r2, r5
100016a8:	d207      	bcs.n	100016ba <best_effort_wfe_or_timeout+0x92>
100016aa:	429c      	cmp	r4, r3
100016ac:	d001      	beq.n	100016b2 <best_effort_wfe_or_timeout+0x8a>
100016ae:	2001      	movs	r0, #1
100016b0:	e008      	b.n	100016c4 <best_effort_wfe_or_timeout+0x9c>
100016b2:	2000      	movs	r0, #0
100016b4:	e006      	b.n	100016c4 <best_effort_wfe_or_timeout+0x9c>
100016b6:	2000      	movs	r0, #0
100016b8:	e004      	b.n	100016c4 <best_effort_wfe_or_timeout+0x9c>
100016ba:	2001      	movs	r0, #1
100016bc:	e002      	b.n	100016c4 <best_effort_wfe_or_timeout+0x9c>
100016be:	2000      	movs	r0, #0
100016c0:	e000      	b.n	100016c4 <best_effort_wfe_or_timeout+0x9c>
100016c2:	2000      	movs	r0, #0
100016c4:	b004      	add	sp, #16
100016c6:	bd70      	pop	{r4, r5, r6, pc}
100016c8:	2001      	movs	r0, #1
100016ca:	e7fb      	b.n	100016c4 <best_effort_wfe_or_timeout+0x9c>
100016cc:	10000bb5 	.word	0x10000bb5
100016d0:	40054000 	.word	0x40054000

100016d4 <hardware_alarm_irq_handler>:
100016d4:	b570      	push	{r4, r5, r6, lr}
100016d6:	f3ef 8005 	mrs	r0, IPSR
100016da:	3810      	subs	r0, #16
100016dc:	f3ef 8c10 	mrs	ip, PRIMASK
100016e0:	b672      	cpsid	i
100016e2:	4b1a      	ldr	r3, [pc, #104]	; (1000174c <hardware_alarm_irq_handler+0x78>)
100016e4:	681b      	ldr	r3, [r3, #0]
100016e6:	2b00      	cmp	r3, #0
100016e8:	d0fb      	beq.n	100016e2 <hardware_alarm_irq_handler+0xe>
100016ea:	f3bf 8f5f 	dmb	sy
100016ee:	2201      	movs	r2, #1
100016f0:	0013      	movs	r3, r2
100016f2:	4083      	lsls	r3, r0
100016f4:	4916      	ldr	r1, [pc, #88]	; (10001750 <hardware_alarm_irq_handler+0x7c>)
100016f6:	634b      	str	r3, [r1, #52]	; 0x34
100016f8:	4916      	ldr	r1, [pc, #88]	; (10001754 <hardware_alarm_irq_handler+0x80>)
100016fa:	600b      	str	r3, [r1, #0]
100016fc:	4916      	ldr	r1, [pc, #88]	; (10001758 <hardware_alarm_irq_handler+0x84>)
100016fe:	7809      	ldrb	r1, [r1, #0]
10001700:	000c      	movs	r4, r1
10001702:	40c4      	lsrs	r4, r0
10001704:	4222      	tst	r2, r4
10001706:	d014      	beq.n	10001732 <hardware_alarm_irq_handler+0x5e>
10001708:	4a11      	ldr	r2, [pc, #68]	; (10001750 <hardware_alarm_irq_handler+0x7c>)
1000170a:	6a54      	ldr	r4, [r2, #36]	; 0x24
1000170c:	0082      	lsls	r2, r0, #2
1000170e:	4d13      	ldr	r5, [pc, #76]	; (1000175c <hardware_alarm_irq_handler+0x88>)
10001710:	5952      	ldr	r2, [r2, r5]
10001712:	4294      	cmp	r4, r2
10001714:	d306      	bcc.n	10001724 <hardware_alarm_irq_handler+0x50>
10001716:	0082      	lsls	r2, r0, #2
10001718:	4c11      	ldr	r4, [pc, #68]	; (10001760 <hardware_alarm_irq_handler+0x8c>)
1000171a:	5912      	ldr	r2, [r2, r4]
1000171c:	4399      	bics	r1, r3
1000171e:	4b0e      	ldr	r3, [pc, #56]	; (10001758 <hardware_alarm_irq_handler+0x84>)
10001720:	7019      	strb	r1, [r3, #0]
10001722:	e007      	b.n	10001734 <hardware_alarm_irq_handler+0x60>
10001724:	4a0a      	ldr	r2, [pc, #40]	; (10001750 <hardware_alarm_irq_handler+0x7c>)
10001726:	1d03      	adds	r3, r0, #4
10001728:	009b      	lsls	r3, r3, #2
1000172a:	5899      	ldr	r1, [r3, r2]
1000172c:	5099      	str	r1, [r3, r2]
1000172e:	2200      	movs	r2, #0
10001730:	e000      	b.n	10001734 <hardware_alarm_irq_handler+0x60>
10001732:	2200      	movs	r2, #0
10001734:	f3bf 8f5f 	dmb	sy
10001738:	4b04      	ldr	r3, [pc, #16]	; (1000174c <hardware_alarm_irq_handler+0x78>)
1000173a:	2100      	movs	r1, #0
1000173c:	6019      	str	r1, [r3, #0]
1000173e:	f38c 8810 	msr	PRIMASK, ip
10001742:	2a00      	cmp	r2, #0
10001744:	d000      	beq.n	10001748 <hardware_alarm_irq_handler+0x74>
10001746:	4790      	blx	r2
10001748:	bd70      	pop	{r4, r5, r6, pc}
1000174a:	46c0      	nop			; (mov r8, r8)
1000174c:	d0000128 	.word	0xd0000128
10001750:	40054000 	.word	0x40054000
10001754:	4005703c 	.word	0x4005703c
10001758:	20000bae 	.word	0x20000bae
1000175c:	20000b80 	.word	0x20000b80
10001760:	200008cc 	.word	0x200008cc

10001764 <hardware_alarm_claim>:
10001764:	b510      	push	{r4, lr}
10001766:	0001      	movs	r1, r0
10001768:	4a02      	ldr	r2, [pc, #8]	; (10001774 <hardware_alarm_claim+0x10>)
1000176a:	4803      	ldr	r0, [pc, #12]	; (10001778 <hardware_alarm_claim+0x14>)
1000176c:	f7fe ff9c 	bl	100006a8 <hw_claim_or_assert>
10001770:	bd10      	pop	{r4, pc}
10001772:	46c0      	nop			; (mov r8, r8)
10001774:	10004fb4 	.word	0x10004fb4
10001778:	20000bac 	.word	0x20000bac

1000177c <time_us_64>:
1000177c:	4b04      	ldr	r3, [pc, #16]	; (10001790 <time_us_64+0x14>)
1000177e:	6a5b      	ldr	r3, [r3, #36]	; 0x24
10001780:	4a03      	ldr	r2, [pc, #12]	; (10001790 <time_us_64+0x14>)
10001782:	6a90      	ldr	r0, [r2, #40]	; 0x28
10001784:	0019      	movs	r1, r3
10001786:	6a53      	ldr	r3, [r2, #36]	; 0x24
10001788:	4299      	cmp	r1, r3
1000178a:	d1f9      	bne.n	10001780 <time_us_64+0x4>
1000178c:	4770      	bx	lr
1000178e:	46c0      	nop			; (mov r8, r8)
10001790:	40054000 	.word	0x40054000

10001794 <busy_wait_until>:
10001794:	4b08      	ldr	r3, [pc, #32]	; (100017b8 <busy_wait_until+0x24>)
10001796:	6a5b      	ldr	r3, [r3, #36]	; 0x24
10001798:	e001      	b.n	1000179e <busy_wait_until+0xa>
1000179a:	4b07      	ldr	r3, [pc, #28]	; (100017b8 <busy_wait_until+0x24>)
1000179c:	6a5b      	ldr	r3, [r3, #36]	; 0x24
1000179e:	428b      	cmp	r3, r1
100017a0:	d3fb      	bcc.n	1000179a <busy_wait_until+0x6>
100017a2:	e001      	b.n	100017a8 <busy_wait_until+0x14>
100017a4:	4b04      	ldr	r3, [pc, #16]	; (100017b8 <busy_wait_until+0x24>)
100017a6:	6a5b      	ldr	r3, [r3, #36]	; 0x24
100017a8:	428b      	cmp	r3, r1
100017aa:	d103      	bne.n	100017b4 <busy_wait_until+0x20>
100017ac:	4b02      	ldr	r3, [pc, #8]	; (100017b8 <busy_wait_until+0x24>)
100017ae:	6a9b      	ldr	r3, [r3, #40]	; 0x28
100017b0:	4283      	cmp	r3, r0
100017b2:	d3f7      	bcc.n	100017a4 <busy_wait_until+0x10>
100017b4:	4770      	bx	lr
100017b6:	46c0      	nop			; (mov r8, r8)
100017b8:	40054000 	.word	0x40054000

100017bc <busy_wait_us>:
100017bc:	b570      	push	{r4, r5, r6, lr}
100017be:	0004      	movs	r4, r0
100017c0:	000d      	movs	r5, r1
100017c2:	f7ff ffdb 	bl	1000177c <time_us_64>
100017c6:	0002      	movs	r2, r0
100017c8:	000b      	movs	r3, r1
100017ca:	0020      	movs	r0, r4
100017cc:	0029      	movs	r1, r5
100017ce:	1880      	adds	r0, r0, r2
100017d0:	4159      	adcs	r1, r3
100017d2:	428b      	cmp	r3, r1
100017d4:	d802      	bhi.n	100017dc <busy_wait_us+0x20>
100017d6:	d104      	bne.n	100017e2 <busy_wait_us+0x26>
100017d8:	4282      	cmp	r2, r0
100017da:	d902      	bls.n	100017e2 <busy_wait_us+0x26>
100017dc:	2001      	movs	r0, #1
100017de:	4240      	negs	r0, r0
100017e0:	17c1      	asrs	r1, r0, #31
100017e2:	2900      	cmp	r1, #0
100017e4:	db02      	blt.n	100017ec <busy_wait_us+0x30>
100017e6:	f7ff ffd5 	bl	10001794 <busy_wait_until>
100017ea:	bd70      	pop	{r4, r5, r6, pc}
100017ec:	4b02      	ldr	r3, [pc, #8]	; (100017f8 <busy_wait_us+0x3c>)
100017ee:	4a03      	ldr	r2, [pc, #12]	; (100017fc <busy_wait_us+0x40>)
100017f0:	213f      	movs	r1, #63	; 0x3f
100017f2:	4803      	ldr	r0, [pc, #12]	; (10001800 <busy_wait_us+0x44>)
100017f4:	f000 fd8c 	bl	10002310 <__assert_func>
100017f8:	10004b60 	.word	0x10004b60
100017fc:	10005078 	.word	0x10005078
10001800:	10004b7c 	.word	0x10004b7c

10001804 <hardware_alarm_set_callback>:
10001804:	b570      	push	{r4, r5, r6, lr}
10001806:	0004      	movs	r4, r0
10001808:	000d      	movs	r5, r1
1000180a:	f3ef 8610 	mrs	r6, PRIMASK
1000180e:	b672      	cpsid	i
10001810:	4b1b      	ldr	r3, [pc, #108]	; (10001880 <hardware_alarm_set_callback+0x7c>)
10001812:	681b      	ldr	r3, [r3, #0]
10001814:	2b00      	cmp	r3, #0
10001816:	d0fb      	beq.n	10001810 <hardware_alarm_set_callback+0xc>
10001818:	f3bf 8f5f 	dmb	sy
1000181c:	2d00      	cmp	r5, #0
1000181e:	d01c      	beq.n	1000185a <hardware_alarm_set_callback+0x56>
10001820:	0020      	movs	r0, r4
10001822:	f7fe fff5 	bl	10000810 <irq_get_vtable_handler>
10001826:	4b17      	ldr	r3, [pc, #92]	; (10001884 <hardware_alarm_set_callback+0x80>)
10001828:	4283      	cmp	r3, r0
1000182a:	d00b      	beq.n	10001844 <hardware_alarm_set_callback+0x40>
1000182c:	0019      	movs	r1, r3
1000182e:	0020      	movs	r0, r4
10001830:	f7fe fff6 	bl	10000820 <irq_set_exclusive_handler>
10001834:	2101      	movs	r1, #1
10001836:	0020      	movs	r0, r4
10001838:	f7fe ffe2 	bl	10000800 <irq_set_enabled>
1000183c:	2301      	movs	r3, #1
1000183e:	40a3      	lsls	r3, r4
10001840:	4a11      	ldr	r2, [pc, #68]	; (10001888 <hardware_alarm_set_callback+0x84>)
10001842:	6013      	str	r3, [r2, #0]
10001844:	00a4      	lsls	r4, r4, #2
10001846:	4b11      	ldr	r3, [pc, #68]	; (1000188c <hardware_alarm_set_callback+0x88>)
10001848:	50e5      	str	r5, [r4, r3]
1000184a:	f3bf 8f5f 	dmb	sy
1000184e:	4b0c      	ldr	r3, [pc, #48]	; (10001880 <hardware_alarm_set_callback+0x7c>)
10001850:	2200      	movs	r2, #0
10001852:	601a      	str	r2, [r3, #0]
10001854:	f386 8810 	msr	PRIMASK, r6
10001858:	bd70      	pop	{r4, r5, r6, pc}
1000185a:	00a2      	lsls	r2, r4, #2
1000185c:	4b0b      	ldr	r3, [pc, #44]	; (1000188c <hardware_alarm_set_callback+0x88>)
1000185e:	2100      	movs	r1, #0
10001860:	50d1      	str	r1, [r2, r3]
10001862:	2201      	movs	r2, #1
10001864:	40a2      	lsls	r2, r4
10001866:	490a      	ldr	r1, [pc, #40]	; (10001890 <hardware_alarm_set_callback+0x8c>)
10001868:	780b      	ldrb	r3, [r1, #0]
1000186a:	4393      	bics	r3, r2
1000186c:	700b      	strb	r3, [r1, #0]
1000186e:	4905      	ldr	r1, [pc, #20]	; (10001884 <hardware_alarm_set_callback+0x80>)
10001870:	0020      	movs	r0, r4
10001872:	f7fe ffff 	bl	10000874 <irq_remove_handler>
10001876:	2100      	movs	r1, #0
10001878:	0020      	movs	r0, r4
1000187a:	f7fe ffc1 	bl	10000800 <irq_set_enabled>
1000187e:	e7e4      	b.n	1000184a <hardware_alarm_set_callback+0x46>
10001880:	d0000128 	.word	0xd0000128
10001884:	100016d5 	.word	0x100016d5
10001888:	40056038 	.word	0x40056038
1000188c:	200008cc 	.word	0x200008cc
10001890:	20000bae 	.word	0x20000bae

10001894 <hardware_alarm_set_target>:
10001894:	b5f0      	push	{r4, r5, r6, r7, lr}
10001896:	46de      	mov	lr, fp
10001898:	b500      	push	{lr}
1000189a:	b084      	sub	sp, #16
1000189c:	0004      	movs	r4, r0
1000189e:	0015      	movs	r5, r2
100018a0:	9201      	str	r2, [sp, #4]
100018a2:	001e      	movs	r6, r3
100018a4:	9302      	str	r3, [sp, #8]
100018a6:	f7ff ff69 	bl	1000177c <time_us_64>
100018aa:	9503      	str	r5, [sp, #12]
100018ac:	428e      	cmp	r6, r1
100018ae:	d802      	bhi.n	100018b6 <hardware_alarm_set_target+0x22>
100018b0:	d14e      	bne.n	10001950 <hardware_alarm_set_target+0xbc>
100018b2:	4285      	cmp	r5, r0
100018b4:	d94c      	bls.n	10001950 <hardware_alarm_set_target+0xbc>
100018b6:	f3ef 8b10 	mrs	fp, PRIMASK
100018ba:	b672      	cpsid	i
100018bc:	4b27      	ldr	r3, [pc, #156]	; (1000195c <hardware_alarm_set_target+0xc8>)
100018be:	681b      	ldr	r3, [r3, #0]
100018c0:	2b00      	cmp	r3, #0
100018c2:	d0fb      	beq.n	100018bc <hardware_alarm_set_target+0x28>
100018c4:	f3bf 8f5f 	dmb	sy
100018c8:	4a25      	ldr	r2, [pc, #148]	; (10001960 <hardware_alarm_set_target+0xcc>)
100018ca:	7817      	ldrb	r7, [r2, #0]
100018cc:	2501      	movs	r5, #1
100018ce:	40a5      	lsls	r5, r4
100018d0:	b2eb      	uxtb	r3, r5
100018d2:	433b      	orrs	r3, r7
100018d4:	7013      	strb	r3, [r2, #0]
100018d6:	4b23      	ldr	r3, [pc, #140]	; (10001964 <hardware_alarm_set_target+0xd0>)
100018d8:	635d      	str	r5, [r3, #52]	; 0x34
100018da:	1d22      	adds	r2, r4, #4
100018dc:	0092      	lsls	r2, r2, #2
100018de:	9901      	ldr	r1, [sp, #4]
100018e0:	50d1      	str	r1, [r2, r3]
100018e2:	00a2      	lsls	r2, r4, #2
100018e4:	4920      	ldr	r1, [pc, #128]	; (10001968 <hardware_alarm_set_target+0xd4>)
100018e6:	9802      	ldr	r0, [sp, #8]
100018e8:	5050      	str	r0, [r2, r1]
100018ea:	6a1b      	ldr	r3, [r3, #32]
100018ec:	422b      	tst	r3, r5
100018ee:	d112      	bne.n	10001916 <hardware_alarm_set_target+0x82>
100018f0:	4b1c      	ldr	r3, [pc, #112]	; (10001964 <hardware_alarm_set_target+0xd0>)
100018f2:	6c1b      	ldr	r3, [r3, #64]	; 0x40
100018f4:	422b      	tst	r3, r5
100018f6:	d008      	beq.n	1000190a <hardware_alarm_set_target+0x76>
100018f8:	2000      	movs	r0, #0
100018fa:	f3bf 8f5f 	dmb	sy
100018fe:	4b17      	ldr	r3, [pc, #92]	; (1000195c <hardware_alarm_set_target+0xc8>)
10001900:	2200      	movs	r2, #0
10001902:	601a      	str	r2, [r3, #0]
10001904:	f38b 8810 	msr	PRIMASK, fp
10001908:	e023      	b.n	10001952 <hardware_alarm_set_target+0xbe>
1000190a:	4b18      	ldr	r3, [pc, #96]	; (1000196c <hardware_alarm_set_target+0xd8>)
1000190c:	4a18      	ldr	r2, [pc, #96]	; (10001970 <hardware_alarm_set_target+0xdc>)
1000190e:	21c5      	movs	r1, #197	; 0xc5
10001910:	4818      	ldr	r0, [pc, #96]	; (10001974 <hardware_alarm_set_target+0xe0>)
10001912:	f000 fcfd 	bl	10002310 <__assert_func>
10001916:	f7ff ff31 	bl	1000177c <time_us_64>
1000191a:	428e      	cmp	r6, r1
1000191c:	d814      	bhi.n	10001948 <hardware_alarm_set_target+0xb4>
1000191e:	d102      	bne.n	10001926 <hardware_alarm_set_target+0x92>
10001920:	9b03      	ldr	r3, [sp, #12]
10001922:	4283      	cmp	r3, r0
10001924:	d810      	bhi.n	10001948 <hardware_alarm_set_target+0xb4>
10001926:	4b0e      	ldr	r3, [pc, #56]	; (10001960 <hardware_alarm_set_target+0xcc>)
10001928:	781b      	ldrb	r3, [r3, #0]
1000192a:	42bb      	cmp	r3, r7
1000192c:	d00e      	beq.n	1000194c <hardware_alarm_set_target+0xb8>
1000192e:	4b0d      	ldr	r3, [pc, #52]	; (10001964 <hardware_alarm_set_target+0xd0>)
10001930:	621d      	str	r5, [r3, #32]
10001932:	635d      	str	r5, [r3, #52]	; 0x34
10001934:	201f      	movs	r0, #31
10001936:	4004      	ands	r4, r0
10001938:	2301      	movs	r3, #1
1000193a:	40a3      	lsls	r3, r4
1000193c:	4a0e      	ldr	r2, [pc, #56]	; (10001978 <hardware_alarm_set_target+0xe4>)
1000193e:	6013      	str	r3, [r2, #0]
10001940:	4b07      	ldr	r3, [pc, #28]	; (10001960 <hardware_alarm_set_target+0xcc>)
10001942:	701f      	strb	r7, [r3, #0]
10001944:	381e      	subs	r0, #30
10001946:	e7d8      	b.n	100018fa <hardware_alarm_set_target+0x66>
10001948:	2000      	movs	r0, #0
1000194a:	e7d6      	b.n	100018fa <hardware_alarm_set_target+0x66>
1000194c:	2001      	movs	r0, #1
1000194e:	e7d4      	b.n	100018fa <hardware_alarm_set_target+0x66>
10001950:	2001      	movs	r0, #1
10001952:	b004      	add	sp, #16
10001954:	bc80      	pop	{r7}
10001956:	46bb      	mov	fp, r7
10001958:	bdf0      	pop	{r4, r5, r6, r7, pc}
1000195a:	46c0      	nop			; (mov r8, r8)
1000195c:	d0000128 	.word	0xd0000128
10001960:	20000bae 	.word	0x20000bae
10001964:	40054000 	.word	0x40054000
10001968:	20000b80 	.word	0x20000b80
1000196c:	10004fd8 	.word	0x10004fd8
10001970:	1000505c 	.word	0x1000505c
10001974:	10004ffc 	.word	0x10004ffc
10001978:	e000e280 	.word	0xe000e280

1000197c <hardware_alarm_cancel>:
1000197c:	f3ef 8c10 	mrs	ip, PRIMASK
10001980:	b672      	cpsid	i
10001982:	4b0b      	ldr	r3, [pc, #44]	; (100019b0 <hardware_alarm_cancel+0x34>)
10001984:	681b      	ldr	r3, [r3, #0]
10001986:	2b00      	cmp	r3, #0
10001988:	d0fb      	beq.n	10001982 <hardware_alarm_cancel+0x6>
1000198a:	f3bf 8f5f 	dmb	sy
1000198e:	2301      	movs	r3, #1
10001990:	4083      	lsls	r3, r0
10001992:	4a08      	ldr	r2, [pc, #32]	; (100019b4 <hardware_alarm_cancel+0x38>)
10001994:	6213      	str	r3, [r2, #32]
10001996:	4908      	ldr	r1, [pc, #32]	; (100019b8 <hardware_alarm_cancel+0x3c>)
10001998:	780a      	ldrb	r2, [r1, #0]
1000199a:	439a      	bics	r2, r3
1000199c:	700a      	strb	r2, [r1, #0]
1000199e:	f3bf 8f5f 	dmb	sy
100019a2:	4b03      	ldr	r3, [pc, #12]	; (100019b0 <hardware_alarm_cancel+0x34>)
100019a4:	2200      	movs	r2, #0
100019a6:	601a      	str	r2, [r3, #0]
100019a8:	f38c 8810 	msr	PRIMASK, ip
100019ac:	4770      	bx	lr
100019ae:	46c0      	nop			; (mov r8, r8)
100019b0:	d0000128 	.word	0xd0000128
100019b4:	40054000 	.word	0x40054000
100019b8:	20000bae 	.word	0x20000bae

100019bc <ph_add_child_node>:
100019bc:	b510      	push	{r4, lr}
100019be:	2900      	cmp	r1, #0
100019c0:	d01e      	beq.n	10001a00 <ph_add_child_node+0x44>
100019c2:	7b03      	ldrb	r3, [r0, #12]
100019c4:	4299      	cmp	r1, r3
100019c6:	d81b      	bhi.n	10001a00 <ph_add_child_node+0x44>
100019c8:	004b      	lsls	r3, r1, #1
100019ca:	185b      	adds	r3, r3, r1
100019cc:	3b03      	subs	r3, #3
100019ce:	6804      	ldr	r4, [r0, #0]
100019d0:	46a4      	mov	ip, r4
100019d2:	4463      	add	r3, ip
100019d4:	2900      	cmp	r1, #0
100019d6:	d019      	beq.n	10001a0c <ph_add_child_node+0x50>
100019d8:	2a00      	cmp	r2, #0
100019da:	d01d      	beq.n	10001a18 <ph_add_child_node+0x5c>
100019dc:	4291      	cmp	r1, r2
100019de:	d021      	beq.n	10001a24 <ph_add_child_node+0x68>
100019e0:	2a00      	cmp	r2, #0
100019e2:	d025      	beq.n	10001a30 <ph_add_child_node+0x74>
100019e4:	7b04      	ldrb	r4, [r0, #12]
100019e6:	42a2      	cmp	r2, r4
100019e8:	d822      	bhi.n	10001a30 <ph_add_child_node+0x74>
100019ea:	6804      	ldr	r4, [r0, #0]
100019ec:	0050      	lsls	r0, r2, #1
100019ee:	1880      	adds	r0, r0, r2
100019f0:	3803      	subs	r0, #3
100019f2:	1820      	adds	r0, r4, r0
100019f4:	7081      	strb	r1, [r0, #2]
100019f6:	7819      	ldrb	r1, [r3, #0]
100019f8:	2900      	cmp	r1, #0
100019fa:	d11f      	bne.n	10001a3c <ph_add_child_node+0x80>
100019fc:	701a      	strb	r2, [r3, #0]
100019fe:	bd10      	pop	{r4, pc}
10001a00:	4b10      	ldr	r3, [pc, #64]	; (10001a44 <ph_add_child_node+0x88>)
10001a02:	4a11      	ldr	r2, [pc, #68]	; (10001a48 <ph_add_child_node+0x8c>)
10001a04:	2168      	movs	r1, #104	; 0x68
10001a06:	4811      	ldr	r0, [pc, #68]	; (10001a4c <ph_add_child_node+0x90>)
10001a08:	f000 fc82 	bl	10002310 <__assert_func>
10001a0c:	4b10      	ldr	r3, [pc, #64]	; (10001a50 <ph_add_child_node+0x94>)
10001a0e:	4a11      	ldr	r2, [pc, #68]	; (10001a54 <ph_add_child_node+0x98>)
10001a10:	316f      	adds	r1, #111	; 0x6f
10001a12:	480e      	ldr	r0, [pc, #56]	; (10001a4c <ph_add_child_node+0x90>)
10001a14:	f000 fc7c 	bl	10002310 <__assert_func>
10001a18:	4b0f      	ldr	r3, [pc, #60]	; (10001a58 <ph_add_child_node+0x9c>)
10001a1a:	4a0e      	ldr	r2, [pc, #56]	; (10001a54 <ph_add_child_node+0x98>)
10001a1c:	2170      	movs	r1, #112	; 0x70
10001a1e:	480b      	ldr	r0, [pc, #44]	; (10001a4c <ph_add_child_node+0x90>)
10001a20:	f000 fc76 	bl	10002310 <__assert_func>
10001a24:	4b0d      	ldr	r3, [pc, #52]	; (10001a5c <ph_add_child_node+0xa0>)
10001a26:	4a0b      	ldr	r2, [pc, #44]	; (10001a54 <ph_add_child_node+0x98>)
10001a28:	2171      	movs	r1, #113	; 0x71
10001a2a:	4808      	ldr	r0, [pc, #32]	; (10001a4c <ph_add_child_node+0x90>)
10001a2c:	f000 fc70 	bl	10002310 <__assert_func>
10001a30:	4b04      	ldr	r3, [pc, #16]	; (10001a44 <ph_add_child_node+0x88>)
10001a32:	4a05      	ldr	r2, [pc, #20]	; (10001a48 <ph_add_child_node+0x8c>)
10001a34:	2168      	movs	r1, #104	; 0x68
10001a36:	4805      	ldr	r0, [pc, #20]	; (10001a4c <ph_add_child_node+0x90>)
10001a38:	f000 fc6a 	bl	10002310 <__assert_func>
10001a3c:	7041      	strb	r1, [r0, #1]
10001a3e:	701a      	strb	r2, [r3, #0]
10001a40:	e7dd      	b.n	100019fe <ph_add_child_node+0x42>
10001a42:	46c0      	nop			; (mov r8, r8)
10001a44:	10004cc8 	.word	0x10004cc8
10001a48:	10005198 	.word	0x10005198
10001a4c:	10004ce4 	.word	0x10004ce4
10001a50:	10004d4c 	.word	0x10004d4c
10001a54:	10005184 	.word	0x10005184
10001a58:	10004d58 	.word	0x10004d58
10001a5c:	10004d64 	.word	0x10004d64

10001a60 <ph_merge_nodes>:
10001a60:	b570      	push	{r4, r5, r6, lr}
10001a62:	0006      	movs	r6, r0
10001a64:	000d      	movs	r5, r1
10001a66:	0014      	movs	r4, r2
10001a68:	2900      	cmp	r1, #0
10001a6a:	d014      	beq.n	10001a96 <ph_merge_nodes+0x36>
10001a6c:	2a00      	cmp	r2, #0
10001a6e:	d014      	beq.n	10001a9a <ph_merge_nodes+0x3a>
10001a70:	6880      	ldr	r0, [r0, #8]
10001a72:	6873      	ldr	r3, [r6, #4]
10001a74:	4798      	blx	r3
10001a76:	2800      	cmp	r0, #0
10001a78:	d006      	beq.n	10001a88 <ph_merge_nodes+0x28>
10001a7a:	0022      	movs	r2, r4
10001a7c:	0029      	movs	r1, r5
10001a7e:	0030      	movs	r0, r6
10001a80:	f7ff ff9c 	bl	100019bc <ph_add_child_node>
10001a84:	0028      	movs	r0, r5
10001a86:	e007      	b.n	10001a98 <ph_merge_nodes+0x38>
10001a88:	002a      	movs	r2, r5
10001a8a:	0021      	movs	r1, r4
10001a8c:	0030      	movs	r0, r6
10001a8e:	f7ff ff95 	bl	100019bc <ph_add_child_node>
10001a92:	0020      	movs	r0, r4
10001a94:	e000      	b.n	10001a98 <ph_merge_nodes+0x38>
10001a96:	0010      	movs	r0, r2
10001a98:	bd70      	pop	{r4, r5, r6, pc}
10001a9a:	0008      	movs	r0, r1
10001a9c:	e7fc      	b.n	10001a98 <ph_merge_nodes+0x38>
	...

10001aa0 <ph_clear>:
10001aa0:	b510      	push	{r4, lr}
10001aa2:	2300      	movs	r3, #0
10001aa4:	7343      	strb	r3, [r0, #13]
10001aa6:	3301      	adds	r3, #1
10001aa8:	7383      	strb	r3, [r0, #14]
10001aaa:	7b03      	ldrb	r3, [r0, #12]
10001aac:	73c3      	strb	r3, [r0, #15]
10001aae:	2301      	movs	r3, #1
10001ab0:	7b02      	ldrb	r2, [r0, #12]
10001ab2:	429a      	cmp	r2, r3
10001ab4:	d914      	bls.n	10001ae0 <ph_clear+0x40>
10001ab6:	2b00      	cmp	r3, #0
10001ab8:	d00c      	beq.n	10001ad4 <ph_clear+0x34>
10001aba:	7b02      	ldrb	r2, [r0, #12]
10001abc:	4293      	cmp	r3, r2
10001abe:	d809      	bhi.n	10001ad4 <ph_clear+0x34>
10001ac0:	005a      	lsls	r2, r3, #1
10001ac2:	18d2      	adds	r2, r2, r3
10001ac4:	3a03      	subs	r2, #3
10001ac6:	6801      	ldr	r1, [r0, #0]
10001ac8:	468c      	mov	ip, r1
10001aca:	4462      	add	r2, ip
10001acc:	3301      	adds	r3, #1
10001ace:	b2db      	uxtb	r3, r3
10001ad0:	7053      	strb	r3, [r2, #1]
10001ad2:	e7ed      	b.n	10001ab0 <ph_clear+0x10>
10001ad4:	4b0b      	ldr	r3, [pc, #44]	; (10001b04 <ph_clear+0x64>)
10001ad6:	4a0c      	ldr	r2, [pc, #48]	; (10001b08 <ph_clear+0x68>)
10001ad8:	2168      	movs	r1, #104	; 0x68
10001ada:	480c      	ldr	r0, [pc, #48]	; (10001b0c <ph_clear+0x6c>)
10001adc:	f000 fc18 	bl	10002310 <__assert_func>
10001ae0:	2a00      	cmp	r2, #0
10001ae2:	d009      	beq.n	10001af8 <ph_clear+0x58>
10001ae4:	4292      	cmp	r2, r2
10001ae6:	d807      	bhi.n	10001af8 <ph_clear+0x58>
10001ae8:	6801      	ldr	r1, [r0, #0]
10001aea:	0053      	lsls	r3, r2, #1
10001aec:	189a      	adds	r2, r3, r2
10001aee:	3a03      	subs	r2, #3
10001af0:	188a      	adds	r2, r1, r2
10001af2:	2300      	movs	r3, #0
10001af4:	7053      	strb	r3, [r2, #1]
10001af6:	bd10      	pop	{r4, pc}
10001af8:	4b02      	ldr	r3, [pc, #8]	; (10001b04 <ph_clear+0x64>)
10001afa:	4a03      	ldr	r2, [pc, #12]	; (10001b08 <ph_clear+0x68>)
10001afc:	2168      	movs	r1, #104	; 0x68
10001afe:	4803      	ldr	r0, [pc, #12]	; (10001b0c <ph_clear+0x6c>)
10001b00:	f000 fc06 	bl	10002310 <__assert_func>
10001b04:	10004cc8 	.word	0x10004cc8
10001b08:	10005198 	.word	0x10005198
10001b0c:	10004ce4 	.word	0x10004ce4

10001b10 <ph_post_alloc_init>:
10001b10:	b510      	push	{r4, lr}
10001b12:	7301      	strb	r1, [r0, #12]
10001b14:	6042      	str	r2, [r0, #4]
10001b16:	6083      	str	r3, [r0, #8]
10001b18:	f7ff ffc2 	bl	10001aa0 <ph_clear>
10001b1c:	bd10      	pop	{r4, pc}
	...

10001b20 <ph_merge_two_pass>:
10001b20:	b570      	push	{r4, r5, r6, lr}
10001b22:	0004      	movs	r4, r0
10001b24:	1e08      	subs	r0, r1, #0
10001b26:	d100      	bne.n	10001b2a <ph_merge_two_pass+0xa>
10001b28:	bd70      	pop	{r4, r5, r6, pc}
10001b2a:	2900      	cmp	r1, #0
10001b2c:	d034      	beq.n	10001b98 <ph_merge_two_pass+0x78>
10001b2e:	7b23      	ldrb	r3, [r4, #12]
10001b30:	4299      	cmp	r1, r3
10001b32:	d831      	bhi.n	10001b98 <ph_merge_two_pass+0x78>
10001b34:	004b      	lsls	r3, r1, #1
10001b36:	185b      	adds	r3, r3, r1
10001b38:	3b03      	subs	r3, #3
10001b3a:	6822      	ldr	r2, [r4, #0]
10001b3c:	4694      	mov	ip, r2
10001b3e:	4463      	add	r3, ip
10001b40:	785a      	ldrb	r2, [r3, #1]
10001b42:	2a00      	cmp	r2, #0
10001b44:	d0f0      	beq.n	10001b28 <ph_merge_two_pass+0x8>
10001b46:	d02d      	beq.n	10001ba4 <ph_merge_two_pass+0x84>
10001b48:	7b23      	ldrb	r3, [r4, #12]
10001b4a:	429a      	cmp	r2, r3
10001b4c:	d82a      	bhi.n	10001ba4 <ph_merge_two_pass+0x84>
10001b4e:	0053      	lsls	r3, r2, #1
10001b50:	189b      	adds	r3, r3, r2
10001b52:	3b03      	subs	r3, #3
10001b54:	6821      	ldr	r1, [r4, #0]
10001b56:	468c      	mov	ip, r1
10001b58:	4463      	add	r3, ip
10001b5a:	785d      	ldrb	r5, [r3, #1]
10001b5c:	2100      	movs	r1, #0
10001b5e:	7059      	strb	r1, [r3, #1]
10001b60:	2800      	cmp	r0, #0
10001b62:	d025      	beq.n	10001bb0 <ph_merge_two_pass+0x90>
10001b64:	7b23      	ldrb	r3, [r4, #12]
10001b66:	4298      	cmp	r0, r3
10001b68:	d822      	bhi.n	10001bb0 <ph_merge_two_pass+0x90>
10001b6a:	0043      	lsls	r3, r0, #1
10001b6c:	181b      	adds	r3, r3, r0
10001b6e:	3b03      	subs	r3, #3
10001b70:	6821      	ldr	r1, [r4, #0]
10001b72:	468c      	mov	ip, r1
10001b74:	4463      	add	r3, ip
10001b76:	2100      	movs	r1, #0
10001b78:	7059      	strb	r1, [r3, #1]
10001b7a:	0001      	movs	r1, r0
10001b7c:	0020      	movs	r0, r4
10001b7e:	f7ff ff6f 	bl	10001a60 <ph_merge_nodes>
10001b82:	0006      	movs	r6, r0
10001b84:	0029      	movs	r1, r5
10001b86:	0020      	movs	r0, r4
10001b88:	f7ff ffca 	bl	10001b20 <ph_merge_two_pass>
10001b8c:	0002      	movs	r2, r0
10001b8e:	0031      	movs	r1, r6
10001b90:	0020      	movs	r0, r4
10001b92:	f7ff ff65 	bl	10001a60 <ph_merge_nodes>
10001b96:	e7c7      	b.n	10001b28 <ph_merge_two_pass+0x8>
10001b98:	4b08      	ldr	r3, [pc, #32]	; (10001bbc <ph_merge_two_pass+0x9c>)
10001b9a:	4a09      	ldr	r2, [pc, #36]	; (10001bc0 <ph_merge_two_pass+0xa0>)
10001b9c:	2168      	movs	r1, #104	; 0x68
10001b9e:	4809      	ldr	r0, [pc, #36]	; (10001bc4 <ph_merge_two_pass+0xa4>)
10001ba0:	f000 fbb6 	bl	10002310 <__assert_func>
10001ba4:	4b05      	ldr	r3, [pc, #20]	; (10001bbc <ph_merge_two_pass+0x9c>)
10001ba6:	4a06      	ldr	r2, [pc, #24]	; (10001bc0 <ph_merge_two_pass+0xa0>)
10001ba8:	2168      	movs	r1, #104	; 0x68
10001baa:	4806      	ldr	r0, [pc, #24]	; (10001bc4 <ph_merge_two_pass+0xa4>)
10001bac:	f000 fbb0 	bl	10002310 <__assert_func>
10001bb0:	4b02      	ldr	r3, [pc, #8]	; (10001bbc <ph_merge_two_pass+0x9c>)
10001bb2:	4a03      	ldr	r2, [pc, #12]	; (10001bc0 <ph_merge_two_pass+0xa0>)
10001bb4:	2168      	movs	r1, #104	; 0x68
10001bb6:	4803      	ldr	r0, [pc, #12]	; (10001bc4 <ph_merge_two_pass+0xa4>)
10001bb8:	f000 fbaa 	bl	10002310 <__assert_func>
10001bbc:	10004cc8 	.word	0x10004cc8
10001bc0:	10005198 	.word	0x10005198
10001bc4:	10004ce4 	.word	0x10004ce4

10001bc8 <ph_remove_any_head>:
10001bc8:	b570      	push	{r4, r5, r6, lr}
10001bca:	0005      	movs	r5, r0
10001bcc:	000c      	movs	r4, r1
10001bce:	0016      	movs	r6, r2
10001bd0:	2900      	cmp	r1, #0
10001bd2:	d02f      	beq.n	10001c34 <ph_remove_any_head+0x6c>
10001bd4:	d034      	beq.n	10001c40 <ph_remove_any_head+0x78>
10001bd6:	7b03      	ldrb	r3, [r0, #12]
10001bd8:	4299      	cmp	r1, r3
10001bda:	d831      	bhi.n	10001c40 <ph_remove_any_head+0x78>
10001bdc:	004b      	lsls	r3, r1, #1
10001bde:	185b      	adds	r3, r3, r1
10001be0:	3b03      	subs	r3, #3
10001be2:	6802      	ldr	r2, [r0, #0]
10001be4:	4694      	mov	ip, r2
10001be6:	4463      	add	r3, ip
10001be8:	785a      	ldrb	r2, [r3, #1]
10001bea:	2a00      	cmp	r2, #0
10001bec:	d12e      	bne.n	10001c4c <ph_remove_any_head+0x84>
10001bee:	789a      	ldrb	r2, [r3, #2]
10001bf0:	2a00      	cmp	r2, #0
10001bf2:	d131      	bne.n	10001c58 <ph_remove_any_head+0x90>
10001bf4:	7819      	ldrb	r1, [r3, #0]
10001bf6:	f7ff ff93 	bl	10001b20 <ph_merge_two_pass>
10001bfa:	0003      	movs	r3, r0
10001bfc:	2e00      	cmp	r6, #0
10001bfe:	d00a      	beq.n	10001c16 <ph_remove_any_head+0x4e>
10001c00:	7bea      	ldrb	r2, [r5, #15]
10001c02:	2a00      	cmp	r2, #0
10001c04:	d12e      	bne.n	10001c64 <ph_remove_any_head+0x9c>
10001c06:	7baa      	ldrb	r2, [r5, #14]
10001c08:	2a00      	cmp	r2, #0
10001c0a:	d103      	bne.n	10001c14 <ph_remove_any_head+0x4c>
10001c0c:	7bea      	ldrb	r2, [r5, #15]
10001c0e:	2a00      	cmp	r2, #0
10001c10:	d13b      	bne.n	10001c8a <ph_remove_any_head+0xc2>
10001c12:	73ac      	strb	r4, [r5, #14]
10001c14:	73ec      	strb	r4, [r5, #15]
10001c16:	2b00      	cmp	r3, #0
10001c18:	d13d      	bne.n	10001c96 <ph_remove_any_head+0xce>
10001c1a:	2c00      	cmp	r4, #0
10001c1c:	d04f      	beq.n	10001cbe <ph_remove_any_head+0xf6>
10001c1e:	7b2b      	ldrb	r3, [r5, #12]
10001c20:	429c      	cmp	r4, r3
10001c22:	d84c      	bhi.n	10001cbe <ph_remove_any_head+0xf6>
10001c24:	682b      	ldr	r3, [r5, #0]
10001c26:	0061      	lsls	r1, r4, #1
10001c28:	190c      	adds	r4, r1, r4
10001c2a:	3c03      	subs	r4, #3
10001c2c:	191c      	adds	r4, r3, r4
10001c2e:	2300      	movs	r3, #0
10001c30:	7063      	strb	r3, [r4, #1]
10001c32:	bd70      	pop	{r4, r5, r6, pc}
10001c34:	4b25      	ldr	r3, [pc, #148]	; (10001ccc <ph_remove_any_head+0x104>)
10001c36:	4a26      	ldr	r2, [pc, #152]	; (10001cd0 <ph_remove_any_head+0x108>)
10001c38:	2138      	movs	r1, #56	; 0x38
10001c3a:	4826      	ldr	r0, [pc, #152]	; (10001cd4 <ph_remove_any_head+0x10c>)
10001c3c:	f000 fb68 	bl	10002310 <__assert_func>
10001c40:	4b25      	ldr	r3, [pc, #148]	; (10001cd8 <ph_remove_any_head+0x110>)
10001c42:	4a26      	ldr	r2, [pc, #152]	; (10001cdc <ph_remove_any_head+0x114>)
10001c44:	2168      	movs	r1, #104	; 0x68
10001c46:	4826      	ldr	r0, [pc, #152]	; (10001ce0 <ph_remove_any_head+0x118>)
10001c48:	f000 fb62 	bl	10002310 <__assert_func>
10001c4c:	4b25      	ldr	r3, [pc, #148]	; (10001ce4 <ph_remove_any_head+0x11c>)
10001c4e:	4a20      	ldr	r2, [pc, #128]	; (10001cd0 <ph_remove_any_head+0x108>)
10001c50:	213a      	movs	r1, #58	; 0x3a
10001c52:	4820      	ldr	r0, [pc, #128]	; (10001cd4 <ph_remove_any_head+0x10c>)
10001c54:	f000 fb5c 	bl	10002310 <__assert_func>
10001c58:	4b23      	ldr	r3, [pc, #140]	; (10001ce8 <ph_remove_any_head+0x120>)
10001c5a:	4a1d      	ldr	r2, [pc, #116]	; (10001cd0 <ph_remove_any_head+0x108>)
10001c5c:	213b      	movs	r1, #59	; 0x3b
10001c5e:	481d      	ldr	r0, [pc, #116]	; (10001cd4 <ph_remove_any_head+0x10c>)
10001c60:	f000 fb56 	bl	10002310 <__assert_func>
10001c64:	2a00      	cmp	r2, #0
10001c66:	d00a      	beq.n	10001c7e <ph_remove_any_head+0xb6>
10001c68:	7b29      	ldrb	r1, [r5, #12]
10001c6a:	428a      	cmp	r2, r1
10001c6c:	d807      	bhi.n	10001c7e <ph_remove_any_head+0xb6>
10001c6e:	0051      	lsls	r1, r2, #1
10001c70:	188a      	adds	r2, r1, r2
10001c72:	3a03      	subs	r2, #3
10001c74:	6829      	ldr	r1, [r5, #0]
10001c76:	468c      	mov	ip, r1
10001c78:	4462      	add	r2, ip
10001c7a:	7054      	strb	r4, [r2, #1]
10001c7c:	e7c3      	b.n	10001c06 <ph_remove_any_head+0x3e>
10001c7e:	4b16      	ldr	r3, [pc, #88]	; (10001cd8 <ph_remove_any_head+0x110>)
10001c80:	4a16      	ldr	r2, [pc, #88]	; (10001cdc <ph_remove_any_head+0x114>)
10001c82:	2168      	movs	r1, #104	; 0x68
10001c84:	4816      	ldr	r0, [pc, #88]	; (10001ce0 <ph_remove_any_head+0x118>)
10001c86:	f000 fb43 	bl	10002310 <__assert_func>
10001c8a:	4b18      	ldr	r3, [pc, #96]	; (10001cec <ph_remove_any_head+0x124>)
10001c8c:	4a10      	ldr	r2, [pc, #64]	; (10001cd0 <ph_remove_any_head+0x108>)
10001c8e:	2142      	movs	r1, #66	; 0x42
10001c90:	4810      	ldr	r0, [pc, #64]	; (10001cd4 <ph_remove_any_head+0x10c>)
10001c92:	f000 fb3d 	bl	10002310 <__assert_func>
10001c96:	2b00      	cmp	r3, #0
10001c98:	d00b      	beq.n	10001cb2 <ph_remove_any_head+0xea>
10001c9a:	7b2a      	ldrb	r2, [r5, #12]
10001c9c:	4293      	cmp	r3, r2
10001c9e:	d808      	bhi.n	10001cb2 <ph_remove_any_head+0xea>
10001ca0:	0043      	lsls	r3, r0, #1
10001ca2:	181b      	adds	r3, r3, r0
10001ca4:	3b03      	subs	r3, #3
10001ca6:	682a      	ldr	r2, [r5, #0]
10001ca8:	4694      	mov	ip, r2
10001caa:	4463      	add	r3, ip
10001cac:	2200      	movs	r2, #0
10001cae:	709a      	strb	r2, [r3, #2]
10001cb0:	e7b3      	b.n	10001c1a <ph_remove_any_head+0x52>
10001cb2:	4b09      	ldr	r3, [pc, #36]	; (10001cd8 <ph_remove_any_head+0x110>)
10001cb4:	4a09      	ldr	r2, [pc, #36]	; (10001cdc <ph_remove_any_head+0x114>)
10001cb6:	2168      	movs	r1, #104	; 0x68
10001cb8:	4809      	ldr	r0, [pc, #36]	; (10001ce0 <ph_remove_any_head+0x118>)
10001cba:	f000 fb29 	bl	10002310 <__assert_func>
10001cbe:	4b06      	ldr	r3, [pc, #24]	; (10001cd8 <ph_remove_any_head+0x110>)
10001cc0:	4a06      	ldr	r2, [pc, #24]	; (10001cdc <ph_remove_any_head+0x114>)
10001cc2:	2168      	movs	r1, #104	; 0x68
10001cc4:	4806      	ldr	r0, [pc, #24]	; (10001ce0 <ph_remove_any_head+0x118>)
10001cc6:	f000 fb23 	bl	10002310 <__assert_func>
10001cca:	46c0      	nop			; (mov r8, r8)
10001ccc:	10005090 	.word	0x10005090
10001cd0:	10005170 	.word	0x10005170
10001cd4:	10005098 	.word	0x10005098
10001cd8:	10004cc8 	.word	0x10004cc8
10001cdc:	10005198 	.word	0x10005198
10001ce0:	10004ce4 	.word	0x10004ce4
10001ce4:	100050ec 	.word	0x100050ec
10001ce8:	10005114 	.word	0x10005114
10001cec:	10004e28 	.word	0x10004e28

10001cf0 <ph_remove_head>:
10001cf0:	b570      	push	{r4, r5, r6, lr}
10001cf2:	0004      	movs	r4, r0
10001cf4:	000a      	movs	r2, r1
10001cf6:	7b45      	ldrb	r5, [r0, #13]
10001cf8:	0029      	movs	r1, r5
10001cfa:	f7ff ff65 	bl	10001bc8 <ph_remove_any_head>
10001cfe:	7360      	strb	r0, [r4, #13]
10001d00:	0028      	movs	r0, r5
10001d02:	bd70      	pop	{r4, r5, r6, pc}

10001d04 <ph_remove_and_free_node>:
10001d04:	b570      	push	{r4, r5, r6, lr}
10001d06:	0004      	movs	r4, r0
10001d08:	2900      	cmp	r1, #0
10001d0a:	d067      	beq.n	10001ddc <ph_remove_and_free_node+0xd8>
10001d0c:	7b43      	ldrb	r3, [r0, #13]
10001d0e:	428b      	cmp	r3, r1
10001d10:	d00e      	beq.n	10001d30 <ph_remove_and_free_node+0x2c>
10001d12:	2900      	cmp	r1, #0
10001d14:	d011      	beq.n	10001d3a <ph_remove_and_free_node+0x36>
10001d16:	7b03      	ldrb	r3, [r0, #12]
10001d18:	4299      	cmp	r1, r3
10001d1a:	d80e      	bhi.n	10001d3a <ph_remove_and_free_node+0x36>
10001d1c:	004b      	lsls	r3, r1, #1
10001d1e:	185b      	adds	r3, r3, r1
10001d20:	3b03      	subs	r3, #3
10001d22:	6802      	ldr	r2, [r0, #0]
10001d24:	18d0      	adds	r0, r2, r3
10001d26:	7883      	ldrb	r3, [r0, #2]
10001d28:	2b00      	cmp	r3, #0
10001d2a:	d10c      	bne.n	10001d46 <ph_remove_and_free_node+0x42>
10001d2c:	2000      	movs	r0, #0
10001d2e:	e056      	b.n	10001dde <ph_remove_and_free_node+0xda>
10001d30:	2101      	movs	r1, #1
10001d32:	f7ff ffdd 	bl	10001cf0 <ph_remove_head>
10001d36:	2001      	movs	r0, #1
10001d38:	e051      	b.n	10001dde <ph_remove_and_free_node+0xda>
10001d3a:	4b29      	ldr	r3, [pc, #164]	; (10001de0 <ph_remove_and_free_node+0xdc>)
10001d3c:	4a29      	ldr	r2, [pc, #164]	; (10001de4 <ph_remove_and_free_node+0xe0>)
10001d3e:	2168      	movs	r1, #104	; 0x68
10001d40:	4829      	ldr	r0, [pc, #164]	; (10001de8 <ph_remove_and_free_node+0xe4>)
10001d42:	f000 fae5 	bl	10002310 <__assert_func>
10001d46:	2b00      	cmp	r3, #0
10001d48:	d020      	beq.n	10001d8c <ph_remove_and_free_node+0x88>
10001d4a:	7b22      	ldrb	r2, [r4, #12]
10001d4c:	4293      	cmp	r3, r2
10001d4e:	d81d      	bhi.n	10001d8c <ph_remove_and_free_node+0x88>
10001d50:	005a      	lsls	r2, r3, #1
10001d52:	18d3      	adds	r3, r2, r3
10001d54:	3b03      	subs	r3, #3
10001d56:	6822      	ldr	r2, [r4, #0]
10001d58:	18d2      	adds	r2, r2, r3
10001d5a:	6825      	ldr	r5, [r4, #0]
10001d5c:	5ceb      	ldrb	r3, [r5, r3]
10001d5e:	428b      	cmp	r3, r1
10001d60:	d01a      	beq.n	10001d98 <ph_remove_and_free_node+0x94>
10001d62:	2b00      	cmp	r3, #0
10001d64:	d01b      	beq.n	10001d9e <ph_remove_and_free_node+0x9a>
10001d66:	7b22      	ldrb	r2, [r4, #12]
10001d68:	4293      	cmp	r3, r2
10001d6a:	d818      	bhi.n	10001d9e <ph_remove_and_free_node+0x9a>
10001d6c:	005a      	lsls	r2, r3, #1
10001d6e:	18d3      	adds	r3, r2, r3
10001d70:	3b03      	subs	r3, #3
10001d72:	6822      	ldr	r2, [r4, #0]
10001d74:	18d2      	adds	r2, r2, r3
10001d76:	7853      	ldrb	r3, [r2, #1]
10001d78:	428b      	cmp	r3, r1
10001d7a:	d016      	beq.n	10001daa <ph_remove_and_free_node+0xa6>
10001d7c:	2b00      	cmp	r3, #0
10001d7e:	d1f0      	bne.n	10001d62 <ph_remove_and_free_node+0x5e>
10001d80:	4b1a      	ldr	r3, [pc, #104]	; (10001dec <ph_remove_and_free_node+0xe8>)
10001d82:	4a1b      	ldr	r2, [pc, #108]	; (10001df0 <ph_remove_and_free_node+0xec>)
10001d84:	216b      	movs	r1, #107	; 0x6b
10001d86:	481b      	ldr	r0, [pc, #108]	; (10001df4 <ph_remove_and_free_node+0xf0>)
10001d88:	f000 fac2 	bl	10002310 <__assert_func>
10001d8c:	4b14      	ldr	r3, [pc, #80]	; (10001de0 <ph_remove_and_free_node+0xdc>)
10001d8e:	4a15      	ldr	r2, [pc, #84]	; (10001de4 <ph_remove_and_free_node+0xe0>)
10001d90:	2168      	movs	r1, #104	; 0x68
10001d92:	4815      	ldr	r0, [pc, #84]	; (10001de8 <ph_remove_and_free_node+0xe4>)
10001d94:	f000 fabc 	bl	10002310 <__assert_func>
10001d98:	7843      	ldrb	r3, [r0, #1]
10001d9a:	7013      	strb	r3, [r2, #0]
10001d9c:	e007      	b.n	10001dae <ph_remove_and_free_node+0xaa>
10001d9e:	4b10      	ldr	r3, [pc, #64]	; (10001de0 <ph_remove_and_free_node+0xdc>)
10001da0:	4a10      	ldr	r2, [pc, #64]	; (10001de4 <ph_remove_and_free_node+0xe0>)
10001da2:	2168      	movs	r1, #104	; 0x68
10001da4:	4810      	ldr	r0, [pc, #64]	; (10001de8 <ph_remove_and_free_node+0xe4>)
10001da6:	f000 fab3 	bl	10002310 <__assert_func>
10001daa:	7843      	ldrb	r3, [r0, #1]
10001dac:	7053      	strb	r3, [r2, #1]
10001dae:	2300      	movs	r3, #0
10001db0:	7083      	strb	r3, [r0, #2]
10001db2:	7043      	strb	r3, [r0, #1]
10001db4:	2201      	movs	r2, #1
10001db6:	0020      	movs	r0, r4
10001db8:	f7ff ff06 	bl	10001bc8 <ph_remove_any_head>
10001dbc:	0002      	movs	r2, r0
10001dbe:	7b61      	ldrb	r1, [r4, #13]
10001dc0:	4281      	cmp	r1, r0
10001dc2:	d005      	beq.n	10001dd0 <ph_remove_and_free_node+0xcc>
10001dc4:	0020      	movs	r0, r4
10001dc6:	f7ff fe4b 	bl	10001a60 <ph_merge_nodes>
10001dca:	7360      	strb	r0, [r4, #13]
10001dcc:	2001      	movs	r0, #1
10001dce:	e006      	b.n	10001dde <ph_remove_and_free_node+0xda>
10001dd0:	4b09      	ldr	r3, [pc, #36]	; (10001df8 <ph_remove_and_free_node+0xf4>)
10001dd2:	4a07      	ldr	r2, [pc, #28]	; (10001df0 <ph_remove_and_free_node+0xec>)
10001dd4:	2171      	movs	r1, #113	; 0x71
10001dd6:	4807      	ldr	r0, [pc, #28]	; (10001df4 <ph_remove_and_free_node+0xf0>)
10001dd8:	f000 fa9a 	bl	10002310 <__assert_func>
10001ddc:	2000      	movs	r0, #0
10001dde:	bd70      	pop	{r4, r5, r6, pc}
10001de0:	10004cc8 	.word	0x10004cc8
10001de4:	10005198 	.word	0x10005198
10001de8:	10004ce4 	.word	0x10004ce4
10001dec:	10004a68 	.word	0x10004a68
10001df0:	10005158 	.word	0x10005158
10001df4:	10005098 	.word	0x10005098
10001df8:	10005138 	.word	0x10005138

10001dfc <uart_disable_before_lcr_write>:
10001dfc:	b570      	push	{r4, r5, r6, lr}
10001dfe:	6b04      	ldr	r4, [r0, #48]	; 0x30
10001e00:	07e3      	lsls	r3, r4, #31
10001e02:	d401      	bmi.n	10001e08 <uart_disable_before_lcr_write+0xc>
10001e04:	0020      	movs	r0, r4
10001e06:	bd70      	pop	{r4, r5, r6, pc}
10001e08:	0002      	movs	r2, r0
10001e0a:	3230      	adds	r2, #48	; 0x30
10001e0c:	23c0      	movs	r3, #192	; 0xc0
10001e0e:	019b      	lsls	r3, r3, #6
10001e10:	4313      	orrs	r3, r2
10001e12:	4a0a      	ldr	r2, [pc, #40]	; (10001e3c <uart_disable_before_lcr_write+0x40>)
10001e14:	601a      	str	r2, [r3, #0]
10001e16:	6a45      	ldr	r5, [r0, #36]	; 0x24
10001e18:	6a82      	ldr	r2, [r0, #40]	; 0x28
10001e1a:	01ad      	lsls	r5, r5, #6
10001e1c:	18ad      	adds	r5, r5, r2
10001e1e:	02ad      	lsls	r5, r5, #10
10001e20:	2006      	movs	r0, #6
10001e22:	f000 f9bd 	bl	100021a0 <clock_get_hz>
10001e26:	4906      	ldr	r1, [pc, #24]	; (10001e40 <uart_disable_before_lcr_write+0x44>)
10001e28:	f001 fc26 	bl	10003678 <__wrap___aeabi_uidiv>
10001e2c:	0001      	movs	r1, r0
10001e2e:	0028      	movs	r0, r5
10001e30:	f001 fc22 	bl	10003678 <__wrap___aeabi_uidiv>
10001e34:	2100      	movs	r1, #0
10001e36:	f7ff fcc1 	bl	100017bc <busy_wait_us>
10001e3a:	e7e3      	b.n	10001e04 <uart_disable_before_lcr_write+0x8>
10001e3c:	00000301 	.word	0x00000301
10001e40:	00000e4e 	.word	0x00000e4e

10001e44 <uart_write_lcr_bits_masked>:
10001e44:	b570      	push	{r4, r5, r6, lr}
10001e46:	0004      	movs	r4, r0
10001e48:	000e      	movs	r6, r1
10001e4a:	0015      	movs	r5, r2
10001e4c:	f7ff ffd6 	bl	10001dfc <uart_disable_before_lcr_write>
10001e50:	0022      	movs	r2, r4
10001e52:	322c      	adds	r2, #44	; 0x2c
10001e54:	6ae1      	ldr	r1, [r4, #44]	; 0x2c
10001e56:	404e      	eors	r6, r1
10001e58:	4035      	ands	r5, r6
10001e5a:	2380      	movs	r3, #128	; 0x80
10001e5c:	015b      	lsls	r3, r3, #5
10001e5e:	4313      	orrs	r3, r2
10001e60:	601d      	str	r5, [r3, #0]
10001e62:	6320      	str	r0, [r4, #48]	; 0x30
10001e64:	bd70      	pop	{r4, r5, r6, pc}
	...

10001e68 <uart_set_baudrate>:
10001e68:	b570      	push	{r4, r5, r6, lr}
10001e6a:	0005      	movs	r5, r0
10001e6c:	000c      	movs	r4, r1
10001e6e:	2006      	movs	r0, #6
10001e70:	f000 f996 	bl	100021a0 <clock_get_hz>
10001e74:	00c0      	lsls	r0, r0, #3
10001e76:	0021      	movs	r1, r4
10001e78:	f001 fbfe 	bl	10003678 <__wrap___aeabi_uidiv>
10001e7c:	09c6      	lsrs	r6, r0, #7
10001e7e:	d008      	beq.n	10001e92 <uart_set_baudrate+0x2a>
10001e80:	4b0e      	ldr	r3, [pc, #56]	; (10001ebc <uart_set_baudrate+0x54>)
10001e82:	429e      	cmp	r6, r3
10001e84:	d816      	bhi.n	10001eb4 <uart_set_baudrate+0x4c>
10001e86:	237f      	movs	r3, #127	; 0x7f
10001e88:	4018      	ands	r0, r3
10001e8a:	3001      	adds	r0, #1
10001e8c:	0034      	movs	r4, r6
10001e8e:	0846      	lsrs	r6, r0, #1
10001e90:	e000      	b.n	10001e94 <uart_set_baudrate+0x2c>
10001e92:	2401      	movs	r4, #1
10001e94:	626c      	str	r4, [r5, #36]	; 0x24
10001e96:	62ae      	str	r6, [r5, #40]	; 0x28
10001e98:	2200      	movs	r2, #0
10001e9a:	2100      	movs	r1, #0
10001e9c:	0028      	movs	r0, r5
10001e9e:	f7ff ffd1 	bl	10001e44 <uart_write_lcr_bits_masked>
10001ea2:	2006      	movs	r0, #6
10001ea4:	f000 f97c 	bl	100021a0 <clock_get_hz>
10001ea8:	0080      	lsls	r0, r0, #2
10001eaa:	01a1      	lsls	r1, r4, #6
10001eac:	1989      	adds	r1, r1, r6
10001eae:	f001 fbe3 	bl	10003678 <__wrap___aeabi_uidiv>
10001eb2:	bd70      	pop	{r4, r5, r6, pc}
10001eb4:	2600      	movs	r6, #0
10001eb6:	4c02      	ldr	r4, [pc, #8]	; (10001ec0 <uart_set_baudrate+0x58>)
10001eb8:	e7ec      	b.n	10001e94 <uart_set_baudrate+0x2c>
10001eba:	46c0      	nop			; (mov r8, r8)
10001ebc:	0000fffe 	.word	0x0000fffe
10001ec0:	0000ffff 	.word	0x0000ffff

10001ec4 <uart_set_format>:
10001ec4:	b510      	push	{r4, lr}
10001ec6:	3905      	subs	r1, #5
10001ec8:	0149      	lsls	r1, r1, #5
10001eca:	3a01      	subs	r2, #1
10001ecc:	00d2      	lsls	r2, r2, #3
10001ece:	4311      	orrs	r1, r2
10001ed0:	2b00      	cmp	r3, #0
10001ed2:	d009      	beq.n	10001ee8 <uart_set_format+0x24>
10001ed4:	2202      	movs	r2, #2
10001ed6:	430a      	orrs	r2, r1
10001ed8:	2b01      	cmp	r3, #1
10001eda:	d007      	beq.n	10001eec <uart_set_format+0x28>
10001edc:	2100      	movs	r1, #0
10001ede:	4311      	orrs	r1, r2
10001ee0:	226e      	movs	r2, #110	; 0x6e
10001ee2:	f7ff ffaf 	bl	10001e44 <uart_write_lcr_bits_masked>
10001ee6:	bd10      	pop	{r4, pc}
10001ee8:	2200      	movs	r2, #0
10001eea:	e7f4      	b.n	10001ed6 <uart_set_format+0x12>
10001eec:	2104      	movs	r1, #4
10001eee:	e7f6      	b.n	10001ede <uart_set_format+0x1a>

10001ef0 <uart_set_translate_crlf>:
10001ef0:	2900      	cmp	r1, #0
10001ef2:	d009      	beq.n	10001f08 <uart_set_translate_crlf+0x18>
10001ef4:	220a      	movs	r2, #10
10001ef6:	4b06      	ldr	r3, [pc, #24]	; (10001f10 <uart_set_translate_crlf+0x20>)
10001ef8:	469c      	mov	ip, r3
10001efa:	4460      	add	r0, ip
10001efc:	4243      	negs	r3, r0
10001efe:	4158      	adcs	r0, r3
10001f00:	0040      	lsls	r0, r0, #1
10001f02:	4b04      	ldr	r3, [pc, #16]	; (10001f14 <uart_set_translate_crlf+0x24>)
10001f04:	52c2      	strh	r2, [r0, r3]
10001f06:	4770      	bx	lr
10001f08:	2280      	movs	r2, #128	; 0x80
10001f0a:	0052      	lsls	r2, r2, #1
10001f0c:	e7f3      	b.n	10001ef6 <uart_set_translate_crlf+0x6>
10001f0e:	46c0      	nop			; (mov r8, r8)
10001f10:	bffc8000 	.word	0xbffc8000
10001f14:	20000ba4 	.word	0x20000ba4

10001f18 <uart_init>:
10001f18:	b570      	push	{r4, r5, r6, lr}
10001f1a:	0005      	movs	r5, r0
10001f1c:	000c      	movs	r4, r1
10001f1e:	2006      	movs	r0, #6
10001f20:	f000 f93e 	bl	100021a0 <clock_get_hz>
10001f24:	1e06      	subs	r6, r0, #0
10001f26:	d027      	beq.n	10001f78 <uart_init+0x60>
10001f28:	4b16      	ldr	r3, [pc, #88]	; (10001f84 <uart_init+0x6c>)
10001f2a:	429d      	cmp	r5, r3
10001f2c:	d026      	beq.n	10001f7c <uart_init+0x64>
10001f2e:	2280      	movs	r2, #128	; 0x80
10001f30:	03d2      	lsls	r2, r2, #15
10001f32:	4b15      	ldr	r3, [pc, #84]	; (10001f88 <uart_init+0x70>)
10001f34:	601a      	str	r2, [r3, #0]
10001f36:	4b15      	ldr	r3, [pc, #84]	; (10001f8c <uart_init+0x74>)
10001f38:	601a      	str	r2, [r3, #0]
10001f3a:	4b15      	ldr	r3, [pc, #84]	; (10001f90 <uart_init+0x78>)
10001f3c:	689b      	ldr	r3, [r3, #8]
10001f3e:	0011      	movs	r1, r2
10001f40:	4399      	bics	r1, r3
10001f42:	d1fa      	bne.n	10001f3a <uart_init+0x22>
10001f44:	2100      	movs	r1, #0
10001f46:	0028      	movs	r0, r5
10001f48:	f7ff ffd2 	bl	10001ef0 <uart_set_translate_crlf>
10001f4c:	0021      	movs	r1, r4
10001f4e:	0028      	movs	r0, r5
10001f50:	f7ff ff8a 	bl	10001e68 <uart_set_baudrate>
10001f54:	0006      	movs	r6, r0
10001f56:	2300      	movs	r3, #0
10001f58:	2201      	movs	r2, #1
10001f5a:	2108      	movs	r1, #8
10001f5c:	0028      	movs	r0, r5
10001f5e:	f7ff ffb1 	bl	10001ec4 <uart_set_format>
10001f62:	002a      	movs	r2, r5
10001f64:	322c      	adds	r2, #44	; 0x2c
10001f66:	2380      	movs	r3, #128	; 0x80
10001f68:	019b      	lsls	r3, r3, #6
10001f6a:	4313      	orrs	r3, r2
10001f6c:	2210      	movs	r2, #16
10001f6e:	601a      	str	r2, [r3, #0]
10001f70:	4b08      	ldr	r3, [pc, #32]	; (10001f94 <uart_init+0x7c>)
10001f72:	632b      	str	r3, [r5, #48]	; 0x30
10001f74:	2303      	movs	r3, #3
10001f76:	64ab      	str	r3, [r5, #72]	; 0x48
10001f78:	0030      	movs	r0, r6
10001f7a:	bd70      	pop	{r4, r5, r6, pc}
10001f7c:	2280      	movs	r2, #128	; 0x80
10001f7e:	0412      	lsls	r2, r2, #16
10001f80:	e7d7      	b.n	10001f32 <uart_init+0x1a>
10001f82:	46c0      	nop			; (mov r8, r8)
10001f84:	40038000 	.word	0x40038000
10001f88:	4000e000 	.word	0x4000e000
10001f8c:	4000f000 	.word	0x4000f000
10001f90:	4000c000 	.word	0x4000c000
10001f94:	00000301 	.word	0x00000301

10001f98 <clock_configure>:
10001f98:	b5f8      	push	{r3, r4, r5, r6, r7, lr}
10001f9a:	46de      	mov	lr, fp
10001f9c:	4657      	mov	r7, sl
10001f9e:	464e      	mov	r6, r9
10001fa0:	4645      	mov	r5, r8
10001fa2:	b5e0      	push	{r5, r6, r7, lr}
10001fa4:	0005      	movs	r5, r0
10001fa6:	000f      	movs	r7, r1
10001fa8:	4692      	mov	sl, r2
10001faa:	9a0a      	ldr	r2, [sp, #40]	; 0x28
10001fac:	4293      	cmp	r3, r2
10001fae:	d350      	bcc.n	10002052 <clock_configure+0xba>
10001fb0:	0e1a      	lsrs	r2, r3, #24
10001fb2:	4691      	mov	r9, r2
10001fb4:	021e      	lsls	r6, r3, #8
10001fb6:	9a0a      	ldr	r2, [sp, #40]	; 0x28
10001fb8:	2300      	movs	r3, #0
10001fba:	0030      	movs	r0, r6
10001fbc:	4649      	mov	r1, r9
10001fbe:	f001 fb99 	bl	100036f4 <__wrap___aeabi_uldivmod>
10001fc2:	4680      	mov	r8, r0
10001fc4:	006c      	lsls	r4, r5, #1
10001fc6:	1964      	adds	r4, r4, r5
10001fc8:	00a4      	lsls	r4, r4, #2
10001fca:	4b30      	ldr	r3, [pc, #192]	; (1000208c <clock_configure+0xf4>)
10001fcc:	469c      	mov	ip, r3
10001fce:	4464      	add	r4, ip
10001fd0:	6863      	ldr	r3, [r4, #4]
10001fd2:	4283      	cmp	r3, r0
10001fd4:	d200      	bcs.n	10001fd8 <clock_configure+0x40>
10001fd6:	6060      	str	r0, [r4, #4]
10001fd8:	1f2b      	subs	r3, r5, #4
10001fda:	b2db      	uxtb	r3, r3
10001fdc:	469b      	mov	fp, r3
10001fde:	2b01      	cmp	r3, #1
10001fe0:	d93d      	bls.n	1000205e <clock_configure+0xc6>
10001fe2:	23c0      	movs	r3, #192	; 0xc0
10001fe4:	019b      	lsls	r3, r3, #6
10001fe6:	4323      	orrs	r3, r4
10001fe8:	2280      	movs	r2, #128	; 0x80
10001fea:	0112      	lsls	r2, r2, #4
10001fec:	601a      	str	r2, [r3, #0]
10001fee:	00ab      	lsls	r3, r5, #2
10001ff0:	4a27      	ldr	r2, [pc, #156]	; (10002090 <clock_configure+0xf8>)
10001ff2:	5899      	ldr	r1, [r3, r2]
10001ff4:	2900      	cmp	r1, #0
10001ff6:	d007      	beq.n	10002008 <clock_configure+0x70>
10001ff8:	6950      	ldr	r0, [r2, #20]
10001ffa:	f001 fb3d 	bl	10003678 <__wrap___aeabi_uidiv>
10001ffe:	1c43      	adds	r3, r0, #1
10002000:	0058      	lsls	r0, r3, #1
10002002:	18c0      	adds	r0, r0, r3
10002004:	3803      	subs	r0, #3
10002006:	d2fd      	bcs.n	10002004 <clock_configure+0x6c>
10002008:	4653      	mov	r3, sl
1000200a:	015a      	lsls	r2, r3, #5
1000200c:	6823      	ldr	r3, [r4, #0]
1000200e:	405a      	eors	r2, r3
10002010:	23e0      	movs	r3, #224	; 0xe0
10002012:	401a      	ands	r2, r3
10002014:	2380      	movs	r3, #128	; 0x80
10002016:	015b      	lsls	r3, r3, #5
10002018:	4323      	orrs	r3, r4
1000201a:	601a      	str	r2, [r3, #0]
1000201c:	465a      	mov	r2, fp
1000201e:	2a01      	cmp	r2, #1
10002020:	d928      	bls.n	10002074 <clock_configure+0xdc>
10002022:	2380      	movs	r3, #128	; 0x80
10002024:	019b      	lsls	r3, r3, #6
10002026:	4323      	orrs	r3, r4
10002028:	2280      	movs	r2, #128	; 0x80
1000202a:	0112      	lsls	r2, r2, #4
1000202c:	601a      	str	r2, [r3, #0]
1000202e:	4643      	mov	r3, r8
10002030:	6063      	str	r3, [r4, #4]
10002032:	4642      	mov	r2, r8
10002034:	2300      	movs	r3, #0
10002036:	0030      	movs	r0, r6
10002038:	4649      	mov	r1, r9
1000203a:	f001 fb5b 	bl	100036f4 <__wrap___aeabi_uldivmod>
1000203e:	00ad      	lsls	r5, r5, #2
10002040:	4b13      	ldr	r3, [pc, #76]	; (10002090 <clock_configure+0xf8>)
10002042:	5158      	str	r0, [r3, r5]
10002044:	2001      	movs	r0, #1
10002046:	bcf0      	pop	{r4, r5, r6, r7}
10002048:	46bb      	mov	fp, r7
1000204a:	46b2      	mov	sl, r6
1000204c:	46a9      	mov	r9, r5
1000204e:	46a0      	mov	r8, r4
10002050:	bdf8      	pop	{r3, r4, r5, r6, r7, pc}
10002052:	4b10      	ldr	r3, [pc, #64]	; (10002094 <clock_configure+0xfc>)
10002054:	4a10      	ldr	r2, [pc, #64]	; (10002098 <clock_configure+0x100>)
10002056:	2133      	movs	r1, #51	; 0x33
10002058:	4810      	ldr	r0, [pc, #64]	; (1000209c <clock_configure+0x104>)
1000205a:	f000 f959 	bl	10002310 <__assert_func>
1000205e:	2f01      	cmp	r7, #1
10002060:	d1bf      	bne.n	10001fe2 <clock_configure+0x4a>
10002062:	23c0      	movs	r3, #192	; 0xc0
10002064:	019b      	lsls	r3, r3, #6
10002066:	4323      	orrs	r3, r4
10002068:	2203      	movs	r2, #3
1000206a:	601a      	str	r2, [r3, #0]
1000206c:	68a3      	ldr	r3, [r4, #8]
1000206e:	07db      	lsls	r3, r3, #31
10002070:	d5fc      	bpl.n	1000206c <clock_configure+0xd4>
10002072:	e7c9      	b.n	10002008 <clock_configure+0x70>
10002074:	6821      	ldr	r1, [r4, #0]
10002076:	4079      	eors	r1, r7
10002078:	2203      	movs	r2, #3
1000207a:	400a      	ands	r2, r1
1000207c:	601a      	str	r2, [r3, #0]
1000207e:	68a2      	ldr	r2, [r4, #8]
10002080:	2301      	movs	r3, #1
10002082:	40bb      	lsls	r3, r7
10002084:	4213      	tst	r3, r2
10002086:	d0fa      	beq.n	1000207e <clock_configure+0xe6>
10002088:	e7cb      	b.n	10002022 <clock_configure+0x8a>
1000208a:	46c0      	nop			; (mov r8, r8)
1000208c:	40008000 	.word	0x40008000
10002090:	200008e4 	.word	0x200008e4
10002094:	100051a4 	.word	0x100051a4
10002098:	10005218 	.word	0x10005218
1000209c:	100051b8 	.word	0x100051b8

100020a0 <clocks_init>:
100020a0:	b530      	push	{r4, r5, lr}
100020a2:	b083      	sub	sp, #12
100020a4:	200c      	movs	r0, #12
100020a6:	f000 f911 	bl	100022cc <watchdog_start_tick>
100020aa:	f7fe fadd 	bl	10000668 <running_on_fpga>
100020ae:	2800      	cmp	r0, #0
100020b0:	d00d      	beq.n	100020ce <clocks_init+0x2e>
100020b2:	2300      	movs	r3, #0
100020b4:	e004      	b.n	100020c0 <clocks_init+0x20>
100020b6:	0099      	lsls	r1, r3, #2
100020b8:	4a2d      	ldr	r2, [pc, #180]	; (10002170 <clocks_init+0xd0>)
100020ba:	482e      	ldr	r0, [pc, #184]	; (10002174 <clocks_init+0xd4>)
100020bc:	5088      	str	r0, [r1, r2]
100020be:	3301      	adds	r3, #1
100020c0:	2b09      	cmp	r3, #9
100020c2:	d9f8      	bls.n	100020b6 <clocks_init+0x16>
100020c4:	4b2a      	ldr	r3, [pc, #168]	; (10002170 <clocks_init+0xd0>)
100020c6:	4a2c      	ldr	r2, [pc, #176]	; (10002178 <clocks_init+0xd8>)
100020c8:	625a      	str	r2, [r3, #36]	; 0x24
100020ca:	b003      	add	sp, #12
100020cc:	bd30      	pop	{r4, r5, pc}
100020ce:	4b2b      	ldr	r3, [pc, #172]	; (1000217c <clocks_init+0xdc>)
100020d0:	2200      	movs	r2, #0
100020d2:	679a      	str	r2, [r3, #120]	; 0x78
100020d4:	f000 f902 	bl	100022dc <xosc_init>
100020d8:	4b29      	ldr	r3, [pc, #164]	; (10002180 <clocks_init+0xe0>)
100020da:	2201      	movs	r2, #1
100020dc:	601a      	str	r2, [r3, #0]
100020de:	4b27      	ldr	r3, [pc, #156]	; (1000217c <clocks_init+0xdc>)
100020e0:	6c5b      	ldr	r3, [r3, #68]	; 0x44
100020e2:	2b01      	cmp	r3, #1
100020e4:	d1fb      	bne.n	100020de <clocks_init+0x3e>
100020e6:	4b27      	ldr	r3, [pc, #156]	; (10002184 <clocks_init+0xe4>)
100020e8:	2203      	movs	r2, #3
100020ea:	601a      	str	r2, [r3, #0]
100020ec:	4b23      	ldr	r3, [pc, #140]	; (1000217c <clocks_init+0xdc>)
100020ee:	6b9b      	ldr	r3, [r3, #56]	; 0x38
100020f0:	2b01      	cmp	r3, #1
100020f2:	d1fb      	bne.n	100020ec <clocks_init+0x4c>
100020f4:	3301      	adds	r3, #1
100020f6:	9300      	str	r3, [sp, #0]
100020f8:	3304      	adds	r3, #4
100020fa:	4a23      	ldr	r2, [pc, #140]	; (10002188 <clocks_init+0xe8>)
100020fc:	2101      	movs	r1, #1
100020fe:	4823      	ldr	r0, [pc, #140]	; (1000218c <clocks_init+0xec>)
10002100:	f000 f854 	bl	100021ac <pll_init>
10002104:	2305      	movs	r3, #5
10002106:	9300      	str	r3, [sp, #0]
10002108:	4a21      	ldr	r2, [pc, #132]	; (10002190 <clocks_init+0xf0>)
1000210a:	2101      	movs	r1, #1
1000210c:	4821      	ldr	r0, [pc, #132]	; (10002194 <clocks_init+0xf4>)
1000210e:	f000 f84d 	bl	100021ac <pll_init>
10002112:	4b21      	ldr	r3, [pc, #132]	; (10002198 <clocks_init+0xf8>)
10002114:	9300      	str	r3, [sp, #0]
10002116:	2200      	movs	r2, #0
10002118:	2102      	movs	r1, #2
1000211a:	2004      	movs	r0, #4
1000211c:	f7ff ff3c 	bl	10001f98 <clock_configure>
10002120:	4d1e      	ldr	r5, [pc, #120]	; (1000219c <clocks_init+0xfc>)
10002122:	9500      	str	r5, [sp, #0]
10002124:	002b      	movs	r3, r5
10002126:	2200      	movs	r2, #0
10002128:	2101      	movs	r1, #1
1000212a:	2005      	movs	r0, #5
1000212c:	f7ff ff34 	bl	10001f98 <clock_configure>
10002130:	4c10      	ldr	r4, [pc, #64]	; (10002174 <clocks_init+0xd4>)
10002132:	9400      	str	r4, [sp, #0]
10002134:	0023      	movs	r3, r4
10002136:	2200      	movs	r2, #0
10002138:	2100      	movs	r1, #0
1000213a:	2007      	movs	r0, #7
1000213c:	f7ff ff2c 	bl	10001f98 <clock_configure>
10002140:	9400      	str	r4, [sp, #0]
10002142:	0023      	movs	r3, r4
10002144:	2200      	movs	r2, #0
10002146:	2100      	movs	r1, #0
10002148:	2008      	movs	r0, #8
1000214a:	f7ff ff25 	bl	10001f98 <clock_configure>
1000214e:	4b0a      	ldr	r3, [pc, #40]	; (10002178 <clocks_init+0xd8>)
10002150:	9300      	str	r3, [sp, #0]
10002152:	0023      	movs	r3, r4
10002154:	2200      	movs	r2, #0
10002156:	2100      	movs	r1, #0
10002158:	2009      	movs	r0, #9
1000215a:	f7ff ff1d 	bl	10001f98 <clock_configure>
1000215e:	9500      	str	r5, [sp, #0]
10002160:	002b      	movs	r3, r5
10002162:	2200      	movs	r2, #0
10002164:	2100      	movs	r1, #0
10002166:	2006      	movs	r0, #6
10002168:	f7ff ff16 	bl	10001f98 <clock_configure>
1000216c:	e7ad      	b.n	100020ca <clocks_init+0x2a>
1000216e:	46c0      	nop			; (mov r8, r8)
10002170:	200008e4 	.word	0x200008e4
10002174:	02dc6c00 	.word	0x02dc6c00
10002178:	0000b71b 	.word	0x0000b71b
1000217c:	40008000 	.word	0x40008000
10002180:	4000b03c 	.word	0x4000b03c
10002184:	4000b030 	.word	0x4000b030
10002188:	59682f00 	.word	0x59682f00
1000218c:	40028000 	.word	0x40028000
10002190:	47868c00 	.word	0x47868c00
10002194:	4002c000 	.word	0x4002c000
10002198:	00b71b00 	.word	0x00b71b00
1000219c:	07735940 	.word	0x07735940

100021a0 <clock_get_hz>:
100021a0:	0080      	lsls	r0, r0, #2
100021a2:	4b01      	ldr	r3, [pc, #4]	; (100021a8 <clock_get_hz+0x8>)
100021a4:	58c0      	ldr	r0, [r0, r3]
100021a6:	4770      	bx	lr
100021a8:	200008e4 	.word	0x200008e4

100021ac <pll_init>:
100021ac:	b5f0      	push	{r4, r5, r6, r7, lr}
100021ae:	46c6      	mov	lr, r8
100021b0:	b500      	push	{lr}
100021b2:	0004      	movs	r4, r0
100021b4:	000e      	movs	r6, r1
100021b6:	0017      	movs	r7, r2
100021b8:	001d      	movs	r5, r3
100021ba:	4837      	ldr	r0, [pc, #220]	; (10002298 <pll_init+0xec>)
100021bc:	f001 fa5c 	bl	10003678 <__wrap___aeabi_uidiv>
100021c0:	4680      	mov	r8, r0
100021c2:	4b36      	ldr	r3, [pc, #216]	; (1000229c <pll_init+0xf0>)
100021c4:	18fa      	adds	r2, r7, r3
100021c6:	4b36      	ldr	r3, [pc, #216]	; (100022a0 <pll_init+0xf4>)
100021c8:	429a      	cmp	r2, r3
100021ca:	d839      	bhi.n	10002240 <pll_init+0x94>
100021cc:	0001      	movs	r1, r0
100021ce:	0038      	movs	r0, r7
100021d0:	f001 fa52 	bl	10003678 <__wrap___aeabi_uidiv>
100021d4:	0002      	movs	r2, r0
100021d6:	3a10      	subs	r2, #16
100021d8:	2398      	movs	r3, #152	; 0x98
100021da:	005b      	lsls	r3, r3, #1
100021dc:	429a      	cmp	r2, r3
100021de:	d835      	bhi.n	1000224c <pll_init+0xa0>
100021e0:	1e6b      	subs	r3, r5, #1
100021e2:	2b06      	cmp	r3, #6
100021e4:	d838      	bhi.n	10002258 <pll_init+0xac>
100021e6:	9b06      	ldr	r3, [sp, #24]
100021e8:	3b01      	subs	r3, #1
100021ea:	2b06      	cmp	r3, #6
100021ec:	d834      	bhi.n	10002258 <pll_init+0xac>
100021ee:	093f      	lsrs	r7, r7, #4
100021f0:	4547      	cmp	r7, r8
100021f2:	d337      	bcc.n	10002264 <pll_init+0xb8>
100021f4:	042d      	lsls	r5, r5, #16
100021f6:	9b06      	ldr	r3, [sp, #24]
100021f8:	031a      	lsls	r2, r3, #12
100021fa:	4315      	orrs	r5, r2
100021fc:	6823      	ldr	r3, [r4, #0]
100021fe:	2b00      	cmp	r3, #0
10002200:	db36      	blt.n	10002270 <pll_init+0xc4>
10002202:	4b28      	ldr	r3, [pc, #160]	; (100022a4 <pll_init+0xf8>)
10002204:	429c      	cmp	r4, r3
10002206:	d044      	beq.n	10002292 <pll_init+0xe6>
10002208:	2280      	movs	r2, #128	; 0x80
1000220a:	0152      	lsls	r2, r2, #5
1000220c:	4b26      	ldr	r3, [pc, #152]	; (100022a8 <pll_init+0xfc>)
1000220e:	601a      	str	r2, [r3, #0]
10002210:	4b26      	ldr	r3, [pc, #152]	; (100022ac <pll_init+0x100>)
10002212:	601a      	str	r2, [r3, #0]
10002214:	4b26      	ldr	r3, [pc, #152]	; (100022b0 <pll_init+0x104>)
10002216:	689b      	ldr	r3, [r3, #8]
10002218:	0011      	movs	r1, r2
1000221a:	4399      	bics	r1, r3
1000221c:	d1fa      	bne.n	10002214 <pll_init+0x68>
1000221e:	6026      	str	r6, [r4, #0]
10002220:	60a0      	str	r0, [r4, #8]
10002222:	1d23      	adds	r3, r4, #4
10002224:	22c0      	movs	r2, #192	; 0xc0
10002226:	0192      	lsls	r2, r2, #6
10002228:	431a      	orrs	r2, r3
1000222a:	2321      	movs	r3, #33	; 0x21
1000222c:	6013      	str	r3, [r2, #0]
1000222e:	6823      	ldr	r3, [r4, #0]
10002230:	2b00      	cmp	r3, #0
10002232:	dafc      	bge.n	1000222e <pll_init+0x82>
10002234:	60e5      	str	r5, [r4, #12]
10002236:	2308      	movs	r3, #8
10002238:	6013      	str	r3, [r2, #0]
1000223a:	bc80      	pop	{r7}
1000223c:	46b8      	mov	r8, r7
1000223e:	bdf0      	pop	{r4, r5, r6, r7, pc}
10002240:	4b1c      	ldr	r3, [pc, #112]	; (100022b4 <pll_init+0x108>)
10002242:	4a1d      	ldr	r2, [pc, #116]	; (100022b8 <pll_init+0x10c>)
10002244:	2111      	movs	r1, #17
10002246:	481d      	ldr	r0, [pc, #116]	; (100022bc <pll_init+0x110>)
10002248:	f000 f862 	bl	10002310 <__assert_func>
1000224c:	4b1c      	ldr	r3, [pc, #112]	; (100022c0 <pll_init+0x114>)
1000224e:	4a1a      	ldr	r2, [pc, #104]	; (100022b8 <pll_init+0x10c>)
10002250:	2119      	movs	r1, #25
10002252:	481a      	ldr	r0, [pc, #104]	; (100022bc <pll_init+0x110>)
10002254:	f000 f85c 	bl	10002310 <__assert_func>
10002258:	4b1a      	ldr	r3, [pc, #104]	; (100022c4 <pll_init+0x118>)
1000225a:	4a17      	ldr	r2, [pc, #92]	; (100022b8 <pll_init+0x10c>)
1000225c:	211c      	movs	r1, #28
1000225e:	4817      	ldr	r0, [pc, #92]	; (100022bc <pll_init+0x110>)
10002260:	f000 f856 	bl	10002310 <__assert_func>
10002264:	4b18      	ldr	r3, [pc, #96]	; (100022c8 <pll_init+0x11c>)
10002266:	4a14      	ldr	r2, [pc, #80]	; (100022b8 <pll_init+0x10c>)
10002268:	2123      	movs	r1, #35	; 0x23
1000226a:	4814      	ldr	r0, [pc, #80]	; (100022bc <pll_init+0x110>)
1000226c:	f000 f850 	bl	10002310 <__assert_func>
10002270:	6822      	ldr	r2, [r4, #0]
10002272:	233f      	movs	r3, #63	; 0x3f
10002274:	4013      	ands	r3, r2
10002276:	42b3      	cmp	r3, r6
10002278:	d1c3      	bne.n	10002202 <pll_init+0x56>
1000227a:	68a3      	ldr	r3, [r4, #8]
1000227c:	051b      	lsls	r3, r3, #20
1000227e:	0d1b      	lsrs	r3, r3, #20
10002280:	4283      	cmp	r3, r0
10002282:	d1be      	bne.n	10002202 <pll_init+0x56>
10002284:	68e3      	ldr	r3, [r4, #12]
10002286:	22ee      	movs	r2, #238	; 0xee
10002288:	02d2      	lsls	r2, r2, #11
1000228a:	4013      	ands	r3, r2
1000228c:	42ab      	cmp	r3, r5
1000228e:	d1b8      	bne.n	10002202 <pll_init+0x56>
10002290:	e7d3      	b.n	1000223a <pll_init+0x8e>
10002292:	2280      	movs	r2, #128	; 0x80
10002294:	0192      	lsls	r2, r2, #6
10002296:	e7b9      	b.n	1000220c <pll_init+0x60>
10002298:	00b71b00 	.word	0x00b71b00
1000229c:	d34be880 	.word	0xd34be880
100022a0:	32a9f880 	.word	0x32a9f880
100022a4:	4002c000 	.word	0x4002c000
100022a8:	4000e000 	.word	0x4000e000
100022ac:	4000f000 	.word	0x4000f000
100022b0:	4000c000 	.word	0x4000c000
100022b4:	10005228 	.word	0x10005228
100022b8:	10005368 	.word	0x10005368
100022bc:	10005288 	.word	0x10005288
100022c0:	100052e4 	.word	0x100052e4
100022c4:	10005300 	.word	0x10005300
100022c8:	1000534c 	.word	0x1000534c

100022cc <watchdog_start_tick>:
100022cc:	2380      	movs	r3, #128	; 0x80
100022ce:	009b      	lsls	r3, r3, #2
100022d0:	4303      	orrs	r3, r0
100022d2:	4a01      	ldr	r2, [pc, #4]	; (100022d8 <watchdog_start_tick+0xc>)
100022d4:	62d3      	str	r3, [r2, #44]	; 0x2c
100022d6:	4770      	bx	lr
100022d8:	40058000 	.word	0x40058000

100022dc <xosc_init>:
100022dc:	4b06      	ldr	r3, [pc, #24]	; (100022f8 <xosc_init+0x1c>)
100022de:	22aa      	movs	r2, #170	; 0xaa
100022e0:	0112      	lsls	r2, r2, #4
100022e2:	601a      	str	r2, [r3, #0]
100022e4:	222f      	movs	r2, #47	; 0x2f
100022e6:	60da      	str	r2, [r3, #12]
100022e8:	4b04      	ldr	r3, [pc, #16]	; (100022fc <xosc_init+0x20>)
100022ea:	4a05      	ldr	r2, [pc, #20]	; (10002300 <xosc_init+0x24>)
100022ec:	601a      	str	r2, [r3, #0]
100022ee:	4b02      	ldr	r3, [pc, #8]	; (100022f8 <xosc_init+0x1c>)
100022f0:	685b      	ldr	r3, [r3, #4]
100022f2:	2b00      	cmp	r3, #0
100022f4:	dafb      	bge.n	100022ee <xosc_init+0x12>
100022f6:	4770      	bx	lr
100022f8:	40024000 	.word	0x40024000
100022fc:	40026000 	.word	0x40026000
10002300:	00fab000 	.word	0x00fab000

10002304 <_exit>:
10002304:	be00      	bkpt	0x0000
10002306:	e7fd      	b.n	10002304 <_exit>

10002308 <exit>:
10002308:	b510      	push	{r4, lr}
1000230a:	f7ff fffb 	bl	10002304 <_exit>
	...

10002310 <__assert_func>:
10002310:	b510      	push	{r4, lr}
10002312:	b082      	sub	sp, #8
10002314:	000c      	movs	r4, r1
10002316:	0019      	movs	r1, r3
10002318:	2a00      	cmp	r2, #0
1000231a:	d00c      	beq.n	10002336 <__assert_func+0x26>
1000231c:	4b08      	ldr	r3, [pc, #32]	; (10002340 <__assert_func+0x30>)
1000231e:	2a00      	cmp	r2, #0
10002320:	d00b      	beq.n	1000233a <__assert_func+0x2a>
10002322:	9201      	str	r2, [sp, #4]
10002324:	9300      	str	r3, [sp, #0]
10002326:	0023      	movs	r3, r4
10002328:	0002      	movs	r2, r0
1000232a:	4806      	ldr	r0, [pc, #24]	; (10002344 <__assert_func+0x34>)
1000232c:	f001 ff12 	bl	10004154 <__wrap_printf>
10002330:	2001      	movs	r0, #1
10002332:	f7ff ffe7 	bl	10002304 <_exit>
10002336:	4b04      	ldr	r3, [pc, #16]	; (10002348 <__assert_func+0x38>)
10002338:	e7f1      	b.n	1000231e <__assert_func+0xe>
1000233a:	4a03      	ldr	r2, [pc, #12]	; (10002348 <__assert_func+0x38>)
1000233c:	e7f1      	b.n	10002322 <__assert_func+0x12>
1000233e:	46c0      	nop			; (mov r8, r8)
10002340:	10005374 	.word	0x10005374
10002344:	10005384 	.word	0x10005384
10002348:	10005380 	.word	0x10005380

1000234c <runtime_init>:
1000234c:	b570      	push	{r4, r5, r6, lr}
1000234e:	4b2b      	ldr	r3, [pc, #172]	; (100023fc <runtime_init+0xb0>)
10002350:	4a2b      	ldr	r2, [pc, #172]	; (10002400 <runtime_init+0xb4>)
10002352:	601a      	str	r2, [r3, #0]
10002354:	4b2b      	ldr	r3, [pc, #172]	; (10002404 <runtime_init+0xb8>)
10002356:	4a2c      	ldr	r2, [pc, #176]	; (10002408 <runtime_init+0xbc>)
10002358:	601a      	str	r2, [r3, #0]
1000235a:	4b2c      	ldr	r3, [pc, #176]	; (1000240c <runtime_init+0xc0>)
1000235c:	689a      	ldr	r2, [r3, #8]
1000235e:	4b2a      	ldr	r3, [pc, #168]	; (10002408 <runtime_init+0xbc>)
10002360:	4393      	bics	r3, r2
10002362:	d1fa      	bne.n	1000235a <runtime_init+0xe>
10002364:	4c2a      	ldr	r4, [pc, #168]	; (10002410 <runtime_init+0xc4>)
10002366:	e001      	b.n	1000236c <runtime_init+0x20>
10002368:	cc08      	ldmia	r4!, {r3}
1000236a:	4798      	blx	r3
1000236c:	4b29      	ldr	r3, [pc, #164]	; (10002414 <runtime_init+0xc8>)
1000236e:	429c      	cmp	r4, r3
10002370:	d3fa      	bcc.n	10002368 <runtime_init+0x1c>
10002372:	f7ff fe95 	bl	100020a0 <clocks_init>
10002376:	4b23      	ldr	r3, [pc, #140]	; (10002404 <runtime_init+0xb8>)
10002378:	4a27      	ldr	r2, [pc, #156]	; (10002418 <runtime_init+0xcc>)
1000237a:	601a      	str	r2, [r3, #0]
1000237c:	4b23      	ldr	r3, [pc, #140]	; (1000240c <runtime_init+0xc0>)
1000237e:	689b      	ldr	r3, [r3, #8]
10002380:	43db      	mvns	r3, r3
10002382:	01db      	lsls	r3, r3, #7
10002384:	d1fa      	bne.n	1000237c <runtime_init+0x30>
10002386:	4b25      	ldr	r3, [pc, #148]	; (1000241c <runtime_init+0xd0>)
10002388:	2240      	movs	r2, #64	; 0x40
1000238a:	679a      	str	r2, [r3, #120]	; 0x78
1000238c:	675a      	str	r2, [r3, #116]	; 0x74
1000238e:	671a      	str	r2, [r3, #112]	; 0x70
10002390:	66da      	str	r2, [r3, #108]	; 0x6c
10002392:	4c23      	ldr	r4, [pc, #140]	; (10002420 <runtime_init+0xd4>)
10002394:	e009      	b.n	100023aa <runtime_init+0x5e>
10002396:	4b23      	ldr	r3, [pc, #140]	; (10002424 <runtime_init+0xd8>)
10002398:	4a23      	ldr	r2, [pc, #140]	; (10002428 <runtime_init+0xdc>)
1000239a:	2187      	movs	r1, #135	; 0x87
1000239c:	4823      	ldr	r0, [pc, #140]	; (1000242c <runtime_init+0xe0>)
1000239e:	f7ff ffb7 	bl	10002310 <__assert_func>
100023a2:	0020      	movs	r0, r4
100023a4:	f7fe fbca 	bl	10000b3c <mutex_init>
100023a8:	3408      	adds	r4, #8
100023aa:	4b21      	ldr	r3, [pc, #132]	; (10002430 <runtime_init+0xe4>)
100023ac:	429c      	cmp	r4, r3
100023ae:	d209      	bcs.n	100023c4 <runtime_init+0x78>
100023b0:	6823      	ldr	r3, [r4, #0]
100023b2:	2b00      	cmp	r3, #0
100023b4:	d0f5      	beq.n	100023a2 <runtime_init+0x56>
100023b6:	2b01      	cmp	r3, #1
100023b8:	d1ed      	bne.n	10002396 <runtime_init+0x4a>
100023ba:	0020      	movs	r0, r4
100023bc:	f7fe fbcb 	bl	10000b56 <recursive_mutex_init>
100023c0:	3408      	adds	r4, #8
100023c2:	e7f2      	b.n	100023aa <runtime_init+0x5e>
100023c4:	4c1b      	ldr	r4, [pc, #108]	; (10002434 <runtime_init+0xe8>)
100023c6:	68a1      	ldr	r1, [r4, #8]
100023c8:	4d1b      	ldr	r5, [pc, #108]	; (10002438 <runtime_init+0xec>)
100023ca:	22c0      	movs	r2, #192	; 0xc0
100023cc:	0028      	movs	r0, r5
100023ce:	f001 fd5b 	bl	10003e88 <__wrap___aeabi_memcpy>
100023d2:	60a5      	str	r5, [r4, #8]
100023d4:	f3ef 8305 	mrs	r3, IPSR
100023d8:	2b00      	cmp	r3, #0
100023da:	d000      	beq.n	100023de <runtime_init+0x92>
100023dc:	be00      	bkpt	0x0000
100023de:	f7fe f97d 	bl	100006dc <spin_locks_reset>
100023e2:	f7fe fb95 	bl	10000b10 <irq_init_priorities>
100023e6:	f7fe ff05 	bl	100011f4 <alarm_pool_init_default>
100023ea:	4c14      	ldr	r4, [pc, #80]	; (1000243c <runtime_init+0xf0>)
100023ec:	e001      	b.n	100023f2 <runtime_init+0xa6>
100023ee:	cc08      	ldmia	r4!, {r3}
100023f0:	4798      	blx	r3
100023f2:	4b13      	ldr	r3, [pc, #76]	; (10002440 <runtime_init+0xf4>)
100023f4:	429c      	cmp	r4, r3
100023f6:	d3fa      	bcc.n	100023ee <runtime_init+0xa2>
100023f8:	bd70      	pop	{r4, r5, r6, pc}
100023fa:	46c0      	nop			; (mov r8, r8)
100023fc:	4000e000 	.word	0x4000e000
10002400:	fefbcdbf 	.word	0xfefbcdbf
10002404:	4000f000 	.word	0x4000f000
10002408:	003c7ffe 	.word	0x003c7ffe
1000240c:	4000c000 	.word	0x4000c000
10002410:	20000790 	.word	0x20000790
10002414:	200007a0 	.word	0x200007a0
10002418:	01ffffff 	.word	0x01ffffff
1000241c:	4001f000 	.word	0x4001f000
10002420:	20000788 	.word	0x20000788
10002424:	100053b4 	.word	0x100053b4
10002428:	10005444 	.word	0x10005444
1000242c:	100053d4 	.word	0x100053d4
10002430:	20000790 	.word	0x20000790
10002434:	e000ed00 	.word	0xe000ed00
10002438:	20000000 	.word	0x20000000
1000243c:	200007a0 	.word	0x200007a0
10002440:	200007a4 	.word	0x200007a4

10002444 <panic>:
10002444:	b40f      	push	{r0, r1, r2, r3}
10002446:	b500      	push	{lr}
10002448:	b083      	sub	sp, #12
1000244a:	4808      	ldr	r0, [pc, #32]	; (1000246c <panic+0x28>)
1000244c:	f001 fe52 	bl	100040f4 <__wrap_puts>
10002450:	9b04      	ldr	r3, [sp, #16]
10002452:	2b00      	cmp	r3, #0
10002454:	d007      	beq.n	10002466 <panic+0x22>
10002456:	a905      	add	r1, sp, #20
10002458:	9101      	str	r1, [sp, #4]
1000245a:	0018      	movs	r0, r3
1000245c:	f001 fe5a 	bl	10004114 <__wrap_vprintf>
10002460:	4803      	ldr	r0, [pc, #12]	; (10002470 <panic+0x2c>)
10002462:	f001 fe47 	bl	100040f4 <__wrap_puts>
10002466:	2001      	movs	r0, #1
10002468:	f7ff ff4c 	bl	10002304 <_exit>
1000246c:	10005434 	.word	0x10005434
10002470:	10004828 	.word	0x10004828

10002474 <_out_null>:
10002474:	4770      	bx	lr

10002476 <_out_fct>:
10002476:	b510      	push	{r4, lr}
10002478:	2800      	cmp	r0, #0
1000247a:	d002      	beq.n	10002482 <_out_fct+0xc>
1000247c:	680b      	ldr	r3, [r1, #0]
1000247e:	6849      	ldr	r1, [r1, #4]
10002480:	4798      	blx	r3
10002482:	bd10      	pop	{r4, pc}

10002484 <_atoi>:
10002484:	0001      	movs	r1, r0
10002486:	2000      	movs	r0, #0
10002488:	e007      	b.n	1000249a <_atoi+0x16>
1000248a:	0083      	lsls	r3, r0, #2
1000248c:	181b      	adds	r3, r3, r0
1000248e:	005b      	lsls	r3, r3, #1
10002490:	1c50      	adds	r0, r2, #1
10002492:	6008      	str	r0, [r1, #0]
10002494:	7810      	ldrb	r0, [r2, #0]
10002496:	18c0      	adds	r0, r0, r3
10002498:	3830      	subs	r0, #48	; 0x30
1000249a:	680a      	ldr	r2, [r1, #0]
1000249c:	7813      	ldrb	r3, [r2, #0]
1000249e:	3b30      	subs	r3, #48	; 0x30
100024a0:	b2db      	uxtb	r3, r3
100024a2:	2b09      	cmp	r3, #9
100024a4:	d9f1      	bls.n	1000248a <_atoi+0x6>
100024a6:	4770      	bx	lr

100024a8 <_out_rev>:
100024a8:	b5f0      	push	{r4, r5, r6, r7, lr}
100024aa:	46de      	mov	lr, fp
100024ac:	4657      	mov	r7, sl
100024ae:	464e      	mov	r6, r9
100024b0:	4645      	mov	r5, r8
100024b2:	b5e0      	push	{r5, r6, r7, lr}
100024b4:	b083      	sub	sp, #12
100024b6:	4693      	mov	fp, r2
100024b8:	001f      	movs	r7, r3
100024ba:	9b0c      	ldr	r3, [sp, #48]	; 0x30
100024bc:	469a      	mov	sl, r3
100024be:	9c0d      	ldr	r4, [sp, #52]	; 0x34
100024c0:	9b0e      	ldr	r3, [sp, #56]	; 0x38
100024c2:	4699      	mov	r9, r3
100024c4:	9b0f      	ldr	r3, [sp, #60]	; 0x3c
100024c6:	079b      	lsls	r3, r3, #30
100024c8:	d003      	beq.n	100024d2 <_out_rev+0x2a>
100024ca:	46b8      	mov	r8, r7
100024cc:	000f      	movs	r7, r1
100024ce:	0006      	movs	r6, r0
100024d0:	e022      	b.n	10002518 <_out_rev+0x70>
100024d2:	9201      	str	r2, [sp, #4]
100024d4:	46a3      	mov	fp, r4
100024d6:	4688      	mov	r8, r1
100024d8:	464e      	mov	r6, r9
100024da:	46b9      	mov	r9, r7
100024dc:	0007      	movs	r7, r0
100024de:	42b4      	cmp	r4, r6
100024e0:	d207      	bcs.n	100024f2 <_out_rev+0x4a>
100024e2:	1c55      	adds	r5, r2, #1
100024e4:	464b      	mov	r3, r9
100024e6:	4641      	mov	r1, r8
100024e8:	2020      	movs	r0, #32
100024ea:	47b8      	blx	r7
100024ec:	3401      	adds	r4, #1
100024ee:	002a      	movs	r2, r5
100024f0:	e7f5      	b.n	100024de <_out_rev+0x36>
100024f2:	003d      	movs	r5, r7
100024f4:	464f      	mov	r7, r9
100024f6:	465c      	mov	r4, fp
100024f8:	9b01      	ldr	r3, [sp, #4]
100024fa:	469b      	mov	fp, r3
100024fc:	46b1      	mov	r9, r6
100024fe:	4646      	mov	r6, r8
10002500:	46b8      	mov	r8, r7
10002502:	0037      	movs	r7, r6
10002504:	002e      	movs	r6, r5
10002506:	e007      	b.n	10002518 <_out_rev+0x70>
10002508:	3c01      	subs	r4, #1
1000250a:	1c55      	adds	r5, r2, #1
1000250c:	4653      	mov	r3, sl
1000250e:	5d18      	ldrb	r0, [r3, r4]
10002510:	4643      	mov	r3, r8
10002512:	0039      	movs	r1, r7
10002514:	47b0      	blx	r6
10002516:	002a      	movs	r2, r5
10002518:	2c00      	cmp	r4, #0
1000251a:	d1f5      	bne.n	10002508 <_out_rev+0x60>
1000251c:	0035      	movs	r5, r6
1000251e:	003e      	movs	r6, r7
10002520:	4647      	mov	r7, r8
10002522:	9b0f      	ldr	r3, [sp, #60]	; 0x3c
10002524:	079b      	lsls	r3, r3, #30
10002526:	d407      	bmi.n	10002538 <_out_rev+0x90>
10002528:	0010      	movs	r0, r2
1000252a:	b003      	add	sp, #12
1000252c:	bcf0      	pop	{r4, r5, r6, r7}
1000252e:	46bb      	mov	fp, r7
10002530:	46b2      	mov	sl, r6
10002532:	46a9      	mov	r9, r5
10002534:	46a0      	mov	r8, r4
10002536:	bdf0      	pop	{r4, r5, r6, r7, pc}
10002538:	46b0      	mov	r8, r6
1000253a:	464e      	mov	r6, r9
1000253c:	46b9      	mov	r9, r7
1000253e:	002f      	movs	r7, r5
10002540:	465d      	mov	r5, fp
10002542:	1b53      	subs	r3, r2, r5
10002544:	42b3      	cmp	r3, r6
10002546:	d2ef      	bcs.n	10002528 <_out_rev+0x80>
10002548:	1c54      	adds	r4, r2, #1
1000254a:	464b      	mov	r3, r9
1000254c:	4641      	mov	r1, r8
1000254e:	2020      	movs	r0, #32
10002550:	47b8      	blx	r7
10002552:	0022      	movs	r2, r4
10002554:	e7f5      	b.n	10002542 <_out_rev+0x9a>

10002556 <_ntoa_format>:
10002556:	b5f0      	push	{r4, r5, r6, r7, lr}
10002558:	46ce      	mov	lr, r9
1000255a:	4647      	mov	r7, r8
1000255c:	b580      	push	{r7, lr}
1000255e:	b085      	sub	sp, #20
10002560:	4694      	mov	ip, r2
10002562:	4698      	mov	r8, r3
10002564:	9d0c      	ldr	r5, [sp, #48]	; 0x30
10002566:	9c0d      	ldr	r4, [sp, #52]	; 0x34
10002568:	ab0e      	add	r3, sp, #56	; 0x38
1000256a:	781b      	ldrb	r3, [r3, #0]
1000256c:	4699      	mov	r9, r3
1000256e:	9a10      	ldr	r2, [sp, #64]	; 0x40
10002570:	9b11      	ldr	r3, [sp, #68]	; 0x44
10002572:	9e12      	ldr	r6, [sp, #72]	; 0x48
10002574:	07b7      	lsls	r7, r6, #30
10002576:	d41c      	bmi.n	100025b2 <_ntoa_format+0x5c>
10002578:	2b00      	cmp	r3, #0
1000257a:	d00c      	beq.n	10002596 <_ntoa_format+0x40>
1000257c:	07f7      	lsls	r7, r6, #31
1000257e:	d50a      	bpl.n	10002596 <_ntoa_format+0x40>
10002580:	464f      	mov	r7, r9
10002582:	2f00      	cmp	r7, #0
10002584:	d102      	bne.n	1000258c <_ntoa_format+0x36>
10002586:	370c      	adds	r7, #12
10002588:	4237      	tst	r7, r6
1000258a:	d004      	beq.n	10002596 <_ntoa_format+0x40>
1000258c:	3b01      	subs	r3, #1
1000258e:	e002      	b.n	10002596 <_ntoa_format+0x40>
10002590:	2730      	movs	r7, #48	; 0x30
10002592:	552f      	strb	r7, [r5, r4]
10002594:	3401      	adds	r4, #1
10002596:	4294      	cmp	r4, r2
10002598:	d201      	bcs.n	1000259e <_ntoa_format+0x48>
1000259a:	2c1f      	cmp	r4, #31
1000259c:	d9f8      	bls.n	10002590 <_ntoa_format+0x3a>
1000259e:	07f7      	lsls	r7, r6, #31
100025a0:	d507      	bpl.n	100025b2 <_ntoa_format+0x5c>
100025a2:	429c      	cmp	r4, r3
100025a4:	d205      	bcs.n	100025b2 <_ntoa_format+0x5c>
100025a6:	2c1f      	cmp	r4, #31
100025a8:	d803      	bhi.n	100025b2 <_ntoa_format+0x5c>
100025aa:	2730      	movs	r7, #48	; 0x30
100025ac:	552f      	strb	r7, [r5, r4]
100025ae:	3401      	adds	r4, #1
100025b0:	e7f5      	b.n	1000259e <_ntoa_format+0x48>
100025b2:	06f7      	lsls	r7, r6, #27
100025b4:	d515      	bpl.n	100025e2 <_ntoa_format+0x8c>
100025b6:	0577      	lsls	r7, r6, #21
100025b8:	d405      	bmi.n	100025c6 <_ntoa_format+0x70>
100025ba:	2c00      	cmp	r4, #0
100025bc:	d003      	beq.n	100025c6 <_ntoa_format+0x70>
100025be:	4294      	cmp	r4, r2
100025c0:	d024      	beq.n	1000260c <_ntoa_format+0xb6>
100025c2:	429c      	cmp	r4, r3
100025c4:	d022      	beq.n	1000260c <_ntoa_format+0xb6>
100025c6:	9a0f      	ldr	r2, [sp, #60]	; 0x3c
100025c8:	2a10      	cmp	r2, #16
100025ca:	d02b      	beq.n	10002624 <_ntoa_format+0xce>
100025cc:	9a0f      	ldr	r2, [sp, #60]	; 0x3c
100025ce:	2a10      	cmp	r2, #16
100025d0:	d030      	beq.n	10002634 <_ntoa_format+0xde>
100025d2:	9a0f      	ldr	r2, [sp, #60]	; 0x3c
100025d4:	2a02      	cmp	r2, #2
100025d6:	d035      	beq.n	10002644 <_ntoa_format+0xee>
100025d8:	2c1f      	cmp	r4, #31
100025da:	d802      	bhi.n	100025e2 <_ntoa_format+0x8c>
100025dc:	2230      	movs	r2, #48	; 0x30
100025de:	552a      	strb	r2, [r5, r4]
100025e0:	3401      	adds	r4, #1
100025e2:	2c1f      	cmp	r4, #31
100025e4:	d805      	bhi.n	100025f2 <_ntoa_format+0x9c>
100025e6:	464a      	mov	r2, r9
100025e8:	2a00      	cmp	r2, #0
100025ea:	d031      	beq.n	10002650 <_ntoa_format+0xfa>
100025ec:	222d      	movs	r2, #45	; 0x2d
100025ee:	552a      	strb	r2, [r5, r4]
100025f0:	3401      	adds	r4, #1
100025f2:	9603      	str	r6, [sp, #12]
100025f4:	9302      	str	r3, [sp, #8]
100025f6:	9401      	str	r4, [sp, #4]
100025f8:	9500      	str	r5, [sp, #0]
100025fa:	4643      	mov	r3, r8
100025fc:	4662      	mov	r2, ip
100025fe:	f7ff ff53 	bl	100024a8 <_out_rev>
10002602:	b005      	add	sp, #20
10002604:	bcc0      	pop	{r6, r7}
10002606:	46b9      	mov	r9, r7
10002608:	46b0      	mov	r8, r6
1000260a:	bdf0      	pop	{r4, r5, r6, r7, pc}
1000260c:	1e62      	subs	r2, r4, #1
1000260e:	2c01      	cmp	r4, #1
10002610:	d006      	beq.n	10002620 <_ntoa_format+0xca>
10002612:	9f0f      	ldr	r7, [sp, #60]	; 0x3c
10002614:	2f10      	cmp	r7, #16
10002616:	d001      	beq.n	1000261c <_ntoa_format+0xc6>
10002618:	0014      	movs	r4, r2
1000261a:	e7d4      	b.n	100025c6 <_ntoa_format+0x70>
1000261c:	3c02      	subs	r4, #2
1000261e:	e7d2      	b.n	100025c6 <_ntoa_format+0x70>
10002620:	0014      	movs	r4, r2
10002622:	e7d0      	b.n	100025c6 <_ntoa_format+0x70>
10002624:	06b2      	lsls	r2, r6, #26
10002626:	d4d1      	bmi.n	100025cc <_ntoa_format+0x76>
10002628:	2c1f      	cmp	r4, #31
1000262a:	d8cf      	bhi.n	100025cc <_ntoa_format+0x76>
1000262c:	2278      	movs	r2, #120	; 0x78
1000262e:	552a      	strb	r2, [r5, r4]
10002630:	3401      	adds	r4, #1
10002632:	e7d1      	b.n	100025d8 <_ntoa_format+0x82>
10002634:	06b2      	lsls	r2, r6, #26
10002636:	d5cc      	bpl.n	100025d2 <_ntoa_format+0x7c>
10002638:	2c1f      	cmp	r4, #31
1000263a:	d8ca      	bhi.n	100025d2 <_ntoa_format+0x7c>
1000263c:	2258      	movs	r2, #88	; 0x58
1000263e:	552a      	strb	r2, [r5, r4]
10002640:	3401      	adds	r4, #1
10002642:	e7c9      	b.n	100025d8 <_ntoa_format+0x82>
10002644:	2c1f      	cmp	r4, #31
10002646:	d8c7      	bhi.n	100025d8 <_ntoa_format+0x82>
10002648:	3260      	adds	r2, #96	; 0x60
1000264a:	552a      	strb	r2, [r5, r4]
1000264c:	3401      	adds	r4, #1
1000264e:	e7c3      	b.n	100025d8 <_ntoa_format+0x82>
10002650:	0772      	lsls	r2, r6, #29
10002652:	d503      	bpl.n	1000265c <_ntoa_format+0x106>
10002654:	222b      	movs	r2, #43	; 0x2b
10002656:	552a      	strb	r2, [r5, r4]
10002658:	3401      	adds	r4, #1
1000265a:	e7ca      	b.n	100025f2 <_ntoa_format+0x9c>
1000265c:	0732      	lsls	r2, r6, #28
1000265e:	d5c8      	bpl.n	100025f2 <_ntoa_format+0x9c>
10002660:	2220      	movs	r2, #32
10002662:	552a      	strb	r2, [r5, r4]
10002664:	3401      	adds	r4, #1
10002666:	e7c4      	b.n	100025f2 <_ntoa_format+0x9c>

10002668 <_ntoa_long>:
10002668:	b5f0      	push	{r4, r5, r6, r7, lr}
1000266a:	46de      	mov	lr, fp
1000266c:	4657      	mov	r7, sl
1000266e:	464e      	mov	r6, r9
10002670:	4645      	mov	r5, r8
10002672:	b5e0      	push	{r5, r6, r7, lr}
10002674:	b093      	sub	sp, #76	; 0x4c
10002676:	4681      	mov	r9, r0
10002678:	468a      	mov	sl, r1
1000267a:	9208      	str	r2, [sp, #32]
1000267c:	9309      	str	r3, [sp, #36]	; 0x24
1000267e:	ab1c      	add	r3, sp, #112	; 0x70
10002680:	cb10      	ldmia	r3!, {r4}
10002682:	781b      	ldrb	r3, [r3, #0]
10002684:	469b      	mov	fp, r3
10002686:	9d1e      	ldr	r5, [sp, #120]	; 0x78
10002688:	9b21      	ldr	r3, [sp, #132]	; 0x84
1000268a:	4698      	mov	r8, r3
1000268c:	2c00      	cmp	r4, #0
1000268e:	d103      	bne.n	10002698 <_ntoa_long+0x30>
10002690:	2310      	movs	r3, #16
10002692:	4642      	mov	r2, r8
10002694:	439a      	bics	r2, r3
10002696:	4690      	mov	r8, r2
10002698:	2380      	movs	r3, #128	; 0x80
1000269a:	00db      	lsls	r3, r3, #3
1000269c:	4646      	mov	r6, r8
1000269e:	401e      	ands	r6, r3
100026a0:	4642      	mov	r2, r8
100026a2:	421a      	tst	r2, r3
100026a4:	d012      	beq.n	100026cc <_ntoa_long+0x64>
100026a6:	2c00      	cmp	r4, #0
100026a8:	d022      	beq.n	100026f0 <_ntoa_long+0x88>
100026aa:	2600      	movs	r6, #0
100026ac:	e00e      	b.n	100026cc <_ntoa_long+0x64>
100026ae:	3330      	adds	r3, #48	; 0x30
100026b0:	b2d9      	uxtb	r1, r3
100026b2:	1c77      	adds	r7, r6, #1
100026b4:	ab0a      	add	r3, sp, #40	; 0x28
100026b6:	5599      	strb	r1, [r3, r6]
100026b8:	0029      	movs	r1, r5
100026ba:	0020      	movs	r0, r4
100026bc:	f000 ffdc 	bl	10003678 <__wrap___aeabi_uidiv>
100026c0:	42ac      	cmp	r4, r5
100026c2:	d316      	bcc.n	100026f2 <_ntoa_long+0x8a>
100026c4:	2f1f      	cmp	r7, #31
100026c6:	d814      	bhi.n	100026f2 <_ntoa_long+0x8a>
100026c8:	003e      	movs	r6, r7
100026ca:	0004      	movs	r4, r0
100026cc:	0029      	movs	r1, r5
100026ce:	0020      	movs	r0, r4
100026d0:	f000 ffd2 	bl	10003678 <__wrap___aeabi_uidiv>
100026d4:	b2cb      	uxtb	r3, r1
100026d6:	2b09      	cmp	r3, #9
100026d8:	d9e9      	bls.n	100026ae <_ntoa_long+0x46>
100026da:	4642      	mov	r2, r8
100026dc:	0692      	lsls	r2, r2, #26
100026de:	d505      	bpl.n	100026ec <_ntoa_long+0x84>
100026e0:	2141      	movs	r1, #65	; 0x41
100026e2:	18c9      	adds	r1, r1, r3
100026e4:	b2c9      	uxtb	r1, r1
100026e6:	390a      	subs	r1, #10
100026e8:	b2c9      	uxtb	r1, r1
100026ea:	e7e2      	b.n	100026b2 <_ntoa_long+0x4a>
100026ec:	2161      	movs	r1, #97	; 0x61
100026ee:	e7f8      	b.n	100026e2 <_ntoa_long+0x7a>
100026f0:	0027      	movs	r7, r4
100026f2:	4643      	mov	r3, r8
100026f4:	9306      	str	r3, [sp, #24]
100026f6:	9b20      	ldr	r3, [sp, #128]	; 0x80
100026f8:	9305      	str	r3, [sp, #20]
100026fa:	9b1f      	ldr	r3, [sp, #124]	; 0x7c
100026fc:	9304      	str	r3, [sp, #16]
100026fe:	9503      	str	r5, [sp, #12]
10002700:	465b      	mov	r3, fp
10002702:	9302      	str	r3, [sp, #8]
10002704:	9701      	str	r7, [sp, #4]
10002706:	ab0a      	add	r3, sp, #40	; 0x28
10002708:	9300      	str	r3, [sp, #0]
1000270a:	9b09      	ldr	r3, [sp, #36]	; 0x24
1000270c:	9a08      	ldr	r2, [sp, #32]
1000270e:	4651      	mov	r1, sl
10002710:	4648      	mov	r0, r9
10002712:	f7ff ff20 	bl	10002556 <_ntoa_format>
10002716:	b013      	add	sp, #76	; 0x4c
10002718:	bcf0      	pop	{r4, r5, r6, r7}
1000271a:	46bb      	mov	fp, r7
1000271c:	46b2      	mov	sl, r6
1000271e:	46a9      	mov	r9, r5
10002720:	46a0      	mov	r8, r4
10002722:	bdf0      	pop	{r4, r5, r6, r7, pc}

10002724 <_ntoa_long_long>:
10002724:	b5f0      	push	{r4, r5, r6, r7, lr}
10002726:	46de      	mov	lr, fp
10002728:	4657      	mov	r7, sl
1000272a:	464e      	mov	r6, r9
1000272c:	4645      	mov	r5, r8
1000272e:	b5e0      	push	{r5, r6, r7, lr}
10002730:	b095      	sub	sp, #84	; 0x54
10002732:	9008      	str	r0, [sp, #32]
10002734:	9109      	str	r1, [sp, #36]	; 0x24
10002736:	920a      	str	r2, [sp, #40]	; 0x28
10002738:	930b      	str	r3, [sp, #44]	; 0x2c
1000273a:	9e1e      	ldr	r6, [sp, #120]	; 0x78
1000273c:	9c1f      	ldr	r4, [sp, #124]	; 0x7c
1000273e:	ab20      	add	r3, sp, #128	; 0x80
10002740:	781b      	ldrb	r3, [r3, #0]
10002742:	469b      	mov	fp, r3
10002744:	9b22      	ldr	r3, [sp, #136]	; 0x88
10002746:	4699      	mov	r9, r3
10002748:	9d23      	ldr	r5, [sp, #140]	; 0x8c
1000274a:	9b26      	ldr	r3, [sp, #152]	; 0x98
1000274c:	469a      	mov	sl, r3
1000274e:	0033      	movs	r3, r6
10002750:	4323      	orrs	r3, r4
10002752:	d103      	bne.n	1000275c <_ntoa_long_long+0x38>
10002754:	3310      	adds	r3, #16
10002756:	4652      	mov	r2, sl
10002758:	439a      	bics	r2, r3
1000275a:	4692      	mov	sl, r2
1000275c:	2380      	movs	r3, #128	; 0x80
1000275e:	00db      	lsls	r3, r3, #3
10002760:	4657      	mov	r7, sl
10002762:	401f      	ands	r7, r3
10002764:	4652      	mov	r2, sl
10002766:	421a      	tst	r2, r3
10002768:	d019      	beq.n	1000279e <_ntoa_long_long+0x7a>
1000276a:	0033      	movs	r3, r6
1000276c:	4323      	orrs	r3, r4
1000276e:	d02d      	beq.n	100027cc <_ntoa_long_long+0xa8>
10002770:	2700      	movs	r7, #0
10002772:	e014      	b.n	1000279e <_ntoa_long_long+0x7a>
10002774:	3330      	adds	r3, #48	; 0x30
10002776:	b2da      	uxtb	r2, r3
10002778:	1c7b      	adds	r3, r7, #1
1000277a:	4698      	mov	r8, r3
1000277c:	ab0c      	add	r3, sp, #48	; 0x30
1000277e:	55da      	strb	r2, [r3, r7]
10002780:	464a      	mov	r2, r9
10002782:	002b      	movs	r3, r5
10002784:	0030      	movs	r0, r6
10002786:	0021      	movs	r1, r4
10002788:	f000 ffb4 	bl	100036f4 <__wrap___aeabi_uldivmod>
1000278c:	42a5      	cmp	r5, r4
1000278e:	d81f      	bhi.n	100027d0 <_ntoa_long_long+0xac>
10002790:	d019      	beq.n	100027c6 <_ntoa_long_long+0xa2>
10002792:	4643      	mov	r3, r8
10002794:	2b1f      	cmp	r3, #31
10002796:	d81b      	bhi.n	100027d0 <_ntoa_long_long+0xac>
10002798:	4647      	mov	r7, r8
1000279a:	0006      	movs	r6, r0
1000279c:	000c      	movs	r4, r1
1000279e:	464a      	mov	r2, r9
100027a0:	002b      	movs	r3, r5
100027a2:	0030      	movs	r0, r6
100027a4:	0021      	movs	r1, r4
100027a6:	f000 ffa5 	bl	100036f4 <__wrap___aeabi_uldivmod>
100027aa:	b2d3      	uxtb	r3, r2
100027ac:	2b09      	cmp	r3, #9
100027ae:	d9e1      	bls.n	10002774 <_ntoa_long_long+0x50>
100027b0:	4652      	mov	r2, sl
100027b2:	0692      	lsls	r2, r2, #26
100027b4:	d505      	bpl.n	100027c2 <_ntoa_long_long+0x9e>
100027b6:	2241      	movs	r2, #65	; 0x41
100027b8:	18d2      	adds	r2, r2, r3
100027ba:	b2d2      	uxtb	r2, r2
100027bc:	3a0a      	subs	r2, #10
100027be:	b2d2      	uxtb	r2, r2
100027c0:	e7da      	b.n	10002778 <_ntoa_long_long+0x54>
100027c2:	2261      	movs	r2, #97	; 0x61
100027c4:	e7f8      	b.n	100027b8 <_ntoa_long_long+0x94>
100027c6:	45b1      	cmp	r9, r6
100027c8:	d9e3      	bls.n	10002792 <_ntoa_long_long+0x6e>
100027ca:	e001      	b.n	100027d0 <_ntoa_long_long+0xac>
100027cc:	2300      	movs	r3, #0
100027ce:	4698      	mov	r8, r3
100027d0:	4653      	mov	r3, sl
100027d2:	9306      	str	r3, [sp, #24]
100027d4:	9b25      	ldr	r3, [sp, #148]	; 0x94
100027d6:	9305      	str	r3, [sp, #20]
100027d8:	9b24      	ldr	r3, [sp, #144]	; 0x90
100027da:	9304      	str	r3, [sp, #16]
100027dc:	464b      	mov	r3, r9
100027de:	9303      	str	r3, [sp, #12]
100027e0:	465b      	mov	r3, fp
100027e2:	9302      	str	r3, [sp, #8]
100027e4:	4643      	mov	r3, r8
100027e6:	9301      	str	r3, [sp, #4]
100027e8:	ab0c      	add	r3, sp, #48	; 0x30
100027ea:	9300      	str	r3, [sp, #0]
100027ec:	9b0b      	ldr	r3, [sp, #44]	; 0x2c
100027ee:	9a0a      	ldr	r2, [sp, #40]	; 0x28
100027f0:	9909      	ldr	r1, [sp, #36]	; 0x24
100027f2:	9808      	ldr	r0, [sp, #32]
100027f4:	f7ff feaf 	bl	10002556 <_ntoa_format>
100027f8:	b015      	add	sp, #84	; 0x54
100027fa:	bcf0      	pop	{r4, r5, r6, r7}
100027fc:	46bb      	mov	fp, r7
100027fe:	46b2      	mov	sl, r6
10002800:	46a9      	mov	r9, r5
10002802:	46a0      	mov	r8, r4
10002804:	bdf0      	pop	{r4, r5, r6, r7, pc}
	...

10002808 <_etoa>:
10002808:	b5f0      	push	{r4, r5, r6, r7, lr}
1000280a:	46de      	mov	lr, fp
1000280c:	4657      	mov	r7, sl
1000280e:	464e      	mov	r6, r9
10002810:	4645      	mov	r5, r8
10002812:	b5e0      	push	{r5, r6, r7, lr}
10002814:	b091      	sub	sp, #68	; 0x44
10002816:	4683      	mov	fp, r0
10002818:	468a      	mov	sl, r1
1000281a:	920c      	str	r2, [sp, #48]	; 0x30
1000281c:	4698      	mov	r8, r3
1000281e:	9c1a      	ldr	r4, [sp, #104]	; 0x68
10002820:	9408      	str	r4, [sp, #32]
10002822:	9d1b      	ldr	r5, [sp, #108]	; 0x6c
10002824:	9509      	str	r5, [sp, #36]	; 0x24
10002826:	0022      	movs	r2, r4
10002828:	002b      	movs	r3, r5
1000282a:	0020      	movs	r0, r4
1000282c:	0029      	movs	r1, r5
1000282e:	f001 f9dc 	bl	10003bea <__wrap___aeabi_dcmpun>
10002832:	2800      	cmp	r0, #0
10002834:	d000      	beq.n	10002838 <_etoa+0x30>
10002836:	e0e5      	b.n	10002a04 <_etoa+0x1fc>
10002838:	2201      	movs	r2, #1
1000283a:	4252      	negs	r2, r2
1000283c:	4bd7      	ldr	r3, [pc, #860]	; (10002b9c <_etoa+0x394>)
1000283e:	0020      	movs	r0, r4
10002840:	0029      	movs	r1, r5
10002842:	f001 f9cd 	bl	10003be0 <__wrap___aeabi_dcmpgt>
10002846:	2800      	cmp	r0, #0
10002848:	d000      	beq.n	1000284c <_etoa+0x44>
1000284a:	e0db      	b.n	10002a04 <_etoa+0x1fc>
1000284c:	2201      	movs	r2, #1
1000284e:	4252      	negs	r2, r2
10002850:	4bd3      	ldr	r3, [pc, #844]	; (10002ba0 <_etoa+0x398>)
10002852:	0020      	movs	r0, r4
10002854:	0029      	movs	r1, r5
10002856:	f001 f9ad 	bl	10003bb4 <__wrap___aeabi_dcmplt>
1000285a:	2800      	cmp	r0, #0
1000285c:	d000      	beq.n	10002860 <_etoa+0x58>
1000285e:	e0d1      	b.n	10002a04 <_etoa+0x1fc>
10002860:	2200      	movs	r2, #0
10002862:	2300      	movs	r3, #0
10002864:	9e08      	ldr	r6, [sp, #32]
10002866:	0030      	movs	r0, r6
10002868:	9d09      	ldr	r5, [sp, #36]	; 0x24
1000286a:	0029      	movs	r1, r5
1000286c:	f001 f9a2 	bl	10003bb4 <__wrap___aeabi_dcmplt>
10002870:	2800      	cmp	r0, #0
10002872:	d000      	beq.n	10002876 <_etoa+0x6e>
10002874:	e0dd      	b.n	10002a32 <_etoa+0x22a>
10002876:	9808      	ldr	r0, [sp, #32]
10002878:	9909      	ldr	r1, [sp, #36]	; 0x24
1000287a:	9006      	str	r0, [sp, #24]
1000287c:	9107      	str	r1, [sp, #28]
1000287e:	2380      	movs	r3, #128	; 0x80
10002880:	00db      	lsls	r3, r3, #3
10002882:	9a1e      	ldr	r2, [sp, #120]	; 0x78
10002884:	401a      	ands	r2, r3
10002886:	920d      	str	r2, [sp, #52]	; 0x34
10002888:	9a1e      	ldr	r2, [sp, #120]	; 0x78
1000288a:	421a      	tst	r2, r3
1000288c:	d101      	bne.n	10002892 <_etoa+0x8a>
1000288e:	2306      	movs	r3, #6
10002890:	931c      	str	r3, [sp, #112]	; 0x70
10002892:	9806      	ldr	r0, [sp, #24]
10002894:	9907      	ldr	r1, [sp, #28]
10002896:	0004      	movs	r4, r0
10002898:	000d      	movs	r5, r1
1000289a:	000a      	movs	r2, r1
1000289c:	0006      	movs	r6, r0
1000289e:	4302      	orrs	r2, r0
100028a0:	d100      	bne.n	100028a4 <_etoa+0x9c>
100028a2:	e0d1      	b.n	10002a48 <_etoa+0x240>
100028a4:	0d08      	lsrs	r0, r1, #20
100028a6:	0540      	lsls	r0, r0, #21
100028a8:	0d40      	lsrs	r0, r0, #21
100028aa:	4cbe      	ldr	r4, [pc, #760]	; (10002ba4 <_etoa+0x39c>)
100028ac:	46a4      	mov	ip, r4
100028ae:	4460      	add	r0, ip
100028b0:	030a      	lsls	r2, r1, #12
100028b2:	0b12      	lsrs	r2, r2, #12
100028b4:	4bbc      	ldr	r3, [pc, #752]	; (10002ba8 <_etoa+0x3a0>)
100028b6:	4313      	orrs	r3, r2
100028b8:	001f      	movs	r7, r3
100028ba:	f001 f9a9 	bl	10003c10 <__wrap___aeabi_i2d>
100028be:	4abb      	ldr	r2, [pc, #748]	; (10002bac <_etoa+0x3a4>)
100028c0:	4bbb      	ldr	r3, [pc, #748]	; (10002bb0 <_etoa+0x3a8>)
100028c2:	f001 f938 	bl	10003b36 <__wrap___aeabi_dmul>
100028c6:	4abb      	ldr	r2, [pc, #748]	; (10002bb4 <_etoa+0x3ac>)
100028c8:	4bbb      	ldr	r3, [pc, #748]	; (10002bb8 <_etoa+0x3b0>)
100028ca:	f001 f915 	bl	10003af8 <__wrap___aeabi_dadd>
100028ce:	0004      	movs	r4, r0
100028d0:	000d      	movs	r5, r1
100028d2:	2200      	movs	r2, #0
100028d4:	4bb9      	ldr	r3, [pc, #740]	; (10002bbc <_etoa+0x3b4>)
100028d6:	0030      	movs	r0, r6
100028d8:	0039      	movs	r1, r7
100028da:	f001 f908 	bl	10003aee <__wrap___aeabi_dsub>
100028de:	4ab8      	ldr	r2, [pc, #736]	; (10002bc0 <_etoa+0x3b8>)
100028e0:	4bb8      	ldr	r3, [pc, #736]	; (10002bc4 <_etoa+0x3bc>)
100028e2:	f001 f928 	bl	10003b36 <__wrap___aeabi_dmul>
100028e6:	0002      	movs	r2, r0
100028e8:	000b      	movs	r3, r1
100028ea:	0020      	movs	r0, r4
100028ec:	0029      	movs	r1, r5
100028ee:	f001 f903 	bl	10003af8 <__wrap___aeabi_dadd>
100028f2:	f001 f9a5 	bl	10003c40 <__wrap___aeabi_d2iz>
100028f6:	4681      	mov	r9, r0
100028f8:	f001 f98a 	bl	10003c10 <__wrap___aeabi_i2d>
100028fc:	0004      	movs	r4, r0
100028fe:	000d      	movs	r5, r1
10002900:	4ab1      	ldr	r2, [pc, #708]	; (10002bc8 <_etoa+0x3c0>)
10002902:	4bb2      	ldr	r3, [pc, #712]	; (10002bcc <_etoa+0x3c4>)
10002904:	f001 f917 	bl	10003b36 <__wrap___aeabi_dmul>
10002908:	2200      	movs	r2, #0
1000290a:	4bb1      	ldr	r3, [pc, #708]	; (10002bd0 <_etoa+0x3c8>)
1000290c:	f001 f8f4 	bl	10003af8 <__wrap___aeabi_dadd>
10002910:	f001 f996 	bl	10003c40 <__wrap___aeabi_d2iz>
10002914:	0006      	movs	r6, r0
10002916:	4aaf      	ldr	r2, [pc, #700]	; (10002bd4 <_etoa+0x3cc>)
10002918:	4baf      	ldr	r3, [pc, #700]	; (10002bd8 <_etoa+0x3d0>)
1000291a:	0020      	movs	r0, r4
1000291c:	0029      	movs	r1, r5
1000291e:	f001 f90a 	bl	10003b36 <__wrap___aeabi_dmul>
10002922:	0004      	movs	r4, r0
10002924:	000d      	movs	r5, r1
10002926:	0030      	movs	r0, r6
10002928:	f001 f972 	bl	10003c10 <__wrap___aeabi_i2d>
1000292c:	4aab      	ldr	r2, [pc, #684]	; (10002bdc <_etoa+0x3d4>)
1000292e:	4bac      	ldr	r3, [pc, #688]	; (10002be0 <_etoa+0x3d8>)
10002930:	f001 f901 	bl	10003b36 <__wrap___aeabi_dmul>
10002934:	0002      	movs	r2, r0
10002936:	000b      	movs	r3, r1
10002938:	0020      	movs	r0, r4
1000293a:	0029      	movs	r1, r5
1000293c:	f001 f8d7 	bl	10003aee <__wrap___aeabi_dsub>
10002940:	0004      	movs	r4, r0
10002942:	000d      	movs	r5, r1
10002944:	0002      	movs	r2, r0
10002946:	000b      	movs	r3, r1
10002948:	f001 f8f5 	bl	10003b36 <__wrap___aeabi_dmul>
1000294c:	900a      	str	r0, [sp, #40]	; 0x28
1000294e:	910b      	str	r1, [sp, #44]	; 0x2c
10002950:	4ba4      	ldr	r3, [pc, #656]	; (10002be4 <_etoa+0x3dc>)
10002952:	18f3      	adds	r3, r6, r3
10002954:	2600      	movs	r6, #0
10002956:	051f      	lsls	r7, r3, #20
10002958:	0022      	movs	r2, r4
1000295a:	002b      	movs	r3, r5
1000295c:	0020      	movs	r0, r4
1000295e:	0029      	movs	r1, r5
10002960:	f001 f8ca 	bl	10003af8 <__wrap___aeabi_dadd>
10002964:	900e      	str	r0, [sp, #56]	; 0x38
10002966:	910f      	str	r1, [sp, #60]	; 0x3c
10002968:	0022      	movs	r2, r4
1000296a:	002b      	movs	r3, r5
1000296c:	2000      	movs	r0, #0
1000296e:	2180      	movs	r1, #128	; 0x80
10002970:	05c9      	lsls	r1, r1, #23
10002972:	f001 f8bc 	bl	10003aee <__wrap___aeabi_dsub>
10002976:	0004      	movs	r4, r0
10002978:	000d      	movs	r5, r1
1000297a:	2200      	movs	r2, #0
1000297c:	4b9a      	ldr	r3, [pc, #616]	; (10002be8 <_etoa+0x3e0>)
1000297e:	980a      	ldr	r0, [sp, #40]	; 0x28
10002980:	990b      	ldr	r1, [sp, #44]	; 0x2c
10002982:	f001 f8be 	bl	10003b02 <__wrap___aeabi_ddiv>
10002986:	2200      	movs	r2, #0
10002988:	4b98      	ldr	r3, [pc, #608]	; (10002bec <_etoa+0x3e4>)
1000298a:	f001 f8b5 	bl	10003af8 <__wrap___aeabi_dadd>
1000298e:	0002      	movs	r2, r0
10002990:	000b      	movs	r3, r1
10002992:	980a      	ldr	r0, [sp, #40]	; 0x28
10002994:	990b      	ldr	r1, [sp, #44]	; 0x2c
10002996:	f001 f8b4 	bl	10003b02 <__wrap___aeabi_ddiv>
1000299a:	2200      	movs	r2, #0
1000299c:	4b94      	ldr	r3, [pc, #592]	; (10002bf0 <_etoa+0x3e8>)
1000299e:	f001 f8ab 	bl	10003af8 <__wrap___aeabi_dadd>
100029a2:	0002      	movs	r2, r0
100029a4:	000b      	movs	r3, r1
100029a6:	980a      	ldr	r0, [sp, #40]	; 0x28
100029a8:	990b      	ldr	r1, [sp, #44]	; 0x2c
100029aa:	f001 f8aa 	bl	10003b02 <__wrap___aeabi_ddiv>
100029ae:	0002      	movs	r2, r0
100029b0:	000b      	movs	r3, r1
100029b2:	0020      	movs	r0, r4
100029b4:	0029      	movs	r1, r5
100029b6:	f001 f89f 	bl	10003af8 <__wrap___aeabi_dadd>
100029ba:	0002      	movs	r2, r0
100029bc:	000b      	movs	r3, r1
100029be:	980e      	ldr	r0, [sp, #56]	; 0x38
100029c0:	990f      	ldr	r1, [sp, #60]	; 0x3c
100029c2:	f001 f89e 	bl	10003b02 <__wrap___aeabi_ddiv>
100029c6:	2200      	movs	r2, #0
100029c8:	4b77      	ldr	r3, [pc, #476]	; (10002ba8 <_etoa+0x3a0>)
100029ca:	f001 f895 	bl	10003af8 <__wrap___aeabi_dadd>
100029ce:	0032      	movs	r2, r6
100029d0:	003b      	movs	r3, r7
100029d2:	f001 f8b0 	bl	10003b36 <__wrap___aeabi_dmul>
100029d6:	0006      	movs	r6, r0
100029d8:	000f      	movs	r7, r1
100029da:	0004      	movs	r4, r0
100029dc:	000d      	movs	r5, r1
100029de:	9a06      	ldr	r2, [sp, #24]
100029e0:	9b07      	ldr	r3, [sp, #28]
100029e2:	f001 f8fd 	bl	10003be0 <__wrap___aeabi_dcmpgt>
100029e6:	2800      	cmp	r0, #0
100029e8:	d030      	beq.n	10002a4c <_etoa+0x244>
100029ea:	2301      	movs	r3, #1
100029ec:	425b      	negs	r3, r3
100029ee:	469c      	mov	ip, r3
100029f0:	44e1      	add	r9, ip
100029f2:	2200      	movs	r2, #0
100029f4:	4b7d      	ldr	r3, [pc, #500]	; (10002bec <_etoa+0x3e4>)
100029f6:	0030      	movs	r0, r6
100029f8:	0039      	movs	r1, r7
100029fa:	f001 f882 	bl	10003b02 <__wrap___aeabi_ddiv>
100029fe:	0004      	movs	r4, r0
10002a00:	000d      	movs	r5, r1
10002a02:	e023      	b.n	10002a4c <_etoa+0x244>
10002a04:	9b1e      	ldr	r3, [sp, #120]	; 0x78
10002a06:	9304      	str	r3, [sp, #16]
10002a08:	9b1d      	ldr	r3, [sp, #116]	; 0x74
10002a0a:	9303      	str	r3, [sp, #12]
10002a0c:	9b1c      	ldr	r3, [sp, #112]	; 0x70
10002a0e:	9302      	str	r3, [sp, #8]
10002a10:	9a08      	ldr	r2, [sp, #32]
10002a12:	9b09      	ldr	r3, [sp, #36]	; 0x24
10002a14:	9200      	str	r2, [sp, #0]
10002a16:	9301      	str	r3, [sp, #4]
10002a18:	4643      	mov	r3, r8
10002a1a:	9a0c      	ldr	r2, [sp, #48]	; 0x30
10002a1c:	4651      	mov	r1, sl
10002a1e:	4658      	mov	r0, fp
10002a20:	f000 f8fc 	bl	10002c1c <_ftoa>
10002a24:	b011      	add	sp, #68	; 0x44
10002a26:	bcf0      	pop	{r4, r5, r6, r7}
10002a28:	46bb      	mov	fp, r7
10002a2a:	46b2      	mov	sl, r6
10002a2c:	46a9      	mov	r9, r5
10002a2e:	46a0      	mov	r8, r4
10002a30:	bdf0      	pop	{r4, r5, r6, r7, pc}
10002a32:	2300      	movs	r3, #0
10002a34:	2400      	movs	r4, #0
10002a36:	9306      	str	r3, [sp, #24]
10002a38:	9407      	str	r4, [sp, #28]
10002a3a:	9606      	str	r6, [sp, #24]
10002a3c:	2380      	movs	r3, #128	; 0x80
10002a3e:	061b      	lsls	r3, r3, #24
10002a40:	469c      	mov	ip, r3
10002a42:	4465      	add	r5, ip
10002a44:	9507      	str	r5, [sp, #28]
10002a46:	e71a      	b.n	1000287e <_etoa+0x76>
10002a48:	2300      	movs	r3, #0
10002a4a:	4699      	mov	r9, r3
10002a4c:	464b      	mov	r3, r9
10002a4e:	3363      	adds	r3, #99	; 0x63
10002a50:	2bc6      	cmp	r3, #198	; 0xc6
10002a52:	d81e      	bhi.n	10002a92 <_etoa+0x28a>
10002a54:	2604      	movs	r6, #4
10002a56:	9b1e      	ldr	r3, [sp, #120]	; 0x78
10002a58:	051b      	lsls	r3, r3, #20
10002a5a:	d526      	bpl.n	10002aaa <_etoa+0x2a2>
10002a5c:	002b      	movs	r3, r5
10002a5e:	4323      	orrs	r3, r4
10002a60:	d00f      	beq.n	10002a82 <_etoa+0x27a>
10002a62:	4a64      	ldr	r2, [pc, #400]	; (10002bf4 <_etoa+0x3ec>)
10002a64:	4b64      	ldr	r3, [pc, #400]	; (10002bf8 <_etoa+0x3f0>)
10002a66:	9806      	ldr	r0, [sp, #24]
10002a68:	9907      	ldr	r1, [sp, #28]
10002a6a:	f001 f8b1 	bl	10003bd0 <__wrap___aeabi_dcmpge>
10002a6e:	2800      	cmp	r0, #0
10002a70:	d079      	beq.n	10002b66 <_etoa+0x35e>
10002a72:	2200      	movs	r2, #0
10002a74:	4b61      	ldr	r3, [pc, #388]	; (10002bfc <_etoa+0x3f4>)
10002a76:	9806      	ldr	r0, [sp, #24]
10002a78:	9907      	ldr	r1, [sp, #28]
10002a7a:	f001 f89b 	bl	10003bb4 <__wrap___aeabi_dcmplt>
10002a7e:	2800      	cmp	r0, #0
10002a80:	d071      	beq.n	10002b66 <_etoa+0x35e>
10002a82:	9b1c      	ldr	r3, [sp, #112]	; 0x70
10002a84:	454b      	cmp	r3, r9
10002a86:	dd06      	ble.n	10002a96 <_etoa+0x28e>
10002a88:	464a      	mov	r2, r9
10002a8a:	1a98      	subs	r0, r3, r2
10002a8c:	1e43      	subs	r3, r0, #1
10002a8e:	931c      	str	r3, [sp, #112]	; 0x70
10002a90:	e003      	b.n	10002a9a <_etoa+0x292>
10002a92:	2605      	movs	r6, #5
10002a94:	e7df      	b.n	10002a56 <_etoa+0x24e>
10002a96:	2300      	movs	r3, #0
10002a98:	931c      	str	r3, [sp, #112]	; 0x70
10002a9a:	2380      	movs	r3, #128	; 0x80
10002a9c:	00db      	lsls	r3, r3, #3
10002a9e:	9a1e      	ldr	r2, [sp, #120]	; 0x78
10002aa0:	431a      	orrs	r2, r3
10002aa2:	921e      	str	r2, [sp, #120]	; 0x78
10002aa4:	2600      	movs	r6, #0
10002aa6:	2300      	movs	r3, #0
10002aa8:	4699      	mov	r9, r3
10002aaa:	9b1d      	ldr	r3, [sp, #116]	; 0x74
10002aac:	429e      	cmp	r6, r3
10002aae:	d264      	bcs.n	10002b7a <_etoa+0x372>
10002ab0:	1b9f      	subs	r7, r3, r6
10002ab2:	2302      	movs	r3, #2
10002ab4:	9a1e      	ldr	r2, [sp, #120]	; 0x78
10002ab6:	401a      	ands	r2, r3
10002ab8:	920a      	str	r2, [sp, #40]	; 0x28
10002aba:	9a1e      	ldr	r2, [sp, #120]	; 0x78
10002abc:	4213      	tst	r3, r2
10002abe:	d002      	beq.n	10002ac6 <_etoa+0x2be>
10002ac0:	2e00      	cmp	r6, #0
10002ac2:	d000      	beq.n	10002ac6 <_etoa+0x2be>
10002ac4:	2700      	movs	r7, #0
10002ac6:	464b      	mov	r3, r9
10002ac8:	2b00      	cmp	r3, #0
10002aca:	d007      	beq.n	10002adc <_etoa+0x2d4>
10002acc:	0022      	movs	r2, r4
10002ace:	002b      	movs	r3, r5
10002ad0:	9806      	ldr	r0, [sp, #24]
10002ad2:	9907      	ldr	r1, [sp, #28]
10002ad4:	f001 f815 	bl	10003b02 <__wrap___aeabi_ddiv>
10002ad8:	9006      	str	r0, [sp, #24]
10002ada:	9107      	str	r1, [sp, #28]
10002adc:	2200      	movs	r2, #0
10002ade:	2300      	movs	r3, #0
10002ae0:	9808      	ldr	r0, [sp, #32]
10002ae2:	9909      	ldr	r1, [sp, #36]	; 0x24
10002ae4:	f001 f866 	bl	10003bb4 <__wrap___aeabi_dcmplt>
10002ae8:	2800      	cmp	r0, #0
10002aea:	d148      	bne.n	10002b7e <_etoa+0x376>
10002aec:	4b44      	ldr	r3, [pc, #272]	; (10002c00 <_etoa+0x3f8>)
10002aee:	9a1e      	ldr	r2, [sp, #120]	; 0x78
10002af0:	4013      	ands	r3, r2
10002af2:	9304      	str	r3, [sp, #16]
10002af4:	9703      	str	r7, [sp, #12]
10002af6:	9b1c      	ldr	r3, [sp, #112]	; 0x70
10002af8:	9302      	str	r3, [sp, #8]
10002afa:	9b06      	ldr	r3, [sp, #24]
10002afc:	9c07      	ldr	r4, [sp, #28]
10002afe:	9300      	str	r3, [sp, #0]
10002b00:	9401      	str	r4, [sp, #4]
10002b02:	4643      	mov	r3, r8
10002b04:	9a0c      	ldr	r2, [sp, #48]	; 0x30
10002b06:	4651      	mov	r1, sl
10002b08:	4658      	mov	r0, fp
10002b0a:	f000 f887 	bl	10002c1c <_ftoa>
10002b0e:	2e00      	cmp	r6, #0
10002b10:	d100      	bne.n	10002b14 <_etoa+0x30c>
10002b12:	e787      	b.n	10002a24 <_etoa+0x21c>
10002b14:	9b1e      	ldr	r3, [sp, #120]	; 0x78
10002b16:	069b      	lsls	r3, r3, #26
10002b18:	d53d      	bpl.n	10002b96 <_etoa+0x38e>
10002b1a:	2545      	movs	r5, #69	; 0x45
10002b1c:	1c44      	adds	r4, r0, #1
10002b1e:	4643      	mov	r3, r8
10002b20:	0002      	movs	r2, r0
10002b22:	4651      	mov	r1, sl
10002b24:	0028      	movs	r0, r5
10002b26:	47d8      	blx	fp
10002b28:	464b      	mov	r3, r9
10002b2a:	17da      	asrs	r2, r3, #31
10002b2c:	189b      	adds	r3, r3, r2
10002b2e:	4053      	eors	r3, r2
10002b30:	2205      	movs	r2, #5
10002b32:	9205      	str	r2, [sp, #20]
10002b34:	3e01      	subs	r6, #1
10002b36:	9604      	str	r6, [sp, #16]
10002b38:	2200      	movs	r2, #0
10002b3a:	9203      	str	r2, [sp, #12]
10002b3c:	320a      	adds	r2, #10
10002b3e:	9202      	str	r2, [sp, #8]
10002b40:	464a      	mov	r2, r9
10002b42:	0fd0      	lsrs	r0, r2, #31
10002b44:	9001      	str	r0, [sp, #4]
10002b46:	9300      	str	r3, [sp, #0]
10002b48:	4643      	mov	r3, r8
10002b4a:	0022      	movs	r2, r4
10002b4c:	4651      	mov	r1, sl
10002b4e:	4658      	mov	r0, fp
10002b50:	f7ff fd8a 	bl	10002668 <_ntoa_long>
10002b54:	9b0a      	ldr	r3, [sp, #40]	; 0x28
10002b56:	2b00      	cmp	r3, #0
10002b58:	d100      	bne.n	10002b5c <_etoa+0x354>
10002b5a:	e763      	b.n	10002a24 <_etoa+0x21c>
10002b5c:	0002      	movs	r2, r0
10002b5e:	465f      	mov	r7, fp
10002b60:	9e0c      	ldr	r6, [sp, #48]	; 0x30
10002b62:	9d1d      	ldr	r5, [sp, #116]	; 0x74
10002b64:	e054      	b.n	10002c10 <_etoa+0x408>
10002b66:	9b1c      	ldr	r3, [sp, #112]	; 0x70
10002b68:	2b00      	cmp	r3, #0
10002b6a:	d09e      	beq.n	10002aaa <_etoa+0x2a2>
10002b6c:	9b0d      	ldr	r3, [sp, #52]	; 0x34
10002b6e:	2b00      	cmp	r3, #0
10002b70:	d09b      	beq.n	10002aaa <_etoa+0x2a2>
10002b72:	9b1c      	ldr	r3, [sp, #112]	; 0x70
10002b74:	3b01      	subs	r3, #1
10002b76:	931c      	str	r3, [sp, #112]	; 0x70
10002b78:	e797      	b.n	10002aaa <_etoa+0x2a2>
10002b7a:	2700      	movs	r7, #0
10002b7c:	e799      	b.n	10002ab2 <_etoa+0x2aa>
10002b7e:	9c06      	ldr	r4, [sp, #24]
10002b80:	9d07      	ldr	r5, [sp, #28]
10002b82:	0022      	movs	r2, r4
10002b84:	0029      	movs	r1, r5
10002b86:	2080      	movs	r0, #128	; 0x80
10002b88:	0600      	lsls	r0, r0, #24
10002b8a:	4684      	mov	ip, r0
10002b8c:	4461      	add	r1, ip
10002b8e:	000b      	movs	r3, r1
10002b90:	9206      	str	r2, [sp, #24]
10002b92:	9307      	str	r3, [sp, #28]
10002b94:	e7aa      	b.n	10002aec <_etoa+0x2e4>
10002b96:	2565      	movs	r5, #101	; 0x65
10002b98:	e7c0      	b.n	10002b1c <_etoa+0x314>
10002b9a:	46c0      	nop			; (mov r8, r8)
10002b9c:	7fefffff 	.word	0x7fefffff
10002ba0:	ffefffff 	.word	0xffefffff
10002ba4:	fffffc01 	.word	0xfffffc01
10002ba8:	3ff00000 	.word	0x3ff00000
10002bac:	509f79fb 	.word	0x509f79fb
10002bb0:	3fd34413 	.word	0x3fd34413
10002bb4:	8b60c8b3 	.word	0x8b60c8b3
10002bb8:	3fc68a28 	.word	0x3fc68a28
10002bbc:	3ff80000 	.word	0x3ff80000
10002bc0:	636f4361 	.word	0x636f4361
10002bc4:	3fd287a7 	.word	0x3fd287a7
10002bc8:	0979a371 	.word	0x0979a371
10002bcc:	400a934f 	.word	0x400a934f
10002bd0:	3fe00000 	.word	0x3fe00000
10002bd4:	bbb55516 	.word	0xbbb55516
10002bd8:	40026bb1 	.word	0x40026bb1
10002bdc:	fefa39ef 	.word	0xfefa39ef
10002be0:	3fe62e42 	.word	0x3fe62e42
10002be4:	000003ff 	.word	0x000003ff
10002be8:	402c0000 	.word	0x402c0000
10002bec:	40240000 	.word	0x40240000
10002bf0:	40180000 	.word	0x40180000
10002bf4:	eb1c432d 	.word	0xeb1c432d
10002bf8:	3f1a36e2 	.word	0x3f1a36e2
10002bfc:	412e8480 	.word	0x412e8480
10002c00:	fffff7ff 	.word	0xfffff7ff
10002c04:	1c54      	adds	r4, r2, #1
10002c06:	4643      	mov	r3, r8
10002c08:	4651      	mov	r1, sl
10002c0a:	2020      	movs	r0, #32
10002c0c:	47b8      	blx	r7
10002c0e:	0022      	movs	r2, r4
10002c10:	1b93      	subs	r3, r2, r6
10002c12:	42ab      	cmp	r3, r5
10002c14:	d3f6      	bcc.n	10002c04 <_etoa+0x3fc>
10002c16:	0010      	movs	r0, r2
10002c18:	e704      	b.n	10002a24 <_etoa+0x21c>
10002c1a:	46c0      	nop			; (mov r8, r8)

10002c1c <_ftoa>:
10002c1c:	b5f0      	push	{r4, r5, r6, r7, lr}
10002c1e:	46de      	mov	lr, fp
10002c20:	4657      	mov	r7, sl
10002c22:	464e      	mov	r6, r9
10002c24:	4645      	mov	r5, r8
10002c26:	b5e0      	push	{r5, r6, r7, lr}
10002c28:	b095      	sub	sp, #84	; 0x54
10002c2a:	9006      	str	r0, [sp, #24]
10002c2c:	9107      	str	r1, [sp, #28]
10002c2e:	4693      	mov	fp, r2
10002c30:	4699      	mov	r9, r3
10002c32:	9f20      	ldr	r7, [sp, #128]	; 0x80
10002c34:	9a1e      	ldr	r2, [sp, #120]	; 0x78
10002c36:	9b1f      	ldr	r3, [sp, #124]	; 0x7c
10002c38:	0010      	movs	r0, r2
10002c3a:	0019      	movs	r1, r3
10002c3c:	f000 ffd5 	bl	10003bea <__wrap___aeabi_dcmpun>
10002c40:	2800      	cmp	r0, #0
10002c42:	d131      	bne.n	10002ca8 <_ftoa+0x8c>
10002c44:	2201      	movs	r2, #1
10002c46:	4252      	negs	r2, r2
10002c48:	4bbf      	ldr	r3, [pc, #764]	; (10002f48 <_ftoa+0x32c>)
10002c4a:	981e      	ldr	r0, [sp, #120]	; 0x78
10002c4c:	991f      	ldr	r1, [sp, #124]	; 0x7c
10002c4e:	f000 ffb1 	bl	10003bb4 <__wrap___aeabi_dcmplt>
10002c52:	2800      	cmp	r0, #0
10002c54:	d137      	bne.n	10002cc6 <_ftoa+0xaa>
10002c56:	2201      	movs	r2, #1
10002c58:	4252      	negs	r2, r2
10002c5a:	4bbc      	ldr	r3, [pc, #752]	; (10002f4c <_ftoa+0x330>)
10002c5c:	981e      	ldr	r0, [sp, #120]	; 0x78
10002c5e:	991f      	ldr	r1, [sp, #124]	; 0x7c
10002c60:	f000 ffbe 	bl	10003be0 <__wrap___aeabi_dcmpgt>
10002c64:	2800      	cmp	r0, #0
10002c66:	d13d      	bne.n	10002ce4 <_ftoa+0xc8>
10002c68:	2200      	movs	r2, #0
10002c6a:	4bb9      	ldr	r3, [pc, #740]	; (10002f50 <_ftoa+0x334>)
10002c6c:	981e      	ldr	r0, [sp, #120]	; 0x78
10002c6e:	991f      	ldr	r1, [sp, #124]	; 0x7c
10002c70:	f000 ffb6 	bl	10003be0 <__wrap___aeabi_dcmpgt>
10002c74:	2800      	cmp	r0, #0
10002c76:	d150      	bne.n	10002d1a <_ftoa+0xfe>
10002c78:	2200      	movs	r2, #0
10002c7a:	4bb6      	ldr	r3, [pc, #728]	; (10002f54 <_ftoa+0x338>)
10002c7c:	981e      	ldr	r0, [sp, #120]	; 0x78
10002c7e:	991f      	ldr	r1, [sp, #124]	; 0x7c
10002c80:	f000 ff98 	bl	10003bb4 <__wrap___aeabi_dcmplt>
10002c84:	2800      	cmp	r0, #0
10002c86:	d148      	bne.n	10002d1a <_ftoa+0xfe>
10002c88:	2200      	movs	r2, #0
10002c8a:	2300      	movs	r3, #0
10002c8c:	981e      	ldr	r0, [sp, #120]	; 0x78
10002c8e:	991f      	ldr	r1, [sp, #124]	; 0x7c
10002c90:	f000 ff90 	bl	10003bb4 <__wrap___aeabi_dcmplt>
10002c94:	2800      	cmp	r0, #0
10002c96:	d150      	bne.n	10002d3a <_ftoa+0x11e>
10002c98:	2300      	movs	r3, #0
10002c9a:	4698      	mov	r8, r3
10002c9c:	9b22      	ldr	r3, [sp, #136]	; 0x88
10002c9e:	055b      	lsls	r3, r3, #21
10002ca0:	d400      	bmi.n	10002ca4 <_ftoa+0x88>
10002ca2:	e0b6      	b.n	10002e12 <_ftoa+0x1f6>
10002ca4:	2400      	movs	r4, #0
10002ca6:	e058      	b.n	10002d5a <_ftoa+0x13e>
10002ca8:	9b22      	ldr	r3, [sp, #136]	; 0x88
10002caa:	9303      	str	r3, [sp, #12]
10002cac:	9b21      	ldr	r3, [sp, #132]	; 0x84
10002cae:	9302      	str	r3, [sp, #8]
10002cb0:	2303      	movs	r3, #3
10002cb2:	9301      	str	r3, [sp, #4]
10002cb4:	4ba8      	ldr	r3, [pc, #672]	; (10002f58 <_ftoa+0x33c>)
10002cb6:	9300      	str	r3, [sp, #0]
10002cb8:	464b      	mov	r3, r9
10002cba:	465a      	mov	r2, fp
10002cbc:	9907      	ldr	r1, [sp, #28]
10002cbe:	9806      	ldr	r0, [sp, #24]
10002cc0:	f7ff fbf2 	bl	100024a8 <_out_rev>
10002cc4:	e10e      	b.n	10002ee4 <_ftoa+0x2c8>
10002cc6:	9b22      	ldr	r3, [sp, #136]	; 0x88
10002cc8:	9303      	str	r3, [sp, #12]
10002cca:	9b21      	ldr	r3, [sp, #132]	; 0x84
10002ccc:	9302      	str	r3, [sp, #8]
10002cce:	2304      	movs	r3, #4
10002cd0:	9301      	str	r3, [sp, #4]
10002cd2:	4ba2      	ldr	r3, [pc, #648]	; (10002f5c <_ftoa+0x340>)
10002cd4:	9300      	str	r3, [sp, #0]
10002cd6:	464b      	mov	r3, r9
10002cd8:	465a      	mov	r2, fp
10002cda:	9907      	ldr	r1, [sp, #28]
10002cdc:	9806      	ldr	r0, [sp, #24]
10002cde:	f7ff fbe3 	bl	100024a8 <_out_rev>
10002ce2:	e0ff      	b.n	10002ee4 <_ftoa+0x2c8>
10002ce4:	2304      	movs	r3, #4
10002ce6:	9a22      	ldr	r2, [sp, #136]	; 0x88
10002ce8:	401a      	ands	r2, r3
10002cea:	9922      	ldr	r1, [sp, #136]	; 0x88
10002cec:	420b      	tst	r3, r1
10002cee:	d010      	beq.n	10002d12 <_ftoa+0xf6>
10002cf0:	4b9b      	ldr	r3, [pc, #620]	; (10002f60 <_ftoa+0x344>)
10002cf2:	2a00      	cmp	r2, #0
10002cf4:	d00f      	beq.n	10002d16 <_ftoa+0xfa>
10002cf6:	2204      	movs	r2, #4
10002cf8:	9922      	ldr	r1, [sp, #136]	; 0x88
10002cfa:	9103      	str	r1, [sp, #12]
10002cfc:	9921      	ldr	r1, [sp, #132]	; 0x84
10002cfe:	9102      	str	r1, [sp, #8]
10002d00:	9201      	str	r2, [sp, #4]
10002d02:	9300      	str	r3, [sp, #0]
10002d04:	464b      	mov	r3, r9
10002d06:	465a      	mov	r2, fp
10002d08:	9907      	ldr	r1, [sp, #28]
10002d0a:	9806      	ldr	r0, [sp, #24]
10002d0c:	f7ff fbcc 	bl	100024a8 <_out_rev>
10002d10:	e0e8      	b.n	10002ee4 <_ftoa+0x2c8>
10002d12:	4b94      	ldr	r3, [pc, #592]	; (10002f64 <_ftoa+0x348>)
10002d14:	e7ed      	b.n	10002cf2 <_ftoa+0xd6>
10002d16:	2203      	movs	r2, #3
10002d18:	e7ee      	b.n	10002cf8 <_ftoa+0xdc>
10002d1a:	9b22      	ldr	r3, [sp, #136]	; 0x88
10002d1c:	9304      	str	r3, [sp, #16]
10002d1e:	9b21      	ldr	r3, [sp, #132]	; 0x84
10002d20:	9303      	str	r3, [sp, #12]
10002d22:	9702      	str	r7, [sp, #8]
10002d24:	9b1e      	ldr	r3, [sp, #120]	; 0x78
10002d26:	9c1f      	ldr	r4, [sp, #124]	; 0x7c
10002d28:	9300      	str	r3, [sp, #0]
10002d2a:	9401      	str	r4, [sp, #4]
10002d2c:	464b      	mov	r3, r9
10002d2e:	465a      	mov	r2, fp
10002d30:	9907      	ldr	r1, [sp, #28]
10002d32:	9806      	ldr	r0, [sp, #24]
10002d34:	f7ff fd68 	bl	10002808 <_etoa>
10002d38:	e0d4      	b.n	10002ee4 <_ftoa+0x2c8>
10002d3a:	9a1e      	ldr	r2, [sp, #120]	; 0x78
10002d3c:	9b1f      	ldr	r3, [sp, #124]	; 0x7c
10002d3e:	2000      	movs	r0, #0
10002d40:	2100      	movs	r1, #0
10002d42:	f000 fed4 	bl	10003aee <__wrap___aeabi_dsub>
10002d46:	901e      	str	r0, [sp, #120]	; 0x78
10002d48:	911f      	str	r1, [sp, #124]	; 0x7c
10002d4a:	2301      	movs	r3, #1
10002d4c:	4698      	mov	r8, r3
10002d4e:	e7a5      	b.n	10002c9c <_ftoa+0x80>
10002d50:	ab0c      	add	r3, sp, #48	; 0x30
10002d52:	2230      	movs	r2, #48	; 0x30
10002d54:	551a      	strb	r2, [r3, r4]
10002d56:	3f01      	subs	r7, #1
10002d58:	3401      	adds	r4, #1
10002d5a:	2c1f      	cmp	r4, #31
10002d5c:	d801      	bhi.n	10002d62 <_ftoa+0x146>
10002d5e:	2f09      	cmp	r7, #9
10002d60:	d8f6      	bhi.n	10002d50 <_ftoa+0x134>
10002d62:	981e      	ldr	r0, [sp, #120]	; 0x78
10002d64:	991f      	ldr	r1, [sp, #124]	; 0x7c
10002d66:	f000 ff6b 	bl	10003c40 <__wrap___aeabi_d2iz>
10002d6a:	0005      	movs	r5, r0
10002d6c:	f000 ff50 	bl	10003c10 <__wrap___aeabi_i2d>
10002d70:	0002      	movs	r2, r0
10002d72:	000b      	movs	r3, r1
10002d74:	981e      	ldr	r0, [sp, #120]	; 0x78
10002d76:	991f      	ldr	r1, [sp, #124]	; 0x7c
10002d78:	f000 feb9 	bl	10003aee <__wrap___aeabi_dsub>
10002d7c:	00fa      	lsls	r2, r7, #3
10002d7e:	4b7a      	ldr	r3, [pc, #488]	; (10002f68 <_ftoa+0x34c>)
10002d80:	189b      	adds	r3, r3, r2
10002d82:	681a      	ldr	r2, [r3, #0]
10002d84:	685b      	ldr	r3, [r3, #4]
10002d86:	920a      	str	r2, [sp, #40]	; 0x28
10002d88:	930b      	str	r3, [sp, #44]	; 0x2c
10002d8a:	f000 fed4 	bl	10003b36 <__wrap___aeabi_dmul>
10002d8e:	9008      	str	r0, [sp, #32]
10002d90:	9109      	str	r1, [sp, #36]	; 0x24
10002d92:	f000 ff79 	bl	10003c88 <__wrap___aeabi_d2uiz>
10002d96:	0006      	movs	r6, r0
10002d98:	f000 ff36 	bl	10003c08 <__wrap___aeabi_ui2d>
10002d9c:	0002      	movs	r2, r0
10002d9e:	000b      	movs	r3, r1
10002da0:	9808      	ldr	r0, [sp, #32]
10002da2:	9909      	ldr	r1, [sp, #36]	; 0x24
10002da4:	f000 fea3 	bl	10003aee <__wrap___aeabi_dsub>
10002da8:	9008      	str	r0, [sp, #32]
10002daa:	9109      	str	r1, [sp, #36]	; 0x24
10002dac:	2200      	movs	r2, #0
10002dae:	4b6f      	ldr	r3, [pc, #444]	; (10002f6c <_ftoa+0x350>)
10002db0:	f000 ff16 	bl	10003be0 <__wrap___aeabi_dcmpgt>
10002db4:	2800      	cmp	r0, #0
10002db6:	d02e      	beq.n	10002e16 <_ftoa+0x1fa>
10002db8:	3601      	adds	r6, #1
10002dba:	0030      	movs	r0, r6
10002dbc:	f000 ff24 	bl	10003c08 <__wrap___aeabi_ui2d>
10002dc0:	0002      	movs	r2, r0
10002dc2:	000b      	movs	r3, r1
10002dc4:	980a      	ldr	r0, [sp, #40]	; 0x28
10002dc6:	990b      	ldr	r1, [sp, #44]	; 0x2c
10002dc8:	f000 fefa 	bl	10003bc0 <__wrap___aeabi_dcmple>
10002dcc:	2800      	cmp	r0, #0
10002dce:	d001      	beq.n	10002dd4 <_ftoa+0x1b8>
10002dd0:	3501      	adds	r5, #1
10002dd2:	2600      	movs	r6, #0
10002dd4:	2f00      	cmp	r7, #0
10002dd6:	d12c      	bne.n	10002e32 <_ftoa+0x216>
10002dd8:	0028      	movs	r0, r5
10002dda:	f000 ff19 	bl	10003c10 <__wrap___aeabi_i2d>
10002dde:	0002      	movs	r2, r0
10002de0:	000b      	movs	r3, r1
10002de2:	981e      	ldr	r0, [sp, #120]	; 0x78
10002de4:	991f      	ldr	r1, [sp, #124]	; 0x7c
10002de6:	f000 fe82 	bl	10003aee <__wrap___aeabi_dsub>
10002dea:	0006      	movs	r6, r0
10002dec:	000f      	movs	r7, r1
10002dee:	2200      	movs	r2, #0
10002df0:	4b5e      	ldr	r3, [pc, #376]	; (10002f6c <_ftoa+0x350>)
10002df2:	f000 fedf 	bl	10003bb4 <__wrap___aeabi_dcmplt>
10002df6:	2800      	cmp	r0, #0
10002df8:	d146      	bne.n	10002e88 <_ftoa+0x26c>
10002dfa:	2200      	movs	r2, #0
10002dfc:	4b5b      	ldr	r3, [pc, #364]	; (10002f6c <_ftoa+0x350>)
10002dfe:	0030      	movs	r0, r6
10002e00:	0039      	movs	r1, r7
10002e02:	f000 feed 	bl	10003be0 <__wrap___aeabi_dcmpgt>
10002e06:	2800      	cmp	r0, #0
10002e08:	d13e      	bne.n	10002e88 <_ftoa+0x26c>
10002e0a:	07eb      	lsls	r3, r5, #31
10002e0c:	d53c      	bpl.n	10002e88 <_ftoa+0x26c>
10002e0e:	3501      	adds	r5, #1
10002e10:	e03a      	b.n	10002e88 <_ftoa+0x26c>
10002e12:	2706      	movs	r7, #6
10002e14:	e746      	b.n	10002ca4 <_ftoa+0x88>
10002e16:	2200      	movs	r2, #0
10002e18:	4b54      	ldr	r3, [pc, #336]	; (10002f6c <_ftoa+0x350>)
10002e1a:	9808      	ldr	r0, [sp, #32]
10002e1c:	9909      	ldr	r1, [sp, #36]	; 0x24
10002e1e:	f000 fec9 	bl	10003bb4 <__wrap___aeabi_dcmplt>
10002e22:	2800      	cmp	r0, #0
10002e24:	d1d6      	bne.n	10002dd4 <_ftoa+0x1b8>
10002e26:	2e00      	cmp	r6, #0
10002e28:	d001      	beq.n	10002e2e <_ftoa+0x212>
10002e2a:	07f3      	lsls	r3, r6, #31
10002e2c:	d5d2      	bpl.n	10002dd4 <_ftoa+0x1b8>
10002e2e:	3601      	adds	r6, #1
10002e30:	e7d0      	b.n	10002dd4 <_ftoa+0x1b8>
10002e32:	46aa      	mov	sl, r5
10002e34:	2c1f      	cmp	r4, #31
10002e36:	d811      	bhi.n	10002e5c <_ftoa+0x240>
10002e38:	3f01      	subs	r7, #1
10002e3a:	210a      	movs	r1, #10
10002e3c:	0030      	movs	r0, r6
10002e3e:	f000 fc1b 	bl	10003678 <__wrap___aeabi_uidiv>
10002e42:	1c65      	adds	r5, r4, #1
10002e44:	3130      	adds	r1, #48	; 0x30
10002e46:	ab0c      	add	r3, sp, #48	; 0x30
10002e48:	5519      	strb	r1, [r3, r4]
10002e4a:	210a      	movs	r1, #10
10002e4c:	0030      	movs	r0, r6
10002e4e:	f000 fc13 	bl	10003678 <__wrap___aeabi_uidiv>
10002e52:	2e09      	cmp	r6, #9
10002e54:	d90e      	bls.n	10002e74 <_ftoa+0x258>
10002e56:	0006      	movs	r6, r0
10002e58:	002c      	movs	r4, r5
10002e5a:	e7eb      	b.n	10002e34 <_ftoa+0x218>
10002e5c:	4655      	mov	r5, sl
10002e5e:	2c1f      	cmp	r4, #31
10002e60:	d80c      	bhi.n	10002e7c <_ftoa+0x260>
10002e62:	1e7b      	subs	r3, r7, #1
10002e64:	2f00      	cmp	r7, #0
10002e66:	d009      	beq.n	10002e7c <_ftoa+0x260>
10002e68:	aa0c      	add	r2, sp, #48	; 0x30
10002e6a:	2130      	movs	r1, #48	; 0x30
10002e6c:	5511      	strb	r1, [r2, r4]
10002e6e:	001f      	movs	r7, r3
10002e70:	3401      	adds	r4, #1
10002e72:	e7f4      	b.n	10002e5e <_ftoa+0x242>
10002e74:	002b      	movs	r3, r5
10002e76:	4655      	mov	r5, sl
10002e78:	001c      	movs	r4, r3
10002e7a:	e7f0      	b.n	10002e5e <_ftoa+0x242>
10002e7c:	2c1f      	cmp	r4, #31
10002e7e:	d803      	bhi.n	10002e88 <_ftoa+0x26c>
10002e80:	ab0c      	add	r3, sp, #48	; 0x30
10002e82:	222e      	movs	r2, #46	; 0x2e
10002e84:	551a      	strb	r2, [r3, r4]
10002e86:	3401      	adds	r4, #1
10002e88:	2c1f      	cmp	r4, #31
10002e8a:	d810      	bhi.n	10002eae <_ftoa+0x292>
10002e8c:	210a      	movs	r1, #10
10002e8e:	0028      	movs	r0, r5
10002e90:	f000 fbca 	bl	10003628 <__wrap___aeabi_idiv>
10002e94:	1c66      	adds	r6, r4, #1
10002e96:	3130      	adds	r1, #48	; 0x30
10002e98:	ab0c      	add	r3, sp, #48	; 0x30
10002e9a:	5519      	strb	r1, [r3, r4]
10002e9c:	210a      	movs	r1, #10
10002e9e:	0028      	movs	r0, r5
10002ea0:	f000 fbc2 	bl	10003628 <__wrap___aeabi_idiv>
10002ea4:	1e05      	subs	r5, r0, #0
10002ea6:	d001      	beq.n	10002eac <_ftoa+0x290>
10002ea8:	0034      	movs	r4, r6
10002eaa:	e7ed      	b.n	10002e88 <_ftoa+0x26c>
10002eac:	0034      	movs	r4, r6
10002eae:	2303      	movs	r3, #3
10002eb0:	9a22      	ldr	r2, [sp, #136]	; 0x88
10002eb2:	4013      	ands	r3, r2
10002eb4:	2b01      	cmp	r3, #1
10002eb6:	d01c      	beq.n	10002ef2 <_ftoa+0x2d6>
10002eb8:	2c1f      	cmp	r4, #31
10002eba:	d806      	bhi.n	10002eca <_ftoa+0x2ae>
10002ebc:	4643      	mov	r3, r8
10002ebe:	2b00      	cmp	r3, #0
10002ec0:	d032      	beq.n	10002f28 <_ftoa+0x30c>
10002ec2:	ab0c      	add	r3, sp, #48	; 0x30
10002ec4:	222d      	movs	r2, #45	; 0x2d
10002ec6:	551a      	strb	r2, [r3, r4]
10002ec8:	3401      	adds	r4, #1
10002eca:	9b22      	ldr	r3, [sp, #136]	; 0x88
10002ecc:	9303      	str	r3, [sp, #12]
10002ece:	9b21      	ldr	r3, [sp, #132]	; 0x84
10002ed0:	9302      	str	r3, [sp, #8]
10002ed2:	9401      	str	r4, [sp, #4]
10002ed4:	ab0c      	add	r3, sp, #48	; 0x30
10002ed6:	9300      	str	r3, [sp, #0]
10002ed8:	464b      	mov	r3, r9
10002eda:	465a      	mov	r2, fp
10002edc:	9907      	ldr	r1, [sp, #28]
10002ede:	9806      	ldr	r0, [sp, #24]
10002ee0:	f7ff fae2 	bl	100024a8 <_out_rev>
10002ee4:	b015      	add	sp, #84	; 0x54
10002ee6:	bcf0      	pop	{r4, r5, r6, r7}
10002ee8:	46bb      	mov	fp, r7
10002eea:	46b2      	mov	sl, r6
10002eec:	46a9      	mov	r9, r5
10002eee:	46a0      	mov	r8, r4
10002ef0:	bdf0      	pop	{r4, r5, r6, r7, pc}
10002ef2:	9b21      	ldr	r3, [sp, #132]	; 0x84
10002ef4:	2b00      	cmp	r3, #0
10002ef6:	d013      	beq.n	10002f20 <_ftoa+0x304>
10002ef8:	4643      	mov	r3, r8
10002efa:	2b00      	cmp	r3, #0
10002efc:	d102      	bne.n	10002f04 <_ftoa+0x2e8>
10002efe:	330c      	adds	r3, #12
10002f00:	4213      	tst	r3, r2
10002f02:	d00f      	beq.n	10002f24 <_ftoa+0x308>
10002f04:	9b21      	ldr	r3, [sp, #132]	; 0x84
10002f06:	3b01      	subs	r3, #1
10002f08:	9321      	str	r3, [sp, #132]	; 0x84
10002f0a:	0019      	movs	r1, r3
10002f0c:	e003      	b.n	10002f16 <_ftoa+0x2fa>
10002f0e:	ab0c      	add	r3, sp, #48	; 0x30
10002f10:	2230      	movs	r2, #48	; 0x30
10002f12:	551a      	strb	r2, [r3, r4]
10002f14:	3401      	adds	r4, #1
10002f16:	428c      	cmp	r4, r1
10002f18:	d2ce      	bcs.n	10002eb8 <_ftoa+0x29c>
10002f1a:	2c1f      	cmp	r4, #31
10002f1c:	d9f7      	bls.n	10002f0e <_ftoa+0x2f2>
10002f1e:	e7cb      	b.n	10002eb8 <_ftoa+0x29c>
10002f20:	9921      	ldr	r1, [sp, #132]	; 0x84
10002f22:	e7f8      	b.n	10002f16 <_ftoa+0x2fa>
10002f24:	9921      	ldr	r1, [sp, #132]	; 0x84
10002f26:	e7f6      	b.n	10002f16 <_ftoa+0x2fa>
10002f28:	9b22      	ldr	r3, [sp, #136]	; 0x88
10002f2a:	075b      	lsls	r3, r3, #29
10002f2c:	d504      	bpl.n	10002f38 <_ftoa+0x31c>
10002f2e:	ab0c      	add	r3, sp, #48	; 0x30
10002f30:	222b      	movs	r2, #43	; 0x2b
10002f32:	551a      	strb	r2, [r3, r4]
10002f34:	3401      	adds	r4, #1
10002f36:	e7c8      	b.n	10002eca <_ftoa+0x2ae>
10002f38:	9b22      	ldr	r3, [sp, #136]	; 0x88
10002f3a:	071b      	lsls	r3, r3, #28
10002f3c:	d5c5      	bpl.n	10002eca <_ftoa+0x2ae>
10002f3e:	ab0c      	add	r3, sp, #48	; 0x30
10002f40:	2220      	movs	r2, #32
10002f42:	551a      	strb	r2, [r3, r4]
10002f44:	3401      	adds	r4, #1
10002f46:	e7c0      	b.n	10002eca <_ftoa+0x2ae>
10002f48:	ffefffff 	.word	0xffefffff
10002f4c:	7fefffff 	.word	0x7fefffff
10002f50:	41cdcd65 	.word	0x41cdcd65
10002f54:	c1cdcd65 	.word	0xc1cdcd65
10002f58:	10005460 	.word	0x10005460
10002f5c:	10005464 	.word	0x10005464
10002f60:	10005458 	.word	0x10005458
10002f64:	10005454 	.word	0x10005454
10002f68:	10005650 	.word	0x10005650
10002f6c:	3fe00000 	.word	0x3fe00000

10002f70 <_vsnprintf>:
10002f70:	b5f0      	push	{r4, r5, r6, r7, lr}
10002f72:	46de      	mov	lr, fp
10002f74:	4657      	mov	r7, sl
10002f76:	464e      	mov	r6, r9
10002f78:	4645      	mov	r5, r8
10002f7a:	b5e0      	push	{r5, r6, r7, lr}
10002f7c:	b093      	sub	sp, #76	; 0x4c
10002f7e:	4682      	mov	sl, r0
10002f80:	468b      	mov	fp, r1
10002f82:	4690      	mov	r8, r2
10002f84:	9311      	str	r3, [sp, #68]	; 0x44
10002f86:	2900      	cmp	r1, #0
10002f88:	d100      	bne.n	10002f8c <_vsnprintf+0x1c>
10002f8a:	e2eb      	b.n	10003564 <_vsnprintf+0x5f4>
10002f8c:	2700      	movs	r7, #0
10002f8e:	4655      	mov	r5, sl
10002f90:	9b11      	ldr	r3, [sp, #68]	; 0x44
10002f92:	7818      	ldrb	r0, [r3, #0]
10002f94:	2800      	cmp	r0, #0
10002f96:	d100      	bne.n	10002f9a <_vsnprintf+0x2a>
10002f98:	e2e7      	b.n	1000356a <_vsnprintf+0x5fa>
10002f9a:	2825      	cmp	r0, #37	; 0x25
10002f9c:	d009      	beq.n	10002fb2 <_vsnprintf+0x42>
10002f9e:	1c7c      	adds	r4, r7, #1
10002fa0:	4643      	mov	r3, r8
10002fa2:	003a      	movs	r2, r7
10002fa4:	4659      	mov	r1, fp
10002fa6:	47a8      	blx	r5
10002fa8:	9b11      	ldr	r3, [sp, #68]	; 0x44
10002faa:	3301      	adds	r3, #1
10002fac:	9311      	str	r3, [sp, #68]	; 0x44
10002fae:	0027      	movs	r7, r4
10002fb0:	e7ee      	b.n	10002f90 <_vsnprintf+0x20>
10002fb2:	3301      	adds	r3, #1
10002fb4:	9311      	str	r3, [sp, #68]	; 0x44
10002fb6:	2400      	movs	r4, #0
10002fb8:	9a11      	ldr	r2, [sp, #68]	; 0x44
10002fba:	7811      	ldrb	r1, [r2, #0]
10002fbc:	000b      	movs	r3, r1
10002fbe:	3b20      	subs	r3, #32
10002fc0:	b2d8      	uxtb	r0, r3
10002fc2:	2810      	cmp	r0, #16
10002fc4:	d803      	bhi.n	10002fce <_vsnprintf+0x5e>
10002fc6:	0083      	lsls	r3, r0, #2
10002fc8:	48d0      	ldr	r0, [pc, #832]	; (1000330c <_vsnprintf+0x39c>)
10002fca:	58c3      	ldr	r3, [r0, r3]
10002fcc:	469f      	mov	pc, r3
10002fce:	000b      	movs	r3, r1
10002fd0:	3b30      	subs	r3, #48	; 0x30
10002fd2:	b2db      	uxtb	r3, r3
10002fd4:	2b09      	cmp	r3, #9
10002fd6:	d92c      	bls.n	10003032 <_vsnprintf+0xc2>
10002fd8:	292a      	cmp	r1, #42	; 0x2a
10002fda:	d02f      	beq.n	1000303c <_vsnprintf+0xcc>
10002fdc:	2300      	movs	r3, #0
10002fde:	930a      	str	r3, [sp, #40]	; 0x28
10002fe0:	9b11      	ldr	r3, [sp, #68]	; 0x44
10002fe2:	781a      	ldrb	r2, [r3, #0]
10002fe4:	2a2e      	cmp	r2, #46	; 0x2e
10002fe6:	d039      	beq.n	1000305c <_vsnprintf+0xec>
10002fe8:	2300      	movs	r3, #0
10002fea:	469a      	mov	sl, r3
10002fec:	9a11      	ldr	r2, [sp, #68]	; 0x44
10002fee:	7813      	ldrb	r3, [r2, #0]
10002ff0:	3b68      	subs	r3, #104	; 0x68
10002ff2:	b2d9      	uxtb	r1, r3
10002ff4:	2912      	cmp	r1, #18
10002ff6:	d876      	bhi.n	100030e6 <_vsnprintf+0x176>
10002ff8:	008b      	lsls	r3, r1, #2
10002ffa:	49c5      	ldr	r1, [pc, #788]	; (10003310 <_vsnprintf+0x3a0>)
10002ffc:	58cb      	ldr	r3, [r1, r3]
10002ffe:	469f      	mov	pc, r3
10003000:	2301      	movs	r3, #1
10003002:	431c      	orrs	r4, r3
10003004:	3201      	adds	r2, #1
10003006:	9211      	str	r2, [sp, #68]	; 0x44
10003008:	e7d6      	b.n	10002fb8 <_vsnprintf+0x48>
1000300a:	2302      	movs	r3, #2
1000300c:	431c      	orrs	r4, r3
1000300e:	3201      	adds	r2, #1
10003010:	9211      	str	r2, [sp, #68]	; 0x44
10003012:	e7d1      	b.n	10002fb8 <_vsnprintf+0x48>
10003014:	2304      	movs	r3, #4
10003016:	431c      	orrs	r4, r3
10003018:	3201      	adds	r2, #1
1000301a:	9211      	str	r2, [sp, #68]	; 0x44
1000301c:	e7cc      	b.n	10002fb8 <_vsnprintf+0x48>
1000301e:	2308      	movs	r3, #8
10003020:	431c      	orrs	r4, r3
10003022:	3201      	adds	r2, #1
10003024:	9211      	str	r2, [sp, #68]	; 0x44
10003026:	e7c7      	b.n	10002fb8 <_vsnprintf+0x48>
10003028:	2310      	movs	r3, #16
1000302a:	431c      	orrs	r4, r3
1000302c:	3201      	adds	r2, #1
1000302e:	9211      	str	r2, [sp, #68]	; 0x44
10003030:	e7c2      	b.n	10002fb8 <_vsnprintf+0x48>
10003032:	a811      	add	r0, sp, #68	; 0x44
10003034:	f7ff fa26 	bl	10002484 <_atoi>
10003038:	900a      	str	r0, [sp, #40]	; 0x28
1000303a:	e7d1      	b.n	10002fe0 <_vsnprintf+0x70>
1000303c:	9b1c      	ldr	r3, [sp, #112]	; 0x70
1000303e:	1d1a      	adds	r2, r3, #4
10003040:	921c      	str	r2, [sp, #112]	; 0x70
10003042:	6818      	ldr	r0, [r3, #0]
10003044:	2800      	cmp	r0, #0
10003046:	db04      	blt.n	10003052 <_vsnprintf+0xe2>
10003048:	900a      	str	r0, [sp, #40]	; 0x28
1000304a:	9b11      	ldr	r3, [sp, #68]	; 0x44
1000304c:	3301      	adds	r3, #1
1000304e:	9311      	str	r3, [sp, #68]	; 0x44
10003050:	e7c6      	b.n	10002fe0 <_vsnprintf+0x70>
10003052:	2302      	movs	r3, #2
10003054:	431c      	orrs	r4, r3
10003056:	4243      	negs	r3, r0
10003058:	930a      	str	r3, [sp, #40]	; 0x28
1000305a:	e7f6      	b.n	1000304a <_vsnprintf+0xda>
1000305c:	2280      	movs	r2, #128	; 0x80
1000305e:	00d2      	lsls	r2, r2, #3
10003060:	4314      	orrs	r4, r2
10003062:	1c5a      	adds	r2, r3, #1
10003064:	9211      	str	r2, [sp, #68]	; 0x44
10003066:	785a      	ldrb	r2, [r3, #1]
10003068:	0013      	movs	r3, r2
1000306a:	3b30      	subs	r3, #48	; 0x30
1000306c:	b2db      	uxtb	r3, r3
1000306e:	2b09      	cmp	r3, #9
10003070:	d904      	bls.n	1000307c <_vsnprintf+0x10c>
10003072:	2a2a      	cmp	r2, #42	; 0x2a
10003074:	d007      	beq.n	10003086 <_vsnprintf+0x116>
10003076:	2300      	movs	r3, #0
10003078:	469a      	mov	sl, r3
1000307a:	e7b7      	b.n	10002fec <_vsnprintf+0x7c>
1000307c:	a811      	add	r0, sp, #68	; 0x44
1000307e:	f7ff fa01 	bl	10002484 <_atoi>
10003082:	4682      	mov	sl, r0
10003084:	e7b2      	b.n	10002fec <_vsnprintf+0x7c>
10003086:	9b1c      	ldr	r3, [sp, #112]	; 0x70
10003088:	1d1a      	adds	r2, r3, #4
1000308a:	921c      	str	r2, [sp, #112]	; 0x70
1000308c:	6818      	ldr	r0, [r3, #0]
1000308e:	2800      	cmp	r0, #0
10003090:	db04      	blt.n	1000309c <_vsnprintf+0x12c>
10003092:	4682      	mov	sl, r0
10003094:	9b11      	ldr	r3, [sp, #68]	; 0x44
10003096:	3301      	adds	r3, #1
10003098:	9311      	str	r3, [sp, #68]	; 0x44
1000309a:	e7a7      	b.n	10002fec <_vsnprintf+0x7c>
1000309c:	2000      	movs	r0, #0
1000309e:	e7f8      	b.n	10003092 <_vsnprintf+0x122>
100030a0:	2380      	movs	r3, #128	; 0x80
100030a2:	005b      	lsls	r3, r3, #1
100030a4:	4323      	orrs	r3, r4
100030a6:	1c51      	adds	r1, r2, #1
100030a8:	9111      	str	r1, [sp, #68]	; 0x44
100030aa:	7852      	ldrb	r2, [r2, #1]
100030ac:	2a6c      	cmp	r2, #108	; 0x6c
100030ae:	d001      	beq.n	100030b4 <_vsnprintf+0x144>
100030b0:	001c      	movs	r4, r3
100030b2:	e018      	b.n	100030e6 <_vsnprintf+0x176>
100030b4:	23c0      	movs	r3, #192	; 0xc0
100030b6:	009b      	lsls	r3, r3, #2
100030b8:	431c      	orrs	r4, r3
100030ba:	3101      	adds	r1, #1
100030bc:	9111      	str	r1, [sp, #68]	; 0x44
100030be:	e012      	b.n	100030e6 <_vsnprintf+0x176>
100030c0:	2380      	movs	r3, #128	; 0x80
100030c2:	4323      	orrs	r3, r4
100030c4:	1c51      	adds	r1, r2, #1
100030c6:	9111      	str	r1, [sp, #68]	; 0x44
100030c8:	7852      	ldrb	r2, [r2, #1]
100030ca:	2a68      	cmp	r2, #104	; 0x68
100030cc:	d001      	beq.n	100030d2 <_vsnprintf+0x162>
100030ce:	001c      	movs	r4, r3
100030d0:	e009      	b.n	100030e6 <_vsnprintf+0x176>
100030d2:	23c0      	movs	r3, #192	; 0xc0
100030d4:	431c      	orrs	r4, r3
100030d6:	3101      	adds	r1, #1
100030d8:	9111      	str	r1, [sp, #68]	; 0x44
100030da:	e004      	b.n	100030e6 <_vsnprintf+0x176>
100030dc:	2380      	movs	r3, #128	; 0x80
100030de:	005b      	lsls	r3, r3, #1
100030e0:	431c      	orrs	r4, r3
100030e2:	3201      	adds	r2, #1
100030e4:	9211      	str	r2, [sp, #68]	; 0x44
100030e6:	9b11      	ldr	r3, [sp, #68]	; 0x44
100030e8:	7818      	ldrb	r0, [r3, #0]
100030ea:	0003      	movs	r3, r0
100030ec:	3b25      	subs	r3, #37	; 0x25
100030ee:	b2da      	uxtb	r2, r3
100030f0:	2a53      	cmp	r2, #83	; 0x53
100030f2:	d900      	bls.n	100030f6 <_vsnprintf+0x186>
100030f4:	e22c      	b.n	10003550 <_vsnprintf+0x5e0>
100030f6:	0093      	lsls	r3, r2, #2
100030f8:	4a86      	ldr	r2, [pc, #536]	; (10003314 <_vsnprintf+0x3a4>)
100030fa:	58d3      	ldr	r3, [r2, r3]
100030fc:	469f      	mov	pc, r3
100030fe:	2380      	movs	r3, #128	; 0x80
10003100:	009b      	lsls	r3, r3, #2
10003102:	431c      	orrs	r4, r3
10003104:	3201      	adds	r2, #1
10003106:	9211      	str	r2, [sp, #68]	; 0x44
10003108:	e7ed      	b.n	100030e6 <_vsnprintf+0x176>
1000310a:	2380      	movs	r3, #128	; 0x80
1000310c:	005b      	lsls	r3, r3, #1
1000310e:	431c      	orrs	r4, r3
10003110:	3201      	adds	r2, #1
10003112:	9211      	str	r2, [sp, #68]	; 0x44
10003114:	e7e7      	b.n	100030e6 <_vsnprintf+0x176>
10003116:	2878      	cmp	r0, #120	; 0x78
10003118:	d009      	beq.n	1000312e <_vsnprintf+0x1be>
1000311a:	2858      	cmp	r0, #88	; 0x58
1000311c:	d038      	beq.n	10003190 <_vsnprintf+0x220>
1000311e:	286f      	cmp	r0, #111	; 0x6f
10003120:	d038      	beq.n	10003194 <_vsnprintf+0x224>
10003122:	2862      	cmp	r0, #98	; 0x62
10003124:	d038      	beq.n	10003198 <_vsnprintf+0x228>
10003126:	2310      	movs	r3, #16
10003128:	439c      	bics	r4, r3
1000312a:	260a      	movs	r6, #10
1000312c:	e000      	b.n	10003130 <_vsnprintf+0x1c0>
1000312e:	2610      	movs	r6, #16
10003130:	2858      	cmp	r0, #88	; 0x58
10003132:	d033      	beq.n	1000319c <_vsnprintf+0x22c>
10003134:	2869      	cmp	r0, #105	; 0x69
10003136:	d003      	beq.n	10003140 <_vsnprintf+0x1d0>
10003138:	2864      	cmp	r0, #100	; 0x64
1000313a:	d001      	beq.n	10003140 <_vsnprintf+0x1d0>
1000313c:	220c      	movs	r2, #12
1000313e:	4394      	bics	r4, r2
10003140:	0563      	lsls	r3, r4, #21
10003142:	d501      	bpl.n	10003148 <_vsnprintf+0x1d8>
10003144:	2201      	movs	r2, #1
10003146:	4394      	bics	r4, r2
10003148:	2869      	cmp	r0, #105	; 0x69
1000314a:	d02a      	beq.n	100031a2 <_vsnprintf+0x232>
1000314c:	2864      	cmp	r0, #100	; 0x64
1000314e:	d028      	beq.n	100031a2 <_vsnprintf+0x232>
10003150:	05a3      	lsls	r3, r4, #22
10003152:	d500      	bpl.n	10003156 <_vsnprintf+0x1e6>
10003154:	e09f      	b.n	10003296 <_vsnprintf+0x326>
10003156:	05e3      	lsls	r3, r4, #23
10003158:	d500      	bpl.n	1000315c <_vsnprintf+0x1ec>
1000315a:	e0b8      	b.n	100032ce <_vsnprintf+0x35e>
1000315c:	0663      	lsls	r3, r4, #25
1000315e:	d400      	bmi.n	10003162 <_vsnprintf+0x1f2>
10003160:	e0ca      	b.n	100032f8 <_vsnprintf+0x388>
10003162:	9a1c      	ldr	r2, [sp, #112]	; 0x70
10003164:	1d11      	adds	r1, r2, #4
10003166:	911c      	str	r1, [sp, #112]	; 0x70
10003168:	6811      	ldr	r1, [r2, #0]
1000316a:	22ff      	movs	r2, #255	; 0xff
1000316c:	400a      	ands	r2, r1
1000316e:	9405      	str	r4, [sp, #20]
10003170:	9b0a      	ldr	r3, [sp, #40]	; 0x28
10003172:	9304      	str	r3, [sp, #16]
10003174:	4653      	mov	r3, sl
10003176:	9303      	str	r3, [sp, #12]
10003178:	9602      	str	r6, [sp, #8]
1000317a:	2300      	movs	r3, #0
1000317c:	9301      	str	r3, [sp, #4]
1000317e:	9200      	str	r2, [sp, #0]
10003180:	4643      	mov	r3, r8
10003182:	003a      	movs	r2, r7
10003184:	4659      	mov	r1, fp
10003186:	0028      	movs	r0, r5
10003188:	f7ff fa6e 	bl	10002668 <_ntoa_long>
1000318c:	0007      	movs	r7, r0
1000318e:	e027      	b.n	100031e0 <_vsnprintf+0x270>
10003190:	2610      	movs	r6, #16
10003192:	e7cd      	b.n	10003130 <_vsnprintf+0x1c0>
10003194:	2608      	movs	r6, #8
10003196:	e7cb      	b.n	10003130 <_vsnprintf+0x1c0>
10003198:	2602      	movs	r6, #2
1000319a:	e7c9      	b.n	10003130 <_vsnprintf+0x1c0>
1000319c:	2220      	movs	r2, #32
1000319e:	4314      	orrs	r4, r2
100031a0:	e7c8      	b.n	10003134 <_vsnprintf+0x1c4>
100031a2:	05a3      	lsls	r3, r4, #22
100031a4:	d420      	bmi.n	100031e8 <_vsnprintf+0x278>
100031a6:	05e3      	lsls	r3, r4, #23
100031a8:	d450      	bmi.n	1000324c <_vsnprintf+0x2dc>
100031aa:	0663      	lsls	r3, r4, #25
100031ac:	d566      	bpl.n	1000327c <_vsnprintf+0x30c>
100031ae:	9a1c      	ldr	r2, [sp, #112]	; 0x70
100031b0:	1d11      	adds	r1, r2, #4
100031b2:	911c      	str	r1, [sp, #112]	; 0x70
100031b4:	6811      	ldr	r1, [r2, #0]
100031b6:	22ff      	movs	r2, #255	; 0xff
100031b8:	400a      	ands	r2, r1
100031ba:	17d3      	asrs	r3, r2, #31
100031bc:	18d1      	adds	r1, r2, r3
100031be:	4059      	eors	r1, r3
100031c0:	9405      	str	r4, [sp, #20]
100031c2:	9b0a      	ldr	r3, [sp, #40]	; 0x28
100031c4:	9304      	str	r3, [sp, #16]
100031c6:	4653      	mov	r3, sl
100031c8:	9303      	str	r3, [sp, #12]
100031ca:	9602      	str	r6, [sp, #8]
100031cc:	0fd2      	lsrs	r2, r2, #31
100031ce:	9201      	str	r2, [sp, #4]
100031d0:	9100      	str	r1, [sp, #0]
100031d2:	4643      	mov	r3, r8
100031d4:	003a      	movs	r2, r7
100031d6:	4659      	mov	r1, fp
100031d8:	0028      	movs	r0, r5
100031da:	f7ff fa45 	bl	10002668 <_ntoa_long>
100031de:	0007      	movs	r7, r0
100031e0:	9b11      	ldr	r3, [sp, #68]	; 0x44
100031e2:	3301      	adds	r3, #1
100031e4:	9311      	str	r3, [sp, #68]	; 0x44
100031e6:	e6d3      	b.n	10002f90 <_vsnprintf+0x20>
100031e8:	9b1c      	ldr	r3, [sp, #112]	; 0x70
100031ea:	1dda      	adds	r2, r3, #7
100031ec:	2107      	movs	r1, #7
100031ee:	438a      	bics	r2, r1
100031f0:	0011      	movs	r1, r2
100031f2:	3108      	adds	r1, #8
100031f4:	911c      	str	r1, [sp, #112]	; 0x70
100031f6:	6811      	ldr	r1, [r2, #0]
100031f8:	6853      	ldr	r3, [r2, #4]
100031fa:	469c      	mov	ip, r3
100031fc:	17db      	asrs	r3, r3, #31
100031fe:	930c      	str	r3, [sp, #48]	; 0x30
10003200:	930d      	str	r3, [sp, #52]	; 0x34
10003202:	9a0c      	ldr	r2, [sp, #48]	; 0x30
10003204:	9b0d      	ldr	r3, [sp, #52]	; 0x34
10003206:	0010      	movs	r0, r2
10003208:	4048      	eors	r0, r1
1000320a:	900e      	str	r0, [sp, #56]	; 0x38
1000320c:	4662      	mov	r2, ip
1000320e:	4053      	eors	r3, r2
10003210:	930f      	str	r3, [sp, #60]	; 0x3c
10003212:	980e      	ldr	r0, [sp, #56]	; 0x38
10003214:	990f      	ldr	r1, [sp, #60]	; 0x3c
10003216:	9a0c      	ldr	r2, [sp, #48]	; 0x30
10003218:	9b0d      	ldr	r3, [sp, #52]	; 0x34
1000321a:	1a80      	subs	r0, r0, r2
1000321c:	4199      	sbcs	r1, r3
1000321e:	900e      	str	r0, [sp, #56]	; 0x38
10003220:	910f      	str	r1, [sp, #60]	; 0x3c
10003222:	9408      	str	r4, [sp, #32]
10003224:	9b0a      	ldr	r3, [sp, #40]	; 0x28
10003226:	9307      	str	r3, [sp, #28]
10003228:	4653      	mov	r3, sl
1000322a:	9306      	str	r3, [sp, #24]
1000322c:	9604      	str	r6, [sp, #16]
1000322e:	2300      	movs	r3, #0
10003230:	9305      	str	r3, [sp, #20]
10003232:	4663      	mov	r3, ip
10003234:	0fda      	lsrs	r2, r3, #31
10003236:	9202      	str	r2, [sp, #8]
10003238:	9000      	str	r0, [sp, #0]
1000323a:	9101      	str	r1, [sp, #4]
1000323c:	4643      	mov	r3, r8
1000323e:	003a      	movs	r2, r7
10003240:	4659      	mov	r1, fp
10003242:	0028      	movs	r0, r5
10003244:	f7ff fa6e 	bl	10002724 <_ntoa_long_long>
10003248:	0007      	movs	r7, r0
1000324a:	e7c9      	b.n	100031e0 <_vsnprintf+0x270>
1000324c:	9a1c      	ldr	r2, [sp, #112]	; 0x70
1000324e:	1d11      	adds	r1, r2, #4
10003250:	911c      	str	r1, [sp, #112]	; 0x70
10003252:	6812      	ldr	r2, [r2, #0]
10003254:	17d3      	asrs	r3, r2, #31
10003256:	18d1      	adds	r1, r2, r3
10003258:	4059      	eors	r1, r3
1000325a:	9405      	str	r4, [sp, #20]
1000325c:	9b0a      	ldr	r3, [sp, #40]	; 0x28
1000325e:	9304      	str	r3, [sp, #16]
10003260:	4653      	mov	r3, sl
10003262:	9303      	str	r3, [sp, #12]
10003264:	9602      	str	r6, [sp, #8]
10003266:	0fd2      	lsrs	r2, r2, #31
10003268:	9201      	str	r2, [sp, #4]
1000326a:	9100      	str	r1, [sp, #0]
1000326c:	4643      	mov	r3, r8
1000326e:	003a      	movs	r2, r7
10003270:	4659      	mov	r1, fp
10003272:	0028      	movs	r0, r5
10003274:	f7ff f9f8 	bl	10002668 <_ntoa_long>
10003278:	0007      	movs	r7, r0
1000327a:	e7b1      	b.n	100031e0 <_vsnprintf+0x270>
1000327c:	0623      	lsls	r3, r4, #24
1000327e:	d505      	bpl.n	1000328c <_vsnprintf+0x31c>
10003280:	9a1c      	ldr	r2, [sp, #112]	; 0x70
10003282:	1d11      	adds	r1, r2, #4
10003284:	911c      	str	r1, [sp, #112]	; 0x70
10003286:	2300      	movs	r3, #0
10003288:	5ed2      	ldrsh	r2, [r2, r3]
1000328a:	e796      	b.n	100031ba <_vsnprintf+0x24a>
1000328c:	9a1c      	ldr	r2, [sp, #112]	; 0x70
1000328e:	1d11      	adds	r1, r2, #4
10003290:	911c      	str	r1, [sp, #112]	; 0x70
10003292:	6812      	ldr	r2, [r2, #0]
10003294:	e791      	b.n	100031ba <_vsnprintf+0x24a>
10003296:	9b1c      	ldr	r3, [sp, #112]	; 0x70
10003298:	1dda      	adds	r2, r3, #7
1000329a:	2107      	movs	r1, #7
1000329c:	438a      	bics	r2, r1
1000329e:	0011      	movs	r1, r2
100032a0:	3108      	adds	r1, #8
100032a2:	911c      	str	r1, [sp, #112]	; 0x70
100032a4:	9408      	str	r4, [sp, #32]
100032a6:	9b0a      	ldr	r3, [sp, #40]	; 0x28
100032a8:	9307      	str	r3, [sp, #28]
100032aa:	4653      	mov	r3, sl
100032ac:	9306      	str	r3, [sp, #24]
100032ae:	9604      	str	r6, [sp, #16]
100032b0:	2300      	movs	r3, #0
100032b2:	9305      	str	r3, [sp, #20]
100032b4:	9302      	str	r3, [sp, #8]
100032b6:	6813      	ldr	r3, [r2, #0]
100032b8:	6854      	ldr	r4, [r2, #4]
100032ba:	9300      	str	r3, [sp, #0]
100032bc:	9401      	str	r4, [sp, #4]
100032be:	4643      	mov	r3, r8
100032c0:	003a      	movs	r2, r7
100032c2:	4659      	mov	r1, fp
100032c4:	0028      	movs	r0, r5
100032c6:	f7ff fa2d 	bl	10002724 <_ntoa_long_long>
100032ca:	0007      	movs	r7, r0
100032cc:	e788      	b.n	100031e0 <_vsnprintf+0x270>
100032ce:	9a1c      	ldr	r2, [sp, #112]	; 0x70
100032d0:	1d11      	adds	r1, r2, #4
100032d2:	911c      	str	r1, [sp, #112]	; 0x70
100032d4:	9405      	str	r4, [sp, #20]
100032d6:	9b0a      	ldr	r3, [sp, #40]	; 0x28
100032d8:	9304      	str	r3, [sp, #16]
100032da:	4653      	mov	r3, sl
100032dc:	9303      	str	r3, [sp, #12]
100032de:	9602      	str	r6, [sp, #8]
100032e0:	2300      	movs	r3, #0
100032e2:	9301      	str	r3, [sp, #4]
100032e4:	6813      	ldr	r3, [r2, #0]
100032e6:	9300      	str	r3, [sp, #0]
100032e8:	4643      	mov	r3, r8
100032ea:	003a      	movs	r2, r7
100032ec:	4659      	mov	r1, fp
100032ee:	0028      	movs	r0, r5
100032f0:	f7ff f9ba 	bl	10002668 <_ntoa_long>
100032f4:	0007      	movs	r7, r0
100032f6:	e773      	b.n	100031e0 <_vsnprintf+0x270>
100032f8:	0623      	lsls	r3, r4, #24
100032fa:	d50d      	bpl.n	10003318 <_vsnprintf+0x3a8>
100032fc:	9a1c      	ldr	r2, [sp, #112]	; 0x70
100032fe:	1d11      	adds	r1, r2, #4
10003300:	911c      	str	r1, [sp, #112]	; 0x70
10003302:	6812      	ldr	r2, [r2, #0]
10003304:	0412      	lsls	r2, r2, #16
10003306:	0c12      	lsrs	r2, r2, #16
10003308:	e731      	b.n	1000316e <_vsnprintf+0x1fe>
1000330a:	46c0      	nop			; (mov r8, r8)
1000330c:	1000546c 	.word	0x1000546c
10003310:	100054b0 	.word	0x100054b0
10003314:	100054fc 	.word	0x100054fc
10003318:	9a1c      	ldr	r2, [sp, #112]	; 0x70
1000331a:	1d11      	adds	r1, r2, #4
1000331c:	911c      	str	r1, [sp, #112]	; 0x70
1000331e:	6812      	ldr	r2, [r2, #0]
10003320:	e725      	b.n	1000316e <_vsnprintf+0x1fe>
10003322:	2846      	cmp	r0, #70	; 0x46
10003324:	d01a      	beq.n	1000335c <_vsnprintf+0x3ec>
10003326:	9b1c      	ldr	r3, [sp, #112]	; 0x70
10003328:	3307      	adds	r3, #7
1000332a:	2207      	movs	r2, #7
1000332c:	4393      	bics	r3, r2
1000332e:	001a      	movs	r2, r3
10003330:	3208      	adds	r2, #8
10003332:	921c      	str	r2, [sp, #112]	; 0x70
10003334:	9404      	str	r4, [sp, #16]
10003336:	9a0a      	ldr	r2, [sp, #40]	; 0x28
10003338:	9203      	str	r2, [sp, #12]
1000333a:	4652      	mov	r2, sl
1000333c:	9202      	str	r2, [sp, #8]
1000333e:	685c      	ldr	r4, [r3, #4]
10003340:	681b      	ldr	r3, [r3, #0]
10003342:	9300      	str	r3, [sp, #0]
10003344:	9401      	str	r4, [sp, #4]
10003346:	4643      	mov	r3, r8
10003348:	003a      	movs	r2, r7
1000334a:	4659      	mov	r1, fp
1000334c:	0028      	movs	r0, r5
1000334e:	f7ff fc65 	bl	10002c1c <_ftoa>
10003352:	0007      	movs	r7, r0
10003354:	9b11      	ldr	r3, [sp, #68]	; 0x44
10003356:	3301      	adds	r3, #1
10003358:	9311      	str	r3, [sp, #68]	; 0x44
1000335a:	e619      	b.n	10002f90 <_vsnprintf+0x20>
1000335c:	2320      	movs	r3, #32
1000335e:	431c      	orrs	r4, r3
10003360:	e7e1      	b.n	10003326 <_vsnprintf+0x3b6>
10003362:	2867      	cmp	r0, #103	; 0x67
10003364:	d001      	beq.n	1000336a <_vsnprintf+0x3fa>
10003366:	2847      	cmp	r0, #71	; 0x47
10003368:	d102      	bne.n	10003370 <_vsnprintf+0x400>
1000336a:	2380      	movs	r3, #128	; 0x80
1000336c:	011b      	lsls	r3, r3, #4
1000336e:	431c      	orrs	r4, r3
10003370:	2845      	cmp	r0, #69	; 0x45
10003372:	d001      	beq.n	10003378 <_vsnprintf+0x408>
10003374:	2847      	cmp	r0, #71	; 0x47
10003376:	d101      	bne.n	1000337c <_vsnprintf+0x40c>
10003378:	2320      	movs	r3, #32
1000337a:	431c      	orrs	r4, r3
1000337c:	9b1c      	ldr	r3, [sp, #112]	; 0x70
1000337e:	3307      	adds	r3, #7
10003380:	2207      	movs	r2, #7
10003382:	4393      	bics	r3, r2
10003384:	001a      	movs	r2, r3
10003386:	3208      	adds	r2, #8
10003388:	921c      	str	r2, [sp, #112]	; 0x70
1000338a:	9404      	str	r4, [sp, #16]
1000338c:	9a0a      	ldr	r2, [sp, #40]	; 0x28
1000338e:	9203      	str	r2, [sp, #12]
10003390:	4652      	mov	r2, sl
10003392:	9202      	str	r2, [sp, #8]
10003394:	685c      	ldr	r4, [r3, #4]
10003396:	681b      	ldr	r3, [r3, #0]
10003398:	9300      	str	r3, [sp, #0]
1000339a:	9401      	str	r4, [sp, #4]
1000339c:	4643      	mov	r3, r8
1000339e:	003a      	movs	r2, r7
100033a0:	4659      	mov	r1, fp
100033a2:	0028      	movs	r0, r5
100033a4:	f7ff fa30 	bl	10002808 <_etoa>
100033a8:	0007      	movs	r7, r0
100033aa:	9b11      	ldr	r3, [sp, #68]	; 0x44
100033ac:	3301      	adds	r3, #1
100033ae:	9311      	str	r3, [sp, #68]	; 0x44
100033b0:	e5ee      	b.n	10002f90 <_vsnprintf+0x20>
100033b2:	2302      	movs	r3, #2
100033b4:	001a      	movs	r2, r3
100033b6:	4022      	ands	r2, r4
100033b8:	4692      	mov	sl, r2
100033ba:	4223      	tst	r3, r4
100033bc:	d01f      	beq.n	100033fe <_vsnprintf+0x48e>
100033be:	2401      	movs	r4, #1
100033c0:	9b1c      	ldr	r3, [sp, #112]	; 0x70
100033c2:	1d1a      	adds	r2, r3, #4
100033c4:	921c      	str	r2, [sp, #112]	; 0x70
100033c6:	1c7a      	adds	r2, r7, #1
100033c8:	4691      	mov	r9, r2
100033ca:	7818      	ldrb	r0, [r3, #0]
100033cc:	4643      	mov	r3, r8
100033ce:	003a      	movs	r2, r7
100033d0:	4659      	mov	r1, fp
100033d2:	47a8      	blx	r5
100033d4:	4653      	mov	r3, sl
100033d6:	2b00      	cmp	r3, #0
100033d8:	d116      	bne.n	10003408 <_vsnprintf+0x498>
100033da:	9b11      	ldr	r3, [sp, #68]	; 0x44
100033dc:	3301      	adds	r3, #1
100033de:	9311      	str	r3, [sp, #68]	; 0x44
100033e0:	464f      	mov	r7, r9
100033e2:	e5d5      	b.n	10002f90 <_vsnprintf+0x20>
100033e4:	1c56      	adds	r6, r2, #1
100033e6:	4643      	mov	r3, r8
100033e8:	4659      	mov	r1, fp
100033ea:	2020      	movs	r0, #32
100033ec:	47b8      	blx	r7
100033ee:	0023      	movs	r3, r4
100033f0:	0032      	movs	r2, r6
100033f2:	1c5c      	adds	r4, r3, #1
100033f4:	429d      	cmp	r5, r3
100033f6:	d8f5      	bhi.n	100033e4 <_vsnprintf+0x474>
100033f8:	003d      	movs	r5, r7
100033fa:	0017      	movs	r7, r2
100033fc:	e7e0      	b.n	100033c0 <_vsnprintf+0x450>
100033fe:	2301      	movs	r3, #1
10003400:	003a      	movs	r2, r7
10003402:	002f      	movs	r7, r5
10003404:	9d0a      	ldr	r5, [sp, #40]	; 0x28
10003406:	e7f4      	b.n	100033f2 <_vsnprintf+0x482>
10003408:	464a      	mov	r2, r9
1000340a:	46a9      	mov	r9, r5
1000340c:	9d0a      	ldr	r5, [sp, #40]	; 0x28
1000340e:	e006      	b.n	1000341e <_vsnprintf+0x4ae>
10003410:	1c57      	adds	r7, r2, #1
10003412:	4643      	mov	r3, r8
10003414:	4659      	mov	r1, fp
10003416:	2020      	movs	r0, #32
10003418:	47c8      	blx	r9
1000341a:	0034      	movs	r4, r6
1000341c:	003a      	movs	r2, r7
1000341e:	1c66      	adds	r6, r4, #1
10003420:	42a5      	cmp	r5, r4
10003422:	d8f5      	bhi.n	10003410 <_vsnprintf+0x4a0>
10003424:	464d      	mov	r5, r9
10003426:	4691      	mov	r9, r2
10003428:	e7d7      	b.n	100033da <_vsnprintf+0x46a>
1000342a:	9b1c      	ldr	r3, [sp, #112]	; 0x70
1000342c:	1d1a      	adds	r2, r3, #4
1000342e:	921c      	str	r2, [sp, #112]	; 0x70
10003430:	681b      	ldr	r3, [r3, #0]
10003432:	4699      	mov	r9, r3
10003434:	4653      	mov	r3, sl
10003436:	2b00      	cmp	r3, #0
10003438:	d100      	bne.n	1000343c <_vsnprintf+0x4cc>
1000343a:	3b01      	subs	r3, #1
1000343c:	464e      	mov	r6, r9
1000343e:	e001      	b.n	10003444 <_vsnprintf+0x4d4>
10003440:	3601      	adds	r6, #1
10003442:	0013      	movs	r3, r2
10003444:	7832      	ldrb	r2, [r6, #0]
10003446:	2a00      	cmp	r2, #0
10003448:	d002      	beq.n	10003450 <_vsnprintf+0x4e0>
1000344a:	1e5a      	subs	r2, r3, #1
1000344c:	2b00      	cmp	r3, #0
1000344e:	d1f7      	bne.n	10003440 <_vsnprintf+0x4d0>
10003450:	464b      	mov	r3, r9
10003452:	1af2      	subs	r2, r6, r3
10003454:	9210      	str	r2, [sp, #64]	; 0x40
10003456:	2380      	movs	r3, #128	; 0x80
10003458:	00db      	lsls	r3, r3, #3
1000345a:	0026      	movs	r6, r4
1000345c:	401e      	ands	r6, r3
1000345e:	421c      	tst	r4, r3
10003460:	d003      	beq.n	1000346a <_vsnprintf+0x4fa>
10003462:	4552      	cmp	r2, sl
10003464:	d901      	bls.n	1000346a <_vsnprintf+0x4fa>
10003466:	4653      	mov	r3, sl
10003468:	9310      	str	r3, [sp, #64]	; 0x40
1000346a:	2302      	movs	r3, #2
1000346c:	001a      	movs	r2, r3
1000346e:	4022      	ands	r2, r4
10003470:	920b      	str	r2, [sp, #44]	; 0x2c
10003472:	4223      	tst	r3, r4
10003474:	d005      	beq.n	10003482 <_vsnprintf+0x512>
10003476:	003a      	movs	r2, r7
10003478:	0037      	movs	r7, r6
1000347a:	464c      	mov	r4, r9
1000347c:	46a9      	mov	r9, r5
1000347e:	4655      	mov	r5, sl
10003480:	e020      	b.n	100034c4 <_vsnprintf+0x554>
10003482:	003a      	movs	r2, r7
10003484:	9b10      	ldr	r3, [sp, #64]	; 0x40
10003486:	465f      	mov	r7, fp
10003488:	46b3      	mov	fp, r6
1000348a:	002e      	movs	r6, r5
1000348c:	e006      	b.n	1000349c <_vsnprintf+0x52c>
1000348e:	1c55      	adds	r5, r2, #1
10003490:	4643      	mov	r3, r8
10003492:	0039      	movs	r1, r7
10003494:	2020      	movs	r0, #32
10003496:	47b0      	blx	r6
10003498:	0023      	movs	r3, r4
1000349a:	002a      	movs	r2, r5
1000349c:	1c5c      	adds	r4, r3, #1
1000349e:	990a      	ldr	r1, [sp, #40]	; 0x28
100034a0:	4299      	cmp	r1, r3
100034a2:	d8f4      	bhi.n	1000348e <_vsnprintf+0x51e>
100034a4:	0035      	movs	r5, r6
100034a6:	465e      	mov	r6, fp
100034a8:	46bb      	mov	fp, r7
100034aa:	9410      	str	r4, [sp, #64]	; 0x40
100034ac:	0037      	movs	r7, r6
100034ae:	464c      	mov	r4, r9
100034b0:	46a9      	mov	r9, r5
100034b2:	4655      	mov	r5, sl
100034b4:	e006      	b.n	100034c4 <_vsnprintf+0x554>
100034b6:	001d      	movs	r5, r3
100034b8:	3401      	adds	r4, #1
100034ba:	1c56      	adds	r6, r2, #1
100034bc:	4643      	mov	r3, r8
100034be:	4659      	mov	r1, fp
100034c0:	47c8      	blx	r9
100034c2:	0032      	movs	r2, r6
100034c4:	7820      	ldrb	r0, [r4, #0]
100034c6:	2800      	cmp	r0, #0
100034c8:	d004      	beq.n	100034d4 <_vsnprintf+0x564>
100034ca:	2f00      	cmp	r7, #0
100034cc:	d0f4      	beq.n	100034b8 <_vsnprintf+0x548>
100034ce:	1e6b      	subs	r3, r5, #1
100034d0:	2d00      	cmp	r5, #0
100034d2:	d1f0      	bne.n	100034b6 <_vsnprintf+0x546>
100034d4:	0017      	movs	r7, r2
100034d6:	464d      	mov	r5, r9
100034d8:	9b0b      	ldr	r3, [sp, #44]	; 0x2c
100034da:	2b00      	cmp	r3, #0
100034dc:	d103      	bne.n	100034e6 <_vsnprintf+0x576>
100034de:	9b11      	ldr	r3, [sp, #68]	; 0x44
100034e0:	3301      	adds	r3, #1
100034e2:	9311      	str	r3, [sp, #68]	; 0x44
100034e4:	e554      	b.n	10002f90 <_vsnprintf+0x20>
100034e6:	9f0a      	ldr	r7, [sp, #40]	; 0x28
100034e8:	9b10      	ldr	r3, [sp, #64]	; 0x40
100034ea:	e006      	b.n	100034fa <_vsnprintf+0x58a>
100034ec:	1c56      	adds	r6, r2, #1
100034ee:	4643      	mov	r3, r8
100034f0:	4659      	mov	r1, fp
100034f2:	2020      	movs	r0, #32
100034f4:	47a8      	blx	r5
100034f6:	0023      	movs	r3, r4
100034f8:	0032      	movs	r2, r6
100034fa:	1c5c      	adds	r4, r3, #1
100034fc:	429f      	cmp	r7, r3
100034fe:	d8f5      	bhi.n	100034ec <_vsnprintf+0x57c>
10003500:	0017      	movs	r7, r2
10003502:	e7ec      	b.n	100034de <_vsnprintf+0x56e>
10003504:	2321      	movs	r3, #33	; 0x21
10003506:	431c      	orrs	r4, r3
10003508:	9b1c      	ldr	r3, [sp, #112]	; 0x70
1000350a:	1d1a      	adds	r2, r3, #4
1000350c:	921c      	str	r2, [sp, #112]	; 0x70
1000350e:	681b      	ldr	r3, [r3, #0]
10003510:	9300      	str	r3, [sp, #0]
10003512:	9405      	str	r4, [sp, #20]
10003514:	2308      	movs	r3, #8
10003516:	9304      	str	r3, [sp, #16]
10003518:	4653      	mov	r3, sl
1000351a:	9303      	str	r3, [sp, #12]
1000351c:	2310      	movs	r3, #16
1000351e:	9302      	str	r3, [sp, #8]
10003520:	2300      	movs	r3, #0
10003522:	9301      	str	r3, [sp, #4]
10003524:	4643      	mov	r3, r8
10003526:	003a      	movs	r2, r7
10003528:	4659      	mov	r1, fp
1000352a:	0028      	movs	r0, r5
1000352c:	f7ff f89c 	bl	10002668 <_ntoa_long>
10003530:	0007      	movs	r7, r0
10003532:	9b11      	ldr	r3, [sp, #68]	; 0x44
10003534:	3301      	adds	r3, #1
10003536:	9311      	str	r3, [sp, #68]	; 0x44
10003538:	e52a      	b.n	10002f90 <_vsnprintf+0x20>
1000353a:	1c7c      	adds	r4, r7, #1
1000353c:	4643      	mov	r3, r8
1000353e:	003a      	movs	r2, r7
10003540:	4659      	mov	r1, fp
10003542:	2025      	movs	r0, #37	; 0x25
10003544:	47a8      	blx	r5
10003546:	9b11      	ldr	r3, [sp, #68]	; 0x44
10003548:	3301      	adds	r3, #1
1000354a:	9311      	str	r3, [sp, #68]	; 0x44
1000354c:	0027      	movs	r7, r4
1000354e:	e51f      	b.n	10002f90 <_vsnprintf+0x20>
10003550:	1c7c      	adds	r4, r7, #1
10003552:	4643      	mov	r3, r8
10003554:	003a      	movs	r2, r7
10003556:	4659      	mov	r1, fp
10003558:	47a8      	blx	r5
1000355a:	9b11      	ldr	r3, [sp, #68]	; 0x44
1000355c:	3301      	adds	r3, #1
1000355e:	9311      	str	r3, [sp, #68]	; 0x44
10003560:	0027      	movs	r7, r4
10003562:	e515      	b.n	10002f90 <_vsnprintf+0x20>
10003564:	4b0a      	ldr	r3, [pc, #40]	; (10003590 <_vsnprintf+0x620>)
10003566:	469a      	mov	sl, r3
10003568:	e510      	b.n	10002f8c <_vsnprintf+0x1c>
1000356a:	46aa      	mov	sl, r5
1000356c:	4547      	cmp	r7, r8
1000356e:	d302      	bcc.n	10003576 <_vsnprintf+0x606>
10003570:	4643      	mov	r3, r8
10003572:	1e5a      	subs	r2, r3, #1
10003574:	e000      	b.n	10003578 <_vsnprintf+0x608>
10003576:	003a      	movs	r2, r7
10003578:	4643      	mov	r3, r8
1000357a:	4659      	mov	r1, fp
1000357c:	2000      	movs	r0, #0
1000357e:	47d0      	blx	sl
10003580:	0038      	movs	r0, r7
10003582:	b013      	add	sp, #76	; 0x4c
10003584:	bcf0      	pop	{r4, r5, r6, r7}
10003586:	46bb      	mov	fp, r7
10003588:	46b2      	mov	sl, r6
1000358a:	46a9      	mov	r9, r5
1000358c:	46a0      	mov	r8, r4
1000358e:	bdf0      	pop	{r4, r5, r6, r7, pc}
10003590:	10002475 	.word	0x10002475

10003594 <vfctprintf>:
10003594:	b500      	push	{lr}
10003596:	b085      	sub	sp, #20
10003598:	9002      	str	r0, [sp, #8]
1000359a:	9103      	str	r1, [sp, #12]
1000359c:	2101      	movs	r1, #1
1000359e:	9300      	str	r3, [sp, #0]
100035a0:	0013      	movs	r3, r2
100035a2:	424a      	negs	r2, r1
100035a4:	a902      	add	r1, sp, #8
100035a6:	4802      	ldr	r0, [pc, #8]	; (100035b0 <vfctprintf+0x1c>)
100035a8:	f7ff fce2 	bl	10002f70 <_vsnprintf>
100035ac:	b005      	add	sp, #20
100035ae:	bd00      	pop	{pc}
100035b0:	10002477 	.word	0x10002477

100035b4 <__aeabi_bits_init>:
100035b4:	4801      	ldr	r0, [pc, #4]	; (100035bc <__aeabi_bits_init+0x8>)
100035b6:	2104      	movs	r1, #4
100035b8:	4b01      	ldr	r3, [pc, #4]	; (100035c0 <__aeabi_bits_init+0xc>)
100035ba:	4718      	bx	r3
100035bc:	20000320 	.word	0x20000320
100035c0:	100035f1 	.word	0x100035f1

100035c4 <__wrap___ctzsi2>:
100035c4:	4b01      	ldr	r3, [pc, #4]	; (100035cc <__wrap___ctzsi2+0x8>)
100035c6:	689b      	ldr	r3, [r3, #8]
100035c8:	4718      	bx	r3
100035ca:	0000      	.short	0x0000
100035cc:	20000320 	.word	0x20000320

100035d0 <rom_func_lookup>:
100035d0:	b510      	push	{r4, lr}
100035d2:	0001      	movs	r1, r0
100035d4:	2318      	movs	r3, #24
100035d6:	881b      	ldrh	r3, [r3, #0]
100035d8:	2214      	movs	r2, #20
100035da:	8810      	ldrh	r0, [r2, #0]
100035dc:	4798      	blx	r3
100035de:	bd10      	pop	{r4, pc}

100035e0 <rom_data_lookup>:
100035e0:	b510      	push	{r4, lr}
100035e2:	0001      	movs	r1, r0
100035e4:	2318      	movs	r3, #24
100035e6:	881b      	ldrh	r3, [r3, #0]
100035e8:	2216      	movs	r2, #22
100035ea:	8810      	ldrh	r0, [r2, #0]
100035ec:	4798      	blx	r3
100035ee:	bd10      	pop	{r4, pc}

100035f0 <rom_funcs_lookup>:
100035f0:	b5f0      	push	{r4, r5, r6, r7, lr}
100035f2:	46c6      	mov	lr, r8
100035f4:	b500      	push	{lr}
100035f6:	0007      	movs	r7, r0
100035f8:	000e      	movs	r6, r1
100035fa:	2500      	movs	r5, #0
100035fc:	2301      	movs	r3, #1
100035fe:	4698      	mov	r8, r3
10003600:	e000      	b.n	10003604 <rom_funcs_lookup+0x14>
10003602:	3501      	adds	r5, #1
10003604:	42b5      	cmp	r5, r6
10003606:	d20a      	bcs.n	1000361e <rom_funcs_lookup+0x2e>
10003608:	00ac      	lsls	r4, r5, #2
1000360a:	193c      	adds	r4, r7, r4
1000360c:	6820      	ldr	r0, [r4, #0]
1000360e:	f7ff ffdf 	bl	100035d0 <rom_func_lookup>
10003612:	6020      	str	r0, [r4, #0]
10003614:	2800      	cmp	r0, #0
10003616:	d1f4      	bne.n	10003602 <rom_funcs_lookup+0x12>
10003618:	2300      	movs	r3, #0
1000361a:	4698      	mov	r8, r3
1000361c:	e7f1      	b.n	10003602 <rom_funcs_lookup+0x12>
1000361e:	4640      	mov	r0, r8
10003620:	bc80      	pop	{r7}
10003622:	46b8      	mov	r8, r7
10003624:	bdf0      	pop	{r4, r5, r6, r7, pc}
	...

10003628 <__wrap___aeabi_idiv>:
10003628:	4a12      	ldr	r2, [pc, #72]	; (10003674 <divmod_s32s32_savestate+0x18>)
1000362a:	6f93      	ldr	r3, [r2, #120]	; 0x78
1000362c:	089b      	lsrs	r3, r3, #2
1000362e:	d215      	bcs.n	1000365c <divmod_s32s32_savestate>

10003630 <divmod_s32s32_unsafe>:
10003630:	6690      	str	r0, [r2, #104]	; 0x68
10003632:	66d1      	str	r1, [r2, #108]	; 0x6c
10003634:	2900      	cmp	r1, #0
10003636:	d005      	beq.n	10003644 <divmod_s32s32_unsafe+0x14>
10003638:	e7ff      	b.n	1000363a <divmod_s32s32_unsafe+0xa>
1000363a:	e7ff      	b.n	1000363c <divmod_s32s32_unsafe+0xc>
1000363c:	e7ff      	b.n	1000363e <divmod_s32s32_unsafe+0xe>
1000363e:	6f51      	ldr	r1, [r2, #116]	; 0x74
10003640:	6f10      	ldr	r0, [r2, #112]	; 0x70
10003642:	4770      	bx	lr
10003644:	b504      	push	{r2, lr}
10003646:	2180      	movs	r1, #128	; 0x80
10003648:	0609      	lsls	r1, r1, #24
1000364a:	17c2      	asrs	r2, r0, #31
1000364c:	4051      	eors	r1, r2
1000364e:	2800      	cmp	r0, #0
10003650:	d000      	beq.n	10003654 <divmod_s32s32_unsafe+0x24>
10003652:	43c8      	mvns	r0, r1
10003654:	f001 f8b8 	bl	100047c8 <____aeabi_idiv0_veneer>
10003658:	2100      	movs	r1, #0
1000365a:	bd04      	pop	{r2, pc}

1000365c <divmod_s32s32_savestate>:
1000365c:	b5f0      	push	{r4, r5, r6, r7, lr}
1000365e:	6e14      	ldr	r4, [r2, #96]	; 0x60
10003660:	6e55      	ldr	r5, [r2, #100]	; 0x64
10003662:	6f57      	ldr	r7, [r2, #116]	; 0x74
10003664:	6f16      	ldr	r6, [r2, #112]	; 0x70
10003666:	f7ff ffe3 	bl	10003630 <divmod_s32s32_unsafe>
1000366a:	6614      	str	r4, [r2, #96]	; 0x60
1000366c:	6655      	str	r5, [r2, #100]	; 0x64
1000366e:	6757      	str	r7, [r2, #116]	; 0x74
10003670:	6716      	str	r6, [r2, #112]	; 0x70
10003672:	bdf0      	pop	{r4, r5, r6, r7, pc}
10003674:	d0000000 	.word	0xd0000000

10003678 <__wrap___aeabi_uidiv>:
10003678:	4a11      	ldr	r2, [pc, #68]	; (100036c0 <divmod_u32u32_savestate+0x18>)
1000367a:	6f93      	ldr	r3, [r2, #120]	; 0x78
1000367c:	089b      	lsrs	r3, r3, #2
1000367e:	d213      	bcs.n	100036a8 <divmod_u32u32_savestate>

10003680 <divmod_u32u32_unsafe>:
10003680:	6610      	str	r0, [r2, #96]	; 0x60
10003682:	6651      	str	r1, [r2, #100]	; 0x64
10003684:	2900      	cmp	r1, #0
10003686:	d005      	beq.n	10003694 <divmod_u32u32_unsafe+0x14>
10003688:	e7ff      	b.n	1000368a <divmod_u32u32_unsafe+0xa>
1000368a:	e7ff      	b.n	1000368c <divmod_u32u32_unsafe+0xc>
1000368c:	e7ff      	b.n	1000368e <divmod_u32u32_unsafe+0xe>
1000368e:	6f51      	ldr	r1, [r2, #116]	; 0x74
10003690:	6f10      	ldr	r0, [r2, #112]	; 0x70
10003692:	4770      	bx	lr
10003694:	b504      	push	{r2, lr}
10003696:	2800      	cmp	r0, #0
10003698:	d001      	beq.n	1000369e <divmod_u32u32_unsafe+0x1e>
1000369a:	2000      	movs	r0, #0
1000369c:	43c0      	mvns	r0, r0
1000369e:	f001 f893 	bl	100047c8 <____aeabi_idiv0_veneer>
100036a2:	2100      	movs	r1, #0
100036a4:	bd04      	pop	{r2, pc}
100036a6:	46c0      	nop			; (mov r8, r8)

100036a8 <divmod_u32u32_savestate>:
100036a8:	b5f0      	push	{r4, r5, r6, r7, lr}
100036aa:	6e14      	ldr	r4, [r2, #96]	; 0x60
100036ac:	6e55      	ldr	r5, [r2, #100]	; 0x64
100036ae:	6f57      	ldr	r7, [r2, #116]	; 0x74
100036b0:	6f16      	ldr	r6, [r2, #112]	; 0x70
100036b2:	f7ff ffe5 	bl	10003680 <divmod_u32u32_unsafe>
100036b6:	6614      	str	r4, [r2, #96]	; 0x60
100036b8:	6655      	str	r5, [r2, #100]	; 0x64
100036ba:	6757      	str	r7, [r2, #116]	; 0x74
100036bc:	6716      	str	r6, [r2, #112]	; 0x70
100036be:	bdf0      	pop	{r4, r5, r6, r7, pc}
100036c0:	d0000000 	.word	0xd0000000

100036c4 <__wrap___aeabi_ldivmod>:
100036c4:	4694      	mov	ip, r2
100036c6:	4a4a      	ldr	r2, [pc, #296]	; (100037f0 <udiv0+0x1a>)
100036c8:	6f92      	ldr	r2, [r2, #120]	; 0x78
100036ca:	0892      	lsrs	r2, r2, #2
100036cc:	4662      	mov	r2, ip
100036ce:	d201      	bcs.n	100036d4 <divmod_s64s64_savestate>
100036d0:	e028      	b.n	10003724 <divmod_s64s64_unsafe>
100036d2:	46c0      	nop			; (mov r8, r8)

100036d4 <divmod_s64s64_savestate>:
100036d4:	b5f0      	push	{r4, r5, r6, r7, lr}
100036d6:	4e46      	ldr	r6, [pc, #280]	; (100037f0 <udiv0+0x1a>)
100036d8:	6e34      	ldr	r4, [r6, #96]	; 0x60
100036da:	6e75      	ldr	r5, [r6, #100]	; 0x64
100036dc:	6f77      	ldr	r7, [r6, #116]	; 0x74
100036de:	6f36      	ldr	r6, [r6, #112]	; 0x70
100036e0:	f000 f820 	bl	10003724 <divmod_s64s64_unsafe>
100036e4:	4694      	mov	ip, r2
100036e6:	4a42      	ldr	r2, [pc, #264]	; (100037f0 <udiv0+0x1a>)
100036e8:	6614      	str	r4, [r2, #96]	; 0x60
100036ea:	6655      	str	r5, [r2, #100]	; 0x64
100036ec:	6757      	str	r7, [r2, #116]	; 0x74
100036ee:	6716      	str	r6, [r2, #112]	; 0x70
100036f0:	4662      	mov	r2, ip
100036f2:	bdf0      	pop	{r4, r5, r6, r7, pc}

100036f4 <__wrap___aeabi_uldivmod>:
100036f4:	4694      	mov	ip, r2
100036f6:	4a3e      	ldr	r2, [pc, #248]	; (100037f0 <udiv0+0x1a>)
100036f8:	6f92      	ldr	r2, [r2, #120]	; 0x78
100036fa:	0892      	lsrs	r2, r2, #2
100036fc:	4662      	mov	r2, ip
100036fe:	d201      	bcs.n	10003704 <divmod_u64u64_savestate>
10003700:	e054      	b.n	100037ac <divmod_u64u64_unsafe>
10003702:	46c0      	nop			; (mov r8, r8)

10003704 <divmod_u64u64_savestate>:
10003704:	b5f0      	push	{r4, r5, r6, r7, lr}
10003706:	4e3a      	ldr	r6, [pc, #232]	; (100037f0 <udiv0+0x1a>)
10003708:	6e34      	ldr	r4, [r6, #96]	; 0x60
1000370a:	6e75      	ldr	r5, [r6, #100]	; 0x64
1000370c:	6f77      	ldr	r7, [r6, #116]	; 0x74
1000370e:	6f36      	ldr	r6, [r6, #112]	; 0x70
10003710:	f000 f84c 	bl	100037ac <divmod_u64u64_unsafe>
10003714:	4694      	mov	ip, r2
10003716:	4a36      	ldr	r2, [pc, #216]	; (100037f0 <udiv0+0x1a>)
10003718:	6614      	str	r4, [r2, #96]	; 0x60
1000371a:	6655      	str	r5, [r2, #100]	; 0x64
1000371c:	6757      	str	r7, [r2, #116]	; 0x74
1000371e:	6716      	str	r6, [r2, #112]	; 0x70
10003720:	4662      	mov	r2, ip
10003722:	bdf0      	pop	{r4, r5, r6, r7, pc}

10003724 <divmod_s64s64_unsafe>:
10003724:	2b00      	cmp	r3, #0
10003726:	db24      	blt.n	10003772 <l42_1+0x26>
10003728:	d011      	beq.n	1000374e <l42_1+0x2>
1000372a:	2900      	cmp	r1, #0
1000372c:	da3e      	bge.n	100037ac <divmod_u64u64_unsafe>
1000372e:	b500      	push	{lr}
10003730:	43c9      	mvns	r1, r1
10003732:	4240      	negs	r0, r0
10003734:	d100      	bne.n	10003738 <l40_1>
10003736:	3101      	adds	r1, #1

10003738 <l40_1>:
10003738:	f000 f838 	bl	100037ac <divmod_u64u64_unsafe>
1000373c:	43c9      	mvns	r1, r1
1000373e:	4240      	negs	r0, r0
10003740:	d100      	bne.n	10003744 <l41_1>
10003742:	3101      	adds	r1, #1

10003744 <l41_1>:
10003744:	43db      	mvns	r3, r3
10003746:	4252      	negs	r2, r2
10003748:	d100      	bne.n	1000374c <l42_1>
1000374a:	3301      	adds	r3, #1

1000374c <l42_1>:
1000374c:	bd00      	pop	{pc}
1000374e:	2a00      	cmp	r2, #0
10003750:	d1eb      	bne.n	1000372a <divmod_s64s64_unsafe+0x6>
10003752:	2800      	cmp	r0, #0
10003754:	d101      	bne.n	1000375a <l42_1+0xe>
10003756:	2900      	cmp	r1, #0
10003758:	d005      	beq.n	10003766 <l42_1+0x1a>
1000375a:	2000      	movs	r0, #0
1000375c:	0fc9      	lsrs	r1, r1, #31
1000375e:	07c9      	lsls	r1, r1, #31
10003760:	d101      	bne.n	10003766 <l42_1+0x1a>
10003762:	43c0      	mvns	r0, r0
10003764:	0841      	lsrs	r1, r0, #1
10003766:	b500      	push	{lr}
10003768:	f001 f826 	bl	100047b8 <____aeabi_ldiv0_veneer>
1000376c:	2200      	movs	r2, #0
1000376e:	2300      	movs	r3, #0
10003770:	bd00      	pop	{pc}
10003772:	b500      	push	{lr}
10003774:	2900      	cmp	r1, #0
10003776:	db0a      	blt.n	1000378e <l44_1+0x2>
10003778:	43db      	mvns	r3, r3
1000377a:	4252      	negs	r2, r2
1000377c:	d100      	bne.n	10003780 <l43_1>
1000377e:	3301      	adds	r3, #1

10003780 <l43_1>:
10003780:	f000 f814 	bl	100037ac <divmod_u64u64_unsafe>
10003784:	43c9      	mvns	r1, r1
10003786:	4240      	negs	r0, r0
10003788:	d100      	bne.n	1000378c <l44_1>
1000378a:	3101      	adds	r1, #1

1000378c <l44_1>:
1000378c:	bd00      	pop	{pc}
1000378e:	43c9      	mvns	r1, r1
10003790:	4240      	negs	r0, r0
10003792:	d100      	bne.n	10003796 <l45_1>
10003794:	3101      	adds	r1, #1

10003796 <l45_1>:
10003796:	43db      	mvns	r3, r3
10003798:	4252      	negs	r2, r2
1000379a:	d100      	bne.n	1000379e <l46_1>
1000379c:	3301      	adds	r3, #1

1000379e <l46_1>:
1000379e:	f000 f805 	bl	100037ac <divmod_u64u64_unsafe>
100037a2:	43db      	mvns	r3, r3
100037a4:	4252      	negs	r2, r2
100037a6:	d100      	bne.n	100037aa <l47_1>
100037a8:	3301      	adds	r3, #1

100037aa <l47_1>:
100037aa:	bd00      	pop	{pc}

100037ac <divmod_u64u64_unsafe>:
100037ac:	2900      	cmp	r1, #0
100037ae:	d123      	bne.n	100037f8 <y64>
100037b0:	2b00      	cmp	r3, #0
100037b2:	d118      	bne.n	100037e6 <udiv0+0x10>
100037b4:	2a00      	cmp	r2, #0
100037b6:	d00c      	beq.n	100037d2 <divmod_u64u64_unsafe+0x26>
100037b8:	46bc      	mov	ip, r7
100037ba:	4f0d      	ldr	r7, [pc, #52]	; (100037f0 <udiv0+0x1a>)
100037bc:	6638      	str	r0, [r7, #96]	; 0x60
100037be:	667a      	str	r2, [r7, #100]	; 0x64
100037c0:	2100      	movs	r1, #0
100037c2:	2300      	movs	r3, #0
100037c4:	e7ff      	b.n	100037c6 <divmod_u64u64_unsafe+0x1a>
100037c6:	e7ff      	b.n	100037c8 <divmod_u64u64_unsafe+0x1c>
100037c8:	e7ff      	b.n	100037ca <divmod_u64u64_unsafe+0x1e>
100037ca:	6f7a      	ldr	r2, [r7, #116]	; 0x74
100037cc:	6f38      	ldr	r0, [r7, #112]	; 0x70
100037ce:	4667      	mov	r7, ip
100037d0:	4770      	bx	lr
100037d2:	2800      	cmp	r0, #0
100037d4:	d001      	beq.n	100037da <udiv0+0x4>

100037d6 <udiv0>:
100037d6:	4807      	ldr	r0, [pc, #28]	; (100037f4 <udiv0+0x1e>)
100037d8:	0001      	movs	r1, r0
100037da:	b500      	push	{lr}
100037dc:	f000 ffec 	bl	100047b8 <____aeabi_ldiv0_veneer>
100037e0:	2200      	movs	r2, #0
100037e2:	2300      	movs	r3, #0
100037e4:	bd00      	pop	{pc}
100037e6:	0002      	movs	r2, r0
100037e8:	000b      	movs	r3, r1
100037ea:	2000      	movs	r0, #0
100037ec:	2100      	movs	r1, #0
100037ee:	4770      	bx	lr
100037f0:	d0000000 	.word	0xd0000000
100037f4:	ffffffff 	.word	0xffffffff

100037f8 <y64>:
100037f8:	2b00      	cmp	r3, #0
100037fa:	d000      	beq.n	100037fe <y64+0x6>
100037fc:	e0bf      	b.n	1000397e <y64_x48>
100037fe:	0c13      	lsrs	r3, r2, #16
10003800:	d128      	bne.n	10003854 <y64_x32>
10003802:	2a00      	cmp	r2, #0
10003804:	d0e7      	beq.n	100037d6 <udiv0>
10003806:	b480      	push	{r7}
10003808:	4f11      	ldr	r7, [pc, #68]	; (10003850 <y64+0x58>)
1000380a:	6639      	str	r1, [r7, #96]	; 0x60
1000380c:	667a      	str	r2, [r7, #100]	; 0x64
1000380e:	e7ff      	b.n	10003810 <y64+0x18>
10003810:	e7ff      	b.n	10003812 <y64+0x1a>
10003812:	b430      	push	{r4, r5}
10003814:	0c04      	lsrs	r4, r0, #16
10003816:	6f7b      	ldr	r3, [r7, #116]	; 0x74
10003818:	6f39      	ldr	r1, [r7, #112]	; 0x70
1000381a:	041b      	lsls	r3, r3, #16
1000381c:	4323      	orrs	r3, r4
1000381e:	663b      	str	r3, [r7, #96]	; 0x60
10003820:	667a      	str	r2, [r7, #100]	; 0x64
10003822:	e7ff      	b.n	10003824 <y64+0x2c>
10003824:	e7ff      	b.n	10003826 <y64+0x2e>
10003826:	e7ff      	b.n	10003828 <y64+0x30>
10003828:	46c0      	nop			; (mov r8, r8)
1000382a:	b284      	uxth	r4, r0
1000382c:	6f7b      	ldr	r3, [r7, #116]	; 0x74
1000382e:	6f3d      	ldr	r5, [r7, #112]	; 0x70
10003830:	041b      	lsls	r3, r3, #16
10003832:	4323      	orrs	r3, r4
10003834:	663b      	str	r3, [r7, #96]	; 0x60
10003836:	667a      	str	r2, [r7, #100]	; 0x64
10003838:	e7ff      	b.n	1000383a <y64+0x42>
1000383a:	e7ff      	b.n	1000383c <y64+0x44>
1000383c:	46c0      	nop			; (mov r8, r8)
1000383e:	2300      	movs	r3, #0
10003840:	042c      	lsls	r4, r5, #16
10003842:	0c2d      	lsrs	r5, r5, #16
10003844:	6f7a      	ldr	r2, [r7, #116]	; 0x74
10003846:	6f38      	ldr	r0, [r7, #112]	; 0x70
10003848:	1900      	adds	r0, r0, r4
1000384a:	4169      	adcs	r1, r5
1000384c:	bcb0      	pop	{r4, r5, r7}
1000384e:	4770      	bx	lr
10003850:	d0000000 	.word	0xd0000000

10003854 <y64_x32>:
10003854:	b5f0      	push	{r4, r5, r6, r7, lr}
10003856:	4694      	mov	ip, r2
10003858:	2500      	movs	r5, #0
1000385a:	0e14      	lsrs	r4, r2, #24
1000385c:	d101      	bne.n	10003862 <y64_x32+0xe>
1000385e:	0212      	lsls	r2, r2, #8
10003860:	3508      	adds	r5, #8
10003862:	0f14      	lsrs	r4, r2, #28
10003864:	d101      	bne.n	1000386a <y64_x32+0x16>
10003866:	0112      	lsls	r2, r2, #4
10003868:	3504      	adds	r5, #4
1000386a:	0f94      	lsrs	r4, r2, #30
1000386c:	d101      	bne.n	10003872 <y64_x32+0x1e>
1000386e:	0092      	lsls	r2, r2, #2
10003870:	3502      	adds	r5, #2
10003872:	0fd4      	lsrs	r4, r2, #31
10003874:	d101      	bne.n	1000387a <y64_x32+0x26>
10003876:	0052      	lsls	r2, r2, #1
10003878:	3501      	adds	r5, #1
1000387a:	0bd4      	lsrs	r4, r2, #15
1000387c:	3401      	adds	r4, #1
1000387e:	4f25      	ldr	r7, [pc, #148]	; (10003914 <y64_x32+0xc0>)
10003880:	667c      	str	r4, [r7, #100]	; 0x64
10003882:	4c25      	ldr	r4, [pc, #148]	; (10003918 <y64_x32+0xc4>)
10003884:	663c      	str	r4, [r7, #96]	; 0x60
10003886:	0c0e      	lsrs	r6, r1, #16
10003888:	b293      	uxth	r3, r2
1000388a:	e7ff      	b.n	1000388c <y64_x32+0x38>
1000388c:	e7ff      	b.n	1000388e <y64_x32+0x3a>
1000388e:	e7ff      	b.n	10003890 <y64_x32+0x3c>
10003890:	6f3c      	ldr	r4, [r7, #112]	; 0x70
10003892:	4366      	muls	r6, r4
10003894:	0c36      	lsrs	r6, r6, #16
10003896:	0377      	lsls	r7, r6, #13
10003898:	46be      	mov	lr, r7
1000389a:	4373      	muls	r3, r6
1000389c:	0bdf      	lsrs	r7, r3, #15
1000389e:	045b      	lsls	r3, r3, #17
100038a0:	1ac0      	subs	r0, r0, r3
100038a2:	41b9      	sbcs	r1, r7
100038a4:	0c13      	lsrs	r3, r2, #16
100038a6:	4373      	muls	r3, r6
100038a8:	18db      	adds	r3, r3, r3
100038aa:	1ac9      	subs	r1, r1, r3
100038ac:	08ce      	lsrs	r6, r1, #3
100038ae:	4366      	muls	r6, r4
100038b0:	0c36      	lsrs	r6, r6, #16
100038b2:	44b6      	add	lr, r6
100038b4:	b293      	uxth	r3, r2
100038b6:	4373      	muls	r3, r6
100038b8:	0f1f      	lsrs	r7, r3, #28
100038ba:	011b      	lsls	r3, r3, #4
100038bc:	1ac0      	subs	r0, r0, r3
100038be:	41b9      	sbcs	r1, r7
100038c0:	0c13      	lsrs	r3, r2, #16
100038c2:	4373      	muls	r3, r6
100038c4:	0b1f      	lsrs	r7, r3, #12
100038c6:	051b      	lsls	r3, r3, #20
100038c8:	1ac0      	subs	r0, r0, r3
100038ca:	41b9      	sbcs	r1, r7
100038cc:	0d86      	lsrs	r6, r0, #22
100038ce:	028f      	lsls	r7, r1, #10
100038d0:	433e      	orrs	r6, r7
100038d2:	4366      	muls	r6, r4
100038d4:	0c36      	lsrs	r6, r6, #16
100038d6:	2d09      	cmp	r5, #9
100038d8:	db24      	blt.n	10003924 <last0>
100038da:	0a52      	lsrs	r2, r2, #9
100038dc:	4372      	muls	r2, r6
100038de:	1a80      	subs	r0, r0, r2
100038e0:	0377      	lsls	r7, r6, #13
100038e2:	0a46      	lsrs	r6, r0, #9
100038e4:	4366      	muls	r6, r4
100038e6:	0c36      	lsrs	r6, r6, #16
100038e8:	2316      	movs	r3, #22
100038ea:	1b5b      	subs	r3, r3, r5
100038ec:	40de      	lsrs	r6, r3
100038ee:	40df      	lsrs	r7, r3
100038f0:	19bf      	adds	r7, r7, r6
100038f2:	4664      	mov	r4, ip
100038f4:	4366      	muls	r6, r4
100038f6:	1b82      	subs	r2, r0, r6
100038f8:	4670      	mov	r0, lr
100038fa:	3504      	adds	r5, #4
100038fc:	3306      	adds	r3, #6
100038fe:	0001      	movs	r1, r0
10003900:	40d9      	lsrs	r1, r3
10003902:	40a8      	lsls	r0, r5
10003904:	19c0      	adds	r0, r0, r7
10003906:	d300      	bcc.n	1000390a <y64_x32+0xb6>
10003908:	3101      	adds	r1, #1
1000390a:	42a2      	cmp	r2, r4
1000390c:	d206      	bcs.n	1000391c <y64_x32+0xc8>
1000390e:	2300      	movs	r3, #0
10003910:	bdf0      	pop	{r4, r5, r6, r7, pc}
10003912:	0000      	.short	0x0000
10003914:	d0000000 	.word	0xd0000000
10003918:	ffffffff 	.word	0xffffffff
1000391c:	1b12      	subs	r2, r2, r4
1000391e:	3001      	adds	r0, #1
10003920:	d3f3      	bcc.n	1000390a <y64_x32+0xb6>
10003922:	e7f1      	b.n	10003908 <y64_x32+0xb4>

10003924 <last0>:
10003924:	2709      	movs	r7, #9
10003926:	1b7f      	subs	r7, r7, r5
10003928:	40fe      	lsrs	r6, r7
1000392a:	4664      	mov	r4, ip
1000392c:	b2a2      	uxth	r2, r4
1000392e:	4372      	muls	r2, r6
10003930:	1a80      	subs	r0, r0, r2
10003932:	d200      	bcs.n	10003936 <last0+0x12>
10003934:	3901      	subs	r1, #1
10003936:	0c22      	lsrs	r2, r4, #16
10003938:	4372      	muls	r2, r6
1000393a:	0c13      	lsrs	r3, r2, #16
1000393c:	0412      	lsls	r2, r2, #16
1000393e:	1a82      	subs	r2, r0, r2
10003940:	4199      	sbcs	r1, r3
10003942:	000b      	movs	r3, r1
10003944:	4670      	mov	r0, lr
10003946:	3504      	adds	r5, #4
10003948:	3713      	adds	r7, #19
1000394a:	0001      	movs	r1, r0
1000394c:	40f9      	lsrs	r1, r7
1000394e:	40a8      	lsls	r0, r5
10003950:	1980      	adds	r0, r0, r6
10003952:	d300      	bcc.n	10003956 <last0+0x32>
10003954:	3101      	adds	r1, #1
10003956:	2b00      	cmp	r3, #0
10003958:	d102      	bne.n	10003960 <last0+0x3c>
1000395a:	42a2      	cmp	r2, r4
1000395c:	d20a      	bcs.n	10003974 <last0+0x50>
1000395e:	bdf0      	pop	{r4, r5, r6, r7, pc}
10003960:	3001      	adds	r0, #1
10003962:	d300      	bcc.n	10003966 <last0+0x42>
10003964:	3101      	adds	r1, #1
10003966:	1b12      	subs	r2, r2, r4
10003968:	d2fa      	bcs.n	10003960 <last0+0x3c>
1000396a:	3b01      	subs	r3, #1
1000396c:	d1f8      	bne.n	10003960 <last0+0x3c>
1000396e:	42a2      	cmp	r2, r4
10003970:	d200      	bcs.n	10003974 <last0+0x50>
10003972:	bdf0      	pop	{r4, r5, r6, r7, pc}
10003974:	3001      	adds	r0, #1
10003976:	d300      	bcc.n	1000397a <last0+0x56>
10003978:	3101      	adds	r1, #1
1000397a:	1b12      	subs	r2, r2, r4
1000397c:	e7f7      	b.n	1000396e <last0+0x4a>

1000397e <y64_x48>:
1000397e:	b5f0      	push	{r4, r5, r6, r7, lr}
10003980:	0c1c      	lsrs	r4, r3, #16
10003982:	d000      	beq.n	10003986 <y64_x48+0x8>
10003984:	e080      	b.n	10003a88 <y64_x64>
10003986:	b40c      	push	{r2, r3}
10003988:	2500      	movs	r5, #0
1000398a:	0a1c      	lsrs	r4, r3, #8
1000398c:	d104      	bne.n	10003998 <y64_x48+0x1a>
1000398e:	021b      	lsls	r3, r3, #8
10003990:	0e16      	lsrs	r6, r2, #24
10003992:	4333      	orrs	r3, r6
10003994:	0212      	lsls	r2, r2, #8
10003996:	3508      	adds	r5, #8
10003998:	0b1c      	lsrs	r4, r3, #12
1000399a:	d104      	bne.n	100039a6 <y64_x48+0x28>
1000399c:	011b      	lsls	r3, r3, #4
1000399e:	0f16      	lsrs	r6, r2, #28
100039a0:	4333      	orrs	r3, r6
100039a2:	0112      	lsls	r2, r2, #4
100039a4:	3504      	adds	r5, #4
100039a6:	0b9c      	lsrs	r4, r3, #14
100039a8:	d104      	bne.n	100039b4 <y64_x48+0x36>
100039aa:	009b      	lsls	r3, r3, #2
100039ac:	0f96      	lsrs	r6, r2, #30
100039ae:	4333      	orrs	r3, r6
100039b0:	0092      	lsls	r2, r2, #2
100039b2:	3502      	adds	r5, #2
100039b4:	0bdc      	lsrs	r4, r3, #15
100039b6:	d102      	bne.n	100039be <y64_x48+0x40>
100039b8:	1892      	adds	r2, r2, r2
100039ba:	415b      	adcs	r3, r3
100039bc:	3501      	adds	r5, #1
100039be:	001c      	movs	r4, r3
100039c0:	1897      	adds	r7, r2, r2
100039c2:	4164      	adcs	r4, r4
100039c4:	3401      	adds	r4, #1
100039c6:	4f46      	ldr	r7, [pc, #280]	; (10003ae0 <y64_x64+0x58>)
100039c8:	667c      	str	r4, [r7, #100]	; 0x64
100039ca:	4c46      	ldr	r4, [pc, #280]	; (10003ae4 <y64_x64+0x5c>)
100039cc:	663c      	str	r4, [r7, #96]	; 0x60
100039ce:	0c0e      	lsrs	r6, r1, #16
100039d0:	e7ff      	b.n	100039d2 <y64_x48+0x54>
100039d2:	e7ff      	b.n	100039d4 <y64_x48+0x56>
100039d4:	e7ff      	b.n	100039d6 <y64_x48+0x58>
100039d6:	46c0      	nop			; (mov r8, r8)
100039d8:	6f3c      	ldr	r4, [r7, #112]	; 0x70
100039da:	4366      	muls	r6, r4
100039dc:	0c36      	lsrs	r6, r6, #16
100039de:	0377      	lsls	r7, r6, #13
100039e0:	46be      	mov	lr, r7
100039e2:	b297      	uxth	r7, r2
100039e4:	4377      	muls	r7, r6
100039e6:	1bc0      	subs	r0, r0, r7
100039e8:	d200      	bcs.n	100039ec <y64_x48+0x6e>
100039ea:	3901      	subs	r1, #1
100039ec:	1bc0      	subs	r0, r0, r7
100039ee:	d200      	bcs.n	100039f2 <y64_x48+0x74>
100039f0:	3901      	subs	r1, #1
100039f2:	b29f      	uxth	r7, r3
100039f4:	4377      	muls	r7, r6
100039f6:	1bc9      	subs	r1, r1, r7
100039f8:	1bc9      	subs	r1, r1, r7
100039fa:	0c17      	lsrs	r7, r2, #16
100039fc:	4377      	muls	r7, r6
100039fe:	047e      	lsls	r6, r7, #17
10003a00:	0bff      	lsrs	r7, r7, #15
10003a02:	1b80      	subs	r0, r0, r6
10003a04:	41b9      	sbcs	r1, r7
10003a06:	08ce      	lsrs	r6, r1, #3
10003a08:	4366      	muls	r6, r4
10003a0a:	0c36      	lsrs	r6, r6, #16
10003a0c:	2d0c      	cmp	r5, #12
10003a0e:	db33      	blt.n	10003a78 <last1>
10003a10:	44b6      	add	lr, r6
10003a12:	0b12      	lsrs	r2, r2, #12
10003a14:	051f      	lsls	r7, r3, #20
10003a16:	433a      	orrs	r2, r7
10003a18:	0b1b      	lsrs	r3, r3, #12
10003a1a:	b297      	uxth	r7, r2
10003a1c:	4377      	muls	r7, r6
10003a1e:	1bc0      	subs	r0, r0, r7
10003a20:	d200      	bcs.n	10003a24 <y64_x48+0xa6>
10003a22:	3901      	subs	r1, #1
10003a24:	b29f      	uxth	r7, r3
10003a26:	4377      	muls	r7, r6
10003a28:	1bc9      	subs	r1, r1, r7
10003a2a:	0c17      	lsrs	r7, r2, #16
10003a2c:	4377      	muls	r7, r6
10003a2e:	043e      	lsls	r6, r7, #16
10003a30:	0c3f      	lsrs	r7, r7, #16
10003a32:	1b80      	subs	r0, r0, r6
10003a34:	41b9      	sbcs	r1, r7
10003a36:	0d86      	lsrs	r6, r0, #22
10003a38:	028f      	lsls	r7, r1, #10
10003a3a:	433e      	orrs	r6, r7
10003a3c:	4366      	muls	r6, r4
10003a3e:	2729      	movs	r7, #41	; 0x29
10003a40:	1b7f      	subs	r7, r7, r5
10003a42:	40fe      	lsrs	r6, r7
10003a44:	3d0c      	subs	r5, #12
10003a46:	4677      	mov	r7, lr
10003a48:	40af      	lsls	r7, r5
10003a4a:	19bf      	adds	r7, r7, r6
10003a4c:	bc30      	pop	{r4, r5}
10003a4e:	b2a2      	uxth	r2, r4
10003a50:	b2ab      	uxth	r3, r5
10003a52:	4372      	muls	r2, r6
10003a54:	4373      	muls	r3, r6
10003a56:	1a80      	subs	r0, r0, r2
10003a58:	4199      	sbcs	r1, r3
10003a5a:	0c22      	lsrs	r2, r4, #16
10003a5c:	4372      	muls	r2, r6
10003a5e:	0c13      	lsrs	r3, r2, #16
10003a60:	0412      	lsls	r2, r2, #16
10003a62:	1a80      	subs	r0, r0, r2
10003a64:	4199      	sbcs	r1, r3
10003a66:	0002      	movs	r2, r0
10003a68:	000b      	movs	r3, r1
10003a6a:	3701      	adds	r7, #1
10003a6c:	1b00      	subs	r0, r0, r4
10003a6e:	41a9      	sbcs	r1, r5
10003a70:	d2f9      	bcs.n	10003a66 <y64_x48+0xe8>
10003a72:	1e78      	subs	r0, r7, #1
10003a74:	2100      	movs	r1, #0
10003a76:	bdf0      	pop	{r4, r5, r6, r7, pc}

10003a78 <last1>:
10003a78:	270c      	movs	r7, #12
10003a7a:	1b7f      	subs	r7, r7, r5
10003a7c:	40fe      	lsrs	r6, r7
10003a7e:	4677      	mov	r7, lr
10003a80:	0b7f      	lsrs	r7, r7, #13
10003a82:	40af      	lsls	r7, r5
10003a84:	19ff      	adds	r7, r7, r7
10003a86:	e7e0      	b.n	10003a4a <y64_x48+0xcc>

10003a88 <y64_x64>:
10003a88:	2400      	movs	r4, #0
10003a8a:	1c5d      	adds	r5, r3, #1
10003a8c:	d007      	beq.n	10003a9e <y64_x64+0x16>
10003a8e:	4f14      	ldr	r7, [pc, #80]	; (10003ae0 <y64_x64+0x58>)
10003a90:	667d      	str	r5, [r7, #100]	; 0x64
10003a92:	6639      	str	r1, [r7, #96]	; 0x60
10003a94:	e7ff      	b.n	10003a96 <y64_x64+0xe>
10003a96:	e7ff      	b.n	10003a98 <y64_x64+0x10>
10003a98:	e7ff      	b.n	10003a9a <y64_x64+0x12>
10003a9a:	e7ff      	b.n	10003a9c <y64_x64+0x14>
10003a9c:	6f3c      	ldr	r4, [r7, #112]	; 0x70
10003a9e:	b295      	uxth	r5, r2
10003aa0:	b29e      	uxth	r6, r3
10003aa2:	4365      	muls	r5, r4
10003aa4:	4366      	muls	r6, r4
10003aa6:	1b40      	subs	r0, r0, r5
10003aa8:	41b1      	sbcs	r1, r6
10003aaa:	0c15      	lsrs	r5, r2, #16
10003aac:	0c1e      	lsrs	r6, r3, #16
10003aae:	4365      	muls	r5, r4
10003ab0:	4366      	muls	r6, r4
10003ab2:	0436      	lsls	r6, r6, #16
10003ab4:	0c2f      	lsrs	r7, r5, #16
10003ab6:	433e      	orrs	r6, r7
10003ab8:	042d      	lsls	r5, r5, #16
10003aba:	1b40      	subs	r0, r0, r5
10003abc:	41b1      	sbcs	r1, r6
10003abe:	4299      	cmp	r1, r3
10003ac0:	d204      	bcs.n	10003acc <y64_x64+0x44>
10003ac2:	0002      	movs	r2, r0
10003ac4:	000b      	movs	r3, r1
10003ac6:	0020      	movs	r0, r4
10003ac8:	2100      	movs	r1, #0
10003aca:	bdf0      	pop	{r4, r5, r6, r7, pc}
10003acc:	d101      	bne.n	10003ad2 <y64_x64+0x4a>
10003ace:	4290      	cmp	r0, r2
10003ad0:	d3f7      	bcc.n	10003ac2 <y64_x64+0x3a>
10003ad2:	1a80      	subs	r0, r0, r2
10003ad4:	4199      	sbcs	r1, r3
10003ad6:	3401      	adds	r4, #1
10003ad8:	4299      	cmp	r1, r3
10003ada:	d3f2      	bcc.n	10003ac2 <y64_x64+0x3a>
10003adc:	e7f6      	b.n	10003acc <y64_x64+0x44>
10003ade:	0000      	.short	0x0000
10003ae0:	d0000000 	.word	0xd0000000
10003ae4:	ffffffff 	.word	0xffffffff

10003ae8 <__wrap___aeabi_drsub>:
10003ae8:	4048      	eors	r0, r1
10003aea:	4041      	eors	r1, r0
10003aec:	4048      	eors	r0, r1

10003aee <__wrap___aeabi_dsub>:
10003aee:	b418      	push	{r3, r4}
10003af0:	4b13      	ldr	r3, [pc, #76]	; (10003b40 <__wrap___aeabi_dmul+0xa>)
10003af2:	685b      	ldr	r3, [r3, #4]
10003af4:	9301      	str	r3, [sp, #4]
10003af6:	bd08      	pop	{r3, pc}

10003af8 <__wrap___aeabi_dadd>:
10003af8:	b418      	push	{r3, r4}
10003afa:	4b11      	ldr	r3, [pc, #68]	; (10003b40 <__wrap___aeabi_dmul+0xa>)
10003afc:	681b      	ldr	r3, [r3, #0]
10003afe:	9301      	str	r3, [sp, #4]
10003b00:	bd08      	pop	{r3, pc}

10003b02 <__wrap___aeabi_ddiv>:
10003b02:	4694      	mov	ip, r2
10003b04:	4a0f      	ldr	r2, [pc, #60]	; (10003b44 <__wrap___aeabi_dmul+0xe>)
10003b06:	6f92      	ldr	r2, [r2, #120]	; 0x78
10003b08:	0892      	lsrs	r2, r2, #2
10003b0a:	d205      	bcs.n	10003b18 <ddiv_save_state>
10003b0c:	4662      	mov	r2, ip

10003b0e <ddiv_shim_call>:
10003b0e:	b418      	push	{r3, r4}
10003b10:	4b0b      	ldr	r3, [pc, #44]	; (10003b40 <__wrap___aeabi_dmul+0xa>)
10003b12:	68db      	ldr	r3, [r3, #12]
10003b14:	9301      	str	r3, [sp, #4]
10003b16:	bd08      	pop	{r3, pc}

10003b18 <ddiv_save_state>:
10003b18:	4a0a      	ldr	r2, [pc, #40]	; (10003b44 <__wrap___aeabi_dmul+0xe>)
10003b1a:	b5f0      	push	{r4, r5, r6, r7, lr}
10003b1c:	6e14      	ldr	r4, [r2, #96]	; 0x60
10003b1e:	6e55      	ldr	r5, [r2, #100]	; 0x64
10003b20:	6f57      	ldr	r7, [r2, #116]	; 0x74
10003b22:	6f16      	ldr	r6, [r2, #112]	; 0x70
10003b24:	4662      	mov	r2, ip
10003b26:	f7ff fff2 	bl	10003b0e <ddiv_shim_call>
10003b2a:	4a06      	ldr	r2, [pc, #24]	; (10003b44 <__wrap___aeabi_dmul+0xe>)
10003b2c:	6614      	str	r4, [r2, #96]	; 0x60
10003b2e:	6655      	str	r5, [r2, #100]	; 0x64
10003b30:	6757      	str	r7, [r2, #116]	; 0x74
10003b32:	6716      	str	r6, [r2, #112]	; 0x70
10003b34:	bdf0      	pop	{r4, r5, r6, r7, pc}

10003b36 <__wrap___aeabi_dmul>:
10003b36:	b418      	push	{r3, r4}
10003b38:	4b01      	ldr	r3, [pc, #4]	; (10003b40 <__wrap___aeabi_dmul+0xa>)
10003b3a:	689b      	ldr	r3, [r3, #8]
10003b3c:	9301      	str	r3, [sp, #4]
10003b3e:	bd08      	pop	{r3, pc}
10003b40:	20000978 	.word	0x20000978
10003b44:	d0000000 	.word	0xd0000000

10003b48 <__wrap___aeabi_cdrcmple>:
10003b48:	b5ff      	push	{r0, r1, r2, r3, r4, r5, r6, r7, lr}
10003b4a:	4050      	eors	r0, r2
10003b4c:	4042      	eors	r2, r0
10003b4e:	4050      	eors	r0, r2
10003b50:	4059      	eors	r1, r3
10003b52:	404b      	eors	r3, r1
10003b54:	4059      	eors	r1, r3
10003b56:	e000      	b.n	10003b5a <__aeabi_dfcmple_guts>

10003b58 <__wrap___aeabi_cdcmpeq>:
10003b58:	b5ff      	push	{r0, r1, r2, r3, r4, r5, r6, r7, lr}

10003b5a <__aeabi_dfcmple_guts>:
10003b5a:	4f15      	ldr	r7, [pc, #84]	; (10003bb0 <__aeabi_dfcmple_guts+0x56>)
10003b5c:	004c      	lsls	r4, r1, #1
10003b5e:	0d64      	lsrs	r4, r4, #21
10003b60:	d003      	beq.n	10003b6a <__aeabi_dfcmple_guts+0x10>
10003b62:	42bc      	cmp	r4, r7
10003b64:	d104      	bne.n	10003b70 <__aeabi_dfcmple_guts+0x16>
10003b66:	030c      	lsls	r4, r1, #12
10003b68:	d814      	bhi.n	10003b94 <__aeabi_dfcmple_guts+0x3a>
10003b6a:	2000      	movs	r0, #0
10003b6c:	0d09      	lsrs	r1, r1, #20
10003b6e:	0509      	lsls	r1, r1, #20
10003b70:	005c      	lsls	r4, r3, #1
10003b72:	0d64      	lsrs	r4, r4, #21
10003b74:	d003      	beq.n	10003b7e <__aeabi_dfcmple_guts+0x24>
10003b76:	42bc      	cmp	r4, r7
10003b78:	d104      	bne.n	10003b84 <__aeabi_dfcmple_guts+0x2a>
10003b7a:	031c      	lsls	r4, r3, #12
10003b7c:	d80a      	bhi.n	10003b94 <__aeabi_dfcmple_guts+0x3a>
10003b7e:	2200      	movs	r2, #0
10003b80:	0d1b      	lsrs	r3, r3, #20
10003b82:	051b      	lsls	r3, r3, #20
10003b84:	2601      	movs	r6, #1
10003b86:	404b      	eors	r3, r1
10003b88:	d409      	bmi.n	10003b9e <__aeabi_dfcmple_guts+0x44>
10003b8a:	404b      	eors	r3, r1
10003b8c:	d503      	bpl.n	10003b96 <__aeabi_dfcmple_guts+0x3c>
10003b8e:	428b      	cmp	r3, r1
10003b90:	d100      	bne.n	10003b94 <__aeabi_dfcmple_guts+0x3a>
10003b92:	4282      	cmp	r2, r0
10003b94:	bdff      	pop	{r0, r1, r2, r3, r4, r5, r6, r7, pc}
10003b96:	4299      	cmp	r1, r3
10003b98:	d1fc      	bne.n	10003b94 <__aeabi_dfcmple_guts+0x3a>
10003b9a:	4290      	cmp	r0, r2
10003b9c:	bdff      	pop	{r0, r1, r2, r3, r4, r5, r6, r7, pc}
10003b9e:	430b      	orrs	r3, r1
10003ba0:	18db      	adds	r3, r3, r3
10003ba2:	4303      	orrs	r3, r0
10003ba4:	4313      	orrs	r3, r2
10003ba6:	d0f5      	beq.n	10003b94 <__aeabi_dfcmple_guts+0x3a>
10003ba8:	43c9      	mvns	r1, r1
10003baa:	1849      	adds	r1, r1, r1
10003bac:	bdff      	pop	{r0, r1, r2, r3, r4, r5, r6, r7, pc}
10003bae:	0000      	.short	0x0000
10003bb0:	000007ff 	.word	0x000007ff

10003bb4 <__wrap___aeabi_dcmplt>:
10003bb4:	b500      	push	{lr}
10003bb6:	f7ff ffcf 	bl	10003b58 <__wrap___aeabi_cdcmpeq>
10003bba:	4180      	sbcs	r0, r0
10003bbc:	bd00      	pop	{pc}
10003bbe:	46c0      	nop			; (mov r8, r8)

10003bc0 <__wrap___aeabi_dcmple>:
10003bc0:	b500      	push	{lr}
10003bc2:	f7ff ffc9 	bl	10003b58 <__wrap___aeabi_cdcmpeq>
10003bc6:	d901      	bls.n	10003bcc <__wrap___aeabi_dcmple+0xc>
10003bc8:	2000      	movs	r0, #0
10003bca:	bd00      	pop	{pc}
10003bcc:	2001      	movs	r0, #1
10003bce:	bd00      	pop	{pc}

10003bd0 <__wrap___aeabi_dcmpge>:
10003bd0:	b500      	push	{lr}
10003bd2:	f7ff ffb9 	bl	10003b48 <__wrap___aeabi_cdrcmple>
10003bd6:	d901      	bls.n	10003bdc <__wrap___aeabi_dcmpge+0xc>
10003bd8:	2000      	movs	r0, #0
10003bda:	bd00      	pop	{pc}
10003bdc:	2001      	movs	r0, #1
10003bde:	bd00      	pop	{pc}

10003be0 <__wrap___aeabi_dcmpgt>:
10003be0:	b500      	push	{lr}
10003be2:	f7ff ffb1 	bl	10003b48 <__wrap___aeabi_cdrcmple>
10003be6:	4180      	sbcs	r0, r0
10003be8:	bd00      	pop	{pc}

10003bea <__wrap___aeabi_dcmpun>:
10003bea:	2001      	movs	r0, #1
10003bec:	0540      	lsls	r0, r0, #21
10003bee:	004a      	lsls	r2, r1, #1
10003bf0:	1812      	adds	r2, r2, r0
10003bf2:	d804      	bhi.n	10003bfe <__wrap___aeabi_dcmpun+0x14>
10003bf4:	005a      	lsls	r2, r3, #1
10003bf6:	1812      	adds	r2, r2, r0
10003bf8:	d801      	bhi.n	10003bfe <__wrap___aeabi_dcmpun+0x14>
10003bfa:	2000      	movs	r0, #0
10003bfc:	4770      	bx	lr
10003bfe:	2001      	movs	r0, #1
10003c00:	4770      	bx	lr
10003c02:	2000      	movs	r0, #0
10003c04:	4770      	bx	lr
	...

10003c08 <__wrap___aeabi_ui2d>:
10003c08:	2100      	movs	r1, #0
10003c0a:	2800      	cmp	r0, #0
10003c0c:	d105      	bne.n	10003c1a <__wrap___aeabi_i2d+0xa>
10003c0e:	4770      	bx	lr

10003c10 <__wrap___aeabi_i2d>:
10003c10:	17c1      	asrs	r1, r0, #31
10003c12:	4048      	eors	r0, r1
10003c14:	1a40      	subs	r0, r0, r1
10003c16:	d0fa      	beq.n	10003c0e <__wrap___aeabi_ui2d+0x6>
10003c18:	07c9      	lsls	r1, r1, #31
10003c1a:	b513      	push	{r0, r1, r4, lr}
10003c1c:	4b06      	ldr	r3, [pc, #24]	; (10003c38 <__wrap___aeabi_i2d+0x28>)
10003c1e:	681b      	ldr	r3, [r3, #0]
10003c20:	4798      	blx	r3
10003c22:	bc0c      	pop	{r2, r3}
10003c24:	1c44      	adds	r4, r0, #1
10003c26:	40a2      	lsls	r2, r4
10003c28:	0510      	lsls	r0, r2, #20
10003c2a:	0b12      	lsrs	r2, r2, #12
10003c2c:	4903      	ldr	r1, [pc, #12]	; (10003c3c <__wrap___aeabi_i2d+0x2c>)
10003c2e:	1b09      	subs	r1, r1, r4
10003c30:	0509      	lsls	r1, r1, #20
10003c32:	4319      	orrs	r1, r3
10003c34:	4311      	orrs	r1, r2
10003c36:	bd10      	pop	{r4, pc}
10003c38:	20000a78 	.word	0x20000a78
10003c3c:	0000041f 	.word	0x0000041f

10003c40 <__wrap___aeabi_d2iz>:
10003c40:	b510      	push	{r4, lr}
10003c42:	004c      	lsls	r4, r1, #1
10003c44:	0d62      	lsrs	r2, r4, #21
10003c46:	2380      	movs	r3, #128	; 0x80
10003c48:	18d2      	adds	r2, r2, r3
10003c4a:	00db      	lsls	r3, r3, #3
10003c4c:	1ad2      	subs	r2, r2, r3
10003c4e:	055b      	lsls	r3, r3, #21
10003c50:	2a7e      	cmp	r2, #126	; 0x7e
10003c52:	dd10      	ble.n	10003c76 <__wrap___aeabi_d2iz+0x36>
10003c54:	3a9e      	subs	r2, #158	; 0x9e
10003c56:	da13      	bge.n	10003c80 <__wrap___aeabi_d2iz+0x40>
10003c58:	17cc      	asrs	r4, r1, #31
10003c5a:	0309      	lsls	r1, r1, #12
10003c5c:	0849      	lsrs	r1, r1, #1
10003c5e:	4319      	orrs	r1, r3
10003c60:	4252      	negs	r2, r2
10003c62:	40d1      	lsrs	r1, r2
10003c64:	0064      	lsls	r4, r4, #1
10003c66:	3401      	adds	r4, #1
10003c68:	3215      	adds	r2, #21
10003c6a:	2a20      	cmp	r2, #32
10003c6c:	da05      	bge.n	10003c7a <__wrap___aeabi_d2iz+0x3a>
10003c6e:	40d0      	lsrs	r0, r2
10003c70:	4308      	orrs	r0, r1
10003c72:	4360      	muls	r0, r4
10003c74:	bd10      	pop	{r4, pc}
10003c76:	2000      	movs	r0, #0
10003c78:	bd10      	pop	{r4, pc}
10003c7a:	4608      	mov	r0, r1
10003c7c:	4360      	muls	r0, r4
10003c7e:	bd10      	pop	{r4, pc}
10003c80:	0fc8      	lsrs	r0, r1, #31
10003c82:	18c0      	adds	r0, r0, r3
10003c84:	3801      	subs	r0, #1
10003c86:	bd10      	pop	{r4, pc}

10003c88 <__wrap___aeabi_d2uiz>:
10003c88:	b418      	push	{r3, r4}
10003c8a:	4b02      	ldr	r3, [pc, #8]	; (10003c94 <__wrap___aeabi_d2uiz+0xc>)
10003c8c:	6a5b      	ldr	r3, [r3, #36]	; 0x24
10003c8e:	9301      	str	r3, [sp, #4]
10003c90:	bd08      	pop	{r3, pc}
10003c92:	0000      	.short	0x0000
10003c94:	20000978 	.word	0x20000978

10003c98 <missing_double_func_shim>:
10003c98:	b510      	push	{r4, lr}
10003c9a:	4801      	ldr	r0, [pc, #4]	; (10003ca0 <missing_double_func_shim+0x8>)
10003c9c:	f7fe fbd2 	bl	10002444 <panic>
10003ca0:	100056a0 	.word	0x100056a0

10003ca4 <__aeabi_double_init>:
10003ca4:	b570      	push	{r4, r5, r6, lr}
10003ca6:	2313      	movs	r3, #19
10003ca8:	781c      	ldrb	r4, [r3, #0]
10003caa:	2c01      	cmp	r4, #1
10003cac:	d014      	beq.n	10003cd8 <__aeabi_double_init+0x34>
10003cae:	2c01      	cmp	r4, #1
10003cb0:	dc14      	bgt.n	10003cdc <__aeabi_double_init+0x38>
10003cb2:	2c02      	cmp	r4, #2
10003cb4:	dc02      	bgt.n	10003cbc <__aeabi_double_init+0x18>
10003cb6:	4a1f      	ldr	r2, [pc, #124]	; (10003d34 <__aeabi_double_init+0x90>)
10003cb8:	4b1f      	ldr	r3, [pc, #124]	; (10003d38 <__aeabi_double_init+0x94>)
10003cba:	649a      	str	r2, [r3, #72]	; 0x48
10003cbc:	481f      	ldr	r0, [pc, #124]	; (10003d3c <__aeabi_double_init+0x98>)
10003cbe:	f7ff fc87 	bl	100035d0 <rom_func_lookup>
10003cc2:	4b1f      	ldr	r3, [pc, #124]	; (10003d40 <__aeabi_double_init+0x9c>)
10003cc4:	6018      	str	r0, [r3, #0]
10003cc6:	bd70      	pop	{r4, r5, r6, pc}
10003cc8:	0099      	lsls	r1, r3, #2
10003cca:	481e      	ldr	r0, [pc, #120]	; (10003d44 <__aeabi_double_init+0xa0>)
10003ccc:	4a1a      	ldr	r2, [pc, #104]	; (10003d38 <__aeabi_double_init+0x94>)
10003cce:	5088      	str	r0, [r1, r2]
10003cd0:	3301      	adds	r3, #1
10003cd2:	2b1f      	cmp	r3, #31
10003cd4:	d9f8      	bls.n	10003cc8 <__aeabi_double_init+0x24>
10003cd6:	e7ea      	b.n	10003cae <__aeabi_double_init+0xa>
10003cd8:	2300      	movs	r3, #0
10003cda:	e7fa      	b.n	10003cd2 <__aeabi_double_init+0x2e>
10003cdc:	481a      	ldr	r0, [pc, #104]	; (10003d48 <__aeabi_double_init+0xa4>)
10003cde:	f7ff fc7f 	bl	100035e0 <rom_data_lookup>
10003ce2:	0005      	movs	r5, r0
10003ce4:	4819      	ldr	r0, [pc, #100]	; (10003d4c <__aeabi_double_init+0xa8>)
10003ce6:	f7ff fc7b 	bl	100035e0 <rom_data_lookup>
10003cea:	3802      	subs	r0, #2
10003cec:	7803      	ldrb	r3, [r0, #0]
10003cee:	009b      	lsls	r3, r3, #2
10003cf0:	2b7f      	cmp	r3, #127	; 0x7f
10003cf2:	dd19      	ble.n	10003d28 <__aeabi_double_init+0x84>
10003cf4:	2280      	movs	r2, #128	; 0x80
10003cf6:	0029      	movs	r1, r5
10003cf8:	480f      	ldr	r0, [pc, #60]	; (10003d38 <__aeabi_double_init+0x94>)
10003cfa:	f000 f8c5 	bl	10003e88 <__wrap___aeabi_memcpy>
10003cfe:	2c02      	cmp	r4, #2
10003d00:	d1d7      	bne.n	10003cb2 <__aeabi_double_init+0xe>
10003d02:	4b13      	ldr	r3, [pc, #76]	; (10003d50 <__aeabi_double_init+0xac>)
10003d04:	881a      	ldrh	r2, [r3, #0]
10003d06:	23b5      	movs	r3, #181	; 0xb5
10003d08:	021b      	lsls	r3, r3, #8
10003d0a:	429a      	cmp	r2, r3
10003d0c:	d109      	bne.n	10003d22 <__aeabi_double_init+0x7e>
10003d0e:	4b11      	ldr	r3, [pc, #68]	; (10003d54 <__aeabi_double_init+0xb0>)
10003d10:	881a      	ldrh	r2, [r3, #0]
10003d12:	4b11      	ldr	r3, [pc, #68]	; (10003d58 <__aeabi_double_init+0xb4>)
10003d14:	429a      	cmp	r2, r3
10003d16:	d104      	bne.n	10003d22 <__aeabi_double_init+0x7e>
10003d18:	4b10      	ldr	r3, [pc, #64]	; (10003d5c <__aeabi_double_init+0xb8>)
10003d1a:	881a      	ldrh	r2, [r3, #0]
10003d1c:	4b10      	ldr	r3, [pc, #64]	; (10003d60 <__aeabi_double_init+0xbc>)
10003d1e:	429a      	cmp	r2, r3
10003d20:	d0c7      	beq.n	10003cb2 <__aeabi_double_init+0xe>
10003d22:	2000      	movs	r0, #0
10003d24:	f7fe fb8e 	bl	10002444 <panic>
10003d28:	4b0e      	ldr	r3, [pc, #56]	; (10003d64 <__aeabi_double_init+0xc0>)
10003d2a:	4a0f      	ldr	r2, [pc, #60]	; (10003d68 <__aeabi_double_init+0xc4>)
10003d2c:	2132      	movs	r1, #50	; 0x32
10003d2e:	480f      	ldr	r0, [pc, #60]	; (10003d6c <__aeabi_double_init+0xc8>)
10003d30:	f7fe faee 	bl	10002310 <__assert_func>
10003d34:	10003d71 	.word	0x10003d71
10003d38:	20000978 	.word	0x20000978
10003d3c:	0000334c 	.word	0x0000334c
10003d40:	20000a78 	.word	0x20000a78
10003d44:	10003c99 	.word	0x10003c99
10003d48:	00004453 	.word	0x00004453
10003d4c:	00004653 	.word	0x00004653
10003d50:	00003854 	.word	0x00003854
10003d54:	000038d8 	.word	0x000038d8
10003d58:	00004649 	.word	0x00004649
10003d5c:	0000389c 	.word	0x0000389c
10003d60:	00004659 	.word	0x00004659
10003d64:	100056b8 	.word	0x100056b8
10003d68:	10005770 	.word	0x10005770
10003d6c:	1000570c 	.word	0x1000570c

10003d70 <double_table_shim_on_use_helper>:
10003d70:	b507      	push	{r0, r1, r2, lr}
10003d72:	4660      	mov	r0, ip
10003d74:	2800      	cmp	r0, #0
10003d76:	d100      	bne.n	10003d7a <double_table_shim_on_use_helper+0xa>
10003d78:	be00      	bkpt	0x0000
10003d7a:	8801      	ldrh	r1, [r0, #0]
10003d7c:	0a0a      	lsrs	r2, r1, #8
10003d7e:	3002      	adds	r0, #2
10003d80:	2adf      	cmp	r2, #223	; 0xdf
10003d82:	d1fa      	bne.n	10003d7a <double_table_shim_on_use_helper+0xa>
10003d84:	b2c9      	uxtb	r1, r1
10003d86:	0882      	lsrs	r2, r0, #2
10003d88:	d304      	bcc.n	10003d94 <double_table_shim_on_use_helper+0x24>
10003d8a:	8802      	ldrh	r2, [r0, #0]
10003d8c:	8840      	ldrh	r0, [r0, #2]
10003d8e:	0400      	lsls	r0, r0, #16
10003d90:	4310      	orrs	r0, r2
10003d92:	e000      	b.n	10003d96 <double_table_shim_on_use_helper+0x26>
10003d94:	6800      	ldr	r0, [r0, #0]
10003d96:	4a02      	ldr	r2, [pc, #8]	; (10003da0 <double_table_shim_on_use_helper+0x30>)
10003d98:	5050      	str	r0, [r2, r1]
10003d9a:	9003      	str	r0, [sp, #12]
10003d9c:	bd07      	pop	{r0, r1, r2, pc}
10003d9e:	0000      	.short	0x0000
10003da0:	20000978 	.word	0x20000978

10003da4 <__wrap___aeabi_lmul>:
10003da4:	4351      	muls	r1, r2
10003da6:	4343      	muls	r3, r0
10003da8:	18c9      	adds	r1, r1, r3
10003daa:	468c      	mov	ip, r1
10003dac:	0c11      	lsrs	r1, r2, #16
10003dae:	b283      	uxth	r3, r0
10003db0:	434b      	muls	r3, r1
10003db2:	b410      	push	{r4}
10003db4:	0c04      	lsrs	r4, r0, #16
10003db6:	4361      	muls	r1, r4
10003db8:	b292      	uxth	r2, r2
10003dba:	b280      	uxth	r0, r0
10003dbc:	4350      	muls	r0, r2
10003dbe:	4362      	muls	r2, r4
10003dc0:	041c      	lsls	r4, r3, #16
10003dc2:	0c1b      	lsrs	r3, r3, #16
10003dc4:	1900      	adds	r0, r0, r4
10003dc6:	bc10      	pop	{r4}
10003dc8:	4159      	adcs	r1, r3
10003dca:	0413      	lsls	r3, r2, #16
10003dcc:	0c12      	lsrs	r2, r2, #16
10003dce:	18c0      	adds	r0, r0, r3
10003dd0:	4151      	adcs	r1, r2
10003dd2:	4461      	add	r1, ip
10003dd4:	4770      	bx	lr
	...

10003dd8 <missing_float_func_shim>:
10003dd8:	b510      	push	{r4, lr}
10003dda:	4801      	ldr	r0, [pc, #4]	; (10003de0 <missing_float_func_shim+0x8>)
10003ddc:	f7fe fb32 	bl	10002444 <panic>
10003de0:	10005380 	.word	0x10005380

10003de4 <__aeabi_float_init>:
10003de4:	b570      	push	{r4, r5, r6, lr}
10003de6:	2313      	movs	r3, #19
10003de8:	781e      	ldrb	r6, [r3, #0]
10003dea:	4818      	ldr	r0, [pc, #96]	; (10003e4c <__aeabi_float_init+0x68>)
10003dec:	f7ff fbf8 	bl	100035e0 <rom_data_lookup>
10003df0:	0005      	movs	r5, r0
10003df2:	2e01      	cmp	r6, #1
10003df4:	d011      	beq.n	10003e1a <__aeabi_float_init+0x36>
10003df6:	2e01      	cmp	r6, #1
10003df8:	dd09      	ble.n	10003e0e <__aeabi_float_init+0x2a>
10003dfa:	1eab      	subs	r3, r5, #2
10003dfc:	781b      	ldrb	r3, [r3, #0]
10003dfe:	009b      	lsls	r3, r3, #2
10003e00:	2b7f      	cmp	r3, #127	; 0x7f
10003e02:	dd1d      	ble.n	10003e40 <__aeabi_float_init+0x5c>
10003e04:	2280      	movs	r2, #128	; 0x80
10003e06:	0029      	movs	r1, r5
10003e08:	4811      	ldr	r0, [pc, #68]	; (10003e50 <__aeabi_float_init+0x6c>)
10003e0a:	f000 f83d 	bl	10003e88 <__wrap___aeabi_memcpy>
10003e0e:	4811      	ldr	r0, [pc, #68]	; (10003e54 <__aeabi_float_init+0x70>)
10003e10:	f7ff fbde 	bl	100035d0 <rom_func_lookup>
10003e14:	4b10      	ldr	r3, [pc, #64]	; (10003e58 <__aeabi_float_init+0x74>)
10003e16:	6018      	str	r0, [r3, #0]
10003e18:	bd70      	pop	{r4, r5, r6, pc}
10003e1a:	2254      	movs	r2, #84	; 0x54
10003e1c:	0001      	movs	r1, r0
10003e1e:	480c      	ldr	r0, [pc, #48]	; (10003e50 <__aeabi_float_init+0x6c>)
10003e20:	f000 f832 	bl	10003e88 <__wrap___aeabi_memcpy>
10003e24:	2300      	movs	r3, #0
10003e26:	e000      	b.n	10003e2a <__aeabi_float_init+0x46>
10003e28:	3301      	adds	r3, #1
10003e2a:	2b1f      	cmp	r3, #31
10003e2c:	d8e3      	bhi.n	10003df6 <__aeabi_float_init+0x12>
10003e2e:	009a      	lsls	r2, r3, #2
10003e30:	4c07      	ldr	r4, [pc, #28]	; (10003e50 <__aeabi_float_init+0x6c>)
10003e32:	5912      	ldr	r2, [r2, r4]
10003e34:	2a00      	cmp	r2, #0
10003e36:	d1f7      	bne.n	10003e28 <__aeabi_float_init+0x44>
10003e38:	009a      	lsls	r2, r3, #2
10003e3a:	4808      	ldr	r0, [pc, #32]	; (10003e5c <__aeabi_float_init+0x78>)
10003e3c:	5110      	str	r0, [r2, r4]
10003e3e:	e7f3      	b.n	10003e28 <__aeabi_float_init+0x44>
10003e40:	4b07      	ldr	r3, [pc, #28]	; (10003e60 <__aeabi_float_init+0x7c>)
10003e42:	4a08      	ldr	r2, [pc, #32]	; (10003e64 <__aeabi_float_init+0x80>)
10003e44:	2142      	movs	r1, #66	; 0x42
10003e46:	4808      	ldr	r0, [pc, #32]	; (10003e68 <__aeabi_float_init+0x84>)
10003e48:	f7fe fa62 	bl	10002310 <__assert_func>
10003e4c:	00004653 	.word	0x00004653
10003e50:	20000a7c 	.word	0x20000a7c
10003e54:	0000334c 	.word	0x0000334c
10003e58:	20000a78 	.word	0x20000a78
10003e5c:	10003dd9 	.word	0x10003dd9
10003e60:	10005784 	.word	0x10005784
10003e64:	1000581c 	.word	0x1000581c
10003e68:	100057b8 	.word	0x100057b8

10003e6c <__aeabi_mem_init>:
10003e6c:	4801      	ldr	r0, [pc, #4]	; (10003e74 <__aeabi_mem_init+0x8>)
10003e6e:	2104      	movs	r1, #4
10003e70:	4b01      	ldr	r3, [pc, #4]	; (10003e78 <__aeabi_mem_init+0xc>)
10003e72:	4718      	bx	r3
10003e74:	20000330 	.word	0x20000330
10003e78:	100035f1 	.word	0x100035f1

10003e7c <__wrap_memset>:
10003e7c:	4b01      	ldr	r3, [pc, #4]	; (10003e84 <__wrap_memset+0x8>)
10003e7e:	681b      	ldr	r3, [r3, #0]
10003e80:	4718      	bx	r3
10003e82:	0000      	.short	0x0000
10003e84:	20000330 	.word	0x20000330

10003e88 <__wrap___aeabi_memcpy>:
10003e88:	4b01      	ldr	r3, [pc, #4]	; (10003e90 <__wrap___aeabi_memcpy+0x8>)
10003e8a:	685b      	ldr	r3, [r3, #4]
10003e8c:	4718      	bx	r3
10003e8e:	0000      	.short	0x0000
10003e90:	20000330 	.word	0x20000330

10003e94 <stdio_out_chars_no_crlf>:
10003e94:	b510      	push	{r4, lr}
10003e96:	0003      	movs	r3, r0
10003e98:	0008      	movs	r0, r1
10003e9a:	0011      	movs	r1, r2
10003e9c:	681b      	ldr	r3, [r3, #0]
10003e9e:	4798      	blx	r3
10003ea0:	bd10      	pop	{r4, pc}
	...

10003ea4 <stdio_out_chars_crlf>:
10003ea4:	b5f8      	push	{r3, r4, r5, r6, r7, lr}
10003ea6:	0007      	movs	r7, r0
10003ea8:	000d      	movs	r5, r1
10003eaa:	0016      	movs	r6, r2
10003eac:	7d43      	ldrb	r3, [r0, #21]
10003eae:	2b00      	cmp	r3, #0
10003eb0:	d002      	beq.n	10003eb8 <stdio_out_chars_crlf+0x14>
10003eb2:	2400      	movs	r4, #0
10003eb4:	2000      	movs	r0, #0
10003eb6:	e00c      	b.n	10003ed2 <stdio_out_chars_crlf+0x2e>
10003eb8:	6803      	ldr	r3, [r0, #0]
10003eba:	0011      	movs	r1, r2
10003ebc:	0028      	movs	r0, r5
10003ebe:	4798      	blx	r3
10003ec0:	e02d      	b.n	10003f1e <stdio_out_chars_crlf+0x7a>
10003ec2:	7d3b      	ldrb	r3, [r7, #20]
10003ec4:	e010      	b.n	10003ee8 <stdio_out_chars_crlf+0x44>
10003ec6:	2102      	movs	r1, #2
10003ec8:	4815      	ldr	r0, [pc, #84]	; (10003f20 <stdio_out_chars_crlf+0x7c>)
10003eca:	683b      	ldr	r3, [r7, #0]
10003ecc:	4798      	blx	r3
10003ece:	1c60      	adds	r0, r4, #1
10003ed0:	3401      	adds	r4, #1
10003ed2:	42b4      	cmp	r4, r6
10003ed4:	da14      	bge.n	10003f00 <stdio_out_chars_crlf+0x5c>
10003ed6:	2c00      	cmp	r4, #0
10003ed8:	ddf3      	ble.n	10003ec2 <stdio_out_chars_crlf+0x1e>
10003eda:	192b      	adds	r3, r5, r4
10003edc:	3b01      	subs	r3, #1
10003ede:	781b      	ldrb	r3, [r3, #0]
10003ee0:	3b0d      	subs	r3, #13
10003ee2:	425a      	negs	r2, r3
10003ee4:	4153      	adcs	r3, r2
10003ee6:	b2db      	uxtb	r3, r3
10003ee8:	5d2a      	ldrb	r2, [r5, r4]
10003eea:	2a0a      	cmp	r2, #10
10003eec:	d1f0      	bne.n	10003ed0 <stdio_out_chars_crlf+0x2c>
10003eee:	2b00      	cmp	r3, #0
10003ef0:	d1ee      	bne.n	10003ed0 <stdio_out_chars_crlf+0x2c>
10003ef2:	42a0      	cmp	r0, r4
10003ef4:	dae7      	bge.n	10003ec6 <stdio_out_chars_crlf+0x22>
10003ef6:	1a21      	subs	r1, r4, r0
10003ef8:	1828      	adds	r0, r5, r0
10003efa:	683b      	ldr	r3, [r7, #0]
10003efc:	4798      	blx	r3
10003efe:	e7e2      	b.n	10003ec6 <stdio_out_chars_crlf+0x22>
10003f00:	42b0      	cmp	r0, r6
10003f02:	da03      	bge.n	10003f0c <stdio_out_chars_crlf+0x68>
10003f04:	1a31      	subs	r1, r6, r0
10003f06:	1828      	adds	r0, r5, r0
10003f08:	683b      	ldr	r3, [r7, #0]
10003f0a:	4798      	blx	r3
10003f0c:	2e00      	cmp	r6, #0
10003f0e:	dd06      	ble.n	10003f1e <stdio_out_chars_crlf+0x7a>
10003f10:	19ad      	adds	r5, r5, r6
10003f12:	3d01      	subs	r5, #1
10003f14:	782b      	ldrb	r3, [r5, #0]
10003f16:	3b0d      	subs	r3, #13
10003f18:	425a      	negs	r2, r3
10003f1a:	4153      	adcs	r3, r2
10003f1c:	753b      	strb	r3, [r7, #20]
10003f1e:	bdf8      	pop	{r3, r4, r5, r6, r7, pc}
10003f20:	10005900 	.word	0x10005900

10003f24 <stdio_stack_buffer_flush>:
10003f24:	b570      	push	{r4, r5, r6, lr}
10003f26:	0005      	movs	r5, r0
10003f28:	6803      	ldr	r3, [r0, #0]
10003f2a:	2b00      	cmp	r3, #0
10003f2c:	d016      	beq.n	10003f5c <stdio_stack_buffer_flush+0x38>
10003f2e:	4b0c      	ldr	r3, [pc, #48]	; (10003f60 <stdio_stack_buffer_flush+0x3c>)
10003f30:	681c      	ldr	r4, [r3, #0]
10003f32:	e005      	b.n	10003f40 <stdio_stack_buffer_flush+0x1c>
10003f34:	0029      	movs	r1, r5
10003f36:	c904      	ldmia	r1!, {r2}
10003f38:	0020      	movs	r0, r4
10003f3a:	f7ff ffb3 	bl	10003ea4 <stdio_out_chars_crlf>
10003f3e:	6924      	ldr	r4, [r4, #16]
10003f40:	2c00      	cmp	r4, #0
10003f42:	d009      	beq.n	10003f58 <stdio_stack_buffer_flush+0x34>
10003f44:	6823      	ldr	r3, [r4, #0]
10003f46:	2b00      	cmp	r3, #0
10003f48:	d0f9      	beq.n	10003f3e <stdio_stack_buffer_flush+0x1a>
10003f4a:	4b06      	ldr	r3, [pc, #24]	; (10003f64 <stdio_stack_buffer_flush+0x40>)
10003f4c:	681b      	ldr	r3, [r3, #0]
10003f4e:	2b00      	cmp	r3, #0
10003f50:	d0f0      	beq.n	10003f34 <stdio_stack_buffer_flush+0x10>
10003f52:	42a3      	cmp	r3, r4
10003f54:	d1f3      	bne.n	10003f3e <stdio_stack_buffer_flush+0x1a>
10003f56:	e7ed      	b.n	10003f34 <stdio_stack_buffer_flush+0x10>
10003f58:	2300      	movs	r3, #0
10003f5a:	602b      	str	r3, [r5, #0]
10003f5c:	bd70      	pop	{r4, r5, r6, pc}
10003f5e:	46c0      	nop			; (mov r8, r8)
10003f60:	2000094c 	.word	0x2000094c
10003f64:	20000950 	.word	0x20000950

10003f68 <stdio_buffered_printer>:
10003f68:	b570      	push	{r4, r5, r6, lr}
10003f6a:	0005      	movs	r5, r0
10003f6c:	000c      	movs	r4, r1
10003f6e:	680b      	ldr	r3, [r1, #0]
10003f70:	2b80      	cmp	r3, #128	; 0x80
10003f72:	d005      	beq.n	10003f80 <stdio_buffered_printer+0x18>
10003f74:	6821      	ldr	r1, [r4, #0]
10003f76:	1c4b      	adds	r3, r1, #1
10003f78:	6023      	str	r3, [r4, #0]
10003f7a:	1864      	adds	r4, r4, r1
10003f7c:	7125      	strb	r5, [r4, #4]
10003f7e:	bd70      	pop	{r4, r5, r6, pc}
10003f80:	0008      	movs	r0, r1
10003f82:	f7ff ffcf 	bl	10003f24 <stdio_stack_buffer_flush>
10003f86:	e7f5      	b.n	10003f74 <stdio_buffered_printer+0xc>

10003f88 <stdout_serialize_begin>:
10003f88:	b510      	push	{r4, lr}
10003f8a:	f7fd fbf7 	bl	1000177c <time_us_64>
10003f8e:	0002      	movs	r2, r0
10003f90:	1e0b      	subs	r3, r1, #0
10003f92:	db0b      	blt.n	10003fac <stdout_serialize_begin+0x24>
10003f94:	480d      	ldr	r0, [pc, #52]	; (10003fcc <stdout_serialize_begin+0x44>)
10003f96:	2100      	movs	r1, #0
10003f98:	1812      	adds	r2, r2, r0
10003f9a:	414b      	adcs	r3, r1
10003f9c:	2b00      	cmp	r3, #0
10003f9e:	db0b      	blt.n	10003fb8 <stdout_serialize_begin+0x30>
10003fa0:	2b00      	cmp	r3, #0
10003fa2:	db0d      	blt.n	10003fc0 <stdout_serialize_begin+0x38>
10003fa4:	480a      	ldr	r0, [pc, #40]	; (10003fd0 <stdout_serialize_begin+0x48>)
10003fa6:	f000 fc1f 	bl	100047e8 <__mutex_try_enter_block_until_veneer>
10003faa:	bd10      	pop	{r4, pc}
10003fac:	4b09      	ldr	r3, [pc, #36]	; (10003fd4 <stdout_serialize_begin+0x4c>)
10003fae:	4a0a      	ldr	r2, [pc, #40]	; (10003fd8 <stdout_serialize_begin+0x50>)
10003fb0:	213f      	movs	r1, #63	; 0x3f
10003fb2:	480a      	ldr	r0, [pc, #40]	; (10003fdc <stdout_serialize_begin+0x54>)
10003fb4:	f7fe f9ac 	bl	10002310 <__assert_func>
10003fb8:	2201      	movs	r2, #1
10003fba:	4252      	negs	r2, r2
10003fbc:	4b08      	ldr	r3, [pc, #32]	; (10003fe0 <stdout_serialize_begin+0x58>)
10003fbe:	e7ef      	b.n	10003fa0 <stdout_serialize_begin+0x18>
10003fc0:	4b04      	ldr	r3, [pc, #16]	; (10003fd4 <stdout_serialize_begin+0x4c>)
10003fc2:	4a05      	ldr	r2, [pc, #20]	; (10003fd8 <stdout_serialize_begin+0x50>)
10003fc4:	213f      	movs	r1, #63	; 0x3f
10003fc6:	4805      	ldr	r0, [pc, #20]	; (10003fdc <stdout_serialize_begin+0x54>)
10003fc8:	f7fe f9a2 	bl	10002310 <__assert_func>
10003fcc:	000f4240 	.word	0x000f4240
10003fd0:	20000788 	.word	0x20000788
10003fd4:	10004b60 	.word	0x10004b60
10003fd8:	100058e8 	.word	0x100058e8
10003fdc:	10004b7c 	.word	0x10004b7c
10003fe0:	7fffffff 	.word	0x7fffffff

10003fe4 <stdout_serialize_end>:
10003fe4:	b510      	push	{r4, lr}
10003fe6:	4802      	ldr	r0, [pc, #8]	; (10003ff0 <stdout_serialize_end+0xc>)
10003fe8:	f000 fbde 	bl	100047a8 <__mutex_exit_veneer>
10003fec:	bd10      	pop	{r4, pc}
10003fee:	46c0      	nop			; (mov r8, r8)
10003ff0:	20000788 	.word	0x20000788

10003ff4 <stdio_put_string>:
10003ff4:	b5f0      	push	{r4, r5, r6, r7, lr}
10003ff6:	46ce      	mov	lr, r9
10003ff8:	4647      	mov	r7, r8
10003ffa:	b580      	push	{r7, lr}
10003ffc:	b083      	sub	sp, #12
10003ffe:	0006      	movs	r6, r0
10004000:	000d      	movs	r5, r1
10004002:	4690      	mov	r8, r2
10004004:	001c      	movs	r4, r3
10004006:	f7ff ffbf 	bl	10003f88 <stdout_serialize_begin>
1000400a:	4681      	mov	r9, r0
1000400c:	1c6b      	adds	r3, r5, #1
1000400e:	d005      	beq.n	1000401c <stdio_put_string+0x28>
10004010:	2c00      	cmp	r4, #0
10004012:	d008      	beq.n	10004026 <stdio_put_string+0x32>
10004014:	4f19      	ldr	r7, [pc, #100]	; (1000407c <stdio_put_string+0x88>)
10004016:	4b1a      	ldr	r3, [pc, #104]	; (10004080 <stdio_put_string+0x8c>)
10004018:	681c      	ldr	r4, [r3, #0]
1000401a:	e007      	b.n	1000402c <stdio_put_string+0x38>
1000401c:	0030      	movs	r0, r6
1000401e:	f000 fb91 	bl	10004744 <strlen>
10004022:	0005      	movs	r5, r0
10004024:	e7f4      	b.n	10004010 <stdio_put_string+0x1c>
10004026:	4f17      	ldr	r7, [pc, #92]	; (10004084 <stdio_put_string+0x90>)
10004028:	e7f5      	b.n	10004016 <stdio_put_string+0x22>
1000402a:	6924      	ldr	r4, [r4, #16]
1000402c:	2c00      	cmp	r4, #0
1000402e:	d017      	beq.n	10004060 <stdio_put_string+0x6c>
10004030:	6823      	ldr	r3, [r4, #0]
10004032:	2b00      	cmp	r3, #0
10004034:	d0f9      	beq.n	1000402a <stdio_put_string+0x36>
10004036:	4b14      	ldr	r3, [pc, #80]	; (10004088 <stdio_put_string+0x94>)
10004038:	681b      	ldr	r3, [r3, #0]
1000403a:	2b00      	cmp	r3, #0
1000403c:	d001      	beq.n	10004042 <stdio_put_string+0x4e>
1000403e:	42a3      	cmp	r3, r4
10004040:	d1f3      	bne.n	1000402a <stdio_put_string+0x36>
10004042:	002a      	movs	r2, r5
10004044:	0031      	movs	r1, r6
10004046:	0020      	movs	r0, r4
10004048:	47b8      	blx	r7
1000404a:	4643      	mov	r3, r8
1000404c:	2b00      	cmp	r3, #0
1000404e:	d0ec      	beq.n	1000402a <stdio_put_string+0x36>
10004050:	466b      	mov	r3, sp
10004052:	1dd9      	adds	r1, r3, #7
10004054:	230a      	movs	r3, #10
10004056:	700b      	strb	r3, [r1, #0]
10004058:	2201      	movs	r2, #1
1000405a:	0020      	movs	r0, r4
1000405c:	47b8      	blx	r7
1000405e:	e7e4      	b.n	1000402a <stdio_put_string+0x36>
10004060:	464b      	mov	r3, r9
10004062:	2b00      	cmp	r3, #0
10004064:	d107      	bne.n	10004076 <stdio_put_string+0x82>
10004066:	1e6b      	subs	r3, r5, #1
10004068:	419d      	sbcs	r5, r3
1000406a:	b2e8      	uxtb	r0, r5
1000406c:	b003      	add	sp, #12
1000406e:	bcc0      	pop	{r6, r7}
10004070:	46b9      	mov	r9, r7
10004072:	46b0      	mov	r8, r6
10004074:	bdf0      	pop	{r4, r5, r6, r7, pc}
10004076:	f7ff ffb5 	bl	10003fe4 <stdout_serialize_end>
1000407a:	e7f4      	b.n	10004066 <stdio_put_string+0x72>
1000407c:	10003e95 	.word	0x10003e95
10004080:	2000094c 	.word	0x2000094c
10004084:	10003ea5 	.word	0x10003ea5
10004088:	20000950 	.word	0x20000950

1000408c <__wrap_putchar>:
1000408c:	b510      	push	{r4, lr}
1000408e:	b082      	sub	sp, #8
10004090:	0004      	movs	r4, r0
10004092:	466b      	mov	r3, sp
10004094:	1dd8      	adds	r0, r3, #7
10004096:	7004      	strb	r4, [r0, #0]
10004098:	2300      	movs	r3, #0
1000409a:	2200      	movs	r2, #0
1000409c:	2101      	movs	r1, #1
1000409e:	f7ff ffa9 	bl	10003ff4 <stdio_put_string>
100040a2:	0020      	movs	r0, r4
100040a4:	b002      	add	sp, #8
100040a6:	bd10      	pop	{r4, pc}

100040a8 <stdio_set_driver_enabled>:
100040a8:	4a09      	ldr	r2, [pc, #36]	; (100040d0 <stdio_set_driver_enabled+0x28>)
100040aa:	e001      	b.n	100040b0 <stdio_set_driver_enabled+0x8>
100040ac:	3310      	adds	r3, #16
100040ae:	001a      	movs	r2, r3
100040b0:	6813      	ldr	r3, [r2, #0]
100040b2:	2b00      	cmp	r3, #0
100040b4:	d008      	beq.n	100040c8 <stdio_set_driver_enabled+0x20>
100040b6:	4283      	cmp	r3, r0
100040b8:	d1f8      	bne.n	100040ac <stdio_set_driver_enabled+0x4>
100040ba:	2900      	cmp	r1, #0
100040bc:	d107      	bne.n	100040ce <stdio_set_driver_enabled+0x26>
100040be:	6903      	ldr	r3, [r0, #16]
100040c0:	6013      	str	r3, [r2, #0]
100040c2:	2300      	movs	r3, #0
100040c4:	6103      	str	r3, [r0, #16]
100040c6:	e002      	b.n	100040ce <stdio_set_driver_enabled+0x26>
100040c8:	2900      	cmp	r1, #0
100040ca:	d000      	beq.n	100040ce <stdio_set_driver_enabled+0x26>
100040cc:	6010      	str	r0, [r2, #0]
100040ce:	4770      	bx	lr
100040d0:	2000094c 	.word	0x2000094c

100040d4 <stdio_flush>:
100040d4:	b510      	push	{r4, lr}
100040d6:	4b06      	ldr	r3, [pc, #24]	; (100040f0 <stdio_flush+0x1c>)
100040d8:	681c      	ldr	r4, [r3, #0]
100040da:	e001      	b.n	100040e0 <stdio_flush+0xc>
100040dc:	4798      	blx	r3
100040de:	6924      	ldr	r4, [r4, #16]
100040e0:	2c00      	cmp	r4, #0
100040e2:	d003      	beq.n	100040ec <stdio_flush+0x18>
100040e4:	6863      	ldr	r3, [r4, #4]
100040e6:	2b00      	cmp	r3, #0
100040e8:	d1f8      	bne.n	100040dc <stdio_flush+0x8>
100040ea:	e7f8      	b.n	100040de <stdio_flush+0xa>
100040ec:	bd10      	pop	{r4, pc}
100040ee:	46c0      	nop			; (mov r8, r8)
100040f0:	2000094c 	.word	0x2000094c

100040f4 <__wrap_puts>:
100040f4:	b570      	push	{r4, r5, r6, lr}
100040f6:	0005      	movs	r5, r0
100040f8:	f000 fb24 	bl	10004744 <strlen>
100040fc:	0004      	movs	r4, r0
100040fe:	2300      	movs	r3, #0
10004100:	2201      	movs	r2, #1
10004102:	0001      	movs	r1, r0
10004104:	0028      	movs	r0, r5
10004106:	f7ff ff75 	bl	10003ff4 <stdio_put_string>
1000410a:	f7ff ffe3 	bl	100040d4 <stdio_flush>
1000410e:	0020      	movs	r0, r4
10004110:	bd70      	pop	{r4, r5, r6, pc}
	...

10004114 <__wrap_vprintf>:
10004114:	b570      	push	{r4, r5, r6, lr}
10004116:	b0a2      	sub	sp, #136	; 0x88
10004118:	0004      	movs	r4, r0
1000411a:	000e      	movs	r6, r1
1000411c:	f7ff ff34 	bl	10003f88 <stdout_serialize_begin>
10004120:	0005      	movs	r5, r0
10004122:	2300      	movs	r3, #0
10004124:	9301      	str	r3, [sp, #4]
10004126:	0033      	movs	r3, r6
10004128:	0022      	movs	r2, r4
1000412a:	a901      	add	r1, sp, #4
1000412c:	4808      	ldr	r0, [pc, #32]	; (10004150 <__wrap_vprintf+0x3c>)
1000412e:	f7ff fa31 	bl	10003594 <vfctprintf>
10004132:	0004      	movs	r4, r0
10004134:	a801      	add	r0, sp, #4
10004136:	f7ff fef5 	bl	10003f24 <stdio_stack_buffer_flush>
1000413a:	f7ff ffcb 	bl	100040d4 <stdio_flush>
1000413e:	2d00      	cmp	r5, #0
10004140:	d102      	bne.n	10004148 <__wrap_vprintf+0x34>
10004142:	0020      	movs	r0, r4
10004144:	b022      	add	sp, #136	; 0x88
10004146:	bd70      	pop	{r4, r5, r6, pc}
10004148:	f7ff ff4c 	bl	10003fe4 <stdout_serialize_end>
1000414c:	e7f9      	b.n	10004142 <__wrap_vprintf+0x2e>
1000414e:	46c0      	nop			; (mov r8, r8)
10004150:	10003f69 	.word	0x10003f69

10004154 <__wrap_printf>:
10004154:	b40f      	push	{r0, r1, r2, r3}
10004156:	b500      	push	{lr}
10004158:	b083      	sub	sp, #12
1000415a:	a904      	add	r1, sp, #16
1000415c:	c901      	ldmia	r1!, {r0}
1000415e:	9101      	str	r1, [sp, #4]
10004160:	f7ff ffd8 	bl	10004114 <__wrap_vprintf>
10004164:	b003      	add	sp, #12
10004166:	bc08      	pop	{r3}
10004168:	b004      	add	sp, #16
1000416a:	4718      	bx	r3

1000416c <stdio_init_all>:
1000416c:	b510      	push	{r4, lr}
1000416e:	f000 f8f9 	bl	10004364 <stdio_uart_init>
10004172:	2001      	movs	r0, #1
10004174:	bd10      	pop	{r4, pc}
	...

10004178 <stdio_uart_out_chars>:
10004178:	b5f0      	push	{r4, r5, r6, r7, lr}
1000417a:	b083      	sub	sp, #12
1000417c:	0005      	movs	r5, r0
1000417e:	000e      	movs	r6, r1
10004180:	2400      	movs	r4, #0
10004182:	e00f      	b.n	100041a4 <stdio_uart_out_chars+0x2c>
10004184:	466b      	mov	r3, sp
10004186:	1dd9      	adds	r1, r3, #7
10004188:	230d      	movs	r3, #13
1000418a:	700b      	strb	r3, [r1, #0]
1000418c:	2000      	movs	r0, #0
1000418e:	2800      	cmp	r0, #0
10004190:	d116      	bne.n	100041c0 <stdio_uart_out_chars+0x48>
10004192:	6993      	ldr	r3, [r2, #24]
10004194:	069b      	lsls	r3, r3, #26
10004196:	d4fc      	bmi.n	10004192 <stdio_uart_out_chars+0x1a>
10004198:	780b      	ldrb	r3, [r1, #0]
1000419a:	6013      	str	r3, [r2, #0]
1000419c:	3001      	adds	r0, #1
1000419e:	3101      	adds	r1, #1
100041a0:	e7f5      	b.n	1000418e <stdio_uart_out_chars+0x16>
100041a2:	3401      	adds	r4, #1
100041a4:	42b4      	cmp	r4, r6
100041a6:	da19      	bge.n	100041dc <stdio_uart_out_chars+0x64>
100041a8:	4b0d      	ldr	r3, [pc, #52]	; (100041e0 <stdio_uart_out_chars+0x68>)
100041aa:	681a      	ldr	r2, [r3, #0]
100041ac:	5d2f      	ldrb	r7, [r5, r4]
100041ae:	4b0d      	ldr	r3, [pc, #52]	; (100041e4 <stdio_uart_out_chars+0x6c>)
100041b0:	18d3      	adds	r3, r2, r3
100041b2:	4259      	negs	r1, r3
100041b4:	414b      	adcs	r3, r1
100041b6:	005b      	lsls	r3, r3, #1
100041b8:	490b      	ldr	r1, [pc, #44]	; (100041e8 <stdio_uart_out_chars+0x70>)
100041ba:	5e5b      	ldrsh	r3, [r3, r1]
100041bc:	42bb      	cmp	r3, r7
100041be:	d0e1      	beq.n	10004184 <stdio_uart_out_chars+0xc>
100041c0:	466b      	mov	r3, sp
100041c2:	1dd9      	adds	r1, r3, #7
100041c4:	700f      	strb	r7, [r1, #0]
100041c6:	2000      	movs	r0, #0
100041c8:	2800      	cmp	r0, #0
100041ca:	d1ea      	bne.n	100041a2 <stdio_uart_out_chars+0x2a>
100041cc:	6993      	ldr	r3, [r2, #24]
100041ce:	069b      	lsls	r3, r3, #26
100041d0:	d4fc      	bmi.n	100041cc <stdio_uart_out_chars+0x54>
100041d2:	780b      	ldrb	r3, [r1, #0]
100041d4:	6013      	str	r3, [r2, #0]
100041d6:	3001      	adds	r0, #1
100041d8:	3101      	adds	r1, #1
100041da:	e7f5      	b.n	100041c8 <stdio_uart_out_chars+0x50>
100041dc:	b003      	add	sp, #12
100041de:	bdf0      	pop	{r4, r5, r6, r7, pc}
100041e0:	20000ba8 	.word	0x20000ba8
100041e4:	bffc8000 	.word	0xbffc8000
100041e8:	20000ba4 	.word	0x20000ba4

100041ec <stdio_uart_in_chars>:
100041ec:	b5f0      	push	{r4, r5, r6, r7, lr}
100041ee:	b083      	sub	sp, #12
100041f0:	0006      	movs	r6, r0
100041f2:	000f      	movs	r7, r1
100041f4:	2500      	movs	r5, #0
100041f6:	e004      	b.n	10004202 <stdio_uart_in_chars+0x16>
100041f8:	466b      	mov	r3, sp
100041fa:	3307      	adds	r3, #7
100041fc:	781b      	ldrb	r3, [r3, #0]
100041fe:	702b      	strb	r3, [r5, #0]
10004200:	0025      	movs	r5, r4
10004202:	42bd      	cmp	r5, r7
10004204:	da15      	bge.n	10004232 <stdio_uart_in_chars+0x46>
10004206:	4b17      	ldr	r3, [pc, #92]	; (10004264 <stdio_uart_in_chars+0x78>)
10004208:	681a      	ldr	r2, [r3, #0]
1000420a:	6993      	ldr	r3, [r2, #24]
1000420c:	2410      	movs	r4, #16
1000420e:	0021      	movs	r1, r4
10004210:	4019      	ands	r1, r3
10004212:	421c      	tst	r4, r3
10004214:	d10d      	bne.n	10004232 <stdio_uart_in_chars+0x46>
10004216:	1c6c      	adds	r4, r5, #1
10004218:	1975      	adds	r5, r6, r5
1000421a:	466b      	mov	r3, sp
1000421c:	1dd8      	adds	r0, r3, #7
1000421e:	2900      	cmp	r1, #0
10004220:	d1ea      	bne.n	100041f8 <stdio_uart_in_chars+0xc>
10004222:	6993      	ldr	r3, [r2, #24]
10004224:	06db      	lsls	r3, r3, #27
10004226:	d4fc      	bmi.n	10004222 <stdio_uart_in_chars+0x36>
10004228:	6813      	ldr	r3, [r2, #0]
1000422a:	7003      	strb	r3, [r0, #0]
1000422c:	3101      	adds	r1, #1
1000422e:	3001      	adds	r0, #1
10004230:	e7f5      	b.n	1000421e <stdio_uart_in_chars+0x32>
10004232:	4b0d      	ldr	r3, [pc, #52]	; (10004268 <stdio_uart_in_chars+0x7c>)
10004234:	681b      	ldr	r3, [r3, #0]
10004236:	2b00      	cmp	r3, #0
10004238:	d00c      	beq.n	10004254 <stdio_uart_in_chars+0x68>
1000423a:	4b0a      	ldr	r3, [pc, #40]	; (10004264 <stdio_uart_in_chars+0x78>)
1000423c:	681a      	ldr	r2, [r3, #0]
1000423e:	2350      	movs	r3, #80	; 0x50
10004240:	6393      	str	r3, [r2, #56]	; 0x38
10004242:	0011      	movs	r1, r2
10004244:	3134      	adds	r1, #52	; 0x34
10004246:	6b53      	ldr	r3, [r2, #52]	; 0x34
10004248:	2238      	movs	r2, #56	; 0x38
1000424a:	401a      	ands	r2, r3
1000424c:	2380      	movs	r3, #128	; 0x80
1000424e:	015b      	lsls	r3, r3, #5
10004250:	430b      	orrs	r3, r1
10004252:	601a      	str	r2, [r3, #0]
10004254:	2d00      	cmp	r5, #0
10004256:	d002      	beq.n	1000425e <stdio_uart_in_chars+0x72>
10004258:	0028      	movs	r0, r5
1000425a:	b003      	add	sp, #12
1000425c:	bdf0      	pop	{r4, r5, r6, r7, pc}
1000425e:	3d03      	subs	r5, #3
10004260:	e7fa      	b.n	10004258 <stdio_uart_in_chars+0x6c>
10004262:	46c0      	nop			; (mov r8, r8)
10004264:	20000ba8 	.word	0x20000ba8
10004268:	200008dc 	.word	0x200008dc

1000426c <on_uart_rx>:
1000426c:	b510      	push	{r4, lr}
1000426e:	4b06      	ldr	r3, [pc, #24]	; (10004288 <on_uart_rx+0x1c>)
10004270:	681b      	ldr	r3, [r3, #0]
10004272:	2b00      	cmp	r3, #0
10004274:	d006      	beq.n	10004284 <on_uart_rx+0x18>
10004276:	4a05      	ldr	r2, [pc, #20]	; (1000428c <on_uart_rx+0x20>)
10004278:	6812      	ldr	r2, [r2, #0]
1000427a:	2100      	movs	r1, #0
1000427c:	6391      	str	r1, [r2, #56]	; 0x38
1000427e:	4a04      	ldr	r2, [pc, #16]	; (10004290 <on_uart_rx+0x24>)
10004280:	6810      	ldr	r0, [r2, #0]
10004282:	4798      	blx	r3
10004284:	bd10      	pop	{r4, pc}
10004286:	46c0      	nop			; (mov r8, r8)
10004288:	200008dc 	.word	0x200008dc
1000428c:	20000ba8 	.word	0x20000ba8
10004290:	200008e0 	.word	0x200008e0

10004294 <stdio_uart_set_chars_available_callback>:
10004294:	b570      	push	{r4, r5, r6, lr}
10004296:	0004      	movs	r4, r0
10004298:	000e      	movs	r6, r1
1000429a:	4b1c      	ldr	r3, [pc, #112]	; (1000430c <stdio_uart_set_chars_available_callback+0x78>)
1000429c:	681b      	ldr	r3, [r3, #0]
1000429e:	4a1c      	ldr	r2, [pc, #112]	; (10004310 <stdio_uart_set_chars_available_callback+0x7c>)
100042a0:	1898      	adds	r0, r3, r2
100042a2:	4242      	negs	r2, r0
100042a4:	4150      	adcs	r0, r2
100042a6:	3014      	adds	r0, #20
100042a8:	0005      	movs	r5, r0
100042aa:	2c00      	cmp	r4, #0
100042ac:	d003      	beq.n	100042b6 <stdio_uart_set_chars_available_callback+0x22>
100042ae:	4a19      	ldr	r2, [pc, #100]	; (10004314 <stdio_uart_set_chars_available_callback+0x80>)
100042b0:	6812      	ldr	r2, [r2, #0]
100042b2:	2a00      	cmp	r2, #0
100042b4:	d006      	beq.n	100042c4 <stdio_uart_set_chars_available_callback+0x30>
100042b6:	2c00      	cmp	r4, #0
100042b8:	d019      	beq.n	100042ee <stdio_uart_set_chars_available_callback+0x5a>
100042ba:	4b16      	ldr	r3, [pc, #88]	; (10004314 <stdio_uart_set_chars_available_callback+0x80>)
100042bc:	601c      	str	r4, [r3, #0]
100042be:	4b16      	ldr	r3, [pc, #88]	; (10004318 <stdio_uart_set_chars_available_callback+0x84>)
100042c0:	601e      	str	r6, [r3, #0]
100042c2:	bd70      	pop	{r4, r5, r6, pc}
100042c4:	4915      	ldr	r1, [pc, #84]	; (1000431c <stdio_uart_set_chars_available_callback+0x88>)
100042c6:	f7fc faab 	bl	10000820 <irq_set_exclusive_handler>
100042ca:	2101      	movs	r1, #1
100042cc:	0028      	movs	r0, r5
100042ce:	f7fc fa97 	bl	10000800 <irq_set_enabled>
100042d2:	4b0e      	ldr	r3, [pc, #56]	; (1000430c <stdio_uart_set_chars_available_callback+0x78>)
100042d4:	681a      	ldr	r2, [r3, #0]
100042d6:	2350      	movs	r3, #80	; 0x50
100042d8:	6393      	str	r3, [r2, #56]	; 0x38
100042da:	0011      	movs	r1, r2
100042dc:	3134      	adds	r1, #52	; 0x34
100042de:	6b53      	ldr	r3, [r2, #52]	; 0x34
100042e0:	2238      	movs	r2, #56	; 0x38
100042e2:	401a      	ands	r2, r3
100042e4:	2380      	movs	r3, #128	; 0x80
100042e6:	015b      	lsls	r3, r3, #5
100042e8:	430b      	orrs	r3, r1
100042ea:	601a      	str	r2, [r3, #0]
100042ec:	e7e5      	b.n	100042ba <stdio_uart_set_chars_available_callback+0x26>
100042ee:	4a09      	ldr	r2, [pc, #36]	; (10004314 <stdio_uart_set_chars_available_callback+0x80>)
100042f0:	6812      	ldr	r2, [r2, #0]
100042f2:	2a00      	cmp	r2, #0
100042f4:	d0e1      	beq.n	100042ba <stdio_uart_set_chars_available_callback+0x26>
100042f6:	2200      	movs	r2, #0
100042f8:	639a      	str	r2, [r3, #56]	; 0x38
100042fa:	2100      	movs	r1, #0
100042fc:	0028      	movs	r0, r5
100042fe:	f7fc fa7f 	bl	10000800 <irq_set_enabled>
10004302:	4906      	ldr	r1, [pc, #24]	; (1000431c <stdio_uart_set_chars_available_callback+0x88>)
10004304:	0028      	movs	r0, r5
10004306:	f7fc fab5 	bl	10000874 <irq_remove_handler>
1000430a:	e7d6      	b.n	100042ba <stdio_uart_set_chars_available_callback+0x26>
1000430c:	20000ba8 	.word	0x20000ba8
10004310:	bffc8000 	.word	0xbffc8000
10004314:	200008dc 	.word	0x200008dc
10004318:	200008e0 	.word	0x200008e0
1000431c:	1000426d 	.word	0x1000426d

10004320 <stdio_uart_init_full>:
10004320:	b570      	push	{r4, r5, r6, lr}
10004322:	000d      	movs	r5, r1
10004324:	001c      	movs	r4, r3
10004326:	4b0d      	ldr	r3, [pc, #52]	; (1000435c <stdio_uart_init_full+0x3c>)
10004328:	6018      	str	r0, [r3, #0]
1000432a:	2a00      	cmp	r2, #0
1000432c:	da0b      	bge.n	10004346 <stdio_uart_init_full+0x26>
1000432e:	2c00      	cmp	r4, #0
10004330:	da0e      	bge.n	10004350 <stdio_uart_init_full+0x30>
10004332:	4b0a      	ldr	r3, [pc, #40]	; (1000435c <stdio_uart_init_full+0x3c>)
10004334:	6818      	ldr	r0, [r3, #0]
10004336:	0029      	movs	r1, r5
10004338:	f7fd fdee 	bl	10001f18 <uart_init>
1000433c:	2101      	movs	r1, #1
1000433e:	4808      	ldr	r0, [pc, #32]	; (10004360 <stdio_uart_init_full+0x40>)
10004340:	f7ff feb2 	bl	100040a8 <stdio_set_driver_enabled>
10004344:	bd70      	pop	{r4, r5, r6, pc}
10004346:	2102      	movs	r1, #2
10004348:	0010      	movs	r0, r2
1000434a:	f7fc f963 	bl	10000614 <gpio_set_function>
1000434e:	e7ee      	b.n	1000432e <stdio_uart_init_full+0xe>
10004350:	2102      	movs	r1, #2
10004352:	0020      	movs	r0, r4
10004354:	f7fc f95e 	bl	10000614 <gpio_set_function>
10004358:	e7eb      	b.n	10004332 <stdio_uart_init_full+0x12>
1000435a:	46c0      	nop			; (mov r8, r8)
1000435c:	20000ba8 	.word	0x20000ba8
10004360:	20000340 	.word	0x20000340

10004364 <stdio_uart_init>:
10004364:	b510      	push	{r4, lr}
10004366:	4b06      	ldr	r3, [pc, #24]	; (10004380 <stdio_uart_init+0x1c>)
10004368:	781b      	ldrb	r3, [r3, #0]
1000436a:	4b06      	ldr	r3, [pc, #24]	; (10004384 <stdio_uart_init+0x20>)
1000436c:	781b      	ldrb	r3, [r3, #0]
1000436e:	21e1      	movs	r1, #225	; 0xe1
10004370:	2301      	movs	r3, #1
10004372:	2200      	movs	r2, #0
10004374:	0249      	lsls	r1, r1, #9
10004376:	4804      	ldr	r0, [pc, #16]	; (10004388 <stdio_uart_init+0x24>)
10004378:	f7ff ffd2 	bl	10004320 <stdio_uart_init_full>
1000437c:	bd10      	pop	{r4, pc}
1000437e:	46c0      	nop			; (mov r8, r8)
10004380:	10005a20 	.word	0x10005a20
10004384:	10005a24 	.word	0x10005a24
10004388:	40034000 	.word	0x40034000

1000438c <_pio_can_add_program_at_offset>:
1000438c:	2305      	movs	r3, #5
1000438e:	56cb      	ldrsb	r3, [r1, r3]
10004390:	2b00      	cmp	r3, #0
10004392:	db01      	blt.n	10004398 <_pio_can_add_program_at_offset+0xc>
10004394:	4293      	cmp	r3, r2
10004396:	d111      	bne.n	100043bc <_pio_can_add_program_at_offset+0x30>
10004398:	4b09      	ldr	r3, [pc, #36]	; (100043c0 <_pio_can_add_program_at_offset+0x34>)
1000439a:	469c      	mov	ip, r3
1000439c:	4460      	add	r0, ip
1000439e:	4243      	negs	r3, r0
100043a0:	4158      	adcs	r0, r3
100043a2:	0080      	lsls	r0, r0, #2
100043a4:	4b07      	ldr	r3, [pc, #28]	; (100043c4 <_pio_can_add_program_at_offset+0x38>)
100043a6:	58c0      	ldr	r0, [r0, r3]
100043a8:	7909      	ldrb	r1, [r1, #4]
100043aa:	2301      	movs	r3, #1
100043ac:	408b      	lsls	r3, r1
100043ae:	3b01      	subs	r3, #1
100043b0:	4093      	lsls	r3, r2
100043b2:	4018      	ands	r0, r3
100043b4:	4243      	negs	r3, r0
100043b6:	4158      	adcs	r0, r3
100043b8:	b2c0      	uxtb	r0, r0
100043ba:	4770      	bx	lr
100043bc:	2000      	movs	r0, #0
100043be:	e7fc      	b.n	100043ba <_pio_can_add_program_at_offset+0x2e>
100043c0:	afd00000 	.word	0xafd00000
100043c4:	200008c4 	.word	0x200008c4

100043c8 <_pio_find_offset_for_program>:
100043c8:	b570      	push	{r4, r5, r6, lr}
100043ca:	790a      	ldrb	r2, [r1, #4]
100043cc:	2a20      	cmp	r2, #32
100043ce:	d819      	bhi.n	10004404 <_pio_find_offset_for_program+0x3c>
100043d0:	4b17      	ldr	r3, [pc, #92]	; (10004430 <_pio_find_offset_for_program+0x68>)
100043d2:	469c      	mov	ip, r3
100043d4:	4460      	add	r0, ip
100043d6:	4243      	negs	r3, r0
100043d8:	4158      	adcs	r0, r3
100043da:	0080      	lsls	r0, r0, #2
100043dc:	4b15      	ldr	r3, [pc, #84]	; (10004434 <_pio_find_offset_for_program+0x6c>)
100043de:	58c4      	ldr	r4, [r0, r3]
100043e0:	2301      	movs	r3, #1
100043e2:	4093      	lsls	r3, r2
100043e4:	3b01      	subs	r3, #1
100043e6:	7949      	ldrb	r1, [r1, #5]
100043e8:	b249      	sxtb	r1, r1
100043ea:	2900      	cmp	r1, #0
100043ec:	db10      	blt.n	10004410 <_pio_find_offset_for_program+0x48>
100043ee:	0008      	movs	r0, r1
100043f0:	2520      	movs	r5, #32
100043f2:	1aaa      	subs	r2, r5, r2
100043f4:	4291      	cmp	r1, r2
100043f6:	dc18      	bgt.n	1000442a <_pio_find_offset_for_program+0x62>
100043f8:	408b      	lsls	r3, r1
100043fa:	421c      	tst	r4, r3
100043fc:	d001      	beq.n	10004402 <_pio_find_offset_for_program+0x3a>
100043fe:	2001      	movs	r0, #1
10004400:	4240      	negs	r0, r0
10004402:	bd70      	pop	{r4, r5, r6, pc}
10004404:	4b0c      	ldr	r3, [pc, #48]	; (10004438 <_pio_find_offset_for_program+0x70>)
10004406:	4a0d      	ldr	r2, [pc, #52]	; (1000443c <_pio_find_offset_for_program+0x74>)
10004408:	2140      	movs	r1, #64	; 0x40
1000440a:	480d      	ldr	r0, [pc, #52]	; (10004440 <_pio_find_offset_for_program+0x78>)
1000440c:	f7fd ff80 	bl	10002310 <__assert_func>
10004410:	2020      	movs	r0, #32
10004412:	1a80      	subs	r0, r0, r2
10004414:	2800      	cmp	r0, #0
10004416:	db05      	blt.n	10004424 <_pio_find_offset_for_program+0x5c>
10004418:	001a      	movs	r2, r3
1000441a:	4082      	lsls	r2, r0
1000441c:	4214      	tst	r4, r2
1000441e:	d0f0      	beq.n	10004402 <_pio_find_offset_for_program+0x3a>
10004420:	3801      	subs	r0, #1
10004422:	e7f7      	b.n	10004414 <_pio_find_offset_for_program+0x4c>
10004424:	2001      	movs	r0, #1
10004426:	4240      	negs	r0, r0
10004428:	e7eb      	b.n	10004402 <_pio_find_offset_for_program+0x3a>
1000442a:	2001      	movs	r0, #1
1000442c:	4240      	negs	r0, r0
1000442e:	e7e8      	b.n	10004402 <_pio_find_offset_for_program+0x3a>
10004430:	afd00000 	.word	0xafd00000
10004434:	200008c4 	.word	0x200008c4
10004438:	10005944 	.word	0x10005944
1000443c:	100059e0 	.word	0x100059e0
10004440:	10005970 	.word	0x10005970

10004444 <_pio_add_program_at_offset>:
10004444:	b570      	push	{r4, r5, r6, lr}
10004446:	0005      	movs	r5, r0
10004448:	000c      	movs	r4, r1
1000444a:	0016      	movs	r6, r2
1000444c:	f7ff ff9e 	bl	1000438c <_pio_can_add_program_at_offset>
10004450:	2800      	cmp	r0, #0
10004452:	d001      	beq.n	10004458 <_pio_add_program_at_offset+0x14>
10004454:	2000      	movs	r0, #0
10004456:	e007      	b.n	10004468 <_pio_add_program_at_offset+0x24>
10004458:	4815      	ldr	r0, [pc, #84]	; (100044b0 <_pio_add_program_at_offset+0x6c>)
1000445a:	f7fd fff3 	bl	10002444 <panic>
1000445e:	1983      	adds	r3, r0, r6
10004460:	3312      	adds	r3, #18
10004462:	009b      	lsls	r3, r3, #2
10004464:	515a      	str	r2, [r3, r5]
10004466:	3001      	adds	r0, #1
10004468:	7923      	ldrb	r3, [r4, #4]
1000446a:	4283      	cmp	r3, r0
1000446c:	d90f      	bls.n	1000448e <_pio_add_program_at_offset+0x4a>
1000446e:	7823      	ldrb	r3, [r4, #0]
10004470:	7861      	ldrb	r1, [r4, #1]
10004472:	0209      	lsls	r1, r1, #8
10004474:	4319      	orrs	r1, r3
10004476:	78a2      	ldrb	r2, [r4, #2]
10004478:	0412      	lsls	r2, r2, #16
1000447a:	4311      	orrs	r1, r2
1000447c:	78e3      	ldrb	r3, [r4, #3]
1000447e:	061b      	lsls	r3, r3, #24
10004480:	430b      	orrs	r3, r1
10004482:	0042      	lsls	r2, r0, #1
10004484:	5a9a      	ldrh	r2, [r3, r2]
10004486:	0b53      	lsrs	r3, r2, #13
10004488:	d1e9      	bne.n	1000445e <_pio_add_program_at_offset+0x1a>
1000448a:	1992      	adds	r2, r2, r6
1000448c:	e7e7      	b.n	1000445e <_pio_add_program_at_offset+0x1a>
1000448e:	2201      	movs	r2, #1
10004490:	409a      	lsls	r2, r3
10004492:	0013      	movs	r3, r2
10004494:	3b01      	subs	r3, #1
10004496:	4a07      	ldr	r2, [pc, #28]	; (100044b4 <_pio_add_program_at_offset+0x70>)
10004498:	4694      	mov	ip, r2
1000449a:	4465      	add	r5, ip
1000449c:	426a      	negs	r2, r5
1000449e:	4155      	adcs	r5, r2
100044a0:	40b3      	lsls	r3, r6
100044a2:	4a05      	ldr	r2, [pc, #20]	; (100044b8 <_pio_add_program_at_offset+0x74>)
100044a4:	00ad      	lsls	r5, r5, #2
100044a6:	58a9      	ldr	r1, [r5, r2]
100044a8:	430b      	orrs	r3, r1
100044aa:	50ab      	str	r3, [r5, r2]
100044ac:	bd70      	pop	{r4, r5, r6, pc}
100044ae:	46c0      	nop			; (mov r8, r8)
100044b0:	100059cc 	.word	0x100059cc
100044b4:	afd00000 	.word	0xafd00000
100044b8:	200008c4 	.word	0x200008c4

100044bc <pio_add_program>:
100044bc:	b5f8      	push	{r3, r4, r5, r6, r7, lr}
100044be:	0005      	movs	r5, r0
100044c0:	000e      	movs	r6, r1
100044c2:	f7fc f8db 	bl	1000067c <hw_claim_lock>
100044c6:	0007      	movs	r7, r0
100044c8:	0031      	movs	r1, r6
100044ca:	0028      	movs	r0, r5
100044cc:	f7ff ff7c 	bl	100043c8 <_pio_find_offset_for_program>
100044d0:	1e04      	subs	r4, r0, #0
100044d2:	db09      	blt.n	100044e8 <pio_add_program+0x2c>
100044d4:	0002      	movs	r2, r0
100044d6:	0031      	movs	r1, r6
100044d8:	0028      	movs	r0, r5
100044da:	f7ff ffb3 	bl	10004444 <_pio_add_program_at_offset>
100044de:	0038      	movs	r0, r7
100044e0:	f7fc f8d8 	bl	10000694 <hw_claim_unlock>
100044e4:	0020      	movs	r0, r4
100044e6:	bdf8      	pop	{r3, r4, r5, r6, r7, pc}
100044e8:	4801      	ldr	r0, [pc, #4]	; (100044f0 <pio_add_program+0x34>)
100044ea:	f7fd ffab 	bl	10002444 <panic>
100044ee:	46c0      	nop			; (mov r8, r8)
100044f0:	100059cc 	.word	0x100059cc

100044f4 <pio_sm_set_pins_with_mask>:
100044f4:	b5f0      	push	{r4, r5, r6, r7, lr}
100044f6:	46d6      	mov	lr, sl
100044f8:	464f      	mov	r7, r9
100044fa:	4646      	mov	r6, r8
100044fc:	b5c0      	push	{r6, r7, lr}
100044fe:	0007      	movs	r7, r0
10004500:	000e      	movs	r6, r1
10004502:	4690      	mov	r8, r2
10004504:	001d      	movs	r5, r3
10004506:	004b      	lsls	r3, r1, #1
10004508:	185a      	adds	r2, r3, r1
1000450a:	00d2      	lsls	r2, r2, #3
1000450c:	1882      	adds	r2, r0, r2
1000450e:	0011      	movs	r1, r2
10004510:	31dc      	adds	r1, #220	; 0xdc
10004512:	6809      	ldr	r1, [r1, #0]
10004514:	468a      	mov	sl, r1
10004516:	32cc      	adds	r2, #204	; 0xcc
10004518:	6812      	ldr	r2, [r2, #0]
1000451a:	4691      	mov	r9, r2
1000451c:	199b      	adds	r3, r3, r6
1000451e:	00db      	lsls	r3, r3, #3
10004520:	33c8      	adds	r3, #200	; 0xc8
10004522:	18c3      	adds	r3, r0, r3
10004524:	3304      	adds	r3, #4
10004526:	22c0      	movs	r2, #192	; 0xc0
10004528:	0192      	lsls	r2, r2, #6
1000452a:	4313      	orrs	r3, r2
1000452c:	2280      	movs	r2, #128	; 0x80
1000452e:	0292      	lsls	r2, r2, #10
10004530:	601a      	str	r2, [r3, #0]
10004532:	e018      	b.n	10004566 <pio_sm_set_pins_with_mask+0x72>
10004534:	0028      	movs	r0, r5
10004536:	f7ff f845 	bl	100035c4 <__wrap___ctzsi2>
1000453a:	0142      	lsls	r2, r0, #5
1000453c:	2380      	movs	r3, #128	; 0x80
1000453e:	04db      	lsls	r3, r3, #19
10004540:	4313      	orrs	r3, r2
10004542:	0074      	lsls	r4, r6, #1
10004544:	19a4      	adds	r4, r4, r6
10004546:	00e4      	lsls	r4, r4, #3
10004548:	193c      	adds	r4, r7, r4
1000454a:	0022      	movs	r2, r4
1000454c:	32dc      	adds	r2, #220	; 0xdc
1000454e:	6013      	str	r3, [r2, #0]
10004550:	4642      	mov	r2, r8
10004552:	40c2      	lsrs	r2, r0
10004554:	2301      	movs	r3, #1
10004556:	401a      	ands	r2, r3
10004558:	23e0      	movs	r3, #224	; 0xe0
1000455a:	021b      	lsls	r3, r3, #8
1000455c:	4313      	orrs	r3, r2
1000455e:	34d8      	adds	r4, #216	; 0xd8
10004560:	6023      	str	r3, [r4, #0]
10004562:	1e6b      	subs	r3, r5, #1
10004564:	401d      	ands	r5, r3
10004566:	2d00      	cmp	r5, #0
10004568:	d1e4      	bne.n	10004534 <pio_sm_set_pins_with_mask+0x40>
1000456a:	0071      	lsls	r1, r6, #1
1000456c:	198b      	adds	r3, r1, r6
1000456e:	00db      	lsls	r3, r3, #3
10004570:	18fb      	adds	r3, r7, r3
10004572:	33dc      	adds	r3, #220	; 0xdc
10004574:	4652      	mov	r2, sl
10004576:	601a      	str	r2, [r3, #0]
10004578:	1989      	adds	r1, r1, r6
1000457a:	00c9      	lsls	r1, r1, #3
1000457c:	187f      	adds	r7, r7, r1
1000457e:	37cc      	adds	r7, #204	; 0xcc
10004580:	464b      	mov	r3, r9
10004582:	603b      	str	r3, [r7, #0]
10004584:	bce0      	pop	{r5, r6, r7}
10004586:	46ba      	mov	sl, r7
10004588:	46b1      	mov	r9, r6
1000458a:	46a8      	mov	r8, r5
1000458c:	bdf0      	pop	{r4, r5, r6, r7, pc}
	...

10004590 <pio_sm_set_pindirs_with_mask>:
10004590:	b5f0      	push	{r4, r5, r6, r7, lr}
10004592:	46d6      	mov	lr, sl
10004594:	464f      	mov	r7, r9
10004596:	4646      	mov	r6, r8
10004598:	b5c0      	push	{r6, r7, lr}
1000459a:	0007      	movs	r7, r0
1000459c:	000e      	movs	r6, r1
1000459e:	4690      	mov	r8, r2
100045a0:	001d      	movs	r5, r3
100045a2:	004b      	lsls	r3, r1, #1
100045a4:	185a      	adds	r2, r3, r1
100045a6:	00d2      	lsls	r2, r2, #3
100045a8:	1882      	adds	r2, r0, r2
100045aa:	0011      	movs	r1, r2
100045ac:	31dc      	adds	r1, #220	; 0xdc
100045ae:	6809      	ldr	r1, [r1, #0]
100045b0:	468a      	mov	sl, r1
100045b2:	32cc      	adds	r2, #204	; 0xcc
100045b4:	6812      	ldr	r2, [r2, #0]
100045b6:	4691      	mov	r9, r2
100045b8:	199b      	adds	r3, r3, r6
100045ba:	00db      	lsls	r3, r3, #3
100045bc:	33c8      	adds	r3, #200	; 0xc8
100045be:	18c3      	adds	r3, r0, r3
100045c0:	3304      	adds	r3, #4
100045c2:	22c0      	movs	r2, #192	; 0xc0
100045c4:	0192      	lsls	r2, r2, #6
100045c6:	4313      	orrs	r3, r2
100045c8:	2280      	movs	r2, #128	; 0x80
100045ca:	0292      	lsls	r2, r2, #10
100045cc:	601a      	str	r2, [r3, #0]
100045ce:	e017      	b.n	10004600 <pio_sm_set_pindirs_with_mask+0x70>
100045d0:	0028      	movs	r0, r5
100045d2:	f7fe fff7 	bl	100035c4 <__wrap___ctzsi2>
100045d6:	0142      	lsls	r2, r0, #5
100045d8:	2380      	movs	r3, #128	; 0x80
100045da:	04db      	lsls	r3, r3, #19
100045dc:	4313      	orrs	r3, r2
100045de:	0074      	lsls	r4, r6, #1
100045e0:	19a4      	adds	r4, r4, r6
100045e2:	00e4      	lsls	r4, r4, #3
100045e4:	193c      	adds	r4, r7, r4
100045e6:	0022      	movs	r2, r4
100045e8:	32dc      	adds	r2, #220	; 0xdc
100045ea:	6013      	str	r3, [r2, #0]
100045ec:	4642      	mov	r2, r8
100045ee:	40c2      	lsrs	r2, r0
100045f0:	2301      	movs	r3, #1
100045f2:	401a      	ands	r2, r3
100045f4:	4b0c      	ldr	r3, [pc, #48]	; (10004628 <pio_sm_set_pindirs_with_mask+0x98>)
100045f6:	4313      	orrs	r3, r2
100045f8:	34d8      	adds	r4, #216	; 0xd8
100045fa:	6023      	str	r3, [r4, #0]
100045fc:	1e6b      	subs	r3, r5, #1
100045fe:	401d      	ands	r5, r3
10004600:	2d00      	cmp	r5, #0
10004602:	d1e5      	bne.n	100045d0 <pio_sm_set_pindirs_with_mask+0x40>
10004604:	0071      	lsls	r1, r6, #1
10004606:	198b      	adds	r3, r1, r6
10004608:	00db      	lsls	r3, r3, #3
1000460a:	18fb      	adds	r3, r7, r3
1000460c:	33dc      	adds	r3, #220	; 0xdc
1000460e:	4652      	mov	r2, sl
10004610:	601a      	str	r2, [r3, #0]
10004612:	1989      	adds	r1, r1, r6
10004614:	00c9      	lsls	r1, r1, #3
10004616:	187f      	adds	r7, r7, r1
10004618:	37cc      	adds	r7, #204	; 0xcc
1000461a:	464b      	mov	r3, r9
1000461c:	603b      	str	r3, [r7, #0]
1000461e:	bce0      	pop	{r5, r6, r7}
10004620:	46ba      	mov	sl, r7
10004622:	46b1      	mov	r9, r6
10004624:	46a8      	mov	r8, r5
10004626:	bdf0      	pop	{r4, r5, r6, r7, pc}
10004628:	0000e080 	.word	0x0000e080

1000462c <pio_sm_init>:
1000462c:	b570      	push	{r4, r5, r6, lr}
1000462e:	b08a      	sub	sp, #40	; 0x28
10004630:	0004      	movs	r4, r0
10004632:	000d      	movs	r5, r1
10004634:	0016      	movs	r6, r2
10004636:	6802      	ldr	r2, [r0, #0]
10004638:	2101      	movs	r1, #1
1000463a:	40a9      	lsls	r1, r5
1000463c:	438a      	bics	r2, r1
1000463e:	6002      	str	r2, [r0, #0]
10004640:	2b00      	cmp	r3, #0
10004642:	d034      	beq.n	100046ae <pio_sm_init+0x82>
10004644:	0069      	lsls	r1, r5, #1
10004646:	1949      	adds	r1, r1, r5
10004648:	00c9      	lsls	r1, r1, #3
1000464a:	1841      	adds	r1, r0, r1
1000464c:	000a      	movs	r2, r1
1000464e:	32c8      	adds	r2, #200	; 0xc8
10004650:	6818      	ldr	r0, [r3, #0]
10004652:	6010      	str	r0, [r2, #0]
10004654:	3204      	adds	r2, #4
10004656:	6858      	ldr	r0, [r3, #4]
10004658:	6010      	str	r0, [r2, #0]
1000465a:	3204      	adds	r2, #4
1000465c:	6898      	ldr	r0, [r3, #8]
1000465e:	6010      	str	r0, [r2, #0]
10004660:	68db      	ldr	r3, [r3, #12]
10004662:	31dc      	adds	r1, #220	; 0xdc
10004664:	600b      	str	r3, [r1, #0]
10004666:	0069      	lsls	r1, r5, #1
10004668:	194b      	adds	r3, r1, r5
1000466a:	00db      	lsls	r3, r3, #3
1000466c:	33d0      	adds	r3, #208	; 0xd0
1000466e:	18e3      	adds	r3, r4, r3
10004670:	2280      	movs	r2, #128	; 0x80
10004672:	0152      	lsls	r2, r2, #5
10004674:	4313      	orrs	r3, r2
10004676:	2280      	movs	r2, #128	; 0x80
10004678:	0612      	lsls	r2, r2, #24
1000467a:	601a      	str	r2, [r3, #0]
1000467c:	601a      	str	r2, [r3, #0]
1000467e:	4b23      	ldr	r3, [pc, #140]	; (1000470c <pio_sm_init+0xe0>)
10004680:	40ab      	lsls	r3, r5
10004682:	60a3      	str	r3, [r4, #8]
10004684:	1d2b      	adds	r3, r5, #4
10004686:	2201      	movs	r2, #1
10004688:	0010      	movs	r0, r2
1000468a:	4098      	lsls	r0, r3
1000468c:	2380      	movs	r3, #128	; 0x80
1000468e:	019b      	lsls	r3, r3, #6
10004690:	4323      	orrs	r3, r4
10004692:	6018      	str	r0, [r3, #0]
10004694:	0028      	movs	r0, r5
10004696:	3008      	adds	r0, #8
10004698:	4082      	lsls	r2, r0
1000469a:	601a      	str	r2, [r3, #0]
1000469c:	221f      	movs	r2, #31
1000469e:	4016      	ands	r6, r2
100046a0:	1949      	adds	r1, r1, r5
100046a2:	00c9      	lsls	r1, r1, #3
100046a4:	1864      	adds	r4, r4, r1
100046a6:	34d8      	adds	r4, #216	; 0xd8
100046a8:	6026      	str	r6, [r4, #0]
100046aa:	b00a      	add	sp, #40	; 0x28
100046ac:	bd70      	pop	{r4, r5, r6, pc}
100046ae:	2210      	movs	r2, #16
100046b0:	2100      	movs	r1, #0
100046b2:	a806      	add	r0, sp, #24
100046b4:	f7ff fbe2 	bl	10003e7c <__wrap_memset>
100046b8:	2380      	movs	r3, #128	; 0x80
100046ba:	025b      	lsls	r3, r3, #9
100046bc:	9306      	str	r3, [sp, #24]
100046be:	23f8      	movs	r3, #248	; 0xf8
100046c0:	025b      	lsls	r3, r3, #9
100046c2:	9307      	str	r3, [sp, #28]
100046c4:	2380      	movs	r3, #128	; 0x80
100046c6:	02db      	lsls	r3, r3, #11
100046c8:	9308      	str	r3, [sp, #32]
100046ca:	23c0      	movs	r3, #192	; 0xc0
100046cc:	031b      	lsls	r3, r3, #12
100046ce:	9308      	str	r3, [sp, #32]
100046d0:	2210      	movs	r2, #16
100046d2:	a906      	add	r1, sp, #24
100046d4:	a802      	add	r0, sp, #8
100046d6:	f7ff fbd7 	bl	10003e88 <__wrap___aeabi_memcpy>
100046da:	006b      	lsls	r3, r5, #1
100046dc:	195b      	adds	r3, r3, r5
100046de:	00db      	lsls	r3, r3, #3
100046e0:	18e3      	adds	r3, r4, r3
100046e2:	001a      	movs	r2, r3
100046e4:	32c8      	adds	r2, #200	; 0xc8
100046e6:	9902      	ldr	r1, [sp, #8]
100046e8:	6011      	str	r1, [r2, #0]
100046ea:	9a03      	ldr	r2, [sp, #12]
100046ec:	9201      	str	r2, [sp, #4]
100046ee:	001a      	movs	r2, r3
100046f0:	32cc      	adds	r2, #204	; 0xcc
100046f2:	9901      	ldr	r1, [sp, #4]
100046f4:	6011      	str	r1, [r2, #0]
100046f6:	9a04      	ldr	r2, [sp, #16]
100046f8:	9201      	str	r2, [sp, #4]
100046fa:	001a      	movs	r2, r3
100046fc:	32d0      	adds	r2, #208	; 0xd0
100046fe:	9901      	ldr	r1, [sp, #4]
10004700:	6011      	str	r1, [r2, #0]
10004702:	9a05      	ldr	r2, [sp, #20]
10004704:	33dc      	adds	r3, #220	; 0xdc
10004706:	601a      	str	r2, [r3, #0]
10004708:	e7ad      	b.n	10004666 <pio_sm_init+0x3a>
1000470a:	46c0      	nop			; (mov r8, r8)
1000470c:	01010101 	.word	0x01010101

10004710 <rand>:
10004710:	4b09      	ldr	r3, [pc, #36]	; (10004738 <rand+0x28>)
10004712:	b510      	push	{r4, lr}
10004714:	681c      	ldr	r4, [r3, #0]
10004716:	4a09      	ldr	r2, [pc, #36]	; (1000473c <rand+0x2c>)
10004718:	34a8      	adds	r4, #168	; 0xa8
1000471a:	6820      	ldr	r0, [r4, #0]
1000471c:	6861      	ldr	r1, [r4, #4]
1000471e:	4b08      	ldr	r3, [pc, #32]	; (10004740 <rand+0x30>)
10004720:	f7ff fb40 	bl	10003da4 <__wrap___aeabi_lmul>
10004724:	2201      	movs	r2, #1
10004726:	2300      	movs	r3, #0
10004728:	1880      	adds	r0, r0, r2
1000472a:	4159      	adcs	r1, r3
1000472c:	6020      	str	r0, [r4, #0]
1000472e:	6061      	str	r1, [r4, #4]
10004730:	0048      	lsls	r0, r1, #1
10004732:	0840      	lsrs	r0, r0, #1
10004734:	bd10      	pop	{r4, pc}
10004736:	46c0      	nop			; (mov r8, r8)
10004738:	20000358 	.word	0x20000358
1000473c:	4c957f2d 	.word	0x4c957f2d
10004740:	5851f42d 	.word	0x5851f42d

10004744 <strlen>:
10004744:	b510      	push	{r4, lr}
10004746:	0783      	lsls	r3, r0, #30
10004748:	d00a      	beq.n	10004760 <strlen+0x1c>
1000474a:	0003      	movs	r3, r0
1000474c:	2103      	movs	r1, #3
1000474e:	e002      	b.n	10004756 <strlen+0x12>
10004750:	3301      	adds	r3, #1
10004752:	420b      	tst	r3, r1
10004754:	d005      	beq.n	10004762 <strlen+0x1e>
10004756:	781a      	ldrb	r2, [r3, #0]
10004758:	2a00      	cmp	r2, #0
1000475a:	d1f9      	bne.n	10004750 <strlen+0xc>
1000475c:	1a18      	subs	r0, r3, r0
1000475e:	bd10      	pop	{r4, pc}
10004760:	0003      	movs	r3, r0
10004762:	6819      	ldr	r1, [r3, #0]
10004764:	4a0c      	ldr	r2, [pc, #48]	; (10004798 <strlen+0x54>)
10004766:	4c0d      	ldr	r4, [pc, #52]	; (1000479c <strlen+0x58>)
10004768:	188a      	adds	r2, r1, r2
1000476a:	438a      	bics	r2, r1
1000476c:	4222      	tst	r2, r4
1000476e:	d10f      	bne.n	10004790 <strlen+0x4c>
10004770:	6859      	ldr	r1, [r3, #4]
10004772:	4a09      	ldr	r2, [pc, #36]	; (10004798 <strlen+0x54>)
10004774:	3304      	adds	r3, #4
10004776:	188a      	adds	r2, r1, r2
10004778:	438a      	bics	r2, r1
1000477a:	4222      	tst	r2, r4
1000477c:	d108      	bne.n	10004790 <strlen+0x4c>
1000477e:	6859      	ldr	r1, [r3, #4]
10004780:	4a05      	ldr	r2, [pc, #20]	; (10004798 <strlen+0x54>)
10004782:	3304      	adds	r3, #4
10004784:	188a      	adds	r2, r1, r2
10004786:	438a      	bics	r2, r1
10004788:	4222      	tst	r2, r4
1000478a:	d0f1      	beq.n	10004770 <strlen+0x2c>
1000478c:	e000      	b.n	10004790 <strlen+0x4c>
1000478e:	3301      	adds	r3, #1
10004790:	781a      	ldrb	r2, [r3, #0]
10004792:	2a00      	cmp	r2, #0
10004794:	d1fb      	bne.n	1000478e <strlen+0x4a>
10004796:	e7e1      	b.n	1000475c <strlen+0x18>
10004798:	fefefeff 	.word	0xfefefeff
1000479c:	80808080 	.word	0x80808080

100047a0 <_fini>:
100047a0:	b5f8      	push	{r3, r4, r5, r6, r7, lr}
100047a2:	46c0      	nop			; (mov r8, r8)
100047a4:	0000      	movs	r0, r0
	...

100047a8 <__mutex_exit_veneer>:
100047a8:	b401      	push	{r0}
100047aa:	4802      	ldr	r0, [pc, #8]	; (100047b4 <__mutex_exit_veneer+0xc>)
100047ac:	4684      	mov	ip, r0
100047ae:	bc01      	pop	{r0}
100047b0:	4760      	bx	ip
100047b2:	bf00      	nop
100047b4:	20000231 	.word	0x20000231

100047b8 <____aeabi_ldiv0_veneer>:
100047b8:	b401      	push	{r0}
100047ba:	4802      	ldr	r0, [pc, #8]	; (100047c4 <____aeabi_ldiv0_veneer+0xc>)
100047bc:	4684      	mov	ip, r0
100047be:	bc01      	pop	{r0}
100047c0:	4760      	bx	ip
100047c2:	bf00      	nop
100047c4:	2000027d 	.word	0x2000027d

100047c8 <____aeabi_idiv0_veneer>:
100047c8:	b401      	push	{r0}
100047ca:	4802      	ldr	r0, [pc, #8]	; (100047d4 <____aeabi_idiv0_veneer+0xc>)
100047cc:	4684      	mov	ip, r0
100047ce:	bc01      	pop	{r0}
100047d0:	4760      	bx	ip
100047d2:	bf00      	nop
100047d4:	2000027d 	.word	0x2000027d

100047d8 <__pio_spi_write8_read8_blocking_veneer>:
100047d8:	b401      	push	{r0}
100047da:	4802      	ldr	r0, [pc, #8]	; (100047e4 <__pio_spi_write8_read8_blocking_veneer+0xc>)
100047dc:	4684      	mov	ip, r0
100047de:	bc01      	pop	{r0}
100047e0:	4760      	bx	ip
100047e2:	bf00      	nop
100047e4:	200000c1 	.word	0x200000c1

100047e8 <__mutex_try_enter_block_until_veneer>:
100047e8:	b401      	push	{r0}
100047ea:	4802      	ldr	r0, [pc, #8]	; (100047f4 <__mutex_try_enter_block_until_veneer+0xc>)
100047ec:	4684      	mov	ip, r0
100047ee:	bc01      	pop	{r0}
100047f0:	4760      	bx	ip
100047f2:	bf00      	nop
100047f4:	200001fd 	.word	0x200001fd

Disassembly of section .data:

200000c0 <pio_spi_write8_read8_blocking>:
200000c0:	b5f0      	push	{r4, r5, r6, r7, lr}
200000c2:	46c6      	mov	lr, r8
200000c4:	b500      	push	{lr}
200000c6:	6805      	ldr	r5, [r0, #0]
200000c8:	6844      	ldr	r4, [r0, #4]
200000ca:	1d27      	adds	r7, r4, #4
200000cc:	00bf      	lsls	r7, r7, #2
200000ce:	46b8      	mov	r8, r7
200000d0:	44a8      	add	r8, r5
200000d2:	3408      	adds	r4, #8
200000d4:	00a4      	lsls	r4, r4, #2
200000d6:	46ac      	mov	ip, r5
200000d8:	44a4      	add	ip, r4
200000da:	001c      	movs	r4, r3
200000dc:	e00e      	b.n	200000fc <pio_spi_write8_read8_blocking+0x3c>
200000de:	2c00      	cmp	r4, #0
200000e0:	d00c      	beq.n	200000fc <pio_spi_write8_read8_blocking+0x3c>
200000e2:	6805      	ldr	r5, [r0, #0]
200000e4:	686f      	ldr	r7, [r5, #4]
200000e6:	6846      	ldr	r6, [r0, #4]
200000e8:	3608      	adds	r6, #8
200000ea:	2501      	movs	r5, #1
200000ec:	40b5      	lsls	r5, r6
200000ee:	423d      	tst	r5, r7
200000f0:	d104      	bne.n	200000fc <pio_spi_write8_read8_blocking+0x3c>
200000f2:	4665      	mov	r5, ip
200000f4:	782d      	ldrb	r5, [r5, #0]
200000f6:	7015      	strb	r5, [r2, #0]
200000f8:	3c01      	subs	r4, #1
200000fa:	3201      	adds	r2, #1
200000fc:	001d      	movs	r5, r3
200000fe:	4325      	orrs	r5, r4
20000100:	d00f      	beq.n	20000122 <pio_spi_write8_read8_blocking+0x62>
20000102:	2b00      	cmp	r3, #0
20000104:	d0eb      	beq.n	200000de <pio_spi_write8_read8_blocking+0x1e>
20000106:	6805      	ldr	r5, [r0, #0]
20000108:	686f      	ldr	r7, [r5, #4]
2000010a:	6846      	ldr	r6, [r0, #4]
2000010c:	3610      	adds	r6, #16
2000010e:	2501      	movs	r5, #1
20000110:	40b5      	lsls	r5, r6
20000112:	423d      	tst	r5, r7
20000114:	d1e3      	bne.n	200000de <pio_spi_write8_read8_blocking+0x1e>
20000116:	780d      	ldrb	r5, [r1, #0]
20000118:	4646      	mov	r6, r8
2000011a:	7035      	strb	r5, [r6, #0]
2000011c:	3b01      	subs	r3, #1
2000011e:	3101      	adds	r1, #1
20000120:	e7dd      	b.n	200000de <pio_spi_write8_read8_blocking+0x1e>
20000122:	bc80      	pop	{r7}
20000124:	46b8      	mov	r8, r7
20000126:	bdf0      	pop	{r4, r5, r6, r7, pc}

20000128 <mutex_try_enter>:
20000128:	0003      	movs	r3, r0
2000012a:	6800      	ldr	r0, [r0, #0]
2000012c:	f3ef 8c10 	mrs	ip, PRIMASK
20000130:	b672      	cpsid	i
20000132:	6802      	ldr	r2, [r0, #0]
20000134:	2a00      	cmp	r2, #0
20000136:	d0fc      	beq.n	20000132 <mutex_try_enter+0xa>
20000138:	f3bf 8f5f 	dmb	sy
2000013c:	2204      	movs	r2, #4
2000013e:	569a      	ldrsb	r2, [r3, r2]
20000140:	2a00      	cmp	r2, #0
20000142:	db0b      	blt.n	2000015c <mutex_try_enter+0x34>
20000144:	2900      	cmp	r1, #0
20000146:	d010      	beq.n	2000016a <mutex_try_enter+0x42>
20000148:	600a      	str	r2, [r1, #0]
2000014a:	2000      	movs	r0, #0
2000014c:	681b      	ldr	r3, [r3, #0]
2000014e:	f3bf 8f5f 	dmb	sy
20000152:	2200      	movs	r2, #0
20000154:	601a      	str	r2, [r3, #0]
20000156:	f38c 8810 	msr	PRIMASK, ip
2000015a:	4770      	bx	lr
2000015c:	22d0      	movs	r2, #208	; 0xd0
2000015e:	0612      	lsls	r2, r2, #24
20000160:	7812      	ldrb	r2, [r2, #0]
20000162:	b252      	sxtb	r2, r2
20000164:	711a      	strb	r2, [r3, #4]
20000166:	2001      	movs	r0, #1
20000168:	e7f0      	b.n	2000014c <mutex_try_enter+0x24>
2000016a:	2000      	movs	r0, #0
2000016c:	e7ee      	b.n	2000014c <mutex_try_enter+0x24>
	...

20000170 <mutex_enter_block_until>:
20000170:	b5f8      	push	{r3, r4, r5, r6, r7, lr}
20000172:	46ce      	mov	lr, r9
20000174:	4647      	mov	r7, r8
20000176:	b580      	push	{r7, lr}
20000178:	0004      	movs	r4, r0
2000017a:	0017      	movs	r7, r2
2000017c:	4698      	mov	r8, r3
2000017e:	6803      	ldr	r3, [r0, #0]
20000180:	2b00      	cmp	r3, #0
20000182:	d020      	beq.n	200001c6 <mutex_enter_block_until+0x56>
20000184:	23d0      	movs	r3, #208	; 0xd0
20000186:	061b      	lsls	r3, r3, #24
20000188:	781b      	ldrb	r3, [r3, #0]
2000018a:	b25b      	sxtb	r3, r3
2000018c:	4699      	mov	r9, r3
2000018e:	6826      	ldr	r6, [r4, #0]
20000190:	f3ef 8c10 	mrs	ip, PRIMASK
20000194:	b672      	cpsid	i
20000196:	6835      	ldr	r5, [r6, #0]
20000198:	2d00      	cmp	r5, #0
2000019a:	d0fc      	beq.n	20000196 <mutex_enter_block_until+0x26>
2000019c:	f3bf 8f5f 	dmb	sy
200001a0:	2504      	movs	r5, #4
200001a2:	5765      	ldrsb	r5, [r4, r5]
200001a4:	2d00      	cmp	r5, #0
200001a6:	db14      	blt.n	200001d2 <mutex_enter_block_until+0x62>
200001a8:	6823      	ldr	r3, [r4, #0]
200001aa:	f3bf 8f5f 	dmb	sy
200001ae:	2200      	movs	r2, #0
200001b0:	601a      	str	r2, [r3, #0]
200001b2:	f38c 8810 	msr	PRIMASK, ip
200001b6:	0038      	movs	r0, r7
200001b8:	4641      	mov	r1, r8
200001ba:	f000 f869 	bl	20000290 <__best_effort_wfe_or_timeout_veneer>
200001be:	2800      	cmp	r0, #0
200001c0:	d0e5      	beq.n	2000018e <mutex_enter_block_until+0x1e>
200001c2:	2000      	movs	r0, #0
200001c4:	e00f      	b.n	200001e6 <mutex_enter_block_until+0x76>
200001c6:	4b0a      	ldr	r3, [pc, #40]	; (200001f0 <mutex_enter_block_until+0x80>)
200001c8:	4a0a      	ldr	r2, [pc, #40]	; (200001f4 <mutex_enter_block_until+0x84>)
200001ca:	2185      	movs	r1, #133	; 0x85
200001cc:	480a      	ldr	r0, [pc, #40]	; (200001f8 <mutex_enter_block_until+0x88>)
200001ce:	f000 f857 	bl	20000280 <____assert_func_veneer>
200001d2:	464b      	mov	r3, r9
200001d4:	7123      	strb	r3, [r4, #4]
200001d6:	6823      	ldr	r3, [r4, #0]
200001d8:	f3bf 8f5f 	dmb	sy
200001dc:	2200      	movs	r2, #0
200001de:	601a      	str	r2, [r3, #0]
200001e0:	f38c 8810 	msr	PRIMASK, ip
200001e4:	2001      	movs	r0, #1
200001e6:	bcc0      	pop	{r6, r7}
200001e8:	46b9      	mov	r9, r7
200001ea:	46b0      	mov	r8, r6
200001ec:	bdf8      	pop	{r3, r4, r5, r6, r7, pc}
200001ee:	46c0      	nop			; (mov r8, r8)
200001f0:	10004b4c 	.word	0x10004b4c
200001f4:	10004c24 	.word	0x10004c24
200001f8:	10004af8 	.word	0x10004af8

200001fc <mutex_try_enter_block_until>:
200001fc:	b570      	push	{r4, r5, r6, lr}
200001fe:	b082      	sub	sp, #8
20000200:	0006      	movs	r6, r0
20000202:	0015      	movs	r5, r2
20000204:	001c      	movs	r4, r3
20000206:	a901      	add	r1, sp, #4
20000208:	f7ff ff8e 	bl	20000128 <mutex_try_enter>
2000020c:	2800      	cmp	r0, #0
2000020e:	d107      	bne.n	20000220 <mutex_try_enter_block_until+0x24>
20000210:	9b01      	ldr	r3, [sp, #4]
20000212:	b25b      	sxtb	r3, r3
20000214:	22d0      	movs	r2, #208	; 0xd0
20000216:	0612      	lsls	r2, r2, #24
20000218:	7812      	ldrb	r2, [r2, #0]
2000021a:	b252      	sxtb	r2, r2
2000021c:	4293      	cmp	r3, r2
2000021e:	d101      	bne.n	20000224 <mutex_try_enter_block_until+0x28>
20000220:	b002      	add	sp, #8
20000222:	bd70      	pop	{r4, r5, r6, pc}
20000224:	002a      	movs	r2, r5
20000226:	0023      	movs	r3, r4
20000228:	0030      	movs	r0, r6
2000022a:	f7ff ffa1 	bl	20000170 <mutex_enter_block_until>
2000022e:	e7f7      	b.n	20000220 <mutex_try_enter_block_until+0x24>

20000230 <mutex_exit>:
20000230:	b510      	push	{r4, lr}
20000232:	6802      	ldr	r2, [r0, #0]
20000234:	f3ef 8110 	mrs	r1, PRIMASK
20000238:	b672      	cpsid	i
2000023a:	6813      	ldr	r3, [r2, #0]
2000023c:	2b00      	cmp	r3, #0
2000023e:	d0fc      	beq.n	2000023a <mutex_exit+0xa>
20000240:	f3bf 8f5f 	dmb	sy
20000244:	2304      	movs	r3, #4
20000246:	56c3      	ldrsb	r3, [r0, r3]
20000248:	2b00      	cmp	r3, #0
2000024a:	db0a      	blt.n	20000262 <mutex_exit+0x32>
2000024c:	23ff      	movs	r3, #255	; 0xff
2000024e:	7103      	strb	r3, [r0, #4]
20000250:	6803      	ldr	r3, [r0, #0]
20000252:	f3bf 8f5f 	dmb	sy
20000256:	2200      	movs	r2, #0
20000258:	601a      	str	r2, [r3, #0]
2000025a:	f381 8810 	msr	PRIMASK, r1
2000025e:	bf40      	sev
20000260:	bd10      	pop	{r4, pc}
20000262:	4b03      	ldr	r3, [pc, #12]	; (20000270 <mutex_exit+0x40>)
20000264:	4a03      	ldr	r2, [pc, #12]	; (20000274 <mutex_exit+0x44>)
20000266:	21b4      	movs	r1, #180	; 0xb4
20000268:	4803      	ldr	r0, [pc, #12]	; (20000278 <mutex_exit+0x48>)
2000026a:	f000 f809 	bl	20000280 <____assert_func_veneer>
2000026e:	46c0      	nop			; (mov r8, r8)
20000270:	10004be0 	.word	0x10004be0
20000274:	10004c18 	.word	0x10004c18
20000278:	10004af8 	.word	0x10004af8

2000027c <__aeabi_idiv0>:
2000027c:	4770      	bx	lr
2000027e:	46c0      	nop			; (mov r8, r8)

20000280 <____assert_func_veneer>:
20000280:	b401      	push	{r0}
20000282:	4802      	ldr	r0, [pc, #8]	; (2000028c <____assert_func_veneer+0xc>)
20000284:	4684      	mov	ip, r0
20000286:	bc01      	pop	{r0}
20000288:	4760      	bx	ip
2000028a:	bf00      	nop
2000028c:	10002311 	.word	0x10002311

20000290 <__best_effort_wfe_or_timeout_veneer>:
20000290:	b401      	push	{r0}
20000292:	4802      	ldr	r0, [pc, #8]	; (2000029c <__best_effort_wfe_or_timeout_veneer+0xc>)
20000294:	4684      	mov	ip, r0
20000296:	bc01      	pop	{r0}
20000298:	4760      	bx	ip
2000029a:	bf00      	nop
2000029c:	10001629 	.word	0x10001629

200002a0 <striped_spin_lock_num>:
200002a0:	00000010                                ....

200002a4 <irq_handler_chain_slots>:
200002a4:	00000000 	.word	0x00000000
200002a8:	00010000 	.word	0x00010000
	...
200002b4:	00020000 	.word	0x00020000
	...
200002c0:	00030000 	.word	0x00030000
	...
200002cc:	00ff0000 	.word	0x00ff0000
200002d0:	00000000 	.word	0x00000000

200002d4 <irq_handler_chain_first_slot>:
200002d4:	b501      	push	{r0, lr}
200002d6:	6848      	ldr	r0, [r1, #4]
200002d8:	3101      	adds	r1, #1
200002da:	468e      	mov	lr, r1
200002dc:	4700      	bx	r0

200002de <irq_handler_chain_remove_tail>:
200002de:	4670      	mov	r0, lr
200002e0:	3809      	subs	r0, #9
200002e2:	4901      	ldr	r1, [pc, #4]	; (200002e8 <irq_handler_chain_remove_tail+0xa>)
200002e4:	4788      	blx	r1
200002e6:	bd01      	pop	{r0, pc}
200002e8:	10000a21 	.word	0x10000a21

200002ec <default_alarm_pool>:
200002ec:	20000304 00000000 200007a8 2000090c     ... ....... ... 
	...

20000304 <default_alarm_pool_heap>:
20000304:	2000091c 00000000 00000000 00000010     ... ............
	...

20000320 <aeabi_bits_funcs>:
20000320:	00003350 	.word	0x00003350
20000324:	0000334c 	.word	0x0000334c
20000328:	00003354 	.word	0x00003354
2000032c:	00003352 	.word	0x00003352

20000330 <aeabi_bits_funcs_end>:
20000330:	0000534d 	.word	0x0000534d
20000334:	0000434d 	.word	0x0000434d
20000338:	00003453 	.word	0x00003453
2000033c:	00003443 	.word	0x00003443

20000340 <stdio_uart>:
20000340:	10004179 00000000 100041ed 10004295     yA.......A...B..
20000350:	00000000 00000100                       ........

20000358 <_impure_ptr>:
20000358:	20000360 00000000                       `.. ....

20000360 <impure_data>:
20000360:	00000000 2000064c 200006b4 2000071c     ....L.. ... ... 
	...
20000408:	00000001 00000000 abcd330e e66d1234     .........3..4.m.
20000418:	0005deec 0000000b 00000000 00000000     ................
	...

20000788 <print_mutex>:
	...

20000790 <__mutex_array_end>:
20000790:	10003e6d 	.word	0x10003e6d
20000794:	100035b5 	.word	0x100035b5
20000798:	10003ca5 	.word	0x10003ca5
2000079c:	10003de5 	.word	0x10003de5

200007a0 <__frame_dummy_init_array_entry>:
200007a0:	100002e5                                ....
