
C:/Users/thisi/Documents/Pico-v1.5.1/build/i2c/slave_mem_i2c/slave_mem_i2c.elf:     file format elf32-littlearm

Sections:
Idx Name          Size      VMA       LMA       File off  Algn
  0 .boot2        00000100  10000000  10000000  00001000  2**0
                  CONTENTS, ALLOC, LOAD, READONLY, CODE
  1 .text         000047d8  10000100  10000100  00001100  2**3
                  CONTENTS, ALLOC, LOAD, READONLY, CODE
  2 .rodata       000014b4  100048d8  100048d8  000058d8  2**3
                  CONTENTS, ALLOC, LOAD, READONLY, DATA
  3 .binary_info  00000028  10005d8c  10005d8c  00006d8c  2**2
                  CONTENTS, ALLOC, LOAD, READONLY, DATA
  4 .ram_vector_table 000000c0  20000000  20000000  00008000  2**2
                  ALLOC
  5 .data         00000304  200000c0  10005db4  000070c0  2**4
                  CONTENTS, ALLOC, LOAD, READONLY, CODE
  6 .uninitialized_data 00000000  200003c4  200003c4  000073c4  2**0
                  CONTENTS
  7 .scratch_x    00000000  20040000  20040000  000073c4  2**0
                  CONTENTS
  8 .scratch_y    00000000  20041000  20041000  000073c4  2**0
                  CONTENTS
  9 .bss          000004ec  200003c8  200003c8  00008000  2**3
                  ALLOC
 10 .heap         00000800  200008b4  200008b4  000073c4  2**2
                  CONTENTS, READONLY
 11 .stack_dummy  00000800  20041000  20041000  00007be0  2**5
                  CONTENTS, READONLY
 12 .ARM.attributes 00000028  00000000  00000000  000083e0  2**0
                  CONTENTS, READONLY
 13 .comment      00000049  00000000  00000000  00008408  2**0
                  CONTENTS, READONLY
 14 .debug_info   00018471  00000000  00000000  00008451  2**0
                  CONTENTS, READONLY, DEBUGGING, OCTETS
 15 .debug_abbrev 00004b4e  00000000  00000000  000208c2  2**0
                  CONTENTS, READONLY, DEBUGGING, OCTETS
 16 .debug_loc    000107e0  00000000  00000000  00025410  2**0
                  CONTENTS, READONLY, DEBUGGING, OCTETS
 17 .debug_aranges 00000e50  00000000  00000000  00035bf0  2**3
                  CONTENTS, READONLY, DEBUGGING, OCTETS
 18 .debug_ranges 00003560  00000000  00000000  00036a40  2**3
                  CONTENTS, READONLY, DEBUGGING, OCTETS
 19 .debug_line   000105b2  00000000  00000000  00039fa0  2**0
                  CONTENTS, READONLY, DEBUGGING, OCTETS
 20 .debug_str    0000432d  00000000  00000000  0004a552  2**0
                  CONTENTS, READONLY, DEBUGGING, OCTETS
 21 .debug_frame  00001bb4  00000000  00000000  0004e880  2**2
                  CONTENTS, READONLY, DEBUGGING, OCTETS

C:/Users/thisi/Documents/Pico-v1.5.1/build/i2c/slave_mem_i2c/slave_mem_i2c.elf:     file format elf32-littlearm


Disassembly of section .boot2:

10000000 <__boot2_start__>:
10000000:	4b32b500 	.word	0x4b32b500
10000004:	60582021 	.word	0x60582021
10000008:	21026898 	.word	0x21026898
1000000c:	60984388 	.word	0x60984388
10000010:	611860d8 	.word	0x611860d8
10000014:	4b2e6158 	.word	0x4b2e6158
10000018:	60992100 	.word	0x60992100
1000001c:	61592102 	.word	0x61592102
10000020:	22f02101 	.word	0x22f02101
10000024:	492b5099 	.word	0x492b5099
10000028:	21016019 	.word	0x21016019
1000002c:	20356099 	.word	0x20356099
10000030:	f844f000 	.word	0xf844f000
10000034:	42902202 	.word	0x42902202
10000038:	2106d014 	.word	0x2106d014
1000003c:	f0006619 	.word	0xf0006619
10000040:	6e19f834 	.word	0x6e19f834
10000044:	66192101 	.word	0x66192101
10000048:	66182000 	.word	0x66182000
1000004c:	f000661a 	.word	0xf000661a
10000050:	6e19f82c 	.word	0x6e19f82c
10000054:	6e196e19 	.word	0x6e196e19
10000058:	f0002005 	.word	0xf0002005
1000005c:	2101f82f 	.word	0x2101f82f
10000060:	d1f94208 	.word	0xd1f94208
10000064:	60992100 	.word	0x60992100
10000068:	6019491b 	.word	0x6019491b
1000006c:	60592100 	.word	0x60592100
10000070:	481b491a 	.word	0x481b491a
10000074:	21016001 	.word	0x21016001
10000078:	21eb6099 	.word	0x21eb6099
1000007c:	21a06619 	.word	0x21a06619
10000080:	f0006619 	.word	0xf0006619
10000084:	2100f812 	.word	0x2100f812
10000088:	49166099 	.word	0x49166099
1000008c:	60014814 	.word	0x60014814
10000090:	60992101 	.word	0x60992101
10000094:	2800bc01 	.word	0x2800bc01
10000098:	4700d000 	.word	0x4700d000
1000009c:	49134812 	.word	0x49134812
100000a0:	c8036008 	.word	0xc8036008
100000a4:	8808f380 	.word	0x8808f380
100000a8:	b5034708 	.word	0xb5034708
100000ac:	20046a99 	.word	0x20046a99
100000b0:	d0fb4201 	.word	0xd0fb4201
100000b4:	42012001 	.word	0x42012001
100000b8:	bd03d1f8 	.word	0xbd03d1f8
100000bc:	6618b502 	.word	0x6618b502
100000c0:	f7ff6618 	.word	0xf7ff6618
100000c4:	6e18fff2 	.word	0x6e18fff2
100000c8:	bd026e18 	.word	0xbd026e18
100000cc:	40020000 	.word	0x40020000
100000d0:	18000000 	.word	0x18000000
100000d4:	00070000 	.word	0x00070000
100000d8:	005f0300 	.word	0x005f0300
100000dc:	00002221 	.word	0x00002221
100000e0:	180000f4 	.word	0x180000f4
100000e4:	a0002022 	.word	0xa0002022
100000e8:	10000100 	.word	0x10000100
100000ec:	e000ed08 	.word	0xe000ed08
	...
100000fc:	7a4eb274 	.word	0x7a4eb274

Disassembly of section .text:

10000100 <__VECTOR_TABLE>:
10000100:	20042000 	.word	0x20042000
10000104:	100001f7 	.word	0x100001f7
10000108:	100001c3 	.word	0x100001c3
1000010c:	100001c5 	.word	0x100001c5
10000110:	100001c1 	.word	0x100001c1
10000114:	100001c1 	.word	0x100001c1
10000118:	100001c1 	.word	0x100001c1
1000011c:	100001c1 	.word	0x100001c1
10000120:	100001c1 	.word	0x100001c1
10000124:	100001c1 	.word	0x100001c1
10000128:	100001c1 	.word	0x100001c1
1000012c:	100001c7 	.word	0x100001c7
10000130:	100001c1 	.word	0x100001c1
10000134:	100001c1 	.word	0x100001c1
10000138:	100001c9 	.word	0x100001c9
1000013c:	100001cb 	.word	0x100001cb
10000140:	100001cd 	.word	0x100001cd
10000144:	100001cd 	.word	0x100001cd
10000148:	100001cd 	.word	0x100001cd
1000014c:	100001cd 	.word	0x100001cd
10000150:	100001cd 	.word	0x100001cd
10000154:	100001cd 	.word	0x100001cd
10000158:	100001cd 	.word	0x100001cd
1000015c:	100001cd 	.word	0x100001cd
10000160:	100001cd 	.word	0x100001cd
10000164:	100001cd 	.word	0x100001cd
10000168:	100001cd 	.word	0x100001cd
1000016c:	100001cd 	.word	0x100001cd
10000170:	100001cd 	.word	0x100001cd
10000174:	100001cd 	.word	0x100001cd
10000178:	100001cd 	.word	0x100001cd
1000017c:	100001cd 	.word	0x100001cd
10000180:	100001cd 	.word	0x100001cd
10000184:	100001cd 	.word	0x100001cd
10000188:	100001cd 	.word	0x100001cd
1000018c:	100001cd 	.word	0x100001cd
10000190:	100001cd 	.word	0x100001cd
10000194:	100001cd 	.word	0x100001cd
10000198:	100001cd 	.word	0x100001cd
1000019c:	100001cd 	.word	0x100001cd
100001a0:	100001cd 	.word	0x100001cd
100001a4:	100001cd 	.word	0x100001cd
100001a8:	100001cd 	.word	0x100001cd
100001ac:	100001cd 	.word	0x100001cd
100001b0:	100001cd 	.word	0x100001cd
100001b4:	100001cd 	.word	0x100001cd
100001b8:	100001cd 	.word	0x100001cd
100001bc:	100001cd 	.word	0x100001cd

100001c0 <isr_invalid>:
100001c0:	be00      	bkpt	0x0000

100001c2 <isr_nmi>:
100001c2:	be00      	bkpt	0x0000

100001c4 <isr_hardfault>:
100001c4:	be00      	bkpt	0x0000

100001c6 <isr_svcall>:
100001c6:	be00      	bkpt	0x0000

100001c8 <isr_pendsv>:
100001c8:	be00      	bkpt	0x0000

100001ca <isr_systick>:
100001ca:	be00      	bkpt	0x0000

100001cc <__unhandled_user_irq>:
100001cc:	f3ef 8005 	mrs	r0, IPSR
100001d0:	3810      	subs	r0, #16

100001d2 <unhandled_user_irq_num_in_r0>:
100001d2:	be00      	bkpt	0x0000

100001d4 <binary_info_header>:
100001d4:	7188ebf2 	.word	0x7188ebf2
100001d8:	10005d8c 	.word	0x10005d8c
100001dc:	10005db4 	.word	0x10005db4
100001e0:	10000234 	.word	0x10000234
100001e4:	e71aa390 	.word	0xe71aa390

100001e8 <_entry_point>:
100001e8:	2000      	movs	r0, #0
100001ea:	491f      	ldr	r1, [pc, #124]	; (10000268 <hold_non_core0_in_bootrom+0xa>)
100001ec:	6008      	str	r0, [r1, #0]
100001ee:	c806      	ldmia	r0!, {r1, r2}
100001f0:	f381 8808 	msr	MSP, r1
100001f4:	4710      	bx	r2

100001f6 <_reset_handler>:
100001f6:	481d      	ldr	r0, [pc, #116]	; (1000026c <hold_non_core0_in_bootrom+0xe>)
100001f8:	6800      	ldr	r0, [r0, #0]
100001fa:	2800      	cmp	r0, #0
100001fc:	d12f      	bne.n	1000025e <hold_non_core0_in_bootrom>
100001fe:	a40d      	add	r4, pc, #52	; (adr r4, 10000234 <data_cpy_table>)
10000200:	cc0e      	ldmia	r4!, {r1, r2, r3}
10000202:	2900      	cmp	r1, #0
10000204:	d002      	beq.n	1000020c <_reset_handler+0x16>
10000206:	f000 f812 	bl	1000022e <data_cpy>
1000020a:	e7f9      	b.n	10000200 <_reset_handler+0xa>
1000020c:	4918      	ldr	r1, [pc, #96]	; (10000270 <hold_non_core0_in_bootrom+0x12>)
1000020e:	4a19      	ldr	r2, [pc, #100]	; (10000274 <hold_non_core0_in_bootrom+0x16>)
10000210:	2000      	movs	r0, #0
10000212:	e000      	b.n	10000216 <bss_fill_test>

10000214 <bss_fill_loop>:
10000214:	c101      	stmia	r1!, {r0}

10000216 <bss_fill_test>:
10000216:	4291      	cmp	r1, r2
10000218:	d1fc      	bne.n	10000214 <bss_fill_loop>

1000021a <platform_entry>:
1000021a:	4917      	ldr	r1, [pc, #92]	; (10000278 <hold_non_core0_in_bootrom+0x1a>)
1000021c:	4788      	blx	r1
1000021e:	4917      	ldr	r1, [pc, #92]	; (1000027c <hold_non_core0_in_bootrom+0x1e>)
10000220:	4788      	blx	r1
10000222:	4917      	ldr	r1, [pc, #92]	; (10000280 <hold_non_core0_in_bootrom+0x22>)
10000224:	4788      	blx	r1
10000226:	be00      	bkpt	0x0000
10000228:	e7fd      	b.n	10000226 <platform_entry+0xc>

1000022a <data_cpy_loop>:
1000022a:	c901      	ldmia	r1!, {r0}
1000022c:	c201      	stmia	r2!, {r0}

1000022e <data_cpy>:
1000022e:	429a      	cmp	r2, r3
10000230:	d3fb      	bcc.n	1000022a <data_cpy_loop>
10000232:	4770      	bx	lr

10000234 <data_cpy_table>:
10000234:	10005db4 	.word	0x10005db4
10000238:	200000c0 	.word	0x200000c0
1000023c:	200003c4 	.word	0x200003c4
10000240:	100060b8 	.word	0x100060b8
10000244:	20040000 	.word	0x20040000
10000248:	20040000 	.word	0x20040000
1000024c:	100060b8 	.word	0x100060b8
10000250:	20041000 	.word	0x20041000
10000254:	20041000 	.word	0x20041000
10000258:	00000000 	.word	0x00000000
1000025c:	4770      	bx	lr

1000025e <hold_non_core0_in_bootrom>:
1000025e:	4809      	ldr	r0, [pc, #36]	; (10000284 <hold_non_core0_in_bootrom+0x26>)
10000260:	f003 fbfc 	bl	10003a5c <rom_func_lookup>
10000264:	4700      	bx	r0
10000266:	0000      	.short	0x0000
10000268:	e000ed08 	.word	0xe000ed08
1000026c:	d0000000 	.word	0xd0000000
10000270:	200003c8 	.word	0x200003c8
10000274:	200008b4 	.word	0x200008b4
10000278:	100027b5 	.word	0x100027b5
1000027c:	100005cd 	.word	0x100005cd
10000280:	10002771 	.word	0x10002771
10000284:	00005657 	.word	0x00005657

10000288 <__bi_50>:
10000288:	50520006 5360b3ab 10005cd4              ..RP..`S.\..

10000294 <__bi_38>:
10000294:	50520006 02031c86 10005ce4              ..RP.....\..

100002a0 <__bi_30>:
100002a0:	50520006 9da22254 10005cf4              ..RPT"...\..

100002ac <__bi_22>:
100002ac:	50520005 68f465de 100060b8              ..RP.e.h.`..

100002b8 <_init>:
100002b8:	b5f8      	push	{r3, r4, r5, r6, r7, lr}
100002ba:	46c0      	nop			; (mov r8, r8)

100002bc <__do_global_dtors_aux>:
100002bc:	b510      	push	{r4, lr}
100002be:	4c06      	ldr	r4, [pc, #24]	; (100002d8 <__do_global_dtors_aux+0x1c>)
100002c0:	7823      	ldrb	r3, [r4, #0]
100002c2:	2b00      	cmp	r3, #0
100002c4:	d107      	bne.n	100002d6 <__do_global_dtors_aux+0x1a>
100002c6:	4b05      	ldr	r3, [pc, #20]	; (100002dc <__do_global_dtors_aux+0x20>)
100002c8:	2b00      	cmp	r3, #0
100002ca:	d002      	beq.n	100002d2 <__do_global_dtors_aux+0x16>
100002cc:	4804      	ldr	r0, [pc, #16]	; (100002e0 <__do_global_dtors_aux+0x24>)
100002ce:	e000      	b.n	100002d2 <__do_global_dtors_aux+0x16>
100002d0:	bf00      	nop
100002d2:	2301      	movs	r3, #1
100002d4:	7023      	strb	r3, [r4, #0]
100002d6:	bd10      	pop	{r4, pc}
100002d8:	200004c8 	.word	0x200004c8
100002dc:	00000000 	.word	0x00000000
100002e0:	100048d8 	.word	0x100048d8

100002e4 <frame_dummy>:
100002e4:	4b04      	ldr	r3, [pc, #16]	; (100002f8 <frame_dummy+0x14>)
100002e6:	b510      	push	{r4, lr}
100002e8:	2b00      	cmp	r3, #0
100002ea:	d003      	beq.n	100002f4 <frame_dummy+0x10>
100002ec:	4903      	ldr	r1, [pc, #12]	; (100002fc <frame_dummy+0x18>)
100002ee:	4804      	ldr	r0, [pc, #16]	; (10000300 <frame_dummy+0x1c>)
100002f0:	e000      	b.n	100002f4 <frame_dummy+0x10>
100002f2:	bf00      	nop
100002f4:	bd10      	pop	{r4, pc}
100002f6:	46c0      	nop			; (mov r8, r8)
100002f8:	00000000 	.word	0x00000000
100002fc:	200004cc 	.word	0x200004cc
10000300:	100048d8 	.word	0x100048d8

10000304 <setup_slave>:
10000304:	b510      	push	{r4, lr}
10000306:	2004      	movs	r0, #4
10000308:	f002 f8aa 	bl	10002460 <gpio_init>
1000030c:	2103      	movs	r1, #3
1000030e:	2004      	movs	r0, #4
10000310:	f002 f874 	bl	100023fc <gpio_set_function>
10000314:	2200      	movs	r2, #0
10000316:	2101      	movs	r1, #1
10000318:	2004      	movs	r0, #4
1000031a:	f002 f887 	bl	1000242c <gpio_set_pulls>
1000031e:	2005      	movs	r0, #5
10000320:	f002 f89e 	bl	10002460 <gpio_init>
10000324:	2103      	movs	r1, #3
10000326:	2005      	movs	r0, #5
10000328:	f002 f868 	bl	100023fc <gpio_set_function>
1000032c:	2200      	movs	r2, #0
1000032e:	2101      	movs	r1, #1
10000330:	2005      	movs	r0, #5
10000332:	f002 f87b 	bl	1000242c <gpio_set_pulls>
10000336:	4c05      	ldr	r4, [pc, #20]	; (1000034c <setup_slave+0x48>)
10000338:	4905      	ldr	r1, [pc, #20]	; (10000350 <setup_slave+0x4c>)
1000033a:	0020      	movs	r0, r4
1000033c:	f000 fb22 	bl	10000984 <i2c_init>
10000340:	4a04      	ldr	r2, [pc, #16]	; (10000354 <setup_slave+0x50>)
10000342:	2117      	movs	r1, #23
10000344:	0020      	movs	r0, r4
10000346:	f000 f94f 	bl	100005e8 <i2c_slave_init>
1000034a:	bd10      	pop	{r4, pc}
1000034c:	200002e0 	.word	0x200002e0
10000350:	000186a0 	.word	0x000186a0
10000354:	10000501 	.word	0x10000501

10000358 <run_master>:
10000358:	b5f0      	push	{r4, r5, r6, r7, lr}
1000035a:	b093      	sub	sp, #76	; 0x4c
1000035c:	2006      	movs	r0, #6
1000035e:	f002 f87f 	bl	10002460 <gpio_init>
10000362:	2103      	movs	r1, #3
10000364:	2006      	movs	r0, #6
10000366:	f002 f849 	bl	100023fc <gpio_set_function>
1000036a:	2200      	movs	r2, #0
1000036c:	2101      	movs	r1, #1
1000036e:	2006      	movs	r0, #6
10000370:	f002 f85c 	bl	1000242c <gpio_set_pulls>
10000374:	2007      	movs	r0, #7
10000376:	f002 f873 	bl	10002460 <gpio_init>
1000037a:	2103      	movs	r1, #3
1000037c:	2007      	movs	r0, #7
1000037e:	f002 f83d 	bl	100023fc <gpio_set_function>
10000382:	2200      	movs	r2, #0
10000384:	2101      	movs	r1, #1
10000386:	2007      	movs	r0, #7
10000388:	f002 f850 	bl	1000242c <gpio_set_pulls>
1000038c:	494d      	ldr	r1, [pc, #308]	; (100004c4 <run_master+0x16c>)
1000038e:	484e      	ldr	r0, [pc, #312]	; (100004c8 <run_master+0x170>)
10000390:	f000 faf8 	bl	10000984 <i2c_init>
10000394:	2500      	movs	r5, #0
10000396:	002e      	movs	r6, r5
10000398:	002b      	movs	r3, r5
1000039a:	4a4c      	ldr	r2, [pc, #304]	; (100004cc <run_master+0x174>)
1000039c:	2120      	movs	r1, #32
1000039e:	a802      	add	r0, sp, #8
100003a0:	f003 fb30 	bl	10003a04 <__wrap_snprintf>
100003a4:	a802      	add	r0, sp, #8
100003a6:	f004 fa47 	bl	10004838 <strlen>
100003aa:	0004      	movs	r4, r0
100003ac:	af0a      	add	r7, sp, #40	; 0x28
100003ae:	703d      	strb	r5, [r7, #0]
100003b0:	0002      	movs	r2, r0
100003b2:	a902      	add	r1, sp, #8
100003b4:	2029      	movs	r0, #41	; 0x29
100003b6:	4468      	add	r0, sp
100003b8:	f003 ffa6 	bl	10004308 <__wrap___aeabi_memcpy>
100003bc:	aa02      	add	r2, sp, #8
100003be:	0029      	movs	r1, r5
100003c0:	4843      	ldr	r0, [pc, #268]	; (100004d0 <run_master+0x178>)
100003c2:	f004 f8f9 	bl	100045b8 <__wrap_printf>
100003c6:	1c65      	adds	r5, r4, #1
100003c8:	2300      	movs	r3, #0
100003ca:	9300      	str	r3, [sp, #0]
100003cc:	002b      	movs	r3, r5
100003ce:	003a      	movs	r2, r7
100003d0:	2117      	movs	r1, #23
100003d2:	483d      	ldr	r0, [pc, #244]	; (100004c8 <run_master+0x170>)
100003d4:	f000 fb26 	bl	10000a24 <i2c_write_blocking>
100003d8:	2800      	cmp	r0, #0
100003da:	db49      	blt.n	10000470 <run_master+0x118>
100003dc:	4285      	cmp	r5, r0
100003de:	d14c      	bne.n	1000047a <run_master+0x122>
100003e0:	2301      	movs	r3, #1
100003e2:	9300      	str	r3, [sp, #0]
100003e4:	aa0a      	add	r2, sp, #40	; 0x28
100003e6:	2117      	movs	r1, #23
100003e8:	4837      	ldr	r0, [pc, #220]	; (100004c8 <run_master+0x170>)
100003ea:	f000 fb1b 	bl	10000a24 <i2c_write_blocking>
100003ee:	2801      	cmp	r0, #1
100003f0:	d149      	bne.n	10000486 <run_master+0x12e>
100003f2:	2301      	movs	r3, #1
100003f4:	9300      	str	r3, [sp, #0]
100003f6:	3304      	adds	r3, #4
100003f8:	aa0a      	add	r2, sp, #40	; 0x28
100003fa:	2117      	movs	r1, #23
100003fc:	4832      	ldr	r0, [pc, #200]	; (100004c8 <run_master+0x170>)
100003fe:	f000 fb1d 	bl	10000a3c <i2c_read_blocking>
10000402:	2805      	cmp	r0, #5
10000404:	d145      	bne.n	10000492 <run_master+0x13a>
10000406:	ad0a      	add	r5, sp, #40	; 0x28
10000408:	2300      	movs	r3, #0
1000040a:	542b      	strb	r3, [r5, r0]
1000040c:	002a      	movs	r2, r5
1000040e:	0031      	movs	r1, r6
10000410:	4830      	ldr	r0, [pc, #192]	; (100004d4 <run_master+0x17c>)
10000412:	f004 f8d1 	bl	100045b8 <__wrap_printf>
10000416:	2205      	movs	r2, #5
10000418:	a902      	add	r1, sp, #8
1000041a:	0028      	movs	r0, r5
1000041c:	f004 f9e8 	bl	100047f0 <memcmp>
10000420:	2800      	cmp	r0, #0
10000422:	d13c      	bne.n	1000049e <run_master+0x146>
10000424:	3c05      	subs	r4, #5
10000426:	2300      	movs	r3, #0
10000428:	9300      	str	r3, [sp, #0]
1000042a:	0023      	movs	r3, r4
1000042c:	aa0a      	add	r2, sp, #40	; 0x28
1000042e:	2117      	movs	r1, #23
10000430:	4825      	ldr	r0, [pc, #148]	; (100004c8 <run_master+0x170>)
10000432:	f000 fb03 	bl	10000a3c <i2c_read_blocking>
10000436:	4284      	cmp	r4, r0
10000438:	d137      	bne.n	100004aa <run_master+0x152>
1000043a:	ad0a      	add	r5, sp, #40	; 0x28
1000043c:	2300      	movs	r3, #0
1000043e:	542b      	strb	r3, [r5, r0]
10000440:	1d71      	adds	r1, r6, #5
10000442:	002a      	movs	r2, r5
10000444:	4823      	ldr	r0, [pc, #140]	; (100004d4 <run_master+0x17c>)
10000446:	f004 f8b7 	bl	100045b8 <__wrap_printf>
1000044a:	0022      	movs	r2, r4
1000044c:	210d      	movs	r1, #13
1000044e:	4469      	add	r1, sp
10000450:	0028      	movs	r0, r5
10000452:	f004 f9cd 	bl	100047f0 <memcmp>
10000456:	2800      	cmp	r0, #0
10000458:	d12d      	bne.n	100004b6 <run_master+0x15e>
1000045a:	481f      	ldr	r0, [pc, #124]	; (100004d8 <run_master+0x180>)
1000045c:	f004 f87c 	bl	10004558 <__wrap_puts>
10000460:	20fa      	movs	r0, #250	; 0xfa
10000462:	00c0      	lsls	r0, r0, #3
10000464:	f001 f89e 	bl	100015a4 <sleep_ms>
10000468:	3620      	adds	r6, #32
1000046a:	25ff      	movs	r5, #255	; 0xff
1000046c:	4035      	ands	r5, r6
1000046e:	e792      	b.n	10000396 <run_master+0x3e>
10000470:	481a      	ldr	r0, [pc, #104]	; (100004dc <run_master+0x184>)
10000472:	f004 f871 	bl	10004558 <__wrap_puts>
10000476:	b013      	add	sp, #76	; 0x4c
10000478:	bdf0      	pop	{r4, r5, r6, r7, pc}
1000047a:	4b19      	ldr	r3, [pc, #100]	; (100004e0 <run_master+0x188>)
1000047c:	4a19      	ldr	r2, [pc, #100]	; (100004e4 <run_master+0x18c>)
1000047e:	2169      	movs	r1, #105	; 0x69
10000480:	4819      	ldr	r0, [pc, #100]	; (100004e8 <run_master+0x190>)
10000482:	f002 f979 	bl	10002778 <__assert_func>
10000486:	4b19      	ldr	r3, [pc, #100]	; (100004ec <run_master+0x194>)
10000488:	4a16      	ldr	r2, [pc, #88]	; (100004e4 <run_master+0x18c>)
1000048a:	216d      	movs	r1, #109	; 0x6d
1000048c:	4816      	ldr	r0, [pc, #88]	; (100004e8 <run_master+0x190>)
1000048e:	f002 f973 	bl	10002778 <__assert_func>
10000492:	4b17      	ldr	r3, [pc, #92]	; (100004f0 <run_master+0x198>)
10000494:	4a13      	ldr	r2, [pc, #76]	; (100004e4 <run_master+0x18c>)
10000496:	2171      	movs	r1, #113	; 0x71
10000498:	4813      	ldr	r0, [pc, #76]	; (100004e8 <run_master+0x190>)
1000049a:	f002 f96d 	bl	10002778 <__assert_func>
1000049e:	4b15      	ldr	r3, [pc, #84]	; (100004f4 <run_master+0x19c>)
100004a0:	4a10      	ldr	r2, [pc, #64]	; (100004e4 <run_master+0x18c>)
100004a2:	2174      	movs	r1, #116	; 0x74
100004a4:	4810      	ldr	r0, [pc, #64]	; (100004e8 <run_master+0x190>)
100004a6:	f002 f967 	bl	10002778 <__assert_func>
100004aa:	4b13      	ldr	r3, [pc, #76]	; (100004f8 <run_master+0x1a0>)
100004ac:	4a0d      	ldr	r2, [pc, #52]	; (100004e4 <run_master+0x18c>)
100004ae:	2177      	movs	r1, #119	; 0x77
100004b0:	480d      	ldr	r0, [pc, #52]	; (100004e8 <run_master+0x190>)
100004b2:	f002 f961 	bl	10002778 <__assert_func>
100004b6:	4b11      	ldr	r3, [pc, #68]	; (100004fc <run_master+0x1a4>)
100004b8:	4a0a      	ldr	r2, [pc, #40]	; (100004e4 <run_master+0x18c>)
100004ba:	217a      	movs	r1, #122	; 0x7a
100004bc:	480a      	ldr	r0, [pc, #40]	; (100004e8 <run_master+0x190>)
100004be:	f002 f95b 	bl	10002778 <__assert_func>
100004c2:	46c0      	nop			; (mov r8, r8)
100004c4:	000186a0 	.word	0x000186a0
100004c8:	200002e8 	.word	0x200002e8
100004cc:	100048d8 	.word	0x100048d8
100004d0:	100048f4 	.word	0x100048f4
100004d4:	100049cc 	.word	0x100049cc
100004d8:	100057bc 	.word	0x100057bc
100004dc:	1000490c 	.word	0x1000490c
100004e0:	10004940 	.word	0x10004940
100004e4:	10004b20 	.word	0x10004b20
100004e8:	10004958 	.word	0x10004958
100004ec:	100049b0 	.word	0x100049b0
100004f0:	100049bc 	.word	0x100049bc
100004f4:	100049e4 	.word	0x100049e4
100004f8:	10004a04 	.word	0x10004a04
100004fc:	10004a20 	.word	0x10004a20

10000500 <i2c_slave_handler>:
10000500:	b510      	push	{r4, lr}
10000502:	2901      	cmp	r1, #1
10000504:	d037      	beq.n	10000576 <i2c_slave_handler+0x76>
10000506:	2902      	cmp	r1, #2
10000508:	d04d      	beq.n	100005a6 <i2c_slave_handler+0xa6>
1000050a:	2900      	cmp	r1, #0
1000050c:	d000      	beq.n	10000510 <i2c_slave_handler+0x10>
1000050e:	bd10      	pop	{r4, pc}
10000510:	4a28      	ldr	r2, [pc, #160]	; (100005b4 <i2c_slave_handler+0xb4>)
10000512:	2302      	movs	r3, #2
10000514:	33ff      	adds	r3, #255	; 0xff
10000516:	5cd3      	ldrb	r3, [r2, r3]
10000518:	2b00      	cmp	r3, #0
1000051a:	d114      	bne.n	10000546 <i2c_slave_handler+0x46>
1000051c:	6803      	ldr	r3, [r0, #0]
1000051e:	6f1a      	ldr	r2, [r3, #112]	; 0x70
10000520:	0712      	lsls	r2, r2, #28
10000522:	d509      	bpl.n	10000538 <i2c_slave_handler+0x38>
10000524:	6919      	ldr	r1, [r3, #16]
10000526:	4b23      	ldr	r3, [pc, #140]	; (100005b4 <i2c_slave_handler+0xb4>)
10000528:	2280      	movs	r2, #128	; 0x80
1000052a:	0052      	lsls	r2, r2, #1
1000052c:	5499      	strb	r1, [r3, r2]
1000052e:	2202      	movs	r2, #2
10000530:	32ff      	adds	r2, #255	; 0xff
10000532:	2101      	movs	r1, #1
10000534:	5499      	strb	r1, [r3, r2]
10000536:	e7ea      	b.n	1000050e <i2c_slave_handler+0xe>
10000538:	31a6      	adds	r1, #166	; 0xa6
1000053a:	4b1f      	ldr	r3, [pc, #124]	; (100005b8 <i2c_slave_handler+0xb8>)
1000053c:	4a1f      	ldr	r2, [pc, #124]	; (100005bc <i2c_slave_handler+0xbc>)
1000053e:	0049      	lsls	r1, r1, #1
10000540:	481f      	ldr	r0, [pc, #124]	; (100005c0 <i2c_slave_handler+0xc0>)
10000542:	f002 f919 	bl	10002778 <__assert_func>
10000546:	4a1b      	ldr	r2, [pc, #108]	; (100005b4 <i2c_slave_handler+0xb4>)
10000548:	2380      	movs	r3, #128	; 0x80
1000054a:	005b      	lsls	r3, r3, #1
1000054c:	5cd1      	ldrb	r1, [r2, r3]
1000054e:	6803      	ldr	r3, [r0, #0]
10000550:	6f1a      	ldr	r2, [r3, #112]	; 0x70
10000552:	0712      	lsls	r2, r2, #28
10000554:	d508      	bpl.n	10000568 <i2c_slave_handler+0x68>
10000556:	691a      	ldr	r2, [r3, #16]
10000558:	4b16      	ldr	r3, [pc, #88]	; (100005b4 <i2c_slave_handler+0xb4>)
1000055a:	545a      	strb	r2, [r3, r1]
1000055c:	2180      	movs	r1, #128	; 0x80
1000055e:	0049      	lsls	r1, r1, #1
10000560:	5c5a      	ldrb	r2, [r3, r1]
10000562:	3201      	adds	r2, #1
10000564:	545a      	strb	r2, [r3, r1]
10000566:	e7d2      	b.n	1000050e <i2c_slave_handler+0xe>
10000568:	21a6      	movs	r1, #166	; 0xa6
1000056a:	4b13      	ldr	r3, [pc, #76]	; (100005b8 <i2c_slave_handler+0xb8>)
1000056c:	4a13      	ldr	r2, [pc, #76]	; (100005bc <i2c_slave_handler+0xbc>)
1000056e:	0049      	lsls	r1, r1, #1
10000570:	4813      	ldr	r0, [pc, #76]	; (100005c0 <i2c_slave_handler+0xc0>)
10000572:	f002 f901 	bl	10002778 <__assert_func>
10000576:	4b0f      	ldr	r3, [pc, #60]	; (100005b4 <i2c_slave_handler+0xb4>)
10000578:	2280      	movs	r2, #128	; 0x80
1000057a:	0052      	lsls	r2, r2, #1
1000057c:	5c9a      	ldrb	r2, [r3, r2]
1000057e:	5c99      	ldrb	r1, [r3, r2]
10000580:	6803      	ldr	r3, [r0, #0]
10000582:	6f1a      	ldr	r2, [r3, #112]	; 0x70
10000584:	0792      	lsls	r2, r2, #30
10000586:	d507      	bpl.n	10000598 <i2c_slave_handler+0x98>
10000588:	6119      	str	r1, [r3, #16]
1000058a:	490a      	ldr	r1, [pc, #40]	; (100005b4 <i2c_slave_handler+0xb4>)
1000058c:	2280      	movs	r2, #128	; 0x80
1000058e:	0052      	lsls	r2, r2, #1
10000590:	5c8b      	ldrb	r3, [r1, r2]
10000592:	3301      	adds	r3, #1
10000594:	548b      	strb	r3, [r1, r2]
10000596:	e7ba      	b.n	1000050e <i2c_slave_handler+0xe>
10000598:	215c      	movs	r1, #92	; 0x5c
1000059a:	4b0a      	ldr	r3, [pc, #40]	; (100005c4 <i2c_slave_handler+0xc4>)
1000059c:	4a0a      	ldr	r2, [pc, #40]	; (100005c8 <i2c_slave_handler+0xc8>)
1000059e:	31ff      	adds	r1, #255	; 0xff
100005a0:	4807      	ldr	r0, [pc, #28]	; (100005c0 <i2c_slave_handler+0xc0>)
100005a2:	f002 f8e9 	bl	10002778 <__assert_func>
100005a6:	4a03      	ldr	r2, [pc, #12]	; (100005b4 <i2c_slave_handler+0xb4>)
100005a8:	2302      	movs	r3, #2
100005aa:	33ff      	adds	r3, #255	; 0xff
100005ac:	2100      	movs	r1, #0
100005ae:	54d1      	strb	r1, [r2, r3]
100005b0:	e7ad      	b.n	1000050e <i2c_slave_handler+0xe>
100005b2:	46c0      	nop			; (mov r8, r8)
100005b4:	20000524 	.word	0x20000524
100005b8:	10004a50 	.word	0x10004a50
100005bc:	10004b40 	.word	0x10004b40
100005c0:	10004a78 	.word	0x10004a78
100005c4:	10004ae4 	.word	0x10004ae4
100005c8:	10004b2c 	.word	0x10004b2c

100005cc <main>:
100005cc:	b510      	push	{r4, lr}
100005ce:	f003 ffff 	bl	100045d0 <stdio_init_all>
100005d2:	4804      	ldr	r0, [pc, #16]	; (100005e4 <main+0x18>)
100005d4:	f003 ffc0 	bl	10004558 <__wrap_puts>
100005d8:	f7ff fe94 	bl	10000304 <setup_slave>
100005dc:	f7ff febc 	bl	10000358 <run_master>
100005e0:	2000      	movs	r0, #0
100005e2:	bd10      	pop	{r4, pc}
100005e4:	10004b0c 	.word	0x10004b0c

100005e8 <i2c_slave_init>:
100005e8:	b570      	push	{r4, r5, r6, lr}
100005ea:	0005      	movs	r5, r0
100005ec:	4b16      	ldr	r3, [pc, #88]	; (10000648 <i2c_slave_init+0x60>)
100005ee:	4298      	cmp	r0, r3
100005f0:	d002      	beq.n	100005f8 <i2c_slave_init+0x10>
100005f2:	4b16      	ldr	r3, [pc, #88]	; (1000064c <i2c_slave_init+0x64>)
100005f4:	4298      	cmp	r0, r3
100005f6:	d11a      	bne.n	1000062e <i2c_slave_init+0x46>
100005f8:	2a00      	cmp	r2, #0
100005fa:	d01e      	beq.n	1000063a <i2c_slave_init+0x52>
100005fc:	4c13      	ldr	r4, [pc, #76]	; (1000064c <i2c_slave_init+0x64>)
100005fe:	1b2c      	subs	r4, r5, r4
10000600:	4263      	negs	r3, r4
10000602:	415c      	adcs	r4, r3
10000604:	00e0      	lsls	r0, r4, #3
10000606:	4b12      	ldr	r3, [pc, #72]	; (10000650 <i2c_slave_init+0x68>)
10000608:	50c2      	str	r2, [r0, r3]
1000060a:	000a      	movs	r2, r1
1000060c:	2101      	movs	r1, #1
1000060e:	0028      	movs	r0, r5
10000610:	f000 f9e4 	bl	100009dc <i2c_set_slave_mode>
10000614:	682b      	ldr	r3, [r5, #0]
10000616:	4a0f      	ldr	r2, [pc, #60]	; (10000654 <i2c_slave_init+0x6c>)
10000618:	631a      	str	r2, [r3, #48]	; 0x30
1000061a:	3417      	adds	r4, #23
1000061c:	490e      	ldr	r1, [pc, #56]	; (10000658 <i2c_slave_init+0x70>)
1000061e:	0020      	movs	r0, r4
10000620:	f001 fa18 	bl	10001a54 <irq_set_exclusive_handler>
10000624:	2101      	movs	r1, #1
10000626:	0020      	movs	r0, r4
10000628:	f001 fa04 	bl	10001a34 <irq_set_enabled>
1000062c:	bd70      	pop	{r4, r5, r6, pc}
1000062e:	4b0b      	ldr	r3, [pc, #44]	; (1000065c <i2c_slave_init+0x74>)
10000630:	4a0b      	ldr	r2, [pc, #44]	; (10000660 <i2c_slave_init+0x78>)
10000632:	2139      	movs	r1, #57	; 0x39
10000634:	480b      	ldr	r0, [pc, #44]	; (10000664 <i2c_slave_init+0x7c>)
10000636:	f002 f89f 	bl	10002778 <__assert_func>
1000063a:	4b0b      	ldr	r3, [pc, #44]	; (10000668 <i2c_slave_init+0x80>)
1000063c:	4a08      	ldr	r2, [pc, #32]	; (10000660 <i2c_slave_init+0x78>)
1000063e:	213a      	movs	r1, #58	; 0x3a
10000640:	4808      	ldr	r0, [pc, #32]	; (10000664 <i2c_slave_init+0x7c>)
10000642:	f002 f899 	bl	10002778 <__assert_func>
10000646:	46c0      	nop			; (mov r8, r8)
10000648:	200002e0 	.word	0x200002e0
1000064c:	200002e8 	.word	0x200002e8
10000650:	20000670 	.word	0x20000670
10000654:	00000664 	.word	0x00000664
10000658:	200000c1 	.word	0x200000c1
1000065c:	10004b54 	.word	0x10004b54
10000660:	10004be4 	.word	0x10004be4
10000664:	10004b70 	.word	0x10004b70
10000668:	10004bd4 	.word	0x10004bd4

1000066c <i2c_write_blocking_internal>:
1000066c:	b5f0      	push	{r4, r5, r6, r7, lr}
1000066e:	46de      	mov	lr, fp
10000670:	4657      	mov	r7, sl
10000672:	464e      	mov	r6, r9
10000674:	4645      	mov	r5, r8
10000676:	b5e0      	push	{r5, r6, r7, lr}
10000678:	b085      	sub	sp, #20
1000067a:	0006      	movs	r6, r0
1000067c:	0010      	movs	r0, r2
1000067e:	001c      	movs	r4, r3
10000680:	9302      	str	r3, [sp, #8]
10000682:	ab0e      	add	r3, sp, #56	; 0x38
10000684:	781a      	ldrb	r2, [r3, #0]
10000686:	9203      	str	r2, [sp, #12]
10000688:	9d0f      	ldr	r5, [sp, #60]	; 0x3c
1000068a:	9f10      	ldr	r7, [sp, #64]	; 0x40
1000068c:	6833      	ldr	r3, [r6, #0]
1000068e:	2200      	movs	r2, #0
10000690:	66da      	str	r2, [r3, #108]	; 0x6c
10000692:	6833      	ldr	r3, [r6, #0]
10000694:	6059      	str	r1, [r3, #4]
10000696:	6833      	ldr	r3, [r6, #0]
10000698:	3201      	adds	r2, #1
1000069a:	66da      	str	r2, [r3, #108]	; 0x6c
1000069c:	46a2      	mov	sl, r4
1000069e:	2300      	movs	r3, #0
100006a0:	4698      	mov	r8, r3
100006a2:	469b      	mov	fp, r3
100006a4:	2400      	movs	r4, #0
100006a6:	e02b      	b.n	10000700 <i2c_write_blocking_internal+0x94>
100006a8:	7932      	ldrb	r2, [r6, #4]
100006aa:	2a00      	cmp	r2, #0
100006ac:	d031      	beq.n	10000712 <i2c_write_blocking_internal+0xa6>
100006ae:	2201      	movs	r2, #1
100006b0:	e02f      	b.n	10000712 <i2c_write_blocking_internal+0xa6>
100006b2:	9903      	ldr	r1, [sp, #12]
100006b4:	2900      	cmp	r1, #0
100006b6:	d001      	beq.n	100006bc <i2c_write_blocking_internal+0x50>
100006b8:	2100      	movs	r1, #0
100006ba:	e02e      	b.n	1000071a <i2c_write_blocking_internal+0xae>
100006bc:	2101      	movs	r1, #1
100006be:	e02c      	b.n	1000071a <i2c_write_blocking_internal+0xae>
100006c0:	0038      	movs	r0, r7
100006c2:	47a8      	blx	r5
100006c4:	0003      	movs	r3, r0
100006c6:	4304      	orrs	r4, r0
100006c8:	b2e4      	uxtb	r4, r4
100006ca:	2b00      	cmp	r3, #0
100006cc:	d106      	bne.n	100006dc <i2c_write_blocking_internal+0x70>
100006ce:	6832      	ldr	r2, [r6, #0]
100006d0:	6b52      	ldr	r2, [r2, #52]	; 0x34
100006d2:	06d2      	lsls	r2, r2, #27
100006d4:	d402      	bmi.n	100006dc <i2c_write_blocking_internal+0x70>
100006d6:	2d00      	cmp	r5, #0
100006d8:	d1f2      	bne.n	100006c0 <i2c_write_blocking_internal+0x54>
100006da:	e7f6      	b.n	100006ca <i2c_write_blocking_internal+0x5e>
100006dc:	2b00      	cmp	r3, #0
100006de:	d109      	bne.n	100006f4 <i2c_write_blocking_internal+0x88>
100006e0:	6832      	ldr	r2, [r6, #0]
100006e2:	2180      	movs	r1, #128	; 0x80
100006e4:	5851      	ldr	r1, [r2, r1]
100006e6:	468b      	mov	fp, r1
100006e8:	2900      	cmp	r1, #0
100006ea:	d11f      	bne.n	1000072c <i2c_write_blocking_internal+0xc0>
100006ec:	2c00      	cmp	r4, #0
100006ee:	d12f      	bne.n	10000750 <i2c_write_blocking_internal+0xe4>
100006f0:	45c1      	cmp	r9, r8
100006f2:	d01e      	beq.n	10000732 <i2c_write_blocking_internal+0xc6>
100006f4:	2c00      	cmp	r4, #0
100006f6:	d133      	bne.n	10000760 <i2c_write_blocking_internal+0xf4>
100006f8:	2201      	movs	r2, #1
100006fa:	4694      	mov	ip, r2
100006fc:	44e0      	add	r8, ip
100006fe:	9801      	ldr	r0, [sp, #4]
10000700:	45d0      	cmp	r8, sl
10000702:	da2d      	bge.n	10000760 <i2c_write_blocking_internal+0xf4>
10000704:	9a02      	ldr	r2, [sp, #8]
10000706:	3a01      	subs	r2, #1
10000708:	4691      	mov	r9, r2
1000070a:	4642      	mov	r2, r8
1000070c:	2a00      	cmp	r2, #0
1000070e:	d0cb      	beq.n	100006a8 <i2c_write_blocking_internal+0x3c>
10000710:	2200      	movs	r2, #0
10000712:	0292      	lsls	r2, r2, #10
10000714:	45c1      	cmp	r9, r8
10000716:	d0cc      	beq.n	100006b2 <i2c_write_blocking_internal+0x46>
10000718:	2100      	movs	r1, #0
1000071a:	0249      	lsls	r1, r1, #9
1000071c:	430a      	orrs	r2, r1
1000071e:	1c41      	adds	r1, r0, #1
10000720:	9101      	str	r1, [sp, #4]
10000722:	7800      	ldrb	r0, [r0, #0]
10000724:	6831      	ldr	r1, [r6, #0]
10000726:	4302      	orrs	r2, r0
10000728:	610a      	str	r2, [r1, #16]
1000072a:	e7d4      	b.n	100006d6 <i2c_write_blocking_internal+0x6a>
1000072c:	6d52      	ldr	r2, [r2, #84]	; 0x54
1000072e:	2401      	movs	r4, #1
10000730:	e00e      	b.n	10000750 <i2c_write_blocking_internal+0xe4>
10000732:	9a03      	ldr	r2, [sp, #12]
10000734:	2a00      	cmp	r2, #0
10000736:	d1dd      	bne.n	100006f4 <i2c_write_blocking_internal+0x88>
10000738:	e00a      	b.n	10000750 <i2c_write_blocking_internal+0xe4>
1000073a:	0038      	movs	r0, r7
1000073c:	47a8      	blx	r5
1000073e:	0003      	movs	r3, r0
10000740:	4304      	orrs	r4, r0
10000742:	b2e4      	uxtb	r4, r4
10000744:	2b00      	cmp	r3, #0
10000746:	d106      	bne.n	10000756 <i2c_write_blocking_internal+0xea>
10000748:	6832      	ldr	r2, [r6, #0]
1000074a:	6b52      	ldr	r2, [r2, #52]	; 0x34
1000074c:	0592      	lsls	r2, r2, #22
1000074e:	d402      	bmi.n	10000756 <i2c_write_blocking_internal+0xea>
10000750:	2d00      	cmp	r5, #0
10000752:	d1f2      	bne.n	1000073a <i2c_write_blocking_internal+0xce>
10000754:	e7f6      	b.n	10000744 <i2c_write_blocking_internal+0xd8>
10000756:	2b00      	cmp	r3, #0
10000758:	d1cc      	bne.n	100006f4 <i2c_write_blocking_internal+0x88>
1000075a:	6832      	ldr	r2, [r6, #0]
1000075c:	6e12      	ldr	r2, [r2, #96]	; 0x60
1000075e:	e7c9      	b.n	100006f4 <i2c_write_blocking_internal+0x88>
10000760:	2c00      	cmp	r4, #0
10000762:	d009      	beq.n	10000778 <i2c_write_blocking_internal+0x10c>
10000764:	2b00      	cmp	r3, #0
10000766:	d115      	bne.n	10000794 <i2c_write_blocking_internal+0x128>
10000768:	465b      	mov	r3, fp
1000076a:	2b00      	cmp	r3, #0
1000076c:	d016      	beq.n	1000079c <i2c_write_blocking_internal+0x130>
1000076e:	07db      	lsls	r3, r3, #31
10000770:	d418      	bmi.n	100007a4 <i2c_write_blocking_internal+0x138>
10000772:	465b      	mov	r3, fp
10000774:	071b      	lsls	r3, r3, #28
10000776:	d509      	bpl.n	1000078c <i2c_write_blocking_internal+0x120>
10000778:	9b03      	ldr	r3, [sp, #12]
1000077a:	7133      	strb	r3, [r6, #4]
1000077c:	4640      	mov	r0, r8
1000077e:	b005      	add	sp, #20
10000780:	bcf0      	pop	{r4, r5, r6, r7}
10000782:	46bb      	mov	fp, r7
10000784:	46b2      	mov	sl, r6
10000786:	46a9      	mov	r9, r5
10000788:	46a0      	mov	r8, r4
1000078a:	bdf0      	pop	{r4, r5, r6, r7, pc}
1000078c:	2302      	movs	r3, #2
1000078e:	425b      	negs	r3, r3
10000790:	4698      	mov	r8, r3
10000792:	e7f1      	b.n	10000778 <i2c_write_blocking_internal+0x10c>
10000794:	2301      	movs	r3, #1
10000796:	425b      	negs	r3, r3
10000798:	4698      	mov	r8, r3
1000079a:	e7ed      	b.n	10000778 <i2c_write_blocking_internal+0x10c>
1000079c:	2302      	movs	r3, #2
1000079e:	425b      	negs	r3, r3
100007a0:	4698      	mov	r8, r3
100007a2:	e7e9      	b.n	10000778 <i2c_write_blocking_internal+0x10c>
100007a4:	2302      	movs	r3, #2
100007a6:	425b      	negs	r3, r3
100007a8:	4698      	mov	r8, r3
100007aa:	e7e5      	b.n	10000778 <i2c_write_blocking_internal+0x10c>

100007ac <i2c_read_blocking_internal>:
100007ac:	b5f0      	push	{r4, r5, r6, r7, lr}
100007ae:	46de      	mov	lr, fp
100007b0:	4657      	mov	r7, sl
100007b2:	464e      	mov	r6, r9
100007b4:	4645      	mov	r5, r8
100007b6:	b5e0      	push	{r5, r6, r7, lr}
100007b8:	b083      	sub	sp, #12
100007ba:	0005      	movs	r5, r0
100007bc:	4691      	mov	r9, r2
100007be:	469a      	mov	sl, r3
100007c0:	ab0c      	add	r3, sp, #48	; 0x30
100007c2:	781b      	ldrb	r3, [r3, #0]
100007c4:	9301      	str	r3, [sp, #4]
100007c6:	9e0d      	ldr	r6, [sp, #52]	; 0x34
100007c8:	9f0e      	ldr	r7, [sp, #56]	; 0x38
100007ca:	6803      	ldr	r3, [r0, #0]
100007cc:	2200      	movs	r2, #0
100007ce:	66da      	str	r2, [r3, #108]	; 0x6c
100007d0:	6803      	ldr	r3, [r0, #0]
100007d2:	6059      	str	r1, [r3, #4]
100007d4:	6803      	ldr	r3, [r0, #0]
100007d6:	3201      	adds	r2, #1
100007d8:	66da      	str	r2, [r3, #108]	; 0x6c
100007da:	46d3      	mov	fp, sl
100007dc:	2300      	movs	r3, #0
100007de:	4698      	mov	r8, r3
100007e0:	2400      	movs	r4, #0
100007e2:	e02a      	b.n	1000083a <i2c_read_blocking_internal+0x8e>
100007e4:	7929      	ldrb	r1, [r5, #4]
100007e6:	2900      	cmp	r1, #0
100007e8:	d033      	beq.n	10000852 <i2c_read_blocking_internal+0xa6>
100007ea:	2101      	movs	r1, #1
100007ec:	e031      	b.n	10000852 <i2c_read_blocking_internal+0xa6>
100007ee:	9801      	ldr	r0, [sp, #4]
100007f0:	2800      	cmp	r0, #0
100007f2:	d001      	beq.n	100007f8 <i2c_read_blocking_internal+0x4c>
100007f4:	2000      	movs	r0, #0
100007f6:	e030      	b.n	1000085a <i2c_read_blocking_internal+0xae>
100007f8:	2001      	movs	r0, #1
100007fa:	e02e      	b.n	1000085a <i2c_read_blocking_internal+0xae>
100007fc:	0038      	movs	r0, r7
100007fe:	47b0      	blx	r6
10000800:	0003      	movs	r3, r0
10000802:	4304      	orrs	r4, r0
10000804:	b2e4      	uxtb	r4, r4
10000806:	2c00      	cmp	r4, #0
10000808:	d10d      	bne.n	10000826 <i2c_read_blocking_internal+0x7a>
1000080a:	682a      	ldr	r2, [r5, #0]
1000080c:	6f92      	ldr	r2, [r2, #120]	; 0x78
1000080e:	2a00      	cmp	r2, #0
10000810:	d109      	bne.n	10000826 <i2c_read_blocking_internal+0x7a>
10000812:	682a      	ldr	r2, [r5, #0]
10000814:	2180      	movs	r1, #128	; 0x80
10000816:	5851      	ldr	r1, [r2, r1]
10000818:	6d54      	ldr	r4, [r2, #84]	; 0x54
1000081a:	1e62      	subs	r2, r4, #1
1000081c:	4194      	sbcs	r4, r2
1000081e:	b2e4      	uxtb	r4, r4
10000820:	2e00      	cmp	r6, #0
10000822:	d1eb      	bne.n	100007fc <i2c_read_blocking_internal+0x50>
10000824:	e7ef      	b.n	10000806 <i2c_read_blocking_internal+0x5a>
10000826:	2c00      	cmp	r4, #0
10000828:	d11e      	bne.n	10000868 <i2c_read_blocking_internal+0xbc>
1000082a:	682a      	ldr	r2, [r5, #0]
1000082c:	6912      	ldr	r2, [r2, #16]
1000082e:	4649      	mov	r1, r9
10000830:	700a      	strb	r2, [r1, #0]
10000832:	2201      	movs	r2, #1
10000834:	4694      	mov	ip, r2
10000836:	44e0      	add	r8, ip
10000838:	44e1      	add	r9, ip
1000083a:	45d8      	cmp	r8, fp
1000083c:	da14      	bge.n	10000868 <i2c_read_blocking_internal+0xbc>
1000083e:	4652      	mov	r2, sl
10000840:	1e54      	subs	r4, r2, #1
10000842:	682a      	ldr	r2, [r5, #0]
10000844:	6f51      	ldr	r1, [r2, #116]	; 0x74
10000846:	2910      	cmp	r1, #16
10000848:	d0fb      	beq.n	10000842 <i2c_read_blocking_internal+0x96>
1000084a:	4641      	mov	r1, r8
1000084c:	2900      	cmp	r1, #0
1000084e:	d0c9      	beq.n	100007e4 <i2c_read_blocking_internal+0x38>
10000850:	2100      	movs	r1, #0
10000852:	0289      	lsls	r1, r1, #10
10000854:	4544      	cmp	r4, r8
10000856:	d0ca      	beq.n	100007ee <i2c_read_blocking_internal+0x42>
10000858:	2000      	movs	r0, #0
1000085a:	0240      	lsls	r0, r0, #9
1000085c:	4308      	orrs	r0, r1
1000085e:	2180      	movs	r1, #128	; 0x80
10000860:	0049      	lsls	r1, r1, #1
10000862:	4301      	orrs	r1, r0
10000864:	6111      	str	r1, [r2, #16]
10000866:	e7d4      	b.n	10000812 <i2c_read_blocking_internal+0x66>
10000868:	2c00      	cmp	r4, #0
1000086a:	d004      	beq.n	10000876 <i2c_read_blocking_internal+0xca>
1000086c:	2b00      	cmp	r3, #0
1000086e:	d00c      	beq.n	1000088a <i2c_read_blocking_internal+0xde>
10000870:	2301      	movs	r3, #1
10000872:	425b      	negs	r3, r3
10000874:	4698      	mov	r8, r3
10000876:	9b01      	ldr	r3, [sp, #4]
10000878:	712b      	strb	r3, [r5, #4]
1000087a:	4640      	mov	r0, r8
1000087c:	b003      	add	sp, #12
1000087e:	bcf0      	pop	{r4, r5, r6, r7}
10000880:	46bb      	mov	fp, r7
10000882:	46b2      	mov	sl, r6
10000884:	46a9      	mov	r9, r5
10000886:	46a0      	mov	r8, r4
10000888:	bdf0      	pop	{r4, r5, r6, r7, pc}
1000088a:	2302      	movs	r3, #2
1000088c:	425b      	negs	r3, r3
1000088e:	4698      	mov	r8, r3
10000890:	e7f1      	b.n	10000876 <i2c_read_blocking_internal+0xca>
	...

10000894 <i2c_set_baudrate>:
10000894:	b5f0      	push	{r4, r5, r6, r7, lr}
10000896:	46d6      	mov	lr, sl
10000898:	464f      	mov	r7, r9
1000089a:	4646      	mov	r6, r8
1000089c:	b5c0      	push	{r6, r7, lr}
1000089e:	0005      	movs	r5, r0
100008a0:	000c      	movs	r4, r1
100008a2:	2005      	movs	r0, #5
100008a4:	f001 fda4 	bl	100023f0 <clock_get_hz>
100008a8:	0006      	movs	r6, r0
100008aa:	0860      	lsrs	r0, r4, #1
100008ac:	1980      	adds	r0, r0, r6
100008ae:	0021      	movs	r1, r4
100008b0:	f003 f928 	bl	10003b04 <__wrap___aeabi_uidiv>
100008b4:	0007      	movs	r7, r0
100008b6:	0043      	lsls	r3, r0, #1
100008b8:	4699      	mov	r9, r3
100008ba:	4481      	add	r9, r0
100008bc:	2105      	movs	r1, #5
100008be:	4648      	mov	r0, r9
100008c0:	f003 f920 	bl	10003b04 <__wrap___aeabi_uidiv>
100008c4:	4680      	mov	r8, r0
100008c6:	1a3b      	subs	r3, r7, r0
100008c8:	469a      	mov	sl, r3
100008ca:	4b28      	ldr	r3, [pc, #160]	; (1000096c <i2c_set_baudrate+0xd8>)
100008cc:	429c      	cmp	r4, r3
100008ce:	d824      	bhi.n	1000091a <i2c_set_baudrate+0x86>
100008d0:	0070      	lsls	r0, r6, #1
100008d2:	1980      	adds	r0, r0, r6
100008d4:	4926      	ldr	r1, [pc, #152]	; (10000970 <i2c_set_baudrate+0xdc>)
100008d6:	f003 f915 	bl	10003b04 <__wrap___aeabi_uidiv>
100008da:	1c44      	adds	r4, r0, #1
100008dc:	4643      	mov	r3, r8
100008de:	3b02      	subs	r3, #2
100008e0:	42a3      	cmp	r3, r4
100008e2:	d321      	bcc.n	10000928 <i2c_set_baudrate+0x94>
100008e4:	682b      	ldr	r3, [r5, #0]
100008e6:	2200      	movs	r2, #0
100008e8:	66da      	str	r2, [r3, #108]	; 0x6c
100008ea:	6829      	ldr	r1, [r5, #0]
100008ec:	680a      	ldr	r2, [r1, #0]
100008ee:	2304      	movs	r3, #4
100008f0:	4053      	eors	r3, r2
100008f2:	2206      	movs	r2, #6
100008f4:	401a      	ands	r2, r3
100008f6:	2380      	movs	r3, #128	; 0x80
100008f8:	015b      	lsls	r3, r3, #5
100008fa:	430b      	orrs	r3, r1
100008fc:	601a      	str	r2, [r3, #0]
100008fe:	682b      	ldr	r3, [r5, #0]
10000900:	4652      	mov	r2, sl
10000902:	61da      	str	r2, [r3, #28]
10000904:	682b      	ldr	r3, [r5, #0]
10000906:	4642      	mov	r2, r8
10000908:	621a      	str	r2, [r3, #32]
1000090a:	464b      	mov	r3, r9
1000090c:	2b4f      	cmp	r3, #79	; 0x4f
1000090e:	d911      	bls.n	10000934 <i2c_set_baudrate+0xa0>
10000910:	2150      	movs	r1, #80	; 0x50
10000912:	4648      	mov	r0, r9
10000914:	f003 f8f6 	bl	10003b04 <__wrap___aeabi_uidiv>
10000918:	e00d      	b.n	10000936 <i2c_set_baudrate+0xa2>
1000091a:	0070      	lsls	r0, r6, #1
1000091c:	1980      	adds	r0, r0, r6
1000091e:	4915      	ldr	r1, [pc, #84]	; (10000974 <i2c_set_baudrate+0xe0>)
10000920:	f003 f8f0 	bl	10003b04 <__wrap___aeabi_uidiv>
10000924:	1c44      	adds	r4, r0, #1
10000926:	e7d9      	b.n	100008dc <i2c_set_baudrate+0x48>
10000928:	4b13      	ldr	r3, [pc, #76]	; (10000978 <i2c_set_baudrate+0xe4>)
1000092a:	4a14      	ldr	r2, [pc, #80]	; (1000097c <i2c_set_baudrate+0xe8>)
1000092c:	215d      	movs	r1, #93	; 0x5d
1000092e:	4814      	ldr	r0, [pc, #80]	; (10000980 <i2c_set_baudrate+0xec>)
10000930:	f001 ff22 	bl	10002778 <__assert_func>
10000934:	2001      	movs	r0, #1
10000936:	23a0      	movs	r3, #160	; 0xa0
10000938:	682a      	ldr	r2, [r5, #0]
1000093a:	50d0      	str	r0, [r2, r3]
1000093c:	682a      	ldr	r2, [r5, #0]
1000093e:	0011      	movs	r1, r2
10000940:	317c      	adds	r1, #124	; 0x7c
10000942:	6fd0      	ldr	r0, [r2, #124]	; 0x7c
10000944:	4044      	eors	r4, r0
10000946:	0424      	lsls	r4, r4, #16
10000948:	0c24      	lsrs	r4, r4, #16
1000094a:	2380      	movs	r3, #128	; 0x80
1000094c:	015b      	lsls	r3, r3, #5
1000094e:	430b      	orrs	r3, r1
10000950:	601c      	str	r4, [r3, #0]
10000952:	682b      	ldr	r3, [r5, #0]
10000954:	2201      	movs	r2, #1
10000956:	66da      	str	r2, [r3, #108]	; 0x6c
10000958:	0039      	movs	r1, r7
1000095a:	0030      	movs	r0, r6
1000095c:	f003 f8d2 	bl	10003b04 <__wrap___aeabi_uidiv>
10000960:	bce0      	pop	{r5, r6, r7}
10000962:	46ba      	mov	sl, r7
10000964:	46b1      	mov	r9, r6
10000966:	46a8      	mov	r8, r5
10000968:	bdf0      	pop	{r4, r5, r6, r7, pc}
1000096a:	46c0      	nop			; (mov r8, r8)
1000096c:	000f423f 	.word	0x000f423f
10000970:	00989680 	.word	0x00989680
10000974:	017d7840 	.word	0x017d7840
10000978:	10004bf4 	.word	0x10004bf4
1000097c:	10004c70 	.word	0x10004c70
10000980:	10004c14 	.word	0x10004c14

10000984 <i2c_init>:
10000984:	b510      	push	{r4, lr}
10000986:	4b11      	ldr	r3, [pc, #68]	; (100009cc <i2c_init+0x48>)
10000988:	4298      	cmp	r0, r3
1000098a:	d01c      	beq.n	100009c6 <i2c_init+0x42>
1000098c:	2210      	movs	r2, #16
1000098e:	4b10      	ldr	r3, [pc, #64]	; (100009d0 <i2c_init+0x4c>)
10000990:	601a      	str	r2, [r3, #0]
10000992:	4b10      	ldr	r3, [pc, #64]	; (100009d4 <i2c_init+0x50>)
10000994:	601a      	str	r2, [r3, #0]
10000996:	4b10      	ldr	r3, [pc, #64]	; (100009d8 <i2c_init+0x54>)
10000998:	689b      	ldr	r3, [r3, #8]
1000099a:	0014      	movs	r4, r2
1000099c:	439c      	bics	r4, r3
1000099e:	1e23      	subs	r3, r4, #0
100009a0:	d1f9      	bne.n	10000996 <i2c_init+0x12>
100009a2:	7104      	strb	r4, [r0, #4]
100009a4:	6802      	ldr	r2, [r0, #0]
100009a6:	66d4      	str	r4, [r2, #108]	; 0x6c
100009a8:	6802      	ldr	r2, [r0, #0]
100009aa:	2466      	movs	r4, #102	; 0x66
100009ac:	34ff      	adds	r4, #255	; 0xff
100009ae:	6014      	str	r4, [r2, #0]
100009b0:	6802      	ldr	r2, [r0, #0]
100009b2:	63d3      	str	r3, [r2, #60]	; 0x3c
100009b4:	6802      	ldr	r2, [r0, #0]
100009b6:	6393      	str	r3, [r2, #56]	; 0x38
100009b8:	3388      	adds	r3, #136	; 0x88
100009ba:	2203      	movs	r2, #3
100009bc:	6804      	ldr	r4, [r0, #0]
100009be:	50e2      	str	r2, [r4, r3]
100009c0:	f7ff ff68 	bl	10000894 <i2c_set_baudrate>
100009c4:	bd10      	pop	{r4, pc}
100009c6:	2208      	movs	r2, #8
100009c8:	e7e1      	b.n	1000098e <i2c_init+0xa>
100009ca:	46c0      	nop			; (mov r8, r8)
100009cc:	200002e0 	.word	0x200002e0
100009d0:	4000e000 	.word	0x4000e000
100009d4:	4000f000 	.word	0x4000f000
100009d8:	4000c000 	.word	0x4000c000

100009dc <i2c_set_slave_mode>:
100009dc:	b510      	push	{r4, lr}
100009de:	6803      	ldr	r3, [r0, #0]
100009e0:	2400      	movs	r4, #0
100009e2:	66dc      	str	r4, [r3, #108]	; 0x6c
100009e4:	2900      	cmp	r1, #0
100009e6:	d010      	beq.n	10000a0a <i2c_set_slave_mode+0x2e>
100009e8:	6804      	ldr	r4, [r0, #0]
100009ea:	6821      	ldr	r1, [r4, #0]
100009ec:	2380      	movs	r3, #128	; 0x80
100009ee:	009b      	lsls	r3, r3, #2
100009f0:	404b      	eors	r3, r1
100009f2:	490b      	ldr	r1, [pc, #44]	; (10000a20 <i2c_set_slave_mode+0x44>)
100009f4:	400b      	ands	r3, r1
100009f6:	2180      	movs	r1, #128	; 0x80
100009f8:	0149      	lsls	r1, r1, #5
100009fa:	4321      	orrs	r1, r4
100009fc:	600b      	str	r3, [r1, #0]
100009fe:	6803      	ldr	r3, [r0, #0]
10000a00:	609a      	str	r2, [r3, #8]
10000a02:	6803      	ldr	r3, [r0, #0]
10000a04:	2201      	movs	r2, #1
10000a06:	66da      	str	r2, [r3, #108]	; 0x6c
10000a08:	bd10      	pop	{r4, pc}
10000a0a:	6801      	ldr	r1, [r0, #0]
10000a0c:	680b      	ldr	r3, [r1, #0]
10000a0e:	2241      	movs	r2, #65	; 0x41
10000a10:	4053      	eors	r3, r2
10000a12:	4a03      	ldr	r2, [pc, #12]	; (10000a20 <i2c_set_slave_mode+0x44>)
10000a14:	4013      	ands	r3, r2
10000a16:	2280      	movs	r2, #128	; 0x80
10000a18:	0152      	lsls	r2, r2, #5
10000a1a:	430a      	orrs	r2, r1
10000a1c:	6013      	str	r3, [r2, #0]
10000a1e:	e7f0      	b.n	10000a02 <i2c_set_slave_mode+0x26>
10000a20:	00000241 	.word	0x00000241

10000a24 <i2c_write_blocking>:
10000a24:	b530      	push	{r4, r5, lr}
10000a26:	b085      	sub	sp, #20
10000a28:	ac08      	add	r4, sp, #32
10000a2a:	7825      	ldrb	r5, [r4, #0]
10000a2c:	2400      	movs	r4, #0
10000a2e:	9402      	str	r4, [sp, #8]
10000a30:	9401      	str	r4, [sp, #4]
10000a32:	9500      	str	r5, [sp, #0]
10000a34:	f7ff fe1a 	bl	1000066c <i2c_write_blocking_internal>
10000a38:	b005      	add	sp, #20
10000a3a:	bd30      	pop	{r4, r5, pc}

10000a3c <i2c_read_blocking>:
10000a3c:	b530      	push	{r4, r5, lr}
10000a3e:	b085      	sub	sp, #20
10000a40:	ac08      	add	r4, sp, #32
10000a42:	7825      	ldrb	r5, [r4, #0]
10000a44:	2400      	movs	r4, #0
10000a46:	9402      	str	r4, [sp, #8]
10000a48:	9401      	str	r4, [sp, #4]
10000a4a:	9500      	str	r5, [sp, #0]
10000a4c:	f7ff feae 	bl	100007ac <i2c_read_blocking_internal>
10000a50:	b005      	add	sp, #20
10000a52:	bd30      	pop	{r4, r5, pc}

10000a54 <running_on_fpga>:
10000a54:	4b03      	ldr	r3, [pc, #12]	; (10000a64 <running_on_fpga+0x10>)
10000a56:	681b      	ldr	r3, [r3, #0]
10000a58:	2002      	movs	r0, #2
10000a5a:	4018      	ands	r0, r3
10000a5c:	1e43      	subs	r3, r0, #1
10000a5e:	4198      	sbcs	r0, r3
10000a60:	b2c0      	uxtb	r0, r0
10000a62:	4770      	bx	lr
10000a64:	4006c000 	.word	0x4006c000

10000a68 <hw_claim_lock>:
10000a68:	f3ef 8010 	mrs	r0, PRIMASK
10000a6c:	b672      	cpsid	i
10000a6e:	4b03      	ldr	r3, [pc, #12]	; (10000a7c <hw_claim_lock+0x14>)
10000a70:	681b      	ldr	r3, [r3, #0]
10000a72:	2b00      	cmp	r3, #0
10000a74:	d0fb      	beq.n	10000a6e <hw_claim_lock+0x6>
10000a76:	f3bf 8f5f 	dmb	sy
10000a7a:	4770      	bx	lr
10000a7c:	d000012c 	.word	0xd000012c

10000a80 <hw_claim_unlock>:
10000a80:	f3bf 8f5f 	dmb	sy
10000a84:	4b02      	ldr	r3, [pc, #8]	; (10000a90 <hw_claim_unlock+0x10>)
10000a86:	2200      	movs	r2, #0
10000a88:	601a      	str	r2, [r3, #0]
10000a8a:	f380 8810 	msr	PRIMASK, r0
10000a8e:	4770      	bx	lr
10000a90:	d000012c 	.word	0xd000012c

10000a94 <hw_claim_or_assert>:
10000a94:	b5f8      	push	{r3, r4, r5, r6, r7, lr}
10000a96:	0006      	movs	r6, r0
10000a98:	000c      	movs	r4, r1
10000a9a:	0015      	movs	r5, r2
10000a9c:	f7ff ffe4 	bl	10000a68 <hw_claim_lock>
10000aa0:	08e3      	lsrs	r3, r4, #3
10000aa2:	18f7      	adds	r7, r6, r3
10000aa4:	5cf1      	ldrb	r1, [r6, r3]
10000aa6:	2207      	movs	r2, #7
10000aa8:	4022      	ands	r2, r4
10000aaa:	2301      	movs	r3, #1
10000aac:	4093      	lsls	r3, r2
10000aae:	420b      	tst	r3, r1
10000ab0:	d105      	bne.n	10000abe <hw_claim_or_assert+0x2a>
10000ab2:	b2db      	uxtb	r3, r3
10000ab4:	430b      	orrs	r3, r1
10000ab6:	703b      	strb	r3, [r7, #0]
10000ab8:	f7ff ffe2 	bl	10000a80 <hw_claim_unlock>
10000abc:	bdf8      	pop	{r3, r4, r5, r6, r7, pc}
10000abe:	0021      	movs	r1, r4
10000ac0:	0028      	movs	r0, r5
10000ac2:	f001 fef3 	bl	100028ac <panic>
	...

10000ac8 <spin_locks_reset>:
10000ac8:	2300      	movs	r3, #0
10000aca:	e007      	b.n	10000adc <spin_locks_reset+0x14>
10000acc:	4a05      	ldr	r2, [pc, #20]	; (10000ae4 <spin_locks_reset+0x1c>)
10000ace:	189a      	adds	r2, r3, r2
10000ad0:	0092      	lsls	r2, r2, #2
10000ad2:	f3bf 8f5f 	dmb	sy
10000ad6:	2100      	movs	r1, #0
10000ad8:	6011      	str	r1, [r2, #0]
10000ada:	3301      	adds	r3, #1
10000adc:	2b1f      	cmp	r3, #31
10000ade:	d9f5      	bls.n	10000acc <spin_locks_reset+0x4>
10000ae0:	4770      	bx	lr
10000ae2:	46c0      	nop			; (mov r8, r8)
10000ae4:	34000040 	.word	0x34000040

10000ae8 <next_striped_spin_lock_num>:
10000ae8:	4a05      	ldr	r2, [pc, #20]	; (10000b00 <next_striped_spin_lock_num+0x18>)
10000aea:	7810      	ldrb	r0, [r2, #0]
10000aec:	1c43      	adds	r3, r0, #1
10000aee:	b2db      	uxtb	r3, r3
10000af0:	7013      	strb	r3, [r2, #0]
10000af2:	2b17      	cmp	r3, #23
10000af4:	d902      	bls.n	10000afc <next_striped_spin_lock_num+0x14>
10000af6:	0013      	movs	r3, r2
10000af8:	2210      	movs	r2, #16
10000afa:	701a      	strb	r2, [r3, #0]
10000afc:	4770      	bx	lr
10000afe:	46c0      	nop			; (mov r8, r8)
10000b00:	200002f0 	.word	0x200002f0

10000b04 <alarm_pool_post_alloc_init>:
10000b04:	b570      	push	{r4, r5, r6, lr}
10000b06:	0005      	movs	r5, r0
10000b08:	000c      	movs	r4, r1
10000b0a:	0008      	movs	r0, r1
10000b0c:	f000 fefe 	bl	1000190c <hardware_alarm_cancel>
10000b10:	4909      	ldr	r1, [pc, #36]	; (10000b38 <alarm_pool_post_alloc_init+0x34>)
10000b12:	0020      	movs	r0, r4
10000b14:	f000 fe3e 	bl	10001794 <hardware_alarm_set_callback>
10000b18:	f7ff ffe6 	bl	10000ae8 <next_striped_spin_lock_num>
10000b1c:	4b07      	ldr	r3, [pc, #28]	; (10000b3c <alarm_pool_post_alloc_init+0x38>)
10000b1e:	469c      	mov	ip, r3
10000b20:	4460      	add	r0, ip
10000b22:	0080      	lsls	r0, r0, #2
10000b24:	6068      	str	r0, [r5, #4]
10000b26:	752c      	strb	r4, [r5, #20]
10000b28:	23d0      	movs	r3, #208	; 0xd0
10000b2a:	061b      	lsls	r3, r3, #24
10000b2c:	781b      	ldrb	r3, [r3, #0]
10000b2e:	756b      	strb	r3, [r5, #21]
10000b30:	00a4      	lsls	r4, r4, #2
10000b32:	4b03      	ldr	r3, [pc, #12]	; (10000b40 <alarm_pool_post_alloc_init+0x3c>)
10000b34:	50e5      	str	r5, [r4, r3]
10000b36:	bd70      	pop	{r4, r5, r6, pc}
10000b38:	10000e49 	.word	0x10000e49
10000b3c:	34000040 	.word	0x34000040
10000b40:	20000680 	.word	0x20000680

10000b44 <sleep_until_callback>:
10000b44:	4b0a      	ldr	r3, [pc, #40]	; (10000b70 <sleep_until_callback+0x2c>)
10000b46:	681a      	ldr	r2, [r3, #0]
10000b48:	f3ef 8110 	mrs	r1, PRIMASK
10000b4c:	b672      	cpsid	i
10000b4e:	6813      	ldr	r3, [r2, #0]
10000b50:	2b00      	cmp	r3, #0
10000b52:	d0fc      	beq.n	10000b4e <sleep_until_callback+0xa>
10000b54:	f3bf 8f5f 	dmb	sy
10000b58:	4b05      	ldr	r3, [pc, #20]	; (10000b70 <sleep_until_callback+0x2c>)
10000b5a:	681b      	ldr	r3, [r3, #0]
10000b5c:	f3bf 8f5f 	dmb	sy
10000b60:	2200      	movs	r2, #0
10000b62:	601a      	str	r2, [r3, #0]
10000b64:	f381 8810 	msr	PRIMASK, r1
10000b68:	bf40      	sev
10000b6a:	2000      	movs	r0, #0
10000b6c:	2100      	movs	r1, #0
10000b6e:	4770      	bx	lr
10000b70:	20000894 	.word	0x20000894

10000b74 <timer_pool_entry_comparator>:
10000b74:	b510      	push	{r4, lr}
10000b76:	2900      	cmp	r1, #0
10000b78:	d022      	beq.n	10000bc0 <timer_pool_entry_comparator+0x4c>
10000b7a:	6803      	ldr	r3, [r0, #0]
10000b7c:	7b1b      	ldrb	r3, [r3, #12]
10000b7e:	4299      	cmp	r1, r3
10000b80:	d81e      	bhi.n	10000bc0 <timer_pool_entry_comparator+0x4c>
10000b82:	4b17      	ldr	r3, [pc, #92]	; (10000be0 <timer_pool_entry_comparator+0x6c>)
10000b84:	469c      	mov	ip, r3
10000b86:	4461      	add	r1, ip
10000b88:	0109      	lsls	r1, r1, #4
10000b8a:	6883      	ldr	r3, [r0, #8]
10000b8c:	469c      	mov	ip, r3
10000b8e:	4461      	add	r1, ip
10000b90:	680c      	ldr	r4, [r1, #0]
10000b92:	6849      	ldr	r1, [r1, #4]
10000b94:	2a00      	cmp	r2, #0
10000b96:	d019      	beq.n	10000bcc <timer_pool_entry_comparator+0x58>
10000b98:	6803      	ldr	r3, [r0, #0]
10000b9a:	7b1b      	ldrb	r3, [r3, #12]
10000b9c:	429a      	cmp	r2, r3
10000b9e:	d815      	bhi.n	10000bcc <timer_pool_entry_comparator+0x58>
10000ba0:	6883      	ldr	r3, [r0, #8]
10000ba2:	480f      	ldr	r0, [pc, #60]	; (10000be0 <timer_pool_entry_comparator+0x6c>)
10000ba4:	4684      	mov	ip, r0
10000ba6:	4462      	add	r2, ip
10000ba8:	0112      	lsls	r2, r2, #4
10000baa:	189a      	adds	r2, r3, r2
10000bac:	6810      	ldr	r0, [r2, #0]
10000bae:	6853      	ldr	r3, [r2, #4]
10000bb0:	0002      	movs	r2, r0
10000bb2:	2001      	movs	r0, #1
10000bb4:	428b      	cmp	r3, r1
10000bb6:	d801      	bhi.n	10000bbc <timer_pool_entry_comparator+0x48>
10000bb8:	d00e      	beq.n	10000bd8 <timer_pool_entry_comparator+0x64>
10000bba:	2000      	movs	r0, #0
10000bbc:	b2c0      	uxtb	r0, r0
10000bbe:	bd10      	pop	{r4, pc}
10000bc0:	4b08      	ldr	r3, [pc, #32]	; (10000be4 <timer_pool_entry_comparator+0x70>)
10000bc2:	4a09      	ldr	r2, [pc, #36]	; (10000be8 <timer_pool_entry_comparator+0x74>)
10000bc4:	213c      	movs	r1, #60	; 0x3c
10000bc6:	4809      	ldr	r0, [pc, #36]	; (10000bec <timer_pool_entry_comparator+0x78>)
10000bc8:	f001 fdd6 	bl	10002778 <__assert_func>
10000bcc:	4b05      	ldr	r3, [pc, #20]	; (10000be4 <timer_pool_entry_comparator+0x70>)
10000bce:	4a06      	ldr	r2, [pc, #24]	; (10000be8 <timer_pool_entry_comparator+0x74>)
10000bd0:	213c      	movs	r1, #60	; 0x3c
10000bd2:	4806      	ldr	r0, [pc, #24]	; (10000bec <timer_pool_entry_comparator+0x78>)
10000bd4:	f001 fdd0 	bl	10002778 <__assert_func>
10000bd8:	42a2      	cmp	r2, r4
10000bda:	d8ef      	bhi.n	10000bbc <timer_pool_entry_comparator+0x48>
10000bdc:	e7ed      	b.n	10000bba <timer_pool_entry_comparator+0x46>
10000bde:	46c0      	nop			; (mov r8, r8)
10000be0:	0fffffff 	.word	0x0fffffff
10000be4:	10004cec 	.word	0x10004cec
10000be8:	10004fec 	.word	0x10004fec
10000bec:	10004c98 	.word	0x10004c98

10000bf0 <ph_add_child_node>:
10000bf0:	b510      	push	{r4, lr}
10000bf2:	2900      	cmp	r1, #0
10000bf4:	d01e      	beq.n	10000c34 <ph_add_child_node+0x44>
10000bf6:	7b03      	ldrb	r3, [r0, #12]
10000bf8:	4299      	cmp	r1, r3
10000bfa:	d81b      	bhi.n	10000c34 <ph_add_child_node+0x44>
10000bfc:	004b      	lsls	r3, r1, #1
10000bfe:	185b      	adds	r3, r3, r1
10000c00:	3b03      	subs	r3, #3
10000c02:	6804      	ldr	r4, [r0, #0]
10000c04:	46a4      	mov	ip, r4
10000c06:	4463      	add	r3, ip
10000c08:	2900      	cmp	r1, #0
10000c0a:	d019      	beq.n	10000c40 <ph_add_child_node+0x50>
10000c0c:	2a00      	cmp	r2, #0
10000c0e:	d01d      	beq.n	10000c4c <ph_add_child_node+0x5c>
10000c10:	4291      	cmp	r1, r2
10000c12:	d021      	beq.n	10000c58 <ph_add_child_node+0x68>
10000c14:	2a00      	cmp	r2, #0
10000c16:	d025      	beq.n	10000c64 <ph_add_child_node+0x74>
10000c18:	7b04      	ldrb	r4, [r0, #12]
10000c1a:	42a2      	cmp	r2, r4
10000c1c:	d822      	bhi.n	10000c64 <ph_add_child_node+0x74>
10000c1e:	6804      	ldr	r4, [r0, #0]
10000c20:	0050      	lsls	r0, r2, #1
10000c22:	1880      	adds	r0, r0, r2
10000c24:	3803      	subs	r0, #3
10000c26:	1820      	adds	r0, r4, r0
10000c28:	7081      	strb	r1, [r0, #2]
10000c2a:	7819      	ldrb	r1, [r3, #0]
10000c2c:	2900      	cmp	r1, #0
10000c2e:	d11f      	bne.n	10000c70 <ph_add_child_node+0x80>
10000c30:	701a      	strb	r2, [r3, #0]
10000c32:	bd10      	pop	{r4, pc}
10000c34:	4b10      	ldr	r3, [pc, #64]	; (10000c78 <ph_add_child_node+0x88>)
10000c36:	4a11      	ldr	r2, [pc, #68]	; (10000c7c <ph_add_child_node+0x8c>)
10000c38:	2168      	movs	r1, #104	; 0x68
10000c3a:	4811      	ldr	r0, [pc, #68]	; (10000c80 <ph_add_child_node+0x90>)
10000c3c:	f001 fd9c 	bl	10002778 <__assert_func>
10000c40:	4b10      	ldr	r3, [pc, #64]	; (10000c84 <ph_add_child_node+0x94>)
10000c42:	4a11      	ldr	r2, [pc, #68]	; (10000c88 <ph_add_child_node+0x98>)
10000c44:	316f      	adds	r1, #111	; 0x6f
10000c46:	480e      	ldr	r0, [pc, #56]	; (10000c80 <ph_add_child_node+0x90>)
10000c48:	f001 fd96 	bl	10002778 <__assert_func>
10000c4c:	4b0f      	ldr	r3, [pc, #60]	; (10000c8c <ph_add_child_node+0x9c>)
10000c4e:	4a0e      	ldr	r2, [pc, #56]	; (10000c88 <ph_add_child_node+0x98>)
10000c50:	2170      	movs	r1, #112	; 0x70
10000c52:	480b      	ldr	r0, [pc, #44]	; (10000c80 <ph_add_child_node+0x90>)
10000c54:	f001 fd90 	bl	10002778 <__assert_func>
10000c58:	4b0d      	ldr	r3, [pc, #52]	; (10000c90 <ph_add_child_node+0xa0>)
10000c5a:	4a0b      	ldr	r2, [pc, #44]	; (10000c88 <ph_add_child_node+0x98>)
10000c5c:	2171      	movs	r1, #113	; 0x71
10000c5e:	4808      	ldr	r0, [pc, #32]	; (10000c80 <ph_add_child_node+0x90>)
10000c60:	f001 fd8a 	bl	10002778 <__assert_func>
10000c64:	4b04      	ldr	r3, [pc, #16]	; (10000c78 <ph_add_child_node+0x88>)
10000c66:	4a05      	ldr	r2, [pc, #20]	; (10000c7c <ph_add_child_node+0x8c>)
10000c68:	2168      	movs	r1, #104	; 0x68
10000c6a:	4805      	ldr	r0, [pc, #20]	; (10000c80 <ph_add_child_node+0x90>)
10000c6c:	f001 fd84 	bl	10002778 <__assert_func>
10000c70:	7041      	strb	r1, [r0, #1]
10000c72:	701a      	strb	r2, [r3, #0]
10000c74:	e7dd      	b.n	10000c32 <ph_add_child_node+0x42>
10000c76:	46c0      	nop			; (mov r8, r8)
10000c78:	10004d10 	.word	0x10004d10
10000c7c:	10005058 	.word	0x10005058
10000c80:	10004d2c 	.word	0x10004d2c
10000c84:	10004d94 	.word	0x10004d94
10000c88:	10005034 	.word	0x10005034
10000c8c:	10004da0 	.word	0x10004da0
10000c90:	10004dac 	.word	0x10004dac

10000c94 <ph_merge_nodes>:
10000c94:	b570      	push	{r4, r5, r6, lr}
10000c96:	0006      	movs	r6, r0
10000c98:	000d      	movs	r5, r1
10000c9a:	0014      	movs	r4, r2
10000c9c:	2900      	cmp	r1, #0
10000c9e:	d014      	beq.n	10000cca <ph_merge_nodes+0x36>
10000ca0:	2a00      	cmp	r2, #0
10000ca2:	d014      	beq.n	10000cce <ph_merge_nodes+0x3a>
10000ca4:	6880      	ldr	r0, [r0, #8]
10000ca6:	6873      	ldr	r3, [r6, #4]
10000ca8:	4798      	blx	r3
10000caa:	2800      	cmp	r0, #0
10000cac:	d006      	beq.n	10000cbc <ph_merge_nodes+0x28>
10000cae:	0022      	movs	r2, r4
10000cb0:	0029      	movs	r1, r5
10000cb2:	0030      	movs	r0, r6
10000cb4:	f7ff ff9c 	bl	10000bf0 <ph_add_child_node>
10000cb8:	0028      	movs	r0, r5
10000cba:	e007      	b.n	10000ccc <ph_merge_nodes+0x38>
10000cbc:	002a      	movs	r2, r5
10000cbe:	0021      	movs	r1, r4
10000cc0:	0030      	movs	r0, r6
10000cc2:	f7ff ff95 	bl	10000bf0 <ph_add_child_node>
10000cc6:	0020      	movs	r0, r4
10000cc8:	e000      	b.n	10000ccc <ph_merge_nodes+0x38>
10000cca:	0010      	movs	r0, r2
10000ccc:	bd70      	pop	{r4, r5, r6, pc}
10000cce:	0008      	movs	r0, r1
10000cd0:	e7fc      	b.n	10000ccc <ph_merge_nodes+0x38>
	...

10000cd4 <add_alarm_under_lock>:
10000cd4:	b5f0      	push	{r4, r5, r6, r7, lr}
10000cd6:	b083      	sub	sp, #12
10000cd8:	0005      	movs	r5, r0
10000cda:	9200      	str	r2, [sp, #0]
10000cdc:	9301      	str	r3, [sp, #4]
10000cde:	ab0a      	add	r3, sp, #40	; 0x28
10000ce0:	781c      	ldrb	r4, [r3, #0]
10000ce2:	ab0b      	add	r3, sp, #44	; 0x2c
10000ce4:	781f      	ldrb	r7, [r3, #0]
10000ce6:	2c00      	cmp	r4, #0
10000ce8:	d026      	beq.n	10000d38 <add_alarm_under_lock+0x64>
10000cea:	6803      	ldr	r3, [r0, #0]
10000cec:	7b5a      	ldrb	r2, [r3, #13]
10000cee:	4294      	cmp	r4, r2
10000cf0:	d107      	bne.n	10000d02 <add_alarm_under_lock+0x2e>
10000cf2:	2301      	movs	r3, #1
10000cf4:	2b00      	cmp	r3, #0
10000cf6:	d119      	bne.n	10000d2c <add_alarm_under_lock+0x58>
10000cf8:	2c00      	cmp	r4, #0
10000cfa:	d13b      	bne.n	10000d74 <add_alarm_under_lock+0xa0>
10000cfc:	0020      	movs	r0, r4
10000cfe:	b003      	add	sp, #12
10000d00:	bdf0      	pop	{r4, r5, r6, r7, pc}
10000d02:	2c00      	cmp	r4, #0
10000d04:	d00c      	beq.n	10000d20 <add_alarm_under_lock+0x4c>
10000d06:	7b1a      	ldrb	r2, [r3, #12]
10000d08:	4294      	cmp	r4, r2
10000d0a:	d809      	bhi.n	10000d20 <add_alarm_under_lock+0x4c>
10000d0c:	681a      	ldr	r2, [r3, #0]
10000d0e:	0063      	lsls	r3, r4, #1
10000d10:	191b      	adds	r3, r3, r4
10000d12:	3b03      	subs	r3, #3
10000d14:	18d3      	adds	r3, r2, r3
10000d16:	789b      	ldrb	r3, [r3, #2]
10000d18:	2b00      	cmp	r3, #0
10000d1a:	d0eb      	beq.n	10000cf4 <add_alarm_under_lock+0x20>
10000d1c:	2301      	movs	r3, #1
10000d1e:	e7e9      	b.n	10000cf4 <add_alarm_under_lock+0x20>
10000d20:	4b3e      	ldr	r3, [pc, #248]	; (10000e1c <add_alarm_under_lock+0x148>)
10000d22:	4a3f      	ldr	r2, [pc, #252]	; (10000e20 <add_alarm_under_lock+0x14c>)
10000d24:	2168      	movs	r1, #104	; 0x68
10000d26:	483f      	ldr	r0, [pc, #252]	; (10000e24 <add_alarm_under_lock+0x150>)
10000d28:	f001 fd26 	bl	10002778 <__assert_func>
10000d2c:	4b3e      	ldr	r3, [pc, #248]	; (10000e28 <add_alarm_under_lock+0x154>)
10000d2e:	4a3f      	ldr	r2, [pc, #252]	; (10000e2c <add_alarm_under_lock+0x158>)
10000d30:	2167      	movs	r1, #103	; 0x67
10000d32:	483f      	ldr	r0, [pc, #252]	; (10000e30 <add_alarm_under_lock+0x15c>)
10000d34:	f001 fd20 	bl	10002778 <__assert_func>
10000d38:	6803      	ldr	r3, [r0, #0]
10000d3a:	7b9c      	ldrb	r4, [r3, #14]
10000d3c:	2c00      	cmp	r4, #0
10000d3e:	d0db      	beq.n	10000cf8 <add_alarm_under_lock+0x24>
10000d40:	d012      	beq.n	10000d68 <add_alarm_under_lock+0x94>
10000d42:	7b1a      	ldrb	r2, [r3, #12]
10000d44:	4294      	cmp	r4, r2
10000d46:	d80f      	bhi.n	10000d68 <add_alarm_under_lock+0x94>
10000d48:	0062      	lsls	r2, r4, #1
10000d4a:	1912      	adds	r2, r2, r4
10000d4c:	3a03      	subs	r2, #3
10000d4e:	6819      	ldr	r1, [r3, #0]
10000d50:	468c      	mov	ip, r1
10000d52:	4462      	add	r2, ip
10000d54:	7851      	ldrb	r1, [r2, #1]
10000d56:	7399      	strb	r1, [r3, #14]
10000d58:	2900      	cmp	r1, #0
10000d5a:	d100      	bne.n	10000d5e <add_alarm_under_lock+0x8a>
10000d5c:	73d9      	strb	r1, [r3, #15]
10000d5e:	2300      	movs	r3, #0
10000d60:	7093      	strb	r3, [r2, #2]
10000d62:	7053      	strb	r3, [r2, #1]
10000d64:	7013      	strb	r3, [r2, #0]
10000d66:	e7c7      	b.n	10000cf8 <add_alarm_under_lock+0x24>
10000d68:	4b2c      	ldr	r3, [pc, #176]	; (10000e1c <add_alarm_under_lock+0x148>)
10000d6a:	4a2d      	ldr	r2, [pc, #180]	; (10000e20 <add_alarm_under_lock+0x14c>)
10000d6c:	2168      	movs	r1, #104	; 0x68
10000d6e:	482d      	ldr	r0, [pc, #180]	; (10000e24 <add_alarm_under_lock+0x150>)
10000d70:	f001 fd02 	bl	10002778 <__assert_func>
10000d74:	2c00      	cmp	r4, #0
10000d76:	d03a      	beq.n	10000dee <add_alarm_under_lock+0x11a>
10000d78:	682b      	ldr	r3, [r5, #0]
10000d7a:	7b1b      	ldrb	r3, [r3, #12]
10000d7c:	429c      	cmp	r4, r3
10000d7e:	d836      	bhi.n	10000dee <add_alarm_under_lock+0x11a>
10000d80:	4b2c      	ldr	r3, [pc, #176]	; (10000e34 <add_alarm_under_lock+0x160>)
10000d82:	18e3      	adds	r3, r4, r3
10000d84:	011b      	lsls	r3, r3, #4
10000d86:	68aa      	ldr	r2, [r5, #8]
10000d88:	4694      	mov	ip, r2
10000d8a:	4463      	add	r3, ip
10000d8c:	9a00      	ldr	r2, [sp, #0]
10000d8e:	601a      	str	r2, [r3, #0]
10000d90:	9a01      	ldr	r2, [sp, #4]
10000d92:	605a      	str	r2, [r3, #4]
10000d94:	9a08      	ldr	r2, [sp, #32]
10000d96:	609a      	str	r2, [r3, #8]
10000d98:	9a09      	ldr	r2, [sp, #36]	; 0x24
10000d9a:	60da      	str	r2, [r3, #12]
10000d9c:	682e      	ldr	r6, [r5, #0]
10000d9e:	2c00      	cmp	r4, #0
10000da0:	d02b      	beq.n	10000dfa <add_alarm_under_lock+0x126>
10000da2:	d030      	beq.n	10000e06 <add_alarm_under_lock+0x132>
10000da4:	7b33      	ldrb	r3, [r6, #12]
10000da6:	429c      	cmp	r4, r3
10000da8:	d82d      	bhi.n	10000e06 <add_alarm_under_lock+0x132>
10000daa:	0063      	lsls	r3, r4, #1
10000dac:	191b      	adds	r3, r3, r4
10000dae:	3b03      	subs	r3, #3
10000db0:	6832      	ldr	r2, [r6, #0]
10000db2:	4694      	mov	ip, r2
10000db4:	4463      	add	r3, ip
10000db6:	2200      	movs	r2, #0
10000db8:	709a      	strb	r2, [r3, #2]
10000dba:	705a      	strb	r2, [r3, #1]
10000dbc:	701a      	strb	r2, [r3, #0]
10000dbe:	7b71      	ldrb	r1, [r6, #13]
10000dc0:	0022      	movs	r2, r4
10000dc2:	0030      	movs	r0, r6
10000dc4:	f7ff ff66 	bl	10000c94 <ph_merge_nodes>
10000dc8:	7370      	strb	r0, [r6, #13]
10000dca:	4284      	cmp	r4, r0
10000dcc:	d000      	beq.n	10000dd0 <add_alarm_under_lock+0xfc>
10000dce:	e795      	b.n	10000cfc <add_alarm_under_lock+0x28>
10000dd0:	7d28      	ldrb	r0, [r5, #20]
10000dd2:	9a00      	ldr	r2, [sp, #0]
10000dd4:	9b01      	ldr	r3, [sp, #4]
10000dd6:	f000 fd25 	bl	10001824 <hardware_alarm_set_target>
10000dda:	1e06      	subs	r6, r0, #0
10000ddc:	d001      	beq.n	10000de2 <add_alarm_under_lock+0x10e>
10000dde:	2f00      	cmp	r7, #0
10000de0:	d017      	beq.n	10000e12 <add_alarm_under_lock+0x13e>
10000de2:	9b0c      	ldr	r3, [sp, #48]	; 0x30
10000de4:	2b00      	cmp	r3, #0
10000de6:	d100      	bne.n	10000dea <add_alarm_under_lock+0x116>
10000de8:	e788      	b.n	10000cfc <add_alarm_under_lock+0x28>
10000dea:	701e      	strb	r6, [r3, #0]
10000dec:	e786      	b.n	10000cfc <add_alarm_under_lock+0x28>
10000dee:	4b12      	ldr	r3, [pc, #72]	; (10000e38 <add_alarm_under_lock+0x164>)
10000df0:	4a12      	ldr	r2, [pc, #72]	; (10000e3c <add_alarm_under_lock+0x168>)
10000df2:	213c      	movs	r1, #60	; 0x3c
10000df4:	480e      	ldr	r0, [pc, #56]	; (10000e30 <add_alarm_under_lock+0x15c>)
10000df6:	f001 fcbf 	bl	10002778 <__assert_func>
10000dfa:	4b11      	ldr	r3, [pc, #68]	; (10000e40 <add_alarm_under_lock+0x16c>)
10000dfc:	4a11      	ldr	r2, [pc, #68]	; (10000e44 <add_alarm_under_lock+0x170>)
10000dfe:	21a5      	movs	r1, #165	; 0xa5
10000e00:	4808      	ldr	r0, [pc, #32]	; (10000e24 <add_alarm_under_lock+0x150>)
10000e02:	f001 fcb9 	bl	10002778 <__assert_func>
10000e06:	4b05      	ldr	r3, [pc, #20]	; (10000e1c <add_alarm_under_lock+0x148>)
10000e08:	4a05      	ldr	r2, [pc, #20]	; (10000e20 <add_alarm_under_lock+0x14c>)
10000e0a:	2168      	movs	r1, #104	; 0x68
10000e0c:	4805      	ldr	r0, [pc, #20]	; (10000e24 <add_alarm_under_lock+0x150>)
10000e0e:	f001 fcb3 	bl	10002778 <__assert_func>
10000e12:	6828      	ldr	r0, [r5, #0]
10000e14:	0021      	movs	r1, r4
10000e16:	f001 f96b 	bl	100020f0 <ph_remove_and_free_node>
10000e1a:	e7e2      	b.n	10000de2 <add_alarm_under_lock+0x10e>
10000e1c:	10004d10 	.word	0x10004d10
10000e20:	10005058 	.word	0x10005058
10000e24:	10004d2c 	.word	0x10004d2c
10000e28:	10004dc4 	.word	0x10004dc4
10000e2c:	10005064 	.word	0x10005064
10000e30:	10004c98 	.word	0x10004c98
10000e34:	0fffffff 	.word	0x0fffffff
10000e38:	10004cec 	.word	0x10004cec
10000e3c:	10004fec 	.word	0x10004fec
10000e40:	10004c94 	.word	0x10004c94
10000e44:	10005048 	.word	0x10005048

10000e48 <alarm_pool_alarm_callback>:
10000e48:	b5f0      	push	{r4, r5, r6, r7, lr}
10000e4a:	46de      	mov	lr, fp
10000e4c:	4657      	mov	r7, sl
10000e4e:	464e      	mov	r6, r9
10000e50:	4645      	mov	r5, r8
10000e52:	b5e0      	push	{r5, r6, r7, lr}
10000e54:	b08b      	sub	sp, #44	; 0x2c
10000e56:	9009      	str	r0, [sp, #36]	; 0x24
10000e58:	2300      	movs	r3, #0
10000e5a:	9308      	str	r3, [sp, #32]
10000e5c:	0082      	lsls	r2, r0, #2
10000e5e:	4bb5      	ldr	r3, [pc, #724]	; (10001134 <alarm_pool_alarm_callback+0x2ec>)
10000e60:	58d6      	ldr	r6, [r2, r3]
10000e62:	0037      	movs	r7, r6
10000e64:	e052      	b.n	10000f0c <alarm_pool_alarm_callback+0xc4>
10000e66:	4bb4      	ldr	r3, [pc, #720]	; (10001138 <alarm_pool_alarm_callback+0x2f0>)
10000e68:	4ab4      	ldr	r2, [pc, #720]	; (1000113c <alarm_pool_alarm_callback+0x2f4>)
10000e6a:	213f      	movs	r1, #63	; 0x3f
10000e6c:	48b4      	ldr	r0, [pc, #720]	; (10001140 <alarm_pool_alarm_callback+0x2f8>)
10000e6e:	f001 fc83 	bl	10002778 <__assert_func>
10000e72:	4bb4      	ldr	r3, [pc, #720]	; (10001144 <alarm_pool_alarm_callback+0x2fc>)
10000e74:	4ab4      	ldr	r2, [pc, #720]	; (10001148 <alarm_pool_alarm_callback+0x300>)
10000e76:	213c      	movs	r1, #60	; 0x3c
10000e78:	48b4      	ldr	r0, [pc, #720]	; (1000114c <alarm_pool_alarm_callback+0x304>)
10000e7a:	f001 fc7d 	bl	10002778 <__assert_func>
10000e7e:	2900      	cmp	r1, #0
10000e80:	d101      	bne.n	10000e86 <alarm_pool_alarm_callback+0x3e>
10000e82:	2800      	cmp	r0, #0
10000e84:	d169      	bne.n	10000f5a <alarm_pool_alarm_callback+0x112>
10000e86:	2100      	movs	r1, #0
10000e88:	4640      	mov	r0, r8
10000e8a:	f001 f927 	bl	100020dc <ph_remove_head>
10000e8e:	42a0      	cmp	r0, r4
10000e90:	d119      	bne.n	10000ec6 <alarm_pool_alarm_callback+0x7e>
10000e92:	682a      	ldr	r2, [r5, #0]
10000e94:	686b      	ldr	r3, [r5, #4]
10000e96:	9206      	str	r2, [sp, #24]
10000e98:	9307      	str	r3, [sp, #28]
10000e9a:	68ab      	ldr	r3, [r5, #8]
10000e9c:	4698      	mov	r8, r3
10000e9e:	68eb      	ldr	r3, [r5, #12]
10000ea0:	469a      	mov	sl, r3
10000ea2:	4643      	mov	r3, r8
10000ea4:	2b00      	cmp	r3, #0
10000ea6:	d014      	beq.n	10000ed2 <alarm_pool_alarm_callback+0x8a>
10000ea8:	2c00      	cmp	r4, #0
10000eaa:	d018      	beq.n	10000ede <alarm_pool_alarm_callback+0x96>
10000eac:	683b      	ldr	r3, [r7, #0]
10000eae:	7b1b      	ldrb	r3, [r3, #12]
10000eb0:	429c      	cmp	r4, r3
10000eb2:	d814      	bhi.n	10000ede <alarm_pool_alarm_callback+0x96>
10000eb4:	1e63      	subs	r3, r4, #1
10000eb6:	68fa      	ldr	r2, [r7, #12]
10000eb8:	5cd3      	ldrb	r3, [r2, r3]
10000eba:	9308      	str	r3, [sp, #32]
10000ebc:	021b      	lsls	r3, r3, #8
10000ebe:	4318      	orrs	r0, r3
10000ec0:	6138      	str	r0, [r7, #16]
10000ec2:	2000      	movs	r0, #0
10000ec4:	e015      	b.n	10000ef2 <alarm_pool_alarm_callback+0xaa>
10000ec6:	4ba2      	ldr	r3, [pc, #648]	; (10001150 <alarm_pool_alarm_callback+0x308>)
10000ec8:	4aa2      	ldr	r2, [pc, #648]	; (10001154 <alarm_pool_alarm_callback+0x30c>)
10000eca:	218e      	movs	r1, #142	; 0x8e
10000ecc:	489f      	ldr	r0, [pc, #636]	; (1000114c <alarm_pool_alarm_callback+0x304>)
10000ece:	f001 fc53 	bl	10002778 <__assert_func>
10000ed2:	4ba1      	ldr	r3, [pc, #644]	; (10001158 <alarm_pool_alarm_callback+0x310>)
10000ed4:	4a9f      	ldr	r2, [pc, #636]	; (10001154 <alarm_pool_alarm_callback+0x30c>)
10000ed6:	2192      	movs	r1, #146	; 0x92
10000ed8:	489c      	ldr	r0, [pc, #624]	; (1000114c <alarm_pool_alarm_callback+0x304>)
10000eda:	f001 fc4d 	bl	10002778 <__assert_func>
10000ede:	4b99      	ldr	r3, [pc, #612]	; (10001144 <alarm_pool_alarm_callback+0x2fc>)
10000ee0:	4a9e      	ldr	r2, [pc, #632]	; (1000115c <alarm_pool_alarm_callback+0x314>)
10000ee2:	2141      	movs	r1, #65	; 0x41
10000ee4:	4899      	ldr	r0, [pc, #612]	; (1000114c <alarm_pool_alarm_callback+0x304>)
10000ee6:	f001 fc47 	bl	10002778 <__assert_func>
10000eea:	2300      	movs	r3, #0
10000eec:	469a      	mov	sl, r3
10000eee:	4698      	mov	r8, r3
10000ef0:	2000      	movs	r0, #0
10000ef2:	687b      	ldr	r3, [r7, #4]
10000ef4:	f3bf 8f5f 	dmb	sy
10000ef8:	2200      	movs	r2, #0
10000efa:	601a      	str	r2, [r3, #0]
10000efc:	f386 8810 	msr	PRIMASK, r6
10000f00:	4643      	mov	r3, r8
10000f02:	2b00      	cmp	r3, #0
10000f04:	d132      	bne.n	10000f6c <alarm_pool_alarm_callback+0x124>
10000f06:	2800      	cmp	r0, #0
10000f08:	d100      	bne.n	10000f0c <alarm_pool_alarm_callback+0xc4>
10000f0a:	e10c      	b.n	10001126 <alarm_pool_alarm_callback+0x2de>
10000f0c:	f000 fbfe 	bl	1000170c <time_us_64>
10000f10:	0002      	movs	r2, r0
10000f12:	1e0b      	subs	r3, r1, #0
10000f14:	dba7      	blt.n	10000e66 <alarm_pool_alarm_callback+0x1e>
10000f16:	2000      	movs	r0, #0
10000f18:	2100      	movs	r1, #0
10000f1a:	9006      	str	r0, [sp, #24]
10000f1c:	9107      	str	r1, [sp, #28]
10000f1e:	6878      	ldr	r0, [r7, #4]
10000f20:	f3ef 8610 	mrs	r6, PRIMASK
10000f24:	b672      	cpsid	i
10000f26:	6801      	ldr	r1, [r0, #0]
10000f28:	2900      	cmp	r1, #0
10000f2a:	d0fc      	beq.n	10000f26 <alarm_pool_alarm_callback+0xde>
10000f2c:	f3bf 8f5f 	dmb	sy
10000f30:	6839      	ldr	r1, [r7, #0]
10000f32:	4688      	mov	r8, r1
10000f34:	7b4c      	ldrb	r4, [r1, #13]
10000f36:	2c00      	cmp	r4, #0
10000f38:	d0d7      	beq.n	10000eea <alarm_pool_alarm_callback+0xa2>
10000f3a:	d09a      	beq.n	10000e72 <alarm_pool_alarm_callback+0x2a>
10000f3c:	7b09      	ldrb	r1, [r1, #12]
10000f3e:	428c      	cmp	r4, r1
10000f40:	d897      	bhi.n	10000e72 <alarm_pool_alarm_callback+0x2a>
10000f42:	4987      	ldr	r1, [pc, #540]	; (10001160 <alarm_pool_alarm_callback+0x318>)
10000f44:	1865      	adds	r5, r4, r1
10000f46:	012d      	lsls	r5, r5, #4
10000f48:	68b9      	ldr	r1, [r7, #8]
10000f4a:	468c      	mov	ip, r1
10000f4c:	4465      	add	r5, ip
10000f4e:	6828      	ldr	r0, [r5, #0]
10000f50:	6869      	ldr	r1, [r5, #4]
10000f52:	1a80      	subs	r0, r0, r2
10000f54:	4199      	sbcs	r1, r3
10000f56:	2900      	cmp	r1, #0
10000f58:	dd91      	ble.n	10000e7e <alarm_pool_alarm_callback+0x36>
10000f5a:	682a      	ldr	r2, [r5, #0]
10000f5c:	686b      	ldr	r3, [r5, #4]
10000f5e:	9809      	ldr	r0, [sp, #36]	; 0x24
10000f60:	f000 fc60 	bl	10001824 <hardware_alarm_set_target>
10000f64:	2300      	movs	r3, #0
10000f66:	469a      	mov	sl, r3
10000f68:	4698      	mov	r8, r3
10000f6a:	e7c2      	b.n	10000ef2 <alarm_pool_alarm_callback+0xaa>
10000f6c:	9b08      	ldr	r3, [sp, #32]
10000f6e:	021b      	lsls	r3, r3, #8
10000f70:	4323      	orrs	r3, r4
10000f72:	4699      	mov	r9, r3
10000f74:	4651      	mov	r1, sl
10000f76:	0018      	movs	r0, r3
10000f78:	47c0      	blx	r8
10000f7a:	0005      	movs	r5, r0
10000f7c:	000e      	movs	r6, r1
10000f7e:	687a      	ldr	r2, [r7, #4]
10000f80:	f3ef 8b10 	mrs	fp, PRIMASK
10000f84:	b672      	cpsid	i
10000f86:	6813      	ldr	r3, [r2, #0]
10000f88:	4259      	negs	r1, r3
10000f8a:	414b      	adcs	r3, r1
10000f8c:	b2d9      	uxtb	r1, r3
10000f8e:	2b00      	cmp	r3, #0
10000f90:	d1f9      	bne.n	10000f86 <alarm_pool_alarm_callback+0x13e>
10000f92:	f3bf 8f5f 	dmb	sy
10000f96:	2e00      	cmp	r6, #0
10000f98:	db1e      	blt.n	10000fd8 <alarm_pool_alarm_callback+0x190>
10000f9a:	2e00      	cmp	r6, #0
10000f9c:	dd46      	ble.n	1000102c <alarm_pool_alarm_callback+0x1e4>
10000f9e:	693b      	ldr	r3, [r7, #16]
10000fa0:	2b00      	cmp	r3, #0
10000fa2:	d047      	beq.n	10001034 <alarm_pool_alarm_callback+0x1ec>
10000fa4:	454b      	cmp	r3, r9
10000fa6:	d16d      	bne.n	10001084 <alarm_pool_alarm_callback+0x23c>
10000fa8:	f000 fbb0 	bl	1000170c <time_us_64>
10000fac:	0002      	movs	r2, r0
10000fae:	1e0b      	subs	r3, r1, #0
10000fb0:	db6e      	blt.n	10001090 <alarm_pool_alarm_callback+0x248>
10000fb2:	1952      	adds	r2, r2, r5
10000fb4:	4173      	adcs	r3, r6
10000fb6:	2b00      	cmp	r3, #0
10000fb8:	db70      	blt.n	1000109c <alarm_pool_alarm_callback+0x254>
10000fba:	2b00      	cmp	r3, #0
10000fbc:	db72      	blt.n	100010a4 <alarm_pool_alarm_callback+0x25c>
10000fbe:	2100      	movs	r1, #0
10000fc0:	9104      	str	r1, [sp, #16]
10000fc2:	3101      	adds	r1, #1
10000fc4:	9103      	str	r1, [sp, #12]
10000fc6:	9402      	str	r4, [sp, #8]
10000fc8:	4651      	mov	r1, sl
10000fca:	9101      	str	r1, [sp, #4]
10000fcc:	4641      	mov	r1, r8
10000fce:	9100      	str	r1, [sp, #0]
10000fd0:	0038      	movs	r0, r7
10000fd2:	f7ff fe7f 	bl	10000cd4 <add_alarm_under_lock>
10000fd6:	e04c      	b.n	10001072 <alarm_pool_alarm_callback+0x22a>
10000fd8:	693b      	ldr	r3, [r7, #16]
10000fda:	2b00      	cmp	r3, #0
10000fdc:	d0dd      	beq.n	10000f9a <alarm_pool_alarm_callback+0x152>
10000fde:	454b      	cmp	r3, r9
10000fe0:	d114      	bne.n	1000100c <alarm_pool_alarm_callback+0x1c4>
10000fe2:	9a06      	ldr	r2, [sp, #24]
10000fe4:	9b07      	ldr	r3, [sp, #28]
10000fe6:	1b52      	subs	r2, r2, r5
10000fe8:	41b3      	sbcs	r3, r6
10000fea:	2b00      	cmp	r3, #0
10000fec:	db14      	blt.n	10001018 <alarm_pool_alarm_callback+0x1d0>
10000fee:	2b00      	cmp	r3, #0
10000ff0:	db16      	blt.n	10001020 <alarm_pool_alarm_callback+0x1d8>
10000ff2:	2100      	movs	r1, #0
10000ff4:	9104      	str	r1, [sp, #16]
10000ff6:	3101      	adds	r1, #1
10000ff8:	9103      	str	r1, [sp, #12]
10000ffa:	9402      	str	r4, [sp, #8]
10000ffc:	4651      	mov	r1, sl
10000ffe:	9101      	str	r1, [sp, #4]
10001000:	4641      	mov	r1, r8
10001002:	9100      	str	r1, [sp, #0]
10001004:	0038      	movs	r0, r7
10001006:	f7ff fe65 	bl	10000cd4 <add_alarm_under_lock>
1000100a:	e032      	b.n	10001072 <alarm_pool_alarm_callback+0x22a>
1000100c:	4b55      	ldr	r3, [pc, #340]	; (10001164 <alarm_pool_alarm_callback+0x31c>)
1000100e:	4a51      	ldr	r2, [pc, #324]	; (10001154 <alarm_pool_alarm_callback+0x30c>)
10001010:	21a1      	movs	r1, #161	; 0xa1
10001012:	484e      	ldr	r0, [pc, #312]	; (1000114c <alarm_pool_alarm_callback+0x304>)
10001014:	f001 fbb0 	bl	10002778 <__assert_func>
10001018:	2201      	movs	r2, #1
1000101a:	4252      	negs	r2, r2
1000101c:	4b52      	ldr	r3, [pc, #328]	; (10001168 <alarm_pool_alarm_callback+0x320>)
1000101e:	e7e6      	b.n	10000fee <alarm_pool_alarm_callback+0x1a6>
10001020:	4b45      	ldr	r3, [pc, #276]	; (10001138 <alarm_pool_alarm_callback+0x2f0>)
10001022:	4a46      	ldr	r2, [pc, #280]	; (1000113c <alarm_pool_alarm_callback+0x2f4>)
10001024:	213f      	movs	r1, #63	; 0x3f
10001026:	4846      	ldr	r0, [pc, #280]	; (10001140 <alarm_pool_alarm_callback+0x2f8>)
10001028:	f001 fba6 	bl	10002778 <__assert_func>
1000102c:	2e00      	cmp	r6, #0
1000102e:	d101      	bne.n	10001034 <alarm_pool_alarm_callback+0x1ec>
10001030:	2d00      	cmp	r5, #0
10001032:	d1b4      	bne.n	10000f9e <alarm_pool_alarm_callback+0x156>
10001034:	683b      	ldr	r3, [r7, #0]
10001036:	2c00      	cmp	r4, #0
10001038:	d050      	beq.n	100010dc <alarm_pool_alarm_callback+0x294>
1000103a:	7b5a      	ldrb	r2, [r3, #13]
1000103c:	4294      	cmp	r4, r2
1000103e:	d137      	bne.n	100010b0 <alarm_pool_alarm_callback+0x268>
10001040:	2101      	movs	r1, #1
10001042:	2900      	cmp	r1, #0
10001044:	d14a      	bne.n	100010dc <alarm_pool_alarm_callback+0x294>
10001046:	7bda      	ldrb	r2, [r3, #15]
10001048:	2a00      	cmp	r2, #0
1000104a:	d14d      	bne.n	100010e8 <alarm_pool_alarm_callback+0x2a0>
1000104c:	7b9a      	ldrb	r2, [r3, #14]
1000104e:	2a00      	cmp	r2, #0
10001050:	d103      	bne.n	1000105a <alarm_pool_alarm_callback+0x212>
10001052:	7bda      	ldrb	r2, [r3, #15]
10001054:	2a00      	cmp	r2, #0
10001056:	d15a      	bne.n	1000110e <alarm_pool_alarm_callback+0x2c6>
10001058:	739c      	strb	r4, [r3, #14]
1000105a:	73dc      	strb	r4, [r3, #15]
1000105c:	2c00      	cmp	r4, #0
1000105e:	d05c      	beq.n	1000111a <alarm_pool_alarm_callback+0x2d2>
10001060:	683b      	ldr	r3, [r7, #0]
10001062:	7b1b      	ldrb	r3, [r3, #12]
10001064:	429c      	cmp	r4, r3
10001066:	d858      	bhi.n	1000111a <alarm_pool_alarm_callback+0x2d2>
10001068:	68fa      	ldr	r2, [r7, #12]
1000106a:	3c01      	subs	r4, #1
1000106c:	5d13      	ldrb	r3, [r2, r4]
1000106e:	3301      	adds	r3, #1
10001070:	5513      	strb	r3, [r2, r4]
10001072:	2300      	movs	r3, #0
10001074:	613b      	str	r3, [r7, #16]
10001076:	687a      	ldr	r2, [r7, #4]
10001078:	f3bf 8f5f 	dmb	sy
1000107c:	6013      	str	r3, [r2, #0]
1000107e:	f38b 8810 	msr	PRIMASK, fp
10001082:	e743      	b.n	10000f0c <alarm_pool_alarm_callback+0xc4>
10001084:	4b37      	ldr	r3, [pc, #220]	; (10001164 <alarm_pool_alarm_callback+0x31c>)
10001086:	4a33      	ldr	r2, [pc, #204]	; (10001154 <alarm_pool_alarm_callback+0x30c>)
10001088:	21a4      	movs	r1, #164	; 0xa4
1000108a:	4830      	ldr	r0, [pc, #192]	; (1000114c <alarm_pool_alarm_callback+0x304>)
1000108c:	f001 fb74 	bl	10002778 <__assert_func>
10001090:	4b29      	ldr	r3, [pc, #164]	; (10001138 <alarm_pool_alarm_callback+0x2f0>)
10001092:	4a2a      	ldr	r2, [pc, #168]	; (1000113c <alarm_pool_alarm_callback+0x2f4>)
10001094:	213f      	movs	r1, #63	; 0x3f
10001096:	482a      	ldr	r0, [pc, #168]	; (10001140 <alarm_pool_alarm_callback+0x2f8>)
10001098:	f001 fb6e 	bl	10002778 <__assert_func>
1000109c:	2201      	movs	r2, #1
1000109e:	4252      	negs	r2, r2
100010a0:	4b31      	ldr	r3, [pc, #196]	; (10001168 <alarm_pool_alarm_callback+0x320>)
100010a2:	e78a      	b.n	10000fba <alarm_pool_alarm_callback+0x172>
100010a4:	4b24      	ldr	r3, [pc, #144]	; (10001138 <alarm_pool_alarm_callback+0x2f0>)
100010a6:	4a25      	ldr	r2, [pc, #148]	; (1000113c <alarm_pool_alarm_callback+0x2f4>)
100010a8:	213f      	movs	r1, #63	; 0x3f
100010aa:	4825      	ldr	r0, [pc, #148]	; (10001140 <alarm_pool_alarm_callback+0x2f8>)
100010ac:	f001 fb64 	bl	10002778 <__assert_func>
100010b0:	2c00      	cmp	r4, #0
100010b2:	d00d      	beq.n	100010d0 <alarm_pool_alarm_callback+0x288>
100010b4:	7b1a      	ldrb	r2, [r3, #12]
100010b6:	4294      	cmp	r4, r2
100010b8:	d80a      	bhi.n	100010d0 <alarm_pool_alarm_callback+0x288>
100010ba:	0062      	lsls	r2, r4, #1
100010bc:	1912      	adds	r2, r2, r4
100010be:	3a03      	subs	r2, #3
100010c0:	6818      	ldr	r0, [r3, #0]
100010c2:	4684      	mov	ip, r0
100010c4:	4462      	add	r2, ip
100010c6:	7892      	ldrb	r2, [r2, #2]
100010c8:	2a00      	cmp	r2, #0
100010ca:	d0ba      	beq.n	10001042 <alarm_pool_alarm_callback+0x1fa>
100010cc:	2101      	movs	r1, #1
100010ce:	e7b8      	b.n	10001042 <alarm_pool_alarm_callback+0x1fa>
100010d0:	4b26      	ldr	r3, [pc, #152]	; (1000116c <alarm_pool_alarm_callback+0x324>)
100010d2:	4a27      	ldr	r2, [pc, #156]	; (10001170 <alarm_pool_alarm_callback+0x328>)
100010d4:	2168      	movs	r1, #104	; 0x68
100010d6:	4827      	ldr	r0, [pc, #156]	; (10001174 <alarm_pool_alarm_callback+0x32c>)
100010d8:	f001 fb4e 	bl	10002778 <__assert_func>
100010dc:	4b26      	ldr	r3, [pc, #152]	; (10001178 <alarm_pool_alarm_callback+0x330>)
100010de:	4a27      	ldr	r2, [pc, #156]	; (1000117c <alarm_pool_alarm_callback+0x334>)
100010e0:	21f6      	movs	r1, #246	; 0xf6
100010e2:	4824      	ldr	r0, [pc, #144]	; (10001174 <alarm_pool_alarm_callback+0x32c>)
100010e4:	f001 fb48 	bl	10002778 <__assert_func>
100010e8:	2a00      	cmp	r2, #0
100010ea:	d00a      	beq.n	10001102 <alarm_pool_alarm_callback+0x2ba>
100010ec:	7b19      	ldrb	r1, [r3, #12]
100010ee:	428a      	cmp	r2, r1
100010f0:	d807      	bhi.n	10001102 <alarm_pool_alarm_callback+0x2ba>
100010f2:	0051      	lsls	r1, r2, #1
100010f4:	188a      	adds	r2, r1, r2
100010f6:	3a03      	subs	r2, #3
100010f8:	6819      	ldr	r1, [r3, #0]
100010fa:	468c      	mov	ip, r1
100010fc:	4462      	add	r2, ip
100010fe:	7054      	strb	r4, [r2, #1]
10001100:	e7a4      	b.n	1000104c <alarm_pool_alarm_callback+0x204>
10001102:	4b1a      	ldr	r3, [pc, #104]	; (1000116c <alarm_pool_alarm_callback+0x324>)
10001104:	4a1a      	ldr	r2, [pc, #104]	; (10001170 <alarm_pool_alarm_callback+0x328>)
10001106:	2168      	movs	r1, #104	; 0x68
10001108:	481a      	ldr	r0, [pc, #104]	; (10001174 <alarm_pool_alarm_callback+0x32c>)
1000110a:	f001 fb35 	bl	10002778 <__assert_func>
1000110e:	4b1c      	ldr	r3, [pc, #112]	; (10001180 <alarm_pool_alarm_callback+0x338>)
10001110:	4a1a      	ldr	r2, [pc, #104]	; (1000117c <alarm_pool_alarm_callback+0x334>)
10001112:	21fb      	movs	r1, #251	; 0xfb
10001114:	4817      	ldr	r0, [pc, #92]	; (10001174 <alarm_pool_alarm_callback+0x32c>)
10001116:	f001 fb2f 	bl	10002778 <__assert_func>
1000111a:	4b0a      	ldr	r3, [pc, #40]	; (10001144 <alarm_pool_alarm_callback+0x2fc>)
1000111c:	4a0f      	ldr	r2, [pc, #60]	; (1000115c <alarm_pool_alarm_callback+0x314>)
1000111e:	2141      	movs	r1, #65	; 0x41
10001120:	480a      	ldr	r0, [pc, #40]	; (1000114c <alarm_pool_alarm_callback+0x304>)
10001122:	f001 fb29 	bl	10002778 <__assert_func>
10001126:	b00b      	add	sp, #44	; 0x2c
10001128:	bcf0      	pop	{r4, r5, r6, r7}
1000112a:	46bb      	mov	fp, r7
1000112c:	46b2      	mov	sl, r6
1000112e:	46a9      	mov	r9, r5
10001130:	46a0      	mov	r8, r4
10001132:	bdf0      	pop	{r4, r5, r6, r7, pc}
10001134:	20000680 	.word	0x20000680
10001138:	10004dec 	.word	0x10004dec
1000113c:	10004fb8 	.word	0x10004fb8
10001140:	10004e08 	.word	0x10004e08
10001144:	10004cec 	.word	0x10004cec
10001148:	10004fec 	.word	0x10004fec
1000114c:	10004c98 	.word	0x10004c98
10001150:	10004e6c 	.word	0x10004e6c
10001154:	10004fd0 	.word	0x10004fd0
10001158:	10004e84 	.word	0x10004e84
1000115c:	10005010 	.word	0x10005010
10001160:	0fffffff 	.word	0x0fffffff
10001164:	10004e90 	.word	0x10004e90
10001168:	7fffffff 	.word	0x7fffffff
1000116c:	10004d10 	.word	0x10004d10
10001170:	10005058 	.word	0x10005058
10001174:	10004d2c 	.word	0x10004d2c
10001178:	10004ecc 	.word	0x10004ecc
1000117c:	10005024 	.word	0x10005024
10001180:	10004ef0 	.word	0x10004ef0

10001184 <alarm_pool_init_default>:
10001184:	b510      	push	{r4, lr}
10001186:	4b0c      	ldr	r3, [pc, #48]	; (100011b8 <alarm_pool_init_default+0x34>)
10001188:	685b      	ldr	r3, [r3, #4]
1000118a:	2b00      	cmp	r3, #0
1000118c:	d004      	beq.n	10001198 <alarm_pool_init_default+0x14>
1000118e:	210a      	movs	r1, #10
10001190:	480a      	ldr	r0, [pc, #40]	; (100011bc <alarm_pool_init_default+0x38>)
10001192:	f000 fde5 	bl	10001d60 <lock_init>
10001196:	bd10      	pop	{r4, pc}
10001198:	4c07      	ldr	r4, [pc, #28]	; (100011b8 <alarm_pool_init_default+0x34>)
1000119a:	0023      	movs	r3, r4
1000119c:	4a08      	ldr	r2, [pc, #32]	; (100011c0 <alarm_pool_init_default+0x3c>)
1000119e:	2110      	movs	r1, #16
100011a0:	6820      	ldr	r0, [r4, #0]
100011a2:	f000 feab 	bl	10001efc <ph_post_alloc_init>
100011a6:	2003      	movs	r0, #3
100011a8:	f000 faa4 	bl	100016f4 <hardware_alarm_claim>
100011ac:	2103      	movs	r1, #3
100011ae:	0020      	movs	r0, r4
100011b0:	f7ff fca8 	bl	10000b04 <alarm_pool_post_alloc_init>
100011b4:	e7eb      	b.n	1000118e <alarm_pool_init_default+0xa>
100011b6:	46c0      	nop			; (mov r8, r8)
100011b8:	200002f4 	.word	0x200002f4
100011bc:	20000894 	.word	0x20000894
100011c0:	10000b75 	.word	0x10000b75

100011c4 <alarm_pool_get_default>:
100011c4:	b510      	push	{r4, lr}
100011c6:	4b06      	ldr	r3, [pc, #24]	; (100011e0 <alarm_pool_get_default+0x1c>)
100011c8:	685b      	ldr	r3, [r3, #4]
100011ca:	2b00      	cmp	r3, #0
100011cc:	d001      	beq.n	100011d2 <alarm_pool_get_default+0xe>
100011ce:	4804      	ldr	r0, [pc, #16]	; (100011e0 <alarm_pool_get_default+0x1c>)
100011d0:	bd10      	pop	{r4, pc}
100011d2:	4b04      	ldr	r3, [pc, #16]	; (100011e4 <alarm_pool_get_default+0x20>)
100011d4:	4a04      	ldr	r2, [pc, #16]	; (100011e8 <alarm_pool_get_default+0x24>)
100011d6:	215e      	movs	r1, #94	; 0x5e
100011d8:	4804      	ldr	r0, [pc, #16]	; (100011ec <alarm_pool_get_default+0x28>)
100011da:	f001 facd 	bl	10002778 <__assert_func>
100011de:	46c0      	nop			; (mov r8, r8)
100011e0:	200002f4 	.word	0x200002f4
100011e4:	10004f04 	.word	0x10004f04
100011e8:	10004ff8 	.word	0x10004ff8
100011ec:	10004c98 	.word	0x10004c98

100011f0 <alarm_pool_add_alarm_at>:
100011f0:	b5f0      	push	{r4, r5, r6, r7, lr}
100011f2:	46de      	mov	lr, fp
100011f4:	4657      	mov	r7, sl
100011f6:	464e      	mov	r6, r9
100011f8:	4645      	mov	r5, r8
100011fa:	b5e0      	push	{r5, r6, r7, lr}
100011fc:	b08b      	sub	sp, #44	; 0x2c
100011fe:	4680      	mov	r8, r0
10001200:	0016      	movs	r6, r2
10001202:	001f      	movs	r7, r3
10001204:	9b14      	ldr	r3, [sp, #80]	; 0x50
10001206:	469a      	mov	sl, r3
10001208:	9b15      	ldr	r3, [sp, #84]	; 0x54
1000120a:	4699      	mov	r9, r3
1000120c:	ab16      	add	r3, sp, #88	; 0x58
1000120e:	781b      	ldrb	r3, [r3, #0]
10001210:	469b      	mov	fp, r3
10001212:	231f      	movs	r3, #31
10001214:	aa02      	add	r2, sp, #8
10001216:	4694      	mov	ip, r2
10001218:	4463      	add	r3, ip
1000121a:	2200      	movs	r2, #0
1000121c:	701a      	strb	r2, [r3, #0]
1000121e:	e02b      	b.n	10001278 <alarm_pool_add_alarm_at+0x88>
10001220:	2800      	cmp	r0, #0
10001222:	d009      	beq.n	10001238 <alarm_pool_add_alarm_at+0x48>
10001224:	4642      	mov	r2, r8
10001226:	6812      	ldr	r2, [r2, #0]
10001228:	7b12      	ldrb	r2, [r2, #12]
1000122a:	4290      	cmp	r0, r2
1000122c:	d804      	bhi.n	10001238 <alarm_pool_add_alarm_at+0x48>
1000122e:	1e42      	subs	r2, r0, #1
10001230:	4641      	mov	r1, r8
10001232:	68c9      	ldr	r1, [r1, #12]
10001234:	5c8a      	ldrb	r2, [r1, r2]
10001236:	e041      	b.n	100012bc <alarm_pool_add_alarm_at+0xcc>
10001238:	4b40      	ldr	r3, [pc, #256]	; (1000133c <alarm_pool_add_alarm_at+0x14c>)
1000123a:	4a41      	ldr	r2, [pc, #260]	; (10001340 <alarm_pool_add_alarm_at+0x150>)
1000123c:	2141      	movs	r1, #65	; 0x41
1000123e:	4841      	ldr	r0, [pc, #260]	; (10001344 <alarm_pool_add_alarm_at+0x154>)
10001240:	f001 fa9a 	bl	10002778 <__assert_func>
10001244:	9807      	ldr	r0, [sp, #28]
10001246:	e04c      	b.n	100012e2 <alarm_pool_add_alarm_at+0xf2>
10001248:	1b36      	subs	r6, r6, r4
1000124a:	41af      	sbcs	r7, r5
1000124c:	2f00      	cmp	r7, #0
1000124e:	db07      	blt.n	10001260 <alarm_pool_add_alarm_at+0x70>
10001250:	2f00      	cmp	r7, #0
10001252:	da11      	bge.n	10001278 <alarm_pool_add_alarm_at+0x88>
10001254:	4b3c      	ldr	r3, [pc, #240]	; (10001348 <alarm_pool_add_alarm_at+0x158>)
10001256:	4a3d      	ldr	r2, [pc, #244]	; (1000134c <alarm_pool_add_alarm_at+0x15c>)
10001258:	213f      	movs	r1, #63	; 0x3f
1000125a:	483d      	ldr	r0, [pc, #244]	; (10001350 <alarm_pool_add_alarm_at+0x160>)
1000125c:	f001 fa8c 	bl	10002778 <__assert_func>
10001260:	2601      	movs	r6, #1
10001262:	4276      	negs	r6, r6
10001264:	4f3b      	ldr	r7, [pc, #236]	; (10001354 <alarm_pool_add_alarm_at+0x164>)
10001266:	e7f3      	b.n	10001250 <alarm_pool_add_alarm_at+0x60>
10001268:	4b37      	ldr	r3, [pc, #220]	; (10001348 <alarm_pool_add_alarm_at+0x158>)
1000126a:	4a38      	ldr	r2, [pc, #224]	; (1000134c <alarm_pool_add_alarm_at+0x15c>)
1000126c:	213f      	movs	r1, #63	; 0x3f
1000126e:	4838      	ldr	r0, [pc, #224]	; (10001350 <alarm_pool_add_alarm_at+0x160>)
10001270:	f001 fa82 	bl	10002778 <__assert_func>
10001274:	2f00      	cmp	r7, #0
10001276:	db4f      	blt.n	10001318 <alarm_pool_add_alarm_at+0x128>
10001278:	4643      	mov	r3, r8
1000127a:	685a      	ldr	r2, [r3, #4]
1000127c:	f3ef 8410 	mrs	r4, PRIMASK
10001280:	b672      	cpsid	i
10001282:	6813      	ldr	r3, [r2, #0]
10001284:	4259      	negs	r1, r3
10001286:	414b      	adcs	r3, r1
10001288:	b2d9      	uxtb	r1, r3
1000128a:	9107      	str	r1, [sp, #28]
1000128c:	2b00      	cmp	r3, #0
1000128e:	d1f8      	bne.n	10001282 <alarm_pool_add_alarm_at+0x92>
10001290:	f3bf 8f5f 	dmb	sy
10001294:	331f      	adds	r3, #31
10001296:	aa02      	add	r2, sp, #8
10001298:	4694      	mov	ip, r2
1000129a:	4463      	add	r3, ip
1000129c:	9304      	str	r3, [sp, #16]
1000129e:	2300      	movs	r3, #0
100012a0:	9303      	str	r3, [sp, #12]
100012a2:	9302      	str	r3, [sp, #8]
100012a4:	464b      	mov	r3, r9
100012a6:	9301      	str	r3, [sp, #4]
100012a8:	4653      	mov	r3, sl
100012aa:	9300      	str	r3, [sp, #0]
100012ac:	0032      	movs	r2, r6
100012ae:	003b      	movs	r3, r7
100012b0:	4640      	mov	r0, r8
100012b2:	f7ff fd0f 	bl	10000cd4 <add_alarm_under_lock>
100012b6:	1e03      	subs	r3, r0, #0
100012b8:	d1b2      	bne.n	10001220 <alarm_pool_add_alarm_at+0x30>
100012ba:	0002      	movs	r2, r0
100012bc:	4641      	mov	r1, r8
100012be:	6849      	ldr	r1, [r1, #4]
100012c0:	f3bf 8f5f 	dmb	sy
100012c4:	2500      	movs	r5, #0
100012c6:	600d      	str	r5, [r1, #0]
100012c8:	f384 8810 	msr	PRIMASK, r4
100012cc:	2b00      	cmp	r3, #0
100012ce:	d029      	beq.n	10001324 <alarm_pool_add_alarm_at+0x134>
100012d0:	231f      	movs	r3, #31
100012d2:	a902      	add	r1, sp, #8
100012d4:	468c      	mov	ip, r1
100012d6:	4463      	add	r3, ip
100012d8:	781b      	ldrb	r3, [r3, #0]
100012da:	2b00      	cmp	r3, #0
100012dc:	d1b2      	bne.n	10001244 <alarm_pool_add_alarm_at+0x54>
100012de:	0212      	lsls	r2, r2, #8
100012e0:	4310      	orrs	r0, r2
100012e2:	2b00      	cmp	r3, #0
100012e4:	d020      	beq.n	10001328 <alarm_pool_add_alarm_at+0x138>
100012e6:	465b      	mov	r3, fp
100012e8:	2b00      	cmp	r3, #0
100012ea:	d01d      	beq.n	10001328 <alarm_pool_add_alarm_at+0x138>
100012ec:	4649      	mov	r1, r9
100012ee:	47d0      	blx	sl
100012f0:	0004      	movs	r4, r0
100012f2:	000d      	movs	r5, r1
100012f4:	0003      	movs	r3, r0
100012f6:	430b      	orrs	r3, r1
100012f8:	d01d      	beq.n	10001336 <alarm_pool_add_alarm_at+0x146>
100012fa:	2900      	cmp	r1, #0
100012fc:	dba4      	blt.n	10001248 <alarm_pool_add_alarm_at+0x58>
100012fe:	f000 fa05 	bl	1000170c <time_us_64>
10001302:	0006      	movs	r6, r0
10001304:	1e0f      	subs	r7, r1, #0
10001306:	dbaf      	blt.n	10001268 <alarm_pool_add_alarm_at+0x78>
10001308:	1936      	adds	r6, r6, r4
1000130a:	416f      	adcs	r7, r5
1000130c:	2f00      	cmp	r7, #0
1000130e:	dab1      	bge.n	10001274 <alarm_pool_add_alarm_at+0x84>
10001310:	2601      	movs	r6, #1
10001312:	4276      	negs	r6, r6
10001314:	4f0f      	ldr	r7, [pc, #60]	; (10001354 <alarm_pool_add_alarm_at+0x164>)
10001316:	e7ad      	b.n	10001274 <alarm_pool_add_alarm_at+0x84>
10001318:	4b0b      	ldr	r3, [pc, #44]	; (10001348 <alarm_pool_add_alarm_at+0x158>)
1000131a:	4a0c      	ldr	r2, [pc, #48]	; (1000134c <alarm_pool_add_alarm_at+0x15c>)
1000131c:	213f      	movs	r1, #63	; 0x3f
1000131e:	480c      	ldr	r0, [pc, #48]	; (10001350 <alarm_pool_add_alarm_at+0x160>)
10001320:	f001 fa2a 	bl	10002778 <__assert_func>
10001324:	2001      	movs	r0, #1
10001326:	4240      	negs	r0, r0
10001328:	b00b      	add	sp, #44	; 0x2c
1000132a:	bcf0      	pop	{r4, r5, r6, r7}
1000132c:	46bb      	mov	fp, r7
1000132e:	46b2      	mov	sl, r6
10001330:	46a9      	mov	r9, r5
10001332:	46a0      	mov	r8, r4
10001334:	bdf0      	pop	{r4, r5, r6, r7, pc}
10001336:	9807      	ldr	r0, [sp, #28]
10001338:	e7f6      	b.n	10001328 <alarm_pool_add_alarm_at+0x138>
1000133a:	46c0      	nop			; (mov r8, r8)
1000133c:	10004cec 	.word	0x10004cec
10001340:	10005010 	.word	0x10005010
10001344:	10004c98 	.word	0x10004c98
10001348:	10004dec 	.word	0x10004dec
1000134c:	10004fb8 	.word	0x10004fb8
10001350:	10004e08 	.word	0x10004e08
10001354:	7fffffff 	.word	0x7fffffff

10001358 <alarm_pool_cancel_alarm>:
10001358:	b5f8      	push	{r3, r4, r5, r6, r7, lr}
1000135a:	0004      	movs	r4, r0
1000135c:	2900      	cmp	r1, #0
1000135e:	d100      	bne.n	10001362 <alarm_pool_cancel_alarm+0xa>
10001360:	e062      	b.n	10001428 <alarm_pool_cancel_alarm+0xd0>
10001362:	6842      	ldr	r2, [r0, #4]
10001364:	f3ef 8510 	mrs	r5, PRIMASK
10001368:	b672      	cpsid	i
1000136a:	6813      	ldr	r3, [r2, #0]
1000136c:	4258      	negs	r0, r3
1000136e:	4143      	adcs	r3, r0
10001370:	b2d8      	uxtb	r0, r3
10001372:	2b00      	cmp	r3, #0
10001374:	d1f9      	bne.n	1000136a <alarm_pool_cancel_alarm+0x12>
10001376:	f3bf 8f5f 	dmb	sy
1000137a:	b2cb      	uxtb	r3, r1
1000137c:	6822      	ldr	r2, [r4, #0]
1000137e:	7b56      	ldrb	r6, [r2, #13]
10001380:	42b3      	cmp	r3, r6
10001382:	d11b      	bne.n	100013bc <alarm_pool_cancel_alarm+0x64>
10001384:	2001      	movs	r0, #1
10001386:	2800      	cmp	r0, #0
10001388:	d048      	beq.n	1000141c <alarm_pool_cancel_alarm+0xc4>
1000138a:	6920      	ldr	r0, [r4, #16]
1000138c:	4288      	cmp	r0, r1
1000138e:	d02b      	beq.n	100013e8 <alarm_pool_cancel_alarm+0x90>
10001390:	0a09      	lsrs	r1, r1, #8
10001392:	b2c9      	uxtb	r1, r1
10001394:	2b00      	cmp	r3, #0
10001396:	d02e      	beq.n	100013f6 <alarm_pool_cancel_alarm+0x9e>
10001398:	6820      	ldr	r0, [r4, #0]
1000139a:	7b00      	ldrb	r0, [r0, #12]
1000139c:	4283      	cmp	r3, r0
1000139e:	d82a      	bhi.n	100013f6 <alarm_pool_cancel_alarm+0x9e>
100013a0:	1e58      	subs	r0, r3, #1
100013a2:	68e6      	ldr	r6, [r4, #12]
100013a4:	5c30      	ldrb	r0, [r6, r0]
100013a6:	4288      	cmp	r0, r1
100013a8:	d02b      	beq.n	10001402 <alarm_pool_cancel_alarm+0xaa>
100013aa:	2000      	movs	r0, #0
100013ac:	6863      	ldr	r3, [r4, #4]
100013ae:	f3bf 8f5f 	dmb	sy
100013b2:	2200      	movs	r2, #0
100013b4:	601a      	str	r2, [r3, #0]
100013b6:	f385 8810 	msr	PRIMASK, r5
100013ba:	bdf8      	pop	{r3, r4, r5, r6, r7, pc}
100013bc:	2b00      	cmp	r3, #0
100013be:	d00d      	beq.n	100013dc <alarm_pool_cancel_alarm+0x84>
100013c0:	7b16      	ldrb	r6, [r2, #12]
100013c2:	42b3      	cmp	r3, r6
100013c4:	d80a      	bhi.n	100013dc <alarm_pool_cancel_alarm+0x84>
100013c6:	005e      	lsls	r6, r3, #1
100013c8:	18f6      	adds	r6, r6, r3
100013ca:	3e03      	subs	r6, #3
100013cc:	6817      	ldr	r7, [r2, #0]
100013ce:	46bc      	mov	ip, r7
100013d0:	4466      	add	r6, ip
100013d2:	78b6      	ldrb	r6, [r6, #2]
100013d4:	2e00      	cmp	r6, #0
100013d6:	d0d6      	beq.n	10001386 <alarm_pool_cancel_alarm+0x2e>
100013d8:	2001      	movs	r0, #1
100013da:	e7d4      	b.n	10001386 <alarm_pool_cancel_alarm+0x2e>
100013dc:	4b13      	ldr	r3, [pc, #76]	; (1000142c <alarm_pool_cancel_alarm+0xd4>)
100013de:	4a14      	ldr	r2, [pc, #80]	; (10001430 <alarm_pool_cancel_alarm+0xd8>)
100013e0:	2168      	movs	r1, #104	; 0x68
100013e2:	4814      	ldr	r0, [pc, #80]	; (10001434 <alarm_pool_cancel_alarm+0xdc>)
100013e4:	f001 f9c8 	bl	10002778 <__assert_func>
100013e8:	212c      	movs	r1, #44	; 0x2c
100013ea:	4b13      	ldr	r3, [pc, #76]	; (10001438 <alarm_pool_cancel_alarm+0xe0>)
100013ec:	4a13      	ldr	r2, [pc, #76]	; (1000143c <alarm_pool_cancel_alarm+0xe4>)
100013ee:	31ff      	adds	r1, #255	; 0xff
100013f0:	4813      	ldr	r0, [pc, #76]	; (10001440 <alarm_pool_cancel_alarm+0xe8>)
100013f2:	f001 f9c1 	bl	10002778 <__assert_func>
100013f6:	4b13      	ldr	r3, [pc, #76]	; (10001444 <alarm_pool_cancel_alarm+0xec>)
100013f8:	4a13      	ldr	r2, [pc, #76]	; (10001448 <alarm_pool_cancel_alarm+0xf0>)
100013fa:	2141      	movs	r1, #65	; 0x41
100013fc:	4810      	ldr	r0, [pc, #64]	; (10001440 <alarm_pool_cancel_alarm+0xe8>)
100013fe:	f001 f9bb 	bl	10002778 <__assert_func>
10001402:	0019      	movs	r1, r3
10001404:	0010      	movs	r0, r2
10001406:	f000 fe73 	bl	100020f0 <ph_remove_and_free_node>
1000140a:	2800      	cmp	r0, #0
1000140c:	d1ce      	bne.n	100013ac <alarm_pool_cancel_alarm+0x54>
1000140e:	2199      	movs	r1, #153	; 0x99
10001410:	4b0e      	ldr	r3, [pc, #56]	; (1000144c <alarm_pool_cancel_alarm+0xf4>)
10001412:	4a0a      	ldr	r2, [pc, #40]	; (1000143c <alarm_pool_cancel_alarm+0xe4>)
10001414:	0049      	lsls	r1, r1, #1
10001416:	480a      	ldr	r0, [pc, #40]	; (10001440 <alarm_pool_cancel_alarm+0xe8>)
10001418:	f001 f9ae 	bl	10002778 <__assert_func>
1000141c:	6923      	ldr	r3, [r4, #16]
1000141e:	428b      	cmp	r3, r1
10001420:	d1c4      	bne.n	100013ac <alarm_pool_cancel_alarm+0x54>
10001422:	2300      	movs	r3, #0
10001424:	6123      	str	r3, [r4, #16]
10001426:	e7c1      	b.n	100013ac <alarm_pool_cancel_alarm+0x54>
10001428:	2000      	movs	r0, #0
1000142a:	e7c6      	b.n	100013ba <alarm_pool_cancel_alarm+0x62>
1000142c:	10004d10 	.word	0x10004d10
10001430:	10005058 	.word	0x10005058
10001434:	10004d2c 	.word	0x10004d2c
10001438:	10004f28 	.word	0x10004f28
1000143c:	10004fa0 	.word	0x10004fa0
10001440:	10004c98 	.word	0x10004c98
10001444:	10004cec 	.word	0x10004cec
10001448:	10005010 	.word	0x10005010
1000144c:	10004f4c 	.word	0x10004f4c

10001450 <sleep_until>:
10001450:	b5f0      	push	{r4, r5, r6, r7, lr}
10001452:	b087      	sub	sp, #28
10001454:	0006      	movs	r6, r0
10001456:	000f      	movs	r7, r1
10001458:	f3ef 8305 	mrs	r3, IPSR
1000145c:	2b00      	cmp	r3, #0
1000145e:	d11f      	bne.n	100014a0 <sleep_until+0x50>
10001460:	2406      	movs	r4, #6
10001462:	4264      	negs	r4, r4
10001464:	17e5      	asrs	r5, r4, #31
10001466:	19a4      	adds	r4, r4, r6
10001468:	417d      	adcs	r5, r7
1000146a:	428d      	cmp	r5, r1
1000146c:	d802      	bhi.n	10001474 <sleep_until+0x24>
1000146e:	d103      	bne.n	10001478 <sleep_until+0x28>
10001470:	4284      	cmp	r4, r0
10001472:	d901      	bls.n	10001478 <sleep_until+0x28>
10001474:	2400      	movs	r4, #0
10001476:	2500      	movs	r5, #0
10001478:	2d00      	cmp	r5, #0
1000147a:	db14      	blt.n	100014a6 <sleep_until+0x56>
1000147c:	9404      	str	r4, [sp, #16]
1000147e:	9505      	str	r5, [sp, #20]
10001480:	f000 f944 	bl	1000170c <time_us_64>
10001484:	0002      	movs	r2, r0
10001486:	1e0b      	subs	r3, r1, #0
10001488:	db13      	blt.n	100014b2 <sleep_until+0x62>
1000148a:	1aa4      	subs	r4, r4, r2
1000148c:	419d      	sbcs	r5, r3
1000148e:	2d00      	cmp	r5, #0
10001490:	dc17      	bgt.n	100014c2 <sleep_until+0x72>
10001492:	d014      	beq.n	100014be <sleep_until+0x6e>
10001494:	0030      	movs	r0, r6
10001496:	0039      	movs	r1, r7
10001498:	f000 f944 	bl	10001724 <busy_wait_until>
1000149c:	b007      	add	sp, #28
1000149e:	bdf0      	pop	{r4, r5, r6, r7, pc}
100014a0:	4823      	ldr	r0, [pc, #140]	; (10001530 <sleep_until+0xe0>)
100014a2:	f001 fa03 	bl	100028ac <panic>
100014a6:	4b23      	ldr	r3, [pc, #140]	; (10001534 <sleep_until+0xe4>)
100014a8:	4a23      	ldr	r2, [pc, #140]	; (10001538 <sleep_until+0xe8>)
100014aa:	213f      	movs	r1, #63	; 0x3f
100014ac:	4823      	ldr	r0, [pc, #140]	; (1000153c <sleep_until+0xec>)
100014ae:	f001 f963 	bl	10002778 <__assert_func>
100014b2:	4b20      	ldr	r3, [pc, #128]	; (10001534 <sleep_until+0xe4>)
100014b4:	4a20      	ldr	r2, [pc, #128]	; (10001538 <sleep_until+0xe8>)
100014b6:	213f      	movs	r1, #63	; 0x3f
100014b8:	4820      	ldr	r0, [pc, #128]	; (1000153c <sleep_until+0xec>)
100014ba:	f001 f95d 	bl	10002778 <__assert_func>
100014be:	2c00      	cmp	r4, #0
100014c0:	d0e8      	beq.n	10001494 <sleep_until+0x44>
100014c2:	f7ff fe7f 	bl	100011c4 <alarm_pool_get_default>
100014c6:	2300      	movs	r3, #0
100014c8:	9302      	str	r3, [sp, #8]
100014ca:	9301      	str	r3, [sp, #4]
100014cc:	4b1c      	ldr	r3, [pc, #112]	; (10001540 <sleep_until+0xf0>)
100014ce:	9300      	str	r3, [sp, #0]
100014d0:	9a04      	ldr	r2, [sp, #16]
100014d2:	9b05      	ldr	r3, [sp, #20]
100014d4:	f7ff fe8c 	bl	100011f0 <alarm_pool_add_alarm_at>
100014d8:	2800      	cmp	r0, #0
100014da:	da18      	bge.n	1000150e <sleep_until+0xbe>
100014dc:	e7da      	b.n	10001494 <sleep_until+0x44>
100014de:	2300      	movs	r3, #0
100014e0:	e000      	b.n	100014e4 <sleep_until+0x94>
100014e2:	2300      	movs	r3, #0
100014e4:	2b00      	cmp	r3, #0
100014e6:	d1d5      	bne.n	10001494 <sleep_until+0x44>
100014e8:	4b16      	ldr	r3, [pc, #88]	; (10001544 <sleep_until+0xf4>)
100014ea:	681a      	ldr	r2, [r3, #0]
100014ec:	f3ef 8110 	mrs	r1, PRIMASK
100014f0:	b672      	cpsid	i
100014f2:	6813      	ldr	r3, [r2, #0]
100014f4:	2b00      	cmp	r3, #0
100014f6:	d0fc      	beq.n	100014f2 <sleep_until+0xa2>
100014f8:	f3bf 8f5f 	dmb	sy
100014fc:	4b11      	ldr	r3, [pc, #68]	; (10001544 <sleep_until+0xf4>)
100014fe:	681b      	ldr	r3, [r3, #0]
10001500:	f3bf 8f5f 	dmb	sy
10001504:	2200      	movs	r2, #0
10001506:	601a      	str	r2, [r3, #0]
10001508:	f381 8810 	msr	PRIMASK, r1
1000150c:	bf20      	wfe
1000150e:	9904      	ldr	r1, [sp, #16]
10001510:	9a05      	ldr	r2, [sp, #20]
10001512:	4b0d      	ldr	r3, [pc, #52]	; (10001548 <sleep_until+0xf8>)
10001514:	6a5b      	ldr	r3, [r3, #36]	; 0x24
10001516:	429a      	cmp	r2, r3
10001518:	d8e3      	bhi.n	100014e2 <sleep_until+0x92>
1000151a:	480b      	ldr	r0, [pc, #44]	; (10001548 <sleep_until+0xf8>)
1000151c:	6a80      	ldr	r0, [r0, #40]	; 0x28
1000151e:	4288      	cmp	r0, r1
10001520:	d203      	bcs.n	1000152a <sleep_until+0xda>
10001522:	429a      	cmp	r2, r3
10001524:	d0db      	beq.n	100014de <sleep_until+0x8e>
10001526:	2301      	movs	r3, #1
10001528:	e7dc      	b.n	100014e4 <sleep_until+0x94>
1000152a:	2301      	movs	r3, #1
1000152c:	e7da      	b.n	100014e4 <sleep_until+0x94>
1000152e:	46c0      	nop			; (mov r8, r8)
10001530:	10004f50 	.word	0x10004f50
10001534:	10004dec 	.word	0x10004dec
10001538:	10004fb8 	.word	0x10004fb8
1000153c:	10004e08 	.word	0x10004e08
10001540:	10000b45 	.word	0x10000b45
10001544:	20000894 	.word	0x20000894
10001548:	40054000 	.word	0x40054000

1000154c <sleep_us>:
1000154c:	b570      	push	{r4, r5, r6, lr}
1000154e:	0004      	movs	r4, r0
10001550:	000d      	movs	r5, r1
10001552:	f000 f8db 	bl	1000170c <time_us_64>
10001556:	0002      	movs	r2, r0
10001558:	1e0b      	subs	r3, r1, #0
1000155a:	db0a      	blt.n	10001572 <sleep_us+0x26>
1000155c:	0020      	movs	r0, r4
1000155e:	0029      	movs	r1, r5
10001560:	1880      	adds	r0, r0, r2
10001562:	4159      	adcs	r1, r3
10001564:	2900      	cmp	r1, #0
10001566:	db0a      	blt.n	1000157e <sleep_us+0x32>
10001568:	2900      	cmp	r1, #0
1000156a:	db0c      	blt.n	10001586 <sleep_us+0x3a>
1000156c:	f7ff ff70 	bl	10001450 <sleep_until>
10001570:	bd70      	pop	{r4, r5, r6, pc}
10001572:	4b08      	ldr	r3, [pc, #32]	; (10001594 <sleep_us+0x48>)
10001574:	4a08      	ldr	r2, [pc, #32]	; (10001598 <sleep_us+0x4c>)
10001576:	213f      	movs	r1, #63	; 0x3f
10001578:	4808      	ldr	r0, [pc, #32]	; (1000159c <sleep_us+0x50>)
1000157a:	f001 f8fd 	bl	10002778 <__assert_func>
1000157e:	2001      	movs	r0, #1
10001580:	4240      	negs	r0, r0
10001582:	4907      	ldr	r1, [pc, #28]	; (100015a0 <sleep_us+0x54>)
10001584:	e7f0      	b.n	10001568 <sleep_us+0x1c>
10001586:	4b03      	ldr	r3, [pc, #12]	; (10001594 <sleep_us+0x48>)
10001588:	4a03      	ldr	r2, [pc, #12]	; (10001598 <sleep_us+0x4c>)
1000158a:	213f      	movs	r1, #63	; 0x3f
1000158c:	4803      	ldr	r0, [pc, #12]	; (1000159c <sleep_us+0x50>)
1000158e:	f001 f8f3 	bl	10002778 <__assert_func>
10001592:	46c0      	nop			; (mov r8, r8)
10001594:	10004dec 	.word	0x10004dec
10001598:	10004fb8 	.word	0x10004fb8
1000159c:	10004e08 	.word	0x10004e08
100015a0:	7fffffff 	.word	0x7fffffff

100015a4 <sleep_ms>:
100015a4:	b510      	push	{r4, lr}
100015a6:	22fa      	movs	r2, #250	; 0xfa
100015a8:	0092      	lsls	r2, r2, #2
100015aa:	2300      	movs	r3, #0
100015ac:	2100      	movs	r1, #0
100015ae:	f002 fe3f 	bl	10004230 <__wrap___aeabi_lmul>
100015b2:	f7ff ffcb 	bl	1000154c <sleep_us>
100015b6:	bd10      	pop	{r4, pc}

100015b8 <best_effort_wfe_or_timeout>:
100015b8:	b570      	push	{r4, r5, r6, lr}
100015ba:	b084      	sub	sp, #16
100015bc:	0005      	movs	r5, r0
100015be:	000c      	movs	r4, r1
100015c0:	f3ef 8305 	mrs	r3, IPSR
100015c4:	2b00      	cmp	r3, #0
100015c6:	d11e      	bne.n	10001606 <best_effort_wfe_or_timeout+0x4e>
100015c8:	f7ff fdfc 	bl	100011c4 <alarm_pool_get_default>
100015cc:	2300      	movs	r3, #0
100015ce:	9302      	str	r3, [sp, #8]
100015d0:	9301      	str	r3, [sp, #4]
100015d2:	4b22      	ldr	r3, [pc, #136]	; (1000165c <best_effort_wfe_or_timeout+0xa4>)
100015d4:	9300      	str	r3, [sp, #0]
100015d6:	002a      	movs	r2, r5
100015d8:	0023      	movs	r3, r4
100015da:	f7ff fe09 	bl	100011f0 <alarm_pool_add_alarm_at>
100015de:	1e06      	subs	r6, r0, #0
100015e0:	dd23      	ble.n	1000162a <best_effort_wfe_or_timeout+0x72>
100015e2:	bf20      	wfe
100015e4:	f7ff fdee 	bl	100011c4 <alarm_pool_get_default>
100015e8:	0031      	movs	r1, r6
100015ea:	f7ff feb5 	bl	10001358 <alarm_pool_cancel_alarm>
100015ee:	4b1c      	ldr	r3, [pc, #112]	; (10001660 <best_effort_wfe_or_timeout+0xa8>)
100015f0:	6a5b      	ldr	r3, [r3, #36]	; 0x24
100015f2:	429c      	cmp	r4, r3
100015f4:	d82d      	bhi.n	10001652 <best_effort_wfe_or_timeout+0x9a>
100015f6:	4a1a      	ldr	r2, [pc, #104]	; (10001660 <best_effort_wfe_or_timeout+0xa8>)
100015f8:	6a92      	ldr	r2, [r2, #40]	; 0x28
100015fa:	42aa      	cmp	r2, r5
100015fc:	d22c      	bcs.n	10001658 <best_effort_wfe_or_timeout+0xa0>
100015fe:	429c      	cmp	r4, r3
10001600:	d025      	beq.n	1000164e <best_effort_wfe_or_timeout+0x96>
10001602:	2001      	movs	r0, #1
10001604:	e026      	b.n	10001654 <best_effort_wfe_or_timeout+0x9c>
10001606:	4b16      	ldr	r3, [pc, #88]	; (10001660 <best_effort_wfe_or_timeout+0xa8>)
10001608:	6a5b      	ldr	r3, [r3, #36]	; 0x24
1000160a:	4299      	cmp	r1, r3
1000160c:	d809      	bhi.n	10001622 <best_effort_wfe_or_timeout+0x6a>
1000160e:	4a14      	ldr	r2, [pc, #80]	; (10001660 <best_effort_wfe_or_timeout+0xa8>)
10001610:	6a92      	ldr	r2, [r2, #40]	; 0x28
10001612:	4282      	cmp	r2, r0
10001614:	d207      	bcs.n	10001626 <best_effort_wfe_or_timeout+0x6e>
10001616:	4299      	cmp	r1, r3
10001618:	d001      	beq.n	1000161e <best_effort_wfe_or_timeout+0x66>
1000161a:	2001      	movs	r0, #1
1000161c:	e01a      	b.n	10001654 <best_effort_wfe_or_timeout+0x9c>
1000161e:	2000      	movs	r0, #0
10001620:	e018      	b.n	10001654 <best_effort_wfe_or_timeout+0x9c>
10001622:	2000      	movs	r0, #0
10001624:	e016      	b.n	10001654 <best_effort_wfe_or_timeout+0x9c>
10001626:	2001      	movs	r0, #1
10001628:	e014      	b.n	10001654 <best_effort_wfe_or_timeout+0x9c>
1000162a:	4b0d      	ldr	r3, [pc, #52]	; (10001660 <best_effort_wfe_or_timeout+0xa8>)
1000162c:	6a5b      	ldr	r3, [r3, #36]	; 0x24
1000162e:	429c      	cmp	r4, r3
10001630:	d809      	bhi.n	10001646 <best_effort_wfe_or_timeout+0x8e>
10001632:	4a0b      	ldr	r2, [pc, #44]	; (10001660 <best_effort_wfe_or_timeout+0xa8>)
10001634:	6a92      	ldr	r2, [r2, #40]	; 0x28
10001636:	42aa      	cmp	r2, r5
10001638:	d207      	bcs.n	1000164a <best_effort_wfe_or_timeout+0x92>
1000163a:	429c      	cmp	r4, r3
1000163c:	d001      	beq.n	10001642 <best_effort_wfe_or_timeout+0x8a>
1000163e:	2001      	movs	r0, #1
10001640:	e008      	b.n	10001654 <best_effort_wfe_or_timeout+0x9c>
10001642:	2000      	movs	r0, #0
10001644:	e006      	b.n	10001654 <best_effort_wfe_or_timeout+0x9c>
10001646:	2000      	movs	r0, #0
10001648:	e004      	b.n	10001654 <best_effort_wfe_or_timeout+0x9c>
1000164a:	2001      	movs	r0, #1
1000164c:	e002      	b.n	10001654 <best_effort_wfe_or_timeout+0x9c>
1000164e:	2000      	movs	r0, #0
10001650:	e000      	b.n	10001654 <best_effort_wfe_or_timeout+0x9c>
10001652:	2000      	movs	r0, #0
10001654:	b004      	add	sp, #16
10001656:	bd70      	pop	{r4, r5, r6, pc}
10001658:	2001      	movs	r0, #1
1000165a:	e7fb      	b.n	10001654 <best_effort_wfe_or_timeout+0x9c>
1000165c:	10000b45 	.word	0x10000b45
10001660:	40054000 	.word	0x40054000

10001664 <hardware_alarm_irq_handler>:
10001664:	b570      	push	{r4, r5, r6, lr}
10001666:	f3ef 8005 	mrs	r0, IPSR
1000166a:	3810      	subs	r0, #16
1000166c:	f3ef 8c10 	mrs	ip, PRIMASK
10001670:	b672      	cpsid	i
10001672:	4b1a      	ldr	r3, [pc, #104]	; (100016dc <hardware_alarm_irq_handler+0x78>)
10001674:	681b      	ldr	r3, [r3, #0]
10001676:	2b00      	cmp	r3, #0
10001678:	d0fb      	beq.n	10001672 <hardware_alarm_irq_handler+0xe>
1000167a:	f3bf 8f5f 	dmb	sy
1000167e:	2201      	movs	r2, #1
10001680:	0013      	movs	r3, r2
10001682:	4083      	lsls	r3, r0
10001684:	4916      	ldr	r1, [pc, #88]	; (100016e0 <hardware_alarm_irq_handler+0x7c>)
10001686:	634b      	str	r3, [r1, #52]	; 0x34
10001688:	4916      	ldr	r1, [pc, #88]	; (100016e4 <hardware_alarm_irq_handler+0x80>)
1000168a:	600b      	str	r3, [r1, #0]
1000168c:	4916      	ldr	r1, [pc, #88]	; (100016e8 <hardware_alarm_irq_handler+0x84>)
1000168e:	7809      	ldrb	r1, [r1, #0]
10001690:	000c      	movs	r4, r1
10001692:	40c4      	lsrs	r4, r0
10001694:	4222      	tst	r2, r4
10001696:	d014      	beq.n	100016c2 <hardware_alarm_irq_handler+0x5e>
10001698:	4a11      	ldr	r2, [pc, #68]	; (100016e0 <hardware_alarm_irq_handler+0x7c>)
1000169a:	6a54      	ldr	r4, [r2, #36]	; 0x24
1000169c:	0082      	lsls	r2, r0, #2
1000169e:	4d13      	ldr	r5, [pc, #76]	; (100016ec <hardware_alarm_irq_handler+0x88>)
100016a0:	5952      	ldr	r2, [r2, r5]
100016a2:	4294      	cmp	r4, r2
100016a4:	d306      	bcc.n	100016b4 <hardware_alarm_irq_handler+0x50>
100016a6:	0082      	lsls	r2, r0, #2
100016a8:	4c11      	ldr	r4, [pc, #68]	; (100016f0 <hardware_alarm_irq_handler+0x8c>)
100016aa:	5912      	ldr	r2, [r2, r4]
100016ac:	4399      	bics	r1, r3
100016ae:	4b0e      	ldr	r3, [pc, #56]	; (100016e8 <hardware_alarm_irq_handler+0x84>)
100016b0:	7019      	strb	r1, [r3, #0]
100016b2:	e007      	b.n	100016c4 <hardware_alarm_irq_handler+0x60>
100016b4:	4a0a      	ldr	r2, [pc, #40]	; (100016e0 <hardware_alarm_irq_handler+0x7c>)
100016b6:	1d03      	adds	r3, r0, #4
100016b8:	009b      	lsls	r3, r3, #2
100016ba:	5899      	ldr	r1, [r3, r2]
100016bc:	5099      	str	r1, [r3, r2]
100016be:	2200      	movs	r2, #0
100016c0:	e000      	b.n	100016c4 <hardware_alarm_irq_handler+0x60>
100016c2:	2200      	movs	r2, #0
100016c4:	f3bf 8f5f 	dmb	sy
100016c8:	4b04      	ldr	r3, [pc, #16]	; (100016dc <hardware_alarm_irq_handler+0x78>)
100016ca:	2100      	movs	r1, #0
100016cc:	6019      	str	r1, [r3, #0]
100016ce:	f38c 8810 	msr	PRIMASK, ip
100016d2:	2a00      	cmp	r2, #0
100016d4:	d000      	beq.n	100016d8 <hardware_alarm_irq_handler+0x74>
100016d6:	4790      	blx	r2
100016d8:	bd70      	pop	{r4, r5, r6, pc}
100016da:	46c0      	nop			; (mov r8, r8)
100016dc:	d0000128 	.word	0xd0000128
100016e0:	40054000 	.word	0x40054000
100016e4:	4005703c 	.word	0x4005703c
100016e8:	200008b2 	.word	0x200008b2
100016ec:	20000898 	.word	0x20000898
100016f0:	200004e4 	.word	0x200004e4

100016f4 <hardware_alarm_claim>:
100016f4:	b510      	push	{r4, lr}
100016f6:	0001      	movs	r1, r0
100016f8:	4a02      	ldr	r2, [pc, #8]	; (10001704 <hardware_alarm_claim+0x10>)
100016fa:	4803      	ldr	r0, [pc, #12]	; (10001708 <hardware_alarm_claim+0x14>)
100016fc:	f7ff f9ca 	bl	10000a94 <hw_claim_or_assert>
10001700:	bd10      	pop	{r4, pc}
10001702:	46c0      	nop			; (mov r8, r8)
10001704:	1000507c 	.word	0x1000507c
10001708:	200008b0 	.word	0x200008b0

1000170c <time_us_64>:
1000170c:	4b04      	ldr	r3, [pc, #16]	; (10001720 <time_us_64+0x14>)
1000170e:	6a5b      	ldr	r3, [r3, #36]	; 0x24
10001710:	4a03      	ldr	r2, [pc, #12]	; (10001720 <time_us_64+0x14>)
10001712:	6a90      	ldr	r0, [r2, #40]	; 0x28
10001714:	0019      	movs	r1, r3
10001716:	6a53      	ldr	r3, [r2, #36]	; 0x24
10001718:	4299      	cmp	r1, r3
1000171a:	d1f9      	bne.n	10001710 <time_us_64+0x4>
1000171c:	4770      	bx	lr
1000171e:	46c0      	nop			; (mov r8, r8)
10001720:	40054000 	.word	0x40054000

10001724 <busy_wait_until>:
10001724:	4b08      	ldr	r3, [pc, #32]	; (10001748 <busy_wait_until+0x24>)
10001726:	6a5b      	ldr	r3, [r3, #36]	; 0x24
10001728:	e001      	b.n	1000172e <busy_wait_until+0xa>
1000172a:	4b07      	ldr	r3, [pc, #28]	; (10001748 <busy_wait_until+0x24>)
1000172c:	6a5b      	ldr	r3, [r3, #36]	; 0x24
1000172e:	428b      	cmp	r3, r1
10001730:	d3fb      	bcc.n	1000172a <busy_wait_until+0x6>
10001732:	e001      	b.n	10001738 <busy_wait_until+0x14>
10001734:	4b04      	ldr	r3, [pc, #16]	; (10001748 <busy_wait_until+0x24>)
10001736:	6a5b      	ldr	r3, [r3, #36]	; 0x24
10001738:	428b      	cmp	r3, r1
1000173a:	d103      	bne.n	10001744 <busy_wait_until+0x20>
1000173c:	4b02      	ldr	r3, [pc, #8]	; (10001748 <busy_wait_until+0x24>)
1000173e:	6a9b      	ldr	r3, [r3, #40]	; 0x28
10001740:	4283      	cmp	r3, r0
10001742:	d3f7      	bcc.n	10001734 <busy_wait_until+0x10>
10001744:	4770      	bx	lr
10001746:	46c0      	nop			; (mov r8, r8)
10001748:	40054000 	.word	0x40054000

1000174c <busy_wait_us>:
1000174c:	b570      	push	{r4, r5, r6, lr}
1000174e:	0004      	movs	r4, r0
10001750:	000d      	movs	r5, r1
10001752:	f7ff ffdb 	bl	1000170c <time_us_64>
10001756:	0002      	movs	r2, r0
10001758:	000b      	movs	r3, r1
1000175a:	0020      	movs	r0, r4
1000175c:	0029      	movs	r1, r5
1000175e:	1880      	adds	r0, r0, r2
10001760:	4159      	adcs	r1, r3
10001762:	428b      	cmp	r3, r1
10001764:	d802      	bhi.n	1000176c <busy_wait_us+0x20>
10001766:	d104      	bne.n	10001772 <busy_wait_us+0x26>
10001768:	4282      	cmp	r2, r0
1000176a:	d902      	bls.n	10001772 <busy_wait_us+0x26>
1000176c:	2001      	movs	r0, #1
1000176e:	4240      	negs	r0, r0
10001770:	17c1      	asrs	r1, r0, #31
10001772:	2900      	cmp	r1, #0
10001774:	db02      	blt.n	1000177c <busy_wait_us+0x30>
10001776:	f7ff ffd5 	bl	10001724 <busy_wait_until>
1000177a:	bd70      	pop	{r4, r5, r6, pc}
1000177c:	4b02      	ldr	r3, [pc, #8]	; (10001788 <busy_wait_us+0x3c>)
1000177e:	4a03      	ldr	r2, [pc, #12]	; (1000178c <busy_wait_us+0x40>)
10001780:	213f      	movs	r1, #63	; 0x3f
10001782:	4803      	ldr	r0, [pc, #12]	; (10001790 <busy_wait_us+0x44>)
10001784:	f000 fff8 	bl	10002778 <__assert_func>
10001788:	10004dec 	.word	0x10004dec
1000178c:	10005140 	.word	0x10005140
10001790:	10004e08 	.word	0x10004e08

10001794 <hardware_alarm_set_callback>:
10001794:	b570      	push	{r4, r5, r6, lr}
10001796:	0004      	movs	r4, r0
10001798:	000d      	movs	r5, r1
1000179a:	f3ef 8610 	mrs	r6, PRIMASK
1000179e:	b672      	cpsid	i
100017a0:	4b1b      	ldr	r3, [pc, #108]	; (10001810 <hardware_alarm_set_callback+0x7c>)
100017a2:	681b      	ldr	r3, [r3, #0]
100017a4:	2b00      	cmp	r3, #0
100017a6:	d0fb      	beq.n	100017a0 <hardware_alarm_set_callback+0xc>
100017a8:	f3bf 8f5f 	dmb	sy
100017ac:	2d00      	cmp	r5, #0
100017ae:	d01c      	beq.n	100017ea <hardware_alarm_set_callback+0x56>
100017b0:	0020      	movs	r0, r4
100017b2:	f000 f947 	bl	10001a44 <irq_get_vtable_handler>
100017b6:	4b17      	ldr	r3, [pc, #92]	; (10001814 <hardware_alarm_set_callback+0x80>)
100017b8:	4283      	cmp	r3, r0
100017ba:	d00b      	beq.n	100017d4 <hardware_alarm_set_callback+0x40>
100017bc:	0019      	movs	r1, r3
100017be:	0020      	movs	r0, r4
100017c0:	f000 f948 	bl	10001a54 <irq_set_exclusive_handler>
100017c4:	2101      	movs	r1, #1
100017c6:	0020      	movs	r0, r4
100017c8:	f000 f934 	bl	10001a34 <irq_set_enabled>
100017cc:	2301      	movs	r3, #1
100017ce:	40a3      	lsls	r3, r4
100017d0:	4a11      	ldr	r2, [pc, #68]	; (10001818 <hardware_alarm_set_callback+0x84>)
100017d2:	6013      	str	r3, [r2, #0]
100017d4:	00a4      	lsls	r4, r4, #2
100017d6:	4b11      	ldr	r3, [pc, #68]	; (1000181c <hardware_alarm_set_callback+0x88>)
100017d8:	50e5      	str	r5, [r4, r3]
100017da:	f3bf 8f5f 	dmb	sy
100017de:	4b0c      	ldr	r3, [pc, #48]	; (10001810 <hardware_alarm_set_callback+0x7c>)
100017e0:	2200      	movs	r2, #0
100017e2:	601a      	str	r2, [r3, #0]
100017e4:	f386 8810 	msr	PRIMASK, r6
100017e8:	bd70      	pop	{r4, r5, r6, pc}
100017ea:	00a2      	lsls	r2, r4, #2
100017ec:	4b0b      	ldr	r3, [pc, #44]	; (1000181c <hardware_alarm_set_callback+0x88>)
100017ee:	2100      	movs	r1, #0
100017f0:	50d1      	str	r1, [r2, r3]
100017f2:	2201      	movs	r2, #1
100017f4:	40a2      	lsls	r2, r4
100017f6:	490a      	ldr	r1, [pc, #40]	; (10001820 <hardware_alarm_set_callback+0x8c>)
100017f8:	780b      	ldrb	r3, [r1, #0]
100017fa:	4393      	bics	r3, r2
100017fc:	700b      	strb	r3, [r1, #0]
100017fe:	4905      	ldr	r1, [pc, #20]	; (10001814 <hardware_alarm_set_callback+0x80>)
10001800:	0020      	movs	r0, r4
10001802:	f000 f951 	bl	10001aa8 <irq_remove_handler>
10001806:	2100      	movs	r1, #0
10001808:	0020      	movs	r0, r4
1000180a:	f000 f913 	bl	10001a34 <irq_set_enabled>
1000180e:	e7e4      	b.n	100017da <hardware_alarm_set_callback+0x46>
10001810:	d0000128 	.word	0xd0000128
10001814:	10001665 	.word	0x10001665
10001818:	40056038 	.word	0x40056038
1000181c:	200004e4 	.word	0x200004e4
10001820:	200008b2 	.word	0x200008b2

10001824 <hardware_alarm_set_target>:
10001824:	b5f0      	push	{r4, r5, r6, r7, lr}
10001826:	46de      	mov	lr, fp
10001828:	b500      	push	{lr}
1000182a:	b084      	sub	sp, #16
1000182c:	0004      	movs	r4, r0
1000182e:	0015      	movs	r5, r2
10001830:	9201      	str	r2, [sp, #4]
10001832:	001e      	movs	r6, r3
10001834:	9302      	str	r3, [sp, #8]
10001836:	f7ff ff69 	bl	1000170c <time_us_64>
1000183a:	9503      	str	r5, [sp, #12]
1000183c:	428e      	cmp	r6, r1
1000183e:	d802      	bhi.n	10001846 <hardware_alarm_set_target+0x22>
10001840:	d14e      	bne.n	100018e0 <hardware_alarm_set_target+0xbc>
10001842:	4285      	cmp	r5, r0
10001844:	d94c      	bls.n	100018e0 <hardware_alarm_set_target+0xbc>
10001846:	f3ef 8b10 	mrs	fp, PRIMASK
1000184a:	b672      	cpsid	i
1000184c:	4b27      	ldr	r3, [pc, #156]	; (100018ec <hardware_alarm_set_target+0xc8>)
1000184e:	681b      	ldr	r3, [r3, #0]
10001850:	2b00      	cmp	r3, #0
10001852:	d0fb      	beq.n	1000184c <hardware_alarm_set_target+0x28>
10001854:	f3bf 8f5f 	dmb	sy
10001858:	4a25      	ldr	r2, [pc, #148]	; (100018f0 <hardware_alarm_set_target+0xcc>)
1000185a:	7817      	ldrb	r7, [r2, #0]
1000185c:	2501      	movs	r5, #1
1000185e:	40a5      	lsls	r5, r4
10001860:	b2eb      	uxtb	r3, r5
10001862:	433b      	orrs	r3, r7
10001864:	7013      	strb	r3, [r2, #0]
10001866:	4b23      	ldr	r3, [pc, #140]	; (100018f4 <hardware_alarm_set_target+0xd0>)
10001868:	635d      	str	r5, [r3, #52]	; 0x34
1000186a:	1d22      	adds	r2, r4, #4
1000186c:	0092      	lsls	r2, r2, #2
1000186e:	9901      	ldr	r1, [sp, #4]
10001870:	50d1      	str	r1, [r2, r3]
10001872:	00a2      	lsls	r2, r4, #2
10001874:	4920      	ldr	r1, [pc, #128]	; (100018f8 <hardware_alarm_set_target+0xd4>)
10001876:	9802      	ldr	r0, [sp, #8]
10001878:	5050      	str	r0, [r2, r1]
1000187a:	6a1b      	ldr	r3, [r3, #32]
1000187c:	422b      	tst	r3, r5
1000187e:	d112      	bne.n	100018a6 <hardware_alarm_set_target+0x82>
10001880:	4b1c      	ldr	r3, [pc, #112]	; (100018f4 <hardware_alarm_set_target+0xd0>)
10001882:	6c1b      	ldr	r3, [r3, #64]	; 0x40
10001884:	422b      	tst	r3, r5
10001886:	d008      	beq.n	1000189a <hardware_alarm_set_target+0x76>
10001888:	2000      	movs	r0, #0
1000188a:	f3bf 8f5f 	dmb	sy
1000188e:	4b17      	ldr	r3, [pc, #92]	; (100018ec <hardware_alarm_set_target+0xc8>)
10001890:	2200      	movs	r2, #0
10001892:	601a      	str	r2, [r3, #0]
10001894:	f38b 8810 	msr	PRIMASK, fp
10001898:	e023      	b.n	100018e2 <hardware_alarm_set_target+0xbe>
1000189a:	4b18      	ldr	r3, [pc, #96]	; (100018fc <hardware_alarm_set_target+0xd8>)
1000189c:	4a18      	ldr	r2, [pc, #96]	; (10001900 <hardware_alarm_set_target+0xdc>)
1000189e:	21c5      	movs	r1, #197	; 0xc5
100018a0:	4818      	ldr	r0, [pc, #96]	; (10001904 <hardware_alarm_set_target+0xe0>)
100018a2:	f000 ff69 	bl	10002778 <__assert_func>
100018a6:	f7ff ff31 	bl	1000170c <time_us_64>
100018aa:	428e      	cmp	r6, r1
100018ac:	d814      	bhi.n	100018d8 <hardware_alarm_set_target+0xb4>
100018ae:	d102      	bne.n	100018b6 <hardware_alarm_set_target+0x92>
100018b0:	9b03      	ldr	r3, [sp, #12]
100018b2:	4283      	cmp	r3, r0
100018b4:	d810      	bhi.n	100018d8 <hardware_alarm_set_target+0xb4>
100018b6:	4b0e      	ldr	r3, [pc, #56]	; (100018f0 <hardware_alarm_set_target+0xcc>)
100018b8:	781b      	ldrb	r3, [r3, #0]
100018ba:	42bb      	cmp	r3, r7
100018bc:	d00e      	beq.n	100018dc <hardware_alarm_set_target+0xb8>
100018be:	4b0d      	ldr	r3, [pc, #52]	; (100018f4 <hardware_alarm_set_target+0xd0>)
100018c0:	621d      	str	r5, [r3, #32]
100018c2:	635d      	str	r5, [r3, #52]	; 0x34
100018c4:	201f      	movs	r0, #31
100018c6:	4004      	ands	r4, r0
100018c8:	2301      	movs	r3, #1
100018ca:	40a3      	lsls	r3, r4
100018cc:	4a0e      	ldr	r2, [pc, #56]	; (10001908 <hardware_alarm_set_target+0xe4>)
100018ce:	6013      	str	r3, [r2, #0]
100018d0:	4b07      	ldr	r3, [pc, #28]	; (100018f0 <hardware_alarm_set_target+0xcc>)
100018d2:	701f      	strb	r7, [r3, #0]
100018d4:	381e      	subs	r0, #30
100018d6:	e7d8      	b.n	1000188a <hardware_alarm_set_target+0x66>
100018d8:	2000      	movs	r0, #0
100018da:	e7d6      	b.n	1000188a <hardware_alarm_set_target+0x66>
100018dc:	2001      	movs	r0, #1
100018de:	e7d4      	b.n	1000188a <hardware_alarm_set_target+0x66>
100018e0:	2001      	movs	r0, #1
100018e2:	b004      	add	sp, #16
100018e4:	bc80      	pop	{r7}
100018e6:	46bb      	mov	fp, r7
100018e8:	bdf0      	pop	{r4, r5, r6, r7, pc}
100018ea:	46c0      	nop			; (mov r8, r8)
100018ec:	d0000128 	.word	0xd0000128
100018f0:	200008b2 	.word	0x200008b2
100018f4:	40054000 	.word	0x40054000
100018f8:	20000898 	.word	0x20000898
100018fc:	100050a0 	.word	0x100050a0
10001900:	10005124 	.word	0x10005124
10001904:	100050c4 	.word	0x100050c4
10001908:	e000e280 	.word	0xe000e280

1000190c <hardware_alarm_cancel>:
1000190c:	f3ef 8c10 	mrs	ip, PRIMASK
10001910:	b672      	cpsid	i
10001912:	4b0b      	ldr	r3, [pc, #44]	; (10001940 <hardware_alarm_cancel+0x34>)
10001914:	681b      	ldr	r3, [r3, #0]
10001916:	2b00      	cmp	r3, #0
10001918:	d0fb      	beq.n	10001912 <hardware_alarm_cancel+0x6>
1000191a:	f3bf 8f5f 	dmb	sy
1000191e:	2301      	movs	r3, #1
10001920:	4083      	lsls	r3, r0
10001922:	4a08      	ldr	r2, [pc, #32]	; (10001944 <hardware_alarm_cancel+0x38>)
10001924:	6213      	str	r3, [r2, #32]
10001926:	4908      	ldr	r1, [pc, #32]	; (10001948 <hardware_alarm_cancel+0x3c>)
10001928:	780a      	ldrb	r2, [r1, #0]
1000192a:	439a      	bics	r2, r3
1000192c:	700a      	strb	r2, [r1, #0]
1000192e:	f3bf 8f5f 	dmb	sy
10001932:	4b03      	ldr	r3, [pc, #12]	; (10001940 <hardware_alarm_cancel+0x34>)
10001934:	2200      	movs	r2, #0
10001936:	601a      	str	r2, [r3, #0]
10001938:	f38c 8810 	msr	PRIMASK, ip
1000193c:	4770      	bx	lr
1000193e:	46c0      	nop			; (mov r8, r8)
10001940:	d0000128 	.word	0xd0000128
10001944:	40054000 	.word	0x40054000
10001948:	200008b2 	.word	0x200008b2

1000194c <set_raw_irq_handler_and_unlock>:
1000194c:	4b07      	ldr	r3, [pc, #28]	; (1000196c <set_raw_irq_handler_and_unlock+0x20>)
1000194e:	689b      	ldr	r3, [r3, #8]
10001950:	3010      	adds	r0, #16
10001952:	0080      	lsls	r0, r0, #2
10001954:	5019      	str	r1, [r3, r0]
10001956:	f3bf 8f5f 	dmb	sy
1000195a:	f3bf 8f5f 	dmb	sy
1000195e:	4b04      	ldr	r3, [pc, #16]	; (10001970 <set_raw_irq_handler_and_unlock+0x24>)
10001960:	2100      	movs	r1, #0
10001962:	6019      	str	r1, [r3, #0]
10001964:	f382 8810 	msr	PRIMASK, r2
10001968:	4770      	bx	lr
1000196a:	46c0      	nop			; (mov r8, r8)
1000196c:	e000ed00 	.word	0xe000ed00
10001970:	d0000124 	.word	0xd0000124

10001974 <make_branch>:
10001974:	b510      	push	{r4, lr}
10001976:	1a09      	subs	r1, r1, r0
10001978:	1f08      	subs	r0, r1, #4
1000197a:	4b0a      	ldr	r3, [pc, #40]	; (100019a4 <make_branch+0x30>)
1000197c:	469c      	mov	ip, r3
1000197e:	4461      	add	r1, ip
10001980:	4a09      	ldr	r2, [pc, #36]	; (100019a8 <make_branch+0x34>)
10001982:	4291      	cmp	r1, r2
10001984:	d808      	bhi.n	10001998 <make_branch+0x24>
10001986:	07c3      	lsls	r3, r0, #31
10001988:	d406      	bmi.n	10001998 <make_branch+0x24>
1000198a:	1040      	asrs	r0, r0, #1
1000198c:	0540      	lsls	r0, r0, #21
1000198e:	0d40      	lsrs	r0, r0, #21
10001990:	4b06      	ldr	r3, [pc, #24]	; (100019ac <make_branch+0x38>)
10001992:	4318      	orrs	r0, r3
10001994:	b280      	uxth	r0, r0
10001996:	bd10      	pop	{r4, pc}
10001998:	4b05      	ldr	r3, [pc, #20]	; (100019b0 <make_branch+0x3c>)
1000199a:	4a06      	ldr	r2, [pc, #24]	; (100019b4 <make_branch+0x40>)
1000199c:	21a3      	movs	r1, #163	; 0xa3
1000199e:	4806      	ldr	r0, [pc, #24]	; (100019b8 <make_branch+0x44>)
100019a0:	f000 feea 	bl	10002778 <__assert_func>
100019a4:	000007fc 	.word	0x000007fc
100019a8:	00000ffe 	.word	0x00000ffe
100019ac:	ffffe000 	.word	0xffffe000
100019b0:	10005158 	.word	0x10005158
100019b4:	100053c8 	.word	0x100053c8
100019b8:	10005188 	.word	0x10005188

100019bc <insert_branch_and_link>:
100019bc:	b510      	push	{r4, lr}
100019be:	1a09      	subs	r1, r1, r0
100019c0:	3904      	subs	r1, #4
100019c2:	084c      	lsrs	r4, r1, #1
100019c4:	0b09      	lsrs	r1, r1, #12
100019c6:	d108      	bne.n	100019da <insert_branch_and_link+0x1e>
100019c8:	0549      	lsls	r1, r1, #21
100019ca:	0d49      	lsrs	r1, r1, #21
100019cc:	4a06      	ldr	r2, [pc, #24]	; (100019e8 <insert_branch_and_link+0x2c>)
100019ce:	4311      	orrs	r1, r2
100019d0:	8001      	strh	r1, [r0, #0]
100019d2:	4b06      	ldr	r3, [pc, #24]	; (100019ec <insert_branch_and_link+0x30>)
100019d4:	4323      	orrs	r3, r4
100019d6:	8043      	strh	r3, [r0, #2]
100019d8:	bd10      	pop	{r4, pc}
100019da:	4b05      	ldr	r3, [pc, #20]	; (100019f0 <insert_branch_and_link+0x34>)
100019dc:	4a05      	ldr	r2, [pc, #20]	; (100019f4 <insert_branch_and_link+0x38>)
100019de:	21ab      	movs	r1, #171	; 0xab
100019e0:	4805      	ldr	r0, [pc, #20]	; (100019f8 <insert_branch_and_link+0x3c>)
100019e2:	f000 fec9 	bl	10002778 <__assert_func>
100019e6:	46c0      	nop			; (mov r8, r8)
100019e8:	fffff000 	.word	0xfffff000
100019ec:	fffff800 	.word	0xfffff800
100019f0:	100051e4 	.word	0x100051e4
100019f4:	1000539c 	.word	0x1000539c
100019f8:	10005188 	.word	0x10005188

100019fc <irq_is_enabled>:
100019fc:	2301      	movs	r3, #1
100019fe:	4083      	lsls	r3, r0
10001a00:	4a03      	ldr	r2, [pc, #12]	; (10001a10 <irq_is_enabled+0x14>)
10001a02:	6810      	ldr	r0, [r2, #0]
10001a04:	4018      	ands	r0, r3
10001a06:	1e43      	subs	r3, r0, #1
10001a08:	4198      	sbcs	r0, r3
10001a0a:	b2c0      	uxtb	r0, r0
10001a0c:	4770      	bx	lr
10001a0e:	46c0      	nop			; (mov r8, r8)
10001a10:	e000e100 	.word	0xe000e100

10001a14 <irq_set_mask_enabled>:
10001a14:	2900      	cmp	r1, #0
10001a16:	d004      	beq.n	10001a22 <irq_set_mask_enabled+0xe>
10001a18:	4b03      	ldr	r3, [pc, #12]	; (10001a28 <irq_set_mask_enabled+0x14>)
10001a1a:	6018      	str	r0, [r3, #0]
10001a1c:	4b03      	ldr	r3, [pc, #12]	; (10001a2c <irq_set_mask_enabled+0x18>)
10001a1e:	6018      	str	r0, [r3, #0]
10001a20:	4770      	bx	lr
10001a22:	4b03      	ldr	r3, [pc, #12]	; (10001a30 <irq_set_mask_enabled+0x1c>)
10001a24:	6018      	str	r0, [r3, #0]
10001a26:	e7fb      	b.n	10001a20 <irq_set_mask_enabled+0xc>
10001a28:	e000e280 	.word	0xe000e280
10001a2c:	e000e100 	.word	0xe000e100
10001a30:	e000e180 	.word	0xe000e180

10001a34 <irq_set_enabled>:
10001a34:	b510      	push	{r4, lr}
10001a36:	2301      	movs	r3, #1
10001a38:	4083      	lsls	r3, r0
10001a3a:	0018      	movs	r0, r3
10001a3c:	f7ff ffea 	bl	10001a14 <irq_set_mask_enabled>
10001a40:	bd10      	pop	{r4, pc}
	...

10001a44 <irq_get_vtable_handler>:
10001a44:	4b02      	ldr	r3, [pc, #8]	; (10001a50 <irq_get_vtable_handler+0xc>)
10001a46:	689b      	ldr	r3, [r3, #8]
10001a48:	3010      	adds	r0, #16
10001a4a:	0080      	lsls	r0, r0, #2
10001a4c:	58c0      	ldr	r0, [r0, r3]
10001a4e:	4770      	bx	lr
10001a50:	e000ed00 	.word	0xe000ed00

10001a54 <irq_set_exclusive_handler>:
10001a54:	b570      	push	{r4, r5, r6, lr}
10001a56:	0004      	movs	r4, r0
10001a58:	000d      	movs	r5, r1
10001a5a:	f3ef 8610 	mrs	r6, PRIMASK
10001a5e:	b672      	cpsid	i
10001a60:	4b0c      	ldr	r3, [pc, #48]	; (10001a94 <irq_set_exclusive_handler+0x40>)
10001a62:	681b      	ldr	r3, [r3, #0]
10001a64:	2b00      	cmp	r3, #0
10001a66:	d0fb      	beq.n	10001a60 <irq_set_exclusive_handler+0xc>
10001a68:	f3bf 8f5f 	dmb	sy
10001a6c:	0020      	movs	r0, r4
10001a6e:	f7ff ffe9 	bl	10001a44 <irq_get_vtable_handler>
10001a72:	4b09      	ldr	r3, [pc, #36]	; (10001a98 <irq_set_exclusive_handler+0x44>)
10001a74:	4298      	cmp	r0, r3
10001a76:	d001      	beq.n	10001a7c <irq_set_exclusive_handler+0x28>
10001a78:	42a8      	cmp	r0, r5
10001a7a:	d105      	bne.n	10001a88 <irq_set_exclusive_handler+0x34>
10001a7c:	0032      	movs	r2, r6
10001a7e:	0029      	movs	r1, r5
10001a80:	0020      	movs	r0, r4
10001a82:	f7ff ff63 	bl	1000194c <set_raw_irq_handler_and_unlock>
10001a86:	bd70      	pop	{r4, r5, r6, pc}
10001a88:	4b04      	ldr	r3, [pc, #16]	; (10001a9c <irq_set_exclusive_handler+0x48>)
10001a8a:	4a05      	ldr	r2, [pc, #20]	; (10001aa0 <irq_set_exclusive_handler+0x4c>)
10001a8c:	2186      	movs	r1, #134	; 0x86
10001a8e:	4805      	ldr	r0, [pc, #20]	; (10001aa4 <irq_set_exclusive_handler+0x50>)
10001a90:	f000 fe72 	bl	10002778 <__assert_func>
10001a94:	d0000124 	.word	0xd0000124
10001a98:	100001cd 	.word	0x100001cd
10001a9c:	100051f4 	.word	0x100051f4
10001aa0:	100053e4 	.word	0x100053e4
10001aa4:	10005188 	.word	0x10005188

10001aa8 <irq_remove_handler>:
10001aa8:	b5f0      	push	{r4, r5, r6, r7, lr}
10001aaa:	46ce      	mov	lr, r9
10001aac:	4647      	mov	r7, r8
10001aae:	b580      	push	{r7, lr}
10001ab0:	b083      	sub	sp, #12
10001ab2:	0006      	movs	r6, r0
10001ab4:	000d      	movs	r5, r1
10001ab6:	f3ef 8810 	mrs	r8, PRIMASK
10001aba:	b672      	cpsid	i
10001abc:	4b56      	ldr	r3, [pc, #344]	; (10001c18 <irq_remove_handler+0x170>)
10001abe:	681b      	ldr	r3, [r3, #0]
10001ac0:	2b00      	cmp	r3, #0
10001ac2:	d0fb      	beq.n	10001abc <irq_remove_handler+0x14>
10001ac4:	f3bf 8f5f 	dmb	sy
10001ac8:	4b54      	ldr	r3, [pc, #336]	; (10001c1c <irq_remove_handler+0x174>)
10001aca:	689a      	ldr	r2, [r3, #8]
10001acc:	0034      	movs	r4, r6
10001ace:	3410      	adds	r4, #16
10001ad0:	00a3      	lsls	r3, r4, #2
10001ad2:	58d7      	ldr	r7, [r2, r3]
10001ad4:	4b52      	ldr	r3, [pc, #328]	; (10001c20 <irq_remove_handler+0x178>)
10001ad6:	429f      	cmp	r7, r3
10001ad8:	d007      	beq.n	10001aea <irq_remove_handler+0x42>
10001ada:	42af      	cmp	r7, r5
10001adc:	d100      	bne.n	10001ae0 <irq_remove_handler+0x38>
10001ade:	e098      	b.n	10001c12 <irq_remove_handler+0x16a>
10001ae0:	9701      	str	r7, [sp, #4]
10001ae2:	4b50      	ldr	r3, [pc, #320]	; (10001c24 <irq_remove_handler+0x17c>)
10001ae4:	1afb      	subs	r3, r7, r3
10001ae6:	2b2f      	cmp	r3, #47	; 0x2f
10001ae8:	d909      	bls.n	10001afe <irq_remove_handler+0x56>
10001aea:	4642      	mov	r2, r8
10001aec:	0039      	movs	r1, r7
10001aee:	0030      	movs	r0, r6
10001af0:	f7ff ff2c 	bl	1000194c <set_raw_irq_handler_and_unlock>
10001af4:	b003      	add	sp, #12
10001af6:	bcc0      	pop	{r6, r7}
10001af8:	46b9      	mov	r9, r7
10001afa:	46b0      	mov	r8, r6
10001afc:	bdf0      	pop	{r4, r5, r6, r7, pc}
10001afe:	0030      	movs	r0, r6
10001b00:	f7ff ff7c 	bl	100019fc <irq_is_enabled>
10001b04:	4681      	mov	r9, r0
10001b06:	2100      	movs	r1, #0
10001b08:	0030      	movs	r0, r6
10001b0a:	f7ff ff93 	bl	10001a34 <irq_set_enabled>
10001b0e:	f3bf 8f5f 	dmb	sy
10001b12:	f3ef 8105 	mrs	r1, IPSR
10001b16:	2900      	cmp	r1, #0
10001b18:	d001      	beq.n	10001b1e <irq_remove_handler+0x76>
10001b1a:	428c      	cmp	r4, r1
10001b1c:	d111      	bne.n	10001b42 <irq_remove_handler+0x9a>
10001b1e:	2301      	movs	r3, #1
10001b20:	9c01      	ldr	r4, [sp, #4]
10001b22:	439c      	bics	r4, r3
10001b24:	2200      	movs	r2, #0
10001b26:	68a3      	ldr	r3, [r4, #8]
10001b28:	42ab      	cmp	r3, r5
10001b2a:	d012      	beq.n	10001b52 <irq_remove_handler+0xaa>
10001b2c:	2206      	movs	r2, #6
10001b2e:	56a2      	ldrsb	r2, [r4, r2]
10001b30:	2a00      	cmp	r2, #0
10001b32:	db0d      	blt.n	10001b50 <irq_remove_handler+0xa8>
10001b34:	0053      	lsls	r3, r2, #1
10001b36:	189b      	adds	r3, r3, r2
10001b38:	009b      	lsls	r3, r3, #2
10001b3a:	0022      	movs	r2, r4
10001b3c:	4c39      	ldr	r4, [pc, #228]	; (10001c24 <irq_remove_handler+0x17c>)
10001b3e:	18e4      	adds	r4, r4, r3
10001b40:	e7f1      	b.n	10001b26 <irq_remove_handler+0x7e>
10001b42:	2136      	movs	r1, #54	; 0x36
10001b44:	4b38      	ldr	r3, [pc, #224]	; (10001c28 <irq_remove_handler+0x180>)
10001b46:	4a39      	ldr	r2, [pc, #228]	; (10001c2c <irq_remove_handler+0x184>)
10001b48:	31ff      	adds	r1, #255	; 0xff
10001b4a:	4839      	ldr	r0, [pc, #228]	; (10001c30 <irq_remove_handler+0x188>)
10001b4c:	f000 fe14 	bl	10002778 <__assert_func>
10001b50:	0022      	movs	r2, r4
10001b52:	42ab      	cmp	r3, r5
10001b54:	d156      	bne.n	10001c04 <irq_remove_handler+0x15c>
10001b56:	2506      	movs	r5, #6
10001b58:	5765      	ldrsb	r5, [r4, r5]
10001b5a:	2d00      	cmp	r5, #0
10001b5c:	db38      	blt.n	10001bd0 <irq_remove_handler+0x128>
10001b5e:	006b      	lsls	r3, r5, #1
10001b60:	195b      	adds	r3, r3, r5
10001b62:	009a      	lsls	r2, r3, #2
10001b64:	4b2f      	ldr	r3, [pc, #188]	; (10001c24 <irq_remove_handler+0x17c>)
10001b66:	189b      	adds	r3, r3, r2
10001b68:	689a      	ldr	r2, [r3, #8]
10001b6a:	60a2      	str	r2, [r4, #8]
10001b6c:	79da      	ldrb	r2, [r3, #7]
10001b6e:	71e2      	strb	r2, [r4, #7]
10001b70:	2206      	movs	r2, #6
10001b72:	569a      	ldrsb	r2, [r3, r2]
10001b74:	71a2      	strb	r2, [r4, #6]
10001b76:	799b      	ldrb	r3, [r3, #6]
10001b78:	b25b      	sxtb	r3, r3
10001b7a:	2b00      	cmp	r3, #0
10001b7c:	da0f      	bge.n	10001b9e <irq_remove_handler+0xf6>
10001b7e:	482d      	ldr	r0, [pc, #180]	; (10001c34 <irq_remove_handler+0x18c>)
10001b80:	80a0      	strh	r0, [r4, #4]
10001b82:	006b      	lsls	r3, r5, #1
10001b84:	195b      	adds	r3, r3, r5
10001b86:	009b      	lsls	r3, r3, #2
10001b88:	4a26      	ldr	r2, [pc, #152]	; (10001c24 <irq_remove_handler+0x17c>)
10001b8a:	18d3      	adds	r3, r2, r3
10001b8c:	4a2a      	ldr	r2, [pc, #168]	; (10001c38 <irq_remove_handler+0x190>)
10001b8e:	7811      	ldrb	r1, [r2, #0]
10001b90:	7199      	strb	r1, [r3, #6]
10001b92:	7015      	strb	r5, [r2, #0]
10001b94:	4649      	mov	r1, r9
10001b96:	0030      	movs	r0, r6
10001b98:	f7ff ff4c 	bl	10001a34 <irq_set_enabled>
10001b9c:	e7a5      	b.n	10001aea <irq_remove_handler+0x42>
10001b9e:	1d20      	adds	r0, r4, #4
10001ba0:	006b      	lsls	r3, r5, #1
10001ba2:	195b      	adds	r3, r3, r5
10001ba4:	009b      	lsls	r3, r3, #2
10001ba6:	4a1f      	ldr	r2, [pc, #124]	; (10001c24 <irq_remove_handler+0x17c>)
10001ba8:	189b      	adds	r3, r3, r2
10001baa:	1d1a      	adds	r2, r3, #4
10001bac:	889b      	ldrh	r3, [r3, #4]
10001bae:	0ad9      	lsrs	r1, r3, #11
10001bb0:	291c      	cmp	r1, #28
10001bb2:	d107      	bne.n	10001bc4 <irq_remove_handler+0x11c>
10001bb4:	055b      	lsls	r3, r3, #21
10001bb6:	155b      	asrs	r3, r3, #21
10001bb8:	3302      	adds	r3, #2
10001bba:	0059      	lsls	r1, r3, #1
10001bbc:	1851      	adds	r1, r2, r1
10001bbe:	f7ff fed9 	bl	10001974 <make_branch>
10001bc2:	e7dd      	b.n	10001b80 <irq_remove_handler+0xd8>
10001bc4:	4b1d      	ldr	r3, [pc, #116]	; (10001c3c <irq_remove_handler+0x194>)
10001bc6:	4a1e      	ldr	r2, [pc, #120]	; (10001c40 <irq_remove_handler+0x198>)
10001bc8:	21b1      	movs	r1, #177	; 0xb1
10001bca:	4819      	ldr	r0, [pc, #100]	; (10001c30 <irq_remove_handler+0x188>)
10001bcc:	f000 fdd4 	bl	10002778 <__assert_func>
10001bd0:	2900      	cmp	r1, #0
10001bd2:	d112      	bne.n	10001bfa <irq_remove_handler+0x152>
10001bd4:	2a00      	cmp	r2, #0
10001bd6:	d00e      	beq.n	10001bf6 <irq_remove_handler+0x14e>
10001bd8:	23ff      	movs	r3, #255	; 0xff
10001bda:	7193      	strb	r3, [r2, #6]
10001bdc:	4b19      	ldr	r3, [pc, #100]	; (10001c44 <irq_remove_handler+0x19c>)
10001bde:	8093      	strh	r3, [r2, #4]
10001be0:	4a15      	ldr	r2, [pc, #84]	; (10001c38 <irq_remove_handler+0x190>)
10001be2:	7813      	ldrb	r3, [r2, #0]
10001be4:	71a3      	strb	r3, [r4, #6]
10001be6:	4b18      	ldr	r3, [pc, #96]	; (10001c48 <irq_remove_handler+0x1a0>)
10001be8:	490e      	ldr	r1, [pc, #56]	; (10001c24 <irq_remove_handler+0x17c>)
10001bea:	1a64      	subs	r4, r4, r1
10001bec:	4164      	adcs	r4, r4
10001bee:	4363      	muls	r3, r4
10001bf0:	0d1b      	lsrs	r3, r3, #20
10001bf2:	7013      	strb	r3, [r2, #0]
10001bf4:	e7ce      	b.n	10001b94 <irq_remove_handler+0xec>
10001bf6:	4f0a      	ldr	r7, [pc, #40]	; (10001c20 <irq_remove_handler+0x178>)
10001bf8:	e7f2      	b.n	10001be0 <irq_remove_handler+0x138>
10001bfa:	1d20      	adds	r0, r4, #4
10001bfc:	4913      	ldr	r1, [pc, #76]	; (10001c4c <irq_remove_handler+0x1a4>)
10001bfe:	f7ff fedd 	bl	100019bc <insert_branch_and_link>
10001c02:	e7c7      	b.n	10001b94 <irq_remove_handler+0xec>
10001c04:	216a      	movs	r1, #106	; 0x6a
10001c06:	4b12      	ldr	r3, [pc, #72]	; (10001c50 <irq_remove_handler+0x1a8>)
10001c08:	4a08      	ldr	r2, [pc, #32]	; (10001c2c <irq_remove_handler+0x184>)
10001c0a:	31ff      	adds	r1, #255	; 0xff
10001c0c:	4808      	ldr	r0, [pc, #32]	; (10001c30 <irq_remove_handler+0x188>)
10001c0e:	f000 fdb3 	bl	10002778 <__assert_func>
10001c12:	4f03      	ldr	r7, [pc, #12]	; (10001c20 <irq_remove_handler+0x178>)
10001c14:	e769      	b.n	10001aea <irq_remove_handler+0x42>
10001c16:	46c0      	nop			; (mov r8, r8)
10001c18:	d0000124 	.word	0xd0000124
10001c1c:	e000ed00 	.word	0xe000ed00
10001c20:	100001cd 	.word	0x100001cd
10001c24:	2000031c 	.word	0x2000031c
10001c28:	10005308 	.word	0x10005308
10001c2c:	100053b4 	.word	0x100053b4
10001c30:	10005188 	.word	0x10005188
10001c34:	0000bd01 	.word	0x0000bd01
10001c38:	200008b1 	.word	0x200008b1
10001c3c:	100052f0 	.word	0x100052f0
10001c40:	100053d4 	.word	0x100053d4
10001c44:	ffffbd01 	.word	0xffffbd01
10001c48:	0000aaaa 	.word	0x0000aaaa
10001c4c:	20000356 	.word	0x20000356
10001c50:	1000533c 	.word	0x1000533c

10001c54 <irq_add_tail_to_free_list>:
10001c54:	b570      	push	{r4, r5, r6, lr}
10001c56:	2101      	movs	r1, #1
10001c58:	4301      	orrs	r1, r0
10001c5a:	4b2e      	ldr	r3, [pc, #184]	; (10001d14 <irq_add_tail_to_free_list+0xc0>)
10001c5c:	1acb      	subs	r3, r1, r3
10001c5e:	2b2f      	cmp	r3, #47	; 0x2f
10001c60:	d828      	bhi.n	10001cb4 <irq_add_tail_to_free_list+0x60>
10001c62:	f3ef 8305 	mrs	r3, IPSR
10001c66:	2b00      	cmp	r3, #0
10001c68:	d02b      	beq.n	10001cc2 <irq_add_tail_to_free_list+0x6e>
10001c6a:	f3ef 8c10 	mrs	ip, PRIMASK
10001c6e:	b672      	cpsid	i
10001c70:	4a29      	ldr	r2, [pc, #164]	; (10001d18 <irq_add_tail_to_free_list+0xc4>)
10001c72:	6812      	ldr	r2, [r2, #0]
10001c74:	2a00      	cmp	r2, #0
10001c76:	d0fb      	beq.n	10001c70 <irq_add_tail_to_free_list+0x1c>
10001c78:	f3bf 8f5f 	dmb	sy
10001c7c:	4a27      	ldr	r2, [pc, #156]	; (10001d1c <irq_add_tail_to_free_list+0xc8>)
10001c7e:	0004      	movs	r4, r0
10001c80:	4d24      	ldr	r5, [pc, #144]	; (10001d14 <irq_add_tail_to_free_list+0xc0>)
10001c82:	1b64      	subs	r4, r4, r5
10001c84:	4164      	adcs	r4, r4
10001c86:	4362      	muls	r2, r4
10001c88:	0d12      	lsrs	r2, r2, #20
10001c8a:	b254      	sxtb	r4, r2
10001c8c:	4a24      	ldr	r2, [pc, #144]	; (10001d20 <irq_add_tail_to_free_list+0xcc>)
10001c8e:	6892      	ldr	r2, [r2, #8]
10001c90:	009b      	lsls	r3, r3, #2
10001c92:	58d2      	ldr	r2, [r2, r3]
10001c94:	428a      	cmp	r2, r1
10001c96:	d01b      	beq.n	10001cd0 <irq_add_tail_to_free_list+0x7c>
10001c98:	2200      	movs	r2, #0
10001c9a:	2a03      	cmp	r2, #3
10001c9c:	d832      	bhi.n	10001d04 <irq_add_tail_to_free_list+0xb0>
10001c9e:	0053      	lsls	r3, r2, #1
10001ca0:	189b      	adds	r3, r3, r2
10001ca2:	009b      	lsls	r3, r3, #2
10001ca4:	491b      	ldr	r1, [pc, #108]	; (10001d14 <irq_add_tail_to_free_list+0xc0>)
10001ca6:	18cb      	adds	r3, r1, r3
10001ca8:	799b      	ldrb	r3, [r3, #6]
10001caa:	b25b      	sxtb	r3, r3
10001cac:	42a3      	cmp	r3, r4
10001cae:	d01f      	beq.n	10001cf0 <irq_add_tail_to_free_list+0x9c>
10001cb0:	3201      	adds	r2, #1
10001cb2:	e7f2      	b.n	10001c9a <irq_add_tail_to_free_list+0x46>
10001cb4:	21c7      	movs	r1, #199	; 0xc7
10001cb6:	4b1b      	ldr	r3, [pc, #108]	; (10001d24 <irq_add_tail_to_free_list+0xd0>)
10001cb8:	4a1b      	ldr	r2, [pc, #108]	; (10001d28 <irq_add_tail_to_free_list+0xd4>)
10001cba:	0049      	lsls	r1, r1, #1
10001cbc:	481b      	ldr	r0, [pc, #108]	; (10001d2c <irq_add_tail_to_free_list+0xd8>)
10001cbe:	f000 fd5b 	bl	10002778 <__assert_func>
10001cc2:	2192      	movs	r1, #146	; 0x92
10001cc4:	4b1a      	ldr	r3, [pc, #104]	; (10001d30 <irq_add_tail_to_free_list+0xdc>)
10001cc6:	4a18      	ldr	r2, [pc, #96]	; (10001d28 <irq_add_tail_to_free_list+0xd4>)
10001cc8:	31ff      	adds	r1, #255	; 0xff
10001cca:	4818      	ldr	r0, [pc, #96]	; (10001d2c <irq_add_tail_to_free_list+0xd8>)
10001ccc:	f000 fd54 	bl	10002778 <__assert_func>
10001cd0:	4a13      	ldr	r2, [pc, #76]	; (10001d20 <irq_add_tail_to_free_list+0xcc>)
10001cd2:	6892      	ldr	r2, [r2, #8]
10001cd4:	4917      	ldr	r1, [pc, #92]	; (10001d34 <irq_add_tail_to_free_list+0xe0>)
10001cd6:	50d1      	str	r1, [r2, r3]
10001cd8:	4b17      	ldr	r3, [pc, #92]	; (10001d38 <irq_add_tail_to_free_list+0xe4>)
10001cda:	781a      	ldrb	r2, [r3, #0]
10001cdc:	7182      	strb	r2, [r0, #6]
10001cde:	701c      	strb	r4, [r3, #0]
10001ce0:	f3bf 8f5f 	dmb	sy
10001ce4:	4b0c      	ldr	r3, [pc, #48]	; (10001d18 <irq_add_tail_to_free_list+0xc4>)
10001ce6:	2200      	movs	r2, #0
10001ce8:	601a      	str	r2, [r3, #0]
10001cea:	f38c 8810 	msr	PRIMASK, ip
10001cee:	bd70      	pop	{r4, r5, r6, pc}
10001cf0:	000d      	movs	r5, r1
10001cf2:	0053      	lsls	r3, r2, #1
10001cf4:	1899      	adds	r1, r3, r2
10001cf6:	0089      	lsls	r1, r1, #2
10001cf8:	1869      	adds	r1, r5, r1
10001cfa:	26ff      	movs	r6, #255	; 0xff
10001cfc:	718e      	strb	r6, [r1, #6]
10001cfe:	4a0f      	ldr	r2, [pc, #60]	; (10001d3c <irq_add_tail_to_free_list+0xe8>)
10001d00:	808a      	strh	r2, [r1, #4]
10001d02:	e7e9      	b.n	10001cd8 <irq_add_tail_to_free_list+0x84>
10001d04:	21d1      	movs	r1, #209	; 0xd1
10001d06:	4b0e      	ldr	r3, [pc, #56]	; (10001d40 <irq_add_tail_to_free_list+0xec>)
10001d08:	4a07      	ldr	r2, [pc, #28]	; (10001d28 <irq_add_tail_to_free_list+0xd4>)
10001d0a:	0049      	lsls	r1, r1, #1
10001d0c:	4807      	ldr	r0, [pc, #28]	; (10001d2c <irq_add_tail_to_free_list+0xd8>)
10001d0e:	f000 fd33 	bl	10002778 <__assert_func>
10001d12:	46c0      	nop			; (mov r8, r8)
10001d14:	2000031c 	.word	0x2000031c
10001d18:	d0000124 	.word	0xd0000124
10001d1c:	0000aaaa 	.word	0x0000aaaa
10001d20:	e000ed00 	.word	0xe000ed00
10001d24:	10005344 	.word	0x10005344
10001d28:	10005380 	.word	0x10005380
10001d2c:	10005188 	.word	0x10005188
10001d30:	1000536c 	.word	0x1000536c
10001d34:	100001cd 	.word	0x100001cd
10001d38:	200008b1 	.word	0x200008b1
10001d3c:	ffffbd01 	.word	0xffffbd01
10001d40:	10005378 	.word	0x10005378

10001d44 <irq_init_priorities>:
10001d44:	2200      	movs	r2, #0
10001d46:	4b04      	ldr	r3, [pc, #16]	; (10001d58 <irq_init_priorities+0x14>)
10001d48:	e002      	b.n	10001d50 <irq_init_priorities+0xc>
10001d4a:	4904      	ldr	r1, [pc, #16]	; (10001d5c <irq_init_priorities+0x18>)
10001d4c:	c302      	stmia	r3!, {r1}
10001d4e:	3201      	adds	r2, #1
10001d50:	2a07      	cmp	r2, #7
10001d52:	d9fa      	bls.n	10001d4a <irq_init_priorities+0x6>
10001d54:	4770      	bx	lr
10001d56:	46c0      	nop			; (mov r8, r8)
10001d58:	e000e400 	.word	0xe000e400
10001d5c:	80808080 	.word	0x80808080

10001d60 <lock_init>:
10001d60:	4b02      	ldr	r3, [pc, #8]	; (10001d6c <lock_init+0xc>)
10001d62:	469c      	mov	ip, r3
10001d64:	4461      	add	r1, ip
10001d66:	0089      	lsls	r1, r1, #2
10001d68:	6001      	str	r1, [r0, #0]
10001d6a:	4770      	bx	lr
10001d6c:	34000040 	.word	0x34000040

10001d70 <mutex_init>:
10001d70:	b510      	push	{r4, lr}
10001d72:	0004      	movs	r4, r0
10001d74:	f7fe feb8 	bl	10000ae8 <next_striped_spin_lock_num>
10001d78:	0001      	movs	r1, r0
10001d7a:	0020      	movs	r0, r4
10001d7c:	f7ff fff0 	bl	10001d60 <lock_init>
10001d80:	23ff      	movs	r3, #255	; 0xff
10001d82:	7123      	strb	r3, [r4, #4]
10001d84:	f3bf 8f5f 	dmb	sy
10001d88:	bd10      	pop	{r4, pc}

10001d8a <recursive_mutex_init>:
10001d8a:	b510      	push	{r4, lr}
10001d8c:	0004      	movs	r4, r0
10001d8e:	f7fe feab 	bl	10000ae8 <next_striped_spin_lock_num>
10001d92:	0001      	movs	r1, r0
10001d94:	0020      	movs	r0, r4
10001d96:	f7ff ffe3 	bl	10001d60 <lock_init>
10001d9a:	23ff      	movs	r3, #255	; 0xff
10001d9c:	7123      	strb	r3, [r4, #4]
10001d9e:	2300      	movs	r3, #0
10001da0:	7163      	strb	r3, [r4, #5]
10001da2:	f3bf 8f5f 	dmb	sy
10001da6:	bd10      	pop	{r4, pc}

10001da8 <ph_add_child_node>:
10001da8:	b510      	push	{r4, lr}
10001daa:	2900      	cmp	r1, #0
10001dac:	d01e      	beq.n	10001dec <ph_add_child_node+0x44>
10001dae:	7b03      	ldrb	r3, [r0, #12]
10001db0:	4299      	cmp	r1, r3
10001db2:	d81b      	bhi.n	10001dec <ph_add_child_node+0x44>
10001db4:	004b      	lsls	r3, r1, #1
10001db6:	185b      	adds	r3, r3, r1
10001db8:	3b03      	subs	r3, #3
10001dba:	6804      	ldr	r4, [r0, #0]
10001dbc:	46a4      	mov	ip, r4
10001dbe:	4463      	add	r3, ip
10001dc0:	2900      	cmp	r1, #0
10001dc2:	d019      	beq.n	10001df8 <ph_add_child_node+0x50>
10001dc4:	2a00      	cmp	r2, #0
10001dc6:	d01d      	beq.n	10001e04 <ph_add_child_node+0x5c>
10001dc8:	4291      	cmp	r1, r2
10001dca:	d021      	beq.n	10001e10 <ph_add_child_node+0x68>
10001dcc:	2a00      	cmp	r2, #0
10001dce:	d025      	beq.n	10001e1c <ph_add_child_node+0x74>
10001dd0:	7b04      	ldrb	r4, [r0, #12]
10001dd2:	42a2      	cmp	r2, r4
10001dd4:	d822      	bhi.n	10001e1c <ph_add_child_node+0x74>
10001dd6:	6804      	ldr	r4, [r0, #0]
10001dd8:	0050      	lsls	r0, r2, #1
10001dda:	1880      	adds	r0, r0, r2
10001ddc:	3803      	subs	r0, #3
10001dde:	1820      	adds	r0, r4, r0
10001de0:	7081      	strb	r1, [r0, #2]
10001de2:	7819      	ldrb	r1, [r3, #0]
10001de4:	2900      	cmp	r1, #0
10001de6:	d11f      	bne.n	10001e28 <ph_add_child_node+0x80>
10001de8:	701a      	strb	r2, [r3, #0]
10001dea:	bd10      	pop	{r4, pc}
10001dec:	4b10      	ldr	r3, [pc, #64]	; (10001e30 <ph_add_child_node+0x88>)
10001dee:	4a11      	ldr	r2, [pc, #68]	; (10001e34 <ph_add_child_node+0x8c>)
10001df0:	2168      	movs	r1, #104	; 0x68
10001df2:	4811      	ldr	r0, [pc, #68]	; (10001e38 <ph_add_child_node+0x90>)
10001df4:	f000 fcc0 	bl	10002778 <__assert_func>
10001df8:	4b10      	ldr	r3, [pc, #64]	; (10001e3c <ph_add_child_node+0x94>)
10001dfa:	4a11      	ldr	r2, [pc, #68]	; (10001e40 <ph_add_child_node+0x98>)
10001dfc:	316f      	adds	r1, #111	; 0x6f
10001dfe:	480e      	ldr	r0, [pc, #56]	; (10001e38 <ph_add_child_node+0x90>)
10001e00:	f000 fcba 	bl	10002778 <__assert_func>
10001e04:	4b0f      	ldr	r3, [pc, #60]	; (10001e44 <ph_add_child_node+0x9c>)
10001e06:	4a0e      	ldr	r2, [pc, #56]	; (10001e40 <ph_add_child_node+0x98>)
10001e08:	2170      	movs	r1, #112	; 0x70
10001e0a:	480b      	ldr	r0, [pc, #44]	; (10001e38 <ph_add_child_node+0x90>)
10001e0c:	f000 fcb4 	bl	10002778 <__assert_func>
10001e10:	4b0d      	ldr	r3, [pc, #52]	; (10001e48 <ph_add_child_node+0xa0>)
10001e12:	4a0b      	ldr	r2, [pc, #44]	; (10001e40 <ph_add_child_node+0x98>)
10001e14:	2171      	movs	r1, #113	; 0x71
10001e16:	4808      	ldr	r0, [pc, #32]	; (10001e38 <ph_add_child_node+0x90>)
10001e18:	f000 fcae 	bl	10002778 <__assert_func>
10001e1c:	4b04      	ldr	r3, [pc, #16]	; (10001e30 <ph_add_child_node+0x88>)
10001e1e:	4a05      	ldr	r2, [pc, #20]	; (10001e34 <ph_add_child_node+0x8c>)
10001e20:	2168      	movs	r1, #104	; 0x68
10001e22:	4805      	ldr	r0, [pc, #20]	; (10001e38 <ph_add_child_node+0x90>)
10001e24:	f000 fca8 	bl	10002778 <__assert_func>
10001e28:	7041      	strb	r1, [r0, #1]
10001e2a:	701a      	strb	r2, [r3, #0]
10001e2c:	e7dd      	b.n	10001dea <ph_add_child_node+0x42>
10001e2e:	46c0      	nop			; (mov r8, r8)
10001e30:	10004d10 	.word	0x10004d10
10001e34:	100055d4 	.word	0x100055d4
10001e38:	10004d2c 	.word	0x10004d2c
10001e3c:	10004d94 	.word	0x10004d94
10001e40:	100055c0 	.word	0x100055c0
10001e44:	10004da0 	.word	0x10004da0
10001e48:	10004dac 	.word	0x10004dac

10001e4c <ph_merge_nodes>:
10001e4c:	b570      	push	{r4, r5, r6, lr}
10001e4e:	0006      	movs	r6, r0
10001e50:	000d      	movs	r5, r1
10001e52:	0014      	movs	r4, r2
10001e54:	2900      	cmp	r1, #0
10001e56:	d014      	beq.n	10001e82 <ph_merge_nodes+0x36>
10001e58:	2a00      	cmp	r2, #0
10001e5a:	d014      	beq.n	10001e86 <ph_merge_nodes+0x3a>
10001e5c:	6880      	ldr	r0, [r0, #8]
10001e5e:	6873      	ldr	r3, [r6, #4]
10001e60:	4798      	blx	r3
10001e62:	2800      	cmp	r0, #0
10001e64:	d006      	beq.n	10001e74 <ph_merge_nodes+0x28>
10001e66:	0022      	movs	r2, r4
10001e68:	0029      	movs	r1, r5
10001e6a:	0030      	movs	r0, r6
10001e6c:	f7ff ff9c 	bl	10001da8 <ph_add_child_node>
10001e70:	0028      	movs	r0, r5
10001e72:	e007      	b.n	10001e84 <ph_merge_nodes+0x38>
10001e74:	002a      	movs	r2, r5
10001e76:	0021      	movs	r1, r4
10001e78:	0030      	movs	r0, r6
10001e7a:	f7ff ff95 	bl	10001da8 <ph_add_child_node>
10001e7e:	0020      	movs	r0, r4
10001e80:	e000      	b.n	10001e84 <ph_merge_nodes+0x38>
10001e82:	0010      	movs	r0, r2
10001e84:	bd70      	pop	{r4, r5, r6, pc}
10001e86:	0008      	movs	r0, r1
10001e88:	e7fc      	b.n	10001e84 <ph_merge_nodes+0x38>
	...

10001e8c <ph_clear>:
10001e8c:	b510      	push	{r4, lr}
10001e8e:	2300      	movs	r3, #0
10001e90:	7343      	strb	r3, [r0, #13]
10001e92:	3301      	adds	r3, #1
10001e94:	7383      	strb	r3, [r0, #14]
10001e96:	7b03      	ldrb	r3, [r0, #12]
10001e98:	73c3      	strb	r3, [r0, #15]
10001e9a:	2301      	movs	r3, #1
10001e9c:	7b02      	ldrb	r2, [r0, #12]
10001e9e:	429a      	cmp	r2, r3
10001ea0:	d914      	bls.n	10001ecc <ph_clear+0x40>
10001ea2:	2b00      	cmp	r3, #0
10001ea4:	d00c      	beq.n	10001ec0 <ph_clear+0x34>
10001ea6:	7b02      	ldrb	r2, [r0, #12]
10001ea8:	4293      	cmp	r3, r2
10001eaa:	d809      	bhi.n	10001ec0 <ph_clear+0x34>
10001eac:	005a      	lsls	r2, r3, #1
10001eae:	18d2      	adds	r2, r2, r3
10001eb0:	3a03      	subs	r2, #3
10001eb2:	6801      	ldr	r1, [r0, #0]
10001eb4:	468c      	mov	ip, r1
10001eb6:	4462      	add	r2, ip
10001eb8:	3301      	adds	r3, #1
10001eba:	b2db      	uxtb	r3, r3
10001ebc:	7053      	strb	r3, [r2, #1]
10001ebe:	e7ed      	b.n	10001e9c <ph_clear+0x10>
10001ec0:	4b0b      	ldr	r3, [pc, #44]	; (10001ef0 <ph_clear+0x64>)
10001ec2:	4a0c      	ldr	r2, [pc, #48]	; (10001ef4 <ph_clear+0x68>)
10001ec4:	2168      	movs	r1, #104	; 0x68
10001ec6:	480c      	ldr	r0, [pc, #48]	; (10001ef8 <ph_clear+0x6c>)
10001ec8:	f000 fc56 	bl	10002778 <__assert_func>
10001ecc:	2a00      	cmp	r2, #0
10001ece:	d009      	beq.n	10001ee4 <ph_clear+0x58>
10001ed0:	4292      	cmp	r2, r2
10001ed2:	d807      	bhi.n	10001ee4 <ph_clear+0x58>
10001ed4:	6801      	ldr	r1, [r0, #0]
10001ed6:	0053      	lsls	r3, r2, #1
10001ed8:	189a      	adds	r2, r3, r2
10001eda:	3a03      	subs	r2, #3
10001edc:	188a      	adds	r2, r1, r2
10001ede:	2300      	movs	r3, #0
10001ee0:	7053      	strb	r3, [r2, #1]
10001ee2:	bd10      	pop	{r4, pc}
10001ee4:	4b02      	ldr	r3, [pc, #8]	; (10001ef0 <ph_clear+0x64>)
10001ee6:	4a03      	ldr	r2, [pc, #12]	; (10001ef4 <ph_clear+0x68>)
10001ee8:	2168      	movs	r1, #104	; 0x68
10001eea:	4803      	ldr	r0, [pc, #12]	; (10001ef8 <ph_clear+0x6c>)
10001eec:	f000 fc44 	bl	10002778 <__assert_func>
10001ef0:	10004d10 	.word	0x10004d10
10001ef4:	100055d4 	.word	0x100055d4
10001ef8:	10004d2c 	.word	0x10004d2c

10001efc <ph_post_alloc_init>:
10001efc:	b510      	push	{r4, lr}
10001efe:	7301      	strb	r1, [r0, #12]
10001f00:	6042      	str	r2, [r0, #4]
10001f02:	6083      	str	r3, [r0, #8]
10001f04:	f7ff ffc2 	bl	10001e8c <ph_clear>
10001f08:	bd10      	pop	{r4, pc}
	...

10001f0c <ph_merge_two_pass>:
10001f0c:	b570      	push	{r4, r5, r6, lr}
10001f0e:	0004      	movs	r4, r0
10001f10:	1e08      	subs	r0, r1, #0
10001f12:	d100      	bne.n	10001f16 <ph_merge_two_pass+0xa>
10001f14:	bd70      	pop	{r4, r5, r6, pc}
10001f16:	2900      	cmp	r1, #0
10001f18:	d034      	beq.n	10001f84 <ph_merge_two_pass+0x78>
10001f1a:	7b23      	ldrb	r3, [r4, #12]
10001f1c:	4299      	cmp	r1, r3
10001f1e:	d831      	bhi.n	10001f84 <ph_merge_two_pass+0x78>
10001f20:	004b      	lsls	r3, r1, #1
10001f22:	185b      	adds	r3, r3, r1
10001f24:	3b03      	subs	r3, #3
10001f26:	6822      	ldr	r2, [r4, #0]
10001f28:	4694      	mov	ip, r2
10001f2a:	4463      	add	r3, ip
10001f2c:	785a      	ldrb	r2, [r3, #1]
10001f2e:	2a00      	cmp	r2, #0
10001f30:	d0f0      	beq.n	10001f14 <ph_merge_two_pass+0x8>
10001f32:	d02d      	beq.n	10001f90 <ph_merge_two_pass+0x84>
10001f34:	7b23      	ldrb	r3, [r4, #12]
10001f36:	429a      	cmp	r2, r3
10001f38:	d82a      	bhi.n	10001f90 <ph_merge_two_pass+0x84>
10001f3a:	0053      	lsls	r3, r2, #1
10001f3c:	189b      	adds	r3, r3, r2
10001f3e:	3b03      	subs	r3, #3
10001f40:	6821      	ldr	r1, [r4, #0]
10001f42:	468c      	mov	ip, r1
10001f44:	4463      	add	r3, ip
10001f46:	785d      	ldrb	r5, [r3, #1]
10001f48:	2100      	movs	r1, #0
10001f4a:	7059      	strb	r1, [r3, #1]
10001f4c:	2800      	cmp	r0, #0
10001f4e:	d025      	beq.n	10001f9c <ph_merge_two_pass+0x90>
10001f50:	7b23      	ldrb	r3, [r4, #12]
10001f52:	4298      	cmp	r0, r3
10001f54:	d822      	bhi.n	10001f9c <ph_merge_two_pass+0x90>
10001f56:	0043      	lsls	r3, r0, #1
10001f58:	181b      	adds	r3, r3, r0
10001f5a:	3b03      	subs	r3, #3
10001f5c:	6821      	ldr	r1, [r4, #0]
10001f5e:	468c      	mov	ip, r1
10001f60:	4463      	add	r3, ip
10001f62:	2100      	movs	r1, #0
10001f64:	7059      	strb	r1, [r3, #1]
10001f66:	0001      	movs	r1, r0
10001f68:	0020      	movs	r0, r4
10001f6a:	f7ff ff6f 	bl	10001e4c <ph_merge_nodes>
10001f6e:	0006      	movs	r6, r0
10001f70:	0029      	movs	r1, r5
10001f72:	0020      	movs	r0, r4
10001f74:	f7ff ffca 	bl	10001f0c <ph_merge_two_pass>
10001f78:	0002      	movs	r2, r0
10001f7a:	0031      	movs	r1, r6
10001f7c:	0020      	movs	r0, r4
10001f7e:	f7ff ff65 	bl	10001e4c <ph_merge_nodes>
10001f82:	e7c7      	b.n	10001f14 <ph_merge_two_pass+0x8>
10001f84:	4b08      	ldr	r3, [pc, #32]	; (10001fa8 <ph_merge_two_pass+0x9c>)
10001f86:	4a09      	ldr	r2, [pc, #36]	; (10001fac <ph_merge_two_pass+0xa0>)
10001f88:	2168      	movs	r1, #104	; 0x68
10001f8a:	4809      	ldr	r0, [pc, #36]	; (10001fb0 <ph_merge_two_pass+0xa4>)
10001f8c:	f000 fbf4 	bl	10002778 <__assert_func>
10001f90:	4b05      	ldr	r3, [pc, #20]	; (10001fa8 <ph_merge_two_pass+0x9c>)
10001f92:	4a06      	ldr	r2, [pc, #24]	; (10001fac <ph_merge_two_pass+0xa0>)
10001f94:	2168      	movs	r1, #104	; 0x68
10001f96:	4806      	ldr	r0, [pc, #24]	; (10001fb0 <ph_merge_two_pass+0xa4>)
10001f98:	f000 fbee 	bl	10002778 <__assert_func>
10001f9c:	4b02      	ldr	r3, [pc, #8]	; (10001fa8 <ph_merge_two_pass+0x9c>)
10001f9e:	4a03      	ldr	r2, [pc, #12]	; (10001fac <ph_merge_two_pass+0xa0>)
10001fa0:	2168      	movs	r1, #104	; 0x68
10001fa2:	4803      	ldr	r0, [pc, #12]	; (10001fb0 <ph_merge_two_pass+0xa4>)
10001fa4:	f000 fbe8 	bl	10002778 <__assert_func>
10001fa8:	10004d10 	.word	0x10004d10
10001fac:	100055d4 	.word	0x100055d4
10001fb0:	10004d2c 	.word	0x10004d2c

10001fb4 <ph_remove_any_head>:
10001fb4:	b570      	push	{r4, r5, r6, lr}
10001fb6:	0005      	movs	r5, r0
10001fb8:	000c      	movs	r4, r1
10001fba:	0016      	movs	r6, r2
10001fbc:	2900      	cmp	r1, #0
10001fbe:	d02f      	beq.n	10002020 <ph_remove_any_head+0x6c>
10001fc0:	d034      	beq.n	1000202c <ph_remove_any_head+0x78>
10001fc2:	7b03      	ldrb	r3, [r0, #12]
10001fc4:	4299      	cmp	r1, r3
10001fc6:	d831      	bhi.n	1000202c <ph_remove_any_head+0x78>
10001fc8:	004b      	lsls	r3, r1, #1
10001fca:	185b      	adds	r3, r3, r1
10001fcc:	3b03      	subs	r3, #3
10001fce:	6802      	ldr	r2, [r0, #0]
10001fd0:	4694      	mov	ip, r2
10001fd2:	4463      	add	r3, ip
10001fd4:	785a      	ldrb	r2, [r3, #1]
10001fd6:	2a00      	cmp	r2, #0
10001fd8:	d12e      	bne.n	10002038 <ph_remove_any_head+0x84>
10001fda:	789a      	ldrb	r2, [r3, #2]
10001fdc:	2a00      	cmp	r2, #0
10001fde:	d131      	bne.n	10002044 <ph_remove_any_head+0x90>
10001fe0:	7819      	ldrb	r1, [r3, #0]
10001fe2:	f7ff ff93 	bl	10001f0c <ph_merge_two_pass>
10001fe6:	0003      	movs	r3, r0
10001fe8:	2e00      	cmp	r6, #0
10001fea:	d00a      	beq.n	10002002 <ph_remove_any_head+0x4e>
10001fec:	7bea      	ldrb	r2, [r5, #15]
10001fee:	2a00      	cmp	r2, #0
10001ff0:	d12e      	bne.n	10002050 <ph_remove_any_head+0x9c>
10001ff2:	7baa      	ldrb	r2, [r5, #14]
10001ff4:	2a00      	cmp	r2, #0
10001ff6:	d103      	bne.n	10002000 <ph_remove_any_head+0x4c>
10001ff8:	7bea      	ldrb	r2, [r5, #15]
10001ffa:	2a00      	cmp	r2, #0
10001ffc:	d13b      	bne.n	10002076 <ph_remove_any_head+0xc2>
10001ffe:	73ac      	strb	r4, [r5, #14]
10002000:	73ec      	strb	r4, [r5, #15]
10002002:	2b00      	cmp	r3, #0
10002004:	d13d      	bne.n	10002082 <ph_remove_any_head+0xce>
10002006:	2c00      	cmp	r4, #0
10002008:	d04f      	beq.n	100020aa <ph_remove_any_head+0xf6>
1000200a:	7b2b      	ldrb	r3, [r5, #12]
1000200c:	429c      	cmp	r4, r3
1000200e:	d84c      	bhi.n	100020aa <ph_remove_any_head+0xf6>
10002010:	682b      	ldr	r3, [r5, #0]
10002012:	0061      	lsls	r1, r4, #1
10002014:	190c      	adds	r4, r1, r4
10002016:	3c03      	subs	r4, #3
10002018:	191c      	adds	r4, r3, r4
1000201a:	2300      	movs	r3, #0
1000201c:	7063      	strb	r3, [r4, #1]
1000201e:	bd70      	pop	{r4, r5, r6, pc}
10002020:	4b25      	ldr	r3, [pc, #148]	; (100020b8 <ph_remove_any_head+0x104>)
10002022:	4a26      	ldr	r2, [pc, #152]	; (100020bc <ph_remove_any_head+0x108>)
10002024:	2138      	movs	r1, #56	; 0x38
10002026:	4826      	ldr	r0, [pc, #152]	; (100020c0 <ph_remove_any_head+0x10c>)
10002028:	f000 fba6 	bl	10002778 <__assert_func>
1000202c:	4b25      	ldr	r3, [pc, #148]	; (100020c4 <ph_remove_any_head+0x110>)
1000202e:	4a26      	ldr	r2, [pc, #152]	; (100020c8 <ph_remove_any_head+0x114>)
10002030:	2168      	movs	r1, #104	; 0x68
10002032:	4826      	ldr	r0, [pc, #152]	; (100020cc <ph_remove_any_head+0x118>)
10002034:	f000 fba0 	bl	10002778 <__assert_func>
10002038:	4b25      	ldr	r3, [pc, #148]	; (100020d0 <ph_remove_any_head+0x11c>)
1000203a:	4a20      	ldr	r2, [pc, #128]	; (100020bc <ph_remove_any_head+0x108>)
1000203c:	213a      	movs	r1, #58	; 0x3a
1000203e:	4820      	ldr	r0, [pc, #128]	; (100020c0 <ph_remove_any_head+0x10c>)
10002040:	f000 fb9a 	bl	10002778 <__assert_func>
10002044:	4b23      	ldr	r3, [pc, #140]	; (100020d4 <ph_remove_any_head+0x120>)
10002046:	4a1d      	ldr	r2, [pc, #116]	; (100020bc <ph_remove_any_head+0x108>)
10002048:	213b      	movs	r1, #59	; 0x3b
1000204a:	481d      	ldr	r0, [pc, #116]	; (100020c0 <ph_remove_any_head+0x10c>)
1000204c:	f000 fb94 	bl	10002778 <__assert_func>
10002050:	2a00      	cmp	r2, #0
10002052:	d00a      	beq.n	1000206a <ph_remove_any_head+0xb6>
10002054:	7b29      	ldrb	r1, [r5, #12]
10002056:	428a      	cmp	r2, r1
10002058:	d807      	bhi.n	1000206a <ph_remove_any_head+0xb6>
1000205a:	0051      	lsls	r1, r2, #1
1000205c:	188a      	adds	r2, r1, r2
1000205e:	3a03      	subs	r2, #3
10002060:	6829      	ldr	r1, [r5, #0]
10002062:	468c      	mov	ip, r1
10002064:	4462      	add	r2, ip
10002066:	7054      	strb	r4, [r2, #1]
10002068:	e7c3      	b.n	10001ff2 <ph_remove_any_head+0x3e>
1000206a:	4b16      	ldr	r3, [pc, #88]	; (100020c4 <ph_remove_any_head+0x110>)
1000206c:	4a16      	ldr	r2, [pc, #88]	; (100020c8 <ph_remove_any_head+0x114>)
1000206e:	2168      	movs	r1, #104	; 0x68
10002070:	4816      	ldr	r0, [pc, #88]	; (100020cc <ph_remove_any_head+0x118>)
10002072:	f000 fb81 	bl	10002778 <__assert_func>
10002076:	4b18      	ldr	r3, [pc, #96]	; (100020d8 <ph_remove_any_head+0x124>)
10002078:	4a10      	ldr	r2, [pc, #64]	; (100020bc <ph_remove_any_head+0x108>)
1000207a:	2142      	movs	r1, #66	; 0x42
1000207c:	4810      	ldr	r0, [pc, #64]	; (100020c0 <ph_remove_any_head+0x10c>)
1000207e:	f000 fb7b 	bl	10002778 <__assert_func>
10002082:	2b00      	cmp	r3, #0
10002084:	d00b      	beq.n	1000209e <ph_remove_any_head+0xea>
10002086:	7b2a      	ldrb	r2, [r5, #12]
10002088:	4293      	cmp	r3, r2
1000208a:	d808      	bhi.n	1000209e <ph_remove_any_head+0xea>
1000208c:	0043      	lsls	r3, r0, #1
1000208e:	181b      	adds	r3, r3, r0
10002090:	3b03      	subs	r3, #3
10002092:	682a      	ldr	r2, [r5, #0]
10002094:	4694      	mov	ip, r2
10002096:	4463      	add	r3, ip
10002098:	2200      	movs	r2, #0
1000209a:	709a      	strb	r2, [r3, #2]
1000209c:	e7b3      	b.n	10002006 <ph_remove_any_head+0x52>
1000209e:	4b09      	ldr	r3, [pc, #36]	; (100020c4 <ph_remove_any_head+0x110>)
100020a0:	4a09      	ldr	r2, [pc, #36]	; (100020c8 <ph_remove_any_head+0x114>)
100020a2:	2168      	movs	r1, #104	; 0x68
100020a4:	4809      	ldr	r0, [pc, #36]	; (100020cc <ph_remove_any_head+0x118>)
100020a6:	f000 fb67 	bl	10002778 <__assert_func>
100020aa:	4b06      	ldr	r3, [pc, #24]	; (100020c4 <ph_remove_any_head+0x110>)
100020ac:	4a06      	ldr	r2, [pc, #24]	; (100020c8 <ph_remove_any_head+0x114>)
100020ae:	2168      	movs	r1, #104	; 0x68
100020b0:	4806      	ldr	r0, [pc, #24]	; (100020cc <ph_remove_any_head+0x118>)
100020b2:	f000 fb61 	bl	10002778 <__assert_func>
100020b6:	46c0      	nop			; (mov r8, r8)
100020b8:	100054cc 	.word	0x100054cc
100020bc:	100055ac 	.word	0x100055ac
100020c0:	100054d4 	.word	0x100054d4
100020c4:	10004d10 	.word	0x10004d10
100020c8:	100055d4 	.word	0x100055d4
100020cc:	10004d2c 	.word	0x10004d2c
100020d0:	10005528 	.word	0x10005528
100020d4:	10005550 	.word	0x10005550
100020d8:	10004ef0 	.word	0x10004ef0

100020dc <ph_remove_head>:
100020dc:	b570      	push	{r4, r5, r6, lr}
100020de:	0004      	movs	r4, r0
100020e0:	000a      	movs	r2, r1
100020e2:	7b45      	ldrb	r5, [r0, #13]
100020e4:	0029      	movs	r1, r5
100020e6:	f7ff ff65 	bl	10001fb4 <ph_remove_any_head>
100020ea:	7360      	strb	r0, [r4, #13]
100020ec:	0028      	movs	r0, r5
100020ee:	bd70      	pop	{r4, r5, r6, pc}

100020f0 <ph_remove_and_free_node>:
100020f0:	b570      	push	{r4, r5, r6, lr}
100020f2:	0004      	movs	r4, r0
100020f4:	2900      	cmp	r1, #0
100020f6:	d067      	beq.n	100021c8 <ph_remove_and_free_node+0xd8>
100020f8:	7b43      	ldrb	r3, [r0, #13]
100020fa:	428b      	cmp	r3, r1
100020fc:	d00e      	beq.n	1000211c <ph_remove_and_free_node+0x2c>
100020fe:	2900      	cmp	r1, #0
10002100:	d011      	beq.n	10002126 <ph_remove_and_free_node+0x36>
10002102:	7b03      	ldrb	r3, [r0, #12]
10002104:	4299      	cmp	r1, r3
10002106:	d80e      	bhi.n	10002126 <ph_remove_and_free_node+0x36>
10002108:	004b      	lsls	r3, r1, #1
1000210a:	185b      	adds	r3, r3, r1
1000210c:	3b03      	subs	r3, #3
1000210e:	6802      	ldr	r2, [r0, #0]
10002110:	18d0      	adds	r0, r2, r3
10002112:	7883      	ldrb	r3, [r0, #2]
10002114:	2b00      	cmp	r3, #0
10002116:	d10c      	bne.n	10002132 <ph_remove_and_free_node+0x42>
10002118:	2000      	movs	r0, #0
1000211a:	e056      	b.n	100021ca <ph_remove_and_free_node+0xda>
1000211c:	2101      	movs	r1, #1
1000211e:	f7ff ffdd 	bl	100020dc <ph_remove_head>
10002122:	2001      	movs	r0, #1
10002124:	e051      	b.n	100021ca <ph_remove_and_free_node+0xda>
10002126:	4b29      	ldr	r3, [pc, #164]	; (100021cc <ph_remove_and_free_node+0xdc>)
10002128:	4a29      	ldr	r2, [pc, #164]	; (100021d0 <ph_remove_and_free_node+0xe0>)
1000212a:	2168      	movs	r1, #104	; 0x68
1000212c:	4829      	ldr	r0, [pc, #164]	; (100021d4 <ph_remove_and_free_node+0xe4>)
1000212e:	f000 fb23 	bl	10002778 <__assert_func>
10002132:	2b00      	cmp	r3, #0
10002134:	d020      	beq.n	10002178 <ph_remove_and_free_node+0x88>
10002136:	7b22      	ldrb	r2, [r4, #12]
10002138:	4293      	cmp	r3, r2
1000213a:	d81d      	bhi.n	10002178 <ph_remove_and_free_node+0x88>
1000213c:	005a      	lsls	r2, r3, #1
1000213e:	18d3      	adds	r3, r2, r3
10002140:	3b03      	subs	r3, #3
10002142:	6822      	ldr	r2, [r4, #0]
10002144:	18d2      	adds	r2, r2, r3
10002146:	6825      	ldr	r5, [r4, #0]
10002148:	5ceb      	ldrb	r3, [r5, r3]
1000214a:	428b      	cmp	r3, r1
1000214c:	d01a      	beq.n	10002184 <ph_remove_and_free_node+0x94>
1000214e:	2b00      	cmp	r3, #0
10002150:	d01b      	beq.n	1000218a <ph_remove_and_free_node+0x9a>
10002152:	7b22      	ldrb	r2, [r4, #12]
10002154:	4293      	cmp	r3, r2
10002156:	d818      	bhi.n	1000218a <ph_remove_and_free_node+0x9a>
10002158:	005a      	lsls	r2, r3, #1
1000215a:	18d3      	adds	r3, r2, r3
1000215c:	3b03      	subs	r3, #3
1000215e:	6822      	ldr	r2, [r4, #0]
10002160:	18d2      	adds	r2, r2, r3
10002162:	7853      	ldrb	r3, [r2, #1]
10002164:	428b      	cmp	r3, r1
10002166:	d016      	beq.n	10002196 <ph_remove_and_free_node+0xa6>
10002168:	2b00      	cmp	r3, #0
1000216a:	d1f0      	bne.n	1000214e <ph_remove_and_free_node+0x5e>
1000216c:	4b1a      	ldr	r3, [pc, #104]	; (100021d8 <ph_remove_and_free_node+0xe8>)
1000216e:	4a1b      	ldr	r2, [pc, #108]	; (100021dc <ph_remove_and_free_node+0xec>)
10002170:	216b      	movs	r1, #107	; 0x6b
10002172:	481b      	ldr	r0, [pc, #108]	; (100021e0 <ph_remove_and_free_node+0xf0>)
10002174:	f000 fb00 	bl	10002778 <__assert_func>
10002178:	4b14      	ldr	r3, [pc, #80]	; (100021cc <ph_remove_and_free_node+0xdc>)
1000217a:	4a15      	ldr	r2, [pc, #84]	; (100021d0 <ph_remove_and_free_node+0xe0>)
1000217c:	2168      	movs	r1, #104	; 0x68
1000217e:	4815      	ldr	r0, [pc, #84]	; (100021d4 <ph_remove_and_free_node+0xe4>)
10002180:	f000 fafa 	bl	10002778 <__assert_func>
10002184:	7843      	ldrb	r3, [r0, #1]
10002186:	7013      	strb	r3, [r2, #0]
10002188:	e007      	b.n	1000219a <ph_remove_and_free_node+0xaa>
1000218a:	4b10      	ldr	r3, [pc, #64]	; (100021cc <ph_remove_and_free_node+0xdc>)
1000218c:	4a10      	ldr	r2, [pc, #64]	; (100021d0 <ph_remove_and_free_node+0xe0>)
1000218e:	2168      	movs	r1, #104	; 0x68
10002190:	4810      	ldr	r0, [pc, #64]	; (100021d4 <ph_remove_and_free_node+0xe4>)
10002192:	f000 faf1 	bl	10002778 <__assert_func>
10002196:	7843      	ldrb	r3, [r0, #1]
10002198:	7053      	strb	r3, [r2, #1]
1000219a:	2300      	movs	r3, #0
1000219c:	7083      	strb	r3, [r0, #2]
1000219e:	7043      	strb	r3, [r0, #1]
100021a0:	2201      	movs	r2, #1
100021a2:	0020      	movs	r0, r4
100021a4:	f7ff ff06 	bl	10001fb4 <ph_remove_any_head>
100021a8:	0002      	movs	r2, r0
100021aa:	7b61      	ldrb	r1, [r4, #13]
100021ac:	4281      	cmp	r1, r0
100021ae:	d005      	beq.n	100021bc <ph_remove_and_free_node+0xcc>
100021b0:	0020      	movs	r0, r4
100021b2:	f7ff fe4b 	bl	10001e4c <ph_merge_nodes>
100021b6:	7360      	strb	r0, [r4, #13]
100021b8:	2001      	movs	r0, #1
100021ba:	e006      	b.n	100021ca <ph_remove_and_free_node+0xda>
100021bc:	4b09      	ldr	r3, [pc, #36]	; (100021e4 <ph_remove_and_free_node+0xf4>)
100021be:	4a07      	ldr	r2, [pc, #28]	; (100021dc <ph_remove_and_free_node+0xec>)
100021c0:	2171      	movs	r1, #113	; 0x71
100021c2:	4807      	ldr	r0, [pc, #28]	; (100021e0 <ph_remove_and_free_node+0xf0>)
100021c4:	f000 fad8 	bl	10002778 <__assert_func>
100021c8:	2000      	movs	r0, #0
100021ca:	bd70      	pop	{r4, r5, r6, pc}
100021cc:	10004d10 	.word	0x10004d10
100021d0:	100055d4 	.word	0x100055d4
100021d4:	10004d2c 	.word	0x10004d2c
100021d8:	10005378 	.word	0x10005378
100021dc:	10005594 	.word	0x10005594
100021e0:	100054d4 	.word	0x100054d4
100021e4:	10005574 	.word	0x10005574

100021e8 <clock_configure>:
100021e8:	b5f8      	push	{r3, r4, r5, r6, r7, lr}
100021ea:	46de      	mov	lr, fp
100021ec:	4657      	mov	r7, sl
100021ee:	464e      	mov	r6, r9
100021f0:	4645      	mov	r5, r8
100021f2:	b5e0      	push	{r5, r6, r7, lr}
100021f4:	0005      	movs	r5, r0
100021f6:	000f      	movs	r7, r1
100021f8:	4692      	mov	sl, r2
100021fa:	9a0a      	ldr	r2, [sp, #40]	; 0x28
100021fc:	4293      	cmp	r3, r2
100021fe:	d350      	bcc.n	100022a2 <clock_configure+0xba>
10002200:	0e1a      	lsrs	r2, r3, #24
10002202:	4691      	mov	r9, r2
10002204:	021e      	lsls	r6, r3, #8
10002206:	9a0a      	ldr	r2, [sp, #40]	; 0x28
10002208:	2300      	movs	r3, #0
1000220a:	0030      	movs	r0, r6
1000220c:	4649      	mov	r1, r9
1000220e:	f001 fcb7 	bl	10003b80 <__wrap___aeabi_uldivmod>
10002212:	4680      	mov	r8, r0
10002214:	006c      	lsls	r4, r5, #1
10002216:	1964      	adds	r4, r4, r5
10002218:	00a4      	lsls	r4, r4, #2
1000221a:	4b30      	ldr	r3, [pc, #192]	; (100022dc <clock_configure+0xf4>)
1000221c:	469c      	mov	ip, r3
1000221e:	4464      	add	r4, ip
10002220:	6863      	ldr	r3, [r4, #4]
10002222:	4283      	cmp	r3, r0
10002224:	d200      	bcs.n	10002228 <clock_configure+0x40>
10002226:	6060      	str	r0, [r4, #4]
10002228:	1f2b      	subs	r3, r5, #4
1000222a:	b2db      	uxtb	r3, r3
1000222c:	469b      	mov	fp, r3
1000222e:	2b01      	cmp	r3, #1
10002230:	d93d      	bls.n	100022ae <clock_configure+0xc6>
10002232:	23c0      	movs	r3, #192	; 0xc0
10002234:	019b      	lsls	r3, r3, #6
10002236:	4323      	orrs	r3, r4
10002238:	2280      	movs	r2, #128	; 0x80
1000223a:	0112      	lsls	r2, r2, #4
1000223c:	601a      	str	r2, [r3, #0]
1000223e:	00ab      	lsls	r3, r5, #2
10002240:	4a27      	ldr	r2, [pc, #156]	; (100022e0 <clock_configure+0xf8>)
10002242:	5899      	ldr	r1, [r3, r2]
10002244:	2900      	cmp	r1, #0
10002246:	d007      	beq.n	10002258 <clock_configure+0x70>
10002248:	6950      	ldr	r0, [r2, #20]
1000224a:	f001 fc5b 	bl	10003b04 <__wrap___aeabi_uidiv>
1000224e:	1c43      	adds	r3, r0, #1
10002250:	0058      	lsls	r0, r3, #1
10002252:	18c0      	adds	r0, r0, r3
10002254:	3803      	subs	r0, #3
10002256:	d2fd      	bcs.n	10002254 <clock_configure+0x6c>
10002258:	4653      	mov	r3, sl
1000225a:	015a      	lsls	r2, r3, #5
1000225c:	6823      	ldr	r3, [r4, #0]
1000225e:	405a      	eors	r2, r3
10002260:	23e0      	movs	r3, #224	; 0xe0
10002262:	401a      	ands	r2, r3
10002264:	2380      	movs	r3, #128	; 0x80
10002266:	015b      	lsls	r3, r3, #5
10002268:	4323      	orrs	r3, r4
1000226a:	601a      	str	r2, [r3, #0]
1000226c:	465a      	mov	r2, fp
1000226e:	2a01      	cmp	r2, #1
10002270:	d928      	bls.n	100022c4 <clock_configure+0xdc>
10002272:	2380      	movs	r3, #128	; 0x80
10002274:	019b      	lsls	r3, r3, #6
10002276:	4323      	orrs	r3, r4
10002278:	2280      	movs	r2, #128	; 0x80
1000227a:	0112      	lsls	r2, r2, #4
1000227c:	601a      	str	r2, [r3, #0]
1000227e:	4643      	mov	r3, r8
10002280:	6063      	str	r3, [r4, #4]
10002282:	4642      	mov	r2, r8
10002284:	2300      	movs	r3, #0
10002286:	0030      	movs	r0, r6
10002288:	4649      	mov	r1, r9
1000228a:	f001 fc79 	bl	10003b80 <__wrap___aeabi_uldivmod>
1000228e:	00ad      	lsls	r5, r5, #2
10002290:	4b13      	ldr	r3, [pc, #76]	; (100022e0 <clock_configure+0xf8>)
10002292:	5158      	str	r0, [r3, r5]
10002294:	2001      	movs	r0, #1
10002296:	bcf0      	pop	{r4, r5, r6, r7}
10002298:	46bb      	mov	fp, r7
1000229a:	46b2      	mov	sl, r6
1000229c:	46a9      	mov	r9, r5
1000229e:	46a0      	mov	r8, r4
100022a0:	bdf8      	pop	{r3, r4, r5, r6, r7, pc}
100022a2:	4b10      	ldr	r3, [pc, #64]	; (100022e4 <clock_configure+0xfc>)
100022a4:	4a10      	ldr	r2, [pc, #64]	; (100022e8 <clock_configure+0x100>)
100022a6:	2133      	movs	r1, #51	; 0x33
100022a8:	4810      	ldr	r0, [pc, #64]	; (100022ec <clock_configure+0x104>)
100022aa:	f000 fa65 	bl	10002778 <__assert_func>
100022ae:	2f01      	cmp	r7, #1
100022b0:	d1bf      	bne.n	10002232 <clock_configure+0x4a>
100022b2:	23c0      	movs	r3, #192	; 0xc0
100022b4:	019b      	lsls	r3, r3, #6
100022b6:	4323      	orrs	r3, r4
100022b8:	2203      	movs	r2, #3
100022ba:	601a      	str	r2, [r3, #0]
100022bc:	68a3      	ldr	r3, [r4, #8]
100022be:	07db      	lsls	r3, r3, #31
100022c0:	d5fc      	bpl.n	100022bc <clock_configure+0xd4>
100022c2:	e7c9      	b.n	10002258 <clock_configure+0x70>
100022c4:	6821      	ldr	r1, [r4, #0]
100022c6:	4079      	eors	r1, r7
100022c8:	2203      	movs	r2, #3
100022ca:	400a      	ands	r2, r1
100022cc:	601a      	str	r2, [r3, #0]
100022ce:	68a2      	ldr	r2, [r4, #8]
100022d0:	2301      	movs	r3, #1
100022d2:	40bb      	lsls	r3, r7
100022d4:	4213      	tst	r3, r2
100022d6:	d0fa      	beq.n	100022ce <clock_configure+0xe6>
100022d8:	e7cb      	b.n	10002272 <clock_configure+0x8a>
100022da:	46c0      	nop			; (mov r8, r8)
100022dc:	40008000 	.word	0x40008000
100022e0:	200004fc 	.word	0x200004fc
100022e4:	100055e0 	.word	0x100055e0
100022e8:	10005654 	.word	0x10005654
100022ec:	100055f4 	.word	0x100055f4

100022f0 <clocks_init>:
100022f0:	b530      	push	{r4, r5, lr}
100022f2:	b083      	sub	sp, #12
100022f4:	200c      	movs	r0, #12
100022f6:	f000 f94f 	bl	10002598 <watchdog_start_tick>
100022fa:	f7fe fbab 	bl	10000a54 <running_on_fpga>
100022fe:	2800      	cmp	r0, #0
10002300:	d00d      	beq.n	1000231e <clocks_init+0x2e>
10002302:	2300      	movs	r3, #0
10002304:	e004      	b.n	10002310 <clocks_init+0x20>
10002306:	0099      	lsls	r1, r3, #2
10002308:	4a2d      	ldr	r2, [pc, #180]	; (100023c0 <clocks_init+0xd0>)
1000230a:	482e      	ldr	r0, [pc, #184]	; (100023c4 <clocks_init+0xd4>)
1000230c:	5088      	str	r0, [r1, r2]
1000230e:	3301      	adds	r3, #1
10002310:	2b09      	cmp	r3, #9
10002312:	d9f8      	bls.n	10002306 <clocks_init+0x16>
10002314:	4b2a      	ldr	r3, [pc, #168]	; (100023c0 <clocks_init+0xd0>)
10002316:	4a2c      	ldr	r2, [pc, #176]	; (100023c8 <clocks_init+0xd8>)
10002318:	625a      	str	r2, [r3, #36]	; 0x24
1000231a:	b003      	add	sp, #12
1000231c:	bd30      	pop	{r4, r5, pc}
1000231e:	4b2b      	ldr	r3, [pc, #172]	; (100023cc <clocks_init+0xdc>)
10002320:	2200      	movs	r2, #0
10002322:	679a      	str	r2, [r3, #120]	; 0x78
10002324:	f000 f940 	bl	100025a8 <xosc_init>
10002328:	4b29      	ldr	r3, [pc, #164]	; (100023d0 <clocks_init+0xe0>)
1000232a:	2201      	movs	r2, #1
1000232c:	601a      	str	r2, [r3, #0]
1000232e:	4b27      	ldr	r3, [pc, #156]	; (100023cc <clocks_init+0xdc>)
10002330:	6c5b      	ldr	r3, [r3, #68]	; 0x44
10002332:	2b01      	cmp	r3, #1
10002334:	d1fb      	bne.n	1000232e <clocks_init+0x3e>
10002336:	4b27      	ldr	r3, [pc, #156]	; (100023d4 <clocks_init+0xe4>)
10002338:	2203      	movs	r2, #3
1000233a:	601a      	str	r2, [r3, #0]
1000233c:	4b23      	ldr	r3, [pc, #140]	; (100023cc <clocks_init+0xdc>)
1000233e:	6b9b      	ldr	r3, [r3, #56]	; 0x38
10002340:	2b01      	cmp	r3, #1
10002342:	d1fb      	bne.n	1000233c <clocks_init+0x4c>
10002344:	3301      	adds	r3, #1
10002346:	9300      	str	r3, [sp, #0]
10002348:	3304      	adds	r3, #4
1000234a:	4a23      	ldr	r2, [pc, #140]	; (100023d8 <clocks_init+0xe8>)
1000234c:	2101      	movs	r1, #1
1000234e:	4823      	ldr	r0, [pc, #140]	; (100023dc <clocks_init+0xec>)
10002350:	f000 f892 	bl	10002478 <pll_init>
10002354:	2305      	movs	r3, #5
10002356:	9300      	str	r3, [sp, #0]
10002358:	4a21      	ldr	r2, [pc, #132]	; (100023e0 <clocks_init+0xf0>)
1000235a:	2101      	movs	r1, #1
1000235c:	4821      	ldr	r0, [pc, #132]	; (100023e4 <clocks_init+0xf4>)
1000235e:	f000 f88b 	bl	10002478 <pll_init>
10002362:	4b21      	ldr	r3, [pc, #132]	; (100023e8 <clocks_init+0xf8>)
10002364:	9300      	str	r3, [sp, #0]
10002366:	2200      	movs	r2, #0
10002368:	2102      	movs	r1, #2
1000236a:	2004      	movs	r0, #4
1000236c:	f7ff ff3c 	bl	100021e8 <clock_configure>
10002370:	4d1e      	ldr	r5, [pc, #120]	; (100023ec <clocks_init+0xfc>)
10002372:	9500      	str	r5, [sp, #0]
10002374:	002b      	movs	r3, r5
10002376:	2200      	movs	r2, #0
10002378:	2101      	movs	r1, #1
1000237a:	2005      	movs	r0, #5
1000237c:	f7ff ff34 	bl	100021e8 <clock_configure>
10002380:	4c10      	ldr	r4, [pc, #64]	; (100023c4 <clocks_init+0xd4>)
10002382:	9400      	str	r4, [sp, #0]
10002384:	0023      	movs	r3, r4
10002386:	2200      	movs	r2, #0
10002388:	2100      	movs	r1, #0
1000238a:	2007      	movs	r0, #7
1000238c:	f7ff ff2c 	bl	100021e8 <clock_configure>
10002390:	9400      	str	r4, [sp, #0]
10002392:	0023      	movs	r3, r4
10002394:	2200      	movs	r2, #0
10002396:	2100      	movs	r1, #0
10002398:	2008      	movs	r0, #8
1000239a:	f7ff ff25 	bl	100021e8 <clock_configure>
1000239e:	4b0a      	ldr	r3, [pc, #40]	; (100023c8 <clocks_init+0xd8>)
100023a0:	9300      	str	r3, [sp, #0]
100023a2:	0023      	movs	r3, r4
100023a4:	2200      	movs	r2, #0
100023a6:	2100      	movs	r1, #0
100023a8:	2009      	movs	r0, #9
100023aa:	f7ff ff1d 	bl	100021e8 <clock_configure>
100023ae:	9500      	str	r5, [sp, #0]
100023b0:	002b      	movs	r3, r5
100023b2:	2200      	movs	r2, #0
100023b4:	2100      	movs	r1, #0
100023b6:	2006      	movs	r0, #6
100023b8:	f7ff ff16 	bl	100021e8 <clock_configure>
100023bc:	e7ad      	b.n	1000231a <clocks_init+0x2a>
100023be:	46c0      	nop			; (mov r8, r8)
100023c0:	200004fc 	.word	0x200004fc
100023c4:	02dc6c00 	.word	0x02dc6c00
100023c8:	0000b71b 	.word	0x0000b71b
100023cc:	40008000 	.word	0x40008000
100023d0:	4000b03c 	.word	0x4000b03c
100023d4:	4000b030 	.word	0x4000b030
100023d8:	59682f00 	.word	0x59682f00
100023dc:	40028000 	.word	0x40028000
100023e0:	47868c00 	.word	0x47868c00
100023e4:	4002c000 	.word	0x4002c000
100023e8:	00b71b00 	.word	0x00b71b00
100023ec:	07735940 	.word	0x07735940

100023f0 <clock_get_hz>:
100023f0:	0080      	lsls	r0, r0, #2
100023f2:	4b01      	ldr	r3, [pc, #4]	; (100023f8 <clock_get_hz+0x8>)
100023f4:	58c0      	ldr	r0, [r0, r3]
100023f6:	4770      	bx	lr
100023f8:	200004fc 	.word	0x200004fc

100023fc <gpio_set_function>:
100023fc:	b510      	push	{r4, lr}
100023fe:	0083      	lsls	r3, r0, #2
10002400:	4a08      	ldr	r2, [pc, #32]	; (10002424 <gpio_set_function+0x28>)
10002402:	4694      	mov	ip, r2
10002404:	4463      	add	r3, ip
10002406:	681c      	ldr	r4, [r3, #0]
10002408:	2240      	movs	r2, #64	; 0x40
1000240a:	4062      	eors	r2, r4
1000240c:	24c0      	movs	r4, #192	; 0xc0
1000240e:	4014      	ands	r4, r2
10002410:	2280      	movs	r2, #128	; 0x80
10002412:	0152      	lsls	r2, r2, #5
10002414:	4313      	orrs	r3, r2
10002416:	601c      	str	r4, [r3, #0]
10002418:	00c0      	lsls	r0, r0, #3
1000241a:	4b03      	ldr	r3, [pc, #12]	; (10002428 <gpio_set_function+0x2c>)
1000241c:	469c      	mov	ip, r3
1000241e:	4460      	add	r0, ip
10002420:	6041      	str	r1, [r0, #4]
10002422:	bd10      	pop	{r4, pc}
10002424:	4001c004 	.word	0x4001c004
10002428:	40014000 	.word	0x40014000

1000242c <gpio_set_pulls>:
1000242c:	0080      	lsls	r0, r0, #2
1000242e:	4b0b      	ldr	r3, [pc, #44]	; (1000245c <gpio_set_pulls+0x30>)
10002430:	469c      	mov	ip, r3
10002432:	4460      	add	r0, ip
10002434:	2900      	cmp	r1, #0
10002436:	d00d      	beq.n	10002454 <gpio_set_pulls+0x28>
10002438:	2308      	movs	r3, #8
1000243a:	2a00      	cmp	r2, #0
1000243c:	d00c      	beq.n	10002458 <gpio_set_pulls+0x2c>
1000243e:	2204      	movs	r2, #4
10002440:	4313      	orrs	r3, r2
10002442:	6802      	ldr	r2, [r0, #0]
10002444:	4053      	eors	r3, r2
10002446:	220c      	movs	r2, #12
10002448:	4013      	ands	r3, r2
1000244a:	2280      	movs	r2, #128	; 0x80
1000244c:	0152      	lsls	r2, r2, #5
1000244e:	4310      	orrs	r0, r2
10002450:	6003      	str	r3, [r0, #0]
10002452:	4770      	bx	lr
10002454:	2300      	movs	r3, #0
10002456:	e7f0      	b.n	1000243a <gpio_set_pulls+0xe>
10002458:	2200      	movs	r2, #0
1000245a:	e7f1      	b.n	10002440 <gpio_set_pulls+0x14>
1000245c:	4001c004 	.word	0x4001c004

10002460 <gpio_init>:
10002460:	b510      	push	{r4, lr}
10002462:	2301      	movs	r3, #1
10002464:	4083      	lsls	r3, r0
10002466:	22d0      	movs	r2, #208	; 0xd0
10002468:	0612      	lsls	r2, r2, #24
1000246a:	6293      	str	r3, [r2, #40]	; 0x28
1000246c:	6193      	str	r3, [r2, #24]
1000246e:	2105      	movs	r1, #5
10002470:	f7ff ffc4 	bl	100023fc <gpio_set_function>
10002474:	bd10      	pop	{r4, pc}
	...

10002478 <pll_init>:
10002478:	b5f0      	push	{r4, r5, r6, r7, lr}
1000247a:	46c6      	mov	lr, r8
1000247c:	b500      	push	{lr}
1000247e:	0004      	movs	r4, r0
10002480:	000e      	movs	r6, r1
10002482:	0017      	movs	r7, r2
10002484:	001d      	movs	r5, r3
10002486:	4837      	ldr	r0, [pc, #220]	; (10002564 <pll_init+0xec>)
10002488:	f001 fb3c 	bl	10003b04 <__wrap___aeabi_uidiv>
1000248c:	4680      	mov	r8, r0
1000248e:	4b36      	ldr	r3, [pc, #216]	; (10002568 <pll_init+0xf0>)
10002490:	18fa      	adds	r2, r7, r3
10002492:	4b36      	ldr	r3, [pc, #216]	; (1000256c <pll_init+0xf4>)
10002494:	429a      	cmp	r2, r3
10002496:	d839      	bhi.n	1000250c <pll_init+0x94>
10002498:	0001      	movs	r1, r0
1000249a:	0038      	movs	r0, r7
1000249c:	f001 fb32 	bl	10003b04 <__wrap___aeabi_uidiv>
100024a0:	0002      	movs	r2, r0
100024a2:	3a10      	subs	r2, #16
100024a4:	2398      	movs	r3, #152	; 0x98
100024a6:	005b      	lsls	r3, r3, #1
100024a8:	429a      	cmp	r2, r3
100024aa:	d835      	bhi.n	10002518 <pll_init+0xa0>
100024ac:	1e6b      	subs	r3, r5, #1
100024ae:	2b06      	cmp	r3, #6
100024b0:	d838      	bhi.n	10002524 <pll_init+0xac>
100024b2:	9b06      	ldr	r3, [sp, #24]
100024b4:	3b01      	subs	r3, #1
100024b6:	2b06      	cmp	r3, #6
100024b8:	d834      	bhi.n	10002524 <pll_init+0xac>
100024ba:	093f      	lsrs	r7, r7, #4
100024bc:	4547      	cmp	r7, r8
100024be:	d337      	bcc.n	10002530 <pll_init+0xb8>
100024c0:	042d      	lsls	r5, r5, #16
100024c2:	9b06      	ldr	r3, [sp, #24]
100024c4:	031a      	lsls	r2, r3, #12
100024c6:	4315      	orrs	r5, r2
100024c8:	6823      	ldr	r3, [r4, #0]
100024ca:	2b00      	cmp	r3, #0
100024cc:	db36      	blt.n	1000253c <pll_init+0xc4>
100024ce:	4b28      	ldr	r3, [pc, #160]	; (10002570 <pll_init+0xf8>)
100024d0:	429c      	cmp	r4, r3
100024d2:	d044      	beq.n	1000255e <pll_init+0xe6>
100024d4:	2280      	movs	r2, #128	; 0x80
100024d6:	0152      	lsls	r2, r2, #5
100024d8:	4b26      	ldr	r3, [pc, #152]	; (10002574 <pll_init+0xfc>)
100024da:	601a      	str	r2, [r3, #0]
100024dc:	4b26      	ldr	r3, [pc, #152]	; (10002578 <pll_init+0x100>)
100024de:	601a      	str	r2, [r3, #0]
100024e0:	4b26      	ldr	r3, [pc, #152]	; (1000257c <pll_init+0x104>)
100024e2:	689b      	ldr	r3, [r3, #8]
100024e4:	0011      	movs	r1, r2
100024e6:	4399      	bics	r1, r3
100024e8:	d1fa      	bne.n	100024e0 <pll_init+0x68>
100024ea:	6026      	str	r6, [r4, #0]
100024ec:	60a0      	str	r0, [r4, #8]
100024ee:	1d23      	adds	r3, r4, #4
100024f0:	22c0      	movs	r2, #192	; 0xc0
100024f2:	0192      	lsls	r2, r2, #6
100024f4:	431a      	orrs	r2, r3
100024f6:	2321      	movs	r3, #33	; 0x21
100024f8:	6013      	str	r3, [r2, #0]
100024fa:	6823      	ldr	r3, [r4, #0]
100024fc:	2b00      	cmp	r3, #0
100024fe:	dafc      	bge.n	100024fa <pll_init+0x82>
10002500:	60e5      	str	r5, [r4, #12]
10002502:	2308      	movs	r3, #8
10002504:	6013      	str	r3, [r2, #0]
10002506:	bc80      	pop	{r7}
10002508:	46b8      	mov	r8, r7
1000250a:	bdf0      	pop	{r4, r5, r6, r7, pc}
1000250c:	4b1c      	ldr	r3, [pc, #112]	; (10002580 <pll_init+0x108>)
1000250e:	4a1d      	ldr	r2, [pc, #116]	; (10002584 <pll_init+0x10c>)
10002510:	2111      	movs	r1, #17
10002512:	481d      	ldr	r0, [pc, #116]	; (10002588 <pll_init+0x110>)
10002514:	f000 f930 	bl	10002778 <__assert_func>
10002518:	4b1c      	ldr	r3, [pc, #112]	; (1000258c <pll_init+0x114>)
1000251a:	4a1a      	ldr	r2, [pc, #104]	; (10002584 <pll_init+0x10c>)
1000251c:	2119      	movs	r1, #25
1000251e:	481a      	ldr	r0, [pc, #104]	; (10002588 <pll_init+0x110>)
10002520:	f000 f92a 	bl	10002778 <__assert_func>
10002524:	4b1a      	ldr	r3, [pc, #104]	; (10002590 <pll_init+0x118>)
10002526:	4a17      	ldr	r2, [pc, #92]	; (10002584 <pll_init+0x10c>)
10002528:	211c      	movs	r1, #28
1000252a:	4817      	ldr	r0, [pc, #92]	; (10002588 <pll_init+0x110>)
1000252c:	f000 f924 	bl	10002778 <__assert_func>
10002530:	4b18      	ldr	r3, [pc, #96]	; (10002594 <pll_init+0x11c>)
10002532:	4a14      	ldr	r2, [pc, #80]	; (10002584 <pll_init+0x10c>)
10002534:	2123      	movs	r1, #35	; 0x23
10002536:	4814      	ldr	r0, [pc, #80]	; (10002588 <pll_init+0x110>)
10002538:	f000 f91e 	bl	10002778 <__assert_func>
1000253c:	6822      	ldr	r2, [r4, #0]
1000253e:	233f      	movs	r3, #63	; 0x3f
10002540:	4013      	ands	r3, r2
10002542:	42b3      	cmp	r3, r6
10002544:	d1c3      	bne.n	100024ce <pll_init+0x56>
10002546:	68a3      	ldr	r3, [r4, #8]
10002548:	051b      	lsls	r3, r3, #20
1000254a:	0d1b      	lsrs	r3, r3, #20
1000254c:	4283      	cmp	r3, r0
1000254e:	d1be      	bne.n	100024ce <pll_init+0x56>
10002550:	68e3      	ldr	r3, [r4, #12]
10002552:	22ee      	movs	r2, #238	; 0xee
10002554:	02d2      	lsls	r2, r2, #11
10002556:	4013      	ands	r3, r2
10002558:	42ab      	cmp	r3, r5
1000255a:	d1b8      	bne.n	100024ce <pll_init+0x56>
1000255c:	e7d3      	b.n	10002506 <pll_init+0x8e>
1000255e:	2280      	movs	r2, #128	; 0x80
10002560:	0192      	lsls	r2, r2, #6
10002562:	e7b9      	b.n	100024d8 <pll_init+0x60>
10002564:	00b71b00 	.word	0x00b71b00
10002568:	d34be880 	.word	0xd34be880
1000256c:	32a9f880 	.word	0x32a9f880
10002570:	4002c000 	.word	0x4002c000
10002574:	4000e000 	.word	0x4000e000
10002578:	4000f000 	.word	0x4000f000
1000257c:	4000c000 	.word	0x4000c000
10002580:	10005664 	.word	0x10005664
10002584:	100057a4 	.word	0x100057a4
10002588:	100056c4 	.word	0x100056c4
1000258c:	10005720 	.word	0x10005720
10002590:	1000573c 	.word	0x1000573c
10002594:	10005788 	.word	0x10005788

10002598 <watchdog_start_tick>:
10002598:	2380      	movs	r3, #128	; 0x80
1000259a:	009b      	lsls	r3, r3, #2
1000259c:	4303      	orrs	r3, r0
1000259e:	4a01      	ldr	r2, [pc, #4]	; (100025a4 <watchdog_start_tick+0xc>)
100025a0:	62d3      	str	r3, [r2, #44]	; 0x2c
100025a2:	4770      	bx	lr
100025a4:	40058000 	.word	0x40058000

100025a8 <xosc_init>:
100025a8:	4b06      	ldr	r3, [pc, #24]	; (100025c4 <xosc_init+0x1c>)
100025aa:	22aa      	movs	r2, #170	; 0xaa
100025ac:	0112      	lsls	r2, r2, #4
100025ae:	601a      	str	r2, [r3, #0]
100025b0:	222f      	movs	r2, #47	; 0x2f
100025b2:	60da      	str	r2, [r3, #12]
100025b4:	4b04      	ldr	r3, [pc, #16]	; (100025c8 <xosc_init+0x20>)
100025b6:	4a05      	ldr	r2, [pc, #20]	; (100025cc <xosc_init+0x24>)
100025b8:	601a      	str	r2, [r3, #0]
100025ba:	4b02      	ldr	r3, [pc, #8]	; (100025c4 <xosc_init+0x1c>)
100025bc:	685b      	ldr	r3, [r3, #4]
100025be:	2b00      	cmp	r3, #0
100025c0:	dafb      	bge.n	100025ba <xosc_init+0x12>
100025c2:	4770      	bx	lr
100025c4:	40024000 	.word	0x40024000
100025c8:	40026000 	.word	0x40026000
100025cc:	00fab000 	.word	0x00fab000

100025d0 <uart_disable_before_lcr_write>:
100025d0:	b570      	push	{r4, r5, r6, lr}
100025d2:	6b04      	ldr	r4, [r0, #48]	; 0x30
100025d4:	07e3      	lsls	r3, r4, #31
100025d6:	d401      	bmi.n	100025dc <uart_disable_before_lcr_write+0xc>
100025d8:	0020      	movs	r0, r4
100025da:	bd70      	pop	{r4, r5, r6, pc}
100025dc:	0002      	movs	r2, r0
100025de:	3230      	adds	r2, #48	; 0x30
100025e0:	23c0      	movs	r3, #192	; 0xc0
100025e2:	019b      	lsls	r3, r3, #6
100025e4:	4313      	orrs	r3, r2
100025e6:	4a0a      	ldr	r2, [pc, #40]	; (10002610 <uart_disable_before_lcr_write+0x40>)
100025e8:	601a      	str	r2, [r3, #0]
100025ea:	6a45      	ldr	r5, [r0, #36]	; 0x24
100025ec:	6a82      	ldr	r2, [r0, #40]	; 0x28
100025ee:	01ad      	lsls	r5, r5, #6
100025f0:	18ad      	adds	r5, r5, r2
100025f2:	02ad      	lsls	r5, r5, #10
100025f4:	2006      	movs	r0, #6
100025f6:	f7ff fefb 	bl	100023f0 <clock_get_hz>
100025fa:	4906      	ldr	r1, [pc, #24]	; (10002614 <uart_disable_before_lcr_write+0x44>)
100025fc:	f001 fa82 	bl	10003b04 <__wrap___aeabi_uidiv>
10002600:	0001      	movs	r1, r0
10002602:	0028      	movs	r0, r5
10002604:	f001 fa7e 	bl	10003b04 <__wrap___aeabi_uidiv>
10002608:	2100      	movs	r1, #0
1000260a:	f7ff f89f 	bl	1000174c <busy_wait_us>
1000260e:	e7e3      	b.n	100025d8 <uart_disable_before_lcr_write+0x8>
10002610:	00000301 	.word	0x00000301
10002614:	00000e4e 	.word	0x00000e4e

10002618 <uart_write_lcr_bits_masked>:
10002618:	b570      	push	{r4, r5, r6, lr}
1000261a:	0004      	movs	r4, r0
1000261c:	000e      	movs	r6, r1
1000261e:	0015      	movs	r5, r2
10002620:	f7ff ffd6 	bl	100025d0 <uart_disable_before_lcr_write>
10002624:	0022      	movs	r2, r4
10002626:	322c      	adds	r2, #44	; 0x2c
10002628:	6ae1      	ldr	r1, [r4, #44]	; 0x2c
1000262a:	404e      	eors	r6, r1
1000262c:	4035      	ands	r5, r6
1000262e:	2380      	movs	r3, #128	; 0x80
10002630:	015b      	lsls	r3, r3, #5
10002632:	4313      	orrs	r3, r2
10002634:	601d      	str	r5, [r3, #0]
10002636:	6320      	str	r0, [r4, #48]	; 0x30
10002638:	bd70      	pop	{r4, r5, r6, pc}
	...

1000263c <uart_set_baudrate>:
1000263c:	b570      	push	{r4, r5, r6, lr}
1000263e:	0005      	movs	r5, r0
10002640:	000c      	movs	r4, r1
10002642:	2006      	movs	r0, #6
10002644:	f7ff fed4 	bl	100023f0 <clock_get_hz>
10002648:	00c0      	lsls	r0, r0, #3
1000264a:	0021      	movs	r1, r4
1000264c:	f001 fa5a 	bl	10003b04 <__wrap___aeabi_uidiv>
10002650:	09c6      	lsrs	r6, r0, #7
10002652:	d008      	beq.n	10002666 <uart_set_baudrate+0x2a>
10002654:	4b0e      	ldr	r3, [pc, #56]	; (10002690 <uart_set_baudrate+0x54>)
10002656:	429e      	cmp	r6, r3
10002658:	d816      	bhi.n	10002688 <uart_set_baudrate+0x4c>
1000265a:	237f      	movs	r3, #127	; 0x7f
1000265c:	4018      	ands	r0, r3
1000265e:	3001      	adds	r0, #1
10002660:	0034      	movs	r4, r6
10002662:	0846      	lsrs	r6, r0, #1
10002664:	e000      	b.n	10002668 <uart_set_baudrate+0x2c>
10002666:	2401      	movs	r4, #1
10002668:	626c      	str	r4, [r5, #36]	; 0x24
1000266a:	62ae      	str	r6, [r5, #40]	; 0x28
1000266c:	2200      	movs	r2, #0
1000266e:	2100      	movs	r1, #0
10002670:	0028      	movs	r0, r5
10002672:	f7ff ffd1 	bl	10002618 <uart_write_lcr_bits_masked>
10002676:	2006      	movs	r0, #6
10002678:	f7ff feba 	bl	100023f0 <clock_get_hz>
1000267c:	0080      	lsls	r0, r0, #2
1000267e:	01a1      	lsls	r1, r4, #6
10002680:	1989      	adds	r1, r1, r6
10002682:	f001 fa3f 	bl	10003b04 <__wrap___aeabi_uidiv>
10002686:	bd70      	pop	{r4, r5, r6, pc}
10002688:	2600      	movs	r6, #0
1000268a:	4c02      	ldr	r4, [pc, #8]	; (10002694 <uart_set_baudrate+0x58>)
1000268c:	e7ec      	b.n	10002668 <uart_set_baudrate+0x2c>
1000268e:	46c0      	nop			; (mov r8, r8)
10002690:	0000fffe 	.word	0x0000fffe
10002694:	0000ffff 	.word	0x0000ffff

10002698 <uart_set_format>:
10002698:	b510      	push	{r4, lr}
1000269a:	3905      	subs	r1, #5
1000269c:	0149      	lsls	r1, r1, #5
1000269e:	3a01      	subs	r2, #1
100026a0:	00d2      	lsls	r2, r2, #3
100026a2:	4311      	orrs	r1, r2
100026a4:	2b00      	cmp	r3, #0
100026a6:	d009      	beq.n	100026bc <uart_set_format+0x24>
100026a8:	2202      	movs	r2, #2
100026aa:	430a      	orrs	r2, r1
100026ac:	2b01      	cmp	r3, #1
100026ae:	d007      	beq.n	100026c0 <uart_set_format+0x28>
100026b0:	2100      	movs	r1, #0
100026b2:	4311      	orrs	r1, r2
100026b4:	226e      	movs	r2, #110	; 0x6e
100026b6:	f7ff ffaf 	bl	10002618 <uart_write_lcr_bits_masked>
100026ba:	bd10      	pop	{r4, pc}
100026bc:	2200      	movs	r2, #0
100026be:	e7f4      	b.n	100026aa <uart_set_format+0x12>
100026c0:	2104      	movs	r1, #4
100026c2:	e7f6      	b.n	100026b2 <uart_set_format+0x1a>

100026c4 <uart_set_translate_crlf>:
100026c4:	2900      	cmp	r1, #0
100026c6:	d009      	beq.n	100026dc <uart_set_translate_crlf+0x18>
100026c8:	220a      	movs	r2, #10
100026ca:	4b06      	ldr	r3, [pc, #24]	; (100026e4 <uart_set_translate_crlf+0x20>)
100026cc:	469c      	mov	ip, r3
100026ce:	4460      	add	r0, ip
100026d0:	4243      	negs	r3, r0
100026d2:	4158      	adcs	r0, r3
100026d4:	0040      	lsls	r0, r0, #1
100026d6:	4b04      	ldr	r3, [pc, #16]	; (100026e8 <uart_set_translate_crlf+0x24>)
100026d8:	52c2      	strh	r2, [r0, r3]
100026da:	4770      	bx	lr
100026dc:	2280      	movs	r2, #128	; 0x80
100026de:	0052      	lsls	r2, r2, #1
100026e0:	e7f3      	b.n	100026ca <uart_set_translate_crlf+0x6>
100026e2:	46c0      	nop			; (mov r8, r8)
100026e4:	bffc8000 	.word	0xbffc8000
100026e8:	200008a8 	.word	0x200008a8

100026ec <uart_init>:
100026ec:	b570      	push	{r4, r5, r6, lr}
100026ee:	0005      	movs	r5, r0
100026f0:	000c      	movs	r4, r1
100026f2:	2006      	movs	r0, #6
100026f4:	f7ff fe7c 	bl	100023f0 <clock_get_hz>
100026f8:	1e06      	subs	r6, r0, #0
100026fa:	d027      	beq.n	1000274c <uart_init+0x60>
100026fc:	4b16      	ldr	r3, [pc, #88]	; (10002758 <uart_init+0x6c>)
100026fe:	429d      	cmp	r5, r3
10002700:	d026      	beq.n	10002750 <uart_init+0x64>
10002702:	2280      	movs	r2, #128	; 0x80
10002704:	03d2      	lsls	r2, r2, #15
10002706:	4b15      	ldr	r3, [pc, #84]	; (1000275c <uart_init+0x70>)
10002708:	601a      	str	r2, [r3, #0]
1000270a:	4b15      	ldr	r3, [pc, #84]	; (10002760 <uart_init+0x74>)
1000270c:	601a      	str	r2, [r3, #0]
1000270e:	4b15      	ldr	r3, [pc, #84]	; (10002764 <uart_init+0x78>)
10002710:	689b      	ldr	r3, [r3, #8]
10002712:	0011      	movs	r1, r2
10002714:	4399      	bics	r1, r3
10002716:	d1fa      	bne.n	1000270e <uart_init+0x22>
10002718:	2100      	movs	r1, #0
1000271a:	0028      	movs	r0, r5
1000271c:	f7ff ffd2 	bl	100026c4 <uart_set_translate_crlf>
10002720:	0021      	movs	r1, r4
10002722:	0028      	movs	r0, r5
10002724:	f7ff ff8a 	bl	1000263c <uart_set_baudrate>
10002728:	0006      	movs	r6, r0
1000272a:	2300      	movs	r3, #0
1000272c:	2201      	movs	r2, #1
1000272e:	2108      	movs	r1, #8
10002730:	0028      	movs	r0, r5
10002732:	f7ff ffb1 	bl	10002698 <uart_set_format>
10002736:	002a      	movs	r2, r5
10002738:	322c      	adds	r2, #44	; 0x2c
1000273a:	2380      	movs	r3, #128	; 0x80
1000273c:	019b      	lsls	r3, r3, #6
1000273e:	4313      	orrs	r3, r2
10002740:	2210      	movs	r2, #16
10002742:	601a      	str	r2, [r3, #0]
10002744:	4b08      	ldr	r3, [pc, #32]	; (10002768 <uart_init+0x7c>)
10002746:	632b      	str	r3, [r5, #48]	; 0x30
10002748:	2303      	movs	r3, #3
1000274a:	64ab      	str	r3, [r5, #72]	; 0x48
1000274c:	0030      	movs	r0, r6
1000274e:	bd70      	pop	{r4, r5, r6, pc}
10002750:	2280      	movs	r2, #128	; 0x80
10002752:	0412      	lsls	r2, r2, #16
10002754:	e7d7      	b.n	10002706 <uart_init+0x1a>
10002756:	46c0      	nop			; (mov r8, r8)
10002758:	40038000 	.word	0x40038000
1000275c:	4000e000 	.word	0x4000e000
10002760:	4000f000 	.word	0x4000f000
10002764:	4000c000 	.word	0x4000c000
10002768:	00000301 	.word	0x00000301

1000276c <_exit>:
1000276c:	be00      	bkpt	0x0000
1000276e:	e7fd      	b.n	1000276c <_exit>

10002770 <exit>:
10002770:	b510      	push	{r4, lr}
10002772:	f7ff fffb 	bl	1000276c <_exit>
	...

10002778 <__assert_func>:
10002778:	b510      	push	{r4, lr}
1000277a:	b082      	sub	sp, #8
1000277c:	000c      	movs	r4, r1
1000277e:	0019      	movs	r1, r3
10002780:	2a00      	cmp	r2, #0
10002782:	d00c      	beq.n	1000279e <__assert_func+0x26>
10002784:	4b08      	ldr	r3, [pc, #32]	; (100027a8 <__assert_func+0x30>)
10002786:	2a00      	cmp	r2, #0
10002788:	d00b      	beq.n	100027a2 <__assert_func+0x2a>
1000278a:	9201      	str	r2, [sp, #4]
1000278c:	9300      	str	r3, [sp, #0]
1000278e:	0023      	movs	r3, r4
10002790:	0002      	movs	r2, r0
10002792:	4806      	ldr	r0, [pc, #24]	; (100027ac <__assert_func+0x34>)
10002794:	f001 ff10 	bl	100045b8 <__wrap_printf>
10002798:	2001      	movs	r0, #1
1000279a:	f7ff ffe7 	bl	1000276c <_exit>
1000279e:	4b04      	ldr	r3, [pc, #16]	; (100027b0 <__assert_func+0x38>)
100027a0:	e7f1      	b.n	10002786 <__assert_func+0xe>
100027a2:	4a03      	ldr	r2, [pc, #12]	; (100027b0 <__assert_func+0x38>)
100027a4:	e7f1      	b.n	1000278a <__assert_func+0x12>
100027a6:	46c0      	nop			; (mov r8, r8)
100027a8:	100057b0 	.word	0x100057b0
100027ac:	100057c0 	.word	0x100057c0
100027b0:	100057bc 	.word	0x100057bc

100027b4 <runtime_init>:
100027b4:	b570      	push	{r4, r5, r6, lr}
100027b6:	4b2b      	ldr	r3, [pc, #172]	; (10002864 <runtime_init+0xb0>)
100027b8:	4a2b      	ldr	r2, [pc, #172]	; (10002868 <runtime_init+0xb4>)
100027ba:	601a      	str	r2, [r3, #0]
100027bc:	4b2b      	ldr	r3, [pc, #172]	; (1000286c <runtime_init+0xb8>)
100027be:	4a2c      	ldr	r2, [pc, #176]	; (10002870 <runtime_init+0xbc>)
100027c0:	601a      	str	r2, [r3, #0]
100027c2:	4b2c      	ldr	r3, [pc, #176]	; (10002874 <runtime_init+0xc0>)
100027c4:	689a      	ldr	r2, [r3, #8]
100027c6:	4b2a      	ldr	r3, [pc, #168]	; (10002870 <runtime_init+0xbc>)
100027c8:	4393      	bics	r3, r2
100027ca:	d1fa      	bne.n	100027c2 <runtime_init+0xe>
100027cc:	4c2a      	ldr	r4, [pc, #168]	; (10002878 <runtime_init+0xc4>)
100027ce:	e001      	b.n	100027d4 <runtime_init+0x20>
100027d0:	cc08      	ldmia	r4!, {r3}
100027d2:	4798      	blx	r3
100027d4:	4b29      	ldr	r3, [pc, #164]	; (1000287c <runtime_init+0xc8>)
100027d6:	429c      	cmp	r4, r3
100027d8:	d3fa      	bcc.n	100027d0 <runtime_init+0x1c>
100027da:	f7ff fd89 	bl	100022f0 <clocks_init>
100027de:	4b23      	ldr	r3, [pc, #140]	; (1000286c <runtime_init+0xb8>)
100027e0:	4a27      	ldr	r2, [pc, #156]	; (10002880 <runtime_init+0xcc>)
100027e2:	601a      	str	r2, [r3, #0]
100027e4:	4b23      	ldr	r3, [pc, #140]	; (10002874 <runtime_init+0xc0>)
100027e6:	689b      	ldr	r3, [r3, #8]
100027e8:	43db      	mvns	r3, r3
100027ea:	01db      	lsls	r3, r3, #7
100027ec:	d1fa      	bne.n	100027e4 <runtime_init+0x30>
100027ee:	4b25      	ldr	r3, [pc, #148]	; (10002884 <runtime_init+0xd0>)
100027f0:	2240      	movs	r2, #64	; 0x40
100027f2:	679a      	str	r2, [r3, #120]	; 0x78
100027f4:	675a      	str	r2, [r3, #116]	; 0x74
100027f6:	671a      	str	r2, [r3, #112]	; 0x70
100027f8:	66da      	str	r2, [r3, #108]	; 0x6c
100027fa:	4c23      	ldr	r4, [pc, #140]	; (10002888 <runtime_init+0xd4>)
100027fc:	e009      	b.n	10002812 <runtime_init+0x5e>
100027fe:	4b23      	ldr	r3, [pc, #140]	; (1000288c <runtime_init+0xd8>)
10002800:	4a23      	ldr	r2, [pc, #140]	; (10002890 <runtime_init+0xdc>)
10002802:	2187      	movs	r1, #135	; 0x87
10002804:	4823      	ldr	r0, [pc, #140]	; (10002894 <runtime_init+0xe0>)
10002806:	f7ff ffb7 	bl	10002778 <__assert_func>
1000280a:	0020      	movs	r0, r4
1000280c:	f7ff fab0 	bl	10001d70 <mutex_init>
10002810:	3408      	adds	r4, #8
10002812:	4b21      	ldr	r3, [pc, #132]	; (10002898 <runtime_init+0xe4>)
10002814:	429c      	cmp	r4, r3
10002816:	d209      	bcs.n	1000282c <runtime_init+0x78>
10002818:	6823      	ldr	r3, [r4, #0]
1000281a:	2b00      	cmp	r3, #0
1000281c:	d0f5      	beq.n	1000280a <runtime_init+0x56>
1000281e:	2b01      	cmp	r3, #1
10002820:	d1ed      	bne.n	100027fe <runtime_init+0x4a>
10002822:	0020      	movs	r0, r4
10002824:	f7ff fab1 	bl	10001d8a <recursive_mutex_init>
10002828:	3408      	adds	r4, #8
1000282a:	e7f2      	b.n	10002812 <runtime_init+0x5e>
1000282c:	4c1b      	ldr	r4, [pc, #108]	; (1000289c <runtime_init+0xe8>)
1000282e:	68a1      	ldr	r1, [r4, #8]
10002830:	4d1b      	ldr	r5, [pc, #108]	; (100028a0 <runtime_init+0xec>)
10002832:	22c0      	movs	r2, #192	; 0xc0
10002834:	0028      	movs	r0, r5
10002836:	f001 fd67 	bl	10004308 <__wrap___aeabi_memcpy>
1000283a:	60a5      	str	r5, [r4, #8]
1000283c:	f3ef 8305 	mrs	r3, IPSR
10002840:	2b00      	cmp	r3, #0
10002842:	d000      	beq.n	10002846 <runtime_init+0x92>
10002844:	be00      	bkpt	0x0000
10002846:	f7fe f93f 	bl	10000ac8 <spin_locks_reset>
1000284a:	f7ff fa7b 	bl	10001d44 <irq_init_priorities>
1000284e:	f7fe fc99 	bl	10001184 <alarm_pool_init_default>
10002852:	4c14      	ldr	r4, [pc, #80]	; (100028a4 <runtime_init+0xf0>)
10002854:	e001      	b.n	1000285a <runtime_init+0xa6>
10002856:	cc08      	ldmia	r4!, {r3}
10002858:	4798      	blx	r3
1000285a:	4b13      	ldr	r3, [pc, #76]	; (100028a8 <runtime_init+0xf4>)
1000285c:	429c      	cmp	r4, r3
1000285e:	d3fa      	bcc.n	10002856 <runtime_init+0xa2>
10002860:	bd70      	pop	{r4, r5, r6, pc}
10002862:	46c0      	nop			; (mov r8, r8)
10002864:	4000e000 	.word	0x4000e000
10002868:	fefbcdbf 	.word	0xfefbcdbf
1000286c:	4000f000 	.word	0x4000f000
10002870:	003c7ffe 	.word	0x003c7ffe
10002874:	4000c000 	.word	0x4000c000
10002878:	200003b0 	.word	0x200003b0
1000287c:	200003c0 	.word	0x200003c0
10002880:	01ffffff 	.word	0x01ffffff
10002884:	4001f000 	.word	0x4001f000
10002888:	200003a8 	.word	0x200003a8
1000288c:	100057f0 	.word	0x100057f0
10002890:	10005884 	.word	0x10005884
10002894:	10005810 	.word	0x10005810
10002898:	200003b0 	.word	0x200003b0
1000289c:	e000ed00 	.word	0xe000ed00
100028a0:	20000000 	.word	0x20000000
100028a4:	200003c0 	.word	0x200003c0
100028a8:	200003c4 	.word	0x200003c4

100028ac <panic>:
100028ac:	b40f      	push	{r0, r1, r2, r3}
100028ae:	b500      	push	{lr}
100028b0:	b083      	sub	sp, #12
100028b2:	4808      	ldr	r0, [pc, #32]	; (100028d4 <panic+0x28>)
100028b4:	f001 fe50 	bl	10004558 <__wrap_puts>
100028b8:	9b04      	ldr	r3, [sp, #16]
100028ba:	2b00      	cmp	r3, #0
100028bc:	d007      	beq.n	100028ce <panic+0x22>
100028be:	a905      	add	r1, sp, #20
100028c0:	9101      	str	r1, [sp, #4]
100028c2:	0018      	movs	r0, r3
100028c4:	f001 fe58 	bl	10004578 <__wrap_vprintf>
100028c8:	4803      	ldr	r0, [pc, #12]	; (100028d8 <panic+0x2c>)
100028ca:	f001 fe45 	bl	10004558 <__wrap_puts>
100028ce:	2001      	movs	r0, #1
100028d0:	f7ff ff4c 	bl	1000276c <_exit>
100028d4:	10005870 	.word	0x10005870
100028d8:	10005880 	.word	0x10005880

100028dc <_out_buffer>:
100028dc:	429a      	cmp	r2, r3
100028de:	d200      	bcs.n	100028e2 <_out_buffer+0x6>
100028e0:	5488      	strb	r0, [r1, r2]
100028e2:	4770      	bx	lr

100028e4 <_out_null>:
100028e4:	4770      	bx	lr

100028e6 <_out_fct>:
100028e6:	b510      	push	{r4, lr}
100028e8:	2800      	cmp	r0, #0
100028ea:	d002      	beq.n	100028f2 <_out_fct+0xc>
100028ec:	680b      	ldr	r3, [r1, #0]
100028ee:	6849      	ldr	r1, [r1, #4]
100028f0:	4798      	blx	r3
100028f2:	bd10      	pop	{r4, pc}

100028f4 <_atoi>:
100028f4:	0001      	movs	r1, r0
100028f6:	2000      	movs	r0, #0
100028f8:	e007      	b.n	1000290a <_atoi+0x16>
100028fa:	0083      	lsls	r3, r0, #2
100028fc:	181b      	adds	r3, r3, r0
100028fe:	005b      	lsls	r3, r3, #1
10002900:	1c50      	adds	r0, r2, #1
10002902:	6008      	str	r0, [r1, #0]
10002904:	7810      	ldrb	r0, [r2, #0]
10002906:	18c0      	adds	r0, r0, r3
10002908:	3830      	subs	r0, #48	; 0x30
1000290a:	680a      	ldr	r2, [r1, #0]
1000290c:	7813      	ldrb	r3, [r2, #0]
1000290e:	3b30      	subs	r3, #48	; 0x30
10002910:	b2db      	uxtb	r3, r3
10002912:	2b09      	cmp	r3, #9
10002914:	d9f1      	bls.n	100028fa <_atoi+0x6>
10002916:	4770      	bx	lr

10002918 <_out_rev>:
10002918:	b5f0      	push	{r4, r5, r6, r7, lr}
1000291a:	46de      	mov	lr, fp
1000291c:	4657      	mov	r7, sl
1000291e:	464e      	mov	r6, r9
10002920:	4645      	mov	r5, r8
10002922:	b5e0      	push	{r5, r6, r7, lr}
10002924:	b083      	sub	sp, #12
10002926:	4693      	mov	fp, r2
10002928:	001f      	movs	r7, r3
1000292a:	9b0c      	ldr	r3, [sp, #48]	; 0x30
1000292c:	469a      	mov	sl, r3
1000292e:	9c0d      	ldr	r4, [sp, #52]	; 0x34
10002930:	9b0e      	ldr	r3, [sp, #56]	; 0x38
10002932:	4699      	mov	r9, r3
10002934:	9b0f      	ldr	r3, [sp, #60]	; 0x3c
10002936:	079b      	lsls	r3, r3, #30
10002938:	d003      	beq.n	10002942 <_out_rev+0x2a>
1000293a:	46b8      	mov	r8, r7
1000293c:	000f      	movs	r7, r1
1000293e:	0006      	movs	r6, r0
10002940:	e022      	b.n	10002988 <_out_rev+0x70>
10002942:	9201      	str	r2, [sp, #4]
10002944:	46a3      	mov	fp, r4
10002946:	4688      	mov	r8, r1
10002948:	464e      	mov	r6, r9
1000294a:	46b9      	mov	r9, r7
1000294c:	0007      	movs	r7, r0
1000294e:	42b4      	cmp	r4, r6
10002950:	d207      	bcs.n	10002962 <_out_rev+0x4a>
10002952:	1c55      	adds	r5, r2, #1
10002954:	464b      	mov	r3, r9
10002956:	4641      	mov	r1, r8
10002958:	2020      	movs	r0, #32
1000295a:	47b8      	blx	r7
1000295c:	3401      	adds	r4, #1
1000295e:	002a      	movs	r2, r5
10002960:	e7f5      	b.n	1000294e <_out_rev+0x36>
10002962:	003d      	movs	r5, r7
10002964:	464f      	mov	r7, r9
10002966:	465c      	mov	r4, fp
10002968:	9b01      	ldr	r3, [sp, #4]
1000296a:	469b      	mov	fp, r3
1000296c:	46b1      	mov	r9, r6
1000296e:	4646      	mov	r6, r8
10002970:	46b8      	mov	r8, r7
10002972:	0037      	movs	r7, r6
10002974:	002e      	movs	r6, r5
10002976:	e007      	b.n	10002988 <_out_rev+0x70>
10002978:	3c01      	subs	r4, #1
1000297a:	1c55      	adds	r5, r2, #1
1000297c:	4653      	mov	r3, sl
1000297e:	5d18      	ldrb	r0, [r3, r4]
10002980:	4643      	mov	r3, r8
10002982:	0039      	movs	r1, r7
10002984:	47b0      	blx	r6
10002986:	002a      	movs	r2, r5
10002988:	2c00      	cmp	r4, #0
1000298a:	d1f5      	bne.n	10002978 <_out_rev+0x60>
1000298c:	0035      	movs	r5, r6
1000298e:	003e      	movs	r6, r7
10002990:	4647      	mov	r7, r8
10002992:	9b0f      	ldr	r3, [sp, #60]	; 0x3c
10002994:	079b      	lsls	r3, r3, #30
10002996:	d407      	bmi.n	100029a8 <_out_rev+0x90>
10002998:	0010      	movs	r0, r2
1000299a:	b003      	add	sp, #12
1000299c:	bcf0      	pop	{r4, r5, r6, r7}
1000299e:	46bb      	mov	fp, r7
100029a0:	46b2      	mov	sl, r6
100029a2:	46a9      	mov	r9, r5
100029a4:	46a0      	mov	r8, r4
100029a6:	bdf0      	pop	{r4, r5, r6, r7, pc}
100029a8:	46b0      	mov	r8, r6
100029aa:	464e      	mov	r6, r9
100029ac:	46b9      	mov	r9, r7
100029ae:	002f      	movs	r7, r5
100029b0:	465d      	mov	r5, fp
100029b2:	1b53      	subs	r3, r2, r5
100029b4:	42b3      	cmp	r3, r6
100029b6:	d2ef      	bcs.n	10002998 <_out_rev+0x80>
100029b8:	1c54      	adds	r4, r2, #1
100029ba:	464b      	mov	r3, r9
100029bc:	4641      	mov	r1, r8
100029be:	2020      	movs	r0, #32
100029c0:	47b8      	blx	r7
100029c2:	0022      	movs	r2, r4
100029c4:	e7f5      	b.n	100029b2 <_out_rev+0x9a>

100029c6 <_ntoa_format>:
100029c6:	b5f0      	push	{r4, r5, r6, r7, lr}
100029c8:	46ce      	mov	lr, r9
100029ca:	4647      	mov	r7, r8
100029cc:	b580      	push	{r7, lr}
100029ce:	b085      	sub	sp, #20
100029d0:	4694      	mov	ip, r2
100029d2:	4698      	mov	r8, r3
100029d4:	9d0c      	ldr	r5, [sp, #48]	; 0x30
100029d6:	9c0d      	ldr	r4, [sp, #52]	; 0x34
100029d8:	ab0e      	add	r3, sp, #56	; 0x38
100029da:	781b      	ldrb	r3, [r3, #0]
100029dc:	4699      	mov	r9, r3
100029de:	9a10      	ldr	r2, [sp, #64]	; 0x40
100029e0:	9b11      	ldr	r3, [sp, #68]	; 0x44
100029e2:	9e12      	ldr	r6, [sp, #72]	; 0x48
100029e4:	07b7      	lsls	r7, r6, #30
100029e6:	d41c      	bmi.n	10002a22 <_ntoa_format+0x5c>
100029e8:	2b00      	cmp	r3, #0
100029ea:	d00c      	beq.n	10002a06 <_ntoa_format+0x40>
100029ec:	07f7      	lsls	r7, r6, #31
100029ee:	d50a      	bpl.n	10002a06 <_ntoa_format+0x40>
100029f0:	464f      	mov	r7, r9
100029f2:	2f00      	cmp	r7, #0
100029f4:	d102      	bne.n	100029fc <_ntoa_format+0x36>
100029f6:	370c      	adds	r7, #12
100029f8:	4237      	tst	r7, r6
100029fa:	d004      	beq.n	10002a06 <_ntoa_format+0x40>
100029fc:	3b01      	subs	r3, #1
100029fe:	e002      	b.n	10002a06 <_ntoa_format+0x40>
10002a00:	2730      	movs	r7, #48	; 0x30
10002a02:	552f      	strb	r7, [r5, r4]
10002a04:	3401      	adds	r4, #1
10002a06:	4294      	cmp	r4, r2
10002a08:	d201      	bcs.n	10002a0e <_ntoa_format+0x48>
10002a0a:	2c1f      	cmp	r4, #31
10002a0c:	d9f8      	bls.n	10002a00 <_ntoa_format+0x3a>
10002a0e:	07f7      	lsls	r7, r6, #31
10002a10:	d507      	bpl.n	10002a22 <_ntoa_format+0x5c>
10002a12:	429c      	cmp	r4, r3
10002a14:	d205      	bcs.n	10002a22 <_ntoa_format+0x5c>
10002a16:	2c1f      	cmp	r4, #31
10002a18:	d803      	bhi.n	10002a22 <_ntoa_format+0x5c>
10002a1a:	2730      	movs	r7, #48	; 0x30
10002a1c:	552f      	strb	r7, [r5, r4]
10002a1e:	3401      	adds	r4, #1
10002a20:	e7f5      	b.n	10002a0e <_ntoa_format+0x48>
10002a22:	06f7      	lsls	r7, r6, #27
10002a24:	d515      	bpl.n	10002a52 <_ntoa_format+0x8c>
10002a26:	0577      	lsls	r7, r6, #21
10002a28:	d405      	bmi.n	10002a36 <_ntoa_format+0x70>
10002a2a:	2c00      	cmp	r4, #0
10002a2c:	d003      	beq.n	10002a36 <_ntoa_format+0x70>
10002a2e:	4294      	cmp	r4, r2
10002a30:	d024      	beq.n	10002a7c <_ntoa_format+0xb6>
10002a32:	429c      	cmp	r4, r3
10002a34:	d022      	beq.n	10002a7c <_ntoa_format+0xb6>
10002a36:	9a0f      	ldr	r2, [sp, #60]	; 0x3c
10002a38:	2a10      	cmp	r2, #16
10002a3a:	d02b      	beq.n	10002a94 <_ntoa_format+0xce>
10002a3c:	9a0f      	ldr	r2, [sp, #60]	; 0x3c
10002a3e:	2a10      	cmp	r2, #16
10002a40:	d030      	beq.n	10002aa4 <_ntoa_format+0xde>
10002a42:	9a0f      	ldr	r2, [sp, #60]	; 0x3c
10002a44:	2a02      	cmp	r2, #2
10002a46:	d035      	beq.n	10002ab4 <_ntoa_format+0xee>
10002a48:	2c1f      	cmp	r4, #31
10002a4a:	d802      	bhi.n	10002a52 <_ntoa_format+0x8c>
10002a4c:	2230      	movs	r2, #48	; 0x30
10002a4e:	552a      	strb	r2, [r5, r4]
10002a50:	3401      	adds	r4, #1
10002a52:	2c1f      	cmp	r4, #31
10002a54:	d805      	bhi.n	10002a62 <_ntoa_format+0x9c>
10002a56:	464a      	mov	r2, r9
10002a58:	2a00      	cmp	r2, #0
10002a5a:	d031      	beq.n	10002ac0 <_ntoa_format+0xfa>
10002a5c:	222d      	movs	r2, #45	; 0x2d
10002a5e:	552a      	strb	r2, [r5, r4]
10002a60:	3401      	adds	r4, #1
10002a62:	9603      	str	r6, [sp, #12]
10002a64:	9302      	str	r3, [sp, #8]
10002a66:	9401      	str	r4, [sp, #4]
10002a68:	9500      	str	r5, [sp, #0]
10002a6a:	4643      	mov	r3, r8
10002a6c:	4662      	mov	r2, ip
10002a6e:	f7ff ff53 	bl	10002918 <_out_rev>
10002a72:	b005      	add	sp, #20
10002a74:	bcc0      	pop	{r6, r7}
10002a76:	46b9      	mov	r9, r7
10002a78:	46b0      	mov	r8, r6
10002a7a:	bdf0      	pop	{r4, r5, r6, r7, pc}
10002a7c:	1e62      	subs	r2, r4, #1
10002a7e:	2c01      	cmp	r4, #1
10002a80:	d006      	beq.n	10002a90 <_ntoa_format+0xca>
10002a82:	9f0f      	ldr	r7, [sp, #60]	; 0x3c
10002a84:	2f10      	cmp	r7, #16
10002a86:	d001      	beq.n	10002a8c <_ntoa_format+0xc6>
10002a88:	0014      	movs	r4, r2
10002a8a:	e7d4      	b.n	10002a36 <_ntoa_format+0x70>
10002a8c:	3c02      	subs	r4, #2
10002a8e:	e7d2      	b.n	10002a36 <_ntoa_format+0x70>
10002a90:	0014      	movs	r4, r2
10002a92:	e7d0      	b.n	10002a36 <_ntoa_format+0x70>
10002a94:	06b2      	lsls	r2, r6, #26
10002a96:	d4d1      	bmi.n	10002a3c <_ntoa_format+0x76>
10002a98:	2c1f      	cmp	r4, #31
10002a9a:	d8cf      	bhi.n	10002a3c <_ntoa_format+0x76>
10002a9c:	2278      	movs	r2, #120	; 0x78
10002a9e:	552a      	strb	r2, [r5, r4]
10002aa0:	3401      	adds	r4, #1
10002aa2:	e7d1      	b.n	10002a48 <_ntoa_format+0x82>
10002aa4:	06b2      	lsls	r2, r6, #26
10002aa6:	d5cc      	bpl.n	10002a42 <_ntoa_format+0x7c>
10002aa8:	2c1f      	cmp	r4, #31
10002aaa:	d8ca      	bhi.n	10002a42 <_ntoa_format+0x7c>
10002aac:	2258      	movs	r2, #88	; 0x58
10002aae:	552a      	strb	r2, [r5, r4]
10002ab0:	3401      	adds	r4, #1
10002ab2:	e7c9      	b.n	10002a48 <_ntoa_format+0x82>
10002ab4:	2c1f      	cmp	r4, #31
10002ab6:	d8c7      	bhi.n	10002a48 <_ntoa_format+0x82>
10002ab8:	3260      	adds	r2, #96	; 0x60
10002aba:	552a      	strb	r2, [r5, r4]
10002abc:	3401      	adds	r4, #1
10002abe:	e7c3      	b.n	10002a48 <_ntoa_format+0x82>
10002ac0:	0772      	lsls	r2, r6, #29
10002ac2:	d503      	bpl.n	10002acc <_ntoa_format+0x106>
10002ac4:	222b      	movs	r2, #43	; 0x2b
10002ac6:	552a      	strb	r2, [r5, r4]
10002ac8:	3401      	adds	r4, #1
10002aca:	e7ca      	b.n	10002a62 <_ntoa_format+0x9c>
10002acc:	0732      	lsls	r2, r6, #28
10002ace:	d5c8      	bpl.n	10002a62 <_ntoa_format+0x9c>
10002ad0:	2220      	movs	r2, #32
10002ad2:	552a      	strb	r2, [r5, r4]
10002ad4:	3401      	adds	r4, #1
10002ad6:	e7c4      	b.n	10002a62 <_ntoa_format+0x9c>

10002ad8 <_ntoa_long>:
10002ad8:	b5f0      	push	{r4, r5, r6, r7, lr}
10002ada:	46de      	mov	lr, fp
10002adc:	4657      	mov	r7, sl
10002ade:	464e      	mov	r6, r9
10002ae0:	4645      	mov	r5, r8
10002ae2:	b5e0      	push	{r5, r6, r7, lr}
10002ae4:	b093      	sub	sp, #76	; 0x4c
10002ae6:	4681      	mov	r9, r0
10002ae8:	468a      	mov	sl, r1
10002aea:	9208      	str	r2, [sp, #32]
10002aec:	9309      	str	r3, [sp, #36]	; 0x24
10002aee:	ab1c      	add	r3, sp, #112	; 0x70
10002af0:	cb10      	ldmia	r3!, {r4}
10002af2:	781b      	ldrb	r3, [r3, #0]
10002af4:	469b      	mov	fp, r3
10002af6:	9d1e      	ldr	r5, [sp, #120]	; 0x78
10002af8:	9b21      	ldr	r3, [sp, #132]	; 0x84
10002afa:	4698      	mov	r8, r3
10002afc:	2c00      	cmp	r4, #0
10002afe:	d103      	bne.n	10002b08 <_ntoa_long+0x30>
10002b00:	2310      	movs	r3, #16
10002b02:	4642      	mov	r2, r8
10002b04:	439a      	bics	r2, r3
10002b06:	4690      	mov	r8, r2
10002b08:	2380      	movs	r3, #128	; 0x80
10002b0a:	00db      	lsls	r3, r3, #3
10002b0c:	4646      	mov	r6, r8
10002b0e:	401e      	ands	r6, r3
10002b10:	4642      	mov	r2, r8
10002b12:	421a      	tst	r2, r3
10002b14:	d012      	beq.n	10002b3c <_ntoa_long+0x64>
10002b16:	2c00      	cmp	r4, #0
10002b18:	d022      	beq.n	10002b60 <_ntoa_long+0x88>
10002b1a:	2600      	movs	r6, #0
10002b1c:	e00e      	b.n	10002b3c <_ntoa_long+0x64>
10002b1e:	3330      	adds	r3, #48	; 0x30
10002b20:	b2d9      	uxtb	r1, r3
10002b22:	1c77      	adds	r7, r6, #1
10002b24:	ab0a      	add	r3, sp, #40	; 0x28
10002b26:	5599      	strb	r1, [r3, r6]
10002b28:	0029      	movs	r1, r5
10002b2a:	0020      	movs	r0, r4
10002b2c:	f000 ffea 	bl	10003b04 <__wrap___aeabi_uidiv>
10002b30:	42ac      	cmp	r4, r5
10002b32:	d316      	bcc.n	10002b62 <_ntoa_long+0x8a>
10002b34:	2f1f      	cmp	r7, #31
10002b36:	d814      	bhi.n	10002b62 <_ntoa_long+0x8a>
10002b38:	003e      	movs	r6, r7
10002b3a:	0004      	movs	r4, r0
10002b3c:	0029      	movs	r1, r5
10002b3e:	0020      	movs	r0, r4
10002b40:	f000 ffe0 	bl	10003b04 <__wrap___aeabi_uidiv>
10002b44:	b2cb      	uxtb	r3, r1
10002b46:	2b09      	cmp	r3, #9
10002b48:	d9e9      	bls.n	10002b1e <_ntoa_long+0x46>
10002b4a:	4642      	mov	r2, r8
10002b4c:	0692      	lsls	r2, r2, #26
10002b4e:	d505      	bpl.n	10002b5c <_ntoa_long+0x84>
10002b50:	2141      	movs	r1, #65	; 0x41
10002b52:	18c9      	adds	r1, r1, r3
10002b54:	b2c9      	uxtb	r1, r1
10002b56:	390a      	subs	r1, #10
10002b58:	b2c9      	uxtb	r1, r1
10002b5a:	e7e2      	b.n	10002b22 <_ntoa_long+0x4a>
10002b5c:	2161      	movs	r1, #97	; 0x61
10002b5e:	e7f8      	b.n	10002b52 <_ntoa_long+0x7a>
10002b60:	0027      	movs	r7, r4
10002b62:	4643      	mov	r3, r8
10002b64:	9306      	str	r3, [sp, #24]
10002b66:	9b20      	ldr	r3, [sp, #128]	; 0x80
10002b68:	9305      	str	r3, [sp, #20]
10002b6a:	9b1f      	ldr	r3, [sp, #124]	; 0x7c
10002b6c:	9304      	str	r3, [sp, #16]
10002b6e:	9503      	str	r5, [sp, #12]
10002b70:	465b      	mov	r3, fp
10002b72:	9302      	str	r3, [sp, #8]
10002b74:	9701      	str	r7, [sp, #4]
10002b76:	ab0a      	add	r3, sp, #40	; 0x28
10002b78:	9300      	str	r3, [sp, #0]
10002b7a:	9b09      	ldr	r3, [sp, #36]	; 0x24
10002b7c:	9a08      	ldr	r2, [sp, #32]
10002b7e:	4651      	mov	r1, sl
10002b80:	4648      	mov	r0, r9
10002b82:	f7ff ff20 	bl	100029c6 <_ntoa_format>
10002b86:	b013      	add	sp, #76	; 0x4c
10002b88:	bcf0      	pop	{r4, r5, r6, r7}
10002b8a:	46bb      	mov	fp, r7
10002b8c:	46b2      	mov	sl, r6
10002b8e:	46a9      	mov	r9, r5
10002b90:	46a0      	mov	r8, r4
10002b92:	bdf0      	pop	{r4, r5, r6, r7, pc}

10002b94 <_ntoa_long_long>:
10002b94:	b5f0      	push	{r4, r5, r6, r7, lr}
10002b96:	46de      	mov	lr, fp
10002b98:	4657      	mov	r7, sl
10002b9a:	464e      	mov	r6, r9
10002b9c:	4645      	mov	r5, r8
10002b9e:	b5e0      	push	{r5, r6, r7, lr}
10002ba0:	b095      	sub	sp, #84	; 0x54
10002ba2:	9008      	str	r0, [sp, #32]
10002ba4:	9109      	str	r1, [sp, #36]	; 0x24
10002ba6:	920a      	str	r2, [sp, #40]	; 0x28
10002ba8:	930b      	str	r3, [sp, #44]	; 0x2c
10002baa:	9e1e      	ldr	r6, [sp, #120]	; 0x78
10002bac:	9c1f      	ldr	r4, [sp, #124]	; 0x7c
10002bae:	ab20      	add	r3, sp, #128	; 0x80
10002bb0:	781b      	ldrb	r3, [r3, #0]
10002bb2:	469b      	mov	fp, r3
10002bb4:	9b22      	ldr	r3, [sp, #136]	; 0x88
10002bb6:	4699      	mov	r9, r3
10002bb8:	9d23      	ldr	r5, [sp, #140]	; 0x8c
10002bba:	9b26      	ldr	r3, [sp, #152]	; 0x98
10002bbc:	469a      	mov	sl, r3
10002bbe:	0033      	movs	r3, r6
10002bc0:	4323      	orrs	r3, r4
10002bc2:	d103      	bne.n	10002bcc <_ntoa_long_long+0x38>
10002bc4:	3310      	adds	r3, #16
10002bc6:	4652      	mov	r2, sl
10002bc8:	439a      	bics	r2, r3
10002bca:	4692      	mov	sl, r2
10002bcc:	2380      	movs	r3, #128	; 0x80
10002bce:	00db      	lsls	r3, r3, #3
10002bd0:	4657      	mov	r7, sl
10002bd2:	401f      	ands	r7, r3
10002bd4:	4652      	mov	r2, sl
10002bd6:	421a      	tst	r2, r3
10002bd8:	d019      	beq.n	10002c0e <_ntoa_long_long+0x7a>
10002bda:	0033      	movs	r3, r6
10002bdc:	4323      	orrs	r3, r4
10002bde:	d02d      	beq.n	10002c3c <_ntoa_long_long+0xa8>
10002be0:	2700      	movs	r7, #0
10002be2:	e014      	b.n	10002c0e <_ntoa_long_long+0x7a>
10002be4:	3330      	adds	r3, #48	; 0x30
10002be6:	b2da      	uxtb	r2, r3
10002be8:	1c7b      	adds	r3, r7, #1
10002bea:	4698      	mov	r8, r3
10002bec:	ab0c      	add	r3, sp, #48	; 0x30
10002bee:	55da      	strb	r2, [r3, r7]
10002bf0:	464a      	mov	r2, r9
10002bf2:	002b      	movs	r3, r5
10002bf4:	0030      	movs	r0, r6
10002bf6:	0021      	movs	r1, r4
10002bf8:	f000 ffc2 	bl	10003b80 <__wrap___aeabi_uldivmod>
10002bfc:	42a5      	cmp	r5, r4
10002bfe:	d81f      	bhi.n	10002c40 <_ntoa_long_long+0xac>
10002c00:	d019      	beq.n	10002c36 <_ntoa_long_long+0xa2>
10002c02:	4643      	mov	r3, r8
10002c04:	2b1f      	cmp	r3, #31
10002c06:	d81b      	bhi.n	10002c40 <_ntoa_long_long+0xac>
10002c08:	4647      	mov	r7, r8
10002c0a:	0006      	movs	r6, r0
10002c0c:	000c      	movs	r4, r1
10002c0e:	464a      	mov	r2, r9
10002c10:	002b      	movs	r3, r5
10002c12:	0030      	movs	r0, r6
10002c14:	0021      	movs	r1, r4
10002c16:	f000 ffb3 	bl	10003b80 <__wrap___aeabi_uldivmod>
10002c1a:	b2d3      	uxtb	r3, r2
10002c1c:	2b09      	cmp	r3, #9
10002c1e:	d9e1      	bls.n	10002be4 <_ntoa_long_long+0x50>
10002c20:	4652      	mov	r2, sl
10002c22:	0692      	lsls	r2, r2, #26
10002c24:	d505      	bpl.n	10002c32 <_ntoa_long_long+0x9e>
10002c26:	2241      	movs	r2, #65	; 0x41
10002c28:	18d2      	adds	r2, r2, r3
10002c2a:	b2d2      	uxtb	r2, r2
10002c2c:	3a0a      	subs	r2, #10
10002c2e:	b2d2      	uxtb	r2, r2
10002c30:	e7da      	b.n	10002be8 <_ntoa_long_long+0x54>
10002c32:	2261      	movs	r2, #97	; 0x61
10002c34:	e7f8      	b.n	10002c28 <_ntoa_long_long+0x94>
10002c36:	45b1      	cmp	r9, r6
10002c38:	d9e3      	bls.n	10002c02 <_ntoa_long_long+0x6e>
10002c3a:	e001      	b.n	10002c40 <_ntoa_long_long+0xac>
10002c3c:	2300      	movs	r3, #0
10002c3e:	4698      	mov	r8, r3
10002c40:	4653      	mov	r3, sl
10002c42:	9306      	str	r3, [sp, #24]
10002c44:	9b25      	ldr	r3, [sp, #148]	; 0x94
10002c46:	9305      	str	r3, [sp, #20]
10002c48:	9b24      	ldr	r3, [sp, #144]	; 0x90
10002c4a:	9304      	str	r3, [sp, #16]
10002c4c:	464b      	mov	r3, r9
10002c4e:	9303      	str	r3, [sp, #12]
10002c50:	465b      	mov	r3, fp
10002c52:	9302      	str	r3, [sp, #8]
10002c54:	4643      	mov	r3, r8
10002c56:	9301      	str	r3, [sp, #4]
10002c58:	ab0c      	add	r3, sp, #48	; 0x30
10002c5a:	9300      	str	r3, [sp, #0]
10002c5c:	9b0b      	ldr	r3, [sp, #44]	; 0x2c
10002c5e:	9a0a      	ldr	r2, [sp, #40]	; 0x28
10002c60:	9909      	ldr	r1, [sp, #36]	; 0x24
10002c62:	9808      	ldr	r0, [sp, #32]
10002c64:	f7ff feaf 	bl	100029c6 <_ntoa_format>
10002c68:	b015      	add	sp, #84	; 0x54
10002c6a:	bcf0      	pop	{r4, r5, r6, r7}
10002c6c:	46bb      	mov	fp, r7
10002c6e:	46b2      	mov	sl, r6
10002c70:	46a9      	mov	r9, r5
10002c72:	46a0      	mov	r8, r4
10002c74:	bdf0      	pop	{r4, r5, r6, r7, pc}
	...

10002c78 <_etoa>:
10002c78:	b5f0      	push	{r4, r5, r6, r7, lr}
10002c7a:	46de      	mov	lr, fp
10002c7c:	4657      	mov	r7, sl
10002c7e:	464e      	mov	r6, r9
10002c80:	4645      	mov	r5, r8
10002c82:	b5e0      	push	{r5, r6, r7, lr}
10002c84:	b091      	sub	sp, #68	; 0x44
10002c86:	4683      	mov	fp, r0
10002c88:	468a      	mov	sl, r1
10002c8a:	920c      	str	r2, [sp, #48]	; 0x30
10002c8c:	4698      	mov	r8, r3
10002c8e:	9c1a      	ldr	r4, [sp, #104]	; 0x68
10002c90:	9408      	str	r4, [sp, #32]
10002c92:	9d1b      	ldr	r5, [sp, #108]	; 0x6c
10002c94:	9509      	str	r5, [sp, #36]	; 0x24
10002c96:	0022      	movs	r2, r4
10002c98:	002b      	movs	r3, r5
10002c9a:	0020      	movs	r0, r4
10002c9c:	0029      	movs	r1, r5
10002c9e:	f001 f9ea 	bl	10004076 <__wrap___aeabi_dcmpun>
10002ca2:	2800      	cmp	r0, #0
10002ca4:	d000      	beq.n	10002ca8 <_etoa+0x30>
10002ca6:	e0e5      	b.n	10002e74 <_etoa+0x1fc>
10002ca8:	2201      	movs	r2, #1
10002caa:	4252      	negs	r2, r2
10002cac:	4bd7      	ldr	r3, [pc, #860]	; (1000300c <_etoa+0x394>)
10002cae:	0020      	movs	r0, r4
10002cb0:	0029      	movs	r1, r5
10002cb2:	f001 f9db 	bl	1000406c <__wrap___aeabi_dcmpgt>
10002cb6:	2800      	cmp	r0, #0
10002cb8:	d000      	beq.n	10002cbc <_etoa+0x44>
10002cba:	e0db      	b.n	10002e74 <_etoa+0x1fc>
10002cbc:	2201      	movs	r2, #1
10002cbe:	4252      	negs	r2, r2
10002cc0:	4bd3      	ldr	r3, [pc, #844]	; (10003010 <_etoa+0x398>)
10002cc2:	0020      	movs	r0, r4
10002cc4:	0029      	movs	r1, r5
10002cc6:	f001 f9bb 	bl	10004040 <__wrap___aeabi_dcmplt>
10002cca:	2800      	cmp	r0, #0
10002ccc:	d000      	beq.n	10002cd0 <_etoa+0x58>
10002cce:	e0d1      	b.n	10002e74 <_etoa+0x1fc>
10002cd0:	2200      	movs	r2, #0
10002cd2:	2300      	movs	r3, #0
10002cd4:	9e08      	ldr	r6, [sp, #32]
10002cd6:	0030      	movs	r0, r6
10002cd8:	9d09      	ldr	r5, [sp, #36]	; 0x24
10002cda:	0029      	movs	r1, r5
10002cdc:	f001 f9b0 	bl	10004040 <__wrap___aeabi_dcmplt>
10002ce0:	2800      	cmp	r0, #0
10002ce2:	d000      	beq.n	10002ce6 <_etoa+0x6e>
10002ce4:	e0dd      	b.n	10002ea2 <_etoa+0x22a>
10002ce6:	9808      	ldr	r0, [sp, #32]
10002ce8:	9909      	ldr	r1, [sp, #36]	; 0x24
10002cea:	9006      	str	r0, [sp, #24]
10002cec:	9107      	str	r1, [sp, #28]
10002cee:	2380      	movs	r3, #128	; 0x80
10002cf0:	00db      	lsls	r3, r3, #3
10002cf2:	9a1e      	ldr	r2, [sp, #120]	; 0x78
10002cf4:	401a      	ands	r2, r3
10002cf6:	920d      	str	r2, [sp, #52]	; 0x34
10002cf8:	9a1e      	ldr	r2, [sp, #120]	; 0x78
10002cfa:	421a      	tst	r2, r3
10002cfc:	d101      	bne.n	10002d02 <_etoa+0x8a>
10002cfe:	2306      	movs	r3, #6
10002d00:	931c      	str	r3, [sp, #112]	; 0x70
10002d02:	9806      	ldr	r0, [sp, #24]
10002d04:	9907      	ldr	r1, [sp, #28]
10002d06:	0004      	movs	r4, r0
10002d08:	000d      	movs	r5, r1
10002d0a:	000a      	movs	r2, r1
10002d0c:	0006      	movs	r6, r0
10002d0e:	4302      	orrs	r2, r0
10002d10:	d100      	bne.n	10002d14 <_etoa+0x9c>
10002d12:	e0d1      	b.n	10002eb8 <_etoa+0x240>
10002d14:	0d08      	lsrs	r0, r1, #20
10002d16:	0540      	lsls	r0, r0, #21
10002d18:	0d40      	lsrs	r0, r0, #21
10002d1a:	4cbe      	ldr	r4, [pc, #760]	; (10003014 <_etoa+0x39c>)
10002d1c:	46a4      	mov	ip, r4
10002d1e:	4460      	add	r0, ip
10002d20:	030a      	lsls	r2, r1, #12
10002d22:	0b12      	lsrs	r2, r2, #12
10002d24:	4bbc      	ldr	r3, [pc, #752]	; (10003018 <_etoa+0x3a0>)
10002d26:	4313      	orrs	r3, r2
10002d28:	001f      	movs	r7, r3
10002d2a:	f001 f9b7 	bl	1000409c <__wrap___aeabi_i2d>
10002d2e:	4abb      	ldr	r2, [pc, #748]	; (1000301c <_etoa+0x3a4>)
10002d30:	4bbb      	ldr	r3, [pc, #748]	; (10003020 <_etoa+0x3a8>)
10002d32:	f001 f946 	bl	10003fc2 <__wrap___aeabi_dmul>
10002d36:	4abb      	ldr	r2, [pc, #748]	; (10003024 <_etoa+0x3ac>)
10002d38:	4bbb      	ldr	r3, [pc, #748]	; (10003028 <_etoa+0x3b0>)
10002d3a:	f001 f923 	bl	10003f84 <__wrap___aeabi_dadd>
10002d3e:	0004      	movs	r4, r0
10002d40:	000d      	movs	r5, r1
10002d42:	2200      	movs	r2, #0
10002d44:	4bb9      	ldr	r3, [pc, #740]	; (1000302c <_etoa+0x3b4>)
10002d46:	0030      	movs	r0, r6
10002d48:	0039      	movs	r1, r7
10002d4a:	f001 f916 	bl	10003f7a <__wrap___aeabi_dsub>
10002d4e:	4ab8      	ldr	r2, [pc, #736]	; (10003030 <_etoa+0x3b8>)
10002d50:	4bb8      	ldr	r3, [pc, #736]	; (10003034 <_etoa+0x3bc>)
10002d52:	f001 f936 	bl	10003fc2 <__wrap___aeabi_dmul>
10002d56:	0002      	movs	r2, r0
10002d58:	000b      	movs	r3, r1
10002d5a:	0020      	movs	r0, r4
10002d5c:	0029      	movs	r1, r5
10002d5e:	f001 f911 	bl	10003f84 <__wrap___aeabi_dadd>
10002d62:	f001 f9b3 	bl	100040cc <__wrap___aeabi_d2iz>
10002d66:	4681      	mov	r9, r0
10002d68:	f001 f998 	bl	1000409c <__wrap___aeabi_i2d>
10002d6c:	0004      	movs	r4, r0
10002d6e:	000d      	movs	r5, r1
10002d70:	4ab1      	ldr	r2, [pc, #708]	; (10003038 <_etoa+0x3c0>)
10002d72:	4bb2      	ldr	r3, [pc, #712]	; (1000303c <_etoa+0x3c4>)
10002d74:	f001 f925 	bl	10003fc2 <__wrap___aeabi_dmul>
10002d78:	2200      	movs	r2, #0
10002d7a:	4bb1      	ldr	r3, [pc, #708]	; (10003040 <_etoa+0x3c8>)
10002d7c:	f001 f902 	bl	10003f84 <__wrap___aeabi_dadd>
10002d80:	f001 f9a4 	bl	100040cc <__wrap___aeabi_d2iz>
10002d84:	0006      	movs	r6, r0
10002d86:	4aaf      	ldr	r2, [pc, #700]	; (10003044 <_etoa+0x3cc>)
10002d88:	4baf      	ldr	r3, [pc, #700]	; (10003048 <_etoa+0x3d0>)
10002d8a:	0020      	movs	r0, r4
10002d8c:	0029      	movs	r1, r5
10002d8e:	f001 f918 	bl	10003fc2 <__wrap___aeabi_dmul>
10002d92:	0004      	movs	r4, r0
10002d94:	000d      	movs	r5, r1
10002d96:	0030      	movs	r0, r6
10002d98:	f001 f980 	bl	1000409c <__wrap___aeabi_i2d>
10002d9c:	4aab      	ldr	r2, [pc, #684]	; (1000304c <_etoa+0x3d4>)
10002d9e:	4bac      	ldr	r3, [pc, #688]	; (10003050 <_etoa+0x3d8>)
10002da0:	f001 f90f 	bl	10003fc2 <__wrap___aeabi_dmul>
10002da4:	0002      	movs	r2, r0
10002da6:	000b      	movs	r3, r1
10002da8:	0020      	movs	r0, r4
10002daa:	0029      	movs	r1, r5
10002dac:	f001 f8e5 	bl	10003f7a <__wrap___aeabi_dsub>
10002db0:	0004      	movs	r4, r0
10002db2:	000d      	movs	r5, r1
10002db4:	0002      	movs	r2, r0
10002db6:	000b      	movs	r3, r1
10002db8:	f001 f903 	bl	10003fc2 <__wrap___aeabi_dmul>
10002dbc:	900a      	str	r0, [sp, #40]	; 0x28
10002dbe:	910b      	str	r1, [sp, #44]	; 0x2c
10002dc0:	4ba4      	ldr	r3, [pc, #656]	; (10003054 <_etoa+0x3dc>)
10002dc2:	18f3      	adds	r3, r6, r3
10002dc4:	2600      	movs	r6, #0
10002dc6:	051f      	lsls	r7, r3, #20
10002dc8:	0022      	movs	r2, r4
10002dca:	002b      	movs	r3, r5
10002dcc:	0020      	movs	r0, r4
10002dce:	0029      	movs	r1, r5
10002dd0:	f001 f8d8 	bl	10003f84 <__wrap___aeabi_dadd>
10002dd4:	900e      	str	r0, [sp, #56]	; 0x38
10002dd6:	910f      	str	r1, [sp, #60]	; 0x3c
10002dd8:	0022      	movs	r2, r4
10002dda:	002b      	movs	r3, r5
10002ddc:	2000      	movs	r0, #0
10002dde:	2180      	movs	r1, #128	; 0x80
10002de0:	05c9      	lsls	r1, r1, #23
10002de2:	f001 f8ca 	bl	10003f7a <__wrap___aeabi_dsub>
10002de6:	0004      	movs	r4, r0
10002de8:	000d      	movs	r5, r1
10002dea:	2200      	movs	r2, #0
10002dec:	4b9a      	ldr	r3, [pc, #616]	; (10003058 <_etoa+0x3e0>)
10002dee:	980a      	ldr	r0, [sp, #40]	; 0x28
10002df0:	990b      	ldr	r1, [sp, #44]	; 0x2c
10002df2:	f001 f8cc 	bl	10003f8e <__wrap___aeabi_ddiv>
10002df6:	2200      	movs	r2, #0
10002df8:	4b98      	ldr	r3, [pc, #608]	; (1000305c <_etoa+0x3e4>)
10002dfa:	f001 f8c3 	bl	10003f84 <__wrap___aeabi_dadd>
10002dfe:	0002      	movs	r2, r0
10002e00:	000b      	movs	r3, r1
10002e02:	980a      	ldr	r0, [sp, #40]	; 0x28
10002e04:	990b      	ldr	r1, [sp, #44]	; 0x2c
10002e06:	f001 f8c2 	bl	10003f8e <__wrap___aeabi_ddiv>
10002e0a:	2200      	movs	r2, #0
10002e0c:	4b94      	ldr	r3, [pc, #592]	; (10003060 <_etoa+0x3e8>)
10002e0e:	f001 f8b9 	bl	10003f84 <__wrap___aeabi_dadd>
10002e12:	0002      	movs	r2, r0
10002e14:	000b      	movs	r3, r1
10002e16:	980a      	ldr	r0, [sp, #40]	; 0x28
10002e18:	990b      	ldr	r1, [sp, #44]	; 0x2c
10002e1a:	f001 f8b8 	bl	10003f8e <__wrap___aeabi_ddiv>
10002e1e:	0002      	movs	r2, r0
10002e20:	000b      	movs	r3, r1
10002e22:	0020      	movs	r0, r4
10002e24:	0029      	movs	r1, r5
10002e26:	f001 f8ad 	bl	10003f84 <__wrap___aeabi_dadd>
10002e2a:	0002      	movs	r2, r0
10002e2c:	000b      	movs	r3, r1
10002e2e:	980e      	ldr	r0, [sp, #56]	; 0x38
10002e30:	990f      	ldr	r1, [sp, #60]	; 0x3c
10002e32:	f001 f8ac 	bl	10003f8e <__wrap___aeabi_ddiv>
10002e36:	2200      	movs	r2, #0
10002e38:	4b77      	ldr	r3, [pc, #476]	; (10003018 <_etoa+0x3a0>)
10002e3a:	f001 f8a3 	bl	10003f84 <__wrap___aeabi_dadd>
10002e3e:	0032      	movs	r2, r6
10002e40:	003b      	movs	r3, r7
10002e42:	f001 f8be 	bl	10003fc2 <__wrap___aeabi_dmul>
10002e46:	0006      	movs	r6, r0
10002e48:	000f      	movs	r7, r1
10002e4a:	0004      	movs	r4, r0
10002e4c:	000d      	movs	r5, r1
10002e4e:	9a06      	ldr	r2, [sp, #24]
10002e50:	9b07      	ldr	r3, [sp, #28]
10002e52:	f001 f90b 	bl	1000406c <__wrap___aeabi_dcmpgt>
10002e56:	2800      	cmp	r0, #0
10002e58:	d030      	beq.n	10002ebc <_etoa+0x244>
10002e5a:	2301      	movs	r3, #1
10002e5c:	425b      	negs	r3, r3
10002e5e:	469c      	mov	ip, r3
10002e60:	44e1      	add	r9, ip
10002e62:	2200      	movs	r2, #0
10002e64:	4b7d      	ldr	r3, [pc, #500]	; (1000305c <_etoa+0x3e4>)
10002e66:	0030      	movs	r0, r6
10002e68:	0039      	movs	r1, r7
10002e6a:	f001 f890 	bl	10003f8e <__wrap___aeabi_ddiv>
10002e6e:	0004      	movs	r4, r0
10002e70:	000d      	movs	r5, r1
10002e72:	e023      	b.n	10002ebc <_etoa+0x244>
10002e74:	9b1e      	ldr	r3, [sp, #120]	; 0x78
10002e76:	9304      	str	r3, [sp, #16]
10002e78:	9b1d      	ldr	r3, [sp, #116]	; 0x74
10002e7a:	9303      	str	r3, [sp, #12]
10002e7c:	9b1c      	ldr	r3, [sp, #112]	; 0x70
10002e7e:	9302      	str	r3, [sp, #8]
10002e80:	9a08      	ldr	r2, [sp, #32]
10002e82:	9b09      	ldr	r3, [sp, #36]	; 0x24
10002e84:	9200      	str	r2, [sp, #0]
10002e86:	9301      	str	r3, [sp, #4]
10002e88:	4643      	mov	r3, r8
10002e8a:	9a0c      	ldr	r2, [sp, #48]	; 0x30
10002e8c:	4651      	mov	r1, sl
10002e8e:	4658      	mov	r0, fp
10002e90:	f000 f8fc 	bl	1000308c <_ftoa>
10002e94:	b011      	add	sp, #68	; 0x44
10002e96:	bcf0      	pop	{r4, r5, r6, r7}
10002e98:	46bb      	mov	fp, r7
10002e9a:	46b2      	mov	sl, r6
10002e9c:	46a9      	mov	r9, r5
10002e9e:	46a0      	mov	r8, r4
10002ea0:	bdf0      	pop	{r4, r5, r6, r7, pc}
10002ea2:	2300      	movs	r3, #0
10002ea4:	2400      	movs	r4, #0
10002ea6:	9306      	str	r3, [sp, #24]
10002ea8:	9407      	str	r4, [sp, #28]
10002eaa:	9606      	str	r6, [sp, #24]
10002eac:	2380      	movs	r3, #128	; 0x80
10002eae:	061b      	lsls	r3, r3, #24
10002eb0:	469c      	mov	ip, r3
10002eb2:	4465      	add	r5, ip
10002eb4:	9507      	str	r5, [sp, #28]
10002eb6:	e71a      	b.n	10002cee <_etoa+0x76>
10002eb8:	2300      	movs	r3, #0
10002eba:	4699      	mov	r9, r3
10002ebc:	464b      	mov	r3, r9
10002ebe:	3363      	adds	r3, #99	; 0x63
10002ec0:	2bc6      	cmp	r3, #198	; 0xc6
10002ec2:	d81e      	bhi.n	10002f02 <_etoa+0x28a>
10002ec4:	2604      	movs	r6, #4
10002ec6:	9b1e      	ldr	r3, [sp, #120]	; 0x78
10002ec8:	051b      	lsls	r3, r3, #20
10002eca:	d526      	bpl.n	10002f1a <_etoa+0x2a2>
10002ecc:	002b      	movs	r3, r5
10002ece:	4323      	orrs	r3, r4
10002ed0:	d00f      	beq.n	10002ef2 <_etoa+0x27a>
10002ed2:	4a64      	ldr	r2, [pc, #400]	; (10003064 <_etoa+0x3ec>)
10002ed4:	4b64      	ldr	r3, [pc, #400]	; (10003068 <_etoa+0x3f0>)
10002ed6:	9806      	ldr	r0, [sp, #24]
10002ed8:	9907      	ldr	r1, [sp, #28]
10002eda:	f001 f8bf 	bl	1000405c <__wrap___aeabi_dcmpge>
10002ede:	2800      	cmp	r0, #0
10002ee0:	d079      	beq.n	10002fd6 <_etoa+0x35e>
10002ee2:	2200      	movs	r2, #0
10002ee4:	4b61      	ldr	r3, [pc, #388]	; (1000306c <_etoa+0x3f4>)
10002ee6:	9806      	ldr	r0, [sp, #24]
10002ee8:	9907      	ldr	r1, [sp, #28]
10002eea:	f001 f8a9 	bl	10004040 <__wrap___aeabi_dcmplt>
10002eee:	2800      	cmp	r0, #0
10002ef0:	d071      	beq.n	10002fd6 <_etoa+0x35e>
10002ef2:	9b1c      	ldr	r3, [sp, #112]	; 0x70
10002ef4:	454b      	cmp	r3, r9
10002ef6:	dd06      	ble.n	10002f06 <_etoa+0x28e>
10002ef8:	464a      	mov	r2, r9
10002efa:	1a98      	subs	r0, r3, r2
10002efc:	1e43      	subs	r3, r0, #1
10002efe:	931c      	str	r3, [sp, #112]	; 0x70
10002f00:	e003      	b.n	10002f0a <_etoa+0x292>
10002f02:	2605      	movs	r6, #5
10002f04:	e7df      	b.n	10002ec6 <_etoa+0x24e>
10002f06:	2300      	movs	r3, #0
10002f08:	931c      	str	r3, [sp, #112]	; 0x70
10002f0a:	2380      	movs	r3, #128	; 0x80
10002f0c:	00db      	lsls	r3, r3, #3
10002f0e:	9a1e      	ldr	r2, [sp, #120]	; 0x78
10002f10:	431a      	orrs	r2, r3
10002f12:	921e      	str	r2, [sp, #120]	; 0x78
10002f14:	2600      	movs	r6, #0
10002f16:	2300      	movs	r3, #0
10002f18:	4699      	mov	r9, r3
10002f1a:	9b1d      	ldr	r3, [sp, #116]	; 0x74
10002f1c:	429e      	cmp	r6, r3
10002f1e:	d264      	bcs.n	10002fea <_etoa+0x372>
10002f20:	1b9f      	subs	r7, r3, r6
10002f22:	2302      	movs	r3, #2
10002f24:	9a1e      	ldr	r2, [sp, #120]	; 0x78
10002f26:	401a      	ands	r2, r3
10002f28:	920a      	str	r2, [sp, #40]	; 0x28
10002f2a:	9a1e      	ldr	r2, [sp, #120]	; 0x78
10002f2c:	4213      	tst	r3, r2
10002f2e:	d002      	beq.n	10002f36 <_etoa+0x2be>
10002f30:	2e00      	cmp	r6, #0
10002f32:	d000      	beq.n	10002f36 <_etoa+0x2be>
10002f34:	2700      	movs	r7, #0
10002f36:	464b      	mov	r3, r9
10002f38:	2b00      	cmp	r3, #0
10002f3a:	d007      	beq.n	10002f4c <_etoa+0x2d4>
10002f3c:	0022      	movs	r2, r4
10002f3e:	002b      	movs	r3, r5
10002f40:	9806      	ldr	r0, [sp, #24]
10002f42:	9907      	ldr	r1, [sp, #28]
10002f44:	f001 f823 	bl	10003f8e <__wrap___aeabi_ddiv>
10002f48:	9006      	str	r0, [sp, #24]
10002f4a:	9107      	str	r1, [sp, #28]
10002f4c:	2200      	movs	r2, #0
10002f4e:	2300      	movs	r3, #0
10002f50:	9808      	ldr	r0, [sp, #32]
10002f52:	9909      	ldr	r1, [sp, #36]	; 0x24
10002f54:	f001 f874 	bl	10004040 <__wrap___aeabi_dcmplt>
10002f58:	2800      	cmp	r0, #0
10002f5a:	d148      	bne.n	10002fee <_etoa+0x376>
10002f5c:	4b44      	ldr	r3, [pc, #272]	; (10003070 <_etoa+0x3f8>)
10002f5e:	9a1e      	ldr	r2, [sp, #120]	; 0x78
10002f60:	4013      	ands	r3, r2
10002f62:	9304      	str	r3, [sp, #16]
10002f64:	9703      	str	r7, [sp, #12]
10002f66:	9b1c      	ldr	r3, [sp, #112]	; 0x70
10002f68:	9302      	str	r3, [sp, #8]
10002f6a:	9b06      	ldr	r3, [sp, #24]
10002f6c:	9c07      	ldr	r4, [sp, #28]
10002f6e:	9300      	str	r3, [sp, #0]
10002f70:	9401      	str	r4, [sp, #4]
10002f72:	4643      	mov	r3, r8
10002f74:	9a0c      	ldr	r2, [sp, #48]	; 0x30
10002f76:	4651      	mov	r1, sl
10002f78:	4658      	mov	r0, fp
10002f7a:	f000 f887 	bl	1000308c <_ftoa>
10002f7e:	2e00      	cmp	r6, #0
10002f80:	d100      	bne.n	10002f84 <_etoa+0x30c>
10002f82:	e787      	b.n	10002e94 <_etoa+0x21c>
10002f84:	9b1e      	ldr	r3, [sp, #120]	; 0x78
10002f86:	069b      	lsls	r3, r3, #26
10002f88:	d53d      	bpl.n	10003006 <_etoa+0x38e>
10002f8a:	2545      	movs	r5, #69	; 0x45
10002f8c:	1c44      	adds	r4, r0, #1
10002f8e:	4643      	mov	r3, r8
10002f90:	0002      	movs	r2, r0
10002f92:	4651      	mov	r1, sl
10002f94:	0028      	movs	r0, r5
10002f96:	47d8      	blx	fp
10002f98:	464b      	mov	r3, r9
10002f9a:	17da      	asrs	r2, r3, #31
10002f9c:	189b      	adds	r3, r3, r2
10002f9e:	4053      	eors	r3, r2
10002fa0:	2205      	movs	r2, #5
10002fa2:	9205      	str	r2, [sp, #20]
10002fa4:	3e01      	subs	r6, #1
10002fa6:	9604      	str	r6, [sp, #16]
10002fa8:	2200      	movs	r2, #0
10002faa:	9203      	str	r2, [sp, #12]
10002fac:	320a      	adds	r2, #10
10002fae:	9202      	str	r2, [sp, #8]
10002fb0:	464a      	mov	r2, r9
10002fb2:	0fd0      	lsrs	r0, r2, #31
10002fb4:	9001      	str	r0, [sp, #4]
10002fb6:	9300      	str	r3, [sp, #0]
10002fb8:	4643      	mov	r3, r8
10002fba:	0022      	movs	r2, r4
10002fbc:	4651      	mov	r1, sl
10002fbe:	4658      	mov	r0, fp
10002fc0:	f7ff fd8a 	bl	10002ad8 <_ntoa_long>
10002fc4:	9b0a      	ldr	r3, [sp, #40]	; 0x28
10002fc6:	2b00      	cmp	r3, #0
10002fc8:	d100      	bne.n	10002fcc <_etoa+0x354>
10002fca:	e763      	b.n	10002e94 <_etoa+0x21c>
10002fcc:	0002      	movs	r2, r0
10002fce:	465f      	mov	r7, fp
10002fd0:	9e0c      	ldr	r6, [sp, #48]	; 0x30
10002fd2:	9d1d      	ldr	r5, [sp, #116]	; 0x74
10002fd4:	e054      	b.n	10003080 <_etoa+0x408>
10002fd6:	9b1c      	ldr	r3, [sp, #112]	; 0x70
10002fd8:	2b00      	cmp	r3, #0
10002fda:	d09e      	beq.n	10002f1a <_etoa+0x2a2>
10002fdc:	9b0d      	ldr	r3, [sp, #52]	; 0x34
10002fde:	2b00      	cmp	r3, #0
10002fe0:	d09b      	beq.n	10002f1a <_etoa+0x2a2>
10002fe2:	9b1c      	ldr	r3, [sp, #112]	; 0x70
10002fe4:	3b01      	subs	r3, #1
10002fe6:	931c      	str	r3, [sp, #112]	; 0x70
10002fe8:	e797      	b.n	10002f1a <_etoa+0x2a2>
10002fea:	2700      	movs	r7, #0
10002fec:	e799      	b.n	10002f22 <_etoa+0x2aa>
10002fee:	9c06      	ldr	r4, [sp, #24]
10002ff0:	9d07      	ldr	r5, [sp, #28]
10002ff2:	0022      	movs	r2, r4
10002ff4:	0029      	movs	r1, r5
10002ff6:	2080      	movs	r0, #128	; 0x80
10002ff8:	0600      	lsls	r0, r0, #24
10002ffa:	4684      	mov	ip, r0
10002ffc:	4461      	add	r1, ip
10002ffe:	000b      	movs	r3, r1
10003000:	9206      	str	r2, [sp, #24]
10003002:	9307      	str	r3, [sp, #28]
10003004:	e7aa      	b.n	10002f5c <_etoa+0x2e4>
10003006:	2565      	movs	r5, #101	; 0x65
10003008:	e7c0      	b.n	10002f8c <_etoa+0x314>
1000300a:	46c0      	nop			; (mov r8, r8)
1000300c:	7fefffff 	.word	0x7fefffff
10003010:	ffefffff 	.word	0xffefffff
10003014:	fffffc01 	.word	0xfffffc01
10003018:	3ff00000 	.word	0x3ff00000
1000301c:	509f79fb 	.word	0x509f79fb
10003020:	3fd34413 	.word	0x3fd34413
10003024:	8b60c8b3 	.word	0x8b60c8b3
10003028:	3fc68a28 	.word	0x3fc68a28
1000302c:	3ff80000 	.word	0x3ff80000
10003030:	636f4361 	.word	0x636f4361
10003034:	3fd287a7 	.word	0x3fd287a7
10003038:	0979a371 	.word	0x0979a371
1000303c:	400a934f 	.word	0x400a934f
10003040:	3fe00000 	.word	0x3fe00000
10003044:	bbb55516 	.word	0xbbb55516
10003048:	40026bb1 	.word	0x40026bb1
1000304c:	fefa39ef 	.word	0xfefa39ef
10003050:	3fe62e42 	.word	0x3fe62e42
10003054:	000003ff 	.word	0x000003ff
10003058:	402c0000 	.word	0x402c0000
1000305c:	40240000 	.word	0x40240000
10003060:	40180000 	.word	0x40180000
10003064:	eb1c432d 	.word	0xeb1c432d
10003068:	3f1a36e2 	.word	0x3f1a36e2
1000306c:	412e8480 	.word	0x412e8480
10003070:	fffff7ff 	.word	0xfffff7ff
10003074:	1c54      	adds	r4, r2, #1
10003076:	4643      	mov	r3, r8
10003078:	4651      	mov	r1, sl
1000307a:	2020      	movs	r0, #32
1000307c:	47b8      	blx	r7
1000307e:	0022      	movs	r2, r4
10003080:	1b93      	subs	r3, r2, r6
10003082:	42ab      	cmp	r3, r5
10003084:	d3f6      	bcc.n	10003074 <_etoa+0x3fc>
10003086:	0010      	movs	r0, r2
10003088:	e704      	b.n	10002e94 <_etoa+0x21c>
1000308a:	46c0      	nop			; (mov r8, r8)

1000308c <_ftoa>:
1000308c:	b5f0      	push	{r4, r5, r6, r7, lr}
1000308e:	46de      	mov	lr, fp
10003090:	4657      	mov	r7, sl
10003092:	464e      	mov	r6, r9
10003094:	4645      	mov	r5, r8
10003096:	b5e0      	push	{r5, r6, r7, lr}
10003098:	b095      	sub	sp, #84	; 0x54
1000309a:	9006      	str	r0, [sp, #24]
1000309c:	9107      	str	r1, [sp, #28]
1000309e:	4693      	mov	fp, r2
100030a0:	4699      	mov	r9, r3
100030a2:	9f20      	ldr	r7, [sp, #128]	; 0x80
100030a4:	9a1e      	ldr	r2, [sp, #120]	; 0x78
100030a6:	9b1f      	ldr	r3, [sp, #124]	; 0x7c
100030a8:	0010      	movs	r0, r2
100030aa:	0019      	movs	r1, r3
100030ac:	f000 ffe3 	bl	10004076 <__wrap___aeabi_dcmpun>
100030b0:	2800      	cmp	r0, #0
100030b2:	d131      	bne.n	10003118 <_ftoa+0x8c>
100030b4:	2201      	movs	r2, #1
100030b6:	4252      	negs	r2, r2
100030b8:	4bbf      	ldr	r3, [pc, #764]	; (100033b8 <_ftoa+0x32c>)
100030ba:	981e      	ldr	r0, [sp, #120]	; 0x78
100030bc:	991f      	ldr	r1, [sp, #124]	; 0x7c
100030be:	f000 ffbf 	bl	10004040 <__wrap___aeabi_dcmplt>
100030c2:	2800      	cmp	r0, #0
100030c4:	d137      	bne.n	10003136 <_ftoa+0xaa>
100030c6:	2201      	movs	r2, #1
100030c8:	4252      	negs	r2, r2
100030ca:	4bbc      	ldr	r3, [pc, #752]	; (100033bc <_ftoa+0x330>)
100030cc:	981e      	ldr	r0, [sp, #120]	; 0x78
100030ce:	991f      	ldr	r1, [sp, #124]	; 0x7c
100030d0:	f000 ffcc 	bl	1000406c <__wrap___aeabi_dcmpgt>
100030d4:	2800      	cmp	r0, #0
100030d6:	d13d      	bne.n	10003154 <_ftoa+0xc8>
100030d8:	2200      	movs	r2, #0
100030da:	4bb9      	ldr	r3, [pc, #740]	; (100033c0 <_ftoa+0x334>)
100030dc:	981e      	ldr	r0, [sp, #120]	; 0x78
100030de:	991f      	ldr	r1, [sp, #124]	; 0x7c
100030e0:	f000 ffc4 	bl	1000406c <__wrap___aeabi_dcmpgt>
100030e4:	2800      	cmp	r0, #0
100030e6:	d150      	bne.n	1000318a <_ftoa+0xfe>
100030e8:	2200      	movs	r2, #0
100030ea:	4bb6      	ldr	r3, [pc, #728]	; (100033c4 <_ftoa+0x338>)
100030ec:	981e      	ldr	r0, [sp, #120]	; 0x78
100030ee:	991f      	ldr	r1, [sp, #124]	; 0x7c
100030f0:	f000 ffa6 	bl	10004040 <__wrap___aeabi_dcmplt>
100030f4:	2800      	cmp	r0, #0
100030f6:	d148      	bne.n	1000318a <_ftoa+0xfe>
100030f8:	2200      	movs	r2, #0
100030fa:	2300      	movs	r3, #0
100030fc:	981e      	ldr	r0, [sp, #120]	; 0x78
100030fe:	991f      	ldr	r1, [sp, #124]	; 0x7c
10003100:	f000 ff9e 	bl	10004040 <__wrap___aeabi_dcmplt>
10003104:	2800      	cmp	r0, #0
10003106:	d150      	bne.n	100031aa <_ftoa+0x11e>
10003108:	2300      	movs	r3, #0
1000310a:	4698      	mov	r8, r3
1000310c:	9b22      	ldr	r3, [sp, #136]	; 0x88
1000310e:	055b      	lsls	r3, r3, #21
10003110:	d400      	bmi.n	10003114 <_ftoa+0x88>
10003112:	e0b6      	b.n	10003282 <_ftoa+0x1f6>
10003114:	2400      	movs	r4, #0
10003116:	e058      	b.n	100031ca <_ftoa+0x13e>
10003118:	9b22      	ldr	r3, [sp, #136]	; 0x88
1000311a:	9303      	str	r3, [sp, #12]
1000311c:	9b21      	ldr	r3, [sp, #132]	; 0x84
1000311e:	9302      	str	r3, [sp, #8]
10003120:	2303      	movs	r3, #3
10003122:	9301      	str	r3, [sp, #4]
10003124:	4ba8      	ldr	r3, [pc, #672]	; (100033c8 <_ftoa+0x33c>)
10003126:	9300      	str	r3, [sp, #0]
10003128:	464b      	mov	r3, r9
1000312a:	465a      	mov	r2, fp
1000312c:	9907      	ldr	r1, [sp, #28]
1000312e:	9806      	ldr	r0, [sp, #24]
10003130:	f7ff fbf2 	bl	10002918 <_out_rev>
10003134:	e10e      	b.n	10003354 <_ftoa+0x2c8>
10003136:	9b22      	ldr	r3, [sp, #136]	; 0x88
10003138:	9303      	str	r3, [sp, #12]
1000313a:	9b21      	ldr	r3, [sp, #132]	; 0x84
1000313c:	9302      	str	r3, [sp, #8]
1000313e:	2304      	movs	r3, #4
10003140:	9301      	str	r3, [sp, #4]
10003142:	4ba2      	ldr	r3, [pc, #648]	; (100033cc <_ftoa+0x340>)
10003144:	9300      	str	r3, [sp, #0]
10003146:	464b      	mov	r3, r9
10003148:	465a      	mov	r2, fp
1000314a:	9907      	ldr	r1, [sp, #28]
1000314c:	9806      	ldr	r0, [sp, #24]
1000314e:	f7ff fbe3 	bl	10002918 <_out_rev>
10003152:	e0ff      	b.n	10003354 <_ftoa+0x2c8>
10003154:	2304      	movs	r3, #4
10003156:	9a22      	ldr	r2, [sp, #136]	; 0x88
10003158:	401a      	ands	r2, r3
1000315a:	9922      	ldr	r1, [sp, #136]	; 0x88
1000315c:	420b      	tst	r3, r1
1000315e:	d010      	beq.n	10003182 <_ftoa+0xf6>
10003160:	4b9b      	ldr	r3, [pc, #620]	; (100033d0 <_ftoa+0x344>)
10003162:	2a00      	cmp	r2, #0
10003164:	d00f      	beq.n	10003186 <_ftoa+0xfa>
10003166:	2204      	movs	r2, #4
10003168:	9922      	ldr	r1, [sp, #136]	; 0x88
1000316a:	9103      	str	r1, [sp, #12]
1000316c:	9921      	ldr	r1, [sp, #132]	; 0x84
1000316e:	9102      	str	r1, [sp, #8]
10003170:	9201      	str	r2, [sp, #4]
10003172:	9300      	str	r3, [sp, #0]
10003174:	464b      	mov	r3, r9
10003176:	465a      	mov	r2, fp
10003178:	9907      	ldr	r1, [sp, #28]
1000317a:	9806      	ldr	r0, [sp, #24]
1000317c:	f7ff fbcc 	bl	10002918 <_out_rev>
10003180:	e0e8      	b.n	10003354 <_ftoa+0x2c8>
10003182:	4b94      	ldr	r3, [pc, #592]	; (100033d4 <_ftoa+0x348>)
10003184:	e7ed      	b.n	10003162 <_ftoa+0xd6>
10003186:	2203      	movs	r2, #3
10003188:	e7ee      	b.n	10003168 <_ftoa+0xdc>
1000318a:	9b22      	ldr	r3, [sp, #136]	; 0x88
1000318c:	9304      	str	r3, [sp, #16]
1000318e:	9b21      	ldr	r3, [sp, #132]	; 0x84
10003190:	9303      	str	r3, [sp, #12]
10003192:	9702      	str	r7, [sp, #8]
10003194:	9b1e      	ldr	r3, [sp, #120]	; 0x78
10003196:	9c1f      	ldr	r4, [sp, #124]	; 0x7c
10003198:	9300      	str	r3, [sp, #0]
1000319a:	9401      	str	r4, [sp, #4]
1000319c:	464b      	mov	r3, r9
1000319e:	465a      	mov	r2, fp
100031a0:	9907      	ldr	r1, [sp, #28]
100031a2:	9806      	ldr	r0, [sp, #24]
100031a4:	f7ff fd68 	bl	10002c78 <_etoa>
100031a8:	e0d4      	b.n	10003354 <_ftoa+0x2c8>
100031aa:	9a1e      	ldr	r2, [sp, #120]	; 0x78
100031ac:	9b1f      	ldr	r3, [sp, #124]	; 0x7c
100031ae:	2000      	movs	r0, #0
100031b0:	2100      	movs	r1, #0
100031b2:	f000 fee2 	bl	10003f7a <__wrap___aeabi_dsub>
100031b6:	901e      	str	r0, [sp, #120]	; 0x78
100031b8:	911f      	str	r1, [sp, #124]	; 0x7c
100031ba:	2301      	movs	r3, #1
100031bc:	4698      	mov	r8, r3
100031be:	e7a5      	b.n	1000310c <_ftoa+0x80>
100031c0:	ab0c      	add	r3, sp, #48	; 0x30
100031c2:	2230      	movs	r2, #48	; 0x30
100031c4:	551a      	strb	r2, [r3, r4]
100031c6:	3f01      	subs	r7, #1
100031c8:	3401      	adds	r4, #1
100031ca:	2c1f      	cmp	r4, #31
100031cc:	d801      	bhi.n	100031d2 <_ftoa+0x146>
100031ce:	2f09      	cmp	r7, #9
100031d0:	d8f6      	bhi.n	100031c0 <_ftoa+0x134>
100031d2:	981e      	ldr	r0, [sp, #120]	; 0x78
100031d4:	991f      	ldr	r1, [sp, #124]	; 0x7c
100031d6:	f000 ff79 	bl	100040cc <__wrap___aeabi_d2iz>
100031da:	0005      	movs	r5, r0
100031dc:	f000 ff5e 	bl	1000409c <__wrap___aeabi_i2d>
100031e0:	0002      	movs	r2, r0
100031e2:	000b      	movs	r3, r1
100031e4:	981e      	ldr	r0, [sp, #120]	; 0x78
100031e6:	991f      	ldr	r1, [sp, #124]	; 0x7c
100031e8:	f000 fec7 	bl	10003f7a <__wrap___aeabi_dsub>
100031ec:	00fa      	lsls	r2, r7, #3
100031ee:	4b7a      	ldr	r3, [pc, #488]	; (100033d8 <_ftoa+0x34c>)
100031f0:	189b      	adds	r3, r3, r2
100031f2:	681a      	ldr	r2, [r3, #0]
100031f4:	685b      	ldr	r3, [r3, #4]
100031f6:	920a      	str	r2, [sp, #40]	; 0x28
100031f8:	930b      	str	r3, [sp, #44]	; 0x2c
100031fa:	f000 fee2 	bl	10003fc2 <__wrap___aeabi_dmul>
100031fe:	9008      	str	r0, [sp, #32]
10003200:	9109      	str	r1, [sp, #36]	; 0x24
10003202:	f000 ff87 	bl	10004114 <__wrap___aeabi_d2uiz>
10003206:	0006      	movs	r6, r0
10003208:	f000 ff44 	bl	10004094 <__wrap___aeabi_ui2d>
1000320c:	0002      	movs	r2, r0
1000320e:	000b      	movs	r3, r1
10003210:	9808      	ldr	r0, [sp, #32]
10003212:	9909      	ldr	r1, [sp, #36]	; 0x24
10003214:	f000 feb1 	bl	10003f7a <__wrap___aeabi_dsub>
10003218:	9008      	str	r0, [sp, #32]
1000321a:	9109      	str	r1, [sp, #36]	; 0x24
1000321c:	2200      	movs	r2, #0
1000321e:	4b6f      	ldr	r3, [pc, #444]	; (100033dc <_ftoa+0x350>)
10003220:	f000 ff24 	bl	1000406c <__wrap___aeabi_dcmpgt>
10003224:	2800      	cmp	r0, #0
10003226:	d02e      	beq.n	10003286 <_ftoa+0x1fa>
10003228:	3601      	adds	r6, #1
1000322a:	0030      	movs	r0, r6
1000322c:	f000 ff32 	bl	10004094 <__wrap___aeabi_ui2d>
10003230:	0002      	movs	r2, r0
10003232:	000b      	movs	r3, r1
10003234:	980a      	ldr	r0, [sp, #40]	; 0x28
10003236:	990b      	ldr	r1, [sp, #44]	; 0x2c
10003238:	f000 ff08 	bl	1000404c <__wrap___aeabi_dcmple>
1000323c:	2800      	cmp	r0, #0
1000323e:	d001      	beq.n	10003244 <_ftoa+0x1b8>
10003240:	3501      	adds	r5, #1
10003242:	2600      	movs	r6, #0
10003244:	2f00      	cmp	r7, #0
10003246:	d12c      	bne.n	100032a2 <_ftoa+0x216>
10003248:	0028      	movs	r0, r5
1000324a:	f000 ff27 	bl	1000409c <__wrap___aeabi_i2d>
1000324e:	0002      	movs	r2, r0
10003250:	000b      	movs	r3, r1
10003252:	981e      	ldr	r0, [sp, #120]	; 0x78
10003254:	991f      	ldr	r1, [sp, #124]	; 0x7c
10003256:	f000 fe90 	bl	10003f7a <__wrap___aeabi_dsub>
1000325a:	0006      	movs	r6, r0
1000325c:	000f      	movs	r7, r1
1000325e:	2200      	movs	r2, #0
10003260:	4b5e      	ldr	r3, [pc, #376]	; (100033dc <_ftoa+0x350>)
10003262:	f000 feed 	bl	10004040 <__wrap___aeabi_dcmplt>
10003266:	2800      	cmp	r0, #0
10003268:	d146      	bne.n	100032f8 <_ftoa+0x26c>
1000326a:	2200      	movs	r2, #0
1000326c:	4b5b      	ldr	r3, [pc, #364]	; (100033dc <_ftoa+0x350>)
1000326e:	0030      	movs	r0, r6
10003270:	0039      	movs	r1, r7
10003272:	f000 fefb 	bl	1000406c <__wrap___aeabi_dcmpgt>
10003276:	2800      	cmp	r0, #0
10003278:	d13e      	bne.n	100032f8 <_ftoa+0x26c>
1000327a:	07eb      	lsls	r3, r5, #31
1000327c:	d53c      	bpl.n	100032f8 <_ftoa+0x26c>
1000327e:	3501      	adds	r5, #1
10003280:	e03a      	b.n	100032f8 <_ftoa+0x26c>
10003282:	2706      	movs	r7, #6
10003284:	e746      	b.n	10003114 <_ftoa+0x88>
10003286:	2200      	movs	r2, #0
10003288:	4b54      	ldr	r3, [pc, #336]	; (100033dc <_ftoa+0x350>)
1000328a:	9808      	ldr	r0, [sp, #32]
1000328c:	9909      	ldr	r1, [sp, #36]	; 0x24
1000328e:	f000 fed7 	bl	10004040 <__wrap___aeabi_dcmplt>
10003292:	2800      	cmp	r0, #0
10003294:	d1d6      	bne.n	10003244 <_ftoa+0x1b8>
10003296:	2e00      	cmp	r6, #0
10003298:	d001      	beq.n	1000329e <_ftoa+0x212>
1000329a:	07f3      	lsls	r3, r6, #31
1000329c:	d5d2      	bpl.n	10003244 <_ftoa+0x1b8>
1000329e:	3601      	adds	r6, #1
100032a0:	e7d0      	b.n	10003244 <_ftoa+0x1b8>
100032a2:	46aa      	mov	sl, r5
100032a4:	2c1f      	cmp	r4, #31
100032a6:	d811      	bhi.n	100032cc <_ftoa+0x240>
100032a8:	3f01      	subs	r7, #1
100032aa:	210a      	movs	r1, #10
100032ac:	0030      	movs	r0, r6
100032ae:	f000 fc29 	bl	10003b04 <__wrap___aeabi_uidiv>
100032b2:	1c65      	adds	r5, r4, #1
100032b4:	3130      	adds	r1, #48	; 0x30
100032b6:	ab0c      	add	r3, sp, #48	; 0x30
100032b8:	5519      	strb	r1, [r3, r4]
100032ba:	210a      	movs	r1, #10
100032bc:	0030      	movs	r0, r6
100032be:	f000 fc21 	bl	10003b04 <__wrap___aeabi_uidiv>
100032c2:	2e09      	cmp	r6, #9
100032c4:	d90e      	bls.n	100032e4 <_ftoa+0x258>
100032c6:	0006      	movs	r6, r0
100032c8:	002c      	movs	r4, r5
100032ca:	e7eb      	b.n	100032a4 <_ftoa+0x218>
100032cc:	4655      	mov	r5, sl
100032ce:	2c1f      	cmp	r4, #31
100032d0:	d80c      	bhi.n	100032ec <_ftoa+0x260>
100032d2:	1e7b      	subs	r3, r7, #1
100032d4:	2f00      	cmp	r7, #0
100032d6:	d009      	beq.n	100032ec <_ftoa+0x260>
100032d8:	aa0c      	add	r2, sp, #48	; 0x30
100032da:	2130      	movs	r1, #48	; 0x30
100032dc:	5511      	strb	r1, [r2, r4]
100032de:	001f      	movs	r7, r3
100032e0:	3401      	adds	r4, #1
100032e2:	e7f4      	b.n	100032ce <_ftoa+0x242>
100032e4:	002b      	movs	r3, r5
100032e6:	4655      	mov	r5, sl
100032e8:	001c      	movs	r4, r3
100032ea:	e7f0      	b.n	100032ce <_ftoa+0x242>
100032ec:	2c1f      	cmp	r4, #31
100032ee:	d803      	bhi.n	100032f8 <_ftoa+0x26c>
100032f0:	ab0c      	add	r3, sp, #48	; 0x30
100032f2:	222e      	movs	r2, #46	; 0x2e
100032f4:	551a      	strb	r2, [r3, r4]
100032f6:	3401      	adds	r4, #1
100032f8:	2c1f      	cmp	r4, #31
100032fa:	d810      	bhi.n	1000331e <_ftoa+0x292>
100032fc:	210a      	movs	r1, #10
100032fe:	0028      	movs	r0, r5
10003300:	f000 fbd8 	bl	10003ab4 <__wrap___aeabi_idiv>
10003304:	1c66      	adds	r6, r4, #1
10003306:	3130      	adds	r1, #48	; 0x30
10003308:	ab0c      	add	r3, sp, #48	; 0x30
1000330a:	5519      	strb	r1, [r3, r4]
1000330c:	210a      	movs	r1, #10
1000330e:	0028      	movs	r0, r5
10003310:	f000 fbd0 	bl	10003ab4 <__wrap___aeabi_idiv>
10003314:	1e05      	subs	r5, r0, #0
10003316:	d001      	beq.n	1000331c <_ftoa+0x290>
10003318:	0034      	movs	r4, r6
1000331a:	e7ed      	b.n	100032f8 <_ftoa+0x26c>
1000331c:	0034      	movs	r4, r6
1000331e:	2303      	movs	r3, #3
10003320:	9a22      	ldr	r2, [sp, #136]	; 0x88
10003322:	4013      	ands	r3, r2
10003324:	2b01      	cmp	r3, #1
10003326:	d01c      	beq.n	10003362 <_ftoa+0x2d6>
10003328:	2c1f      	cmp	r4, #31
1000332a:	d806      	bhi.n	1000333a <_ftoa+0x2ae>
1000332c:	4643      	mov	r3, r8
1000332e:	2b00      	cmp	r3, #0
10003330:	d032      	beq.n	10003398 <_ftoa+0x30c>
10003332:	ab0c      	add	r3, sp, #48	; 0x30
10003334:	222d      	movs	r2, #45	; 0x2d
10003336:	551a      	strb	r2, [r3, r4]
10003338:	3401      	adds	r4, #1
1000333a:	9b22      	ldr	r3, [sp, #136]	; 0x88
1000333c:	9303      	str	r3, [sp, #12]
1000333e:	9b21      	ldr	r3, [sp, #132]	; 0x84
10003340:	9302      	str	r3, [sp, #8]
10003342:	9401      	str	r4, [sp, #4]
10003344:	ab0c      	add	r3, sp, #48	; 0x30
10003346:	9300      	str	r3, [sp, #0]
10003348:	464b      	mov	r3, r9
1000334a:	465a      	mov	r2, fp
1000334c:	9907      	ldr	r1, [sp, #28]
1000334e:	9806      	ldr	r0, [sp, #24]
10003350:	f7ff fae2 	bl	10002918 <_out_rev>
10003354:	b015      	add	sp, #84	; 0x54
10003356:	bcf0      	pop	{r4, r5, r6, r7}
10003358:	46bb      	mov	fp, r7
1000335a:	46b2      	mov	sl, r6
1000335c:	46a9      	mov	r9, r5
1000335e:	46a0      	mov	r8, r4
10003360:	bdf0      	pop	{r4, r5, r6, r7, pc}
10003362:	9b21      	ldr	r3, [sp, #132]	; 0x84
10003364:	2b00      	cmp	r3, #0
10003366:	d013      	beq.n	10003390 <_ftoa+0x304>
10003368:	4643      	mov	r3, r8
1000336a:	2b00      	cmp	r3, #0
1000336c:	d102      	bne.n	10003374 <_ftoa+0x2e8>
1000336e:	330c      	adds	r3, #12
10003370:	4213      	tst	r3, r2
10003372:	d00f      	beq.n	10003394 <_ftoa+0x308>
10003374:	9b21      	ldr	r3, [sp, #132]	; 0x84
10003376:	3b01      	subs	r3, #1
10003378:	9321      	str	r3, [sp, #132]	; 0x84
1000337a:	0019      	movs	r1, r3
1000337c:	e003      	b.n	10003386 <_ftoa+0x2fa>
1000337e:	ab0c      	add	r3, sp, #48	; 0x30
10003380:	2230      	movs	r2, #48	; 0x30
10003382:	551a      	strb	r2, [r3, r4]
10003384:	3401      	adds	r4, #1
10003386:	428c      	cmp	r4, r1
10003388:	d2ce      	bcs.n	10003328 <_ftoa+0x29c>
1000338a:	2c1f      	cmp	r4, #31
1000338c:	d9f7      	bls.n	1000337e <_ftoa+0x2f2>
1000338e:	e7cb      	b.n	10003328 <_ftoa+0x29c>
10003390:	9921      	ldr	r1, [sp, #132]	; 0x84
10003392:	e7f8      	b.n	10003386 <_ftoa+0x2fa>
10003394:	9921      	ldr	r1, [sp, #132]	; 0x84
10003396:	e7f6      	b.n	10003386 <_ftoa+0x2fa>
10003398:	9b22      	ldr	r3, [sp, #136]	; 0x88
1000339a:	075b      	lsls	r3, r3, #29
1000339c:	d504      	bpl.n	100033a8 <_ftoa+0x31c>
1000339e:	ab0c      	add	r3, sp, #48	; 0x30
100033a0:	222b      	movs	r2, #43	; 0x2b
100033a2:	551a      	strb	r2, [r3, r4]
100033a4:	3401      	adds	r4, #1
100033a6:	e7c8      	b.n	1000333a <_ftoa+0x2ae>
100033a8:	9b22      	ldr	r3, [sp, #136]	; 0x88
100033aa:	071b      	lsls	r3, r3, #28
100033ac:	d5c5      	bpl.n	1000333a <_ftoa+0x2ae>
100033ae:	ab0c      	add	r3, sp, #48	; 0x30
100033b0:	2220      	movs	r2, #32
100033b2:	551a      	strb	r2, [r3, r4]
100033b4:	3401      	adds	r4, #1
100033b6:	e7c0      	b.n	1000333a <_ftoa+0x2ae>
100033b8:	ffefffff 	.word	0xffefffff
100033bc:	7fefffff 	.word	0x7fefffff
100033c0:	41cdcd65 	.word	0x41cdcd65
100033c4:	c1cdcd65 	.word	0xc1cdcd65
100033c8:	100058a0 	.word	0x100058a0
100033cc:	100058a4 	.word	0x100058a4
100033d0:	10005898 	.word	0x10005898
100033d4:	10005894 	.word	0x10005894
100033d8:	10005a90 	.word	0x10005a90
100033dc:	3fe00000 	.word	0x3fe00000

100033e0 <_vsnprintf>:
100033e0:	b5f0      	push	{r4, r5, r6, r7, lr}
100033e2:	46de      	mov	lr, fp
100033e4:	4657      	mov	r7, sl
100033e6:	464e      	mov	r6, r9
100033e8:	4645      	mov	r5, r8
100033ea:	b5e0      	push	{r5, r6, r7, lr}
100033ec:	b093      	sub	sp, #76	; 0x4c
100033ee:	4682      	mov	sl, r0
100033f0:	468b      	mov	fp, r1
100033f2:	4690      	mov	r8, r2
100033f4:	9311      	str	r3, [sp, #68]	; 0x44
100033f6:	2900      	cmp	r1, #0
100033f8:	d100      	bne.n	100033fc <_vsnprintf+0x1c>
100033fa:	e2eb      	b.n	100039d4 <_vsnprintf+0x5f4>
100033fc:	2700      	movs	r7, #0
100033fe:	4655      	mov	r5, sl
10003400:	9b11      	ldr	r3, [sp, #68]	; 0x44
10003402:	7818      	ldrb	r0, [r3, #0]
10003404:	2800      	cmp	r0, #0
10003406:	d100      	bne.n	1000340a <_vsnprintf+0x2a>
10003408:	e2e7      	b.n	100039da <_vsnprintf+0x5fa>
1000340a:	2825      	cmp	r0, #37	; 0x25
1000340c:	d009      	beq.n	10003422 <_vsnprintf+0x42>
1000340e:	1c7c      	adds	r4, r7, #1
10003410:	4643      	mov	r3, r8
10003412:	003a      	movs	r2, r7
10003414:	4659      	mov	r1, fp
10003416:	47a8      	blx	r5
10003418:	9b11      	ldr	r3, [sp, #68]	; 0x44
1000341a:	3301      	adds	r3, #1
1000341c:	9311      	str	r3, [sp, #68]	; 0x44
1000341e:	0027      	movs	r7, r4
10003420:	e7ee      	b.n	10003400 <_vsnprintf+0x20>
10003422:	3301      	adds	r3, #1
10003424:	9311      	str	r3, [sp, #68]	; 0x44
10003426:	2400      	movs	r4, #0
10003428:	9a11      	ldr	r2, [sp, #68]	; 0x44
1000342a:	7811      	ldrb	r1, [r2, #0]
1000342c:	000b      	movs	r3, r1
1000342e:	3b20      	subs	r3, #32
10003430:	b2d8      	uxtb	r0, r3
10003432:	2810      	cmp	r0, #16
10003434:	d803      	bhi.n	1000343e <_vsnprintf+0x5e>
10003436:	0083      	lsls	r3, r0, #2
10003438:	48d0      	ldr	r0, [pc, #832]	; (1000377c <_vsnprintf+0x39c>)
1000343a:	58c3      	ldr	r3, [r0, r3]
1000343c:	469f      	mov	pc, r3
1000343e:	000b      	movs	r3, r1
10003440:	3b30      	subs	r3, #48	; 0x30
10003442:	b2db      	uxtb	r3, r3
10003444:	2b09      	cmp	r3, #9
10003446:	d92c      	bls.n	100034a2 <_vsnprintf+0xc2>
10003448:	292a      	cmp	r1, #42	; 0x2a
1000344a:	d02f      	beq.n	100034ac <_vsnprintf+0xcc>
1000344c:	2300      	movs	r3, #0
1000344e:	930a      	str	r3, [sp, #40]	; 0x28
10003450:	9b11      	ldr	r3, [sp, #68]	; 0x44
10003452:	781a      	ldrb	r2, [r3, #0]
10003454:	2a2e      	cmp	r2, #46	; 0x2e
10003456:	d039      	beq.n	100034cc <_vsnprintf+0xec>
10003458:	2300      	movs	r3, #0
1000345a:	469a      	mov	sl, r3
1000345c:	9a11      	ldr	r2, [sp, #68]	; 0x44
1000345e:	7813      	ldrb	r3, [r2, #0]
10003460:	3b68      	subs	r3, #104	; 0x68
10003462:	b2d9      	uxtb	r1, r3
10003464:	2912      	cmp	r1, #18
10003466:	d876      	bhi.n	10003556 <_vsnprintf+0x176>
10003468:	008b      	lsls	r3, r1, #2
1000346a:	49c5      	ldr	r1, [pc, #788]	; (10003780 <_vsnprintf+0x3a0>)
1000346c:	58cb      	ldr	r3, [r1, r3]
1000346e:	469f      	mov	pc, r3
10003470:	2301      	movs	r3, #1
10003472:	431c      	orrs	r4, r3
10003474:	3201      	adds	r2, #1
10003476:	9211      	str	r2, [sp, #68]	; 0x44
10003478:	e7d6      	b.n	10003428 <_vsnprintf+0x48>
1000347a:	2302      	movs	r3, #2
1000347c:	431c      	orrs	r4, r3
1000347e:	3201      	adds	r2, #1
10003480:	9211      	str	r2, [sp, #68]	; 0x44
10003482:	e7d1      	b.n	10003428 <_vsnprintf+0x48>
10003484:	2304      	movs	r3, #4
10003486:	431c      	orrs	r4, r3
10003488:	3201      	adds	r2, #1
1000348a:	9211      	str	r2, [sp, #68]	; 0x44
1000348c:	e7cc      	b.n	10003428 <_vsnprintf+0x48>
1000348e:	2308      	movs	r3, #8
10003490:	431c      	orrs	r4, r3
10003492:	3201      	adds	r2, #1
10003494:	9211      	str	r2, [sp, #68]	; 0x44
10003496:	e7c7      	b.n	10003428 <_vsnprintf+0x48>
10003498:	2310      	movs	r3, #16
1000349a:	431c      	orrs	r4, r3
1000349c:	3201      	adds	r2, #1
1000349e:	9211      	str	r2, [sp, #68]	; 0x44
100034a0:	e7c2      	b.n	10003428 <_vsnprintf+0x48>
100034a2:	a811      	add	r0, sp, #68	; 0x44
100034a4:	f7ff fa26 	bl	100028f4 <_atoi>
100034a8:	900a      	str	r0, [sp, #40]	; 0x28
100034aa:	e7d1      	b.n	10003450 <_vsnprintf+0x70>
100034ac:	9b1c      	ldr	r3, [sp, #112]	; 0x70
100034ae:	1d1a      	adds	r2, r3, #4
100034b0:	921c      	str	r2, [sp, #112]	; 0x70
100034b2:	6818      	ldr	r0, [r3, #0]
100034b4:	2800      	cmp	r0, #0
100034b6:	db04      	blt.n	100034c2 <_vsnprintf+0xe2>
100034b8:	900a      	str	r0, [sp, #40]	; 0x28
100034ba:	9b11      	ldr	r3, [sp, #68]	; 0x44
100034bc:	3301      	adds	r3, #1
100034be:	9311      	str	r3, [sp, #68]	; 0x44
100034c0:	e7c6      	b.n	10003450 <_vsnprintf+0x70>
100034c2:	2302      	movs	r3, #2
100034c4:	431c      	orrs	r4, r3
100034c6:	4243      	negs	r3, r0
100034c8:	930a      	str	r3, [sp, #40]	; 0x28
100034ca:	e7f6      	b.n	100034ba <_vsnprintf+0xda>
100034cc:	2280      	movs	r2, #128	; 0x80
100034ce:	00d2      	lsls	r2, r2, #3
100034d0:	4314      	orrs	r4, r2
100034d2:	1c5a      	adds	r2, r3, #1
100034d4:	9211      	str	r2, [sp, #68]	; 0x44
100034d6:	785a      	ldrb	r2, [r3, #1]
100034d8:	0013      	movs	r3, r2
100034da:	3b30      	subs	r3, #48	; 0x30
100034dc:	b2db      	uxtb	r3, r3
100034de:	2b09      	cmp	r3, #9
100034e0:	d904      	bls.n	100034ec <_vsnprintf+0x10c>
100034e2:	2a2a      	cmp	r2, #42	; 0x2a
100034e4:	d007      	beq.n	100034f6 <_vsnprintf+0x116>
100034e6:	2300      	movs	r3, #0
100034e8:	469a      	mov	sl, r3
100034ea:	e7b7      	b.n	1000345c <_vsnprintf+0x7c>
100034ec:	a811      	add	r0, sp, #68	; 0x44
100034ee:	f7ff fa01 	bl	100028f4 <_atoi>
100034f2:	4682      	mov	sl, r0
100034f4:	e7b2      	b.n	1000345c <_vsnprintf+0x7c>
100034f6:	9b1c      	ldr	r3, [sp, #112]	; 0x70
100034f8:	1d1a      	adds	r2, r3, #4
100034fa:	921c      	str	r2, [sp, #112]	; 0x70
100034fc:	6818      	ldr	r0, [r3, #0]
100034fe:	2800      	cmp	r0, #0
10003500:	db04      	blt.n	1000350c <_vsnprintf+0x12c>
10003502:	4682      	mov	sl, r0
10003504:	9b11      	ldr	r3, [sp, #68]	; 0x44
10003506:	3301      	adds	r3, #1
10003508:	9311      	str	r3, [sp, #68]	; 0x44
1000350a:	e7a7      	b.n	1000345c <_vsnprintf+0x7c>
1000350c:	2000      	movs	r0, #0
1000350e:	e7f8      	b.n	10003502 <_vsnprintf+0x122>
10003510:	2380      	movs	r3, #128	; 0x80
10003512:	005b      	lsls	r3, r3, #1
10003514:	4323      	orrs	r3, r4
10003516:	1c51      	adds	r1, r2, #1
10003518:	9111      	str	r1, [sp, #68]	; 0x44
1000351a:	7852      	ldrb	r2, [r2, #1]
1000351c:	2a6c      	cmp	r2, #108	; 0x6c
1000351e:	d001      	beq.n	10003524 <_vsnprintf+0x144>
10003520:	001c      	movs	r4, r3
10003522:	e018      	b.n	10003556 <_vsnprintf+0x176>
10003524:	23c0      	movs	r3, #192	; 0xc0
10003526:	009b      	lsls	r3, r3, #2
10003528:	431c      	orrs	r4, r3
1000352a:	3101      	adds	r1, #1
1000352c:	9111      	str	r1, [sp, #68]	; 0x44
1000352e:	e012      	b.n	10003556 <_vsnprintf+0x176>
10003530:	2380      	movs	r3, #128	; 0x80
10003532:	4323      	orrs	r3, r4
10003534:	1c51      	adds	r1, r2, #1
10003536:	9111      	str	r1, [sp, #68]	; 0x44
10003538:	7852      	ldrb	r2, [r2, #1]
1000353a:	2a68      	cmp	r2, #104	; 0x68
1000353c:	d001      	beq.n	10003542 <_vsnprintf+0x162>
1000353e:	001c      	movs	r4, r3
10003540:	e009      	b.n	10003556 <_vsnprintf+0x176>
10003542:	23c0      	movs	r3, #192	; 0xc0
10003544:	431c      	orrs	r4, r3
10003546:	3101      	adds	r1, #1
10003548:	9111      	str	r1, [sp, #68]	; 0x44
1000354a:	e004      	b.n	10003556 <_vsnprintf+0x176>
1000354c:	2380      	movs	r3, #128	; 0x80
1000354e:	005b      	lsls	r3, r3, #1
10003550:	431c      	orrs	r4, r3
10003552:	3201      	adds	r2, #1
10003554:	9211      	str	r2, [sp, #68]	; 0x44
10003556:	9b11      	ldr	r3, [sp, #68]	; 0x44
10003558:	7818      	ldrb	r0, [r3, #0]
1000355a:	0003      	movs	r3, r0
1000355c:	3b25      	subs	r3, #37	; 0x25
1000355e:	b2da      	uxtb	r2, r3
10003560:	2a53      	cmp	r2, #83	; 0x53
10003562:	d900      	bls.n	10003566 <_vsnprintf+0x186>
10003564:	e22c      	b.n	100039c0 <_vsnprintf+0x5e0>
10003566:	0093      	lsls	r3, r2, #2
10003568:	4a86      	ldr	r2, [pc, #536]	; (10003784 <_vsnprintf+0x3a4>)
1000356a:	58d3      	ldr	r3, [r2, r3]
1000356c:	469f      	mov	pc, r3
1000356e:	2380      	movs	r3, #128	; 0x80
10003570:	009b      	lsls	r3, r3, #2
10003572:	431c      	orrs	r4, r3
10003574:	3201      	adds	r2, #1
10003576:	9211      	str	r2, [sp, #68]	; 0x44
10003578:	e7ed      	b.n	10003556 <_vsnprintf+0x176>
1000357a:	2380      	movs	r3, #128	; 0x80
1000357c:	005b      	lsls	r3, r3, #1
1000357e:	431c      	orrs	r4, r3
10003580:	3201      	adds	r2, #1
10003582:	9211      	str	r2, [sp, #68]	; 0x44
10003584:	e7e7      	b.n	10003556 <_vsnprintf+0x176>
10003586:	2878      	cmp	r0, #120	; 0x78
10003588:	d009      	beq.n	1000359e <_vsnprintf+0x1be>
1000358a:	2858      	cmp	r0, #88	; 0x58
1000358c:	d038      	beq.n	10003600 <_vsnprintf+0x220>
1000358e:	286f      	cmp	r0, #111	; 0x6f
10003590:	d038      	beq.n	10003604 <_vsnprintf+0x224>
10003592:	2862      	cmp	r0, #98	; 0x62
10003594:	d038      	beq.n	10003608 <_vsnprintf+0x228>
10003596:	2310      	movs	r3, #16
10003598:	439c      	bics	r4, r3
1000359a:	260a      	movs	r6, #10
1000359c:	e000      	b.n	100035a0 <_vsnprintf+0x1c0>
1000359e:	2610      	movs	r6, #16
100035a0:	2858      	cmp	r0, #88	; 0x58
100035a2:	d033      	beq.n	1000360c <_vsnprintf+0x22c>
100035a4:	2869      	cmp	r0, #105	; 0x69
100035a6:	d003      	beq.n	100035b0 <_vsnprintf+0x1d0>
100035a8:	2864      	cmp	r0, #100	; 0x64
100035aa:	d001      	beq.n	100035b0 <_vsnprintf+0x1d0>
100035ac:	220c      	movs	r2, #12
100035ae:	4394      	bics	r4, r2
100035b0:	0563      	lsls	r3, r4, #21
100035b2:	d501      	bpl.n	100035b8 <_vsnprintf+0x1d8>
100035b4:	2201      	movs	r2, #1
100035b6:	4394      	bics	r4, r2
100035b8:	2869      	cmp	r0, #105	; 0x69
100035ba:	d02a      	beq.n	10003612 <_vsnprintf+0x232>
100035bc:	2864      	cmp	r0, #100	; 0x64
100035be:	d028      	beq.n	10003612 <_vsnprintf+0x232>
100035c0:	05a3      	lsls	r3, r4, #22
100035c2:	d500      	bpl.n	100035c6 <_vsnprintf+0x1e6>
100035c4:	e09f      	b.n	10003706 <_vsnprintf+0x326>
100035c6:	05e3      	lsls	r3, r4, #23
100035c8:	d500      	bpl.n	100035cc <_vsnprintf+0x1ec>
100035ca:	e0b8      	b.n	1000373e <_vsnprintf+0x35e>
100035cc:	0663      	lsls	r3, r4, #25
100035ce:	d400      	bmi.n	100035d2 <_vsnprintf+0x1f2>
100035d0:	e0ca      	b.n	10003768 <_vsnprintf+0x388>
100035d2:	9a1c      	ldr	r2, [sp, #112]	; 0x70
100035d4:	1d11      	adds	r1, r2, #4
100035d6:	911c      	str	r1, [sp, #112]	; 0x70
100035d8:	6811      	ldr	r1, [r2, #0]
100035da:	22ff      	movs	r2, #255	; 0xff
100035dc:	400a      	ands	r2, r1
100035de:	9405      	str	r4, [sp, #20]
100035e0:	9b0a      	ldr	r3, [sp, #40]	; 0x28
100035e2:	9304      	str	r3, [sp, #16]
100035e4:	4653      	mov	r3, sl
100035e6:	9303      	str	r3, [sp, #12]
100035e8:	9602      	str	r6, [sp, #8]
100035ea:	2300      	movs	r3, #0
100035ec:	9301      	str	r3, [sp, #4]
100035ee:	9200      	str	r2, [sp, #0]
100035f0:	4643      	mov	r3, r8
100035f2:	003a      	movs	r2, r7
100035f4:	4659      	mov	r1, fp
100035f6:	0028      	movs	r0, r5
100035f8:	f7ff fa6e 	bl	10002ad8 <_ntoa_long>
100035fc:	0007      	movs	r7, r0
100035fe:	e027      	b.n	10003650 <_vsnprintf+0x270>
10003600:	2610      	movs	r6, #16
10003602:	e7cd      	b.n	100035a0 <_vsnprintf+0x1c0>
10003604:	2608      	movs	r6, #8
10003606:	e7cb      	b.n	100035a0 <_vsnprintf+0x1c0>
10003608:	2602      	movs	r6, #2
1000360a:	e7c9      	b.n	100035a0 <_vsnprintf+0x1c0>
1000360c:	2220      	movs	r2, #32
1000360e:	4314      	orrs	r4, r2
10003610:	e7c8      	b.n	100035a4 <_vsnprintf+0x1c4>
10003612:	05a3      	lsls	r3, r4, #22
10003614:	d420      	bmi.n	10003658 <_vsnprintf+0x278>
10003616:	05e3      	lsls	r3, r4, #23
10003618:	d450      	bmi.n	100036bc <_vsnprintf+0x2dc>
1000361a:	0663      	lsls	r3, r4, #25
1000361c:	d566      	bpl.n	100036ec <_vsnprintf+0x30c>
1000361e:	9a1c      	ldr	r2, [sp, #112]	; 0x70
10003620:	1d11      	adds	r1, r2, #4
10003622:	911c      	str	r1, [sp, #112]	; 0x70
10003624:	6811      	ldr	r1, [r2, #0]
10003626:	22ff      	movs	r2, #255	; 0xff
10003628:	400a      	ands	r2, r1
1000362a:	17d3      	asrs	r3, r2, #31
1000362c:	18d1      	adds	r1, r2, r3
1000362e:	4059      	eors	r1, r3
10003630:	9405      	str	r4, [sp, #20]
10003632:	9b0a      	ldr	r3, [sp, #40]	; 0x28
10003634:	9304      	str	r3, [sp, #16]
10003636:	4653      	mov	r3, sl
10003638:	9303      	str	r3, [sp, #12]
1000363a:	9602      	str	r6, [sp, #8]
1000363c:	0fd2      	lsrs	r2, r2, #31
1000363e:	9201      	str	r2, [sp, #4]
10003640:	9100      	str	r1, [sp, #0]
10003642:	4643      	mov	r3, r8
10003644:	003a      	movs	r2, r7
10003646:	4659      	mov	r1, fp
10003648:	0028      	movs	r0, r5
1000364a:	f7ff fa45 	bl	10002ad8 <_ntoa_long>
1000364e:	0007      	movs	r7, r0
10003650:	9b11      	ldr	r3, [sp, #68]	; 0x44
10003652:	3301      	adds	r3, #1
10003654:	9311      	str	r3, [sp, #68]	; 0x44
10003656:	e6d3      	b.n	10003400 <_vsnprintf+0x20>
10003658:	9b1c      	ldr	r3, [sp, #112]	; 0x70
1000365a:	1dda      	adds	r2, r3, #7
1000365c:	2107      	movs	r1, #7
1000365e:	438a      	bics	r2, r1
10003660:	0011      	movs	r1, r2
10003662:	3108      	adds	r1, #8
10003664:	911c      	str	r1, [sp, #112]	; 0x70
10003666:	6811      	ldr	r1, [r2, #0]
10003668:	6853      	ldr	r3, [r2, #4]
1000366a:	469c      	mov	ip, r3
1000366c:	17db      	asrs	r3, r3, #31
1000366e:	930c      	str	r3, [sp, #48]	; 0x30
10003670:	930d      	str	r3, [sp, #52]	; 0x34
10003672:	9a0c      	ldr	r2, [sp, #48]	; 0x30
10003674:	9b0d      	ldr	r3, [sp, #52]	; 0x34
10003676:	0010      	movs	r0, r2
10003678:	4048      	eors	r0, r1
1000367a:	900e      	str	r0, [sp, #56]	; 0x38
1000367c:	4662      	mov	r2, ip
1000367e:	4053      	eors	r3, r2
10003680:	930f      	str	r3, [sp, #60]	; 0x3c
10003682:	980e      	ldr	r0, [sp, #56]	; 0x38
10003684:	990f      	ldr	r1, [sp, #60]	; 0x3c
10003686:	9a0c      	ldr	r2, [sp, #48]	; 0x30
10003688:	9b0d      	ldr	r3, [sp, #52]	; 0x34
1000368a:	1a80      	subs	r0, r0, r2
1000368c:	4199      	sbcs	r1, r3
1000368e:	900e      	str	r0, [sp, #56]	; 0x38
10003690:	910f      	str	r1, [sp, #60]	; 0x3c
10003692:	9408      	str	r4, [sp, #32]
10003694:	9b0a      	ldr	r3, [sp, #40]	; 0x28
10003696:	9307      	str	r3, [sp, #28]
10003698:	4653      	mov	r3, sl
1000369a:	9306      	str	r3, [sp, #24]
1000369c:	9604      	str	r6, [sp, #16]
1000369e:	2300      	movs	r3, #0
100036a0:	9305      	str	r3, [sp, #20]
100036a2:	4663      	mov	r3, ip
100036a4:	0fda      	lsrs	r2, r3, #31
100036a6:	9202      	str	r2, [sp, #8]
100036a8:	9000      	str	r0, [sp, #0]
100036aa:	9101      	str	r1, [sp, #4]
100036ac:	4643      	mov	r3, r8
100036ae:	003a      	movs	r2, r7
100036b0:	4659      	mov	r1, fp
100036b2:	0028      	movs	r0, r5
100036b4:	f7ff fa6e 	bl	10002b94 <_ntoa_long_long>
100036b8:	0007      	movs	r7, r0
100036ba:	e7c9      	b.n	10003650 <_vsnprintf+0x270>
100036bc:	9a1c      	ldr	r2, [sp, #112]	; 0x70
100036be:	1d11      	adds	r1, r2, #4
100036c0:	911c      	str	r1, [sp, #112]	; 0x70
100036c2:	6812      	ldr	r2, [r2, #0]
100036c4:	17d3      	asrs	r3, r2, #31
100036c6:	18d1      	adds	r1, r2, r3
100036c8:	4059      	eors	r1, r3
100036ca:	9405      	str	r4, [sp, #20]
100036cc:	9b0a      	ldr	r3, [sp, #40]	; 0x28
100036ce:	9304      	str	r3, [sp, #16]
100036d0:	4653      	mov	r3, sl
100036d2:	9303      	str	r3, [sp, #12]
100036d4:	9602      	str	r6, [sp, #8]
100036d6:	0fd2      	lsrs	r2, r2, #31
100036d8:	9201      	str	r2, [sp, #4]
100036da:	9100      	str	r1, [sp, #0]
100036dc:	4643      	mov	r3, r8
100036de:	003a      	movs	r2, r7
100036e0:	4659      	mov	r1, fp
100036e2:	0028      	movs	r0, r5
100036e4:	f7ff f9f8 	bl	10002ad8 <_ntoa_long>
100036e8:	0007      	movs	r7, r0
100036ea:	e7b1      	b.n	10003650 <_vsnprintf+0x270>
100036ec:	0623      	lsls	r3, r4, #24
100036ee:	d505      	bpl.n	100036fc <_vsnprintf+0x31c>
100036f0:	9a1c      	ldr	r2, [sp, #112]	; 0x70
100036f2:	1d11      	adds	r1, r2, #4
100036f4:	911c      	str	r1, [sp, #112]	; 0x70
100036f6:	2300      	movs	r3, #0
100036f8:	5ed2      	ldrsh	r2, [r2, r3]
100036fa:	e796      	b.n	1000362a <_vsnprintf+0x24a>
100036fc:	9a1c      	ldr	r2, [sp, #112]	; 0x70
100036fe:	1d11      	adds	r1, r2, #4
10003700:	911c      	str	r1, [sp, #112]	; 0x70
10003702:	6812      	ldr	r2, [r2, #0]
10003704:	e791      	b.n	1000362a <_vsnprintf+0x24a>
10003706:	9b1c      	ldr	r3, [sp, #112]	; 0x70
10003708:	1dda      	adds	r2, r3, #7
1000370a:	2107      	movs	r1, #7
1000370c:	438a      	bics	r2, r1
1000370e:	0011      	movs	r1, r2
10003710:	3108      	adds	r1, #8
10003712:	911c      	str	r1, [sp, #112]	; 0x70
10003714:	9408      	str	r4, [sp, #32]
10003716:	9b0a      	ldr	r3, [sp, #40]	; 0x28
10003718:	9307      	str	r3, [sp, #28]
1000371a:	4653      	mov	r3, sl
1000371c:	9306      	str	r3, [sp, #24]
1000371e:	9604      	str	r6, [sp, #16]
10003720:	2300      	movs	r3, #0
10003722:	9305      	str	r3, [sp, #20]
10003724:	9302      	str	r3, [sp, #8]
10003726:	6813      	ldr	r3, [r2, #0]
10003728:	6854      	ldr	r4, [r2, #4]
1000372a:	9300      	str	r3, [sp, #0]
1000372c:	9401      	str	r4, [sp, #4]
1000372e:	4643      	mov	r3, r8
10003730:	003a      	movs	r2, r7
10003732:	4659      	mov	r1, fp
10003734:	0028      	movs	r0, r5
10003736:	f7ff fa2d 	bl	10002b94 <_ntoa_long_long>
1000373a:	0007      	movs	r7, r0
1000373c:	e788      	b.n	10003650 <_vsnprintf+0x270>
1000373e:	9a1c      	ldr	r2, [sp, #112]	; 0x70
10003740:	1d11      	adds	r1, r2, #4
10003742:	911c      	str	r1, [sp, #112]	; 0x70
10003744:	9405      	str	r4, [sp, #20]
10003746:	9b0a      	ldr	r3, [sp, #40]	; 0x28
10003748:	9304      	str	r3, [sp, #16]
1000374a:	4653      	mov	r3, sl
1000374c:	9303      	str	r3, [sp, #12]
1000374e:	9602      	str	r6, [sp, #8]
10003750:	2300      	movs	r3, #0
10003752:	9301      	str	r3, [sp, #4]
10003754:	6813      	ldr	r3, [r2, #0]
10003756:	9300      	str	r3, [sp, #0]
10003758:	4643      	mov	r3, r8
1000375a:	003a      	movs	r2, r7
1000375c:	4659      	mov	r1, fp
1000375e:	0028      	movs	r0, r5
10003760:	f7ff f9ba 	bl	10002ad8 <_ntoa_long>
10003764:	0007      	movs	r7, r0
10003766:	e773      	b.n	10003650 <_vsnprintf+0x270>
10003768:	0623      	lsls	r3, r4, #24
1000376a:	d50d      	bpl.n	10003788 <_vsnprintf+0x3a8>
1000376c:	9a1c      	ldr	r2, [sp, #112]	; 0x70
1000376e:	1d11      	adds	r1, r2, #4
10003770:	911c      	str	r1, [sp, #112]	; 0x70
10003772:	6812      	ldr	r2, [r2, #0]
10003774:	0412      	lsls	r2, r2, #16
10003776:	0c12      	lsrs	r2, r2, #16
10003778:	e731      	b.n	100035de <_vsnprintf+0x1fe>
1000377a:	46c0      	nop			; (mov r8, r8)
1000377c:	100058ac 	.word	0x100058ac
10003780:	100058f0 	.word	0x100058f0
10003784:	1000593c 	.word	0x1000593c
10003788:	9a1c      	ldr	r2, [sp, #112]	; 0x70
1000378a:	1d11      	adds	r1, r2, #4
1000378c:	911c      	str	r1, [sp, #112]	; 0x70
1000378e:	6812      	ldr	r2, [r2, #0]
10003790:	e725      	b.n	100035de <_vsnprintf+0x1fe>
10003792:	2846      	cmp	r0, #70	; 0x46
10003794:	d01a      	beq.n	100037cc <_vsnprintf+0x3ec>
10003796:	9b1c      	ldr	r3, [sp, #112]	; 0x70
10003798:	3307      	adds	r3, #7
1000379a:	2207      	movs	r2, #7
1000379c:	4393      	bics	r3, r2
1000379e:	001a      	movs	r2, r3
100037a0:	3208      	adds	r2, #8
100037a2:	921c      	str	r2, [sp, #112]	; 0x70
100037a4:	9404      	str	r4, [sp, #16]
100037a6:	9a0a      	ldr	r2, [sp, #40]	; 0x28
100037a8:	9203      	str	r2, [sp, #12]
100037aa:	4652      	mov	r2, sl
100037ac:	9202      	str	r2, [sp, #8]
100037ae:	685c      	ldr	r4, [r3, #4]
100037b0:	681b      	ldr	r3, [r3, #0]
100037b2:	9300      	str	r3, [sp, #0]
100037b4:	9401      	str	r4, [sp, #4]
100037b6:	4643      	mov	r3, r8
100037b8:	003a      	movs	r2, r7
100037ba:	4659      	mov	r1, fp
100037bc:	0028      	movs	r0, r5
100037be:	f7ff fc65 	bl	1000308c <_ftoa>
100037c2:	0007      	movs	r7, r0
100037c4:	9b11      	ldr	r3, [sp, #68]	; 0x44
100037c6:	3301      	adds	r3, #1
100037c8:	9311      	str	r3, [sp, #68]	; 0x44
100037ca:	e619      	b.n	10003400 <_vsnprintf+0x20>
100037cc:	2320      	movs	r3, #32
100037ce:	431c      	orrs	r4, r3
100037d0:	e7e1      	b.n	10003796 <_vsnprintf+0x3b6>
100037d2:	2867      	cmp	r0, #103	; 0x67
100037d4:	d001      	beq.n	100037da <_vsnprintf+0x3fa>
100037d6:	2847      	cmp	r0, #71	; 0x47
100037d8:	d102      	bne.n	100037e0 <_vsnprintf+0x400>
100037da:	2380      	movs	r3, #128	; 0x80
100037dc:	011b      	lsls	r3, r3, #4
100037de:	431c      	orrs	r4, r3
100037e0:	2845      	cmp	r0, #69	; 0x45
100037e2:	d001      	beq.n	100037e8 <_vsnprintf+0x408>
100037e4:	2847      	cmp	r0, #71	; 0x47
100037e6:	d101      	bne.n	100037ec <_vsnprintf+0x40c>
100037e8:	2320      	movs	r3, #32
100037ea:	431c      	orrs	r4, r3
100037ec:	9b1c      	ldr	r3, [sp, #112]	; 0x70
100037ee:	3307      	adds	r3, #7
100037f0:	2207      	movs	r2, #7
100037f2:	4393      	bics	r3, r2
100037f4:	001a      	movs	r2, r3
100037f6:	3208      	adds	r2, #8
100037f8:	921c      	str	r2, [sp, #112]	; 0x70
100037fa:	9404      	str	r4, [sp, #16]
100037fc:	9a0a      	ldr	r2, [sp, #40]	; 0x28
100037fe:	9203      	str	r2, [sp, #12]
10003800:	4652      	mov	r2, sl
10003802:	9202      	str	r2, [sp, #8]
10003804:	685c      	ldr	r4, [r3, #4]
10003806:	681b      	ldr	r3, [r3, #0]
10003808:	9300      	str	r3, [sp, #0]
1000380a:	9401      	str	r4, [sp, #4]
1000380c:	4643      	mov	r3, r8
1000380e:	003a      	movs	r2, r7
10003810:	4659      	mov	r1, fp
10003812:	0028      	movs	r0, r5
10003814:	f7ff fa30 	bl	10002c78 <_etoa>
10003818:	0007      	movs	r7, r0
1000381a:	9b11      	ldr	r3, [sp, #68]	; 0x44
1000381c:	3301      	adds	r3, #1
1000381e:	9311      	str	r3, [sp, #68]	; 0x44
10003820:	e5ee      	b.n	10003400 <_vsnprintf+0x20>
10003822:	2302      	movs	r3, #2
10003824:	001a      	movs	r2, r3
10003826:	4022      	ands	r2, r4
10003828:	4692      	mov	sl, r2
1000382a:	4223      	tst	r3, r4
1000382c:	d01f      	beq.n	1000386e <_vsnprintf+0x48e>
1000382e:	2401      	movs	r4, #1
10003830:	9b1c      	ldr	r3, [sp, #112]	; 0x70
10003832:	1d1a      	adds	r2, r3, #4
10003834:	921c      	str	r2, [sp, #112]	; 0x70
10003836:	1c7a      	adds	r2, r7, #1
10003838:	4691      	mov	r9, r2
1000383a:	7818      	ldrb	r0, [r3, #0]
1000383c:	4643      	mov	r3, r8
1000383e:	003a      	movs	r2, r7
10003840:	4659      	mov	r1, fp
10003842:	47a8      	blx	r5
10003844:	4653      	mov	r3, sl
10003846:	2b00      	cmp	r3, #0
10003848:	d116      	bne.n	10003878 <_vsnprintf+0x498>
1000384a:	9b11      	ldr	r3, [sp, #68]	; 0x44
1000384c:	3301      	adds	r3, #1
1000384e:	9311      	str	r3, [sp, #68]	; 0x44
10003850:	464f      	mov	r7, r9
10003852:	e5d5      	b.n	10003400 <_vsnprintf+0x20>
10003854:	1c56      	adds	r6, r2, #1
10003856:	4643      	mov	r3, r8
10003858:	4659      	mov	r1, fp
1000385a:	2020      	movs	r0, #32
1000385c:	47b8      	blx	r7
1000385e:	0023      	movs	r3, r4
10003860:	0032      	movs	r2, r6
10003862:	1c5c      	adds	r4, r3, #1
10003864:	429d      	cmp	r5, r3
10003866:	d8f5      	bhi.n	10003854 <_vsnprintf+0x474>
10003868:	003d      	movs	r5, r7
1000386a:	0017      	movs	r7, r2
1000386c:	e7e0      	b.n	10003830 <_vsnprintf+0x450>
1000386e:	2301      	movs	r3, #1
10003870:	003a      	movs	r2, r7
10003872:	002f      	movs	r7, r5
10003874:	9d0a      	ldr	r5, [sp, #40]	; 0x28
10003876:	e7f4      	b.n	10003862 <_vsnprintf+0x482>
10003878:	464a      	mov	r2, r9
1000387a:	46a9      	mov	r9, r5
1000387c:	9d0a      	ldr	r5, [sp, #40]	; 0x28
1000387e:	e006      	b.n	1000388e <_vsnprintf+0x4ae>
10003880:	1c57      	adds	r7, r2, #1
10003882:	4643      	mov	r3, r8
10003884:	4659      	mov	r1, fp
10003886:	2020      	movs	r0, #32
10003888:	47c8      	blx	r9
1000388a:	0034      	movs	r4, r6
1000388c:	003a      	movs	r2, r7
1000388e:	1c66      	adds	r6, r4, #1
10003890:	42a5      	cmp	r5, r4
10003892:	d8f5      	bhi.n	10003880 <_vsnprintf+0x4a0>
10003894:	464d      	mov	r5, r9
10003896:	4691      	mov	r9, r2
10003898:	e7d7      	b.n	1000384a <_vsnprintf+0x46a>
1000389a:	9b1c      	ldr	r3, [sp, #112]	; 0x70
1000389c:	1d1a      	adds	r2, r3, #4
1000389e:	921c      	str	r2, [sp, #112]	; 0x70
100038a0:	681b      	ldr	r3, [r3, #0]
100038a2:	4699      	mov	r9, r3
100038a4:	4653      	mov	r3, sl
100038a6:	2b00      	cmp	r3, #0
100038a8:	d100      	bne.n	100038ac <_vsnprintf+0x4cc>
100038aa:	3b01      	subs	r3, #1
100038ac:	464e      	mov	r6, r9
100038ae:	e001      	b.n	100038b4 <_vsnprintf+0x4d4>
100038b0:	3601      	adds	r6, #1
100038b2:	0013      	movs	r3, r2
100038b4:	7832      	ldrb	r2, [r6, #0]
100038b6:	2a00      	cmp	r2, #0
100038b8:	d002      	beq.n	100038c0 <_vsnprintf+0x4e0>
100038ba:	1e5a      	subs	r2, r3, #1
100038bc:	2b00      	cmp	r3, #0
100038be:	d1f7      	bne.n	100038b0 <_vsnprintf+0x4d0>
100038c0:	464b      	mov	r3, r9
100038c2:	1af2      	subs	r2, r6, r3
100038c4:	9210      	str	r2, [sp, #64]	; 0x40
100038c6:	2380      	movs	r3, #128	; 0x80
100038c8:	00db      	lsls	r3, r3, #3
100038ca:	0026      	movs	r6, r4
100038cc:	401e      	ands	r6, r3
100038ce:	421c      	tst	r4, r3
100038d0:	d003      	beq.n	100038da <_vsnprintf+0x4fa>
100038d2:	4552      	cmp	r2, sl
100038d4:	d901      	bls.n	100038da <_vsnprintf+0x4fa>
100038d6:	4653      	mov	r3, sl
100038d8:	9310      	str	r3, [sp, #64]	; 0x40
100038da:	2302      	movs	r3, #2
100038dc:	001a      	movs	r2, r3
100038de:	4022      	ands	r2, r4
100038e0:	920b      	str	r2, [sp, #44]	; 0x2c
100038e2:	4223      	tst	r3, r4
100038e4:	d005      	beq.n	100038f2 <_vsnprintf+0x512>
100038e6:	003a      	movs	r2, r7
100038e8:	0037      	movs	r7, r6
100038ea:	464c      	mov	r4, r9
100038ec:	46a9      	mov	r9, r5
100038ee:	4655      	mov	r5, sl
100038f0:	e020      	b.n	10003934 <_vsnprintf+0x554>
100038f2:	003a      	movs	r2, r7
100038f4:	9b10      	ldr	r3, [sp, #64]	; 0x40
100038f6:	465f      	mov	r7, fp
100038f8:	46b3      	mov	fp, r6
100038fa:	002e      	movs	r6, r5
100038fc:	e006      	b.n	1000390c <_vsnprintf+0x52c>
100038fe:	1c55      	adds	r5, r2, #1
10003900:	4643      	mov	r3, r8
10003902:	0039      	movs	r1, r7
10003904:	2020      	movs	r0, #32
10003906:	47b0      	blx	r6
10003908:	0023      	movs	r3, r4
1000390a:	002a      	movs	r2, r5
1000390c:	1c5c      	adds	r4, r3, #1
1000390e:	990a      	ldr	r1, [sp, #40]	; 0x28
10003910:	4299      	cmp	r1, r3
10003912:	d8f4      	bhi.n	100038fe <_vsnprintf+0x51e>
10003914:	0035      	movs	r5, r6
10003916:	465e      	mov	r6, fp
10003918:	46bb      	mov	fp, r7
1000391a:	9410      	str	r4, [sp, #64]	; 0x40
1000391c:	0037      	movs	r7, r6
1000391e:	464c      	mov	r4, r9
10003920:	46a9      	mov	r9, r5
10003922:	4655      	mov	r5, sl
10003924:	e006      	b.n	10003934 <_vsnprintf+0x554>
10003926:	001d      	movs	r5, r3
10003928:	3401      	adds	r4, #1
1000392a:	1c56      	adds	r6, r2, #1
1000392c:	4643      	mov	r3, r8
1000392e:	4659      	mov	r1, fp
10003930:	47c8      	blx	r9
10003932:	0032      	movs	r2, r6
10003934:	7820      	ldrb	r0, [r4, #0]
10003936:	2800      	cmp	r0, #0
10003938:	d004      	beq.n	10003944 <_vsnprintf+0x564>
1000393a:	2f00      	cmp	r7, #0
1000393c:	d0f4      	beq.n	10003928 <_vsnprintf+0x548>
1000393e:	1e6b      	subs	r3, r5, #1
10003940:	2d00      	cmp	r5, #0
10003942:	d1f0      	bne.n	10003926 <_vsnprintf+0x546>
10003944:	0017      	movs	r7, r2
10003946:	464d      	mov	r5, r9
10003948:	9b0b      	ldr	r3, [sp, #44]	; 0x2c
1000394a:	2b00      	cmp	r3, #0
1000394c:	d103      	bne.n	10003956 <_vsnprintf+0x576>
1000394e:	9b11      	ldr	r3, [sp, #68]	; 0x44
10003950:	3301      	adds	r3, #1
10003952:	9311      	str	r3, [sp, #68]	; 0x44
10003954:	e554      	b.n	10003400 <_vsnprintf+0x20>
10003956:	9f0a      	ldr	r7, [sp, #40]	; 0x28
10003958:	9b10      	ldr	r3, [sp, #64]	; 0x40
1000395a:	e006      	b.n	1000396a <_vsnprintf+0x58a>
1000395c:	1c56      	adds	r6, r2, #1
1000395e:	4643      	mov	r3, r8
10003960:	4659      	mov	r1, fp
10003962:	2020      	movs	r0, #32
10003964:	47a8      	blx	r5
10003966:	0023      	movs	r3, r4
10003968:	0032      	movs	r2, r6
1000396a:	1c5c      	adds	r4, r3, #1
1000396c:	429f      	cmp	r7, r3
1000396e:	d8f5      	bhi.n	1000395c <_vsnprintf+0x57c>
10003970:	0017      	movs	r7, r2
10003972:	e7ec      	b.n	1000394e <_vsnprintf+0x56e>
10003974:	2321      	movs	r3, #33	; 0x21
10003976:	431c      	orrs	r4, r3
10003978:	9b1c      	ldr	r3, [sp, #112]	; 0x70
1000397a:	1d1a      	adds	r2, r3, #4
1000397c:	921c      	str	r2, [sp, #112]	; 0x70
1000397e:	681b      	ldr	r3, [r3, #0]
10003980:	9300      	str	r3, [sp, #0]
10003982:	9405      	str	r4, [sp, #20]
10003984:	2308      	movs	r3, #8
10003986:	9304      	str	r3, [sp, #16]
10003988:	4653      	mov	r3, sl
1000398a:	9303      	str	r3, [sp, #12]
1000398c:	2310      	movs	r3, #16
1000398e:	9302      	str	r3, [sp, #8]
10003990:	2300      	movs	r3, #0
10003992:	9301      	str	r3, [sp, #4]
10003994:	4643      	mov	r3, r8
10003996:	003a      	movs	r2, r7
10003998:	4659      	mov	r1, fp
1000399a:	0028      	movs	r0, r5
1000399c:	f7ff f89c 	bl	10002ad8 <_ntoa_long>
100039a0:	0007      	movs	r7, r0
100039a2:	9b11      	ldr	r3, [sp, #68]	; 0x44
100039a4:	3301      	adds	r3, #1
100039a6:	9311      	str	r3, [sp, #68]	; 0x44
100039a8:	e52a      	b.n	10003400 <_vsnprintf+0x20>
100039aa:	1c7c      	adds	r4, r7, #1
100039ac:	4643      	mov	r3, r8
100039ae:	003a      	movs	r2, r7
100039b0:	4659      	mov	r1, fp
100039b2:	2025      	movs	r0, #37	; 0x25
100039b4:	47a8      	blx	r5
100039b6:	9b11      	ldr	r3, [sp, #68]	; 0x44
100039b8:	3301      	adds	r3, #1
100039ba:	9311      	str	r3, [sp, #68]	; 0x44
100039bc:	0027      	movs	r7, r4
100039be:	e51f      	b.n	10003400 <_vsnprintf+0x20>
100039c0:	1c7c      	adds	r4, r7, #1
100039c2:	4643      	mov	r3, r8
100039c4:	003a      	movs	r2, r7
100039c6:	4659      	mov	r1, fp
100039c8:	47a8      	blx	r5
100039ca:	9b11      	ldr	r3, [sp, #68]	; 0x44
100039cc:	3301      	adds	r3, #1
100039ce:	9311      	str	r3, [sp, #68]	; 0x44
100039d0:	0027      	movs	r7, r4
100039d2:	e515      	b.n	10003400 <_vsnprintf+0x20>
100039d4:	4b0a      	ldr	r3, [pc, #40]	; (10003a00 <_vsnprintf+0x620>)
100039d6:	469a      	mov	sl, r3
100039d8:	e510      	b.n	100033fc <_vsnprintf+0x1c>
100039da:	46aa      	mov	sl, r5
100039dc:	4547      	cmp	r7, r8
100039de:	d302      	bcc.n	100039e6 <_vsnprintf+0x606>
100039e0:	4643      	mov	r3, r8
100039e2:	1e5a      	subs	r2, r3, #1
100039e4:	e000      	b.n	100039e8 <_vsnprintf+0x608>
100039e6:	003a      	movs	r2, r7
100039e8:	4643      	mov	r3, r8
100039ea:	4659      	mov	r1, fp
100039ec:	2000      	movs	r0, #0
100039ee:	47d0      	blx	sl
100039f0:	0038      	movs	r0, r7
100039f2:	b013      	add	sp, #76	; 0x4c
100039f4:	bcf0      	pop	{r4, r5, r6, r7}
100039f6:	46bb      	mov	fp, r7
100039f8:	46b2      	mov	sl, r6
100039fa:	46a9      	mov	r9, r5
100039fc:	46a0      	mov	r8, r4
100039fe:	bdf0      	pop	{r4, r5, r6, r7, pc}
10003a00:	100028e5 	.word	0x100028e5

10003a04 <__wrap_snprintf>:
10003a04:	b40c      	push	{r2, r3}
10003a06:	b510      	push	{r4, lr}
10003a08:	b084      	sub	sp, #16
10003a0a:	000a      	movs	r2, r1
10003a0c:	ac06      	add	r4, sp, #24
10003a0e:	cc08      	ldmia	r4!, {r3}
10003a10:	9403      	str	r4, [sp, #12]
10003a12:	9400      	str	r4, [sp, #0]
10003a14:	0001      	movs	r1, r0
10003a16:	4804      	ldr	r0, [pc, #16]	; (10003a28 <__wrap_snprintf+0x24>)
10003a18:	f7ff fce2 	bl	100033e0 <_vsnprintf>
10003a1c:	b004      	add	sp, #16
10003a1e:	bc10      	pop	{r4}
10003a20:	bc08      	pop	{r3}
10003a22:	b002      	add	sp, #8
10003a24:	4718      	bx	r3
10003a26:	46c0      	nop			; (mov r8, r8)
10003a28:	100028dd 	.word	0x100028dd

10003a2c <vfctprintf>:
10003a2c:	b500      	push	{lr}
10003a2e:	b085      	sub	sp, #20
10003a30:	9002      	str	r0, [sp, #8]
10003a32:	9103      	str	r1, [sp, #12]
10003a34:	2101      	movs	r1, #1
10003a36:	9300      	str	r3, [sp, #0]
10003a38:	0013      	movs	r3, r2
10003a3a:	424a      	negs	r2, r1
10003a3c:	a902      	add	r1, sp, #8
10003a3e:	4802      	ldr	r0, [pc, #8]	; (10003a48 <vfctprintf+0x1c>)
10003a40:	f7ff fcce 	bl	100033e0 <_vsnprintf>
10003a44:	b005      	add	sp, #20
10003a46:	bd00      	pop	{pc}
10003a48:	100028e7 	.word	0x100028e7

10003a4c <__aeabi_bits_init>:
10003a4c:	4801      	ldr	r0, [pc, #4]	; (10003a54 <__aeabi_bits_init+0x8>)
10003a4e:	2104      	movs	r1, #4
10003a50:	4b01      	ldr	r3, [pc, #4]	; (10003a58 <__aeabi_bits_init+0xc>)
10003a52:	4718      	bx	r3
10003a54:	20000370 	.word	0x20000370
10003a58:	10003a7d 	.word	0x10003a7d

10003a5c <rom_func_lookup>:
10003a5c:	b510      	push	{r4, lr}
10003a5e:	0001      	movs	r1, r0
10003a60:	2318      	movs	r3, #24
10003a62:	881b      	ldrh	r3, [r3, #0]
10003a64:	2214      	movs	r2, #20
10003a66:	8810      	ldrh	r0, [r2, #0]
10003a68:	4798      	blx	r3
10003a6a:	bd10      	pop	{r4, pc}

10003a6c <rom_data_lookup>:
10003a6c:	b510      	push	{r4, lr}
10003a6e:	0001      	movs	r1, r0
10003a70:	2318      	movs	r3, #24
10003a72:	881b      	ldrh	r3, [r3, #0]
10003a74:	2216      	movs	r2, #22
10003a76:	8810      	ldrh	r0, [r2, #0]
10003a78:	4798      	blx	r3
10003a7a:	bd10      	pop	{r4, pc}

10003a7c <rom_funcs_lookup>:
10003a7c:	b5f0      	push	{r4, r5, r6, r7, lr}
10003a7e:	46c6      	mov	lr, r8
10003a80:	b500      	push	{lr}
10003a82:	0007      	movs	r7, r0
10003a84:	000e      	movs	r6, r1
10003a86:	2500      	movs	r5, #0
10003a88:	2301      	movs	r3, #1
10003a8a:	4698      	mov	r8, r3
10003a8c:	e000      	b.n	10003a90 <rom_funcs_lookup+0x14>
10003a8e:	3501      	adds	r5, #1
10003a90:	42b5      	cmp	r5, r6
10003a92:	d20a      	bcs.n	10003aaa <rom_funcs_lookup+0x2e>
10003a94:	00ac      	lsls	r4, r5, #2
10003a96:	193c      	adds	r4, r7, r4
10003a98:	6820      	ldr	r0, [r4, #0]
10003a9a:	f7ff ffdf 	bl	10003a5c <rom_func_lookup>
10003a9e:	6020      	str	r0, [r4, #0]
10003aa0:	2800      	cmp	r0, #0
10003aa2:	d1f4      	bne.n	10003a8e <rom_funcs_lookup+0x12>
10003aa4:	2300      	movs	r3, #0
10003aa6:	4698      	mov	r8, r3
10003aa8:	e7f1      	b.n	10003a8e <rom_funcs_lookup+0x12>
10003aaa:	4640      	mov	r0, r8
10003aac:	bc80      	pop	{r7}
10003aae:	46b8      	mov	r8, r7
10003ab0:	bdf0      	pop	{r4, r5, r6, r7, pc}
	...

10003ab4 <__wrap___aeabi_idiv>:
10003ab4:	4a12      	ldr	r2, [pc, #72]	; (10003b00 <divmod_s32s32_savestate+0x18>)
10003ab6:	6f93      	ldr	r3, [r2, #120]	; 0x78
10003ab8:	089b      	lsrs	r3, r3, #2
10003aba:	d215      	bcs.n	10003ae8 <divmod_s32s32_savestate>

10003abc <divmod_s32s32_unsafe>:
10003abc:	6690      	str	r0, [r2, #104]	; 0x68
10003abe:	66d1      	str	r1, [r2, #108]	; 0x6c
10003ac0:	2900      	cmp	r1, #0
10003ac2:	d005      	beq.n	10003ad0 <divmod_s32s32_unsafe+0x14>
10003ac4:	e7ff      	b.n	10003ac6 <divmod_s32s32_unsafe+0xa>
10003ac6:	e7ff      	b.n	10003ac8 <divmod_s32s32_unsafe+0xc>
10003ac8:	e7ff      	b.n	10003aca <divmod_s32s32_unsafe+0xe>
10003aca:	6f51      	ldr	r1, [r2, #116]	; 0x74
10003acc:	6f10      	ldr	r0, [r2, #112]	; 0x70
10003ace:	4770      	bx	lr
10003ad0:	b504      	push	{r2, lr}
10003ad2:	2180      	movs	r1, #128	; 0x80
10003ad4:	0609      	lsls	r1, r1, #24
10003ad6:	17c2      	asrs	r2, r0, #31
10003ad8:	4051      	eors	r1, r2
10003ada:	2800      	cmp	r0, #0
10003adc:	d000      	beq.n	10003ae0 <divmod_s32s32_unsafe+0x24>
10003ade:	43c8      	mvns	r0, r1
10003ae0:	f000 feea 	bl	100048b8 <____aeabi_idiv0_veneer>
10003ae4:	2100      	movs	r1, #0
10003ae6:	bd04      	pop	{r2, pc}

10003ae8 <divmod_s32s32_savestate>:
10003ae8:	b5f0      	push	{r4, r5, r6, r7, lr}
10003aea:	6e14      	ldr	r4, [r2, #96]	; 0x60
10003aec:	6e55      	ldr	r5, [r2, #100]	; 0x64
10003aee:	6f57      	ldr	r7, [r2, #116]	; 0x74
10003af0:	6f16      	ldr	r6, [r2, #112]	; 0x70
10003af2:	f7ff ffe3 	bl	10003abc <divmod_s32s32_unsafe>
10003af6:	6614      	str	r4, [r2, #96]	; 0x60
10003af8:	6655      	str	r5, [r2, #100]	; 0x64
10003afa:	6757      	str	r7, [r2, #116]	; 0x74
10003afc:	6716      	str	r6, [r2, #112]	; 0x70
10003afe:	bdf0      	pop	{r4, r5, r6, r7, pc}
10003b00:	d0000000 	.word	0xd0000000

10003b04 <__wrap___aeabi_uidiv>:
10003b04:	4a11      	ldr	r2, [pc, #68]	; (10003b4c <divmod_u32u32_savestate+0x18>)
10003b06:	6f93      	ldr	r3, [r2, #120]	; 0x78
10003b08:	089b      	lsrs	r3, r3, #2
10003b0a:	d213      	bcs.n	10003b34 <divmod_u32u32_savestate>

10003b0c <divmod_u32u32_unsafe>:
10003b0c:	6610      	str	r0, [r2, #96]	; 0x60
10003b0e:	6651      	str	r1, [r2, #100]	; 0x64
10003b10:	2900      	cmp	r1, #0
10003b12:	d005      	beq.n	10003b20 <divmod_u32u32_unsafe+0x14>
10003b14:	e7ff      	b.n	10003b16 <divmod_u32u32_unsafe+0xa>
10003b16:	e7ff      	b.n	10003b18 <divmod_u32u32_unsafe+0xc>
10003b18:	e7ff      	b.n	10003b1a <divmod_u32u32_unsafe+0xe>
10003b1a:	6f51      	ldr	r1, [r2, #116]	; 0x74
10003b1c:	6f10      	ldr	r0, [r2, #112]	; 0x70
10003b1e:	4770      	bx	lr
10003b20:	b504      	push	{r2, lr}
10003b22:	2800      	cmp	r0, #0
10003b24:	d001      	beq.n	10003b2a <divmod_u32u32_unsafe+0x1e>
10003b26:	2000      	movs	r0, #0
10003b28:	43c0      	mvns	r0, r0
10003b2a:	f000 fec5 	bl	100048b8 <____aeabi_idiv0_veneer>
10003b2e:	2100      	movs	r1, #0
10003b30:	bd04      	pop	{r2, pc}
10003b32:	46c0      	nop			; (mov r8, r8)

10003b34 <divmod_u32u32_savestate>:
10003b34:	b5f0      	push	{r4, r5, r6, r7, lr}
10003b36:	6e14      	ldr	r4, [r2, #96]	; 0x60
10003b38:	6e55      	ldr	r5, [r2, #100]	; 0x64
10003b3a:	6f57      	ldr	r7, [r2, #116]	; 0x74
10003b3c:	6f16      	ldr	r6, [r2, #112]	; 0x70
10003b3e:	f7ff ffe5 	bl	10003b0c <divmod_u32u32_unsafe>
10003b42:	6614      	str	r4, [r2, #96]	; 0x60
10003b44:	6655      	str	r5, [r2, #100]	; 0x64
10003b46:	6757      	str	r7, [r2, #116]	; 0x74
10003b48:	6716      	str	r6, [r2, #112]	; 0x70
10003b4a:	bdf0      	pop	{r4, r5, r6, r7, pc}
10003b4c:	d0000000 	.word	0xd0000000

10003b50 <__wrap___aeabi_ldivmod>:
10003b50:	4694      	mov	ip, r2
10003b52:	4a4a      	ldr	r2, [pc, #296]	; (10003c7c <udiv0+0x1a>)
10003b54:	6f92      	ldr	r2, [r2, #120]	; 0x78
10003b56:	0892      	lsrs	r2, r2, #2
10003b58:	4662      	mov	r2, ip
10003b5a:	d201      	bcs.n	10003b60 <divmod_s64s64_savestate>
10003b5c:	e028      	b.n	10003bb0 <divmod_s64s64_unsafe>
10003b5e:	46c0      	nop			; (mov r8, r8)

10003b60 <divmod_s64s64_savestate>:
10003b60:	b5f0      	push	{r4, r5, r6, r7, lr}
10003b62:	4e46      	ldr	r6, [pc, #280]	; (10003c7c <udiv0+0x1a>)
10003b64:	6e34      	ldr	r4, [r6, #96]	; 0x60
10003b66:	6e75      	ldr	r5, [r6, #100]	; 0x64
10003b68:	6f77      	ldr	r7, [r6, #116]	; 0x74
10003b6a:	6f36      	ldr	r6, [r6, #112]	; 0x70
10003b6c:	f000 f820 	bl	10003bb0 <divmod_s64s64_unsafe>
10003b70:	4694      	mov	ip, r2
10003b72:	4a42      	ldr	r2, [pc, #264]	; (10003c7c <udiv0+0x1a>)
10003b74:	6614      	str	r4, [r2, #96]	; 0x60
10003b76:	6655      	str	r5, [r2, #100]	; 0x64
10003b78:	6757      	str	r7, [r2, #116]	; 0x74
10003b7a:	6716      	str	r6, [r2, #112]	; 0x70
10003b7c:	4662      	mov	r2, ip
10003b7e:	bdf0      	pop	{r4, r5, r6, r7, pc}

10003b80 <__wrap___aeabi_uldivmod>:
10003b80:	4694      	mov	ip, r2
10003b82:	4a3e      	ldr	r2, [pc, #248]	; (10003c7c <udiv0+0x1a>)
10003b84:	6f92      	ldr	r2, [r2, #120]	; 0x78
10003b86:	0892      	lsrs	r2, r2, #2
10003b88:	4662      	mov	r2, ip
10003b8a:	d201      	bcs.n	10003b90 <divmod_u64u64_savestate>
10003b8c:	e054      	b.n	10003c38 <divmod_u64u64_unsafe>
10003b8e:	46c0      	nop			; (mov r8, r8)

10003b90 <divmod_u64u64_savestate>:
10003b90:	b5f0      	push	{r4, r5, r6, r7, lr}
10003b92:	4e3a      	ldr	r6, [pc, #232]	; (10003c7c <udiv0+0x1a>)
10003b94:	6e34      	ldr	r4, [r6, #96]	; 0x60
10003b96:	6e75      	ldr	r5, [r6, #100]	; 0x64
10003b98:	6f77      	ldr	r7, [r6, #116]	; 0x74
10003b9a:	6f36      	ldr	r6, [r6, #112]	; 0x70
10003b9c:	f000 f84c 	bl	10003c38 <divmod_u64u64_unsafe>
10003ba0:	4694      	mov	ip, r2
10003ba2:	4a36      	ldr	r2, [pc, #216]	; (10003c7c <udiv0+0x1a>)
10003ba4:	6614      	str	r4, [r2, #96]	; 0x60
10003ba6:	6655      	str	r5, [r2, #100]	; 0x64
10003ba8:	6757      	str	r7, [r2, #116]	; 0x74
10003baa:	6716      	str	r6, [r2, #112]	; 0x70
10003bac:	4662      	mov	r2, ip
10003bae:	bdf0      	pop	{r4, r5, r6, r7, pc}

10003bb0 <divmod_s64s64_unsafe>:
10003bb0:	2b00      	cmp	r3, #0
10003bb2:	db24      	blt.n	10003bfe <l42_1+0x26>
10003bb4:	d011      	beq.n	10003bda <l42_1+0x2>
10003bb6:	2900      	cmp	r1, #0
10003bb8:	da3e      	bge.n	10003c38 <divmod_u64u64_unsafe>
10003bba:	b500      	push	{lr}
10003bbc:	43c9      	mvns	r1, r1
10003bbe:	4240      	negs	r0, r0
10003bc0:	d100      	bne.n	10003bc4 <l40_1>
10003bc2:	3101      	adds	r1, #1

10003bc4 <l40_1>:
10003bc4:	f000 f838 	bl	10003c38 <divmod_u64u64_unsafe>
10003bc8:	43c9      	mvns	r1, r1
10003bca:	4240      	negs	r0, r0
10003bcc:	d100      	bne.n	10003bd0 <l41_1>
10003bce:	3101      	adds	r1, #1

10003bd0 <l41_1>:
10003bd0:	43db      	mvns	r3, r3
10003bd2:	4252      	negs	r2, r2
10003bd4:	d100      	bne.n	10003bd8 <l42_1>
10003bd6:	3301      	adds	r3, #1

10003bd8 <l42_1>:
10003bd8:	bd00      	pop	{pc}
10003bda:	2a00      	cmp	r2, #0
10003bdc:	d1eb      	bne.n	10003bb6 <divmod_s64s64_unsafe+0x6>
10003bde:	2800      	cmp	r0, #0
10003be0:	d101      	bne.n	10003be6 <l42_1+0xe>
10003be2:	2900      	cmp	r1, #0
10003be4:	d005      	beq.n	10003bf2 <l42_1+0x1a>
10003be6:	2000      	movs	r0, #0
10003be8:	0fc9      	lsrs	r1, r1, #31
10003bea:	07c9      	lsls	r1, r1, #31
10003bec:	d101      	bne.n	10003bf2 <l42_1+0x1a>
10003bee:	43c0      	mvns	r0, r0
10003bf0:	0841      	lsrs	r1, r0, #1
10003bf2:	b500      	push	{lr}
10003bf4:	f000 fe58 	bl	100048a8 <____aeabi_ldiv0_veneer>
10003bf8:	2200      	movs	r2, #0
10003bfa:	2300      	movs	r3, #0
10003bfc:	bd00      	pop	{pc}
10003bfe:	b500      	push	{lr}
10003c00:	2900      	cmp	r1, #0
10003c02:	db0a      	blt.n	10003c1a <l44_1+0x2>
10003c04:	43db      	mvns	r3, r3
10003c06:	4252      	negs	r2, r2
10003c08:	d100      	bne.n	10003c0c <l43_1>
10003c0a:	3301      	adds	r3, #1

10003c0c <l43_1>:
10003c0c:	f000 f814 	bl	10003c38 <divmod_u64u64_unsafe>
10003c10:	43c9      	mvns	r1, r1
10003c12:	4240      	negs	r0, r0
10003c14:	d100      	bne.n	10003c18 <l44_1>
10003c16:	3101      	adds	r1, #1

10003c18 <l44_1>:
10003c18:	bd00      	pop	{pc}
10003c1a:	43c9      	mvns	r1, r1
10003c1c:	4240      	negs	r0, r0
10003c1e:	d100      	bne.n	10003c22 <l45_1>
10003c20:	3101      	adds	r1, #1

10003c22 <l45_1>:
10003c22:	43db      	mvns	r3, r3
10003c24:	4252      	negs	r2, r2
10003c26:	d100      	bne.n	10003c2a <l46_1>
10003c28:	3301      	adds	r3, #1

10003c2a <l46_1>:
10003c2a:	f000 f805 	bl	10003c38 <divmod_u64u64_unsafe>
10003c2e:	43db      	mvns	r3, r3
10003c30:	4252      	negs	r2, r2
10003c32:	d100      	bne.n	10003c36 <l47_1>
10003c34:	3301      	adds	r3, #1

10003c36 <l47_1>:
10003c36:	bd00      	pop	{pc}

10003c38 <divmod_u64u64_unsafe>:
10003c38:	2900      	cmp	r1, #0
10003c3a:	d123      	bne.n	10003c84 <y64>
10003c3c:	2b00      	cmp	r3, #0
10003c3e:	d118      	bne.n	10003c72 <udiv0+0x10>
10003c40:	2a00      	cmp	r2, #0
10003c42:	d00c      	beq.n	10003c5e <divmod_u64u64_unsafe+0x26>
10003c44:	46bc      	mov	ip, r7
10003c46:	4f0d      	ldr	r7, [pc, #52]	; (10003c7c <udiv0+0x1a>)
10003c48:	6638      	str	r0, [r7, #96]	; 0x60
10003c4a:	667a      	str	r2, [r7, #100]	; 0x64
10003c4c:	2100      	movs	r1, #0
10003c4e:	2300      	movs	r3, #0
10003c50:	e7ff      	b.n	10003c52 <divmod_u64u64_unsafe+0x1a>
10003c52:	e7ff      	b.n	10003c54 <divmod_u64u64_unsafe+0x1c>
10003c54:	e7ff      	b.n	10003c56 <divmod_u64u64_unsafe+0x1e>
10003c56:	6f7a      	ldr	r2, [r7, #116]	; 0x74
10003c58:	6f38      	ldr	r0, [r7, #112]	; 0x70
10003c5a:	4667      	mov	r7, ip
10003c5c:	4770      	bx	lr
10003c5e:	2800      	cmp	r0, #0
10003c60:	d001      	beq.n	10003c66 <udiv0+0x4>

10003c62 <udiv0>:
10003c62:	4807      	ldr	r0, [pc, #28]	; (10003c80 <udiv0+0x1e>)
10003c64:	0001      	movs	r1, r0
10003c66:	b500      	push	{lr}
10003c68:	f000 fe1e 	bl	100048a8 <____aeabi_ldiv0_veneer>
10003c6c:	2200      	movs	r2, #0
10003c6e:	2300      	movs	r3, #0
10003c70:	bd00      	pop	{pc}
10003c72:	0002      	movs	r2, r0
10003c74:	000b      	movs	r3, r1
10003c76:	2000      	movs	r0, #0
10003c78:	2100      	movs	r1, #0
10003c7a:	4770      	bx	lr
10003c7c:	d0000000 	.word	0xd0000000
10003c80:	ffffffff 	.word	0xffffffff

10003c84 <y64>:
10003c84:	2b00      	cmp	r3, #0
10003c86:	d000      	beq.n	10003c8a <y64+0x6>
10003c88:	e0bf      	b.n	10003e0a <y64_x48>
10003c8a:	0c13      	lsrs	r3, r2, #16
10003c8c:	d128      	bne.n	10003ce0 <y64_x32>
10003c8e:	2a00      	cmp	r2, #0
10003c90:	d0e7      	beq.n	10003c62 <udiv0>
10003c92:	b480      	push	{r7}
10003c94:	4f11      	ldr	r7, [pc, #68]	; (10003cdc <y64+0x58>)
10003c96:	6639      	str	r1, [r7, #96]	; 0x60
10003c98:	667a      	str	r2, [r7, #100]	; 0x64
10003c9a:	e7ff      	b.n	10003c9c <y64+0x18>
10003c9c:	e7ff      	b.n	10003c9e <y64+0x1a>
10003c9e:	b430      	push	{r4, r5}
10003ca0:	0c04      	lsrs	r4, r0, #16
10003ca2:	6f7b      	ldr	r3, [r7, #116]	; 0x74
10003ca4:	6f39      	ldr	r1, [r7, #112]	; 0x70
10003ca6:	041b      	lsls	r3, r3, #16
10003ca8:	4323      	orrs	r3, r4
10003caa:	663b      	str	r3, [r7, #96]	; 0x60
10003cac:	667a      	str	r2, [r7, #100]	; 0x64
10003cae:	e7ff      	b.n	10003cb0 <y64+0x2c>
10003cb0:	e7ff      	b.n	10003cb2 <y64+0x2e>
10003cb2:	e7ff      	b.n	10003cb4 <y64+0x30>
10003cb4:	46c0      	nop			; (mov r8, r8)
10003cb6:	b284      	uxth	r4, r0
10003cb8:	6f7b      	ldr	r3, [r7, #116]	; 0x74
10003cba:	6f3d      	ldr	r5, [r7, #112]	; 0x70
10003cbc:	041b      	lsls	r3, r3, #16
10003cbe:	4323      	orrs	r3, r4
10003cc0:	663b      	str	r3, [r7, #96]	; 0x60
10003cc2:	667a      	str	r2, [r7, #100]	; 0x64
10003cc4:	e7ff      	b.n	10003cc6 <y64+0x42>
10003cc6:	e7ff      	b.n	10003cc8 <y64+0x44>
10003cc8:	46c0      	nop			; (mov r8, r8)
10003cca:	2300      	movs	r3, #0
10003ccc:	042c      	lsls	r4, r5, #16
10003cce:	0c2d      	lsrs	r5, r5, #16
10003cd0:	6f7a      	ldr	r2, [r7, #116]	; 0x74
10003cd2:	6f38      	ldr	r0, [r7, #112]	; 0x70
10003cd4:	1900      	adds	r0, r0, r4
10003cd6:	4169      	adcs	r1, r5
10003cd8:	bcb0      	pop	{r4, r5, r7}
10003cda:	4770      	bx	lr
10003cdc:	d0000000 	.word	0xd0000000

10003ce0 <y64_x32>:
10003ce0:	b5f0      	push	{r4, r5, r6, r7, lr}
10003ce2:	4694      	mov	ip, r2
10003ce4:	2500      	movs	r5, #0
10003ce6:	0e14      	lsrs	r4, r2, #24
10003ce8:	d101      	bne.n	10003cee <y64_x32+0xe>
10003cea:	0212      	lsls	r2, r2, #8
10003cec:	3508      	adds	r5, #8
10003cee:	0f14      	lsrs	r4, r2, #28
10003cf0:	d101      	bne.n	10003cf6 <y64_x32+0x16>
10003cf2:	0112      	lsls	r2, r2, #4
10003cf4:	3504      	adds	r5, #4
10003cf6:	0f94      	lsrs	r4, r2, #30
10003cf8:	d101      	bne.n	10003cfe <y64_x32+0x1e>
10003cfa:	0092      	lsls	r2, r2, #2
10003cfc:	3502      	adds	r5, #2
10003cfe:	0fd4      	lsrs	r4, r2, #31
10003d00:	d101      	bne.n	10003d06 <y64_x32+0x26>
10003d02:	0052      	lsls	r2, r2, #1
10003d04:	3501      	adds	r5, #1
10003d06:	0bd4      	lsrs	r4, r2, #15
10003d08:	3401      	adds	r4, #1
10003d0a:	4f25      	ldr	r7, [pc, #148]	; (10003da0 <y64_x32+0xc0>)
10003d0c:	667c      	str	r4, [r7, #100]	; 0x64
10003d0e:	4c25      	ldr	r4, [pc, #148]	; (10003da4 <y64_x32+0xc4>)
10003d10:	663c      	str	r4, [r7, #96]	; 0x60
10003d12:	0c0e      	lsrs	r6, r1, #16
10003d14:	b293      	uxth	r3, r2
10003d16:	e7ff      	b.n	10003d18 <y64_x32+0x38>
10003d18:	e7ff      	b.n	10003d1a <y64_x32+0x3a>
10003d1a:	e7ff      	b.n	10003d1c <y64_x32+0x3c>
10003d1c:	6f3c      	ldr	r4, [r7, #112]	; 0x70
10003d1e:	4366      	muls	r6, r4
10003d20:	0c36      	lsrs	r6, r6, #16
10003d22:	0377      	lsls	r7, r6, #13
10003d24:	46be      	mov	lr, r7
10003d26:	4373      	muls	r3, r6
10003d28:	0bdf      	lsrs	r7, r3, #15
10003d2a:	045b      	lsls	r3, r3, #17
10003d2c:	1ac0      	subs	r0, r0, r3
10003d2e:	41b9      	sbcs	r1, r7
10003d30:	0c13      	lsrs	r3, r2, #16
10003d32:	4373      	muls	r3, r6
10003d34:	18db      	adds	r3, r3, r3
10003d36:	1ac9      	subs	r1, r1, r3
10003d38:	08ce      	lsrs	r6, r1, #3
10003d3a:	4366      	muls	r6, r4
10003d3c:	0c36      	lsrs	r6, r6, #16
10003d3e:	44b6      	add	lr, r6
10003d40:	b293      	uxth	r3, r2
10003d42:	4373      	muls	r3, r6
10003d44:	0f1f      	lsrs	r7, r3, #28
10003d46:	011b      	lsls	r3, r3, #4
10003d48:	1ac0      	subs	r0, r0, r3
10003d4a:	41b9      	sbcs	r1, r7
10003d4c:	0c13      	lsrs	r3, r2, #16
10003d4e:	4373      	muls	r3, r6
10003d50:	0b1f      	lsrs	r7, r3, #12
10003d52:	051b      	lsls	r3, r3, #20
10003d54:	1ac0      	subs	r0, r0, r3
10003d56:	41b9      	sbcs	r1, r7
10003d58:	0d86      	lsrs	r6, r0, #22
10003d5a:	028f      	lsls	r7, r1, #10
10003d5c:	433e      	orrs	r6, r7
10003d5e:	4366      	muls	r6, r4
10003d60:	0c36      	lsrs	r6, r6, #16
10003d62:	2d09      	cmp	r5, #9
10003d64:	db24      	blt.n	10003db0 <last0>
10003d66:	0a52      	lsrs	r2, r2, #9
10003d68:	4372      	muls	r2, r6
10003d6a:	1a80      	subs	r0, r0, r2
10003d6c:	0377      	lsls	r7, r6, #13
10003d6e:	0a46      	lsrs	r6, r0, #9
10003d70:	4366      	muls	r6, r4
10003d72:	0c36      	lsrs	r6, r6, #16
10003d74:	2316      	movs	r3, #22
10003d76:	1b5b      	subs	r3, r3, r5
10003d78:	40de      	lsrs	r6, r3
10003d7a:	40df      	lsrs	r7, r3
10003d7c:	19bf      	adds	r7, r7, r6
10003d7e:	4664      	mov	r4, ip
10003d80:	4366      	muls	r6, r4
10003d82:	1b82      	subs	r2, r0, r6
10003d84:	4670      	mov	r0, lr
10003d86:	3504      	adds	r5, #4
10003d88:	3306      	adds	r3, #6
10003d8a:	0001      	movs	r1, r0
10003d8c:	40d9      	lsrs	r1, r3
10003d8e:	40a8      	lsls	r0, r5
10003d90:	19c0      	adds	r0, r0, r7
10003d92:	d300      	bcc.n	10003d96 <y64_x32+0xb6>
10003d94:	3101      	adds	r1, #1
10003d96:	42a2      	cmp	r2, r4
10003d98:	d206      	bcs.n	10003da8 <y64_x32+0xc8>
10003d9a:	2300      	movs	r3, #0
10003d9c:	bdf0      	pop	{r4, r5, r6, r7, pc}
10003d9e:	0000      	.short	0x0000
10003da0:	d0000000 	.word	0xd0000000
10003da4:	ffffffff 	.word	0xffffffff
10003da8:	1b12      	subs	r2, r2, r4
10003daa:	3001      	adds	r0, #1
10003dac:	d3f3      	bcc.n	10003d96 <y64_x32+0xb6>
10003dae:	e7f1      	b.n	10003d94 <y64_x32+0xb4>

10003db0 <last0>:
10003db0:	2709      	movs	r7, #9
10003db2:	1b7f      	subs	r7, r7, r5
10003db4:	40fe      	lsrs	r6, r7
10003db6:	4664      	mov	r4, ip
10003db8:	b2a2      	uxth	r2, r4
10003dba:	4372      	muls	r2, r6
10003dbc:	1a80      	subs	r0, r0, r2
10003dbe:	d200      	bcs.n	10003dc2 <last0+0x12>
10003dc0:	3901      	subs	r1, #1
10003dc2:	0c22      	lsrs	r2, r4, #16
10003dc4:	4372      	muls	r2, r6
10003dc6:	0c13      	lsrs	r3, r2, #16
10003dc8:	0412      	lsls	r2, r2, #16
10003dca:	1a82      	subs	r2, r0, r2
10003dcc:	4199      	sbcs	r1, r3
10003dce:	000b      	movs	r3, r1
10003dd0:	4670      	mov	r0, lr
10003dd2:	3504      	adds	r5, #4
10003dd4:	3713      	adds	r7, #19
10003dd6:	0001      	movs	r1, r0
10003dd8:	40f9      	lsrs	r1, r7
10003dda:	40a8      	lsls	r0, r5
10003ddc:	1980      	adds	r0, r0, r6
10003dde:	d300      	bcc.n	10003de2 <last0+0x32>
10003de0:	3101      	adds	r1, #1
10003de2:	2b00      	cmp	r3, #0
10003de4:	d102      	bne.n	10003dec <last0+0x3c>
10003de6:	42a2      	cmp	r2, r4
10003de8:	d20a      	bcs.n	10003e00 <last0+0x50>
10003dea:	bdf0      	pop	{r4, r5, r6, r7, pc}
10003dec:	3001      	adds	r0, #1
10003dee:	d300      	bcc.n	10003df2 <last0+0x42>
10003df0:	3101      	adds	r1, #1
10003df2:	1b12      	subs	r2, r2, r4
10003df4:	d2fa      	bcs.n	10003dec <last0+0x3c>
10003df6:	3b01      	subs	r3, #1
10003df8:	d1f8      	bne.n	10003dec <last0+0x3c>
10003dfa:	42a2      	cmp	r2, r4
10003dfc:	d200      	bcs.n	10003e00 <last0+0x50>
10003dfe:	bdf0      	pop	{r4, r5, r6, r7, pc}
10003e00:	3001      	adds	r0, #1
10003e02:	d300      	bcc.n	10003e06 <last0+0x56>
10003e04:	3101      	adds	r1, #1
10003e06:	1b12      	subs	r2, r2, r4
10003e08:	e7f7      	b.n	10003dfa <last0+0x4a>

10003e0a <y64_x48>:
10003e0a:	b5f0      	push	{r4, r5, r6, r7, lr}
10003e0c:	0c1c      	lsrs	r4, r3, #16
10003e0e:	d000      	beq.n	10003e12 <y64_x48+0x8>
10003e10:	e080      	b.n	10003f14 <y64_x64>
10003e12:	b40c      	push	{r2, r3}
10003e14:	2500      	movs	r5, #0
10003e16:	0a1c      	lsrs	r4, r3, #8
10003e18:	d104      	bne.n	10003e24 <y64_x48+0x1a>
10003e1a:	021b      	lsls	r3, r3, #8
10003e1c:	0e16      	lsrs	r6, r2, #24
10003e1e:	4333      	orrs	r3, r6
10003e20:	0212      	lsls	r2, r2, #8
10003e22:	3508      	adds	r5, #8
10003e24:	0b1c      	lsrs	r4, r3, #12
10003e26:	d104      	bne.n	10003e32 <y64_x48+0x28>
10003e28:	011b      	lsls	r3, r3, #4
10003e2a:	0f16      	lsrs	r6, r2, #28
10003e2c:	4333      	orrs	r3, r6
10003e2e:	0112      	lsls	r2, r2, #4
10003e30:	3504      	adds	r5, #4
10003e32:	0b9c      	lsrs	r4, r3, #14
10003e34:	d104      	bne.n	10003e40 <y64_x48+0x36>
10003e36:	009b      	lsls	r3, r3, #2
10003e38:	0f96      	lsrs	r6, r2, #30
10003e3a:	4333      	orrs	r3, r6
10003e3c:	0092      	lsls	r2, r2, #2
10003e3e:	3502      	adds	r5, #2
10003e40:	0bdc      	lsrs	r4, r3, #15
10003e42:	d102      	bne.n	10003e4a <y64_x48+0x40>
10003e44:	1892      	adds	r2, r2, r2
10003e46:	415b      	adcs	r3, r3
10003e48:	3501      	adds	r5, #1
10003e4a:	001c      	movs	r4, r3
10003e4c:	1897      	adds	r7, r2, r2
10003e4e:	4164      	adcs	r4, r4
10003e50:	3401      	adds	r4, #1
10003e52:	4f46      	ldr	r7, [pc, #280]	; (10003f6c <y64_x64+0x58>)
10003e54:	667c      	str	r4, [r7, #100]	; 0x64
10003e56:	4c46      	ldr	r4, [pc, #280]	; (10003f70 <y64_x64+0x5c>)
10003e58:	663c      	str	r4, [r7, #96]	; 0x60
10003e5a:	0c0e      	lsrs	r6, r1, #16
10003e5c:	e7ff      	b.n	10003e5e <y64_x48+0x54>
10003e5e:	e7ff      	b.n	10003e60 <y64_x48+0x56>
10003e60:	e7ff      	b.n	10003e62 <y64_x48+0x58>
10003e62:	46c0      	nop			; (mov r8, r8)
10003e64:	6f3c      	ldr	r4, [r7, #112]	; 0x70
10003e66:	4366      	muls	r6, r4
10003e68:	0c36      	lsrs	r6, r6, #16
10003e6a:	0377      	lsls	r7, r6, #13
10003e6c:	46be      	mov	lr, r7
10003e6e:	b297      	uxth	r7, r2
10003e70:	4377      	muls	r7, r6
10003e72:	1bc0      	subs	r0, r0, r7
10003e74:	d200      	bcs.n	10003e78 <y64_x48+0x6e>
10003e76:	3901      	subs	r1, #1
10003e78:	1bc0      	subs	r0, r0, r7
10003e7a:	d200      	bcs.n	10003e7e <y64_x48+0x74>
10003e7c:	3901      	subs	r1, #1
10003e7e:	b29f      	uxth	r7, r3
10003e80:	4377      	muls	r7, r6
10003e82:	1bc9      	subs	r1, r1, r7
10003e84:	1bc9      	subs	r1, r1, r7
10003e86:	0c17      	lsrs	r7, r2, #16
10003e88:	4377      	muls	r7, r6
10003e8a:	047e      	lsls	r6, r7, #17
10003e8c:	0bff      	lsrs	r7, r7, #15
10003e8e:	1b80      	subs	r0, r0, r6
10003e90:	41b9      	sbcs	r1, r7
10003e92:	08ce      	lsrs	r6, r1, #3
10003e94:	4366      	muls	r6, r4
10003e96:	0c36      	lsrs	r6, r6, #16
10003e98:	2d0c      	cmp	r5, #12
10003e9a:	db33      	blt.n	10003f04 <last1>
10003e9c:	44b6      	add	lr, r6
10003e9e:	0b12      	lsrs	r2, r2, #12
10003ea0:	051f      	lsls	r7, r3, #20
10003ea2:	433a      	orrs	r2, r7
10003ea4:	0b1b      	lsrs	r3, r3, #12
10003ea6:	b297      	uxth	r7, r2
10003ea8:	4377      	muls	r7, r6
10003eaa:	1bc0      	subs	r0, r0, r7
10003eac:	d200      	bcs.n	10003eb0 <y64_x48+0xa6>
10003eae:	3901      	subs	r1, #1
10003eb0:	b29f      	uxth	r7, r3
10003eb2:	4377      	muls	r7, r6
10003eb4:	1bc9      	subs	r1, r1, r7
10003eb6:	0c17      	lsrs	r7, r2, #16
10003eb8:	4377      	muls	r7, r6
10003eba:	043e      	lsls	r6, r7, #16
10003ebc:	0c3f      	lsrs	r7, r7, #16
10003ebe:	1b80      	subs	r0, r0, r6
10003ec0:	41b9      	sbcs	r1, r7
10003ec2:	0d86      	lsrs	r6, r0, #22
10003ec4:	028f      	lsls	r7, r1, #10
10003ec6:	433e      	orrs	r6, r7
10003ec8:	4366      	muls	r6, r4
10003eca:	2729      	movs	r7, #41	; 0x29
10003ecc:	1b7f      	subs	r7, r7, r5
10003ece:	40fe      	lsrs	r6, r7
10003ed0:	3d0c      	subs	r5, #12
10003ed2:	4677      	mov	r7, lr
10003ed4:	40af      	lsls	r7, r5
10003ed6:	19bf      	adds	r7, r7, r6
10003ed8:	bc30      	pop	{r4, r5}
10003eda:	b2a2      	uxth	r2, r4
10003edc:	b2ab      	uxth	r3, r5
10003ede:	4372      	muls	r2, r6
10003ee0:	4373      	muls	r3, r6
10003ee2:	1a80      	subs	r0, r0, r2
10003ee4:	4199      	sbcs	r1, r3
10003ee6:	0c22      	lsrs	r2, r4, #16
10003ee8:	4372      	muls	r2, r6
10003eea:	0c13      	lsrs	r3, r2, #16
10003eec:	0412      	lsls	r2, r2, #16
10003eee:	1a80      	subs	r0, r0, r2
10003ef0:	4199      	sbcs	r1, r3
10003ef2:	0002      	movs	r2, r0
10003ef4:	000b      	movs	r3, r1
10003ef6:	3701      	adds	r7, #1
10003ef8:	1b00      	subs	r0, r0, r4
10003efa:	41a9      	sbcs	r1, r5
10003efc:	d2f9      	bcs.n	10003ef2 <y64_x48+0xe8>
10003efe:	1e78      	subs	r0, r7, #1
10003f00:	2100      	movs	r1, #0
10003f02:	bdf0      	pop	{r4, r5, r6, r7, pc}

10003f04 <last1>:
10003f04:	270c      	movs	r7, #12
10003f06:	1b7f      	subs	r7, r7, r5
10003f08:	40fe      	lsrs	r6, r7
10003f0a:	4677      	mov	r7, lr
10003f0c:	0b7f      	lsrs	r7, r7, #13
10003f0e:	40af      	lsls	r7, r5
10003f10:	19ff      	adds	r7, r7, r7
10003f12:	e7e0      	b.n	10003ed6 <y64_x48+0xcc>

10003f14 <y64_x64>:
10003f14:	2400      	movs	r4, #0
10003f16:	1c5d      	adds	r5, r3, #1
10003f18:	d007      	beq.n	10003f2a <y64_x64+0x16>
10003f1a:	4f14      	ldr	r7, [pc, #80]	; (10003f6c <y64_x64+0x58>)
10003f1c:	667d      	str	r5, [r7, #100]	; 0x64
10003f1e:	6639      	str	r1, [r7, #96]	; 0x60
10003f20:	e7ff      	b.n	10003f22 <y64_x64+0xe>
10003f22:	e7ff      	b.n	10003f24 <y64_x64+0x10>
10003f24:	e7ff      	b.n	10003f26 <y64_x64+0x12>
10003f26:	e7ff      	b.n	10003f28 <y64_x64+0x14>
10003f28:	6f3c      	ldr	r4, [r7, #112]	; 0x70
10003f2a:	b295      	uxth	r5, r2
10003f2c:	b29e      	uxth	r6, r3
10003f2e:	4365      	muls	r5, r4
10003f30:	4366      	muls	r6, r4
10003f32:	1b40      	subs	r0, r0, r5
10003f34:	41b1      	sbcs	r1, r6
10003f36:	0c15      	lsrs	r5, r2, #16
10003f38:	0c1e      	lsrs	r6, r3, #16
10003f3a:	4365      	muls	r5, r4
10003f3c:	4366      	muls	r6, r4
10003f3e:	0436      	lsls	r6, r6, #16
10003f40:	0c2f      	lsrs	r7, r5, #16
10003f42:	433e      	orrs	r6, r7
10003f44:	042d      	lsls	r5, r5, #16
10003f46:	1b40      	subs	r0, r0, r5
10003f48:	41b1      	sbcs	r1, r6
10003f4a:	4299      	cmp	r1, r3
10003f4c:	d204      	bcs.n	10003f58 <y64_x64+0x44>
10003f4e:	0002      	movs	r2, r0
10003f50:	000b      	movs	r3, r1
10003f52:	0020      	movs	r0, r4
10003f54:	2100      	movs	r1, #0
10003f56:	bdf0      	pop	{r4, r5, r6, r7, pc}
10003f58:	d101      	bne.n	10003f5e <y64_x64+0x4a>
10003f5a:	4290      	cmp	r0, r2
10003f5c:	d3f7      	bcc.n	10003f4e <y64_x64+0x3a>
10003f5e:	1a80      	subs	r0, r0, r2
10003f60:	4199      	sbcs	r1, r3
10003f62:	3401      	adds	r4, #1
10003f64:	4299      	cmp	r1, r3
10003f66:	d3f2      	bcc.n	10003f4e <y64_x64+0x3a>
10003f68:	e7f6      	b.n	10003f58 <y64_x64+0x44>
10003f6a:	0000      	.short	0x0000
10003f6c:	d0000000 	.word	0xd0000000
10003f70:	ffffffff 	.word	0xffffffff

10003f74 <__wrap___aeabi_drsub>:
10003f74:	4048      	eors	r0, r1
10003f76:	4041      	eors	r1, r0
10003f78:	4048      	eors	r0, r1

10003f7a <__wrap___aeabi_dsub>:
10003f7a:	b418      	push	{r3, r4}
10003f7c:	4b13      	ldr	r3, [pc, #76]	; (10003fcc <__wrap___aeabi_dmul+0xa>)
10003f7e:	685b      	ldr	r3, [r3, #4]
10003f80:	9301      	str	r3, [sp, #4]
10003f82:	bd08      	pop	{r3, pc}

10003f84 <__wrap___aeabi_dadd>:
10003f84:	b418      	push	{r3, r4}
10003f86:	4b11      	ldr	r3, [pc, #68]	; (10003fcc <__wrap___aeabi_dmul+0xa>)
10003f88:	681b      	ldr	r3, [r3, #0]
10003f8a:	9301      	str	r3, [sp, #4]
10003f8c:	bd08      	pop	{r3, pc}

10003f8e <__wrap___aeabi_ddiv>:
10003f8e:	4694      	mov	ip, r2
10003f90:	4a0f      	ldr	r2, [pc, #60]	; (10003fd0 <__wrap___aeabi_dmul+0xe>)
10003f92:	6f92      	ldr	r2, [r2, #120]	; 0x78
10003f94:	0892      	lsrs	r2, r2, #2
10003f96:	d205      	bcs.n	10003fa4 <ddiv_save_state>
10003f98:	4662      	mov	r2, ip

10003f9a <ddiv_shim_call>:
10003f9a:	b418      	push	{r3, r4}
10003f9c:	4b0b      	ldr	r3, [pc, #44]	; (10003fcc <__wrap___aeabi_dmul+0xa>)
10003f9e:	68db      	ldr	r3, [r3, #12]
10003fa0:	9301      	str	r3, [sp, #4]
10003fa2:	bd08      	pop	{r3, pc}

10003fa4 <ddiv_save_state>:
10003fa4:	4a0a      	ldr	r2, [pc, #40]	; (10003fd0 <__wrap___aeabi_dmul+0xe>)
10003fa6:	b5f0      	push	{r4, r5, r6, r7, lr}
10003fa8:	6e14      	ldr	r4, [r2, #96]	; 0x60
10003faa:	6e55      	ldr	r5, [r2, #100]	; 0x64
10003fac:	6f57      	ldr	r7, [r2, #116]	; 0x74
10003fae:	6f16      	ldr	r6, [r2, #112]	; 0x70
10003fb0:	4662      	mov	r2, ip
10003fb2:	f7ff fff2 	bl	10003f9a <ddiv_shim_call>
10003fb6:	4a06      	ldr	r2, [pc, #24]	; (10003fd0 <__wrap___aeabi_dmul+0xe>)
10003fb8:	6614      	str	r4, [r2, #96]	; 0x60
10003fba:	6655      	str	r5, [r2, #100]	; 0x64
10003fbc:	6757      	str	r7, [r2, #116]	; 0x74
10003fbe:	6716      	str	r6, [r2, #112]	; 0x70
10003fc0:	bdf0      	pop	{r4, r5, r6, r7, pc}

10003fc2 <__wrap___aeabi_dmul>:
10003fc2:	b418      	push	{r3, r4}
10003fc4:	4b01      	ldr	r3, [pc, #4]	; (10003fcc <__wrap___aeabi_dmul+0xa>)
10003fc6:	689b      	ldr	r3, [r3, #8]
10003fc8:	9301      	str	r3, [sp, #4]
10003fca:	bd08      	pop	{r3, pc}
10003fcc:	20000690 	.word	0x20000690
10003fd0:	d0000000 	.word	0xd0000000

10003fd4 <__wrap___aeabi_cdrcmple>:
10003fd4:	b5ff      	push	{r0, r1, r2, r3, r4, r5, r6, r7, lr}
10003fd6:	4050      	eors	r0, r2
10003fd8:	4042      	eors	r2, r0
10003fda:	4050      	eors	r0, r2
10003fdc:	4059      	eors	r1, r3
10003fde:	404b      	eors	r3, r1
10003fe0:	4059      	eors	r1, r3
10003fe2:	e000      	b.n	10003fe6 <__aeabi_dfcmple_guts>

10003fe4 <__wrap___aeabi_cdcmpeq>:
10003fe4:	b5ff      	push	{r0, r1, r2, r3, r4, r5, r6, r7, lr}

10003fe6 <__aeabi_dfcmple_guts>:
10003fe6:	4f15      	ldr	r7, [pc, #84]	; (1000403c <__aeabi_dfcmple_guts+0x56>)
10003fe8:	004c      	lsls	r4, r1, #1
10003fea:	0d64      	lsrs	r4, r4, #21
10003fec:	d003      	beq.n	10003ff6 <__aeabi_dfcmple_guts+0x10>
10003fee:	42bc      	cmp	r4, r7
10003ff0:	d104      	bne.n	10003ffc <__aeabi_dfcmple_guts+0x16>
10003ff2:	030c      	lsls	r4, r1, #12
10003ff4:	d814      	bhi.n	10004020 <__aeabi_dfcmple_guts+0x3a>
10003ff6:	2000      	movs	r0, #0
10003ff8:	0d09      	lsrs	r1, r1, #20
10003ffa:	0509      	lsls	r1, r1, #20
10003ffc:	005c      	lsls	r4, r3, #1
10003ffe:	0d64      	lsrs	r4, r4, #21
10004000:	d003      	beq.n	1000400a <__aeabi_dfcmple_guts+0x24>
10004002:	42bc      	cmp	r4, r7
10004004:	d104      	bne.n	10004010 <__aeabi_dfcmple_guts+0x2a>
10004006:	031c      	lsls	r4, r3, #12
10004008:	d80a      	bhi.n	10004020 <__aeabi_dfcmple_guts+0x3a>
1000400a:	2200      	movs	r2, #0
1000400c:	0d1b      	lsrs	r3, r3, #20
1000400e:	051b      	lsls	r3, r3, #20
10004010:	2601      	movs	r6, #1
10004012:	404b      	eors	r3, r1
10004014:	d409      	bmi.n	1000402a <__aeabi_dfcmple_guts+0x44>
10004016:	404b      	eors	r3, r1
10004018:	d503      	bpl.n	10004022 <__aeabi_dfcmple_guts+0x3c>
1000401a:	428b      	cmp	r3, r1
1000401c:	d100      	bne.n	10004020 <__aeabi_dfcmple_guts+0x3a>
1000401e:	4282      	cmp	r2, r0
10004020:	bdff      	pop	{r0, r1, r2, r3, r4, r5, r6, r7, pc}
10004022:	4299      	cmp	r1, r3
10004024:	d1fc      	bne.n	10004020 <__aeabi_dfcmple_guts+0x3a>
10004026:	4290      	cmp	r0, r2
10004028:	bdff      	pop	{r0, r1, r2, r3, r4, r5, r6, r7, pc}
1000402a:	430b      	orrs	r3, r1
1000402c:	18db      	adds	r3, r3, r3
1000402e:	4303      	orrs	r3, r0
10004030:	4313      	orrs	r3, r2
10004032:	d0f5      	beq.n	10004020 <__aeabi_dfcmple_guts+0x3a>
10004034:	43c9      	mvns	r1, r1
10004036:	1849      	adds	r1, r1, r1
10004038:	bdff      	pop	{r0, r1, r2, r3, r4, r5, r6, r7, pc}
1000403a:	0000      	.short	0x0000
1000403c:	000007ff 	.word	0x000007ff

10004040 <__wrap___aeabi_dcmplt>:
10004040:	b500      	push	{lr}
10004042:	f7ff ffcf 	bl	10003fe4 <__wrap___aeabi_cdcmpeq>
10004046:	4180      	sbcs	r0, r0
10004048:	bd00      	pop	{pc}
1000404a:	46c0      	nop			; (mov r8, r8)

1000404c <__wrap___aeabi_dcmple>:
1000404c:	b500      	push	{lr}
1000404e:	f7ff ffc9 	bl	10003fe4 <__wrap___aeabi_cdcmpeq>
10004052:	d901      	bls.n	10004058 <__wrap___aeabi_dcmple+0xc>
10004054:	2000      	movs	r0, #0
10004056:	bd00      	pop	{pc}
10004058:	2001      	movs	r0, #1
1000405a:	bd00      	pop	{pc}

1000405c <__wrap___aeabi_dcmpge>:
1000405c:	b500      	push	{lr}
1000405e:	f7ff ffb9 	bl	10003fd4 <__wrap___aeabi_cdrcmple>
10004062:	d901      	bls.n	10004068 <__wrap___aeabi_dcmpge+0xc>
10004064:	2000      	movs	r0, #0
10004066:	bd00      	pop	{pc}
10004068:	2001      	movs	r0, #1
1000406a:	bd00      	pop	{pc}

1000406c <__wrap___aeabi_dcmpgt>:
1000406c:	b500      	push	{lr}
1000406e:	f7ff ffb1 	bl	10003fd4 <__wrap___aeabi_cdrcmple>
10004072:	4180      	sbcs	r0, r0
10004074:	bd00      	pop	{pc}

10004076 <__wrap___aeabi_dcmpun>:
10004076:	2001      	movs	r0, #1
10004078:	0540      	lsls	r0, r0, #21
1000407a:	004a      	lsls	r2, r1, #1
1000407c:	1812      	adds	r2, r2, r0
1000407e:	d804      	bhi.n	1000408a <__wrap___aeabi_dcmpun+0x14>
10004080:	005a      	lsls	r2, r3, #1
10004082:	1812      	adds	r2, r2, r0
10004084:	d801      	bhi.n	1000408a <__wrap___aeabi_dcmpun+0x14>
10004086:	2000      	movs	r0, #0
10004088:	4770      	bx	lr
1000408a:	2001      	movs	r0, #1
1000408c:	4770      	bx	lr
1000408e:	2000      	movs	r0, #0
10004090:	4770      	bx	lr
	...

10004094 <__wrap___aeabi_ui2d>:
10004094:	2100      	movs	r1, #0
10004096:	2800      	cmp	r0, #0
10004098:	d105      	bne.n	100040a6 <__wrap___aeabi_i2d+0xa>
1000409a:	4770      	bx	lr

1000409c <__wrap___aeabi_i2d>:
1000409c:	17c1      	asrs	r1, r0, #31
1000409e:	4048      	eors	r0, r1
100040a0:	1a40      	subs	r0, r0, r1
100040a2:	d0fa      	beq.n	1000409a <__wrap___aeabi_ui2d+0x6>
100040a4:	07c9      	lsls	r1, r1, #31
100040a6:	b513      	push	{r0, r1, r4, lr}
100040a8:	4b06      	ldr	r3, [pc, #24]	; (100040c4 <__wrap___aeabi_i2d+0x28>)
100040aa:	681b      	ldr	r3, [r3, #0]
100040ac:	4798      	blx	r3
100040ae:	bc0c      	pop	{r2, r3}
100040b0:	1c44      	adds	r4, r0, #1
100040b2:	40a2      	lsls	r2, r4
100040b4:	0510      	lsls	r0, r2, #20
100040b6:	0b12      	lsrs	r2, r2, #12
100040b8:	4903      	ldr	r1, [pc, #12]	; (100040c8 <__wrap___aeabi_i2d+0x2c>)
100040ba:	1b09      	subs	r1, r1, r4
100040bc:	0509      	lsls	r1, r1, #20
100040be:	4319      	orrs	r1, r3
100040c0:	4311      	orrs	r1, r2
100040c2:	bd10      	pop	{r4, pc}
100040c4:	20000790 	.word	0x20000790
100040c8:	0000041f 	.word	0x0000041f

100040cc <__wrap___aeabi_d2iz>:
100040cc:	b510      	push	{r4, lr}
100040ce:	004c      	lsls	r4, r1, #1
100040d0:	0d62      	lsrs	r2, r4, #21
100040d2:	2380      	movs	r3, #128	; 0x80
100040d4:	18d2      	adds	r2, r2, r3
100040d6:	00db      	lsls	r3, r3, #3
100040d8:	1ad2      	subs	r2, r2, r3
100040da:	055b      	lsls	r3, r3, #21
100040dc:	2a7e      	cmp	r2, #126	; 0x7e
100040de:	dd10      	ble.n	10004102 <__wrap___aeabi_d2iz+0x36>
100040e0:	3a9e      	subs	r2, #158	; 0x9e
100040e2:	da13      	bge.n	1000410c <__wrap___aeabi_d2iz+0x40>
100040e4:	17cc      	asrs	r4, r1, #31
100040e6:	0309      	lsls	r1, r1, #12
100040e8:	0849      	lsrs	r1, r1, #1
100040ea:	4319      	orrs	r1, r3
100040ec:	4252      	negs	r2, r2
100040ee:	40d1      	lsrs	r1, r2
100040f0:	0064      	lsls	r4, r4, #1
100040f2:	3401      	adds	r4, #1
100040f4:	3215      	adds	r2, #21
100040f6:	2a20      	cmp	r2, #32
100040f8:	da05      	bge.n	10004106 <__wrap___aeabi_d2iz+0x3a>
100040fa:	40d0      	lsrs	r0, r2
100040fc:	4308      	orrs	r0, r1
100040fe:	4360      	muls	r0, r4
10004100:	bd10      	pop	{r4, pc}
10004102:	2000      	movs	r0, #0
10004104:	bd10      	pop	{r4, pc}
10004106:	4608      	mov	r0, r1
10004108:	4360      	muls	r0, r4
1000410a:	bd10      	pop	{r4, pc}
1000410c:	0fc8      	lsrs	r0, r1, #31
1000410e:	18c0      	adds	r0, r0, r3
10004110:	3801      	subs	r0, #1
10004112:	bd10      	pop	{r4, pc}

10004114 <__wrap___aeabi_d2uiz>:
10004114:	b418      	push	{r3, r4}
10004116:	4b02      	ldr	r3, [pc, #8]	; (10004120 <__wrap___aeabi_d2uiz+0xc>)
10004118:	6a5b      	ldr	r3, [r3, #36]	; 0x24
1000411a:	9301      	str	r3, [sp, #4]
1000411c:	bd08      	pop	{r3, pc}
1000411e:	0000      	.short	0x0000
10004120:	20000690 	.word	0x20000690

10004124 <missing_double_func_shim>:
10004124:	b510      	push	{r4, lr}
10004126:	4801      	ldr	r0, [pc, #4]	; (1000412c <missing_double_func_shim+0x8>)
10004128:	f7fe fbc0 	bl	100028ac <panic>
1000412c:	10005ae0 	.word	0x10005ae0

10004130 <__aeabi_double_init>:
10004130:	b570      	push	{r4, r5, r6, lr}
10004132:	2313      	movs	r3, #19
10004134:	781c      	ldrb	r4, [r3, #0]
10004136:	2c01      	cmp	r4, #1
10004138:	d014      	beq.n	10004164 <__aeabi_double_init+0x34>
1000413a:	2c01      	cmp	r4, #1
1000413c:	dc14      	bgt.n	10004168 <__aeabi_double_init+0x38>
1000413e:	2c02      	cmp	r4, #2
10004140:	dc02      	bgt.n	10004148 <__aeabi_double_init+0x18>
10004142:	4a1f      	ldr	r2, [pc, #124]	; (100041c0 <__aeabi_double_init+0x90>)
10004144:	4b1f      	ldr	r3, [pc, #124]	; (100041c4 <__aeabi_double_init+0x94>)
10004146:	649a      	str	r2, [r3, #72]	; 0x48
10004148:	481f      	ldr	r0, [pc, #124]	; (100041c8 <__aeabi_double_init+0x98>)
1000414a:	f7ff fc87 	bl	10003a5c <rom_func_lookup>
1000414e:	4b1f      	ldr	r3, [pc, #124]	; (100041cc <__aeabi_double_init+0x9c>)
10004150:	6018      	str	r0, [r3, #0]
10004152:	bd70      	pop	{r4, r5, r6, pc}
10004154:	0099      	lsls	r1, r3, #2
10004156:	481e      	ldr	r0, [pc, #120]	; (100041d0 <__aeabi_double_init+0xa0>)
10004158:	4a1a      	ldr	r2, [pc, #104]	; (100041c4 <__aeabi_double_init+0x94>)
1000415a:	5088      	str	r0, [r1, r2]
1000415c:	3301      	adds	r3, #1
1000415e:	2b1f      	cmp	r3, #31
10004160:	d9f8      	bls.n	10004154 <__aeabi_double_init+0x24>
10004162:	e7ea      	b.n	1000413a <__aeabi_double_init+0xa>
10004164:	2300      	movs	r3, #0
10004166:	e7fa      	b.n	1000415e <__aeabi_double_init+0x2e>
10004168:	481a      	ldr	r0, [pc, #104]	; (100041d4 <__aeabi_double_init+0xa4>)
1000416a:	f7ff fc7f 	bl	10003a6c <rom_data_lookup>
1000416e:	0005      	movs	r5, r0
10004170:	4819      	ldr	r0, [pc, #100]	; (100041d8 <__aeabi_double_init+0xa8>)
10004172:	f7ff fc7b 	bl	10003a6c <rom_data_lookup>
10004176:	3802      	subs	r0, #2
10004178:	7803      	ldrb	r3, [r0, #0]
1000417a:	009b      	lsls	r3, r3, #2
1000417c:	2b7f      	cmp	r3, #127	; 0x7f
1000417e:	dd19      	ble.n	100041b4 <__aeabi_double_init+0x84>
10004180:	2280      	movs	r2, #128	; 0x80
10004182:	0029      	movs	r1, r5
10004184:	480f      	ldr	r0, [pc, #60]	; (100041c4 <__aeabi_double_init+0x94>)
10004186:	f000 f8bf 	bl	10004308 <__wrap___aeabi_memcpy>
1000418a:	2c02      	cmp	r4, #2
1000418c:	d1d7      	bne.n	1000413e <__aeabi_double_init+0xe>
1000418e:	4b13      	ldr	r3, [pc, #76]	; (100041dc <__aeabi_double_init+0xac>)
10004190:	881a      	ldrh	r2, [r3, #0]
10004192:	23b5      	movs	r3, #181	; 0xb5
10004194:	021b      	lsls	r3, r3, #8
10004196:	429a      	cmp	r2, r3
10004198:	d109      	bne.n	100041ae <__aeabi_double_init+0x7e>
1000419a:	4b11      	ldr	r3, [pc, #68]	; (100041e0 <__aeabi_double_init+0xb0>)
1000419c:	881a      	ldrh	r2, [r3, #0]
1000419e:	4b11      	ldr	r3, [pc, #68]	; (100041e4 <__aeabi_double_init+0xb4>)
100041a0:	429a      	cmp	r2, r3
100041a2:	d104      	bne.n	100041ae <__aeabi_double_init+0x7e>
100041a4:	4b10      	ldr	r3, [pc, #64]	; (100041e8 <__aeabi_double_init+0xb8>)
100041a6:	881a      	ldrh	r2, [r3, #0]
100041a8:	4b10      	ldr	r3, [pc, #64]	; (100041ec <__aeabi_double_init+0xbc>)
100041aa:	429a      	cmp	r2, r3
100041ac:	d0c7      	beq.n	1000413e <__aeabi_double_init+0xe>
100041ae:	2000      	movs	r0, #0
100041b0:	f7fe fb7c 	bl	100028ac <panic>
100041b4:	4b0e      	ldr	r3, [pc, #56]	; (100041f0 <__aeabi_double_init+0xc0>)
100041b6:	4a0f      	ldr	r2, [pc, #60]	; (100041f4 <__aeabi_double_init+0xc4>)
100041b8:	2132      	movs	r1, #50	; 0x32
100041ba:	480f      	ldr	r0, [pc, #60]	; (100041f8 <__aeabi_double_init+0xc8>)
100041bc:	f7fe fadc 	bl	10002778 <__assert_func>
100041c0:	100041fd 	.word	0x100041fd
100041c4:	20000690 	.word	0x20000690
100041c8:	0000334c 	.word	0x0000334c
100041cc:	20000790 	.word	0x20000790
100041d0:	10004125 	.word	0x10004125
100041d4:	00004453 	.word	0x00004453
100041d8:	00004653 	.word	0x00004653
100041dc:	00003854 	.word	0x00003854
100041e0:	000038d8 	.word	0x000038d8
100041e4:	00004649 	.word	0x00004649
100041e8:	0000389c 	.word	0x0000389c
100041ec:	00004659 	.word	0x00004659
100041f0:	10005af8 	.word	0x10005af8
100041f4:	10005bb0 	.word	0x10005bb0
100041f8:	10005b4c 	.word	0x10005b4c

100041fc <double_table_shim_on_use_helper>:
100041fc:	b507      	push	{r0, r1, r2, lr}
100041fe:	4660      	mov	r0, ip
10004200:	2800      	cmp	r0, #0
10004202:	d100      	bne.n	10004206 <double_table_shim_on_use_helper+0xa>
10004204:	be00      	bkpt	0x0000
10004206:	8801      	ldrh	r1, [r0, #0]
10004208:	0a0a      	lsrs	r2, r1, #8
1000420a:	3002      	adds	r0, #2
1000420c:	2adf      	cmp	r2, #223	; 0xdf
1000420e:	d1fa      	bne.n	10004206 <double_table_shim_on_use_helper+0xa>
10004210:	b2c9      	uxtb	r1, r1
10004212:	0882      	lsrs	r2, r0, #2
10004214:	d304      	bcc.n	10004220 <double_table_shim_on_use_helper+0x24>
10004216:	8802      	ldrh	r2, [r0, #0]
10004218:	8840      	ldrh	r0, [r0, #2]
1000421a:	0400      	lsls	r0, r0, #16
1000421c:	4310      	orrs	r0, r2
1000421e:	e000      	b.n	10004222 <double_table_shim_on_use_helper+0x26>
10004220:	6800      	ldr	r0, [r0, #0]
10004222:	4a02      	ldr	r2, [pc, #8]	; (1000422c <double_table_shim_on_use_helper+0x30>)
10004224:	5050      	str	r0, [r2, r1]
10004226:	9003      	str	r0, [sp, #12]
10004228:	bd07      	pop	{r0, r1, r2, pc}
1000422a:	0000      	.short	0x0000
1000422c:	20000690 	.word	0x20000690

10004230 <__wrap___aeabi_lmul>:
10004230:	4351      	muls	r1, r2
10004232:	4343      	muls	r3, r0
10004234:	18c9      	adds	r1, r1, r3
10004236:	468c      	mov	ip, r1
10004238:	0c11      	lsrs	r1, r2, #16
1000423a:	b283      	uxth	r3, r0
1000423c:	434b      	muls	r3, r1
1000423e:	b410      	push	{r4}
10004240:	0c04      	lsrs	r4, r0, #16
10004242:	4361      	muls	r1, r4
10004244:	b292      	uxth	r2, r2
10004246:	b280      	uxth	r0, r0
10004248:	4350      	muls	r0, r2
1000424a:	4362      	muls	r2, r4
1000424c:	041c      	lsls	r4, r3, #16
1000424e:	0c1b      	lsrs	r3, r3, #16
10004250:	1900      	adds	r0, r0, r4
10004252:	bc10      	pop	{r4}
10004254:	4159      	adcs	r1, r3
10004256:	0413      	lsls	r3, r2, #16
10004258:	0c12      	lsrs	r2, r2, #16
1000425a:	18c0      	adds	r0, r0, r3
1000425c:	4151      	adcs	r1, r2
1000425e:	4461      	add	r1, ip
10004260:	4770      	bx	lr
	...

10004264 <missing_float_func_shim>:
10004264:	b510      	push	{r4, lr}
10004266:	4801      	ldr	r0, [pc, #4]	; (1000426c <missing_float_func_shim+0x8>)
10004268:	f7fe fb20 	bl	100028ac <panic>
1000426c:	100057bc 	.word	0x100057bc

10004270 <__aeabi_float_init>:
10004270:	b570      	push	{r4, r5, r6, lr}
10004272:	2313      	movs	r3, #19
10004274:	781e      	ldrb	r6, [r3, #0]
10004276:	4818      	ldr	r0, [pc, #96]	; (100042d8 <__aeabi_float_init+0x68>)
10004278:	f7ff fbf8 	bl	10003a6c <rom_data_lookup>
1000427c:	0005      	movs	r5, r0
1000427e:	2e01      	cmp	r6, #1
10004280:	d011      	beq.n	100042a6 <__aeabi_float_init+0x36>
10004282:	2e01      	cmp	r6, #1
10004284:	dd09      	ble.n	1000429a <__aeabi_float_init+0x2a>
10004286:	1eab      	subs	r3, r5, #2
10004288:	781b      	ldrb	r3, [r3, #0]
1000428a:	009b      	lsls	r3, r3, #2
1000428c:	2b7f      	cmp	r3, #127	; 0x7f
1000428e:	dd1d      	ble.n	100042cc <__aeabi_float_init+0x5c>
10004290:	2280      	movs	r2, #128	; 0x80
10004292:	0029      	movs	r1, r5
10004294:	4811      	ldr	r0, [pc, #68]	; (100042dc <__aeabi_float_init+0x6c>)
10004296:	f000 f837 	bl	10004308 <__wrap___aeabi_memcpy>
1000429a:	4811      	ldr	r0, [pc, #68]	; (100042e0 <__aeabi_float_init+0x70>)
1000429c:	f7ff fbde 	bl	10003a5c <rom_func_lookup>
100042a0:	4b10      	ldr	r3, [pc, #64]	; (100042e4 <__aeabi_float_init+0x74>)
100042a2:	6018      	str	r0, [r3, #0]
100042a4:	bd70      	pop	{r4, r5, r6, pc}
100042a6:	2254      	movs	r2, #84	; 0x54
100042a8:	0001      	movs	r1, r0
100042aa:	480c      	ldr	r0, [pc, #48]	; (100042dc <__aeabi_float_init+0x6c>)
100042ac:	f000 f82c 	bl	10004308 <__wrap___aeabi_memcpy>
100042b0:	2300      	movs	r3, #0
100042b2:	e000      	b.n	100042b6 <__aeabi_float_init+0x46>
100042b4:	3301      	adds	r3, #1
100042b6:	2b1f      	cmp	r3, #31
100042b8:	d8e3      	bhi.n	10004282 <__aeabi_float_init+0x12>
100042ba:	009a      	lsls	r2, r3, #2
100042bc:	4c07      	ldr	r4, [pc, #28]	; (100042dc <__aeabi_float_init+0x6c>)
100042be:	5912      	ldr	r2, [r2, r4]
100042c0:	2a00      	cmp	r2, #0
100042c2:	d1f7      	bne.n	100042b4 <__aeabi_float_init+0x44>
100042c4:	009a      	lsls	r2, r3, #2
100042c6:	4808      	ldr	r0, [pc, #32]	; (100042e8 <__aeabi_float_init+0x78>)
100042c8:	5110      	str	r0, [r2, r4]
100042ca:	e7f3      	b.n	100042b4 <__aeabi_float_init+0x44>
100042cc:	4b07      	ldr	r3, [pc, #28]	; (100042ec <__aeabi_float_init+0x7c>)
100042ce:	4a08      	ldr	r2, [pc, #32]	; (100042f0 <__aeabi_float_init+0x80>)
100042d0:	2142      	movs	r1, #66	; 0x42
100042d2:	4808      	ldr	r0, [pc, #32]	; (100042f4 <__aeabi_float_init+0x84>)
100042d4:	f7fe fa50 	bl	10002778 <__assert_func>
100042d8:	00004653 	.word	0x00004653
100042dc:	20000794 	.word	0x20000794
100042e0:	0000334c 	.word	0x0000334c
100042e4:	20000790 	.word	0x20000790
100042e8:	10004265 	.word	0x10004265
100042ec:	10005bc4 	.word	0x10005bc4
100042f0:	10005c5c 	.word	0x10005c5c
100042f4:	10005bf8 	.word	0x10005bf8

100042f8 <__aeabi_mem_init>:
100042f8:	4801      	ldr	r0, [pc, #4]	; (10004300 <__aeabi_mem_init+0x8>)
100042fa:	2104      	movs	r1, #4
100042fc:	4b01      	ldr	r3, [pc, #4]	; (10004304 <__aeabi_mem_init+0xc>)
100042fe:	4718      	bx	r3
10004300:	20000380 	.word	0x20000380
10004304:	10003a7d 	.word	0x10003a7d

10004308 <__wrap___aeabi_memcpy>:
10004308:	4b01      	ldr	r3, [pc, #4]	; (10004310 <__wrap___aeabi_memcpy+0x8>)
1000430a:	685b      	ldr	r3, [r3, #4]
1000430c:	4718      	bx	r3
1000430e:	0000      	.short	0x0000
10004310:	20000380 	.word	0x20000380

10004314 <stdio_out_chars_no_crlf>:
10004314:	b510      	push	{r4, lr}
10004316:	0003      	movs	r3, r0
10004318:	0008      	movs	r0, r1
1000431a:	0011      	movs	r1, r2
1000431c:	681b      	ldr	r3, [r3, #0]
1000431e:	4798      	blx	r3
10004320:	bd10      	pop	{r4, pc}
	...

10004324 <stdio_out_chars_crlf>:
10004324:	b5f8      	push	{r3, r4, r5, r6, r7, lr}
10004326:	0007      	movs	r7, r0
10004328:	000d      	movs	r5, r1
1000432a:	0016      	movs	r6, r2
1000432c:	7d43      	ldrb	r3, [r0, #21]
1000432e:	2b00      	cmp	r3, #0
10004330:	d002      	beq.n	10004338 <stdio_out_chars_crlf+0x14>
10004332:	2400      	movs	r4, #0
10004334:	2000      	movs	r0, #0
10004336:	e00c      	b.n	10004352 <stdio_out_chars_crlf+0x2e>
10004338:	6803      	ldr	r3, [r0, #0]
1000433a:	0011      	movs	r1, r2
1000433c:	0028      	movs	r0, r5
1000433e:	4798      	blx	r3
10004340:	e02d      	b.n	1000439e <stdio_out_chars_crlf+0x7a>
10004342:	7d3b      	ldrb	r3, [r7, #20]
10004344:	e010      	b.n	10004368 <stdio_out_chars_crlf+0x44>
10004346:	2102      	movs	r1, #2
10004348:	4815      	ldr	r0, [pc, #84]	; (100043a0 <stdio_out_chars_crlf+0x7c>)
1000434a:	683b      	ldr	r3, [r7, #0]
1000434c:	4798      	blx	r3
1000434e:	1c60      	adds	r0, r4, #1
10004350:	3401      	adds	r4, #1
10004352:	42b4      	cmp	r4, r6
10004354:	da14      	bge.n	10004380 <stdio_out_chars_crlf+0x5c>
10004356:	2c00      	cmp	r4, #0
10004358:	ddf3      	ble.n	10004342 <stdio_out_chars_crlf+0x1e>
1000435a:	192b      	adds	r3, r5, r4
1000435c:	3b01      	subs	r3, #1
1000435e:	781b      	ldrb	r3, [r3, #0]
10004360:	3b0d      	subs	r3, #13
10004362:	425a      	negs	r2, r3
10004364:	4153      	adcs	r3, r2
10004366:	b2db      	uxtb	r3, r3
10004368:	5d2a      	ldrb	r2, [r5, r4]
1000436a:	2a0a      	cmp	r2, #10
1000436c:	d1f0      	bne.n	10004350 <stdio_out_chars_crlf+0x2c>
1000436e:	2b00      	cmp	r3, #0
10004370:	d1ee      	bne.n	10004350 <stdio_out_chars_crlf+0x2c>
10004372:	42a0      	cmp	r0, r4
10004374:	dae7      	bge.n	10004346 <stdio_out_chars_crlf+0x22>
10004376:	1a21      	subs	r1, r4, r0
10004378:	1828      	adds	r0, r5, r0
1000437a:	683b      	ldr	r3, [r7, #0]
1000437c:	4798      	blx	r3
1000437e:	e7e2      	b.n	10004346 <stdio_out_chars_crlf+0x22>
10004380:	42b0      	cmp	r0, r6
10004382:	da03      	bge.n	1000438c <stdio_out_chars_crlf+0x68>
10004384:	1a31      	subs	r1, r6, r0
10004386:	1828      	adds	r0, r5, r0
10004388:	683b      	ldr	r3, [r7, #0]
1000438a:	4798      	blx	r3
1000438c:	2e00      	cmp	r6, #0
1000438e:	dd06      	ble.n	1000439e <stdio_out_chars_crlf+0x7a>
10004390:	19ad      	adds	r5, r5, r6
10004392:	3d01      	subs	r5, #1
10004394:	782b      	ldrb	r3, [r5, #0]
10004396:	3b0d      	subs	r3, #13
10004398:	425a      	negs	r2, r3
1000439a:	4153      	adcs	r3, r2
1000439c:	753b      	strb	r3, [r7, #20]
1000439e:	bdf8      	pop	{r3, r4, r5, r6, r7, pc}
100043a0:	10005d48 	.word	0x10005d48

100043a4 <stdio_stack_buffer_flush>:
100043a4:	b570      	push	{r4, r5, r6, lr}
100043a6:	0005      	movs	r5, r0
100043a8:	6803      	ldr	r3, [r0, #0]
100043aa:	2b00      	cmp	r3, #0
100043ac:	d016      	beq.n	100043dc <stdio_stack_buffer_flush+0x38>
100043ae:	4b0c      	ldr	r3, [pc, #48]	; (100043e0 <stdio_stack_buffer_flush+0x3c>)
100043b0:	681c      	ldr	r4, [r3, #0]
100043b2:	e005      	b.n	100043c0 <stdio_stack_buffer_flush+0x1c>
100043b4:	0029      	movs	r1, r5
100043b6:	c904      	ldmia	r1!, {r2}
100043b8:	0020      	movs	r0, r4
100043ba:	f7ff ffb3 	bl	10004324 <stdio_out_chars_crlf>
100043be:	6924      	ldr	r4, [r4, #16]
100043c0:	2c00      	cmp	r4, #0
100043c2:	d009      	beq.n	100043d8 <stdio_stack_buffer_flush+0x34>
100043c4:	6823      	ldr	r3, [r4, #0]
100043c6:	2b00      	cmp	r3, #0
100043c8:	d0f9      	beq.n	100043be <stdio_stack_buffer_flush+0x1a>
100043ca:	4b06      	ldr	r3, [pc, #24]	; (100043e4 <stdio_stack_buffer_flush+0x40>)
100043cc:	681b      	ldr	r3, [r3, #0]
100043ce:	2b00      	cmp	r3, #0
100043d0:	d0f0      	beq.n	100043b4 <stdio_stack_buffer_flush+0x10>
100043d2:	42a3      	cmp	r3, r4
100043d4:	d1f3      	bne.n	100043be <stdio_stack_buffer_flush+0x1a>
100043d6:	e7ed      	b.n	100043b4 <stdio_stack_buffer_flush+0x10>
100043d8:	2300      	movs	r3, #0
100043da:	602b      	str	r3, [r5, #0]
100043dc:	bd70      	pop	{r4, r5, r6, pc}
100043de:	46c0      	nop			; (mov r8, r8)
100043e0:	20000668 	.word	0x20000668
100043e4:	2000066c 	.word	0x2000066c

100043e8 <stdio_buffered_printer>:
100043e8:	b570      	push	{r4, r5, r6, lr}
100043ea:	0005      	movs	r5, r0
100043ec:	000c      	movs	r4, r1
100043ee:	680b      	ldr	r3, [r1, #0]
100043f0:	2b80      	cmp	r3, #128	; 0x80
100043f2:	d005      	beq.n	10004400 <stdio_buffered_printer+0x18>
100043f4:	6821      	ldr	r1, [r4, #0]
100043f6:	1c4b      	adds	r3, r1, #1
100043f8:	6023      	str	r3, [r4, #0]
100043fa:	1864      	adds	r4, r4, r1
100043fc:	7125      	strb	r5, [r4, #4]
100043fe:	bd70      	pop	{r4, r5, r6, pc}
10004400:	0008      	movs	r0, r1
10004402:	f7ff ffcf 	bl	100043a4 <stdio_stack_buffer_flush>
10004406:	e7f5      	b.n	100043f4 <stdio_buffered_printer+0xc>

10004408 <stdout_serialize_begin>:
10004408:	b510      	push	{r4, lr}
1000440a:	f7fd f97f 	bl	1000170c <time_us_64>
1000440e:	0002      	movs	r2, r0
10004410:	1e0b      	subs	r3, r1, #0
10004412:	db0b      	blt.n	1000442c <stdout_serialize_begin+0x24>
10004414:	480d      	ldr	r0, [pc, #52]	; (1000444c <stdout_serialize_begin+0x44>)
10004416:	2100      	movs	r1, #0
10004418:	1812      	adds	r2, r2, r0
1000441a:	414b      	adcs	r3, r1
1000441c:	2b00      	cmp	r3, #0
1000441e:	db0b      	blt.n	10004438 <stdout_serialize_begin+0x30>
10004420:	2b00      	cmp	r3, #0
10004422:	db0d      	blt.n	10004440 <stdout_serialize_begin+0x38>
10004424:	480a      	ldr	r0, [pc, #40]	; (10004450 <stdout_serialize_begin+0x48>)
10004426:	f000 fa4f 	bl	100048c8 <__mutex_try_enter_block_until_veneer>
1000442a:	bd10      	pop	{r4, pc}
1000442c:	4b09      	ldr	r3, [pc, #36]	; (10004454 <stdout_serialize_begin+0x4c>)
1000442e:	4a0a      	ldr	r2, [pc, #40]	; (10004458 <stdout_serialize_begin+0x50>)
10004430:	213f      	movs	r1, #63	; 0x3f
10004432:	480a      	ldr	r0, [pc, #40]	; (1000445c <stdout_serialize_begin+0x54>)
10004434:	f7fe f9a0 	bl	10002778 <__assert_func>
10004438:	2201      	movs	r2, #1
1000443a:	4252      	negs	r2, r2
1000443c:	4b08      	ldr	r3, [pc, #32]	; (10004460 <stdout_serialize_begin+0x58>)
1000443e:	e7ef      	b.n	10004420 <stdout_serialize_begin+0x18>
10004440:	4b04      	ldr	r3, [pc, #16]	; (10004454 <stdout_serialize_begin+0x4c>)
10004442:	4a05      	ldr	r2, [pc, #20]	; (10004458 <stdout_serialize_begin+0x50>)
10004444:	213f      	movs	r1, #63	; 0x3f
10004446:	4805      	ldr	r0, [pc, #20]	; (1000445c <stdout_serialize_begin+0x54>)
10004448:	f7fe f996 	bl	10002778 <__assert_func>
1000444c:	000f4240 	.word	0x000f4240
10004450:	200003a8 	.word	0x200003a8
10004454:	10004dec 	.word	0x10004dec
10004458:	10005d30 	.word	0x10005d30
1000445c:	10004e08 	.word	0x10004e08
10004460:	7fffffff 	.word	0x7fffffff

10004464 <stdout_serialize_end>:
10004464:	b510      	push	{r4, lr}
10004466:	4802      	ldr	r0, [pc, #8]	; (10004470 <stdout_serialize_end+0xc>)
10004468:	f000 fa16 	bl	10004898 <__mutex_exit_veneer>
1000446c:	bd10      	pop	{r4, pc}
1000446e:	46c0      	nop			; (mov r8, r8)
10004470:	200003a8 	.word	0x200003a8

10004474 <stdio_put_string>:
10004474:	b5f0      	push	{r4, r5, r6, r7, lr}
10004476:	46ce      	mov	lr, r9
10004478:	4647      	mov	r7, r8
1000447a:	b580      	push	{r7, lr}
1000447c:	b083      	sub	sp, #12
1000447e:	0006      	movs	r6, r0
10004480:	000d      	movs	r5, r1
10004482:	4690      	mov	r8, r2
10004484:	001c      	movs	r4, r3
10004486:	f7ff ffbf 	bl	10004408 <stdout_serialize_begin>
1000448a:	4681      	mov	r9, r0
1000448c:	1c6b      	adds	r3, r5, #1
1000448e:	d005      	beq.n	1000449c <stdio_put_string+0x28>
10004490:	2c00      	cmp	r4, #0
10004492:	d008      	beq.n	100044a6 <stdio_put_string+0x32>
10004494:	4f19      	ldr	r7, [pc, #100]	; (100044fc <stdio_put_string+0x88>)
10004496:	4b1a      	ldr	r3, [pc, #104]	; (10004500 <stdio_put_string+0x8c>)
10004498:	681c      	ldr	r4, [r3, #0]
1000449a:	e007      	b.n	100044ac <stdio_put_string+0x38>
1000449c:	0030      	movs	r0, r6
1000449e:	f000 f9cb 	bl	10004838 <strlen>
100044a2:	0005      	movs	r5, r0
100044a4:	e7f4      	b.n	10004490 <stdio_put_string+0x1c>
100044a6:	4f17      	ldr	r7, [pc, #92]	; (10004504 <stdio_put_string+0x90>)
100044a8:	e7f5      	b.n	10004496 <stdio_put_string+0x22>
100044aa:	6924      	ldr	r4, [r4, #16]
100044ac:	2c00      	cmp	r4, #0
100044ae:	d017      	beq.n	100044e0 <stdio_put_string+0x6c>
100044b0:	6823      	ldr	r3, [r4, #0]
100044b2:	2b00      	cmp	r3, #0
100044b4:	d0f9      	beq.n	100044aa <stdio_put_string+0x36>
100044b6:	4b14      	ldr	r3, [pc, #80]	; (10004508 <stdio_put_string+0x94>)
100044b8:	681b      	ldr	r3, [r3, #0]
100044ba:	2b00      	cmp	r3, #0
100044bc:	d001      	beq.n	100044c2 <stdio_put_string+0x4e>
100044be:	42a3      	cmp	r3, r4
100044c0:	d1f3      	bne.n	100044aa <stdio_put_string+0x36>
100044c2:	002a      	movs	r2, r5
100044c4:	0031      	movs	r1, r6
100044c6:	0020      	movs	r0, r4
100044c8:	47b8      	blx	r7
100044ca:	4643      	mov	r3, r8
100044cc:	2b00      	cmp	r3, #0
100044ce:	d0ec      	beq.n	100044aa <stdio_put_string+0x36>
100044d0:	466b      	mov	r3, sp
100044d2:	1dd9      	adds	r1, r3, #7
100044d4:	230a      	movs	r3, #10
100044d6:	700b      	strb	r3, [r1, #0]
100044d8:	2201      	movs	r2, #1
100044da:	0020      	movs	r0, r4
100044dc:	47b8      	blx	r7
100044de:	e7e4      	b.n	100044aa <stdio_put_string+0x36>
100044e0:	464b      	mov	r3, r9
100044e2:	2b00      	cmp	r3, #0
100044e4:	d107      	bne.n	100044f6 <stdio_put_string+0x82>
100044e6:	1e6b      	subs	r3, r5, #1
100044e8:	419d      	sbcs	r5, r3
100044ea:	b2e8      	uxtb	r0, r5
100044ec:	b003      	add	sp, #12
100044ee:	bcc0      	pop	{r6, r7}
100044f0:	46b9      	mov	r9, r7
100044f2:	46b0      	mov	r8, r6
100044f4:	bdf0      	pop	{r4, r5, r6, r7, pc}
100044f6:	f7ff ffb5 	bl	10004464 <stdout_serialize_end>
100044fa:	e7f4      	b.n	100044e6 <stdio_put_string+0x72>
100044fc:	10004315 	.word	0x10004315
10004500:	20000668 	.word	0x20000668
10004504:	10004325 	.word	0x10004325
10004508:	2000066c 	.word	0x2000066c

1000450c <stdio_set_driver_enabled>:
1000450c:	4a09      	ldr	r2, [pc, #36]	; (10004534 <stdio_set_driver_enabled+0x28>)
1000450e:	e001      	b.n	10004514 <stdio_set_driver_enabled+0x8>
10004510:	3310      	adds	r3, #16
10004512:	001a      	movs	r2, r3
10004514:	6813      	ldr	r3, [r2, #0]
10004516:	2b00      	cmp	r3, #0
10004518:	d008      	beq.n	1000452c <stdio_set_driver_enabled+0x20>
1000451a:	4283      	cmp	r3, r0
1000451c:	d1f8      	bne.n	10004510 <stdio_set_driver_enabled+0x4>
1000451e:	2900      	cmp	r1, #0
10004520:	d107      	bne.n	10004532 <stdio_set_driver_enabled+0x26>
10004522:	6903      	ldr	r3, [r0, #16]
10004524:	6013      	str	r3, [r2, #0]
10004526:	2300      	movs	r3, #0
10004528:	6103      	str	r3, [r0, #16]
1000452a:	e002      	b.n	10004532 <stdio_set_driver_enabled+0x26>
1000452c:	2900      	cmp	r1, #0
1000452e:	d000      	beq.n	10004532 <stdio_set_driver_enabled+0x26>
10004530:	6010      	str	r0, [r2, #0]
10004532:	4770      	bx	lr
10004534:	20000668 	.word	0x20000668

10004538 <stdio_flush>:
10004538:	b510      	push	{r4, lr}
1000453a:	4b06      	ldr	r3, [pc, #24]	; (10004554 <stdio_flush+0x1c>)
1000453c:	681c      	ldr	r4, [r3, #0]
1000453e:	e001      	b.n	10004544 <stdio_flush+0xc>
10004540:	4798      	blx	r3
10004542:	6924      	ldr	r4, [r4, #16]
10004544:	2c00      	cmp	r4, #0
10004546:	d003      	beq.n	10004550 <stdio_flush+0x18>
10004548:	6863      	ldr	r3, [r4, #4]
1000454a:	2b00      	cmp	r3, #0
1000454c:	d1f8      	bne.n	10004540 <stdio_flush+0x8>
1000454e:	e7f8      	b.n	10004542 <stdio_flush+0xa>
10004550:	bd10      	pop	{r4, pc}
10004552:	46c0      	nop			; (mov r8, r8)
10004554:	20000668 	.word	0x20000668

10004558 <__wrap_puts>:
10004558:	b570      	push	{r4, r5, r6, lr}
1000455a:	0005      	movs	r5, r0
1000455c:	f000 f96c 	bl	10004838 <strlen>
10004560:	0004      	movs	r4, r0
10004562:	2300      	movs	r3, #0
10004564:	2201      	movs	r2, #1
10004566:	0001      	movs	r1, r0
10004568:	0028      	movs	r0, r5
1000456a:	f7ff ff83 	bl	10004474 <stdio_put_string>
1000456e:	f7ff ffe3 	bl	10004538 <stdio_flush>
10004572:	0020      	movs	r0, r4
10004574:	bd70      	pop	{r4, r5, r6, pc}
	...

10004578 <__wrap_vprintf>:
10004578:	b570      	push	{r4, r5, r6, lr}
1000457a:	b0a2      	sub	sp, #136	; 0x88
1000457c:	0004      	movs	r4, r0
1000457e:	000e      	movs	r6, r1
10004580:	f7ff ff42 	bl	10004408 <stdout_serialize_begin>
10004584:	0005      	movs	r5, r0
10004586:	2300      	movs	r3, #0
10004588:	9301      	str	r3, [sp, #4]
1000458a:	0033      	movs	r3, r6
1000458c:	0022      	movs	r2, r4
1000458e:	a901      	add	r1, sp, #4
10004590:	4808      	ldr	r0, [pc, #32]	; (100045b4 <__wrap_vprintf+0x3c>)
10004592:	f7ff fa4b 	bl	10003a2c <vfctprintf>
10004596:	0004      	movs	r4, r0
10004598:	a801      	add	r0, sp, #4
1000459a:	f7ff ff03 	bl	100043a4 <stdio_stack_buffer_flush>
1000459e:	f7ff ffcb 	bl	10004538 <stdio_flush>
100045a2:	2d00      	cmp	r5, #0
100045a4:	d102      	bne.n	100045ac <__wrap_vprintf+0x34>
100045a6:	0020      	movs	r0, r4
100045a8:	b022      	add	sp, #136	; 0x88
100045aa:	bd70      	pop	{r4, r5, r6, pc}
100045ac:	f7ff ff5a 	bl	10004464 <stdout_serialize_end>
100045b0:	e7f9      	b.n	100045a6 <__wrap_vprintf+0x2e>
100045b2:	46c0      	nop			; (mov r8, r8)
100045b4:	100043e9 	.word	0x100043e9

100045b8 <__wrap_printf>:
100045b8:	b40f      	push	{r0, r1, r2, r3}
100045ba:	b500      	push	{lr}
100045bc:	b083      	sub	sp, #12
100045be:	a904      	add	r1, sp, #16
100045c0:	c901      	ldmia	r1!, {r0}
100045c2:	9101      	str	r1, [sp, #4]
100045c4:	f7ff ffd8 	bl	10004578 <__wrap_vprintf>
100045c8:	b003      	add	sp, #12
100045ca:	bc08      	pop	{r3}
100045cc:	b004      	add	sp, #16
100045ce:	4718      	bx	r3

100045d0 <stdio_init_all>:
100045d0:	b510      	push	{r4, lr}
100045d2:	f000 f8f9 	bl	100047c8 <stdio_uart_init>
100045d6:	2001      	movs	r0, #1
100045d8:	bd10      	pop	{r4, pc}
	...

100045dc <stdio_uart_out_chars>:
100045dc:	b5f0      	push	{r4, r5, r6, r7, lr}
100045de:	b083      	sub	sp, #12
100045e0:	0005      	movs	r5, r0
100045e2:	000e      	movs	r6, r1
100045e4:	2400      	movs	r4, #0
100045e6:	e00f      	b.n	10004608 <stdio_uart_out_chars+0x2c>
100045e8:	466b      	mov	r3, sp
100045ea:	1dd9      	adds	r1, r3, #7
100045ec:	230d      	movs	r3, #13
100045ee:	700b      	strb	r3, [r1, #0]
100045f0:	2000      	movs	r0, #0
100045f2:	2800      	cmp	r0, #0
100045f4:	d116      	bne.n	10004624 <stdio_uart_out_chars+0x48>
100045f6:	6993      	ldr	r3, [r2, #24]
100045f8:	069b      	lsls	r3, r3, #26
100045fa:	d4fc      	bmi.n	100045f6 <stdio_uart_out_chars+0x1a>
100045fc:	780b      	ldrb	r3, [r1, #0]
100045fe:	6013      	str	r3, [r2, #0]
10004600:	3001      	adds	r0, #1
10004602:	3101      	adds	r1, #1
10004604:	e7f5      	b.n	100045f2 <stdio_uart_out_chars+0x16>
10004606:	3401      	adds	r4, #1
10004608:	42b4      	cmp	r4, r6
1000460a:	da19      	bge.n	10004640 <stdio_uart_out_chars+0x64>
1000460c:	4b0d      	ldr	r3, [pc, #52]	; (10004644 <stdio_uart_out_chars+0x68>)
1000460e:	681a      	ldr	r2, [r3, #0]
10004610:	5d2f      	ldrb	r7, [r5, r4]
10004612:	4b0d      	ldr	r3, [pc, #52]	; (10004648 <stdio_uart_out_chars+0x6c>)
10004614:	18d3      	adds	r3, r2, r3
10004616:	4259      	negs	r1, r3
10004618:	414b      	adcs	r3, r1
1000461a:	005b      	lsls	r3, r3, #1
1000461c:	490b      	ldr	r1, [pc, #44]	; (1000464c <stdio_uart_out_chars+0x70>)
1000461e:	5e5b      	ldrsh	r3, [r3, r1]
10004620:	42bb      	cmp	r3, r7
10004622:	d0e1      	beq.n	100045e8 <stdio_uart_out_chars+0xc>
10004624:	466b      	mov	r3, sp
10004626:	1dd9      	adds	r1, r3, #7
10004628:	700f      	strb	r7, [r1, #0]
1000462a:	2000      	movs	r0, #0
1000462c:	2800      	cmp	r0, #0
1000462e:	d1ea      	bne.n	10004606 <stdio_uart_out_chars+0x2a>
10004630:	6993      	ldr	r3, [r2, #24]
10004632:	069b      	lsls	r3, r3, #26
10004634:	d4fc      	bmi.n	10004630 <stdio_uart_out_chars+0x54>
10004636:	780b      	ldrb	r3, [r1, #0]
10004638:	6013      	str	r3, [r2, #0]
1000463a:	3001      	adds	r0, #1
1000463c:	3101      	adds	r1, #1
1000463e:	e7f5      	b.n	1000462c <stdio_uart_out_chars+0x50>
10004640:	b003      	add	sp, #12
10004642:	bdf0      	pop	{r4, r5, r6, r7, pc}
10004644:	200008ac 	.word	0x200008ac
10004648:	bffc8000 	.word	0xbffc8000
1000464c:	200008a8 	.word	0x200008a8

10004650 <stdio_uart_in_chars>:
10004650:	b5f0      	push	{r4, r5, r6, r7, lr}
10004652:	b083      	sub	sp, #12
10004654:	0006      	movs	r6, r0
10004656:	000f      	movs	r7, r1
10004658:	2500      	movs	r5, #0
1000465a:	e004      	b.n	10004666 <stdio_uart_in_chars+0x16>
1000465c:	466b      	mov	r3, sp
1000465e:	3307      	adds	r3, #7
10004660:	781b      	ldrb	r3, [r3, #0]
10004662:	702b      	strb	r3, [r5, #0]
10004664:	0025      	movs	r5, r4
10004666:	42bd      	cmp	r5, r7
10004668:	da15      	bge.n	10004696 <stdio_uart_in_chars+0x46>
1000466a:	4b17      	ldr	r3, [pc, #92]	; (100046c8 <stdio_uart_in_chars+0x78>)
1000466c:	681a      	ldr	r2, [r3, #0]
1000466e:	6993      	ldr	r3, [r2, #24]
10004670:	2410      	movs	r4, #16
10004672:	0021      	movs	r1, r4
10004674:	4019      	ands	r1, r3
10004676:	421c      	tst	r4, r3
10004678:	d10d      	bne.n	10004696 <stdio_uart_in_chars+0x46>
1000467a:	1c6c      	adds	r4, r5, #1
1000467c:	1975      	adds	r5, r6, r5
1000467e:	466b      	mov	r3, sp
10004680:	1dd8      	adds	r0, r3, #7
10004682:	2900      	cmp	r1, #0
10004684:	d1ea      	bne.n	1000465c <stdio_uart_in_chars+0xc>
10004686:	6993      	ldr	r3, [r2, #24]
10004688:	06db      	lsls	r3, r3, #27
1000468a:	d4fc      	bmi.n	10004686 <stdio_uart_in_chars+0x36>
1000468c:	6813      	ldr	r3, [r2, #0]
1000468e:	7003      	strb	r3, [r0, #0]
10004690:	3101      	adds	r1, #1
10004692:	3001      	adds	r0, #1
10004694:	e7f5      	b.n	10004682 <stdio_uart_in_chars+0x32>
10004696:	4b0d      	ldr	r3, [pc, #52]	; (100046cc <stdio_uart_in_chars+0x7c>)
10004698:	681b      	ldr	r3, [r3, #0]
1000469a:	2b00      	cmp	r3, #0
1000469c:	d00c      	beq.n	100046b8 <stdio_uart_in_chars+0x68>
1000469e:	4b0a      	ldr	r3, [pc, #40]	; (100046c8 <stdio_uart_in_chars+0x78>)
100046a0:	681a      	ldr	r2, [r3, #0]
100046a2:	2350      	movs	r3, #80	; 0x50
100046a4:	6393      	str	r3, [r2, #56]	; 0x38
100046a6:	0011      	movs	r1, r2
100046a8:	3134      	adds	r1, #52	; 0x34
100046aa:	6b53      	ldr	r3, [r2, #52]	; 0x34
100046ac:	2238      	movs	r2, #56	; 0x38
100046ae:	401a      	ands	r2, r3
100046b0:	2380      	movs	r3, #128	; 0x80
100046b2:	015b      	lsls	r3, r3, #5
100046b4:	430b      	orrs	r3, r1
100046b6:	601a      	str	r2, [r3, #0]
100046b8:	2d00      	cmp	r5, #0
100046ba:	d002      	beq.n	100046c2 <stdio_uart_in_chars+0x72>
100046bc:	0028      	movs	r0, r5
100046be:	b003      	add	sp, #12
100046c0:	bdf0      	pop	{r4, r5, r6, r7, pc}
100046c2:	3d03      	subs	r5, #3
100046c4:	e7fa      	b.n	100046bc <stdio_uart_in_chars+0x6c>
100046c6:	46c0      	nop			; (mov r8, r8)
100046c8:	200008ac 	.word	0x200008ac
100046cc:	200004f4 	.word	0x200004f4

100046d0 <on_uart_rx>:
100046d0:	b510      	push	{r4, lr}
100046d2:	4b06      	ldr	r3, [pc, #24]	; (100046ec <on_uart_rx+0x1c>)
100046d4:	681b      	ldr	r3, [r3, #0]
100046d6:	2b00      	cmp	r3, #0
100046d8:	d006      	beq.n	100046e8 <on_uart_rx+0x18>
100046da:	4a05      	ldr	r2, [pc, #20]	; (100046f0 <on_uart_rx+0x20>)
100046dc:	6812      	ldr	r2, [r2, #0]
100046de:	2100      	movs	r1, #0
100046e0:	6391      	str	r1, [r2, #56]	; 0x38
100046e2:	4a04      	ldr	r2, [pc, #16]	; (100046f4 <on_uart_rx+0x24>)
100046e4:	6810      	ldr	r0, [r2, #0]
100046e6:	4798      	blx	r3
100046e8:	bd10      	pop	{r4, pc}
100046ea:	46c0      	nop			; (mov r8, r8)
100046ec:	200004f4 	.word	0x200004f4
100046f0:	200008ac 	.word	0x200008ac
100046f4:	200004f8 	.word	0x200004f8

100046f8 <stdio_uart_set_chars_available_callback>:
100046f8:	b570      	push	{r4, r5, r6, lr}
100046fa:	0004      	movs	r4, r0
100046fc:	000e      	movs	r6, r1
100046fe:	4b1c      	ldr	r3, [pc, #112]	; (10004770 <stdio_uart_set_chars_available_callback+0x78>)
10004700:	681b      	ldr	r3, [r3, #0]
10004702:	4a1c      	ldr	r2, [pc, #112]	; (10004774 <stdio_uart_set_chars_available_callback+0x7c>)
10004704:	1898      	adds	r0, r3, r2
10004706:	4242      	negs	r2, r0
10004708:	4150      	adcs	r0, r2
1000470a:	3014      	adds	r0, #20
1000470c:	0005      	movs	r5, r0
1000470e:	2c00      	cmp	r4, #0
10004710:	d003      	beq.n	1000471a <stdio_uart_set_chars_available_callback+0x22>
10004712:	4a19      	ldr	r2, [pc, #100]	; (10004778 <stdio_uart_set_chars_available_callback+0x80>)
10004714:	6812      	ldr	r2, [r2, #0]
10004716:	2a00      	cmp	r2, #0
10004718:	d006      	beq.n	10004728 <stdio_uart_set_chars_available_callback+0x30>
1000471a:	2c00      	cmp	r4, #0
1000471c:	d019      	beq.n	10004752 <stdio_uart_set_chars_available_callback+0x5a>
1000471e:	4b16      	ldr	r3, [pc, #88]	; (10004778 <stdio_uart_set_chars_available_callback+0x80>)
10004720:	601c      	str	r4, [r3, #0]
10004722:	4b16      	ldr	r3, [pc, #88]	; (1000477c <stdio_uart_set_chars_available_callback+0x84>)
10004724:	601e      	str	r6, [r3, #0]
10004726:	bd70      	pop	{r4, r5, r6, pc}
10004728:	4915      	ldr	r1, [pc, #84]	; (10004780 <stdio_uart_set_chars_available_callback+0x88>)
1000472a:	f7fd f993 	bl	10001a54 <irq_set_exclusive_handler>
1000472e:	2101      	movs	r1, #1
10004730:	0028      	movs	r0, r5
10004732:	f7fd f97f 	bl	10001a34 <irq_set_enabled>
10004736:	4b0e      	ldr	r3, [pc, #56]	; (10004770 <stdio_uart_set_chars_available_callback+0x78>)
10004738:	681a      	ldr	r2, [r3, #0]
1000473a:	2350      	movs	r3, #80	; 0x50
1000473c:	6393      	str	r3, [r2, #56]	; 0x38
1000473e:	0011      	movs	r1, r2
10004740:	3134      	adds	r1, #52	; 0x34
10004742:	6b53      	ldr	r3, [r2, #52]	; 0x34
10004744:	2238      	movs	r2, #56	; 0x38
10004746:	401a      	ands	r2, r3
10004748:	2380      	movs	r3, #128	; 0x80
1000474a:	015b      	lsls	r3, r3, #5
1000474c:	430b      	orrs	r3, r1
1000474e:	601a      	str	r2, [r3, #0]
10004750:	e7e5      	b.n	1000471e <stdio_uart_set_chars_available_callback+0x26>
10004752:	4a09      	ldr	r2, [pc, #36]	; (10004778 <stdio_uart_set_chars_available_callback+0x80>)
10004754:	6812      	ldr	r2, [r2, #0]
10004756:	2a00      	cmp	r2, #0
10004758:	d0e1      	beq.n	1000471e <stdio_uart_set_chars_available_callback+0x26>
1000475a:	2200      	movs	r2, #0
1000475c:	639a      	str	r2, [r3, #56]	; 0x38
1000475e:	2100      	movs	r1, #0
10004760:	0028      	movs	r0, r5
10004762:	f7fd f967 	bl	10001a34 <irq_set_enabled>
10004766:	4906      	ldr	r1, [pc, #24]	; (10004780 <stdio_uart_set_chars_available_callback+0x88>)
10004768:	0028      	movs	r0, r5
1000476a:	f7fd f99d 	bl	10001aa8 <irq_remove_handler>
1000476e:	e7d6      	b.n	1000471e <stdio_uart_set_chars_available_callback+0x26>
10004770:	200008ac 	.word	0x200008ac
10004774:	bffc8000 	.word	0xbffc8000
10004778:	200004f4 	.word	0x200004f4
1000477c:	200004f8 	.word	0x200004f8
10004780:	100046d1 	.word	0x100046d1

10004784 <stdio_uart_init_full>:
10004784:	b570      	push	{r4, r5, r6, lr}
10004786:	000d      	movs	r5, r1
10004788:	001c      	movs	r4, r3
1000478a:	4b0d      	ldr	r3, [pc, #52]	; (100047c0 <stdio_uart_init_full+0x3c>)
1000478c:	6018      	str	r0, [r3, #0]
1000478e:	2a00      	cmp	r2, #0
10004790:	da0b      	bge.n	100047aa <stdio_uart_init_full+0x26>
10004792:	2c00      	cmp	r4, #0
10004794:	da0e      	bge.n	100047b4 <stdio_uart_init_full+0x30>
10004796:	4b0a      	ldr	r3, [pc, #40]	; (100047c0 <stdio_uart_init_full+0x3c>)
10004798:	6818      	ldr	r0, [r3, #0]
1000479a:	0029      	movs	r1, r5
1000479c:	f7fd ffa6 	bl	100026ec <uart_init>
100047a0:	2101      	movs	r1, #1
100047a2:	4808      	ldr	r0, [pc, #32]	; (100047c4 <stdio_uart_init_full+0x40>)
100047a4:	f7ff feb2 	bl	1000450c <stdio_set_driver_enabled>
100047a8:	bd70      	pop	{r4, r5, r6, pc}
100047aa:	2102      	movs	r1, #2
100047ac:	0010      	movs	r0, r2
100047ae:	f7fd fe25 	bl	100023fc <gpio_set_function>
100047b2:	e7ee      	b.n	10004792 <stdio_uart_init_full+0xe>
100047b4:	2102      	movs	r1, #2
100047b6:	0020      	movs	r0, r4
100047b8:	f7fd fe20 	bl	100023fc <gpio_set_function>
100047bc:	e7eb      	b.n	10004796 <stdio_uart_init_full+0x12>
100047be:	46c0      	nop			; (mov r8, r8)
100047c0:	200008ac 	.word	0x200008ac
100047c4:	20000390 	.word	0x20000390

100047c8 <stdio_uart_init>:
100047c8:	b510      	push	{r4, lr}
100047ca:	4b06      	ldr	r3, [pc, #24]	; (100047e4 <stdio_uart_init+0x1c>)
100047cc:	781b      	ldrb	r3, [r3, #0]
100047ce:	4b06      	ldr	r3, [pc, #24]	; (100047e8 <stdio_uart_init+0x20>)
100047d0:	781b      	ldrb	r3, [r3, #0]
100047d2:	21e1      	movs	r1, #225	; 0xe1
100047d4:	2301      	movs	r3, #1
100047d6:	2200      	movs	r2, #0
100047d8:	0249      	lsls	r1, r1, #9
100047da:	4804      	ldr	r0, [pc, #16]	; (100047ec <stdio_uart_init+0x24>)
100047dc:	f7ff ffd2 	bl	10004784 <stdio_uart_init_full>
100047e0:	bd10      	pop	{r4, pc}
100047e2:	46c0      	nop			; (mov r8, r8)
100047e4:	10005dac 	.word	0x10005dac
100047e8:	10005db0 	.word	0x10005db0
100047ec:	40034000 	.word	0x40034000

100047f0 <memcmp>:
100047f0:	b530      	push	{r4, r5, lr}
100047f2:	2a03      	cmp	r2, #3
100047f4:	d90c      	bls.n	10004810 <memcmp+0x20>
100047f6:	0003      	movs	r3, r0
100047f8:	430b      	orrs	r3, r1
100047fa:	079b      	lsls	r3, r3, #30
100047fc:	d119      	bne.n	10004832 <memcmp+0x42>
100047fe:	6803      	ldr	r3, [r0, #0]
10004800:	680c      	ldr	r4, [r1, #0]
10004802:	42a3      	cmp	r3, r4
10004804:	d115      	bne.n	10004832 <memcmp+0x42>
10004806:	3a04      	subs	r2, #4
10004808:	3004      	adds	r0, #4
1000480a:	3104      	adds	r1, #4
1000480c:	2a03      	cmp	r2, #3
1000480e:	d8f6      	bhi.n	100047fe <memcmp+0xe>
10004810:	1e55      	subs	r5, r2, #1
10004812:	2a00      	cmp	r2, #0
10004814:	d00b      	beq.n	1000482e <memcmp+0x3e>
10004816:	2300      	movs	r3, #0
10004818:	e003      	b.n	10004822 <memcmp+0x32>
1000481a:	1c5a      	adds	r2, r3, #1
1000481c:	429d      	cmp	r5, r3
1000481e:	d006      	beq.n	1000482e <memcmp+0x3e>
10004820:	0013      	movs	r3, r2
10004822:	5cc2      	ldrb	r2, [r0, r3]
10004824:	5ccc      	ldrb	r4, [r1, r3]
10004826:	42a2      	cmp	r2, r4
10004828:	d0f7      	beq.n	1000481a <memcmp+0x2a>
1000482a:	1b10      	subs	r0, r2, r4
1000482c:	e000      	b.n	10004830 <memcmp+0x40>
1000482e:	2000      	movs	r0, #0
10004830:	bd30      	pop	{r4, r5, pc}
10004832:	1e55      	subs	r5, r2, #1
10004834:	e7ef      	b.n	10004816 <memcmp+0x26>
10004836:	46c0      	nop			; (mov r8, r8)

10004838 <strlen>:
10004838:	b510      	push	{r4, lr}
1000483a:	0783      	lsls	r3, r0, #30
1000483c:	d00a      	beq.n	10004854 <strlen+0x1c>
1000483e:	0003      	movs	r3, r0
10004840:	2103      	movs	r1, #3
10004842:	e002      	b.n	1000484a <strlen+0x12>
10004844:	3301      	adds	r3, #1
10004846:	420b      	tst	r3, r1
10004848:	d005      	beq.n	10004856 <strlen+0x1e>
1000484a:	781a      	ldrb	r2, [r3, #0]
1000484c:	2a00      	cmp	r2, #0
1000484e:	d1f9      	bne.n	10004844 <strlen+0xc>
10004850:	1a18      	subs	r0, r3, r0
10004852:	bd10      	pop	{r4, pc}
10004854:	0003      	movs	r3, r0
10004856:	6819      	ldr	r1, [r3, #0]
10004858:	4a0c      	ldr	r2, [pc, #48]	; (1000488c <strlen+0x54>)
1000485a:	4c0d      	ldr	r4, [pc, #52]	; (10004890 <strlen+0x58>)
1000485c:	188a      	adds	r2, r1, r2
1000485e:	438a      	bics	r2, r1
10004860:	4222      	tst	r2, r4
10004862:	d10f      	bne.n	10004884 <strlen+0x4c>
10004864:	6859      	ldr	r1, [r3, #4]
10004866:	4a09      	ldr	r2, [pc, #36]	; (1000488c <strlen+0x54>)
10004868:	3304      	adds	r3, #4
1000486a:	188a      	adds	r2, r1, r2
1000486c:	438a      	bics	r2, r1
1000486e:	4222      	tst	r2, r4
10004870:	d108      	bne.n	10004884 <strlen+0x4c>
10004872:	6859      	ldr	r1, [r3, #4]
10004874:	4a05      	ldr	r2, [pc, #20]	; (1000488c <strlen+0x54>)
10004876:	3304      	adds	r3, #4
10004878:	188a      	adds	r2, r1, r2
1000487a:	438a      	bics	r2, r1
1000487c:	4222      	tst	r2, r4
1000487e:	d0f1      	beq.n	10004864 <strlen+0x2c>
10004880:	e000      	b.n	10004884 <strlen+0x4c>
10004882:	3301      	adds	r3, #1
10004884:	781a      	ldrb	r2, [r3, #0]
10004886:	2a00      	cmp	r2, #0
10004888:	d1fb      	bne.n	10004882 <strlen+0x4a>
1000488a:	e7e1      	b.n	10004850 <strlen+0x18>
1000488c:	fefefeff 	.word	0xfefefeff
10004890:	80808080 	.word	0x80808080

10004894 <_fini>:
10004894:	b5f8      	push	{r3, r4, r5, r6, r7, lr}
10004896:	46c0      	nop			; (mov r8, r8)

10004898 <__mutex_exit_veneer>:
10004898:	b401      	push	{r0}
1000489a:	4802      	ldr	r0, [pc, #8]	; (100048a4 <__mutex_exit_veneer+0xc>)
1000489c:	4684      	mov	ip, r0
1000489e:	bc01      	pop	{r0}
100048a0:	4760      	bx	ip
100048a2:	bf00      	nop
100048a4:	2000026d 	.word	0x2000026d

100048a8 <____aeabi_ldiv0_veneer>:
100048a8:	b401      	push	{r0}
100048aa:	4802      	ldr	r0, [pc, #8]	; (100048b4 <____aeabi_ldiv0_veneer+0xc>)
100048ac:	4684      	mov	ip, r0
100048ae:	bc01      	pop	{r0}
100048b0:	4760      	bx	ip
100048b2:	bf00      	nop
100048b4:	200002b9 	.word	0x200002b9

100048b8 <____aeabi_idiv0_veneer>:
100048b8:	b401      	push	{r0}
100048ba:	4802      	ldr	r0, [pc, #8]	; (100048c4 <____aeabi_idiv0_veneer+0xc>)
100048bc:	4684      	mov	ip, r0
100048be:	bc01      	pop	{r0}
100048c0:	4760      	bx	ip
100048c2:	bf00      	nop
100048c4:	200002b9 	.word	0x200002b9

100048c8 <__mutex_try_enter_block_until_veneer>:
100048c8:	b401      	push	{r0}
100048ca:	4802      	ldr	r0, [pc, #8]	; (100048d4 <__mutex_try_enter_block_until_veneer+0xc>)
100048cc:	4684      	mov	ip, r0
100048ce:	bc01      	pop	{r0}
100048d0:	4760      	bx	ip
100048d2:	bf00      	nop
100048d4:	20000239 	.word	0x20000239

Disassembly of section .data:

200000c0 <i2c_slave_irq_handler>:
200000c0:	b5f8      	push	{r3, r4, r5, r6, r7, lr}
200000c2:	46ce      	mov	lr, r9
200000c4:	4647      	mov	r7, r8
200000c6:	b580      	push	{r7, lr}
200000c8:	f3ef 8305 	mrs	r3, IPSR
200000cc:	001d      	movs	r5, r3
200000ce:	3d27      	subs	r5, #39	; 0x27
200000d0:	2b27      	cmp	r3, #39	; 0x27
200000d2:	d009      	beq.n	200000e8 <i2c_slave_irq_handler+0x28>
200000d4:	4f20      	ldr	r7, [pc, #128]	; (20000158 <i2c_slave_irq_handler+0x98>)
200000d6:	683e      	ldr	r6, [r7, #0]
200000d8:	6af4      	ldr	r4, [r6, #44]	; 0x2c
200000da:	2c00      	cmp	r4, #0
200000dc:	d035      	beq.n	2000014a <i2c_slave_irq_handler+0x8a>
200000de:	0663      	lsls	r3, r4, #25
200000e0:	d504      	bpl.n	200000ec <i2c_slave_irq_handler+0x2c>
200000e2:	6d73      	ldr	r3, [r6, #84]	; 0x54
200000e4:	2301      	movs	r3, #1
200000e6:	e002      	b.n	200000ee <i2c_slave_irq_handler+0x2e>
200000e8:	4f1c      	ldr	r7, [pc, #112]	; (2000015c <i2c_slave_irq_handler+0x9c>)
200000ea:	e7f4      	b.n	200000d6 <i2c_slave_irq_handler+0x16>
200000ec:	2300      	movs	r3, #0
200000ee:	0562      	lsls	r2, r4, #21
200000f0:	d501      	bpl.n	200000f6 <i2c_slave_irq_handler+0x36>
200000f2:	6e73      	ldr	r3, [r6, #100]	; 0x64
200000f4:	2301      	movs	r3, #1
200000f6:	05a2      	lsls	r2, r4, #22
200000f8:	d52b      	bpl.n	20000152 <i2c_slave_irq_handler+0x92>
200000fa:	6e33      	ldr	r3, [r6, #96]	; 0x60
200000fc:	00ea      	lsls	r2, r5, #3
200000fe:	4b18      	ldr	r3, [pc, #96]	; (20000160 <i2c_slave_irq_handler+0xa0>)
20000100:	189b      	adds	r3, r3, r2
20000102:	791b      	ldrb	r3, [r3, #4]
20000104:	2b00      	cmp	r3, #0
20000106:	d00a      	beq.n	2000011e <i2c_slave_irq_handler+0x5e>
20000108:	4b15      	ldr	r3, [pc, #84]	; (20000160 <i2c_slave_irq_handler+0xa0>)
2000010a:	4698      	mov	r8, r3
2000010c:	4691      	mov	r9, r2
2000010e:	2102      	movs	r1, #2
20000110:	0038      	movs	r0, r7
20000112:	58d3      	ldr	r3, [r2, r3]
20000114:	4798      	blx	r3
20000116:	4643      	mov	r3, r8
20000118:	444b      	add	r3, r9
2000011a:	2200      	movs	r2, #0
2000011c:	711a      	strb	r2, [r3, #4]
2000011e:	0763      	lsls	r3, r4, #29
20000120:	d508      	bpl.n	20000134 <i2c_slave_irq_handler+0x74>
20000122:	4b0f      	ldr	r3, [pc, #60]	; (20000160 <i2c_slave_irq_handler+0xa0>)
20000124:	00ea      	lsls	r2, r5, #3
20000126:	1899      	adds	r1, r3, r2
20000128:	2001      	movs	r0, #1
2000012a:	7108      	strb	r0, [r1, #4]
2000012c:	58d3      	ldr	r3, [r2, r3]
2000012e:	2100      	movs	r1, #0
20000130:	0038      	movs	r0, r7
20000132:	4798      	blx	r3
20000134:	06a3      	lsls	r3, r4, #26
20000136:	d508      	bpl.n	2000014a <i2c_slave_irq_handler+0x8a>
20000138:	6d33      	ldr	r3, [r6, #80]	; 0x50
2000013a:	4b09      	ldr	r3, [pc, #36]	; (20000160 <i2c_slave_irq_handler+0xa0>)
2000013c:	00ed      	lsls	r5, r5, #3
2000013e:	195a      	adds	r2, r3, r5
20000140:	2101      	movs	r1, #1
20000142:	7111      	strb	r1, [r2, #4]
20000144:	58eb      	ldr	r3, [r5, r3]
20000146:	0038      	movs	r0, r7
20000148:	4798      	blx	r3
2000014a:	bcc0      	pop	{r6, r7}
2000014c:	46b9      	mov	r9, r7
2000014e:	46b0      	mov	r8, r6
20000150:	bdf8      	pop	{r3, r4, r5, r6, r7, pc}
20000152:	2b00      	cmp	r3, #0
20000154:	d0e3      	beq.n	2000011e <i2c_slave_irq_handler+0x5e>
20000156:	e7d1      	b.n	200000fc <i2c_slave_irq_handler+0x3c>
20000158:	200002e8 	.word	0x200002e8
2000015c:	200002e0 	.word	0x200002e0
20000160:	20000670 	.word	0x20000670

20000164 <mutex_try_enter>:
20000164:	0003      	movs	r3, r0
20000166:	6800      	ldr	r0, [r0, #0]
20000168:	f3ef 8c10 	mrs	ip, PRIMASK
2000016c:	b672      	cpsid	i
2000016e:	6802      	ldr	r2, [r0, #0]
20000170:	2a00      	cmp	r2, #0
20000172:	d0fc      	beq.n	2000016e <mutex_try_enter+0xa>
20000174:	f3bf 8f5f 	dmb	sy
20000178:	2204      	movs	r2, #4
2000017a:	569a      	ldrsb	r2, [r3, r2]
2000017c:	2a00      	cmp	r2, #0
2000017e:	db0b      	blt.n	20000198 <mutex_try_enter+0x34>
20000180:	2900      	cmp	r1, #0
20000182:	d010      	beq.n	200001a6 <mutex_try_enter+0x42>
20000184:	600a      	str	r2, [r1, #0]
20000186:	2000      	movs	r0, #0
20000188:	681b      	ldr	r3, [r3, #0]
2000018a:	f3bf 8f5f 	dmb	sy
2000018e:	2200      	movs	r2, #0
20000190:	601a      	str	r2, [r3, #0]
20000192:	f38c 8810 	msr	PRIMASK, ip
20000196:	4770      	bx	lr
20000198:	22d0      	movs	r2, #208	; 0xd0
2000019a:	0612      	lsls	r2, r2, #24
2000019c:	7812      	ldrb	r2, [r2, #0]
2000019e:	b252      	sxtb	r2, r2
200001a0:	711a      	strb	r2, [r3, #4]
200001a2:	2001      	movs	r0, #1
200001a4:	e7f0      	b.n	20000188 <mutex_try_enter+0x24>
200001a6:	2000      	movs	r0, #0
200001a8:	e7ee      	b.n	20000188 <mutex_try_enter+0x24>
	...

200001ac <mutex_enter_block_until>:
200001ac:	b5f8      	push	{r3, r4, r5, r6, r7, lr}
200001ae:	46ce      	mov	lr, r9
200001b0:	4647      	mov	r7, r8
200001b2:	b580      	push	{r7, lr}
200001b4:	0004      	movs	r4, r0
200001b6:	0017      	movs	r7, r2
200001b8:	4698      	mov	r8, r3
200001ba:	6803      	ldr	r3, [r0, #0]
200001bc:	2b00      	cmp	r3, #0
200001be:	d020      	beq.n	20000202 <mutex_enter_block_until+0x56>
200001c0:	23d0      	movs	r3, #208	; 0xd0
200001c2:	061b      	lsls	r3, r3, #24
200001c4:	781b      	ldrb	r3, [r3, #0]
200001c6:	b25b      	sxtb	r3, r3
200001c8:	4699      	mov	r9, r3
200001ca:	6826      	ldr	r6, [r4, #0]
200001cc:	f3ef 8c10 	mrs	ip, PRIMASK
200001d0:	b672      	cpsid	i
200001d2:	6835      	ldr	r5, [r6, #0]
200001d4:	2d00      	cmp	r5, #0
200001d6:	d0fc      	beq.n	200001d2 <mutex_enter_block_until+0x26>
200001d8:	f3bf 8f5f 	dmb	sy
200001dc:	2504      	movs	r5, #4
200001de:	5765      	ldrsb	r5, [r4, r5]
200001e0:	2d00      	cmp	r5, #0
200001e2:	db14      	blt.n	2000020e <mutex_enter_block_until+0x62>
200001e4:	6823      	ldr	r3, [r4, #0]
200001e6:	f3bf 8f5f 	dmb	sy
200001ea:	2200      	movs	r2, #0
200001ec:	601a      	str	r2, [r3, #0]
200001ee:	f38c 8810 	msr	PRIMASK, ip
200001f2:	0038      	movs	r0, r7
200001f4:	4641      	mov	r1, r8
200001f6:	f000 f86b 	bl	200002d0 <__best_effort_wfe_or_timeout_veneer>
200001fa:	2800      	cmp	r0, #0
200001fc:	d0e5      	beq.n	200001ca <mutex_enter_block_until+0x1e>
200001fe:	2000      	movs	r0, #0
20000200:	e00f      	b.n	20000222 <mutex_enter_block_until+0x76>
20000202:	4b0a      	ldr	r3, [pc, #40]	; (2000022c <mutex_enter_block_until+0x80>)
20000204:	4a0a      	ldr	r2, [pc, #40]	; (20000230 <mutex_enter_block_until+0x84>)
20000206:	2185      	movs	r1, #133	; 0x85
20000208:	480a      	ldr	r0, [pc, #40]	; (20000234 <mutex_enter_block_until+0x88>)
2000020a:	f000 f859 	bl	200002c0 <____assert_func_veneer>
2000020e:	464b      	mov	r3, r9
20000210:	7123      	strb	r3, [r4, #4]
20000212:	6823      	ldr	r3, [r4, #0]
20000214:	f3bf 8f5f 	dmb	sy
20000218:	2200      	movs	r2, #0
2000021a:	601a      	str	r2, [r3, #0]
2000021c:	f38c 8810 	msr	PRIMASK, ip
20000220:	2001      	movs	r0, #1
20000222:	bcc0      	pop	{r6, r7}
20000224:	46b9      	mov	r9, r7
20000226:	46b0      	mov	r8, r6
20000228:	bdf8      	pop	{r3, r4, r5, r6, r7, pc}
2000022a:	46c0      	nop			; (mov r8, r8)
2000022c:	1000545c 	.word	0x1000545c
20000230:	100054b4 	.word	0x100054b4
20000234:	10005408 	.word	0x10005408

20000238 <mutex_try_enter_block_until>:
20000238:	b570      	push	{r4, r5, r6, lr}
2000023a:	b082      	sub	sp, #8
2000023c:	0006      	movs	r6, r0
2000023e:	0015      	movs	r5, r2
20000240:	001c      	movs	r4, r3
20000242:	a901      	add	r1, sp, #4
20000244:	f7ff ff8e 	bl	20000164 <mutex_try_enter>
20000248:	2800      	cmp	r0, #0
2000024a:	d107      	bne.n	2000025c <mutex_try_enter_block_until+0x24>
2000024c:	9b01      	ldr	r3, [sp, #4]
2000024e:	b25b      	sxtb	r3, r3
20000250:	22d0      	movs	r2, #208	; 0xd0
20000252:	0612      	lsls	r2, r2, #24
20000254:	7812      	ldrb	r2, [r2, #0]
20000256:	b252      	sxtb	r2, r2
20000258:	4293      	cmp	r3, r2
2000025a:	d101      	bne.n	20000260 <mutex_try_enter_block_until+0x28>
2000025c:	b002      	add	sp, #8
2000025e:	bd70      	pop	{r4, r5, r6, pc}
20000260:	002a      	movs	r2, r5
20000262:	0023      	movs	r3, r4
20000264:	0030      	movs	r0, r6
20000266:	f7ff ffa1 	bl	200001ac <mutex_enter_block_until>
2000026a:	e7f7      	b.n	2000025c <mutex_try_enter_block_until+0x24>

2000026c <mutex_exit>:
2000026c:	b510      	push	{r4, lr}
2000026e:	6802      	ldr	r2, [r0, #0]
20000270:	f3ef 8110 	mrs	r1, PRIMASK
20000274:	b672      	cpsid	i
20000276:	6813      	ldr	r3, [r2, #0]
20000278:	2b00      	cmp	r3, #0
2000027a:	d0fc      	beq.n	20000276 <mutex_exit+0xa>
2000027c:	f3bf 8f5f 	dmb	sy
20000280:	2304      	movs	r3, #4
20000282:	56c3      	ldrsb	r3, [r0, r3]
20000284:	2b00      	cmp	r3, #0
20000286:	db0a      	blt.n	2000029e <mutex_exit+0x32>
20000288:	23ff      	movs	r3, #255	; 0xff
2000028a:	7103      	strb	r3, [r0, #4]
2000028c:	6803      	ldr	r3, [r0, #0]
2000028e:	f3bf 8f5f 	dmb	sy
20000292:	2200      	movs	r2, #0
20000294:	601a      	str	r2, [r3, #0]
20000296:	f381 8810 	msr	PRIMASK, r1
2000029a:	bf40      	sev
2000029c:	bd10      	pop	{r4, pc}
2000029e:	4b03      	ldr	r3, [pc, #12]	; (200002ac <mutex_exit+0x40>)
200002a0:	4a03      	ldr	r2, [pc, #12]	; (200002b0 <mutex_exit+0x44>)
200002a2:	21b4      	movs	r1, #180	; 0xb4
200002a4:	4803      	ldr	r0, [pc, #12]	; (200002b4 <mutex_exit+0x48>)
200002a6:	f000 f80b 	bl	200002c0 <____assert_func_veneer>
200002aa:	46c0      	nop			; (mov r8, r8)
200002ac:	10005470 	.word	0x10005470
200002b0:	100054a8 	.word	0x100054a8
200002b4:	10005408 	.word	0x10005408

200002b8 <__aeabi_idiv0>:
200002b8:	4770      	bx	lr
200002ba:	46c0      	nop			; (mov r8, r8)
200002bc:	0000      	movs	r0, r0
	...

200002c0 <____assert_func_veneer>:
200002c0:	b401      	push	{r0}
200002c2:	4802      	ldr	r0, [pc, #8]	; (200002cc <____assert_func_veneer+0xc>)
200002c4:	4684      	mov	ip, r0
200002c6:	bc01      	pop	{r0}
200002c8:	4760      	bx	ip
200002ca:	bf00      	nop
200002cc:	10002779 	.word	0x10002779

200002d0 <__best_effort_wfe_or_timeout_veneer>:
200002d0:	b401      	push	{r0}
200002d2:	4802      	ldr	r0, [pc, #8]	; (200002dc <__best_effort_wfe_or_timeout_veneer+0xc>)
200002d4:	4684      	mov	ip, r0
200002d6:	bc01      	pop	{r0}
200002d8:	4760      	bx	ip
200002da:	bf00      	nop
200002dc:	100015b9 	.word	0x100015b9

200002e0 <i2c0_inst>:
200002e0:	40044000 00000000                       .@.@....

200002e8 <i2c1_inst>:
200002e8:	40048000 00000000                       ...@....

200002f0 <striped_spin_lock_num>:
200002f0:	00000010                                ....

200002f4 <default_alarm_pool>:
200002f4:	2000030c 00000000 200003c8 20000628     ... ....... (.. 
	...

2000030c <default_alarm_pool_heap>:
2000030c:	20000638 00000000 00000000 00000010     8.. ............

2000031c <irq_handler_chain_slots>:
2000031c:	00000000 	.word	0x00000000
20000320:	00010000 	.word	0x00010000
	...
2000032c:	00020000 	.word	0x00020000
	...
20000338:	00030000 	.word	0x00030000
	...
20000344:	00ff0000 	.word	0x00ff0000
20000348:	00000000 	.word	0x00000000

2000034c <irq_handler_chain_first_slot>:
2000034c:	b501      	push	{r0, lr}
2000034e:	6848      	ldr	r0, [r1, #4]
20000350:	3101      	adds	r1, #1
20000352:	468e      	mov	lr, r1
20000354:	4700      	bx	r0

20000356 <irq_handler_chain_remove_tail>:
20000356:	4670      	mov	r0, lr
20000358:	3809      	subs	r0, #9
2000035a:	4901      	ldr	r1, [pc, #4]	; (20000360 <irq_handler_chain_remove_tail+0xa>)
2000035c:	4788      	blx	r1
2000035e:	bd01      	pop	{r0, pc}
20000360:	10001c55 	.word	0x10001c55
	...

20000370 <aeabi_bits_funcs>:
20000370:	00003350 	.word	0x00003350
20000374:	0000334c 	.word	0x0000334c
20000378:	00003354 	.word	0x00003354
2000037c:	00003352 	.word	0x00003352

20000380 <aeabi_bits_funcs_end>:
20000380:	0000534d 	.word	0x0000534d
20000384:	0000434d 	.word	0x0000434d
20000388:	00003453 	.word	0x00003453
2000038c:	00003443 	.word	0x00003443

20000390 <stdio_uart>:
20000390:	100045dd 00000000 10004651 100046f9     .E......QF...F..
200003a0:	00000000 00000100                       ........

200003a8 <print_mutex>:
	...

200003b0 <__mutex_array_end>:
200003b0:	100042f9 	.word	0x100042f9
200003b4:	10003a4d 	.word	0x10003a4d
200003b8:	10004131 	.word	0x10004131
200003bc:	10004271 	.word	0x10004271

200003c0 <__frame_dummy_init_array_entry>:
200003c0:	100002e5                                ....
