
C:/Users/thisi/Documents/Pico-v1.5.1/build/watchdog/hello_watchdog/hello_watchdog.elf:     file format elf32-littlearm

Sections:
Idx Name          Size      VMA       LMA       File off  Algn
  0 .boot2        00000100  10000000  10000000  00001000  2**0
                  CONTENTS, ALLOC, LOAD, READONLY, CODE
  1 .text         00003f30  10000100  10000100  00001100  2**3
                  CONTENTS, ALLOC, LOAD, READONLY, CODE
  2 .rodata       00001108  10004030  10004030  00005030  2**3
                  CONTENTS, ALLOC, LOAD, READONLY, DATA
  3 .binary_info  00000028  10005138  10005138  00006138  2**2
                  CONTENTS, ALLOC, LOAD, READONLY, DATA
  4 .ram_vector_table 000000c0  20000000  20000000  00008000  2**2
                  ALLOC
  5 .data         00000244  200000c0  10005160  000070c0  2**4
                  CONTENTS, ALLOC, LOAD, READONLY, CODE
  6 .uninitialized_data 00000000  20000304  20000304  00007304  2**0
                  CONTENTS
  7 .scratch_x    00000000  20040000  20040000  00007304  2**0
                  CONTENTS
  8 .scratch_y    00000000  20041000  20041000  00007304  2**0
                  CONTENTS
  9 .bss          000003dc  20000308  20000308  00008000  2**3
                  ALLOC
 10 .heap         00000800  200006e4  200006e4  00007304  2**2
                  CONTENTS, READONLY
 11 .stack_dummy  00000800  20041000  20041000  00007b20  2**5
                  CONTENTS, READONLY
 12 .ARM.attributes 00000028  00000000  00000000  00008320  2**0
                  CONTENTS, READONLY
 13 .comment      00000049  00000000  00000000  00008348  2**0
                  CONTENTS, READONLY
 14 .debug_info   0001570f  00000000  00000000  00008391  2**0
                  CONTENTS, READONLY, DEBUGGING, OCTETS
 15 .debug_abbrev 00004168  00000000  00000000  0001daa0  2**0
                  CONTENTS, READONLY, DEBUGGING, OCTETS
 16 .debug_loc    0000eb57  00000000  00000000  00021c08  2**0
                  CONTENTS, READONLY, DEBUGGING, OCTETS
 17 .debug_aranges 00000d70  00000000  00000000  00030760  2**3
                  CONTENTS, READONLY, DEBUGGING, OCTETS
 18 .debug_ranges 00003250  00000000  00000000  000314d0  2**3
                  CONTENTS, READONLY, DEBUGGING, OCTETS
 19 .debug_line   0000eb4b  00000000  00000000  00034720  2**0
                  CONTENTS, READONLY, DEBUGGING, OCTETS
 20 .debug_str    00003bef  00000000  00000000  0004326b  2**0
                  CONTENTS, READONLY, DEBUGGING, OCTETS
 21 .debug_frame  00001920  00000000  00000000  00046e5c  2**2
                  CONTENTS, READONLY, DEBUGGING, OCTETS

C:/Users/thisi/Documents/Pico-v1.5.1/build/watchdog/hello_watchdog/hello_watchdog.elf:     file format elf32-littlearm


Disassembly of section .boot2:

10000000 <__boot2_start__>:
10000000:	4b32b500 	.word	0x4b32b500
10000004:	60582021 	.word	0x60582021
10000008:	21026898 	.word	0x21026898
1000000c:	60984388 	.word	0x60984388
10000010:	611860d8 	.word	0x611860d8
10000014:	4b2e6158 	.word	0x4b2e6158
10000018:	60992100 	.word	0x60992100
1000001c:	61592102 	.word	0x61592102
10000020:	22f02101 	.word	0x22f02101
10000024:	492b5099 	.word	0x492b5099
10000028:	21016019 	.word	0x21016019
1000002c:	20356099 	.word	0x20356099
10000030:	f844f000 	.word	0xf844f000
10000034:	42902202 	.word	0x42902202
10000038:	2106d014 	.word	0x2106d014
1000003c:	f0006619 	.word	0xf0006619
10000040:	6e19f834 	.word	0x6e19f834
10000044:	66192101 	.word	0x66192101
10000048:	66182000 	.word	0x66182000
1000004c:	f000661a 	.word	0xf000661a
10000050:	6e19f82c 	.word	0x6e19f82c
10000054:	6e196e19 	.word	0x6e196e19
10000058:	f0002005 	.word	0xf0002005
1000005c:	2101f82f 	.word	0x2101f82f
10000060:	d1f94208 	.word	0xd1f94208
10000064:	60992100 	.word	0x60992100
10000068:	6019491b 	.word	0x6019491b
1000006c:	60592100 	.word	0x60592100
10000070:	481b491a 	.word	0x481b491a
10000074:	21016001 	.word	0x21016001
10000078:	21eb6099 	.word	0x21eb6099
1000007c:	21a06619 	.word	0x21a06619
10000080:	f0006619 	.word	0xf0006619
10000084:	2100f812 	.word	0x2100f812
10000088:	49166099 	.word	0x49166099
1000008c:	60014814 	.word	0x60014814
10000090:	60992101 	.word	0x60992101
10000094:	2800bc01 	.word	0x2800bc01
10000098:	4700d000 	.word	0x4700d000
1000009c:	49134812 	.word	0x49134812
100000a0:	c8036008 	.word	0xc8036008
100000a4:	8808f380 	.word	0x8808f380
100000a8:	b5034708 	.word	0xb5034708
100000ac:	20046a99 	.word	0x20046a99
100000b0:	d0fb4201 	.word	0xd0fb4201
100000b4:	42012001 	.word	0x42012001
100000b8:	bd03d1f8 	.word	0xbd03d1f8
100000bc:	6618b502 	.word	0x6618b502
100000c0:	f7ff6618 	.word	0xf7ff6618
100000c4:	6e18fff2 	.word	0x6e18fff2
100000c8:	bd026e18 	.word	0xbd026e18
100000cc:	40020000 	.word	0x40020000
100000d0:	18000000 	.word	0x18000000
100000d4:	00070000 	.word	0x00070000
100000d8:	005f0300 	.word	0x005f0300
100000dc:	00002221 	.word	0x00002221
100000e0:	180000f4 	.word	0x180000f4
100000e4:	a0002022 	.word	0xa0002022
100000e8:	10000100 	.word	0x10000100
100000ec:	e000ed08 	.word	0xe000ed08
	...
100000fc:	7a4eb274 	.word	0x7a4eb274

Disassembly of section .text:

10000100 <__VECTOR_TABLE>:
10000100:	20042000 	.word	0x20042000
10000104:	100001f7 	.word	0x100001f7
10000108:	100001c3 	.word	0x100001c3
1000010c:	100001c5 	.word	0x100001c5
10000110:	100001c1 	.word	0x100001c1
10000114:	100001c1 	.word	0x100001c1
10000118:	100001c1 	.word	0x100001c1
1000011c:	100001c1 	.word	0x100001c1
10000120:	100001c1 	.word	0x100001c1
10000124:	100001c1 	.word	0x100001c1
10000128:	100001c1 	.word	0x100001c1
1000012c:	100001c7 	.word	0x100001c7
10000130:	100001c1 	.word	0x100001c1
10000134:	100001c1 	.word	0x100001c1
10000138:	100001c9 	.word	0x100001c9
1000013c:	100001cb 	.word	0x100001cb
10000140:	100001cd 	.word	0x100001cd
10000144:	100001cd 	.word	0x100001cd
10000148:	100001cd 	.word	0x100001cd
1000014c:	100001cd 	.word	0x100001cd
10000150:	100001cd 	.word	0x100001cd
10000154:	100001cd 	.word	0x100001cd
10000158:	100001cd 	.word	0x100001cd
1000015c:	100001cd 	.word	0x100001cd
10000160:	100001cd 	.word	0x100001cd
10000164:	100001cd 	.word	0x100001cd
10000168:	100001cd 	.word	0x100001cd
1000016c:	100001cd 	.word	0x100001cd
10000170:	100001cd 	.word	0x100001cd
10000174:	100001cd 	.word	0x100001cd
10000178:	100001cd 	.word	0x100001cd
1000017c:	100001cd 	.word	0x100001cd
10000180:	100001cd 	.word	0x100001cd
10000184:	100001cd 	.word	0x100001cd
10000188:	100001cd 	.word	0x100001cd
1000018c:	100001cd 	.word	0x100001cd
10000190:	100001cd 	.word	0x100001cd
10000194:	100001cd 	.word	0x100001cd
10000198:	100001cd 	.word	0x100001cd
1000019c:	100001cd 	.word	0x100001cd
100001a0:	100001cd 	.word	0x100001cd
100001a4:	100001cd 	.word	0x100001cd
100001a8:	100001cd 	.word	0x100001cd
100001ac:	100001cd 	.word	0x100001cd
100001b0:	100001cd 	.word	0x100001cd
100001b4:	100001cd 	.word	0x100001cd
100001b8:	100001cd 	.word	0x100001cd
100001bc:	100001cd 	.word	0x100001cd

100001c0 <isr_invalid>:
100001c0:	be00      	bkpt	0x0000

100001c2 <isr_nmi>:
100001c2:	be00      	bkpt	0x0000

100001c4 <isr_hardfault>:
100001c4:	be00      	bkpt	0x0000

100001c6 <isr_svcall>:
100001c6:	be00      	bkpt	0x0000

100001c8 <isr_pendsv>:
100001c8:	be00      	bkpt	0x0000

100001ca <isr_systick>:
100001ca:	be00      	bkpt	0x0000

100001cc <__unhandled_user_irq>:
100001cc:	f3ef 8005 	mrs	r0, IPSR
100001d0:	3810      	subs	r0, #16

100001d2 <unhandled_user_irq_num_in_r0>:
100001d2:	be00      	bkpt	0x0000

100001d4 <binary_info_header>:
100001d4:	7188ebf2 	.word	0x7188ebf2
100001d8:	10005138 	.word	0x10005138
100001dc:	10005160 	.word	0x10005160
100001e0:	10000234 	.word	0x10000234
100001e4:	e71aa390 	.word	0xe71aa390

100001e8 <_entry_point>:
100001e8:	2000      	movs	r0, #0
100001ea:	491f      	ldr	r1, [pc, #124]	; (10000268 <hold_non_core0_in_bootrom+0xa>)
100001ec:	6008      	str	r0, [r1, #0]
100001ee:	c806      	ldmia	r0!, {r1, r2}
100001f0:	f381 8808 	msr	MSP, r1
100001f4:	4710      	bx	r2

100001f6 <_reset_handler>:
100001f6:	481d      	ldr	r0, [pc, #116]	; (1000026c <hold_non_core0_in_bootrom+0xe>)
100001f8:	6800      	ldr	r0, [r0, #0]
100001fa:	2800      	cmp	r0, #0
100001fc:	d12f      	bne.n	1000025e <hold_non_core0_in_bootrom>
100001fe:	a40d      	add	r4, pc, #52	; (adr r4, 10000234 <data_cpy_table>)
10000200:	cc0e      	ldmia	r4!, {r1, r2, r3}
10000202:	2900      	cmp	r1, #0
10000204:	d002      	beq.n	1000020c <_reset_handler+0x16>
10000206:	f000 f812 	bl	1000022e <data_cpy>
1000020a:	e7f9      	b.n	10000200 <_reset_handler+0xa>
1000020c:	4918      	ldr	r1, [pc, #96]	; (10000270 <hold_non_core0_in_bootrom+0x12>)
1000020e:	4a19      	ldr	r2, [pc, #100]	; (10000274 <hold_non_core0_in_bootrom+0x16>)
10000210:	2000      	movs	r0, #0
10000212:	e000      	b.n	10000216 <bss_fill_test>

10000214 <bss_fill_loop>:
10000214:	c101      	stmia	r1!, {r0}

10000216 <bss_fill_test>:
10000216:	4291      	cmp	r1, r2
10000218:	d1fc      	bne.n	10000214 <bss_fill_loop>

1000021a <platform_entry>:
1000021a:	4917      	ldr	r1, [pc, #92]	; (10000278 <hold_non_core0_in_bootrom+0x1a>)
1000021c:	4788      	blx	r1
1000021e:	4917      	ldr	r1, [pc, #92]	; (1000027c <hold_non_core0_in_bootrom+0x1e>)
10000220:	4788      	blx	r1
10000222:	4917      	ldr	r1, [pc, #92]	; (10000280 <hold_non_core0_in_bootrom+0x22>)
10000224:	4788      	blx	r1
10000226:	be00      	bkpt	0x0000
10000228:	e7fd      	b.n	10000226 <platform_entry+0xc>

1000022a <data_cpy_loop>:
1000022a:	c901      	ldmia	r1!, {r0}
1000022c:	c201      	stmia	r2!, {r0}

1000022e <data_cpy>:
1000022e:	429a      	cmp	r2, r3
10000230:	d3fb      	bcc.n	1000022a <data_cpy_loop>
10000232:	4770      	bx	lr

10000234 <data_cpy_table>:
10000234:	10005160 	.word	0x10005160
10000238:	200000c0 	.word	0x200000c0
1000023c:	20000304 	.word	0x20000304
10000240:	100053a4 	.word	0x100053a4
10000244:	20040000 	.word	0x20040000
10000248:	20040000 	.word	0x20040000
1000024c:	100053a4 	.word	0x100053a4
10000250:	20041000 	.word	0x20041000
10000254:	20041000 	.word	0x20041000
10000258:	00000000 	.word	0x00000000
1000025c:	4770      	bx	lr

1000025e <hold_non_core0_in_bootrom>:
1000025e:	4809      	ldr	r0, [pc, #36]	; (10000284 <hold_non_core0_in_bootrom+0x26>)
10000260:	f002 ffe6 	bl	10003230 <rom_func_lookup>
10000264:	4700      	bx	r0
10000266:	0000      	.short	0x0000
10000268:	e000ed08 	.word	0xe000ed08
1000026c:	d0000000 	.word	0xd0000000
10000270:	20000308 	.word	0x20000308
10000274:	200006e4 	.word	0x200006e4
10000278:	10001fb9 	.word	0x10001fb9
1000027c:	10000305 	.word	0x10000305
10000280:	10001f75 	.word	0x10001f75
10000284:	00005657 	.word	0x00005657

10000288 <__bi_50>:
10000288:	50520006 5360b3ab 10005090              ..RP..`S.P..

10000294 <__bi_38>:
10000294:	50520006 02031c86 10005080              ..RP.....P..

100002a0 <__bi_30>:
100002a0:	50520006 9da22254 100050a0              ..RPT"...P..

100002ac <__bi_22>:
100002ac:	50520005 68f465de 100053a4              ..RP.e.h.S..

100002b8 <_init>:
100002b8:	b5f8      	push	{r3, r4, r5, r6, r7, lr}
100002ba:	46c0      	nop			; (mov r8, r8)

100002bc <__do_global_dtors_aux>:
100002bc:	b510      	push	{r4, lr}
100002be:	4c06      	ldr	r4, [pc, #24]	; (100002d8 <__do_global_dtors_aux+0x1c>)
100002c0:	7823      	ldrb	r3, [r4, #0]
100002c2:	2b00      	cmp	r3, #0
100002c4:	d107      	bne.n	100002d6 <__do_global_dtors_aux+0x1a>
100002c6:	4b05      	ldr	r3, [pc, #20]	; (100002dc <__do_global_dtors_aux+0x20>)
100002c8:	2b00      	cmp	r3, #0
100002ca:	d002      	beq.n	100002d2 <__do_global_dtors_aux+0x16>
100002cc:	4804      	ldr	r0, [pc, #16]	; (100002e0 <__do_global_dtors_aux+0x24>)
100002ce:	e000      	b.n	100002d2 <__do_global_dtors_aux+0x16>
100002d0:	bf00      	nop
100002d2:	2301      	movs	r3, #1
100002d4:	7023      	strb	r3, [r4, #0]
100002d6:	bd10      	pop	{r4, pc}
100002d8:	20000408 	.word	0x20000408
100002dc:	00000000 	.word	0x00000000
100002e0:	10004030 	.word	0x10004030

100002e4 <frame_dummy>:
100002e4:	4b04      	ldr	r3, [pc, #16]	; (100002f8 <frame_dummy+0x14>)
100002e6:	b510      	push	{r4, lr}
100002e8:	2b00      	cmp	r3, #0
100002ea:	d003      	beq.n	100002f4 <frame_dummy+0x10>
100002ec:	4903      	ldr	r1, [pc, #12]	; (100002fc <frame_dummy+0x18>)
100002ee:	4804      	ldr	r0, [pc, #16]	; (10000300 <frame_dummy+0x1c>)
100002f0:	e000      	b.n	100002f4 <frame_dummy+0x10>
100002f2:	bf00      	nop
100002f4:	bd10      	pop	{r4, pc}
100002f6:	46c0      	nop			; (mov r8, r8)
100002f8:	00000000 	.word	0x00000000
100002fc:	2000040c 	.word	0x2000040c
10000300:	10004030 	.word	0x10004030

10000304 <main>:
10000304:	b510      	push	{r4, lr}
10000306:	f003 fd33 	bl	10003d70 <stdio_init_all>
1000030a:	f001 fe15 	bl	10001f38 <watchdog_caused_reboot>
1000030e:	2800      	cmp	r0, #0
10000310:	d115      	bne.n	1000033e <main+0x3a>
10000312:	480d      	ldr	r0, [pc, #52]	; (10000348 <main+0x44>)
10000314:	f003 fcf0 	bl	10003cf8 <__wrap_puts>
10000318:	2101      	movs	r1, #1
1000031a:	2064      	movs	r0, #100	; 0x64
1000031c:	f001 fe00 	bl	10001f20 <watchdog_enable>
10000320:	2400      	movs	r4, #0
10000322:	e006      	b.n	10000332 <main+0x2e>
10000324:	0021      	movs	r1, r4
10000326:	4809      	ldr	r0, [pc, #36]	; (1000034c <main+0x48>)
10000328:	f003 fd16 	bl	10003d58 <__wrap_printf>
1000032c:	f001 fdb2 	bl	10001e94 <watchdog_update>
10000330:	3401      	adds	r4, #1
10000332:	2c04      	cmp	r4, #4
10000334:	d9f6      	bls.n	10000324 <main+0x20>
10000336:	4806      	ldr	r0, [pc, #24]	; (10000350 <main+0x4c>)
10000338:	f003 fcde 	bl	10003cf8 <__wrap_puts>
1000033c:	e7fe      	b.n	1000033c <main+0x38>
1000033e:	4805      	ldr	r0, [pc, #20]	; (10000354 <main+0x50>)
10000340:	f003 fcda 	bl	10003cf8 <__wrap_puts>
10000344:	2000      	movs	r0, #0
10000346:	bd10      	pop	{r4, pc}
10000348:	10004048 	.word	0x10004048
1000034c:	10004054 	.word	0x10004054
10000350:	1000406c 	.word	0x1000406c
10000354:	10004030 	.word	0x10004030

10000358 <gpio_set_function>:
10000358:	b510      	push	{r4, lr}
1000035a:	0083      	lsls	r3, r0, #2
1000035c:	4a08      	ldr	r2, [pc, #32]	; (10000380 <gpio_set_function+0x28>)
1000035e:	4694      	mov	ip, r2
10000360:	4463      	add	r3, ip
10000362:	681c      	ldr	r4, [r3, #0]
10000364:	2240      	movs	r2, #64	; 0x40
10000366:	4062      	eors	r2, r4
10000368:	24c0      	movs	r4, #192	; 0xc0
1000036a:	4014      	ands	r4, r2
1000036c:	2280      	movs	r2, #128	; 0x80
1000036e:	0152      	lsls	r2, r2, #5
10000370:	4313      	orrs	r3, r2
10000372:	601c      	str	r4, [r3, #0]
10000374:	00c0      	lsls	r0, r0, #3
10000376:	4b03      	ldr	r3, [pc, #12]	; (10000384 <gpio_set_function+0x2c>)
10000378:	469c      	mov	ip, r3
1000037a:	4460      	add	r0, ip
1000037c:	6041      	str	r1, [r0, #4]
1000037e:	bd10      	pop	{r4, pc}
10000380:	4001c004 	.word	0x4001c004
10000384:	40014000 	.word	0x40014000

10000388 <running_on_fpga>:
10000388:	4b03      	ldr	r3, [pc, #12]	; (10000398 <running_on_fpga+0x10>)
1000038a:	681b      	ldr	r3, [r3, #0]
1000038c:	2002      	movs	r0, #2
1000038e:	4018      	ands	r0, r3
10000390:	1e43      	subs	r3, r0, #1
10000392:	4198      	sbcs	r0, r3
10000394:	b2c0      	uxtb	r0, r0
10000396:	4770      	bx	lr
10000398:	4006c000 	.word	0x4006c000

1000039c <hw_claim_lock>:
1000039c:	f3ef 8010 	mrs	r0, PRIMASK
100003a0:	b672      	cpsid	i
100003a2:	4b03      	ldr	r3, [pc, #12]	; (100003b0 <hw_claim_lock+0x14>)
100003a4:	681b      	ldr	r3, [r3, #0]
100003a6:	2b00      	cmp	r3, #0
100003a8:	d0fb      	beq.n	100003a2 <hw_claim_lock+0x6>
100003aa:	f3bf 8f5f 	dmb	sy
100003ae:	4770      	bx	lr
100003b0:	d000012c 	.word	0xd000012c

100003b4 <hw_claim_unlock>:
100003b4:	f3bf 8f5f 	dmb	sy
100003b8:	4b02      	ldr	r3, [pc, #8]	; (100003c4 <hw_claim_unlock+0x10>)
100003ba:	2200      	movs	r2, #0
100003bc:	601a      	str	r2, [r3, #0]
100003be:	f380 8810 	msr	PRIMASK, r0
100003c2:	4770      	bx	lr
100003c4:	d000012c 	.word	0xd000012c

100003c8 <hw_claim_or_assert>:
100003c8:	b5f8      	push	{r3, r4, r5, r6, r7, lr}
100003ca:	0006      	movs	r6, r0
100003cc:	000c      	movs	r4, r1
100003ce:	0015      	movs	r5, r2
100003d0:	f7ff ffe4 	bl	1000039c <hw_claim_lock>
100003d4:	08e3      	lsrs	r3, r4, #3
100003d6:	18f7      	adds	r7, r6, r3
100003d8:	5cf1      	ldrb	r1, [r6, r3]
100003da:	2207      	movs	r2, #7
100003dc:	4022      	ands	r2, r4
100003de:	2301      	movs	r3, #1
100003e0:	4093      	lsls	r3, r2
100003e2:	420b      	tst	r3, r1
100003e4:	d105      	bne.n	100003f2 <hw_claim_or_assert+0x2a>
100003e6:	b2db      	uxtb	r3, r3
100003e8:	430b      	orrs	r3, r1
100003ea:	703b      	strb	r3, [r7, #0]
100003ec:	f7ff ffe2 	bl	100003b4 <hw_claim_unlock>
100003f0:	bdf8      	pop	{r3, r4, r5, r6, r7, pc}
100003f2:	0021      	movs	r1, r4
100003f4:	0028      	movs	r0, r5
100003f6:	f001 fe5b 	bl	100020b0 <panic>
	...

100003fc <spin_locks_reset>:
100003fc:	2300      	movs	r3, #0
100003fe:	e007      	b.n	10000410 <spin_locks_reset+0x14>
10000400:	4a05      	ldr	r2, [pc, #20]	; (10000418 <spin_locks_reset+0x1c>)
10000402:	189a      	adds	r2, r3, r2
10000404:	0092      	lsls	r2, r2, #2
10000406:	f3bf 8f5f 	dmb	sy
1000040a:	2100      	movs	r1, #0
1000040c:	6011      	str	r1, [r2, #0]
1000040e:	3301      	adds	r3, #1
10000410:	2b1f      	cmp	r3, #31
10000412:	d9f5      	bls.n	10000400 <spin_locks_reset+0x4>
10000414:	4770      	bx	lr
10000416:	46c0      	nop			; (mov r8, r8)
10000418:	34000040 	.word	0x34000040

1000041c <next_striped_spin_lock_num>:
1000041c:	4a05      	ldr	r2, [pc, #20]	; (10000434 <next_striped_spin_lock_num+0x18>)
1000041e:	7810      	ldrb	r0, [r2, #0]
10000420:	1c43      	adds	r3, r0, #1
10000422:	b2db      	uxtb	r3, r3
10000424:	7013      	strb	r3, [r2, #0]
10000426:	2b17      	cmp	r3, #23
10000428:	d902      	bls.n	10000430 <next_striped_spin_lock_num+0x14>
1000042a:	0013      	movs	r3, r2
1000042c:	2210      	movs	r2, #16
1000042e:	701a      	strb	r2, [r3, #0]
10000430:	4770      	bx	lr
10000432:	46c0      	nop			; (mov r8, r8)
10000434:	20000238 	.word	0x20000238

10000438 <set_raw_irq_handler_and_unlock>:
10000438:	4b07      	ldr	r3, [pc, #28]	; (10000458 <set_raw_irq_handler_and_unlock+0x20>)
1000043a:	689b      	ldr	r3, [r3, #8]
1000043c:	3010      	adds	r0, #16
1000043e:	0080      	lsls	r0, r0, #2
10000440:	5019      	str	r1, [r3, r0]
10000442:	f3bf 8f5f 	dmb	sy
10000446:	f3bf 8f5f 	dmb	sy
1000044a:	4b04      	ldr	r3, [pc, #16]	; (1000045c <set_raw_irq_handler_and_unlock+0x24>)
1000044c:	2100      	movs	r1, #0
1000044e:	6019      	str	r1, [r3, #0]
10000450:	f382 8810 	msr	PRIMASK, r2
10000454:	4770      	bx	lr
10000456:	46c0      	nop			; (mov r8, r8)
10000458:	e000ed00 	.word	0xe000ed00
1000045c:	d0000124 	.word	0xd0000124

10000460 <make_branch>:
10000460:	b510      	push	{r4, lr}
10000462:	1a09      	subs	r1, r1, r0
10000464:	1f08      	subs	r0, r1, #4
10000466:	4b0a      	ldr	r3, [pc, #40]	; (10000490 <make_branch+0x30>)
10000468:	469c      	mov	ip, r3
1000046a:	4461      	add	r1, ip
1000046c:	4a09      	ldr	r2, [pc, #36]	; (10000494 <make_branch+0x34>)
1000046e:	4291      	cmp	r1, r2
10000470:	d808      	bhi.n	10000484 <make_branch+0x24>
10000472:	07c3      	lsls	r3, r0, #31
10000474:	d406      	bmi.n	10000484 <make_branch+0x24>
10000476:	1040      	asrs	r0, r0, #1
10000478:	0540      	lsls	r0, r0, #21
1000047a:	0d40      	lsrs	r0, r0, #21
1000047c:	4b06      	ldr	r3, [pc, #24]	; (10000498 <make_branch+0x38>)
1000047e:	4318      	orrs	r0, r3
10000480:	b280      	uxth	r0, r0
10000482:	bd10      	pop	{r4, pc}
10000484:	4b05      	ldr	r3, [pc, #20]	; (1000049c <make_branch+0x3c>)
10000486:	4a06      	ldr	r2, [pc, #24]	; (100004a0 <make_branch+0x40>)
10000488:	21a3      	movs	r1, #163	; 0xa3
1000048a:	4806      	ldr	r0, [pc, #24]	; (100004a4 <make_branch+0x44>)
1000048c:	f001 fd76 	bl	10001f7c <__assert_func>
10000490:	000007fc 	.word	0x000007fc
10000494:	00000ffe 	.word	0x00000ffe
10000498:	ffffe000 	.word	0xffffe000
1000049c:	10004090 	.word	0x10004090
100004a0:	10004300 	.word	0x10004300
100004a4:	100040c0 	.word	0x100040c0

100004a8 <insert_branch_and_link>:
100004a8:	b510      	push	{r4, lr}
100004aa:	1a09      	subs	r1, r1, r0
100004ac:	3904      	subs	r1, #4
100004ae:	084c      	lsrs	r4, r1, #1
100004b0:	0b09      	lsrs	r1, r1, #12
100004b2:	d108      	bne.n	100004c6 <insert_branch_and_link+0x1e>
100004b4:	0549      	lsls	r1, r1, #21
100004b6:	0d49      	lsrs	r1, r1, #21
100004b8:	4a06      	ldr	r2, [pc, #24]	; (100004d4 <insert_branch_and_link+0x2c>)
100004ba:	4311      	orrs	r1, r2
100004bc:	8001      	strh	r1, [r0, #0]
100004be:	4b06      	ldr	r3, [pc, #24]	; (100004d8 <insert_branch_and_link+0x30>)
100004c0:	4323      	orrs	r3, r4
100004c2:	8043      	strh	r3, [r0, #2]
100004c4:	bd10      	pop	{r4, pc}
100004c6:	4b05      	ldr	r3, [pc, #20]	; (100004dc <insert_branch_and_link+0x34>)
100004c8:	4a05      	ldr	r2, [pc, #20]	; (100004e0 <insert_branch_and_link+0x38>)
100004ca:	21ab      	movs	r1, #171	; 0xab
100004cc:	4805      	ldr	r0, [pc, #20]	; (100004e4 <insert_branch_and_link+0x3c>)
100004ce:	f001 fd55 	bl	10001f7c <__assert_func>
100004d2:	46c0      	nop			; (mov r8, r8)
100004d4:	fffff000 	.word	0xfffff000
100004d8:	fffff800 	.word	0xfffff800
100004dc:	1000411c 	.word	0x1000411c
100004e0:	100042d4 	.word	0x100042d4
100004e4:	100040c0 	.word	0x100040c0

100004e8 <irq_is_enabled>:
100004e8:	2301      	movs	r3, #1
100004ea:	4083      	lsls	r3, r0
100004ec:	4a03      	ldr	r2, [pc, #12]	; (100004fc <irq_is_enabled+0x14>)
100004ee:	6810      	ldr	r0, [r2, #0]
100004f0:	4018      	ands	r0, r3
100004f2:	1e43      	subs	r3, r0, #1
100004f4:	4198      	sbcs	r0, r3
100004f6:	b2c0      	uxtb	r0, r0
100004f8:	4770      	bx	lr
100004fa:	46c0      	nop			; (mov r8, r8)
100004fc:	e000e100 	.word	0xe000e100

10000500 <irq_set_mask_enabled>:
10000500:	2900      	cmp	r1, #0
10000502:	d004      	beq.n	1000050e <irq_set_mask_enabled+0xe>
10000504:	4b03      	ldr	r3, [pc, #12]	; (10000514 <irq_set_mask_enabled+0x14>)
10000506:	6018      	str	r0, [r3, #0]
10000508:	4b03      	ldr	r3, [pc, #12]	; (10000518 <irq_set_mask_enabled+0x18>)
1000050a:	6018      	str	r0, [r3, #0]
1000050c:	4770      	bx	lr
1000050e:	4b03      	ldr	r3, [pc, #12]	; (1000051c <irq_set_mask_enabled+0x1c>)
10000510:	6018      	str	r0, [r3, #0]
10000512:	e7fb      	b.n	1000050c <irq_set_mask_enabled+0xc>
10000514:	e000e280 	.word	0xe000e280
10000518:	e000e100 	.word	0xe000e100
1000051c:	e000e180 	.word	0xe000e180

10000520 <irq_set_enabled>:
10000520:	b510      	push	{r4, lr}
10000522:	2301      	movs	r3, #1
10000524:	4083      	lsls	r3, r0
10000526:	0018      	movs	r0, r3
10000528:	f7ff ffea 	bl	10000500 <irq_set_mask_enabled>
1000052c:	bd10      	pop	{r4, pc}
	...

10000530 <irq_get_vtable_handler>:
10000530:	4b02      	ldr	r3, [pc, #8]	; (1000053c <irq_get_vtable_handler+0xc>)
10000532:	689b      	ldr	r3, [r3, #8]
10000534:	3010      	adds	r0, #16
10000536:	0080      	lsls	r0, r0, #2
10000538:	58c0      	ldr	r0, [r0, r3]
1000053a:	4770      	bx	lr
1000053c:	e000ed00 	.word	0xe000ed00

10000540 <irq_set_exclusive_handler>:
10000540:	b570      	push	{r4, r5, r6, lr}
10000542:	0004      	movs	r4, r0
10000544:	000d      	movs	r5, r1
10000546:	f3ef 8610 	mrs	r6, PRIMASK
1000054a:	b672      	cpsid	i
1000054c:	4b0c      	ldr	r3, [pc, #48]	; (10000580 <irq_set_exclusive_handler+0x40>)
1000054e:	681b      	ldr	r3, [r3, #0]
10000550:	2b00      	cmp	r3, #0
10000552:	d0fb      	beq.n	1000054c <irq_set_exclusive_handler+0xc>
10000554:	f3bf 8f5f 	dmb	sy
10000558:	0020      	movs	r0, r4
1000055a:	f7ff ffe9 	bl	10000530 <irq_get_vtable_handler>
1000055e:	4b09      	ldr	r3, [pc, #36]	; (10000584 <irq_set_exclusive_handler+0x44>)
10000560:	4298      	cmp	r0, r3
10000562:	d001      	beq.n	10000568 <irq_set_exclusive_handler+0x28>
10000564:	42a8      	cmp	r0, r5
10000566:	d105      	bne.n	10000574 <irq_set_exclusive_handler+0x34>
10000568:	0032      	movs	r2, r6
1000056a:	0029      	movs	r1, r5
1000056c:	0020      	movs	r0, r4
1000056e:	f7ff ff63 	bl	10000438 <set_raw_irq_handler_and_unlock>
10000572:	bd70      	pop	{r4, r5, r6, pc}
10000574:	4b04      	ldr	r3, [pc, #16]	; (10000588 <irq_set_exclusive_handler+0x48>)
10000576:	4a05      	ldr	r2, [pc, #20]	; (1000058c <irq_set_exclusive_handler+0x4c>)
10000578:	2186      	movs	r1, #134	; 0x86
1000057a:	4805      	ldr	r0, [pc, #20]	; (10000590 <irq_set_exclusive_handler+0x50>)
1000057c:	f001 fcfe 	bl	10001f7c <__assert_func>
10000580:	d0000124 	.word	0xd0000124
10000584:	100001cd 	.word	0x100001cd
10000588:	1000412c 	.word	0x1000412c
1000058c:	1000431c 	.word	0x1000431c
10000590:	100040c0 	.word	0x100040c0

10000594 <irq_remove_handler>:
10000594:	b5f0      	push	{r4, r5, r6, r7, lr}
10000596:	46ce      	mov	lr, r9
10000598:	4647      	mov	r7, r8
1000059a:	b580      	push	{r7, lr}
1000059c:	b083      	sub	sp, #12
1000059e:	0006      	movs	r6, r0
100005a0:	000d      	movs	r5, r1
100005a2:	f3ef 8810 	mrs	r8, PRIMASK
100005a6:	b672      	cpsid	i
100005a8:	4b56      	ldr	r3, [pc, #344]	; (10000704 <irq_remove_handler+0x170>)
100005aa:	681b      	ldr	r3, [r3, #0]
100005ac:	2b00      	cmp	r3, #0
100005ae:	d0fb      	beq.n	100005a8 <irq_remove_handler+0x14>
100005b0:	f3bf 8f5f 	dmb	sy
100005b4:	4b54      	ldr	r3, [pc, #336]	; (10000708 <irq_remove_handler+0x174>)
100005b6:	689a      	ldr	r2, [r3, #8]
100005b8:	0034      	movs	r4, r6
100005ba:	3410      	adds	r4, #16
100005bc:	00a3      	lsls	r3, r4, #2
100005be:	58d7      	ldr	r7, [r2, r3]
100005c0:	4b52      	ldr	r3, [pc, #328]	; (1000070c <irq_remove_handler+0x178>)
100005c2:	429f      	cmp	r7, r3
100005c4:	d007      	beq.n	100005d6 <irq_remove_handler+0x42>
100005c6:	42af      	cmp	r7, r5
100005c8:	d100      	bne.n	100005cc <irq_remove_handler+0x38>
100005ca:	e098      	b.n	100006fe <irq_remove_handler+0x16a>
100005cc:	9701      	str	r7, [sp, #4]
100005ce:	4b50      	ldr	r3, [pc, #320]	; (10000710 <irq_remove_handler+0x17c>)
100005d0:	1afb      	subs	r3, r7, r3
100005d2:	2b2f      	cmp	r3, #47	; 0x2f
100005d4:	d909      	bls.n	100005ea <irq_remove_handler+0x56>
100005d6:	4642      	mov	r2, r8
100005d8:	0039      	movs	r1, r7
100005da:	0030      	movs	r0, r6
100005dc:	f7ff ff2c 	bl	10000438 <set_raw_irq_handler_and_unlock>
100005e0:	b003      	add	sp, #12
100005e2:	bcc0      	pop	{r6, r7}
100005e4:	46b9      	mov	r9, r7
100005e6:	46b0      	mov	r8, r6
100005e8:	bdf0      	pop	{r4, r5, r6, r7, pc}
100005ea:	0030      	movs	r0, r6
100005ec:	f7ff ff7c 	bl	100004e8 <irq_is_enabled>
100005f0:	4681      	mov	r9, r0
100005f2:	2100      	movs	r1, #0
100005f4:	0030      	movs	r0, r6
100005f6:	f7ff ff93 	bl	10000520 <irq_set_enabled>
100005fa:	f3bf 8f5f 	dmb	sy
100005fe:	f3ef 8105 	mrs	r1, IPSR
10000602:	2900      	cmp	r1, #0
10000604:	d001      	beq.n	1000060a <irq_remove_handler+0x76>
10000606:	428c      	cmp	r4, r1
10000608:	d111      	bne.n	1000062e <irq_remove_handler+0x9a>
1000060a:	2301      	movs	r3, #1
1000060c:	9c01      	ldr	r4, [sp, #4]
1000060e:	439c      	bics	r4, r3
10000610:	2200      	movs	r2, #0
10000612:	68a3      	ldr	r3, [r4, #8]
10000614:	42ab      	cmp	r3, r5
10000616:	d012      	beq.n	1000063e <irq_remove_handler+0xaa>
10000618:	2206      	movs	r2, #6
1000061a:	56a2      	ldrsb	r2, [r4, r2]
1000061c:	2a00      	cmp	r2, #0
1000061e:	db0d      	blt.n	1000063c <irq_remove_handler+0xa8>
10000620:	0053      	lsls	r3, r2, #1
10000622:	189b      	adds	r3, r3, r2
10000624:	009b      	lsls	r3, r3, #2
10000626:	0022      	movs	r2, r4
10000628:	4c39      	ldr	r4, [pc, #228]	; (10000710 <irq_remove_handler+0x17c>)
1000062a:	18e4      	adds	r4, r4, r3
1000062c:	e7f1      	b.n	10000612 <irq_remove_handler+0x7e>
1000062e:	2136      	movs	r1, #54	; 0x36
10000630:	4b38      	ldr	r3, [pc, #224]	; (10000714 <irq_remove_handler+0x180>)
10000632:	4a39      	ldr	r2, [pc, #228]	; (10000718 <irq_remove_handler+0x184>)
10000634:	31ff      	adds	r1, #255	; 0xff
10000636:	4839      	ldr	r0, [pc, #228]	; (1000071c <irq_remove_handler+0x188>)
10000638:	f001 fca0 	bl	10001f7c <__assert_func>
1000063c:	0022      	movs	r2, r4
1000063e:	42ab      	cmp	r3, r5
10000640:	d156      	bne.n	100006f0 <irq_remove_handler+0x15c>
10000642:	2506      	movs	r5, #6
10000644:	5765      	ldrsb	r5, [r4, r5]
10000646:	2d00      	cmp	r5, #0
10000648:	db38      	blt.n	100006bc <irq_remove_handler+0x128>
1000064a:	006b      	lsls	r3, r5, #1
1000064c:	195b      	adds	r3, r3, r5
1000064e:	009a      	lsls	r2, r3, #2
10000650:	4b2f      	ldr	r3, [pc, #188]	; (10000710 <irq_remove_handler+0x17c>)
10000652:	189b      	adds	r3, r3, r2
10000654:	689a      	ldr	r2, [r3, #8]
10000656:	60a2      	str	r2, [r4, #8]
10000658:	79da      	ldrb	r2, [r3, #7]
1000065a:	71e2      	strb	r2, [r4, #7]
1000065c:	2206      	movs	r2, #6
1000065e:	569a      	ldrsb	r2, [r3, r2]
10000660:	71a2      	strb	r2, [r4, #6]
10000662:	799b      	ldrb	r3, [r3, #6]
10000664:	b25b      	sxtb	r3, r3
10000666:	2b00      	cmp	r3, #0
10000668:	da0f      	bge.n	1000068a <irq_remove_handler+0xf6>
1000066a:	482d      	ldr	r0, [pc, #180]	; (10000720 <irq_remove_handler+0x18c>)
1000066c:	80a0      	strh	r0, [r4, #4]
1000066e:	006b      	lsls	r3, r5, #1
10000670:	195b      	adds	r3, r3, r5
10000672:	009b      	lsls	r3, r3, #2
10000674:	4a26      	ldr	r2, [pc, #152]	; (10000710 <irq_remove_handler+0x17c>)
10000676:	18d3      	adds	r3, r2, r3
10000678:	4a2a      	ldr	r2, [pc, #168]	; (10000724 <irq_remove_handler+0x190>)
1000067a:	7811      	ldrb	r1, [r2, #0]
1000067c:	7199      	strb	r1, [r3, #6]
1000067e:	7015      	strb	r5, [r2, #0]
10000680:	4649      	mov	r1, r9
10000682:	0030      	movs	r0, r6
10000684:	f7ff ff4c 	bl	10000520 <irq_set_enabled>
10000688:	e7a5      	b.n	100005d6 <irq_remove_handler+0x42>
1000068a:	1d20      	adds	r0, r4, #4
1000068c:	006b      	lsls	r3, r5, #1
1000068e:	195b      	adds	r3, r3, r5
10000690:	009b      	lsls	r3, r3, #2
10000692:	4a1f      	ldr	r2, [pc, #124]	; (10000710 <irq_remove_handler+0x17c>)
10000694:	189b      	adds	r3, r3, r2
10000696:	1d1a      	adds	r2, r3, #4
10000698:	889b      	ldrh	r3, [r3, #4]
1000069a:	0ad9      	lsrs	r1, r3, #11
1000069c:	291c      	cmp	r1, #28
1000069e:	d107      	bne.n	100006b0 <irq_remove_handler+0x11c>
100006a0:	055b      	lsls	r3, r3, #21
100006a2:	155b      	asrs	r3, r3, #21
100006a4:	3302      	adds	r3, #2
100006a6:	0059      	lsls	r1, r3, #1
100006a8:	1851      	adds	r1, r2, r1
100006aa:	f7ff fed9 	bl	10000460 <make_branch>
100006ae:	e7dd      	b.n	1000066c <irq_remove_handler+0xd8>
100006b0:	4b1d      	ldr	r3, [pc, #116]	; (10000728 <irq_remove_handler+0x194>)
100006b2:	4a1e      	ldr	r2, [pc, #120]	; (1000072c <irq_remove_handler+0x198>)
100006b4:	21b1      	movs	r1, #177	; 0xb1
100006b6:	4819      	ldr	r0, [pc, #100]	; (1000071c <irq_remove_handler+0x188>)
100006b8:	f001 fc60 	bl	10001f7c <__assert_func>
100006bc:	2900      	cmp	r1, #0
100006be:	d112      	bne.n	100006e6 <irq_remove_handler+0x152>
100006c0:	2a00      	cmp	r2, #0
100006c2:	d00e      	beq.n	100006e2 <irq_remove_handler+0x14e>
100006c4:	23ff      	movs	r3, #255	; 0xff
100006c6:	7193      	strb	r3, [r2, #6]
100006c8:	4b19      	ldr	r3, [pc, #100]	; (10000730 <irq_remove_handler+0x19c>)
100006ca:	8093      	strh	r3, [r2, #4]
100006cc:	4a15      	ldr	r2, [pc, #84]	; (10000724 <irq_remove_handler+0x190>)
100006ce:	7813      	ldrb	r3, [r2, #0]
100006d0:	71a3      	strb	r3, [r4, #6]
100006d2:	4b18      	ldr	r3, [pc, #96]	; (10000734 <irq_remove_handler+0x1a0>)
100006d4:	490e      	ldr	r1, [pc, #56]	; (10000710 <irq_remove_handler+0x17c>)
100006d6:	1a64      	subs	r4, r4, r1
100006d8:	4164      	adcs	r4, r4
100006da:	4363      	muls	r3, r4
100006dc:	0d1b      	lsrs	r3, r3, #20
100006de:	7013      	strb	r3, [r2, #0]
100006e0:	e7ce      	b.n	10000680 <irq_remove_handler+0xec>
100006e2:	4f0a      	ldr	r7, [pc, #40]	; (1000070c <irq_remove_handler+0x178>)
100006e4:	e7f2      	b.n	100006cc <irq_remove_handler+0x138>
100006e6:	1d20      	adds	r0, r4, #4
100006e8:	4913      	ldr	r1, [pc, #76]	; (10000738 <irq_remove_handler+0x1a4>)
100006ea:	f7ff fedd 	bl	100004a8 <insert_branch_and_link>
100006ee:	e7c7      	b.n	10000680 <irq_remove_handler+0xec>
100006f0:	216a      	movs	r1, #106	; 0x6a
100006f2:	4b12      	ldr	r3, [pc, #72]	; (1000073c <irq_remove_handler+0x1a8>)
100006f4:	4a08      	ldr	r2, [pc, #32]	; (10000718 <irq_remove_handler+0x184>)
100006f6:	31ff      	adds	r1, #255	; 0xff
100006f8:	4808      	ldr	r0, [pc, #32]	; (1000071c <irq_remove_handler+0x188>)
100006fa:	f001 fc3f 	bl	10001f7c <__assert_func>
100006fe:	4f03      	ldr	r7, [pc, #12]	; (1000070c <irq_remove_handler+0x178>)
10000700:	e769      	b.n	100005d6 <irq_remove_handler+0x42>
10000702:	46c0      	nop			; (mov r8, r8)
10000704:	d0000124 	.word	0xd0000124
10000708:	e000ed00 	.word	0xe000ed00
1000070c:	100001cd 	.word	0x100001cd
10000710:	2000023c 	.word	0x2000023c
10000714:	10004240 	.word	0x10004240
10000718:	100042ec 	.word	0x100042ec
1000071c:	100040c0 	.word	0x100040c0
10000720:	0000bd01 	.word	0x0000bd01
10000724:	200006e1 	.word	0x200006e1
10000728:	10004228 	.word	0x10004228
1000072c:	1000430c 	.word	0x1000430c
10000730:	ffffbd01 	.word	0xffffbd01
10000734:	0000aaaa 	.word	0x0000aaaa
10000738:	20000276 	.word	0x20000276
1000073c:	10004274 	.word	0x10004274

10000740 <irq_add_tail_to_free_list>:
10000740:	b570      	push	{r4, r5, r6, lr}
10000742:	2101      	movs	r1, #1
10000744:	4301      	orrs	r1, r0
10000746:	4b2e      	ldr	r3, [pc, #184]	; (10000800 <irq_add_tail_to_free_list+0xc0>)
10000748:	1acb      	subs	r3, r1, r3
1000074a:	2b2f      	cmp	r3, #47	; 0x2f
1000074c:	d828      	bhi.n	100007a0 <irq_add_tail_to_free_list+0x60>
1000074e:	f3ef 8305 	mrs	r3, IPSR
10000752:	2b00      	cmp	r3, #0
10000754:	d02b      	beq.n	100007ae <irq_add_tail_to_free_list+0x6e>
10000756:	f3ef 8c10 	mrs	ip, PRIMASK
1000075a:	b672      	cpsid	i
1000075c:	4a29      	ldr	r2, [pc, #164]	; (10000804 <irq_add_tail_to_free_list+0xc4>)
1000075e:	6812      	ldr	r2, [r2, #0]
10000760:	2a00      	cmp	r2, #0
10000762:	d0fb      	beq.n	1000075c <irq_add_tail_to_free_list+0x1c>
10000764:	f3bf 8f5f 	dmb	sy
10000768:	4a27      	ldr	r2, [pc, #156]	; (10000808 <irq_add_tail_to_free_list+0xc8>)
1000076a:	0004      	movs	r4, r0
1000076c:	4d24      	ldr	r5, [pc, #144]	; (10000800 <irq_add_tail_to_free_list+0xc0>)
1000076e:	1b64      	subs	r4, r4, r5
10000770:	4164      	adcs	r4, r4
10000772:	4362      	muls	r2, r4
10000774:	0d12      	lsrs	r2, r2, #20
10000776:	b254      	sxtb	r4, r2
10000778:	4a24      	ldr	r2, [pc, #144]	; (1000080c <irq_add_tail_to_free_list+0xcc>)
1000077a:	6892      	ldr	r2, [r2, #8]
1000077c:	009b      	lsls	r3, r3, #2
1000077e:	58d2      	ldr	r2, [r2, r3]
10000780:	428a      	cmp	r2, r1
10000782:	d01b      	beq.n	100007bc <irq_add_tail_to_free_list+0x7c>
10000784:	2200      	movs	r2, #0
10000786:	2a03      	cmp	r2, #3
10000788:	d832      	bhi.n	100007f0 <irq_add_tail_to_free_list+0xb0>
1000078a:	0053      	lsls	r3, r2, #1
1000078c:	189b      	adds	r3, r3, r2
1000078e:	009b      	lsls	r3, r3, #2
10000790:	491b      	ldr	r1, [pc, #108]	; (10000800 <irq_add_tail_to_free_list+0xc0>)
10000792:	18cb      	adds	r3, r1, r3
10000794:	799b      	ldrb	r3, [r3, #6]
10000796:	b25b      	sxtb	r3, r3
10000798:	42a3      	cmp	r3, r4
1000079a:	d01f      	beq.n	100007dc <irq_add_tail_to_free_list+0x9c>
1000079c:	3201      	adds	r2, #1
1000079e:	e7f2      	b.n	10000786 <irq_add_tail_to_free_list+0x46>
100007a0:	21c7      	movs	r1, #199	; 0xc7
100007a2:	4b1b      	ldr	r3, [pc, #108]	; (10000810 <irq_add_tail_to_free_list+0xd0>)
100007a4:	4a1b      	ldr	r2, [pc, #108]	; (10000814 <irq_add_tail_to_free_list+0xd4>)
100007a6:	0049      	lsls	r1, r1, #1
100007a8:	481b      	ldr	r0, [pc, #108]	; (10000818 <irq_add_tail_to_free_list+0xd8>)
100007aa:	f001 fbe7 	bl	10001f7c <__assert_func>
100007ae:	2192      	movs	r1, #146	; 0x92
100007b0:	4b1a      	ldr	r3, [pc, #104]	; (1000081c <irq_add_tail_to_free_list+0xdc>)
100007b2:	4a18      	ldr	r2, [pc, #96]	; (10000814 <irq_add_tail_to_free_list+0xd4>)
100007b4:	31ff      	adds	r1, #255	; 0xff
100007b6:	4818      	ldr	r0, [pc, #96]	; (10000818 <irq_add_tail_to_free_list+0xd8>)
100007b8:	f001 fbe0 	bl	10001f7c <__assert_func>
100007bc:	4a13      	ldr	r2, [pc, #76]	; (1000080c <irq_add_tail_to_free_list+0xcc>)
100007be:	6892      	ldr	r2, [r2, #8]
100007c0:	4917      	ldr	r1, [pc, #92]	; (10000820 <irq_add_tail_to_free_list+0xe0>)
100007c2:	50d1      	str	r1, [r2, r3]
100007c4:	4b17      	ldr	r3, [pc, #92]	; (10000824 <irq_add_tail_to_free_list+0xe4>)
100007c6:	781a      	ldrb	r2, [r3, #0]
100007c8:	7182      	strb	r2, [r0, #6]
100007ca:	701c      	strb	r4, [r3, #0]
100007cc:	f3bf 8f5f 	dmb	sy
100007d0:	4b0c      	ldr	r3, [pc, #48]	; (10000804 <irq_add_tail_to_free_list+0xc4>)
100007d2:	2200      	movs	r2, #0
100007d4:	601a      	str	r2, [r3, #0]
100007d6:	f38c 8810 	msr	PRIMASK, ip
100007da:	bd70      	pop	{r4, r5, r6, pc}
100007dc:	000d      	movs	r5, r1
100007de:	0053      	lsls	r3, r2, #1
100007e0:	1899      	adds	r1, r3, r2
100007e2:	0089      	lsls	r1, r1, #2
100007e4:	1869      	adds	r1, r5, r1
100007e6:	26ff      	movs	r6, #255	; 0xff
100007e8:	718e      	strb	r6, [r1, #6]
100007ea:	4a0f      	ldr	r2, [pc, #60]	; (10000828 <irq_add_tail_to_free_list+0xe8>)
100007ec:	808a      	strh	r2, [r1, #4]
100007ee:	e7e9      	b.n	100007c4 <irq_add_tail_to_free_list+0x84>
100007f0:	21d1      	movs	r1, #209	; 0xd1
100007f2:	4b0e      	ldr	r3, [pc, #56]	; (1000082c <irq_add_tail_to_free_list+0xec>)
100007f4:	4a07      	ldr	r2, [pc, #28]	; (10000814 <irq_add_tail_to_free_list+0xd4>)
100007f6:	0049      	lsls	r1, r1, #1
100007f8:	4807      	ldr	r0, [pc, #28]	; (10000818 <irq_add_tail_to_free_list+0xd8>)
100007fa:	f001 fbbf 	bl	10001f7c <__assert_func>
100007fe:	46c0      	nop			; (mov r8, r8)
10000800:	2000023c 	.word	0x2000023c
10000804:	d0000124 	.word	0xd0000124
10000808:	0000aaaa 	.word	0x0000aaaa
1000080c:	e000ed00 	.word	0xe000ed00
10000810:	1000427c 	.word	0x1000427c
10000814:	100042b8 	.word	0x100042b8
10000818:	100040c0 	.word	0x100040c0
1000081c:	100042a4 	.word	0x100042a4
10000820:	100001cd 	.word	0x100001cd
10000824:	200006e1 	.word	0x200006e1
10000828:	ffffbd01 	.word	0xffffbd01
1000082c:	100042b0 	.word	0x100042b0

10000830 <irq_init_priorities>:
10000830:	2200      	movs	r2, #0
10000832:	4b04      	ldr	r3, [pc, #16]	; (10000844 <irq_init_priorities+0x14>)
10000834:	e002      	b.n	1000083c <irq_init_priorities+0xc>
10000836:	4904      	ldr	r1, [pc, #16]	; (10000848 <irq_init_priorities+0x18>)
10000838:	c302      	stmia	r3!, {r1}
1000083a:	3201      	adds	r2, #1
1000083c:	2a07      	cmp	r2, #7
1000083e:	d9fa      	bls.n	10000836 <irq_init_priorities+0x6>
10000840:	4770      	bx	lr
10000842:	46c0      	nop			; (mov r8, r8)
10000844:	e000e400 	.word	0xe000e400
10000848:	80808080 	.word	0x80808080

1000084c <lock_init>:
1000084c:	4b02      	ldr	r3, [pc, #8]	; (10000858 <lock_init+0xc>)
1000084e:	469c      	mov	ip, r3
10000850:	4461      	add	r1, ip
10000852:	0089      	lsls	r1, r1, #2
10000854:	6001      	str	r1, [r0, #0]
10000856:	4770      	bx	lr
10000858:	34000040 	.word	0x34000040

1000085c <mutex_init>:
1000085c:	b510      	push	{r4, lr}
1000085e:	0004      	movs	r4, r0
10000860:	f7ff fddc 	bl	1000041c <next_striped_spin_lock_num>
10000864:	0001      	movs	r1, r0
10000866:	0020      	movs	r0, r4
10000868:	f7ff fff0 	bl	1000084c <lock_init>
1000086c:	23ff      	movs	r3, #255	; 0xff
1000086e:	7123      	strb	r3, [r4, #4]
10000870:	f3bf 8f5f 	dmb	sy
10000874:	bd10      	pop	{r4, pc}

10000876 <recursive_mutex_init>:
10000876:	b510      	push	{r4, lr}
10000878:	0004      	movs	r4, r0
1000087a:	f7ff fdcf 	bl	1000041c <next_striped_spin_lock_num>
1000087e:	0001      	movs	r1, r0
10000880:	0020      	movs	r0, r4
10000882:	f7ff ffe3 	bl	1000084c <lock_init>
10000886:	23ff      	movs	r3, #255	; 0xff
10000888:	7123      	strb	r3, [r4, #4]
1000088a:	2300      	movs	r3, #0
1000088c:	7163      	strb	r3, [r4, #5]
1000088e:	f3bf 8f5f 	dmb	sy
10000892:	bd10      	pop	{r4, pc}

10000894 <alarm_pool_post_alloc_init>:
10000894:	b570      	push	{r4, r5, r6, lr}
10000896:	0005      	movs	r5, r0
10000898:	000c      	movs	r4, r1
1000089a:	0008      	movs	r0, r1
1000089c:	f000 fe4a 	bl	10001534 <hardware_alarm_cancel>
100008a0:	4909      	ldr	r1, [pc, #36]	; (100008c8 <alarm_pool_post_alloc_init+0x34>)
100008a2:	0020      	movs	r0, r4
100008a4:	f000 fd8a 	bl	100013bc <hardware_alarm_set_callback>
100008a8:	f7ff fdb8 	bl	1000041c <next_striped_spin_lock_num>
100008ac:	4b07      	ldr	r3, [pc, #28]	; (100008cc <alarm_pool_post_alloc_init+0x38>)
100008ae:	469c      	mov	ip, r3
100008b0:	4460      	add	r0, ip
100008b2:	0080      	lsls	r0, r0, #2
100008b4:	6068      	str	r0, [r5, #4]
100008b6:	752c      	strb	r4, [r5, #20]
100008b8:	23d0      	movs	r3, #208	; 0xd0
100008ba:	061b      	lsls	r3, r3, #24
100008bc:	781b      	ldrb	r3, [r3, #0]
100008be:	756b      	strb	r3, [r5, #21]
100008c0:	00a4      	lsls	r4, r4, #2
100008c2:	4b03      	ldr	r3, [pc, #12]	; (100008d0 <alarm_pool_post_alloc_init+0x3c>)
100008c4:	50e5      	str	r5, [r4, r3]
100008c6:	bd70      	pop	{r4, r5, r6, pc}
100008c8:	10000bd9 	.word	0x10000bd9
100008cc:	34000040 	.word	0x34000040
100008d0:	200004b0 	.word	0x200004b0

100008d4 <sleep_until_callback>:
100008d4:	4b0a      	ldr	r3, [pc, #40]	; (10000900 <sleep_until_callback+0x2c>)
100008d6:	681a      	ldr	r2, [r3, #0]
100008d8:	f3ef 8110 	mrs	r1, PRIMASK
100008dc:	b672      	cpsid	i
100008de:	6813      	ldr	r3, [r2, #0]
100008e0:	2b00      	cmp	r3, #0
100008e2:	d0fc      	beq.n	100008de <sleep_until_callback+0xa>
100008e4:	f3bf 8f5f 	dmb	sy
100008e8:	4b05      	ldr	r3, [pc, #20]	; (10000900 <sleep_until_callback+0x2c>)
100008ea:	681b      	ldr	r3, [r3, #0]
100008ec:	f3bf 8f5f 	dmb	sy
100008f0:	2200      	movs	r2, #0
100008f2:	601a      	str	r2, [r3, #0]
100008f4:	f381 8810 	msr	PRIMASK, r1
100008f8:	bf40      	sev
100008fa:	2000      	movs	r0, #0
100008fc:	2100      	movs	r1, #0
100008fe:	4770      	bx	lr
10000900:	200006c4 	.word	0x200006c4

10000904 <timer_pool_entry_comparator>:
10000904:	b510      	push	{r4, lr}
10000906:	2900      	cmp	r1, #0
10000908:	d022      	beq.n	10000950 <timer_pool_entry_comparator+0x4c>
1000090a:	6803      	ldr	r3, [r0, #0]
1000090c:	7b1b      	ldrb	r3, [r3, #12]
1000090e:	4299      	cmp	r1, r3
10000910:	d81e      	bhi.n	10000950 <timer_pool_entry_comparator+0x4c>
10000912:	4b17      	ldr	r3, [pc, #92]	; (10000970 <timer_pool_entry_comparator+0x6c>)
10000914:	469c      	mov	ip, r3
10000916:	4461      	add	r1, ip
10000918:	0109      	lsls	r1, r1, #4
1000091a:	6883      	ldr	r3, [r0, #8]
1000091c:	469c      	mov	ip, r3
1000091e:	4461      	add	r1, ip
10000920:	680c      	ldr	r4, [r1, #0]
10000922:	6849      	ldr	r1, [r1, #4]
10000924:	2a00      	cmp	r2, #0
10000926:	d019      	beq.n	1000095c <timer_pool_entry_comparator+0x58>
10000928:	6803      	ldr	r3, [r0, #0]
1000092a:	7b1b      	ldrb	r3, [r3, #12]
1000092c:	429a      	cmp	r2, r3
1000092e:	d815      	bhi.n	1000095c <timer_pool_entry_comparator+0x58>
10000930:	6883      	ldr	r3, [r0, #8]
10000932:	480f      	ldr	r0, [pc, #60]	; (10000970 <timer_pool_entry_comparator+0x6c>)
10000934:	4684      	mov	ip, r0
10000936:	4462      	add	r2, ip
10000938:	0112      	lsls	r2, r2, #4
1000093a:	189a      	adds	r2, r3, r2
1000093c:	6810      	ldr	r0, [r2, #0]
1000093e:	6853      	ldr	r3, [r2, #4]
10000940:	0002      	movs	r2, r0
10000942:	2001      	movs	r0, #1
10000944:	428b      	cmp	r3, r1
10000946:	d801      	bhi.n	1000094c <timer_pool_entry_comparator+0x48>
10000948:	d00e      	beq.n	10000968 <timer_pool_entry_comparator+0x64>
1000094a:	2000      	movs	r0, #0
1000094c:	b2c0      	uxtb	r0, r0
1000094e:	bd10      	pop	{r4, pc}
10000950:	4b08      	ldr	r3, [pc, #32]	; (10000974 <timer_pool_entry_comparator+0x70>)
10000952:	4a09      	ldr	r2, [pc, #36]	; (10000978 <timer_pool_entry_comparator+0x74>)
10000954:	213c      	movs	r1, #60	; 0x3c
10000956:	4809      	ldr	r0, [pc, #36]	; (1000097c <timer_pool_entry_comparator+0x78>)
10000958:	f001 fb10 	bl	10001f7c <__assert_func>
1000095c:	4b05      	ldr	r3, [pc, #20]	; (10000974 <timer_pool_entry_comparator+0x70>)
1000095e:	4a06      	ldr	r2, [pc, #24]	; (10000978 <timer_pool_entry_comparator+0x74>)
10000960:	213c      	movs	r1, #60	; 0x3c
10000962:	4806      	ldr	r0, [pc, #24]	; (1000097c <timer_pool_entry_comparator+0x78>)
10000964:	f001 fb0a 	bl	10001f7c <__assert_func>
10000968:	42a2      	cmp	r2, r4
1000096a:	d8ef      	bhi.n	1000094c <timer_pool_entry_comparator+0x48>
1000096c:	e7ed      	b.n	1000094a <timer_pool_entry_comparator+0x46>
1000096e:	46c0      	nop			; (mov r8, r8)
10000970:	0fffffff 	.word	0x0fffffff
10000974:	100044ec 	.word	0x100044ec
10000978:	1000471c 	.word	0x1000471c
1000097c:	10004498 	.word	0x10004498

10000980 <ph_add_child_node>:
10000980:	b510      	push	{r4, lr}
10000982:	2900      	cmp	r1, #0
10000984:	d01e      	beq.n	100009c4 <ph_add_child_node+0x44>
10000986:	7b03      	ldrb	r3, [r0, #12]
10000988:	4299      	cmp	r1, r3
1000098a:	d81b      	bhi.n	100009c4 <ph_add_child_node+0x44>
1000098c:	004b      	lsls	r3, r1, #1
1000098e:	185b      	adds	r3, r3, r1
10000990:	3b03      	subs	r3, #3
10000992:	6804      	ldr	r4, [r0, #0]
10000994:	46a4      	mov	ip, r4
10000996:	4463      	add	r3, ip
10000998:	2900      	cmp	r1, #0
1000099a:	d019      	beq.n	100009d0 <ph_add_child_node+0x50>
1000099c:	2a00      	cmp	r2, #0
1000099e:	d01d      	beq.n	100009dc <ph_add_child_node+0x5c>
100009a0:	4291      	cmp	r1, r2
100009a2:	d021      	beq.n	100009e8 <ph_add_child_node+0x68>
100009a4:	2a00      	cmp	r2, #0
100009a6:	d025      	beq.n	100009f4 <ph_add_child_node+0x74>
100009a8:	7b04      	ldrb	r4, [r0, #12]
100009aa:	42a2      	cmp	r2, r4
100009ac:	d822      	bhi.n	100009f4 <ph_add_child_node+0x74>
100009ae:	6804      	ldr	r4, [r0, #0]
100009b0:	0050      	lsls	r0, r2, #1
100009b2:	1880      	adds	r0, r0, r2
100009b4:	3803      	subs	r0, #3
100009b6:	1820      	adds	r0, r4, r0
100009b8:	7081      	strb	r1, [r0, #2]
100009ba:	7819      	ldrb	r1, [r3, #0]
100009bc:	2900      	cmp	r1, #0
100009be:	d11f      	bne.n	10000a00 <ph_add_child_node+0x80>
100009c0:	701a      	strb	r2, [r3, #0]
100009c2:	bd10      	pop	{r4, pc}
100009c4:	4b10      	ldr	r3, [pc, #64]	; (10000a08 <ph_add_child_node+0x88>)
100009c6:	4a11      	ldr	r2, [pc, #68]	; (10000a0c <ph_add_child_node+0x8c>)
100009c8:	2168      	movs	r1, #104	; 0x68
100009ca:	4811      	ldr	r0, [pc, #68]	; (10000a10 <ph_add_child_node+0x90>)
100009cc:	f001 fad6 	bl	10001f7c <__assert_func>
100009d0:	4b10      	ldr	r3, [pc, #64]	; (10000a14 <ph_add_child_node+0x94>)
100009d2:	4a11      	ldr	r2, [pc, #68]	; (10000a18 <ph_add_child_node+0x98>)
100009d4:	316f      	adds	r1, #111	; 0x6f
100009d6:	480e      	ldr	r0, [pc, #56]	; (10000a10 <ph_add_child_node+0x90>)
100009d8:	f001 fad0 	bl	10001f7c <__assert_func>
100009dc:	4b0f      	ldr	r3, [pc, #60]	; (10000a1c <ph_add_child_node+0x9c>)
100009de:	4a0e      	ldr	r2, [pc, #56]	; (10000a18 <ph_add_child_node+0x98>)
100009e0:	2170      	movs	r1, #112	; 0x70
100009e2:	480b      	ldr	r0, [pc, #44]	; (10000a10 <ph_add_child_node+0x90>)
100009e4:	f001 faca 	bl	10001f7c <__assert_func>
100009e8:	4b0d      	ldr	r3, [pc, #52]	; (10000a20 <ph_add_child_node+0xa0>)
100009ea:	4a0b      	ldr	r2, [pc, #44]	; (10000a18 <ph_add_child_node+0x98>)
100009ec:	2171      	movs	r1, #113	; 0x71
100009ee:	4808      	ldr	r0, [pc, #32]	; (10000a10 <ph_add_child_node+0x90>)
100009f0:	f001 fac4 	bl	10001f7c <__assert_func>
100009f4:	4b04      	ldr	r3, [pc, #16]	; (10000a08 <ph_add_child_node+0x88>)
100009f6:	4a05      	ldr	r2, [pc, #20]	; (10000a0c <ph_add_child_node+0x8c>)
100009f8:	2168      	movs	r1, #104	; 0x68
100009fa:	4805      	ldr	r0, [pc, #20]	; (10000a10 <ph_add_child_node+0x90>)
100009fc:	f001 fabe 	bl	10001f7c <__assert_func>
10000a00:	7041      	strb	r1, [r0, #1]
10000a02:	701a      	strb	r2, [r3, #0]
10000a04:	e7dd      	b.n	100009c2 <ph_add_child_node+0x42>
10000a06:	46c0      	nop			; (mov r8, r8)
10000a08:	10004510 	.word	0x10004510
10000a0c:	10004788 	.word	0x10004788
10000a10:	1000452c 	.word	0x1000452c
10000a14:	10004594 	.word	0x10004594
10000a18:	10004764 	.word	0x10004764
10000a1c:	100045a0 	.word	0x100045a0
10000a20:	100045ac 	.word	0x100045ac

10000a24 <ph_merge_nodes>:
10000a24:	b570      	push	{r4, r5, r6, lr}
10000a26:	0006      	movs	r6, r0
10000a28:	000d      	movs	r5, r1
10000a2a:	0014      	movs	r4, r2
10000a2c:	2900      	cmp	r1, #0
10000a2e:	d014      	beq.n	10000a5a <ph_merge_nodes+0x36>
10000a30:	2a00      	cmp	r2, #0
10000a32:	d014      	beq.n	10000a5e <ph_merge_nodes+0x3a>
10000a34:	6880      	ldr	r0, [r0, #8]
10000a36:	6873      	ldr	r3, [r6, #4]
10000a38:	4798      	blx	r3
10000a3a:	2800      	cmp	r0, #0
10000a3c:	d006      	beq.n	10000a4c <ph_merge_nodes+0x28>
10000a3e:	0022      	movs	r2, r4
10000a40:	0029      	movs	r1, r5
10000a42:	0030      	movs	r0, r6
10000a44:	f7ff ff9c 	bl	10000980 <ph_add_child_node>
10000a48:	0028      	movs	r0, r5
10000a4a:	e007      	b.n	10000a5c <ph_merge_nodes+0x38>
10000a4c:	002a      	movs	r2, r5
10000a4e:	0021      	movs	r1, r4
10000a50:	0030      	movs	r0, r6
10000a52:	f7ff ff95 	bl	10000980 <ph_add_child_node>
10000a56:	0020      	movs	r0, r4
10000a58:	e000      	b.n	10000a5c <ph_merge_nodes+0x38>
10000a5a:	0010      	movs	r0, r2
10000a5c:	bd70      	pop	{r4, r5, r6, pc}
10000a5e:	0008      	movs	r0, r1
10000a60:	e7fc      	b.n	10000a5c <ph_merge_nodes+0x38>
	...

10000a64 <add_alarm_under_lock>:
10000a64:	b5f0      	push	{r4, r5, r6, r7, lr}
10000a66:	b083      	sub	sp, #12
10000a68:	0005      	movs	r5, r0
10000a6a:	9200      	str	r2, [sp, #0]
10000a6c:	9301      	str	r3, [sp, #4]
10000a6e:	ab0a      	add	r3, sp, #40	; 0x28
10000a70:	781c      	ldrb	r4, [r3, #0]
10000a72:	ab0b      	add	r3, sp, #44	; 0x2c
10000a74:	781f      	ldrb	r7, [r3, #0]
10000a76:	2c00      	cmp	r4, #0
10000a78:	d026      	beq.n	10000ac8 <add_alarm_under_lock+0x64>
10000a7a:	6803      	ldr	r3, [r0, #0]
10000a7c:	7b5a      	ldrb	r2, [r3, #13]
10000a7e:	4294      	cmp	r4, r2
10000a80:	d107      	bne.n	10000a92 <add_alarm_under_lock+0x2e>
10000a82:	2301      	movs	r3, #1
10000a84:	2b00      	cmp	r3, #0
10000a86:	d119      	bne.n	10000abc <add_alarm_under_lock+0x58>
10000a88:	2c00      	cmp	r4, #0
10000a8a:	d13b      	bne.n	10000b04 <add_alarm_under_lock+0xa0>
10000a8c:	0020      	movs	r0, r4
10000a8e:	b003      	add	sp, #12
10000a90:	bdf0      	pop	{r4, r5, r6, r7, pc}
10000a92:	2c00      	cmp	r4, #0
10000a94:	d00c      	beq.n	10000ab0 <add_alarm_under_lock+0x4c>
10000a96:	7b1a      	ldrb	r2, [r3, #12]
10000a98:	4294      	cmp	r4, r2
10000a9a:	d809      	bhi.n	10000ab0 <add_alarm_under_lock+0x4c>
10000a9c:	681a      	ldr	r2, [r3, #0]
10000a9e:	0063      	lsls	r3, r4, #1
10000aa0:	191b      	adds	r3, r3, r4
10000aa2:	3b03      	subs	r3, #3
10000aa4:	18d3      	adds	r3, r2, r3
10000aa6:	789b      	ldrb	r3, [r3, #2]
10000aa8:	2b00      	cmp	r3, #0
10000aaa:	d0eb      	beq.n	10000a84 <add_alarm_under_lock+0x20>
10000aac:	2301      	movs	r3, #1
10000aae:	e7e9      	b.n	10000a84 <add_alarm_under_lock+0x20>
10000ab0:	4b3e      	ldr	r3, [pc, #248]	; (10000bac <add_alarm_under_lock+0x148>)
10000ab2:	4a3f      	ldr	r2, [pc, #252]	; (10000bb0 <add_alarm_under_lock+0x14c>)
10000ab4:	2168      	movs	r1, #104	; 0x68
10000ab6:	483f      	ldr	r0, [pc, #252]	; (10000bb4 <add_alarm_under_lock+0x150>)
10000ab8:	f001 fa60 	bl	10001f7c <__assert_func>
10000abc:	4b3e      	ldr	r3, [pc, #248]	; (10000bb8 <add_alarm_under_lock+0x154>)
10000abe:	4a3f      	ldr	r2, [pc, #252]	; (10000bbc <add_alarm_under_lock+0x158>)
10000ac0:	2167      	movs	r1, #103	; 0x67
10000ac2:	483f      	ldr	r0, [pc, #252]	; (10000bc0 <add_alarm_under_lock+0x15c>)
10000ac4:	f001 fa5a 	bl	10001f7c <__assert_func>
10000ac8:	6803      	ldr	r3, [r0, #0]
10000aca:	7b9c      	ldrb	r4, [r3, #14]
10000acc:	2c00      	cmp	r4, #0
10000ace:	d0db      	beq.n	10000a88 <add_alarm_under_lock+0x24>
10000ad0:	d012      	beq.n	10000af8 <add_alarm_under_lock+0x94>
10000ad2:	7b1a      	ldrb	r2, [r3, #12]
10000ad4:	4294      	cmp	r4, r2
10000ad6:	d80f      	bhi.n	10000af8 <add_alarm_under_lock+0x94>
10000ad8:	0062      	lsls	r2, r4, #1
10000ada:	1912      	adds	r2, r2, r4
10000adc:	3a03      	subs	r2, #3
10000ade:	6819      	ldr	r1, [r3, #0]
10000ae0:	468c      	mov	ip, r1
10000ae2:	4462      	add	r2, ip
10000ae4:	7851      	ldrb	r1, [r2, #1]
10000ae6:	7399      	strb	r1, [r3, #14]
10000ae8:	2900      	cmp	r1, #0
10000aea:	d100      	bne.n	10000aee <add_alarm_under_lock+0x8a>
10000aec:	73d9      	strb	r1, [r3, #15]
10000aee:	2300      	movs	r3, #0
10000af0:	7093      	strb	r3, [r2, #2]
10000af2:	7053      	strb	r3, [r2, #1]
10000af4:	7013      	strb	r3, [r2, #0]
10000af6:	e7c7      	b.n	10000a88 <add_alarm_under_lock+0x24>
10000af8:	4b2c      	ldr	r3, [pc, #176]	; (10000bac <add_alarm_under_lock+0x148>)
10000afa:	4a2d      	ldr	r2, [pc, #180]	; (10000bb0 <add_alarm_under_lock+0x14c>)
10000afc:	2168      	movs	r1, #104	; 0x68
10000afe:	482d      	ldr	r0, [pc, #180]	; (10000bb4 <add_alarm_under_lock+0x150>)
10000b00:	f001 fa3c 	bl	10001f7c <__assert_func>
10000b04:	2c00      	cmp	r4, #0
10000b06:	d03a      	beq.n	10000b7e <add_alarm_under_lock+0x11a>
10000b08:	682b      	ldr	r3, [r5, #0]
10000b0a:	7b1b      	ldrb	r3, [r3, #12]
10000b0c:	429c      	cmp	r4, r3
10000b0e:	d836      	bhi.n	10000b7e <add_alarm_under_lock+0x11a>
10000b10:	4b2c      	ldr	r3, [pc, #176]	; (10000bc4 <add_alarm_under_lock+0x160>)
10000b12:	18e3      	adds	r3, r4, r3
10000b14:	011b      	lsls	r3, r3, #4
10000b16:	68aa      	ldr	r2, [r5, #8]
10000b18:	4694      	mov	ip, r2
10000b1a:	4463      	add	r3, ip
10000b1c:	9a00      	ldr	r2, [sp, #0]
10000b1e:	601a      	str	r2, [r3, #0]
10000b20:	9a01      	ldr	r2, [sp, #4]
10000b22:	605a      	str	r2, [r3, #4]
10000b24:	9a08      	ldr	r2, [sp, #32]
10000b26:	609a      	str	r2, [r3, #8]
10000b28:	9a09      	ldr	r2, [sp, #36]	; 0x24
10000b2a:	60da      	str	r2, [r3, #12]
10000b2c:	682e      	ldr	r6, [r5, #0]
10000b2e:	2c00      	cmp	r4, #0
10000b30:	d02b      	beq.n	10000b8a <add_alarm_under_lock+0x126>
10000b32:	d030      	beq.n	10000b96 <add_alarm_under_lock+0x132>
10000b34:	7b33      	ldrb	r3, [r6, #12]
10000b36:	429c      	cmp	r4, r3
10000b38:	d82d      	bhi.n	10000b96 <add_alarm_under_lock+0x132>
10000b3a:	0063      	lsls	r3, r4, #1
10000b3c:	191b      	adds	r3, r3, r4
10000b3e:	3b03      	subs	r3, #3
10000b40:	6832      	ldr	r2, [r6, #0]
10000b42:	4694      	mov	ip, r2
10000b44:	4463      	add	r3, ip
10000b46:	2200      	movs	r2, #0
10000b48:	709a      	strb	r2, [r3, #2]
10000b4a:	705a      	strb	r2, [r3, #1]
10000b4c:	701a      	strb	r2, [r3, #0]
10000b4e:	7b71      	ldrb	r1, [r6, #13]
10000b50:	0022      	movs	r2, r4
10000b52:	0030      	movs	r0, r6
10000b54:	f7ff ff66 	bl	10000a24 <ph_merge_nodes>
10000b58:	7370      	strb	r0, [r6, #13]
10000b5a:	4284      	cmp	r4, r0
10000b5c:	d000      	beq.n	10000b60 <add_alarm_under_lock+0xfc>
10000b5e:	e795      	b.n	10000a8c <add_alarm_under_lock+0x28>
10000b60:	7d28      	ldrb	r0, [r5, #20]
10000b62:	9a00      	ldr	r2, [sp, #0]
10000b64:	9b01      	ldr	r3, [sp, #4]
10000b66:	f000 fc71 	bl	1000144c <hardware_alarm_set_target>
10000b6a:	1e06      	subs	r6, r0, #0
10000b6c:	d001      	beq.n	10000b72 <add_alarm_under_lock+0x10e>
10000b6e:	2f00      	cmp	r7, #0
10000b70:	d017      	beq.n	10000ba2 <add_alarm_under_lock+0x13e>
10000b72:	9b0c      	ldr	r3, [sp, #48]	; 0x30
10000b74:	2b00      	cmp	r3, #0
10000b76:	d100      	bne.n	10000b7a <add_alarm_under_lock+0x116>
10000b78:	e788      	b.n	10000a8c <add_alarm_under_lock+0x28>
10000b7a:	701e      	strb	r6, [r3, #0]
10000b7c:	e786      	b.n	10000a8c <add_alarm_under_lock+0x28>
10000b7e:	4b12      	ldr	r3, [pc, #72]	; (10000bc8 <add_alarm_under_lock+0x164>)
10000b80:	4a12      	ldr	r2, [pc, #72]	; (10000bcc <add_alarm_under_lock+0x168>)
10000b82:	213c      	movs	r1, #60	; 0x3c
10000b84:	480e      	ldr	r0, [pc, #56]	; (10000bc0 <add_alarm_under_lock+0x15c>)
10000b86:	f001 f9f9 	bl	10001f7c <__assert_func>
10000b8a:	4b11      	ldr	r3, [pc, #68]	; (10000bd0 <add_alarm_under_lock+0x16c>)
10000b8c:	4a11      	ldr	r2, [pc, #68]	; (10000bd4 <add_alarm_under_lock+0x170>)
10000b8e:	21a5      	movs	r1, #165	; 0xa5
10000b90:	4808      	ldr	r0, [pc, #32]	; (10000bb4 <add_alarm_under_lock+0x150>)
10000b92:	f001 f9f3 	bl	10001f7c <__assert_func>
10000b96:	4b05      	ldr	r3, [pc, #20]	; (10000bac <add_alarm_under_lock+0x148>)
10000b98:	4a05      	ldr	r2, [pc, #20]	; (10000bb0 <add_alarm_under_lock+0x14c>)
10000b9a:	2168      	movs	r1, #104	; 0x68
10000b9c:	4805      	ldr	r0, [pc, #20]	; (10000bb4 <add_alarm_under_lock+0x150>)
10000b9e:	f001 f9ed 	bl	10001f7c <__assert_func>
10000ba2:	6828      	ldr	r0, [r5, #0]
10000ba4:	0021      	movs	r1, r4
10000ba6:	f000 fe89 	bl	100018bc <ph_remove_and_free_node>
10000baa:	e7e2      	b.n	10000b72 <add_alarm_under_lock+0x10e>
10000bac:	10004510 	.word	0x10004510
10000bb0:	10004788 	.word	0x10004788
10000bb4:	1000452c 	.word	0x1000452c
10000bb8:	100045c4 	.word	0x100045c4
10000bbc:	10004794 	.word	0x10004794
10000bc0:	10004498 	.word	0x10004498
10000bc4:	0fffffff 	.word	0x0fffffff
10000bc8:	100044ec 	.word	0x100044ec
10000bcc:	1000471c 	.word	0x1000471c
10000bd0:	10004494 	.word	0x10004494
10000bd4:	10004778 	.word	0x10004778

10000bd8 <alarm_pool_alarm_callback>:
10000bd8:	b5f0      	push	{r4, r5, r6, r7, lr}
10000bda:	46de      	mov	lr, fp
10000bdc:	4657      	mov	r7, sl
10000bde:	464e      	mov	r6, r9
10000be0:	4645      	mov	r5, r8
10000be2:	b5e0      	push	{r5, r6, r7, lr}
10000be4:	b08b      	sub	sp, #44	; 0x2c
10000be6:	9009      	str	r0, [sp, #36]	; 0x24
10000be8:	2300      	movs	r3, #0
10000bea:	9308      	str	r3, [sp, #32]
10000bec:	0082      	lsls	r2, r0, #2
10000bee:	4bb5      	ldr	r3, [pc, #724]	; (10000ec4 <alarm_pool_alarm_callback+0x2ec>)
10000bf0:	58d6      	ldr	r6, [r2, r3]
10000bf2:	0037      	movs	r7, r6
10000bf4:	e052      	b.n	10000c9c <alarm_pool_alarm_callback+0xc4>
10000bf6:	4bb4      	ldr	r3, [pc, #720]	; (10000ec8 <alarm_pool_alarm_callback+0x2f0>)
10000bf8:	4ab4      	ldr	r2, [pc, #720]	; (10000ecc <alarm_pool_alarm_callback+0x2f4>)
10000bfa:	213f      	movs	r1, #63	; 0x3f
10000bfc:	48b4      	ldr	r0, [pc, #720]	; (10000ed0 <alarm_pool_alarm_callback+0x2f8>)
10000bfe:	f001 f9bd 	bl	10001f7c <__assert_func>
10000c02:	4bb4      	ldr	r3, [pc, #720]	; (10000ed4 <alarm_pool_alarm_callback+0x2fc>)
10000c04:	4ab4      	ldr	r2, [pc, #720]	; (10000ed8 <alarm_pool_alarm_callback+0x300>)
10000c06:	213c      	movs	r1, #60	; 0x3c
10000c08:	48b4      	ldr	r0, [pc, #720]	; (10000edc <alarm_pool_alarm_callback+0x304>)
10000c0a:	f001 f9b7 	bl	10001f7c <__assert_func>
10000c0e:	2900      	cmp	r1, #0
10000c10:	d101      	bne.n	10000c16 <alarm_pool_alarm_callback+0x3e>
10000c12:	2800      	cmp	r0, #0
10000c14:	d169      	bne.n	10000cea <alarm_pool_alarm_callback+0x112>
10000c16:	2100      	movs	r1, #0
10000c18:	4640      	mov	r0, r8
10000c1a:	f000 fe45 	bl	100018a8 <ph_remove_head>
10000c1e:	42a0      	cmp	r0, r4
10000c20:	d119      	bne.n	10000c56 <alarm_pool_alarm_callback+0x7e>
10000c22:	682a      	ldr	r2, [r5, #0]
10000c24:	686b      	ldr	r3, [r5, #4]
10000c26:	9206      	str	r2, [sp, #24]
10000c28:	9307      	str	r3, [sp, #28]
10000c2a:	68ab      	ldr	r3, [r5, #8]
10000c2c:	4698      	mov	r8, r3
10000c2e:	68eb      	ldr	r3, [r5, #12]
10000c30:	469a      	mov	sl, r3
10000c32:	4643      	mov	r3, r8
10000c34:	2b00      	cmp	r3, #0
10000c36:	d014      	beq.n	10000c62 <alarm_pool_alarm_callback+0x8a>
10000c38:	2c00      	cmp	r4, #0
10000c3a:	d018      	beq.n	10000c6e <alarm_pool_alarm_callback+0x96>
10000c3c:	683b      	ldr	r3, [r7, #0]
10000c3e:	7b1b      	ldrb	r3, [r3, #12]
10000c40:	429c      	cmp	r4, r3
10000c42:	d814      	bhi.n	10000c6e <alarm_pool_alarm_callback+0x96>
10000c44:	1e63      	subs	r3, r4, #1
10000c46:	68fa      	ldr	r2, [r7, #12]
10000c48:	5cd3      	ldrb	r3, [r2, r3]
10000c4a:	9308      	str	r3, [sp, #32]
10000c4c:	021b      	lsls	r3, r3, #8
10000c4e:	4318      	orrs	r0, r3
10000c50:	6138      	str	r0, [r7, #16]
10000c52:	2000      	movs	r0, #0
10000c54:	e015      	b.n	10000c82 <alarm_pool_alarm_callback+0xaa>
10000c56:	4ba2      	ldr	r3, [pc, #648]	; (10000ee0 <alarm_pool_alarm_callback+0x308>)
10000c58:	4aa2      	ldr	r2, [pc, #648]	; (10000ee4 <alarm_pool_alarm_callback+0x30c>)
10000c5a:	218e      	movs	r1, #142	; 0x8e
10000c5c:	489f      	ldr	r0, [pc, #636]	; (10000edc <alarm_pool_alarm_callback+0x304>)
10000c5e:	f001 f98d 	bl	10001f7c <__assert_func>
10000c62:	4ba1      	ldr	r3, [pc, #644]	; (10000ee8 <alarm_pool_alarm_callback+0x310>)
10000c64:	4a9f      	ldr	r2, [pc, #636]	; (10000ee4 <alarm_pool_alarm_callback+0x30c>)
10000c66:	2192      	movs	r1, #146	; 0x92
10000c68:	489c      	ldr	r0, [pc, #624]	; (10000edc <alarm_pool_alarm_callback+0x304>)
10000c6a:	f001 f987 	bl	10001f7c <__assert_func>
10000c6e:	4b99      	ldr	r3, [pc, #612]	; (10000ed4 <alarm_pool_alarm_callback+0x2fc>)
10000c70:	4a9e      	ldr	r2, [pc, #632]	; (10000eec <alarm_pool_alarm_callback+0x314>)
10000c72:	2141      	movs	r1, #65	; 0x41
10000c74:	4899      	ldr	r0, [pc, #612]	; (10000edc <alarm_pool_alarm_callback+0x304>)
10000c76:	f001 f981 	bl	10001f7c <__assert_func>
10000c7a:	2300      	movs	r3, #0
10000c7c:	469a      	mov	sl, r3
10000c7e:	4698      	mov	r8, r3
10000c80:	2000      	movs	r0, #0
10000c82:	687b      	ldr	r3, [r7, #4]
10000c84:	f3bf 8f5f 	dmb	sy
10000c88:	2200      	movs	r2, #0
10000c8a:	601a      	str	r2, [r3, #0]
10000c8c:	f386 8810 	msr	PRIMASK, r6
10000c90:	4643      	mov	r3, r8
10000c92:	2b00      	cmp	r3, #0
10000c94:	d132      	bne.n	10000cfc <alarm_pool_alarm_callback+0x124>
10000c96:	2800      	cmp	r0, #0
10000c98:	d100      	bne.n	10000c9c <alarm_pool_alarm_callback+0xc4>
10000c9a:	e10c      	b.n	10000eb6 <alarm_pool_alarm_callback+0x2de>
10000c9c:	f000 fb4a 	bl	10001334 <time_us_64>
10000ca0:	0002      	movs	r2, r0
10000ca2:	1e0b      	subs	r3, r1, #0
10000ca4:	dba7      	blt.n	10000bf6 <alarm_pool_alarm_callback+0x1e>
10000ca6:	2000      	movs	r0, #0
10000ca8:	2100      	movs	r1, #0
10000caa:	9006      	str	r0, [sp, #24]
10000cac:	9107      	str	r1, [sp, #28]
10000cae:	6878      	ldr	r0, [r7, #4]
10000cb0:	f3ef 8610 	mrs	r6, PRIMASK
10000cb4:	b672      	cpsid	i
10000cb6:	6801      	ldr	r1, [r0, #0]
10000cb8:	2900      	cmp	r1, #0
10000cba:	d0fc      	beq.n	10000cb6 <alarm_pool_alarm_callback+0xde>
10000cbc:	f3bf 8f5f 	dmb	sy
10000cc0:	6839      	ldr	r1, [r7, #0]
10000cc2:	4688      	mov	r8, r1
10000cc4:	7b4c      	ldrb	r4, [r1, #13]
10000cc6:	2c00      	cmp	r4, #0
10000cc8:	d0d7      	beq.n	10000c7a <alarm_pool_alarm_callback+0xa2>
10000cca:	d09a      	beq.n	10000c02 <alarm_pool_alarm_callback+0x2a>
10000ccc:	7b09      	ldrb	r1, [r1, #12]
10000cce:	428c      	cmp	r4, r1
10000cd0:	d897      	bhi.n	10000c02 <alarm_pool_alarm_callback+0x2a>
10000cd2:	4987      	ldr	r1, [pc, #540]	; (10000ef0 <alarm_pool_alarm_callback+0x318>)
10000cd4:	1865      	adds	r5, r4, r1
10000cd6:	012d      	lsls	r5, r5, #4
10000cd8:	68b9      	ldr	r1, [r7, #8]
10000cda:	468c      	mov	ip, r1
10000cdc:	4465      	add	r5, ip
10000cde:	6828      	ldr	r0, [r5, #0]
10000ce0:	6869      	ldr	r1, [r5, #4]
10000ce2:	1a80      	subs	r0, r0, r2
10000ce4:	4199      	sbcs	r1, r3
10000ce6:	2900      	cmp	r1, #0
10000ce8:	dd91      	ble.n	10000c0e <alarm_pool_alarm_callback+0x36>
10000cea:	682a      	ldr	r2, [r5, #0]
10000cec:	686b      	ldr	r3, [r5, #4]
10000cee:	9809      	ldr	r0, [sp, #36]	; 0x24
10000cf0:	f000 fbac 	bl	1000144c <hardware_alarm_set_target>
10000cf4:	2300      	movs	r3, #0
10000cf6:	469a      	mov	sl, r3
10000cf8:	4698      	mov	r8, r3
10000cfa:	e7c2      	b.n	10000c82 <alarm_pool_alarm_callback+0xaa>
10000cfc:	9b08      	ldr	r3, [sp, #32]
10000cfe:	021b      	lsls	r3, r3, #8
10000d00:	4323      	orrs	r3, r4
10000d02:	4699      	mov	r9, r3
10000d04:	4651      	mov	r1, sl
10000d06:	0018      	movs	r0, r3
10000d08:	47c0      	blx	r8
10000d0a:	0005      	movs	r5, r0
10000d0c:	000e      	movs	r6, r1
10000d0e:	687a      	ldr	r2, [r7, #4]
10000d10:	f3ef 8b10 	mrs	fp, PRIMASK
10000d14:	b672      	cpsid	i
10000d16:	6813      	ldr	r3, [r2, #0]
10000d18:	4259      	negs	r1, r3
10000d1a:	414b      	adcs	r3, r1
10000d1c:	b2d9      	uxtb	r1, r3
10000d1e:	2b00      	cmp	r3, #0
10000d20:	d1f9      	bne.n	10000d16 <alarm_pool_alarm_callback+0x13e>
10000d22:	f3bf 8f5f 	dmb	sy
10000d26:	2e00      	cmp	r6, #0
10000d28:	db1e      	blt.n	10000d68 <alarm_pool_alarm_callback+0x190>
10000d2a:	2e00      	cmp	r6, #0
10000d2c:	dd46      	ble.n	10000dbc <alarm_pool_alarm_callback+0x1e4>
10000d2e:	693b      	ldr	r3, [r7, #16]
10000d30:	2b00      	cmp	r3, #0
10000d32:	d047      	beq.n	10000dc4 <alarm_pool_alarm_callback+0x1ec>
10000d34:	454b      	cmp	r3, r9
10000d36:	d16d      	bne.n	10000e14 <alarm_pool_alarm_callback+0x23c>
10000d38:	f000 fafc 	bl	10001334 <time_us_64>
10000d3c:	0002      	movs	r2, r0
10000d3e:	1e0b      	subs	r3, r1, #0
10000d40:	db6e      	blt.n	10000e20 <alarm_pool_alarm_callback+0x248>
10000d42:	1952      	adds	r2, r2, r5
10000d44:	4173      	adcs	r3, r6
10000d46:	2b00      	cmp	r3, #0
10000d48:	db70      	blt.n	10000e2c <alarm_pool_alarm_callback+0x254>
10000d4a:	2b00      	cmp	r3, #0
10000d4c:	db72      	blt.n	10000e34 <alarm_pool_alarm_callback+0x25c>
10000d4e:	2100      	movs	r1, #0
10000d50:	9104      	str	r1, [sp, #16]
10000d52:	3101      	adds	r1, #1
10000d54:	9103      	str	r1, [sp, #12]
10000d56:	9402      	str	r4, [sp, #8]
10000d58:	4651      	mov	r1, sl
10000d5a:	9101      	str	r1, [sp, #4]
10000d5c:	4641      	mov	r1, r8
10000d5e:	9100      	str	r1, [sp, #0]
10000d60:	0038      	movs	r0, r7
10000d62:	f7ff fe7f 	bl	10000a64 <add_alarm_under_lock>
10000d66:	e04c      	b.n	10000e02 <alarm_pool_alarm_callback+0x22a>
10000d68:	693b      	ldr	r3, [r7, #16]
10000d6a:	2b00      	cmp	r3, #0
10000d6c:	d0dd      	beq.n	10000d2a <alarm_pool_alarm_callback+0x152>
10000d6e:	454b      	cmp	r3, r9
10000d70:	d114      	bne.n	10000d9c <alarm_pool_alarm_callback+0x1c4>
10000d72:	9a06      	ldr	r2, [sp, #24]
10000d74:	9b07      	ldr	r3, [sp, #28]
10000d76:	1b52      	subs	r2, r2, r5
10000d78:	41b3      	sbcs	r3, r6
10000d7a:	2b00      	cmp	r3, #0
10000d7c:	db14      	blt.n	10000da8 <alarm_pool_alarm_callback+0x1d0>
10000d7e:	2b00      	cmp	r3, #0
10000d80:	db16      	blt.n	10000db0 <alarm_pool_alarm_callback+0x1d8>
10000d82:	2100      	movs	r1, #0
10000d84:	9104      	str	r1, [sp, #16]
10000d86:	3101      	adds	r1, #1
10000d88:	9103      	str	r1, [sp, #12]
10000d8a:	9402      	str	r4, [sp, #8]
10000d8c:	4651      	mov	r1, sl
10000d8e:	9101      	str	r1, [sp, #4]
10000d90:	4641      	mov	r1, r8
10000d92:	9100      	str	r1, [sp, #0]
10000d94:	0038      	movs	r0, r7
10000d96:	f7ff fe65 	bl	10000a64 <add_alarm_under_lock>
10000d9a:	e032      	b.n	10000e02 <alarm_pool_alarm_callback+0x22a>
10000d9c:	4b55      	ldr	r3, [pc, #340]	; (10000ef4 <alarm_pool_alarm_callback+0x31c>)
10000d9e:	4a51      	ldr	r2, [pc, #324]	; (10000ee4 <alarm_pool_alarm_callback+0x30c>)
10000da0:	21a1      	movs	r1, #161	; 0xa1
10000da2:	484e      	ldr	r0, [pc, #312]	; (10000edc <alarm_pool_alarm_callback+0x304>)
10000da4:	f001 f8ea 	bl	10001f7c <__assert_func>
10000da8:	2201      	movs	r2, #1
10000daa:	4252      	negs	r2, r2
10000dac:	4b52      	ldr	r3, [pc, #328]	; (10000ef8 <alarm_pool_alarm_callback+0x320>)
10000dae:	e7e6      	b.n	10000d7e <alarm_pool_alarm_callback+0x1a6>
10000db0:	4b45      	ldr	r3, [pc, #276]	; (10000ec8 <alarm_pool_alarm_callback+0x2f0>)
10000db2:	4a46      	ldr	r2, [pc, #280]	; (10000ecc <alarm_pool_alarm_callback+0x2f4>)
10000db4:	213f      	movs	r1, #63	; 0x3f
10000db6:	4846      	ldr	r0, [pc, #280]	; (10000ed0 <alarm_pool_alarm_callback+0x2f8>)
10000db8:	f001 f8e0 	bl	10001f7c <__assert_func>
10000dbc:	2e00      	cmp	r6, #0
10000dbe:	d101      	bne.n	10000dc4 <alarm_pool_alarm_callback+0x1ec>
10000dc0:	2d00      	cmp	r5, #0
10000dc2:	d1b4      	bne.n	10000d2e <alarm_pool_alarm_callback+0x156>
10000dc4:	683b      	ldr	r3, [r7, #0]
10000dc6:	2c00      	cmp	r4, #0
10000dc8:	d050      	beq.n	10000e6c <alarm_pool_alarm_callback+0x294>
10000dca:	7b5a      	ldrb	r2, [r3, #13]
10000dcc:	4294      	cmp	r4, r2
10000dce:	d137      	bne.n	10000e40 <alarm_pool_alarm_callback+0x268>
10000dd0:	2101      	movs	r1, #1
10000dd2:	2900      	cmp	r1, #0
10000dd4:	d14a      	bne.n	10000e6c <alarm_pool_alarm_callback+0x294>
10000dd6:	7bda      	ldrb	r2, [r3, #15]
10000dd8:	2a00      	cmp	r2, #0
10000dda:	d14d      	bne.n	10000e78 <alarm_pool_alarm_callback+0x2a0>
10000ddc:	7b9a      	ldrb	r2, [r3, #14]
10000dde:	2a00      	cmp	r2, #0
10000de0:	d103      	bne.n	10000dea <alarm_pool_alarm_callback+0x212>
10000de2:	7bda      	ldrb	r2, [r3, #15]
10000de4:	2a00      	cmp	r2, #0
10000de6:	d15a      	bne.n	10000e9e <alarm_pool_alarm_callback+0x2c6>
10000de8:	739c      	strb	r4, [r3, #14]
10000dea:	73dc      	strb	r4, [r3, #15]
10000dec:	2c00      	cmp	r4, #0
10000dee:	d05c      	beq.n	10000eaa <alarm_pool_alarm_callback+0x2d2>
10000df0:	683b      	ldr	r3, [r7, #0]
10000df2:	7b1b      	ldrb	r3, [r3, #12]
10000df4:	429c      	cmp	r4, r3
10000df6:	d858      	bhi.n	10000eaa <alarm_pool_alarm_callback+0x2d2>
10000df8:	68fa      	ldr	r2, [r7, #12]
10000dfa:	3c01      	subs	r4, #1
10000dfc:	5d13      	ldrb	r3, [r2, r4]
10000dfe:	3301      	adds	r3, #1
10000e00:	5513      	strb	r3, [r2, r4]
10000e02:	2300      	movs	r3, #0
10000e04:	613b      	str	r3, [r7, #16]
10000e06:	687a      	ldr	r2, [r7, #4]
10000e08:	f3bf 8f5f 	dmb	sy
10000e0c:	6013      	str	r3, [r2, #0]
10000e0e:	f38b 8810 	msr	PRIMASK, fp
10000e12:	e743      	b.n	10000c9c <alarm_pool_alarm_callback+0xc4>
10000e14:	4b37      	ldr	r3, [pc, #220]	; (10000ef4 <alarm_pool_alarm_callback+0x31c>)
10000e16:	4a33      	ldr	r2, [pc, #204]	; (10000ee4 <alarm_pool_alarm_callback+0x30c>)
10000e18:	21a4      	movs	r1, #164	; 0xa4
10000e1a:	4830      	ldr	r0, [pc, #192]	; (10000edc <alarm_pool_alarm_callback+0x304>)
10000e1c:	f001 f8ae 	bl	10001f7c <__assert_func>
10000e20:	4b29      	ldr	r3, [pc, #164]	; (10000ec8 <alarm_pool_alarm_callback+0x2f0>)
10000e22:	4a2a      	ldr	r2, [pc, #168]	; (10000ecc <alarm_pool_alarm_callback+0x2f4>)
10000e24:	213f      	movs	r1, #63	; 0x3f
10000e26:	482a      	ldr	r0, [pc, #168]	; (10000ed0 <alarm_pool_alarm_callback+0x2f8>)
10000e28:	f001 f8a8 	bl	10001f7c <__assert_func>
10000e2c:	2201      	movs	r2, #1
10000e2e:	4252      	negs	r2, r2
10000e30:	4b31      	ldr	r3, [pc, #196]	; (10000ef8 <alarm_pool_alarm_callback+0x320>)
10000e32:	e78a      	b.n	10000d4a <alarm_pool_alarm_callback+0x172>
10000e34:	4b24      	ldr	r3, [pc, #144]	; (10000ec8 <alarm_pool_alarm_callback+0x2f0>)
10000e36:	4a25      	ldr	r2, [pc, #148]	; (10000ecc <alarm_pool_alarm_callback+0x2f4>)
10000e38:	213f      	movs	r1, #63	; 0x3f
10000e3a:	4825      	ldr	r0, [pc, #148]	; (10000ed0 <alarm_pool_alarm_callback+0x2f8>)
10000e3c:	f001 f89e 	bl	10001f7c <__assert_func>
10000e40:	2c00      	cmp	r4, #0
10000e42:	d00d      	beq.n	10000e60 <alarm_pool_alarm_callback+0x288>
10000e44:	7b1a      	ldrb	r2, [r3, #12]
10000e46:	4294      	cmp	r4, r2
10000e48:	d80a      	bhi.n	10000e60 <alarm_pool_alarm_callback+0x288>
10000e4a:	0062      	lsls	r2, r4, #1
10000e4c:	1912      	adds	r2, r2, r4
10000e4e:	3a03      	subs	r2, #3
10000e50:	6818      	ldr	r0, [r3, #0]
10000e52:	4684      	mov	ip, r0
10000e54:	4462      	add	r2, ip
10000e56:	7892      	ldrb	r2, [r2, #2]
10000e58:	2a00      	cmp	r2, #0
10000e5a:	d0ba      	beq.n	10000dd2 <alarm_pool_alarm_callback+0x1fa>
10000e5c:	2101      	movs	r1, #1
10000e5e:	e7b8      	b.n	10000dd2 <alarm_pool_alarm_callback+0x1fa>
10000e60:	4b26      	ldr	r3, [pc, #152]	; (10000efc <alarm_pool_alarm_callback+0x324>)
10000e62:	4a27      	ldr	r2, [pc, #156]	; (10000f00 <alarm_pool_alarm_callback+0x328>)
10000e64:	2168      	movs	r1, #104	; 0x68
10000e66:	4827      	ldr	r0, [pc, #156]	; (10000f04 <alarm_pool_alarm_callback+0x32c>)
10000e68:	f001 f888 	bl	10001f7c <__assert_func>
10000e6c:	4b26      	ldr	r3, [pc, #152]	; (10000f08 <alarm_pool_alarm_callback+0x330>)
10000e6e:	4a27      	ldr	r2, [pc, #156]	; (10000f0c <alarm_pool_alarm_callback+0x334>)
10000e70:	21f6      	movs	r1, #246	; 0xf6
10000e72:	4824      	ldr	r0, [pc, #144]	; (10000f04 <alarm_pool_alarm_callback+0x32c>)
10000e74:	f001 f882 	bl	10001f7c <__assert_func>
10000e78:	2a00      	cmp	r2, #0
10000e7a:	d00a      	beq.n	10000e92 <alarm_pool_alarm_callback+0x2ba>
10000e7c:	7b19      	ldrb	r1, [r3, #12]
10000e7e:	428a      	cmp	r2, r1
10000e80:	d807      	bhi.n	10000e92 <alarm_pool_alarm_callback+0x2ba>
10000e82:	0051      	lsls	r1, r2, #1
10000e84:	188a      	adds	r2, r1, r2
10000e86:	3a03      	subs	r2, #3
10000e88:	6819      	ldr	r1, [r3, #0]
10000e8a:	468c      	mov	ip, r1
10000e8c:	4462      	add	r2, ip
10000e8e:	7054      	strb	r4, [r2, #1]
10000e90:	e7a4      	b.n	10000ddc <alarm_pool_alarm_callback+0x204>
10000e92:	4b1a      	ldr	r3, [pc, #104]	; (10000efc <alarm_pool_alarm_callback+0x324>)
10000e94:	4a1a      	ldr	r2, [pc, #104]	; (10000f00 <alarm_pool_alarm_callback+0x328>)
10000e96:	2168      	movs	r1, #104	; 0x68
10000e98:	481a      	ldr	r0, [pc, #104]	; (10000f04 <alarm_pool_alarm_callback+0x32c>)
10000e9a:	f001 f86f 	bl	10001f7c <__assert_func>
10000e9e:	4b1c      	ldr	r3, [pc, #112]	; (10000f10 <alarm_pool_alarm_callback+0x338>)
10000ea0:	4a1a      	ldr	r2, [pc, #104]	; (10000f0c <alarm_pool_alarm_callback+0x334>)
10000ea2:	21fb      	movs	r1, #251	; 0xfb
10000ea4:	4817      	ldr	r0, [pc, #92]	; (10000f04 <alarm_pool_alarm_callback+0x32c>)
10000ea6:	f001 f869 	bl	10001f7c <__assert_func>
10000eaa:	4b0a      	ldr	r3, [pc, #40]	; (10000ed4 <alarm_pool_alarm_callback+0x2fc>)
10000eac:	4a0f      	ldr	r2, [pc, #60]	; (10000eec <alarm_pool_alarm_callback+0x314>)
10000eae:	2141      	movs	r1, #65	; 0x41
10000eb0:	480a      	ldr	r0, [pc, #40]	; (10000edc <alarm_pool_alarm_callback+0x304>)
10000eb2:	f001 f863 	bl	10001f7c <__assert_func>
10000eb6:	b00b      	add	sp, #44	; 0x2c
10000eb8:	bcf0      	pop	{r4, r5, r6, r7}
10000eba:	46bb      	mov	fp, r7
10000ebc:	46b2      	mov	sl, r6
10000ebe:	46a9      	mov	r9, r5
10000ec0:	46a0      	mov	r8, r4
10000ec2:	bdf0      	pop	{r4, r5, r6, r7, pc}
10000ec4:	200004b0 	.word	0x200004b0
10000ec8:	100043a8 	.word	0x100043a8
10000ecc:	100046e8 	.word	0x100046e8
10000ed0:	100043c4 	.word	0x100043c4
10000ed4:	100044ec 	.word	0x100044ec
10000ed8:	1000471c 	.word	0x1000471c
10000edc:	10004498 	.word	0x10004498
10000ee0:	100045ec 	.word	0x100045ec
10000ee4:	10004700 	.word	0x10004700
10000ee8:	10004604 	.word	0x10004604
10000eec:	10004740 	.word	0x10004740
10000ef0:	0fffffff 	.word	0x0fffffff
10000ef4:	10004610 	.word	0x10004610
10000ef8:	7fffffff 	.word	0x7fffffff
10000efc:	10004510 	.word	0x10004510
10000f00:	10004788 	.word	0x10004788
10000f04:	1000452c 	.word	0x1000452c
10000f08:	1000464c 	.word	0x1000464c
10000f0c:	10004754 	.word	0x10004754
10000f10:	10004670 	.word	0x10004670

10000f14 <alarm_pool_init_default>:
10000f14:	b510      	push	{r4, lr}
10000f16:	4b0c      	ldr	r3, [pc, #48]	; (10000f48 <alarm_pool_init_default+0x34>)
10000f18:	685b      	ldr	r3, [r3, #4]
10000f1a:	2b00      	cmp	r3, #0
10000f1c:	d004      	beq.n	10000f28 <alarm_pool_init_default+0x14>
10000f1e:	210a      	movs	r1, #10
10000f20:	480a      	ldr	r0, [pc, #40]	; (10000f4c <alarm_pool_init_default+0x38>)
10000f22:	f7ff fc93 	bl	1000084c <lock_init>
10000f26:	bd10      	pop	{r4, pc}
10000f28:	4c07      	ldr	r4, [pc, #28]	; (10000f48 <alarm_pool_init_default+0x34>)
10000f2a:	0023      	movs	r3, r4
10000f2c:	4a08      	ldr	r2, [pc, #32]	; (10000f50 <alarm_pool_init_default+0x3c>)
10000f2e:	2110      	movs	r1, #16
10000f30:	6820      	ldr	r0, [r4, #0]
10000f32:	f000 fbc9 	bl	100016c8 <ph_post_alloc_init>
10000f36:	2003      	movs	r0, #3
10000f38:	f000 f9f0 	bl	1000131c <hardware_alarm_claim>
10000f3c:	2103      	movs	r1, #3
10000f3e:	0020      	movs	r0, r4
10000f40:	f7ff fca8 	bl	10000894 <alarm_pool_post_alloc_init>
10000f44:	e7eb      	b.n	10000f1e <alarm_pool_init_default+0xa>
10000f46:	46c0      	nop			; (mov r8, r8)
10000f48:	20000284 	.word	0x20000284
10000f4c:	200006c4 	.word	0x200006c4
10000f50:	10000905 	.word	0x10000905

10000f54 <alarm_pool_get_default>:
10000f54:	b510      	push	{r4, lr}
10000f56:	4b06      	ldr	r3, [pc, #24]	; (10000f70 <alarm_pool_get_default+0x1c>)
10000f58:	685b      	ldr	r3, [r3, #4]
10000f5a:	2b00      	cmp	r3, #0
10000f5c:	d001      	beq.n	10000f62 <alarm_pool_get_default+0xe>
10000f5e:	4804      	ldr	r0, [pc, #16]	; (10000f70 <alarm_pool_get_default+0x1c>)
10000f60:	bd10      	pop	{r4, pc}
10000f62:	4b04      	ldr	r3, [pc, #16]	; (10000f74 <alarm_pool_get_default+0x20>)
10000f64:	4a04      	ldr	r2, [pc, #16]	; (10000f78 <alarm_pool_get_default+0x24>)
10000f66:	215e      	movs	r1, #94	; 0x5e
10000f68:	4804      	ldr	r0, [pc, #16]	; (10000f7c <alarm_pool_get_default+0x28>)
10000f6a:	f001 f807 	bl	10001f7c <__assert_func>
10000f6e:	46c0      	nop			; (mov r8, r8)
10000f70:	20000284 	.word	0x20000284
10000f74:	10004684 	.word	0x10004684
10000f78:	10004728 	.word	0x10004728
10000f7c:	10004498 	.word	0x10004498

10000f80 <alarm_pool_add_alarm_at>:
10000f80:	b5f0      	push	{r4, r5, r6, r7, lr}
10000f82:	46de      	mov	lr, fp
10000f84:	4657      	mov	r7, sl
10000f86:	464e      	mov	r6, r9
10000f88:	4645      	mov	r5, r8
10000f8a:	b5e0      	push	{r5, r6, r7, lr}
10000f8c:	b08b      	sub	sp, #44	; 0x2c
10000f8e:	4680      	mov	r8, r0
10000f90:	0016      	movs	r6, r2
10000f92:	001f      	movs	r7, r3
10000f94:	9b14      	ldr	r3, [sp, #80]	; 0x50
10000f96:	469a      	mov	sl, r3
10000f98:	9b15      	ldr	r3, [sp, #84]	; 0x54
10000f9a:	4699      	mov	r9, r3
10000f9c:	ab16      	add	r3, sp, #88	; 0x58
10000f9e:	781b      	ldrb	r3, [r3, #0]
10000fa0:	469b      	mov	fp, r3
10000fa2:	231f      	movs	r3, #31
10000fa4:	aa02      	add	r2, sp, #8
10000fa6:	4694      	mov	ip, r2
10000fa8:	4463      	add	r3, ip
10000faa:	2200      	movs	r2, #0
10000fac:	701a      	strb	r2, [r3, #0]
10000fae:	e02b      	b.n	10001008 <alarm_pool_add_alarm_at+0x88>
10000fb0:	2800      	cmp	r0, #0
10000fb2:	d009      	beq.n	10000fc8 <alarm_pool_add_alarm_at+0x48>
10000fb4:	4642      	mov	r2, r8
10000fb6:	6812      	ldr	r2, [r2, #0]
10000fb8:	7b12      	ldrb	r2, [r2, #12]
10000fba:	4290      	cmp	r0, r2
10000fbc:	d804      	bhi.n	10000fc8 <alarm_pool_add_alarm_at+0x48>
10000fbe:	1e42      	subs	r2, r0, #1
10000fc0:	4641      	mov	r1, r8
10000fc2:	68c9      	ldr	r1, [r1, #12]
10000fc4:	5c8a      	ldrb	r2, [r1, r2]
10000fc6:	e041      	b.n	1000104c <alarm_pool_add_alarm_at+0xcc>
10000fc8:	4b40      	ldr	r3, [pc, #256]	; (100010cc <alarm_pool_add_alarm_at+0x14c>)
10000fca:	4a41      	ldr	r2, [pc, #260]	; (100010d0 <alarm_pool_add_alarm_at+0x150>)
10000fcc:	2141      	movs	r1, #65	; 0x41
10000fce:	4841      	ldr	r0, [pc, #260]	; (100010d4 <alarm_pool_add_alarm_at+0x154>)
10000fd0:	f000 ffd4 	bl	10001f7c <__assert_func>
10000fd4:	9807      	ldr	r0, [sp, #28]
10000fd6:	e04c      	b.n	10001072 <alarm_pool_add_alarm_at+0xf2>
10000fd8:	1b36      	subs	r6, r6, r4
10000fda:	41af      	sbcs	r7, r5
10000fdc:	2f00      	cmp	r7, #0
10000fde:	db07      	blt.n	10000ff0 <alarm_pool_add_alarm_at+0x70>
10000fe0:	2f00      	cmp	r7, #0
10000fe2:	da11      	bge.n	10001008 <alarm_pool_add_alarm_at+0x88>
10000fe4:	4b3c      	ldr	r3, [pc, #240]	; (100010d8 <alarm_pool_add_alarm_at+0x158>)
10000fe6:	4a3d      	ldr	r2, [pc, #244]	; (100010dc <alarm_pool_add_alarm_at+0x15c>)
10000fe8:	213f      	movs	r1, #63	; 0x3f
10000fea:	483d      	ldr	r0, [pc, #244]	; (100010e0 <alarm_pool_add_alarm_at+0x160>)
10000fec:	f000 ffc6 	bl	10001f7c <__assert_func>
10000ff0:	2601      	movs	r6, #1
10000ff2:	4276      	negs	r6, r6
10000ff4:	4f3b      	ldr	r7, [pc, #236]	; (100010e4 <alarm_pool_add_alarm_at+0x164>)
10000ff6:	e7f3      	b.n	10000fe0 <alarm_pool_add_alarm_at+0x60>
10000ff8:	4b37      	ldr	r3, [pc, #220]	; (100010d8 <alarm_pool_add_alarm_at+0x158>)
10000ffa:	4a38      	ldr	r2, [pc, #224]	; (100010dc <alarm_pool_add_alarm_at+0x15c>)
10000ffc:	213f      	movs	r1, #63	; 0x3f
10000ffe:	4838      	ldr	r0, [pc, #224]	; (100010e0 <alarm_pool_add_alarm_at+0x160>)
10001000:	f000 ffbc 	bl	10001f7c <__assert_func>
10001004:	2f00      	cmp	r7, #0
10001006:	db4f      	blt.n	100010a8 <alarm_pool_add_alarm_at+0x128>
10001008:	4643      	mov	r3, r8
1000100a:	685a      	ldr	r2, [r3, #4]
1000100c:	f3ef 8410 	mrs	r4, PRIMASK
10001010:	b672      	cpsid	i
10001012:	6813      	ldr	r3, [r2, #0]
10001014:	4259      	negs	r1, r3
10001016:	414b      	adcs	r3, r1
10001018:	b2d9      	uxtb	r1, r3
1000101a:	9107      	str	r1, [sp, #28]
1000101c:	2b00      	cmp	r3, #0
1000101e:	d1f8      	bne.n	10001012 <alarm_pool_add_alarm_at+0x92>
10001020:	f3bf 8f5f 	dmb	sy
10001024:	331f      	adds	r3, #31
10001026:	aa02      	add	r2, sp, #8
10001028:	4694      	mov	ip, r2
1000102a:	4463      	add	r3, ip
1000102c:	9304      	str	r3, [sp, #16]
1000102e:	2300      	movs	r3, #0
10001030:	9303      	str	r3, [sp, #12]
10001032:	9302      	str	r3, [sp, #8]
10001034:	464b      	mov	r3, r9
10001036:	9301      	str	r3, [sp, #4]
10001038:	4653      	mov	r3, sl
1000103a:	9300      	str	r3, [sp, #0]
1000103c:	0032      	movs	r2, r6
1000103e:	003b      	movs	r3, r7
10001040:	4640      	mov	r0, r8
10001042:	f7ff fd0f 	bl	10000a64 <add_alarm_under_lock>
10001046:	1e03      	subs	r3, r0, #0
10001048:	d1b2      	bne.n	10000fb0 <alarm_pool_add_alarm_at+0x30>
1000104a:	0002      	movs	r2, r0
1000104c:	4641      	mov	r1, r8
1000104e:	6849      	ldr	r1, [r1, #4]
10001050:	f3bf 8f5f 	dmb	sy
10001054:	2500      	movs	r5, #0
10001056:	600d      	str	r5, [r1, #0]
10001058:	f384 8810 	msr	PRIMASK, r4
1000105c:	2b00      	cmp	r3, #0
1000105e:	d029      	beq.n	100010b4 <alarm_pool_add_alarm_at+0x134>
10001060:	231f      	movs	r3, #31
10001062:	a902      	add	r1, sp, #8
10001064:	468c      	mov	ip, r1
10001066:	4463      	add	r3, ip
10001068:	781b      	ldrb	r3, [r3, #0]
1000106a:	2b00      	cmp	r3, #0
1000106c:	d1b2      	bne.n	10000fd4 <alarm_pool_add_alarm_at+0x54>
1000106e:	0212      	lsls	r2, r2, #8
10001070:	4310      	orrs	r0, r2
10001072:	2b00      	cmp	r3, #0
10001074:	d020      	beq.n	100010b8 <alarm_pool_add_alarm_at+0x138>
10001076:	465b      	mov	r3, fp
10001078:	2b00      	cmp	r3, #0
1000107a:	d01d      	beq.n	100010b8 <alarm_pool_add_alarm_at+0x138>
1000107c:	4649      	mov	r1, r9
1000107e:	47d0      	blx	sl
10001080:	0004      	movs	r4, r0
10001082:	000d      	movs	r5, r1
10001084:	0003      	movs	r3, r0
10001086:	430b      	orrs	r3, r1
10001088:	d01d      	beq.n	100010c6 <alarm_pool_add_alarm_at+0x146>
1000108a:	2900      	cmp	r1, #0
1000108c:	dba4      	blt.n	10000fd8 <alarm_pool_add_alarm_at+0x58>
1000108e:	f000 f951 	bl	10001334 <time_us_64>
10001092:	0006      	movs	r6, r0
10001094:	1e0f      	subs	r7, r1, #0
10001096:	dbaf      	blt.n	10000ff8 <alarm_pool_add_alarm_at+0x78>
10001098:	1936      	adds	r6, r6, r4
1000109a:	416f      	adcs	r7, r5
1000109c:	2f00      	cmp	r7, #0
1000109e:	dab1      	bge.n	10001004 <alarm_pool_add_alarm_at+0x84>
100010a0:	2601      	movs	r6, #1
100010a2:	4276      	negs	r6, r6
100010a4:	4f0f      	ldr	r7, [pc, #60]	; (100010e4 <alarm_pool_add_alarm_at+0x164>)
100010a6:	e7ad      	b.n	10001004 <alarm_pool_add_alarm_at+0x84>
100010a8:	4b0b      	ldr	r3, [pc, #44]	; (100010d8 <alarm_pool_add_alarm_at+0x158>)
100010aa:	4a0c      	ldr	r2, [pc, #48]	; (100010dc <alarm_pool_add_alarm_at+0x15c>)
100010ac:	213f      	movs	r1, #63	; 0x3f
100010ae:	480c      	ldr	r0, [pc, #48]	; (100010e0 <alarm_pool_add_alarm_at+0x160>)
100010b0:	f000 ff64 	bl	10001f7c <__assert_func>
100010b4:	2001      	movs	r0, #1
100010b6:	4240      	negs	r0, r0
100010b8:	b00b      	add	sp, #44	; 0x2c
100010ba:	bcf0      	pop	{r4, r5, r6, r7}
100010bc:	46bb      	mov	fp, r7
100010be:	46b2      	mov	sl, r6
100010c0:	46a9      	mov	r9, r5
100010c2:	46a0      	mov	r8, r4
100010c4:	bdf0      	pop	{r4, r5, r6, r7, pc}
100010c6:	9807      	ldr	r0, [sp, #28]
100010c8:	e7f6      	b.n	100010b8 <alarm_pool_add_alarm_at+0x138>
100010ca:	46c0      	nop			; (mov r8, r8)
100010cc:	100044ec 	.word	0x100044ec
100010d0:	10004740 	.word	0x10004740
100010d4:	10004498 	.word	0x10004498
100010d8:	100043a8 	.word	0x100043a8
100010dc:	100046e8 	.word	0x100046e8
100010e0:	100043c4 	.word	0x100043c4
100010e4:	7fffffff 	.word	0x7fffffff

100010e8 <alarm_pool_cancel_alarm>:
100010e8:	b5f8      	push	{r3, r4, r5, r6, r7, lr}
100010ea:	0004      	movs	r4, r0
100010ec:	2900      	cmp	r1, #0
100010ee:	d100      	bne.n	100010f2 <alarm_pool_cancel_alarm+0xa>
100010f0:	e062      	b.n	100011b8 <alarm_pool_cancel_alarm+0xd0>
100010f2:	6842      	ldr	r2, [r0, #4]
100010f4:	f3ef 8510 	mrs	r5, PRIMASK
100010f8:	b672      	cpsid	i
100010fa:	6813      	ldr	r3, [r2, #0]
100010fc:	4258      	negs	r0, r3
100010fe:	4143      	adcs	r3, r0
10001100:	b2d8      	uxtb	r0, r3
10001102:	2b00      	cmp	r3, #0
10001104:	d1f9      	bne.n	100010fa <alarm_pool_cancel_alarm+0x12>
10001106:	f3bf 8f5f 	dmb	sy
1000110a:	b2cb      	uxtb	r3, r1
1000110c:	6822      	ldr	r2, [r4, #0]
1000110e:	7b56      	ldrb	r6, [r2, #13]
10001110:	42b3      	cmp	r3, r6
10001112:	d11b      	bne.n	1000114c <alarm_pool_cancel_alarm+0x64>
10001114:	2001      	movs	r0, #1
10001116:	2800      	cmp	r0, #0
10001118:	d048      	beq.n	100011ac <alarm_pool_cancel_alarm+0xc4>
1000111a:	6920      	ldr	r0, [r4, #16]
1000111c:	4288      	cmp	r0, r1
1000111e:	d02b      	beq.n	10001178 <alarm_pool_cancel_alarm+0x90>
10001120:	0a09      	lsrs	r1, r1, #8
10001122:	b2c9      	uxtb	r1, r1
10001124:	2b00      	cmp	r3, #0
10001126:	d02e      	beq.n	10001186 <alarm_pool_cancel_alarm+0x9e>
10001128:	6820      	ldr	r0, [r4, #0]
1000112a:	7b00      	ldrb	r0, [r0, #12]
1000112c:	4283      	cmp	r3, r0
1000112e:	d82a      	bhi.n	10001186 <alarm_pool_cancel_alarm+0x9e>
10001130:	1e58      	subs	r0, r3, #1
10001132:	68e6      	ldr	r6, [r4, #12]
10001134:	5c30      	ldrb	r0, [r6, r0]
10001136:	4288      	cmp	r0, r1
10001138:	d02b      	beq.n	10001192 <alarm_pool_cancel_alarm+0xaa>
1000113a:	2000      	movs	r0, #0
1000113c:	6863      	ldr	r3, [r4, #4]
1000113e:	f3bf 8f5f 	dmb	sy
10001142:	2200      	movs	r2, #0
10001144:	601a      	str	r2, [r3, #0]
10001146:	f385 8810 	msr	PRIMASK, r5
1000114a:	bdf8      	pop	{r3, r4, r5, r6, r7, pc}
1000114c:	2b00      	cmp	r3, #0
1000114e:	d00d      	beq.n	1000116c <alarm_pool_cancel_alarm+0x84>
10001150:	7b16      	ldrb	r6, [r2, #12]
10001152:	42b3      	cmp	r3, r6
10001154:	d80a      	bhi.n	1000116c <alarm_pool_cancel_alarm+0x84>
10001156:	005e      	lsls	r6, r3, #1
10001158:	18f6      	adds	r6, r6, r3
1000115a:	3e03      	subs	r6, #3
1000115c:	6817      	ldr	r7, [r2, #0]
1000115e:	46bc      	mov	ip, r7
10001160:	4466      	add	r6, ip
10001162:	78b6      	ldrb	r6, [r6, #2]
10001164:	2e00      	cmp	r6, #0
10001166:	d0d6      	beq.n	10001116 <alarm_pool_cancel_alarm+0x2e>
10001168:	2001      	movs	r0, #1
1000116a:	e7d4      	b.n	10001116 <alarm_pool_cancel_alarm+0x2e>
1000116c:	4b13      	ldr	r3, [pc, #76]	; (100011bc <alarm_pool_cancel_alarm+0xd4>)
1000116e:	4a14      	ldr	r2, [pc, #80]	; (100011c0 <alarm_pool_cancel_alarm+0xd8>)
10001170:	2168      	movs	r1, #104	; 0x68
10001172:	4814      	ldr	r0, [pc, #80]	; (100011c4 <alarm_pool_cancel_alarm+0xdc>)
10001174:	f000 ff02 	bl	10001f7c <__assert_func>
10001178:	212c      	movs	r1, #44	; 0x2c
1000117a:	4b13      	ldr	r3, [pc, #76]	; (100011c8 <alarm_pool_cancel_alarm+0xe0>)
1000117c:	4a13      	ldr	r2, [pc, #76]	; (100011cc <alarm_pool_cancel_alarm+0xe4>)
1000117e:	31ff      	adds	r1, #255	; 0xff
10001180:	4813      	ldr	r0, [pc, #76]	; (100011d0 <alarm_pool_cancel_alarm+0xe8>)
10001182:	f000 fefb 	bl	10001f7c <__assert_func>
10001186:	4b13      	ldr	r3, [pc, #76]	; (100011d4 <alarm_pool_cancel_alarm+0xec>)
10001188:	4a13      	ldr	r2, [pc, #76]	; (100011d8 <alarm_pool_cancel_alarm+0xf0>)
1000118a:	2141      	movs	r1, #65	; 0x41
1000118c:	4810      	ldr	r0, [pc, #64]	; (100011d0 <alarm_pool_cancel_alarm+0xe8>)
1000118e:	f000 fef5 	bl	10001f7c <__assert_func>
10001192:	0019      	movs	r1, r3
10001194:	0010      	movs	r0, r2
10001196:	f000 fb91 	bl	100018bc <ph_remove_and_free_node>
1000119a:	2800      	cmp	r0, #0
1000119c:	d1ce      	bne.n	1000113c <alarm_pool_cancel_alarm+0x54>
1000119e:	2199      	movs	r1, #153	; 0x99
100011a0:	4b0e      	ldr	r3, [pc, #56]	; (100011dc <alarm_pool_cancel_alarm+0xf4>)
100011a2:	4a0a      	ldr	r2, [pc, #40]	; (100011cc <alarm_pool_cancel_alarm+0xe4>)
100011a4:	0049      	lsls	r1, r1, #1
100011a6:	480a      	ldr	r0, [pc, #40]	; (100011d0 <alarm_pool_cancel_alarm+0xe8>)
100011a8:	f000 fee8 	bl	10001f7c <__assert_func>
100011ac:	6923      	ldr	r3, [r4, #16]
100011ae:	428b      	cmp	r3, r1
100011b0:	d1c4      	bne.n	1000113c <alarm_pool_cancel_alarm+0x54>
100011b2:	2300      	movs	r3, #0
100011b4:	6123      	str	r3, [r4, #16]
100011b6:	e7c1      	b.n	1000113c <alarm_pool_cancel_alarm+0x54>
100011b8:	2000      	movs	r0, #0
100011ba:	e7c6      	b.n	1000114a <alarm_pool_cancel_alarm+0x62>
100011bc:	10004510 	.word	0x10004510
100011c0:	10004788 	.word	0x10004788
100011c4:	1000452c 	.word	0x1000452c
100011c8:	100046a8 	.word	0x100046a8
100011cc:	100046d0 	.word	0x100046d0
100011d0:	10004498 	.word	0x10004498
100011d4:	100044ec 	.word	0x100044ec
100011d8:	10004740 	.word	0x10004740
100011dc:	100046cc 	.word	0x100046cc

100011e0 <best_effort_wfe_or_timeout>:
100011e0:	b570      	push	{r4, r5, r6, lr}
100011e2:	b084      	sub	sp, #16
100011e4:	0005      	movs	r5, r0
100011e6:	000c      	movs	r4, r1
100011e8:	f3ef 8305 	mrs	r3, IPSR
100011ec:	2b00      	cmp	r3, #0
100011ee:	d11e      	bne.n	1000122e <best_effort_wfe_or_timeout+0x4e>
100011f0:	f7ff feb0 	bl	10000f54 <alarm_pool_get_default>
100011f4:	2300      	movs	r3, #0
100011f6:	9302      	str	r3, [sp, #8]
100011f8:	9301      	str	r3, [sp, #4]
100011fa:	4b22      	ldr	r3, [pc, #136]	; (10001284 <best_effort_wfe_or_timeout+0xa4>)
100011fc:	9300      	str	r3, [sp, #0]
100011fe:	002a      	movs	r2, r5
10001200:	0023      	movs	r3, r4
10001202:	f7ff febd 	bl	10000f80 <alarm_pool_add_alarm_at>
10001206:	1e06      	subs	r6, r0, #0
10001208:	dd23      	ble.n	10001252 <best_effort_wfe_or_timeout+0x72>
1000120a:	bf20      	wfe
1000120c:	f7ff fea2 	bl	10000f54 <alarm_pool_get_default>
10001210:	0031      	movs	r1, r6
10001212:	f7ff ff69 	bl	100010e8 <alarm_pool_cancel_alarm>
10001216:	4b1c      	ldr	r3, [pc, #112]	; (10001288 <best_effort_wfe_or_timeout+0xa8>)
10001218:	6a5b      	ldr	r3, [r3, #36]	; 0x24
1000121a:	429c      	cmp	r4, r3
1000121c:	d82d      	bhi.n	1000127a <best_effort_wfe_or_timeout+0x9a>
1000121e:	4a1a      	ldr	r2, [pc, #104]	; (10001288 <best_effort_wfe_or_timeout+0xa8>)
10001220:	6a92      	ldr	r2, [r2, #40]	; 0x28
10001222:	42aa      	cmp	r2, r5
10001224:	d22c      	bcs.n	10001280 <best_effort_wfe_or_timeout+0xa0>
10001226:	429c      	cmp	r4, r3
10001228:	d025      	beq.n	10001276 <best_effort_wfe_or_timeout+0x96>
1000122a:	2001      	movs	r0, #1
1000122c:	e026      	b.n	1000127c <best_effort_wfe_or_timeout+0x9c>
1000122e:	4b16      	ldr	r3, [pc, #88]	; (10001288 <best_effort_wfe_or_timeout+0xa8>)
10001230:	6a5b      	ldr	r3, [r3, #36]	; 0x24
10001232:	4299      	cmp	r1, r3
10001234:	d809      	bhi.n	1000124a <best_effort_wfe_or_timeout+0x6a>
10001236:	4a14      	ldr	r2, [pc, #80]	; (10001288 <best_effort_wfe_or_timeout+0xa8>)
10001238:	6a92      	ldr	r2, [r2, #40]	; 0x28
1000123a:	4282      	cmp	r2, r0
1000123c:	d207      	bcs.n	1000124e <best_effort_wfe_or_timeout+0x6e>
1000123e:	4299      	cmp	r1, r3
10001240:	d001      	beq.n	10001246 <best_effort_wfe_or_timeout+0x66>
10001242:	2001      	movs	r0, #1
10001244:	e01a      	b.n	1000127c <best_effort_wfe_or_timeout+0x9c>
10001246:	2000      	movs	r0, #0
10001248:	e018      	b.n	1000127c <best_effort_wfe_or_timeout+0x9c>
1000124a:	2000      	movs	r0, #0
1000124c:	e016      	b.n	1000127c <best_effort_wfe_or_timeout+0x9c>
1000124e:	2001      	movs	r0, #1
10001250:	e014      	b.n	1000127c <best_effort_wfe_or_timeout+0x9c>
10001252:	4b0d      	ldr	r3, [pc, #52]	; (10001288 <best_effort_wfe_or_timeout+0xa8>)
10001254:	6a5b      	ldr	r3, [r3, #36]	; 0x24
10001256:	429c      	cmp	r4, r3
10001258:	d809      	bhi.n	1000126e <best_effort_wfe_or_timeout+0x8e>
1000125a:	4a0b      	ldr	r2, [pc, #44]	; (10001288 <best_effort_wfe_or_timeout+0xa8>)
1000125c:	6a92      	ldr	r2, [r2, #40]	; 0x28
1000125e:	42aa      	cmp	r2, r5
10001260:	d207      	bcs.n	10001272 <best_effort_wfe_or_timeout+0x92>
10001262:	429c      	cmp	r4, r3
10001264:	d001      	beq.n	1000126a <best_effort_wfe_or_timeout+0x8a>
10001266:	2001      	movs	r0, #1
10001268:	e008      	b.n	1000127c <best_effort_wfe_or_timeout+0x9c>
1000126a:	2000      	movs	r0, #0
1000126c:	e006      	b.n	1000127c <best_effort_wfe_or_timeout+0x9c>
1000126e:	2000      	movs	r0, #0
10001270:	e004      	b.n	1000127c <best_effort_wfe_or_timeout+0x9c>
10001272:	2001      	movs	r0, #1
10001274:	e002      	b.n	1000127c <best_effort_wfe_or_timeout+0x9c>
10001276:	2000      	movs	r0, #0
10001278:	e000      	b.n	1000127c <best_effort_wfe_or_timeout+0x9c>
1000127a:	2000      	movs	r0, #0
1000127c:	b004      	add	sp, #16
1000127e:	bd70      	pop	{r4, r5, r6, pc}
10001280:	2001      	movs	r0, #1
10001282:	e7fb      	b.n	1000127c <best_effort_wfe_or_timeout+0x9c>
10001284:	100008d5 	.word	0x100008d5
10001288:	40054000 	.word	0x40054000

1000128c <hardware_alarm_irq_handler>:
1000128c:	b570      	push	{r4, r5, r6, lr}
1000128e:	f3ef 8005 	mrs	r0, IPSR
10001292:	3810      	subs	r0, #16
10001294:	f3ef 8c10 	mrs	ip, PRIMASK
10001298:	b672      	cpsid	i
1000129a:	4b1a      	ldr	r3, [pc, #104]	; (10001304 <hardware_alarm_irq_handler+0x78>)
1000129c:	681b      	ldr	r3, [r3, #0]
1000129e:	2b00      	cmp	r3, #0
100012a0:	d0fb      	beq.n	1000129a <hardware_alarm_irq_handler+0xe>
100012a2:	f3bf 8f5f 	dmb	sy
100012a6:	2201      	movs	r2, #1
100012a8:	0013      	movs	r3, r2
100012aa:	4083      	lsls	r3, r0
100012ac:	4916      	ldr	r1, [pc, #88]	; (10001308 <hardware_alarm_irq_handler+0x7c>)
100012ae:	634b      	str	r3, [r1, #52]	; 0x34
100012b0:	4916      	ldr	r1, [pc, #88]	; (1000130c <hardware_alarm_irq_handler+0x80>)
100012b2:	600b      	str	r3, [r1, #0]
100012b4:	4916      	ldr	r1, [pc, #88]	; (10001310 <hardware_alarm_irq_handler+0x84>)
100012b6:	7809      	ldrb	r1, [r1, #0]
100012b8:	000c      	movs	r4, r1
100012ba:	40c4      	lsrs	r4, r0
100012bc:	4222      	tst	r2, r4
100012be:	d014      	beq.n	100012ea <hardware_alarm_irq_handler+0x5e>
100012c0:	4a11      	ldr	r2, [pc, #68]	; (10001308 <hardware_alarm_irq_handler+0x7c>)
100012c2:	6a54      	ldr	r4, [r2, #36]	; 0x24
100012c4:	0082      	lsls	r2, r0, #2
100012c6:	4d13      	ldr	r5, [pc, #76]	; (10001314 <hardware_alarm_irq_handler+0x88>)
100012c8:	5952      	ldr	r2, [r2, r5]
100012ca:	4294      	cmp	r4, r2
100012cc:	d306      	bcc.n	100012dc <hardware_alarm_irq_handler+0x50>
100012ce:	0082      	lsls	r2, r0, #2
100012d0:	4c11      	ldr	r4, [pc, #68]	; (10001318 <hardware_alarm_irq_handler+0x8c>)
100012d2:	5912      	ldr	r2, [r2, r4]
100012d4:	4399      	bics	r1, r3
100012d6:	4b0e      	ldr	r3, [pc, #56]	; (10001310 <hardware_alarm_irq_handler+0x84>)
100012d8:	7019      	strb	r1, [r3, #0]
100012da:	e007      	b.n	100012ec <hardware_alarm_irq_handler+0x60>
100012dc:	4a0a      	ldr	r2, [pc, #40]	; (10001308 <hardware_alarm_irq_handler+0x7c>)
100012de:	1d03      	adds	r3, r0, #4
100012e0:	009b      	lsls	r3, r3, #2
100012e2:	5899      	ldr	r1, [r3, r2]
100012e4:	5099      	str	r1, [r3, r2]
100012e6:	2200      	movs	r2, #0
100012e8:	e000      	b.n	100012ec <hardware_alarm_irq_handler+0x60>
100012ea:	2200      	movs	r2, #0
100012ec:	f3bf 8f5f 	dmb	sy
100012f0:	4b04      	ldr	r3, [pc, #16]	; (10001304 <hardware_alarm_irq_handler+0x78>)
100012f2:	2100      	movs	r1, #0
100012f4:	6019      	str	r1, [r3, #0]
100012f6:	f38c 8810 	msr	PRIMASK, ip
100012fa:	2a00      	cmp	r2, #0
100012fc:	d000      	beq.n	10001300 <hardware_alarm_irq_handler+0x74>
100012fe:	4790      	blx	r2
10001300:	bd70      	pop	{r4, r5, r6, pc}
10001302:	46c0      	nop			; (mov r8, r8)
10001304:	d0000128 	.word	0xd0000128
10001308:	40054000 	.word	0x40054000
1000130c:	4005703c 	.word	0x4005703c
10001310:	200006e2 	.word	0x200006e2
10001314:	200006c8 	.word	0x200006c8
10001318:	20000424 	.word	0x20000424

1000131c <hardware_alarm_claim>:
1000131c:	b510      	push	{r4, lr}
1000131e:	0001      	movs	r1, r0
10001320:	4a02      	ldr	r2, [pc, #8]	; (1000132c <hardware_alarm_claim+0x10>)
10001322:	4803      	ldr	r0, [pc, #12]	; (10001330 <hardware_alarm_claim+0x14>)
10001324:	f7ff f850 	bl	100003c8 <hw_claim_or_assert>
10001328:	bd10      	pop	{r4, pc}
1000132a:	46c0      	nop			; (mov r8, r8)
1000132c:	100047ac 	.word	0x100047ac
10001330:	200006e0 	.word	0x200006e0

10001334 <time_us_64>:
10001334:	4b04      	ldr	r3, [pc, #16]	; (10001348 <time_us_64+0x14>)
10001336:	6a5b      	ldr	r3, [r3, #36]	; 0x24
10001338:	4a03      	ldr	r2, [pc, #12]	; (10001348 <time_us_64+0x14>)
1000133a:	6a90      	ldr	r0, [r2, #40]	; 0x28
1000133c:	0019      	movs	r1, r3
1000133e:	6a53      	ldr	r3, [r2, #36]	; 0x24
10001340:	4299      	cmp	r1, r3
10001342:	d1f9      	bne.n	10001338 <time_us_64+0x4>
10001344:	4770      	bx	lr
10001346:	46c0      	nop			; (mov r8, r8)
10001348:	40054000 	.word	0x40054000

1000134c <busy_wait_until>:
1000134c:	4b08      	ldr	r3, [pc, #32]	; (10001370 <busy_wait_until+0x24>)
1000134e:	6a5b      	ldr	r3, [r3, #36]	; 0x24
10001350:	e001      	b.n	10001356 <busy_wait_until+0xa>
10001352:	4b07      	ldr	r3, [pc, #28]	; (10001370 <busy_wait_until+0x24>)
10001354:	6a5b      	ldr	r3, [r3, #36]	; 0x24
10001356:	428b      	cmp	r3, r1
10001358:	d3fb      	bcc.n	10001352 <busy_wait_until+0x6>
1000135a:	e001      	b.n	10001360 <busy_wait_until+0x14>
1000135c:	4b04      	ldr	r3, [pc, #16]	; (10001370 <busy_wait_until+0x24>)
1000135e:	6a5b      	ldr	r3, [r3, #36]	; 0x24
10001360:	428b      	cmp	r3, r1
10001362:	d103      	bne.n	1000136c <busy_wait_until+0x20>
10001364:	4b02      	ldr	r3, [pc, #8]	; (10001370 <busy_wait_until+0x24>)
10001366:	6a9b      	ldr	r3, [r3, #40]	; 0x28
10001368:	4283      	cmp	r3, r0
1000136a:	d3f7      	bcc.n	1000135c <busy_wait_until+0x10>
1000136c:	4770      	bx	lr
1000136e:	46c0      	nop			; (mov r8, r8)
10001370:	40054000 	.word	0x40054000

10001374 <busy_wait_us>:
10001374:	b570      	push	{r4, r5, r6, lr}
10001376:	0004      	movs	r4, r0
10001378:	000d      	movs	r5, r1
1000137a:	f7ff ffdb 	bl	10001334 <time_us_64>
1000137e:	0002      	movs	r2, r0
10001380:	000b      	movs	r3, r1
10001382:	0020      	movs	r0, r4
10001384:	0029      	movs	r1, r5
10001386:	1880      	adds	r0, r0, r2
10001388:	4159      	adcs	r1, r3
1000138a:	428b      	cmp	r3, r1
1000138c:	d802      	bhi.n	10001394 <busy_wait_us+0x20>
1000138e:	d104      	bne.n	1000139a <busy_wait_us+0x26>
10001390:	4282      	cmp	r2, r0
10001392:	d902      	bls.n	1000139a <busy_wait_us+0x26>
10001394:	2001      	movs	r0, #1
10001396:	4240      	negs	r0, r0
10001398:	17c1      	asrs	r1, r0, #31
1000139a:	2900      	cmp	r1, #0
1000139c:	db02      	blt.n	100013a4 <busy_wait_us+0x30>
1000139e:	f7ff ffd5 	bl	1000134c <busy_wait_until>
100013a2:	bd70      	pop	{r4, r5, r6, pc}
100013a4:	4b02      	ldr	r3, [pc, #8]	; (100013b0 <busy_wait_us+0x3c>)
100013a6:	4a03      	ldr	r2, [pc, #12]	; (100013b4 <busy_wait_us+0x40>)
100013a8:	213f      	movs	r1, #63	; 0x3f
100013aa:	4803      	ldr	r0, [pc, #12]	; (100013b8 <busy_wait_us+0x44>)
100013ac:	f000 fde6 	bl	10001f7c <__assert_func>
100013b0:	100043a8 	.word	0x100043a8
100013b4:	10004870 	.word	0x10004870
100013b8:	100043c4 	.word	0x100043c4

100013bc <hardware_alarm_set_callback>:
100013bc:	b570      	push	{r4, r5, r6, lr}
100013be:	0004      	movs	r4, r0
100013c0:	000d      	movs	r5, r1
100013c2:	f3ef 8610 	mrs	r6, PRIMASK
100013c6:	b672      	cpsid	i
100013c8:	4b1b      	ldr	r3, [pc, #108]	; (10001438 <hardware_alarm_set_callback+0x7c>)
100013ca:	681b      	ldr	r3, [r3, #0]
100013cc:	2b00      	cmp	r3, #0
100013ce:	d0fb      	beq.n	100013c8 <hardware_alarm_set_callback+0xc>
100013d0:	f3bf 8f5f 	dmb	sy
100013d4:	2d00      	cmp	r5, #0
100013d6:	d01c      	beq.n	10001412 <hardware_alarm_set_callback+0x56>
100013d8:	0020      	movs	r0, r4
100013da:	f7ff f8a9 	bl	10000530 <irq_get_vtable_handler>
100013de:	4b17      	ldr	r3, [pc, #92]	; (1000143c <hardware_alarm_set_callback+0x80>)
100013e0:	4283      	cmp	r3, r0
100013e2:	d00b      	beq.n	100013fc <hardware_alarm_set_callback+0x40>
100013e4:	0019      	movs	r1, r3
100013e6:	0020      	movs	r0, r4
100013e8:	f7ff f8aa 	bl	10000540 <irq_set_exclusive_handler>
100013ec:	2101      	movs	r1, #1
100013ee:	0020      	movs	r0, r4
100013f0:	f7ff f896 	bl	10000520 <irq_set_enabled>
100013f4:	2301      	movs	r3, #1
100013f6:	40a3      	lsls	r3, r4
100013f8:	4a11      	ldr	r2, [pc, #68]	; (10001440 <hardware_alarm_set_callback+0x84>)
100013fa:	6013      	str	r3, [r2, #0]
100013fc:	00a4      	lsls	r4, r4, #2
100013fe:	4b11      	ldr	r3, [pc, #68]	; (10001444 <hardware_alarm_set_callback+0x88>)
10001400:	50e5      	str	r5, [r4, r3]
10001402:	f3bf 8f5f 	dmb	sy
10001406:	4b0c      	ldr	r3, [pc, #48]	; (10001438 <hardware_alarm_set_callback+0x7c>)
10001408:	2200      	movs	r2, #0
1000140a:	601a      	str	r2, [r3, #0]
1000140c:	f386 8810 	msr	PRIMASK, r6
10001410:	bd70      	pop	{r4, r5, r6, pc}
10001412:	00a2      	lsls	r2, r4, #2
10001414:	4b0b      	ldr	r3, [pc, #44]	; (10001444 <hardware_alarm_set_callback+0x88>)
10001416:	2100      	movs	r1, #0
10001418:	50d1      	str	r1, [r2, r3]
1000141a:	2201      	movs	r2, #1
1000141c:	40a2      	lsls	r2, r4
1000141e:	490a      	ldr	r1, [pc, #40]	; (10001448 <hardware_alarm_set_callback+0x8c>)
10001420:	780b      	ldrb	r3, [r1, #0]
10001422:	4393      	bics	r3, r2
10001424:	700b      	strb	r3, [r1, #0]
10001426:	4905      	ldr	r1, [pc, #20]	; (1000143c <hardware_alarm_set_callback+0x80>)
10001428:	0020      	movs	r0, r4
1000142a:	f7ff f8b3 	bl	10000594 <irq_remove_handler>
1000142e:	2100      	movs	r1, #0
10001430:	0020      	movs	r0, r4
10001432:	f7ff f875 	bl	10000520 <irq_set_enabled>
10001436:	e7e4      	b.n	10001402 <hardware_alarm_set_callback+0x46>
10001438:	d0000128 	.word	0xd0000128
1000143c:	1000128d 	.word	0x1000128d
10001440:	40056038 	.word	0x40056038
10001444:	20000424 	.word	0x20000424
10001448:	200006e2 	.word	0x200006e2

1000144c <hardware_alarm_set_target>:
1000144c:	b5f0      	push	{r4, r5, r6, r7, lr}
1000144e:	46de      	mov	lr, fp
10001450:	b500      	push	{lr}
10001452:	b084      	sub	sp, #16
10001454:	0004      	movs	r4, r0
10001456:	0015      	movs	r5, r2
10001458:	9201      	str	r2, [sp, #4]
1000145a:	001e      	movs	r6, r3
1000145c:	9302      	str	r3, [sp, #8]
1000145e:	f7ff ff69 	bl	10001334 <time_us_64>
10001462:	9503      	str	r5, [sp, #12]
10001464:	428e      	cmp	r6, r1
10001466:	d802      	bhi.n	1000146e <hardware_alarm_set_target+0x22>
10001468:	d14e      	bne.n	10001508 <hardware_alarm_set_target+0xbc>
1000146a:	4285      	cmp	r5, r0
1000146c:	d94c      	bls.n	10001508 <hardware_alarm_set_target+0xbc>
1000146e:	f3ef 8b10 	mrs	fp, PRIMASK
10001472:	b672      	cpsid	i
10001474:	4b27      	ldr	r3, [pc, #156]	; (10001514 <hardware_alarm_set_target+0xc8>)
10001476:	681b      	ldr	r3, [r3, #0]
10001478:	2b00      	cmp	r3, #0
1000147a:	d0fb      	beq.n	10001474 <hardware_alarm_set_target+0x28>
1000147c:	f3bf 8f5f 	dmb	sy
10001480:	4a25      	ldr	r2, [pc, #148]	; (10001518 <hardware_alarm_set_target+0xcc>)
10001482:	7817      	ldrb	r7, [r2, #0]
10001484:	2501      	movs	r5, #1
10001486:	40a5      	lsls	r5, r4
10001488:	b2eb      	uxtb	r3, r5
1000148a:	433b      	orrs	r3, r7
1000148c:	7013      	strb	r3, [r2, #0]
1000148e:	4b23      	ldr	r3, [pc, #140]	; (1000151c <hardware_alarm_set_target+0xd0>)
10001490:	635d      	str	r5, [r3, #52]	; 0x34
10001492:	1d22      	adds	r2, r4, #4
10001494:	0092      	lsls	r2, r2, #2
10001496:	9901      	ldr	r1, [sp, #4]
10001498:	50d1      	str	r1, [r2, r3]
1000149a:	00a2      	lsls	r2, r4, #2
1000149c:	4920      	ldr	r1, [pc, #128]	; (10001520 <hardware_alarm_set_target+0xd4>)
1000149e:	9802      	ldr	r0, [sp, #8]
100014a0:	5050      	str	r0, [r2, r1]
100014a2:	6a1b      	ldr	r3, [r3, #32]
100014a4:	422b      	tst	r3, r5
100014a6:	d112      	bne.n	100014ce <hardware_alarm_set_target+0x82>
100014a8:	4b1c      	ldr	r3, [pc, #112]	; (1000151c <hardware_alarm_set_target+0xd0>)
100014aa:	6c1b      	ldr	r3, [r3, #64]	; 0x40
100014ac:	422b      	tst	r3, r5
100014ae:	d008      	beq.n	100014c2 <hardware_alarm_set_target+0x76>
100014b0:	2000      	movs	r0, #0
100014b2:	f3bf 8f5f 	dmb	sy
100014b6:	4b17      	ldr	r3, [pc, #92]	; (10001514 <hardware_alarm_set_target+0xc8>)
100014b8:	2200      	movs	r2, #0
100014ba:	601a      	str	r2, [r3, #0]
100014bc:	f38b 8810 	msr	PRIMASK, fp
100014c0:	e023      	b.n	1000150a <hardware_alarm_set_target+0xbe>
100014c2:	4b18      	ldr	r3, [pc, #96]	; (10001524 <hardware_alarm_set_target+0xd8>)
100014c4:	4a18      	ldr	r2, [pc, #96]	; (10001528 <hardware_alarm_set_target+0xdc>)
100014c6:	21c5      	movs	r1, #197	; 0xc5
100014c8:	4818      	ldr	r0, [pc, #96]	; (1000152c <hardware_alarm_set_target+0xe0>)
100014ca:	f000 fd57 	bl	10001f7c <__assert_func>
100014ce:	f7ff ff31 	bl	10001334 <time_us_64>
100014d2:	428e      	cmp	r6, r1
100014d4:	d814      	bhi.n	10001500 <hardware_alarm_set_target+0xb4>
100014d6:	d102      	bne.n	100014de <hardware_alarm_set_target+0x92>
100014d8:	9b03      	ldr	r3, [sp, #12]
100014da:	4283      	cmp	r3, r0
100014dc:	d810      	bhi.n	10001500 <hardware_alarm_set_target+0xb4>
100014de:	4b0e      	ldr	r3, [pc, #56]	; (10001518 <hardware_alarm_set_target+0xcc>)
100014e0:	781b      	ldrb	r3, [r3, #0]
100014e2:	42bb      	cmp	r3, r7
100014e4:	d00e      	beq.n	10001504 <hardware_alarm_set_target+0xb8>
100014e6:	4b0d      	ldr	r3, [pc, #52]	; (1000151c <hardware_alarm_set_target+0xd0>)
100014e8:	621d      	str	r5, [r3, #32]
100014ea:	635d      	str	r5, [r3, #52]	; 0x34
100014ec:	201f      	movs	r0, #31
100014ee:	4004      	ands	r4, r0
100014f0:	2301      	movs	r3, #1
100014f2:	40a3      	lsls	r3, r4
100014f4:	4a0e      	ldr	r2, [pc, #56]	; (10001530 <hardware_alarm_set_target+0xe4>)
100014f6:	6013      	str	r3, [r2, #0]
100014f8:	4b07      	ldr	r3, [pc, #28]	; (10001518 <hardware_alarm_set_target+0xcc>)
100014fa:	701f      	strb	r7, [r3, #0]
100014fc:	381e      	subs	r0, #30
100014fe:	e7d8      	b.n	100014b2 <hardware_alarm_set_target+0x66>
10001500:	2000      	movs	r0, #0
10001502:	e7d6      	b.n	100014b2 <hardware_alarm_set_target+0x66>
10001504:	2001      	movs	r0, #1
10001506:	e7d4      	b.n	100014b2 <hardware_alarm_set_target+0x66>
10001508:	2001      	movs	r0, #1
1000150a:	b004      	add	sp, #16
1000150c:	bc80      	pop	{r7}
1000150e:	46bb      	mov	fp, r7
10001510:	bdf0      	pop	{r4, r5, r6, r7, pc}
10001512:	46c0      	nop			; (mov r8, r8)
10001514:	d0000128 	.word	0xd0000128
10001518:	200006e2 	.word	0x200006e2
1000151c:	40054000 	.word	0x40054000
10001520:	200006c8 	.word	0x200006c8
10001524:	100047d0 	.word	0x100047d0
10001528:	10004854 	.word	0x10004854
1000152c:	100047f4 	.word	0x100047f4
10001530:	e000e280 	.word	0xe000e280

10001534 <hardware_alarm_cancel>:
10001534:	f3ef 8c10 	mrs	ip, PRIMASK
10001538:	b672      	cpsid	i
1000153a:	4b0b      	ldr	r3, [pc, #44]	; (10001568 <hardware_alarm_cancel+0x34>)
1000153c:	681b      	ldr	r3, [r3, #0]
1000153e:	2b00      	cmp	r3, #0
10001540:	d0fb      	beq.n	1000153a <hardware_alarm_cancel+0x6>
10001542:	f3bf 8f5f 	dmb	sy
10001546:	2301      	movs	r3, #1
10001548:	4083      	lsls	r3, r0
1000154a:	4a08      	ldr	r2, [pc, #32]	; (1000156c <hardware_alarm_cancel+0x38>)
1000154c:	6213      	str	r3, [r2, #32]
1000154e:	4908      	ldr	r1, [pc, #32]	; (10001570 <hardware_alarm_cancel+0x3c>)
10001550:	780a      	ldrb	r2, [r1, #0]
10001552:	439a      	bics	r2, r3
10001554:	700a      	strb	r2, [r1, #0]
10001556:	f3bf 8f5f 	dmb	sy
1000155a:	4b03      	ldr	r3, [pc, #12]	; (10001568 <hardware_alarm_cancel+0x34>)
1000155c:	2200      	movs	r2, #0
1000155e:	601a      	str	r2, [r3, #0]
10001560:	f38c 8810 	msr	PRIMASK, ip
10001564:	4770      	bx	lr
10001566:	46c0      	nop			; (mov r8, r8)
10001568:	d0000128 	.word	0xd0000128
1000156c:	40054000 	.word	0x40054000
10001570:	200006e2 	.word	0x200006e2

10001574 <ph_add_child_node>:
10001574:	b510      	push	{r4, lr}
10001576:	2900      	cmp	r1, #0
10001578:	d01e      	beq.n	100015b8 <ph_add_child_node+0x44>
1000157a:	7b03      	ldrb	r3, [r0, #12]
1000157c:	4299      	cmp	r1, r3
1000157e:	d81b      	bhi.n	100015b8 <ph_add_child_node+0x44>
10001580:	004b      	lsls	r3, r1, #1
10001582:	185b      	adds	r3, r3, r1
10001584:	3b03      	subs	r3, #3
10001586:	6804      	ldr	r4, [r0, #0]
10001588:	46a4      	mov	ip, r4
1000158a:	4463      	add	r3, ip
1000158c:	2900      	cmp	r1, #0
1000158e:	d019      	beq.n	100015c4 <ph_add_child_node+0x50>
10001590:	2a00      	cmp	r2, #0
10001592:	d01d      	beq.n	100015d0 <ph_add_child_node+0x5c>
10001594:	4291      	cmp	r1, r2
10001596:	d021      	beq.n	100015dc <ph_add_child_node+0x68>
10001598:	2a00      	cmp	r2, #0
1000159a:	d025      	beq.n	100015e8 <ph_add_child_node+0x74>
1000159c:	7b04      	ldrb	r4, [r0, #12]
1000159e:	42a2      	cmp	r2, r4
100015a0:	d822      	bhi.n	100015e8 <ph_add_child_node+0x74>
100015a2:	6804      	ldr	r4, [r0, #0]
100015a4:	0050      	lsls	r0, r2, #1
100015a6:	1880      	adds	r0, r0, r2
100015a8:	3803      	subs	r0, #3
100015aa:	1820      	adds	r0, r4, r0
100015ac:	7081      	strb	r1, [r0, #2]
100015ae:	7819      	ldrb	r1, [r3, #0]
100015b0:	2900      	cmp	r1, #0
100015b2:	d11f      	bne.n	100015f4 <ph_add_child_node+0x80>
100015b4:	701a      	strb	r2, [r3, #0]
100015b6:	bd10      	pop	{r4, pc}
100015b8:	4b10      	ldr	r3, [pc, #64]	; (100015fc <ph_add_child_node+0x88>)
100015ba:	4a11      	ldr	r2, [pc, #68]	; (10001600 <ph_add_child_node+0x8c>)
100015bc:	2168      	movs	r1, #104	; 0x68
100015be:	4811      	ldr	r0, [pc, #68]	; (10001604 <ph_add_child_node+0x90>)
100015c0:	f000 fcdc 	bl	10001f7c <__assert_func>
100015c4:	4b10      	ldr	r3, [pc, #64]	; (10001608 <ph_add_child_node+0x94>)
100015c6:	4a11      	ldr	r2, [pc, #68]	; (1000160c <ph_add_child_node+0x98>)
100015c8:	316f      	adds	r1, #111	; 0x6f
100015ca:	480e      	ldr	r0, [pc, #56]	; (10001604 <ph_add_child_node+0x90>)
100015cc:	f000 fcd6 	bl	10001f7c <__assert_func>
100015d0:	4b0f      	ldr	r3, [pc, #60]	; (10001610 <ph_add_child_node+0x9c>)
100015d2:	4a0e      	ldr	r2, [pc, #56]	; (1000160c <ph_add_child_node+0x98>)
100015d4:	2170      	movs	r1, #112	; 0x70
100015d6:	480b      	ldr	r0, [pc, #44]	; (10001604 <ph_add_child_node+0x90>)
100015d8:	f000 fcd0 	bl	10001f7c <__assert_func>
100015dc:	4b0d      	ldr	r3, [pc, #52]	; (10001614 <ph_add_child_node+0xa0>)
100015de:	4a0b      	ldr	r2, [pc, #44]	; (1000160c <ph_add_child_node+0x98>)
100015e0:	2171      	movs	r1, #113	; 0x71
100015e2:	4808      	ldr	r0, [pc, #32]	; (10001604 <ph_add_child_node+0x90>)
100015e4:	f000 fcca 	bl	10001f7c <__assert_func>
100015e8:	4b04      	ldr	r3, [pc, #16]	; (100015fc <ph_add_child_node+0x88>)
100015ea:	4a05      	ldr	r2, [pc, #20]	; (10001600 <ph_add_child_node+0x8c>)
100015ec:	2168      	movs	r1, #104	; 0x68
100015ee:	4805      	ldr	r0, [pc, #20]	; (10001604 <ph_add_child_node+0x90>)
100015f0:	f000 fcc4 	bl	10001f7c <__assert_func>
100015f4:	7041      	strb	r1, [r0, #1]
100015f6:	701a      	strb	r2, [r3, #0]
100015f8:	e7dd      	b.n	100015b6 <ph_add_child_node+0x42>
100015fa:	46c0      	nop			; (mov r8, r8)
100015fc:	10004510 	.word	0x10004510
10001600:	10004990 	.word	0x10004990
10001604:	1000452c 	.word	0x1000452c
10001608:	10004594 	.word	0x10004594
1000160c:	1000497c 	.word	0x1000497c
10001610:	100045a0 	.word	0x100045a0
10001614:	100045ac 	.word	0x100045ac

10001618 <ph_merge_nodes>:
10001618:	b570      	push	{r4, r5, r6, lr}
1000161a:	0006      	movs	r6, r0
1000161c:	000d      	movs	r5, r1
1000161e:	0014      	movs	r4, r2
10001620:	2900      	cmp	r1, #0
10001622:	d014      	beq.n	1000164e <ph_merge_nodes+0x36>
10001624:	2a00      	cmp	r2, #0
10001626:	d014      	beq.n	10001652 <ph_merge_nodes+0x3a>
10001628:	6880      	ldr	r0, [r0, #8]
1000162a:	6873      	ldr	r3, [r6, #4]
1000162c:	4798      	blx	r3
1000162e:	2800      	cmp	r0, #0
10001630:	d006      	beq.n	10001640 <ph_merge_nodes+0x28>
10001632:	0022      	movs	r2, r4
10001634:	0029      	movs	r1, r5
10001636:	0030      	movs	r0, r6
10001638:	f7ff ff9c 	bl	10001574 <ph_add_child_node>
1000163c:	0028      	movs	r0, r5
1000163e:	e007      	b.n	10001650 <ph_merge_nodes+0x38>
10001640:	002a      	movs	r2, r5
10001642:	0021      	movs	r1, r4
10001644:	0030      	movs	r0, r6
10001646:	f7ff ff95 	bl	10001574 <ph_add_child_node>
1000164a:	0020      	movs	r0, r4
1000164c:	e000      	b.n	10001650 <ph_merge_nodes+0x38>
1000164e:	0010      	movs	r0, r2
10001650:	bd70      	pop	{r4, r5, r6, pc}
10001652:	0008      	movs	r0, r1
10001654:	e7fc      	b.n	10001650 <ph_merge_nodes+0x38>
	...

10001658 <ph_clear>:
10001658:	b510      	push	{r4, lr}
1000165a:	2300      	movs	r3, #0
1000165c:	7343      	strb	r3, [r0, #13]
1000165e:	3301      	adds	r3, #1
10001660:	7383      	strb	r3, [r0, #14]
10001662:	7b03      	ldrb	r3, [r0, #12]
10001664:	73c3      	strb	r3, [r0, #15]
10001666:	2301      	movs	r3, #1
10001668:	7b02      	ldrb	r2, [r0, #12]
1000166a:	429a      	cmp	r2, r3
1000166c:	d914      	bls.n	10001698 <ph_clear+0x40>
1000166e:	2b00      	cmp	r3, #0
10001670:	d00c      	beq.n	1000168c <ph_clear+0x34>
10001672:	7b02      	ldrb	r2, [r0, #12]
10001674:	4293      	cmp	r3, r2
10001676:	d809      	bhi.n	1000168c <ph_clear+0x34>
10001678:	005a      	lsls	r2, r3, #1
1000167a:	18d2      	adds	r2, r2, r3
1000167c:	3a03      	subs	r2, #3
1000167e:	6801      	ldr	r1, [r0, #0]
10001680:	468c      	mov	ip, r1
10001682:	4462      	add	r2, ip
10001684:	3301      	adds	r3, #1
10001686:	b2db      	uxtb	r3, r3
10001688:	7053      	strb	r3, [r2, #1]
1000168a:	e7ed      	b.n	10001668 <ph_clear+0x10>
1000168c:	4b0b      	ldr	r3, [pc, #44]	; (100016bc <ph_clear+0x64>)
1000168e:	4a0c      	ldr	r2, [pc, #48]	; (100016c0 <ph_clear+0x68>)
10001690:	2168      	movs	r1, #104	; 0x68
10001692:	480c      	ldr	r0, [pc, #48]	; (100016c4 <ph_clear+0x6c>)
10001694:	f000 fc72 	bl	10001f7c <__assert_func>
10001698:	2a00      	cmp	r2, #0
1000169a:	d009      	beq.n	100016b0 <ph_clear+0x58>
1000169c:	4292      	cmp	r2, r2
1000169e:	d807      	bhi.n	100016b0 <ph_clear+0x58>
100016a0:	6801      	ldr	r1, [r0, #0]
100016a2:	0053      	lsls	r3, r2, #1
100016a4:	189a      	adds	r2, r3, r2
100016a6:	3a03      	subs	r2, #3
100016a8:	188a      	adds	r2, r1, r2
100016aa:	2300      	movs	r3, #0
100016ac:	7053      	strb	r3, [r2, #1]
100016ae:	bd10      	pop	{r4, pc}
100016b0:	4b02      	ldr	r3, [pc, #8]	; (100016bc <ph_clear+0x64>)
100016b2:	4a03      	ldr	r2, [pc, #12]	; (100016c0 <ph_clear+0x68>)
100016b4:	2168      	movs	r1, #104	; 0x68
100016b6:	4803      	ldr	r0, [pc, #12]	; (100016c4 <ph_clear+0x6c>)
100016b8:	f000 fc60 	bl	10001f7c <__assert_func>
100016bc:	10004510 	.word	0x10004510
100016c0:	10004990 	.word	0x10004990
100016c4:	1000452c 	.word	0x1000452c

100016c8 <ph_post_alloc_init>:
100016c8:	b510      	push	{r4, lr}
100016ca:	7301      	strb	r1, [r0, #12]
100016cc:	6042      	str	r2, [r0, #4]
100016ce:	6083      	str	r3, [r0, #8]
100016d0:	f7ff ffc2 	bl	10001658 <ph_clear>
100016d4:	bd10      	pop	{r4, pc}
	...

100016d8 <ph_merge_two_pass>:
100016d8:	b570      	push	{r4, r5, r6, lr}
100016da:	0004      	movs	r4, r0
100016dc:	1e08      	subs	r0, r1, #0
100016de:	d100      	bne.n	100016e2 <ph_merge_two_pass+0xa>
100016e0:	bd70      	pop	{r4, r5, r6, pc}
100016e2:	2900      	cmp	r1, #0
100016e4:	d034      	beq.n	10001750 <ph_merge_two_pass+0x78>
100016e6:	7b23      	ldrb	r3, [r4, #12]
100016e8:	4299      	cmp	r1, r3
100016ea:	d831      	bhi.n	10001750 <ph_merge_two_pass+0x78>
100016ec:	004b      	lsls	r3, r1, #1
100016ee:	185b      	adds	r3, r3, r1
100016f0:	3b03      	subs	r3, #3
100016f2:	6822      	ldr	r2, [r4, #0]
100016f4:	4694      	mov	ip, r2
100016f6:	4463      	add	r3, ip
100016f8:	785a      	ldrb	r2, [r3, #1]
100016fa:	2a00      	cmp	r2, #0
100016fc:	d0f0      	beq.n	100016e0 <ph_merge_two_pass+0x8>
100016fe:	d02d      	beq.n	1000175c <ph_merge_two_pass+0x84>
10001700:	7b23      	ldrb	r3, [r4, #12]
10001702:	429a      	cmp	r2, r3
10001704:	d82a      	bhi.n	1000175c <ph_merge_two_pass+0x84>
10001706:	0053      	lsls	r3, r2, #1
10001708:	189b      	adds	r3, r3, r2
1000170a:	3b03      	subs	r3, #3
1000170c:	6821      	ldr	r1, [r4, #0]
1000170e:	468c      	mov	ip, r1
10001710:	4463      	add	r3, ip
10001712:	785d      	ldrb	r5, [r3, #1]
10001714:	2100      	movs	r1, #0
10001716:	7059      	strb	r1, [r3, #1]
10001718:	2800      	cmp	r0, #0
1000171a:	d025      	beq.n	10001768 <ph_merge_two_pass+0x90>
1000171c:	7b23      	ldrb	r3, [r4, #12]
1000171e:	4298      	cmp	r0, r3
10001720:	d822      	bhi.n	10001768 <ph_merge_two_pass+0x90>
10001722:	0043      	lsls	r3, r0, #1
10001724:	181b      	adds	r3, r3, r0
10001726:	3b03      	subs	r3, #3
10001728:	6821      	ldr	r1, [r4, #0]
1000172a:	468c      	mov	ip, r1
1000172c:	4463      	add	r3, ip
1000172e:	2100      	movs	r1, #0
10001730:	7059      	strb	r1, [r3, #1]
10001732:	0001      	movs	r1, r0
10001734:	0020      	movs	r0, r4
10001736:	f7ff ff6f 	bl	10001618 <ph_merge_nodes>
1000173a:	0006      	movs	r6, r0
1000173c:	0029      	movs	r1, r5
1000173e:	0020      	movs	r0, r4
10001740:	f7ff ffca 	bl	100016d8 <ph_merge_two_pass>
10001744:	0002      	movs	r2, r0
10001746:	0031      	movs	r1, r6
10001748:	0020      	movs	r0, r4
1000174a:	f7ff ff65 	bl	10001618 <ph_merge_nodes>
1000174e:	e7c7      	b.n	100016e0 <ph_merge_two_pass+0x8>
10001750:	4b08      	ldr	r3, [pc, #32]	; (10001774 <ph_merge_two_pass+0x9c>)
10001752:	4a09      	ldr	r2, [pc, #36]	; (10001778 <ph_merge_two_pass+0xa0>)
10001754:	2168      	movs	r1, #104	; 0x68
10001756:	4809      	ldr	r0, [pc, #36]	; (1000177c <ph_merge_two_pass+0xa4>)
10001758:	f000 fc10 	bl	10001f7c <__assert_func>
1000175c:	4b05      	ldr	r3, [pc, #20]	; (10001774 <ph_merge_two_pass+0x9c>)
1000175e:	4a06      	ldr	r2, [pc, #24]	; (10001778 <ph_merge_two_pass+0xa0>)
10001760:	2168      	movs	r1, #104	; 0x68
10001762:	4806      	ldr	r0, [pc, #24]	; (1000177c <ph_merge_two_pass+0xa4>)
10001764:	f000 fc0a 	bl	10001f7c <__assert_func>
10001768:	4b02      	ldr	r3, [pc, #8]	; (10001774 <ph_merge_two_pass+0x9c>)
1000176a:	4a03      	ldr	r2, [pc, #12]	; (10001778 <ph_merge_two_pass+0xa0>)
1000176c:	2168      	movs	r1, #104	; 0x68
1000176e:	4803      	ldr	r0, [pc, #12]	; (1000177c <ph_merge_two_pass+0xa4>)
10001770:	f000 fc04 	bl	10001f7c <__assert_func>
10001774:	10004510 	.word	0x10004510
10001778:	10004990 	.word	0x10004990
1000177c:	1000452c 	.word	0x1000452c

10001780 <ph_remove_any_head>:
10001780:	b570      	push	{r4, r5, r6, lr}
10001782:	0005      	movs	r5, r0
10001784:	000c      	movs	r4, r1
10001786:	0016      	movs	r6, r2
10001788:	2900      	cmp	r1, #0
1000178a:	d02f      	beq.n	100017ec <ph_remove_any_head+0x6c>
1000178c:	d034      	beq.n	100017f8 <ph_remove_any_head+0x78>
1000178e:	7b03      	ldrb	r3, [r0, #12]
10001790:	4299      	cmp	r1, r3
10001792:	d831      	bhi.n	100017f8 <ph_remove_any_head+0x78>
10001794:	004b      	lsls	r3, r1, #1
10001796:	185b      	adds	r3, r3, r1
10001798:	3b03      	subs	r3, #3
1000179a:	6802      	ldr	r2, [r0, #0]
1000179c:	4694      	mov	ip, r2
1000179e:	4463      	add	r3, ip
100017a0:	785a      	ldrb	r2, [r3, #1]
100017a2:	2a00      	cmp	r2, #0
100017a4:	d12e      	bne.n	10001804 <ph_remove_any_head+0x84>
100017a6:	789a      	ldrb	r2, [r3, #2]
100017a8:	2a00      	cmp	r2, #0
100017aa:	d131      	bne.n	10001810 <ph_remove_any_head+0x90>
100017ac:	7819      	ldrb	r1, [r3, #0]
100017ae:	f7ff ff93 	bl	100016d8 <ph_merge_two_pass>
100017b2:	0003      	movs	r3, r0
100017b4:	2e00      	cmp	r6, #0
100017b6:	d00a      	beq.n	100017ce <ph_remove_any_head+0x4e>
100017b8:	7bea      	ldrb	r2, [r5, #15]
100017ba:	2a00      	cmp	r2, #0
100017bc:	d12e      	bne.n	1000181c <ph_remove_any_head+0x9c>
100017be:	7baa      	ldrb	r2, [r5, #14]
100017c0:	2a00      	cmp	r2, #0
100017c2:	d103      	bne.n	100017cc <ph_remove_any_head+0x4c>
100017c4:	7bea      	ldrb	r2, [r5, #15]
100017c6:	2a00      	cmp	r2, #0
100017c8:	d13b      	bne.n	10001842 <ph_remove_any_head+0xc2>
100017ca:	73ac      	strb	r4, [r5, #14]
100017cc:	73ec      	strb	r4, [r5, #15]
100017ce:	2b00      	cmp	r3, #0
100017d0:	d13d      	bne.n	1000184e <ph_remove_any_head+0xce>
100017d2:	2c00      	cmp	r4, #0
100017d4:	d04f      	beq.n	10001876 <ph_remove_any_head+0xf6>
100017d6:	7b2b      	ldrb	r3, [r5, #12]
100017d8:	429c      	cmp	r4, r3
100017da:	d84c      	bhi.n	10001876 <ph_remove_any_head+0xf6>
100017dc:	682b      	ldr	r3, [r5, #0]
100017de:	0061      	lsls	r1, r4, #1
100017e0:	190c      	adds	r4, r1, r4
100017e2:	3c03      	subs	r4, #3
100017e4:	191c      	adds	r4, r3, r4
100017e6:	2300      	movs	r3, #0
100017e8:	7063      	strb	r3, [r4, #1]
100017ea:	bd70      	pop	{r4, r5, r6, pc}
100017ec:	4b25      	ldr	r3, [pc, #148]	; (10001884 <ph_remove_any_head+0x104>)
100017ee:	4a26      	ldr	r2, [pc, #152]	; (10001888 <ph_remove_any_head+0x108>)
100017f0:	2138      	movs	r1, #56	; 0x38
100017f2:	4826      	ldr	r0, [pc, #152]	; (1000188c <ph_remove_any_head+0x10c>)
100017f4:	f000 fbc2 	bl	10001f7c <__assert_func>
100017f8:	4b25      	ldr	r3, [pc, #148]	; (10001890 <ph_remove_any_head+0x110>)
100017fa:	4a26      	ldr	r2, [pc, #152]	; (10001894 <ph_remove_any_head+0x114>)
100017fc:	2168      	movs	r1, #104	; 0x68
100017fe:	4826      	ldr	r0, [pc, #152]	; (10001898 <ph_remove_any_head+0x118>)
10001800:	f000 fbbc 	bl	10001f7c <__assert_func>
10001804:	4b25      	ldr	r3, [pc, #148]	; (1000189c <ph_remove_any_head+0x11c>)
10001806:	4a20      	ldr	r2, [pc, #128]	; (10001888 <ph_remove_any_head+0x108>)
10001808:	213a      	movs	r1, #58	; 0x3a
1000180a:	4820      	ldr	r0, [pc, #128]	; (1000188c <ph_remove_any_head+0x10c>)
1000180c:	f000 fbb6 	bl	10001f7c <__assert_func>
10001810:	4b23      	ldr	r3, [pc, #140]	; (100018a0 <ph_remove_any_head+0x120>)
10001812:	4a1d      	ldr	r2, [pc, #116]	; (10001888 <ph_remove_any_head+0x108>)
10001814:	213b      	movs	r1, #59	; 0x3b
10001816:	481d      	ldr	r0, [pc, #116]	; (1000188c <ph_remove_any_head+0x10c>)
10001818:	f000 fbb0 	bl	10001f7c <__assert_func>
1000181c:	2a00      	cmp	r2, #0
1000181e:	d00a      	beq.n	10001836 <ph_remove_any_head+0xb6>
10001820:	7b29      	ldrb	r1, [r5, #12]
10001822:	428a      	cmp	r2, r1
10001824:	d807      	bhi.n	10001836 <ph_remove_any_head+0xb6>
10001826:	0051      	lsls	r1, r2, #1
10001828:	188a      	adds	r2, r1, r2
1000182a:	3a03      	subs	r2, #3
1000182c:	6829      	ldr	r1, [r5, #0]
1000182e:	468c      	mov	ip, r1
10001830:	4462      	add	r2, ip
10001832:	7054      	strb	r4, [r2, #1]
10001834:	e7c3      	b.n	100017be <ph_remove_any_head+0x3e>
10001836:	4b16      	ldr	r3, [pc, #88]	; (10001890 <ph_remove_any_head+0x110>)
10001838:	4a16      	ldr	r2, [pc, #88]	; (10001894 <ph_remove_any_head+0x114>)
1000183a:	2168      	movs	r1, #104	; 0x68
1000183c:	4816      	ldr	r0, [pc, #88]	; (10001898 <ph_remove_any_head+0x118>)
1000183e:	f000 fb9d 	bl	10001f7c <__assert_func>
10001842:	4b18      	ldr	r3, [pc, #96]	; (100018a4 <ph_remove_any_head+0x124>)
10001844:	4a10      	ldr	r2, [pc, #64]	; (10001888 <ph_remove_any_head+0x108>)
10001846:	2142      	movs	r1, #66	; 0x42
10001848:	4810      	ldr	r0, [pc, #64]	; (1000188c <ph_remove_any_head+0x10c>)
1000184a:	f000 fb97 	bl	10001f7c <__assert_func>
1000184e:	2b00      	cmp	r3, #0
10001850:	d00b      	beq.n	1000186a <ph_remove_any_head+0xea>
10001852:	7b2a      	ldrb	r2, [r5, #12]
10001854:	4293      	cmp	r3, r2
10001856:	d808      	bhi.n	1000186a <ph_remove_any_head+0xea>
10001858:	0043      	lsls	r3, r0, #1
1000185a:	181b      	adds	r3, r3, r0
1000185c:	3b03      	subs	r3, #3
1000185e:	682a      	ldr	r2, [r5, #0]
10001860:	4694      	mov	ip, r2
10001862:	4463      	add	r3, ip
10001864:	2200      	movs	r2, #0
10001866:	709a      	strb	r2, [r3, #2]
10001868:	e7b3      	b.n	100017d2 <ph_remove_any_head+0x52>
1000186a:	4b09      	ldr	r3, [pc, #36]	; (10001890 <ph_remove_any_head+0x110>)
1000186c:	4a09      	ldr	r2, [pc, #36]	; (10001894 <ph_remove_any_head+0x114>)
1000186e:	2168      	movs	r1, #104	; 0x68
10001870:	4809      	ldr	r0, [pc, #36]	; (10001898 <ph_remove_any_head+0x118>)
10001872:	f000 fb83 	bl	10001f7c <__assert_func>
10001876:	4b06      	ldr	r3, [pc, #24]	; (10001890 <ph_remove_any_head+0x110>)
10001878:	4a06      	ldr	r2, [pc, #24]	; (10001894 <ph_remove_any_head+0x114>)
1000187a:	2168      	movs	r1, #104	; 0x68
1000187c:	4806      	ldr	r0, [pc, #24]	; (10001898 <ph_remove_any_head+0x118>)
1000187e:	f000 fb7d 	bl	10001f7c <__assert_func>
10001882:	46c0      	nop			; (mov r8, r8)
10001884:	10004888 	.word	0x10004888
10001888:	10004968 	.word	0x10004968
1000188c:	10004890 	.word	0x10004890
10001890:	10004510 	.word	0x10004510
10001894:	10004990 	.word	0x10004990
10001898:	1000452c 	.word	0x1000452c
1000189c:	100048e4 	.word	0x100048e4
100018a0:	1000490c 	.word	0x1000490c
100018a4:	10004670 	.word	0x10004670

100018a8 <ph_remove_head>:
100018a8:	b570      	push	{r4, r5, r6, lr}
100018aa:	0004      	movs	r4, r0
100018ac:	000a      	movs	r2, r1
100018ae:	7b45      	ldrb	r5, [r0, #13]
100018b0:	0029      	movs	r1, r5
100018b2:	f7ff ff65 	bl	10001780 <ph_remove_any_head>
100018b6:	7360      	strb	r0, [r4, #13]
100018b8:	0028      	movs	r0, r5
100018ba:	bd70      	pop	{r4, r5, r6, pc}

100018bc <ph_remove_and_free_node>:
100018bc:	b570      	push	{r4, r5, r6, lr}
100018be:	0004      	movs	r4, r0
100018c0:	2900      	cmp	r1, #0
100018c2:	d067      	beq.n	10001994 <ph_remove_and_free_node+0xd8>
100018c4:	7b43      	ldrb	r3, [r0, #13]
100018c6:	428b      	cmp	r3, r1
100018c8:	d00e      	beq.n	100018e8 <ph_remove_and_free_node+0x2c>
100018ca:	2900      	cmp	r1, #0
100018cc:	d011      	beq.n	100018f2 <ph_remove_and_free_node+0x36>
100018ce:	7b03      	ldrb	r3, [r0, #12]
100018d0:	4299      	cmp	r1, r3
100018d2:	d80e      	bhi.n	100018f2 <ph_remove_and_free_node+0x36>
100018d4:	004b      	lsls	r3, r1, #1
100018d6:	185b      	adds	r3, r3, r1
100018d8:	3b03      	subs	r3, #3
100018da:	6802      	ldr	r2, [r0, #0]
100018dc:	18d0      	adds	r0, r2, r3
100018de:	7883      	ldrb	r3, [r0, #2]
100018e0:	2b00      	cmp	r3, #0
100018e2:	d10c      	bne.n	100018fe <ph_remove_and_free_node+0x42>
100018e4:	2000      	movs	r0, #0
100018e6:	e056      	b.n	10001996 <ph_remove_and_free_node+0xda>
100018e8:	2101      	movs	r1, #1
100018ea:	f7ff ffdd 	bl	100018a8 <ph_remove_head>
100018ee:	2001      	movs	r0, #1
100018f0:	e051      	b.n	10001996 <ph_remove_and_free_node+0xda>
100018f2:	4b29      	ldr	r3, [pc, #164]	; (10001998 <ph_remove_and_free_node+0xdc>)
100018f4:	4a29      	ldr	r2, [pc, #164]	; (1000199c <ph_remove_and_free_node+0xe0>)
100018f6:	2168      	movs	r1, #104	; 0x68
100018f8:	4829      	ldr	r0, [pc, #164]	; (100019a0 <ph_remove_and_free_node+0xe4>)
100018fa:	f000 fb3f 	bl	10001f7c <__assert_func>
100018fe:	2b00      	cmp	r3, #0
10001900:	d020      	beq.n	10001944 <ph_remove_and_free_node+0x88>
10001902:	7b22      	ldrb	r2, [r4, #12]
10001904:	4293      	cmp	r3, r2
10001906:	d81d      	bhi.n	10001944 <ph_remove_and_free_node+0x88>
10001908:	005a      	lsls	r2, r3, #1
1000190a:	18d3      	adds	r3, r2, r3
1000190c:	3b03      	subs	r3, #3
1000190e:	6822      	ldr	r2, [r4, #0]
10001910:	18d2      	adds	r2, r2, r3
10001912:	6825      	ldr	r5, [r4, #0]
10001914:	5ceb      	ldrb	r3, [r5, r3]
10001916:	428b      	cmp	r3, r1
10001918:	d01a      	beq.n	10001950 <ph_remove_and_free_node+0x94>
1000191a:	2b00      	cmp	r3, #0
1000191c:	d01b      	beq.n	10001956 <ph_remove_and_free_node+0x9a>
1000191e:	7b22      	ldrb	r2, [r4, #12]
10001920:	4293      	cmp	r3, r2
10001922:	d818      	bhi.n	10001956 <ph_remove_and_free_node+0x9a>
10001924:	005a      	lsls	r2, r3, #1
10001926:	18d3      	adds	r3, r2, r3
10001928:	3b03      	subs	r3, #3
1000192a:	6822      	ldr	r2, [r4, #0]
1000192c:	18d2      	adds	r2, r2, r3
1000192e:	7853      	ldrb	r3, [r2, #1]
10001930:	428b      	cmp	r3, r1
10001932:	d016      	beq.n	10001962 <ph_remove_and_free_node+0xa6>
10001934:	2b00      	cmp	r3, #0
10001936:	d1f0      	bne.n	1000191a <ph_remove_and_free_node+0x5e>
10001938:	4b1a      	ldr	r3, [pc, #104]	; (100019a4 <ph_remove_and_free_node+0xe8>)
1000193a:	4a1b      	ldr	r2, [pc, #108]	; (100019a8 <ph_remove_and_free_node+0xec>)
1000193c:	216b      	movs	r1, #107	; 0x6b
1000193e:	481b      	ldr	r0, [pc, #108]	; (100019ac <ph_remove_and_free_node+0xf0>)
10001940:	f000 fb1c 	bl	10001f7c <__assert_func>
10001944:	4b14      	ldr	r3, [pc, #80]	; (10001998 <ph_remove_and_free_node+0xdc>)
10001946:	4a15      	ldr	r2, [pc, #84]	; (1000199c <ph_remove_and_free_node+0xe0>)
10001948:	2168      	movs	r1, #104	; 0x68
1000194a:	4815      	ldr	r0, [pc, #84]	; (100019a0 <ph_remove_and_free_node+0xe4>)
1000194c:	f000 fb16 	bl	10001f7c <__assert_func>
10001950:	7843      	ldrb	r3, [r0, #1]
10001952:	7013      	strb	r3, [r2, #0]
10001954:	e007      	b.n	10001966 <ph_remove_and_free_node+0xaa>
10001956:	4b10      	ldr	r3, [pc, #64]	; (10001998 <ph_remove_and_free_node+0xdc>)
10001958:	4a10      	ldr	r2, [pc, #64]	; (1000199c <ph_remove_and_free_node+0xe0>)
1000195a:	2168      	movs	r1, #104	; 0x68
1000195c:	4810      	ldr	r0, [pc, #64]	; (100019a0 <ph_remove_and_free_node+0xe4>)
1000195e:	f000 fb0d 	bl	10001f7c <__assert_func>
10001962:	7843      	ldrb	r3, [r0, #1]
10001964:	7053      	strb	r3, [r2, #1]
10001966:	2300      	movs	r3, #0
10001968:	7083      	strb	r3, [r0, #2]
1000196a:	7043      	strb	r3, [r0, #1]
1000196c:	2201      	movs	r2, #1
1000196e:	0020      	movs	r0, r4
10001970:	f7ff ff06 	bl	10001780 <ph_remove_any_head>
10001974:	0002      	movs	r2, r0
10001976:	7b61      	ldrb	r1, [r4, #13]
10001978:	4281      	cmp	r1, r0
1000197a:	d005      	beq.n	10001988 <ph_remove_and_free_node+0xcc>
1000197c:	0020      	movs	r0, r4
1000197e:	f7ff fe4b 	bl	10001618 <ph_merge_nodes>
10001982:	7360      	strb	r0, [r4, #13]
10001984:	2001      	movs	r0, #1
10001986:	e006      	b.n	10001996 <ph_remove_and_free_node+0xda>
10001988:	4b09      	ldr	r3, [pc, #36]	; (100019b0 <ph_remove_and_free_node+0xf4>)
1000198a:	4a07      	ldr	r2, [pc, #28]	; (100019a8 <ph_remove_and_free_node+0xec>)
1000198c:	2171      	movs	r1, #113	; 0x71
1000198e:	4807      	ldr	r0, [pc, #28]	; (100019ac <ph_remove_and_free_node+0xf0>)
10001990:	f000 faf4 	bl	10001f7c <__assert_func>
10001994:	2000      	movs	r0, #0
10001996:	bd70      	pop	{r4, r5, r6, pc}
10001998:	10004510 	.word	0x10004510
1000199c:	10004990 	.word	0x10004990
100019a0:	1000452c 	.word	0x1000452c
100019a4:	100042b0 	.word	0x100042b0
100019a8:	10004950 	.word	0x10004950
100019ac:	10004890 	.word	0x10004890
100019b0:	10004930 	.word	0x10004930

100019b4 <uart_disable_before_lcr_write>:
100019b4:	b570      	push	{r4, r5, r6, lr}
100019b6:	6b04      	ldr	r4, [r0, #48]	; 0x30
100019b8:	07e3      	lsls	r3, r4, #31
100019ba:	d401      	bmi.n	100019c0 <uart_disable_before_lcr_write+0xc>
100019bc:	0020      	movs	r0, r4
100019be:	bd70      	pop	{r4, r5, r6, pc}
100019c0:	0002      	movs	r2, r0
100019c2:	3230      	adds	r2, #48	; 0x30
100019c4:	23c0      	movs	r3, #192	; 0xc0
100019c6:	019b      	lsls	r3, r3, #6
100019c8:	4313      	orrs	r3, r2
100019ca:	4a0a      	ldr	r2, [pc, #40]	; (100019f4 <uart_disable_before_lcr_write+0x40>)
100019cc:	601a      	str	r2, [r3, #0]
100019ce:	6a45      	ldr	r5, [r0, #36]	; 0x24
100019d0:	6a82      	ldr	r2, [r0, #40]	; 0x28
100019d2:	01ad      	lsls	r5, r5, #6
100019d4:	18ad      	adds	r5, r5, r2
100019d6:	02ad      	lsls	r5, r5, #10
100019d8:	2006      	movs	r0, #6
100019da:	f000 f9bd 	bl	10001d58 <clock_get_hz>
100019de:	4906      	ldr	r1, [pc, #24]	; (100019f8 <uart_disable_before_lcr_write+0x44>)
100019e0:	f001 fc7a 	bl	100032d8 <__wrap___aeabi_uidiv>
100019e4:	0001      	movs	r1, r0
100019e6:	0028      	movs	r0, r5
100019e8:	f001 fc76 	bl	100032d8 <__wrap___aeabi_uidiv>
100019ec:	2100      	movs	r1, #0
100019ee:	f7ff fcc1 	bl	10001374 <busy_wait_us>
100019f2:	e7e3      	b.n	100019bc <uart_disable_before_lcr_write+0x8>
100019f4:	00000301 	.word	0x00000301
100019f8:	00000e4e 	.word	0x00000e4e

100019fc <uart_write_lcr_bits_masked>:
100019fc:	b570      	push	{r4, r5, r6, lr}
100019fe:	0004      	movs	r4, r0
10001a00:	000e      	movs	r6, r1
10001a02:	0015      	movs	r5, r2
10001a04:	f7ff ffd6 	bl	100019b4 <uart_disable_before_lcr_write>
10001a08:	0022      	movs	r2, r4
10001a0a:	322c      	adds	r2, #44	; 0x2c
10001a0c:	6ae1      	ldr	r1, [r4, #44]	; 0x2c
10001a0e:	404e      	eors	r6, r1
10001a10:	4035      	ands	r5, r6
10001a12:	2380      	movs	r3, #128	; 0x80
10001a14:	015b      	lsls	r3, r3, #5
10001a16:	4313      	orrs	r3, r2
10001a18:	601d      	str	r5, [r3, #0]
10001a1a:	6320      	str	r0, [r4, #48]	; 0x30
10001a1c:	bd70      	pop	{r4, r5, r6, pc}
	...

10001a20 <uart_set_baudrate>:
10001a20:	b570      	push	{r4, r5, r6, lr}
10001a22:	0005      	movs	r5, r0
10001a24:	000c      	movs	r4, r1
10001a26:	2006      	movs	r0, #6
10001a28:	f000 f996 	bl	10001d58 <clock_get_hz>
10001a2c:	00c0      	lsls	r0, r0, #3
10001a2e:	0021      	movs	r1, r4
10001a30:	f001 fc52 	bl	100032d8 <__wrap___aeabi_uidiv>
10001a34:	09c6      	lsrs	r6, r0, #7
10001a36:	d008      	beq.n	10001a4a <uart_set_baudrate+0x2a>
10001a38:	4b0e      	ldr	r3, [pc, #56]	; (10001a74 <uart_set_baudrate+0x54>)
10001a3a:	429e      	cmp	r6, r3
10001a3c:	d816      	bhi.n	10001a6c <uart_set_baudrate+0x4c>
10001a3e:	237f      	movs	r3, #127	; 0x7f
10001a40:	4018      	ands	r0, r3
10001a42:	3001      	adds	r0, #1
10001a44:	0034      	movs	r4, r6
10001a46:	0846      	lsrs	r6, r0, #1
10001a48:	e000      	b.n	10001a4c <uart_set_baudrate+0x2c>
10001a4a:	2401      	movs	r4, #1
10001a4c:	626c      	str	r4, [r5, #36]	; 0x24
10001a4e:	62ae      	str	r6, [r5, #40]	; 0x28
10001a50:	2200      	movs	r2, #0
10001a52:	2100      	movs	r1, #0
10001a54:	0028      	movs	r0, r5
10001a56:	f7ff ffd1 	bl	100019fc <uart_write_lcr_bits_masked>
10001a5a:	2006      	movs	r0, #6
10001a5c:	f000 f97c 	bl	10001d58 <clock_get_hz>
10001a60:	0080      	lsls	r0, r0, #2
10001a62:	01a1      	lsls	r1, r4, #6
10001a64:	1989      	adds	r1, r1, r6
10001a66:	f001 fc37 	bl	100032d8 <__wrap___aeabi_uidiv>
10001a6a:	bd70      	pop	{r4, r5, r6, pc}
10001a6c:	2600      	movs	r6, #0
10001a6e:	4c02      	ldr	r4, [pc, #8]	; (10001a78 <uart_set_baudrate+0x58>)
10001a70:	e7ec      	b.n	10001a4c <uart_set_baudrate+0x2c>
10001a72:	46c0      	nop			; (mov r8, r8)
10001a74:	0000fffe 	.word	0x0000fffe
10001a78:	0000ffff 	.word	0x0000ffff

10001a7c <uart_set_format>:
10001a7c:	b510      	push	{r4, lr}
10001a7e:	3905      	subs	r1, #5
10001a80:	0149      	lsls	r1, r1, #5
10001a82:	3a01      	subs	r2, #1
10001a84:	00d2      	lsls	r2, r2, #3
10001a86:	4311      	orrs	r1, r2
10001a88:	2b00      	cmp	r3, #0
10001a8a:	d009      	beq.n	10001aa0 <uart_set_format+0x24>
10001a8c:	2202      	movs	r2, #2
10001a8e:	430a      	orrs	r2, r1
10001a90:	2b01      	cmp	r3, #1
10001a92:	d007      	beq.n	10001aa4 <uart_set_format+0x28>
10001a94:	2100      	movs	r1, #0
10001a96:	4311      	orrs	r1, r2
10001a98:	226e      	movs	r2, #110	; 0x6e
10001a9a:	f7ff ffaf 	bl	100019fc <uart_write_lcr_bits_masked>
10001a9e:	bd10      	pop	{r4, pc}
10001aa0:	2200      	movs	r2, #0
10001aa2:	e7f4      	b.n	10001a8e <uart_set_format+0x12>
10001aa4:	2104      	movs	r1, #4
10001aa6:	e7f6      	b.n	10001a96 <uart_set_format+0x1a>

10001aa8 <uart_set_translate_crlf>:
10001aa8:	2900      	cmp	r1, #0
10001aaa:	d009      	beq.n	10001ac0 <uart_set_translate_crlf+0x18>
10001aac:	220a      	movs	r2, #10
10001aae:	4b06      	ldr	r3, [pc, #24]	; (10001ac8 <uart_set_translate_crlf+0x20>)
10001ab0:	469c      	mov	ip, r3
10001ab2:	4460      	add	r0, ip
10001ab4:	4243      	negs	r3, r0
10001ab6:	4158      	adcs	r0, r3
10001ab8:	0040      	lsls	r0, r0, #1
10001aba:	4b04      	ldr	r3, [pc, #16]	; (10001acc <uart_set_translate_crlf+0x24>)
10001abc:	52c2      	strh	r2, [r0, r3]
10001abe:	4770      	bx	lr
10001ac0:	2280      	movs	r2, #128	; 0x80
10001ac2:	0052      	lsls	r2, r2, #1
10001ac4:	e7f3      	b.n	10001aae <uart_set_translate_crlf+0x6>
10001ac6:	46c0      	nop			; (mov r8, r8)
10001ac8:	bffc8000 	.word	0xbffc8000
10001acc:	200006d8 	.word	0x200006d8

10001ad0 <uart_init>:
10001ad0:	b570      	push	{r4, r5, r6, lr}
10001ad2:	0005      	movs	r5, r0
10001ad4:	000c      	movs	r4, r1
10001ad6:	2006      	movs	r0, #6
10001ad8:	f000 f93e 	bl	10001d58 <clock_get_hz>
10001adc:	1e06      	subs	r6, r0, #0
10001ade:	d027      	beq.n	10001b30 <uart_init+0x60>
10001ae0:	4b16      	ldr	r3, [pc, #88]	; (10001b3c <uart_init+0x6c>)
10001ae2:	429d      	cmp	r5, r3
10001ae4:	d026      	beq.n	10001b34 <uart_init+0x64>
10001ae6:	2280      	movs	r2, #128	; 0x80
10001ae8:	03d2      	lsls	r2, r2, #15
10001aea:	4b15      	ldr	r3, [pc, #84]	; (10001b40 <uart_init+0x70>)
10001aec:	601a      	str	r2, [r3, #0]
10001aee:	4b15      	ldr	r3, [pc, #84]	; (10001b44 <uart_init+0x74>)
10001af0:	601a      	str	r2, [r3, #0]
10001af2:	4b15      	ldr	r3, [pc, #84]	; (10001b48 <uart_init+0x78>)
10001af4:	689b      	ldr	r3, [r3, #8]
10001af6:	0011      	movs	r1, r2
10001af8:	4399      	bics	r1, r3
10001afa:	d1fa      	bne.n	10001af2 <uart_init+0x22>
10001afc:	2100      	movs	r1, #0
10001afe:	0028      	movs	r0, r5
10001b00:	f7ff ffd2 	bl	10001aa8 <uart_set_translate_crlf>
10001b04:	0021      	movs	r1, r4
10001b06:	0028      	movs	r0, r5
10001b08:	f7ff ff8a 	bl	10001a20 <uart_set_baudrate>
10001b0c:	0006      	movs	r6, r0
10001b0e:	2300      	movs	r3, #0
10001b10:	2201      	movs	r2, #1
10001b12:	2108      	movs	r1, #8
10001b14:	0028      	movs	r0, r5
10001b16:	f7ff ffb1 	bl	10001a7c <uart_set_format>
10001b1a:	002a      	movs	r2, r5
10001b1c:	322c      	adds	r2, #44	; 0x2c
10001b1e:	2380      	movs	r3, #128	; 0x80
10001b20:	019b      	lsls	r3, r3, #6
10001b22:	4313      	orrs	r3, r2
10001b24:	2210      	movs	r2, #16
10001b26:	601a      	str	r2, [r3, #0]
10001b28:	4b08      	ldr	r3, [pc, #32]	; (10001b4c <uart_init+0x7c>)
10001b2a:	632b      	str	r3, [r5, #48]	; 0x30
10001b2c:	2303      	movs	r3, #3
10001b2e:	64ab      	str	r3, [r5, #72]	; 0x48
10001b30:	0030      	movs	r0, r6
10001b32:	bd70      	pop	{r4, r5, r6, pc}
10001b34:	2280      	movs	r2, #128	; 0x80
10001b36:	0412      	lsls	r2, r2, #16
10001b38:	e7d7      	b.n	10001aea <uart_init+0x1a>
10001b3a:	46c0      	nop			; (mov r8, r8)
10001b3c:	40038000 	.word	0x40038000
10001b40:	4000e000 	.word	0x4000e000
10001b44:	4000f000 	.word	0x4000f000
10001b48:	4000c000 	.word	0x4000c000
10001b4c:	00000301 	.word	0x00000301

10001b50 <clock_configure>:
10001b50:	b5f8      	push	{r3, r4, r5, r6, r7, lr}
10001b52:	46de      	mov	lr, fp
10001b54:	4657      	mov	r7, sl
10001b56:	464e      	mov	r6, r9
10001b58:	4645      	mov	r5, r8
10001b5a:	b5e0      	push	{r5, r6, r7, lr}
10001b5c:	0005      	movs	r5, r0
10001b5e:	000f      	movs	r7, r1
10001b60:	4692      	mov	sl, r2
10001b62:	9a0a      	ldr	r2, [sp, #40]	; 0x28
10001b64:	4293      	cmp	r3, r2
10001b66:	d350      	bcc.n	10001c0a <clock_configure+0xba>
10001b68:	0e1a      	lsrs	r2, r3, #24
10001b6a:	4691      	mov	r9, r2
10001b6c:	021e      	lsls	r6, r3, #8
10001b6e:	9a0a      	ldr	r2, [sp, #40]	; 0x28
10001b70:	2300      	movs	r3, #0
10001b72:	0030      	movs	r0, r6
10001b74:	4649      	mov	r1, r9
10001b76:	f001 fbed 	bl	10003354 <__wrap___aeabi_uldivmod>
10001b7a:	4680      	mov	r8, r0
10001b7c:	006c      	lsls	r4, r5, #1
10001b7e:	1964      	adds	r4, r4, r5
10001b80:	00a4      	lsls	r4, r4, #2
10001b82:	4b30      	ldr	r3, [pc, #192]	; (10001c44 <clock_configure+0xf4>)
10001b84:	469c      	mov	ip, r3
10001b86:	4464      	add	r4, ip
10001b88:	6863      	ldr	r3, [r4, #4]
10001b8a:	4283      	cmp	r3, r0
10001b8c:	d200      	bcs.n	10001b90 <clock_configure+0x40>
10001b8e:	6060      	str	r0, [r4, #4]
10001b90:	1f2b      	subs	r3, r5, #4
10001b92:	b2db      	uxtb	r3, r3
10001b94:	469b      	mov	fp, r3
10001b96:	2b01      	cmp	r3, #1
10001b98:	d93d      	bls.n	10001c16 <clock_configure+0xc6>
10001b9a:	23c0      	movs	r3, #192	; 0xc0
10001b9c:	019b      	lsls	r3, r3, #6
10001b9e:	4323      	orrs	r3, r4
10001ba0:	2280      	movs	r2, #128	; 0x80
10001ba2:	0112      	lsls	r2, r2, #4
10001ba4:	601a      	str	r2, [r3, #0]
10001ba6:	00ab      	lsls	r3, r5, #2
10001ba8:	4a27      	ldr	r2, [pc, #156]	; (10001c48 <clock_configure+0xf8>)
10001baa:	5899      	ldr	r1, [r3, r2]
10001bac:	2900      	cmp	r1, #0
10001bae:	d007      	beq.n	10001bc0 <clock_configure+0x70>
10001bb0:	6950      	ldr	r0, [r2, #20]
10001bb2:	f001 fb91 	bl	100032d8 <__wrap___aeabi_uidiv>
10001bb6:	1c43      	adds	r3, r0, #1
10001bb8:	0058      	lsls	r0, r3, #1
10001bba:	18c0      	adds	r0, r0, r3
10001bbc:	3803      	subs	r0, #3
10001bbe:	d2fd      	bcs.n	10001bbc <clock_configure+0x6c>
10001bc0:	4653      	mov	r3, sl
10001bc2:	015a      	lsls	r2, r3, #5
10001bc4:	6823      	ldr	r3, [r4, #0]
10001bc6:	405a      	eors	r2, r3
10001bc8:	23e0      	movs	r3, #224	; 0xe0
10001bca:	401a      	ands	r2, r3
10001bcc:	2380      	movs	r3, #128	; 0x80
10001bce:	015b      	lsls	r3, r3, #5
10001bd0:	4323      	orrs	r3, r4
10001bd2:	601a      	str	r2, [r3, #0]
10001bd4:	465a      	mov	r2, fp
10001bd6:	2a01      	cmp	r2, #1
10001bd8:	d928      	bls.n	10001c2c <clock_configure+0xdc>
10001bda:	2380      	movs	r3, #128	; 0x80
10001bdc:	019b      	lsls	r3, r3, #6
10001bde:	4323      	orrs	r3, r4
10001be0:	2280      	movs	r2, #128	; 0x80
10001be2:	0112      	lsls	r2, r2, #4
10001be4:	601a      	str	r2, [r3, #0]
10001be6:	4643      	mov	r3, r8
10001be8:	6063      	str	r3, [r4, #4]
10001bea:	4642      	mov	r2, r8
10001bec:	2300      	movs	r3, #0
10001bee:	0030      	movs	r0, r6
10001bf0:	4649      	mov	r1, r9
10001bf2:	f001 fbaf 	bl	10003354 <__wrap___aeabi_uldivmod>
10001bf6:	00ad      	lsls	r5, r5, #2
10001bf8:	4b13      	ldr	r3, [pc, #76]	; (10001c48 <clock_configure+0xf8>)
10001bfa:	5158      	str	r0, [r3, r5]
10001bfc:	2001      	movs	r0, #1
10001bfe:	bcf0      	pop	{r4, r5, r6, r7}
10001c00:	46bb      	mov	fp, r7
10001c02:	46b2      	mov	sl, r6
10001c04:	46a9      	mov	r9, r5
10001c06:	46a0      	mov	r8, r4
10001c08:	bdf8      	pop	{r3, r4, r5, r6, r7, pc}
10001c0a:	4b10      	ldr	r3, [pc, #64]	; (10001c4c <clock_configure+0xfc>)
10001c0c:	4a10      	ldr	r2, [pc, #64]	; (10001c50 <clock_configure+0x100>)
10001c0e:	2133      	movs	r1, #51	; 0x33
10001c10:	4810      	ldr	r0, [pc, #64]	; (10001c54 <clock_configure+0x104>)
10001c12:	f000 f9b3 	bl	10001f7c <__assert_func>
10001c16:	2f01      	cmp	r7, #1
10001c18:	d1bf      	bne.n	10001b9a <clock_configure+0x4a>
10001c1a:	23c0      	movs	r3, #192	; 0xc0
10001c1c:	019b      	lsls	r3, r3, #6
10001c1e:	4323      	orrs	r3, r4
10001c20:	2203      	movs	r2, #3
10001c22:	601a      	str	r2, [r3, #0]
10001c24:	68a3      	ldr	r3, [r4, #8]
10001c26:	07db      	lsls	r3, r3, #31
10001c28:	d5fc      	bpl.n	10001c24 <clock_configure+0xd4>
10001c2a:	e7c9      	b.n	10001bc0 <clock_configure+0x70>
10001c2c:	6821      	ldr	r1, [r4, #0]
10001c2e:	4079      	eors	r1, r7
10001c30:	2203      	movs	r2, #3
10001c32:	400a      	ands	r2, r1
10001c34:	601a      	str	r2, [r3, #0]
10001c36:	68a2      	ldr	r2, [r4, #8]
10001c38:	2301      	movs	r3, #1
10001c3a:	40bb      	lsls	r3, r7
10001c3c:	4213      	tst	r3, r2
10001c3e:	d0fa      	beq.n	10001c36 <clock_configure+0xe6>
10001c40:	e7cb      	b.n	10001bda <clock_configure+0x8a>
10001c42:	46c0      	nop			; (mov r8, r8)
10001c44:	40008000 	.word	0x40008000
10001c48:	2000043c 	.word	0x2000043c
10001c4c:	1000499c 	.word	0x1000499c
10001c50:	10004a10 	.word	0x10004a10
10001c54:	100049b0 	.word	0x100049b0

10001c58 <clocks_init>:
10001c58:	b530      	push	{r4, r5, lr}
10001c5a:	b083      	sub	sp, #12
10001c5c:	200c      	movs	r0, #12
10001c5e:	f000 f911 	bl	10001e84 <watchdog_start_tick>
10001c62:	f7fe fb91 	bl	10000388 <running_on_fpga>
10001c66:	2800      	cmp	r0, #0
10001c68:	d00d      	beq.n	10001c86 <clocks_init+0x2e>
10001c6a:	2300      	movs	r3, #0
10001c6c:	e004      	b.n	10001c78 <clocks_init+0x20>
10001c6e:	0099      	lsls	r1, r3, #2
10001c70:	4a2d      	ldr	r2, [pc, #180]	; (10001d28 <clocks_init+0xd0>)
10001c72:	482e      	ldr	r0, [pc, #184]	; (10001d2c <clocks_init+0xd4>)
10001c74:	5088      	str	r0, [r1, r2]
10001c76:	3301      	adds	r3, #1
10001c78:	2b09      	cmp	r3, #9
10001c7a:	d9f8      	bls.n	10001c6e <clocks_init+0x16>
10001c7c:	4b2a      	ldr	r3, [pc, #168]	; (10001d28 <clocks_init+0xd0>)
10001c7e:	4a2c      	ldr	r2, [pc, #176]	; (10001d30 <clocks_init+0xd8>)
10001c80:	625a      	str	r2, [r3, #36]	; 0x24
10001c82:	b003      	add	sp, #12
10001c84:	bd30      	pop	{r4, r5, pc}
10001c86:	4b2b      	ldr	r3, [pc, #172]	; (10001d34 <clocks_init+0xdc>)
10001c88:	2200      	movs	r2, #0
10001c8a:	679a      	str	r2, [r3, #120]	; 0x78
10001c8c:	f000 f95c 	bl	10001f48 <xosc_init>
10001c90:	4b29      	ldr	r3, [pc, #164]	; (10001d38 <clocks_init+0xe0>)
10001c92:	2201      	movs	r2, #1
10001c94:	601a      	str	r2, [r3, #0]
10001c96:	4b27      	ldr	r3, [pc, #156]	; (10001d34 <clocks_init+0xdc>)
10001c98:	6c5b      	ldr	r3, [r3, #68]	; 0x44
10001c9a:	2b01      	cmp	r3, #1
10001c9c:	d1fb      	bne.n	10001c96 <clocks_init+0x3e>
10001c9e:	4b27      	ldr	r3, [pc, #156]	; (10001d3c <clocks_init+0xe4>)
10001ca0:	2203      	movs	r2, #3
10001ca2:	601a      	str	r2, [r3, #0]
10001ca4:	4b23      	ldr	r3, [pc, #140]	; (10001d34 <clocks_init+0xdc>)
10001ca6:	6b9b      	ldr	r3, [r3, #56]	; 0x38
10001ca8:	2b01      	cmp	r3, #1
10001caa:	d1fb      	bne.n	10001ca4 <clocks_init+0x4c>
10001cac:	3301      	adds	r3, #1
10001cae:	9300      	str	r3, [sp, #0]
10001cb0:	3304      	adds	r3, #4
10001cb2:	4a23      	ldr	r2, [pc, #140]	; (10001d40 <clocks_init+0xe8>)
10001cb4:	2101      	movs	r1, #1
10001cb6:	4823      	ldr	r0, [pc, #140]	; (10001d44 <clocks_init+0xec>)
10001cb8:	f000 f854 	bl	10001d64 <pll_init>
10001cbc:	2305      	movs	r3, #5
10001cbe:	9300      	str	r3, [sp, #0]
10001cc0:	4a21      	ldr	r2, [pc, #132]	; (10001d48 <clocks_init+0xf0>)
10001cc2:	2101      	movs	r1, #1
10001cc4:	4821      	ldr	r0, [pc, #132]	; (10001d4c <clocks_init+0xf4>)
10001cc6:	f000 f84d 	bl	10001d64 <pll_init>
10001cca:	4b21      	ldr	r3, [pc, #132]	; (10001d50 <clocks_init+0xf8>)
10001ccc:	9300      	str	r3, [sp, #0]
10001cce:	2200      	movs	r2, #0
10001cd0:	2102      	movs	r1, #2
10001cd2:	2004      	movs	r0, #4
10001cd4:	f7ff ff3c 	bl	10001b50 <clock_configure>
10001cd8:	4d1e      	ldr	r5, [pc, #120]	; (10001d54 <clocks_init+0xfc>)
10001cda:	9500      	str	r5, [sp, #0]
10001cdc:	002b      	movs	r3, r5
10001cde:	2200      	movs	r2, #0
10001ce0:	2101      	movs	r1, #1
10001ce2:	2005      	movs	r0, #5
10001ce4:	f7ff ff34 	bl	10001b50 <clock_configure>
10001ce8:	4c10      	ldr	r4, [pc, #64]	; (10001d2c <clocks_init+0xd4>)
10001cea:	9400      	str	r4, [sp, #0]
10001cec:	0023      	movs	r3, r4
10001cee:	2200      	movs	r2, #0
10001cf0:	2100      	movs	r1, #0
10001cf2:	2007      	movs	r0, #7
10001cf4:	f7ff ff2c 	bl	10001b50 <clock_configure>
10001cf8:	9400      	str	r4, [sp, #0]
10001cfa:	0023      	movs	r3, r4
10001cfc:	2200      	movs	r2, #0
10001cfe:	2100      	movs	r1, #0
10001d00:	2008      	movs	r0, #8
10001d02:	f7ff ff25 	bl	10001b50 <clock_configure>
10001d06:	4b0a      	ldr	r3, [pc, #40]	; (10001d30 <clocks_init+0xd8>)
10001d08:	9300      	str	r3, [sp, #0]
10001d0a:	0023      	movs	r3, r4
10001d0c:	2200      	movs	r2, #0
10001d0e:	2100      	movs	r1, #0
10001d10:	2009      	movs	r0, #9
10001d12:	f7ff ff1d 	bl	10001b50 <clock_configure>
10001d16:	9500      	str	r5, [sp, #0]
10001d18:	002b      	movs	r3, r5
10001d1a:	2200      	movs	r2, #0
10001d1c:	2100      	movs	r1, #0
10001d1e:	2006      	movs	r0, #6
10001d20:	f7ff ff16 	bl	10001b50 <clock_configure>
10001d24:	e7ad      	b.n	10001c82 <clocks_init+0x2a>
10001d26:	46c0      	nop			; (mov r8, r8)
10001d28:	2000043c 	.word	0x2000043c
10001d2c:	02dc6c00 	.word	0x02dc6c00
10001d30:	0000b71b 	.word	0x0000b71b
10001d34:	40008000 	.word	0x40008000
10001d38:	4000b03c 	.word	0x4000b03c
10001d3c:	4000b030 	.word	0x4000b030
10001d40:	59682f00 	.word	0x59682f00
10001d44:	40028000 	.word	0x40028000
10001d48:	47868c00 	.word	0x47868c00
10001d4c:	4002c000 	.word	0x4002c000
10001d50:	00b71b00 	.word	0x00b71b00
10001d54:	07735940 	.word	0x07735940

10001d58 <clock_get_hz>:
10001d58:	0080      	lsls	r0, r0, #2
10001d5a:	4b01      	ldr	r3, [pc, #4]	; (10001d60 <clock_get_hz+0x8>)
10001d5c:	58c0      	ldr	r0, [r0, r3]
10001d5e:	4770      	bx	lr
10001d60:	2000043c 	.word	0x2000043c

10001d64 <pll_init>:
10001d64:	b5f0      	push	{r4, r5, r6, r7, lr}
10001d66:	46c6      	mov	lr, r8
10001d68:	b500      	push	{lr}
10001d6a:	0004      	movs	r4, r0
10001d6c:	000e      	movs	r6, r1
10001d6e:	0017      	movs	r7, r2
10001d70:	001d      	movs	r5, r3
10001d72:	4837      	ldr	r0, [pc, #220]	; (10001e50 <pll_init+0xec>)
10001d74:	f001 fab0 	bl	100032d8 <__wrap___aeabi_uidiv>
10001d78:	4680      	mov	r8, r0
10001d7a:	4b36      	ldr	r3, [pc, #216]	; (10001e54 <pll_init+0xf0>)
10001d7c:	18fa      	adds	r2, r7, r3
10001d7e:	4b36      	ldr	r3, [pc, #216]	; (10001e58 <pll_init+0xf4>)
10001d80:	429a      	cmp	r2, r3
10001d82:	d839      	bhi.n	10001df8 <pll_init+0x94>
10001d84:	0001      	movs	r1, r0
10001d86:	0038      	movs	r0, r7
10001d88:	f001 faa6 	bl	100032d8 <__wrap___aeabi_uidiv>
10001d8c:	0002      	movs	r2, r0
10001d8e:	3a10      	subs	r2, #16
10001d90:	2398      	movs	r3, #152	; 0x98
10001d92:	005b      	lsls	r3, r3, #1
10001d94:	429a      	cmp	r2, r3
10001d96:	d835      	bhi.n	10001e04 <pll_init+0xa0>
10001d98:	1e6b      	subs	r3, r5, #1
10001d9a:	2b06      	cmp	r3, #6
10001d9c:	d838      	bhi.n	10001e10 <pll_init+0xac>
10001d9e:	9b06      	ldr	r3, [sp, #24]
10001da0:	3b01      	subs	r3, #1
10001da2:	2b06      	cmp	r3, #6
10001da4:	d834      	bhi.n	10001e10 <pll_init+0xac>
10001da6:	093f      	lsrs	r7, r7, #4
10001da8:	4547      	cmp	r7, r8
10001daa:	d337      	bcc.n	10001e1c <pll_init+0xb8>
10001dac:	042d      	lsls	r5, r5, #16
10001dae:	9b06      	ldr	r3, [sp, #24]
10001db0:	031a      	lsls	r2, r3, #12
10001db2:	4315      	orrs	r5, r2
10001db4:	6823      	ldr	r3, [r4, #0]
10001db6:	2b00      	cmp	r3, #0
10001db8:	db36      	blt.n	10001e28 <pll_init+0xc4>
10001dba:	4b28      	ldr	r3, [pc, #160]	; (10001e5c <pll_init+0xf8>)
10001dbc:	429c      	cmp	r4, r3
10001dbe:	d044      	beq.n	10001e4a <pll_init+0xe6>
10001dc0:	2280      	movs	r2, #128	; 0x80
10001dc2:	0152      	lsls	r2, r2, #5
10001dc4:	4b26      	ldr	r3, [pc, #152]	; (10001e60 <pll_init+0xfc>)
10001dc6:	601a      	str	r2, [r3, #0]
10001dc8:	4b26      	ldr	r3, [pc, #152]	; (10001e64 <pll_init+0x100>)
10001dca:	601a      	str	r2, [r3, #0]
10001dcc:	4b26      	ldr	r3, [pc, #152]	; (10001e68 <pll_init+0x104>)
10001dce:	689b      	ldr	r3, [r3, #8]
10001dd0:	0011      	movs	r1, r2
10001dd2:	4399      	bics	r1, r3
10001dd4:	d1fa      	bne.n	10001dcc <pll_init+0x68>
10001dd6:	6026      	str	r6, [r4, #0]
10001dd8:	60a0      	str	r0, [r4, #8]
10001dda:	1d23      	adds	r3, r4, #4
10001ddc:	22c0      	movs	r2, #192	; 0xc0
10001dde:	0192      	lsls	r2, r2, #6
10001de0:	431a      	orrs	r2, r3
10001de2:	2321      	movs	r3, #33	; 0x21
10001de4:	6013      	str	r3, [r2, #0]
10001de6:	6823      	ldr	r3, [r4, #0]
10001de8:	2b00      	cmp	r3, #0
10001dea:	dafc      	bge.n	10001de6 <pll_init+0x82>
10001dec:	60e5      	str	r5, [r4, #12]
10001dee:	2308      	movs	r3, #8
10001df0:	6013      	str	r3, [r2, #0]
10001df2:	bc80      	pop	{r7}
10001df4:	46b8      	mov	r8, r7
10001df6:	bdf0      	pop	{r4, r5, r6, r7, pc}
10001df8:	4b1c      	ldr	r3, [pc, #112]	; (10001e6c <pll_init+0x108>)
10001dfa:	4a1d      	ldr	r2, [pc, #116]	; (10001e70 <pll_init+0x10c>)
10001dfc:	2111      	movs	r1, #17
10001dfe:	481d      	ldr	r0, [pc, #116]	; (10001e74 <pll_init+0x110>)
10001e00:	f000 f8bc 	bl	10001f7c <__assert_func>
10001e04:	4b1c      	ldr	r3, [pc, #112]	; (10001e78 <pll_init+0x114>)
10001e06:	4a1a      	ldr	r2, [pc, #104]	; (10001e70 <pll_init+0x10c>)
10001e08:	2119      	movs	r1, #25
10001e0a:	481a      	ldr	r0, [pc, #104]	; (10001e74 <pll_init+0x110>)
10001e0c:	f000 f8b6 	bl	10001f7c <__assert_func>
10001e10:	4b1a      	ldr	r3, [pc, #104]	; (10001e7c <pll_init+0x118>)
10001e12:	4a17      	ldr	r2, [pc, #92]	; (10001e70 <pll_init+0x10c>)
10001e14:	211c      	movs	r1, #28
10001e16:	4817      	ldr	r0, [pc, #92]	; (10001e74 <pll_init+0x110>)
10001e18:	f000 f8b0 	bl	10001f7c <__assert_func>
10001e1c:	4b18      	ldr	r3, [pc, #96]	; (10001e80 <pll_init+0x11c>)
10001e1e:	4a14      	ldr	r2, [pc, #80]	; (10001e70 <pll_init+0x10c>)
10001e20:	2123      	movs	r1, #35	; 0x23
10001e22:	4814      	ldr	r0, [pc, #80]	; (10001e74 <pll_init+0x110>)
10001e24:	f000 f8aa 	bl	10001f7c <__assert_func>
10001e28:	6822      	ldr	r2, [r4, #0]
10001e2a:	233f      	movs	r3, #63	; 0x3f
10001e2c:	4013      	ands	r3, r2
10001e2e:	42b3      	cmp	r3, r6
10001e30:	d1c3      	bne.n	10001dba <pll_init+0x56>
10001e32:	68a3      	ldr	r3, [r4, #8]
10001e34:	051b      	lsls	r3, r3, #20
10001e36:	0d1b      	lsrs	r3, r3, #20
10001e38:	4283      	cmp	r3, r0
10001e3a:	d1be      	bne.n	10001dba <pll_init+0x56>
10001e3c:	68e3      	ldr	r3, [r4, #12]
10001e3e:	22ee      	movs	r2, #238	; 0xee
10001e40:	02d2      	lsls	r2, r2, #11
10001e42:	4013      	ands	r3, r2
10001e44:	42ab      	cmp	r3, r5
10001e46:	d1b8      	bne.n	10001dba <pll_init+0x56>
10001e48:	e7d3      	b.n	10001df2 <pll_init+0x8e>
10001e4a:	2280      	movs	r2, #128	; 0x80
10001e4c:	0192      	lsls	r2, r2, #6
10001e4e:	e7b9      	b.n	10001dc4 <pll_init+0x60>
10001e50:	00b71b00 	.word	0x00b71b00
10001e54:	d34be880 	.word	0xd34be880
10001e58:	32a9f880 	.word	0x32a9f880
10001e5c:	4002c000 	.word	0x4002c000
10001e60:	4000e000 	.word	0x4000e000
10001e64:	4000f000 	.word	0x4000f000
10001e68:	4000c000 	.word	0x4000c000
10001e6c:	10004a20 	.word	0x10004a20
10001e70:	10004b60 	.word	0x10004b60
10001e74:	10004a80 	.word	0x10004a80
10001e78:	10004adc 	.word	0x10004adc
10001e7c:	10004af8 	.word	0x10004af8
10001e80:	10004b44 	.word	0x10004b44

10001e84 <watchdog_start_tick>:
10001e84:	2380      	movs	r3, #128	; 0x80
10001e86:	009b      	lsls	r3, r3, #2
10001e88:	4303      	orrs	r3, r0
10001e8a:	4a01      	ldr	r2, [pc, #4]	; (10001e90 <watchdog_start_tick+0xc>)
10001e8c:	62d3      	str	r3, [r2, #44]	; 0x2c
10001e8e:	4770      	bx	lr
10001e90:	40058000 	.word	0x40058000

10001e94 <watchdog_update>:
10001e94:	4b02      	ldr	r3, [pc, #8]	; (10001ea0 <watchdog_update+0xc>)
10001e96:	681a      	ldr	r2, [r3, #0]
10001e98:	4b02      	ldr	r3, [pc, #8]	; (10001ea4 <watchdog_update+0x10>)
10001e9a:	605a      	str	r2, [r3, #4]
10001e9c:	4770      	bx	lr
10001e9e:	46c0      	nop			; (mov r8, r8)
10001ea0:	200004ac 	.word	0x200004ac
10001ea4:	40058000 	.word	0x40058000

10001ea8 <_watchdog_enable>:
10001ea8:	b510      	push	{r4, lr}
10001eaa:	0002      	movs	r2, r0
10001eac:	4b16      	ldr	r3, [pc, #88]	; (10001f08 <_watchdog_enable+0x60>)
10001eae:	2080      	movs	r0, #128	; 0x80
10001eb0:	05c0      	lsls	r0, r0, #23
10001eb2:	6018      	str	r0, [r3, #0]
10001eb4:	4b15      	ldr	r3, [pc, #84]	; (10001f0c <_watchdog_enable+0x64>)
10001eb6:	4816      	ldr	r0, [pc, #88]	; (10001f10 <_watchdog_enable+0x68>)
10001eb8:	6018      	str	r0, [r3, #0]
10001eba:	2900      	cmp	r1, #0
10001ebc:	d00a      	beq.n	10001ed4 <_watchdog_enable+0x2c>
10001ebe:	4b15      	ldr	r3, [pc, #84]	; (10001f14 <_watchdog_enable+0x6c>)
10001ec0:	21e0      	movs	r1, #224	; 0xe0
10001ec2:	04c9      	lsls	r1, r1, #19
10001ec4:	6019      	str	r1, [r3, #0]
10001ec6:	2a00      	cmp	r2, #0
10001ec8:	d109      	bne.n	10001ede <_watchdog_enable+0x36>
10001eca:	4b12      	ldr	r3, [pc, #72]	; (10001f14 <_watchdog_enable+0x6c>)
10001ecc:	2280      	movs	r2, #128	; 0x80
10001ece:	0612      	lsls	r2, r2, #24
10001ed0:	601a      	str	r2, [r3, #0]
10001ed2:	bd10      	pop	{r4, pc}
10001ed4:	4b0c      	ldr	r3, [pc, #48]	; (10001f08 <_watchdog_enable+0x60>)
10001ed6:	21e0      	movs	r1, #224	; 0xe0
10001ed8:	04c9      	lsls	r1, r1, #19
10001eda:	6019      	str	r1, [r3, #0]
10001edc:	e7f3      	b.n	10001ec6 <_watchdog_enable+0x1e>
10001ede:	0153      	lsls	r3, r2, #5
10001ee0:	1a9b      	subs	r3, r3, r2
10001ee2:	0098      	lsls	r0, r3, #2
10001ee4:	1880      	adds	r0, r0, r2
10001ee6:	0100      	lsls	r0, r0, #4
10001ee8:	4b0b      	ldr	r3, [pc, #44]	; (10001f18 <_watchdog_enable+0x70>)
10001eea:	6018      	str	r0, [r3, #0]
10001eec:	2380      	movs	r3, #128	; 0x80
10001eee:	045b      	lsls	r3, r3, #17
10001ef0:	4298      	cmp	r0, r3
10001ef2:	d302      	bcc.n	10001efa <_watchdog_enable+0x52>
10001ef4:	4b08      	ldr	r3, [pc, #32]	; (10001f18 <_watchdog_enable+0x70>)
10001ef6:	4a09      	ldr	r2, [pc, #36]	; (10001f1c <_watchdog_enable+0x74>)
10001ef8:	601a      	str	r2, [r3, #0]
10001efa:	f7ff ffcb 	bl	10001e94 <watchdog_update>
10001efe:	4b05      	ldr	r3, [pc, #20]	; (10001f14 <_watchdog_enable+0x6c>)
10001f00:	2280      	movs	r2, #128	; 0x80
10001f02:	05d2      	lsls	r2, r2, #23
10001f04:	601a      	str	r2, [r3, #0]
10001f06:	e7e4      	b.n	10001ed2 <_watchdog_enable+0x2a>
10001f08:	4005b000 	.word	0x4005b000
10001f0c:	40012008 	.word	0x40012008
10001f10:	0001fffc 	.word	0x0001fffc
10001f14:	4005a000 	.word	0x4005a000
10001f18:	200004ac 	.word	0x200004ac
10001f1c:	00ffffff 	.word	0x00ffffff

10001f20 <watchdog_enable>:
10001f20:	b510      	push	{r4, lr}
10001f22:	4b03      	ldr	r3, [pc, #12]	; (10001f30 <watchdog_enable+0x10>)
10001f24:	4a03      	ldr	r2, [pc, #12]	; (10001f34 <watchdog_enable+0x14>)
10001f26:	61da      	str	r2, [r3, #28]
10001f28:	f7ff ffbe 	bl	10001ea8 <_watchdog_enable>
10001f2c:	bd10      	pop	{r4, pc}
10001f2e:	46c0      	nop			; (mov r8, r8)
10001f30:	40058000 	.word	0x40058000
10001f34:	6ab73121 	.word	0x6ab73121

10001f38 <watchdog_caused_reboot>:
10001f38:	4b02      	ldr	r3, [pc, #8]	; (10001f44 <watchdog_caused_reboot+0xc>)
10001f3a:	6898      	ldr	r0, [r3, #8]
10001f3c:	1e43      	subs	r3, r0, #1
10001f3e:	4198      	sbcs	r0, r3
10001f40:	b2c0      	uxtb	r0, r0
10001f42:	4770      	bx	lr
10001f44:	40058000 	.word	0x40058000

10001f48 <xosc_init>:
10001f48:	4b06      	ldr	r3, [pc, #24]	; (10001f64 <xosc_init+0x1c>)
10001f4a:	22aa      	movs	r2, #170	; 0xaa
10001f4c:	0112      	lsls	r2, r2, #4
10001f4e:	601a      	str	r2, [r3, #0]
10001f50:	222f      	movs	r2, #47	; 0x2f
10001f52:	60da      	str	r2, [r3, #12]
10001f54:	4b04      	ldr	r3, [pc, #16]	; (10001f68 <xosc_init+0x20>)
10001f56:	4a05      	ldr	r2, [pc, #20]	; (10001f6c <xosc_init+0x24>)
10001f58:	601a      	str	r2, [r3, #0]
10001f5a:	4b02      	ldr	r3, [pc, #8]	; (10001f64 <xosc_init+0x1c>)
10001f5c:	685b      	ldr	r3, [r3, #4]
10001f5e:	2b00      	cmp	r3, #0
10001f60:	dafb      	bge.n	10001f5a <xosc_init+0x12>
10001f62:	4770      	bx	lr
10001f64:	40024000 	.word	0x40024000
10001f68:	40026000 	.word	0x40026000
10001f6c:	00fab000 	.word	0x00fab000

10001f70 <_exit>:
10001f70:	be00      	bkpt	0x0000
10001f72:	e7fd      	b.n	10001f70 <_exit>

10001f74 <exit>:
10001f74:	b510      	push	{r4, lr}
10001f76:	f7ff fffb 	bl	10001f70 <_exit>
	...

10001f7c <__assert_func>:
10001f7c:	b510      	push	{r4, lr}
10001f7e:	b082      	sub	sp, #8
10001f80:	000c      	movs	r4, r1
10001f82:	0019      	movs	r1, r3
10001f84:	2a00      	cmp	r2, #0
10001f86:	d00c      	beq.n	10001fa2 <__assert_func+0x26>
10001f88:	4b08      	ldr	r3, [pc, #32]	; (10001fac <__assert_func+0x30>)
10001f8a:	2a00      	cmp	r2, #0
10001f8c:	d00b      	beq.n	10001fa6 <__assert_func+0x2a>
10001f8e:	9201      	str	r2, [sp, #4]
10001f90:	9300      	str	r3, [sp, #0]
10001f92:	0023      	movs	r3, r4
10001f94:	0002      	movs	r2, r0
10001f96:	4806      	ldr	r0, [pc, #24]	; (10001fb0 <__assert_func+0x34>)
10001f98:	f001 fede 	bl	10003d58 <__wrap_printf>
10001f9c:	2001      	movs	r0, #1
10001f9e:	f7ff ffe7 	bl	10001f70 <_exit>
10001fa2:	4b04      	ldr	r3, [pc, #16]	; (10001fb4 <__assert_func+0x38>)
10001fa4:	e7f1      	b.n	10001f8a <__assert_func+0xe>
10001fa6:	4a03      	ldr	r2, [pc, #12]	; (10001fb4 <__assert_func+0x38>)
10001fa8:	e7f1      	b.n	10001f8e <__assert_func+0x12>
10001faa:	46c0      	nop			; (mov r8, r8)
10001fac:	10004b6c 	.word	0x10004b6c
10001fb0:	10004b7c 	.word	0x10004b7c
10001fb4:	10004b78 	.word	0x10004b78

10001fb8 <runtime_init>:
10001fb8:	b570      	push	{r4, r5, r6, lr}
10001fba:	4b2b      	ldr	r3, [pc, #172]	; (10002068 <runtime_init+0xb0>)
10001fbc:	4a2b      	ldr	r2, [pc, #172]	; (1000206c <runtime_init+0xb4>)
10001fbe:	601a      	str	r2, [r3, #0]
10001fc0:	4b2b      	ldr	r3, [pc, #172]	; (10002070 <runtime_init+0xb8>)
10001fc2:	4a2c      	ldr	r2, [pc, #176]	; (10002074 <runtime_init+0xbc>)
10001fc4:	601a      	str	r2, [r3, #0]
10001fc6:	4b2c      	ldr	r3, [pc, #176]	; (10002078 <runtime_init+0xc0>)
10001fc8:	689a      	ldr	r2, [r3, #8]
10001fca:	4b2a      	ldr	r3, [pc, #168]	; (10002074 <runtime_init+0xbc>)
10001fcc:	4393      	bics	r3, r2
10001fce:	d1fa      	bne.n	10001fc6 <runtime_init+0xe>
10001fd0:	4c2a      	ldr	r4, [pc, #168]	; (1000207c <runtime_init+0xc4>)
10001fd2:	e001      	b.n	10001fd8 <runtime_init+0x20>
10001fd4:	cc08      	ldmia	r4!, {r3}
10001fd6:	4798      	blx	r3
10001fd8:	4b29      	ldr	r3, [pc, #164]	; (10002080 <runtime_init+0xc8>)
10001fda:	429c      	cmp	r4, r3
10001fdc:	d3fa      	bcc.n	10001fd4 <runtime_init+0x1c>
10001fde:	f7ff fe3b 	bl	10001c58 <clocks_init>
10001fe2:	4b23      	ldr	r3, [pc, #140]	; (10002070 <runtime_init+0xb8>)
10001fe4:	4a27      	ldr	r2, [pc, #156]	; (10002084 <runtime_init+0xcc>)
10001fe6:	601a      	str	r2, [r3, #0]
10001fe8:	4b23      	ldr	r3, [pc, #140]	; (10002078 <runtime_init+0xc0>)
10001fea:	689b      	ldr	r3, [r3, #8]
10001fec:	43db      	mvns	r3, r3
10001fee:	01db      	lsls	r3, r3, #7
10001ff0:	d1fa      	bne.n	10001fe8 <runtime_init+0x30>
10001ff2:	4b25      	ldr	r3, [pc, #148]	; (10002088 <runtime_init+0xd0>)
10001ff4:	2240      	movs	r2, #64	; 0x40
10001ff6:	679a      	str	r2, [r3, #120]	; 0x78
10001ff8:	675a      	str	r2, [r3, #116]	; 0x74
10001ffa:	671a      	str	r2, [r3, #112]	; 0x70
10001ffc:	66da      	str	r2, [r3, #108]	; 0x6c
10001ffe:	4c23      	ldr	r4, [pc, #140]	; (1000208c <runtime_init+0xd4>)
10002000:	e009      	b.n	10002016 <runtime_init+0x5e>
10002002:	4b23      	ldr	r3, [pc, #140]	; (10002090 <runtime_init+0xd8>)
10002004:	4a23      	ldr	r2, [pc, #140]	; (10002094 <runtime_init+0xdc>)
10002006:	2187      	movs	r1, #135	; 0x87
10002008:	4823      	ldr	r0, [pc, #140]	; (10002098 <runtime_init+0xe0>)
1000200a:	f7ff ffb7 	bl	10001f7c <__assert_func>
1000200e:	0020      	movs	r0, r4
10002010:	f7fe fc24 	bl	1000085c <mutex_init>
10002014:	3408      	adds	r4, #8
10002016:	4b21      	ldr	r3, [pc, #132]	; (1000209c <runtime_init+0xe4>)
10002018:	429c      	cmp	r4, r3
1000201a:	d209      	bcs.n	10002030 <runtime_init+0x78>
1000201c:	6823      	ldr	r3, [r4, #0]
1000201e:	2b00      	cmp	r3, #0
10002020:	d0f5      	beq.n	1000200e <runtime_init+0x56>
10002022:	2b01      	cmp	r3, #1
10002024:	d1ed      	bne.n	10002002 <runtime_init+0x4a>
10002026:	0020      	movs	r0, r4
10002028:	f7fe fc25 	bl	10000876 <recursive_mutex_init>
1000202c:	3408      	adds	r4, #8
1000202e:	e7f2      	b.n	10002016 <runtime_init+0x5e>
10002030:	4c1b      	ldr	r4, [pc, #108]	; (100020a0 <runtime_init+0xe8>)
10002032:	68a1      	ldr	r1, [r4, #8]
10002034:	4d1b      	ldr	r5, [pc, #108]	; (100020a4 <runtime_init+0xec>)
10002036:	22c0      	movs	r2, #192	; 0xc0
10002038:	0028      	movs	r0, r5
1000203a:	f001 fd35 	bl	10003aa8 <__wrap___aeabi_memcpy>
1000203e:	60a5      	str	r5, [r4, #8]
10002040:	f3ef 8305 	mrs	r3, IPSR
10002044:	2b00      	cmp	r3, #0
10002046:	d000      	beq.n	1000204a <runtime_init+0x92>
10002048:	be00      	bkpt	0x0000
1000204a:	f7fe f9d7 	bl	100003fc <spin_locks_reset>
1000204e:	f7fe fbef 	bl	10000830 <irq_init_priorities>
10002052:	f7fe ff5f 	bl	10000f14 <alarm_pool_init_default>
10002056:	4c14      	ldr	r4, [pc, #80]	; (100020a8 <runtime_init+0xf0>)
10002058:	e001      	b.n	1000205e <runtime_init+0xa6>
1000205a:	cc08      	ldmia	r4!, {r3}
1000205c:	4798      	blx	r3
1000205e:	4b13      	ldr	r3, [pc, #76]	; (100020ac <runtime_init+0xf4>)
10002060:	429c      	cmp	r4, r3
10002062:	d3fa      	bcc.n	1000205a <runtime_init+0xa2>
10002064:	bd70      	pop	{r4, r5, r6, pc}
10002066:	46c0      	nop			; (mov r8, r8)
10002068:	4000e000 	.word	0x4000e000
1000206c:	fefbcdbf 	.word	0xfefbcdbf
10002070:	4000f000 	.word	0x4000f000
10002074:	003c7ffe 	.word	0x003c7ffe
10002078:	4000c000 	.word	0x4000c000
1000207c:	200002f0 	.word	0x200002f0
10002080:	20000300 	.word	0x20000300
10002084:	01ffffff 	.word	0x01ffffff
10002088:	4001f000 	.word	0x4001f000
1000208c:	200002e8 	.word	0x200002e8
10002090:	10004bac 	.word	0x10004bac
10002094:	10004c3c 	.word	0x10004c3c
10002098:	10004bcc 	.word	0x10004bcc
1000209c:	200002f0 	.word	0x200002f0
100020a0:	e000ed00 	.word	0xe000ed00
100020a4:	20000000 	.word	0x20000000
100020a8:	20000300 	.word	0x20000300
100020ac:	20000304 	.word	0x20000304

100020b0 <panic>:
100020b0:	b40f      	push	{r0, r1, r2, r3}
100020b2:	b500      	push	{lr}
100020b4:	b083      	sub	sp, #12
100020b6:	4808      	ldr	r0, [pc, #32]	; (100020d8 <panic+0x28>)
100020b8:	f001 fe1e 	bl	10003cf8 <__wrap_puts>
100020bc:	9b04      	ldr	r3, [sp, #16]
100020be:	2b00      	cmp	r3, #0
100020c0:	d007      	beq.n	100020d2 <panic+0x22>
100020c2:	a905      	add	r1, sp, #20
100020c4:	9101      	str	r1, [sp, #4]
100020c6:	0018      	movs	r0, r3
100020c8:	f001 fe26 	bl	10003d18 <__wrap_vprintf>
100020cc:	4803      	ldr	r0, [pc, #12]	; (100020dc <panic+0x2c>)
100020ce:	f001 fe13 	bl	10003cf8 <__wrap_puts>
100020d2:	2001      	movs	r0, #1
100020d4:	f7ff ff4c 	bl	10001f70 <_exit>
100020d8:	10004c2c 	.word	0x10004c2c
100020dc:	10004068 	.word	0x10004068

100020e0 <_out_null>:
100020e0:	4770      	bx	lr

100020e2 <_out_fct>:
100020e2:	b510      	push	{r4, lr}
100020e4:	2800      	cmp	r0, #0
100020e6:	d002      	beq.n	100020ee <_out_fct+0xc>
100020e8:	680b      	ldr	r3, [r1, #0]
100020ea:	6849      	ldr	r1, [r1, #4]
100020ec:	4798      	blx	r3
100020ee:	bd10      	pop	{r4, pc}

100020f0 <_atoi>:
100020f0:	0001      	movs	r1, r0
100020f2:	2000      	movs	r0, #0
100020f4:	e007      	b.n	10002106 <_atoi+0x16>
100020f6:	0083      	lsls	r3, r0, #2
100020f8:	181b      	adds	r3, r3, r0
100020fa:	005b      	lsls	r3, r3, #1
100020fc:	1c50      	adds	r0, r2, #1
100020fe:	6008      	str	r0, [r1, #0]
10002100:	7810      	ldrb	r0, [r2, #0]
10002102:	18c0      	adds	r0, r0, r3
10002104:	3830      	subs	r0, #48	; 0x30
10002106:	680a      	ldr	r2, [r1, #0]
10002108:	7813      	ldrb	r3, [r2, #0]
1000210a:	3b30      	subs	r3, #48	; 0x30
1000210c:	b2db      	uxtb	r3, r3
1000210e:	2b09      	cmp	r3, #9
10002110:	d9f1      	bls.n	100020f6 <_atoi+0x6>
10002112:	4770      	bx	lr

10002114 <_out_rev>:
10002114:	b5f0      	push	{r4, r5, r6, r7, lr}
10002116:	46de      	mov	lr, fp
10002118:	4657      	mov	r7, sl
1000211a:	464e      	mov	r6, r9
1000211c:	4645      	mov	r5, r8
1000211e:	b5e0      	push	{r5, r6, r7, lr}
10002120:	b083      	sub	sp, #12
10002122:	4693      	mov	fp, r2
10002124:	001f      	movs	r7, r3
10002126:	9b0c      	ldr	r3, [sp, #48]	; 0x30
10002128:	469a      	mov	sl, r3
1000212a:	9c0d      	ldr	r4, [sp, #52]	; 0x34
1000212c:	9b0e      	ldr	r3, [sp, #56]	; 0x38
1000212e:	4699      	mov	r9, r3
10002130:	9b0f      	ldr	r3, [sp, #60]	; 0x3c
10002132:	079b      	lsls	r3, r3, #30
10002134:	d003      	beq.n	1000213e <_out_rev+0x2a>
10002136:	46b8      	mov	r8, r7
10002138:	000f      	movs	r7, r1
1000213a:	0006      	movs	r6, r0
1000213c:	e022      	b.n	10002184 <_out_rev+0x70>
1000213e:	9201      	str	r2, [sp, #4]
10002140:	46a3      	mov	fp, r4
10002142:	4688      	mov	r8, r1
10002144:	464e      	mov	r6, r9
10002146:	46b9      	mov	r9, r7
10002148:	0007      	movs	r7, r0
1000214a:	42b4      	cmp	r4, r6
1000214c:	d207      	bcs.n	1000215e <_out_rev+0x4a>
1000214e:	1c55      	adds	r5, r2, #1
10002150:	464b      	mov	r3, r9
10002152:	4641      	mov	r1, r8
10002154:	2020      	movs	r0, #32
10002156:	47b8      	blx	r7
10002158:	3401      	adds	r4, #1
1000215a:	002a      	movs	r2, r5
1000215c:	e7f5      	b.n	1000214a <_out_rev+0x36>
1000215e:	003d      	movs	r5, r7
10002160:	464f      	mov	r7, r9
10002162:	465c      	mov	r4, fp
10002164:	9b01      	ldr	r3, [sp, #4]
10002166:	469b      	mov	fp, r3
10002168:	46b1      	mov	r9, r6
1000216a:	4646      	mov	r6, r8
1000216c:	46b8      	mov	r8, r7
1000216e:	0037      	movs	r7, r6
10002170:	002e      	movs	r6, r5
10002172:	e007      	b.n	10002184 <_out_rev+0x70>
10002174:	3c01      	subs	r4, #1
10002176:	1c55      	adds	r5, r2, #1
10002178:	4653      	mov	r3, sl
1000217a:	5d18      	ldrb	r0, [r3, r4]
1000217c:	4643      	mov	r3, r8
1000217e:	0039      	movs	r1, r7
10002180:	47b0      	blx	r6
10002182:	002a      	movs	r2, r5
10002184:	2c00      	cmp	r4, #0
10002186:	d1f5      	bne.n	10002174 <_out_rev+0x60>
10002188:	0035      	movs	r5, r6
1000218a:	003e      	movs	r6, r7
1000218c:	4647      	mov	r7, r8
1000218e:	9b0f      	ldr	r3, [sp, #60]	; 0x3c
10002190:	079b      	lsls	r3, r3, #30
10002192:	d407      	bmi.n	100021a4 <_out_rev+0x90>
10002194:	0010      	movs	r0, r2
10002196:	b003      	add	sp, #12
10002198:	bcf0      	pop	{r4, r5, r6, r7}
1000219a:	46bb      	mov	fp, r7
1000219c:	46b2      	mov	sl, r6
1000219e:	46a9      	mov	r9, r5
100021a0:	46a0      	mov	r8, r4
100021a2:	bdf0      	pop	{r4, r5, r6, r7, pc}
100021a4:	46b0      	mov	r8, r6
100021a6:	464e      	mov	r6, r9
100021a8:	46b9      	mov	r9, r7
100021aa:	002f      	movs	r7, r5
100021ac:	465d      	mov	r5, fp
100021ae:	1b53      	subs	r3, r2, r5
100021b0:	42b3      	cmp	r3, r6
100021b2:	d2ef      	bcs.n	10002194 <_out_rev+0x80>
100021b4:	1c54      	adds	r4, r2, #1
100021b6:	464b      	mov	r3, r9
100021b8:	4641      	mov	r1, r8
100021ba:	2020      	movs	r0, #32
100021bc:	47b8      	blx	r7
100021be:	0022      	movs	r2, r4
100021c0:	e7f5      	b.n	100021ae <_out_rev+0x9a>

100021c2 <_ntoa_format>:
100021c2:	b5f0      	push	{r4, r5, r6, r7, lr}
100021c4:	46ce      	mov	lr, r9
100021c6:	4647      	mov	r7, r8
100021c8:	b580      	push	{r7, lr}
100021ca:	b085      	sub	sp, #20
100021cc:	4694      	mov	ip, r2
100021ce:	4698      	mov	r8, r3
100021d0:	9d0c      	ldr	r5, [sp, #48]	; 0x30
100021d2:	9c0d      	ldr	r4, [sp, #52]	; 0x34
100021d4:	ab0e      	add	r3, sp, #56	; 0x38
100021d6:	781b      	ldrb	r3, [r3, #0]
100021d8:	4699      	mov	r9, r3
100021da:	9a10      	ldr	r2, [sp, #64]	; 0x40
100021dc:	9b11      	ldr	r3, [sp, #68]	; 0x44
100021de:	9e12      	ldr	r6, [sp, #72]	; 0x48
100021e0:	07b7      	lsls	r7, r6, #30
100021e2:	d41c      	bmi.n	1000221e <_ntoa_format+0x5c>
100021e4:	2b00      	cmp	r3, #0
100021e6:	d00c      	beq.n	10002202 <_ntoa_format+0x40>
100021e8:	07f7      	lsls	r7, r6, #31
100021ea:	d50a      	bpl.n	10002202 <_ntoa_format+0x40>
100021ec:	464f      	mov	r7, r9
100021ee:	2f00      	cmp	r7, #0
100021f0:	d102      	bne.n	100021f8 <_ntoa_format+0x36>
100021f2:	370c      	adds	r7, #12
100021f4:	4237      	tst	r7, r6
100021f6:	d004      	beq.n	10002202 <_ntoa_format+0x40>
100021f8:	3b01      	subs	r3, #1
100021fa:	e002      	b.n	10002202 <_ntoa_format+0x40>
100021fc:	2730      	movs	r7, #48	; 0x30
100021fe:	552f      	strb	r7, [r5, r4]
10002200:	3401      	adds	r4, #1
10002202:	4294      	cmp	r4, r2
10002204:	d201      	bcs.n	1000220a <_ntoa_format+0x48>
10002206:	2c1f      	cmp	r4, #31
10002208:	d9f8      	bls.n	100021fc <_ntoa_format+0x3a>
1000220a:	07f7      	lsls	r7, r6, #31
1000220c:	d507      	bpl.n	1000221e <_ntoa_format+0x5c>
1000220e:	429c      	cmp	r4, r3
10002210:	d205      	bcs.n	1000221e <_ntoa_format+0x5c>
10002212:	2c1f      	cmp	r4, #31
10002214:	d803      	bhi.n	1000221e <_ntoa_format+0x5c>
10002216:	2730      	movs	r7, #48	; 0x30
10002218:	552f      	strb	r7, [r5, r4]
1000221a:	3401      	adds	r4, #1
1000221c:	e7f5      	b.n	1000220a <_ntoa_format+0x48>
1000221e:	06f7      	lsls	r7, r6, #27
10002220:	d515      	bpl.n	1000224e <_ntoa_format+0x8c>
10002222:	0577      	lsls	r7, r6, #21
10002224:	d405      	bmi.n	10002232 <_ntoa_format+0x70>
10002226:	2c00      	cmp	r4, #0
10002228:	d003      	beq.n	10002232 <_ntoa_format+0x70>
1000222a:	4294      	cmp	r4, r2
1000222c:	d024      	beq.n	10002278 <_ntoa_format+0xb6>
1000222e:	429c      	cmp	r4, r3
10002230:	d022      	beq.n	10002278 <_ntoa_format+0xb6>
10002232:	9a0f      	ldr	r2, [sp, #60]	; 0x3c
10002234:	2a10      	cmp	r2, #16
10002236:	d02b      	beq.n	10002290 <_ntoa_format+0xce>
10002238:	9a0f      	ldr	r2, [sp, #60]	; 0x3c
1000223a:	2a10      	cmp	r2, #16
1000223c:	d030      	beq.n	100022a0 <_ntoa_format+0xde>
1000223e:	9a0f      	ldr	r2, [sp, #60]	; 0x3c
10002240:	2a02      	cmp	r2, #2
10002242:	d035      	beq.n	100022b0 <_ntoa_format+0xee>
10002244:	2c1f      	cmp	r4, #31
10002246:	d802      	bhi.n	1000224e <_ntoa_format+0x8c>
10002248:	2230      	movs	r2, #48	; 0x30
1000224a:	552a      	strb	r2, [r5, r4]
1000224c:	3401      	adds	r4, #1
1000224e:	2c1f      	cmp	r4, #31
10002250:	d805      	bhi.n	1000225e <_ntoa_format+0x9c>
10002252:	464a      	mov	r2, r9
10002254:	2a00      	cmp	r2, #0
10002256:	d031      	beq.n	100022bc <_ntoa_format+0xfa>
10002258:	222d      	movs	r2, #45	; 0x2d
1000225a:	552a      	strb	r2, [r5, r4]
1000225c:	3401      	adds	r4, #1
1000225e:	9603      	str	r6, [sp, #12]
10002260:	9302      	str	r3, [sp, #8]
10002262:	9401      	str	r4, [sp, #4]
10002264:	9500      	str	r5, [sp, #0]
10002266:	4643      	mov	r3, r8
10002268:	4662      	mov	r2, ip
1000226a:	f7ff ff53 	bl	10002114 <_out_rev>
1000226e:	b005      	add	sp, #20
10002270:	bcc0      	pop	{r6, r7}
10002272:	46b9      	mov	r9, r7
10002274:	46b0      	mov	r8, r6
10002276:	bdf0      	pop	{r4, r5, r6, r7, pc}
10002278:	1e62      	subs	r2, r4, #1
1000227a:	2c01      	cmp	r4, #1
1000227c:	d006      	beq.n	1000228c <_ntoa_format+0xca>
1000227e:	9f0f      	ldr	r7, [sp, #60]	; 0x3c
10002280:	2f10      	cmp	r7, #16
10002282:	d001      	beq.n	10002288 <_ntoa_format+0xc6>
10002284:	0014      	movs	r4, r2
10002286:	e7d4      	b.n	10002232 <_ntoa_format+0x70>
10002288:	3c02      	subs	r4, #2
1000228a:	e7d2      	b.n	10002232 <_ntoa_format+0x70>
1000228c:	0014      	movs	r4, r2
1000228e:	e7d0      	b.n	10002232 <_ntoa_format+0x70>
10002290:	06b2      	lsls	r2, r6, #26
10002292:	d4d1      	bmi.n	10002238 <_ntoa_format+0x76>
10002294:	2c1f      	cmp	r4, #31
10002296:	d8cf      	bhi.n	10002238 <_ntoa_format+0x76>
10002298:	2278      	movs	r2, #120	; 0x78
1000229a:	552a      	strb	r2, [r5, r4]
1000229c:	3401      	adds	r4, #1
1000229e:	e7d1      	b.n	10002244 <_ntoa_format+0x82>
100022a0:	06b2      	lsls	r2, r6, #26
100022a2:	d5cc      	bpl.n	1000223e <_ntoa_format+0x7c>
100022a4:	2c1f      	cmp	r4, #31
100022a6:	d8ca      	bhi.n	1000223e <_ntoa_format+0x7c>
100022a8:	2258      	movs	r2, #88	; 0x58
100022aa:	552a      	strb	r2, [r5, r4]
100022ac:	3401      	adds	r4, #1
100022ae:	e7c9      	b.n	10002244 <_ntoa_format+0x82>
100022b0:	2c1f      	cmp	r4, #31
100022b2:	d8c7      	bhi.n	10002244 <_ntoa_format+0x82>
100022b4:	3260      	adds	r2, #96	; 0x60
100022b6:	552a      	strb	r2, [r5, r4]
100022b8:	3401      	adds	r4, #1
100022ba:	e7c3      	b.n	10002244 <_ntoa_format+0x82>
100022bc:	0772      	lsls	r2, r6, #29
100022be:	d503      	bpl.n	100022c8 <_ntoa_format+0x106>
100022c0:	222b      	movs	r2, #43	; 0x2b
100022c2:	552a      	strb	r2, [r5, r4]
100022c4:	3401      	adds	r4, #1
100022c6:	e7ca      	b.n	1000225e <_ntoa_format+0x9c>
100022c8:	0732      	lsls	r2, r6, #28
100022ca:	d5c8      	bpl.n	1000225e <_ntoa_format+0x9c>
100022cc:	2220      	movs	r2, #32
100022ce:	552a      	strb	r2, [r5, r4]
100022d0:	3401      	adds	r4, #1
100022d2:	e7c4      	b.n	1000225e <_ntoa_format+0x9c>

100022d4 <_ntoa_long>:
100022d4:	b5f0      	push	{r4, r5, r6, r7, lr}
100022d6:	46de      	mov	lr, fp
100022d8:	4657      	mov	r7, sl
100022da:	464e      	mov	r6, r9
100022dc:	4645      	mov	r5, r8
100022de:	b5e0      	push	{r5, r6, r7, lr}
100022e0:	b093      	sub	sp, #76	; 0x4c
100022e2:	4681      	mov	r9, r0
100022e4:	468a      	mov	sl, r1
100022e6:	9208      	str	r2, [sp, #32]
100022e8:	9309      	str	r3, [sp, #36]	; 0x24
100022ea:	ab1c      	add	r3, sp, #112	; 0x70
100022ec:	cb10      	ldmia	r3!, {r4}
100022ee:	781b      	ldrb	r3, [r3, #0]
100022f0:	469b      	mov	fp, r3
100022f2:	9d1e      	ldr	r5, [sp, #120]	; 0x78
100022f4:	9b21      	ldr	r3, [sp, #132]	; 0x84
100022f6:	4698      	mov	r8, r3
100022f8:	2c00      	cmp	r4, #0
100022fa:	d103      	bne.n	10002304 <_ntoa_long+0x30>
100022fc:	2310      	movs	r3, #16
100022fe:	4642      	mov	r2, r8
10002300:	439a      	bics	r2, r3
10002302:	4690      	mov	r8, r2
10002304:	2380      	movs	r3, #128	; 0x80
10002306:	00db      	lsls	r3, r3, #3
10002308:	4646      	mov	r6, r8
1000230a:	401e      	ands	r6, r3
1000230c:	4642      	mov	r2, r8
1000230e:	421a      	tst	r2, r3
10002310:	d012      	beq.n	10002338 <_ntoa_long+0x64>
10002312:	2c00      	cmp	r4, #0
10002314:	d022      	beq.n	1000235c <_ntoa_long+0x88>
10002316:	2600      	movs	r6, #0
10002318:	e00e      	b.n	10002338 <_ntoa_long+0x64>
1000231a:	3330      	adds	r3, #48	; 0x30
1000231c:	b2d9      	uxtb	r1, r3
1000231e:	1c77      	adds	r7, r6, #1
10002320:	ab0a      	add	r3, sp, #40	; 0x28
10002322:	5599      	strb	r1, [r3, r6]
10002324:	0029      	movs	r1, r5
10002326:	0020      	movs	r0, r4
10002328:	f000 ffd6 	bl	100032d8 <__wrap___aeabi_uidiv>
1000232c:	42ac      	cmp	r4, r5
1000232e:	d316      	bcc.n	1000235e <_ntoa_long+0x8a>
10002330:	2f1f      	cmp	r7, #31
10002332:	d814      	bhi.n	1000235e <_ntoa_long+0x8a>
10002334:	003e      	movs	r6, r7
10002336:	0004      	movs	r4, r0
10002338:	0029      	movs	r1, r5
1000233a:	0020      	movs	r0, r4
1000233c:	f000 ffcc 	bl	100032d8 <__wrap___aeabi_uidiv>
10002340:	b2cb      	uxtb	r3, r1
10002342:	2b09      	cmp	r3, #9
10002344:	d9e9      	bls.n	1000231a <_ntoa_long+0x46>
10002346:	4642      	mov	r2, r8
10002348:	0692      	lsls	r2, r2, #26
1000234a:	d505      	bpl.n	10002358 <_ntoa_long+0x84>
1000234c:	2141      	movs	r1, #65	; 0x41
1000234e:	18c9      	adds	r1, r1, r3
10002350:	b2c9      	uxtb	r1, r1
10002352:	390a      	subs	r1, #10
10002354:	b2c9      	uxtb	r1, r1
10002356:	e7e2      	b.n	1000231e <_ntoa_long+0x4a>
10002358:	2161      	movs	r1, #97	; 0x61
1000235a:	e7f8      	b.n	1000234e <_ntoa_long+0x7a>
1000235c:	0027      	movs	r7, r4
1000235e:	4643      	mov	r3, r8
10002360:	9306      	str	r3, [sp, #24]
10002362:	9b20      	ldr	r3, [sp, #128]	; 0x80
10002364:	9305      	str	r3, [sp, #20]
10002366:	9b1f      	ldr	r3, [sp, #124]	; 0x7c
10002368:	9304      	str	r3, [sp, #16]
1000236a:	9503      	str	r5, [sp, #12]
1000236c:	465b      	mov	r3, fp
1000236e:	9302      	str	r3, [sp, #8]
10002370:	9701      	str	r7, [sp, #4]
10002372:	ab0a      	add	r3, sp, #40	; 0x28
10002374:	9300      	str	r3, [sp, #0]
10002376:	9b09      	ldr	r3, [sp, #36]	; 0x24
10002378:	9a08      	ldr	r2, [sp, #32]
1000237a:	4651      	mov	r1, sl
1000237c:	4648      	mov	r0, r9
1000237e:	f7ff ff20 	bl	100021c2 <_ntoa_format>
10002382:	b013      	add	sp, #76	; 0x4c
10002384:	bcf0      	pop	{r4, r5, r6, r7}
10002386:	46bb      	mov	fp, r7
10002388:	46b2      	mov	sl, r6
1000238a:	46a9      	mov	r9, r5
1000238c:	46a0      	mov	r8, r4
1000238e:	bdf0      	pop	{r4, r5, r6, r7, pc}

10002390 <_ntoa_long_long>:
10002390:	b5f0      	push	{r4, r5, r6, r7, lr}
10002392:	46de      	mov	lr, fp
10002394:	4657      	mov	r7, sl
10002396:	464e      	mov	r6, r9
10002398:	4645      	mov	r5, r8
1000239a:	b5e0      	push	{r5, r6, r7, lr}
1000239c:	b095      	sub	sp, #84	; 0x54
1000239e:	9008      	str	r0, [sp, #32]
100023a0:	9109      	str	r1, [sp, #36]	; 0x24
100023a2:	920a      	str	r2, [sp, #40]	; 0x28
100023a4:	930b      	str	r3, [sp, #44]	; 0x2c
100023a6:	9e1e      	ldr	r6, [sp, #120]	; 0x78
100023a8:	9c1f      	ldr	r4, [sp, #124]	; 0x7c
100023aa:	ab20      	add	r3, sp, #128	; 0x80
100023ac:	781b      	ldrb	r3, [r3, #0]
100023ae:	469b      	mov	fp, r3
100023b0:	9b22      	ldr	r3, [sp, #136]	; 0x88
100023b2:	4699      	mov	r9, r3
100023b4:	9d23      	ldr	r5, [sp, #140]	; 0x8c
100023b6:	9b26      	ldr	r3, [sp, #152]	; 0x98
100023b8:	469a      	mov	sl, r3
100023ba:	0033      	movs	r3, r6
100023bc:	4323      	orrs	r3, r4
100023be:	d103      	bne.n	100023c8 <_ntoa_long_long+0x38>
100023c0:	3310      	adds	r3, #16
100023c2:	4652      	mov	r2, sl
100023c4:	439a      	bics	r2, r3
100023c6:	4692      	mov	sl, r2
100023c8:	2380      	movs	r3, #128	; 0x80
100023ca:	00db      	lsls	r3, r3, #3
100023cc:	4657      	mov	r7, sl
100023ce:	401f      	ands	r7, r3
100023d0:	4652      	mov	r2, sl
100023d2:	421a      	tst	r2, r3
100023d4:	d019      	beq.n	1000240a <_ntoa_long_long+0x7a>
100023d6:	0033      	movs	r3, r6
100023d8:	4323      	orrs	r3, r4
100023da:	d02d      	beq.n	10002438 <_ntoa_long_long+0xa8>
100023dc:	2700      	movs	r7, #0
100023de:	e014      	b.n	1000240a <_ntoa_long_long+0x7a>
100023e0:	3330      	adds	r3, #48	; 0x30
100023e2:	b2da      	uxtb	r2, r3
100023e4:	1c7b      	adds	r3, r7, #1
100023e6:	4698      	mov	r8, r3
100023e8:	ab0c      	add	r3, sp, #48	; 0x30
100023ea:	55da      	strb	r2, [r3, r7]
100023ec:	464a      	mov	r2, r9
100023ee:	002b      	movs	r3, r5
100023f0:	0030      	movs	r0, r6
100023f2:	0021      	movs	r1, r4
100023f4:	f000 ffae 	bl	10003354 <__wrap___aeabi_uldivmod>
100023f8:	42a5      	cmp	r5, r4
100023fa:	d81f      	bhi.n	1000243c <_ntoa_long_long+0xac>
100023fc:	d019      	beq.n	10002432 <_ntoa_long_long+0xa2>
100023fe:	4643      	mov	r3, r8
10002400:	2b1f      	cmp	r3, #31
10002402:	d81b      	bhi.n	1000243c <_ntoa_long_long+0xac>
10002404:	4647      	mov	r7, r8
10002406:	0006      	movs	r6, r0
10002408:	000c      	movs	r4, r1
1000240a:	464a      	mov	r2, r9
1000240c:	002b      	movs	r3, r5
1000240e:	0030      	movs	r0, r6
10002410:	0021      	movs	r1, r4
10002412:	f000 ff9f 	bl	10003354 <__wrap___aeabi_uldivmod>
10002416:	b2d3      	uxtb	r3, r2
10002418:	2b09      	cmp	r3, #9
1000241a:	d9e1      	bls.n	100023e0 <_ntoa_long_long+0x50>
1000241c:	4652      	mov	r2, sl
1000241e:	0692      	lsls	r2, r2, #26
10002420:	d505      	bpl.n	1000242e <_ntoa_long_long+0x9e>
10002422:	2241      	movs	r2, #65	; 0x41
10002424:	18d2      	adds	r2, r2, r3
10002426:	b2d2      	uxtb	r2, r2
10002428:	3a0a      	subs	r2, #10
1000242a:	b2d2      	uxtb	r2, r2
1000242c:	e7da      	b.n	100023e4 <_ntoa_long_long+0x54>
1000242e:	2261      	movs	r2, #97	; 0x61
10002430:	e7f8      	b.n	10002424 <_ntoa_long_long+0x94>
10002432:	45b1      	cmp	r9, r6
10002434:	d9e3      	bls.n	100023fe <_ntoa_long_long+0x6e>
10002436:	e001      	b.n	1000243c <_ntoa_long_long+0xac>
10002438:	2300      	movs	r3, #0
1000243a:	4698      	mov	r8, r3
1000243c:	4653      	mov	r3, sl
1000243e:	9306      	str	r3, [sp, #24]
10002440:	9b25      	ldr	r3, [sp, #148]	; 0x94
10002442:	9305      	str	r3, [sp, #20]
10002444:	9b24      	ldr	r3, [sp, #144]	; 0x90
10002446:	9304      	str	r3, [sp, #16]
10002448:	464b      	mov	r3, r9
1000244a:	9303      	str	r3, [sp, #12]
1000244c:	465b      	mov	r3, fp
1000244e:	9302      	str	r3, [sp, #8]
10002450:	4643      	mov	r3, r8
10002452:	9301      	str	r3, [sp, #4]
10002454:	ab0c      	add	r3, sp, #48	; 0x30
10002456:	9300      	str	r3, [sp, #0]
10002458:	9b0b      	ldr	r3, [sp, #44]	; 0x2c
1000245a:	9a0a      	ldr	r2, [sp, #40]	; 0x28
1000245c:	9909      	ldr	r1, [sp, #36]	; 0x24
1000245e:	9808      	ldr	r0, [sp, #32]
10002460:	f7ff feaf 	bl	100021c2 <_ntoa_format>
10002464:	b015      	add	sp, #84	; 0x54
10002466:	bcf0      	pop	{r4, r5, r6, r7}
10002468:	46bb      	mov	fp, r7
1000246a:	46b2      	mov	sl, r6
1000246c:	46a9      	mov	r9, r5
1000246e:	46a0      	mov	r8, r4
10002470:	bdf0      	pop	{r4, r5, r6, r7, pc}
	...

10002474 <_etoa>:
10002474:	b5f0      	push	{r4, r5, r6, r7, lr}
10002476:	46de      	mov	lr, fp
10002478:	4657      	mov	r7, sl
1000247a:	464e      	mov	r6, r9
1000247c:	4645      	mov	r5, r8
1000247e:	b5e0      	push	{r5, r6, r7, lr}
10002480:	b091      	sub	sp, #68	; 0x44
10002482:	4683      	mov	fp, r0
10002484:	468a      	mov	sl, r1
10002486:	920c      	str	r2, [sp, #48]	; 0x30
10002488:	4698      	mov	r8, r3
1000248a:	9c1a      	ldr	r4, [sp, #104]	; 0x68
1000248c:	9408      	str	r4, [sp, #32]
1000248e:	9d1b      	ldr	r5, [sp, #108]	; 0x6c
10002490:	9509      	str	r5, [sp, #36]	; 0x24
10002492:	0022      	movs	r2, r4
10002494:	002b      	movs	r3, r5
10002496:	0020      	movs	r0, r4
10002498:	0029      	movs	r1, r5
1000249a:	f001 f9d6 	bl	1000384a <__wrap___aeabi_dcmpun>
1000249e:	2800      	cmp	r0, #0
100024a0:	d000      	beq.n	100024a4 <_etoa+0x30>
100024a2:	e0e5      	b.n	10002670 <_etoa+0x1fc>
100024a4:	2201      	movs	r2, #1
100024a6:	4252      	negs	r2, r2
100024a8:	4bd7      	ldr	r3, [pc, #860]	; (10002808 <_etoa+0x394>)
100024aa:	0020      	movs	r0, r4
100024ac:	0029      	movs	r1, r5
100024ae:	f001 f9c7 	bl	10003840 <__wrap___aeabi_dcmpgt>
100024b2:	2800      	cmp	r0, #0
100024b4:	d000      	beq.n	100024b8 <_etoa+0x44>
100024b6:	e0db      	b.n	10002670 <_etoa+0x1fc>
100024b8:	2201      	movs	r2, #1
100024ba:	4252      	negs	r2, r2
100024bc:	4bd3      	ldr	r3, [pc, #844]	; (1000280c <_etoa+0x398>)
100024be:	0020      	movs	r0, r4
100024c0:	0029      	movs	r1, r5
100024c2:	f001 f9a7 	bl	10003814 <__wrap___aeabi_dcmplt>
100024c6:	2800      	cmp	r0, #0
100024c8:	d000      	beq.n	100024cc <_etoa+0x58>
100024ca:	e0d1      	b.n	10002670 <_etoa+0x1fc>
100024cc:	2200      	movs	r2, #0
100024ce:	2300      	movs	r3, #0
100024d0:	9e08      	ldr	r6, [sp, #32]
100024d2:	0030      	movs	r0, r6
100024d4:	9d09      	ldr	r5, [sp, #36]	; 0x24
100024d6:	0029      	movs	r1, r5
100024d8:	f001 f99c 	bl	10003814 <__wrap___aeabi_dcmplt>
100024dc:	2800      	cmp	r0, #0
100024de:	d000      	beq.n	100024e2 <_etoa+0x6e>
100024e0:	e0dd      	b.n	1000269e <_etoa+0x22a>
100024e2:	9808      	ldr	r0, [sp, #32]
100024e4:	9909      	ldr	r1, [sp, #36]	; 0x24
100024e6:	9006      	str	r0, [sp, #24]
100024e8:	9107      	str	r1, [sp, #28]
100024ea:	2380      	movs	r3, #128	; 0x80
100024ec:	00db      	lsls	r3, r3, #3
100024ee:	9a1e      	ldr	r2, [sp, #120]	; 0x78
100024f0:	401a      	ands	r2, r3
100024f2:	920d      	str	r2, [sp, #52]	; 0x34
100024f4:	9a1e      	ldr	r2, [sp, #120]	; 0x78
100024f6:	421a      	tst	r2, r3
100024f8:	d101      	bne.n	100024fe <_etoa+0x8a>
100024fa:	2306      	movs	r3, #6
100024fc:	931c      	str	r3, [sp, #112]	; 0x70
100024fe:	9806      	ldr	r0, [sp, #24]
10002500:	9907      	ldr	r1, [sp, #28]
10002502:	0004      	movs	r4, r0
10002504:	000d      	movs	r5, r1
10002506:	000a      	movs	r2, r1
10002508:	0006      	movs	r6, r0
1000250a:	4302      	orrs	r2, r0
1000250c:	d100      	bne.n	10002510 <_etoa+0x9c>
1000250e:	e0d1      	b.n	100026b4 <_etoa+0x240>
10002510:	0d08      	lsrs	r0, r1, #20
10002512:	0540      	lsls	r0, r0, #21
10002514:	0d40      	lsrs	r0, r0, #21
10002516:	4cbe      	ldr	r4, [pc, #760]	; (10002810 <_etoa+0x39c>)
10002518:	46a4      	mov	ip, r4
1000251a:	4460      	add	r0, ip
1000251c:	030a      	lsls	r2, r1, #12
1000251e:	0b12      	lsrs	r2, r2, #12
10002520:	4bbc      	ldr	r3, [pc, #752]	; (10002814 <_etoa+0x3a0>)
10002522:	4313      	orrs	r3, r2
10002524:	001f      	movs	r7, r3
10002526:	f001 f9a3 	bl	10003870 <__wrap___aeabi_i2d>
1000252a:	4abb      	ldr	r2, [pc, #748]	; (10002818 <_etoa+0x3a4>)
1000252c:	4bbb      	ldr	r3, [pc, #748]	; (1000281c <_etoa+0x3a8>)
1000252e:	f001 f932 	bl	10003796 <__wrap___aeabi_dmul>
10002532:	4abb      	ldr	r2, [pc, #748]	; (10002820 <_etoa+0x3ac>)
10002534:	4bbb      	ldr	r3, [pc, #748]	; (10002824 <_etoa+0x3b0>)
10002536:	f001 f90f 	bl	10003758 <__wrap___aeabi_dadd>
1000253a:	0004      	movs	r4, r0
1000253c:	000d      	movs	r5, r1
1000253e:	2200      	movs	r2, #0
10002540:	4bb9      	ldr	r3, [pc, #740]	; (10002828 <_etoa+0x3b4>)
10002542:	0030      	movs	r0, r6
10002544:	0039      	movs	r1, r7
10002546:	f001 f902 	bl	1000374e <__wrap___aeabi_dsub>
1000254a:	4ab8      	ldr	r2, [pc, #736]	; (1000282c <_etoa+0x3b8>)
1000254c:	4bb8      	ldr	r3, [pc, #736]	; (10002830 <_etoa+0x3bc>)
1000254e:	f001 f922 	bl	10003796 <__wrap___aeabi_dmul>
10002552:	0002      	movs	r2, r0
10002554:	000b      	movs	r3, r1
10002556:	0020      	movs	r0, r4
10002558:	0029      	movs	r1, r5
1000255a:	f001 f8fd 	bl	10003758 <__wrap___aeabi_dadd>
1000255e:	f001 f99f 	bl	100038a0 <__wrap___aeabi_d2iz>
10002562:	4681      	mov	r9, r0
10002564:	f001 f984 	bl	10003870 <__wrap___aeabi_i2d>
10002568:	0004      	movs	r4, r0
1000256a:	000d      	movs	r5, r1
1000256c:	4ab1      	ldr	r2, [pc, #708]	; (10002834 <_etoa+0x3c0>)
1000256e:	4bb2      	ldr	r3, [pc, #712]	; (10002838 <_etoa+0x3c4>)
10002570:	f001 f911 	bl	10003796 <__wrap___aeabi_dmul>
10002574:	2200      	movs	r2, #0
10002576:	4bb1      	ldr	r3, [pc, #708]	; (1000283c <_etoa+0x3c8>)
10002578:	f001 f8ee 	bl	10003758 <__wrap___aeabi_dadd>
1000257c:	f001 f990 	bl	100038a0 <__wrap___aeabi_d2iz>
10002580:	0006      	movs	r6, r0
10002582:	4aaf      	ldr	r2, [pc, #700]	; (10002840 <_etoa+0x3cc>)
10002584:	4baf      	ldr	r3, [pc, #700]	; (10002844 <_etoa+0x3d0>)
10002586:	0020      	movs	r0, r4
10002588:	0029      	movs	r1, r5
1000258a:	f001 f904 	bl	10003796 <__wrap___aeabi_dmul>
1000258e:	0004      	movs	r4, r0
10002590:	000d      	movs	r5, r1
10002592:	0030      	movs	r0, r6
10002594:	f001 f96c 	bl	10003870 <__wrap___aeabi_i2d>
10002598:	4aab      	ldr	r2, [pc, #684]	; (10002848 <_etoa+0x3d4>)
1000259a:	4bac      	ldr	r3, [pc, #688]	; (1000284c <_etoa+0x3d8>)
1000259c:	f001 f8fb 	bl	10003796 <__wrap___aeabi_dmul>
100025a0:	0002      	movs	r2, r0
100025a2:	000b      	movs	r3, r1
100025a4:	0020      	movs	r0, r4
100025a6:	0029      	movs	r1, r5
100025a8:	f001 f8d1 	bl	1000374e <__wrap___aeabi_dsub>
100025ac:	0004      	movs	r4, r0
100025ae:	000d      	movs	r5, r1
100025b0:	0002      	movs	r2, r0
100025b2:	000b      	movs	r3, r1
100025b4:	f001 f8ef 	bl	10003796 <__wrap___aeabi_dmul>
100025b8:	900a      	str	r0, [sp, #40]	; 0x28
100025ba:	910b      	str	r1, [sp, #44]	; 0x2c
100025bc:	4ba4      	ldr	r3, [pc, #656]	; (10002850 <_etoa+0x3dc>)
100025be:	18f3      	adds	r3, r6, r3
100025c0:	2600      	movs	r6, #0
100025c2:	051f      	lsls	r7, r3, #20
100025c4:	0022      	movs	r2, r4
100025c6:	002b      	movs	r3, r5
100025c8:	0020      	movs	r0, r4
100025ca:	0029      	movs	r1, r5
100025cc:	f001 f8c4 	bl	10003758 <__wrap___aeabi_dadd>
100025d0:	900e      	str	r0, [sp, #56]	; 0x38
100025d2:	910f      	str	r1, [sp, #60]	; 0x3c
100025d4:	0022      	movs	r2, r4
100025d6:	002b      	movs	r3, r5
100025d8:	2000      	movs	r0, #0
100025da:	2180      	movs	r1, #128	; 0x80
100025dc:	05c9      	lsls	r1, r1, #23
100025de:	f001 f8b6 	bl	1000374e <__wrap___aeabi_dsub>
100025e2:	0004      	movs	r4, r0
100025e4:	000d      	movs	r5, r1
100025e6:	2200      	movs	r2, #0
100025e8:	4b9a      	ldr	r3, [pc, #616]	; (10002854 <_etoa+0x3e0>)
100025ea:	980a      	ldr	r0, [sp, #40]	; 0x28
100025ec:	990b      	ldr	r1, [sp, #44]	; 0x2c
100025ee:	f001 f8b8 	bl	10003762 <__wrap___aeabi_ddiv>
100025f2:	2200      	movs	r2, #0
100025f4:	4b98      	ldr	r3, [pc, #608]	; (10002858 <_etoa+0x3e4>)
100025f6:	f001 f8af 	bl	10003758 <__wrap___aeabi_dadd>
100025fa:	0002      	movs	r2, r0
100025fc:	000b      	movs	r3, r1
100025fe:	980a      	ldr	r0, [sp, #40]	; 0x28
10002600:	990b      	ldr	r1, [sp, #44]	; 0x2c
10002602:	f001 f8ae 	bl	10003762 <__wrap___aeabi_ddiv>
10002606:	2200      	movs	r2, #0
10002608:	4b94      	ldr	r3, [pc, #592]	; (1000285c <_etoa+0x3e8>)
1000260a:	f001 f8a5 	bl	10003758 <__wrap___aeabi_dadd>
1000260e:	0002      	movs	r2, r0
10002610:	000b      	movs	r3, r1
10002612:	980a      	ldr	r0, [sp, #40]	; 0x28
10002614:	990b      	ldr	r1, [sp, #44]	; 0x2c
10002616:	f001 f8a4 	bl	10003762 <__wrap___aeabi_ddiv>
1000261a:	0002      	movs	r2, r0
1000261c:	000b      	movs	r3, r1
1000261e:	0020      	movs	r0, r4
10002620:	0029      	movs	r1, r5
10002622:	f001 f899 	bl	10003758 <__wrap___aeabi_dadd>
10002626:	0002      	movs	r2, r0
10002628:	000b      	movs	r3, r1
1000262a:	980e      	ldr	r0, [sp, #56]	; 0x38
1000262c:	990f      	ldr	r1, [sp, #60]	; 0x3c
1000262e:	f001 f898 	bl	10003762 <__wrap___aeabi_ddiv>
10002632:	2200      	movs	r2, #0
10002634:	4b77      	ldr	r3, [pc, #476]	; (10002814 <_etoa+0x3a0>)
10002636:	f001 f88f 	bl	10003758 <__wrap___aeabi_dadd>
1000263a:	0032      	movs	r2, r6
1000263c:	003b      	movs	r3, r7
1000263e:	f001 f8aa 	bl	10003796 <__wrap___aeabi_dmul>
10002642:	0006      	movs	r6, r0
10002644:	000f      	movs	r7, r1
10002646:	0004      	movs	r4, r0
10002648:	000d      	movs	r5, r1
1000264a:	9a06      	ldr	r2, [sp, #24]
1000264c:	9b07      	ldr	r3, [sp, #28]
1000264e:	f001 f8f7 	bl	10003840 <__wrap___aeabi_dcmpgt>
10002652:	2800      	cmp	r0, #0
10002654:	d030      	beq.n	100026b8 <_etoa+0x244>
10002656:	2301      	movs	r3, #1
10002658:	425b      	negs	r3, r3
1000265a:	469c      	mov	ip, r3
1000265c:	44e1      	add	r9, ip
1000265e:	2200      	movs	r2, #0
10002660:	4b7d      	ldr	r3, [pc, #500]	; (10002858 <_etoa+0x3e4>)
10002662:	0030      	movs	r0, r6
10002664:	0039      	movs	r1, r7
10002666:	f001 f87c 	bl	10003762 <__wrap___aeabi_ddiv>
1000266a:	0004      	movs	r4, r0
1000266c:	000d      	movs	r5, r1
1000266e:	e023      	b.n	100026b8 <_etoa+0x244>
10002670:	9b1e      	ldr	r3, [sp, #120]	; 0x78
10002672:	9304      	str	r3, [sp, #16]
10002674:	9b1d      	ldr	r3, [sp, #116]	; 0x74
10002676:	9303      	str	r3, [sp, #12]
10002678:	9b1c      	ldr	r3, [sp, #112]	; 0x70
1000267a:	9302      	str	r3, [sp, #8]
1000267c:	9a08      	ldr	r2, [sp, #32]
1000267e:	9b09      	ldr	r3, [sp, #36]	; 0x24
10002680:	9200      	str	r2, [sp, #0]
10002682:	9301      	str	r3, [sp, #4]
10002684:	4643      	mov	r3, r8
10002686:	9a0c      	ldr	r2, [sp, #48]	; 0x30
10002688:	4651      	mov	r1, sl
1000268a:	4658      	mov	r0, fp
1000268c:	f000 f8fc 	bl	10002888 <_ftoa>
10002690:	b011      	add	sp, #68	; 0x44
10002692:	bcf0      	pop	{r4, r5, r6, r7}
10002694:	46bb      	mov	fp, r7
10002696:	46b2      	mov	sl, r6
10002698:	46a9      	mov	r9, r5
1000269a:	46a0      	mov	r8, r4
1000269c:	bdf0      	pop	{r4, r5, r6, r7, pc}
1000269e:	2300      	movs	r3, #0
100026a0:	2400      	movs	r4, #0
100026a2:	9306      	str	r3, [sp, #24]
100026a4:	9407      	str	r4, [sp, #28]
100026a6:	9606      	str	r6, [sp, #24]
100026a8:	2380      	movs	r3, #128	; 0x80
100026aa:	061b      	lsls	r3, r3, #24
100026ac:	469c      	mov	ip, r3
100026ae:	4465      	add	r5, ip
100026b0:	9507      	str	r5, [sp, #28]
100026b2:	e71a      	b.n	100024ea <_etoa+0x76>
100026b4:	2300      	movs	r3, #0
100026b6:	4699      	mov	r9, r3
100026b8:	464b      	mov	r3, r9
100026ba:	3363      	adds	r3, #99	; 0x63
100026bc:	2bc6      	cmp	r3, #198	; 0xc6
100026be:	d81e      	bhi.n	100026fe <_etoa+0x28a>
100026c0:	2604      	movs	r6, #4
100026c2:	9b1e      	ldr	r3, [sp, #120]	; 0x78
100026c4:	051b      	lsls	r3, r3, #20
100026c6:	d526      	bpl.n	10002716 <_etoa+0x2a2>
100026c8:	002b      	movs	r3, r5
100026ca:	4323      	orrs	r3, r4
100026cc:	d00f      	beq.n	100026ee <_etoa+0x27a>
100026ce:	4a64      	ldr	r2, [pc, #400]	; (10002860 <_etoa+0x3ec>)
100026d0:	4b64      	ldr	r3, [pc, #400]	; (10002864 <_etoa+0x3f0>)
100026d2:	9806      	ldr	r0, [sp, #24]
100026d4:	9907      	ldr	r1, [sp, #28]
100026d6:	f001 f8ab 	bl	10003830 <__wrap___aeabi_dcmpge>
100026da:	2800      	cmp	r0, #0
100026dc:	d079      	beq.n	100027d2 <_etoa+0x35e>
100026de:	2200      	movs	r2, #0
100026e0:	4b61      	ldr	r3, [pc, #388]	; (10002868 <_etoa+0x3f4>)
100026e2:	9806      	ldr	r0, [sp, #24]
100026e4:	9907      	ldr	r1, [sp, #28]
100026e6:	f001 f895 	bl	10003814 <__wrap___aeabi_dcmplt>
100026ea:	2800      	cmp	r0, #0
100026ec:	d071      	beq.n	100027d2 <_etoa+0x35e>
100026ee:	9b1c      	ldr	r3, [sp, #112]	; 0x70
100026f0:	454b      	cmp	r3, r9
100026f2:	dd06      	ble.n	10002702 <_etoa+0x28e>
100026f4:	464a      	mov	r2, r9
100026f6:	1a98      	subs	r0, r3, r2
100026f8:	1e43      	subs	r3, r0, #1
100026fa:	931c      	str	r3, [sp, #112]	; 0x70
100026fc:	e003      	b.n	10002706 <_etoa+0x292>
100026fe:	2605      	movs	r6, #5
10002700:	e7df      	b.n	100026c2 <_etoa+0x24e>
10002702:	2300      	movs	r3, #0
10002704:	931c      	str	r3, [sp, #112]	; 0x70
10002706:	2380      	movs	r3, #128	; 0x80
10002708:	00db      	lsls	r3, r3, #3
1000270a:	9a1e      	ldr	r2, [sp, #120]	; 0x78
1000270c:	431a      	orrs	r2, r3
1000270e:	921e      	str	r2, [sp, #120]	; 0x78
10002710:	2600      	movs	r6, #0
10002712:	2300      	movs	r3, #0
10002714:	4699      	mov	r9, r3
10002716:	9b1d      	ldr	r3, [sp, #116]	; 0x74
10002718:	429e      	cmp	r6, r3
1000271a:	d264      	bcs.n	100027e6 <_etoa+0x372>
1000271c:	1b9f      	subs	r7, r3, r6
1000271e:	2302      	movs	r3, #2
10002720:	9a1e      	ldr	r2, [sp, #120]	; 0x78
10002722:	401a      	ands	r2, r3
10002724:	920a      	str	r2, [sp, #40]	; 0x28
10002726:	9a1e      	ldr	r2, [sp, #120]	; 0x78
10002728:	4213      	tst	r3, r2
1000272a:	d002      	beq.n	10002732 <_etoa+0x2be>
1000272c:	2e00      	cmp	r6, #0
1000272e:	d000      	beq.n	10002732 <_etoa+0x2be>
10002730:	2700      	movs	r7, #0
10002732:	464b      	mov	r3, r9
10002734:	2b00      	cmp	r3, #0
10002736:	d007      	beq.n	10002748 <_etoa+0x2d4>
10002738:	0022      	movs	r2, r4
1000273a:	002b      	movs	r3, r5
1000273c:	9806      	ldr	r0, [sp, #24]
1000273e:	9907      	ldr	r1, [sp, #28]
10002740:	f001 f80f 	bl	10003762 <__wrap___aeabi_ddiv>
10002744:	9006      	str	r0, [sp, #24]
10002746:	9107      	str	r1, [sp, #28]
10002748:	2200      	movs	r2, #0
1000274a:	2300      	movs	r3, #0
1000274c:	9808      	ldr	r0, [sp, #32]
1000274e:	9909      	ldr	r1, [sp, #36]	; 0x24
10002750:	f001 f860 	bl	10003814 <__wrap___aeabi_dcmplt>
10002754:	2800      	cmp	r0, #0
10002756:	d148      	bne.n	100027ea <_etoa+0x376>
10002758:	4b44      	ldr	r3, [pc, #272]	; (1000286c <_etoa+0x3f8>)
1000275a:	9a1e      	ldr	r2, [sp, #120]	; 0x78
1000275c:	4013      	ands	r3, r2
1000275e:	9304      	str	r3, [sp, #16]
10002760:	9703      	str	r7, [sp, #12]
10002762:	9b1c      	ldr	r3, [sp, #112]	; 0x70
10002764:	9302      	str	r3, [sp, #8]
10002766:	9b06      	ldr	r3, [sp, #24]
10002768:	9c07      	ldr	r4, [sp, #28]
1000276a:	9300      	str	r3, [sp, #0]
1000276c:	9401      	str	r4, [sp, #4]
1000276e:	4643      	mov	r3, r8
10002770:	9a0c      	ldr	r2, [sp, #48]	; 0x30
10002772:	4651      	mov	r1, sl
10002774:	4658      	mov	r0, fp
10002776:	f000 f887 	bl	10002888 <_ftoa>
1000277a:	2e00      	cmp	r6, #0
1000277c:	d100      	bne.n	10002780 <_etoa+0x30c>
1000277e:	e787      	b.n	10002690 <_etoa+0x21c>
10002780:	9b1e      	ldr	r3, [sp, #120]	; 0x78
10002782:	069b      	lsls	r3, r3, #26
10002784:	d53d      	bpl.n	10002802 <_etoa+0x38e>
10002786:	2545      	movs	r5, #69	; 0x45
10002788:	1c44      	adds	r4, r0, #1
1000278a:	4643      	mov	r3, r8
1000278c:	0002      	movs	r2, r0
1000278e:	4651      	mov	r1, sl
10002790:	0028      	movs	r0, r5
10002792:	47d8      	blx	fp
10002794:	464b      	mov	r3, r9
10002796:	17da      	asrs	r2, r3, #31
10002798:	189b      	adds	r3, r3, r2
1000279a:	4053      	eors	r3, r2
1000279c:	2205      	movs	r2, #5
1000279e:	9205      	str	r2, [sp, #20]
100027a0:	3e01      	subs	r6, #1
100027a2:	9604      	str	r6, [sp, #16]
100027a4:	2200      	movs	r2, #0
100027a6:	9203      	str	r2, [sp, #12]
100027a8:	320a      	adds	r2, #10
100027aa:	9202      	str	r2, [sp, #8]
100027ac:	464a      	mov	r2, r9
100027ae:	0fd0      	lsrs	r0, r2, #31
100027b0:	9001      	str	r0, [sp, #4]
100027b2:	9300      	str	r3, [sp, #0]
100027b4:	4643      	mov	r3, r8
100027b6:	0022      	movs	r2, r4
100027b8:	4651      	mov	r1, sl
100027ba:	4658      	mov	r0, fp
100027bc:	f7ff fd8a 	bl	100022d4 <_ntoa_long>
100027c0:	9b0a      	ldr	r3, [sp, #40]	; 0x28
100027c2:	2b00      	cmp	r3, #0
100027c4:	d100      	bne.n	100027c8 <_etoa+0x354>
100027c6:	e763      	b.n	10002690 <_etoa+0x21c>
100027c8:	0002      	movs	r2, r0
100027ca:	465f      	mov	r7, fp
100027cc:	9e0c      	ldr	r6, [sp, #48]	; 0x30
100027ce:	9d1d      	ldr	r5, [sp, #116]	; 0x74
100027d0:	e054      	b.n	1000287c <_etoa+0x408>
100027d2:	9b1c      	ldr	r3, [sp, #112]	; 0x70
100027d4:	2b00      	cmp	r3, #0
100027d6:	d09e      	beq.n	10002716 <_etoa+0x2a2>
100027d8:	9b0d      	ldr	r3, [sp, #52]	; 0x34
100027da:	2b00      	cmp	r3, #0
100027dc:	d09b      	beq.n	10002716 <_etoa+0x2a2>
100027de:	9b1c      	ldr	r3, [sp, #112]	; 0x70
100027e0:	3b01      	subs	r3, #1
100027e2:	931c      	str	r3, [sp, #112]	; 0x70
100027e4:	e797      	b.n	10002716 <_etoa+0x2a2>
100027e6:	2700      	movs	r7, #0
100027e8:	e799      	b.n	1000271e <_etoa+0x2aa>
100027ea:	9c06      	ldr	r4, [sp, #24]
100027ec:	9d07      	ldr	r5, [sp, #28]
100027ee:	0022      	movs	r2, r4
100027f0:	0029      	movs	r1, r5
100027f2:	2080      	movs	r0, #128	; 0x80
100027f4:	0600      	lsls	r0, r0, #24
100027f6:	4684      	mov	ip, r0
100027f8:	4461      	add	r1, ip
100027fa:	000b      	movs	r3, r1
100027fc:	9206      	str	r2, [sp, #24]
100027fe:	9307      	str	r3, [sp, #28]
10002800:	e7aa      	b.n	10002758 <_etoa+0x2e4>
10002802:	2565      	movs	r5, #101	; 0x65
10002804:	e7c0      	b.n	10002788 <_etoa+0x314>
10002806:	46c0      	nop			; (mov r8, r8)
10002808:	7fefffff 	.word	0x7fefffff
1000280c:	ffefffff 	.word	0xffefffff
10002810:	fffffc01 	.word	0xfffffc01
10002814:	3ff00000 	.word	0x3ff00000
10002818:	509f79fb 	.word	0x509f79fb
1000281c:	3fd34413 	.word	0x3fd34413
10002820:	8b60c8b3 	.word	0x8b60c8b3
10002824:	3fc68a28 	.word	0x3fc68a28
10002828:	3ff80000 	.word	0x3ff80000
1000282c:	636f4361 	.word	0x636f4361
10002830:	3fd287a7 	.word	0x3fd287a7
10002834:	0979a371 	.word	0x0979a371
10002838:	400a934f 	.word	0x400a934f
1000283c:	3fe00000 	.word	0x3fe00000
10002840:	bbb55516 	.word	0xbbb55516
10002844:	40026bb1 	.word	0x40026bb1
10002848:	fefa39ef 	.word	0xfefa39ef
1000284c:	3fe62e42 	.word	0x3fe62e42
10002850:	000003ff 	.word	0x000003ff
10002854:	402c0000 	.word	0x402c0000
10002858:	40240000 	.word	0x40240000
1000285c:	40180000 	.word	0x40180000
10002860:	eb1c432d 	.word	0xeb1c432d
10002864:	3f1a36e2 	.word	0x3f1a36e2
10002868:	412e8480 	.word	0x412e8480
1000286c:	fffff7ff 	.word	0xfffff7ff
10002870:	1c54      	adds	r4, r2, #1
10002872:	4643      	mov	r3, r8
10002874:	4651      	mov	r1, sl
10002876:	2020      	movs	r0, #32
10002878:	47b8      	blx	r7
1000287a:	0022      	movs	r2, r4
1000287c:	1b93      	subs	r3, r2, r6
1000287e:	42ab      	cmp	r3, r5
10002880:	d3f6      	bcc.n	10002870 <_etoa+0x3fc>
10002882:	0010      	movs	r0, r2
10002884:	e704      	b.n	10002690 <_etoa+0x21c>
10002886:	46c0      	nop			; (mov r8, r8)

10002888 <_ftoa>:
10002888:	b5f0      	push	{r4, r5, r6, r7, lr}
1000288a:	46de      	mov	lr, fp
1000288c:	4657      	mov	r7, sl
1000288e:	464e      	mov	r6, r9
10002890:	4645      	mov	r5, r8
10002892:	b5e0      	push	{r5, r6, r7, lr}
10002894:	b095      	sub	sp, #84	; 0x54
10002896:	9006      	str	r0, [sp, #24]
10002898:	9107      	str	r1, [sp, #28]
1000289a:	4693      	mov	fp, r2
1000289c:	4699      	mov	r9, r3
1000289e:	9f20      	ldr	r7, [sp, #128]	; 0x80
100028a0:	9a1e      	ldr	r2, [sp, #120]	; 0x78
100028a2:	9b1f      	ldr	r3, [sp, #124]	; 0x7c
100028a4:	0010      	movs	r0, r2
100028a6:	0019      	movs	r1, r3
100028a8:	f000 ffcf 	bl	1000384a <__wrap___aeabi_dcmpun>
100028ac:	2800      	cmp	r0, #0
100028ae:	d131      	bne.n	10002914 <_ftoa+0x8c>
100028b0:	2201      	movs	r2, #1
100028b2:	4252      	negs	r2, r2
100028b4:	4bbf      	ldr	r3, [pc, #764]	; (10002bb4 <_ftoa+0x32c>)
100028b6:	981e      	ldr	r0, [sp, #120]	; 0x78
100028b8:	991f      	ldr	r1, [sp, #124]	; 0x7c
100028ba:	f000 ffab 	bl	10003814 <__wrap___aeabi_dcmplt>
100028be:	2800      	cmp	r0, #0
100028c0:	d137      	bne.n	10002932 <_ftoa+0xaa>
100028c2:	2201      	movs	r2, #1
100028c4:	4252      	negs	r2, r2
100028c6:	4bbc      	ldr	r3, [pc, #752]	; (10002bb8 <_ftoa+0x330>)
100028c8:	981e      	ldr	r0, [sp, #120]	; 0x78
100028ca:	991f      	ldr	r1, [sp, #124]	; 0x7c
100028cc:	f000 ffb8 	bl	10003840 <__wrap___aeabi_dcmpgt>
100028d0:	2800      	cmp	r0, #0
100028d2:	d13d      	bne.n	10002950 <_ftoa+0xc8>
100028d4:	2200      	movs	r2, #0
100028d6:	4bb9      	ldr	r3, [pc, #740]	; (10002bbc <_ftoa+0x334>)
100028d8:	981e      	ldr	r0, [sp, #120]	; 0x78
100028da:	991f      	ldr	r1, [sp, #124]	; 0x7c
100028dc:	f000 ffb0 	bl	10003840 <__wrap___aeabi_dcmpgt>
100028e0:	2800      	cmp	r0, #0
100028e2:	d150      	bne.n	10002986 <_ftoa+0xfe>
100028e4:	2200      	movs	r2, #0
100028e6:	4bb6      	ldr	r3, [pc, #728]	; (10002bc0 <_ftoa+0x338>)
100028e8:	981e      	ldr	r0, [sp, #120]	; 0x78
100028ea:	991f      	ldr	r1, [sp, #124]	; 0x7c
100028ec:	f000 ff92 	bl	10003814 <__wrap___aeabi_dcmplt>
100028f0:	2800      	cmp	r0, #0
100028f2:	d148      	bne.n	10002986 <_ftoa+0xfe>
100028f4:	2200      	movs	r2, #0
100028f6:	2300      	movs	r3, #0
100028f8:	981e      	ldr	r0, [sp, #120]	; 0x78
100028fa:	991f      	ldr	r1, [sp, #124]	; 0x7c
100028fc:	f000 ff8a 	bl	10003814 <__wrap___aeabi_dcmplt>
10002900:	2800      	cmp	r0, #0
10002902:	d150      	bne.n	100029a6 <_ftoa+0x11e>
10002904:	2300      	movs	r3, #0
10002906:	4698      	mov	r8, r3
10002908:	9b22      	ldr	r3, [sp, #136]	; 0x88
1000290a:	055b      	lsls	r3, r3, #21
1000290c:	d400      	bmi.n	10002910 <_ftoa+0x88>
1000290e:	e0b6      	b.n	10002a7e <_ftoa+0x1f6>
10002910:	2400      	movs	r4, #0
10002912:	e058      	b.n	100029c6 <_ftoa+0x13e>
10002914:	9b22      	ldr	r3, [sp, #136]	; 0x88
10002916:	9303      	str	r3, [sp, #12]
10002918:	9b21      	ldr	r3, [sp, #132]	; 0x84
1000291a:	9302      	str	r3, [sp, #8]
1000291c:	2303      	movs	r3, #3
1000291e:	9301      	str	r3, [sp, #4]
10002920:	4ba8      	ldr	r3, [pc, #672]	; (10002bc4 <_ftoa+0x33c>)
10002922:	9300      	str	r3, [sp, #0]
10002924:	464b      	mov	r3, r9
10002926:	465a      	mov	r2, fp
10002928:	9907      	ldr	r1, [sp, #28]
1000292a:	9806      	ldr	r0, [sp, #24]
1000292c:	f7ff fbf2 	bl	10002114 <_out_rev>
10002930:	e10e      	b.n	10002b50 <_ftoa+0x2c8>
10002932:	9b22      	ldr	r3, [sp, #136]	; 0x88
10002934:	9303      	str	r3, [sp, #12]
10002936:	9b21      	ldr	r3, [sp, #132]	; 0x84
10002938:	9302      	str	r3, [sp, #8]
1000293a:	2304      	movs	r3, #4
1000293c:	9301      	str	r3, [sp, #4]
1000293e:	4ba2      	ldr	r3, [pc, #648]	; (10002bc8 <_ftoa+0x340>)
10002940:	9300      	str	r3, [sp, #0]
10002942:	464b      	mov	r3, r9
10002944:	465a      	mov	r2, fp
10002946:	9907      	ldr	r1, [sp, #28]
10002948:	9806      	ldr	r0, [sp, #24]
1000294a:	f7ff fbe3 	bl	10002114 <_out_rev>
1000294e:	e0ff      	b.n	10002b50 <_ftoa+0x2c8>
10002950:	2304      	movs	r3, #4
10002952:	9a22      	ldr	r2, [sp, #136]	; 0x88
10002954:	401a      	ands	r2, r3
10002956:	9922      	ldr	r1, [sp, #136]	; 0x88
10002958:	420b      	tst	r3, r1
1000295a:	d010      	beq.n	1000297e <_ftoa+0xf6>
1000295c:	4b9b      	ldr	r3, [pc, #620]	; (10002bcc <_ftoa+0x344>)
1000295e:	2a00      	cmp	r2, #0
10002960:	d00f      	beq.n	10002982 <_ftoa+0xfa>
10002962:	2204      	movs	r2, #4
10002964:	9922      	ldr	r1, [sp, #136]	; 0x88
10002966:	9103      	str	r1, [sp, #12]
10002968:	9921      	ldr	r1, [sp, #132]	; 0x84
1000296a:	9102      	str	r1, [sp, #8]
1000296c:	9201      	str	r2, [sp, #4]
1000296e:	9300      	str	r3, [sp, #0]
10002970:	464b      	mov	r3, r9
10002972:	465a      	mov	r2, fp
10002974:	9907      	ldr	r1, [sp, #28]
10002976:	9806      	ldr	r0, [sp, #24]
10002978:	f7ff fbcc 	bl	10002114 <_out_rev>
1000297c:	e0e8      	b.n	10002b50 <_ftoa+0x2c8>
1000297e:	4b94      	ldr	r3, [pc, #592]	; (10002bd0 <_ftoa+0x348>)
10002980:	e7ed      	b.n	1000295e <_ftoa+0xd6>
10002982:	2203      	movs	r2, #3
10002984:	e7ee      	b.n	10002964 <_ftoa+0xdc>
10002986:	9b22      	ldr	r3, [sp, #136]	; 0x88
10002988:	9304      	str	r3, [sp, #16]
1000298a:	9b21      	ldr	r3, [sp, #132]	; 0x84
1000298c:	9303      	str	r3, [sp, #12]
1000298e:	9702      	str	r7, [sp, #8]
10002990:	9b1e      	ldr	r3, [sp, #120]	; 0x78
10002992:	9c1f      	ldr	r4, [sp, #124]	; 0x7c
10002994:	9300      	str	r3, [sp, #0]
10002996:	9401      	str	r4, [sp, #4]
10002998:	464b      	mov	r3, r9
1000299a:	465a      	mov	r2, fp
1000299c:	9907      	ldr	r1, [sp, #28]
1000299e:	9806      	ldr	r0, [sp, #24]
100029a0:	f7ff fd68 	bl	10002474 <_etoa>
100029a4:	e0d4      	b.n	10002b50 <_ftoa+0x2c8>
100029a6:	9a1e      	ldr	r2, [sp, #120]	; 0x78
100029a8:	9b1f      	ldr	r3, [sp, #124]	; 0x7c
100029aa:	2000      	movs	r0, #0
100029ac:	2100      	movs	r1, #0
100029ae:	f000 fece 	bl	1000374e <__wrap___aeabi_dsub>
100029b2:	901e      	str	r0, [sp, #120]	; 0x78
100029b4:	911f      	str	r1, [sp, #124]	; 0x7c
100029b6:	2301      	movs	r3, #1
100029b8:	4698      	mov	r8, r3
100029ba:	e7a5      	b.n	10002908 <_ftoa+0x80>
100029bc:	ab0c      	add	r3, sp, #48	; 0x30
100029be:	2230      	movs	r2, #48	; 0x30
100029c0:	551a      	strb	r2, [r3, r4]
100029c2:	3f01      	subs	r7, #1
100029c4:	3401      	adds	r4, #1
100029c6:	2c1f      	cmp	r4, #31
100029c8:	d801      	bhi.n	100029ce <_ftoa+0x146>
100029ca:	2f09      	cmp	r7, #9
100029cc:	d8f6      	bhi.n	100029bc <_ftoa+0x134>
100029ce:	981e      	ldr	r0, [sp, #120]	; 0x78
100029d0:	991f      	ldr	r1, [sp, #124]	; 0x7c
100029d2:	f000 ff65 	bl	100038a0 <__wrap___aeabi_d2iz>
100029d6:	0005      	movs	r5, r0
100029d8:	f000 ff4a 	bl	10003870 <__wrap___aeabi_i2d>
100029dc:	0002      	movs	r2, r0
100029de:	000b      	movs	r3, r1
100029e0:	981e      	ldr	r0, [sp, #120]	; 0x78
100029e2:	991f      	ldr	r1, [sp, #124]	; 0x7c
100029e4:	f000 feb3 	bl	1000374e <__wrap___aeabi_dsub>
100029e8:	00fa      	lsls	r2, r7, #3
100029ea:	4b7a      	ldr	r3, [pc, #488]	; (10002bd4 <_ftoa+0x34c>)
100029ec:	189b      	adds	r3, r3, r2
100029ee:	681a      	ldr	r2, [r3, #0]
100029f0:	685b      	ldr	r3, [r3, #4]
100029f2:	920a      	str	r2, [sp, #40]	; 0x28
100029f4:	930b      	str	r3, [sp, #44]	; 0x2c
100029f6:	f000 fece 	bl	10003796 <__wrap___aeabi_dmul>
100029fa:	9008      	str	r0, [sp, #32]
100029fc:	9109      	str	r1, [sp, #36]	; 0x24
100029fe:	f000 ff73 	bl	100038e8 <__wrap___aeabi_d2uiz>
10002a02:	0006      	movs	r6, r0
10002a04:	f000 ff30 	bl	10003868 <__wrap___aeabi_ui2d>
10002a08:	0002      	movs	r2, r0
10002a0a:	000b      	movs	r3, r1
10002a0c:	9808      	ldr	r0, [sp, #32]
10002a0e:	9909      	ldr	r1, [sp, #36]	; 0x24
10002a10:	f000 fe9d 	bl	1000374e <__wrap___aeabi_dsub>
10002a14:	9008      	str	r0, [sp, #32]
10002a16:	9109      	str	r1, [sp, #36]	; 0x24
10002a18:	2200      	movs	r2, #0
10002a1a:	4b6f      	ldr	r3, [pc, #444]	; (10002bd8 <_ftoa+0x350>)
10002a1c:	f000 ff10 	bl	10003840 <__wrap___aeabi_dcmpgt>
10002a20:	2800      	cmp	r0, #0
10002a22:	d02e      	beq.n	10002a82 <_ftoa+0x1fa>
10002a24:	3601      	adds	r6, #1
10002a26:	0030      	movs	r0, r6
10002a28:	f000 ff1e 	bl	10003868 <__wrap___aeabi_ui2d>
10002a2c:	0002      	movs	r2, r0
10002a2e:	000b      	movs	r3, r1
10002a30:	980a      	ldr	r0, [sp, #40]	; 0x28
10002a32:	990b      	ldr	r1, [sp, #44]	; 0x2c
10002a34:	f000 fef4 	bl	10003820 <__wrap___aeabi_dcmple>
10002a38:	2800      	cmp	r0, #0
10002a3a:	d001      	beq.n	10002a40 <_ftoa+0x1b8>
10002a3c:	3501      	adds	r5, #1
10002a3e:	2600      	movs	r6, #0
10002a40:	2f00      	cmp	r7, #0
10002a42:	d12c      	bne.n	10002a9e <_ftoa+0x216>
10002a44:	0028      	movs	r0, r5
10002a46:	f000 ff13 	bl	10003870 <__wrap___aeabi_i2d>
10002a4a:	0002      	movs	r2, r0
10002a4c:	000b      	movs	r3, r1
10002a4e:	981e      	ldr	r0, [sp, #120]	; 0x78
10002a50:	991f      	ldr	r1, [sp, #124]	; 0x7c
10002a52:	f000 fe7c 	bl	1000374e <__wrap___aeabi_dsub>
10002a56:	0006      	movs	r6, r0
10002a58:	000f      	movs	r7, r1
10002a5a:	2200      	movs	r2, #0
10002a5c:	4b5e      	ldr	r3, [pc, #376]	; (10002bd8 <_ftoa+0x350>)
10002a5e:	f000 fed9 	bl	10003814 <__wrap___aeabi_dcmplt>
10002a62:	2800      	cmp	r0, #0
10002a64:	d146      	bne.n	10002af4 <_ftoa+0x26c>
10002a66:	2200      	movs	r2, #0
10002a68:	4b5b      	ldr	r3, [pc, #364]	; (10002bd8 <_ftoa+0x350>)
10002a6a:	0030      	movs	r0, r6
10002a6c:	0039      	movs	r1, r7
10002a6e:	f000 fee7 	bl	10003840 <__wrap___aeabi_dcmpgt>
10002a72:	2800      	cmp	r0, #0
10002a74:	d13e      	bne.n	10002af4 <_ftoa+0x26c>
10002a76:	07eb      	lsls	r3, r5, #31
10002a78:	d53c      	bpl.n	10002af4 <_ftoa+0x26c>
10002a7a:	3501      	adds	r5, #1
10002a7c:	e03a      	b.n	10002af4 <_ftoa+0x26c>
10002a7e:	2706      	movs	r7, #6
10002a80:	e746      	b.n	10002910 <_ftoa+0x88>
10002a82:	2200      	movs	r2, #0
10002a84:	4b54      	ldr	r3, [pc, #336]	; (10002bd8 <_ftoa+0x350>)
10002a86:	9808      	ldr	r0, [sp, #32]
10002a88:	9909      	ldr	r1, [sp, #36]	; 0x24
10002a8a:	f000 fec3 	bl	10003814 <__wrap___aeabi_dcmplt>
10002a8e:	2800      	cmp	r0, #0
10002a90:	d1d6      	bne.n	10002a40 <_ftoa+0x1b8>
10002a92:	2e00      	cmp	r6, #0
10002a94:	d001      	beq.n	10002a9a <_ftoa+0x212>
10002a96:	07f3      	lsls	r3, r6, #31
10002a98:	d5d2      	bpl.n	10002a40 <_ftoa+0x1b8>
10002a9a:	3601      	adds	r6, #1
10002a9c:	e7d0      	b.n	10002a40 <_ftoa+0x1b8>
10002a9e:	46aa      	mov	sl, r5
10002aa0:	2c1f      	cmp	r4, #31
10002aa2:	d811      	bhi.n	10002ac8 <_ftoa+0x240>
10002aa4:	3f01      	subs	r7, #1
10002aa6:	210a      	movs	r1, #10
10002aa8:	0030      	movs	r0, r6
10002aaa:	f000 fc15 	bl	100032d8 <__wrap___aeabi_uidiv>
10002aae:	1c65      	adds	r5, r4, #1
10002ab0:	3130      	adds	r1, #48	; 0x30
10002ab2:	ab0c      	add	r3, sp, #48	; 0x30
10002ab4:	5519      	strb	r1, [r3, r4]
10002ab6:	210a      	movs	r1, #10
10002ab8:	0030      	movs	r0, r6
10002aba:	f000 fc0d 	bl	100032d8 <__wrap___aeabi_uidiv>
10002abe:	2e09      	cmp	r6, #9
10002ac0:	d90e      	bls.n	10002ae0 <_ftoa+0x258>
10002ac2:	0006      	movs	r6, r0
10002ac4:	002c      	movs	r4, r5
10002ac6:	e7eb      	b.n	10002aa0 <_ftoa+0x218>
10002ac8:	4655      	mov	r5, sl
10002aca:	2c1f      	cmp	r4, #31
10002acc:	d80c      	bhi.n	10002ae8 <_ftoa+0x260>
10002ace:	1e7b      	subs	r3, r7, #1
10002ad0:	2f00      	cmp	r7, #0
10002ad2:	d009      	beq.n	10002ae8 <_ftoa+0x260>
10002ad4:	aa0c      	add	r2, sp, #48	; 0x30
10002ad6:	2130      	movs	r1, #48	; 0x30
10002ad8:	5511      	strb	r1, [r2, r4]
10002ada:	001f      	movs	r7, r3
10002adc:	3401      	adds	r4, #1
10002ade:	e7f4      	b.n	10002aca <_ftoa+0x242>
10002ae0:	002b      	movs	r3, r5
10002ae2:	4655      	mov	r5, sl
10002ae4:	001c      	movs	r4, r3
10002ae6:	e7f0      	b.n	10002aca <_ftoa+0x242>
10002ae8:	2c1f      	cmp	r4, #31
10002aea:	d803      	bhi.n	10002af4 <_ftoa+0x26c>
10002aec:	ab0c      	add	r3, sp, #48	; 0x30
10002aee:	222e      	movs	r2, #46	; 0x2e
10002af0:	551a      	strb	r2, [r3, r4]
10002af2:	3401      	adds	r4, #1
10002af4:	2c1f      	cmp	r4, #31
10002af6:	d810      	bhi.n	10002b1a <_ftoa+0x292>
10002af8:	210a      	movs	r1, #10
10002afa:	0028      	movs	r0, r5
10002afc:	f000 fbc4 	bl	10003288 <__wrap___aeabi_idiv>
10002b00:	1c66      	adds	r6, r4, #1
10002b02:	3130      	adds	r1, #48	; 0x30
10002b04:	ab0c      	add	r3, sp, #48	; 0x30
10002b06:	5519      	strb	r1, [r3, r4]
10002b08:	210a      	movs	r1, #10
10002b0a:	0028      	movs	r0, r5
10002b0c:	f000 fbbc 	bl	10003288 <__wrap___aeabi_idiv>
10002b10:	1e05      	subs	r5, r0, #0
10002b12:	d001      	beq.n	10002b18 <_ftoa+0x290>
10002b14:	0034      	movs	r4, r6
10002b16:	e7ed      	b.n	10002af4 <_ftoa+0x26c>
10002b18:	0034      	movs	r4, r6
10002b1a:	2303      	movs	r3, #3
10002b1c:	9a22      	ldr	r2, [sp, #136]	; 0x88
10002b1e:	4013      	ands	r3, r2
10002b20:	2b01      	cmp	r3, #1
10002b22:	d01c      	beq.n	10002b5e <_ftoa+0x2d6>
10002b24:	2c1f      	cmp	r4, #31
10002b26:	d806      	bhi.n	10002b36 <_ftoa+0x2ae>
10002b28:	4643      	mov	r3, r8
10002b2a:	2b00      	cmp	r3, #0
10002b2c:	d032      	beq.n	10002b94 <_ftoa+0x30c>
10002b2e:	ab0c      	add	r3, sp, #48	; 0x30
10002b30:	222d      	movs	r2, #45	; 0x2d
10002b32:	551a      	strb	r2, [r3, r4]
10002b34:	3401      	adds	r4, #1
10002b36:	9b22      	ldr	r3, [sp, #136]	; 0x88
10002b38:	9303      	str	r3, [sp, #12]
10002b3a:	9b21      	ldr	r3, [sp, #132]	; 0x84
10002b3c:	9302      	str	r3, [sp, #8]
10002b3e:	9401      	str	r4, [sp, #4]
10002b40:	ab0c      	add	r3, sp, #48	; 0x30
10002b42:	9300      	str	r3, [sp, #0]
10002b44:	464b      	mov	r3, r9
10002b46:	465a      	mov	r2, fp
10002b48:	9907      	ldr	r1, [sp, #28]
10002b4a:	9806      	ldr	r0, [sp, #24]
10002b4c:	f7ff fae2 	bl	10002114 <_out_rev>
10002b50:	b015      	add	sp, #84	; 0x54
10002b52:	bcf0      	pop	{r4, r5, r6, r7}
10002b54:	46bb      	mov	fp, r7
10002b56:	46b2      	mov	sl, r6
10002b58:	46a9      	mov	r9, r5
10002b5a:	46a0      	mov	r8, r4
10002b5c:	bdf0      	pop	{r4, r5, r6, r7, pc}
10002b5e:	9b21      	ldr	r3, [sp, #132]	; 0x84
10002b60:	2b00      	cmp	r3, #0
10002b62:	d013      	beq.n	10002b8c <_ftoa+0x304>
10002b64:	4643      	mov	r3, r8
10002b66:	2b00      	cmp	r3, #0
10002b68:	d102      	bne.n	10002b70 <_ftoa+0x2e8>
10002b6a:	330c      	adds	r3, #12
10002b6c:	4213      	tst	r3, r2
10002b6e:	d00f      	beq.n	10002b90 <_ftoa+0x308>
10002b70:	9b21      	ldr	r3, [sp, #132]	; 0x84
10002b72:	3b01      	subs	r3, #1
10002b74:	9321      	str	r3, [sp, #132]	; 0x84
10002b76:	0019      	movs	r1, r3
10002b78:	e003      	b.n	10002b82 <_ftoa+0x2fa>
10002b7a:	ab0c      	add	r3, sp, #48	; 0x30
10002b7c:	2230      	movs	r2, #48	; 0x30
10002b7e:	551a      	strb	r2, [r3, r4]
10002b80:	3401      	adds	r4, #1
10002b82:	428c      	cmp	r4, r1
10002b84:	d2ce      	bcs.n	10002b24 <_ftoa+0x29c>
10002b86:	2c1f      	cmp	r4, #31
10002b88:	d9f7      	bls.n	10002b7a <_ftoa+0x2f2>
10002b8a:	e7cb      	b.n	10002b24 <_ftoa+0x29c>
10002b8c:	9921      	ldr	r1, [sp, #132]	; 0x84
10002b8e:	e7f8      	b.n	10002b82 <_ftoa+0x2fa>
10002b90:	9921      	ldr	r1, [sp, #132]	; 0x84
10002b92:	e7f6      	b.n	10002b82 <_ftoa+0x2fa>
10002b94:	9b22      	ldr	r3, [sp, #136]	; 0x88
10002b96:	075b      	lsls	r3, r3, #29
10002b98:	d504      	bpl.n	10002ba4 <_ftoa+0x31c>
10002b9a:	ab0c      	add	r3, sp, #48	; 0x30
10002b9c:	222b      	movs	r2, #43	; 0x2b
10002b9e:	551a      	strb	r2, [r3, r4]
10002ba0:	3401      	adds	r4, #1
10002ba2:	e7c8      	b.n	10002b36 <_ftoa+0x2ae>
10002ba4:	9b22      	ldr	r3, [sp, #136]	; 0x88
10002ba6:	071b      	lsls	r3, r3, #28
10002ba8:	d5c5      	bpl.n	10002b36 <_ftoa+0x2ae>
10002baa:	ab0c      	add	r3, sp, #48	; 0x30
10002bac:	2220      	movs	r2, #32
10002bae:	551a      	strb	r2, [r3, r4]
10002bb0:	3401      	adds	r4, #1
10002bb2:	e7c0      	b.n	10002b36 <_ftoa+0x2ae>
10002bb4:	ffefffff 	.word	0xffefffff
10002bb8:	7fefffff 	.word	0x7fefffff
10002bbc:	41cdcd65 	.word	0x41cdcd65
10002bc0:	c1cdcd65 	.word	0xc1cdcd65
10002bc4:	10004c58 	.word	0x10004c58
10002bc8:	10004c5c 	.word	0x10004c5c
10002bcc:	10004c50 	.word	0x10004c50
10002bd0:	10004c4c 	.word	0x10004c4c
10002bd4:	10004e48 	.word	0x10004e48
10002bd8:	3fe00000 	.word	0x3fe00000

10002bdc <_vsnprintf>:
10002bdc:	b5f0      	push	{r4, r5, r6, r7, lr}
10002bde:	46de      	mov	lr, fp
10002be0:	4657      	mov	r7, sl
10002be2:	464e      	mov	r6, r9
10002be4:	4645      	mov	r5, r8
10002be6:	b5e0      	push	{r5, r6, r7, lr}
10002be8:	b093      	sub	sp, #76	; 0x4c
10002bea:	4682      	mov	sl, r0
10002bec:	468b      	mov	fp, r1
10002bee:	4690      	mov	r8, r2
10002bf0:	9311      	str	r3, [sp, #68]	; 0x44
10002bf2:	2900      	cmp	r1, #0
10002bf4:	d100      	bne.n	10002bf8 <_vsnprintf+0x1c>
10002bf6:	e2eb      	b.n	100031d0 <_vsnprintf+0x5f4>
10002bf8:	2700      	movs	r7, #0
10002bfa:	4655      	mov	r5, sl
10002bfc:	9b11      	ldr	r3, [sp, #68]	; 0x44
10002bfe:	7818      	ldrb	r0, [r3, #0]
10002c00:	2800      	cmp	r0, #0
10002c02:	d100      	bne.n	10002c06 <_vsnprintf+0x2a>
10002c04:	e2e7      	b.n	100031d6 <_vsnprintf+0x5fa>
10002c06:	2825      	cmp	r0, #37	; 0x25
10002c08:	d009      	beq.n	10002c1e <_vsnprintf+0x42>
10002c0a:	1c7c      	adds	r4, r7, #1
10002c0c:	4643      	mov	r3, r8
10002c0e:	003a      	movs	r2, r7
10002c10:	4659      	mov	r1, fp
10002c12:	47a8      	blx	r5
10002c14:	9b11      	ldr	r3, [sp, #68]	; 0x44
10002c16:	3301      	adds	r3, #1
10002c18:	9311      	str	r3, [sp, #68]	; 0x44
10002c1a:	0027      	movs	r7, r4
10002c1c:	e7ee      	b.n	10002bfc <_vsnprintf+0x20>
10002c1e:	3301      	adds	r3, #1
10002c20:	9311      	str	r3, [sp, #68]	; 0x44
10002c22:	2400      	movs	r4, #0
10002c24:	9a11      	ldr	r2, [sp, #68]	; 0x44
10002c26:	7811      	ldrb	r1, [r2, #0]
10002c28:	000b      	movs	r3, r1
10002c2a:	3b20      	subs	r3, #32
10002c2c:	b2d8      	uxtb	r0, r3
10002c2e:	2810      	cmp	r0, #16
10002c30:	d803      	bhi.n	10002c3a <_vsnprintf+0x5e>
10002c32:	0083      	lsls	r3, r0, #2
10002c34:	48d0      	ldr	r0, [pc, #832]	; (10002f78 <_vsnprintf+0x39c>)
10002c36:	58c3      	ldr	r3, [r0, r3]
10002c38:	469f      	mov	pc, r3
10002c3a:	000b      	movs	r3, r1
10002c3c:	3b30      	subs	r3, #48	; 0x30
10002c3e:	b2db      	uxtb	r3, r3
10002c40:	2b09      	cmp	r3, #9
10002c42:	d92c      	bls.n	10002c9e <_vsnprintf+0xc2>
10002c44:	292a      	cmp	r1, #42	; 0x2a
10002c46:	d02f      	beq.n	10002ca8 <_vsnprintf+0xcc>
10002c48:	2300      	movs	r3, #0
10002c4a:	930a      	str	r3, [sp, #40]	; 0x28
10002c4c:	9b11      	ldr	r3, [sp, #68]	; 0x44
10002c4e:	781a      	ldrb	r2, [r3, #0]
10002c50:	2a2e      	cmp	r2, #46	; 0x2e
10002c52:	d039      	beq.n	10002cc8 <_vsnprintf+0xec>
10002c54:	2300      	movs	r3, #0
10002c56:	469a      	mov	sl, r3
10002c58:	9a11      	ldr	r2, [sp, #68]	; 0x44
10002c5a:	7813      	ldrb	r3, [r2, #0]
10002c5c:	3b68      	subs	r3, #104	; 0x68
10002c5e:	b2d9      	uxtb	r1, r3
10002c60:	2912      	cmp	r1, #18
10002c62:	d876      	bhi.n	10002d52 <_vsnprintf+0x176>
10002c64:	008b      	lsls	r3, r1, #2
10002c66:	49c5      	ldr	r1, [pc, #788]	; (10002f7c <_vsnprintf+0x3a0>)
10002c68:	58cb      	ldr	r3, [r1, r3]
10002c6a:	469f      	mov	pc, r3
10002c6c:	2301      	movs	r3, #1
10002c6e:	431c      	orrs	r4, r3
10002c70:	3201      	adds	r2, #1
10002c72:	9211      	str	r2, [sp, #68]	; 0x44
10002c74:	e7d6      	b.n	10002c24 <_vsnprintf+0x48>
10002c76:	2302      	movs	r3, #2
10002c78:	431c      	orrs	r4, r3
10002c7a:	3201      	adds	r2, #1
10002c7c:	9211      	str	r2, [sp, #68]	; 0x44
10002c7e:	e7d1      	b.n	10002c24 <_vsnprintf+0x48>
10002c80:	2304      	movs	r3, #4
10002c82:	431c      	orrs	r4, r3
10002c84:	3201      	adds	r2, #1
10002c86:	9211      	str	r2, [sp, #68]	; 0x44
10002c88:	e7cc      	b.n	10002c24 <_vsnprintf+0x48>
10002c8a:	2308      	movs	r3, #8
10002c8c:	431c      	orrs	r4, r3
10002c8e:	3201      	adds	r2, #1
10002c90:	9211      	str	r2, [sp, #68]	; 0x44
10002c92:	e7c7      	b.n	10002c24 <_vsnprintf+0x48>
10002c94:	2310      	movs	r3, #16
10002c96:	431c      	orrs	r4, r3
10002c98:	3201      	adds	r2, #1
10002c9a:	9211      	str	r2, [sp, #68]	; 0x44
10002c9c:	e7c2      	b.n	10002c24 <_vsnprintf+0x48>
10002c9e:	a811      	add	r0, sp, #68	; 0x44
10002ca0:	f7ff fa26 	bl	100020f0 <_atoi>
10002ca4:	900a      	str	r0, [sp, #40]	; 0x28
10002ca6:	e7d1      	b.n	10002c4c <_vsnprintf+0x70>
10002ca8:	9b1c      	ldr	r3, [sp, #112]	; 0x70
10002caa:	1d1a      	adds	r2, r3, #4
10002cac:	921c      	str	r2, [sp, #112]	; 0x70
10002cae:	6818      	ldr	r0, [r3, #0]
10002cb0:	2800      	cmp	r0, #0
10002cb2:	db04      	blt.n	10002cbe <_vsnprintf+0xe2>
10002cb4:	900a      	str	r0, [sp, #40]	; 0x28
10002cb6:	9b11      	ldr	r3, [sp, #68]	; 0x44
10002cb8:	3301      	adds	r3, #1
10002cba:	9311      	str	r3, [sp, #68]	; 0x44
10002cbc:	e7c6      	b.n	10002c4c <_vsnprintf+0x70>
10002cbe:	2302      	movs	r3, #2
10002cc0:	431c      	orrs	r4, r3
10002cc2:	4243      	negs	r3, r0
10002cc4:	930a      	str	r3, [sp, #40]	; 0x28
10002cc6:	e7f6      	b.n	10002cb6 <_vsnprintf+0xda>
10002cc8:	2280      	movs	r2, #128	; 0x80
10002cca:	00d2      	lsls	r2, r2, #3
10002ccc:	4314      	orrs	r4, r2
10002cce:	1c5a      	adds	r2, r3, #1
10002cd0:	9211      	str	r2, [sp, #68]	; 0x44
10002cd2:	785a      	ldrb	r2, [r3, #1]
10002cd4:	0013      	movs	r3, r2
10002cd6:	3b30      	subs	r3, #48	; 0x30
10002cd8:	b2db      	uxtb	r3, r3
10002cda:	2b09      	cmp	r3, #9
10002cdc:	d904      	bls.n	10002ce8 <_vsnprintf+0x10c>
10002cde:	2a2a      	cmp	r2, #42	; 0x2a
10002ce0:	d007      	beq.n	10002cf2 <_vsnprintf+0x116>
10002ce2:	2300      	movs	r3, #0
10002ce4:	469a      	mov	sl, r3
10002ce6:	e7b7      	b.n	10002c58 <_vsnprintf+0x7c>
10002ce8:	a811      	add	r0, sp, #68	; 0x44
10002cea:	f7ff fa01 	bl	100020f0 <_atoi>
10002cee:	4682      	mov	sl, r0
10002cf0:	e7b2      	b.n	10002c58 <_vsnprintf+0x7c>
10002cf2:	9b1c      	ldr	r3, [sp, #112]	; 0x70
10002cf4:	1d1a      	adds	r2, r3, #4
10002cf6:	921c      	str	r2, [sp, #112]	; 0x70
10002cf8:	6818      	ldr	r0, [r3, #0]
10002cfa:	2800      	cmp	r0, #0
10002cfc:	db04      	blt.n	10002d08 <_vsnprintf+0x12c>
10002cfe:	4682      	mov	sl, r0
10002d00:	9b11      	ldr	r3, [sp, #68]	; 0x44
10002d02:	3301      	adds	r3, #1
10002d04:	9311      	str	r3, [sp, #68]	; 0x44
10002d06:	e7a7      	b.n	10002c58 <_vsnprintf+0x7c>
10002d08:	2000      	movs	r0, #0
10002d0a:	e7f8      	b.n	10002cfe <_vsnprintf+0x122>
10002d0c:	2380      	movs	r3, #128	; 0x80
10002d0e:	005b      	lsls	r3, r3, #1
10002d10:	4323      	orrs	r3, r4
10002d12:	1c51      	adds	r1, r2, #1
10002d14:	9111      	str	r1, [sp, #68]	; 0x44
10002d16:	7852      	ldrb	r2, [r2, #1]
10002d18:	2a6c      	cmp	r2, #108	; 0x6c
10002d1a:	d001      	beq.n	10002d20 <_vsnprintf+0x144>
10002d1c:	001c      	movs	r4, r3
10002d1e:	e018      	b.n	10002d52 <_vsnprintf+0x176>
10002d20:	23c0      	movs	r3, #192	; 0xc0
10002d22:	009b      	lsls	r3, r3, #2
10002d24:	431c      	orrs	r4, r3
10002d26:	3101      	adds	r1, #1
10002d28:	9111      	str	r1, [sp, #68]	; 0x44
10002d2a:	e012      	b.n	10002d52 <_vsnprintf+0x176>
10002d2c:	2380      	movs	r3, #128	; 0x80
10002d2e:	4323      	orrs	r3, r4
10002d30:	1c51      	adds	r1, r2, #1
10002d32:	9111      	str	r1, [sp, #68]	; 0x44
10002d34:	7852      	ldrb	r2, [r2, #1]
10002d36:	2a68      	cmp	r2, #104	; 0x68
10002d38:	d001      	beq.n	10002d3e <_vsnprintf+0x162>
10002d3a:	001c      	movs	r4, r3
10002d3c:	e009      	b.n	10002d52 <_vsnprintf+0x176>
10002d3e:	23c0      	movs	r3, #192	; 0xc0
10002d40:	431c      	orrs	r4, r3
10002d42:	3101      	adds	r1, #1
10002d44:	9111      	str	r1, [sp, #68]	; 0x44
10002d46:	e004      	b.n	10002d52 <_vsnprintf+0x176>
10002d48:	2380      	movs	r3, #128	; 0x80
10002d4a:	005b      	lsls	r3, r3, #1
10002d4c:	431c      	orrs	r4, r3
10002d4e:	3201      	adds	r2, #1
10002d50:	9211      	str	r2, [sp, #68]	; 0x44
10002d52:	9b11      	ldr	r3, [sp, #68]	; 0x44
10002d54:	7818      	ldrb	r0, [r3, #0]
10002d56:	0003      	movs	r3, r0
10002d58:	3b25      	subs	r3, #37	; 0x25
10002d5a:	b2da      	uxtb	r2, r3
10002d5c:	2a53      	cmp	r2, #83	; 0x53
10002d5e:	d900      	bls.n	10002d62 <_vsnprintf+0x186>
10002d60:	e22c      	b.n	100031bc <_vsnprintf+0x5e0>
10002d62:	0093      	lsls	r3, r2, #2
10002d64:	4a86      	ldr	r2, [pc, #536]	; (10002f80 <_vsnprintf+0x3a4>)
10002d66:	58d3      	ldr	r3, [r2, r3]
10002d68:	469f      	mov	pc, r3
10002d6a:	2380      	movs	r3, #128	; 0x80
10002d6c:	009b      	lsls	r3, r3, #2
10002d6e:	431c      	orrs	r4, r3
10002d70:	3201      	adds	r2, #1
10002d72:	9211      	str	r2, [sp, #68]	; 0x44
10002d74:	e7ed      	b.n	10002d52 <_vsnprintf+0x176>
10002d76:	2380      	movs	r3, #128	; 0x80
10002d78:	005b      	lsls	r3, r3, #1
10002d7a:	431c      	orrs	r4, r3
10002d7c:	3201      	adds	r2, #1
10002d7e:	9211      	str	r2, [sp, #68]	; 0x44
10002d80:	e7e7      	b.n	10002d52 <_vsnprintf+0x176>
10002d82:	2878      	cmp	r0, #120	; 0x78
10002d84:	d009      	beq.n	10002d9a <_vsnprintf+0x1be>
10002d86:	2858      	cmp	r0, #88	; 0x58
10002d88:	d038      	beq.n	10002dfc <_vsnprintf+0x220>
10002d8a:	286f      	cmp	r0, #111	; 0x6f
10002d8c:	d038      	beq.n	10002e00 <_vsnprintf+0x224>
10002d8e:	2862      	cmp	r0, #98	; 0x62
10002d90:	d038      	beq.n	10002e04 <_vsnprintf+0x228>
10002d92:	2310      	movs	r3, #16
10002d94:	439c      	bics	r4, r3
10002d96:	260a      	movs	r6, #10
10002d98:	e000      	b.n	10002d9c <_vsnprintf+0x1c0>
10002d9a:	2610      	movs	r6, #16
10002d9c:	2858      	cmp	r0, #88	; 0x58
10002d9e:	d033      	beq.n	10002e08 <_vsnprintf+0x22c>
10002da0:	2869      	cmp	r0, #105	; 0x69
10002da2:	d003      	beq.n	10002dac <_vsnprintf+0x1d0>
10002da4:	2864      	cmp	r0, #100	; 0x64
10002da6:	d001      	beq.n	10002dac <_vsnprintf+0x1d0>
10002da8:	220c      	movs	r2, #12
10002daa:	4394      	bics	r4, r2
10002dac:	0563      	lsls	r3, r4, #21
10002dae:	d501      	bpl.n	10002db4 <_vsnprintf+0x1d8>
10002db0:	2201      	movs	r2, #1
10002db2:	4394      	bics	r4, r2
10002db4:	2869      	cmp	r0, #105	; 0x69
10002db6:	d02a      	beq.n	10002e0e <_vsnprintf+0x232>
10002db8:	2864      	cmp	r0, #100	; 0x64
10002dba:	d028      	beq.n	10002e0e <_vsnprintf+0x232>
10002dbc:	05a3      	lsls	r3, r4, #22
10002dbe:	d500      	bpl.n	10002dc2 <_vsnprintf+0x1e6>
10002dc0:	e09f      	b.n	10002f02 <_vsnprintf+0x326>
10002dc2:	05e3      	lsls	r3, r4, #23
10002dc4:	d500      	bpl.n	10002dc8 <_vsnprintf+0x1ec>
10002dc6:	e0b8      	b.n	10002f3a <_vsnprintf+0x35e>
10002dc8:	0663      	lsls	r3, r4, #25
10002dca:	d400      	bmi.n	10002dce <_vsnprintf+0x1f2>
10002dcc:	e0ca      	b.n	10002f64 <_vsnprintf+0x388>
10002dce:	9a1c      	ldr	r2, [sp, #112]	; 0x70
10002dd0:	1d11      	adds	r1, r2, #4
10002dd2:	911c      	str	r1, [sp, #112]	; 0x70
10002dd4:	6811      	ldr	r1, [r2, #0]
10002dd6:	22ff      	movs	r2, #255	; 0xff
10002dd8:	400a      	ands	r2, r1
10002dda:	9405      	str	r4, [sp, #20]
10002ddc:	9b0a      	ldr	r3, [sp, #40]	; 0x28
10002dde:	9304      	str	r3, [sp, #16]
10002de0:	4653      	mov	r3, sl
10002de2:	9303      	str	r3, [sp, #12]
10002de4:	9602      	str	r6, [sp, #8]
10002de6:	2300      	movs	r3, #0
10002de8:	9301      	str	r3, [sp, #4]
10002dea:	9200      	str	r2, [sp, #0]
10002dec:	4643      	mov	r3, r8
10002dee:	003a      	movs	r2, r7
10002df0:	4659      	mov	r1, fp
10002df2:	0028      	movs	r0, r5
10002df4:	f7ff fa6e 	bl	100022d4 <_ntoa_long>
10002df8:	0007      	movs	r7, r0
10002dfa:	e027      	b.n	10002e4c <_vsnprintf+0x270>
10002dfc:	2610      	movs	r6, #16
10002dfe:	e7cd      	b.n	10002d9c <_vsnprintf+0x1c0>
10002e00:	2608      	movs	r6, #8
10002e02:	e7cb      	b.n	10002d9c <_vsnprintf+0x1c0>
10002e04:	2602      	movs	r6, #2
10002e06:	e7c9      	b.n	10002d9c <_vsnprintf+0x1c0>
10002e08:	2220      	movs	r2, #32
10002e0a:	4314      	orrs	r4, r2
10002e0c:	e7c8      	b.n	10002da0 <_vsnprintf+0x1c4>
10002e0e:	05a3      	lsls	r3, r4, #22
10002e10:	d420      	bmi.n	10002e54 <_vsnprintf+0x278>
10002e12:	05e3      	lsls	r3, r4, #23
10002e14:	d450      	bmi.n	10002eb8 <_vsnprintf+0x2dc>
10002e16:	0663      	lsls	r3, r4, #25
10002e18:	d566      	bpl.n	10002ee8 <_vsnprintf+0x30c>
10002e1a:	9a1c      	ldr	r2, [sp, #112]	; 0x70
10002e1c:	1d11      	adds	r1, r2, #4
10002e1e:	911c      	str	r1, [sp, #112]	; 0x70
10002e20:	6811      	ldr	r1, [r2, #0]
10002e22:	22ff      	movs	r2, #255	; 0xff
10002e24:	400a      	ands	r2, r1
10002e26:	17d3      	asrs	r3, r2, #31
10002e28:	18d1      	adds	r1, r2, r3
10002e2a:	4059      	eors	r1, r3
10002e2c:	9405      	str	r4, [sp, #20]
10002e2e:	9b0a      	ldr	r3, [sp, #40]	; 0x28
10002e30:	9304      	str	r3, [sp, #16]
10002e32:	4653      	mov	r3, sl
10002e34:	9303      	str	r3, [sp, #12]
10002e36:	9602      	str	r6, [sp, #8]
10002e38:	0fd2      	lsrs	r2, r2, #31
10002e3a:	9201      	str	r2, [sp, #4]
10002e3c:	9100      	str	r1, [sp, #0]
10002e3e:	4643      	mov	r3, r8
10002e40:	003a      	movs	r2, r7
10002e42:	4659      	mov	r1, fp
10002e44:	0028      	movs	r0, r5
10002e46:	f7ff fa45 	bl	100022d4 <_ntoa_long>
10002e4a:	0007      	movs	r7, r0
10002e4c:	9b11      	ldr	r3, [sp, #68]	; 0x44
10002e4e:	3301      	adds	r3, #1
10002e50:	9311      	str	r3, [sp, #68]	; 0x44
10002e52:	e6d3      	b.n	10002bfc <_vsnprintf+0x20>
10002e54:	9b1c      	ldr	r3, [sp, #112]	; 0x70
10002e56:	1dda      	adds	r2, r3, #7
10002e58:	2107      	movs	r1, #7
10002e5a:	438a      	bics	r2, r1
10002e5c:	0011      	movs	r1, r2
10002e5e:	3108      	adds	r1, #8
10002e60:	911c      	str	r1, [sp, #112]	; 0x70
10002e62:	6811      	ldr	r1, [r2, #0]
10002e64:	6853      	ldr	r3, [r2, #4]
10002e66:	469c      	mov	ip, r3
10002e68:	17db      	asrs	r3, r3, #31
10002e6a:	930c      	str	r3, [sp, #48]	; 0x30
10002e6c:	930d      	str	r3, [sp, #52]	; 0x34
10002e6e:	9a0c      	ldr	r2, [sp, #48]	; 0x30
10002e70:	9b0d      	ldr	r3, [sp, #52]	; 0x34
10002e72:	0010      	movs	r0, r2
10002e74:	4048      	eors	r0, r1
10002e76:	900e      	str	r0, [sp, #56]	; 0x38
10002e78:	4662      	mov	r2, ip
10002e7a:	4053      	eors	r3, r2
10002e7c:	930f      	str	r3, [sp, #60]	; 0x3c
10002e7e:	980e      	ldr	r0, [sp, #56]	; 0x38
10002e80:	990f      	ldr	r1, [sp, #60]	; 0x3c
10002e82:	9a0c      	ldr	r2, [sp, #48]	; 0x30
10002e84:	9b0d      	ldr	r3, [sp, #52]	; 0x34
10002e86:	1a80      	subs	r0, r0, r2
10002e88:	4199      	sbcs	r1, r3
10002e8a:	900e      	str	r0, [sp, #56]	; 0x38
10002e8c:	910f      	str	r1, [sp, #60]	; 0x3c
10002e8e:	9408      	str	r4, [sp, #32]
10002e90:	9b0a      	ldr	r3, [sp, #40]	; 0x28
10002e92:	9307      	str	r3, [sp, #28]
10002e94:	4653      	mov	r3, sl
10002e96:	9306      	str	r3, [sp, #24]
10002e98:	9604      	str	r6, [sp, #16]
10002e9a:	2300      	movs	r3, #0
10002e9c:	9305      	str	r3, [sp, #20]
10002e9e:	4663      	mov	r3, ip
10002ea0:	0fda      	lsrs	r2, r3, #31
10002ea2:	9202      	str	r2, [sp, #8]
10002ea4:	9000      	str	r0, [sp, #0]
10002ea6:	9101      	str	r1, [sp, #4]
10002ea8:	4643      	mov	r3, r8
10002eaa:	003a      	movs	r2, r7
10002eac:	4659      	mov	r1, fp
10002eae:	0028      	movs	r0, r5
10002eb0:	f7ff fa6e 	bl	10002390 <_ntoa_long_long>
10002eb4:	0007      	movs	r7, r0
10002eb6:	e7c9      	b.n	10002e4c <_vsnprintf+0x270>
10002eb8:	9a1c      	ldr	r2, [sp, #112]	; 0x70
10002eba:	1d11      	adds	r1, r2, #4
10002ebc:	911c      	str	r1, [sp, #112]	; 0x70
10002ebe:	6812      	ldr	r2, [r2, #0]
10002ec0:	17d3      	asrs	r3, r2, #31
10002ec2:	18d1      	adds	r1, r2, r3
10002ec4:	4059      	eors	r1, r3
10002ec6:	9405      	str	r4, [sp, #20]
10002ec8:	9b0a      	ldr	r3, [sp, #40]	; 0x28
10002eca:	9304      	str	r3, [sp, #16]
10002ecc:	4653      	mov	r3, sl
10002ece:	9303      	str	r3, [sp, #12]
10002ed0:	9602      	str	r6, [sp, #8]
10002ed2:	0fd2      	lsrs	r2, r2, #31
10002ed4:	9201      	str	r2, [sp, #4]
10002ed6:	9100      	str	r1, [sp, #0]
10002ed8:	4643      	mov	r3, r8
10002eda:	003a      	movs	r2, r7
10002edc:	4659      	mov	r1, fp
10002ede:	0028      	movs	r0, r5
10002ee0:	f7ff f9f8 	bl	100022d4 <_ntoa_long>
10002ee4:	0007      	movs	r7, r0
10002ee6:	e7b1      	b.n	10002e4c <_vsnprintf+0x270>
10002ee8:	0623      	lsls	r3, r4, #24
10002eea:	d505      	bpl.n	10002ef8 <_vsnprintf+0x31c>
10002eec:	9a1c      	ldr	r2, [sp, #112]	; 0x70
10002eee:	1d11      	adds	r1, r2, #4
10002ef0:	911c      	str	r1, [sp, #112]	; 0x70
10002ef2:	2300      	movs	r3, #0
10002ef4:	5ed2      	ldrsh	r2, [r2, r3]
10002ef6:	e796      	b.n	10002e26 <_vsnprintf+0x24a>
10002ef8:	9a1c      	ldr	r2, [sp, #112]	; 0x70
10002efa:	1d11      	adds	r1, r2, #4
10002efc:	911c      	str	r1, [sp, #112]	; 0x70
10002efe:	6812      	ldr	r2, [r2, #0]
10002f00:	e791      	b.n	10002e26 <_vsnprintf+0x24a>
10002f02:	9b1c      	ldr	r3, [sp, #112]	; 0x70
10002f04:	1dda      	adds	r2, r3, #7
10002f06:	2107      	movs	r1, #7
10002f08:	438a      	bics	r2, r1
10002f0a:	0011      	movs	r1, r2
10002f0c:	3108      	adds	r1, #8
10002f0e:	911c      	str	r1, [sp, #112]	; 0x70
10002f10:	9408      	str	r4, [sp, #32]
10002f12:	9b0a      	ldr	r3, [sp, #40]	; 0x28
10002f14:	9307      	str	r3, [sp, #28]
10002f16:	4653      	mov	r3, sl
10002f18:	9306      	str	r3, [sp, #24]
10002f1a:	9604      	str	r6, [sp, #16]
10002f1c:	2300      	movs	r3, #0
10002f1e:	9305      	str	r3, [sp, #20]
10002f20:	9302      	str	r3, [sp, #8]
10002f22:	6813      	ldr	r3, [r2, #0]
10002f24:	6854      	ldr	r4, [r2, #4]
10002f26:	9300      	str	r3, [sp, #0]
10002f28:	9401      	str	r4, [sp, #4]
10002f2a:	4643      	mov	r3, r8
10002f2c:	003a      	movs	r2, r7
10002f2e:	4659      	mov	r1, fp
10002f30:	0028      	movs	r0, r5
10002f32:	f7ff fa2d 	bl	10002390 <_ntoa_long_long>
10002f36:	0007      	movs	r7, r0
10002f38:	e788      	b.n	10002e4c <_vsnprintf+0x270>
10002f3a:	9a1c      	ldr	r2, [sp, #112]	; 0x70
10002f3c:	1d11      	adds	r1, r2, #4
10002f3e:	911c      	str	r1, [sp, #112]	; 0x70
10002f40:	9405      	str	r4, [sp, #20]
10002f42:	9b0a      	ldr	r3, [sp, #40]	; 0x28
10002f44:	9304      	str	r3, [sp, #16]
10002f46:	4653      	mov	r3, sl
10002f48:	9303      	str	r3, [sp, #12]
10002f4a:	9602      	str	r6, [sp, #8]
10002f4c:	2300      	movs	r3, #0
10002f4e:	9301      	str	r3, [sp, #4]
10002f50:	6813      	ldr	r3, [r2, #0]
10002f52:	9300      	str	r3, [sp, #0]
10002f54:	4643      	mov	r3, r8
10002f56:	003a      	movs	r2, r7
10002f58:	4659      	mov	r1, fp
10002f5a:	0028      	movs	r0, r5
10002f5c:	f7ff f9ba 	bl	100022d4 <_ntoa_long>
10002f60:	0007      	movs	r7, r0
10002f62:	e773      	b.n	10002e4c <_vsnprintf+0x270>
10002f64:	0623      	lsls	r3, r4, #24
10002f66:	d50d      	bpl.n	10002f84 <_vsnprintf+0x3a8>
10002f68:	9a1c      	ldr	r2, [sp, #112]	; 0x70
10002f6a:	1d11      	adds	r1, r2, #4
10002f6c:	911c      	str	r1, [sp, #112]	; 0x70
10002f6e:	6812      	ldr	r2, [r2, #0]
10002f70:	0412      	lsls	r2, r2, #16
10002f72:	0c12      	lsrs	r2, r2, #16
10002f74:	e731      	b.n	10002dda <_vsnprintf+0x1fe>
10002f76:	46c0      	nop			; (mov r8, r8)
10002f78:	10004c64 	.word	0x10004c64
10002f7c:	10004ca8 	.word	0x10004ca8
10002f80:	10004cf4 	.word	0x10004cf4
10002f84:	9a1c      	ldr	r2, [sp, #112]	; 0x70
10002f86:	1d11      	adds	r1, r2, #4
10002f88:	911c      	str	r1, [sp, #112]	; 0x70
10002f8a:	6812      	ldr	r2, [r2, #0]
10002f8c:	e725      	b.n	10002dda <_vsnprintf+0x1fe>
10002f8e:	2846      	cmp	r0, #70	; 0x46
10002f90:	d01a      	beq.n	10002fc8 <_vsnprintf+0x3ec>
10002f92:	9b1c      	ldr	r3, [sp, #112]	; 0x70
10002f94:	3307      	adds	r3, #7
10002f96:	2207      	movs	r2, #7
10002f98:	4393      	bics	r3, r2
10002f9a:	001a      	movs	r2, r3
10002f9c:	3208      	adds	r2, #8
10002f9e:	921c      	str	r2, [sp, #112]	; 0x70
10002fa0:	9404      	str	r4, [sp, #16]
10002fa2:	9a0a      	ldr	r2, [sp, #40]	; 0x28
10002fa4:	9203      	str	r2, [sp, #12]
10002fa6:	4652      	mov	r2, sl
10002fa8:	9202      	str	r2, [sp, #8]
10002faa:	685c      	ldr	r4, [r3, #4]
10002fac:	681b      	ldr	r3, [r3, #0]
10002fae:	9300      	str	r3, [sp, #0]
10002fb0:	9401      	str	r4, [sp, #4]
10002fb2:	4643      	mov	r3, r8
10002fb4:	003a      	movs	r2, r7
10002fb6:	4659      	mov	r1, fp
10002fb8:	0028      	movs	r0, r5
10002fba:	f7ff fc65 	bl	10002888 <_ftoa>
10002fbe:	0007      	movs	r7, r0
10002fc0:	9b11      	ldr	r3, [sp, #68]	; 0x44
10002fc2:	3301      	adds	r3, #1
10002fc4:	9311      	str	r3, [sp, #68]	; 0x44
10002fc6:	e619      	b.n	10002bfc <_vsnprintf+0x20>
10002fc8:	2320      	movs	r3, #32
10002fca:	431c      	orrs	r4, r3
10002fcc:	e7e1      	b.n	10002f92 <_vsnprintf+0x3b6>
10002fce:	2867      	cmp	r0, #103	; 0x67
10002fd0:	d001      	beq.n	10002fd6 <_vsnprintf+0x3fa>
10002fd2:	2847      	cmp	r0, #71	; 0x47
10002fd4:	d102      	bne.n	10002fdc <_vsnprintf+0x400>
10002fd6:	2380      	movs	r3, #128	; 0x80
10002fd8:	011b      	lsls	r3, r3, #4
10002fda:	431c      	orrs	r4, r3
10002fdc:	2845      	cmp	r0, #69	; 0x45
10002fde:	d001      	beq.n	10002fe4 <_vsnprintf+0x408>
10002fe0:	2847      	cmp	r0, #71	; 0x47
10002fe2:	d101      	bne.n	10002fe8 <_vsnprintf+0x40c>
10002fe4:	2320      	movs	r3, #32
10002fe6:	431c      	orrs	r4, r3
10002fe8:	9b1c      	ldr	r3, [sp, #112]	; 0x70
10002fea:	3307      	adds	r3, #7
10002fec:	2207      	movs	r2, #7
10002fee:	4393      	bics	r3, r2
10002ff0:	001a      	movs	r2, r3
10002ff2:	3208      	adds	r2, #8
10002ff4:	921c      	str	r2, [sp, #112]	; 0x70
10002ff6:	9404      	str	r4, [sp, #16]
10002ff8:	9a0a      	ldr	r2, [sp, #40]	; 0x28
10002ffa:	9203      	str	r2, [sp, #12]
10002ffc:	4652      	mov	r2, sl
10002ffe:	9202      	str	r2, [sp, #8]
10003000:	685c      	ldr	r4, [r3, #4]
10003002:	681b      	ldr	r3, [r3, #0]
10003004:	9300      	str	r3, [sp, #0]
10003006:	9401      	str	r4, [sp, #4]
10003008:	4643      	mov	r3, r8
1000300a:	003a      	movs	r2, r7
1000300c:	4659      	mov	r1, fp
1000300e:	0028      	movs	r0, r5
10003010:	f7ff fa30 	bl	10002474 <_etoa>
10003014:	0007      	movs	r7, r0
10003016:	9b11      	ldr	r3, [sp, #68]	; 0x44
10003018:	3301      	adds	r3, #1
1000301a:	9311      	str	r3, [sp, #68]	; 0x44
1000301c:	e5ee      	b.n	10002bfc <_vsnprintf+0x20>
1000301e:	2302      	movs	r3, #2
10003020:	001a      	movs	r2, r3
10003022:	4022      	ands	r2, r4
10003024:	4692      	mov	sl, r2
10003026:	4223      	tst	r3, r4
10003028:	d01f      	beq.n	1000306a <_vsnprintf+0x48e>
1000302a:	2401      	movs	r4, #1
1000302c:	9b1c      	ldr	r3, [sp, #112]	; 0x70
1000302e:	1d1a      	adds	r2, r3, #4
10003030:	921c      	str	r2, [sp, #112]	; 0x70
10003032:	1c7a      	adds	r2, r7, #1
10003034:	4691      	mov	r9, r2
10003036:	7818      	ldrb	r0, [r3, #0]
10003038:	4643      	mov	r3, r8
1000303a:	003a      	movs	r2, r7
1000303c:	4659      	mov	r1, fp
1000303e:	47a8      	blx	r5
10003040:	4653      	mov	r3, sl
10003042:	2b00      	cmp	r3, #0
10003044:	d116      	bne.n	10003074 <_vsnprintf+0x498>
10003046:	9b11      	ldr	r3, [sp, #68]	; 0x44
10003048:	3301      	adds	r3, #1
1000304a:	9311      	str	r3, [sp, #68]	; 0x44
1000304c:	464f      	mov	r7, r9
1000304e:	e5d5      	b.n	10002bfc <_vsnprintf+0x20>
10003050:	1c56      	adds	r6, r2, #1
10003052:	4643      	mov	r3, r8
10003054:	4659      	mov	r1, fp
10003056:	2020      	movs	r0, #32
10003058:	47b8      	blx	r7
1000305a:	0023      	movs	r3, r4
1000305c:	0032      	movs	r2, r6
1000305e:	1c5c      	adds	r4, r3, #1
10003060:	429d      	cmp	r5, r3
10003062:	d8f5      	bhi.n	10003050 <_vsnprintf+0x474>
10003064:	003d      	movs	r5, r7
10003066:	0017      	movs	r7, r2
10003068:	e7e0      	b.n	1000302c <_vsnprintf+0x450>
1000306a:	2301      	movs	r3, #1
1000306c:	003a      	movs	r2, r7
1000306e:	002f      	movs	r7, r5
10003070:	9d0a      	ldr	r5, [sp, #40]	; 0x28
10003072:	e7f4      	b.n	1000305e <_vsnprintf+0x482>
10003074:	464a      	mov	r2, r9
10003076:	46a9      	mov	r9, r5
10003078:	9d0a      	ldr	r5, [sp, #40]	; 0x28
1000307a:	e006      	b.n	1000308a <_vsnprintf+0x4ae>
1000307c:	1c57      	adds	r7, r2, #1
1000307e:	4643      	mov	r3, r8
10003080:	4659      	mov	r1, fp
10003082:	2020      	movs	r0, #32
10003084:	47c8      	blx	r9
10003086:	0034      	movs	r4, r6
10003088:	003a      	movs	r2, r7
1000308a:	1c66      	adds	r6, r4, #1
1000308c:	42a5      	cmp	r5, r4
1000308e:	d8f5      	bhi.n	1000307c <_vsnprintf+0x4a0>
10003090:	464d      	mov	r5, r9
10003092:	4691      	mov	r9, r2
10003094:	e7d7      	b.n	10003046 <_vsnprintf+0x46a>
10003096:	9b1c      	ldr	r3, [sp, #112]	; 0x70
10003098:	1d1a      	adds	r2, r3, #4
1000309a:	921c      	str	r2, [sp, #112]	; 0x70
1000309c:	681b      	ldr	r3, [r3, #0]
1000309e:	4699      	mov	r9, r3
100030a0:	4653      	mov	r3, sl
100030a2:	2b00      	cmp	r3, #0
100030a4:	d100      	bne.n	100030a8 <_vsnprintf+0x4cc>
100030a6:	3b01      	subs	r3, #1
100030a8:	464e      	mov	r6, r9
100030aa:	e001      	b.n	100030b0 <_vsnprintf+0x4d4>
100030ac:	3601      	adds	r6, #1
100030ae:	0013      	movs	r3, r2
100030b0:	7832      	ldrb	r2, [r6, #0]
100030b2:	2a00      	cmp	r2, #0
100030b4:	d002      	beq.n	100030bc <_vsnprintf+0x4e0>
100030b6:	1e5a      	subs	r2, r3, #1
100030b8:	2b00      	cmp	r3, #0
100030ba:	d1f7      	bne.n	100030ac <_vsnprintf+0x4d0>
100030bc:	464b      	mov	r3, r9
100030be:	1af2      	subs	r2, r6, r3
100030c0:	9210      	str	r2, [sp, #64]	; 0x40
100030c2:	2380      	movs	r3, #128	; 0x80
100030c4:	00db      	lsls	r3, r3, #3
100030c6:	0026      	movs	r6, r4
100030c8:	401e      	ands	r6, r3
100030ca:	421c      	tst	r4, r3
100030cc:	d003      	beq.n	100030d6 <_vsnprintf+0x4fa>
100030ce:	4552      	cmp	r2, sl
100030d0:	d901      	bls.n	100030d6 <_vsnprintf+0x4fa>
100030d2:	4653      	mov	r3, sl
100030d4:	9310      	str	r3, [sp, #64]	; 0x40
100030d6:	2302      	movs	r3, #2
100030d8:	001a      	movs	r2, r3
100030da:	4022      	ands	r2, r4
100030dc:	920b      	str	r2, [sp, #44]	; 0x2c
100030de:	4223      	tst	r3, r4
100030e0:	d005      	beq.n	100030ee <_vsnprintf+0x512>
100030e2:	003a      	movs	r2, r7
100030e4:	0037      	movs	r7, r6
100030e6:	464c      	mov	r4, r9
100030e8:	46a9      	mov	r9, r5
100030ea:	4655      	mov	r5, sl
100030ec:	e020      	b.n	10003130 <_vsnprintf+0x554>
100030ee:	003a      	movs	r2, r7
100030f0:	9b10      	ldr	r3, [sp, #64]	; 0x40
100030f2:	465f      	mov	r7, fp
100030f4:	46b3      	mov	fp, r6
100030f6:	002e      	movs	r6, r5
100030f8:	e006      	b.n	10003108 <_vsnprintf+0x52c>
100030fa:	1c55      	adds	r5, r2, #1
100030fc:	4643      	mov	r3, r8
100030fe:	0039      	movs	r1, r7
10003100:	2020      	movs	r0, #32
10003102:	47b0      	blx	r6
10003104:	0023      	movs	r3, r4
10003106:	002a      	movs	r2, r5
10003108:	1c5c      	adds	r4, r3, #1
1000310a:	990a      	ldr	r1, [sp, #40]	; 0x28
1000310c:	4299      	cmp	r1, r3
1000310e:	d8f4      	bhi.n	100030fa <_vsnprintf+0x51e>
10003110:	0035      	movs	r5, r6
10003112:	465e      	mov	r6, fp
10003114:	46bb      	mov	fp, r7
10003116:	9410      	str	r4, [sp, #64]	; 0x40
10003118:	0037      	movs	r7, r6
1000311a:	464c      	mov	r4, r9
1000311c:	46a9      	mov	r9, r5
1000311e:	4655      	mov	r5, sl
10003120:	e006      	b.n	10003130 <_vsnprintf+0x554>
10003122:	001d      	movs	r5, r3
10003124:	3401      	adds	r4, #1
10003126:	1c56      	adds	r6, r2, #1
10003128:	4643      	mov	r3, r8
1000312a:	4659      	mov	r1, fp
1000312c:	47c8      	blx	r9
1000312e:	0032      	movs	r2, r6
10003130:	7820      	ldrb	r0, [r4, #0]
10003132:	2800      	cmp	r0, #0
10003134:	d004      	beq.n	10003140 <_vsnprintf+0x564>
10003136:	2f00      	cmp	r7, #0
10003138:	d0f4      	beq.n	10003124 <_vsnprintf+0x548>
1000313a:	1e6b      	subs	r3, r5, #1
1000313c:	2d00      	cmp	r5, #0
1000313e:	d1f0      	bne.n	10003122 <_vsnprintf+0x546>
10003140:	0017      	movs	r7, r2
10003142:	464d      	mov	r5, r9
10003144:	9b0b      	ldr	r3, [sp, #44]	; 0x2c
10003146:	2b00      	cmp	r3, #0
10003148:	d103      	bne.n	10003152 <_vsnprintf+0x576>
1000314a:	9b11      	ldr	r3, [sp, #68]	; 0x44
1000314c:	3301      	adds	r3, #1
1000314e:	9311      	str	r3, [sp, #68]	; 0x44
10003150:	e554      	b.n	10002bfc <_vsnprintf+0x20>
10003152:	9f0a      	ldr	r7, [sp, #40]	; 0x28
10003154:	9b10      	ldr	r3, [sp, #64]	; 0x40
10003156:	e006      	b.n	10003166 <_vsnprintf+0x58a>
10003158:	1c56      	adds	r6, r2, #1
1000315a:	4643      	mov	r3, r8
1000315c:	4659      	mov	r1, fp
1000315e:	2020      	movs	r0, #32
10003160:	47a8      	blx	r5
10003162:	0023      	movs	r3, r4
10003164:	0032      	movs	r2, r6
10003166:	1c5c      	adds	r4, r3, #1
10003168:	429f      	cmp	r7, r3
1000316a:	d8f5      	bhi.n	10003158 <_vsnprintf+0x57c>
1000316c:	0017      	movs	r7, r2
1000316e:	e7ec      	b.n	1000314a <_vsnprintf+0x56e>
10003170:	2321      	movs	r3, #33	; 0x21
10003172:	431c      	orrs	r4, r3
10003174:	9b1c      	ldr	r3, [sp, #112]	; 0x70
10003176:	1d1a      	adds	r2, r3, #4
10003178:	921c      	str	r2, [sp, #112]	; 0x70
1000317a:	681b      	ldr	r3, [r3, #0]
1000317c:	9300      	str	r3, [sp, #0]
1000317e:	9405      	str	r4, [sp, #20]
10003180:	2308      	movs	r3, #8
10003182:	9304      	str	r3, [sp, #16]
10003184:	4653      	mov	r3, sl
10003186:	9303      	str	r3, [sp, #12]
10003188:	2310      	movs	r3, #16
1000318a:	9302      	str	r3, [sp, #8]
1000318c:	2300      	movs	r3, #0
1000318e:	9301      	str	r3, [sp, #4]
10003190:	4643      	mov	r3, r8
10003192:	003a      	movs	r2, r7
10003194:	4659      	mov	r1, fp
10003196:	0028      	movs	r0, r5
10003198:	f7ff f89c 	bl	100022d4 <_ntoa_long>
1000319c:	0007      	movs	r7, r0
1000319e:	9b11      	ldr	r3, [sp, #68]	; 0x44
100031a0:	3301      	adds	r3, #1
100031a2:	9311      	str	r3, [sp, #68]	; 0x44
100031a4:	e52a      	b.n	10002bfc <_vsnprintf+0x20>
100031a6:	1c7c      	adds	r4, r7, #1
100031a8:	4643      	mov	r3, r8
100031aa:	003a      	movs	r2, r7
100031ac:	4659      	mov	r1, fp
100031ae:	2025      	movs	r0, #37	; 0x25
100031b0:	47a8      	blx	r5
100031b2:	9b11      	ldr	r3, [sp, #68]	; 0x44
100031b4:	3301      	adds	r3, #1
100031b6:	9311      	str	r3, [sp, #68]	; 0x44
100031b8:	0027      	movs	r7, r4
100031ba:	e51f      	b.n	10002bfc <_vsnprintf+0x20>
100031bc:	1c7c      	adds	r4, r7, #1
100031be:	4643      	mov	r3, r8
100031c0:	003a      	movs	r2, r7
100031c2:	4659      	mov	r1, fp
100031c4:	47a8      	blx	r5
100031c6:	9b11      	ldr	r3, [sp, #68]	; 0x44
100031c8:	3301      	adds	r3, #1
100031ca:	9311      	str	r3, [sp, #68]	; 0x44
100031cc:	0027      	movs	r7, r4
100031ce:	e515      	b.n	10002bfc <_vsnprintf+0x20>
100031d0:	4b0a      	ldr	r3, [pc, #40]	; (100031fc <_vsnprintf+0x620>)
100031d2:	469a      	mov	sl, r3
100031d4:	e510      	b.n	10002bf8 <_vsnprintf+0x1c>
100031d6:	46aa      	mov	sl, r5
100031d8:	4547      	cmp	r7, r8
100031da:	d302      	bcc.n	100031e2 <_vsnprintf+0x606>
100031dc:	4643      	mov	r3, r8
100031de:	1e5a      	subs	r2, r3, #1
100031e0:	e000      	b.n	100031e4 <_vsnprintf+0x608>
100031e2:	003a      	movs	r2, r7
100031e4:	4643      	mov	r3, r8
100031e6:	4659      	mov	r1, fp
100031e8:	2000      	movs	r0, #0
100031ea:	47d0      	blx	sl
100031ec:	0038      	movs	r0, r7
100031ee:	b013      	add	sp, #76	; 0x4c
100031f0:	bcf0      	pop	{r4, r5, r6, r7}
100031f2:	46bb      	mov	fp, r7
100031f4:	46b2      	mov	sl, r6
100031f6:	46a9      	mov	r9, r5
100031f8:	46a0      	mov	r8, r4
100031fa:	bdf0      	pop	{r4, r5, r6, r7, pc}
100031fc:	100020e1 	.word	0x100020e1

10003200 <vfctprintf>:
10003200:	b500      	push	{lr}
10003202:	b085      	sub	sp, #20
10003204:	9002      	str	r0, [sp, #8]
10003206:	9103      	str	r1, [sp, #12]
10003208:	2101      	movs	r1, #1
1000320a:	9300      	str	r3, [sp, #0]
1000320c:	0013      	movs	r3, r2
1000320e:	424a      	negs	r2, r1
10003210:	a902      	add	r1, sp, #8
10003212:	4802      	ldr	r0, [pc, #8]	; (1000321c <vfctprintf+0x1c>)
10003214:	f7ff fce2 	bl	10002bdc <_vsnprintf>
10003218:	b005      	add	sp, #20
1000321a:	bd00      	pop	{pc}
1000321c:	100020e3 	.word	0x100020e3

10003220 <__aeabi_bits_init>:
10003220:	4801      	ldr	r0, [pc, #4]	; (10003228 <__aeabi_bits_init+0x8>)
10003222:	2104      	movs	r1, #4
10003224:	4b01      	ldr	r3, [pc, #4]	; (1000322c <__aeabi_bits_init+0xc>)
10003226:	4718      	bx	r3
10003228:	200002b0 	.word	0x200002b0
1000322c:	10003251 	.word	0x10003251

10003230 <rom_func_lookup>:
10003230:	b510      	push	{r4, lr}
10003232:	0001      	movs	r1, r0
10003234:	2318      	movs	r3, #24
10003236:	881b      	ldrh	r3, [r3, #0]
10003238:	2214      	movs	r2, #20
1000323a:	8810      	ldrh	r0, [r2, #0]
1000323c:	4798      	blx	r3
1000323e:	bd10      	pop	{r4, pc}

10003240 <rom_data_lookup>:
10003240:	b510      	push	{r4, lr}
10003242:	0001      	movs	r1, r0
10003244:	2318      	movs	r3, #24
10003246:	881b      	ldrh	r3, [r3, #0]
10003248:	2216      	movs	r2, #22
1000324a:	8810      	ldrh	r0, [r2, #0]
1000324c:	4798      	blx	r3
1000324e:	bd10      	pop	{r4, pc}

10003250 <rom_funcs_lookup>:
10003250:	b5f0      	push	{r4, r5, r6, r7, lr}
10003252:	46c6      	mov	lr, r8
10003254:	b500      	push	{lr}
10003256:	0007      	movs	r7, r0
10003258:	000e      	movs	r6, r1
1000325a:	2500      	movs	r5, #0
1000325c:	2301      	movs	r3, #1
1000325e:	4698      	mov	r8, r3
10003260:	e000      	b.n	10003264 <rom_funcs_lookup+0x14>
10003262:	3501      	adds	r5, #1
10003264:	42b5      	cmp	r5, r6
10003266:	d20a      	bcs.n	1000327e <rom_funcs_lookup+0x2e>
10003268:	00ac      	lsls	r4, r5, #2
1000326a:	193c      	adds	r4, r7, r4
1000326c:	6820      	ldr	r0, [r4, #0]
1000326e:	f7ff ffdf 	bl	10003230 <rom_func_lookup>
10003272:	6020      	str	r0, [r4, #0]
10003274:	2800      	cmp	r0, #0
10003276:	d1f4      	bne.n	10003262 <rom_funcs_lookup+0x12>
10003278:	2300      	movs	r3, #0
1000327a:	4698      	mov	r8, r3
1000327c:	e7f1      	b.n	10003262 <rom_funcs_lookup+0x12>
1000327e:	4640      	mov	r0, r8
10003280:	bc80      	pop	{r7}
10003282:	46b8      	mov	r8, r7
10003284:	bdf0      	pop	{r4, r5, r6, r7, pc}
	...

10003288 <__wrap___aeabi_idiv>:
10003288:	4a12      	ldr	r2, [pc, #72]	; (100032d4 <divmod_s32s32_savestate+0x18>)
1000328a:	6f93      	ldr	r3, [r2, #120]	; 0x78
1000328c:	089b      	lsrs	r3, r3, #2
1000328e:	d215      	bcs.n	100032bc <divmod_s32s32_savestate>

10003290 <divmod_s32s32_unsafe>:
10003290:	6690      	str	r0, [r2, #104]	; 0x68
10003292:	66d1      	str	r1, [r2, #108]	; 0x6c
10003294:	2900      	cmp	r1, #0
10003296:	d005      	beq.n	100032a4 <divmod_s32s32_unsafe+0x14>
10003298:	e7ff      	b.n	1000329a <divmod_s32s32_unsafe+0xa>
1000329a:	e7ff      	b.n	1000329c <divmod_s32s32_unsafe+0xc>
1000329c:	e7ff      	b.n	1000329e <divmod_s32s32_unsafe+0xe>
1000329e:	6f51      	ldr	r1, [r2, #116]	; 0x74
100032a0:	6f10      	ldr	r0, [r2, #112]	; 0x70
100032a2:	4770      	bx	lr
100032a4:	b504      	push	{r2, lr}
100032a6:	2180      	movs	r1, #128	; 0x80
100032a8:	0609      	lsls	r1, r1, #24
100032aa:	17c2      	asrs	r2, r0, #31
100032ac:	4051      	eors	r1, r2
100032ae:	2800      	cmp	r0, #0
100032b0:	d000      	beq.n	100032b4 <divmod_s32s32_unsafe+0x24>
100032b2:	43c8      	mvns	r0, r1
100032b4:	f000 feac 	bl	10004010 <____aeabi_idiv0_veneer>
100032b8:	2100      	movs	r1, #0
100032ba:	bd04      	pop	{r2, pc}

100032bc <divmod_s32s32_savestate>:
100032bc:	b5f0      	push	{r4, r5, r6, r7, lr}
100032be:	6e14      	ldr	r4, [r2, #96]	; 0x60
100032c0:	6e55      	ldr	r5, [r2, #100]	; 0x64
100032c2:	6f57      	ldr	r7, [r2, #116]	; 0x74
100032c4:	6f16      	ldr	r6, [r2, #112]	; 0x70
100032c6:	f7ff ffe3 	bl	10003290 <divmod_s32s32_unsafe>
100032ca:	6614      	str	r4, [r2, #96]	; 0x60
100032cc:	6655      	str	r5, [r2, #100]	; 0x64
100032ce:	6757      	str	r7, [r2, #116]	; 0x74
100032d0:	6716      	str	r6, [r2, #112]	; 0x70
100032d2:	bdf0      	pop	{r4, r5, r6, r7, pc}
100032d4:	d0000000 	.word	0xd0000000

100032d8 <__wrap___aeabi_uidiv>:
100032d8:	4a11      	ldr	r2, [pc, #68]	; (10003320 <divmod_u32u32_savestate+0x18>)
100032da:	6f93      	ldr	r3, [r2, #120]	; 0x78
100032dc:	089b      	lsrs	r3, r3, #2
100032de:	d213      	bcs.n	10003308 <divmod_u32u32_savestate>

100032e0 <divmod_u32u32_unsafe>:
100032e0:	6610      	str	r0, [r2, #96]	; 0x60
100032e2:	6651      	str	r1, [r2, #100]	; 0x64
100032e4:	2900      	cmp	r1, #0
100032e6:	d005      	beq.n	100032f4 <divmod_u32u32_unsafe+0x14>
100032e8:	e7ff      	b.n	100032ea <divmod_u32u32_unsafe+0xa>
100032ea:	e7ff      	b.n	100032ec <divmod_u32u32_unsafe+0xc>
100032ec:	e7ff      	b.n	100032ee <divmod_u32u32_unsafe+0xe>
100032ee:	6f51      	ldr	r1, [r2, #116]	; 0x74
100032f0:	6f10      	ldr	r0, [r2, #112]	; 0x70
100032f2:	4770      	bx	lr
100032f4:	b504      	push	{r2, lr}
100032f6:	2800      	cmp	r0, #0
100032f8:	d001      	beq.n	100032fe <divmod_u32u32_unsafe+0x1e>
100032fa:	2000      	movs	r0, #0
100032fc:	43c0      	mvns	r0, r0
100032fe:	f000 fe87 	bl	10004010 <____aeabi_idiv0_veneer>
10003302:	2100      	movs	r1, #0
10003304:	bd04      	pop	{r2, pc}
10003306:	46c0      	nop			; (mov r8, r8)

10003308 <divmod_u32u32_savestate>:
10003308:	b5f0      	push	{r4, r5, r6, r7, lr}
1000330a:	6e14      	ldr	r4, [r2, #96]	; 0x60
1000330c:	6e55      	ldr	r5, [r2, #100]	; 0x64
1000330e:	6f57      	ldr	r7, [r2, #116]	; 0x74
10003310:	6f16      	ldr	r6, [r2, #112]	; 0x70
10003312:	f7ff ffe5 	bl	100032e0 <divmod_u32u32_unsafe>
10003316:	6614      	str	r4, [r2, #96]	; 0x60
10003318:	6655      	str	r5, [r2, #100]	; 0x64
1000331a:	6757      	str	r7, [r2, #116]	; 0x74
1000331c:	6716      	str	r6, [r2, #112]	; 0x70
1000331e:	bdf0      	pop	{r4, r5, r6, r7, pc}
10003320:	d0000000 	.word	0xd0000000

10003324 <__wrap___aeabi_ldivmod>:
10003324:	4694      	mov	ip, r2
10003326:	4a4a      	ldr	r2, [pc, #296]	; (10003450 <udiv0+0x1a>)
10003328:	6f92      	ldr	r2, [r2, #120]	; 0x78
1000332a:	0892      	lsrs	r2, r2, #2
1000332c:	4662      	mov	r2, ip
1000332e:	d201      	bcs.n	10003334 <divmod_s64s64_savestate>
10003330:	e028      	b.n	10003384 <divmod_s64s64_unsafe>
10003332:	46c0      	nop			; (mov r8, r8)

10003334 <divmod_s64s64_savestate>:
10003334:	b5f0      	push	{r4, r5, r6, r7, lr}
10003336:	4e46      	ldr	r6, [pc, #280]	; (10003450 <udiv0+0x1a>)
10003338:	6e34      	ldr	r4, [r6, #96]	; 0x60
1000333a:	6e75      	ldr	r5, [r6, #100]	; 0x64
1000333c:	6f77      	ldr	r7, [r6, #116]	; 0x74
1000333e:	6f36      	ldr	r6, [r6, #112]	; 0x70
10003340:	f000 f820 	bl	10003384 <divmod_s64s64_unsafe>
10003344:	4694      	mov	ip, r2
10003346:	4a42      	ldr	r2, [pc, #264]	; (10003450 <udiv0+0x1a>)
10003348:	6614      	str	r4, [r2, #96]	; 0x60
1000334a:	6655      	str	r5, [r2, #100]	; 0x64
1000334c:	6757      	str	r7, [r2, #116]	; 0x74
1000334e:	6716      	str	r6, [r2, #112]	; 0x70
10003350:	4662      	mov	r2, ip
10003352:	bdf0      	pop	{r4, r5, r6, r7, pc}

10003354 <__wrap___aeabi_uldivmod>:
10003354:	4694      	mov	ip, r2
10003356:	4a3e      	ldr	r2, [pc, #248]	; (10003450 <udiv0+0x1a>)
10003358:	6f92      	ldr	r2, [r2, #120]	; 0x78
1000335a:	0892      	lsrs	r2, r2, #2
1000335c:	4662      	mov	r2, ip
1000335e:	d201      	bcs.n	10003364 <divmod_u64u64_savestate>
10003360:	e054      	b.n	1000340c <divmod_u64u64_unsafe>
10003362:	46c0      	nop			; (mov r8, r8)

10003364 <divmod_u64u64_savestate>:
10003364:	b5f0      	push	{r4, r5, r6, r7, lr}
10003366:	4e3a      	ldr	r6, [pc, #232]	; (10003450 <udiv0+0x1a>)
10003368:	6e34      	ldr	r4, [r6, #96]	; 0x60
1000336a:	6e75      	ldr	r5, [r6, #100]	; 0x64
1000336c:	6f77      	ldr	r7, [r6, #116]	; 0x74
1000336e:	6f36      	ldr	r6, [r6, #112]	; 0x70
10003370:	f000 f84c 	bl	1000340c <divmod_u64u64_unsafe>
10003374:	4694      	mov	ip, r2
10003376:	4a36      	ldr	r2, [pc, #216]	; (10003450 <udiv0+0x1a>)
10003378:	6614      	str	r4, [r2, #96]	; 0x60
1000337a:	6655      	str	r5, [r2, #100]	; 0x64
1000337c:	6757      	str	r7, [r2, #116]	; 0x74
1000337e:	6716      	str	r6, [r2, #112]	; 0x70
10003380:	4662      	mov	r2, ip
10003382:	bdf0      	pop	{r4, r5, r6, r7, pc}

10003384 <divmod_s64s64_unsafe>:
10003384:	2b00      	cmp	r3, #0
10003386:	db24      	blt.n	100033d2 <l42_1+0x26>
10003388:	d011      	beq.n	100033ae <l42_1+0x2>
1000338a:	2900      	cmp	r1, #0
1000338c:	da3e      	bge.n	1000340c <divmod_u64u64_unsafe>
1000338e:	b500      	push	{lr}
10003390:	43c9      	mvns	r1, r1
10003392:	4240      	negs	r0, r0
10003394:	d100      	bne.n	10003398 <l40_1>
10003396:	3101      	adds	r1, #1

10003398 <l40_1>:
10003398:	f000 f838 	bl	1000340c <divmod_u64u64_unsafe>
1000339c:	43c9      	mvns	r1, r1
1000339e:	4240      	negs	r0, r0
100033a0:	d100      	bne.n	100033a4 <l41_1>
100033a2:	3101      	adds	r1, #1

100033a4 <l41_1>:
100033a4:	43db      	mvns	r3, r3
100033a6:	4252      	negs	r2, r2
100033a8:	d100      	bne.n	100033ac <l42_1>
100033aa:	3301      	adds	r3, #1

100033ac <l42_1>:
100033ac:	bd00      	pop	{pc}
100033ae:	2a00      	cmp	r2, #0
100033b0:	d1eb      	bne.n	1000338a <divmod_s64s64_unsafe+0x6>
100033b2:	2800      	cmp	r0, #0
100033b4:	d101      	bne.n	100033ba <l42_1+0xe>
100033b6:	2900      	cmp	r1, #0
100033b8:	d005      	beq.n	100033c6 <l42_1+0x1a>
100033ba:	2000      	movs	r0, #0
100033bc:	0fc9      	lsrs	r1, r1, #31
100033be:	07c9      	lsls	r1, r1, #31
100033c0:	d101      	bne.n	100033c6 <l42_1+0x1a>
100033c2:	43c0      	mvns	r0, r0
100033c4:	0841      	lsrs	r1, r0, #1
100033c6:	b500      	push	{lr}
100033c8:	f000 fe1a 	bl	10004000 <____aeabi_ldiv0_veneer>
100033cc:	2200      	movs	r2, #0
100033ce:	2300      	movs	r3, #0
100033d0:	bd00      	pop	{pc}
100033d2:	b500      	push	{lr}
100033d4:	2900      	cmp	r1, #0
100033d6:	db0a      	blt.n	100033ee <l44_1+0x2>
100033d8:	43db      	mvns	r3, r3
100033da:	4252      	negs	r2, r2
100033dc:	d100      	bne.n	100033e0 <l43_1>
100033de:	3301      	adds	r3, #1

100033e0 <l43_1>:
100033e0:	f000 f814 	bl	1000340c <divmod_u64u64_unsafe>
100033e4:	43c9      	mvns	r1, r1
100033e6:	4240      	negs	r0, r0
100033e8:	d100      	bne.n	100033ec <l44_1>
100033ea:	3101      	adds	r1, #1

100033ec <l44_1>:
100033ec:	bd00      	pop	{pc}
100033ee:	43c9      	mvns	r1, r1
100033f0:	4240      	negs	r0, r0
100033f2:	d100      	bne.n	100033f6 <l45_1>
100033f4:	3101      	adds	r1, #1

100033f6 <l45_1>:
100033f6:	43db      	mvns	r3, r3
100033f8:	4252      	negs	r2, r2
100033fa:	d100      	bne.n	100033fe <l46_1>
100033fc:	3301      	adds	r3, #1

100033fe <l46_1>:
100033fe:	f000 f805 	bl	1000340c <divmod_u64u64_unsafe>
10003402:	43db      	mvns	r3, r3
10003404:	4252      	negs	r2, r2
10003406:	d100      	bne.n	1000340a <l47_1>
10003408:	3301      	adds	r3, #1

1000340a <l47_1>:
1000340a:	bd00      	pop	{pc}

1000340c <divmod_u64u64_unsafe>:
1000340c:	2900      	cmp	r1, #0
1000340e:	d123      	bne.n	10003458 <y64>
10003410:	2b00      	cmp	r3, #0
10003412:	d118      	bne.n	10003446 <udiv0+0x10>
10003414:	2a00      	cmp	r2, #0
10003416:	d00c      	beq.n	10003432 <divmod_u64u64_unsafe+0x26>
10003418:	46bc      	mov	ip, r7
1000341a:	4f0d      	ldr	r7, [pc, #52]	; (10003450 <udiv0+0x1a>)
1000341c:	6638      	str	r0, [r7, #96]	; 0x60
1000341e:	667a      	str	r2, [r7, #100]	; 0x64
10003420:	2100      	movs	r1, #0
10003422:	2300      	movs	r3, #0
10003424:	e7ff      	b.n	10003426 <divmod_u64u64_unsafe+0x1a>
10003426:	e7ff      	b.n	10003428 <divmod_u64u64_unsafe+0x1c>
10003428:	e7ff      	b.n	1000342a <divmod_u64u64_unsafe+0x1e>
1000342a:	6f7a      	ldr	r2, [r7, #116]	; 0x74
1000342c:	6f38      	ldr	r0, [r7, #112]	; 0x70
1000342e:	4667      	mov	r7, ip
10003430:	4770      	bx	lr
10003432:	2800      	cmp	r0, #0
10003434:	d001      	beq.n	1000343a <udiv0+0x4>

10003436 <udiv0>:
10003436:	4807      	ldr	r0, [pc, #28]	; (10003454 <udiv0+0x1e>)
10003438:	0001      	movs	r1, r0
1000343a:	b500      	push	{lr}
1000343c:	f000 fde0 	bl	10004000 <____aeabi_ldiv0_veneer>
10003440:	2200      	movs	r2, #0
10003442:	2300      	movs	r3, #0
10003444:	bd00      	pop	{pc}
10003446:	0002      	movs	r2, r0
10003448:	000b      	movs	r3, r1
1000344a:	2000      	movs	r0, #0
1000344c:	2100      	movs	r1, #0
1000344e:	4770      	bx	lr
10003450:	d0000000 	.word	0xd0000000
10003454:	ffffffff 	.word	0xffffffff

10003458 <y64>:
10003458:	2b00      	cmp	r3, #0
1000345a:	d000      	beq.n	1000345e <y64+0x6>
1000345c:	e0bf      	b.n	100035de <y64_x48>
1000345e:	0c13      	lsrs	r3, r2, #16
10003460:	d128      	bne.n	100034b4 <y64_x32>
10003462:	2a00      	cmp	r2, #0
10003464:	d0e7      	beq.n	10003436 <udiv0>
10003466:	b480      	push	{r7}
10003468:	4f11      	ldr	r7, [pc, #68]	; (100034b0 <y64+0x58>)
1000346a:	6639      	str	r1, [r7, #96]	; 0x60
1000346c:	667a      	str	r2, [r7, #100]	; 0x64
1000346e:	e7ff      	b.n	10003470 <y64+0x18>
10003470:	e7ff      	b.n	10003472 <y64+0x1a>
10003472:	b430      	push	{r4, r5}
10003474:	0c04      	lsrs	r4, r0, #16
10003476:	6f7b      	ldr	r3, [r7, #116]	; 0x74
10003478:	6f39      	ldr	r1, [r7, #112]	; 0x70
1000347a:	041b      	lsls	r3, r3, #16
1000347c:	4323      	orrs	r3, r4
1000347e:	663b      	str	r3, [r7, #96]	; 0x60
10003480:	667a      	str	r2, [r7, #100]	; 0x64
10003482:	e7ff      	b.n	10003484 <y64+0x2c>
10003484:	e7ff      	b.n	10003486 <y64+0x2e>
10003486:	e7ff      	b.n	10003488 <y64+0x30>
10003488:	46c0      	nop			; (mov r8, r8)
1000348a:	b284      	uxth	r4, r0
1000348c:	6f7b      	ldr	r3, [r7, #116]	; 0x74
1000348e:	6f3d      	ldr	r5, [r7, #112]	; 0x70
10003490:	041b      	lsls	r3, r3, #16
10003492:	4323      	orrs	r3, r4
10003494:	663b      	str	r3, [r7, #96]	; 0x60
10003496:	667a      	str	r2, [r7, #100]	; 0x64
10003498:	e7ff      	b.n	1000349a <y64+0x42>
1000349a:	e7ff      	b.n	1000349c <y64+0x44>
1000349c:	46c0      	nop			; (mov r8, r8)
1000349e:	2300      	movs	r3, #0
100034a0:	042c      	lsls	r4, r5, #16
100034a2:	0c2d      	lsrs	r5, r5, #16
100034a4:	6f7a      	ldr	r2, [r7, #116]	; 0x74
100034a6:	6f38      	ldr	r0, [r7, #112]	; 0x70
100034a8:	1900      	adds	r0, r0, r4
100034aa:	4169      	adcs	r1, r5
100034ac:	bcb0      	pop	{r4, r5, r7}
100034ae:	4770      	bx	lr
100034b0:	d0000000 	.word	0xd0000000

100034b4 <y64_x32>:
100034b4:	b5f0      	push	{r4, r5, r6, r7, lr}
100034b6:	4694      	mov	ip, r2
100034b8:	2500      	movs	r5, #0
100034ba:	0e14      	lsrs	r4, r2, #24
100034bc:	d101      	bne.n	100034c2 <y64_x32+0xe>
100034be:	0212      	lsls	r2, r2, #8
100034c0:	3508      	adds	r5, #8
100034c2:	0f14      	lsrs	r4, r2, #28
100034c4:	d101      	bne.n	100034ca <y64_x32+0x16>
100034c6:	0112      	lsls	r2, r2, #4
100034c8:	3504      	adds	r5, #4
100034ca:	0f94      	lsrs	r4, r2, #30
100034cc:	d101      	bne.n	100034d2 <y64_x32+0x1e>
100034ce:	0092      	lsls	r2, r2, #2
100034d0:	3502      	adds	r5, #2
100034d2:	0fd4      	lsrs	r4, r2, #31
100034d4:	d101      	bne.n	100034da <y64_x32+0x26>
100034d6:	0052      	lsls	r2, r2, #1
100034d8:	3501      	adds	r5, #1
100034da:	0bd4      	lsrs	r4, r2, #15
100034dc:	3401      	adds	r4, #1
100034de:	4f25      	ldr	r7, [pc, #148]	; (10003574 <y64_x32+0xc0>)
100034e0:	667c      	str	r4, [r7, #100]	; 0x64
100034e2:	4c25      	ldr	r4, [pc, #148]	; (10003578 <y64_x32+0xc4>)
100034e4:	663c      	str	r4, [r7, #96]	; 0x60
100034e6:	0c0e      	lsrs	r6, r1, #16
100034e8:	b293      	uxth	r3, r2
100034ea:	e7ff      	b.n	100034ec <y64_x32+0x38>
100034ec:	e7ff      	b.n	100034ee <y64_x32+0x3a>
100034ee:	e7ff      	b.n	100034f0 <y64_x32+0x3c>
100034f0:	6f3c      	ldr	r4, [r7, #112]	; 0x70
100034f2:	4366      	muls	r6, r4
100034f4:	0c36      	lsrs	r6, r6, #16
100034f6:	0377      	lsls	r7, r6, #13
100034f8:	46be      	mov	lr, r7
100034fa:	4373      	muls	r3, r6
100034fc:	0bdf      	lsrs	r7, r3, #15
100034fe:	045b      	lsls	r3, r3, #17
10003500:	1ac0      	subs	r0, r0, r3
10003502:	41b9      	sbcs	r1, r7
10003504:	0c13      	lsrs	r3, r2, #16
10003506:	4373      	muls	r3, r6
10003508:	18db      	adds	r3, r3, r3
1000350a:	1ac9      	subs	r1, r1, r3
1000350c:	08ce      	lsrs	r6, r1, #3
1000350e:	4366      	muls	r6, r4
10003510:	0c36      	lsrs	r6, r6, #16
10003512:	44b6      	add	lr, r6
10003514:	b293      	uxth	r3, r2
10003516:	4373      	muls	r3, r6
10003518:	0f1f      	lsrs	r7, r3, #28
1000351a:	011b      	lsls	r3, r3, #4
1000351c:	1ac0      	subs	r0, r0, r3
1000351e:	41b9      	sbcs	r1, r7
10003520:	0c13      	lsrs	r3, r2, #16
10003522:	4373      	muls	r3, r6
10003524:	0b1f      	lsrs	r7, r3, #12
10003526:	051b      	lsls	r3, r3, #20
10003528:	1ac0      	subs	r0, r0, r3
1000352a:	41b9      	sbcs	r1, r7
1000352c:	0d86      	lsrs	r6, r0, #22
1000352e:	028f      	lsls	r7, r1, #10
10003530:	433e      	orrs	r6, r7
10003532:	4366      	muls	r6, r4
10003534:	0c36      	lsrs	r6, r6, #16
10003536:	2d09      	cmp	r5, #9
10003538:	db24      	blt.n	10003584 <last0>
1000353a:	0a52      	lsrs	r2, r2, #9
1000353c:	4372      	muls	r2, r6
1000353e:	1a80      	subs	r0, r0, r2
10003540:	0377      	lsls	r7, r6, #13
10003542:	0a46      	lsrs	r6, r0, #9
10003544:	4366      	muls	r6, r4
10003546:	0c36      	lsrs	r6, r6, #16
10003548:	2316      	movs	r3, #22
1000354a:	1b5b      	subs	r3, r3, r5
1000354c:	40de      	lsrs	r6, r3
1000354e:	40df      	lsrs	r7, r3
10003550:	19bf      	adds	r7, r7, r6
10003552:	4664      	mov	r4, ip
10003554:	4366      	muls	r6, r4
10003556:	1b82      	subs	r2, r0, r6
10003558:	4670      	mov	r0, lr
1000355a:	3504      	adds	r5, #4
1000355c:	3306      	adds	r3, #6
1000355e:	0001      	movs	r1, r0
10003560:	40d9      	lsrs	r1, r3
10003562:	40a8      	lsls	r0, r5
10003564:	19c0      	adds	r0, r0, r7
10003566:	d300      	bcc.n	1000356a <y64_x32+0xb6>
10003568:	3101      	adds	r1, #1
1000356a:	42a2      	cmp	r2, r4
1000356c:	d206      	bcs.n	1000357c <y64_x32+0xc8>
1000356e:	2300      	movs	r3, #0
10003570:	bdf0      	pop	{r4, r5, r6, r7, pc}
10003572:	0000      	.short	0x0000
10003574:	d0000000 	.word	0xd0000000
10003578:	ffffffff 	.word	0xffffffff
1000357c:	1b12      	subs	r2, r2, r4
1000357e:	3001      	adds	r0, #1
10003580:	d3f3      	bcc.n	1000356a <y64_x32+0xb6>
10003582:	e7f1      	b.n	10003568 <y64_x32+0xb4>

10003584 <last0>:
10003584:	2709      	movs	r7, #9
10003586:	1b7f      	subs	r7, r7, r5
10003588:	40fe      	lsrs	r6, r7
1000358a:	4664      	mov	r4, ip
1000358c:	b2a2      	uxth	r2, r4
1000358e:	4372      	muls	r2, r6
10003590:	1a80      	subs	r0, r0, r2
10003592:	d200      	bcs.n	10003596 <last0+0x12>
10003594:	3901      	subs	r1, #1
10003596:	0c22      	lsrs	r2, r4, #16
10003598:	4372      	muls	r2, r6
1000359a:	0c13      	lsrs	r3, r2, #16
1000359c:	0412      	lsls	r2, r2, #16
1000359e:	1a82      	subs	r2, r0, r2
100035a0:	4199      	sbcs	r1, r3
100035a2:	000b      	movs	r3, r1
100035a4:	4670      	mov	r0, lr
100035a6:	3504      	adds	r5, #4
100035a8:	3713      	adds	r7, #19
100035aa:	0001      	movs	r1, r0
100035ac:	40f9      	lsrs	r1, r7
100035ae:	40a8      	lsls	r0, r5
100035b0:	1980      	adds	r0, r0, r6
100035b2:	d300      	bcc.n	100035b6 <last0+0x32>
100035b4:	3101      	adds	r1, #1
100035b6:	2b00      	cmp	r3, #0
100035b8:	d102      	bne.n	100035c0 <last0+0x3c>
100035ba:	42a2      	cmp	r2, r4
100035bc:	d20a      	bcs.n	100035d4 <last0+0x50>
100035be:	bdf0      	pop	{r4, r5, r6, r7, pc}
100035c0:	3001      	adds	r0, #1
100035c2:	d300      	bcc.n	100035c6 <last0+0x42>
100035c4:	3101      	adds	r1, #1
100035c6:	1b12      	subs	r2, r2, r4
100035c8:	d2fa      	bcs.n	100035c0 <last0+0x3c>
100035ca:	3b01      	subs	r3, #1
100035cc:	d1f8      	bne.n	100035c0 <last0+0x3c>
100035ce:	42a2      	cmp	r2, r4
100035d0:	d200      	bcs.n	100035d4 <last0+0x50>
100035d2:	bdf0      	pop	{r4, r5, r6, r7, pc}
100035d4:	3001      	adds	r0, #1
100035d6:	d300      	bcc.n	100035da <last0+0x56>
100035d8:	3101      	adds	r1, #1
100035da:	1b12      	subs	r2, r2, r4
100035dc:	e7f7      	b.n	100035ce <last0+0x4a>

100035de <y64_x48>:
100035de:	b5f0      	push	{r4, r5, r6, r7, lr}
100035e0:	0c1c      	lsrs	r4, r3, #16
100035e2:	d000      	beq.n	100035e6 <y64_x48+0x8>
100035e4:	e080      	b.n	100036e8 <y64_x64>
100035e6:	b40c      	push	{r2, r3}
100035e8:	2500      	movs	r5, #0
100035ea:	0a1c      	lsrs	r4, r3, #8
100035ec:	d104      	bne.n	100035f8 <y64_x48+0x1a>
100035ee:	021b      	lsls	r3, r3, #8
100035f0:	0e16      	lsrs	r6, r2, #24
100035f2:	4333      	orrs	r3, r6
100035f4:	0212      	lsls	r2, r2, #8
100035f6:	3508      	adds	r5, #8
100035f8:	0b1c      	lsrs	r4, r3, #12
100035fa:	d104      	bne.n	10003606 <y64_x48+0x28>
100035fc:	011b      	lsls	r3, r3, #4
100035fe:	0f16      	lsrs	r6, r2, #28
10003600:	4333      	orrs	r3, r6
10003602:	0112      	lsls	r2, r2, #4
10003604:	3504      	adds	r5, #4
10003606:	0b9c      	lsrs	r4, r3, #14
10003608:	d104      	bne.n	10003614 <y64_x48+0x36>
1000360a:	009b      	lsls	r3, r3, #2
1000360c:	0f96      	lsrs	r6, r2, #30
1000360e:	4333      	orrs	r3, r6
10003610:	0092      	lsls	r2, r2, #2
10003612:	3502      	adds	r5, #2
10003614:	0bdc      	lsrs	r4, r3, #15
10003616:	d102      	bne.n	1000361e <y64_x48+0x40>
10003618:	1892      	adds	r2, r2, r2
1000361a:	415b      	adcs	r3, r3
1000361c:	3501      	adds	r5, #1
1000361e:	001c      	movs	r4, r3
10003620:	1897      	adds	r7, r2, r2
10003622:	4164      	adcs	r4, r4
10003624:	3401      	adds	r4, #1
10003626:	4f46      	ldr	r7, [pc, #280]	; (10003740 <y64_x64+0x58>)
10003628:	667c      	str	r4, [r7, #100]	; 0x64
1000362a:	4c46      	ldr	r4, [pc, #280]	; (10003744 <y64_x64+0x5c>)
1000362c:	663c      	str	r4, [r7, #96]	; 0x60
1000362e:	0c0e      	lsrs	r6, r1, #16
10003630:	e7ff      	b.n	10003632 <y64_x48+0x54>
10003632:	e7ff      	b.n	10003634 <y64_x48+0x56>
10003634:	e7ff      	b.n	10003636 <y64_x48+0x58>
10003636:	46c0      	nop			; (mov r8, r8)
10003638:	6f3c      	ldr	r4, [r7, #112]	; 0x70
1000363a:	4366      	muls	r6, r4
1000363c:	0c36      	lsrs	r6, r6, #16
1000363e:	0377      	lsls	r7, r6, #13
10003640:	46be      	mov	lr, r7
10003642:	b297      	uxth	r7, r2
10003644:	4377      	muls	r7, r6
10003646:	1bc0      	subs	r0, r0, r7
10003648:	d200      	bcs.n	1000364c <y64_x48+0x6e>
1000364a:	3901      	subs	r1, #1
1000364c:	1bc0      	subs	r0, r0, r7
1000364e:	d200      	bcs.n	10003652 <y64_x48+0x74>
10003650:	3901      	subs	r1, #1
10003652:	b29f      	uxth	r7, r3
10003654:	4377      	muls	r7, r6
10003656:	1bc9      	subs	r1, r1, r7
10003658:	1bc9      	subs	r1, r1, r7
1000365a:	0c17      	lsrs	r7, r2, #16
1000365c:	4377      	muls	r7, r6
1000365e:	047e      	lsls	r6, r7, #17
10003660:	0bff      	lsrs	r7, r7, #15
10003662:	1b80      	subs	r0, r0, r6
10003664:	41b9      	sbcs	r1, r7
10003666:	08ce      	lsrs	r6, r1, #3
10003668:	4366      	muls	r6, r4
1000366a:	0c36      	lsrs	r6, r6, #16
1000366c:	2d0c      	cmp	r5, #12
1000366e:	db33      	blt.n	100036d8 <last1>
10003670:	44b6      	add	lr, r6
10003672:	0b12      	lsrs	r2, r2, #12
10003674:	051f      	lsls	r7, r3, #20
10003676:	433a      	orrs	r2, r7
10003678:	0b1b      	lsrs	r3, r3, #12
1000367a:	b297      	uxth	r7, r2
1000367c:	4377      	muls	r7, r6
1000367e:	1bc0      	subs	r0, r0, r7
10003680:	d200      	bcs.n	10003684 <y64_x48+0xa6>
10003682:	3901      	subs	r1, #1
10003684:	b29f      	uxth	r7, r3
10003686:	4377      	muls	r7, r6
10003688:	1bc9      	subs	r1, r1, r7
1000368a:	0c17      	lsrs	r7, r2, #16
1000368c:	4377      	muls	r7, r6
1000368e:	043e      	lsls	r6, r7, #16
10003690:	0c3f      	lsrs	r7, r7, #16
10003692:	1b80      	subs	r0, r0, r6
10003694:	41b9      	sbcs	r1, r7
10003696:	0d86      	lsrs	r6, r0, #22
10003698:	028f      	lsls	r7, r1, #10
1000369a:	433e      	orrs	r6, r7
1000369c:	4366      	muls	r6, r4
1000369e:	2729      	movs	r7, #41	; 0x29
100036a0:	1b7f      	subs	r7, r7, r5
100036a2:	40fe      	lsrs	r6, r7
100036a4:	3d0c      	subs	r5, #12
100036a6:	4677      	mov	r7, lr
100036a8:	40af      	lsls	r7, r5
100036aa:	19bf      	adds	r7, r7, r6
100036ac:	bc30      	pop	{r4, r5}
100036ae:	b2a2      	uxth	r2, r4
100036b0:	b2ab      	uxth	r3, r5
100036b2:	4372      	muls	r2, r6
100036b4:	4373      	muls	r3, r6
100036b6:	1a80      	subs	r0, r0, r2
100036b8:	4199      	sbcs	r1, r3
100036ba:	0c22      	lsrs	r2, r4, #16
100036bc:	4372      	muls	r2, r6
100036be:	0c13      	lsrs	r3, r2, #16
100036c0:	0412      	lsls	r2, r2, #16
100036c2:	1a80      	subs	r0, r0, r2
100036c4:	4199      	sbcs	r1, r3
100036c6:	0002      	movs	r2, r0
100036c8:	000b      	movs	r3, r1
100036ca:	3701      	adds	r7, #1
100036cc:	1b00      	subs	r0, r0, r4
100036ce:	41a9      	sbcs	r1, r5
100036d0:	d2f9      	bcs.n	100036c6 <y64_x48+0xe8>
100036d2:	1e78      	subs	r0, r7, #1
100036d4:	2100      	movs	r1, #0
100036d6:	bdf0      	pop	{r4, r5, r6, r7, pc}

100036d8 <last1>:
100036d8:	270c      	movs	r7, #12
100036da:	1b7f      	subs	r7, r7, r5
100036dc:	40fe      	lsrs	r6, r7
100036de:	4677      	mov	r7, lr
100036e0:	0b7f      	lsrs	r7, r7, #13
100036e2:	40af      	lsls	r7, r5
100036e4:	19ff      	adds	r7, r7, r7
100036e6:	e7e0      	b.n	100036aa <y64_x48+0xcc>

100036e8 <y64_x64>:
100036e8:	2400      	movs	r4, #0
100036ea:	1c5d      	adds	r5, r3, #1
100036ec:	d007      	beq.n	100036fe <y64_x64+0x16>
100036ee:	4f14      	ldr	r7, [pc, #80]	; (10003740 <y64_x64+0x58>)
100036f0:	667d      	str	r5, [r7, #100]	; 0x64
100036f2:	6639      	str	r1, [r7, #96]	; 0x60
100036f4:	e7ff      	b.n	100036f6 <y64_x64+0xe>
100036f6:	e7ff      	b.n	100036f8 <y64_x64+0x10>
100036f8:	e7ff      	b.n	100036fa <y64_x64+0x12>
100036fa:	e7ff      	b.n	100036fc <y64_x64+0x14>
100036fc:	6f3c      	ldr	r4, [r7, #112]	; 0x70
100036fe:	b295      	uxth	r5, r2
10003700:	b29e      	uxth	r6, r3
10003702:	4365      	muls	r5, r4
10003704:	4366      	muls	r6, r4
10003706:	1b40      	subs	r0, r0, r5
10003708:	41b1      	sbcs	r1, r6
1000370a:	0c15      	lsrs	r5, r2, #16
1000370c:	0c1e      	lsrs	r6, r3, #16
1000370e:	4365      	muls	r5, r4
10003710:	4366      	muls	r6, r4
10003712:	0436      	lsls	r6, r6, #16
10003714:	0c2f      	lsrs	r7, r5, #16
10003716:	433e      	orrs	r6, r7
10003718:	042d      	lsls	r5, r5, #16
1000371a:	1b40      	subs	r0, r0, r5
1000371c:	41b1      	sbcs	r1, r6
1000371e:	4299      	cmp	r1, r3
10003720:	d204      	bcs.n	1000372c <y64_x64+0x44>
10003722:	0002      	movs	r2, r0
10003724:	000b      	movs	r3, r1
10003726:	0020      	movs	r0, r4
10003728:	2100      	movs	r1, #0
1000372a:	bdf0      	pop	{r4, r5, r6, r7, pc}
1000372c:	d101      	bne.n	10003732 <y64_x64+0x4a>
1000372e:	4290      	cmp	r0, r2
10003730:	d3f7      	bcc.n	10003722 <y64_x64+0x3a>
10003732:	1a80      	subs	r0, r0, r2
10003734:	4199      	sbcs	r1, r3
10003736:	3401      	adds	r4, #1
10003738:	4299      	cmp	r1, r3
1000373a:	d3f2      	bcc.n	10003722 <y64_x64+0x3a>
1000373c:	e7f6      	b.n	1000372c <y64_x64+0x44>
1000373e:	0000      	.short	0x0000
10003740:	d0000000 	.word	0xd0000000
10003744:	ffffffff 	.word	0xffffffff

10003748 <__wrap___aeabi_drsub>:
10003748:	4048      	eors	r0, r1
1000374a:	4041      	eors	r1, r0
1000374c:	4048      	eors	r0, r1

1000374e <__wrap___aeabi_dsub>:
1000374e:	b418      	push	{r3, r4}
10003750:	4b13      	ldr	r3, [pc, #76]	; (100037a0 <__wrap___aeabi_dmul+0xa>)
10003752:	685b      	ldr	r3, [r3, #4]
10003754:	9301      	str	r3, [sp, #4]
10003756:	bd08      	pop	{r3, pc}

10003758 <__wrap___aeabi_dadd>:
10003758:	b418      	push	{r3, r4}
1000375a:	4b11      	ldr	r3, [pc, #68]	; (100037a0 <__wrap___aeabi_dmul+0xa>)
1000375c:	681b      	ldr	r3, [r3, #0]
1000375e:	9301      	str	r3, [sp, #4]
10003760:	bd08      	pop	{r3, pc}

10003762 <__wrap___aeabi_ddiv>:
10003762:	4694      	mov	ip, r2
10003764:	4a0f      	ldr	r2, [pc, #60]	; (100037a4 <__wrap___aeabi_dmul+0xe>)
10003766:	6f92      	ldr	r2, [r2, #120]	; 0x78
10003768:	0892      	lsrs	r2, r2, #2
1000376a:	d205      	bcs.n	10003778 <ddiv_save_state>
1000376c:	4662      	mov	r2, ip

1000376e <ddiv_shim_call>:
1000376e:	b418      	push	{r3, r4}
10003770:	4b0b      	ldr	r3, [pc, #44]	; (100037a0 <__wrap___aeabi_dmul+0xa>)
10003772:	68db      	ldr	r3, [r3, #12]
10003774:	9301      	str	r3, [sp, #4]
10003776:	bd08      	pop	{r3, pc}

10003778 <ddiv_save_state>:
10003778:	4a0a      	ldr	r2, [pc, #40]	; (100037a4 <__wrap___aeabi_dmul+0xe>)
1000377a:	b5f0      	push	{r4, r5, r6, r7, lr}
1000377c:	6e14      	ldr	r4, [r2, #96]	; 0x60
1000377e:	6e55      	ldr	r5, [r2, #100]	; 0x64
10003780:	6f57      	ldr	r7, [r2, #116]	; 0x74
10003782:	6f16      	ldr	r6, [r2, #112]	; 0x70
10003784:	4662      	mov	r2, ip
10003786:	f7ff fff2 	bl	1000376e <ddiv_shim_call>
1000378a:	4a06      	ldr	r2, [pc, #24]	; (100037a4 <__wrap___aeabi_dmul+0xe>)
1000378c:	6614      	str	r4, [r2, #96]	; 0x60
1000378e:	6655      	str	r5, [r2, #100]	; 0x64
10003790:	6757      	str	r7, [r2, #116]	; 0x74
10003792:	6716      	str	r6, [r2, #112]	; 0x70
10003794:	bdf0      	pop	{r4, r5, r6, r7, pc}

10003796 <__wrap___aeabi_dmul>:
10003796:	b418      	push	{r3, r4}
10003798:	4b01      	ldr	r3, [pc, #4]	; (100037a0 <__wrap___aeabi_dmul+0xa>)
1000379a:	689b      	ldr	r3, [r3, #8]
1000379c:	9301      	str	r3, [sp, #4]
1000379e:	bd08      	pop	{r3, pc}
100037a0:	200004c0 	.word	0x200004c0
100037a4:	d0000000 	.word	0xd0000000

100037a8 <__wrap___aeabi_cdrcmple>:
100037a8:	b5ff      	push	{r0, r1, r2, r3, r4, r5, r6, r7, lr}
100037aa:	4050      	eors	r0, r2
100037ac:	4042      	eors	r2, r0
100037ae:	4050      	eors	r0, r2
100037b0:	4059      	eors	r1, r3
100037b2:	404b      	eors	r3, r1
100037b4:	4059      	eors	r1, r3
100037b6:	e000      	b.n	100037ba <__aeabi_dfcmple_guts>

100037b8 <__wrap___aeabi_cdcmpeq>:
100037b8:	b5ff      	push	{r0, r1, r2, r3, r4, r5, r6, r7, lr}

100037ba <__aeabi_dfcmple_guts>:
100037ba:	4f15      	ldr	r7, [pc, #84]	; (10003810 <__aeabi_dfcmple_guts+0x56>)
100037bc:	004c      	lsls	r4, r1, #1
100037be:	0d64      	lsrs	r4, r4, #21
100037c0:	d003      	beq.n	100037ca <__aeabi_dfcmple_guts+0x10>
100037c2:	42bc      	cmp	r4, r7
100037c4:	d104      	bne.n	100037d0 <__aeabi_dfcmple_guts+0x16>
100037c6:	030c      	lsls	r4, r1, #12
100037c8:	d814      	bhi.n	100037f4 <__aeabi_dfcmple_guts+0x3a>
100037ca:	2000      	movs	r0, #0
100037cc:	0d09      	lsrs	r1, r1, #20
100037ce:	0509      	lsls	r1, r1, #20
100037d0:	005c      	lsls	r4, r3, #1
100037d2:	0d64      	lsrs	r4, r4, #21
100037d4:	d003      	beq.n	100037de <__aeabi_dfcmple_guts+0x24>
100037d6:	42bc      	cmp	r4, r7
100037d8:	d104      	bne.n	100037e4 <__aeabi_dfcmple_guts+0x2a>
100037da:	031c      	lsls	r4, r3, #12
100037dc:	d80a      	bhi.n	100037f4 <__aeabi_dfcmple_guts+0x3a>
100037de:	2200      	movs	r2, #0
100037e0:	0d1b      	lsrs	r3, r3, #20
100037e2:	051b      	lsls	r3, r3, #20
100037e4:	2601      	movs	r6, #1
100037e6:	404b      	eors	r3, r1
100037e8:	d409      	bmi.n	100037fe <__aeabi_dfcmple_guts+0x44>
100037ea:	404b      	eors	r3, r1
100037ec:	d503      	bpl.n	100037f6 <__aeabi_dfcmple_guts+0x3c>
100037ee:	428b      	cmp	r3, r1
100037f0:	d100      	bne.n	100037f4 <__aeabi_dfcmple_guts+0x3a>
100037f2:	4282      	cmp	r2, r0
100037f4:	bdff      	pop	{r0, r1, r2, r3, r4, r5, r6, r7, pc}
100037f6:	4299      	cmp	r1, r3
100037f8:	d1fc      	bne.n	100037f4 <__aeabi_dfcmple_guts+0x3a>
100037fa:	4290      	cmp	r0, r2
100037fc:	bdff      	pop	{r0, r1, r2, r3, r4, r5, r6, r7, pc}
100037fe:	430b      	orrs	r3, r1
10003800:	18db      	adds	r3, r3, r3
10003802:	4303      	orrs	r3, r0
10003804:	4313      	orrs	r3, r2
10003806:	d0f5      	beq.n	100037f4 <__aeabi_dfcmple_guts+0x3a>
10003808:	43c9      	mvns	r1, r1
1000380a:	1849      	adds	r1, r1, r1
1000380c:	bdff      	pop	{r0, r1, r2, r3, r4, r5, r6, r7, pc}
1000380e:	0000      	.short	0x0000
10003810:	000007ff 	.word	0x000007ff

10003814 <__wrap___aeabi_dcmplt>:
10003814:	b500      	push	{lr}
10003816:	f7ff ffcf 	bl	100037b8 <__wrap___aeabi_cdcmpeq>
1000381a:	4180      	sbcs	r0, r0
1000381c:	bd00      	pop	{pc}
1000381e:	46c0      	nop			; (mov r8, r8)

10003820 <__wrap___aeabi_dcmple>:
10003820:	b500      	push	{lr}
10003822:	f7ff ffc9 	bl	100037b8 <__wrap___aeabi_cdcmpeq>
10003826:	d901      	bls.n	1000382c <__wrap___aeabi_dcmple+0xc>
10003828:	2000      	movs	r0, #0
1000382a:	bd00      	pop	{pc}
1000382c:	2001      	movs	r0, #1
1000382e:	bd00      	pop	{pc}

10003830 <__wrap___aeabi_dcmpge>:
10003830:	b500      	push	{lr}
10003832:	f7ff ffb9 	bl	100037a8 <__wrap___aeabi_cdrcmple>
10003836:	d901      	bls.n	1000383c <__wrap___aeabi_dcmpge+0xc>
10003838:	2000      	movs	r0, #0
1000383a:	bd00      	pop	{pc}
1000383c:	2001      	movs	r0, #1
1000383e:	bd00      	pop	{pc}

10003840 <__wrap___aeabi_dcmpgt>:
10003840:	b500      	push	{lr}
10003842:	f7ff ffb1 	bl	100037a8 <__wrap___aeabi_cdrcmple>
10003846:	4180      	sbcs	r0, r0
10003848:	bd00      	pop	{pc}

1000384a <__wrap___aeabi_dcmpun>:
1000384a:	2001      	movs	r0, #1
1000384c:	0540      	lsls	r0, r0, #21
1000384e:	004a      	lsls	r2, r1, #1
10003850:	1812      	adds	r2, r2, r0
10003852:	d804      	bhi.n	1000385e <__wrap___aeabi_dcmpun+0x14>
10003854:	005a      	lsls	r2, r3, #1
10003856:	1812      	adds	r2, r2, r0
10003858:	d801      	bhi.n	1000385e <__wrap___aeabi_dcmpun+0x14>
1000385a:	2000      	movs	r0, #0
1000385c:	4770      	bx	lr
1000385e:	2001      	movs	r0, #1
10003860:	4770      	bx	lr
10003862:	2000      	movs	r0, #0
10003864:	4770      	bx	lr
	...

10003868 <__wrap___aeabi_ui2d>:
10003868:	2100      	movs	r1, #0
1000386a:	2800      	cmp	r0, #0
1000386c:	d105      	bne.n	1000387a <__wrap___aeabi_i2d+0xa>
1000386e:	4770      	bx	lr

10003870 <__wrap___aeabi_i2d>:
10003870:	17c1      	asrs	r1, r0, #31
10003872:	4048      	eors	r0, r1
10003874:	1a40      	subs	r0, r0, r1
10003876:	d0fa      	beq.n	1000386e <__wrap___aeabi_ui2d+0x6>
10003878:	07c9      	lsls	r1, r1, #31
1000387a:	b513      	push	{r0, r1, r4, lr}
1000387c:	4b06      	ldr	r3, [pc, #24]	; (10003898 <__wrap___aeabi_i2d+0x28>)
1000387e:	681b      	ldr	r3, [r3, #0]
10003880:	4798      	blx	r3
10003882:	bc0c      	pop	{r2, r3}
10003884:	1c44      	adds	r4, r0, #1
10003886:	40a2      	lsls	r2, r4
10003888:	0510      	lsls	r0, r2, #20
1000388a:	0b12      	lsrs	r2, r2, #12
1000388c:	4903      	ldr	r1, [pc, #12]	; (1000389c <__wrap___aeabi_i2d+0x2c>)
1000388e:	1b09      	subs	r1, r1, r4
10003890:	0509      	lsls	r1, r1, #20
10003892:	4319      	orrs	r1, r3
10003894:	4311      	orrs	r1, r2
10003896:	bd10      	pop	{r4, pc}
10003898:	200005c0 	.word	0x200005c0
1000389c:	0000041f 	.word	0x0000041f

100038a0 <__wrap___aeabi_d2iz>:
100038a0:	b510      	push	{r4, lr}
100038a2:	004c      	lsls	r4, r1, #1
100038a4:	0d62      	lsrs	r2, r4, #21
100038a6:	2380      	movs	r3, #128	; 0x80
100038a8:	18d2      	adds	r2, r2, r3
100038aa:	00db      	lsls	r3, r3, #3
100038ac:	1ad2      	subs	r2, r2, r3
100038ae:	055b      	lsls	r3, r3, #21
100038b0:	2a7e      	cmp	r2, #126	; 0x7e
100038b2:	dd10      	ble.n	100038d6 <__wrap___aeabi_d2iz+0x36>
100038b4:	3a9e      	subs	r2, #158	; 0x9e
100038b6:	da13      	bge.n	100038e0 <__wrap___aeabi_d2iz+0x40>
100038b8:	17cc      	asrs	r4, r1, #31
100038ba:	0309      	lsls	r1, r1, #12
100038bc:	0849      	lsrs	r1, r1, #1
100038be:	4319      	orrs	r1, r3
100038c0:	4252      	negs	r2, r2
100038c2:	40d1      	lsrs	r1, r2
100038c4:	0064      	lsls	r4, r4, #1
100038c6:	3401      	adds	r4, #1
100038c8:	3215      	adds	r2, #21
100038ca:	2a20      	cmp	r2, #32
100038cc:	da05      	bge.n	100038da <__wrap___aeabi_d2iz+0x3a>
100038ce:	40d0      	lsrs	r0, r2
100038d0:	4308      	orrs	r0, r1
100038d2:	4360      	muls	r0, r4
100038d4:	bd10      	pop	{r4, pc}
100038d6:	2000      	movs	r0, #0
100038d8:	bd10      	pop	{r4, pc}
100038da:	4608      	mov	r0, r1
100038dc:	4360      	muls	r0, r4
100038de:	bd10      	pop	{r4, pc}
100038e0:	0fc8      	lsrs	r0, r1, #31
100038e2:	18c0      	adds	r0, r0, r3
100038e4:	3801      	subs	r0, #1
100038e6:	bd10      	pop	{r4, pc}

100038e8 <__wrap___aeabi_d2uiz>:
100038e8:	b418      	push	{r3, r4}
100038ea:	4b02      	ldr	r3, [pc, #8]	; (100038f4 <__wrap___aeabi_d2uiz+0xc>)
100038ec:	6a5b      	ldr	r3, [r3, #36]	; 0x24
100038ee:	9301      	str	r3, [sp, #4]
100038f0:	bd08      	pop	{r3, pc}
100038f2:	0000      	.short	0x0000
100038f4:	200004c0 	.word	0x200004c0

100038f8 <missing_double_func_shim>:
100038f8:	b510      	push	{r4, lr}
100038fa:	4801      	ldr	r0, [pc, #4]	; (10003900 <missing_double_func_shim+0x8>)
100038fc:	f7fe fbd8 	bl	100020b0 <panic>
10003900:	10004e98 	.word	0x10004e98

10003904 <__aeabi_double_init>:
10003904:	b570      	push	{r4, r5, r6, lr}
10003906:	2313      	movs	r3, #19
10003908:	781c      	ldrb	r4, [r3, #0]
1000390a:	2c01      	cmp	r4, #1
1000390c:	d014      	beq.n	10003938 <__aeabi_double_init+0x34>
1000390e:	2c01      	cmp	r4, #1
10003910:	dc14      	bgt.n	1000393c <__aeabi_double_init+0x38>
10003912:	2c02      	cmp	r4, #2
10003914:	dc02      	bgt.n	1000391c <__aeabi_double_init+0x18>
10003916:	4a1f      	ldr	r2, [pc, #124]	; (10003994 <__aeabi_double_init+0x90>)
10003918:	4b1f      	ldr	r3, [pc, #124]	; (10003998 <__aeabi_double_init+0x94>)
1000391a:	649a      	str	r2, [r3, #72]	; 0x48
1000391c:	481f      	ldr	r0, [pc, #124]	; (1000399c <__aeabi_double_init+0x98>)
1000391e:	f7ff fc87 	bl	10003230 <rom_func_lookup>
10003922:	4b1f      	ldr	r3, [pc, #124]	; (100039a0 <__aeabi_double_init+0x9c>)
10003924:	6018      	str	r0, [r3, #0]
10003926:	bd70      	pop	{r4, r5, r6, pc}
10003928:	0099      	lsls	r1, r3, #2
1000392a:	481e      	ldr	r0, [pc, #120]	; (100039a4 <__aeabi_double_init+0xa0>)
1000392c:	4a1a      	ldr	r2, [pc, #104]	; (10003998 <__aeabi_double_init+0x94>)
1000392e:	5088      	str	r0, [r1, r2]
10003930:	3301      	adds	r3, #1
10003932:	2b1f      	cmp	r3, #31
10003934:	d9f8      	bls.n	10003928 <__aeabi_double_init+0x24>
10003936:	e7ea      	b.n	1000390e <__aeabi_double_init+0xa>
10003938:	2300      	movs	r3, #0
1000393a:	e7fa      	b.n	10003932 <__aeabi_double_init+0x2e>
1000393c:	481a      	ldr	r0, [pc, #104]	; (100039a8 <__aeabi_double_init+0xa4>)
1000393e:	f7ff fc7f 	bl	10003240 <rom_data_lookup>
10003942:	0005      	movs	r5, r0
10003944:	4819      	ldr	r0, [pc, #100]	; (100039ac <__aeabi_double_init+0xa8>)
10003946:	f7ff fc7b 	bl	10003240 <rom_data_lookup>
1000394a:	3802      	subs	r0, #2
1000394c:	7803      	ldrb	r3, [r0, #0]
1000394e:	009b      	lsls	r3, r3, #2
10003950:	2b7f      	cmp	r3, #127	; 0x7f
10003952:	dd19      	ble.n	10003988 <__aeabi_double_init+0x84>
10003954:	2280      	movs	r2, #128	; 0x80
10003956:	0029      	movs	r1, r5
10003958:	480f      	ldr	r0, [pc, #60]	; (10003998 <__aeabi_double_init+0x94>)
1000395a:	f000 f8a5 	bl	10003aa8 <__wrap___aeabi_memcpy>
1000395e:	2c02      	cmp	r4, #2
10003960:	d1d7      	bne.n	10003912 <__aeabi_double_init+0xe>
10003962:	4b13      	ldr	r3, [pc, #76]	; (100039b0 <__aeabi_double_init+0xac>)
10003964:	881a      	ldrh	r2, [r3, #0]
10003966:	23b5      	movs	r3, #181	; 0xb5
10003968:	021b      	lsls	r3, r3, #8
1000396a:	429a      	cmp	r2, r3
1000396c:	d109      	bne.n	10003982 <__aeabi_double_init+0x7e>
1000396e:	4b11      	ldr	r3, [pc, #68]	; (100039b4 <__aeabi_double_init+0xb0>)
10003970:	881a      	ldrh	r2, [r3, #0]
10003972:	4b11      	ldr	r3, [pc, #68]	; (100039b8 <__aeabi_double_init+0xb4>)
10003974:	429a      	cmp	r2, r3
10003976:	d104      	bne.n	10003982 <__aeabi_double_init+0x7e>
10003978:	4b10      	ldr	r3, [pc, #64]	; (100039bc <__aeabi_double_init+0xb8>)
1000397a:	881a      	ldrh	r2, [r3, #0]
1000397c:	4b10      	ldr	r3, [pc, #64]	; (100039c0 <__aeabi_double_init+0xbc>)
1000397e:	429a      	cmp	r2, r3
10003980:	d0c7      	beq.n	10003912 <__aeabi_double_init+0xe>
10003982:	2000      	movs	r0, #0
10003984:	f7fe fb94 	bl	100020b0 <panic>
10003988:	4b0e      	ldr	r3, [pc, #56]	; (100039c4 <__aeabi_double_init+0xc0>)
1000398a:	4a0f      	ldr	r2, [pc, #60]	; (100039c8 <__aeabi_double_init+0xc4>)
1000398c:	2132      	movs	r1, #50	; 0x32
1000398e:	480f      	ldr	r0, [pc, #60]	; (100039cc <__aeabi_double_init+0xc8>)
10003990:	f7fe faf4 	bl	10001f7c <__assert_func>
10003994:	100039d1 	.word	0x100039d1
10003998:	200004c0 	.word	0x200004c0
1000399c:	0000334c 	.word	0x0000334c
100039a0:	200005c0 	.word	0x200005c0
100039a4:	100038f9 	.word	0x100038f9
100039a8:	00004453 	.word	0x00004453
100039ac:	00004653 	.word	0x00004653
100039b0:	00003854 	.word	0x00003854
100039b4:	000038d8 	.word	0x000038d8
100039b8:	00004649 	.word	0x00004649
100039bc:	0000389c 	.word	0x0000389c
100039c0:	00004659 	.word	0x00004659
100039c4:	10004eb0 	.word	0x10004eb0
100039c8:	10004f68 	.word	0x10004f68
100039cc:	10004f04 	.word	0x10004f04

100039d0 <double_table_shim_on_use_helper>:
100039d0:	b507      	push	{r0, r1, r2, lr}
100039d2:	4660      	mov	r0, ip
100039d4:	2800      	cmp	r0, #0
100039d6:	d100      	bne.n	100039da <double_table_shim_on_use_helper+0xa>
100039d8:	be00      	bkpt	0x0000
100039da:	8801      	ldrh	r1, [r0, #0]
100039dc:	0a0a      	lsrs	r2, r1, #8
100039de:	3002      	adds	r0, #2
100039e0:	2adf      	cmp	r2, #223	; 0xdf
100039e2:	d1fa      	bne.n	100039da <double_table_shim_on_use_helper+0xa>
100039e4:	b2c9      	uxtb	r1, r1
100039e6:	0882      	lsrs	r2, r0, #2
100039e8:	d304      	bcc.n	100039f4 <double_table_shim_on_use_helper+0x24>
100039ea:	8802      	ldrh	r2, [r0, #0]
100039ec:	8840      	ldrh	r0, [r0, #2]
100039ee:	0400      	lsls	r0, r0, #16
100039f0:	4310      	orrs	r0, r2
100039f2:	e000      	b.n	100039f6 <double_table_shim_on_use_helper+0x26>
100039f4:	6800      	ldr	r0, [r0, #0]
100039f6:	4a02      	ldr	r2, [pc, #8]	; (10003a00 <double_table_shim_on_use_helper+0x30>)
100039f8:	5050      	str	r0, [r2, r1]
100039fa:	9003      	str	r0, [sp, #12]
100039fc:	bd07      	pop	{r0, r1, r2, pc}
100039fe:	0000      	.short	0x0000
10003a00:	200004c0 	.word	0x200004c0

10003a04 <missing_float_func_shim>:
10003a04:	b510      	push	{r4, lr}
10003a06:	4801      	ldr	r0, [pc, #4]	; (10003a0c <missing_float_func_shim+0x8>)
10003a08:	f7fe fb52 	bl	100020b0 <panic>
10003a0c:	10004b78 	.word	0x10004b78

10003a10 <__aeabi_float_init>:
10003a10:	b570      	push	{r4, r5, r6, lr}
10003a12:	2313      	movs	r3, #19
10003a14:	781e      	ldrb	r6, [r3, #0]
10003a16:	4818      	ldr	r0, [pc, #96]	; (10003a78 <__aeabi_float_init+0x68>)
10003a18:	f7ff fc12 	bl	10003240 <rom_data_lookup>
10003a1c:	0005      	movs	r5, r0
10003a1e:	2e01      	cmp	r6, #1
10003a20:	d011      	beq.n	10003a46 <__aeabi_float_init+0x36>
10003a22:	2e01      	cmp	r6, #1
10003a24:	dd09      	ble.n	10003a3a <__aeabi_float_init+0x2a>
10003a26:	1eab      	subs	r3, r5, #2
10003a28:	781b      	ldrb	r3, [r3, #0]
10003a2a:	009b      	lsls	r3, r3, #2
10003a2c:	2b7f      	cmp	r3, #127	; 0x7f
10003a2e:	dd1d      	ble.n	10003a6c <__aeabi_float_init+0x5c>
10003a30:	2280      	movs	r2, #128	; 0x80
10003a32:	0029      	movs	r1, r5
10003a34:	4811      	ldr	r0, [pc, #68]	; (10003a7c <__aeabi_float_init+0x6c>)
10003a36:	f000 f837 	bl	10003aa8 <__wrap___aeabi_memcpy>
10003a3a:	4811      	ldr	r0, [pc, #68]	; (10003a80 <__aeabi_float_init+0x70>)
10003a3c:	f7ff fbf8 	bl	10003230 <rom_func_lookup>
10003a40:	4b10      	ldr	r3, [pc, #64]	; (10003a84 <__aeabi_float_init+0x74>)
10003a42:	6018      	str	r0, [r3, #0]
10003a44:	bd70      	pop	{r4, r5, r6, pc}
10003a46:	2254      	movs	r2, #84	; 0x54
10003a48:	0001      	movs	r1, r0
10003a4a:	480c      	ldr	r0, [pc, #48]	; (10003a7c <__aeabi_float_init+0x6c>)
10003a4c:	f000 f82c 	bl	10003aa8 <__wrap___aeabi_memcpy>
10003a50:	2300      	movs	r3, #0
10003a52:	e000      	b.n	10003a56 <__aeabi_float_init+0x46>
10003a54:	3301      	adds	r3, #1
10003a56:	2b1f      	cmp	r3, #31
10003a58:	d8e3      	bhi.n	10003a22 <__aeabi_float_init+0x12>
10003a5a:	009a      	lsls	r2, r3, #2
10003a5c:	4c07      	ldr	r4, [pc, #28]	; (10003a7c <__aeabi_float_init+0x6c>)
10003a5e:	5912      	ldr	r2, [r2, r4]
10003a60:	2a00      	cmp	r2, #0
10003a62:	d1f7      	bne.n	10003a54 <__aeabi_float_init+0x44>
10003a64:	009a      	lsls	r2, r3, #2
10003a66:	4808      	ldr	r0, [pc, #32]	; (10003a88 <__aeabi_float_init+0x78>)
10003a68:	5110      	str	r0, [r2, r4]
10003a6a:	e7f3      	b.n	10003a54 <__aeabi_float_init+0x44>
10003a6c:	4b07      	ldr	r3, [pc, #28]	; (10003a8c <__aeabi_float_init+0x7c>)
10003a6e:	4a08      	ldr	r2, [pc, #32]	; (10003a90 <__aeabi_float_init+0x80>)
10003a70:	2142      	movs	r1, #66	; 0x42
10003a72:	4808      	ldr	r0, [pc, #32]	; (10003a94 <__aeabi_float_init+0x84>)
10003a74:	f7fe fa82 	bl	10001f7c <__assert_func>
10003a78:	00004653 	.word	0x00004653
10003a7c:	200005c4 	.word	0x200005c4
10003a80:	0000334c 	.word	0x0000334c
10003a84:	200005c0 	.word	0x200005c0
10003a88:	10003a05 	.word	0x10003a05
10003a8c:	10004f7c 	.word	0x10004f7c
10003a90:	10005014 	.word	0x10005014
10003a94:	10004fb0 	.word	0x10004fb0

10003a98 <__aeabi_mem_init>:
10003a98:	4801      	ldr	r0, [pc, #4]	; (10003aa0 <__aeabi_mem_init+0x8>)
10003a9a:	2104      	movs	r1, #4
10003a9c:	4b01      	ldr	r3, [pc, #4]	; (10003aa4 <__aeabi_mem_init+0xc>)
10003a9e:	4718      	bx	r3
10003aa0:	200002c0 	.word	0x200002c0
10003aa4:	10003251 	.word	0x10003251

10003aa8 <__wrap___aeabi_memcpy>:
10003aa8:	4b01      	ldr	r3, [pc, #4]	; (10003ab0 <__wrap___aeabi_memcpy+0x8>)
10003aaa:	685b      	ldr	r3, [r3, #4]
10003aac:	4718      	bx	r3
10003aae:	0000      	.short	0x0000
10003ab0:	200002c0 	.word	0x200002c0

10003ab4 <stdio_out_chars_no_crlf>:
10003ab4:	b510      	push	{r4, lr}
10003ab6:	0003      	movs	r3, r0
10003ab8:	0008      	movs	r0, r1
10003aba:	0011      	movs	r1, r2
10003abc:	681b      	ldr	r3, [r3, #0]
10003abe:	4798      	blx	r3
10003ac0:	bd10      	pop	{r4, pc}
	...

10003ac4 <stdio_out_chars_crlf>:
10003ac4:	b5f8      	push	{r3, r4, r5, r6, r7, lr}
10003ac6:	0007      	movs	r7, r0
10003ac8:	000d      	movs	r5, r1
10003aca:	0016      	movs	r6, r2
10003acc:	7d43      	ldrb	r3, [r0, #21]
10003ace:	2b00      	cmp	r3, #0
10003ad0:	d002      	beq.n	10003ad8 <stdio_out_chars_crlf+0x14>
10003ad2:	2400      	movs	r4, #0
10003ad4:	2000      	movs	r0, #0
10003ad6:	e00c      	b.n	10003af2 <stdio_out_chars_crlf+0x2e>
10003ad8:	6803      	ldr	r3, [r0, #0]
10003ada:	0011      	movs	r1, r2
10003adc:	0028      	movs	r0, r5
10003ade:	4798      	blx	r3
10003ae0:	e02d      	b.n	10003b3e <stdio_out_chars_crlf+0x7a>
10003ae2:	7d3b      	ldrb	r3, [r7, #20]
10003ae4:	e010      	b.n	10003b08 <stdio_out_chars_crlf+0x44>
10003ae6:	2102      	movs	r1, #2
10003ae8:	4815      	ldr	r0, [pc, #84]	; (10003b40 <stdio_out_chars_crlf+0x7c>)
10003aea:	683b      	ldr	r3, [r7, #0]
10003aec:	4798      	blx	r3
10003aee:	1c60      	adds	r0, r4, #1
10003af0:	3401      	adds	r4, #1
10003af2:	42b4      	cmp	r4, r6
10003af4:	da14      	bge.n	10003b20 <stdio_out_chars_crlf+0x5c>
10003af6:	2c00      	cmp	r4, #0
10003af8:	ddf3      	ble.n	10003ae2 <stdio_out_chars_crlf+0x1e>
10003afa:	192b      	adds	r3, r5, r4
10003afc:	3b01      	subs	r3, #1
10003afe:	781b      	ldrb	r3, [r3, #0]
10003b00:	3b0d      	subs	r3, #13
10003b02:	425a      	negs	r2, r3
10003b04:	4153      	adcs	r3, r2
10003b06:	b2db      	uxtb	r3, r3
10003b08:	5d2a      	ldrb	r2, [r5, r4]
10003b0a:	2a0a      	cmp	r2, #10
10003b0c:	d1f0      	bne.n	10003af0 <stdio_out_chars_crlf+0x2c>
10003b0e:	2b00      	cmp	r3, #0
10003b10:	d1ee      	bne.n	10003af0 <stdio_out_chars_crlf+0x2c>
10003b12:	42a0      	cmp	r0, r4
10003b14:	dae7      	bge.n	10003ae6 <stdio_out_chars_crlf+0x22>
10003b16:	1a21      	subs	r1, r4, r0
10003b18:	1828      	adds	r0, r5, r0
10003b1a:	683b      	ldr	r3, [r7, #0]
10003b1c:	4798      	blx	r3
10003b1e:	e7e2      	b.n	10003ae6 <stdio_out_chars_crlf+0x22>
10003b20:	42b0      	cmp	r0, r6
10003b22:	da03      	bge.n	10003b2c <stdio_out_chars_crlf+0x68>
10003b24:	1a31      	subs	r1, r6, r0
10003b26:	1828      	adds	r0, r5, r0
10003b28:	683b      	ldr	r3, [r7, #0]
10003b2a:	4798      	blx	r3
10003b2c:	2e00      	cmp	r6, #0
10003b2e:	dd06      	ble.n	10003b3e <stdio_out_chars_crlf+0x7a>
10003b30:	19ad      	adds	r5, r5, r6
10003b32:	3d01      	subs	r5, #1
10003b34:	782b      	ldrb	r3, [r5, #0]
10003b36:	3b0d      	subs	r3, #13
10003b38:	425a      	negs	r2, r3
10003b3a:	4153      	adcs	r3, r2
10003b3c:	753b      	strb	r3, [r7, #20]
10003b3e:	bdf8      	pop	{r3, r4, r5, r6, r7, pc}
10003b40:	100050f4 	.word	0x100050f4

10003b44 <stdio_stack_buffer_flush>:
10003b44:	b570      	push	{r4, r5, r6, lr}
10003b46:	0005      	movs	r5, r0
10003b48:	6803      	ldr	r3, [r0, #0]
10003b4a:	2b00      	cmp	r3, #0
10003b4c:	d016      	beq.n	10003b7c <stdio_stack_buffer_flush+0x38>
10003b4e:	4b0c      	ldr	r3, [pc, #48]	; (10003b80 <stdio_stack_buffer_flush+0x3c>)
10003b50:	681c      	ldr	r4, [r3, #0]
10003b52:	e005      	b.n	10003b60 <stdio_stack_buffer_flush+0x1c>
10003b54:	0029      	movs	r1, r5
10003b56:	c904      	ldmia	r1!, {r2}
10003b58:	0020      	movs	r0, r4
10003b5a:	f7ff ffb3 	bl	10003ac4 <stdio_out_chars_crlf>
10003b5e:	6924      	ldr	r4, [r4, #16]
10003b60:	2c00      	cmp	r4, #0
10003b62:	d009      	beq.n	10003b78 <stdio_stack_buffer_flush+0x34>
10003b64:	6823      	ldr	r3, [r4, #0]
10003b66:	2b00      	cmp	r3, #0
10003b68:	d0f9      	beq.n	10003b5e <stdio_stack_buffer_flush+0x1a>
10003b6a:	4b06      	ldr	r3, [pc, #24]	; (10003b84 <stdio_stack_buffer_flush+0x40>)
10003b6c:	681b      	ldr	r3, [r3, #0]
10003b6e:	2b00      	cmp	r3, #0
10003b70:	d0f0      	beq.n	10003b54 <stdio_stack_buffer_flush+0x10>
10003b72:	42a3      	cmp	r3, r4
10003b74:	d1f3      	bne.n	10003b5e <stdio_stack_buffer_flush+0x1a>
10003b76:	e7ed      	b.n	10003b54 <stdio_stack_buffer_flush+0x10>
10003b78:	2300      	movs	r3, #0
10003b7a:	602b      	str	r3, [r5, #0]
10003b7c:	bd70      	pop	{r4, r5, r6, pc}
10003b7e:	46c0      	nop			; (mov r8, r8)
10003b80:	200004a4 	.word	0x200004a4
10003b84:	200004a8 	.word	0x200004a8

10003b88 <stdio_buffered_printer>:
10003b88:	b570      	push	{r4, r5, r6, lr}
10003b8a:	0005      	movs	r5, r0
10003b8c:	000c      	movs	r4, r1
10003b8e:	680b      	ldr	r3, [r1, #0]
10003b90:	2b80      	cmp	r3, #128	; 0x80
10003b92:	d005      	beq.n	10003ba0 <stdio_buffered_printer+0x18>
10003b94:	6821      	ldr	r1, [r4, #0]
10003b96:	1c4b      	adds	r3, r1, #1
10003b98:	6023      	str	r3, [r4, #0]
10003b9a:	1864      	adds	r4, r4, r1
10003b9c:	7125      	strb	r5, [r4, #4]
10003b9e:	bd70      	pop	{r4, r5, r6, pc}
10003ba0:	0008      	movs	r0, r1
10003ba2:	f7ff ffcf 	bl	10003b44 <stdio_stack_buffer_flush>
10003ba6:	e7f5      	b.n	10003b94 <stdio_buffered_printer+0xc>

10003ba8 <stdout_serialize_begin>:
10003ba8:	b510      	push	{r4, lr}
10003baa:	f7fd fbc3 	bl	10001334 <time_us_64>
10003bae:	0002      	movs	r2, r0
10003bb0:	1e0b      	subs	r3, r1, #0
10003bb2:	db0b      	blt.n	10003bcc <stdout_serialize_begin+0x24>
10003bb4:	480d      	ldr	r0, [pc, #52]	; (10003bec <stdout_serialize_begin+0x44>)
10003bb6:	2100      	movs	r1, #0
10003bb8:	1812      	adds	r2, r2, r0
10003bba:	414b      	adcs	r3, r1
10003bbc:	2b00      	cmp	r3, #0
10003bbe:	db0b      	blt.n	10003bd8 <stdout_serialize_begin+0x30>
10003bc0:	2b00      	cmp	r3, #0
10003bc2:	db0d      	blt.n	10003be0 <stdout_serialize_begin+0x38>
10003bc4:	480a      	ldr	r0, [pc, #40]	; (10003bf0 <stdout_serialize_begin+0x48>)
10003bc6:	f000 fa2b 	bl	10004020 <__mutex_try_enter_block_until_veneer>
10003bca:	bd10      	pop	{r4, pc}
10003bcc:	4b09      	ldr	r3, [pc, #36]	; (10003bf4 <stdout_serialize_begin+0x4c>)
10003bce:	4a0a      	ldr	r2, [pc, #40]	; (10003bf8 <stdout_serialize_begin+0x50>)
10003bd0:	213f      	movs	r1, #63	; 0x3f
10003bd2:	480a      	ldr	r0, [pc, #40]	; (10003bfc <stdout_serialize_begin+0x54>)
10003bd4:	f7fe f9d2 	bl	10001f7c <__assert_func>
10003bd8:	2201      	movs	r2, #1
10003bda:	4252      	negs	r2, r2
10003bdc:	4b08      	ldr	r3, [pc, #32]	; (10003c00 <stdout_serialize_begin+0x58>)
10003bde:	e7ef      	b.n	10003bc0 <stdout_serialize_begin+0x18>
10003be0:	4b04      	ldr	r3, [pc, #16]	; (10003bf4 <stdout_serialize_begin+0x4c>)
10003be2:	4a05      	ldr	r2, [pc, #20]	; (10003bf8 <stdout_serialize_begin+0x50>)
10003be4:	213f      	movs	r1, #63	; 0x3f
10003be6:	4805      	ldr	r0, [pc, #20]	; (10003bfc <stdout_serialize_begin+0x54>)
10003be8:	f7fe f9c8 	bl	10001f7c <__assert_func>
10003bec:	000f4240 	.word	0x000f4240
10003bf0:	200002e8 	.word	0x200002e8
10003bf4:	100043a8 	.word	0x100043a8
10003bf8:	100050dc 	.word	0x100050dc
10003bfc:	100043c4 	.word	0x100043c4
10003c00:	7fffffff 	.word	0x7fffffff

10003c04 <stdout_serialize_end>:
10003c04:	b510      	push	{r4, lr}
10003c06:	4802      	ldr	r0, [pc, #8]	; (10003c10 <stdout_serialize_end+0xc>)
10003c08:	f000 f9f2 	bl	10003ff0 <__mutex_exit_veneer>
10003c0c:	bd10      	pop	{r4, pc}
10003c0e:	46c0      	nop			; (mov r8, r8)
10003c10:	200002e8 	.word	0x200002e8

10003c14 <stdio_put_string>:
10003c14:	b5f0      	push	{r4, r5, r6, r7, lr}
10003c16:	46ce      	mov	lr, r9
10003c18:	4647      	mov	r7, r8
10003c1a:	b580      	push	{r7, lr}
10003c1c:	b083      	sub	sp, #12
10003c1e:	0006      	movs	r6, r0
10003c20:	000d      	movs	r5, r1
10003c22:	4690      	mov	r8, r2
10003c24:	001c      	movs	r4, r3
10003c26:	f7ff ffbf 	bl	10003ba8 <stdout_serialize_begin>
10003c2a:	4681      	mov	r9, r0
10003c2c:	1c6b      	adds	r3, r5, #1
10003c2e:	d005      	beq.n	10003c3c <stdio_put_string+0x28>
10003c30:	2c00      	cmp	r4, #0
10003c32:	d008      	beq.n	10003c46 <stdio_put_string+0x32>
10003c34:	4f19      	ldr	r7, [pc, #100]	; (10003c9c <stdio_put_string+0x88>)
10003c36:	4b1a      	ldr	r3, [pc, #104]	; (10003ca0 <stdio_put_string+0x8c>)
10003c38:	681c      	ldr	r4, [r3, #0]
10003c3a:	e007      	b.n	10003c4c <stdio_put_string+0x38>
10003c3c:	0030      	movs	r0, r6
10003c3e:	f000 f9a7 	bl	10003f90 <strlen>
10003c42:	0005      	movs	r5, r0
10003c44:	e7f4      	b.n	10003c30 <stdio_put_string+0x1c>
10003c46:	4f17      	ldr	r7, [pc, #92]	; (10003ca4 <stdio_put_string+0x90>)
10003c48:	e7f5      	b.n	10003c36 <stdio_put_string+0x22>
10003c4a:	6924      	ldr	r4, [r4, #16]
10003c4c:	2c00      	cmp	r4, #0
10003c4e:	d017      	beq.n	10003c80 <stdio_put_string+0x6c>
10003c50:	6823      	ldr	r3, [r4, #0]
10003c52:	2b00      	cmp	r3, #0
10003c54:	d0f9      	beq.n	10003c4a <stdio_put_string+0x36>
10003c56:	4b14      	ldr	r3, [pc, #80]	; (10003ca8 <stdio_put_string+0x94>)
10003c58:	681b      	ldr	r3, [r3, #0]
10003c5a:	2b00      	cmp	r3, #0
10003c5c:	d001      	beq.n	10003c62 <stdio_put_string+0x4e>
10003c5e:	42a3      	cmp	r3, r4
10003c60:	d1f3      	bne.n	10003c4a <stdio_put_string+0x36>
10003c62:	002a      	movs	r2, r5
10003c64:	0031      	movs	r1, r6
10003c66:	0020      	movs	r0, r4
10003c68:	47b8      	blx	r7
10003c6a:	4643      	mov	r3, r8
10003c6c:	2b00      	cmp	r3, #0
10003c6e:	d0ec      	beq.n	10003c4a <stdio_put_string+0x36>
10003c70:	466b      	mov	r3, sp
10003c72:	1dd9      	adds	r1, r3, #7
10003c74:	230a      	movs	r3, #10
10003c76:	700b      	strb	r3, [r1, #0]
10003c78:	2201      	movs	r2, #1
10003c7a:	0020      	movs	r0, r4
10003c7c:	47b8      	blx	r7
10003c7e:	e7e4      	b.n	10003c4a <stdio_put_string+0x36>
10003c80:	464b      	mov	r3, r9
10003c82:	2b00      	cmp	r3, #0
10003c84:	d107      	bne.n	10003c96 <stdio_put_string+0x82>
10003c86:	1e6b      	subs	r3, r5, #1
10003c88:	419d      	sbcs	r5, r3
10003c8a:	b2e8      	uxtb	r0, r5
10003c8c:	b003      	add	sp, #12
10003c8e:	bcc0      	pop	{r6, r7}
10003c90:	46b9      	mov	r9, r7
10003c92:	46b0      	mov	r8, r6
10003c94:	bdf0      	pop	{r4, r5, r6, r7, pc}
10003c96:	f7ff ffb5 	bl	10003c04 <stdout_serialize_end>
10003c9a:	e7f4      	b.n	10003c86 <stdio_put_string+0x72>
10003c9c:	10003ab5 	.word	0x10003ab5
10003ca0:	200004a4 	.word	0x200004a4
10003ca4:	10003ac5 	.word	0x10003ac5
10003ca8:	200004a8 	.word	0x200004a8

10003cac <stdio_set_driver_enabled>:
10003cac:	4a09      	ldr	r2, [pc, #36]	; (10003cd4 <stdio_set_driver_enabled+0x28>)
10003cae:	e001      	b.n	10003cb4 <stdio_set_driver_enabled+0x8>
10003cb0:	3310      	adds	r3, #16
10003cb2:	001a      	movs	r2, r3
10003cb4:	6813      	ldr	r3, [r2, #0]
10003cb6:	2b00      	cmp	r3, #0
10003cb8:	d008      	beq.n	10003ccc <stdio_set_driver_enabled+0x20>
10003cba:	4283      	cmp	r3, r0
10003cbc:	d1f8      	bne.n	10003cb0 <stdio_set_driver_enabled+0x4>
10003cbe:	2900      	cmp	r1, #0
10003cc0:	d107      	bne.n	10003cd2 <stdio_set_driver_enabled+0x26>
10003cc2:	6903      	ldr	r3, [r0, #16]
10003cc4:	6013      	str	r3, [r2, #0]
10003cc6:	2300      	movs	r3, #0
10003cc8:	6103      	str	r3, [r0, #16]
10003cca:	e002      	b.n	10003cd2 <stdio_set_driver_enabled+0x26>
10003ccc:	2900      	cmp	r1, #0
10003cce:	d000      	beq.n	10003cd2 <stdio_set_driver_enabled+0x26>
10003cd0:	6010      	str	r0, [r2, #0]
10003cd2:	4770      	bx	lr
10003cd4:	200004a4 	.word	0x200004a4

10003cd8 <stdio_flush>:
10003cd8:	b510      	push	{r4, lr}
10003cda:	4b06      	ldr	r3, [pc, #24]	; (10003cf4 <stdio_flush+0x1c>)
10003cdc:	681c      	ldr	r4, [r3, #0]
10003cde:	e001      	b.n	10003ce4 <stdio_flush+0xc>
10003ce0:	4798      	blx	r3
10003ce2:	6924      	ldr	r4, [r4, #16]
10003ce4:	2c00      	cmp	r4, #0
10003ce6:	d003      	beq.n	10003cf0 <stdio_flush+0x18>
10003ce8:	6863      	ldr	r3, [r4, #4]
10003cea:	2b00      	cmp	r3, #0
10003cec:	d1f8      	bne.n	10003ce0 <stdio_flush+0x8>
10003cee:	e7f8      	b.n	10003ce2 <stdio_flush+0xa>
10003cf0:	bd10      	pop	{r4, pc}
10003cf2:	46c0      	nop			; (mov r8, r8)
10003cf4:	200004a4 	.word	0x200004a4

10003cf8 <__wrap_puts>:
10003cf8:	b570      	push	{r4, r5, r6, lr}
10003cfa:	0005      	movs	r5, r0
10003cfc:	f000 f948 	bl	10003f90 <strlen>
10003d00:	0004      	movs	r4, r0
10003d02:	2300      	movs	r3, #0
10003d04:	2201      	movs	r2, #1
10003d06:	0001      	movs	r1, r0
10003d08:	0028      	movs	r0, r5
10003d0a:	f7ff ff83 	bl	10003c14 <stdio_put_string>
10003d0e:	f7ff ffe3 	bl	10003cd8 <stdio_flush>
10003d12:	0020      	movs	r0, r4
10003d14:	bd70      	pop	{r4, r5, r6, pc}
	...

10003d18 <__wrap_vprintf>:
10003d18:	b570      	push	{r4, r5, r6, lr}
10003d1a:	b0a2      	sub	sp, #136	; 0x88
10003d1c:	0004      	movs	r4, r0
10003d1e:	000e      	movs	r6, r1
10003d20:	f7ff ff42 	bl	10003ba8 <stdout_serialize_begin>
10003d24:	0005      	movs	r5, r0
10003d26:	2300      	movs	r3, #0
10003d28:	9301      	str	r3, [sp, #4]
10003d2a:	0033      	movs	r3, r6
10003d2c:	0022      	movs	r2, r4
10003d2e:	a901      	add	r1, sp, #4
10003d30:	4808      	ldr	r0, [pc, #32]	; (10003d54 <__wrap_vprintf+0x3c>)
10003d32:	f7ff fa65 	bl	10003200 <vfctprintf>
10003d36:	0004      	movs	r4, r0
10003d38:	a801      	add	r0, sp, #4
10003d3a:	f7ff ff03 	bl	10003b44 <stdio_stack_buffer_flush>
10003d3e:	f7ff ffcb 	bl	10003cd8 <stdio_flush>
10003d42:	2d00      	cmp	r5, #0
10003d44:	d102      	bne.n	10003d4c <__wrap_vprintf+0x34>
10003d46:	0020      	movs	r0, r4
10003d48:	b022      	add	sp, #136	; 0x88
10003d4a:	bd70      	pop	{r4, r5, r6, pc}
10003d4c:	f7ff ff5a 	bl	10003c04 <stdout_serialize_end>
10003d50:	e7f9      	b.n	10003d46 <__wrap_vprintf+0x2e>
10003d52:	46c0      	nop			; (mov r8, r8)
10003d54:	10003b89 	.word	0x10003b89

10003d58 <__wrap_printf>:
10003d58:	b40f      	push	{r0, r1, r2, r3}
10003d5a:	b500      	push	{lr}
10003d5c:	b083      	sub	sp, #12
10003d5e:	a904      	add	r1, sp, #16
10003d60:	c901      	ldmia	r1!, {r0}
10003d62:	9101      	str	r1, [sp, #4]
10003d64:	f7ff ffd8 	bl	10003d18 <__wrap_vprintf>
10003d68:	b003      	add	sp, #12
10003d6a:	bc08      	pop	{r3}
10003d6c:	b004      	add	sp, #16
10003d6e:	4718      	bx	r3

10003d70 <stdio_init_all>:
10003d70:	b510      	push	{r4, lr}
10003d72:	f000 f8f9 	bl	10003f68 <stdio_uart_init>
10003d76:	2001      	movs	r0, #1
10003d78:	bd10      	pop	{r4, pc}
	...

10003d7c <stdio_uart_out_chars>:
10003d7c:	b5f0      	push	{r4, r5, r6, r7, lr}
10003d7e:	b083      	sub	sp, #12
10003d80:	0005      	movs	r5, r0
10003d82:	000e      	movs	r6, r1
10003d84:	2400      	movs	r4, #0
10003d86:	e00f      	b.n	10003da8 <stdio_uart_out_chars+0x2c>
10003d88:	466b      	mov	r3, sp
10003d8a:	1dd9      	adds	r1, r3, #7
10003d8c:	230d      	movs	r3, #13
10003d8e:	700b      	strb	r3, [r1, #0]
10003d90:	2000      	movs	r0, #0
10003d92:	2800      	cmp	r0, #0
10003d94:	d116      	bne.n	10003dc4 <stdio_uart_out_chars+0x48>
10003d96:	6993      	ldr	r3, [r2, #24]
10003d98:	069b      	lsls	r3, r3, #26
10003d9a:	d4fc      	bmi.n	10003d96 <stdio_uart_out_chars+0x1a>
10003d9c:	780b      	ldrb	r3, [r1, #0]
10003d9e:	6013      	str	r3, [r2, #0]
10003da0:	3001      	adds	r0, #1
10003da2:	3101      	adds	r1, #1
10003da4:	e7f5      	b.n	10003d92 <stdio_uart_out_chars+0x16>
10003da6:	3401      	adds	r4, #1
10003da8:	42b4      	cmp	r4, r6
10003daa:	da19      	bge.n	10003de0 <stdio_uart_out_chars+0x64>
10003dac:	4b0d      	ldr	r3, [pc, #52]	; (10003de4 <stdio_uart_out_chars+0x68>)
10003dae:	681a      	ldr	r2, [r3, #0]
10003db0:	5d2f      	ldrb	r7, [r5, r4]
10003db2:	4b0d      	ldr	r3, [pc, #52]	; (10003de8 <stdio_uart_out_chars+0x6c>)
10003db4:	18d3      	adds	r3, r2, r3
10003db6:	4259      	negs	r1, r3
10003db8:	414b      	adcs	r3, r1
10003dba:	005b      	lsls	r3, r3, #1
10003dbc:	490b      	ldr	r1, [pc, #44]	; (10003dec <stdio_uart_out_chars+0x70>)
10003dbe:	5e5b      	ldrsh	r3, [r3, r1]
10003dc0:	42bb      	cmp	r3, r7
10003dc2:	d0e1      	beq.n	10003d88 <stdio_uart_out_chars+0xc>
10003dc4:	466b      	mov	r3, sp
10003dc6:	1dd9      	adds	r1, r3, #7
10003dc8:	700f      	strb	r7, [r1, #0]
10003dca:	2000      	movs	r0, #0
10003dcc:	2800      	cmp	r0, #0
10003dce:	d1ea      	bne.n	10003da6 <stdio_uart_out_chars+0x2a>
10003dd0:	6993      	ldr	r3, [r2, #24]
10003dd2:	069b      	lsls	r3, r3, #26
10003dd4:	d4fc      	bmi.n	10003dd0 <stdio_uart_out_chars+0x54>
10003dd6:	780b      	ldrb	r3, [r1, #0]
10003dd8:	6013      	str	r3, [r2, #0]
10003dda:	3001      	adds	r0, #1
10003ddc:	3101      	adds	r1, #1
10003dde:	e7f5      	b.n	10003dcc <stdio_uart_out_chars+0x50>
10003de0:	b003      	add	sp, #12
10003de2:	bdf0      	pop	{r4, r5, r6, r7, pc}
10003de4:	200006dc 	.word	0x200006dc
10003de8:	bffc8000 	.word	0xbffc8000
10003dec:	200006d8 	.word	0x200006d8

10003df0 <stdio_uart_in_chars>:
10003df0:	b5f0      	push	{r4, r5, r6, r7, lr}
10003df2:	b083      	sub	sp, #12
10003df4:	0006      	movs	r6, r0
10003df6:	000f      	movs	r7, r1
10003df8:	2500      	movs	r5, #0
10003dfa:	e004      	b.n	10003e06 <stdio_uart_in_chars+0x16>
10003dfc:	466b      	mov	r3, sp
10003dfe:	3307      	adds	r3, #7
10003e00:	781b      	ldrb	r3, [r3, #0]
10003e02:	702b      	strb	r3, [r5, #0]
10003e04:	0025      	movs	r5, r4
10003e06:	42bd      	cmp	r5, r7
10003e08:	da15      	bge.n	10003e36 <stdio_uart_in_chars+0x46>
10003e0a:	4b17      	ldr	r3, [pc, #92]	; (10003e68 <stdio_uart_in_chars+0x78>)
10003e0c:	681a      	ldr	r2, [r3, #0]
10003e0e:	6993      	ldr	r3, [r2, #24]
10003e10:	2410      	movs	r4, #16
10003e12:	0021      	movs	r1, r4
10003e14:	4019      	ands	r1, r3
10003e16:	421c      	tst	r4, r3
10003e18:	d10d      	bne.n	10003e36 <stdio_uart_in_chars+0x46>
10003e1a:	1c6c      	adds	r4, r5, #1
10003e1c:	1975      	adds	r5, r6, r5
10003e1e:	466b      	mov	r3, sp
10003e20:	1dd8      	adds	r0, r3, #7
10003e22:	2900      	cmp	r1, #0
10003e24:	d1ea      	bne.n	10003dfc <stdio_uart_in_chars+0xc>
10003e26:	6993      	ldr	r3, [r2, #24]
10003e28:	06db      	lsls	r3, r3, #27
10003e2a:	d4fc      	bmi.n	10003e26 <stdio_uart_in_chars+0x36>
10003e2c:	6813      	ldr	r3, [r2, #0]
10003e2e:	7003      	strb	r3, [r0, #0]
10003e30:	3101      	adds	r1, #1
10003e32:	3001      	adds	r0, #1
10003e34:	e7f5      	b.n	10003e22 <stdio_uart_in_chars+0x32>
10003e36:	4b0d      	ldr	r3, [pc, #52]	; (10003e6c <stdio_uart_in_chars+0x7c>)
10003e38:	681b      	ldr	r3, [r3, #0]
10003e3a:	2b00      	cmp	r3, #0
10003e3c:	d00c      	beq.n	10003e58 <stdio_uart_in_chars+0x68>
10003e3e:	4b0a      	ldr	r3, [pc, #40]	; (10003e68 <stdio_uart_in_chars+0x78>)
10003e40:	681a      	ldr	r2, [r3, #0]
10003e42:	2350      	movs	r3, #80	; 0x50
10003e44:	6393      	str	r3, [r2, #56]	; 0x38
10003e46:	0011      	movs	r1, r2
10003e48:	3134      	adds	r1, #52	; 0x34
10003e4a:	6b53      	ldr	r3, [r2, #52]	; 0x34
10003e4c:	2238      	movs	r2, #56	; 0x38
10003e4e:	401a      	ands	r2, r3
10003e50:	2380      	movs	r3, #128	; 0x80
10003e52:	015b      	lsls	r3, r3, #5
10003e54:	430b      	orrs	r3, r1
10003e56:	601a      	str	r2, [r3, #0]
10003e58:	2d00      	cmp	r5, #0
10003e5a:	d002      	beq.n	10003e62 <stdio_uart_in_chars+0x72>
10003e5c:	0028      	movs	r0, r5
10003e5e:	b003      	add	sp, #12
10003e60:	bdf0      	pop	{r4, r5, r6, r7, pc}
10003e62:	3d03      	subs	r5, #3
10003e64:	e7fa      	b.n	10003e5c <stdio_uart_in_chars+0x6c>
10003e66:	46c0      	nop			; (mov r8, r8)
10003e68:	200006dc 	.word	0x200006dc
10003e6c:	20000434 	.word	0x20000434

10003e70 <on_uart_rx>:
10003e70:	b510      	push	{r4, lr}
10003e72:	4b06      	ldr	r3, [pc, #24]	; (10003e8c <on_uart_rx+0x1c>)
10003e74:	681b      	ldr	r3, [r3, #0]
10003e76:	2b00      	cmp	r3, #0
10003e78:	d006      	beq.n	10003e88 <on_uart_rx+0x18>
10003e7a:	4a05      	ldr	r2, [pc, #20]	; (10003e90 <on_uart_rx+0x20>)
10003e7c:	6812      	ldr	r2, [r2, #0]
10003e7e:	2100      	movs	r1, #0
10003e80:	6391      	str	r1, [r2, #56]	; 0x38
10003e82:	4a04      	ldr	r2, [pc, #16]	; (10003e94 <on_uart_rx+0x24>)
10003e84:	6810      	ldr	r0, [r2, #0]
10003e86:	4798      	blx	r3
10003e88:	bd10      	pop	{r4, pc}
10003e8a:	46c0      	nop			; (mov r8, r8)
10003e8c:	20000434 	.word	0x20000434
10003e90:	200006dc 	.word	0x200006dc
10003e94:	20000438 	.word	0x20000438

10003e98 <stdio_uart_set_chars_available_callback>:
10003e98:	b570      	push	{r4, r5, r6, lr}
10003e9a:	0004      	movs	r4, r0
10003e9c:	000e      	movs	r6, r1
10003e9e:	4b1c      	ldr	r3, [pc, #112]	; (10003f10 <stdio_uart_set_chars_available_callback+0x78>)
10003ea0:	681b      	ldr	r3, [r3, #0]
10003ea2:	4a1c      	ldr	r2, [pc, #112]	; (10003f14 <stdio_uart_set_chars_available_callback+0x7c>)
10003ea4:	1898      	adds	r0, r3, r2
10003ea6:	4242      	negs	r2, r0
10003ea8:	4150      	adcs	r0, r2
10003eaa:	3014      	adds	r0, #20
10003eac:	0005      	movs	r5, r0
10003eae:	2c00      	cmp	r4, #0
10003eb0:	d003      	beq.n	10003eba <stdio_uart_set_chars_available_callback+0x22>
10003eb2:	4a19      	ldr	r2, [pc, #100]	; (10003f18 <stdio_uart_set_chars_available_callback+0x80>)
10003eb4:	6812      	ldr	r2, [r2, #0]
10003eb6:	2a00      	cmp	r2, #0
10003eb8:	d006      	beq.n	10003ec8 <stdio_uart_set_chars_available_callback+0x30>
10003eba:	2c00      	cmp	r4, #0
10003ebc:	d019      	beq.n	10003ef2 <stdio_uart_set_chars_available_callback+0x5a>
10003ebe:	4b16      	ldr	r3, [pc, #88]	; (10003f18 <stdio_uart_set_chars_available_callback+0x80>)
10003ec0:	601c      	str	r4, [r3, #0]
10003ec2:	4b16      	ldr	r3, [pc, #88]	; (10003f1c <stdio_uart_set_chars_available_callback+0x84>)
10003ec4:	601e      	str	r6, [r3, #0]
10003ec6:	bd70      	pop	{r4, r5, r6, pc}
10003ec8:	4915      	ldr	r1, [pc, #84]	; (10003f20 <stdio_uart_set_chars_available_callback+0x88>)
10003eca:	f7fc fb39 	bl	10000540 <irq_set_exclusive_handler>
10003ece:	2101      	movs	r1, #1
10003ed0:	0028      	movs	r0, r5
10003ed2:	f7fc fb25 	bl	10000520 <irq_set_enabled>
10003ed6:	4b0e      	ldr	r3, [pc, #56]	; (10003f10 <stdio_uart_set_chars_available_callback+0x78>)
10003ed8:	681a      	ldr	r2, [r3, #0]
10003eda:	2350      	movs	r3, #80	; 0x50
10003edc:	6393      	str	r3, [r2, #56]	; 0x38
10003ede:	0011      	movs	r1, r2
10003ee0:	3134      	adds	r1, #52	; 0x34
10003ee2:	6b53      	ldr	r3, [r2, #52]	; 0x34
10003ee4:	2238      	movs	r2, #56	; 0x38
10003ee6:	401a      	ands	r2, r3
10003ee8:	2380      	movs	r3, #128	; 0x80
10003eea:	015b      	lsls	r3, r3, #5
10003eec:	430b      	orrs	r3, r1
10003eee:	601a      	str	r2, [r3, #0]
10003ef0:	e7e5      	b.n	10003ebe <stdio_uart_set_chars_available_callback+0x26>
10003ef2:	4a09      	ldr	r2, [pc, #36]	; (10003f18 <stdio_uart_set_chars_available_callback+0x80>)
10003ef4:	6812      	ldr	r2, [r2, #0]
10003ef6:	2a00      	cmp	r2, #0
10003ef8:	d0e1      	beq.n	10003ebe <stdio_uart_set_chars_available_callback+0x26>
10003efa:	2200      	movs	r2, #0
10003efc:	639a      	str	r2, [r3, #56]	; 0x38
10003efe:	2100      	movs	r1, #0
10003f00:	0028      	movs	r0, r5
10003f02:	f7fc fb0d 	bl	10000520 <irq_set_enabled>
10003f06:	4906      	ldr	r1, [pc, #24]	; (10003f20 <stdio_uart_set_chars_available_callback+0x88>)
10003f08:	0028      	movs	r0, r5
10003f0a:	f7fc fb43 	bl	10000594 <irq_remove_handler>
10003f0e:	e7d6      	b.n	10003ebe <stdio_uart_set_chars_available_callback+0x26>
10003f10:	200006dc 	.word	0x200006dc
10003f14:	bffc8000 	.word	0xbffc8000
10003f18:	20000434 	.word	0x20000434
10003f1c:	20000438 	.word	0x20000438
10003f20:	10003e71 	.word	0x10003e71

10003f24 <stdio_uart_init_full>:
10003f24:	b570      	push	{r4, r5, r6, lr}
10003f26:	000d      	movs	r5, r1
10003f28:	001c      	movs	r4, r3
10003f2a:	4b0d      	ldr	r3, [pc, #52]	; (10003f60 <stdio_uart_init_full+0x3c>)
10003f2c:	6018      	str	r0, [r3, #0]
10003f2e:	2a00      	cmp	r2, #0
10003f30:	da0b      	bge.n	10003f4a <stdio_uart_init_full+0x26>
10003f32:	2c00      	cmp	r4, #0
10003f34:	da0e      	bge.n	10003f54 <stdio_uart_init_full+0x30>
10003f36:	4b0a      	ldr	r3, [pc, #40]	; (10003f60 <stdio_uart_init_full+0x3c>)
10003f38:	6818      	ldr	r0, [r3, #0]
10003f3a:	0029      	movs	r1, r5
10003f3c:	f7fd fdc8 	bl	10001ad0 <uart_init>
10003f40:	2101      	movs	r1, #1
10003f42:	4808      	ldr	r0, [pc, #32]	; (10003f64 <stdio_uart_init_full+0x40>)
10003f44:	f7ff feb2 	bl	10003cac <stdio_set_driver_enabled>
10003f48:	bd70      	pop	{r4, r5, r6, pc}
10003f4a:	2102      	movs	r1, #2
10003f4c:	0010      	movs	r0, r2
10003f4e:	f7fc fa03 	bl	10000358 <gpio_set_function>
10003f52:	e7ee      	b.n	10003f32 <stdio_uart_init_full+0xe>
10003f54:	2102      	movs	r1, #2
10003f56:	0020      	movs	r0, r4
10003f58:	f7fc f9fe 	bl	10000358 <gpio_set_function>
10003f5c:	e7eb      	b.n	10003f36 <stdio_uart_init_full+0x12>
10003f5e:	46c0      	nop			; (mov r8, r8)
10003f60:	200006dc 	.word	0x200006dc
10003f64:	200002d0 	.word	0x200002d0

10003f68 <stdio_uart_init>:
10003f68:	b510      	push	{r4, lr}
10003f6a:	4b06      	ldr	r3, [pc, #24]	; (10003f84 <stdio_uart_init+0x1c>)
10003f6c:	781b      	ldrb	r3, [r3, #0]
10003f6e:	4b06      	ldr	r3, [pc, #24]	; (10003f88 <stdio_uart_init+0x20>)
10003f70:	781b      	ldrb	r3, [r3, #0]
10003f72:	21e1      	movs	r1, #225	; 0xe1
10003f74:	2301      	movs	r3, #1
10003f76:	2200      	movs	r2, #0
10003f78:	0249      	lsls	r1, r1, #9
10003f7a:	4804      	ldr	r0, [pc, #16]	; (10003f8c <stdio_uart_init+0x24>)
10003f7c:	f7ff ffd2 	bl	10003f24 <stdio_uart_init_full>
10003f80:	bd10      	pop	{r4, pc}
10003f82:	46c0      	nop			; (mov r8, r8)
10003f84:	10005158 	.word	0x10005158
10003f88:	1000515c 	.word	0x1000515c
10003f8c:	40034000 	.word	0x40034000

10003f90 <strlen>:
10003f90:	b510      	push	{r4, lr}
10003f92:	0783      	lsls	r3, r0, #30
10003f94:	d00a      	beq.n	10003fac <strlen+0x1c>
10003f96:	0003      	movs	r3, r0
10003f98:	2103      	movs	r1, #3
10003f9a:	e002      	b.n	10003fa2 <strlen+0x12>
10003f9c:	3301      	adds	r3, #1
10003f9e:	420b      	tst	r3, r1
10003fa0:	d005      	beq.n	10003fae <strlen+0x1e>
10003fa2:	781a      	ldrb	r2, [r3, #0]
10003fa4:	2a00      	cmp	r2, #0
10003fa6:	d1f9      	bne.n	10003f9c <strlen+0xc>
10003fa8:	1a18      	subs	r0, r3, r0
10003faa:	bd10      	pop	{r4, pc}
10003fac:	0003      	movs	r3, r0
10003fae:	6819      	ldr	r1, [r3, #0]
10003fb0:	4a0c      	ldr	r2, [pc, #48]	; (10003fe4 <strlen+0x54>)
10003fb2:	4c0d      	ldr	r4, [pc, #52]	; (10003fe8 <strlen+0x58>)
10003fb4:	188a      	adds	r2, r1, r2
10003fb6:	438a      	bics	r2, r1
10003fb8:	4222      	tst	r2, r4
10003fba:	d10f      	bne.n	10003fdc <strlen+0x4c>
10003fbc:	6859      	ldr	r1, [r3, #4]
10003fbe:	4a09      	ldr	r2, [pc, #36]	; (10003fe4 <strlen+0x54>)
10003fc0:	3304      	adds	r3, #4
10003fc2:	188a      	adds	r2, r1, r2
10003fc4:	438a      	bics	r2, r1
10003fc6:	4222      	tst	r2, r4
10003fc8:	d108      	bne.n	10003fdc <strlen+0x4c>
10003fca:	6859      	ldr	r1, [r3, #4]
10003fcc:	4a05      	ldr	r2, [pc, #20]	; (10003fe4 <strlen+0x54>)
10003fce:	3304      	adds	r3, #4
10003fd0:	188a      	adds	r2, r1, r2
10003fd2:	438a      	bics	r2, r1
10003fd4:	4222      	tst	r2, r4
10003fd6:	d0f1      	beq.n	10003fbc <strlen+0x2c>
10003fd8:	e000      	b.n	10003fdc <strlen+0x4c>
10003fda:	3301      	adds	r3, #1
10003fdc:	781a      	ldrb	r2, [r3, #0]
10003fde:	2a00      	cmp	r2, #0
10003fe0:	d1fb      	bne.n	10003fda <strlen+0x4a>
10003fe2:	e7e1      	b.n	10003fa8 <strlen+0x18>
10003fe4:	fefefeff 	.word	0xfefefeff
10003fe8:	80808080 	.word	0x80808080

10003fec <_fini>:
10003fec:	b5f8      	push	{r3, r4, r5, r6, r7, lr}
10003fee:	46c0      	nop			; (mov r8, r8)

10003ff0 <__mutex_exit_veneer>:
10003ff0:	b401      	push	{r0}
10003ff2:	4802      	ldr	r0, [pc, #8]	; (10003ffc <__mutex_exit_veneer+0xc>)
10003ff4:	4684      	mov	ip, r0
10003ff6:	bc01      	pop	{r0}
10003ff8:	4760      	bx	ip
10003ffa:	bf00      	nop
10003ffc:	200001c9 	.word	0x200001c9

10004000 <____aeabi_ldiv0_veneer>:
10004000:	b401      	push	{r0}
10004002:	4802      	ldr	r0, [pc, #8]	; (1000400c <____aeabi_ldiv0_veneer+0xc>)
10004004:	4684      	mov	ip, r0
10004006:	bc01      	pop	{r0}
10004008:	4760      	bx	ip
1000400a:	bf00      	nop
1000400c:	20000215 	.word	0x20000215

10004010 <____aeabi_idiv0_veneer>:
10004010:	b401      	push	{r0}
10004012:	4802      	ldr	r0, [pc, #8]	; (1000401c <____aeabi_idiv0_veneer+0xc>)
10004014:	4684      	mov	ip, r0
10004016:	bc01      	pop	{r0}
10004018:	4760      	bx	ip
1000401a:	bf00      	nop
1000401c:	20000215 	.word	0x20000215

10004020 <__mutex_try_enter_block_until_veneer>:
10004020:	b401      	push	{r0}
10004022:	4802      	ldr	r0, [pc, #8]	; (1000402c <__mutex_try_enter_block_until_veneer+0xc>)
10004024:	4684      	mov	ip, r0
10004026:	bc01      	pop	{r0}
10004028:	4760      	bx	ip
1000402a:	bf00      	nop
1000402c:	20000195 	.word	0x20000195

Disassembly of section .data:

200000c0 <mutex_try_enter>:
200000c0:	0003      	movs	r3, r0
200000c2:	6800      	ldr	r0, [r0, #0]
200000c4:	f3ef 8c10 	mrs	ip, PRIMASK
200000c8:	b672      	cpsid	i
200000ca:	6802      	ldr	r2, [r0, #0]
200000cc:	2a00      	cmp	r2, #0
200000ce:	d0fc      	beq.n	200000ca <mutex_try_enter+0xa>
200000d0:	f3bf 8f5f 	dmb	sy
200000d4:	2204      	movs	r2, #4
200000d6:	569a      	ldrsb	r2, [r3, r2]
200000d8:	2a00      	cmp	r2, #0
200000da:	db0b      	blt.n	200000f4 <mutex_try_enter+0x34>
200000dc:	2900      	cmp	r1, #0
200000de:	d010      	beq.n	20000102 <mutex_try_enter+0x42>
200000e0:	600a      	str	r2, [r1, #0]
200000e2:	2000      	movs	r0, #0
200000e4:	681b      	ldr	r3, [r3, #0]
200000e6:	f3bf 8f5f 	dmb	sy
200000ea:	2200      	movs	r2, #0
200000ec:	601a      	str	r2, [r3, #0]
200000ee:	f38c 8810 	msr	PRIMASK, ip
200000f2:	4770      	bx	lr
200000f4:	22d0      	movs	r2, #208	; 0xd0
200000f6:	0612      	lsls	r2, r2, #24
200000f8:	7812      	ldrb	r2, [r2, #0]
200000fa:	b252      	sxtb	r2, r2
200000fc:	711a      	strb	r2, [r3, #4]
200000fe:	2001      	movs	r0, #1
20000100:	e7f0      	b.n	200000e4 <mutex_try_enter+0x24>
20000102:	2000      	movs	r0, #0
20000104:	e7ee      	b.n	200000e4 <mutex_try_enter+0x24>
	...

20000108 <mutex_enter_block_until>:
20000108:	b5f8      	push	{r3, r4, r5, r6, r7, lr}
2000010a:	46ce      	mov	lr, r9
2000010c:	4647      	mov	r7, r8
2000010e:	b580      	push	{r7, lr}
20000110:	0004      	movs	r4, r0
20000112:	0017      	movs	r7, r2
20000114:	4698      	mov	r8, r3
20000116:	6803      	ldr	r3, [r0, #0]
20000118:	2b00      	cmp	r3, #0
2000011a:	d020      	beq.n	2000015e <mutex_enter_block_until+0x56>
2000011c:	23d0      	movs	r3, #208	; 0xd0
2000011e:	061b      	lsls	r3, r3, #24
20000120:	781b      	ldrb	r3, [r3, #0]
20000122:	b25b      	sxtb	r3, r3
20000124:	4699      	mov	r9, r3
20000126:	6826      	ldr	r6, [r4, #0]
20000128:	f3ef 8c10 	mrs	ip, PRIMASK
2000012c:	b672      	cpsid	i
2000012e:	6835      	ldr	r5, [r6, #0]
20000130:	2d00      	cmp	r5, #0
20000132:	d0fc      	beq.n	2000012e <mutex_enter_block_until+0x26>
20000134:	f3bf 8f5f 	dmb	sy
20000138:	2504      	movs	r5, #4
2000013a:	5765      	ldrsb	r5, [r4, r5]
2000013c:	2d00      	cmp	r5, #0
2000013e:	db14      	blt.n	2000016a <mutex_enter_block_until+0x62>
20000140:	6823      	ldr	r3, [r4, #0]
20000142:	f3bf 8f5f 	dmb	sy
20000146:	2200      	movs	r2, #0
20000148:	601a      	str	r2, [r3, #0]
2000014a:	f38c 8810 	msr	PRIMASK, ip
2000014e:	0038      	movs	r0, r7
20000150:	4641      	mov	r1, r8
20000152:	f000 f869 	bl	20000228 <__best_effort_wfe_or_timeout_veneer>
20000156:	2800      	cmp	r0, #0
20000158:	d0e5      	beq.n	20000126 <mutex_enter_block_until+0x1e>
2000015a:	2000      	movs	r0, #0
2000015c:	e00f      	b.n	2000017e <mutex_enter_block_until+0x76>
2000015e:	4b0a      	ldr	r3, [pc, #40]	; (20000188 <mutex_enter_block_until+0x80>)
20000160:	4a0a      	ldr	r2, [pc, #40]	; (2000018c <mutex_enter_block_until+0x84>)
20000162:	2185      	movs	r1, #133	; 0x85
20000164:	480a      	ldr	r0, [pc, #40]	; (20000190 <mutex_enter_block_until+0x88>)
20000166:	f000 f857 	bl	20000218 <____assert_func_veneer>
2000016a:	464b      	mov	r3, r9
2000016c:	7123      	strb	r3, [r4, #4]
2000016e:	6823      	ldr	r3, [r4, #0]
20000170:	f3bf 8f5f 	dmb	sy
20000174:	2200      	movs	r2, #0
20000176:	601a      	str	r2, [r3, #0]
20000178:	f38c 8810 	msr	PRIMASK, ip
2000017c:	2001      	movs	r0, #1
2000017e:	bcc0      	pop	{r6, r7}
20000180:	46b9      	mov	r9, r7
20000182:	46b0      	mov	r8, r6
20000184:	bdf8      	pop	{r3, r4, r5, r6, r7, pc}
20000186:	46c0      	nop			; (mov r8, r8)
20000188:	10004394 	.word	0x10004394
2000018c:	1000446c 	.word	0x1000446c
20000190:	10004340 	.word	0x10004340

20000194 <mutex_try_enter_block_until>:
20000194:	b570      	push	{r4, r5, r6, lr}
20000196:	b082      	sub	sp, #8
20000198:	0006      	movs	r6, r0
2000019a:	0015      	movs	r5, r2
2000019c:	001c      	movs	r4, r3
2000019e:	a901      	add	r1, sp, #4
200001a0:	f7ff ff8e 	bl	200000c0 <mutex_try_enter>
200001a4:	2800      	cmp	r0, #0
200001a6:	d107      	bne.n	200001b8 <mutex_try_enter_block_until+0x24>
200001a8:	9b01      	ldr	r3, [sp, #4]
200001aa:	b25b      	sxtb	r3, r3
200001ac:	22d0      	movs	r2, #208	; 0xd0
200001ae:	0612      	lsls	r2, r2, #24
200001b0:	7812      	ldrb	r2, [r2, #0]
200001b2:	b252      	sxtb	r2, r2
200001b4:	4293      	cmp	r3, r2
200001b6:	d101      	bne.n	200001bc <mutex_try_enter_block_until+0x28>
200001b8:	b002      	add	sp, #8
200001ba:	bd70      	pop	{r4, r5, r6, pc}
200001bc:	002a      	movs	r2, r5
200001be:	0023      	movs	r3, r4
200001c0:	0030      	movs	r0, r6
200001c2:	f7ff ffa1 	bl	20000108 <mutex_enter_block_until>
200001c6:	e7f7      	b.n	200001b8 <mutex_try_enter_block_until+0x24>

200001c8 <mutex_exit>:
200001c8:	b510      	push	{r4, lr}
200001ca:	6802      	ldr	r2, [r0, #0]
200001cc:	f3ef 8110 	mrs	r1, PRIMASK
200001d0:	b672      	cpsid	i
200001d2:	6813      	ldr	r3, [r2, #0]
200001d4:	2b00      	cmp	r3, #0
200001d6:	d0fc      	beq.n	200001d2 <mutex_exit+0xa>
200001d8:	f3bf 8f5f 	dmb	sy
200001dc:	2304      	movs	r3, #4
200001de:	56c3      	ldrsb	r3, [r0, r3]
200001e0:	2b00      	cmp	r3, #0
200001e2:	db0a      	blt.n	200001fa <mutex_exit+0x32>
200001e4:	23ff      	movs	r3, #255	; 0xff
200001e6:	7103      	strb	r3, [r0, #4]
200001e8:	6803      	ldr	r3, [r0, #0]
200001ea:	f3bf 8f5f 	dmb	sy
200001ee:	2200      	movs	r2, #0
200001f0:	601a      	str	r2, [r3, #0]
200001f2:	f381 8810 	msr	PRIMASK, r1
200001f6:	bf40      	sev
200001f8:	bd10      	pop	{r4, pc}
200001fa:	4b03      	ldr	r3, [pc, #12]	; (20000208 <mutex_exit+0x40>)
200001fc:	4a03      	ldr	r2, [pc, #12]	; (2000020c <mutex_exit+0x44>)
200001fe:	21b4      	movs	r1, #180	; 0xb4
20000200:	4803      	ldr	r0, [pc, #12]	; (20000210 <mutex_exit+0x48>)
20000202:	f000 f809 	bl	20000218 <____assert_func_veneer>
20000206:	46c0      	nop			; (mov r8, r8)
20000208:	10004428 	.word	0x10004428
2000020c:	10004460 	.word	0x10004460
20000210:	10004340 	.word	0x10004340

20000214 <__aeabi_idiv0>:
20000214:	4770      	bx	lr
20000216:	46c0      	nop			; (mov r8, r8)

20000218 <____assert_func_veneer>:
20000218:	b401      	push	{r0}
2000021a:	4802      	ldr	r0, [pc, #8]	; (20000224 <____assert_func_veneer+0xc>)
2000021c:	4684      	mov	ip, r0
2000021e:	bc01      	pop	{r0}
20000220:	4760      	bx	ip
20000222:	bf00      	nop
20000224:	10001f7d 	.word	0x10001f7d

20000228 <__best_effort_wfe_or_timeout_veneer>:
20000228:	b401      	push	{r0}
2000022a:	4802      	ldr	r0, [pc, #8]	; (20000234 <__best_effort_wfe_or_timeout_veneer+0xc>)
2000022c:	4684      	mov	ip, r0
2000022e:	bc01      	pop	{r0}
20000230:	4760      	bx	ip
20000232:	bf00      	nop
20000234:	100011e1 	.word	0x100011e1

20000238 <striped_spin_lock_num>:
20000238:	00000010                                ....

2000023c <irq_handler_chain_slots>:
2000023c:	00000000 	.word	0x00000000
20000240:	00010000 	.word	0x00010000
	...
2000024c:	00020000 	.word	0x00020000
	...
20000258:	00030000 	.word	0x00030000
	...
20000264:	00ff0000 	.word	0x00ff0000
20000268:	00000000 	.word	0x00000000

2000026c <irq_handler_chain_first_slot>:
2000026c:	b501      	push	{r0, lr}
2000026e:	6848      	ldr	r0, [r1, #4]
20000270:	3101      	adds	r1, #1
20000272:	468e      	mov	lr, r1
20000274:	4700      	bx	r0

20000276 <irq_handler_chain_remove_tail>:
20000276:	4670      	mov	r0, lr
20000278:	3809      	subs	r0, #9
2000027a:	4901      	ldr	r1, [pc, #4]	; (20000280 <irq_handler_chain_remove_tail+0xa>)
2000027c:	4788      	blx	r1
2000027e:	bd01      	pop	{r0, pc}
20000280:	10000741 	.word	0x10000741

20000284 <default_alarm_pool>:
20000284:	2000029c 00000000 20000308 20000464     ... ....... d.. 
	...

2000029c <default_alarm_pool_heap>:
2000029c:	20000474 00000000 00000000 00000010     t.. ............
200002ac:	00000000                                ....

200002b0 <aeabi_bits_funcs>:
200002b0:	00003350 	.word	0x00003350
200002b4:	0000334c 	.word	0x0000334c
200002b8:	00003354 	.word	0x00003354
200002bc:	00003352 	.word	0x00003352

200002c0 <aeabi_bits_funcs_end>:
200002c0:	0000534d 	.word	0x0000534d
200002c4:	0000434d 	.word	0x0000434d
200002c8:	00003453 	.word	0x00003453
200002cc:	00003443 	.word	0x00003443

200002d0 <stdio_uart>:
200002d0:	10003d7d 00000000 10003df1 10003e99     }=.......=...>..
200002e0:	00000000 00000100                       ........

200002e8 <print_mutex>:
	...

200002f0 <__mutex_array_end>:
200002f0:	10003a99 	.word	0x10003a99
200002f4:	10003221 	.word	0x10003221
200002f8:	10003905 	.word	0x10003905
200002fc:	10003a11 	.word	0x10003a11

20000300 <__frame_dummy_init_array_entry>:
20000300:	100002e5                                ....
