
C:/Users/thisi/Documents/Pico-v1.5.1/build/pio/st7789_lcd/pio_st7789_lcd.elf:     file format elf32-littlearm

Sections:
Idx Name          Size      VMA       LMA       File off  Algn
  0 .boot2        00000100  10000000  10000000  00001000  2**0
                  CONTENTS, ALLOC, LOAD, READONLY, CODE
  1 .text         00004a00  10000100  10000100  00001100  2**3
                  CONTENTS, ALLOC, LOAD, READONLY, CODE
  2 .rodata       000011f4  10004b00  10004b00  00005b00  2**3
                  CONTENTS, ALLOC, LOAD, READONLY, DATA
  3 .binary_info  00000028  10005cf4  10005cf4  00006cf4  2**2
                  CONTENTS, ALLOC, LOAD, READONLY, DATA
  4 .ram_vector_table 000000c0  20000000  20000000  00028000  2**2
                  ALLOC
  5 .data         00020244  200000c0  10005d1c  000070c0  2**4
                  CONTENTS, ALLOC, LOAD, READONLY, CODE
  6 .uninitialized_data 00000000  20020304  20020304  00027304  2**0
                  CONTENTS
  7 .scratch_x    00000000  20040000  20040000  00027304  2**0
                  CONTENTS
  8 .scratch_y    00000000  20041000  20041000  00027304  2**0
                  CONTENTS
  9 .bss          000003e0  20020308  20020308  00027308  2**3
                  ALLOC
 10 .heap         00000800  200206e8  200206e8  00027304  2**2
                  CONTENTS, READONLY
 11 .stack_dummy  00000800  20041000  20041000  00027b20  2**5
                  CONTENTS, READONLY
 12 .ARM.attributes 00000028  00000000  00000000  00028320  2**0
                  CONTENTS, READONLY
 13 .comment      00000049  00000000  00000000  00028348  2**0
                  CONTENTS, READONLY
 14 .debug_info   0001ed91  00000000  00000000  00028391  2**0
                  CONTENTS, READONLY, DEBUGGING, OCTETS
 15 .debug_abbrev 00004c4a  00000000  00000000  00047122  2**0
                  CONTENTS, READONLY, DEBUGGING, OCTETS
 16 .debug_loc    00017c06  00000000  00000000  0004bd6c  2**0
                  CONTENTS, READONLY, DEBUGGING, OCTETS
 17 .debug_aranges 00000f78  00000000  00000000  00063978  2**3
                  CONTENTS, READONLY, DEBUGGING, OCTETS
 18 .debug_ranges 00004090  00000000  00000000  000648f0  2**3
                  CONTENTS, READONLY, DEBUGGING, OCTETS
 19 .debug_line   00013196  00000000  00000000  00068980  2**0
                  CONTENTS, READONLY, DEBUGGING, OCTETS
 20 .debug_str    000049a1  00000000  00000000  0007bb16  2**0
                  CONTENTS, READONLY, DEBUGGING, OCTETS
 21 .debug_frame  00001f5c  00000000  00000000  000804b8  2**2
                  CONTENTS, READONLY, DEBUGGING, OCTETS

C:/Users/thisi/Documents/Pico-v1.5.1/build/pio/st7789_lcd/pio_st7789_lcd.elf:     file format elf32-littlearm


Disassembly of section .boot2:

10000000 <__boot2_start__>:
10000000:	4b32b500 	.word	0x4b32b500
10000004:	60582021 	.word	0x60582021
10000008:	21026898 	.word	0x21026898
1000000c:	60984388 	.word	0x60984388
10000010:	611860d8 	.word	0x611860d8
10000014:	4b2e6158 	.word	0x4b2e6158
10000018:	60992100 	.word	0x60992100
1000001c:	61592102 	.word	0x61592102
10000020:	22f02101 	.word	0x22f02101
10000024:	492b5099 	.word	0x492b5099
10000028:	21016019 	.word	0x21016019
1000002c:	20356099 	.word	0x20356099
10000030:	f844f000 	.word	0xf844f000
10000034:	42902202 	.word	0x42902202
10000038:	2106d014 	.word	0x2106d014
1000003c:	f0006619 	.word	0xf0006619
10000040:	6e19f834 	.word	0x6e19f834
10000044:	66192101 	.word	0x66192101
10000048:	66182000 	.word	0x66182000
1000004c:	f000661a 	.word	0xf000661a
10000050:	6e19f82c 	.word	0x6e19f82c
10000054:	6e196e19 	.word	0x6e196e19
10000058:	f0002005 	.word	0xf0002005
1000005c:	2101f82f 	.word	0x2101f82f
10000060:	d1f94208 	.word	0xd1f94208
10000064:	60992100 	.word	0x60992100
10000068:	6019491b 	.word	0x6019491b
1000006c:	60592100 	.word	0x60592100
10000070:	481b491a 	.word	0x481b491a
10000074:	21016001 	.word	0x21016001
10000078:	21eb6099 	.word	0x21eb6099
1000007c:	21a06619 	.word	0x21a06619
10000080:	f0006619 	.word	0xf0006619
10000084:	2100f812 	.word	0x2100f812
10000088:	49166099 	.word	0x49166099
1000008c:	60014814 	.word	0x60014814
10000090:	60992101 	.word	0x60992101
10000094:	2800bc01 	.word	0x2800bc01
10000098:	4700d000 	.word	0x4700d000
1000009c:	49134812 	.word	0x49134812
100000a0:	c8036008 	.word	0xc8036008
100000a4:	8808f380 	.word	0x8808f380
100000a8:	b5034708 	.word	0xb5034708
100000ac:	20046a99 	.word	0x20046a99
100000b0:	d0fb4201 	.word	0xd0fb4201
100000b4:	42012001 	.word	0x42012001
100000b8:	bd03d1f8 	.word	0xbd03d1f8
100000bc:	6618b502 	.word	0x6618b502
100000c0:	f7ff6618 	.word	0xf7ff6618
100000c4:	6e18fff2 	.word	0x6e18fff2
100000c8:	bd026e18 	.word	0xbd026e18
100000cc:	40020000 	.word	0x40020000
100000d0:	18000000 	.word	0x18000000
100000d4:	00070000 	.word	0x00070000
100000d8:	005f0300 	.word	0x005f0300
100000dc:	00002221 	.word	0x00002221
100000e0:	180000f4 	.word	0x180000f4
100000e4:	a0002022 	.word	0xa0002022
100000e8:	10000100 	.word	0x10000100
100000ec:	e000ed08 	.word	0xe000ed08
	...
100000fc:	7a4eb274 	.word	0x7a4eb274

Disassembly of section .text:

10000100 <__VECTOR_TABLE>:
10000100:	20042000 	.word	0x20042000
10000104:	100001f7 	.word	0x100001f7
10000108:	100001c3 	.word	0x100001c3
1000010c:	100001c5 	.word	0x100001c5
10000110:	100001c1 	.word	0x100001c1
10000114:	100001c1 	.word	0x100001c1
10000118:	100001c1 	.word	0x100001c1
1000011c:	100001c1 	.word	0x100001c1
10000120:	100001c1 	.word	0x100001c1
10000124:	100001c1 	.word	0x100001c1
10000128:	100001c1 	.word	0x100001c1
1000012c:	100001c7 	.word	0x100001c7
10000130:	100001c1 	.word	0x100001c1
10000134:	100001c1 	.word	0x100001c1
10000138:	100001c9 	.word	0x100001c9
1000013c:	100001cb 	.word	0x100001cb
10000140:	100001cd 	.word	0x100001cd
10000144:	100001cd 	.word	0x100001cd
10000148:	100001cd 	.word	0x100001cd
1000014c:	100001cd 	.word	0x100001cd
10000150:	100001cd 	.word	0x100001cd
10000154:	100001cd 	.word	0x100001cd
10000158:	100001cd 	.word	0x100001cd
1000015c:	100001cd 	.word	0x100001cd
10000160:	100001cd 	.word	0x100001cd
10000164:	100001cd 	.word	0x100001cd
10000168:	100001cd 	.word	0x100001cd
1000016c:	100001cd 	.word	0x100001cd
10000170:	100001cd 	.word	0x100001cd
10000174:	100001cd 	.word	0x100001cd
10000178:	100001cd 	.word	0x100001cd
1000017c:	100001cd 	.word	0x100001cd
10000180:	100001cd 	.word	0x100001cd
10000184:	100001cd 	.word	0x100001cd
10000188:	100001cd 	.word	0x100001cd
1000018c:	100001cd 	.word	0x100001cd
10000190:	100001cd 	.word	0x100001cd
10000194:	100001cd 	.word	0x100001cd
10000198:	100001cd 	.word	0x100001cd
1000019c:	100001cd 	.word	0x100001cd
100001a0:	100001cd 	.word	0x100001cd
100001a4:	100001cd 	.word	0x100001cd
100001a8:	100001cd 	.word	0x100001cd
100001ac:	100001cd 	.word	0x100001cd
100001b0:	100001cd 	.word	0x100001cd
100001b4:	100001cd 	.word	0x100001cd
100001b8:	100001cd 	.word	0x100001cd
100001bc:	100001cd 	.word	0x100001cd

100001c0 <isr_invalid>:
100001c0:	be00      	bkpt	0x0000

100001c2 <isr_nmi>:
100001c2:	be00      	bkpt	0x0000

100001c4 <isr_hardfault>:
100001c4:	be00      	bkpt	0x0000

100001c6 <isr_svcall>:
100001c6:	be00      	bkpt	0x0000

100001c8 <isr_pendsv>:
100001c8:	be00      	bkpt	0x0000

100001ca <isr_systick>:
100001ca:	be00      	bkpt	0x0000

100001cc <__unhandled_user_irq>:
100001cc:	f3ef 8005 	mrs	r0, IPSR
100001d0:	3810      	subs	r0, #16

100001d2 <unhandled_user_irq_num_in_r0>:
100001d2:	be00      	bkpt	0x0000

100001d4 <binary_info_header>:
100001d4:	7188ebf2 	.word	0x7188ebf2
100001d8:	10005cf4 	.word	0x10005cf4
100001dc:	10005d1c 	.word	0x10005d1c
100001e0:	10000234 	.word	0x10000234
100001e4:	e71aa390 	.word	0xe71aa390

100001e8 <_entry_point>:
100001e8:	2000      	movs	r0, #0
100001ea:	491f      	ldr	r1, [pc, #124]	; (10000268 <hold_non_core0_in_bootrom+0xa>)
100001ec:	6008      	str	r0, [r1, #0]
100001ee:	c806      	ldmia	r0!, {r1, r2}
100001f0:	f381 8808 	msr	MSP, r1
100001f4:	4710      	bx	r2

100001f6 <_reset_handler>:
100001f6:	481d      	ldr	r0, [pc, #116]	; (1000026c <hold_non_core0_in_bootrom+0xe>)
100001f8:	6800      	ldr	r0, [r0, #0]
100001fa:	2800      	cmp	r0, #0
100001fc:	d12f      	bne.n	1000025e <hold_non_core0_in_bootrom>
100001fe:	a40d      	add	r4, pc, #52	; (adr r4, 10000234 <data_cpy_table>)
10000200:	cc0e      	ldmia	r4!, {r1, r2, r3}
10000202:	2900      	cmp	r1, #0
10000204:	d002      	beq.n	1000020c <_reset_handler+0x16>
10000206:	f000 f812 	bl	1000022e <data_cpy>
1000020a:	e7f9      	b.n	10000200 <_reset_handler+0xa>
1000020c:	4918      	ldr	r1, [pc, #96]	; (10000270 <hold_non_core0_in_bootrom+0x12>)
1000020e:	4a19      	ldr	r2, [pc, #100]	; (10000274 <hold_non_core0_in_bootrom+0x16>)
10000210:	2000      	movs	r0, #0
10000212:	e000      	b.n	10000216 <bss_fill_test>

10000214 <bss_fill_loop>:
10000214:	c101      	stmia	r1!, {r0}

10000216 <bss_fill_test>:
10000216:	4291      	cmp	r1, r2
10000218:	d1fc      	bne.n	10000214 <bss_fill_loop>

1000021a <platform_entry>:
1000021a:	4917      	ldr	r1, [pc, #92]	; (10000278 <hold_non_core0_in_bootrom+0x1a>)
1000021c:	4788      	blx	r1
1000021e:	4917      	ldr	r1, [pc, #92]	; (1000027c <hold_non_core0_in_bootrom+0x1e>)
10000220:	4788      	blx	r1
10000222:	4917      	ldr	r1, [pc, #92]	; (10000280 <hold_non_core0_in_bootrom+0x22>)
10000224:	4788      	blx	r1
10000226:	be00      	bkpt	0x0000
10000228:	e7fd      	b.n	10000226 <platform_entry+0xc>

1000022a <data_cpy_loop>:
1000022a:	c901      	ldmia	r1!, {r0}
1000022c:	c201      	stmia	r2!, {r0}

1000022e <data_cpy>:
1000022e:	429a      	cmp	r2, r3
10000230:	d3fb      	bcc.n	1000022a <data_cpy_loop>
10000232:	4770      	bx	lr

10000234 <data_cpy_table>:
10000234:	10005d1c 	.word	0x10005d1c
10000238:	200000c0 	.word	0x200000c0
1000023c:	20020304 	.word	0x20020304
10000240:	10025f60 	.word	0x10025f60
10000244:	20040000 	.word	0x20040000
10000248:	20040000 	.word	0x20040000
1000024c:	10025f60 	.word	0x10025f60
10000250:	20041000 	.word	0x20041000
10000254:	20041000 	.word	0x20041000
10000258:	00000000 	.word	0x00000000
1000025c:	4770      	bx	lr

1000025e <hold_non_core0_in_bootrom>:
1000025e:	4809      	ldr	r0, [pc, #36]	; (10000284 <hold_non_core0_in_bootrom+0x26>)
10000260:	f003 fa2e 	bl	100036c0 <rom_func_lookup>
10000264:	4700      	bx	r0
10000266:	0000      	.short	0x0000
10000268:	e000ed08 	.word	0xe000ed08
1000026c:	d0000000 	.word	0xd0000000
10000270:	20020308 	.word	0x20020308
10000274:	200206e8 	.word	0x200206e8
10000278:	10002449 	.word	0x10002449
1000027c:	10000469 	.word	0x10000469
10000280:	10002405 	.word	0x10002405
10000284:	00005657 	.word	0x00005657

10000288 <__bi_50>:
10000288:	50520006 5360b3ab 10005b80              ..RP..`S.[..

10000294 <__bi_38>:
10000294:	50520006 02031c86 10005b90              ..RP.....[..

100002a0 <__bi_30>:
100002a0:	50520006 9da22254 10005ba0              ..RPT"...[..

100002ac <__bi_22>:
100002ac:	50520005 68f465de 10025f60              ..RP.e.h`_..

100002b8 <_init>:
100002b8:	b5f8      	push	{r3, r4, r5, r6, r7, lr}
100002ba:	46c0      	nop			; (mov r8, r8)

100002bc <__do_global_dtors_aux>:
100002bc:	b510      	push	{r4, lr}
100002be:	4c06      	ldr	r4, [pc, #24]	; (100002d8 <__do_global_dtors_aux+0x1c>)
100002c0:	7823      	ldrb	r3, [r4, #0]
100002c2:	2b00      	cmp	r3, #0
100002c4:	d107      	bne.n	100002d6 <__do_global_dtors_aux+0x1a>
100002c6:	4b05      	ldr	r3, [pc, #20]	; (100002dc <__do_global_dtors_aux+0x20>)
100002c8:	2b00      	cmp	r3, #0
100002ca:	d002      	beq.n	100002d2 <__do_global_dtors_aux+0x16>
100002cc:	4804      	ldr	r0, [pc, #16]	; (100002e0 <__do_global_dtors_aux+0x24>)
100002ce:	e000      	b.n	100002d2 <__do_global_dtors_aux+0x16>
100002d0:	bf00      	nop
100002d2:	2301      	movs	r3, #1
100002d4:	7023      	strb	r3, [r4, #0]
100002d6:	bd10      	pop	{r4, pc}
100002d8:	20020408 	.word	0x20020408
100002dc:	00000000 	.word	0x00000000
100002e0:	10004b00 	.word	0x10004b00

100002e4 <frame_dummy>:
100002e4:	4b04      	ldr	r3, [pc, #16]	; (100002f8 <frame_dummy+0x14>)
100002e6:	b510      	push	{r4, lr}
100002e8:	2b00      	cmp	r3, #0
100002ea:	d003      	beq.n	100002f4 <frame_dummy+0x10>
100002ec:	4903      	ldr	r1, [pc, #12]	; (100002fc <frame_dummy+0x18>)
100002ee:	4804      	ldr	r0, [pc, #16]	; (10000300 <frame_dummy+0x1c>)
100002f0:	e000      	b.n	100002f4 <frame_dummy+0x10>
100002f2:	bf00      	nop
100002f4:	bd10      	pop	{r4, pc}
100002f6:	46c0      	nop			; (mov r8, r8)
100002f8:	00000000 	.word	0x00000000
100002fc:	2002040c 	.word	0x2002040c
10000300:	10004b00 	.word	0x10004b00

10000304 <st7789_lcd_program_init>:
10000304:	b5f0      	push	{r4, r5, r6, r7, lr}
10000306:	46ce      	mov	lr, r9
10000308:	4647      	mov	r7, r8
1000030a:	b580      	push	{r7, lr}
1000030c:	b091      	sub	sp, #68	; 0x44
1000030e:	0006      	movs	r6, r0
10000310:	4688      	mov	r8, r1
10000312:	4691      	mov	r9, r2
10000314:	001f      	movs	r7, r3
10000316:	9d18      	ldr	r5, [sp, #96]	; 0x60
10000318:	4b4c      	ldr	r3, [pc, #304]	; (1000044c <st7789_lcd_program_init+0x148>)
1000031a:	4298      	cmp	r0, r3
1000031c:	d100      	bne.n	10000320 <st7789_lcd_program_init+0x1c>
1000031e:	e091      	b.n	10000444 <st7789_lcd_program_init+0x140>
10000320:	2407      	movs	r4, #7
10000322:	0021      	movs	r1, r4
10000324:	0038      	movs	r0, r7
10000326:	f000 f9f9 	bl	1000071c <gpio_set_function>
1000032a:	0021      	movs	r1, r4
1000032c:	0028      	movs	r0, r5
1000032e:	f000 f9f5 	bl	1000071c <gpio_set_function>
10000332:	2401      	movs	r4, #1
10000334:	9400      	str	r4, [sp, #0]
10000336:	2301      	movs	r3, #1
10000338:	003a      	movs	r2, r7
1000033a:	4641      	mov	r1, r8
1000033c:	0030      	movs	r0, r6
1000033e:	f004 facb 	bl	100048d8 <pio_sm_set_consecutive_pindirs>
10000342:	9400      	str	r4, [sp, #0]
10000344:	2301      	movs	r3, #1
10000346:	002a      	movs	r2, r5
10000348:	4641      	mov	r1, r8
1000034a:	0030      	movs	r0, r6
1000034c:	f004 fac4 	bl	100048d8 <pio_sm_set_consecutive_pindirs>
10000350:	2210      	movs	r2, #16
10000352:	2100      	movs	r1, #0
10000354:	a808      	add	r0, sp, #32
10000356:	f003 ff91 	bl	1000427c <__wrap_memset>
1000035a:	2380      	movs	r3, #128	; 0x80
1000035c:	025b      	lsls	r3, r3, #9
1000035e:	9308      	str	r3, [sp, #32]
10000360:	23f8      	movs	r3, #248	; 0xf8
10000362:	025b      	lsls	r3, r3, #9
10000364:	9309      	str	r3, [sp, #36]	; 0x24
10000366:	2380      	movs	r3, #128	; 0x80
10000368:	02db      	lsls	r3, r3, #11
1000036a:	930a      	str	r3, [sp, #40]	; 0x28
1000036c:	23c0      	movs	r3, #192	; 0xc0
1000036e:	031b      	lsls	r3, r3, #12
10000370:	930a      	str	r3, [sp, #40]	; 0x28
10000372:	2210      	movs	r2, #16
10000374:	a908      	add	r1, sp, #32
10000376:	a804      	add	r0, sp, #16
10000378:	f003 ff86 	bl	10004288 <__wrap___aeabi_memcpy>
1000037c:	464b      	mov	r3, r9
1000037e:	3301      	adds	r3, #1
10000380:	9a05      	ldr	r2, [sp, #20]
10000382:	9203      	str	r2, [sp, #12]
10000384:	4c32      	ldr	r4, [pc, #200]	; (10000450 <st7789_lcd_program_init+0x14c>)
10000386:	4014      	ands	r4, r2
10000388:	464a      	mov	r2, r9
1000038a:	01d2      	lsls	r2, r2, #7
1000038c:	4314      	orrs	r4, r2
1000038e:	031b      	lsls	r3, r3, #12
10000390:	431c      	orrs	r4, r3
10000392:	9405      	str	r4, [sp, #20]
10000394:	9b07      	ldr	r3, [sp, #28]
10000396:	9303      	str	r3, [sp, #12]
10000398:	00db      	lsls	r3, r3, #3
1000039a:	08db      	lsrs	r3, r3, #3
1000039c:	2280      	movs	r2, #128	; 0x80
1000039e:	0592      	lsls	r2, r2, #22
100003a0:	4313      	orrs	r3, r2
100003a2:	9307      	str	r3, [sp, #28]
100003a4:	4b2b      	ldr	r3, [pc, #172]	; (10000454 <st7789_lcd_program_init+0x150>)
100003a6:	401c      	ands	r4, r3
100003a8:	9405      	str	r4, [sp, #20]
100003aa:	2210      	movs	r2, #16
100003ac:	a904      	add	r1, sp, #16
100003ae:	a80c      	add	r0, sp, #48	; 0x30
100003b0:	f003 ff6a 	bl	10004288 <__wrap___aeabi_memcpy>
100003b4:	9b0f      	ldr	r3, [sp, #60]	; 0x3c
100003b6:	9303      	str	r3, [sp, #12]
100003b8:	4b27      	ldr	r3, [pc, #156]	; (10000458 <st7789_lcd_program_init+0x154>)
100003ba:	9a03      	ldr	r2, [sp, #12]
100003bc:	4013      	ands	r3, r2
100003be:	02ad      	lsls	r5, r5, #10
100003c0:	431d      	orrs	r5, r3
100003c2:	950f      	str	r5, [sp, #60]	; 0x3c
100003c4:	4b25      	ldr	r3, [pc, #148]	; (1000045c <st7789_lcd_program_init+0x158>)
100003c6:	401d      	ands	r5, r3
100003c8:	433d      	orrs	r5, r7
100003ca:	2780      	movs	r7, #128	; 0x80
100003cc:	037f      	lsls	r7, r7, #13
100003ce:	433d      	orrs	r5, r7
100003d0:	950f      	str	r5, [sp, #60]	; 0x3c
100003d2:	9b0e      	ldr	r3, [sp, #56]	; 0x38
100003d4:	9303      	str	r3, [sp, #12]
100003d6:	009b      	lsls	r3, r3, #2
100003d8:	089b      	lsrs	r3, r3, #2
100003da:	2280      	movs	r2, #128	; 0x80
100003dc:	05d2      	lsls	r2, r2, #23
100003de:	4313      	orrs	r3, r2
100003e0:	930e      	str	r3, [sp, #56]	; 0x38
100003e2:	9819      	ldr	r0, [sp, #100]	; 0x64
100003e4:	f003 fe16 	bl	10004014 <__wrap___aeabi_f2uiz>
100003e8:	b284      	uxth	r4, r0
100003ea:	2c00      	cmp	r4, #0
100003ec:	d02c      	beq.n	10000448 <st7789_lcd_program_init+0x144>
100003ee:	0020      	movs	r0, r4
100003f0:	f003 fdbb 	bl	10003f6a <__wrap___aeabi_ui2f>
100003f4:	1c01      	adds	r1, r0, #0
100003f6:	9819      	ldr	r0, [sp, #100]	; 0x64
100003f8:	f003 fd69 	bl	10003ece <__wrap___aeabi_fsub>
100003fc:	2187      	movs	r1, #135	; 0x87
100003fe:	05c9      	lsls	r1, r1, #23
10000400:	f003 fd7f 	bl	10003f02 <__wrap___aeabi_fmul>
10000404:	f003 fe06 	bl	10004014 <__wrap___aeabi_f2uiz>
10000408:	b2c0      	uxtb	r0, r0
1000040a:	0200      	lsls	r0, r0, #8
1000040c:	0424      	lsls	r4, r4, #16
1000040e:	4304      	orrs	r4, r0
10000410:	940c      	str	r4, [sp, #48]	; 0x30
10000412:	9b0e      	ldr	r3, [sp, #56]	; 0x38
10000414:	9303      	str	r3, [sp, #12]
10000416:	4a12      	ldr	r2, [pc, #72]	; (10000460 <st7789_lcd_program_init+0x15c>)
10000418:	401a      	ands	r2, r3
1000041a:	4b12      	ldr	r3, [pc, #72]	; (10000464 <st7789_lcd_program_init+0x160>)
1000041c:	4313      	orrs	r3, r2
1000041e:	930e      	str	r3, [sp, #56]	; 0x38
10000420:	ab0c      	add	r3, sp, #48	; 0x30
10000422:	464a      	mov	r2, r9
10000424:	4641      	mov	r1, r8
10000426:	0030      	movs	r0, r6
10000428:	f004 faa8 	bl	1000497c <pio_sm_init>
1000042c:	6832      	ldr	r2, [r6, #0]
1000042e:	2301      	movs	r3, #1
10000430:	4641      	mov	r1, r8
10000432:	408b      	lsls	r3, r1
10000434:	439a      	bics	r2, r3
10000436:	4313      	orrs	r3, r2
10000438:	6033      	str	r3, [r6, #0]
1000043a:	b011      	add	sp, #68	; 0x44
1000043c:	bcc0      	pop	{r6, r7}
1000043e:	46b9      	mov	r9, r7
10000440:	46b0      	mov	r8, r6
10000442:	bdf0      	pop	{r4, r5, r6, r7, pc}
10000444:	2406      	movs	r4, #6
10000446:	e76c      	b.n	10000322 <st7789_lcd_program_init+0x1e>
10000448:	2000      	movs	r0, #0
1000044a:	e7de      	b.n	1000040a <st7789_lcd_program_init+0x106>
1000044c:	50200000 	.word	0x50200000
10000450:	fffe007f 	.word	0xfffe007f
10000454:	9fffffff 	.word	0x9fffffff
10000458:	ffff83ff 	.word	0xffff83ff
1000045c:	fc0fffe0 	.word	0xfc0fffe0
10000460:	c1f5ffff 	.word	0xc1f5ffff
10000464:	10020000 	.word	0x10020000

10000468 <main>:
10000468:	b5f0      	push	{r4, r5, r6, r7, lr}
1000046a:	46ce      	mov	lr, r9
1000046c:	4647      	mov	r7, r8
1000046e:	b580      	push	{r7, lr}
10000470:	b089      	sub	sp, #36	; 0x24
10000472:	f004 f86d 	bl	10004550 <stdio_init_all>
10000476:	4c9f      	ldr	r4, [pc, #636]	; (100006f4 <main+0x28c>)
10000478:	499f      	ldr	r1, [pc, #636]	; (100006f8 <main+0x290>)
1000047a:	0020      	movs	r0, r4
1000047c:	f004 fa10 	bl	100048a0 <pio_add_program>
10000480:	0002      	movs	r2, r0
10000482:	23fe      	movs	r3, #254	; 0xfe
10000484:	059b      	lsls	r3, r3, #22
10000486:	9301      	str	r3, [sp, #4]
10000488:	2301      	movs	r3, #1
1000048a:	9300      	str	r3, [sp, #0]
1000048c:	2300      	movs	r3, #0
1000048e:	2100      	movs	r1, #0
10000490:	0020      	movs	r0, r4
10000492:	f7ff ff37 	bl	10000304 <st7789_lcd_program_init>
10000496:	2002      	movs	r0, #2
10000498:	f000 f958 	bl	1000074c <gpio_init>
1000049c:	2003      	movs	r0, #3
1000049e:	f000 f955 	bl	1000074c <gpio_init>
100004a2:	2004      	movs	r0, #4
100004a4:	f000 f952 	bl	1000074c <gpio_init>
100004a8:	2005      	movs	r0, #5
100004aa:	f000 f94f 	bl	1000074c <gpio_init>
100004ae:	23d0      	movs	r3, #208	; 0xd0
100004b0:	061b      	lsls	r3, r3, #24
100004b2:	2104      	movs	r1, #4
100004b4:	6259      	str	r1, [r3, #36]	; 0x24
100004b6:	2208      	movs	r2, #8
100004b8:	625a      	str	r2, [r3, #36]	; 0x24
100004ba:	3208      	adds	r2, #8
100004bc:	625a      	str	r2, [r3, #36]	; 0x24
100004be:	2020      	movs	r0, #32
100004c0:	6258      	str	r0, [r3, #36]	; 0x24
100004c2:	6159      	str	r1, [r3, #20]
100004c4:	615a      	str	r2, [r3, #20]
100004c6:	4c8d      	ldr	r4, [pc, #564]	; (100006fc <main+0x294>)
100004c8:	e02a      	b.n	10000520 <main+0xb8>
100004ca:	1c7b      	adds	r3, r7, #1
100004cc:	783a      	ldrb	r2, [r7, #0]
100004ce:	4989      	ldr	r1, [pc, #548]	; (100006f4 <main+0x28c>)
100004d0:	6849      	ldr	r1, [r1, #4]
100004d2:	03c9      	lsls	r1, r1, #15
100004d4:	d4fb      	bmi.n	100004ce <main+0x66>
100004d6:	4641      	mov	r1, r8
100004d8:	700a      	strb	r2, [r1, #0]
100004da:	3601      	adds	r6, #1
100004dc:	001f      	movs	r7, r3
100004de:	1e6b      	subs	r3, r5, #1
100004e0:	429e      	cmp	r6, r3
100004e2:	d3f2      	bcc.n	100004ca <main+0x62>
100004e4:	4b83      	ldr	r3, [pc, #524]	; (100006f4 <main+0x28c>)
100004e6:	2280      	movs	r2, #128	; 0x80
100004e8:	0452      	lsls	r2, r2, #17
100004ea:	609a      	str	r2, [r3, #8]
100004ec:	4b81      	ldr	r3, [pc, #516]	; (100006f4 <main+0x28c>)
100004ee:	689b      	ldr	r3, [r3, #8]
100004f0:	01db      	lsls	r3, r3, #7
100004f2:	d5fb      	bpl.n	100004ec <main+0x84>
100004f4:	2001      	movs	r0, #1
100004f6:	2100      	movs	r1, #0
100004f8:	f001 f8de 	bl	100016b8 <sleep_us>
100004fc:	22d0      	movs	r2, #208	; 0xd0
100004fe:	0612      	lsls	r2, r2, #24
10000500:	6911      	ldr	r1, [r2, #16]
10000502:	230c      	movs	r3, #12
10000504:	438b      	bics	r3, r1
10000506:	61d3      	str	r3, [r2, #28]
10000508:	2001      	movs	r0, #1
1000050a:	2100      	movs	r1, #0
1000050c:	f001 f8d4 	bl	100016b8 <sleep_us>
10000510:	7863      	ldrb	r3, [r4, #1]
10000512:	0098      	lsls	r0, r3, #2
10000514:	18c0      	adds	r0, r0, r3
10000516:	f001 f8fb 	bl	10001710 <sleep_ms>
1000051a:	7823      	ldrb	r3, [r4, #0]
1000051c:	3302      	adds	r3, #2
1000051e:	18e4      	adds	r4, r4, r3
10000520:	7825      	ldrb	r5, [r4, #0]
10000522:	2d00      	cmp	r5, #0
10000524:	d040      	beq.n	100005a8 <main+0x140>
10000526:	1ca6      	adds	r6, r4, #2
10000528:	46a9      	mov	r9, r5
1000052a:	4b72      	ldr	r3, [pc, #456]	; (100006f4 <main+0x28c>)
1000052c:	2280      	movs	r2, #128	; 0x80
1000052e:	0452      	lsls	r2, r2, #17
10000530:	609a      	str	r2, [r3, #8]
10000532:	4b70      	ldr	r3, [pc, #448]	; (100006f4 <main+0x28c>)
10000534:	689b      	ldr	r3, [r3, #8]
10000536:	01db      	lsls	r3, r3, #7
10000538:	d5fb      	bpl.n	10000532 <main+0xca>
1000053a:	2001      	movs	r0, #1
1000053c:	2100      	movs	r1, #0
1000053e:	f001 f8bb 	bl	100016b8 <sleep_us>
10000542:	22d0      	movs	r2, #208	; 0xd0
10000544:	0612      	lsls	r2, r2, #24
10000546:	6911      	ldr	r1, [r2, #16]
10000548:	230c      	movs	r3, #12
1000054a:	400b      	ands	r3, r1
1000054c:	61d3      	str	r3, [r2, #28]
1000054e:	2001      	movs	r0, #1
10000550:	2100      	movs	r1, #0
10000552:	f001 f8b1 	bl	100016b8 <sleep_us>
10000556:	1c77      	adds	r7, r6, #1
10000558:	7831      	ldrb	r1, [r6, #0]
1000055a:	4b66      	ldr	r3, [pc, #408]	; (100006f4 <main+0x28c>)
1000055c:	685a      	ldr	r2, [r3, #4]
1000055e:	2380      	movs	r3, #128	; 0x80
10000560:	025b      	lsls	r3, r3, #9
10000562:	0016      	movs	r6, r2
10000564:	401e      	ands	r6, r3
10000566:	421a      	tst	r2, r3
10000568:	d1f7      	bne.n	1000055a <main+0xf2>
1000056a:	4b65      	ldr	r3, [pc, #404]	; (10000700 <main+0x298>)
1000056c:	4698      	mov	r8, r3
1000056e:	7019      	strb	r1, [r3, #0]
10000570:	464b      	mov	r3, r9
10000572:	2b01      	cmp	r3, #1
10000574:	d9b6      	bls.n	100004e4 <main+0x7c>
10000576:	4b5f      	ldr	r3, [pc, #380]	; (100006f4 <main+0x28c>)
10000578:	2280      	movs	r2, #128	; 0x80
1000057a:	0452      	lsls	r2, r2, #17
1000057c:	609a      	str	r2, [r3, #8]
1000057e:	4b5d      	ldr	r3, [pc, #372]	; (100006f4 <main+0x28c>)
10000580:	689b      	ldr	r3, [r3, #8]
10000582:	01db      	lsls	r3, r3, #7
10000584:	d5fb      	bpl.n	1000057e <main+0x116>
10000586:	2001      	movs	r0, #1
10000588:	2100      	movs	r1, #0
1000058a:	f001 f895 	bl	100016b8 <sleep_us>
1000058e:	21d0      	movs	r1, #208	; 0xd0
10000590:	0609      	lsls	r1, r1, #24
10000592:	690b      	ldr	r3, [r1, #16]
10000594:	2208      	movs	r2, #8
10000596:	405a      	eors	r2, r3
10000598:	230c      	movs	r3, #12
1000059a:	4013      	ands	r3, r2
1000059c:	61cb      	str	r3, [r1, #28]
1000059e:	2001      	movs	r0, #1
100005a0:	2100      	movs	r1, #0
100005a2:	f001 f889 	bl	100016b8 <sleep_us>
100005a6:	e79a      	b.n	100004de <main+0x76>
100005a8:	23d0      	movs	r3, #208	; 0xd0
100005aa:	061b      	lsls	r3, r3, #24
100005ac:	2220      	movs	r2, #32
100005ae:	615a      	str	r2, [r3, #20]
100005b0:	4b54      	ldr	r3, [pc, #336]	; (10000704 <main+0x29c>)
100005b2:	4a55      	ldr	r2, [pc, #340]	; (10000708 <main+0x2a0>)
100005b4:	62da      	str	r2, [r3, #44]	; 0x2c
100005b6:	4a55      	ldr	r2, [pc, #340]	; (1000070c <main+0x2a4>)
100005b8:	631a      	str	r2, [r3, #48]	; 0x30
100005ba:	4a55      	ldr	r2, [pc, #340]	; (10000710 <main+0x2a8>)
100005bc:	611a      	str	r2, [r3, #16]
100005be:	2400      	movs	r4, #0
100005c0:	4954      	ldr	r1, [pc, #336]	; (10000714 <main+0x2ac>)
100005c2:	1c20      	adds	r0, r4, #0
100005c4:	f003 fc86 	bl	10003ed4 <__wrap___aeabi_fadd>
100005c8:	1c04      	adds	r4, r0, #0
100005ca:	4953      	ldr	r1, [pc, #332]	; (10000718 <main+0x2b0>)
100005cc:	f003 fcc8 	bl	10003f60 <__wrap___aeabi_fcmpgt>
100005d0:	2800      	cmp	r0, #0
100005d2:	d004      	beq.n	100005de <main+0x176>
100005d4:	4950      	ldr	r1, [pc, #320]	; (10000718 <main+0x2b0>)
100005d6:	1c20      	adds	r0, r4, #0
100005d8:	f003 fc79 	bl	10003ece <__wrap___aeabi_fsub>
100005dc:	1c04      	adds	r4, r0, #0
100005de:	1c20      	adds	r0, r4, #0
100005e0:	f003 fd24 	bl	1000402c <__wrap_cosf>
100005e4:	218f      	movs	r1, #143	; 0x8f
100005e6:	05c9      	lsls	r1, r1, #23
100005e8:	f003 fc8b 	bl	10003f02 <__wrap___aeabi_fmul>
100005ec:	f003 fce4 	bl	10003fb8 <__wrap___aeabi_f2iz>
100005f0:	0005      	movs	r5, r0
100005f2:	9004      	str	r0, [sp, #16]
100005f4:	1c20      	adds	r0, r4, #0
100005f6:	f003 fd2b 	bl	10004050 <__wrap_sinf>
100005fa:	1c06      	adds	r6, r0, #0
100005fc:	2380      	movs	r3, #128	; 0x80
100005fe:	061b      	lsls	r3, r3, #24
10000600:	18c0      	adds	r0, r0, r3
10000602:	218f      	movs	r1, #143	; 0x8f
10000604:	05c9      	lsls	r1, r1, #23
10000606:	f003 fc7c 	bl	10003f02 <__wrap___aeabi_fmul>
1000060a:	f003 fcd5 	bl	10003fb8 <__wrap___aeabi_f2iz>
1000060e:	9005      	str	r0, [sp, #20]
10000610:	218f      	movs	r1, #143	; 0x8f
10000612:	05c9      	lsls	r1, r1, #23
10000614:	1c30      	adds	r0, r6, #0
10000616:	f003 fc74 	bl	10003f02 <__wrap___aeabi_fmul>
1000061a:	f003 fccd 	bl	10003fb8 <__wrap___aeabi_f2iz>
1000061e:	9006      	str	r0, [sp, #24]
10000620:	9507      	str	r5, [sp, #28]
10000622:	4b38      	ldr	r3, [pc, #224]	; (10000704 <main+0x29c>)
10000624:	609d      	str	r5, [r3, #8]
10000626:	9a06      	ldr	r2, [sp, #24]
10000628:	60da      	str	r2, [r3, #12]
1000062a:	4b32      	ldr	r3, [pc, #200]	; (100006f4 <main+0x28c>)
1000062c:	2280      	movs	r2, #128	; 0x80
1000062e:	0452      	lsls	r2, r2, #17
10000630:	609a      	str	r2, [r3, #8]
10000632:	4b30      	ldr	r3, [pc, #192]	; (100006f4 <main+0x28c>)
10000634:	689b      	ldr	r3, [r3, #8]
10000636:	01db      	lsls	r3, r3, #7
10000638:	d5fb      	bpl.n	10000632 <main+0x1ca>
1000063a:	2001      	movs	r0, #1
1000063c:	2100      	movs	r1, #0
1000063e:	f001 f83b 	bl	100016b8 <sleep_us>
10000642:	22d0      	movs	r2, #208	; 0xd0
10000644:	0612      	lsls	r2, r2, #24
10000646:	6911      	ldr	r1, [r2, #16]
10000648:	230c      	movs	r3, #12
1000064a:	400b      	ands	r3, r1
1000064c:	61d3      	str	r3, [r2, #28]
1000064e:	2001      	movs	r0, #1
10000650:	2100      	movs	r1, #0
10000652:	f001 f831 	bl	100016b8 <sleep_us>
10000656:	4b27      	ldr	r3, [pc, #156]	; (100006f4 <main+0x28c>)
10000658:	685b      	ldr	r3, [r3, #4]
1000065a:	03db      	lsls	r3, r3, #15
1000065c:	d4fb      	bmi.n	10000656 <main+0x1ee>
1000065e:	4b28      	ldr	r3, [pc, #160]	; (10000700 <main+0x298>)
10000660:	222c      	movs	r2, #44	; 0x2c
10000662:	701a      	strb	r2, [r3, #0]
10000664:	4b23      	ldr	r3, [pc, #140]	; (100006f4 <main+0x28c>)
10000666:	2280      	movs	r2, #128	; 0x80
10000668:	0452      	lsls	r2, r2, #17
1000066a:	609a      	str	r2, [r3, #8]
1000066c:	4b21      	ldr	r3, [pc, #132]	; (100006f4 <main+0x28c>)
1000066e:	689b      	ldr	r3, [r3, #8]
10000670:	01db      	lsls	r3, r3, #7
10000672:	d5fb      	bpl.n	1000066c <main+0x204>
10000674:	2001      	movs	r0, #1
10000676:	2100      	movs	r1, #0
10000678:	f001 f81e 	bl	100016b8 <sleep_us>
1000067c:	25d0      	movs	r5, #208	; 0xd0
1000067e:	062d      	lsls	r5, r5, #24
10000680:	692b      	ldr	r3, [r5, #16]
10000682:	260c      	movs	r6, #12
10000684:	0032      	movs	r2, r6
10000686:	439a      	bics	r2, r3
10000688:	61ea      	str	r2, [r5, #28]
1000068a:	2001      	movs	r0, #1
1000068c:	2100      	movs	r1, #0
1000068e:	f001 f813 	bl	100016b8 <sleep_us>
10000692:	2001      	movs	r0, #1
10000694:	2100      	movs	r1, #0
10000696:	f001 f80f 	bl	100016b8 <sleep_us>
1000069a:	692b      	ldr	r3, [r5, #16]
1000069c:	2208      	movs	r2, #8
1000069e:	4053      	eors	r3, r2
100006a0:	401e      	ands	r6, r3
100006a2:	61ee      	str	r6, [r5, #28]
100006a4:	2001      	movs	r0, #1
100006a6:	2100      	movs	r1, #0
100006a8:	f001 f806 	bl	100016b8 <sleep_us>
100006ac:	2500      	movs	r5, #0
100006ae:	e014      	b.n	100006da <main+0x272>
100006b0:	4b14      	ldr	r3, [pc, #80]	; (10000704 <main+0x29c>)
100006b2:	69db      	ldr	r3, [r3, #28]
100006b4:	881a      	ldrh	r2, [r3, #0]
100006b6:	0a10      	lsrs	r0, r2, #8
100006b8:	4b0e      	ldr	r3, [pc, #56]	; (100006f4 <main+0x28c>)
100006ba:	685b      	ldr	r3, [r3, #4]
100006bc:	03db      	lsls	r3, r3, #15
100006be:	d4fb      	bmi.n	100006b8 <main+0x250>
100006c0:	4b0c      	ldr	r3, [pc, #48]	; (100006f4 <main+0x28c>)
100006c2:	7418      	strb	r0, [r3, #16]
100006c4:	b2d2      	uxtb	r2, r2
100006c6:	4b0b      	ldr	r3, [pc, #44]	; (100006f4 <main+0x28c>)
100006c8:	685b      	ldr	r3, [r3, #4]
100006ca:	03db      	lsls	r3, r3, #15
100006cc:	d4fb      	bmi.n	100006c6 <main+0x25e>
100006ce:	4b09      	ldr	r3, [pc, #36]	; (100006f4 <main+0x28c>)
100006d0:	741a      	strb	r2, [r3, #16]
100006d2:	3101      	adds	r1, #1
100006d4:	29ef      	cmp	r1, #239	; 0xef
100006d6:	ddeb      	ble.n	100006b0 <main+0x248>
100006d8:	3501      	adds	r5, #1
100006da:	2def      	cmp	r5, #239	; 0xef
100006dc:	dd00      	ble.n	100006e0 <main+0x278>
100006de:	e76f      	b.n	100005c0 <main+0x158>
100006e0:	9b05      	ldr	r3, [sp, #20]
100006e2:	9303      	str	r3, [sp, #12]
100006e4:	436b      	muls	r3, r5
100006e6:	4a07      	ldr	r2, [pc, #28]	; (10000704 <main+0x29c>)
100006e8:	6013      	str	r3, [r2, #0]
100006ea:	9b07      	ldr	r3, [sp, #28]
100006ec:	436b      	muls	r3, r5
100006ee:	6053      	str	r3, [r2, #4]
100006f0:	2100      	movs	r1, #0
100006f2:	e7ef      	b.n	100006d4 <main+0x26c>
100006f4:	50200000 	.word	0x50200000
100006f8:	10004b28 	.word	0x10004b28
100006fc:	10004b00 	.word	0x10004b00
10000700:	50200010 	.word	0x50200010
10000704:	d0000080 	.word	0xd0000080
10000708:	0004202f 	.word	0x0004202f
1000070c:	00044127 	.word	0x00044127
10000710:	20000238 	.word	0x20000238
10000714:	3ca3d70a 	.word	0x3ca3d70a
10000718:	40c90fdb 	.word	0x40c90fdb

1000071c <gpio_set_function>:
1000071c:	b510      	push	{r4, lr}
1000071e:	0083      	lsls	r3, r0, #2
10000720:	4a08      	ldr	r2, [pc, #32]	; (10000744 <gpio_set_function+0x28>)
10000722:	4694      	mov	ip, r2
10000724:	4463      	add	r3, ip
10000726:	681c      	ldr	r4, [r3, #0]
10000728:	2240      	movs	r2, #64	; 0x40
1000072a:	4062      	eors	r2, r4
1000072c:	24c0      	movs	r4, #192	; 0xc0
1000072e:	4014      	ands	r4, r2
10000730:	2280      	movs	r2, #128	; 0x80
10000732:	0152      	lsls	r2, r2, #5
10000734:	4313      	orrs	r3, r2
10000736:	601c      	str	r4, [r3, #0]
10000738:	00c0      	lsls	r0, r0, #3
1000073a:	4b03      	ldr	r3, [pc, #12]	; (10000748 <gpio_set_function+0x2c>)
1000073c:	469c      	mov	ip, r3
1000073e:	4460      	add	r0, ip
10000740:	6041      	str	r1, [r0, #4]
10000742:	bd10      	pop	{r4, pc}
10000744:	4001c004 	.word	0x4001c004
10000748:	40014000 	.word	0x40014000

1000074c <gpio_init>:
1000074c:	b510      	push	{r4, lr}
1000074e:	2301      	movs	r3, #1
10000750:	4083      	lsls	r3, r0
10000752:	22d0      	movs	r2, #208	; 0xd0
10000754:	0612      	lsls	r2, r2, #24
10000756:	6293      	str	r3, [r2, #40]	; 0x28
10000758:	6193      	str	r3, [r2, #24]
1000075a:	2105      	movs	r1, #5
1000075c:	f7ff ffde 	bl	1000071c <gpio_set_function>
10000760:	bd10      	pop	{r4, pc}
	...

10000764 <running_on_fpga>:
10000764:	4b03      	ldr	r3, [pc, #12]	; (10000774 <running_on_fpga+0x10>)
10000766:	681b      	ldr	r3, [r3, #0]
10000768:	2002      	movs	r0, #2
1000076a:	4018      	ands	r0, r3
1000076c:	1e43      	subs	r3, r0, #1
1000076e:	4198      	sbcs	r0, r3
10000770:	b2c0      	uxtb	r0, r0
10000772:	4770      	bx	lr
10000774:	4006c000 	.word	0x4006c000

10000778 <hw_claim_lock>:
10000778:	f3ef 8010 	mrs	r0, PRIMASK
1000077c:	b672      	cpsid	i
1000077e:	4b03      	ldr	r3, [pc, #12]	; (1000078c <hw_claim_lock+0x14>)
10000780:	681b      	ldr	r3, [r3, #0]
10000782:	2b00      	cmp	r3, #0
10000784:	d0fb      	beq.n	1000077e <hw_claim_lock+0x6>
10000786:	f3bf 8f5f 	dmb	sy
1000078a:	4770      	bx	lr
1000078c:	d000012c 	.word	0xd000012c

10000790 <hw_claim_unlock>:
10000790:	f3bf 8f5f 	dmb	sy
10000794:	4b02      	ldr	r3, [pc, #8]	; (100007a0 <hw_claim_unlock+0x10>)
10000796:	2200      	movs	r2, #0
10000798:	601a      	str	r2, [r3, #0]
1000079a:	f380 8810 	msr	PRIMASK, r0
1000079e:	4770      	bx	lr
100007a0:	d000012c 	.word	0xd000012c

100007a4 <hw_claim_or_assert>:
100007a4:	b5f8      	push	{r3, r4, r5, r6, r7, lr}
100007a6:	0006      	movs	r6, r0
100007a8:	000c      	movs	r4, r1
100007aa:	0015      	movs	r5, r2
100007ac:	f7ff ffe4 	bl	10000778 <hw_claim_lock>
100007b0:	08e3      	lsrs	r3, r4, #3
100007b2:	18f7      	adds	r7, r6, r3
100007b4:	5cf1      	ldrb	r1, [r6, r3]
100007b6:	2207      	movs	r2, #7
100007b8:	4022      	ands	r2, r4
100007ba:	2301      	movs	r3, #1
100007bc:	4093      	lsls	r3, r2
100007be:	420b      	tst	r3, r1
100007c0:	d105      	bne.n	100007ce <hw_claim_or_assert+0x2a>
100007c2:	b2db      	uxtb	r3, r3
100007c4:	430b      	orrs	r3, r1
100007c6:	703b      	strb	r3, [r7, #0]
100007c8:	f7ff ffe2 	bl	10000790 <hw_claim_unlock>
100007cc:	bdf8      	pop	{r3, r4, r5, r6, r7, pc}
100007ce:	0021      	movs	r1, r4
100007d0:	0028      	movs	r0, r5
100007d2:	f001 feb5 	bl	10002540 <panic>
	...

100007d8 <spin_locks_reset>:
100007d8:	2300      	movs	r3, #0
100007da:	e007      	b.n	100007ec <spin_locks_reset+0x14>
100007dc:	4a05      	ldr	r2, [pc, #20]	; (100007f4 <spin_locks_reset+0x1c>)
100007de:	189a      	adds	r2, r3, r2
100007e0:	0092      	lsls	r2, r2, #2
100007e2:	f3bf 8f5f 	dmb	sy
100007e6:	2100      	movs	r1, #0
100007e8:	6011      	str	r1, [r2, #0]
100007ea:	3301      	adds	r3, #1
100007ec:	2b1f      	cmp	r3, #31
100007ee:	d9f5      	bls.n	100007dc <spin_locks_reset+0x4>
100007f0:	4770      	bx	lr
100007f2:	46c0      	nop			; (mov r8, r8)
100007f4:	34000040 	.word	0x34000040

100007f8 <next_striped_spin_lock_num>:
100007f8:	4a05      	ldr	r2, [pc, #20]	; (10000810 <next_striped_spin_lock_num+0x18>)
100007fa:	7810      	ldrb	r0, [r2, #0]
100007fc:	1c43      	adds	r3, r0, #1
100007fe:	b2db      	uxtb	r3, r3
10000800:	7013      	strb	r3, [r2, #0]
10000802:	2b17      	cmp	r3, #23
10000804:	d902      	bls.n	1000080c <next_striped_spin_lock_num+0x14>
10000806:	0013      	movs	r3, r2
10000808:	2210      	movs	r2, #16
1000080a:	701a      	strb	r2, [r3, #0]
1000080c:	4770      	bx	lr
1000080e:	46c0      	nop			; (mov r8, r8)
10000810:	20020238 	.word	0x20020238

10000814 <set_raw_irq_handler_and_unlock>:
10000814:	4b07      	ldr	r3, [pc, #28]	; (10000834 <set_raw_irq_handler_and_unlock+0x20>)
10000816:	689b      	ldr	r3, [r3, #8]
10000818:	3010      	adds	r0, #16
1000081a:	0080      	lsls	r0, r0, #2
1000081c:	5019      	str	r1, [r3, r0]
1000081e:	f3bf 8f5f 	dmb	sy
10000822:	f3bf 8f5f 	dmb	sy
10000826:	4b04      	ldr	r3, [pc, #16]	; (10000838 <set_raw_irq_handler_and_unlock+0x24>)
10000828:	2100      	movs	r1, #0
1000082a:	6019      	str	r1, [r3, #0]
1000082c:	f382 8810 	msr	PRIMASK, r2
10000830:	4770      	bx	lr
10000832:	46c0      	nop			; (mov r8, r8)
10000834:	e000ed00 	.word	0xe000ed00
10000838:	d0000124 	.word	0xd0000124

1000083c <make_branch>:
1000083c:	b510      	push	{r4, lr}
1000083e:	1a09      	subs	r1, r1, r0
10000840:	1f08      	subs	r0, r1, #4
10000842:	4b0a      	ldr	r3, [pc, #40]	; (1000086c <make_branch+0x30>)
10000844:	469c      	mov	ip, r3
10000846:	4461      	add	r1, ip
10000848:	4a09      	ldr	r2, [pc, #36]	; (10000870 <make_branch+0x34>)
1000084a:	4291      	cmp	r1, r2
1000084c:	d808      	bhi.n	10000860 <make_branch+0x24>
1000084e:	07c3      	lsls	r3, r0, #31
10000850:	d406      	bmi.n	10000860 <make_branch+0x24>
10000852:	1040      	asrs	r0, r0, #1
10000854:	0540      	lsls	r0, r0, #21
10000856:	0d40      	lsrs	r0, r0, #21
10000858:	4b06      	ldr	r3, [pc, #24]	; (10000874 <make_branch+0x38>)
1000085a:	4318      	orrs	r0, r3
1000085c:	b280      	uxth	r0, r0
1000085e:	bd10      	pop	{r4, pc}
10000860:	4b05      	ldr	r3, [pc, #20]	; (10000878 <make_branch+0x3c>)
10000862:	4a06      	ldr	r2, [pc, #24]	; (1000087c <make_branch+0x40>)
10000864:	21a3      	movs	r1, #163	; 0xa3
10000866:	4806      	ldr	r0, [pc, #24]	; (10000880 <make_branch+0x44>)
10000868:	f001 fdd0 	bl	1000240c <__assert_func>
1000086c:	000007fc 	.word	0x000007fc
10000870:	00000ffe 	.word	0x00000ffe
10000874:	ffffe000 	.word	0xffffe000
10000878:	10004b34 	.word	0x10004b34
1000087c:	10004da4 	.word	0x10004da4
10000880:	10004b64 	.word	0x10004b64

10000884 <insert_branch_and_link>:
10000884:	b510      	push	{r4, lr}
10000886:	1a09      	subs	r1, r1, r0
10000888:	3904      	subs	r1, #4
1000088a:	084c      	lsrs	r4, r1, #1
1000088c:	0b09      	lsrs	r1, r1, #12
1000088e:	d108      	bne.n	100008a2 <insert_branch_and_link+0x1e>
10000890:	0549      	lsls	r1, r1, #21
10000892:	0d49      	lsrs	r1, r1, #21
10000894:	4a06      	ldr	r2, [pc, #24]	; (100008b0 <insert_branch_and_link+0x2c>)
10000896:	4311      	orrs	r1, r2
10000898:	8001      	strh	r1, [r0, #0]
1000089a:	4b06      	ldr	r3, [pc, #24]	; (100008b4 <insert_branch_and_link+0x30>)
1000089c:	4323      	orrs	r3, r4
1000089e:	8043      	strh	r3, [r0, #2]
100008a0:	bd10      	pop	{r4, pc}
100008a2:	4b05      	ldr	r3, [pc, #20]	; (100008b8 <insert_branch_and_link+0x34>)
100008a4:	4a05      	ldr	r2, [pc, #20]	; (100008bc <insert_branch_and_link+0x38>)
100008a6:	21ab      	movs	r1, #171	; 0xab
100008a8:	4805      	ldr	r0, [pc, #20]	; (100008c0 <insert_branch_and_link+0x3c>)
100008aa:	f001 fdaf 	bl	1000240c <__assert_func>
100008ae:	46c0      	nop			; (mov r8, r8)
100008b0:	fffff000 	.word	0xfffff000
100008b4:	fffff800 	.word	0xfffff800
100008b8:	10004bc0 	.word	0x10004bc0
100008bc:	10004d78 	.word	0x10004d78
100008c0:	10004b64 	.word	0x10004b64

100008c4 <irq_is_enabled>:
100008c4:	2301      	movs	r3, #1
100008c6:	4083      	lsls	r3, r0
100008c8:	4a03      	ldr	r2, [pc, #12]	; (100008d8 <irq_is_enabled+0x14>)
100008ca:	6810      	ldr	r0, [r2, #0]
100008cc:	4018      	ands	r0, r3
100008ce:	1e43      	subs	r3, r0, #1
100008d0:	4198      	sbcs	r0, r3
100008d2:	b2c0      	uxtb	r0, r0
100008d4:	4770      	bx	lr
100008d6:	46c0      	nop			; (mov r8, r8)
100008d8:	e000e100 	.word	0xe000e100

100008dc <irq_set_mask_enabled>:
100008dc:	2900      	cmp	r1, #0
100008de:	d004      	beq.n	100008ea <irq_set_mask_enabled+0xe>
100008e0:	4b03      	ldr	r3, [pc, #12]	; (100008f0 <irq_set_mask_enabled+0x14>)
100008e2:	6018      	str	r0, [r3, #0]
100008e4:	4b03      	ldr	r3, [pc, #12]	; (100008f4 <irq_set_mask_enabled+0x18>)
100008e6:	6018      	str	r0, [r3, #0]
100008e8:	4770      	bx	lr
100008ea:	4b03      	ldr	r3, [pc, #12]	; (100008f8 <irq_set_mask_enabled+0x1c>)
100008ec:	6018      	str	r0, [r3, #0]
100008ee:	e7fb      	b.n	100008e8 <irq_set_mask_enabled+0xc>
100008f0:	e000e280 	.word	0xe000e280
100008f4:	e000e100 	.word	0xe000e100
100008f8:	e000e180 	.word	0xe000e180

100008fc <irq_set_enabled>:
100008fc:	b510      	push	{r4, lr}
100008fe:	2301      	movs	r3, #1
10000900:	4083      	lsls	r3, r0
10000902:	0018      	movs	r0, r3
10000904:	f7ff ffea 	bl	100008dc <irq_set_mask_enabled>
10000908:	bd10      	pop	{r4, pc}
	...

1000090c <irq_get_vtable_handler>:
1000090c:	4b02      	ldr	r3, [pc, #8]	; (10000918 <irq_get_vtable_handler+0xc>)
1000090e:	689b      	ldr	r3, [r3, #8]
10000910:	3010      	adds	r0, #16
10000912:	0080      	lsls	r0, r0, #2
10000914:	58c0      	ldr	r0, [r0, r3]
10000916:	4770      	bx	lr
10000918:	e000ed00 	.word	0xe000ed00

1000091c <irq_set_exclusive_handler>:
1000091c:	b570      	push	{r4, r5, r6, lr}
1000091e:	0004      	movs	r4, r0
10000920:	000d      	movs	r5, r1
10000922:	f3ef 8610 	mrs	r6, PRIMASK
10000926:	b672      	cpsid	i
10000928:	4b0c      	ldr	r3, [pc, #48]	; (1000095c <irq_set_exclusive_handler+0x40>)
1000092a:	681b      	ldr	r3, [r3, #0]
1000092c:	2b00      	cmp	r3, #0
1000092e:	d0fb      	beq.n	10000928 <irq_set_exclusive_handler+0xc>
10000930:	f3bf 8f5f 	dmb	sy
10000934:	0020      	movs	r0, r4
10000936:	f7ff ffe9 	bl	1000090c <irq_get_vtable_handler>
1000093a:	4b09      	ldr	r3, [pc, #36]	; (10000960 <irq_set_exclusive_handler+0x44>)
1000093c:	4298      	cmp	r0, r3
1000093e:	d001      	beq.n	10000944 <irq_set_exclusive_handler+0x28>
10000940:	42a8      	cmp	r0, r5
10000942:	d105      	bne.n	10000950 <irq_set_exclusive_handler+0x34>
10000944:	0032      	movs	r2, r6
10000946:	0029      	movs	r1, r5
10000948:	0020      	movs	r0, r4
1000094a:	f7ff ff63 	bl	10000814 <set_raw_irq_handler_and_unlock>
1000094e:	bd70      	pop	{r4, r5, r6, pc}
10000950:	4b04      	ldr	r3, [pc, #16]	; (10000964 <irq_set_exclusive_handler+0x48>)
10000952:	4a05      	ldr	r2, [pc, #20]	; (10000968 <irq_set_exclusive_handler+0x4c>)
10000954:	2186      	movs	r1, #134	; 0x86
10000956:	4805      	ldr	r0, [pc, #20]	; (1000096c <irq_set_exclusive_handler+0x50>)
10000958:	f001 fd58 	bl	1000240c <__assert_func>
1000095c:	d0000124 	.word	0xd0000124
10000960:	100001cd 	.word	0x100001cd
10000964:	10004bd0 	.word	0x10004bd0
10000968:	10004dc0 	.word	0x10004dc0
1000096c:	10004b64 	.word	0x10004b64

10000970 <irq_remove_handler>:
10000970:	b5f0      	push	{r4, r5, r6, r7, lr}
10000972:	46ce      	mov	lr, r9
10000974:	4647      	mov	r7, r8
10000976:	b580      	push	{r7, lr}
10000978:	b083      	sub	sp, #12
1000097a:	0006      	movs	r6, r0
1000097c:	000d      	movs	r5, r1
1000097e:	f3ef 8810 	mrs	r8, PRIMASK
10000982:	b672      	cpsid	i
10000984:	4b56      	ldr	r3, [pc, #344]	; (10000ae0 <irq_remove_handler+0x170>)
10000986:	681b      	ldr	r3, [r3, #0]
10000988:	2b00      	cmp	r3, #0
1000098a:	d0fb      	beq.n	10000984 <irq_remove_handler+0x14>
1000098c:	f3bf 8f5f 	dmb	sy
10000990:	4b54      	ldr	r3, [pc, #336]	; (10000ae4 <irq_remove_handler+0x174>)
10000992:	689a      	ldr	r2, [r3, #8]
10000994:	0034      	movs	r4, r6
10000996:	3410      	adds	r4, #16
10000998:	00a3      	lsls	r3, r4, #2
1000099a:	58d7      	ldr	r7, [r2, r3]
1000099c:	4b52      	ldr	r3, [pc, #328]	; (10000ae8 <irq_remove_handler+0x178>)
1000099e:	429f      	cmp	r7, r3
100009a0:	d007      	beq.n	100009b2 <irq_remove_handler+0x42>
100009a2:	42af      	cmp	r7, r5
100009a4:	d100      	bne.n	100009a8 <irq_remove_handler+0x38>
100009a6:	e098      	b.n	10000ada <irq_remove_handler+0x16a>
100009a8:	9701      	str	r7, [sp, #4]
100009aa:	4b50      	ldr	r3, [pc, #320]	; (10000aec <irq_remove_handler+0x17c>)
100009ac:	1afb      	subs	r3, r7, r3
100009ae:	2b2f      	cmp	r3, #47	; 0x2f
100009b0:	d909      	bls.n	100009c6 <irq_remove_handler+0x56>
100009b2:	4642      	mov	r2, r8
100009b4:	0039      	movs	r1, r7
100009b6:	0030      	movs	r0, r6
100009b8:	f7ff ff2c 	bl	10000814 <set_raw_irq_handler_and_unlock>
100009bc:	b003      	add	sp, #12
100009be:	bcc0      	pop	{r6, r7}
100009c0:	46b9      	mov	r9, r7
100009c2:	46b0      	mov	r8, r6
100009c4:	bdf0      	pop	{r4, r5, r6, r7, pc}
100009c6:	0030      	movs	r0, r6
100009c8:	f7ff ff7c 	bl	100008c4 <irq_is_enabled>
100009cc:	4681      	mov	r9, r0
100009ce:	2100      	movs	r1, #0
100009d0:	0030      	movs	r0, r6
100009d2:	f7ff ff93 	bl	100008fc <irq_set_enabled>
100009d6:	f3bf 8f5f 	dmb	sy
100009da:	f3ef 8105 	mrs	r1, IPSR
100009de:	2900      	cmp	r1, #0
100009e0:	d001      	beq.n	100009e6 <irq_remove_handler+0x76>
100009e2:	428c      	cmp	r4, r1
100009e4:	d111      	bne.n	10000a0a <irq_remove_handler+0x9a>
100009e6:	2301      	movs	r3, #1
100009e8:	9c01      	ldr	r4, [sp, #4]
100009ea:	439c      	bics	r4, r3
100009ec:	2200      	movs	r2, #0
100009ee:	68a3      	ldr	r3, [r4, #8]
100009f0:	42ab      	cmp	r3, r5
100009f2:	d012      	beq.n	10000a1a <irq_remove_handler+0xaa>
100009f4:	2206      	movs	r2, #6
100009f6:	56a2      	ldrsb	r2, [r4, r2]
100009f8:	2a00      	cmp	r2, #0
100009fa:	db0d      	blt.n	10000a18 <irq_remove_handler+0xa8>
100009fc:	0053      	lsls	r3, r2, #1
100009fe:	189b      	adds	r3, r3, r2
10000a00:	009b      	lsls	r3, r3, #2
10000a02:	0022      	movs	r2, r4
10000a04:	4c39      	ldr	r4, [pc, #228]	; (10000aec <irq_remove_handler+0x17c>)
10000a06:	18e4      	adds	r4, r4, r3
10000a08:	e7f1      	b.n	100009ee <irq_remove_handler+0x7e>
10000a0a:	2136      	movs	r1, #54	; 0x36
10000a0c:	4b38      	ldr	r3, [pc, #224]	; (10000af0 <irq_remove_handler+0x180>)
10000a0e:	4a39      	ldr	r2, [pc, #228]	; (10000af4 <irq_remove_handler+0x184>)
10000a10:	31ff      	adds	r1, #255	; 0xff
10000a12:	4839      	ldr	r0, [pc, #228]	; (10000af8 <irq_remove_handler+0x188>)
10000a14:	f001 fcfa 	bl	1000240c <__assert_func>
10000a18:	0022      	movs	r2, r4
10000a1a:	42ab      	cmp	r3, r5
10000a1c:	d156      	bne.n	10000acc <irq_remove_handler+0x15c>
10000a1e:	2506      	movs	r5, #6
10000a20:	5765      	ldrsb	r5, [r4, r5]
10000a22:	2d00      	cmp	r5, #0
10000a24:	db38      	blt.n	10000a98 <irq_remove_handler+0x128>
10000a26:	006b      	lsls	r3, r5, #1
10000a28:	195b      	adds	r3, r3, r5
10000a2a:	009a      	lsls	r2, r3, #2
10000a2c:	4b2f      	ldr	r3, [pc, #188]	; (10000aec <irq_remove_handler+0x17c>)
10000a2e:	189b      	adds	r3, r3, r2
10000a30:	689a      	ldr	r2, [r3, #8]
10000a32:	60a2      	str	r2, [r4, #8]
10000a34:	79da      	ldrb	r2, [r3, #7]
10000a36:	71e2      	strb	r2, [r4, #7]
10000a38:	2206      	movs	r2, #6
10000a3a:	569a      	ldrsb	r2, [r3, r2]
10000a3c:	71a2      	strb	r2, [r4, #6]
10000a3e:	799b      	ldrb	r3, [r3, #6]
10000a40:	b25b      	sxtb	r3, r3
10000a42:	2b00      	cmp	r3, #0
10000a44:	da0f      	bge.n	10000a66 <irq_remove_handler+0xf6>
10000a46:	482d      	ldr	r0, [pc, #180]	; (10000afc <irq_remove_handler+0x18c>)
10000a48:	80a0      	strh	r0, [r4, #4]
10000a4a:	006b      	lsls	r3, r5, #1
10000a4c:	195b      	adds	r3, r3, r5
10000a4e:	009b      	lsls	r3, r3, #2
10000a50:	4a26      	ldr	r2, [pc, #152]	; (10000aec <irq_remove_handler+0x17c>)
10000a52:	18d3      	adds	r3, r2, r3
10000a54:	4a2a      	ldr	r2, [pc, #168]	; (10000b00 <irq_remove_handler+0x190>)
10000a56:	7811      	ldrb	r1, [r2, #0]
10000a58:	7199      	strb	r1, [r3, #6]
10000a5a:	7015      	strb	r5, [r2, #0]
10000a5c:	4649      	mov	r1, r9
10000a5e:	0030      	movs	r0, r6
10000a60:	f7ff ff4c 	bl	100008fc <irq_set_enabled>
10000a64:	e7a5      	b.n	100009b2 <irq_remove_handler+0x42>
10000a66:	1d20      	adds	r0, r4, #4
10000a68:	006b      	lsls	r3, r5, #1
10000a6a:	195b      	adds	r3, r3, r5
10000a6c:	009b      	lsls	r3, r3, #2
10000a6e:	4a1f      	ldr	r2, [pc, #124]	; (10000aec <irq_remove_handler+0x17c>)
10000a70:	189b      	adds	r3, r3, r2
10000a72:	1d1a      	adds	r2, r3, #4
10000a74:	889b      	ldrh	r3, [r3, #4]
10000a76:	0ad9      	lsrs	r1, r3, #11
10000a78:	291c      	cmp	r1, #28
10000a7a:	d107      	bne.n	10000a8c <irq_remove_handler+0x11c>
10000a7c:	055b      	lsls	r3, r3, #21
10000a7e:	155b      	asrs	r3, r3, #21
10000a80:	3302      	adds	r3, #2
10000a82:	0059      	lsls	r1, r3, #1
10000a84:	1851      	adds	r1, r2, r1
10000a86:	f7ff fed9 	bl	1000083c <make_branch>
10000a8a:	e7dd      	b.n	10000a48 <irq_remove_handler+0xd8>
10000a8c:	4b1d      	ldr	r3, [pc, #116]	; (10000b04 <irq_remove_handler+0x194>)
10000a8e:	4a1e      	ldr	r2, [pc, #120]	; (10000b08 <irq_remove_handler+0x198>)
10000a90:	21b1      	movs	r1, #177	; 0xb1
10000a92:	4819      	ldr	r0, [pc, #100]	; (10000af8 <irq_remove_handler+0x188>)
10000a94:	f001 fcba 	bl	1000240c <__assert_func>
10000a98:	2900      	cmp	r1, #0
10000a9a:	d112      	bne.n	10000ac2 <irq_remove_handler+0x152>
10000a9c:	2a00      	cmp	r2, #0
10000a9e:	d00e      	beq.n	10000abe <irq_remove_handler+0x14e>
10000aa0:	23ff      	movs	r3, #255	; 0xff
10000aa2:	7193      	strb	r3, [r2, #6]
10000aa4:	4b19      	ldr	r3, [pc, #100]	; (10000b0c <irq_remove_handler+0x19c>)
10000aa6:	8093      	strh	r3, [r2, #4]
10000aa8:	4a15      	ldr	r2, [pc, #84]	; (10000b00 <irq_remove_handler+0x190>)
10000aaa:	7813      	ldrb	r3, [r2, #0]
10000aac:	71a3      	strb	r3, [r4, #6]
10000aae:	4b18      	ldr	r3, [pc, #96]	; (10000b10 <irq_remove_handler+0x1a0>)
10000ab0:	490e      	ldr	r1, [pc, #56]	; (10000aec <irq_remove_handler+0x17c>)
10000ab2:	1a64      	subs	r4, r4, r1
10000ab4:	4164      	adcs	r4, r4
10000ab6:	4363      	muls	r3, r4
10000ab8:	0d1b      	lsrs	r3, r3, #20
10000aba:	7013      	strb	r3, [r2, #0]
10000abc:	e7ce      	b.n	10000a5c <irq_remove_handler+0xec>
10000abe:	4f0a      	ldr	r7, [pc, #40]	; (10000ae8 <irq_remove_handler+0x178>)
10000ac0:	e7f2      	b.n	10000aa8 <irq_remove_handler+0x138>
10000ac2:	1d20      	adds	r0, r4, #4
10000ac4:	4913      	ldr	r1, [pc, #76]	; (10000b14 <irq_remove_handler+0x1a4>)
10000ac6:	f7ff fedd 	bl	10000884 <insert_branch_and_link>
10000aca:	e7c7      	b.n	10000a5c <irq_remove_handler+0xec>
10000acc:	216a      	movs	r1, #106	; 0x6a
10000ace:	4b12      	ldr	r3, [pc, #72]	; (10000b18 <irq_remove_handler+0x1a8>)
10000ad0:	4a08      	ldr	r2, [pc, #32]	; (10000af4 <irq_remove_handler+0x184>)
10000ad2:	31ff      	adds	r1, #255	; 0xff
10000ad4:	4808      	ldr	r0, [pc, #32]	; (10000af8 <irq_remove_handler+0x188>)
10000ad6:	f001 fc99 	bl	1000240c <__assert_func>
10000ada:	4f03      	ldr	r7, [pc, #12]	; (10000ae8 <irq_remove_handler+0x178>)
10000adc:	e769      	b.n	100009b2 <irq_remove_handler+0x42>
10000ade:	46c0      	nop			; (mov r8, r8)
10000ae0:	d0000124 	.word	0xd0000124
10000ae4:	e000ed00 	.word	0xe000ed00
10000ae8:	100001cd 	.word	0x100001cd
10000aec:	2002023c 	.word	0x2002023c
10000af0:	10004ce4 	.word	0x10004ce4
10000af4:	10004d90 	.word	0x10004d90
10000af8:	10004b64 	.word	0x10004b64
10000afc:	0000bd01 	.word	0x0000bd01
10000b00:	200206e5 	.word	0x200206e5
10000b04:	10004ccc 	.word	0x10004ccc
10000b08:	10004db0 	.word	0x10004db0
10000b0c:	ffffbd01 	.word	0xffffbd01
10000b10:	0000aaaa 	.word	0x0000aaaa
10000b14:	20020276 	.word	0x20020276
10000b18:	10004d18 	.word	0x10004d18

10000b1c <irq_add_tail_to_free_list>:
10000b1c:	b570      	push	{r4, r5, r6, lr}
10000b1e:	2101      	movs	r1, #1
10000b20:	4301      	orrs	r1, r0
10000b22:	4b2e      	ldr	r3, [pc, #184]	; (10000bdc <irq_add_tail_to_free_list+0xc0>)
10000b24:	1acb      	subs	r3, r1, r3
10000b26:	2b2f      	cmp	r3, #47	; 0x2f
10000b28:	d828      	bhi.n	10000b7c <irq_add_tail_to_free_list+0x60>
10000b2a:	f3ef 8305 	mrs	r3, IPSR
10000b2e:	2b00      	cmp	r3, #0
10000b30:	d02b      	beq.n	10000b8a <irq_add_tail_to_free_list+0x6e>
10000b32:	f3ef 8c10 	mrs	ip, PRIMASK
10000b36:	b672      	cpsid	i
10000b38:	4a29      	ldr	r2, [pc, #164]	; (10000be0 <irq_add_tail_to_free_list+0xc4>)
10000b3a:	6812      	ldr	r2, [r2, #0]
10000b3c:	2a00      	cmp	r2, #0
10000b3e:	d0fb      	beq.n	10000b38 <irq_add_tail_to_free_list+0x1c>
10000b40:	f3bf 8f5f 	dmb	sy
10000b44:	4a27      	ldr	r2, [pc, #156]	; (10000be4 <irq_add_tail_to_free_list+0xc8>)
10000b46:	0004      	movs	r4, r0
10000b48:	4d24      	ldr	r5, [pc, #144]	; (10000bdc <irq_add_tail_to_free_list+0xc0>)
10000b4a:	1b64      	subs	r4, r4, r5
10000b4c:	4164      	adcs	r4, r4
10000b4e:	4362      	muls	r2, r4
10000b50:	0d12      	lsrs	r2, r2, #20
10000b52:	b254      	sxtb	r4, r2
10000b54:	4a24      	ldr	r2, [pc, #144]	; (10000be8 <irq_add_tail_to_free_list+0xcc>)
10000b56:	6892      	ldr	r2, [r2, #8]
10000b58:	009b      	lsls	r3, r3, #2
10000b5a:	58d2      	ldr	r2, [r2, r3]
10000b5c:	428a      	cmp	r2, r1
10000b5e:	d01b      	beq.n	10000b98 <irq_add_tail_to_free_list+0x7c>
10000b60:	2200      	movs	r2, #0
10000b62:	2a03      	cmp	r2, #3
10000b64:	d832      	bhi.n	10000bcc <irq_add_tail_to_free_list+0xb0>
10000b66:	0053      	lsls	r3, r2, #1
10000b68:	189b      	adds	r3, r3, r2
10000b6a:	009b      	lsls	r3, r3, #2
10000b6c:	491b      	ldr	r1, [pc, #108]	; (10000bdc <irq_add_tail_to_free_list+0xc0>)
10000b6e:	18cb      	adds	r3, r1, r3
10000b70:	799b      	ldrb	r3, [r3, #6]
10000b72:	b25b      	sxtb	r3, r3
10000b74:	42a3      	cmp	r3, r4
10000b76:	d01f      	beq.n	10000bb8 <irq_add_tail_to_free_list+0x9c>
10000b78:	3201      	adds	r2, #1
10000b7a:	e7f2      	b.n	10000b62 <irq_add_tail_to_free_list+0x46>
10000b7c:	21c7      	movs	r1, #199	; 0xc7
10000b7e:	4b1b      	ldr	r3, [pc, #108]	; (10000bec <irq_add_tail_to_free_list+0xd0>)
10000b80:	4a1b      	ldr	r2, [pc, #108]	; (10000bf0 <irq_add_tail_to_free_list+0xd4>)
10000b82:	0049      	lsls	r1, r1, #1
10000b84:	481b      	ldr	r0, [pc, #108]	; (10000bf4 <irq_add_tail_to_free_list+0xd8>)
10000b86:	f001 fc41 	bl	1000240c <__assert_func>
10000b8a:	2192      	movs	r1, #146	; 0x92
10000b8c:	4b1a      	ldr	r3, [pc, #104]	; (10000bf8 <irq_add_tail_to_free_list+0xdc>)
10000b8e:	4a18      	ldr	r2, [pc, #96]	; (10000bf0 <irq_add_tail_to_free_list+0xd4>)
10000b90:	31ff      	adds	r1, #255	; 0xff
10000b92:	4818      	ldr	r0, [pc, #96]	; (10000bf4 <irq_add_tail_to_free_list+0xd8>)
10000b94:	f001 fc3a 	bl	1000240c <__assert_func>
10000b98:	4a13      	ldr	r2, [pc, #76]	; (10000be8 <irq_add_tail_to_free_list+0xcc>)
10000b9a:	6892      	ldr	r2, [r2, #8]
10000b9c:	4917      	ldr	r1, [pc, #92]	; (10000bfc <irq_add_tail_to_free_list+0xe0>)
10000b9e:	50d1      	str	r1, [r2, r3]
10000ba0:	4b17      	ldr	r3, [pc, #92]	; (10000c00 <irq_add_tail_to_free_list+0xe4>)
10000ba2:	781a      	ldrb	r2, [r3, #0]
10000ba4:	7182      	strb	r2, [r0, #6]
10000ba6:	701c      	strb	r4, [r3, #0]
10000ba8:	f3bf 8f5f 	dmb	sy
10000bac:	4b0c      	ldr	r3, [pc, #48]	; (10000be0 <irq_add_tail_to_free_list+0xc4>)
10000bae:	2200      	movs	r2, #0
10000bb0:	601a      	str	r2, [r3, #0]
10000bb2:	f38c 8810 	msr	PRIMASK, ip
10000bb6:	bd70      	pop	{r4, r5, r6, pc}
10000bb8:	000d      	movs	r5, r1
10000bba:	0053      	lsls	r3, r2, #1
10000bbc:	1899      	adds	r1, r3, r2
10000bbe:	0089      	lsls	r1, r1, #2
10000bc0:	1869      	adds	r1, r5, r1
10000bc2:	26ff      	movs	r6, #255	; 0xff
10000bc4:	718e      	strb	r6, [r1, #6]
10000bc6:	4a0f      	ldr	r2, [pc, #60]	; (10000c04 <irq_add_tail_to_free_list+0xe8>)
10000bc8:	808a      	strh	r2, [r1, #4]
10000bca:	e7e9      	b.n	10000ba0 <irq_add_tail_to_free_list+0x84>
10000bcc:	21d1      	movs	r1, #209	; 0xd1
10000bce:	4b0e      	ldr	r3, [pc, #56]	; (10000c08 <irq_add_tail_to_free_list+0xec>)
10000bd0:	4a07      	ldr	r2, [pc, #28]	; (10000bf0 <irq_add_tail_to_free_list+0xd4>)
10000bd2:	0049      	lsls	r1, r1, #1
10000bd4:	4807      	ldr	r0, [pc, #28]	; (10000bf4 <irq_add_tail_to_free_list+0xd8>)
10000bd6:	f001 fc19 	bl	1000240c <__assert_func>
10000bda:	46c0      	nop			; (mov r8, r8)
10000bdc:	2002023c 	.word	0x2002023c
10000be0:	d0000124 	.word	0xd0000124
10000be4:	0000aaaa 	.word	0x0000aaaa
10000be8:	e000ed00 	.word	0xe000ed00
10000bec:	10004d20 	.word	0x10004d20
10000bf0:	10004d5c 	.word	0x10004d5c
10000bf4:	10004b64 	.word	0x10004b64
10000bf8:	10004d48 	.word	0x10004d48
10000bfc:	100001cd 	.word	0x100001cd
10000c00:	200206e5 	.word	0x200206e5
10000c04:	ffffbd01 	.word	0xffffbd01
10000c08:	10004d54 	.word	0x10004d54

10000c0c <irq_init_priorities>:
10000c0c:	2200      	movs	r2, #0
10000c0e:	4b04      	ldr	r3, [pc, #16]	; (10000c20 <irq_init_priorities+0x14>)
10000c10:	e002      	b.n	10000c18 <irq_init_priorities+0xc>
10000c12:	4904      	ldr	r1, [pc, #16]	; (10000c24 <irq_init_priorities+0x18>)
10000c14:	c302      	stmia	r3!, {r1}
10000c16:	3201      	adds	r2, #1
10000c18:	2a07      	cmp	r2, #7
10000c1a:	d9fa      	bls.n	10000c12 <irq_init_priorities+0x6>
10000c1c:	4770      	bx	lr
10000c1e:	46c0      	nop			; (mov r8, r8)
10000c20:	e000e400 	.word	0xe000e400
10000c24:	80808080 	.word	0x80808080

10000c28 <lock_init>:
10000c28:	4b02      	ldr	r3, [pc, #8]	; (10000c34 <lock_init+0xc>)
10000c2a:	469c      	mov	ip, r3
10000c2c:	4461      	add	r1, ip
10000c2e:	0089      	lsls	r1, r1, #2
10000c30:	6001      	str	r1, [r0, #0]
10000c32:	4770      	bx	lr
10000c34:	34000040 	.word	0x34000040

10000c38 <mutex_init>:
10000c38:	b510      	push	{r4, lr}
10000c3a:	0004      	movs	r4, r0
10000c3c:	f7ff fddc 	bl	100007f8 <next_striped_spin_lock_num>
10000c40:	0001      	movs	r1, r0
10000c42:	0020      	movs	r0, r4
10000c44:	f7ff fff0 	bl	10000c28 <lock_init>
10000c48:	23ff      	movs	r3, #255	; 0xff
10000c4a:	7123      	strb	r3, [r4, #4]
10000c4c:	f3bf 8f5f 	dmb	sy
10000c50:	bd10      	pop	{r4, pc}

10000c52 <recursive_mutex_init>:
10000c52:	b510      	push	{r4, lr}
10000c54:	0004      	movs	r4, r0
10000c56:	f7ff fdcf 	bl	100007f8 <next_striped_spin_lock_num>
10000c5a:	0001      	movs	r1, r0
10000c5c:	0020      	movs	r0, r4
10000c5e:	f7ff ffe3 	bl	10000c28 <lock_init>
10000c62:	23ff      	movs	r3, #255	; 0xff
10000c64:	7123      	strb	r3, [r4, #4]
10000c66:	2300      	movs	r3, #0
10000c68:	7163      	strb	r3, [r4, #5]
10000c6a:	f3bf 8f5f 	dmb	sy
10000c6e:	bd10      	pop	{r4, pc}

10000c70 <alarm_pool_post_alloc_init>:
10000c70:	b570      	push	{r4, r5, r6, lr}
10000c72:	0005      	movs	r5, r0
10000c74:	000c      	movs	r4, r1
10000c76:	0008      	movs	r0, r1
10000c78:	f000 fefe 	bl	10001a78 <hardware_alarm_cancel>
10000c7c:	4909      	ldr	r1, [pc, #36]	; (10000ca4 <alarm_pool_post_alloc_init+0x34>)
10000c7e:	0020      	movs	r0, r4
10000c80:	f000 fe3e 	bl	10001900 <hardware_alarm_set_callback>
10000c84:	f7ff fdb8 	bl	100007f8 <next_striped_spin_lock_num>
10000c88:	4b07      	ldr	r3, [pc, #28]	; (10000ca8 <alarm_pool_post_alloc_init+0x38>)
10000c8a:	469c      	mov	ip, r3
10000c8c:	4460      	add	r0, ip
10000c8e:	0080      	lsls	r0, r0, #2
10000c90:	6068      	str	r0, [r5, #4]
10000c92:	752c      	strb	r4, [r5, #20]
10000c94:	23d0      	movs	r3, #208	; 0xd0
10000c96:	061b      	lsls	r3, r3, #24
10000c98:	781b      	ldrb	r3, [r3, #0]
10000c9a:	756b      	strb	r3, [r5, #21]
10000c9c:	00a4      	lsls	r4, r4, #2
10000c9e:	4b03      	ldr	r3, [pc, #12]	; (10000cac <alarm_pool_post_alloc_init+0x3c>)
10000ca0:	50e5      	str	r5, [r4, r3]
10000ca2:	bd70      	pop	{r4, r5, r6, pc}
10000ca4:	10000fb5 	.word	0x10000fb5
10000ca8:	34000040 	.word	0x34000040
10000cac:	200204b4 	.word	0x200204b4

10000cb0 <sleep_until_callback>:
10000cb0:	4b0a      	ldr	r3, [pc, #40]	; (10000cdc <sleep_until_callback+0x2c>)
10000cb2:	681a      	ldr	r2, [r3, #0]
10000cb4:	f3ef 8110 	mrs	r1, PRIMASK
10000cb8:	b672      	cpsid	i
10000cba:	6813      	ldr	r3, [r2, #0]
10000cbc:	2b00      	cmp	r3, #0
10000cbe:	d0fc      	beq.n	10000cba <sleep_until_callback+0xa>
10000cc0:	f3bf 8f5f 	dmb	sy
10000cc4:	4b05      	ldr	r3, [pc, #20]	; (10000cdc <sleep_until_callback+0x2c>)
10000cc6:	681b      	ldr	r3, [r3, #0]
10000cc8:	f3bf 8f5f 	dmb	sy
10000ccc:	2200      	movs	r2, #0
10000cce:	601a      	str	r2, [r3, #0]
10000cd0:	f381 8810 	msr	PRIMASK, r1
10000cd4:	bf40      	sev
10000cd6:	2000      	movs	r0, #0
10000cd8:	2100      	movs	r1, #0
10000cda:	4770      	bx	lr
10000cdc:	200206c8 	.word	0x200206c8

10000ce0 <timer_pool_entry_comparator>:
10000ce0:	b510      	push	{r4, lr}
10000ce2:	2900      	cmp	r1, #0
10000ce4:	d022      	beq.n	10000d2c <timer_pool_entry_comparator+0x4c>
10000ce6:	6803      	ldr	r3, [r0, #0]
10000ce8:	7b1b      	ldrb	r3, [r3, #12]
10000cea:	4299      	cmp	r1, r3
10000cec:	d81e      	bhi.n	10000d2c <timer_pool_entry_comparator+0x4c>
10000cee:	4b17      	ldr	r3, [pc, #92]	; (10000d4c <timer_pool_entry_comparator+0x6c>)
10000cf0:	469c      	mov	ip, r3
10000cf2:	4461      	add	r1, ip
10000cf4:	0109      	lsls	r1, r1, #4
10000cf6:	6883      	ldr	r3, [r0, #8]
10000cf8:	469c      	mov	ip, r3
10000cfa:	4461      	add	r1, ip
10000cfc:	680c      	ldr	r4, [r1, #0]
10000cfe:	6849      	ldr	r1, [r1, #4]
10000d00:	2a00      	cmp	r2, #0
10000d02:	d019      	beq.n	10000d38 <timer_pool_entry_comparator+0x58>
10000d04:	6803      	ldr	r3, [r0, #0]
10000d06:	7b1b      	ldrb	r3, [r3, #12]
10000d08:	429a      	cmp	r2, r3
10000d0a:	d815      	bhi.n	10000d38 <timer_pool_entry_comparator+0x58>
10000d0c:	6883      	ldr	r3, [r0, #8]
10000d0e:	480f      	ldr	r0, [pc, #60]	; (10000d4c <timer_pool_entry_comparator+0x6c>)
10000d10:	4684      	mov	ip, r0
10000d12:	4462      	add	r2, ip
10000d14:	0112      	lsls	r2, r2, #4
10000d16:	189a      	adds	r2, r3, r2
10000d18:	6810      	ldr	r0, [r2, #0]
10000d1a:	6853      	ldr	r3, [r2, #4]
10000d1c:	0002      	movs	r2, r0
10000d1e:	2001      	movs	r0, #1
10000d20:	428b      	cmp	r3, r1
10000d22:	d801      	bhi.n	10000d28 <timer_pool_entry_comparator+0x48>
10000d24:	d00e      	beq.n	10000d44 <timer_pool_entry_comparator+0x64>
10000d26:	2000      	movs	r0, #0
10000d28:	b2c0      	uxtb	r0, r0
10000d2a:	bd10      	pop	{r4, pc}
10000d2c:	4b08      	ldr	r3, [pc, #32]	; (10000d50 <timer_pool_entry_comparator+0x70>)
10000d2e:	4a09      	ldr	r2, [pc, #36]	; (10000d54 <timer_pool_entry_comparator+0x74>)
10000d30:	213c      	movs	r1, #60	; 0x3c
10000d32:	4809      	ldr	r0, [pc, #36]	; (10000d58 <timer_pool_entry_comparator+0x78>)
10000d34:	f001 fb6a 	bl	1000240c <__assert_func>
10000d38:	4b05      	ldr	r3, [pc, #20]	; (10000d50 <timer_pool_entry_comparator+0x70>)
10000d3a:	4a06      	ldr	r2, [pc, #24]	; (10000d54 <timer_pool_entry_comparator+0x74>)
10000d3c:	213c      	movs	r1, #60	; 0x3c
10000d3e:	4806      	ldr	r0, [pc, #24]	; (10000d58 <timer_pool_entry_comparator+0x78>)
10000d40:	f001 fb64 	bl	1000240c <__assert_func>
10000d44:	42a2      	cmp	r2, r4
10000d46:	d8ef      	bhi.n	10000d28 <timer_pool_entry_comparator+0x48>
10000d48:	e7ed      	b.n	10000d26 <timer_pool_entry_comparator+0x46>
10000d4a:	46c0      	nop			; (mov r8, r8)
10000d4c:	0fffffff 	.word	0x0fffffff
10000d50:	10004f90 	.word	0x10004f90
10000d54:	10005210 	.word	0x10005210
10000d58:	10004f3c 	.word	0x10004f3c

10000d5c <ph_add_child_node>:
10000d5c:	b510      	push	{r4, lr}
10000d5e:	2900      	cmp	r1, #0
10000d60:	d01e      	beq.n	10000da0 <ph_add_child_node+0x44>
10000d62:	7b03      	ldrb	r3, [r0, #12]
10000d64:	4299      	cmp	r1, r3
10000d66:	d81b      	bhi.n	10000da0 <ph_add_child_node+0x44>
10000d68:	004b      	lsls	r3, r1, #1
10000d6a:	185b      	adds	r3, r3, r1
10000d6c:	3b03      	subs	r3, #3
10000d6e:	6804      	ldr	r4, [r0, #0]
10000d70:	46a4      	mov	ip, r4
10000d72:	4463      	add	r3, ip
10000d74:	2900      	cmp	r1, #0
10000d76:	d019      	beq.n	10000dac <ph_add_child_node+0x50>
10000d78:	2a00      	cmp	r2, #0
10000d7a:	d01d      	beq.n	10000db8 <ph_add_child_node+0x5c>
10000d7c:	4291      	cmp	r1, r2
10000d7e:	d021      	beq.n	10000dc4 <ph_add_child_node+0x68>
10000d80:	2a00      	cmp	r2, #0
10000d82:	d025      	beq.n	10000dd0 <ph_add_child_node+0x74>
10000d84:	7b04      	ldrb	r4, [r0, #12]
10000d86:	42a2      	cmp	r2, r4
10000d88:	d822      	bhi.n	10000dd0 <ph_add_child_node+0x74>
10000d8a:	6804      	ldr	r4, [r0, #0]
10000d8c:	0050      	lsls	r0, r2, #1
10000d8e:	1880      	adds	r0, r0, r2
10000d90:	3803      	subs	r0, #3
10000d92:	1820      	adds	r0, r4, r0
10000d94:	7081      	strb	r1, [r0, #2]
10000d96:	7819      	ldrb	r1, [r3, #0]
10000d98:	2900      	cmp	r1, #0
10000d9a:	d11f      	bne.n	10000ddc <ph_add_child_node+0x80>
10000d9c:	701a      	strb	r2, [r3, #0]
10000d9e:	bd10      	pop	{r4, pc}
10000da0:	4b10      	ldr	r3, [pc, #64]	; (10000de4 <ph_add_child_node+0x88>)
10000da2:	4a11      	ldr	r2, [pc, #68]	; (10000de8 <ph_add_child_node+0x8c>)
10000da4:	2168      	movs	r1, #104	; 0x68
10000da6:	4811      	ldr	r0, [pc, #68]	; (10000dec <ph_add_child_node+0x90>)
10000da8:	f001 fb30 	bl	1000240c <__assert_func>
10000dac:	4b10      	ldr	r3, [pc, #64]	; (10000df0 <ph_add_child_node+0x94>)
10000dae:	4a11      	ldr	r2, [pc, #68]	; (10000df4 <ph_add_child_node+0x98>)
10000db0:	316f      	adds	r1, #111	; 0x6f
10000db2:	480e      	ldr	r0, [pc, #56]	; (10000dec <ph_add_child_node+0x90>)
10000db4:	f001 fb2a 	bl	1000240c <__assert_func>
10000db8:	4b0f      	ldr	r3, [pc, #60]	; (10000df8 <ph_add_child_node+0x9c>)
10000dba:	4a0e      	ldr	r2, [pc, #56]	; (10000df4 <ph_add_child_node+0x98>)
10000dbc:	2170      	movs	r1, #112	; 0x70
10000dbe:	480b      	ldr	r0, [pc, #44]	; (10000dec <ph_add_child_node+0x90>)
10000dc0:	f001 fb24 	bl	1000240c <__assert_func>
10000dc4:	4b0d      	ldr	r3, [pc, #52]	; (10000dfc <ph_add_child_node+0xa0>)
10000dc6:	4a0b      	ldr	r2, [pc, #44]	; (10000df4 <ph_add_child_node+0x98>)
10000dc8:	2171      	movs	r1, #113	; 0x71
10000dca:	4808      	ldr	r0, [pc, #32]	; (10000dec <ph_add_child_node+0x90>)
10000dcc:	f001 fb1e 	bl	1000240c <__assert_func>
10000dd0:	4b04      	ldr	r3, [pc, #16]	; (10000de4 <ph_add_child_node+0x88>)
10000dd2:	4a05      	ldr	r2, [pc, #20]	; (10000de8 <ph_add_child_node+0x8c>)
10000dd4:	2168      	movs	r1, #104	; 0x68
10000dd6:	4805      	ldr	r0, [pc, #20]	; (10000dec <ph_add_child_node+0x90>)
10000dd8:	f001 fb18 	bl	1000240c <__assert_func>
10000ddc:	7041      	strb	r1, [r0, #1]
10000dde:	701a      	strb	r2, [r3, #0]
10000de0:	e7dd      	b.n	10000d9e <ph_add_child_node+0x42>
10000de2:	46c0      	nop			; (mov r8, r8)
10000de4:	10004fb4 	.word	0x10004fb4
10000de8:	1000527c 	.word	0x1000527c
10000dec:	10004fd0 	.word	0x10004fd0
10000df0:	10005038 	.word	0x10005038
10000df4:	10005258 	.word	0x10005258
10000df8:	10005044 	.word	0x10005044
10000dfc:	10005050 	.word	0x10005050

10000e00 <ph_merge_nodes>:
10000e00:	b570      	push	{r4, r5, r6, lr}
10000e02:	0006      	movs	r6, r0
10000e04:	000d      	movs	r5, r1
10000e06:	0014      	movs	r4, r2
10000e08:	2900      	cmp	r1, #0
10000e0a:	d014      	beq.n	10000e36 <ph_merge_nodes+0x36>
10000e0c:	2a00      	cmp	r2, #0
10000e0e:	d014      	beq.n	10000e3a <ph_merge_nodes+0x3a>
10000e10:	6880      	ldr	r0, [r0, #8]
10000e12:	6873      	ldr	r3, [r6, #4]
10000e14:	4798      	blx	r3
10000e16:	2800      	cmp	r0, #0
10000e18:	d006      	beq.n	10000e28 <ph_merge_nodes+0x28>
10000e1a:	0022      	movs	r2, r4
10000e1c:	0029      	movs	r1, r5
10000e1e:	0030      	movs	r0, r6
10000e20:	f7ff ff9c 	bl	10000d5c <ph_add_child_node>
10000e24:	0028      	movs	r0, r5
10000e26:	e007      	b.n	10000e38 <ph_merge_nodes+0x38>
10000e28:	002a      	movs	r2, r5
10000e2a:	0021      	movs	r1, r4
10000e2c:	0030      	movs	r0, r6
10000e2e:	f7ff ff95 	bl	10000d5c <ph_add_child_node>
10000e32:	0020      	movs	r0, r4
10000e34:	e000      	b.n	10000e38 <ph_merge_nodes+0x38>
10000e36:	0010      	movs	r0, r2
10000e38:	bd70      	pop	{r4, r5, r6, pc}
10000e3a:	0008      	movs	r0, r1
10000e3c:	e7fc      	b.n	10000e38 <ph_merge_nodes+0x38>
	...

10000e40 <add_alarm_under_lock>:
10000e40:	b5f0      	push	{r4, r5, r6, r7, lr}
10000e42:	b083      	sub	sp, #12
10000e44:	0005      	movs	r5, r0
10000e46:	9200      	str	r2, [sp, #0]
10000e48:	9301      	str	r3, [sp, #4]
10000e4a:	ab0a      	add	r3, sp, #40	; 0x28
10000e4c:	781c      	ldrb	r4, [r3, #0]
10000e4e:	ab0b      	add	r3, sp, #44	; 0x2c
10000e50:	781f      	ldrb	r7, [r3, #0]
10000e52:	2c00      	cmp	r4, #0
10000e54:	d026      	beq.n	10000ea4 <add_alarm_under_lock+0x64>
10000e56:	6803      	ldr	r3, [r0, #0]
10000e58:	7b5a      	ldrb	r2, [r3, #13]
10000e5a:	4294      	cmp	r4, r2
10000e5c:	d107      	bne.n	10000e6e <add_alarm_under_lock+0x2e>
10000e5e:	2301      	movs	r3, #1
10000e60:	2b00      	cmp	r3, #0
10000e62:	d119      	bne.n	10000e98 <add_alarm_under_lock+0x58>
10000e64:	2c00      	cmp	r4, #0
10000e66:	d13b      	bne.n	10000ee0 <add_alarm_under_lock+0xa0>
10000e68:	0020      	movs	r0, r4
10000e6a:	b003      	add	sp, #12
10000e6c:	bdf0      	pop	{r4, r5, r6, r7, pc}
10000e6e:	2c00      	cmp	r4, #0
10000e70:	d00c      	beq.n	10000e8c <add_alarm_under_lock+0x4c>
10000e72:	7b1a      	ldrb	r2, [r3, #12]
10000e74:	4294      	cmp	r4, r2
10000e76:	d809      	bhi.n	10000e8c <add_alarm_under_lock+0x4c>
10000e78:	681a      	ldr	r2, [r3, #0]
10000e7a:	0063      	lsls	r3, r4, #1
10000e7c:	191b      	adds	r3, r3, r4
10000e7e:	3b03      	subs	r3, #3
10000e80:	18d3      	adds	r3, r2, r3
10000e82:	789b      	ldrb	r3, [r3, #2]
10000e84:	2b00      	cmp	r3, #0
10000e86:	d0eb      	beq.n	10000e60 <add_alarm_under_lock+0x20>
10000e88:	2301      	movs	r3, #1
10000e8a:	e7e9      	b.n	10000e60 <add_alarm_under_lock+0x20>
10000e8c:	4b3e      	ldr	r3, [pc, #248]	; (10000f88 <add_alarm_under_lock+0x148>)
10000e8e:	4a3f      	ldr	r2, [pc, #252]	; (10000f8c <add_alarm_under_lock+0x14c>)
10000e90:	2168      	movs	r1, #104	; 0x68
10000e92:	483f      	ldr	r0, [pc, #252]	; (10000f90 <add_alarm_under_lock+0x150>)
10000e94:	f001 faba 	bl	1000240c <__assert_func>
10000e98:	4b3e      	ldr	r3, [pc, #248]	; (10000f94 <add_alarm_under_lock+0x154>)
10000e9a:	4a3f      	ldr	r2, [pc, #252]	; (10000f98 <add_alarm_under_lock+0x158>)
10000e9c:	2167      	movs	r1, #103	; 0x67
10000e9e:	483f      	ldr	r0, [pc, #252]	; (10000f9c <add_alarm_under_lock+0x15c>)
10000ea0:	f001 fab4 	bl	1000240c <__assert_func>
10000ea4:	6803      	ldr	r3, [r0, #0]
10000ea6:	7b9c      	ldrb	r4, [r3, #14]
10000ea8:	2c00      	cmp	r4, #0
10000eaa:	d0db      	beq.n	10000e64 <add_alarm_under_lock+0x24>
10000eac:	d012      	beq.n	10000ed4 <add_alarm_under_lock+0x94>
10000eae:	7b1a      	ldrb	r2, [r3, #12]
10000eb0:	4294      	cmp	r4, r2
10000eb2:	d80f      	bhi.n	10000ed4 <add_alarm_under_lock+0x94>
10000eb4:	0062      	lsls	r2, r4, #1
10000eb6:	1912      	adds	r2, r2, r4
10000eb8:	3a03      	subs	r2, #3
10000eba:	6819      	ldr	r1, [r3, #0]
10000ebc:	468c      	mov	ip, r1
10000ebe:	4462      	add	r2, ip
10000ec0:	7851      	ldrb	r1, [r2, #1]
10000ec2:	7399      	strb	r1, [r3, #14]
10000ec4:	2900      	cmp	r1, #0
10000ec6:	d100      	bne.n	10000eca <add_alarm_under_lock+0x8a>
10000ec8:	73d9      	strb	r1, [r3, #15]
10000eca:	2300      	movs	r3, #0
10000ecc:	7093      	strb	r3, [r2, #2]
10000ece:	7053      	strb	r3, [r2, #1]
10000ed0:	7013      	strb	r3, [r2, #0]
10000ed2:	e7c7      	b.n	10000e64 <add_alarm_under_lock+0x24>
10000ed4:	4b2c      	ldr	r3, [pc, #176]	; (10000f88 <add_alarm_under_lock+0x148>)
10000ed6:	4a2d      	ldr	r2, [pc, #180]	; (10000f8c <add_alarm_under_lock+0x14c>)
10000ed8:	2168      	movs	r1, #104	; 0x68
10000eda:	482d      	ldr	r0, [pc, #180]	; (10000f90 <add_alarm_under_lock+0x150>)
10000edc:	f001 fa96 	bl	1000240c <__assert_func>
10000ee0:	2c00      	cmp	r4, #0
10000ee2:	d03a      	beq.n	10000f5a <add_alarm_under_lock+0x11a>
10000ee4:	682b      	ldr	r3, [r5, #0]
10000ee6:	7b1b      	ldrb	r3, [r3, #12]
10000ee8:	429c      	cmp	r4, r3
10000eea:	d836      	bhi.n	10000f5a <add_alarm_under_lock+0x11a>
10000eec:	4b2c      	ldr	r3, [pc, #176]	; (10000fa0 <add_alarm_under_lock+0x160>)
10000eee:	18e3      	adds	r3, r4, r3
10000ef0:	011b      	lsls	r3, r3, #4
10000ef2:	68aa      	ldr	r2, [r5, #8]
10000ef4:	4694      	mov	ip, r2
10000ef6:	4463      	add	r3, ip
10000ef8:	9a00      	ldr	r2, [sp, #0]
10000efa:	601a      	str	r2, [r3, #0]
10000efc:	9a01      	ldr	r2, [sp, #4]
10000efe:	605a      	str	r2, [r3, #4]
10000f00:	9a08      	ldr	r2, [sp, #32]
10000f02:	609a      	str	r2, [r3, #8]
10000f04:	9a09      	ldr	r2, [sp, #36]	; 0x24
10000f06:	60da      	str	r2, [r3, #12]
10000f08:	682e      	ldr	r6, [r5, #0]
10000f0a:	2c00      	cmp	r4, #0
10000f0c:	d02b      	beq.n	10000f66 <add_alarm_under_lock+0x126>
10000f0e:	d030      	beq.n	10000f72 <add_alarm_under_lock+0x132>
10000f10:	7b33      	ldrb	r3, [r6, #12]
10000f12:	429c      	cmp	r4, r3
10000f14:	d82d      	bhi.n	10000f72 <add_alarm_under_lock+0x132>
10000f16:	0063      	lsls	r3, r4, #1
10000f18:	191b      	adds	r3, r3, r4
10000f1a:	3b03      	subs	r3, #3
10000f1c:	6832      	ldr	r2, [r6, #0]
10000f1e:	4694      	mov	ip, r2
10000f20:	4463      	add	r3, ip
10000f22:	2200      	movs	r2, #0
10000f24:	709a      	strb	r2, [r3, #2]
10000f26:	705a      	strb	r2, [r3, #1]
10000f28:	701a      	strb	r2, [r3, #0]
10000f2a:	7b71      	ldrb	r1, [r6, #13]
10000f2c:	0022      	movs	r2, r4
10000f2e:	0030      	movs	r0, r6
10000f30:	f7ff ff66 	bl	10000e00 <ph_merge_nodes>
10000f34:	7370      	strb	r0, [r6, #13]
10000f36:	4284      	cmp	r4, r0
10000f38:	d000      	beq.n	10000f3c <add_alarm_under_lock+0xfc>
10000f3a:	e795      	b.n	10000e68 <add_alarm_under_lock+0x28>
10000f3c:	7d28      	ldrb	r0, [r5, #20]
10000f3e:	9a00      	ldr	r2, [sp, #0]
10000f40:	9b01      	ldr	r3, [sp, #4]
10000f42:	f000 fd25 	bl	10001990 <hardware_alarm_set_target>
10000f46:	1e06      	subs	r6, r0, #0
10000f48:	d001      	beq.n	10000f4e <add_alarm_under_lock+0x10e>
10000f4a:	2f00      	cmp	r7, #0
10000f4c:	d017      	beq.n	10000f7e <add_alarm_under_lock+0x13e>
10000f4e:	9b0c      	ldr	r3, [sp, #48]	; 0x30
10000f50:	2b00      	cmp	r3, #0
10000f52:	d100      	bne.n	10000f56 <add_alarm_under_lock+0x116>
10000f54:	e788      	b.n	10000e68 <add_alarm_under_lock+0x28>
10000f56:	701e      	strb	r6, [r3, #0]
10000f58:	e786      	b.n	10000e68 <add_alarm_under_lock+0x28>
10000f5a:	4b12      	ldr	r3, [pc, #72]	; (10000fa4 <add_alarm_under_lock+0x164>)
10000f5c:	4a12      	ldr	r2, [pc, #72]	; (10000fa8 <add_alarm_under_lock+0x168>)
10000f5e:	213c      	movs	r1, #60	; 0x3c
10000f60:	480e      	ldr	r0, [pc, #56]	; (10000f9c <add_alarm_under_lock+0x15c>)
10000f62:	f001 fa53 	bl	1000240c <__assert_func>
10000f66:	4b11      	ldr	r3, [pc, #68]	; (10000fac <add_alarm_under_lock+0x16c>)
10000f68:	4a11      	ldr	r2, [pc, #68]	; (10000fb0 <add_alarm_under_lock+0x170>)
10000f6a:	21a5      	movs	r1, #165	; 0xa5
10000f6c:	4808      	ldr	r0, [pc, #32]	; (10000f90 <add_alarm_under_lock+0x150>)
10000f6e:	f001 fa4d 	bl	1000240c <__assert_func>
10000f72:	4b05      	ldr	r3, [pc, #20]	; (10000f88 <add_alarm_under_lock+0x148>)
10000f74:	4a05      	ldr	r2, [pc, #20]	; (10000f8c <add_alarm_under_lock+0x14c>)
10000f76:	2168      	movs	r1, #104	; 0x68
10000f78:	4805      	ldr	r0, [pc, #20]	; (10000f90 <add_alarm_under_lock+0x150>)
10000f7a:	f001 fa47 	bl	1000240c <__assert_func>
10000f7e:	6828      	ldr	r0, [r5, #0]
10000f80:	0021      	movs	r1, r4
10000f82:	f000 ff3d 	bl	10001e00 <ph_remove_and_free_node>
10000f86:	e7e2      	b.n	10000f4e <add_alarm_under_lock+0x10e>
10000f88:	10004fb4 	.word	0x10004fb4
10000f8c:	1000527c 	.word	0x1000527c
10000f90:	10004fd0 	.word	0x10004fd0
10000f94:	10005068 	.word	0x10005068
10000f98:	10005288 	.word	0x10005288
10000f9c:	10004f3c 	.word	0x10004f3c
10000fa0:	0fffffff 	.word	0x0fffffff
10000fa4:	10004f90 	.word	0x10004f90
10000fa8:	10005210 	.word	0x10005210
10000fac:	10004f38 	.word	0x10004f38
10000fb0:	1000526c 	.word	0x1000526c

10000fb4 <alarm_pool_alarm_callback>:
10000fb4:	b5f0      	push	{r4, r5, r6, r7, lr}
10000fb6:	46de      	mov	lr, fp
10000fb8:	4657      	mov	r7, sl
10000fba:	464e      	mov	r6, r9
10000fbc:	4645      	mov	r5, r8
10000fbe:	b5e0      	push	{r5, r6, r7, lr}
10000fc0:	b08b      	sub	sp, #44	; 0x2c
10000fc2:	9009      	str	r0, [sp, #36]	; 0x24
10000fc4:	2300      	movs	r3, #0
10000fc6:	9308      	str	r3, [sp, #32]
10000fc8:	0082      	lsls	r2, r0, #2
10000fca:	4bb5      	ldr	r3, [pc, #724]	; (100012a0 <alarm_pool_alarm_callback+0x2ec>)
10000fcc:	58d6      	ldr	r6, [r2, r3]
10000fce:	0037      	movs	r7, r6
10000fd0:	e052      	b.n	10001078 <alarm_pool_alarm_callback+0xc4>
10000fd2:	4bb4      	ldr	r3, [pc, #720]	; (100012a4 <alarm_pool_alarm_callback+0x2f0>)
10000fd4:	4ab4      	ldr	r2, [pc, #720]	; (100012a8 <alarm_pool_alarm_callback+0x2f4>)
10000fd6:	213f      	movs	r1, #63	; 0x3f
10000fd8:	48b4      	ldr	r0, [pc, #720]	; (100012ac <alarm_pool_alarm_callback+0x2f8>)
10000fda:	f001 fa17 	bl	1000240c <__assert_func>
10000fde:	4bb4      	ldr	r3, [pc, #720]	; (100012b0 <alarm_pool_alarm_callback+0x2fc>)
10000fe0:	4ab4      	ldr	r2, [pc, #720]	; (100012b4 <alarm_pool_alarm_callback+0x300>)
10000fe2:	213c      	movs	r1, #60	; 0x3c
10000fe4:	48b4      	ldr	r0, [pc, #720]	; (100012b8 <alarm_pool_alarm_callback+0x304>)
10000fe6:	f001 fa11 	bl	1000240c <__assert_func>
10000fea:	2900      	cmp	r1, #0
10000fec:	d101      	bne.n	10000ff2 <alarm_pool_alarm_callback+0x3e>
10000fee:	2800      	cmp	r0, #0
10000ff0:	d169      	bne.n	100010c6 <alarm_pool_alarm_callback+0x112>
10000ff2:	2100      	movs	r1, #0
10000ff4:	4640      	mov	r0, r8
10000ff6:	f000 fef9 	bl	10001dec <ph_remove_head>
10000ffa:	42a0      	cmp	r0, r4
10000ffc:	d119      	bne.n	10001032 <alarm_pool_alarm_callback+0x7e>
10000ffe:	682a      	ldr	r2, [r5, #0]
10001000:	686b      	ldr	r3, [r5, #4]
10001002:	9206      	str	r2, [sp, #24]
10001004:	9307      	str	r3, [sp, #28]
10001006:	68ab      	ldr	r3, [r5, #8]
10001008:	4698      	mov	r8, r3
1000100a:	68eb      	ldr	r3, [r5, #12]
1000100c:	469a      	mov	sl, r3
1000100e:	4643      	mov	r3, r8
10001010:	2b00      	cmp	r3, #0
10001012:	d014      	beq.n	1000103e <alarm_pool_alarm_callback+0x8a>
10001014:	2c00      	cmp	r4, #0
10001016:	d018      	beq.n	1000104a <alarm_pool_alarm_callback+0x96>
10001018:	683b      	ldr	r3, [r7, #0]
1000101a:	7b1b      	ldrb	r3, [r3, #12]
1000101c:	429c      	cmp	r4, r3
1000101e:	d814      	bhi.n	1000104a <alarm_pool_alarm_callback+0x96>
10001020:	1e63      	subs	r3, r4, #1
10001022:	68fa      	ldr	r2, [r7, #12]
10001024:	5cd3      	ldrb	r3, [r2, r3]
10001026:	9308      	str	r3, [sp, #32]
10001028:	021b      	lsls	r3, r3, #8
1000102a:	4318      	orrs	r0, r3
1000102c:	6138      	str	r0, [r7, #16]
1000102e:	2000      	movs	r0, #0
10001030:	e015      	b.n	1000105e <alarm_pool_alarm_callback+0xaa>
10001032:	4ba2      	ldr	r3, [pc, #648]	; (100012bc <alarm_pool_alarm_callback+0x308>)
10001034:	4aa2      	ldr	r2, [pc, #648]	; (100012c0 <alarm_pool_alarm_callback+0x30c>)
10001036:	218e      	movs	r1, #142	; 0x8e
10001038:	489f      	ldr	r0, [pc, #636]	; (100012b8 <alarm_pool_alarm_callback+0x304>)
1000103a:	f001 f9e7 	bl	1000240c <__assert_func>
1000103e:	4ba1      	ldr	r3, [pc, #644]	; (100012c4 <alarm_pool_alarm_callback+0x310>)
10001040:	4a9f      	ldr	r2, [pc, #636]	; (100012c0 <alarm_pool_alarm_callback+0x30c>)
10001042:	2192      	movs	r1, #146	; 0x92
10001044:	489c      	ldr	r0, [pc, #624]	; (100012b8 <alarm_pool_alarm_callback+0x304>)
10001046:	f001 f9e1 	bl	1000240c <__assert_func>
1000104a:	4b99      	ldr	r3, [pc, #612]	; (100012b0 <alarm_pool_alarm_callback+0x2fc>)
1000104c:	4a9e      	ldr	r2, [pc, #632]	; (100012c8 <alarm_pool_alarm_callback+0x314>)
1000104e:	2141      	movs	r1, #65	; 0x41
10001050:	4899      	ldr	r0, [pc, #612]	; (100012b8 <alarm_pool_alarm_callback+0x304>)
10001052:	f001 f9db 	bl	1000240c <__assert_func>
10001056:	2300      	movs	r3, #0
10001058:	469a      	mov	sl, r3
1000105a:	4698      	mov	r8, r3
1000105c:	2000      	movs	r0, #0
1000105e:	687b      	ldr	r3, [r7, #4]
10001060:	f3bf 8f5f 	dmb	sy
10001064:	2200      	movs	r2, #0
10001066:	601a      	str	r2, [r3, #0]
10001068:	f386 8810 	msr	PRIMASK, r6
1000106c:	4643      	mov	r3, r8
1000106e:	2b00      	cmp	r3, #0
10001070:	d132      	bne.n	100010d8 <alarm_pool_alarm_callback+0x124>
10001072:	2800      	cmp	r0, #0
10001074:	d100      	bne.n	10001078 <alarm_pool_alarm_callback+0xc4>
10001076:	e10c      	b.n	10001292 <alarm_pool_alarm_callback+0x2de>
10001078:	f000 fbfe 	bl	10001878 <time_us_64>
1000107c:	0002      	movs	r2, r0
1000107e:	1e0b      	subs	r3, r1, #0
10001080:	dba7      	blt.n	10000fd2 <alarm_pool_alarm_callback+0x1e>
10001082:	2000      	movs	r0, #0
10001084:	2100      	movs	r1, #0
10001086:	9006      	str	r0, [sp, #24]
10001088:	9107      	str	r1, [sp, #28]
1000108a:	6878      	ldr	r0, [r7, #4]
1000108c:	f3ef 8610 	mrs	r6, PRIMASK
10001090:	b672      	cpsid	i
10001092:	6801      	ldr	r1, [r0, #0]
10001094:	2900      	cmp	r1, #0
10001096:	d0fc      	beq.n	10001092 <alarm_pool_alarm_callback+0xde>
10001098:	f3bf 8f5f 	dmb	sy
1000109c:	6839      	ldr	r1, [r7, #0]
1000109e:	4688      	mov	r8, r1
100010a0:	7b4c      	ldrb	r4, [r1, #13]
100010a2:	2c00      	cmp	r4, #0
100010a4:	d0d7      	beq.n	10001056 <alarm_pool_alarm_callback+0xa2>
100010a6:	d09a      	beq.n	10000fde <alarm_pool_alarm_callback+0x2a>
100010a8:	7b09      	ldrb	r1, [r1, #12]
100010aa:	428c      	cmp	r4, r1
100010ac:	d897      	bhi.n	10000fde <alarm_pool_alarm_callback+0x2a>
100010ae:	4987      	ldr	r1, [pc, #540]	; (100012cc <alarm_pool_alarm_callback+0x318>)
100010b0:	1865      	adds	r5, r4, r1
100010b2:	012d      	lsls	r5, r5, #4
100010b4:	68b9      	ldr	r1, [r7, #8]
100010b6:	468c      	mov	ip, r1
100010b8:	4465      	add	r5, ip
100010ba:	6828      	ldr	r0, [r5, #0]
100010bc:	6869      	ldr	r1, [r5, #4]
100010be:	1a80      	subs	r0, r0, r2
100010c0:	4199      	sbcs	r1, r3
100010c2:	2900      	cmp	r1, #0
100010c4:	dd91      	ble.n	10000fea <alarm_pool_alarm_callback+0x36>
100010c6:	682a      	ldr	r2, [r5, #0]
100010c8:	686b      	ldr	r3, [r5, #4]
100010ca:	9809      	ldr	r0, [sp, #36]	; 0x24
100010cc:	f000 fc60 	bl	10001990 <hardware_alarm_set_target>
100010d0:	2300      	movs	r3, #0
100010d2:	469a      	mov	sl, r3
100010d4:	4698      	mov	r8, r3
100010d6:	e7c2      	b.n	1000105e <alarm_pool_alarm_callback+0xaa>
100010d8:	9b08      	ldr	r3, [sp, #32]
100010da:	021b      	lsls	r3, r3, #8
100010dc:	4323      	orrs	r3, r4
100010de:	4699      	mov	r9, r3
100010e0:	4651      	mov	r1, sl
100010e2:	0018      	movs	r0, r3
100010e4:	47c0      	blx	r8
100010e6:	0005      	movs	r5, r0
100010e8:	000e      	movs	r6, r1
100010ea:	687a      	ldr	r2, [r7, #4]
100010ec:	f3ef 8b10 	mrs	fp, PRIMASK
100010f0:	b672      	cpsid	i
100010f2:	6813      	ldr	r3, [r2, #0]
100010f4:	4259      	negs	r1, r3
100010f6:	414b      	adcs	r3, r1
100010f8:	b2d9      	uxtb	r1, r3
100010fa:	2b00      	cmp	r3, #0
100010fc:	d1f9      	bne.n	100010f2 <alarm_pool_alarm_callback+0x13e>
100010fe:	f3bf 8f5f 	dmb	sy
10001102:	2e00      	cmp	r6, #0
10001104:	db1e      	blt.n	10001144 <alarm_pool_alarm_callback+0x190>
10001106:	2e00      	cmp	r6, #0
10001108:	dd46      	ble.n	10001198 <alarm_pool_alarm_callback+0x1e4>
1000110a:	693b      	ldr	r3, [r7, #16]
1000110c:	2b00      	cmp	r3, #0
1000110e:	d047      	beq.n	100011a0 <alarm_pool_alarm_callback+0x1ec>
10001110:	454b      	cmp	r3, r9
10001112:	d16d      	bne.n	100011f0 <alarm_pool_alarm_callback+0x23c>
10001114:	f000 fbb0 	bl	10001878 <time_us_64>
10001118:	0002      	movs	r2, r0
1000111a:	1e0b      	subs	r3, r1, #0
1000111c:	db6e      	blt.n	100011fc <alarm_pool_alarm_callback+0x248>
1000111e:	1952      	adds	r2, r2, r5
10001120:	4173      	adcs	r3, r6
10001122:	2b00      	cmp	r3, #0
10001124:	db70      	blt.n	10001208 <alarm_pool_alarm_callback+0x254>
10001126:	2b00      	cmp	r3, #0
10001128:	db72      	blt.n	10001210 <alarm_pool_alarm_callback+0x25c>
1000112a:	2100      	movs	r1, #0
1000112c:	9104      	str	r1, [sp, #16]
1000112e:	3101      	adds	r1, #1
10001130:	9103      	str	r1, [sp, #12]
10001132:	9402      	str	r4, [sp, #8]
10001134:	4651      	mov	r1, sl
10001136:	9101      	str	r1, [sp, #4]
10001138:	4641      	mov	r1, r8
1000113a:	9100      	str	r1, [sp, #0]
1000113c:	0038      	movs	r0, r7
1000113e:	f7ff fe7f 	bl	10000e40 <add_alarm_under_lock>
10001142:	e04c      	b.n	100011de <alarm_pool_alarm_callback+0x22a>
10001144:	693b      	ldr	r3, [r7, #16]
10001146:	2b00      	cmp	r3, #0
10001148:	d0dd      	beq.n	10001106 <alarm_pool_alarm_callback+0x152>
1000114a:	454b      	cmp	r3, r9
1000114c:	d114      	bne.n	10001178 <alarm_pool_alarm_callback+0x1c4>
1000114e:	9a06      	ldr	r2, [sp, #24]
10001150:	9b07      	ldr	r3, [sp, #28]
10001152:	1b52      	subs	r2, r2, r5
10001154:	41b3      	sbcs	r3, r6
10001156:	2b00      	cmp	r3, #0
10001158:	db14      	blt.n	10001184 <alarm_pool_alarm_callback+0x1d0>
1000115a:	2b00      	cmp	r3, #0
1000115c:	db16      	blt.n	1000118c <alarm_pool_alarm_callback+0x1d8>
1000115e:	2100      	movs	r1, #0
10001160:	9104      	str	r1, [sp, #16]
10001162:	3101      	adds	r1, #1
10001164:	9103      	str	r1, [sp, #12]
10001166:	9402      	str	r4, [sp, #8]
10001168:	4651      	mov	r1, sl
1000116a:	9101      	str	r1, [sp, #4]
1000116c:	4641      	mov	r1, r8
1000116e:	9100      	str	r1, [sp, #0]
10001170:	0038      	movs	r0, r7
10001172:	f7ff fe65 	bl	10000e40 <add_alarm_under_lock>
10001176:	e032      	b.n	100011de <alarm_pool_alarm_callback+0x22a>
10001178:	4b55      	ldr	r3, [pc, #340]	; (100012d0 <alarm_pool_alarm_callback+0x31c>)
1000117a:	4a51      	ldr	r2, [pc, #324]	; (100012c0 <alarm_pool_alarm_callback+0x30c>)
1000117c:	21a1      	movs	r1, #161	; 0xa1
1000117e:	484e      	ldr	r0, [pc, #312]	; (100012b8 <alarm_pool_alarm_callback+0x304>)
10001180:	f001 f944 	bl	1000240c <__assert_func>
10001184:	2201      	movs	r2, #1
10001186:	4252      	negs	r2, r2
10001188:	4b52      	ldr	r3, [pc, #328]	; (100012d4 <alarm_pool_alarm_callback+0x320>)
1000118a:	e7e6      	b.n	1000115a <alarm_pool_alarm_callback+0x1a6>
1000118c:	4b45      	ldr	r3, [pc, #276]	; (100012a4 <alarm_pool_alarm_callback+0x2f0>)
1000118e:	4a46      	ldr	r2, [pc, #280]	; (100012a8 <alarm_pool_alarm_callback+0x2f4>)
10001190:	213f      	movs	r1, #63	; 0x3f
10001192:	4846      	ldr	r0, [pc, #280]	; (100012ac <alarm_pool_alarm_callback+0x2f8>)
10001194:	f001 f93a 	bl	1000240c <__assert_func>
10001198:	2e00      	cmp	r6, #0
1000119a:	d101      	bne.n	100011a0 <alarm_pool_alarm_callback+0x1ec>
1000119c:	2d00      	cmp	r5, #0
1000119e:	d1b4      	bne.n	1000110a <alarm_pool_alarm_callback+0x156>
100011a0:	683b      	ldr	r3, [r7, #0]
100011a2:	2c00      	cmp	r4, #0
100011a4:	d050      	beq.n	10001248 <alarm_pool_alarm_callback+0x294>
100011a6:	7b5a      	ldrb	r2, [r3, #13]
100011a8:	4294      	cmp	r4, r2
100011aa:	d137      	bne.n	1000121c <alarm_pool_alarm_callback+0x268>
100011ac:	2101      	movs	r1, #1
100011ae:	2900      	cmp	r1, #0
100011b0:	d14a      	bne.n	10001248 <alarm_pool_alarm_callback+0x294>
100011b2:	7bda      	ldrb	r2, [r3, #15]
100011b4:	2a00      	cmp	r2, #0
100011b6:	d14d      	bne.n	10001254 <alarm_pool_alarm_callback+0x2a0>
100011b8:	7b9a      	ldrb	r2, [r3, #14]
100011ba:	2a00      	cmp	r2, #0
100011bc:	d103      	bne.n	100011c6 <alarm_pool_alarm_callback+0x212>
100011be:	7bda      	ldrb	r2, [r3, #15]
100011c0:	2a00      	cmp	r2, #0
100011c2:	d15a      	bne.n	1000127a <alarm_pool_alarm_callback+0x2c6>
100011c4:	739c      	strb	r4, [r3, #14]
100011c6:	73dc      	strb	r4, [r3, #15]
100011c8:	2c00      	cmp	r4, #0
100011ca:	d05c      	beq.n	10001286 <alarm_pool_alarm_callback+0x2d2>
100011cc:	683b      	ldr	r3, [r7, #0]
100011ce:	7b1b      	ldrb	r3, [r3, #12]
100011d0:	429c      	cmp	r4, r3
100011d2:	d858      	bhi.n	10001286 <alarm_pool_alarm_callback+0x2d2>
100011d4:	68fa      	ldr	r2, [r7, #12]
100011d6:	3c01      	subs	r4, #1
100011d8:	5d13      	ldrb	r3, [r2, r4]
100011da:	3301      	adds	r3, #1
100011dc:	5513      	strb	r3, [r2, r4]
100011de:	2300      	movs	r3, #0
100011e0:	613b      	str	r3, [r7, #16]
100011e2:	687a      	ldr	r2, [r7, #4]
100011e4:	f3bf 8f5f 	dmb	sy
100011e8:	6013      	str	r3, [r2, #0]
100011ea:	f38b 8810 	msr	PRIMASK, fp
100011ee:	e743      	b.n	10001078 <alarm_pool_alarm_callback+0xc4>
100011f0:	4b37      	ldr	r3, [pc, #220]	; (100012d0 <alarm_pool_alarm_callback+0x31c>)
100011f2:	4a33      	ldr	r2, [pc, #204]	; (100012c0 <alarm_pool_alarm_callback+0x30c>)
100011f4:	21a4      	movs	r1, #164	; 0xa4
100011f6:	4830      	ldr	r0, [pc, #192]	; (100012b8 <alarm_pool_alarm_callback+0x304>)
100011f8:	f001 f908 	bl	1000240c <__assert_func>
100011fc:	4b29      	ldr	r3, [pc, #164]	; (100012a4 <alarm_pool_alarm_callback+0x2f0>)
100011fe:	4a2a      	ldr	r2, [pc, #168]	; (100012a8 <alarm_pool_alarm_callback+0x2f4>)
10001200:	213f      	movs	r1, #63	; 0x3f
10001202:	482a      	ldr	r0, [pc, #168]	; (100012ac <alarm_pool_alarm_callback+0x2f8>)
10001204:	f001 f902 	bl	1000240c <__assert_func>
10001208:	2201      	movs	r2, #1
1000120a:	4252      	negs	r2, r2
1000120c:	4b31      	ldr	r3, [pc, #196]	; (100012d4 <alarm_pool_alarm_callback+0x320>)
1000120e:	e78a      	b.n	10001126 <alarm_pool_alarm_callback+0x172>
10001210:	4b24      	ldr	r3, [pc, #144]	; (100012a4 <alarm_pool_alarm_callback+0x2f0>)
10001212:	4a25      	ldr	r2, [pc, #148]	; (100012a8 <alarm_pool_alarm_callback+0x2f4>)
10001214:	213f      	movs	r1, #63	; 0x3f
10001216:	4825      	ldr	r0, [pc, #148]	; (100012ac <alarm_pool_alarm_callback+0x2f8>)
10001218:	f001 f8f8 	bl	1000240c <__assert_func>
1000121c:	2c00      	cmp	r4, #0
1000121e:	d00d      	beq.n	1000123c <alarm_pool_alarm_callback+0x288>
10001220:	7b1a      	ldrb	r2, [r3, #12]
10001222:	4294      	cmp	r4, r2
10001224:	d80a      	bhi.n	1000123c <alarm_pool_alarm_callback+0x288>
10001226:	0062      	lsls	r2, r4, #1
10001228:	1912      	adds	r2, r2, r4
1000122a:	3a03      	subs	r2, #3
1000122c:	6818      	ldr	r0, [r3, #0]
1000122e:	4684      	mov	ip, r0
10001230:	4462      	add	r2, ip
10001232:	7892      	ldrb	r2, [r2, #2]
10001234:	2a00      	cmp	r2, #0
10001236:	d0ba      	beq.n	100011ae <alarm_pool_alarm_callback+0x1fa>
10001238:	2101      	movs	r1, #1
1000123a:	e7b8      	b.n	100011ae <alarm_pool_alarm_callback+0x1fa>
1000123c:	4b26      	ldr	r3, [pc, #152]	; (100012d8 <alarm_pool_alarm_callback+0x324>)
1000123e:	4a27      	ldr	r2, [pc, #156]	; (100012dc <alarm_pool_alarm_callback+0x328>)
10001240:	2168      	movs	r1, #104	; 0x68
10001242:	4827      	ldr	r0, [pc, #156]	; (100012e0 <alarm_pool_alarm_callback+0x32c>)
10001244:	f001 f8e2 	bl	1000240c <__assert_func>
10001248:	4b26      	ldr	r3, [pc, #152]	; (100012e4 <alarm_pool_alarm_callback+0x330>)
1000124a:	4a27      	ldr	r2, [pc, #156]	; (100012e8 <alarm_pool_alarm_callback+0x334>)
1000124c:	21f6      	movs	r1, #246	; 0xf6
1000124e:	4824      	ldr	r0, [pc, #144]	; (100012e0 <alarm_pool_alarm_callback+0x32c>)
10001250:	f001 f8dc 	bl	1000240c <__assert_func>
10001254:	2a00      	cmp	r2, #0
10001256:	d00a      	beq.n	1000126e <alarm_pool_alarm_callback+0x2ba>
10001258:	7b19      	ldrb	r1, [r3, #12]
1000125a:	428a      	cmp	r2, r1
1000125c:	d807      	bhi.n	1000126e <alarm_pool_alarm_callback+0x2ba>
1000125e:	0051      	lsls	r1, r2, #1
10001260:	188a      	adds	r2, r1, r2
10001262:	3a03      	subs	r2, #3
10001264:	6819      	ldr	r1, [r3, #0]
10001266:	468c      	mov	ip, r1
10001268:	4462      	add	r2, ip
1000126a:	7054      	strb	r4, [r2, #1]
1000126c:	e7a4      	b.n	100011b8 <alarm_pool_alarm_callback+0x204>
1000126e:	4b1a      	ldr	r3, [pc, #104]	; (100012d8 <alarm_pool_alarm_callback+0x324>)
10001270:	4a1a      	ldr	r2, [pc, #104]	; (100012dc <alarm_pool_alarm_callback+0x328>)
10001272:	2168      	movs	r1, #104	; 0x68
10001274:	481a      	ldr	r0, [pc, #104]	; (100012e0 <alarm_pool_alarm_callback+0x32c>)
10001276:	f001 f8c9 	bl	1000240c <__assert_func>
1000127a:	4b1c      	ldr	r3, [pc, #112]	; (100012ec <alarm_pool_alarm_callback+0x338>)
1000127c:	4a1a      	ldr	r2, [pc, #104]	; (100012e8 <alarm_pool_alarm_callback+0x334>)
1000127e:	21fb      	movs	r1, #251	; 0xfb
10001280:	4817      	ldr	r0, [pc, #92]	; (100012e0 <alarm_pool_alarm_callback+0x32c>)
10001282:	f001 f8c3 	bl	1000240c <__assert_func>
10001286:	4b0a      	ldr	r3, [pc, #40]	; (100012b0 <alarm_pool_alarm_callback+0x2fc>)
10001288:	4a0f      	ldr	r2, [pc, #60]	; (100012c8 <alarm_pool_alarm_callback+0x314>)
1000128a:	2141      	movs	r1, #65	; 0x41
1000128c:	480a      	ldr	r0, [pc, #40]	; (100012b8 <alarm_pool_alarm_callback+0x304>)
1000128e:	f001 f8bd 	bl	1000240c <__assert_func>
10001292:	b00b      	add	sp, #44	; 0x2c
10001294:	bcf0      	pop	{r4, r5, r6, r7}
10001296:	46bb      	mov	fp, r7
10001298:	46b2      	mov	sl, r6
1000129a:	46a9      	mov	r9, r5
1000129c:	46a0      	mov	r8, r4
1000129e:	bdf0      	pop	{r4, r5, r6, r7, pc}
100012a0:	200204b4 	.word	0x200204b4
100012a4:	10004e4c 	.word	0x10004e4c
100012a8:	100051dc 	.word	0x100051dc
100012ac:	10004e68 	.word	0x10004e68
100012b0:	10004f90 	.word	0x10004f90
100012b4:	10005210 	.word	0x10005210
100012b8:	10004f3c 	.word	0x10004f3c
100012bc:	10005090 	.word	0x10005090
100012c0:	100051f4 	.word	0x100051f4
100012c4:	100050a8 	.word	0x100050a8
100012c8:	10005234 	.word	0x10005234
100012cc:	0fffffff 	.word	0x0fffffff
100012d0:	100050b4 	.word	0x100050b4
100012d4:	7fffffff 	.word	0x7fffffff
100012d8:	10004fb4 	.word	0x10004fb4
100012dc:	1000527c 	.word	0x1000527c
100012e0:	10004fd0 	.word	0x10004fd0
100012e4:	100050f0 	.word	0x100050f0
100012e8:	10005248 	.word	0x10005248
100012ec:	10005114 	.word	0x10005114

100012f0 <alarm_pool_init_default>:
100012f0:	b510      	push	{r4, lr}
100012f2:	4b0c      	ldr	r3, [pc, #48]	; (10001324 <alarm_pool_init_default+0x34>)
100012f4:	685b      	ldr	r3, [r3, #4]
100012f6:	2b00      	cmp	r3, #0
100012f8:	d004      	beq.n	10001304 <alarm_pool_init_default+0x14>
100012fa:	210a      	movs	r1, #10
100012fc:	480a      	ldr	r0, [pc, #40]	; (10001328 <alarm_pool_init_default+0x38>)
100012fe:	f7ff fc93 	bl	10000c28 <lock_init>
10001302:	bd10      	pop	{r4, pc}
10001304:	4c07      	ldr	r4, [pc, #28]	; (10001324 <alarm_pool_init_default+0x34>)
10001306:	0023      	movs	r3, r4
10001308:	4a08      	ldr	r2, [pc, #32]	; (1000132c <alarm_pool_init_default+0x3c>)
1000130a:	2110      	movs	r1, #16
1000130c:	6820      	ldr	r0, [r4, #0]
1000130e:	f000 fc7d 	bl	10001c0c <ph_post_alloc_init>
10001312:	2003      	movs	r0, #3
10001314:	f000 faa4 	bl	10001860 <hardware_alarm_claim>
10001318:	2103      	movs	r1, #3
1000131a:	0020      	movs	r0, r4
1000131c:	f7ff fca8 	bl	10000c70 <alarm_pool_post_alloc_init>
10001320:	e7eb      	b.n	100012fa <alarm_pool_init_default+0xa>
10001322:	46c0      	nop			; (mov r8, r8)
10001324:	20020284 	.word	0x20020284
10001328:	200206c8 	.word	0x200206c8
1000132c:	10000ce1 	.word	0x10000ce1

10001330 <alarm_pool_get_default>:
10001330:	b510      	push	{r4, lr}
10001332:	4b06      	ldr	r3, [pc, #24]	; (1000134c <alarm_pool_get_default+0x1c>)
10001334:	685b      	ldr	r3, [r3, #4]
10001336:	2b00      	cmp	r3, #0
10001338:	d001      	beq.n	1000133e <alarm_pool_get_default+0xe>
1000133a:	4804      	ldr	r0, [pc, #16]	; (1000134c <alarm_pool_get_default+0x1c>)
1000133c:	bd10      	pop	{r4, pc}
1000133e:	4b04      	ldr	r3, [pc, #16]	; (10001350 <alarm_pool_get_default+0x20>)
10001340:	4a04      	ldr	r2, [pc, #16]	; (10001354 <alarm_pool_get_default+0x24>)
10001342:	215e      	movs	r1, #94	; 0x5e
10001344:	4804      	ldr	r0, [pc, #16]	; (10001358 <alarm_pool_get_default+0x28>)
10001346:	f001 f861 	bl	1000240c <__assert_func>
1000134a:	46c0      	nop			; (mov r8, r8)
1000134c:	20020284 	.word	0x20020284
10001350:	10005128 	.word	0x10005128
10001354:	1000521c 	.word	0x1000521c
10001358:	10004f3c 	.word	0x10004f3c

1000135c <alarm_pool_add_alarm_at>:
1000135c:	b5f0      	push	{r4, r5, r6, r7, lr}
1000135e:	46de      	mov	lr, fp
10001360:	4657      	mov	r7, sl
10001362:	464e      	mov	r6, r9
10001364:	4645      	mov	r5, r8
10001366:	b5e0      	push	{r5, r6, r7, lr}
10001368:	b08b      	sub	sp, #44	; 0x2c
1000136a:	4680      	mov	r8, r0
1000136c:	0016      	movs	r6, r2
1000136e:	001f      	movs	r7, r3
10001370:	9b14      	ldr	r3, [sp, #80]	; 0x50
10001372:	469a      	mov	sl, r3
10001374:	9b15      	ldr	r3, [sp, #84]	; 0x54
10001376:	4699      	mov	r9, r3
10001378:	ab16      	add	r3, sp, #88	; 0x58
1000137a:	781b      	ldrb	r3, [r3, #0]
1000137c:	469b      	mov	fp, r3
1000137e:	231f      	movs	r3, #31
10001380:	aa02      	add	r2, sp, #8
10001382:	4694      	mov	ip, r2
10001384:	4463      	add	r3, ip
10001386:	2200      	movs	r2, #0
10001388:	701a      	strb	r2, [r3, #0]
1000138a:	e02b      	b.n	100013e4 <alarm_pool_add_alarm_at+0x88>
1000138c:	2800      	cmp	r0, #0
1000138e:	d009      	beq.n	100013a4 <alarm_pool_add_alarm_at+0x48>
10001390:	4642      	mov	r2, r8
10001392:	6812      	ldr	r2, [r2, #0]
10001394:	7b12      	ldrb	r2, [r2, #12]
10001396:	4290      	cmp	r0, r2
10001398:	d804      	bhi.n	100013a4 <alarm_pool_add_alarm_at+0x48>
1000139a:	1e42      	subs	r2, r0, #1
1000139c:	4641      	mov	r1, r8
1000139e:	68c9      	ldr	r1, [r1, #12]
100013a0:	5c8a      	ldrb	r2, [r1, r2]
100013a2:	e041      	b.n	10001428 <alarm_pool_add_alarm_at+0xcc>
100013a4:	4b40      	ldr	r3, [pc, #256]	; (100014a8 <alarm_pool_add_alarm_at+0x14c>)
100013a6:	4a41      	ldr	r2, [pc, #260]	; (100014ac <alarm_pool_add_alarm_at+0x150>)
100013a8:	2141      	movs	r1, #65	; 0x41
100013aa:	4841      	ldr	r0, [pc, #260]	; (100014b0 <alarm_pool_add_alarm_at+0x154>)
100013ac:	f001 f82e 	bl	1000240c <__assert_func>
100013b0:	9807      	ldr	r0, [sp, #28]
100013b2:	e04c      	b.n	1000144e <alarm_pool_add_alarm_at+0xf2>
100013b4:	1b36      	subs	r6, r6, r4
100013b6:	41af      	sbcs	r7, r5
100013b8:	2f00      	cmp	r7, #0
100013ba:	db07      	blt.n	100013cc <alarm_pool_add_alarm_at+0x70>
100013bc:	2f00      	cmp	r7, #0
100013be:	da11      	bge.n	100013e4 <alarm_pool_add_alarm_at+0x88>
100013c0:	4b3c      	ldr	r3, [pc, #240]	; (100014b4 <alarm_pool_add_alarm_at+0x158>)
100013c2:	4a3d      	ldr	r2, [pc, #244]	; (100014b8 <alarm_pool_add_alarm_at+0x15c>)
100013c4:	213f      	movs	r1, #63	; 0x3f
100013c6:	483d      	ldr	r0, [pc, #244]	; (100014bc <alarm_pool_add_alarm_at+0x160>)
100013c8:	f001 f820 	bl	1000240c <__assert_func>
100013cc:	2601      	movs	r6, #1
100013ce:	4276      	negs	r6, r6
100013d0:	4f3b      	ldr	r7, [pc, #236]	; (100014c0 <alarm_pool_add_alarm_at+0x164>)
100013d2:	e7f3      	b.n	100013bc <alarm_pool_add_alarm_at+0x60>
100013d4:	4b37      	ldr	r3, [pc, #220]	; (100014b4 <alarm_pool_add_alarm_at+0x158>)
100013d6:	4a38      	ldr	r2, [pc, #224]	; (100014b8 <alarm_pool_add_alarm_at+0x15c>)
100013d8:	213f      	movs	r1, #63	; 0x3f
100013da:	4838      	ldr	r0, [pc, #224]	; (100014bc <alarm_pool_add_alarm_at+0x160>)
100013dc:	f001 f816 	bl	1000240c <__assert_func>
100013e0:	2f00      	cmp	r7, #0
100013e2:	db4f      	blt.n	10001484 <alarm_pool_add_alarm_at+0x128>
100013e4:	4643      	mov	r3, r8
100013e6:	685a      	ldr	r2, [r3, #4]
100013e8:	f3ef 8410 	mrs	r4, PRIMASK
100013ec:	b672      	cpsid	i
100013ee:	6813      	ldr	r3, [r2, #0]
100013f0:	4259      	negs	r1, r3
100013f2:	414b      	adcs	r3, r1
100013f4:	b2d9      	uxtb	r1, r3
100013f6:	9107      	str	r1, [sp, #28]
100013f8:	2b00      	cmp	r3, #0
100013fa:	d1f8      	bne.n	100013ee <alarm_pool_add_alarm_at+0x92>
100013fc:	f3bf 8f5f 	dmb	sy
10001400:	331f      	adds	r3, #31
10001402:	aa02      	add	r2, sp, #8
10001404:	4694      	mov	ip, r2
10001406:	4463      	add	r3, ip
10001408:	9304      	str	r3, [sp, #16]
1000140a:	2300      	movs	r3, #0
1000140c:	9303      	str	r3, [sp, #12]
1000140e:	9302      	str	r3, [sp, #8]
10001410:	464b      	mov	r3, r9
10001412:	9301      	str	r3, [sp, #4]
10001414:	4653      	mov	r3, sl
10001416:	9300      	str	r3, [sp, #0]
10001418:	0032      	movs	r2, r6
1000141a:	003b      	movs	r3, r7
1000141c:	4640      	mov	r0, r8
1000141e:	f7ff fd0f 	bl	10000e40 <add_alarm_under_lock>
10001422:	1e03      	subs	r3, r0, #0
10001424:	d1b2      	bne.n	1000138c <alarm_pool_add_alarm_at+0x30>
10001426:	0002      	movs	r2, r0
10001428:	4641      	mov	r1, r8
1000142a:	6849      	ldr	r1, [r1, #4]
1000142c:	f3bf 8f5f 	dmb	sy
10001430:	2500      	movs	r5, #0
10001432:	600d      	str	r5, [r1, #0]
10001434:	f384 8810 	msr	PRIMASK, r4
10001438:	2b00      	cmp	r3, #0
1000143a:	d029      	beq.n	10001490 <alarm_pool_add_alarm_at+0x134>
1000143c:	231f      	movs	r3, #31
1000143e:	a902      	add	r1, sp, #8
10001440:	468c      	mov	ip, r1
10001442:	4463      	add	r3, ip
10001444:	781b      	ldrb	r3, [r3, #0]
10001446:	2b00      	cmp	r3, #0
10001448:	d1b2      	bne.n	100013b0 <alarm_pool_add_alarm_at+0x54>
1000144a:	0212      	lsls	r2, r2, #8
1000144c:	4310      	orrs	r0, r2
1000144e:	2b00      	cmp	r3, #0
10001450:	d020      	beq.n	10001494 <alarm_pool_add_alarm_at+0x138>
10001452:	465b      	mov	r3, fp
10001454:	2b00      	cmp	r3, #0
10001456:	d01d      	beq.n	10001494 <alarm_pool_add_alarm_at+0x138>
10001458:	4649      	mov	r1, r9
1000145a:	47d0      	blx	sl
1000145c:	0004      	movs	r4, r0
1000145e:	000d      	movs	r5, r1
10001460:	0003      	movs	r3, r0
10001462:	430b      	orrs	r3, r1
10001464:	d01d      	beq.n	100014a2 <alarm_pool_add_alarm_at+0x146>
10001466:	2900      	cmp	r1, #0
10001468:	dba4      	blt.n	100013b4 <alarm_pool_add_alarm_at+0x58>
1000146a:	f000 fa05 	bl	10001878 <time_us_64>
1000146e:	0006      	movs	r6, r0
10001470:	1e0f      	subs	r7, r1, #0
10001472:	dbaf      	blt.n	100013d4 <alarm_pool_add_alarm_at+0x78>
10001474:	1936      	adds	r6, r6, r4
10001476:	416f      	adcs	r7, r5
10001478:	2f00      	cmp	r7, #0
1000147a:	dab1      	bge.n	100013e0 <alarm_pool_add_alarm_at+0x84>
1000147c:	2601      	movs	r6, #1
1000147e:	4276      	negs	r6, r6
10001480:	4f0f      	ldr	r7, [pc, #60]	; (100014c0 <alarm_pool_add_alarm_at+0x164>)
10001482:	e7ad      	b.n	100013e0 <alarm_pool_add_alarm_at+0x84>
10001484:	4b0b      	ldr	r3, [pc, #44]	; (100014b4 <alarm_pool_add_alarm_at+0x158>)
10001486:	4a0c      	ldr	r2, [pc, #48]	; (100014b8 <alarm_pool_add_alarm_at+0x15c>)
10001488:	213f      	movs	r1, #63	; 0x3f
1000148a:	480c      	ldr	r0, [pc, #48]	; (100014bc <alarm_pool_add_alarm_at+0x160>)
1000148c:	f000 ffbe 	bl	1000240c <__assert_func>
10001490:	2001      	movs	r0, #1
10001492:	4240      	negs	r0, r0
10001494:	b00b      	add	sp, #44	; 0x2c
10001496:	bcf0      	pop	{r4, r5, r6, r7}
10001498:	46bb      	mov	fp, r7
1000149a:	46b2      	mov	sl, r6
1000149c:	46a9      	mov	r9, r5
1000149e:	46a0      	mov	r8, r4
100014a0:	bdf0      	pop	{r4, r5, r6, r7, pc}
100014a2:	9807      	ldr	r0, [sp, #28]
100014a4:	e7f6      	b.n	10001494 <alarm_pool_add_alarm_at+0x138>
100014a6:	46c0      	nop			; (mov r8, r8)
100014a8:	10004f90 	.word	0x10004f90
100014ac:	10005234 	.word	0x10005234
100014b0:	10004f3c 	.word	0x10004f3c
100014b4:	10004e4c 	.word	0x10004e4c
100014b8:	100051dc 	.word	0x100051dc
100014bc:	10004e68 	.word	0x10004e68
100014c0:	7fffffff 	.word	0x7fffffff

100014c4 <alarm_pool_cancel_alarm>:
100014c4:	b5f8      	push	{r3, r4, r5, r6, r7, lr}
100014c6:	0004      	movs	r4, r0
100014c8:	2900      	cmp	r1, #0
100014ca:	d100      	bne.n	100014ce <alarm_pool_cancel_alarm+0xa>
100014cc:	e062      	b.n	10001594 <alarm_pool_cancel_alarm+0xd0>
100014ce:	6842      	ldr	r2, [r0, #4]
100014d0:	f3ef 8510 	mrs	r5, PRIMASK
100014d4:	b672      	cpsid	i
100014d6:	6813      	ldr	r3, [r2, #0]
100014d8:	4258      	negs	r0, r3
100014da:	4143      	adcs	r3, r0
100014dc:	b2d8      	uxtb	r0, r3
100014de:	2b00      	cmp	r3, #0
100014e0:	d1f9      	bne.n	100014d6 <alarm_pool_cancel_alarm+0x12>
100014e2:	f3bf 8f5f 	dmb	sy
100014e6:	b2cb      	uxtb	r3, r1
100014e8:	6822      	ldr	r2, [r4, #0]
100014ea:	7b56      	ldrb	r6, [r2, #13]
100014ec:	42b3      	cmp	r3, r6
100014ee:	d11b      	bne.n	10001528 <alarm_pool_cancel_alarm+0x64>
100014f0:	2001      	movs	r0, #1
100014f2:	2800      	cmp	r0, #0
100014f4:	d048      	beq.n	10001588 <alarm_pool_cancel_alarm+0xc4>
100014f6:	6920      	ldr	r0, [r4, #16]
100014f8:	4288      	cmp	r0, r1
100014fa:	d02b      	beq.n	10001554 <alarm_pool_cancel_alarm+0x90>
100014fc:	0a09      	lsrs	r1, r1, #8
100014fe:	b2c9      	uxtb	r1, r1
10001500:	2b00      	cmp	r3, #0
10001502:	d02e      	beq.n	10001562 <alarm_pool_cancel_alarm+0x9e>
10001504:	6820      	ldr	r0, [r4, #0]
10001506:	7b00      	ldrb	r0, [r0, #12]
10001508:	4283      	cmp	r3, r0
1000150a:	d82a      	bhi.n	10001562 <alarm_pool_cancel_alarm+0x9e>
1000150c:	1e58      	subs	r0, r3, #1
1000150e:	68e6      	ldr	r6, [r4, #12]
10001510:	5c30      	ldrb	r0, [r6, r0]
10001512:	4288      	cmp	r0, r1
10001514:	d02b      	beq.n	1000156e <alarm_pool_cancel_alarm+0xaa>
10001516:	2000      	movs	r0, #0
10001518:	6863      	ldr	r3, [r4, #4]
1000151a:	f3bf 8f5f 	dmb	sy
1000151e:	2200      	movs	r2, #0
10001520:	601a      	str	r2, [r3, #0]
10001522:	f385 8810 	msr	PRIMASK, r5
10001526:	bdf8      	pop	{r3, r4, r5, r6, r7, pc}
10001528:	2b00      	cmp	r3, #0
1000152a:	d00d      	beq.n	10001548 <alarm_pool_cancel_alarm+0x84>
1000152c:	7b16      	ldrb	r6, [r2, #12]
1000152e:	42b3      	cmp	r3, r6
10001530:	d80a      	bhi.n	10001548 <alarm_pool_cancel_alarm+0x84>
10001532:	005e      	lsls	r6, r3, #1
10001534:	18f6      	adds	r6, r6, r3
10001536:	3e03      	subs	r6, #3
10001538:	6817      	ldr	r7, [r2, #0]
1000153a:	46bc      	mov	ip, r7
1000153c:	4466      	add	r6, ip
1000153e:	78b6      	ldrb	r6, [r6, #2]
10001540:	2e00      	cmp	r6, #0
10001542:	d0d6      	beq.n	100014f2 <alarm_pool_cancel_alarm+0x2e>
10001544:	2001      	movs	r0, #1
10001546:	e7d4      	b.n	100014f2 <alarm_pool_cancel_alarm+0x2e>
10001548:	4b13      	ldr	r3, [pc, #76]	; (10001598 <alarm_pool_cancel_alarm+0xd4>)
1000154a:	4a14      	ldr	r2, [pc, #80]	; (1000159c <alarm_pool_cancel_alarm+0xd8>)
1000154c:	2168      	movs	r1, #104	; 0x68
1000154e:	4814      	ldr	r0, [pc, #80]	; (100015a0 <alarm_pool_cancel_alarm+0xdc>)
10001550:	f000 ff5c 	bl	1000240c <__assert_func>
10001554:	212c      	movs	r1, #44	; 0x2c
10001556:	4b13      	ldr	r3, [pc, #76]	; (100015a4 <alarm_pool_cancel_alarm+0xe0>)
10001558:	4a13      	ldr	r2, [pc, #76]	; (100015a8 <alarm_pool_cancel_alarm+0xe4>)
1000155a:	31ff      	adds	r1, #255	; 0xff
1000155c:	4813      	ldr	r0, [pc, #76]	; (100015ac <alarm_pool_cancel_alarm+0xe8>)
1000155e:	f000 ff55 	bl	1000240c <__assert_func>
10001562:	4b13      	ldr	r3, [pc, #76]	; (100015b0 <alarm_pool_cancel_alarm+0xec>)
10001564:	4a13      	ldr	r2, [pc, #76]	; (100015b4 <alarm_pool_cancel_alarm+0xf0>)
10001566:	2141      	movs	r1, #65	; 0x41
10001568:	4810      	ldr	r0, [pc, #64]	; (100015ac <alarm_pool_cancel_alarm+0xe8>)
1000156a:	f000 ff4f 	bl	1000240c <__assert_func>
1000156e:	0019      	movs	r1, r3
10001570:	0010      	movs	r0, r2
10001572:	f000 fc45 	bl	10001e00 <ph_remove_and_free_node>
10001576:	2800      	cmp	r0, #0
10001578:	d1ce      	bne.n	10001518 <alarm_pool_cancel_alarm+0x54>
1000157a:	2199      	movs	r1, #153	; 0x99
1000157c:	4b0e      	ldr	r3, [pc, #56]	; (100015b8 <alarm_pool_cancel_alarm+0xf4>)
1000157e:	4a0a      	ldr	r2, [pc, #40]	; (100015a8 <alarm_pool_cancel_alarm+0xe4>)
10001580:	0049      	lsls	r1, r1, #1
10001582:	480a      	ldr	r0, [pc, #40]	; (100015ac <alarm_pool_cancel_alarm+0xe8>)
10001584:	f000 ff42 	bl	1000240c <__assert_func>
10001588:	6923      	ldr	r3, [r4, #16]
1000158a:	428b      	cmp	r3, r1
1000158c:	d1c4      	bne.n	10001518 <alarm_pool_cancel_alarm+0x54>
1000158e:	2300      	movs	r3, #0
10001590:	6123      	str	r3, [r4, #16]
10001592:	e7c1      	b.n	10001518 <alarm_pool_cancel_alarm+0x54>
10001594:	2000      	movs	r0, #0
10001596:	e7c6      	b.n	10001526 <alarm_pool_cancel_alarm+0x62>
10001598:	10004fb4 	.word	0x10004fb4
1000159c:	1000527c 	.word	0x1000527c
100015a0:	10004fd0 	.word	0x10004fd0
100015a4:	1000514c 	.word	0x1000514c
100015a8:	100051c4 	.word	0x100051c4
100015ac:	10004f3c 	.word	0x10004f3c
100015b0:	10004f90 	.word	0x10004f90
100015b4:	10005234 	.word	0x10005234
100015b8:	10005170 	.word	0x10005170

100015bc <sleep_until>:
100015bc:	b5f0      	push	{r4, r5, r6, r7, lr}
100015be:	b087      	sub	sp, #28
100015c0:	0006      	movs	r6, r0
100015c2:	000f      	movs	r7, r1
100015c4:	f3ef 8305 	mrs	r3, IPSR
100015c8:	2b00      	cmp	r3, #0
100015ca:	d11f      	bne.n	1000160c <sleep_until+0x50>
100015cc:	2406      	movs	r4, #6
100015ce:	4264      	negs	r4, r4
100015d0:	17e5      	asrs	r5, r4, #31
100015d2:	19a4      	adds	r4, r4, r6
100015d4:	417d      	adcs	r5, r7
100015d6:	428d      	cmp	r5, r1
100015d8:	d802      	bhi.n	100015e0 <sleep_until+0x24>
100015da:	d103      	bne.n	100015e4 <sleep_until+0x28>
100015dc:	4284      	cmp	r4, r0
100015de:	d901      	bls.n	100015e4 <sleep_until+0x28>
100015e0:	2400      	movs	r4, #0
100015e2:	2500      	movs	r5, #0
100015e4:	2d00      	cmp	r5, #0
100015e6:	db14      	blt.n	10001612 <sleep_until+0x56>
100015e8:	9404      	str	r4, [sp, #16]
100015ea:	9505      	str	r5, [sp, #20]
100015ec:	f000 f944 	bl	10001878 <time_us_64>
100015f0:	0002      	movs	r2, r0
100015f2:	1e0b      	subs	r3, r1, #0
100015f4:	db13      	blt.n	1000161e <sleep_until+0x62>
100015f6:	1aa4      	subs	r4, r4, r2
100015f8:	419d      	sbcs	r5, r3
100015fa:	2d00      	cmp	r5, #0
100015fc:	dc17      	bgt.n	1000162e <sleep_until+0x72>
100015fe:	d014      	beq.n	1000162a <sleep_until+0x6e>
10001600:	0030      	movs	r0, r6
10001602:	0039      	movs	r1, r7
10001604:	f000 f944 	bl	10001890 <busy_wait_until>
10001608:	b007      	add	sp, #28
1000160a:	bdf0      	pop	{r4, r5, r6, r7, pc}
1000160c:	4823      	ldr	r0, [pc, #140]	; (1000169c <sleep_until+0xe0>)
1000160e:	f000 ff97 	bl	10002540 <panic>
10001612:	4b23      	ldr	r3, [pc, #140]	; (100016a0 <sleep_until+0xe4>)
10001614:	4a23      	ldr	r2, [pc, #140]	; (100016a4 <sleep_until+0xe8>)
10001616:	213f      	movs	r1, #63	; 0x3f
10001618:	4823      	ldr	r0, [pc, #140]	; (100016a8 <sleep_until+0xec>)
1000161a:	f000 fef7 	bl	1000240c <__assert_func>
1000161e:	4b20      	ldr	r3, [pc, #128]	; (100016a0 <sleep_until+0xe4>)
10001620:	4a20      	ldr	r2, [pc, #128]	; (100016a4 <sleep_until+0xe8>)
10001622:	213f      	movs	r1, #63	; 0x3f
10001624:	4820      	ldr	r0, [pc, #128]	; (100016a8 <sleep_until+0xec>)
10001626:	f000 fef1 	bl	1000240c <__assert_func>
1000162a:	2c00      	cmp	r4, #0
1000162c:	d0e8      	beq.n	10001600 <sleep_until+0x44>
1000162e:	f7ff fe7f 	bl	10001330 <alarm_pool_get_default>
10001632:	2300      	movs	r3, #0
10001634:	9302      	str	r3, [sp, #8]
10001636:	9301      	str	r3, [sp, #4]
10001638:	4b1c      	ldr	r3, [pc, #112]	; (100016ac <sleep_until+0xf0>)
1000163a:	9300      	str	r3, [sp, #0]
1000163c:	9a04      	ldr	r2, [sp, #16]
1000163e:	9b05      	ldr	r3, [sp, #20]
10001640:	f7ff fe8c 	bl	1000135c <alarm_pool_add_alarm_at>
10001644:	2800      	cmp	r0, #0
10001646:	da18      	bge.n	1000167a <sleep_until+0xbe>
10001648:	e7da      	b.n	10001600 <sleep_until+0x44>
1000164a:	2300      	movs	r3, #0
1000164c:	e000      	b.n	10001650 <sleep_until+0x94>
1000164e:	2300      	movs	r3, #0
10001650:	2b00      	cmp	r3, #0
10001652:	d1d5      	bne.n	10001600 <sleep_until+0x44>
10001654:	4b16      	ldr	r3, [pc, #88]	; (100016b0 <sleep_until+0xf4>)
10001656:	681a      	ldr	r2, [r3, #0]
10001658:	f3ef 8110 	mrs	r1, PRIMASK
1000165c:	b672      	cpsid	i
1000165e:	6813      	ldr	r3, [r2, #0]
10001660:	2b00      	cmp	r3, #0
10001662:	d0fc      	beq.n	1000165e <sleep_until+0xa2>
10001664:	f3bf 8f5f 	dmb	sy
10001668:	4b11      	ldr	r3, [pc, #68]	; (100016b0 <sleep_until+0xf4>)
1000166a:	681b      	ldr	r3, [r3, #0]
1000166c:	f3bf 8f5f 	dmb	sy
10001670:	2200      	movs	r2, #0
10001672:	601a      	str	r2, [r3, #0]
10001674:	f381 8810 	msr	PRIMASK, r1
10001678:	bf20      	wfe
1000167a:	9904      	ldr	r1, [sp, #16]
1000167c:	9a05      	ldr	r2, [sp, #20]
1000167e:	4b0d      	ldr	r3, [pc, #52]	; (100016b4 <sleep_until+0xf8>)
10001680:	6a5b      	ldr	r3, [r3, #36]	; 0x24
10001682:	429a      	cmp	r2, r3
10001684:	d8e3      	bhi.n	1000164e <sleep_until+0x92>
10001686:	480b      	ldr	r0, [pc, #44]	; (100016b4 <sleep_until+0xf8>)
10001688:	6a80      	ldr	r0, [r0, #40]	; 0x28
1000168a:	4288      	cmp	r0, r1
1000168c:	d203      	bcs.n	10001696 <sleep_until+0xda>
1000168e:	429a      	cmp	r2, r3
10001690:	d0db      	beq.n	1000164a <sleep_until+0x8e>
10001692:	2301      	movs	r3, #1
10001694:	e7dc      	b.n	10001650 <sleep_until+0x94>
10001696:	2301      	movs	r3, #1
10001698:	e7da      	b.n	10001650 <sleep_until+0x94>
1000169a:	46c0      	nop			; (mov r8, r8)
1000169c:	10005174 	.word	0x10005174
100016a0:	10004e4c 	.word	0x10004e4c
100016a4:	100051dc 	.word	0x100051dc
100016a8:	10004e68 	.word	0x10004e68
100016ac:	10000cb1 	.word	0x10000cb1
100016b0:	200206c8 	.word	0x200206c8
100016b4:	40054000 	.word	0x40054000

100016b8 <sleep_us>:
100016b8:	b570      	push	{r4, r5, r6, lr}
100016ba:	0004      	movs	r4, r0
100016bc:	000d      	movs	r5, r1
100016be:	f000 f8db 	bl	10001878 <time_us_64>
100016c2:	0002      	movs	r2, r0
100016c4:	1e0b      	subs	r3, r1, #0
100016c6:	db0a      	blt.n	100016de <sleep_us+0x26>
100016c8:	0020      	movs	r0, r4
100016ca:	0029      	movs	r1, r5
100016cc:	1880      	adds	r0, r0, r2
100016ce:	4159      	adcs	r1, r3
100016d0:	2900      	cmp	r1, #0
100016d2:	db0a      	blt.n	100016ea <sleep_us+0x32>
100016d4:	2900      	cmp	r1, #0
100016d6:	db0c      	blt.n	100016f2 <sleep_us+0x3a>
100016d8:	f7ff ff70 	bl	100015bc <sleep_until>
100016dc:	bd70      	pop	{r4, r5, r6, pc}
100016de:	4b08      	ldr	r3, [pc, #32]	; (10001700 <sleep_us+0x48>)
100016e0:	4a08      	ldr	r2, [pc, #32]	; (10001704 <sleep_us+0x4c>)
100016e2:	213f      	movs	r1, #63	; 0x3f
100016e4:	4808      	ldr	r0, [pc, #32]	; (10001708 <sleep_us+0x50>)
100016e6:	f000 fe91 	bl	1000240c <__assert_func>
100016ea:	2001      	movs	r0, #1
100016ec:	4240      	negs	r0, r0
100016ee:	4907      	ldr	r1, [pc, #28]	; (1000170c <sleep_us+0x54>)
100016f0:	e7f0      	b.n	100016d4 <sleep_us+0x1c>
100016f2:	4b03      	ldr	r3, [pc, #12]	; (10001700 <sleep_us+0x48>)
100016f4:	4a03      	ldr	r2, [pc, #12]	; (10001704 <sleep_us+0x4c>)
100016f6:	213f      	movs	r1, #63	; 0x3f
100016f8:	4803      	ldr	r0, [pc, #12]	; (10001708 <sleep_us+0x50>)
100016fa:	f000 fe87 	bl	1000240c <__assert_func>
100016fe:	46c0      	nop			; (mov r8, r8)
10001700:	10004e4c 	.word	0x10004e4c
10001704:	100051dc 	.word	0x100051dc
10001708:	10004e68 	.word	0x10004e68
1000170c:	7fffffff 	.word	0x7fffffff

10001710 <sleep_ms>:
10001710:	b510      	push	{r4, lr}
10001712:	22fa      	movs	r2, #250	; 0xfa
10001714:	0092      	lsls	r2, r2, #2
10001716:	2300      	movs	r3, #0
10001718:	2100      	movs	r1, #0
1000171a:	f002 fbbb 	bl	10003e94 <__wrap___aeabi_lmul>
1000171e:	f7ff ffcb 	bl	100016b8 <sleep_us>
10001722:	bd10      	pop	{r4, pc}

10001724 <best_effort_wfe_or_timeout>:
10001724:	b570      	push	{r4, r5, r6, lr}
10001726:	b084      	sub	sp, #16
10001728:	0005      	movs	r5, r0
1000172a:	000c      	movs	r4, r1
1000172c:	f3ef 8305 	mrs	r3, IPSR
10001730:	2b00      	cmp	r3, #0
10001732:	d11e      	bne.n	10001772 <best_effort_wfe_or_timeout+0x4e>
10001734:	f7ff fdfc 	bl	10001330 <alarm_pool_get_default>
10001738:	2300      	movs	r3, #0
1000173a:	9302      	str	r3, [sp, #8]
1000173c:	9301      	str	r3, [sp, #4]
1000173e:	4b22      	ldr	r3, [pc, #136]	; (100017c8 <best_effort_wfe_or_timeout+0xa4>)
10001740:	9300      	str	r3, [sp, #0]
10001742:	002a      	movs	r2, r5
10001744:	0023      	movs	r3, r4
10001746:	f7ff fe09 	bl	1000135c <alarm_pool_add_alarm_at>
1000174a:	1e06      	subs	r6, r0, #0
1000174c:	dd23      	ble.n	10001796 <best_effort_wfe_or_timeout+0x72>
1000174e:	bf20      	wfe
10001750:	f7ff fdee 	bl	10001330 <alarm_pool_get_default>
10001754:	0031      	movs	r1, r6
10001756:	f7ff feb5 	bl	100014c4 <alarm_pool_cancel_alarm>
1000175a:	4b1c      	ldr	r3, [pc, #112]	; (100017cc <best_effort_wfe_or_timeout+0xa8>)
1000175c:	6a5b      	ldr	r3, [r3, #36]	; 0x24
1000175e:	429c      	cmp	r4, r3
10001760:	d82d      	bhi.n	100017be <best_effort_wfe_or_timeout+0x9a>
10001762:	4a1a      	ldr	r2, [pc, #104]	; (100017cc <best_effort_wfe_or_timeout+0xa8>)
10001764:	6a92      	ldr	r2, [r2, #40]	; 0x28
10001766:	42aa      	cmp	r2, r5
10001768:	d22c      	bcs.n	100017c4 <best_effort_wfe_or_timeout+0xa0>
1000176a:	429c      	cmp	r4, r3
1000176c:	d025      	beq.n	100017ba <best_effort_wfe_or_timeout+0x96>
1000176e:	2001      	movs	r0, #1
10001770:	e026      	b.n	100017c0 <best_effort_wfe_or_timeout+0x9c>
10001772:	4b16      	ldr	r3, [pc, #88]	; (100017cc <best_effort_wfe_or_timeout+0xa8>)
10001774:	6a5b      	ldr	r3, [r3, #36]	; 0x24
10001776:	4299      	cmp	r1, r3
10001778:	d809      	bhi.n	1000178e <best_effort_wfe_or_timeout+0x6a>
1000177a:	4a14      	ldr	r2, [pc, #80]	; (100017cc <best_effort_wfe_or_timeout+0xa8>)
1000177c:	6a92      	ldr	r2, [r2, #40]	; 0x28
1000177e:	4282      	cmp	r2, r0
10001780:	d207      	bcs.n	10001792 <best_effort_wfe_or_timeout+0x6e>
10001782:	4299      	cmp	r1, r3
10001784:	d001      	beq.n	1000178a <best_effort_wfe_or_timeout+0x66>
10001786:	2001      	movs	r0, #1
10001788:	e01a      	b.n	100017c0 <best_effort_wfe_or_timeout+0x9c>
1000178a:	2000      	movs	r0, #0
1000178c:	e018      	b.n	100017c0 <best_effort_wfe_or_timeout+0x9c>
1000178e:	2000      	movs	r0, #0
10001790:	e016      	b.n	100017c0 <best_effort_wfe_or_timeout+0x9c>
10001792:	2001      	movs	r0, #1
10001794:	e014      	b.n	100017c0 <best_effort_wfe_or_timeout+0x9c>
10001796:	4b0d      	ldr	r3, [pc, #52]	; (100017cc <best_effort_wfe_or_timeout+0xa8>)
10001798:	6a5b      	ldr	r3, [r3, #36]	; 0x24
1000179a:	429c      	cmp	r4, r3
1000179c:	d809      	bhi.n	100017b2 <best_effort_wfe_or_timeout+0x8e>
1000179e:	4a0b      	ldr	r2, [pc, #44]	; (100017cc <best_effort_wfe_or_timeout+0xa8>)
100017a0:	6a92      	ldr	r2, [r2, #40]	; 0x28
100017a2:	42aa      	cmp	r2, r5
100017a4:	d207      	bcs.n	100017b6 <best_effort_wfe_or_timeout+0x92>
100017a6:	429c      	cmp	r4, r3
100017a8:	d001      	beq.n	100017ae <best_effort_wfe_or_timeout+0x8a>
100017aa:	2001      	movs	r0, #1
100017ac:	e008      	b.n	100017c0 <best_effort_wfe_or_timeout+0x9c>
100017ae:	2000      	movs	r0, #0
100017b0:	e006      	b.n	100017c0 <best_effort_wfe_or_timeout+0x9c>
100017b2:	2000      	movs	r0, #0
100017b4:	e004      	b.n	100017c0 <best_effort_wfe_or_timeout+0x9c>
100017b6:	2001      	movs	r0, #1
100017b8:	e002      	b.n	100017c0 <best_effort_wfe_or_timeout+0x9c>
100017ba:	2000      	movs	r0, #0
100017bc:	e000      	b.n	100017c0 <best_effort_wfe_or_timeout+0x9c>
100017be:	2000      	movs	r0, #0
100017c0:	b004      	add	sp, #16
100017c2:	bd70      	pop	{r4, r5, r6, pc}
100017c4:	2001      	movs	r0, #1
100017c6:	e7fb      	b.n	100017c0 <best_effort_wfe_or_timeout+0x9c>
100017c8:	10000cb1 	.word	0x10000cb1
100017cc:	40054000 	.word	0x40054000

100017d0 <hardware_alarm_irq_handler>:
100017d0:	b570      	push	{r4, r5, r6, lr}
100017d2:	f3ef 8005 	mrs	r0, IPSR
100017d6:	3810      	subs	r0, #16
100017d8:	f3ef 8c10 	mrs	ip, PRIMASK
100017dc:	b672      	cpsid	i
100017de:	4b1a      	ldr	r3, [pc, #104]	; (10001848 <hardware_alarm_irq_handler+0x78>)
100017e0:	681b      	ldr	r3, [r3, #0]
100017e2:	2b00      	cmp	r3, #0
100017e4:	d0fb      	beq.n	100017de <hardware_alarm_irq_handler+0xe>
100017e6:	f3bf 8f5f 	dmb	sy
100017ea:	2201      	movs	r2, #1
100017ec:	0013      	movs	r3, r2
100017ee:	4083      	lsls	r3, r0
100017f0:	4916      	ldr	r1, [pc, #88]	; (1000184c <hardware_alarm_irq_handler+0x7c>)
100017f2:	634b      	str	r3, [r1, #52]	; 0x34
100017f4:	4916      	ldr	r1, [pc, #88]	; (10001850 <hardware_alarm_irq_handler+0x80>)
100017f6:	600b      	str	r3, [r1, #0]
100017f8:	4916      	ldr	r1, [pc, #88]	; (10001854 <hardware_alarm_irq_handler+0x84>)
100017fa:	7809      	ldrb	r1, [r1, #0]
100017fc:	000c      	movs	r4, r1
100017fe:	40c4      	lsrs	r4, r0
10001800:	4222      	tst	r2, r4
10001802:	d014      	beq.n	1000182e <hardware_alarm_irq_handler+0x5e>
10001804:	4a11      	ldr	r2, [pc, #68]	; (1000184c <hardware_alarm_irq_handler+0x7c>)
10001806:	6a54      	ldr	r4, [r2, #36]	; 0x24
10001808:	0082      	lsls	r2, r0, #2
1000180a:	4d13      	ldr	r5, [pc, #76]	; (10001858 <hardware_alarm_irq_handler+0x88>)
1000180c:	5952      	ldr	r2, [r2, r5]
1000180e:	4294      	cmp	r4, r2
10001810:	d306      	bcc.n	10001820 <hardware_alarm_irq_handler+0x50>
10001812:	0082      	lsls	r2, r0, #2
10001814:	4c11      	ldr	r4, [pc, #68]	; (1000185c <hardware_alarm_irq_handler+0x8c>)
10001816:	5912      	ldr	r2, [r2, r4]
10001818:	4399      	bics	r1, r3
1000181a:	4b0e      	ldr	r3, [pc, #56]	; (10001854 <hardware_alarm_irq_handler+0x84>)
1000181c:	7019      	strb	r1, [r3, #0]
1000181e:	e007      	b.n	10001830 <hardware_alarm_irq_handler+0x60>
10001820:	4a0a      	ldr	r2, [pc, #40]	; (1000184c <hardware_alarm_irq_handler+0x7c>)
10001822:	1d03      	adds	r3, r0, #4
10001824:	009b      	lsls	r3, r3, #2
10001826:	5899      	ldr	r1, [r3, r2]
10001828:	5099      	str	r1, [r3, r2]
1000182a:	2200      	movs	r2, #0
1000182c:	e000      	b.n	10001830 <hardware_alarm_irq_handler+0x60>
1000182e:	2200      	movs	r2, #0
10001830:	f3bf 8f5f 	dmb	sy
10001834:	4b04      	ldr	r3, [pc, #16]	; (10001848 <hardware_alarm_irq_handler+0x78>)
10001836:	2100      	movs	r1, #0
10001838:	6019      	str	r1, [r3, #0]
1000183a:	f38c 8810 	msr	PRIMASK, ip
1000183e:	2a00      	cmp	r2, #0
10001840:	d000      	beq.n	10001844 <hardware_alarm_irq_handler+0x74>
10001842:	4790      	blx	r2
10001844:	bd70      	pop	{r4, r5, r6, pc}
10001846:	46c0      	nop			; (mov r8, r8)
10001848:	d0000128 	.word	0xd0000128
1000184c:	40054000 	.word	0x40054000
10001850:	4005703c 	.word	0x4005703c
10001854:	200206e6 	.word	0x200206e6
10001858:	200206cc 	.word	0x200206cc
1000185c:	2002042c 	.word	0x2002042c

10001860 <hardware_alarm_claim>:
10001860:	b510      	push	{r4, lr}
10001862:	0001      	movs	r1, r0
10001864:	4a02      	ldr	r2, [pc, #8]	; (10001870 <hardware_alarm_claim+0x10>)
10001866:	4803      	ldr	r0, [pc, #12]	; (10001874 <hardware_alarm_claim+0x14>)
10001868:	f7fe ff9c 	bl	100007a4 <hw_claim_or_assert>
1000186c:	bd10      	pop	{r4, pc}
1000186e:	46c0      	nop			; (mov r8, r8)
10001870:	100052a0 	.word	0x100052a0
10001874:	200206e4 	.word	0x200206e4

10001878 <time_us_64>:
10001878:	4b04      	ldr	r3, [pc, #16]	; (1000188c <time_us_64+0x14>)
1000187a:	6a5b      	ldr	r3, [r3, #36]	; 0x24
1000187c:	4a03      	ldr	r2, [pc, #12]	; (1000188c <time_us_64+0x14>)
1000187e:	6a90      	ldr	r0, [r2, #40]	; 0x28
10001880:	0019      	movs	r1, r3
10001882:	6a53      	ldr	r3, [r2, #36]	; 0x24
10001884:	4299      	cmp	r1, r3
10001886:	d1f9      	bne.n	1000187c <time_us_64+0x4>
10001888:	4770      	bx	lr
1000188a:	46c0      	nop			; (mov r8, r8)
1000188c:	40054000 	.word	0x40054000

10001890 <busy_wait_until>:
10001890:	4b08      	ldr	r3, [pc, #32]	; (100018b4 <busy_wait_until+0x24>)
10001892:	6a5b      	ldr	r3, [r3, #36]	; 0x24
10001894:	e001      	b.n	1000189a <busy_wait_until+0xa>
10001896:	4b07      	ldr	r3, [pc, #28]	; (100018b4 <busy_wait_until+0x24>)
10001898:	6a5b      	ldr	r3, [r3, #36]	; 0x24
1000189a:	428b      	cmp	r3, r1
1000189c:	d3fb      	bcc.n	10001896 <busy_wait_until+0x6>
1000189e:	e001      	b.n	100018a4 <busy_wait_until+0x14>
100018a0:	4b04      	ldr	r3, [pc, #16]	; (100018b4 <busy_wait_until+0x24>)
100018a2:	6a5b      	ldr	r3, [r3, #36]	; 0x24
100018a4:	428b      	cmp	r3, r1
100018a6:	d103      	bne.n	100018b0 <busy_wait_until+0x20>
100018a8:	4b02      	ldr	r3, [pc, #8]	; (100018b4 <busy_wait_until+0x24>)
100018aa:	6a9b      	ldr	r3, [r3, #40]	; 0x28
100018ac:	4283      	cmp	r3, r0
100018ae:	d3f7      	bcc.n	100018a0 <busy_wait_until+0x10>
100018b0:	4770      	bx	lr
100018b2:	46c0      	nop			; (mov r8, r8)
100018b4:	40054000 	.word	0x40054000

100018b8 <busy_wait_us>:
100018b8:	b570      	push	{r4, r5, r6, lr}
100018ba:	0004      	movs	r4, r0
100018bc:	000d      	movs	r5, r1
100018be:	f7ff ffdb 	bl	10001878 <time_us_64>
100018c2:	0002      	movs	r2, r0
100018c4:	000b      	movs	r3, r1
100018c6:	0020      	movs	r0, r4
100018c8:	0029      	movs	r1, r5
100018ca:	1880      	adds	r0, r0, r2
100018cc:	4159      	adcs	r1, r3
100018ce:	428b      	cmp	r3, r1
100018d0:	d802      	bhi.n	100018d8 <busy_wait_us+0x20>
100018d2:	d104      	bne.n	100018de <busy_wait_us+0x26>
100018d4:	4282      	cmp	r2, r0
100018d6:	d902      	bls.n	100018de <busy_wait_us+0x26>
100018d8:	2001      	movs	r0, #1
100018da:	4240      	negs	r0, r0
100018dc:	17c1      	asrs	r1, r0, #31
100018de:	2900      	cmp	r1, #0
100018e0:	db02      	blt.n	100018e8 <busy_wait_us+0x30>
100018e2:	f7ff ffd5 	bl	10001890 <busy_wait_until>
100018e6:	bd70      	pop	{r4, r5, r6, pc}
100018e8:	4b02      	ldr	r3, [pc, #8]	; (100018f4 <busy_wait_us+0x3c>)
100018ea:	4a03      	ldr	r2, [pc, #12]	; (100018f8 <busy_wait_us+0x40>)
100018ec:	213f      	movs	r1, #63	; 0x3f
100018ee:	4803      	ldr	r0, [pc, #12]	; (100018fc <busy_wait_us+0x44>)
100018f0:	f000 fd8c 	bl	1000240c <__assert_func>
100018f4:	10004e4c 	.word	0x10004e4c
100018f8:	10005364 	.word	0x10005364
100018fc:	10004e68 	.word	0x10004e68

10001900 <hardware_alarm_set_callback>:
10001900:	b570      	push	{r4, r5, r6, lr}
10001902:	0004      	movs	r4, r0
10001904:	000d      	movs	r5, r1
10001906:	f3ef 8610 	mrs	r6, PRIMASK
1000190a:	b672      	cpsid	i
1000190c:	4b1b      	ldr	r3, [pc, #108]	; (1000197c <hardware_alarm_set_callback+0x7c>)
1000190e:	681b      	ldr	r3, [r3, #0]
10001910:	2b00      	cmp	r3, #0
10001912:	d0fb      	beq.n	1000190c <hardware_alarm_set_callback+0xc>
10001914:	f3bf 8f5f 	dmb	sy
10001918:	2d00      	cmp	r5, #0
1000191a:	d01c      	beq.n	10001956 <hardware_alarm_set_callback+0x56>
1000191c:	0020      	movs	r0, r4
1000191e:	f7fe fff5 	bl	1000090c <irq_get_vtable_handler>
10001922:	4b17      	ldr	r3, [pc, #92]	; (10001980 <hardware_alarm_set_callback+0x80>)
10001924:	4283      	cmp	r3, r0
10001926:	d00b      	beq.n	10001940 <hardware_alarm_set_callback+0x40>
10001928:	0019      	movs	r1, r3
1000192a:	0020      	movs	r0, r4
1000192c:	f7fe fff6 	bl	1000091c <irq_set_exclusive_handler>
10001930:	2101      	movs	r1, #1
10001932:	0020      	movs	r0, r4
10001934:	f7fe ffe2 	bl	100008fc <irq_set_enabled>
10001938:	2301      	movs	r3, #1
1000193a:	40a3      	lsls	r3, r4
1000193c:	4a11      	ldr	r2, [pc, #68]	; (10001984 <hardware_alarm_set_callback+0x84>)
1000193e:	6013      	str	r3, [r2, #0]
10001940:	00a4      	lsls	r4, r4, #2
10001942:	4b11      	ldr	r3, [pc, #68]	; (10001988 <hardware_alarm_set_callback+0x88>)
10001944:	50e5      	str	r5, [r4, r3]
10001946:	f3bf 8f5f 	dmb	sy
1000194a:	4b0c      	ldr	r3, [pc, #48]	; (1000197c <hardware_alarm_set_callback+0x7c>)
1000194c:	2200      	movs	r2, #0
1000194e:	601a      	str	r2, [r3, #0]
10001950:	f386 8810 	msr	PRIMASK, r6
10001954:	bd70      	pop	{r4, r5, r6, pc}
10001956:	00a2      	lsls	r2, r4, #2
10001958:	4b0b      	ldr	r3, [pc, #44]	; (10001988 <hardware_alarm_set_callback+0x88>)
1000195a:	2100      	movs	r1, #0
1000195c:	50d1      	str	r1, [r2, r3]
1000195e:	2201      	movs	r2, #1
10001960:	40a2      	lsls	r2, r4
10001962:	490a      	ldr	r1, [pc, #40]	; (1000198c <hardware_alarm_set_callback+0x8c>)
10001964:	780b      	ldrb	r3, [r1, #0]
10001966:	4393      	bics	r3, r2
10001968:	700b      	strb	r3, [r1, #0]
1000196a:	4905      	ldr	r1, [pc, #20]	; (10001980 <hardware_alarm_set_callback+0x80>)
1000196c:	0020      	movs	r0, r4
1000196e:	f7fe ffff 	bl	10000970 <irq_remove_handler>
10001972:	2100      	movs	r1, #0
10001974:	0020      	movs	r0, r4
10001976:	f7fe ffc1 	bl	100008fc <irq_set_enabled>
1000197a:	e7e4      	b.n	10001946 <hardware_alarm_set_callback+0x46>
1000197c:	d0000128 	.word	0xd0000128
10001980:	100017d1 	.word	0x100017d1
10001984:	40056038 	.word	0x40056038
10001988:	2002042c 	.word	0x2002042c
1000198c:	200206e6 	.word	0x200206e6

10001990 <hardware_alarm_set_target>:
10001990:	b5f0      	push	{r4, r5, r6, r7, lr}
10001992:	46de      	mov	lr, fp
10001994:	b500      	push	{lr}
10001996:	b084      	sub	sp, #16
10001998:	0004      	movs	r4, r0
1000199a:	0015      	movs	r5, r2
1000199c:	9201      	str	r2, [sp, #4]
1000199e:	001e      	movs	r6, r3
100019a0:	9302      	str	r3, [sp, #8]
100019a2:	f7ff ff69 	bl	10001878 <time_us_64>
100019a6:	9503      	str	r5, [sp, #12]
100019a8:	428e      	cmp	r6, r1
100019aa:	d802      	bhi.n	100019b2 <hardware_alarm_set_target+0x22>
100019ac:	d14e      	bne.n	10001a4c <hardware_alarm_set_target+0xbc>
100019ae:	4285      	cmp	r5, r0
100019b0:	d94c      	bls.n	10001a4c <hardware_alarm_set_target+0xbc>
100019b2:	f3ef 8b10 	mrs	fp, PRIMASK
100019b6:	b672      	cpsid	i
100019b8:	4b27      	ldr	r3, [pc, #156]	; (10001a58 <hardware_alarm_set_target+0xc8>)
100019ba:	681b      	ldr	r3, [r3, #0]
100019bc:	2b00      	cmp	r3, #0
100019be:	d0fb      	beq.n	100019b8 <hardware_alarm_set_target+0x28>
100019c0:	f3bf 8f5f 	dmb	sy
100019c4:	4a25      	ldr	r2, [pc, #148]	; (10001a5c <hardware_alarm_set_target+0xcc>)
100019c6:	7817      	ldrb	r7, [r2, #0]
100019c8:	2501      	movs	r5, #1
100019ca:	40a5      	lsls	r5, r4
100019cc:	b2eb      	uxtb	r3, r5
100019ce:	433b      	orrs	r3, r7
100019d0:	7013      	strb	r3, [r2, #0]
100019d2:	4b23      	ldr	r3, [pc, #140]	; (10001a60 <hardware_alarm_set_target+0xd0>)
100019d4:	635d      	str	r5, [r3, #52]	; 0x34
100019d6:	1d22      	adds	r2, r4, #4
100019d8:	0092      	lsls	r2, r2, #2
100019da:	9901      	ldr	r1, [sp, #4]
100019dc:	50d1      	str	r1, [r2, r3]
100019de:	00a2      	lsls	r2, r4, #2
100019e0:	4920      	ldr	r1, [pc, #128]	; (10001a64 <hardware_alarm_set_target+0xd4>)
100019e2:	9802      	ldr	r0, [sp, #8]
100019e4:	5050      	str	r0, [r2, r1]
100019e6:	6a1b      	ldr	r3, [r3, #32]
100019e8:	422b      	tst	r3, r5
100019ea:	d112      	bne.n	10001a12 <hardware_alarm_set_target+0x82>
100019ec:	4b1c      	ldr	r3, [pc, #112]	; (10001a60 <hardware_alarm_set_target+0xd0>)
100019ee:	6c1b      	ldr	r3, [r3, #64]	; 0x40
100019f0:	422b      	tst	r3, r5
100019f2:	d008      	beq.n	10001a06 <hardware_alarm_set_target+0x76>
100019f4:	2000      	movs	r0, #0
100019f6:	f3bf 8f5f 	dmb	sy
100019fa:	4b17      	ldr	r3, [pc, #92]	; (10001a58 <hardware_alarm_set_target+0xc8>)
100019fc:	2200      	movs	r2, #0
100019fe:	601a      	str	r2, [r3, #0]
10001a00:	f38b 8810 	msr	PRIMASK, fp
10001a04:	e023      	b.n	10001a4e <hardware_alarm_set_target+0xbe>
10001a06:	4b18      	ldr	r3, [pc, #96]	; (10001a68 <hardware_alarm_set_target+0xd8>)
10001a08:	4a18      	ldr	r2, [pc, #96]	; (10001a6c <hardware_alarm_set_target+0xdc>)
10001a0a:	21c5      	movs	r1, #197	; 0xc5
10001a0c:	4818      	ldr	r0, [pc, #96]	; (10001a70 <hardware_alarm_set_target+0xe0>)
10001a0e:	f000 fcfd 	bl	1000240c <__assert_func>
10001a12:	f7ff ff31 	bl	10001878 <time_us_64>
10001a16:	428e      	cmp	r6, r1
10001a18:	d814      	bhi.n	10001a44 <hardware_alarm_set_target+0xb4>
10001a1a:	d102      	bne.n	10001a22 <hardware_alarm_set_target+0x92>
10001a1c:	9b03      	ldr	r3, [sp, #12]
10001a1e:	4283      	cmp	r3, r0
10001a20:	d810      	bhi.n	10001a44 <hardware_alarm_set_target+0xb4>
10001a22:	4b0e      	ldr	r3, [pc, #56]	; (10001a5c <hardware_alarm_set_target+0xcc>)
10001a24:	781b      	ldrb	r3, [r3, #0]
10001a26:	42bb      	cmp	r3, r7
10001a28:	d00e      	beq.n	10001a48 <hardware_alarm_set_target+0xb8>
10001a2a:	4b0d      	ldr	r3, [pc, #52]	; (10001a60 <hardware_alarm_set_target+0xd0>)
10001a2c:	621d      	str	r5, [r3, #32]
10001a2e:	635d      	str	r5, [r3, #52]	; 0x34
10001a30:	201f      	movs	r0, #31
10001a32:	4004      	ands	r4, r0
10001a34:	2301      	movs	r3, #1
10001a36:	40a3      	lsls	r3, r4
10001a38:	4a0e      	ldr	r2, [pc, #56]	; (10001a74 <hardware_alarm_set_target+0xe4>)
10001a3a:	6013      	str	r3, [r2, #0]
10001a3c:	4b07      	ldr	r3, [pc, #28]	; (10001a5c <hardware_alarm_set_target+0xcc>)
10001a3e:	701f      	strb	r7, [r3, #0]
10001a40:	381e      	subs	r0, #30
10001a42:	e7d8      	b.n	100019f6 <hardware_alarm_set_target+0x66>
10001a44:	2000      	movs	r0, #0
10001a46:	e7d6      	b.n	100019f6 <hardware_alarm_set_target+0x66>
10001a48:	2001      	movs	r0, #1
10001a4a:	e7d4      	b.n	100019f6 <hardware_alarm_set_target+0x66>
10001a4c:	2001      	movs	r0, #1
10001a4e:	b004      	add	sp, #16
10001a50:	bc80      	pop	{r7}
10001a52:	46bb      	mov	fp, r7
10001a54:	bdf0      	pop	{r4, r5, r6, r7, pc}
10001a56:	46c0      	nop			; (mov r8, r8)
10001a58:	d0000128 	.word	0xd0000128
10001a5c:	200206e6 	.word	0x200206e6
10001a60:	40054000 	.word	0x40054000
10001a64:	200206cc 	.word	0x200206cc
10001a68:	100052c4 	.word	0x100052c4
10001a6c:	10005348 	.word	0x10005348
10001a70:	100052e8 	.word	0x100052e8
10001a74:	e000e280 	.word	0xe000e280

10001a78 <hardware_alarm_cancel>:
10001a78:	f3ef 8c10 	mrs	ip, PRIMASK
10001a7c:	b672      	cpsid	i
10001a7e:	4b0b      	ldr	r3, [pc, #44]	; (10001aac <hardware_alarm_cancel+0x34>)
10001a80:	681b      	ldr	r3, [r3, #0]
10001a82:	2b00      	cmp	r3, #0
10001a84:	d0fb      	beq.n	10001a7e <hardware_alarm_cancel+0x6>
10001a86:	f3bf 8f5f 	dmb	sy
10001a8a:	2301      	movs	r3, #1
10001a8c:	4083      	lsls	r3, r0
10001a8e:	4a08      	ldr	r2, [pc, #32]	; (10001ab0 <hardware_alarm_cancel+0x38>)
10001a90:	6213      	str	r3, [r2, #32]
10001a92:	4908      	ldr	r1, [pc, #32]	; (10001ab4 <hardware_alarm_cancel+0x3c>)
10001a94:	780a      	ldrb	r2, [r1, #0]
10001a96:	439a      	bics	r2, r3
10001a98:	700a      	strb	r2, [r1, #0]
10001a9a:	f3bf 8f5f 	dmb	sy
10001a9e:	4b03      	ldr	r3, [pc, #12]	; (10001aac <hardware_alarm_cancel+0x34>)
10001aa0:	2200      	movs	r2, #0
10001aa2:	601a      	str	r2, [r3, #0]
10001aa4:	f38c 8810 	msr	PRIMASK, ip
10001aa8:	4770      	bx	lr
10001aaa:	46c0      	nop			; (mov r8, r8)
10001aac:	d0000128 	.word	0xd0000128
10001ab0:	40054000 	.word	0x40054000
10001ab4:	200206e6 	.word	0x200206e6

10001ab8 <ph_add_child_node>:
10001ab8:	b510      	push	{r4, lr}
10001aba:	2900      	cmp	r1, #0
10001abc:	d01e      	beq.n	10001afc <ph_add_child_node+0x44>
10001abe:	7b03      	ldrb	r3, [r0, #12]
10001ac0:	4299      	cmp	r1, r3
10001ac2:	d81b      	bhi.n	10001afc <ph_add_child_node+0x44>
10001ac4:	004b      	lsls	r3, r1, #1
10001ac6:	185b      	adds	r3, r3, r1
10001ac8:	3b03      	subs	r3, #3
10001aca:	6804      	ldr	r4, [r0, #0]
10001acc:	46a4      	mov	ip, r4
10001ace:	4463      	add	r3, ip
10001ad0:	2900      	cmp	r1, #0
10001ad2:	d019      	beq.n	10001b08 <ph_add_child_node+0x50>
10001ad4:	2a00      	cmp	r2, #0
10001ad6:	d01d      	beq.n	10001b14 <ph_add_child_node+0x5c>
10001ad8:	4291      	cmp	r1, r2
10001ada:	d021      	beq.n	10001b20 <ph_add_child_node+0x68>
10001adc:	2a00      	cmp	r2, #0
10001ade:	d025      	beq.n	10001b2c <ph_add_child_node+0x74>
10001ae0:	7b04      	ldrb	r4, [r0, #12]
10001ae2:	42a2      	cmp	r2, r4
10001ae4:	d822      	bhi.n	10001b2c <ph_add_child_node+0x74>
10001ae6:	6804      	ldr	r4, [r0, #0]
10001ae8:	0050      	lsls	r0, r2, #1
10001aea:	1880      	adds	r0, r0, r2
10001aec:	3803      	subs	r0, #3
10001aee:	1820      	adds	r0, r4, r0
10001af0:	7081      	strb	r1, [r0, #2]
10001af2:	7819      	ldrb	r1, [r3, #0]
10001af4:	2900      	cmp	r1, #0
10001af6:	d11f      	bne.n	10001b38 <ph_add_child_node+0x80>
10001af8:	701a      	strb	r2, [r3, #0]
10001afa:	bd10      	pop	{r4, pc}
10001afc:	4b10      	ldr	r3, [pc, #64]	; (10001b40 <ph_add_child_node+0x88>)
10001afe:	4a11      	ldr	r2, [pc, #68]	; (10001b44 <ph_add_child_node+0x8c>)
10001b00:	2168      	movs	r1, #104	; 0x68
10001b02:	4811      	ldr	r0, [pc, #68]	; (10001b48 <ph_add_child_node+0x90>)
10001b04:	f000 fc82 	bl	1000240c <__assert_func>
10001b08:	4b10      	ldr	r3, [pc, #64]	; (10001b4c <ph_add_child_node+0x94>)
10001b0a:	4a11      	ldr	r2, [pc, #68]	; (10001b50 <ph_add_child_node+0x98>)
10001b0c:	316f      	adds	r1, #111	; 0x6f
10001b0e:	480e      	ldr	r0, [pc, #56]	; (10001b48 <ph_add_child_node+0x90>)
10001b10:	f000 fc7c 	bl	1000240c <__assert_func>
10001b14:	4b0f      	ldr	r3, [pc, #60]	; (10001b54 <ph_add_child_node+0x9c>)
10001b16:	4a0e      	ldr	r2, [pc, #56]	; (10001b50 <ph_add_child_node+0x98>)
10001b18:	2170      	movs	r1, #112	; 0x70
10001b1a:	480b      	ldr	r0, [pc, #44]	; (10001b48 <ph_add_child_node+0x90>)
10001b1c:	f000 fc76 	bl	1000240c <__assert_func>
10001b20:	4b0d      	ldr	r3, [pc, #52]	; (10001b58 <ph_add_child_node+0xa0>)
10001b22:	4a0b      	ldr	r2, [pc, #44]	; (10001b50 <ph_add_child_node+0x98>)
10001b24:	2171      	movs	r1, #113	; 0x71
10001b26:	4808      	ldr	r0, [pc, #32]	; (10001b48 <ph_add_child_node+0x90>)
10001b28:	f000 fc70 	bl	1000240c <__assert_func>
10001b2c:	4b04      	ldr	r3, [pc, #16]	; (10001b40 <ph_add_child_node+0x88>)
10001b2e:	4a05      	ldr	r2, [pc, #20]	; (10001b44 <ph_add_child_node+0x8c>)
10001b30:	2168      	movs	r1, #104	; 0x68
10001b32:	4805      	ldr	r0, [pc, #20]	; (10001b48 <ph_add_child_node+0x90>)
10001b34:	f000 fc6a 	bl	1000240c <__assert_func>
10001b38:	7041      	strb	r1, [r0, #1]
10001b3a:	701a      	strb	r2, [r3, #0]
10001b3c:	e7dd      	b.n	10001afa <ph_add_child_node+0x42>
10001b3e:	46c0      	nop			; (mov r8, r8)
10001b40:	10004fb4 	.word	0x10004fb4
10001b44:	10005484 	.word	0x10005484
10001b48:	10004fd0 	.word	0x10004fd0
10001b4c:	10005038 	.word	0x10005038
10001b50:	10005470 	.word	0x10005470
10001b54:	10005044 	.word	0x10005044
10001b58:	10005050 	.word	0x10005050

10001b5c <ph_merge_nodes>:
10001b5c:	b570      	push	{r4, r5, r6, lr}
10001b5e:	0006      	movs	r6, r0
10001b60:	000d      	movs	r5, r1
10001b62:	0014      	movs	r4, r2
10001b64:	2900      	cmp	r1, #0
10001b66:	d014      	beq.n	10001b92 <ph_merge_nodes+0x36>
10001b68:	2a00      	cmp	r2, #0
10001b6a:	d014      	beq.n	10001b96 <ph_merge_nodes+0x3a>
10001b6c:	6880      	ldr	r0, [r0, #8]
10001b6e:	6873      	ldr	r3, [r6, #4]
10001b70:	4798      	blx	r3
10001b72:	2800      	cmp	r0, #0
10001b74:	d006      	beq.n	10001b84 <ph_merge_nodes+0x28>
10001b76:	0022      	movs	r2, r4
10001b78:	0029      	movs	r1, r5
10001b7a:	0030      	movs	r0, r6
10001b7c:	f7ff ff9c 	bl	10001ab8 <ph_add_child_node>
10001b80:	0028      	movs	r0, r5
10001b82:	e007      	b.n	10001b94 <ph_merge_nodes+0x38>
10001b84:	002a      	movs	r2, r5
10001b86:	0021      	movs	r1, r4
10001b88:	0030      	movs	r0, r6
10001b8a:	f7ff ff95 	bl	10001ab8 <ph_add_child_node>
10001b8e:	0020      	movs	r0, r4
10001b90:	e000      	b.n	10001b94 <ph_merge_nodes+0x38>
10001b92:	0010      	movs	r0, r2
10001b94:	bd70      	pop	{r4, r5, r6, pc}
10001b96:	0008      	movs	r0, r1
10001b98:	e7fc      	b.n	10001b94 <ph_merge_nodes+0x38>
	...

10001b9c <ph_clear>:
10001b9c:	b510      	push	{r4, lr}
10001b9e:	2300      	movs	r3, #0
10001ba0:	7343      	strb	r3, [r0, #13]
10001ba2:	3301      	adds	r3, #1
10001ba4:	7383      	strb	r3, [r0, #14]
10001ba6:	7b03      	ldrb	r3, [r0, #12]
10001ba8:	73c3      	strb	r3, [r0, #15]
10001baa:	2301      	movs	r3, #1
10001bac:	7b02      	ldrb	r2, [r0, #12]
10001bae:	429a      	cmp	r2, r3
10001bb0:	d914      	bls.n	10001bdc <ph_clear+0x40>
10001bb2:	2b00      	cmp	r3, #0
10001bb4:	d00c      	beq.n	10001bd0 <ph_clear+0x34>
10001bb6:	7b02      	ldrb	r2, [r0, #12]
10001bb8:	4293      	cmp	r3, r2
10001bba:	d809      	bhi.n	10001bd0 <ph_clear+0x34>
10001bbc:	005a      	lsls	r2, r3, #1
10001bbe:	18d2      	adds	r2, r2, r3
10001bc0:	3a03      	subs	r2, #3
10001bc2:	6801      	ldr	r1, [r0, #0]
10001bc4:	468c      	mov	ip, r1
10001bc6:	4462      	add	r2, ip
10001bc8:	3301      	adds	r3, #1
10001bca:	b2db      	uxtb	r3, r3
10001bcc:	7053      	strb	r3, [r2, #1]
10001bce:	e7ed      	b.n	10001bac <ph_clear+0x10>
10001bd0:	4b0b      	ldr	r3, [pc, #44]	; (10001c00 <ph_clear+0x64>)
10001bd2:	4a0c      	ldr	r2, [pc, #48]	; (10001c04 <ph_clear+0x68>)
10001bd4:	2168      	movs	r1, #104	; 0x68
10001bd6:	480c      	ldr	r0, [pc, #48]	; (10001c08 <ph_clear+0x6c>)
10001bd8:	f000 fc18 	bl	1000240c <__assert_func>
10001bdc:	2a00      	cmp	r2, #0
10001bde:	d009      	beq.n	10001bf4 <ph_clear+0x58>
10001be0:	4292      	cmp	r2, r2
10001be2:	d807      	bhi.n	10001bf4 <ph_clear+0x58>
10001be4:	6801      	ldr	r1, [r0, #0]
10001be6:	0053      	lsls	r3, r2, #1
10001be8:	189a      	adds	r2, r3, r2
10001bea:	3a03      	subs	r2, #3
10001bec:	188a      	adds	r2, r1, r2
10001bee:	2300      	movs	r3, #0
10001bf0:	7053      	strb	r3, [r2, #1]
10001bf2:	bd10      	pop	{r4, pc}
10001bf4:	4b02      	ldr	r3, [pc, #8]	; (10001c00 <ph_clear+0x64>)
10001bf6:	4a03      	ldr	r2, [pc, #12]	; (10001c04 <ph_clear+0x68>)
10001bf8:	2168      	movs	r1, #104	; 0x68
10001bfa:	4803      	ldr	r0, [pc, #12]	; (10001c08 <ph_clear+0x6c>)
10001bfc:	f000 fc06 	bl	1000240c <__assert_func>
10001c00:	10004fb4 	.word	0x10004fb4
10001c04:	10005484 	.word	0x10005484
10001c08:	10004fd0 	.word	0x10004fd0

10001c0c <ph_post_alloc_init>:
10001c0c:	b510      	push	{r4, lr}
10001c0e:	7301      	strb	r1, [r0, #12]
10001c10:	6042      	str	r2, [r0, #4]
10001c12:	6083      	str	r3, [r0, #8]
10001c14:	f7ff ffc2 	bl	10001b9c <ph_clear>
10001c18:	bd10      	pop	{r4, pc}
	...

10001c1c <ph_merge_two_pass>:
10001c1c:	b570      	push	{r4, r5, r6, lr}
10001c1e:	0004      	movs	r4, r0
10001c20:	1e08      	subs	r0, r1, #0
10001c22:	d100      	bne.n	10001c26 <ph_merge_two_pass+0xa>
10001c24:	bd70      	pop	{r4, r5, r6, pc}
10001c26:	2900      	cmp	r1, #0
10001c28:	d034      	beq.n	10001c94 <ph_merge_two_pass+0x78>
10001c2a:	7b23      	ldrb	r3, [r4, #12]
10001c2c:	4299      	cmp	r1, r3
10001c2e:	d831      	bhi.n	10001c94 <ph_merge_two_pass+0x78>
10001c30:	004b      	lsls	r3, r1, #1
10001c32:	185b      	adds	r3, r3, r1
10001c34:	3b03      	subs	r3, #3
10001c36:	6822      	ldr	r2, [r4, #0]
10001c38:	4694      	mov	ip, r2
10001c3a:	4463      	add	r3, ip
10001c3c:	785a      	ldrb	r2, [r3, #1]
10001c3e:	2a00      	cmp	r2, #0
10001c40:	d0f0      	beq.n	10001c24 <ph_merge_two_pass+0x8>
10001c42:	d02d      	beq.n	10001ca0 <ph_merge_two_pass+0x84>
10001c44:	7b23      	ldrb	r3, [r4, #12]
10001c46:	429a      	cmp	r2, r3
10001c48:	d82a      	bhi.n	10001ca0 <ph_merge_two_pass+0x84>
10001c4a:	0053      	lsls	r3, r2, #1
10001c4c:	189b      	adds	r3, r3, r2
10001c4e:	3b03      	subs	r3, #3
10001c50:	6821      	ldr	r1, [r4, #0]
10001c52:	468c      	mov	ip, r1
10001c54:	4463      	add	r3, ip
10001c56:	785d      	ldrb	r5, [r3, #1]
10001c58:	2100      	movs	r1, #0
10001c5a:	7059      	strb	r1, [r3, #1]
10001c5c:	2800      	cmp	r0, #0
10001c5e:	d025      	beq.n	10001cac <ph_merge_two_pass+0x90>
10001c60:	7b23      	ldrb	r3, [r4, #12]
10001c62:	4298      	cmp	r0, r3
10001c64:	d822      	bhi.n	10001cac <ph_merge_two_pass+0x90>
10001c66:	0043      	lsls	r3, r0, #1
10001c68:	181b      	adds	r3, r3, r0
10001c6a:	3b03      	subs	r3, #3
10001c6c:	6821      	ldr	r1, [r4, #0]
10001c6e:	468c      	mov	ip, r1
10001c70:	4463      	add	r3, ip
10001c72:	2100      	movs	r1, #0
10001c74:	7059      	strb	r1, [r3, #1]
10001c76:	0001      	movs	r1, r0
10001c78:	0020      	movs	r0, r4
10001c7a:	f7ff ff6f 	bl	10001b5c <ph_merge_nodes>
10001c7e:	0006      	movs	r6, r0
10001c80:	0029      	movs	r1, r5
10001c82:	0020      	movs	r0, r4
10001c84:	f7ff ffca 	bl	10001c1c <ph_merge_two_pass>
10001c88:	0002      	movs	r2, r0
10001c8a:	0031      	movs	r1, r6
10001c8c:	0020      	movs	r0, r4
10001c8e:	f7ff ff65 	bl	10001b5c <ph_merge_nodes>
10001c92:	e7c7      	b.n	10001c24 <ph_merge_two_pass+0x8>
10001c94:	4b08      	ldr	r3, [pc, #32]	; (10001cb8 <ph_merge_two_pass+0x9c>)
10001c96:	4a09      	ldr	r2, [pc, #36]	; (10001cbc <ph_merge_two_pass+0xa0>)
10001c98:	2168      	movs	r1, #104	; 0x68
10001c9a:	4809      	ldr	r0, [pc, #36]	; (10001cc0 <ph_merge_two_pass+0xa4>)
10001c9c:	f000 fbb6 	bl	1000240c <__assert_func>
10001ca0:	4b05      	ldr	r3, [pc, #20]	; (10001cb8 <ph_merge_two_pass+0x9c>)
10001ca2:	4a06      	ldr	r2, [pc, #24]	; (10001cbc <ph_merge_two_pass+0xa0>)
10001ca4:	2168      	movs	r1, #104	; 0x68
10001ca6:	4806      	ldr	r0, [pc, #24]	; (10001cc0 <ph_merge_two_pass+0xa4>)
10001ca8:	f000 fbb0 	bl	1000240c <__assert_func>
10001cac:	4b02      	ldr	r3, [pc, #8]	; (10001cb8 <ph_merge_two_pass+0x9c>)
10001cae:	4a03      	ldr	r2, [pc, #12]	; (10001cbc <ph_merge_two_pass+0xa0>)
10001cb0:	2168      	movs	r1, #104	; 0x68
10001cb2:	4803      	ldr	r0, [pc, #12]	; (10001cc0 <ph_merge_two_pass+0xa4>)
10001cb4:	f000 fbaa 	bl	1000240c <__assert_func>
10001cb8:	10004fb4 	.word	0x10004fb4
10001cbc:	10005484 	.word	0x10005484
10001cc0:	10004fd0 	.word	0x10004fd0

10001cc4 <ph_remove_any_head>:
10001cc4:	b570      	push	{r4, r5, r6, lr}
10001cc6:	0005      	movs	r5, r0
10001cc8:	000c      	movs	r4, r1
10001cca:	0016      	movs	r6, r2
10001ccc:	2900      	cmp	r1, #0
10001cce:	d02f      	beq.n	10001d30 <ph_remove_any_head+0x6c>
10001cd0:	d034      	beq.n	10001d3c <ph_remove_any_head+0x78>
10001cd2:	7b03      	ldrb	r3, [r0, #12]
10001cd4:	4299      	cmp	r1, r3
10001cd6:	d831      	bhi.n	10001d3c <ph_remove_any_head+0x78>
10001cd8:	004b      	lsls	r3, r1, #1
10001cda:	185b      	adds	r3, r3, r1
10001cdc:	3b03      	subs	r3, #3
10001cde:	6802      	ldr	r2, [r0, #0]
10001ce0:	4694      	mov	ip, r2
10001ce2:	4463      	add	r3, ip
10001ce4:	785a      	ldrb	r2, [r3, #1]
10001ce6:	2a00      	cmp	r2, #0
10001ce8:	d12e      	bne.n	10001d48 <ph_remove_any_head+0x84>
10001cea:	789a      	ldrb	r2, [r3, #2]
10001cec:	2a00      	cmp	r2, #0
10001cee:	d131      	bne.n	10001d54 <ph_remove_any_head+0x90>
10001cf0:	7819      	ldrb	r1, [r3, #0]
10001cf2:	f7ff ff93 	bl	10001c1c <ph_merge_two_pass>
10001cf6:	0003      	movs	r3, r0
10001cf8:	2e00      	cmp	r6, #0
10001cfa:	d00a      	beq.n	10001d12 <ph_remove_any_head+0x4e>
10001cfc:	7bea      	ldrb	r2, [r5, #15]
10001cfe:	2a00      	cmp	r2, #0
10001d00:	d12e      	bne.n	10001d60 <ph_remove_any_head+0x9c>
10001d02:	7baa      	ldrb	r2, [r5, #14]
10001d04:	2a00      	cmp	r2, #0
10001d06:	d103      	bne.n	10001d10 <ph_remove_any_head+0x4c>
10001d08:	7bea      	ldrb	r2, [r5, #15]
10001d0a:	2a00      	cmp	r2, #0
10001d0c:	d13b      	bne.n	10001d86 <ph_remove_any_head+0xc2>
10001d0e:	73ac      	strb	r4, [r5, #14]
10001d10:	73ec      	strb	r4, [r5, #15]
10001d12:	2b00      	cmp	r3, #0
10001d14:	d13d      	bne.n	10001d92 <ph_remove_any_head+0xce>
10001d16:	2c00      	cmp	r4, #0
10001d18:	d04f      	beq.n	10001dba <ph_remove_any_head+0xf6>
10001d1a:	7b2b      	ldrb	r3, [r5, #12]
10001d1c:	429c      	cmp	r4, r3
10001d1e:	d84c      	bhi.n	10001dba <ph_remove_any_head+0xf6>
10001d20:	682b      	ldr	r3, [r5, #0]
10001d22:	0061      	lsls	r1, r4, #1
10001d24:	190c      	adds	r4, r1, r4
10001d26:	3c03      	subs	r4, #3
10001d28:	191c      	adds	r4, r3, r4
10001d2a:	2300      	movs	r3, #0
10001d2c:	7063      	strb	r3, [r4, #1]
10001d2e:	bd70      	pop	{r4, r5, r6, pc}
10001d30:	4b25      	ldr	r3, [pc, #148]	; (10001dc8 <ph_remove_any_head+0x104>)
10001d32:	4a26      	ldr	r2, [pc, #152]	; (10001dcc <ph_remove_any_head+0x108>)
10001d34:	2138      	movs	r1, #56	; 0x38
10001d36:	4826      	ldr	r0, [pc, #152]	; (10001dd0 <ph_remove_any_head+0x10c>)
10001d38:	f000 fb68 	bl	1000240c <__assert_func>
10001d3c:	4b25      	ldr	r3, [pc, #148]	; (10001dd4 <ph_remove_any_head+0x110>)
10001d3e:	4a26      	ldr	r2, [pc, #152]	; (10001dd8 <ph_remove_any_head+0x114>)
10001d40:	2168      	movs	r1, #104	; 0x68
10001d42:	4826      	ldr	r0, [pc, #152]	; (10001ddc <ph_remove_any_head+0x118>)
10001d44:	f000 fb62 	bl	1000240c <__assert_func>
10001d48:	4b25      	ldr	r3, [pc, #148]	; (10001de0 <ph_remove_any_head+0x11c>)
10001d4a:	4a20      	ldr	r2, [pc, #128]	; (10001dcc <ph_remove_any_head+0x108>)
10001d4c:	213a      	movs	r1, #58	; 0x3a
10001d4e:	4820      	ldr	r0, [pc, #128]	; (10001dd0 <ph_remove_any_head+0x10c>)
10001d50:	f000 fb5c 	bl	1000240c <__assert_func>
10001d54:	4b23      	ldr	r3, [pc, #140]	; (10001de4 <ph_remove_any_head+0x120>)
10001d56:	4a1d      	ldr	r2, [pc, #116]	; (10001dcc <ph_remove_any_head+0x108>)
10001d58:	213b      	movs	r1, #59	; 0x3b
10001d5a:	481d      	ldr	r0, [pc, #116]	; (10001dd0 <ph_remove_any_head+0x10c>)
10001d5c:	f000 fb56 	bl	1000240c <__assert_func>
10001d60:	2a00      	cmp	r2, #0
10001d62:	d00a      	beq.n	10001d7a <ph_remove_any_head+0xb6>
10001d64:	7b29      	ldrb	r1, [r5, #12]
10001d66:	428a      	cmp	r2, r1
10001d68:	d807      	bhi.n	10001d7a <ph_remove_any_head+0xb6>
10001d6a:	0051      	lsls	r1, r2, #1
10001d6c:	188a      	adds	r2, r1, r2
10001d6e:	3a03      	subs	r2, #3
10001d70:	6829      	ldr	r1, [r5, #0]
10001d72:	468c      	mov	ip, r1
10001d74:	4462      	add	r2, ip
10001d76:	7054      	strb	r4, [r2, #1]
10001d78:	e7c3      	b.n	10001d02 <ph_remove_any_head+0x3e>
10001d7a:	4b16      	ldr	r3, [pc, #88]	; (10001dd4 <ph_remove_any_head+0x110>)
10001d7c:	4a16      	ldr	r2, [pc, #88]	; (10001dd8 <ph_remove_any_head+0x114>)
10001d7e:	2168      	movs	r1, #104	; 0x68
10001d80:	4816      	ldr	r0, [pc, #88]	; (10001ddc <ph_remove_any_head+0x118>)
10001d82:	f000 fb43 	bl	1000240c <__assert_func>
10001d86:	4b18      	ldr	r3, [pc, #96]	; (10001de8 <ph_remove_any_head+0x124>)
10001d88:	4a10      	ldr	r2, [pc, #64]	; (10001dcc <ph_remove_any_head+0x108>)
10001d8a:	2142      	movs	r1, #66	; 0x42
10001d8c:	4810      	ldr	r0, [pc, #64]	; (10001dd0 <ph_remove_any_head+0x10c>)
10001d8e:	f000 fb3d 	bl	1000240c <__assert_func>
10001d92:	2b00      	cmp	r3, #0
10001d94:	d00b      	beq.n	10001dae <ph_remove_any_head+0xea>
10001d96:	7b2a      	ldrb	r2, [r5, #12]
10001d98:	4293      	cmp	r3, r2
10001d9a:	d808      	bhi.n	10001dae <ph_remove_any_head+0xea>
10001d9c:	0043      	lsls	r3, r0, #1
10001d9e:	181b      	adds	r3, r3, r0
10001da0:	3b03      	subs	r3, #3
10001da2:	682a      	ldr	r2, [r5, #0]
10001da4:	4694      	mov	ip, r2
10001da6:	4463      	add	r3, ip
10001da8:	2200      	movs	r2, #0
10001daa:	709a      	strb	r2, [r3, #2]
10001dac:	e7b3      	b.n	10001d16 <ph_remove_any_head+0x52>
10001dae:	4b09      	ldr	r3, [pc, #36]	; (10001dd4 <ph_remove_any_head+0x110>)
10001db0:	4a09      	ldr	r2, [pc, #36]	; (10001dd8 <ph_remove_any_head+0x114>)
10001db2:	2168      	movs	r1, #104	; 0x68
10001db4:	4809      	ldr	r0, [pc, #36]	; (10001ddc <ph_remove_any_head+0x118>)
10001db6:	f000 fb29 	bl	1000240c <__assert_func>
10001dba:	4b06      	ldr	r3, [pc, #24]	; (10001dd4 <ph_remove_any_head+0x110>)
10001dbc:	4a06      	ldr	r2, [pc, #24]	; (10001dd8 <ph_remove_any_head+0x114>)
10001dbe:	2168      	movs	r1, #104	; 0x68
10001dc0:	4806      	ldr	r0, [pc, #24]	; (10001ddc <ph_remove_any_head+0x118>)
10001dc2:	f000 fb23 	bl	1000240c <__assert_func>
10001dc6:	46c0      	nop			; (mov r8, r8)
10001dc8:	1000537c 	.word	0x1000537c
10001dcc:	1000545c 	.word	0x1000545c
10001dd0:	10005384 	.word	0x10005384
10001dd4:	10004fb4 	.word	0x10004fb4
10001dd8:	10005484 	.word	0x10005484
10001ddc:	10004fd0 	.word	0x10004fd0
10001de0:	100053d8 	.word	0x100053d8
10001de4:	10005400 	.word	0x10005400
10001de8:	10005114 	.word	0x10005114

10001dec <ph_remove_head>:
10001dec:	b570      	push	{r4, r5, r6, lr}
10001dee:	0004      	movs	r4, r0
10001df0:	000a      	movs	r2, r1
10001df2:	7b45      	ldrb	r5, [r0, #13]
10001df4:	0029      	movs	r1, r5
10001df6:	f7ff ff65 	bl	10001cc4 <ph_remove_any_head>
10001dfa:	7360      	strb	r0, [r4, #13]
10001dfc:	0028      	movs	r0, r5
10001dfe:	bd70      	pop	{r4, r5, r6, pc}

10001e00 <ph_remove_and_free_node>:
10001e00:	b570      	push	{r4, r5, r6, lr}
10001e02:	0004      	movs	r4, r0
10001e04:	2900      	cmp	r1, #0
10001e06:	d067      	beq.n	10001ed8 <ph_remove_and_free_node+0xd8>
10001e08:	7b43      	ldrb	r3, [r0, #13]
10001e0a:	428b      	cmp	r3, r1
10001e0c:	d00e      	beq.n	10001e2c <ph_remove_and_free_node+0x2c>
10001e0e:	2900      	cmp	r1, #0
10001e10:	d011      	beq.n	10001e36 <ph_remove_and_free_node+0x36>
10001e12:	7b03      	ldrb	r3, [r0, #12]
10001e14:	4299      	cmp	r1, r3
10001e16:	d80e      	bhi.n	10001e36 <ph_remove_and_free_node+0x36>
10001e18:	004b      	lsls	r3, r1, #1
10001e1a:	185b      	adds	r3, r3, r1
10001e1c:	3b03      	subs	r3, #3
10001e1e:	6802      	ldr	r2, [r0, #0]
10001e20:	18d0      	adds	r0, r2, r3
10001e22:	7883      	ldrb	r3, [r0, #2]
10001e24:	2b00      	cmp	r3, #0
10001e26:	d10c      	bne.n	10001e42 <ph_remove_and_free_node+0x42>
10001e28:	2000      	movs	r0, #0
10001e2a:	e056      	b.n	10001eda <ph_remove_and_free_node+0xda>
10001e2c:	2101      	movs	r1, #1
10001e2e:	f7ff ffdd 	bl	10001dec <ph_remove_head>
10001e32:	2001      	movs	r0, #1
10001e34:	e051      	b.n	10001eda <ph_remove_and_free_node+0xda>
10001e36:	4b29      	ldr	r3, [pc, #164]	; (10001edc <ph_remove_and_free_node+0xdc>)
10001e38:	4a29      	ldr	r2, [pc, #164]	; (10001ee0 <ph_remove_and_free_node+0xe0>)
10001e3a:	2168      	movs	r1, #104	; 0x68
10001e3c:	4829      	ldr	r0, [pc, #164]	; (10001ee4 <ph_remove_and_free_node+0xe4>)
10001e3e:	f000 fae5 	bl	1000240c <__assert_func>
10001e42:	2b00      	cmp	r3, #0
10001e44:	d020      	beq.n	10001e88 <ph_remove_and_free_node+0x88>
10001e46:	7b22      	ldrb	r2, [r4, #12]
10001e48:	4293      	cmp	r3, r2
10001e4a:	d81d      	bhi.n	10001e88 <ph_remove_and_free_node+0x88>
10001e4c:	005a      	lsls	r2, r3, #1
10001e4e:	18d3      	adds	r3, r2, r3
10001e50:	3b03      	subs	r3, #3
10001e52:	6822      	ldr	r2, [r4, #0]
10001e54:	18d2      	adds	r2, r2, r3
10001e56:	6825      	ldr	r5, [r4, #0]
10001e58:	5ceb      	ldrb	r3, [r5, r3]
10001e5a:	428b      	cmp	r3, r1
10001e5c:	d01a      	beq.n	10001e94 <ph_remove_and_free_node+0x94>
10001e5e:	2b00      	cmp	r3, #0
10001e60:	d01b      	beq.n	10001e9a <ph_remove_and_free_node+0x9a>
10001e62:	7b22      	ldrb	r2, [r4, #12]
10001e64:	4293      	cmp	r3, r2
10001e66:	d818      	bhi.n	10001e9a <ph_remove_and_free_node+0x9a>
10001e68:	005a      	lsls	r2, r3, #1
10001e6a:	18d3      	adds	r3, r2, r3
10001e6c:	3b03      	subs	r3, #3
10001e6e:	6822      	ldr	r2, [r4, #0]
10001e70:	18d2      	adds	r2, r2, r3
10001e72:	7853      	ldrb	r3, [r2, #1]
10001e74:	428b      	cmp	r3, r1
10001e76:	d016      	beq.n	10001ea6 <ph_remove_and_free_node+0xa6>
10001e78:	2b00      	cmp	r3, #0
10001e7a:	d1f0      	bne.n	10001e5e <ph_remove_and_free_node+0x5e>
10001e7c:	4b1a      	ldr	r3, [pc, #104]	; (10001ee8 <ph_remove_and_free_node+0xe8>)
10001e7e:	4a1b      	ldr	r2, [pc, #108]	; (10001eec <ph_remove_and_free_node+0xec>)
10001e80:	216b      	movs	r1, #107	; 0x6b
10001e82:	481b      	ldr	r0, [pc, #108]	; (10001ef0 <ph_remove_and_free_node+0xf0>)
10001e84:	f000 fac2 	bl	1000240c <__assert_func>
10001e88:	4b14      	ldr	r3, [pc, #80]	; (10001edc <ph_remove_and_free_node+0xdc>)
10001e8a:	4a15      	ldr	r2, [pc, #84]	; (10001ee0 <ph_remove_and_free_node+0xe0>)
10001e8c:	2168      	movs	r1, #104	; 0x68
10001e8e:	4815      	ldr	r0, [pc, #84]	; (10001ee4 <ph_remove_and_free_node+0xe4>)
10001e90:	f000 fabc 	bl	1000240c <__assert_func>
10001e94:	7843      	ldrb	r3, [r0, #1]
10001e96:	7013      	strb	r3, [r2, #0]
10001e98:	e007      	b.n	10001eaa <ph_remove_and_free_node+0xaa>
10001e9a:	4b10      	ldr	r3, [pc, #64]	; (10001edc <ph_remove_and_free_node+0xdc>)
10001e9c:	4a10      	ldr	r2, [pc, #64]	; (10001ee0 <ph_remove_and_free_node+0xe0>)
10001e9e:	2168      	movs	r1, #104	; 0x68
10001ea0:	4810      	ldr	r0, [pc, #64]	; (10001ee4 <ph_remove_and_free_node+0xe4>)
10001ea2:	f000 fab3 	bl	1000240c <__assert_func>
10001ea6:	7843      	ldrb	r3, [r0, #1]
10001ea8:	7053      	strb	r3, [r2, #1]
10001eaa:	2300      	movs	r3, #0
10001eac:	7083      	strb	r3, [r0, #2]
10001eae:	7043      	strb	r3, [r0, #1]
10001eb0:	2201      	movs	r2, #1
10001eb2:	0020      	movs	r0, r4
10001eb4:	f7ff ff06 	bl	10001cc4 <ph_remove_any_head>
10001eb8:	0002      	movs	r2, r0
10001eba:	7b61      	ldrb	r1, [r4, #13]
10001ebc:	4281      	cmp	r1, r0
10001ebe:	d005      	beq.n	10001ecc <ph_remove_and_free_node+0xcc>
10001ec0:	0020      	movs	r0, r4
10001ec2:	f7ff fe4b 	bl	10001b5c <ph_merge_nodes>
10001ec6:	7360      	strb	r0, [r4, #13]
10001ec8:	2001      	movs	r0, #1
10001eca:	e006      	b.n	10001eda <ph_remove_and_free_node+0xda>
10001ecc:	4b09      	ldr	r3, [pc, #36]	; (10001ef4 <ph_remove_and_free_node+0xf4>)
10001ece:	4a07      	ldr	r2, [pc, #28]	; (10001eec <ph_remove_and_free_node+0xec>)
10001ed0:	2171      	movs	r1, #113	; 0x71
10001ed2:	4807      	ldr	r0, [pc, #28]	; (10001ef0 <ph_remove_and_free_node+0xf0>)
10001ed4:	f000 fa9a 	bl	1000240c <__assert_func>
10001ed8:	2000      	movs	r0, #0
10001eda:	bd70      	pop	{r4, r5, r6, pc}
10001edc:	10004fb4 	.word	0x10004fb4
10001ee0:	10005484 	.word	0x10005484
10001ee4:	10004fd0 	.word	0x10004fd0
10001ee8:	10004d54 	.word	0x10004d54
10001eec:	10005444 	.word	0x10005444
10001ef0:	10005384 	.word	0x10005384
10001ef4:	10005424 	.word	0x10005424

10001ef8 <uart_disable_before_lcr_write>:
10001ef8:	b570      	push	{r4, r5, r6, lr}
10001efa:	6b04      	ldr	r4, [r0, #48]	; 0x30
10001efc:	07e3      	lsls	r3, r4, #31
10001efe:	d401      	bmi.n	10001f04 <uart_disable_before_lcr_write+0xc>
10001f00:	0020      	movs	r0, r4
10001f02:	bd70      	pop	{r4, r5, r6, pc}
10001f04:	0002      	movs	r2, r0
10001f06:	3230      	adds	r2, #48	; 0x30
10001f08:	23c0      	movs	r3, #192	; 0xc0
10001f0a:	019b      	lsls	r3, r3, #6
10001f0c:	4313      	orrs	r3, r2
10001f0e:	4a0a      	ldr	r2, [pc, #40]	; (10001f38 <uart_disable_before_lcr_write+0x40>)
10001f10:	601a      	str	r2, [r3, #0]
10001f12:	6a45      	ldr	r5, [r0, #36]	; 0x24
10001f14:	6a82      	ldr	r2, [r0, #40]	; 0x28
10001f16:	01ad      	lsls	r5, r5, #6
10001f18:	18ad      	adds	r5, r5, r2
10001f1a:	02ad      	lsls	r5, r5, #10
10001f1c:	2006      	movs	r0, #6
10001f1e:	f000 f9bd 	bl	1000229c <clock_get_hz>
10001f22:	4906      	ldr	r1, [pc, #24]	; (10001f3c <uart_disable_before_lcr_write+0x44>)
10001f24:	f001 fc20 	bl	10003768 <__wrap___aeabi_uidiv>
10001f28:	0001      	movs	r1, r0
10001f2a:	0028      	movs	r0, r5
10001f2c:	f001 fc1c 	bl	10003768 <__wrap___aeabi_uidiv>
10001f30:	2100      	movs	r1, #0
10001f32:	f7ff fcc1 	bl	100018b8 <busy_wait_us>
10001f36:	e7e3      	b.n	10001f00 <uart_disable_before_lcr_write+0x8>
10001f38:	00000301 	.word	0x00000301
10001f3c:	00000e4e 	.word	0x00000e4e

10001f40 <uart_write_lcr_bits_masked>:
10001f40:	b570      	push	{r4, r5, r6, lr}
10001f42:	0004      	movs	r4, r0
10001f44:	000e      	movs	r6, r1
10001f46:	0015      	movs	r5, r2
10001f48:	f7ff ffd6 	bl	10001ef8 <uart_disable_before_lcr_write>
10001f4c:	0022      	movs	r2, r4
10001f4e:	322c      	adds	r2, #44	; 0x2c
10001f50:	6ae1      	ldr	r1, [r4, #44]	; 0x2c
10001f52:	404e      	eors	r6, r1
10001f54:	4035      	ands	r5, r6
10001f56:	2380      	movs	r3, #128	; 0x80
10001f58:	015b      	lsls	r3, r3, #5
10001f5a:	4313      	orrs	r3, r2
10001f5c:	601d      	str	r5, [r3, #0]
10001f5e:	6320      	str	r0, [r4, #48]	; 0x30
10001f60:	bd70      	pop	{r4, r5, r6, pc}
	...

10001f64 <uart_set_baudrate>:
10001f64:	b570      	push	{r4, r5, r6, lr}
10001f66:	0005      	movs	r5, r0
10001f68:	000c      	movs	r4, r1
10001f6a:	2006      	movs	r0, #6
10001f6c:	f000 f996 	bl	1000229c <clock_get_hz>
10001f70:	00c0      	lsls	r0, r0, #3
10001f72:	0021      	movs	r1, r4
10001f74:	f001 fbf8 	bl	10003768 <__wrap___aeabi_uidiv>
10001f78:	09c6      	lsrs	r6, r0, #7
10001f7a:	d008      	beq.n	10001f8e <uart_set_baudrate+0x2a>
10001f7c:	4b0e      	ldr	r3, [pc, #56]	; (10001fb8 <uart_set_baudrate+0x54>)
10001f7e:	429e      	cmp	r6, r3
10001f80:	d816      	bhi.n	10001fb0 <uart_set_baudrate+0x4c>
10001f82:	237f      	movs	r3, #127	; 0x7f
10001f84:	4018      	ands	r0, r3
10001f86:	3001      	adds	r0, #1
10001f88:	0034      	movs	r4, r6
10001f8a:	0846      	lsrs	r6, r0, #1
10001f8c:	e000      	b.n	10001f90 <uart_set_baudrate+0x2c>
10001f8e:	2401      	movs	r4, #1
10001f90:	626c      	str	r4, [r5, #36]	; 0x24
10001f92:	62ae      	str	r6, [r5, #40]	; 0x28
10001f94:	2200      	movs	r2, #0
10001f96:	2100      	movs	r1, #0
10001f98:	0028      	movs	r0, r5
10001f9a:	f7ff ffd1 	bl	10001f40 <uart_write_lcr_bits_masked>
10001f9e:	2006      	movs	r0, #6
10001fa0:	f000 f97c 	bl	1000229c <clock_get_hz>
10001fa4:	0080      	lsls	r0, r0, #2
10001fa6:	01a1      	lsls	r1, r4, #6
10001fa8:	1989      	adds	r1, r1, r6
10001faa:	f001 fbdd 	bl	10003768 <__wrap___aeabi_uidiv>
10001fae:	bd70      	pop	{r4, r5, r6, pc}
10001fb0:	2600      	movs	r6, #0
10001fb2:	4c02      	ldr	r4, [pc, #8]	; (10001fbc <uart_set_baudrate+0x58>)
10001fb4:	e7ec      	b.n	10001f90 <uart_set_baudrate+0x2c>
10001fb6:	46c0      	nop			; (mov r8, r8)
10001fb8:	0000fffe 	.word	0x0000fffe
10001fbc:	0000ffff 	.word	0x0000ffff

10001fc0 <uart_set_format>:
10001fc0:	b510      	push	{r4, lr}
10001fc2:	3905      	subs	r1, #5
10001fc4:	0149      	lsls	r1, r1, #5
10001fc6:	3a01      	subs	r2, #1
10001fc8:	00d2      	lsls	r2, r2, #3
10001fca:	4311      	orrs	r1, r2
10001fcc:	2b00      	cmp	r3, #0
10001fce:	d009      	beq.n	10001fe4 <uart_set_format+0x24>
10001fd0:	2202      	movs	r2, #2
10001fd2:	430a      	orrs	r2, r1
10001fd4:	2b01      	cmp	r3, #1
10001fd6:	d007      	beq.n	10001fe8 <uart_set_format+0x28>
10001fd8:	2100      	movs	r1, #0
10001fda:	4311      	orrs	r1, r2
10001fdc:	226e      	movs	r2, #110	; 0x6e
10001fde:	f7ff ffaf 	bl	10001f40 <uart_write_lcr_bits_masked>
10001fe2:	bd10      	pop	{r4, pc}
10001fe4:	2200      	movs	r2, #0
10001fe6:	e7f4      	b.n	10001fd2 <uart_set_format+0x12>
10001fe8:	2104      	movs	r1, #4
10001fea:	e7f6      	b.n	10001fda <uart_set_format+0x1a>

10001fec <uart_set_translate_crlf>:
10001fec:	2900      	cmp	r1, #0
10001fee:	d009      	beq.n	10002004 <uart_set_translate_crlf+0x18>
10001ff0:	220a      	movs	r2, #10
10001ff2:	4b06      	ldr	r3, [pc, #24]	; (1000200c <uart_set_translate_crlf+0x20>)
10001ff4:	469c      	mov	ip, r3
10001ff6:	4460      	add	r0, ip
10001ff8:	4243      	negs	r3, r0
10001ffa:	4158      	adcs	r0, r3
10001ffc:	0040      	lsls	r0, r0, #1
10001ffe:	4b04      	ldr	r3, [pc, #16]	; (10002010 <uart_set_translate_crlf+0x24>)
10002000:	52c2      	strh	r2, [r0, r3]
10002002:	4770      	bx	lr
10002004:	2280      	movs	r2, #128	; 0x80
10002006:	0052      	lsls	r2, r2, #1
10002008:	e7f3      	b.n	10001ff2 <uart_set_translate_crlf+0x6>
1000200a:	46c0      	nop			; (mov r8, r8)
1000200c:	bffc8000 	.word	0xbffc8000
10002010:	200206dc 	.word	0x200206dc

10002014 <uart_init>:
10002014:	b570      	push	{r4, r5, r6, lr}
10002016:	0005      	movs	r5, r0
10002018:	000c      	movs	r4, r1
1000201a:	2006      	movs	r0, #6
1000201c:	f000 f93e 	bl	1000229c <clock_get_hz>
10002020:	1e06      	subs	r6, r0, #0
10002022:	d027      	beq.n	10002074 <uart_init+0x60>
10002024:	4b16      	ldr	r3, [pc, #88]	; (10002080 <uart_init+0x6c>)
10002026:	429d      	cmp	r5, r3
10002028:	d026      	beq.n	10002078 <uart_init+0x64>
1000202a:	2280      	movs	r2, #128	; 0x80
1000202c:	03d2      	lsls	r2, r2, #15
1000202e:	4b15      	ldr	r3, [pc, #84]	; (10002084 <uart_init+0x70>)
10002030:	601a      	str	r2, [r3, #0]
10002032:	4b15      	ldr	r3, [pc, #84]	; (10002088 <uart_init+0x74>)
10002034:	601a      	str	r2, [r3, #0]
10002036:	4b15      	ldr	r3, [pc, #84]	; (1000208c <uart_init+0x78>)
10002038:	689b      	ldr	r3, [r3, #8]
1000203a:	0011      	movs	r1, r2
1000203c:	4399      	bics	r1, r3
1000203e:	d1fa      	bne.n	10002036 <uart_init+0x22>
10002040:	2100      	movs	r1, #0
10002042:	0028      	movs	r0, r5
10002044:	f7ff ffd2 	bl	10001fec <uart_set_translate_crlf>
10002048:	0021      	movs	r1, r4
1000204a:	0028      	movs	r0, r5
1000204c:	f7ff ff8a 	bl	10001f64 <uart_set_baudrate>
10002050:	0006      	movs	r6, r0
10002052:	2300      	movs	r3, #0
10002054:	2201      	movs	r2, #1
10002056:	2108      	movs	r1, #8
10002058:	0028      	movs	r0, r5
1000205a:	f7ff ffb1 	bl	10001fc0 <uart_set_format>
1000205e:	002a      	movs	r2, r5
10002060:	322c      	adds	r2, #44	; 0x2c
10002062:	2380      	movs	r3, #128	; 0x80
10002064:	019b      	lsls	r3, r3, #6
10002066:	4313      	orrs	r3, r2
10002068:	2210      	movs	r2, #16
1000206a:	601a      	str	r2, [r3, #0]
1000206c:	4b08      	ldr	r3, [pc, #32]	; (10002090 <uart_init+0x7c>)
1000206e:	632b      	str	r3, [r5, #48]	; 0x30
10002070:	2303      	movs	r3, #3
10002072:	64ab      	str	r3, [r5, #72]	; 0x48
10002074:	0030      	movs	r0, r6
10002076:	bd70      	pop	{r4, r5, r6, pc}
10002078:	2280      	movs	r2, #128	; 0x80
1000207a:	0412      	lsls	r2, r2, #16
1000207c:	e7d7      	b.n	1000202e <uart_init+0x1a>
1000207e:	46c0      	nop			; (mov r8, r8)
10002080:	40038000 	.word	0x40038000
10002084:	4000e000 	.word	0x4000e000
10002088:	4000f000 	.word	0x4000f000
1000208c:	4000c000 	.word	0x4000c000
10002090:	00000301 	.word	0x00000301

10002094 <clock_configure>:
10002094:	b5f8      	push	{r3, r4, r5, r6, r7, lr}
10002096:	46de      	mov	lr, fp
10002098:	4657      	mov	r7, sl
1000209a:	464e      	mov	r6, r9
1000209c:	4645      	mov	r5, r8
1000209e:	b5e0      	push	{r5, r6, r7, lr}
100020a0:	0005      	movs	r5, r0
100020a2:	000f      	movs	r7, r1
100020a4:	4692      	mov	sl, r2
100020a6:	9a0a      	ldr	r2, [sp, #40]	; 0x28
100020a8:	4293      	cmp	r3, r2
100020aa:	d350      	bcc.n	1000214e <clock_configure+0xba>
100020ac:	0e1a      	lsrs	r2, r3, #24
100020ae:	4691      	mov	r9, r2
100020b0:	021e      	lsls	r6, r3, #8
100020b2:	9a0a      	ldr	r2, [sp, #40]	; 0x28
100020b4:	2300      	movs	r3, #0
100020b6:	0030      	movs	r0, r6
100020b8:	4649      	mov	r1, r9
100020ba:	f001 fb93 	bl	100037e4 <__wrap___aeabi_uldivmod>
100020be:	4680      	mov	r8, r0
100020c0:	006c      	lsls	r4, r5, #1
100020c2:	1964      	adds	r4, r4, r5
100020c4:	00a4      	lsls	r4, r4, #2
100020c6:	4b30      	ldr	r3, [pc, #192]	; (10002188 <clock_configure+0xf4>)
100020c8:	469c      	mov	ip, r3
100020ca:	4464      	add	r4, ip
100020cc:	6863      	ldr	r3, [r4, #4]
100020ce:	4283      	cmp	r3, r0
100020d0:	d200      	bcs.n	100020d4 <clock_configure+0x40>
100020d2:	6060      	str	r0, [r4, #4]
100020d4:	1f2b      	subs	r3, r5, #4
100020d6:	b2db      	uxtb	r3, r3
100020d8:	469b      	mov	fp, r3
100020da:	2b01      	cmp	r3, #1
100020dc:	d93d      	bls.n	1000215a <clock_configure+0xc6>
100020de:	23c0      	movs	r3, #192	; 0xc0
100020e0:	019b      	lsls	r3, r3, #6
100020e2:	4323      	orrs	r3, r4
100020e4:	2280      	movs	r2, #128	; 0x80
100020e6:	0112      	lsls	r2, r2, #4
100020e8:	601a      	str	r2, [r3, #0]
100020ea:	00ab      	lsls	r3, r5, #2
100020ec:	4a27      	ldr	r2, [pc, #156]	; (1000218c <clock_configure+0xf8>)
100020ee:	5899      	ldr	r1, [r3, r2]
100020f0:	2900      	cmp	r1, #0
100020f2:	d007      	beq.n	10002104 <clock_configure+0x70>
100020f4:	6950      	ldr	r0, [r2, #20]
100020f6:	f001 fb37 	bl	10003768 <__wrap___aeabi_uidiv>
100020fa:	1c43      	adds	r3, r0, #1
100020fc:	0058      	lsls	r0, r3, #1
100020fe:	18c0      	adds	r0, r0, r3
10002100:	3803      	subs	r0, #3
10002102:	d2fd      	bcs.n	10002100 <clock_configure+0x6c>
10002104:	4653      	mov	r3, sl
10002106:	015a      	lsls	r2, r3, #5
10002108:	6823      	ldr	r3, [r4, #0]
1000210a:	405a      	eors	r2, r3
1000210c:	23e0      	movs	r3, #224	; 0xe0
1000210e:	401a      	ands	r2, r3
10002110:	2380      	movs	r3, #128	; 0x80
10002112:	015b      	lsls	r3, r3, #5
10002114:	4323      	orrs	r3, r4
10002116:	601a      	str	r2, [r3, #0]
10002118:	465a      	mov	r2, fp
1000211a:	2a01      	cmp	r2, #1
1000211c:	d928      	bls.n	10002170 <clock_configure+0xdc>
1000211e:	2380      	movs	r3, #128	; 0x80
10002120:	019b      	lsls	r3, r3, #6
10002122:	4323      	orrs	r3, r4
10002124:	2280      	movs	r2, #128	; 0x80
10002126:	0112      	lsls	r2, r2, #4
10002128:	601a      	str	r2, [r3, #0]
1000212a:	4643      	mov	r3, r8
1000212c:	6063      	str	r3, [r4, #4]
1000212e:	4642      	mov	r2, r8
10002130:	2300      	movs	r3, #0
10002132:	0030      	movs	r0, r6
10002134:	4649      	mov	r1, r9
10002136:	f001 fb55 	bl	100037e4 <__wrap___aeabi_uldivmod>
1000213a:	00ad      	lsls	r5, r5, #2
1000213c:	4b13      	ldr	r3, [pc, #76]	; (1000218c <clock_configure+0xf8>)
1000213e:	5158      	str	r0, [r3, r5]
10002140:	2001      	movs	r0, #1
10002142:	bcf0      	pop	{r4, r5, r6, r7}
10002144:	46bb      	mov	fp, r7
10002146:	46b2      	mov	sl, r6
10002148:	46a9      	mov	r9, r5
1000214a:	46a0      	mov	r8, r4
1000214c:	bdf8      	pop	{r3, r4, r5, r6, r7, pc}
1000214e:	4b10      	ldr	r3, [pc, #64]	; (10002190 <clock_configure+0xfc>)
10002150:	4a10      	ldr	r2, [pc, #64]	; (10002194 <clock_configure+0x100>)
10002152:	2133      	movs	r1, #51	; 0x33
10002154:	4810      	ldr	r0, [pc, #64]	; (10002198 <clock_configure+0x104>)
10002156:	f000 f959 	bl	1000240c <__assert_func>
1000215a:	2f01      	cmp	r7, #1
1000215c:	d1bf      	bne.n	100020de <clock_configure+0x4a>
1000215e:	23c0      	movs	r3, #192	; 0xc0
10002160:	019b      	lsls	r3, r3, #6
10002162:	4323      	orrs	r3, r4
10002164:	2203      	movs	r2, #3
10002166:	601a      	str	r2, [r3, #0]
10002168:	68a3      	ldr	r3, [r4, #8]
1000216a:	07db      	lsls	r3, r3, #31
1000216c:	d5fc      	bpl.n	10002168 <clock_configure+0xd4>
1000216e:	e7c9      	b.n	10002104 <clock_configure+0x70>
10002170:	6821      	ldr	r1, [r4, #0]
10002172:	4079      	eors	r1, r7
10002174:	2203      	movs	r2, #3
10002176:	400a      	ands	r2, r1
10002178:	601a      	str	r2, [r3, #0]
1000217a:	68a2      	ldr	r2, [r4, #8]
1000217c:	2301      	movs	r3, #1
1000217e:	40bb      	lsls	r3, r7
10002180:	4213      	tst	r3, r2
10002182:	d0fa      	beq.n	1000217a <clock_configure+0xe6>
10002184:	e7cb      	b.n	1000211e <clock_configure+0x8a>
10002186:	46c0      	nop			; (mov r8, r8)
10002188:	40008000 	.word	0x40008000
1000218c:	20020444 	.word	0x20020444
10002190:	10005490 	.word	0x10005490
10002194:	10005504 	.word	0x10005504
10002198:	100054a4 	.word	0x100054a4

1000219c <clocks_init>:
1000219c:	b530      	push	{r4, r5, lr}
1000219e:	b083      	sub	sp, #12
100021a0:	200c      	movs	r0, #12
100021a2:	f000 f911 	bl	100023c8 <watchdog_start_tick>
100021a6:	f7fe fadd 	bl	10000764 <running_on_fpga>
100021aa:	2800      	cmp	r0, #0
100021ac:	d00d      	beq.n	100021ca <clocks_init+0x2e>
100021ae:	2300      	movs	r3, #0
100021b0:	e004      	b.n	100021bc <clocks_init+0x20>
100021b2:	0099      	lsls	r1, r3, #2
100021b4:	4a2d      	ldr	r2, [pc, #180]	; (1000226c <clocks_init+0xd0>)
100021b6:	482e      	ldr	r0, [pc, #184]	; (10002270 <clocks_init+0xd4>)
100021b8:	5088      	str	r0, [r1, r2]
100021ba:	3301      	adds	r3, #1
100021bc:	2b09      	cmp	r3, #9
100021be:	d9f8      	bls.n	100021b2 <clocks_init+0x16>
100021c0:	4b2a      	ldr	r3, [pc, #168]	; (1000226c <clocks_init+0xd0>)
100021c2:	4a2c      	ldr	r2, [pc, #176]	; (10002274 <clocks_init+0xd8>)
100021c4:	625a      	str	r2, [r3, #36]	; 0x24
100021c6:	b003      	add	sp, #12
100021c8:	bd30      	pop	{r4, r5, pc}
100021ca:	4b2b      	ldr	r3, [pc, #172]	; (10002278 <clocks_init+0xdc>)
100021cc:	2200      	movs	r2, #0
100021ce:	679a      	str	r2, [r3, #120]	; 0x78
100021d0:	f000 f902 	bl	100023d8 <xosc_init>
100021d4:	4b29      	ldr	r3, [pc, #164]	; (1000227c <clocks_init+0xe0>)
100021d6:	2201      	movs	r2, #1
100021d8:	601a      	str	r2, [r3, #0]
100021da:	4b27      	ldr	r3, [pc, #156]	; (10002278 <clocks_init+0xdc>)
100021dc:	6c5b      	ldr	r3, [r3, #68]	; 0x44
100021de:	2b01      	cmp	r3, #1
100021e0:	d1fb      	bne.n	100021da <clocks_init+0x3e>
100021e2:	4b27      	ldr	r3, [pc, #156]	; (10002280 <clocks_init+0xe4>)
100021e4:	2203      	movs	r2, #3
100021e6:	601a      	str	r2, [r3, #0]
100021e8:	4b23      	ldr	r3, [pc, #140]	; (10002278 <clocks_init+0xdc>)
100021ea:	6b9b      	ldr	r3, [r3, #56]	; 0x38
100021ec:	2b01      	cmp	r3, #1
100021ee:	d1fb      	bne.n	100021e8 <clocks_init+0x4c>
100021f0:	3301      	adds	r3, #1
100021f2:	9300      	str	r3, [sp, #0]
100021f4:	3304      	adds	r3, #4
100021f6:	4a23      	ldr	r2, [pc, #140]	; (10002284 <clocks_init+0xe8>)
100021f8:	2101      	movs	r1, #1
100021fa:	4823      	ldr	r0, [pc, #140]	; (10002288 <clocks_init+0xec>)
100021fc:	f000 f854 	bl	100022a8 <pll_init>
10002200:	2305      	movs	r3, #5
10002202:	9300      	str	r3, [sp, #0]
10002204:	4a21      	ldr	r2, [pc, #132]	; (1000228c <clocks_init+0xf0>)
10002206:	2101      	movs	r1, #1
10002208:	4821      	ldr	r0, [pc, #132]	; (10002290 <clocks_init+0xf4>)
1000220a:	f000 f84d 	bl	100022a8 <pll_init>
1000220e:	4b21      	ldr	r3, [pc, #132]	; (10002294 <clocks_init+0xf8>)
10002210:	9300      	str	r3, [sp, #0]
10002212:	2200      	movs	r2, #0
10002214:	2102      	movs	r1, #2
10002216:	2004      	movs	r0, #4
10002218:	f7ff ff3c 	bl	10002094 <clock_configure>
1000221c:	4d1e      	ldr	r5, [pc, #120]	; (10002298 <clocks_init+0xfc>)
1000221e:	9500      	str	r5, [sp, #0]
10002220:	002b      	movs	r3, r5
10002222:	2200      	movs	r2, #0
10002224:	2101      	movs	r1, #1
10002226:	2005      	movs	r0, #5
10002228:	f7ff ff34 	bl	10002094 <clock_configure>
1000222c:	4c10      	ldr	r4, [pc, #64]	; (10002270 <clocks_init+0xd4>)
1000222e:	9400      	str	r4, [sp, #0]
10002230:	0023      	movs	r3, r4
10002232:	2200      	movs	r2, #0
10002234:	2100      	movs	r1, #0
10002236:	2007      	movs	r0, #7
10002238:	f7ff ff2c 	bl	10002094 <clock_configure>
1000223c:	9400      	str	r4, [sp, #0]
1000223e:	0023      	movs	r3, r4
10002240:	2200      	movs	r2, #0
10002242:	2100      	movs	r1, #0
10002244:	2008      	movs	r0, #8
10002246:	f7ff ff25 	bl	10002094 <clock_configure>
1000224a:	4b0a      	ldr	r3, [pc, #40]	; (10002274 <clocks_init+0xd8>)
1000224c:	9300      	str	r3, [sp, #0]
1000224e:	0023      	movs	r3, r4
10002250:	2200      	movs	r2, #0
10002252:	2100      	movs	r1, #0
10002254:	2009      	movs	r0, #9
10002256:	f7ff ff1d 	bl	10002094 <clock_configure>
1000225a:	9500      	str	r5, [sp, #0]
1000225c:	002b      	movs	r3, r5
1000225e:	2200      	movs	r2, #0
10002260:	2100      	movs	r1, #0
10002262:	2006      	movs	r0, #6
10002264:	f7ff ff16 	bl	10002094 <clock_configure>
10002268:	e7ad      	b.n	100021c6 <clocks_init+0x2a>
1000226a:	46c0      	nop			; (mov r8, r8)
1000226c:	20020444 	.word	0x20020444
10002270:	02dc6c00 	.word	0x02dc6c00
10002274:	0000b71b 	.word	0x0000b71b
10002278:	40008000 	.word	0x40008000
1000227c:	4000b03c 	.word	0x4000b03c
10002280:	4000b030 	.word	0x4000b030
10002284:	59682f00 	.word	0x59682f00
10002288:	40028000 	.word	0x40028000
1000228c:	47868c00 	.word	0x47868c00
10002290:	4002c000 	.word	0x4002c000
10002294:	00b71b00 	.word	0x00b71b00
10002298:	07735940 	.word	0x07735940

1000229c <clock_get_hz>:
1000229c:	0080      	lsls	r0, r0, #2
1000229e:	4b01      	ldr	r3, [pc, #4]	; (100022a4 <clock_get_hz+0x8>)
100022a0:	58c0      	ldr	r0, [r0, r3]
100022a2:	4770      	bx	lr
100022a4:	20020444 	.word	0x20020444

100022a8 <pll_init>:
100022a8:	b5f0      	push	{r4, r5, r6, r7, lr}
100022aa:	46c6      	mov	lr, r8
100022ac:	b500      	push	{lr}
100022ae:	0004      	movs	r4, r0
100022b0:	000e      	movs	r6, r1
100022b2:	0017      	movs	r7, r2
100022b4:	001d      	movs	r5, r3
100022b6:	4837      	ldr	r0, [pc, #220]	; (10002394 <pll_init+0xec>)
100022b8:	f001 fa56 	bl	10003768 <__wrap___aeabi_uidiv>
100022bc:	4680      	mov	r8, r0
100022be:	4b36      	ldr	r3, [pc, #216]	; (10002398 <pll_init+0xf0>)
100022c0:	18fa      	adds	r2, r7, r3
100022c2:	4b36      	ldr	r3, [pc, #216]	; (1000239c <pll_init+0xf4>)
100022c4:	429a      	cmp	r2, r3
100022c6:	d839      	bhi.n	1000233c <pll_init+0x94>
100022c8:	0001      	movs	r1, r0
100022ca:	0038      	movs	r0, r7
100022cc:	f001 fa4c 	bl	10003768 <__wrap___aeabi_uidiv>
100022d0:	0002      	movs	r2, r0
100022d2:	3a10      	subs	r2, #16
100022d4:	2398      	movs	r3, #152	; 0x98
100022d6:	005b      	lsls	r3, r3, #1
100022d8:	429a      	cmp	r2, r3
100022da:	d835      	bhi.n	10002348 <pll_init+0xa0>
100022dc:	1e6b      	subs	r3, r5, #1
100022de:	2b06      	cmp	r3, #6
100022e0:	d838      	bhi.n	10002354 <pll_init+0xac>
100022e2:	9b06      	ldr	r3, [sp, #24]
100022e4:	3b01      	subs	r3, #1
100022e6:	2b06      	cmp	r3, #6
100022e8:	d834      	bhi.n	10002354 <pll_init+0xac>
100022ea:	093f      	lsrs	r7, r7, #4
100022ec:	4547      	cmp	r7, r8
100022ee:	d337      	bcc.n	10002360 <pll_init+0xb8>
100022f0:	042d      	lsls	r5, r5, #16
100022f2:	9b06      	ldr	r3, [sp, #24]
100022f4:	031a      	lsls	r2, r3, #12
100022f6:	4315      	orrs	r5, r2
100022f8:	6823      	ldr	r3, [r4, #0]
100022fa:	2b00      	cmp	r3, #0
100022fc:	db36      	blt.n	1000236c <pll_init+0xc4>
100022fe:	4b28      	ldr	r3, [pc, #160]	; (100023a0 <pll_init+0xf8>)
10002300:	429c      	cmp	r4, r3
10002302:	d044      	beq.n	1000238e <pll_init+0xe6>
10002304:	2280      	movs	r2, #128	; 0x80
10002306:	0152      	lsls	r2, r2, #5
10002308:	4b26      	ldr	r3, [pc, #152]	; (100023a4 <pll_init+0xfc>)
1000230a:	601a      	str	r2, [r3, #0]
1000230c:	4b26      	ldr	r3, [pc, #152]	; (100023a8 <pll_init+0x100>)
1000230e:	601a      	str	r2, [r3, #0]
10002310:	4b26      	ldr	r3, [pc, #152]	; (100023ac <pll_init+0x104>)
10002312:	689b      	ldr	r3, [r3, #8]
10002314:	0011      	movs	r1, r2
10002316:	4399      	bics	r1, r3
10002318:	d1fa      	bne.n	10002310 <pll_init+0x68>
1000231a:	6026      	str	r6, [r4, #0]
1000231c:	60a0      	str	r0, [r4, #8]
1000231e:	1d23      	adds	r3, r4, #4
10002320:	22c0      	movs	r2, #192	; 0xc0
10002322:	0192      	lsls	r2, r2, #6
10002324:	431a      	orrs	r2, r3
10002326:	2321      	movs	r3, #33	; 0x21
10002328:	6013      	str	r3, [r2, #0]
1000232a:	6823      	ldr	r3, [r4, #0]
1000232c:	2b00      	cmp	r3, #0
1000232e:	dafc      	bge.n	1000232a <pll_init+0x82>
10002330:	60e5      	str	r5, [r4, #12]
10002332:	2308      	movs	r3, #8
10002334:	6013      	str	r3, [r2, #0]
10002336:	bc80      	pop	{r7}
10002338:	46b8      	mov	r8, r7
1000233a:	bdf0      	pop	{r4, r5, r6, r7, pc}
1000233c:	4b1c      	ldr	r3, [pc, #112]	; (100023b0 <pll_init+0x108>)
1000233e:	4a1d      	ldr	r2, [pc, #116]	; (100023b4 <pll_init+0x10c>)
10002340:	2111      	movs	r1, #17
10002342:	481d      	ldr	r0, [pc, #116]	; (100023b8 <pll_init+0x110>)
10002344:	f000 f862 	bl	1000240c <__assert_func>
10002348:	4b1c      	ldr	r3, [pc, #112]	; (100023bc <pll_init+0x114>)
1000234a:	4a1a      	ldr	r2, [pc, #104]	; (100023b4 <pll_init+0x10c>)
1000234c:	2119      	movs	r1, #25
1000234e:	481a      	ldr	r0, [pc, #104]	; (100023b8 <pll_init+0x110>)
10002350:	f000 f85c 	bl	1000240c <__assert_func>
10002354:	4b1a      	ldr	r3, [pc, #104]	; (100023c0 <pll_init+0x118>)
10002356:	4a17      	ldr	r2, [pc, #92]	; (100023b4 <pll_init+0x10c>)
10002358:	211c      	movs	r1, #28
1000235a:	4817      	ldr	r0, [pc, #92]	; (100023b8 <pll_init+0x110>)
1000235c:	f000 f856 	bl	1000240c <__assert_func>
10002360:	4b18      	ldr	r3, [pc, #96]	; (100023c4 <pll_init+0x11c>)
10002362:	4a14      	ldr	r2, [pc, #80]	; (100023b4 <pll_init+0x10c>)
10002364:	2123      	movs	r1, #35	; 0x23
10002366:	4814      	ldr	r0, [pc, #80]	; (100023b8 <pll_init+0x110>)
10002368:	f000 f850 	bl	1000240c <__assert_func>
1000236c:	6822      	ldr	r2, [r4, #0]
1000236e:	233f      	movs	r3, #63	; 0x3f
10002370:	4013      	ands	r3, r2
10002372:	42b3      	cmp	r3, r6
10002374:	d1c3      	bne.n	100022fe <pll_init+0x56>
10002376:	68a3      	ldr	r3, [r4, #8]
10002378:	051b      	lsls	r3, r3, #20
1000237a:	0d1b      	lsrs	r3, r3, #20
1000237c:	4283      	cmp	r3, r0
1000237e:	d1be      	bne.n	100022fe <pll_init+0x56>
10002380:	68e3      	ldr	r3, [r4, #12]
10002382:	22ee      	movs	r2, #238	; 0xee
10002384:	02d2      	lsls	r2, r2, #11
10002386:	4013      	ands	r3, r2
10002388:	42ab      	cmp	r3, r5
1000238a:	d1b8      	bne.n	100022fe <pll_init+0x56>
1000238c:	e7d3      	b.n	10002336 <pll_init+0x8e>
1000238e:	2280      	movs	r2, #128	; 0x80
10002390:	0192      	lsls	r2, r2, #6
10002392:	e7b9      	b.n	10002308 <pll_init+0x60>
10002394:	00b71b00 	.word	0x00b71b00
10002398:	d34be880 	.word	0xd34be880
1000239c:	32a9f880 	.word	0x32a9f880
100023a0:	4002c000 	.word	0x4002c000
100023a4:	4000e000 	.word	0x4000e000
100023a8:	4000f000 	.word	0x4000f000
100023ac:	4000c000 	.word	0x4000c000
100023b0:	10005514 	.word	0x10005514
100023b4:	10005654 	.word	0x10005654
100023b8:	10005574 	.word	0x10005574
100023bc:	100055d0 	.word	0x100055d0
100023c0:	100055ec 	.word	0x100055ec
100023c4:	10005638 	.word	0x10005638

100023c8 <watchdog_start_tick>:
100023c8:	2380      	movs	r3, #128	; 0x80
100023ca:	009b      	lsls	r3, r3, #2
100023cc:	4303      	orrs	r3, r0
100023ce:	4a01      	ldr	r2, [pc, #4]	; (100023d4 <watchdog_start_tick+0xc>)
100023d0:	62d3      	str	r3, [r2, #44]	; 0x2c
100023d2:	4770      	bx	lr
100023d4:	40058000 	.word	0x40058000

100023d8 <xosc_init>:
100023d8:	4b06      	ldr	r3, [pc, #24]	; (100023f4 <xosc_init+0x1c>)
100023da:	22aa      	movs	r2, #170	; 0xaa
100023dc:	0112      	lsls	r2, r2, #4
100023de:	601a      	str	r2, [r3, #0]
100023e0:	222f      	movs	r2, #47	; 0x2f
100023e2:	60da      	str	r2, [r3, #12]
100023e4:	4b04      	ldr	r3, [pc, #16]	; (100023f8 <xosc_init+0x20>)
100023e6:	4a05      	ldr	r2, [pc, #20]	; (100023fc <xosc_init+0x24>)
100023e8:	601a      	str	r2, [r3, #0]
100023ea:	4b02      	ldr	r3, [pc, #8]	; (100023f4 <xosc_init+0x1c>)
100023ec:	685b      	ldr	r3, [r3, #4]
100023ee:	2b00      	cmp	r3, #0
100023f0:	dafb      	bge.n	100023ea <xosc_init+0x12>
100023f2:	4770      	bx	lr
100023f4:	40024000 	.word	0x40024000
100023f8:	40026000 	.word	0x40026000
100023fc:	00fab000 	.word	0x00fab000

10002400 <_exit>:
10002400:	be00      	bkpt	0x0000
10002402:	e7fd      	b.n	10002400 <_exit>

10002404 <exit>:
10002404:	b510      	push	{r4, lr}
10002406:	f7ff fffb 	bl	10002400 <_exit>
	...

1000240c <__assert_func>:
1000240c:	b510      	push	{r4, lr}
1000240e:	b082      	sub	sp, #8
10002410:	000c      	movs	r4, r1
10002412:	0019      	movs	r1, r3
10002414:	2a00      	cmp	r2, #0
10002416:	d00c      	beq.n	10002432 <__assert_func+0x26>
10002418:	4b08      	ldr	r3, [pc, #32]	; (1000243c <__assert_func+0x30>)
1000241a:	2a00      	cmp	r2, #0
1000241c:	d00b      	beq.n	10002436 <__assert_func+0x2a>
1000241e:	9201      	str	r2, [sp, #4]
10002420:	9300      	str	r3, [sp, #0]
10002422:	0023      	movs	r3, r4
10002424:	0002      	movs	r2, r0
10002426:	4806      	ldr	r0, [pc, #24]	; (10002440 <__assert_func+0x34>)
10002428:	f002 f886 	bl	10004538 <__wrap_printf>
1000242c:	2001      	movs	r0, #1
1000242e:	f7ff ffe7 	bl	10002400 <_exit>
10002432:	4b04      	ldr	r3, [pc, #16]	; (10002444 <__assert_func+0x38>)
10002434:	e7f1      	b.n	1000241a <__assert_func+0xe>
10002436:	4a03      	ldr	r2, [pc, #12]	; (10002444 <__assert_func+0x38>)
10002438:	e7f1      	b.n	1000241e <__assert_func+0x12>
1000243a:	46c0      	nop			; (mov r8, r8)
1000243c:	10005660 	.word	0x10005660
10002440:	10005670 	.word	0x10005670
10002444:	1000566c 	.word	0x1000566c

10002448 <runtime_init>:
10002448:	b570      	push	{r4, r5, r6, lr}
1000244a:	4b2b      	ldr	r3, [pc, #172]	; (100024f8 <runtime_init+0xb0>)
1000244c:	4a2b      	ldr	r2, [pc, #172]	; (100024fc <runtime_init+0xb4>)
1000244e:	601a      	str	r2, [r3, #0]
10002450:	4b2b      	ldr	r3, [pc, #172]	; (10002500 <runtime_init+0xb8>)
10002452:	4a2c      	ldr	r2, [pc, #176]	; (10002504 <runtime_init+0xbc>)
10002454:	601a      	str	r2, [r3, #0]
10002456:	4b2c      	ldr	r3, [pc, #176]	; (10002508 <runtime_init+0xc0>)
10002458:	689a      	ldr	r2, [r3, #8]
1000245a:	4b2a      	ldr	r3, [pc, #168]	; (10002504 <runtime_init+0xbc>)
1000245c:	4393      	bics	r3, r2
1000245e:	d1fa      	bne.n	10002456 <runtime_init+0xe>
10002460:	4c2a      	ldr	r4, [pc, #168]	; (1000250c <runtime_init+0xc4>)
10002462:	e001      	b.n	10002468 <runtime_init+0x20>
10002464:	cc08      	ldmia	r4!, {r3}
10002466:	4798      	blx	r3
10002468:	4b29      	ldr	r3, [pc, #164]	; (10002510 <runtime_init+0xc8>)
1000246a:	429c      	cmp	r4, r3
1000246c:	d3fa      	bcc.n	10002464 <runtime_init+0x1c>
1000246e:	f7ff fe95 	bl	1000219c <clocks_init>
10002472:	4b23      	ldr	r3, [pc, #140]	; (10002500 <runtime_init+0xb8>)
10002474:	4a27      	ldr	r2, [pc, #156]	; (10002514 <runtime_init+0xcc>)
10002476:	601a      	str	r2, [r3, #0]
10002478:	4b23      	ldr	r3, [pc, #140]	; (10002508 <runtime_init+0xc0>)
1000247a:	689b      	ldr	r3, [r3, #8]
1000247c:	43db      	mvns	r3, r3
1000247e:	01db      	lsls	r3, r3, #7
10002480:	d1fa      	bne.n	10002478 <runtime_init+0x30>
10002482:	4b25      	ldr	r3, [pc, #148]	; (10002518 <runtime_init+0xd0>)
10002484:	2240      	movs	r2, #64	; 0x40
10002486:	679a      	str	r2, [r3, #120]	; 0x78
10002488:	675a      	str	r2, [r3, #116]	; 0x74
1000248a:	671a      	str	r2, [r3, #112]	; 0x70
1000248c:	66da      	str	r2, [r3, #108]	; 0x6c
1000248e:	4c23      	ldr	r4, [pc, #140]	; (1000251c <runtime_init+0xd4>)
10002490:	e009      	b.n	100024a6 <runtime_init+0x5e>
10002492:	4b23      	ldr	r3, [pc, #140]	; (10002520 <runtime_init+0xd8>)
10002494:	4a23      	ldr	r2, [pc, #140]	; (10002524 <runtime_init+0xdc>)
10002496:	2187      	movs	r1, #135	; 0x87
10002498:	4823      	ldr	r0, [pc, #140]	; (10002528 <runtime_init+0xe0>)
1000249a:	f7ff ffb7 	bl	1000240c <__assert_func>
1000249e:	0020      	movs	r0, r4
100024a0:	f7fe fbca 	bl	10000c38 <mutex_init>
100024a4:	3408      	adds	r4, #8
100024a6:	4b21      	ldr	r3, [pc, #132]	; (1000252c <runtime_init+0xe4>)
100024a8:	429c      	cmp	r4, r3
100024aa:	d209      	bcs.n	100024c0 <runtime_init+0x78>
100024ac:	6823      	ldr	r3, [r4, #0]
100024ae:	2b00      	cmp	r3, #0
100024b0:	d0f5      	beq.n	1000249e <runtime_init+0x56>
100024b2:	2b01      	cmp	r3, #1
100024b4:	d1ed      	bne.n	10002492 <runtime_init+0x4a>
100024b6:	0020      	movs	r0, r4
100024b8:	f7fe fbcb 	bl	10000c52 <recursive_mutex_init>
100024bc:	3408      	adds	r4, #8
100024be:	e7f2      	b.n	100024a6 <runtime_init+0x5e>
100024c0:	4c1b      	ldr	r4, [pc, #108]	; (10002530 <runtime_init+0xe8>)
100024c2:	68a1      	ldr	r1, [r4, #8]
100024c4:	4d1b      	ldr	r5, [pc, #108]	; (10002534 <runtime_init+0xec>)
100024c6:	22c0      	movs	r2, #192	; 0xc0
100024c8:	0028      	movs	r0, r5
100024ca:	f001 fedd 	bl	10004288 <__wrap___aeabi_memcpy>
100024ce:	60a5      	str	r5, [r4, #8]
100024d0:	f3ef 8305 	mrs	r3, IPSR
100024d4:	2b00      	cmp	r3, #0
100024d6:	d000      	beq.n	100024da <runtime_init+0x92>
100024d8:	be00      	bkpt	0x0000
100024da:	f7fe f97d 	bl	100007d8 <spin_locks_reset>
100024de:	f7fe fb95 	bl	10000c0c <irq_init_priorities>
100024e2:	f7fe ff05 	bl	100012f0 <alarm_pool_init_default>
100024e6:	4c14      	ldr	r4, [pc, #80]	; (10002538 <runtime_init+0xf0>)
100024e8:	e001      	b.n	100024ee <runtime_init+0xa6>
100024ea:	cc08      	ldmia	r4!, {r3}
100024ec:	4798      	blx	r3
100024ee:	4b13      	ldr	r3, [pc, #76]	; (1000253c <runtime_init+0xf4>)
100024f0:	429c      	cmp	r4, r3
100024f2:	d3fa      	bcc.n	100024ea <runtime_init+0xa2>
100024f4:	bd70      	pop	{r4, r5, r6, pc}
100024f6:	46c0      	nop			; (mov r8, r8)
100024f8:	4000e000 	.word	0x4000e000
100024fc:	fefbcdbf 	.word	0xfefbcdbf
10002500:	4000f000 	.word	0x4000f000
10002504:	003c7ffe 	.word	0x003c7ffe
10002508:	4000c000 	.word	0x4000c000
1000250c:	200202f0 	.word	0x200202f0
10002510:	20020300 	.word	0x20020300
10002514:	01ffffff 	.word	0x01ffffff
10002518:	4001f000 	.word	0x4001f000
1000251c:	200202e8 	.word	0x200202e8
10002520:	100056a0 	.word	0x100056a0
10002524:	10005734 	.word	0x10005734
10002528:	100056c0 	.word	0x100056c0
1000252c:	200202f0 	.word	0x200202f0
10002530:	e000ed00 	.word	0xe000ed00
10002534:	20000000 	.word	0x20000000
10002538:	20020300 	.word	0x20020300
1000253c:	20020304 	.word	0x20020304

10002540 <panic>:
10002540:	b40f      	push	{r0, r1, r2, r3}
10002542:	b500      	push	{lr}
10002544:	b083      	sub	sp, #12
10002546:	4808      	ldr	r0, [pc, #32]	; (10002568 <panic+0x28>)
10002548:	f001 ffc6 	bl	100044d8 <__wrap_puts>
1000254c:	9b04      	ldr	r3, [sp, #16]
1000254e:	2b00      	cmp	r3, #0
10002550:	d007      	beq.n	10002562 <panic+0x22>
10002552:	a905      	add	r1, sp, #20
10002554:	9101      	str	r1, [sp, #4]
10002556:	0018      	movs	r0, r3
10002558:	f001 ffce 	bl	100044f8 <__wrap_vprintf>
1000255c:	4803      	ldr	r0, [pc, #12]	; (1000256c <panic+0x2c>)
1000255e:	f001 ffbb 	bl	100044d8 <__wrap_puts>
10002562:	2001      	movs	r0, #1
10002564:	f7ff ff4c 	bl	10002400 <_exit>
10002568:	10005720 	.word	0x10005720
1000256c:	10005730 	.word	0x10005730

10002570 <_out_null>:
10002570:	4770      	bx	lr

10002572 <_out_fct>:
10002572:	b510      	push	{r4, lr}
10002574:	2800      	cmp	r0, #0
10002576:	d002      	beq.n	1000257e <_out_fct+0xc>
10002578:	680b      	ldr	r3, [r1, #0]
1000257a:	6849      	ldr	r1, [r1, #4]
1000257c:	4798      	blx	r3
1000257e:	bd10      	pop	{r4, pc}

10002580 <_atoi>:
10002580:	0001      	movs	r1, r0
10002582:	2000      	movs	r0, #0
10002584:	e007      	b.n	10002596 <_atoi+0x16>
10002586:	0083      	lsls	r3, r0, #2
10002588:	181b      	adds	r3, r3, r0
1000258a:	005b      	lsls	r3, r3, #1
1000258c:	1c50      	adds	r0, r2, #1
1000258e:	6008      	str	r0, [r1, #0]
10002590:	7810      	ldrb	r0, [r2, #0]
10002592:	18c0      	adds	r0, r0, r3
10002594:	3830      	subs	r0, #48	; 0x30
10002596:	680a      	ldr	r2, [r1, #0]
10002598:	7813      	ldrb	r3, [r2, #0]
1000259a:	3b30      	subs	r3, #48	; 0x30
1000259c:	b2db      	uxtb	r3, r3
1000259e:	2b09      	cmp	r3, #9
100025a0:	d9f1      	bls.n	10002586 <_atoi+0x6>
100025a2:	4770      	bx	lr

100025a4 <_out_rev>:
100025a4:	b5f0      	push	{r4, r5, r6, r7, lr}
100025a6:	46de      	mov	lr, fp
100025a8:	4657      	mov	r7, sl
100025aa:	464e      	mov	r6, r9
100025ac:	4645      	mov	r5, r8
100025ae:	b5e0      	push	{r5, r6, r7, lr}
100025b0:	b083      	sub	sp, #12
100025b2:	4693      	mov	fp, r2
100025b4:	001f      	movs	r7, r3
100025b6:	9b0c      	ldr	r3, [sp, #48]	; 0x30
100025b8:	469a      	mov	sl, r3
100025ba:	9c0d      	ldr	r4, [sp, #52]	; 0x34
100025bc:	9b0e      	ldr	r3, [sp, #56]	; 0x38
100025be:	4699      	mov	r9, r3
100025c0:	9b0f      	ldr	r3, [sp, #60]	; 0x3c
100025c2:	079b      	lsls	r3, r3, #30
100025c4:	d003      	beq.n	100025ce <_out_rev+0x2a>
100025c6:	46b8      	mov	r8, r7
100025c8:	000f      	movs	r7, r1
100025ca:	0006      	movs	r6, r0
100025cc:	e022      	b.n	10002614 <_out_rev+0x70>
100025ce:	9201      	str	r2, [sp, #4]
100025d0:	46a3      	mov	fp, r4
100025d2:	4688      	mov	r8, r1
100025d4:	464e      	mov	r6, r9
100025d6:	46b9      	mov	r9, r7
100025d8:	0007      	movs	r7, r0
100025da:	42b4      	cmp	r4, r6
100025dc:	d207      	bcs.n	100025ee <_out_rev+0x4a>
100025de:	1c55      	adds	r5, r2, #1
100025e0:	464b      	mov	r3, r9
100025e2:	4641      	mov	r1, r8
100025e4:	2020      	movs	r0, #32
100025e6:	47b8      	blx	r7
100025e8:	3401      	adds	r4, #1
100025ea:	002a      	movs	r2, r5
100025ec:	e7f5      	b.n	100025da <_out_rev+0x36>
100025ee:	003d      	movs	r5, r7
100025f0:	464f      	mov	r7, r9
100025f2:	465c      	mov	r4, fp
100025f4:	9b01      	ldr	r3, [sp, #4]
100025f6:	469b      	mov	fp, r3
100025f8:	46b1      	mov	r9, r6
100025fa:	4646      	mov	r6, r8
100025fc:	46b8      	mov	r8, r7
100025fe:	0037      	movs	r7, r6
10002600:	002e      	movs	r6, r5
10002602:	e007      	b.n	10002614 <_out_rev+0x70>
10002604:	3c01      	subs	r4, #1
10002606:	1c55      	adds	r5, r2, #1
10002608:	4653      	mov	r3, sl
1000260a:	5d18      	ldrb	r0, [r3, r4]
1000260c:	4643      	mov	r3, r8
1000260e:	0039      	movs	r1, r7
10002610:	47b0      	blx	r6
10002612:	002a      	movs	r2, r5
10002614:	2c00      	cmp	r4, #0
10002616:	d1f5      	bne.n	10002604 <_out_rev+0x60>
10002618:	0035      	movs	r5, r6
1000261a:	003e      	movs	r6, r7
1000261c:	4647      	mov	r7, r8
1000261e:	9b0f      	ldr	r3, [sp, #60]	; 0x3c
10002620:	079b      	lsls	r3, r3, #30
10002622:	d407      	bmi.n	10002634 <_out_rev+0x90>
10002624:	0010      	movs	r0, r2
10002626:	b003      	add	sp, #12
10002628:	bcf0      	pop	{r4, r5, r6, r7}
1000262a:	46bb      	mov	fp, r7
1000262c:	46b2      	mov	sl, r6
1000262e:	46a9      	mov	r9, r5
10002630:	46a0      	mov	r8, r4
10002632:	bdf0      	pop	{r4, r5, r6, r7, pc}
10002634:	46b0      	mov	r8, r6
10002636:	464e      	mov	r6, r9
10002638:	46b9      	mov	r9, r7
1000263a:	002f      	movs	r7, r5
1000263c:	465d      	mov	r5, fp
1000263e:	1b53      	subs	r3, r2, r5
10002640:	42b3      	cmp	r3, r6
10002642:	d2ef      	bcs.n	10002624 <_out_rev+0x80>
10002644:	1c54      	adds	r4, r2, #1
10002646:	464b      	mov	r3, r9
10002648:	4641      	mov	r1, r8
1000264a:	2020      	movs	r0, #32
1000264c:	47b8      	blx	r7
1000264e:	0022      	movs	r2, r4
10002650:	e7f5      	b.n	1000263e <_out_rev+0x9a>

10002652 <_ntoa_format>:
10002652:	b5f0      	push	{r4, r5, r6, r7, lr}
10002654:	46ce      	mov	lr, r9
10002656:	4647      	mov	r7, r8
10002658:	b580      	push	{r7, lr}
1000265a:	b085      	sub	sp, #20
1000265c:	4694      	mov	ip, r2
1000265e:	4698      	mov	r8, r3
10002660:	9d0c      	ldr	r5, [sp, #48]	; 0x30
10002662:	9c0d      	ldr	r4, [sp, #52]	; 0x34
10002664:	ab0e      	add	r3, sp, #56	; 0x38
10002666:	781b      	ldrb	r3, [r3, #0]
10002668:	4699      	mov	r9, r3
1000266a:	9a10      	ldr	r2, [sp, #64]	; 0x40
1000266c:	9b11      	ldr	r3, [sp, #68]	; 0x44
1000266e:	9e12      	ldr	r6, [sp, #72]	; 0x48
10002670:	07b7      	lsls	r7, r6, #30
10002672:	d41c      	bmi.n	100026ae <_ntoa_format+0x5c>
10002674:	2b00      	cmp	r3, #0
10002676:	d00c      	beq.n	10002692 <_ntoa_format+0x40>
10002678:	07f7      	lsls	r7, r6, #31
1000267a:	d50a      	bpl.n	10002692 <_ntoa_format+0x40>
1000267c:	464f      	mov	r7, r9
1000267e:	2f00      	cmp	r7, #0
10002680:	d102      	bne.n	10002688 <_ntoa_format+0x36>
10002682:	370c      	adds	r7, #12
10002684:	4237      	tst	r7, r6
10002686:	d004      	beq.n	10002692 <_ntoa_format+0x40>
10002688:	3b01      	subs	r3, #1
1000268a:	e002      	b.n	10002692 <_ntoa_format+0x40>
1000268c:	2730      	movs	r7, #48	; 0x30
1000268e:	552f      	strb	r7, [r5, r4]
10002690:	3401      	adds	r4, #1
10002692:	4294      	cmp	r4, r2
10002694:	d201      	bcs.n	1000269a <_ntoa_format+0x48>
10002696:	2c1f      	cmp	r4, #31
10002698:	d9f8      	bls.n	1000268c <_ntoa_format+0x3a>
1000269a:	07f7      	lsls	r7, r6, #31
1000269c:	d507      	bpl.n	100026ae <_ntoa_format+0x5c>
1000269e:	429c      	cmp	r4, r3
100026a0:	d205      	bcs.n	100026ae <_ntoa_format+0x5c>
100026a2:	2c1f      	cmp	r4, #31
100026a4:	d803      	bhi.n	100026ae <_ntoa_format+0x5c>
100026a6:	2730      	movs	r7, #48	; 0x30
100026a8:	552f      	strb	r7, [r5, r4]
100026aa:	3401      	adds	r4, #1
100026ac:	e7f5      	b.n	1000269a <_ntoa_format+0x48>
100026ae:	06f7      	lsls	r7, r6, #27
100026b0:	d515      	bpl.n	100026de <_ntoa_format+0x8c>
100026b2:	0577      	lsls	r7, r6, #21
100026b4:	d405      	bmi.n	100026c2 <_ntoa_format+0x70>
100026b6:	2c00      	cmp	r4, #0
100026b8:	d003      	beq.n	100026c2 <_ntoa_format+0x70>
100026ba:	4294      	cmp	r4, r2
100026bc:	d024      	beq.n	10002708 <_ntoa_format+0xb6>
100026be:	429c      	cmp	r4, r3
100026c0:	d022      	beq.n	10002708 <_ntoa_format+0xb6>
100026c2:	9a0f      	ldr	r2, [sp, #60]	; 0x3c
100026c4:	2a10      	cmp	r2, #16
100026c6:	d02b      	beq.n	10002720 <_ntoa_format+0xce>
100026c8:	9a0f      	ldr	r2, [sp, #60]	; 0x3c
100026ca:	2a10      	cmp	r2, #16
100026cc:	d030      	beq.n	10002730 <_ntoa_format+0xde>
100026ce:	9a0f      	ldr	r2, [sp, #60]	; 0x3c
100026d0:	2a02      	cmp	r2, #2
100026d2:	d035      	beq.n	10002740 <_ntoa_format+0xee>
100026d4:	2c1f      	cmp	r4, #31
100026d6:	d802      	bhi.n	100026de <_ntoa_format+0x8c>
100026d8:	2230      	movs	r2, #48	; 0x30
100026da:	552a      	strb	r2, [r5, r4]
100026dc:	3401      	adds	r4, #1
100026de:	2c1f      	cmp	r4, #31
100026e0:	d805      	bhi.n	100026ee <_ntoa_format+0x9c>
100026e2:	464a      	mov	r2, r9
100026e4:	2a00      	cmp	r2, #0
100026e6:	d031      	beq.n	1000274c <_ntoa_format+0xfa>
100026e8:	222d      	movs	r2, #45	; 0x2d
100026ea:	552a      	strb	r2, [r5, r4]
100026ec:	3401      	adds	r4, #1
100026ee:	9603      	str	r6, [sp, #12]
100026f0:	9302      	str	r3, [sp, #8]
100026f2:	9401      	str	r4, [sp, #4]
100026f4:	9500      	str	r5, [sp, #0]
100026f6:	4643      	mov	r3, r8
100026f8:	4662      	mov	r2, ip
100026fa:	f7ff ff53 	bl	100025a4 <_out_rev>
100026fe:	b005      	add	sp, #20
10002700:	bcc0      	pop	{r6, r7}
10002702:	46b9      	mov	r9, r7
10002704:	46b0      	mov	r8, r6
10002706:	bdf0      	pop	{r4, r5, r6, r7, pc}
10002708:	1e62      	subs	r2, r4, #1
1000270a:	2c01      	cmp	r4, #1
1000270c:	d006      	beq.n	1000271c <_ntoa_format+0xca>
1000270e:	9f0f      	ldr	r7, [sp, #60]	; 0x3c
10002710:	2f10      	cmp	r7, #16
10002712:	d001      	beq.n	10002718 <_ntoa_format+0xc6>
10002714:	0014      	movs	r4, r2
10002716:	e7d4      	b.n	100026c2 <_ntoa_format+0x70>
10002718:	3c02      	subs	r4, #2
1000271a:	e7d2      	b.n	100026c2 <_ntoa_format+0x70>
1000271c:	0014      	movs	r4, r2
1000271e:	e7d0      	b.n	100026c2 <_ntoa_format+0x70>
10002720:	06b2      	lsls	r2, r6, #26
10002722:	d4d1      	bmi.n	100026c8 <_ntoa_format+0x76>
10002724:	2c1f      	cmp	r4, #31
10002726:	d8cf      	bhi.n	100026c8 <_ntoa_format+0x76>
10002728:	2278      	movs	r2, #120	; 0x78
1000272a:	552a      	strb	r2, [r5, r4]
1000272c:	3401      	adds	r4, #1
1000272e:	e7d1      	b.n	100026d4 <_ntoa_format+0x82>
10002730:	06b2      	lsls	r2, r6, #26
10002732:	d5cc      	bpl.n	100026ce <_ntoa_format+0x7c>
10002734:	2c1f      	cmp	r4, #31
10002736:	d8ca      	bhi.n	100026ce <_ntoa_format+0x7c>
10002738:	2258      	movs	r2, #88	; 0x58
1000273a:	552a      	strb	r2, [r5, r4]
1000273c:	3401      	adds	r4, #1
1000273e:	e7c9      	b.n	100026d4 <_ntoa_format+0x82>
10002740:	2c1f      	cmp	r4, #31
10002742:	d8c7      	bhi.n	100026d4 <_ntoa_format+0x82>
10002744:	3260      	adds	r2, #96	; 0x60
10002746:	552a      	strb	r2, [r5, r4]
10002748:	3401      	adds	r4, #1
1000274a:	e7c3      	b.n	100026d4 <_ntoa_format+0x82>
1000274c:	0772      	lsls	r2, r6, #29
1000274e:	d503      	bpl.n	10002758 <_ntoa_format+0x106>
10002750:	222b      	movs	r2, #43	; 0x2b
10002752:	552a      	strb	r2, [r5, r4]
10002754:	3401      	adds	r4, #1
10002756:	e7ca      	b.n	100026ee <_ntoa_format+0x9c>
10002758:	0732      	lsls	r2, r6, #28
1000275a:	d5c8      	bpl.n	100026ee <_ntoa_format+0x9c>
1000275c:	2220      	movs	r2, #32
1000275e:	552a      	strb	r2, [r5, r4]
10002760:	3401      	adds	r4, #1
10002762:	e7c4      	b.n	100026ee <_ntoa_format+0x9c>

10002764 <_ntoa_long>:
10002764:	b5f0      	push	{r4, r5, r6, r7, lr}
10002766:	46de      	mov	lr, fp
10002768:	4657      	mov	r7, sl
1000276a:	464e      	mov	r6, r9
1000276c:	4645      	mov	r5, r8
1000276e:	b5e0      	push	{r5, r6, r7, lr}
10002770:	b093      	sub	sp, #76	; 0x4c
10002772:	4681      	mov	r9, r0
10002774:	468a      	mov	sl, r1
10002776:	9208      	str	r2, [sp, #32]
10002778:	9309      	str	r3, [sp, #36]	; 0x24
1000277a:	ab1c      	add	r3, sp, #112	; 0x70
1000277c:	cb10      	ldmia	r3!, {r4}
1000277e:	781b      	ldrb	r3, [r3, #0]
10002780:	469b      	mov	fp, r3
10002782:	9d1e      	ldr	r5, [sp, #120]	; 0x78
10002784:	9b21      	ldr	r3, [sp, #132]	; 0x84
10002786:	4698      	mov	r8, r3
10002788:	2c00      	cmp	r4, #0
1000278a:	d103      	bne.n	10002794 <_ntoa_long+0x30>
1000278c:	2310      	movs	r3, #16
1000278e:	4642      	mov	r2, r8
10002790:	439a      	bics	r2, r3
10002792:	4690      	mov	r8, r2
10002794:	2380      	movs	r3, #128	; 0x80
10002796:	00db      	lsls	r3, r3, #3
10002798:	4646      	mov	r6, r8
1000279a:	401e      	ands	r6, r3
1000279c:	4642      	mov	r2, r8
1000279e:	421a      	tst	r2, r3
100027a0:	d012      	beq.n	100027c8 <_ntoa_long+0x64>
100027a2:	2c00      	cmp	r4, #0
100027a4:	d022      	beq.n	100027ec <_ntoa_long+0x88>
100027a6:	2600      	movs	r6, #0
100027a8:	e00e      	b.n	100027c8 <_ntoa_long+0x64>
100027aa:	3330      	adds	r3, #48	; 0x30
100027ac:	b2d9      	uxtb	r1, r3
100027ae:	1c77      	adds	r7, r6, #1
100027b0:	ab0a      	add	r3, sp, #40	; 0x28
100027b2:	5599      	strb	r1, [r3, r6]
100027b4:	0029      	movs	r1, r5
100027b6:	0020      	movs	r0, r4
100027b8:	f000 ffd6 	bl	10003768 <__wrap___aeabi_uidiv>
100027bc:	42ac      	cmp	r4, r5
100027be:	d316      	bcc.n	100027ee <_ntoa_long+0x8a>
100027c0:	2f1f      	cmp	r7, #31
100027c2:	d814      	bhi.n	100027ee <_ntoa_long+0x8a>
100027c4:	003e      	movs	r6, r7
100027c6:	0004      	movs	r4, r0
100027c8:	0029      	movs	r1, r5
100027ca:	0020      	movs	r0, r4
100027cc:	f000 ffcc 	bl	10003768 <__wrap___aeabi_uidiv>
100027d0:	b2cb      	uxtb	r3, r1
100027d2:	2b09      	cmp	r3, #9
100027d4:	d9e9      	bls.n	100027aa <_ntoa_long+0x46>
100027d6:	4642      	mov	r2, r8
100027d8:	0692      	lsls	r2, r2, #26
100027da:	d505      	bpl.n	100027e8 <_ntoa_long+0x84>
100027dc:	2141      	movs	r1, #65	; 0x41
100027de:	18c9      	adds	r1, r1, r3
100027e0:	b2c9      	uxtb	r1, r1
100027e2:	390a      	subs	r1, #10
100027e4:	b2c9      	uxtb	r1, r1
100027e6:	e7e2      	b.n	100027ae <_ntoa_long+0x4a>
100027e8:	2161      	movs	r1, #97	; 0x61
100027ea:	e7f8      	b.n	100027de <_ntoa_long+0x7a>
100027ec:	0027      	movs	r7, r4
100027ee:	4643      	mov	r3, r8
100027f0:	9306      	str	r3, [sp, #24]
100027f2:	9b20      	ldr	r3, [sp, #128]	; 0x80
100027f4:	9305      	str	r3, [sp, #20]
100027f6:	9b1f      	ldr	r3, [sp, #124]	; 0x7c
100027f8:	9304      	str	r3, [sp, #16]
100027fa:	9503      	str	r5, [sp, #12]
100027fc:	465b      	mov	r3, fp
100027fe:	9302      	str	r3, [sp, #8]
10002800:	9701      	str	r7, [sp, #4]
10002802:	ab0a      	add	r3, sp, #40	; 0x28
10002804:	9300      	str	r3, [sp, #0]
10002806:	9b09      	ldr	r3, [sp, #36]	; 0x24
10002808:	9a08      	ldr	r2, [sp, #32]
1000280a:	4651      	mov	r1, sl
1000280c:	4648      	mov	r0, r9
1000280e:	f7ff ff20 	bl	10002652 <_ntoa_format>
10002812:	b013      	add	sp, #76	; 0x4c
10002814:	bcf0      	pop	{r4, r5, r6, r7}
10002816:	46bb      	mov	fp, r7
10002818:	46b2      	mov	sl, r6
1000281a:	46a9      	mov	r9, r5
1000281c:	46a0      	mov	r8, r4
1000281e:	bdf0      	pop	{r4, r5, r6, r7, pc}

10002820 <_ntoa_long_long>:
10002820:	b5f0      	push	{r4, r5, r6, r7, lr}
10002822:	46de      	mov	lr, fp
10002824:	4657      	mov	r7, sl
10002826:	464e      	mov	r6, r9
10002828:	4645      	mov	r5, r8
1000282a:	b5e0      	push	{r5, r6, r7, lr}
1000282c:	b095      	sub	sp, #84	; 0x54
1000282e:	9008      	str	r0, [sp, #32]
10002830:	9109      	str	r1, [sp, #36]	; 0x24
10002832:	920a      	str	r2, [sp, #40]	; 0x28
10002834:	930b      	str	r3, [sp, #44]	; 0x2c
10002836:	9e1e      	ldr	r6, [sp, #120]	; 0x78
10002838:	9c1f      	ldr	r4, [sp, #124]	; 0x7c
1000283a:	ab20      	add	r3, sp, #128	; 0x80
1000283c:	781b      	ldrb	r3, [r3, #0]
1000283e:	469b      	mov	fp, r3
10002840:	9b22      	ldr	r3, [sp, #136]	; 0x88
10002842:	4699      	mov	r9, r3
10002844:	9d23      	ldr	r5, [sp, #140]	; 0x8c
10002846:	9b26      	ldr	r3, [sp, #152]	; 0x98
10002848:	469a      	mov	sl, r3
1000284a:	0033      	movs	r3, r6
1000284c:	4323      	orrs	r3, r4
1000284e:	d103      	bne.n	10002858 <_ntoa_long_long+0x38>
10002850:	3310      	adds	r3, #16
10002852:	4652      	mov	r2, sl
10002854:	439a      	bics	r2, r3
10002856:	4692      	mov	sl, r2
10002858:	2380      	movs	r3, #128	; 0x80
1000285a:	00db      	lsls	r3, r3, #3
1000285c:	4657      	mov	r7, sl
1000285e:	401f      	ands	r7, r3
10002860:	4652      	mov	r2, sl
10002862:	421a      	tst	r2, r3
10002864:	d019      	beq.n	1000289a <_ntoa_long_long+0x7a>
10002866:	0033      	movs	r3, r6
10002868:	4323      	orrs	r3, r4
1000286a:	d02d      	beq.n	100028c8 <_ntoa_long_long+0xa8>
1000286c:	2700      	movs	r7, #0
1000286e:	e014      	b.n	1000289a <_ntoa_long_long+0x7a>
10002870:	3330      	adds	r3, #48	; 0x30
10002872:	b2da      	uxtb	r2, r3
10002874:	1c7b      	adds	r3, r7, #1
10002876:	4698      	mov	r8, r3
10002878:	ab0c      	add	r3, sp, #48	; 0x30
1000287a:	55da      	strb	r2, [r3, r7]
1000287c:	464a      	mov	r2, r9
1000287e:	002b      	movs	r3, r5
10002880:	0030      	movs	r0, r6
10002882:	0021      	movs	r1, r4
10002884:	f000 ffae 	bl	100037e4 <__wrap___aeabi_uldivmod>
10002888:	42a5      	cmp	r5, r4
1000288a:	d81f      	bhi.n	100028cc <_ntoa_long_long+0xac>
1000288c:	d019      	beq.n	100028c2 <_ntoa_long_long+0xa2>
1000288e:	4643      	mov	r3, r8
10002890:	2b1f      	cmp	r3, #31
10002892:	d81b      	bhi.n	100028cc <_ntoa_long_long+0xac>
10002894:	4647      	mov	r7, r8
10002896:	0006      	movs	r6, r0
10002898:	000c      	movs	r4, r1
1000289a:	464a      	mov	r2, r9
1000289c:	002b      	movs	r3, r5
1000289e:	0030      	movs	r0, r6
100028a0:	0021      	movs	r1, r4
100028a2:	f000 ff9f 	bl	100037e4 <__wrap___aeabi_uldivmod>
100028a6:	b2d3      	uxtb	r3, r2
100028a8:	2b09      	cmp	r3, #9
100028aa:	d9e1      	bls.n	10002870 <_ntoa_long_long+0x50>
100028ac:	4652      	mov	r2, sl
100028ae:	0692      	lsls	r2, r2, #26
100028b0:	d505      	bpl.n	100028be <_ntoa_long_long+0x9e>
100028b2:	2241      	movs	r2, #65	; 0x41
100028b4:	18d2      	adds	r2, r2, r3
100028b6:	b2d2      	uxtb	r2, r2
100028b8:	3a0a      	subs	r2, #10
100028ba:	b2d2      	uxtb	r2, r2
100028bc:	e7da      	b.n	10002874 <_ntoa_long_long+0x54>
100028be:	2261      	movs	r2, #97	; 0x61
100028c0:	e7f8      	b.n	100028b4 <_ntoa_long_long+0x94>
100028c2:	45b1      	cmp	r9, r6
100028c4:	d9e3      	bls.n	1000288e <_ntoa_long_long+0x6e>
100028c6:	e001      	b.n	100028cc <_ntoa_long_long+0xac>
100028c8:	2300      	movs	r3, #0
100028ca:	4698      	mov	r8, r3
100028cc:	4653      	mov	r3, sl
100028ce:	9306      	str	r3, [sp, #24]
100028d0:	9b25      	ldr	r3, [sp, #148]	; 0x94
100028d2:	9305      	str	r3, [sp, #20]
100028d4:	9b24      	ldr	r3, [sp, #144]	; 0x90
100028d6:	9304      	str	r3, [sp, #16]
100028d8:	464b      	mov	r3, r9
100028da:	9303      	str	r3, [sp, #12]
100028dc:	465b      	mov	r3, fp
100028de:	9302      	str	r3, [sp, #8]
100028e0:	4643      	mov	r3, r8
100028e2:	9301      	str	r3, [sp, #4]
100028e4:	ab0c      	add	r3, sp, #48	; 0x30
100028e6:	9300      	str	r3, [sp, #0]
100028e8:	9b0b      	ldr	r3, [sp, #44]	; 0x2c
100028ea:	9a0a      	ldr	r2, [sp, #40]	; 0x28
100028ec:	9909      	ldr	r1, [sp, #36]	; 0x24
100028ee:	9808      	ldr	r0, [sp, #32]
100028f0:	f7ff feaf 	bl	10002652 <_ntoa_format>
100028f4:	b015      	add	sp, #84	; 0x54
100028f6:	bcf0      	pop	{r4, r5, r6, r7}
100028f8:	46bb      	mov	fp, r7
100028fa:	46b2      	mov	sl, r6
100028fc:	46a9      	mov	r9, r5
100028fe:	46a0      	mov	r8, r4
10002900:	bdf0      	pop	{r4, r5, r6, r7, pc}
	...

10002904 <_etoa>:
10002904:	b5f0      	push	{r4, r5, r6, r7, lr}
10002906:	46de      	mov	lr, fp
10002908:	4657      	mov	r7, sl
1000290a:	464e      	mov	r6, r9
1000290c:	4645      	mov	r5, r8
1000290e:	b5e0      	push	{r5, r6, r7, lr}
10002910:	b091      	sub	sp, #68	; 0x44
10002912:	4683      	mov	fp, r0
10002914:	468a      	mov	sl, r1
10002916:	920c      	str	r2, [sp, #48]	; 0x30
10002918:	4698      	mov	r8, r3
1000291a:	9c1a      	ldr	r4, [sp, #104]	; 0x68
1000291c:	9408      	str	r4, [sp, #32]
1000291e:	9d1b      	ldr	r5, [sp, #108]	; 0x6c
10002920:	9509      	str	r5, [sp, #36]	; 0x24
10002922:	0022      	movs	r2, r4
10002924:	002b      	movs	r3, r5
10002926:	0020      	movs	r0, r4
10002928:	0029      	movs	r1, r5
1000292a:	f001 f9d6 	bl	10003cda <__wrap___aeabi_dcmpun>
1000292e:	2800      	cmp	r0, #0
10002930:	d000      	beq.n	10002934 <_etoa+0x30>
10002932:	e0e5      	b.n	10002b00 <_etoa+0x1fc>
10002934:	2201      	movs	r2, #1
10002936:	4252      	negs	r2, r2
10002938:	4bd7      	ldr	r3, [pc, #860]	; (10002c98 <_etoa+0x394>)
1000293a:	0020      	movs	r0, r4
1000293c:	0029      	movs	r1, r5
1000293e:	f001 f9c7 	bl	10003cd0 <__wrap___aeabi_dcmpgt>
10002942:	2800      	cmp	r0, #0
10002944:	d000      	beq.n	10002948 <_etoa+0x44>
10002946:	e0db      	b.n	10002b00 <_etoa+0x1fc>
10002948:	2201      	movs	r2, #1
1000294a:	4252      	negs	r2, r2
1000294c:	4bd3      	ldr	r3, [pc, #844]	; (10002c9c <_etoa+0x398>)
1000294e:	0020      	movs	r0, r4
10002950:	0029      	movs	r1, r5
10002952:	f001 f9a7 	bl	10003ca4 <__wrap___aeabi_dcmplt>
10002956:	2800      	cmp	r0, #0
10002958:	d000      	beq.n	1000295c <_etoa+0x58>
1000295a:	e0d1      	b.n	10002b00 <_etoa+0x1fc>
1000295c:	2200      	movs	r2, #0
1000295e:	2300      	movs	r3, #0
10002960:	9e08      	ldr	r6, [sp, #32]
10002962:	0030      	movs	r0, r6
10002964:	9d09      	ldr	r5, [sp, #36]	; 0x24
10002966:	0029      	movs	r1, r5
10002968:	f001 f99c 	bl	10003ca4 <__wrap___aeabi_dcmplt>
1000296c:	2800      	cmp	r0, #0
1000296e:	d000      	beq.n	10002972 <_etoa+0x6e>
10002970:	e0dd      	b.n	10002b2e <_etoa+0x22a>
10002972:	9808      	ldr	r0, [sp, #32]
10002974:	9909      	ldr	r1, [sp, #36]	; 0x24
10002976:	9006      	str	r0, [sp, #24]
10002978:	9107      	str	r1, [sp, #28]
1000297a:	2380      	movs	r3, #128	; 0x80
1000297c:	00db      	lsls	r3, r3, #3
1000297e:	9a1e      	ldr	r2, [sp, #120]	; 0x78
10002980:	401a      	ands	r2, r3
10002982:	920d      	str	r2, [sp, #52]	; 0x34
10002984:	9a1e      	ldr	r2, [sp, #120]	; 0x78
10002986:	421a      	tst	r2, r3
10002988:	d101      	bne.n	1000298e <_etoa+0x8a>
1000298a:	2306      	movs	r3, #6
1000298c:	931c      	str	r3, [sp, #112]	; 0x70
1000298e:	9806      	ldr	r0, [sp, #24]
10002990:	9907      	ldr	r1, [sp, #28]
10002992:	0004      	movs	r4, r0
10002994:	000d      	movs	r5, r1
10002996:	000a      	movs	r2, r1
10002998:	0006      	movs	r6, r0
1000299a:	4302      	orrs	r2, r0
1000299c:	d100      	bne.n	100029a0 <_etoa+0x9c>
1000299e:	e0d1      	b.n	10002b44 <_etoa+0x240>
100029a0:	0d08      	lsrs	r0, r1, #20
100029a2:	0540      	lsls	r0, r0, #21
100029a4:	0d40      	lsrs	r0, r0, #21
100029a6:	4cbe      	ldr	r4, [pc, #760]	; (10002ca0 <_etoa+0x39c>)
100029a8:	46a4      	mov	ip, r4
100029aa:	4460      	add	r0, ip
100029ac:	030a      	lsls	r2, r1, #12
100029ae:	0b12      	lsrs	r2, r2, #12
100029b0:	4bbc      	ldr	r3, [pc, #752]	; (10002ca4 <_etoa+0x3a0>)
100029b2:	4313      	orrs	r3, r2
100029b4:	001f      	movs	r7, r3
100029b6:	f001 f9a3 	bl	10003d00 <__wrap___aeabi_i2d>
100029ba:	4abb      	ldr	r2, [pc, #748]	; (10002ca8 <_etoa+0x3a4>)
100029bc:	4bbb      	ldr	r3, [pc, #748]	; (10002cac <_etoa+0x3a8>)
100029be:	f001 f932 	bl	10003c26 <__wrap___aeabi_dmul>
100029c2:	4abb      	ldr	r2, [pc, #748]	; (10002cb0 <_etoa+0x3ac>)
100029c4:	4bbb      	ldr	r3, [pc, #748]	; (10002cb4 <_etoa+0x3b0>)
100029c6:	f001 f90f 	bl	10003be8 <__wrap___aeabi_dadd>
100029ca:	0004      	movs	r4, r0
100029cc:	000d      	movs	r5, r1
100029ce:	2200      	movs	r2, #0
100029d0:	4bb9      	ldr	r3, [pc, #740]	; (10002cb8 <_etoa+0x3b4>)
100029d2:	0030      	movs	r0, r6
100029d4:	0039      	movs	r1, r7
100029d6:	f001 f902 	bl	10003bde <__wrap___aeabi_dsub>
100029da:	4ab8      	ldr	r2, [pc, #736]	; (10002cbc <_etoa+0x3b8>)
100029dc:	4bb8      	ldr	r3, [pc, #736]	; (10002cc0 <_etoa+0x3bc>)
100029de:	f001 f922 	bl	10003c26 <__wrap___aeabi_dmul>
100029e2:	0002      	movs	r2, r0
100029e4:	000b      	movs	r3, r1
100029e6:	0020      	movs	r0, r4
100029e8:	0029      	movs	r1, r5
100029ea:	f001 f8fd 	bl	10003be8 <__wrap___aeabi_dadd>
100029ee:	f001 f99f 	bl	10003d30 <__wrap___aeabi_d2iz>
100029f2:	4681      	mov	r9, r0
100029f4:	f001 f984 	bl	10003d00 <__wrap___aeabi_i2d>
100029f8:	0004      	movs	r4, r0
100029fa:	000d      	movs	r5, r1
100029fc:	4ab1      	ldr	r2, [pc, #708]	; (10002cc4 <_etoa+0x3c0>)
100029fe:	4bb2      	ldr	r3, [pc, #712]	; (10002cc8 <_etoa+0x3c4>)
10002a00:	f001 f911 	bl	10003c26 <__wrap___aeabi_dmul>
10002a04:	2200      	movs	r2, #0
10002a06:	4bb1      	ldr	r3, [pc, #708]	; (10002ccc <_etoa+0x3c8>)
10002a08:	f001 f8ee 	bl	10003be8 <__wrap___aeabi_dadd>
10002a0c:	f001 f990 	bl	10003d30 <__wrap___aeabi_d2iz>
10002a10:	0006      	movs	r6, r0
10002a12:	4aaf      	ldr	r2, [pc, #700]	; (10002cd0 <_etoa+0x3cc>)
10002a14:	4baf      	ldr	r3, [pc, #700]	; (10002cd4 <_etoa+0x3d0>)
10002a16:	0020      	movs	r0, r4
10002a18:	0029      	movs	r1, r5
10002a1a:	f001 f904 	bl	10003c26 <__wrap___aeabi_dmul>
10002a1e:	0004      	movs	r4, r0
10002a20:	000d      	movs	r5, r1
10002a22:	0030      	movs	r0, r6
10002a24:	f001 f96c 	bl	10003d00 <__wrap___aeabi_i2d>
10002a28:	4aab      	ldr	r2, [pc, #684]	; (10002cd8 <_etoa+0x3d4>)
10002a2a:	4bac      	ldr	r3, [pc, #688]	; (10002cdc <_etoa+0x3d8>)
10002a2c:	f001 f8fb 	bl	10003c26 <__wrap___aeabi_dmul>
10002a30:	0002      	movs	r2, r0
10002a32:	000b      	movs	r3, r1
10002a34:	0020      	movs	r0, r4
10002a36:	0029      	movs	r1, r5
10002a38:	f001 f8d1 	bl	10003bde <__wrap___aeabi_dsub>
10002a3c:	0004      	movs	r4, r0
10002a3e:	000d      	movs	r5, r1
10002a40:	0002      	movs	r2, r0
10002a42:	000b      	movs	r3, r1
10002a44:	f001 f8ef 	bl	10003c26 <__wrap___aeabi_dmul>
10002a48:	900a      	str	r0, [sp, #40]	; 0x28
10002a4a:	910b      	str	r1, [sp, #44]	; 0x2c
10002a4c:	4ba4      	ldr	r3, [pc, #656]	; (10002ce0 <_etoa+0x3dc>)
10002a4e:	18f3      	adds	r3, r6, r3
10002a50:	2600      	movs	r6, #0
10002a52:	051f      	lsls	r7, r3, #20
10002a54:	0022      	movs	r2, r4
10002a56:	002b      	movs	r3, r5
10002a58:	0020      	movs	r0, r4
10002a5a:	0029      	movs	r1, r5
10002a5c:	f001 f8c4 	bl	10003be8 <__wrap___aeabi_dadd>
10002a60:	900e      	str	r0, [sp, #56]	; 0x38
10002a62:	910f      	str	r1, [sp, #60]	; 0x3c
10002a64:	0022      	movs	r2, r4
10002a66:	002b      	movs	r3, r5
10002a68:	2000      	movs	r0, #0
10002a6a:	2180      	movs	r1, #128	; 0x80
10002a6c:	05c9      	lsls	r1, r1, #23
10002a6e:	f001 f8b6 	bl	10003bde <__wrap___aeabi_dsub>
10002a72:	0004      	movs	r4, r0
10002a74:	000d      	movs	r5, r1
10002a76:	2200      	movs	r2, #0
10002a78:	4b9a      	ldr	r3, [pc, #616]	; (10002ce4 <_etoa+0x3e0>)
10002a7a:	980a      	ldr	r0, [sp, #40]	; 0x28
10002a7c:	990b      	ldr	r1, [sp, #44]	; 0x2c
10002a7e:	f001 f8b8 	bl	10003bf2 <__wrap___aeabi_ddiv>
10002a82:	2200      	movs	r2, #0
10002a84:	4b98      	ldr	r3, [pc, #608]	; (10002ce8 <_etoa+0x3e4>)
10002a86:	f001 f8af 	bl	10003be8 <__wrap___aeabi_dadd>
10002a8a:	0002      	movs	r2, r0
10002a8c:	000b      	movs	r3, r1
10002a8e:	980a      	ldr	r0, [sp, #40]	; 0x28
10002a90:	990b      	ldr	r1, [sp, #44]	; 0x2c
10002a92:	f001 f8ae 	bl	10003bf2 <__wrap___aeabi_ddiv>
10002a96:	2200      	movs	r2, #0
10002a98:	4b94      	ldr	r3, [pc, #592]	; (10002cec <_etoa+0x3e8>)
10002a9a:	f001 f8a5 	bl	10003be8 <__wrap___aeabi_dadd>
10002a9e:	0002      	movs	r2, r0
10002aa0:	000b      	movs	r3, r1
10002aa2:	980a      	ldr	r0, [sp, #40]	; 0x28
10002aa4:	990b      	ldr	r1, [sp, #44]	; 0x2c
10002aa6:	f001 f8a4 	bl	10003bf2 <__wrap___aeabi_ddiv>
10002aaa:	0002      	movs	r2, r0
10002aac:	000b      	movs	r3, r1
10002aae:	0020      	movs	r0, r4
10002ab0:	0029      	movs	r1, r5
10002ab2:	f001 f899 	bl	10003be8 <__wrap___aeabi_dadd>
10002ab6:	0002      	movs	r2, r0
10002ab8:	000b      	movs	r3, r1
10002aba:	980e      	ldr	r0, [sp, #56]	; 0x38
10002abc:	990f      	ldr	r1, [sp, #60]	; 0x3c
10002abe:	f001 f898 	bl	10003bf2 <__wrap___aeabi_ddiv>
10002ac2:	2200      	movs	r2, #0
10002ac4:	4b77      	ldr	r3, [pc, #476]	; (10002ca4 <_etoa+0x3a0>)
10002ac6:	f001 f88f 	bl	10003be8 <__wrap___aeabi_dadd>
10002aca:	0032      	movs	r2, r6
10002acc:	003b      	movs	r3, r7
10002ace:	f001 f8aa 	bl	10003c26 <__wrap___aeabi_dmul>
10002ad2:	0006      	movs	r6, r0
10002ad4:	000f      	movs	r7, r1
10002ad6:	0004      	movs	r4, r0
10002ad8:	000d      	movs	r5, r1
10002ada:	9a06      	ldr	r2, [sp, #24]
10002adc:	9b07      	ldr	r3, [sp, #28]
10002ade:	f001 f8f7 	bl	10003cd0 <__wrap___aeabi_dcmpgt>
10002ae2:	2800      	cmp	r0, #0
10002ae4:	d030      	beq.n	10002b48 <_etoa+0x244>
10002ae6:	2301      	movs	r3, #1
10002ae8:	425b      	negs	r3, r3
10002aea:	469c      	mov	ip, r3
10002aec:	44e1      	add	r9, ip
10002aee:	2200      	movs	r2, #0
10002af0:	4b7d      	ldr	r3, [pc, #500]	; (10002ce8 <_etoa+0x3e4>)
10002af2:	0030      	movs	r0, r6
10002af4:	0039      	movs	r1, r7
10002af6:	f001 f87c 	bl	10003bf2 <__wrap___aeabi_ddiv>
10002afa:	0004      	movs	r4, r0
10002afc:	000d      	movs	r5, r1
10002afe:	e023      	b.n	10002b48 <_etoa+0x244>
10002b00:	9b1e      	ldr	r3, [sp, #120]	; 0x78
10002b02:	9304      	str	r3, [sp, #16]
10002b04:	9b1d      	ldr	r3, [sp, #116]	; 0x74
10002b06:	9303      	str	r3, [sp, #12]
10002b08:	9b1c      	ldr	r3, [sp, #112]	; 0x70
10002b0a:	9302      	str	r3, [sp, #8]
10002b0c:	9a08      	ldr	r2, [sp, #32]
10002b0e:	9b09      	ldr	r3, [sp, #36]	; 0x24
10002b10:	9200      	str	r2, [sp, #0]
10002b12:	9301      	str	r3, [sp, #4]
10002b14:	4643      	mov	r3, r8
10002b16:	9a0c      	ldr	r2, [sp, #48]	; 0x30
10002b18:	4651      	mov	r1, sl
10002b1a:	4658      	mov	r0, fp
10002b1c:	f000 f8fc 	bl	10002d18 <_ftoa>
10002b20:	b011      	add	sp, #68	; 0x44
10002b22:	bcf0      	pop	{r4, r5, r6, r7}
10002b24:	46bb      	mov	fp, r7
10002b26:	46b2      	mov	sl, r6
10002b28:	46a9      	mov	r9, r5
10002b2a:	46a0      	mov	r8, r4
10002b2c:	bdf0      	pop	{r4, r5, r6, r7, pc}
10002b2e:	2300      	movs	r3, #0
10002b30:	2400      	movs	r4, #0
10002b32:	9306      	str	r3, [sp, #24]
10002b34:	9407      	str	r4, [sp, #28]
10002b36:	9606      	str	r6, [sp, #24]
10002b38:	2380      	movs	r3, #128	; 0x80
10002b3a:	061b      	lsls	r3, r3, #24
10002b3c:	469c      	mov	ip, r3
10002b3e:	4465      	add	r5, ip
10002b40:	9507      	str	r5, [sp, #28]
10002b42:	e71a      	b.n	1000297a <_etoa+0x76>
10002b44:	2300      	movs	r3, #0
10002b46:	4699      	mov	r9, r3
10002b48:	464b      	mov	r3, r9
10002b4a:	3363      	adds	r3, #99	; 0x63
10002b4c:	2bc6      	cmp	r3, #198	; 0xc6
10002b4e:	d81e      	bhi.n	10002b8e <_etoa+0x28a>
10002b50:	2604      	movs	r6, #4
10002b52:	9b1e      	ldr	r3, [sp, #120]	; 0x78
10002b54:	051b      	lsls	r3, r3, #20
10002b56:	d526      	bpl.n	10002ba6 <_etoa+0x2a2>
10002b58:	002b      	movs	r3, r5
10002b5a:	4323      	orrs	r3, r4
10002b5c:	d00f      	beq.n	10002b7e <_etoa+0x27a>
10002b5e:	4a64      	ldr	r2, [pc, #400]	; (10002cf0 <_etoa+0x3ec>)
10002b60:	4b64      	ldr	r3, [pc, #400]	; (10002cf4 <_etoa+0x3f0>)
10002b62:	9806      	ldr	r0, [sp, #24]
10002b64:	9907      	ldr	r1, [sp, #28]
10002b66:	f001 f8ab 	bl	10003cc0 <__wrap___aeabi_dcmpge>
10002b6a:	2800      	cmp	r0, #0
10002b6c:	d079      	beq.n	10002c62 <_etoa+0x35e>
10002b6e:	2200      	movs	r2, #0
10002b70:	4b61      	ldr	r3, [pc, #388]	; (10002cf8 <_etoa+0x3f4>)
10002b72:	9806      	ldr	r0, [sp, #24]
10002b74:	9907      	ldr	r1, [sp, #28]
10002b76:	f001 f895 	bl	10003ca4 <__wrap___aeabi_dcmplt>
10002b7a:	2800      	cmp	r0, #0
10002b7c:	d071      	beq.n	10002c62 <_etoa+0x35e>
10002b7e:	9b1c      	ldr	r3, [sp, #112]	; 0x70
10002b80:	454b      	cmp	r3, r9
10002b82:	dd06      	ble.n	10002b92 <_etoa+0x28e>
10002b84:	464a      	mov	r2, r9
10002b86:	1a98      	subs	r0, r3, r2
10002b88:	1e43      	subs	r3, r0, #1
10002b8a:	931c      	str	r3, [sp, #112]	; 0x70
10002b8c:	e003      	b.n	10002b96 <_etoa+0x292>
10002b8e:	2605      	movs	r6, #5
10002b90:	e7df      	b.n	10002b52 <_etoa+0x24e>
10002b92:	2300      	movs	r3, #0
10002b94:	931c      	str	r3, [sp, #112]	; 0x70
10002b96:	2380      	movs	r3, #128	; 0x80
10002b98:	00db      	lsls	r3, r3, #3
10002b9a:	9a1e      	ldr	r2, [sp, #120]	; 0x78
10002b9c:	431a      	orrs	r2, r3
10002b9e:	921e      	str	r2, [sp, #120]	; 0x78
10002ba0:	2600      	movs	r6, #0
10002ba2:	2300      	movs	r3, #0
10002ba4:	4699      	mov	r9, r3
10002ba6:	9b1d      	ldr	r3, [sp, #116]	; 0x74
10002ba8:	429e      	cmp	r6, r3
10002baa:	d264      	bcs.n	10002c76 <_etoa+0x372>
10002bac:	1b9f      	subs	r7, r3, r6
10002bae:	2302      	movs	r3, #2
10002bb0:	9a1e      	ldr	r2, [sp, #120]	; 0x78
10002bb2:	401a      	ands	r2, r3
10002bb4:	920a      	str	r2, [sp, #40]	; 0x28
10002bb6:	9a1e      	ldr	r2, [sp, #120]	; 0x78
10002bb8:	4213      	tst	r3, r2
10002bba:	d002      	beq.n	10002bc2 <_etoa+0x2be>
10002bbc:	2e00      	cmp	r6, #0
10002bbe:	d000      	beq.n	10002bc2 <_etoa+0x2be>
10002bc0:	2700      	movs	r7, #0
10002bc2:	464b      	mov	r3, r9
10002bc4:	2b00      	cmp	r3, #0
10002bc6:	d007      	beq.n	10002bd8 <_etoa+0x2d4>
10002bc8:	0022      	movs	r2, r4
10002bca:	002b      	movs	r3, r5
10002bcc:	9806      	ldr	r0, [sp, #24]
10002bce:	9907      	ldr	r1, [sp, #28]
10002bd0:	f001 f80f 	bl	10003bf2 <__wrap___aeabi_ddiv>
10002bd4:	9006      	str	r0, [sp, #24]
10002bd6:	9107      	str	r1, [sp, #28]
10002bd8:	2200      	movs	r2, #0
10002bda:	2300      	movs	r3, #0
10002bdc:	9808      	ldr	r0, [sp, #32]
10002bde:	9909      	ldr	r1, [sp, #36]	; 0x24
10002be0:	f001 f860 	bl	10003ca4 <__wrap___aeabi_dcmplt>
10002be4:	2800      	cmp	r0, #0
10002be6:	d148      	bne.n	10002c7a <_etoa+0x376>
10002be8:	4b44      	ldr	r3, [pc, #272]	; (10002cfc <_etoa+0x3f8>)
10002bea:	9a1e      	ldr	r2, [sp, #120]	; 0x78
10002bec:	4013      	ands	r3, r2
10002bee:	9304      	str	r3, [sp, #16]
10002bf0:	9703      	str	r7, [sp, #12]
10002bf2:	9b1c      	ldr	r3, [sp, #112]	; 0x70
10002bf4:	9302      	str	r3, [sp, #8]
10002bf6:	9b06      	ldr	r3, [sp, #24]
10002bf8:	9c07      	ldr	r4, [sp, #28]
10002bfa:	9300      	str	r3, [sp, #0]
10002bfc:	9401      	str	r4, [sp, #4]
10002bfe:	4643      	mov	r3, r8
10002c00:	9a0c      	ldr	r2, [sp, #48]	; 0x30
10002c02:	4651      	mov	r1, sl
10002c04:	4658      	mov	r0, fp
10002c06:	f000 f887 	bl	10002d18 <_ftoa>
10002c0a:	2e00      	cmp	r6, #0
10002c0c:	d100      	bne.n	10002c10 <_etoa+0x30c>
10002c0e:	e787      	b.n	10002b20 <_etoa+0x21c>
10002c10:	9b1e      	ldr	r3, [sp, #120]	; 0x78
10002c12:	069b      	lsls	r3, r3, #26
10002c14:	d53d      	bpl.n	10002c92 <_etoa+0x38e>
10002c16:	2545      	movs	r5, #69	; 0x45
10002c18:	1c44      	adds	r4, r0, #1
10002c1a:	4643      	mov	r3, r8
10002c1c:	0002      	movs	r2, r0
10002c1e:	4651      	mov	r1, sl
10002c20:	0028      	movs	r0, r5
10002c22:	47d8      	blx	fp
10002c24:	464b      	mov	r3, r9
10002c26:	17da      	asrs	r2, r3, #31
10002c28:	189b      	adds	r3, r3, r2
10002c2a:	4053      	eors	r3, r2
10002c2c:	2205      	movs	r2, #5
10002c2e:	9205      	str	r2, [sp, #20]
10002c30:	3e01      	subs	r6, #1
10002c32:	9604      	str	r6, [sp, #16]
10002c34:	2200      	movs	r2, #0
10002c36:	9203      	str	r2, [sp, #12]
10002c38:	320a      	adds	r2, #10
10002c3a:	9202      	str	r2, [sp, #8]
10002c3c:	464a      	mov	r2, r9
10002c3e:	0fd0      	lsrs	r0, r2, #31
10002c40:	9001      	str	r0, [sp, #4]
10002c42:	9300      	str	r3, [sp, #0]
10002c44:	4643      	mov	r3, r8
10002c46:	0022      	movs	r2, r4
10002c48:	4651      	mov	r1, sl
10002c4a:	4658      	mov	r0, fp
10002c4c:	f7ff fd8a 	bl	10002764 <_ntoa_long>
10002c50:	9b0a      	ldr	r3, [sp, #40]	; 0x28
10002c52:	2b00      	cmp	r3, #0
10002c54:	d100      	bne.n	10002c58 <_etoa+0x354>
10002c56:	e763      	b.n	10002b20 <_etoa+0x21c>
10002c58:	0002      	movs	r2, r0
10002c5a:	465f      	mov	r7, fp
10002c5c:	9e0c      	ldr	r6, [sp, #48]	; 0x30
10002c5e:	9d1d      	ldr	r5, [sp, #116]	; 0x74
10002c60:	e054      	b.n	10002d0c <_etoa+0x408>
10002c62:	9b1c      	ldr	r3, [sp, #112]	; 0x70
10002c64:	2b00      	cmp	r3, #0
10002c66:	d09e      	beq.n	10002ba6 <_etoa+0x2a2>
10002c68:	9b0d      	ldr	r3, [sp, #52]	; 0x34
10002c6a:	2b00      	cmp	r3, #0
10002c6c:	d09b      	beq.n	10002ba6 <_etoa+0x2a2>
10002c6e:	9b1c      	ldr	r3, [sp, #112]	; 0x70
10002c70:	3b01      	subs	r3, #1
10002c72:	931c      	str	r3, [sp, #112]	; 0x70
10002c74:	e797      	b.n	10002ba6 <_etoa+0x2a2>
10002c76:	2700      	movs	r7, #0
10002c78:	e799      	b.n	10002bae <_etoa+0x2aa>
10002c7a:	9c06      	ldr	r4, [sp, #24]
10002c7c:	9d07      	ldr	r5, [sp, #28]
10002c7e:	0022      	movs	r2, r4
10002c80:	0029      	movs	r1, r5
10002c82:	2080      	movs	r0, #128	; 0x80
10002c84:	0600      	lsls	r0, r0, #24
10002c86:	4684      	mov	ip, r0
10002c88:	4461      	add	r1, ip
10002c8a:	000b      	movs	r3, r1
10002c8c:	9206      	str	r2, [sp, #24]
10002c8e:	9307      	str	r3, [sp, #28]
10002c90:	e7aa      	b.n	10002be8 <_etoa+0x2e4>
10002c92:	2565      	movs	r5, #101	; 0x65
10002c94:	e7c0      	b.n	10002c18 <_etoa+0x314>
10002c96:	46c0      	nop			; (mov r8, r8)
10002c98:	7fefffff 	.word	0x7fefffff
10002c9c:	ffefffff 	.word	0xffefffff
10002ca0:	fffffc01 	.word	0xfffffc01
10002ca4:	3ff00000 	.word	0x3ff00000
10002ca8:	509f79fb 	.word	0x509f79fb
10002cac:	3fd34413 	.word	0x3fd34413
10002cb0:	8b60c8b3 	.word	0x8b60c8b3
10002cb4:	3fc68a28 	.word	0x3fc68a28
10002cb8:	3ff80000 	.word	0x3ff80000
10002cbc:	636f4361 	.word	0x636f4361
10002cc0:	3fd287a7 	.word	0x3fd287a7
10002cc4:	0979a371 	.word	0x0979a371
10002cc8:	400a934f 	.word	0x400a934f
10002ccc:	3fe00000 	.word	0x3fe00000
10002cd0:	bbb55516 	.word	0xbbb55516
10002cd4:	40026bb1 	.word	0x40026bb1
10002cd8:	fefa39ef 	.word	0xfefa39ef
10002cdc:	3fe62e42 	.word	0x3fe62e42
10002ce0:	000003ff 	.word	0x000003ff
10002ce4:	402c0000 	.word	0x402c0000
10002ce8:	40240000 	.word	0x40240000
10002cec:	40180000 	.word	0x40180000
10002cf0:	eb1c432d 	.word	0xeb1c432d
10002cf4:	3f1a36e2 	.word	0x3f1a36e2
10002cf8:	412e8480 	.word	0x412e8480
10002cfc:	fffff7ff 	.word	0xfffff7ff
10002d00:	1c54      	adds	r4, r2, #1
10002d02:	4643      	mov	r3, r8
10002d04:	4651      	mov	r1, sl
10002d06:	2020      	movs	r0, #32
10002d08:	47b8      	blx	r7
10002d0a:	0022      	movs	r2, r4
10002d0c:	1b93      	subs	r3, r2, r6
10002d0e:	42ab      	cmp	r3, r5
10002d10:	d3f6      	bcc.n	10002d00 <_etoa+0x3fc>
10002d12:	0010      	movs	r0, r2
10002d14:	e704      	b.n	10002b20 <_etoa+0x21c>
10002d16:	46c0      	nop			; (mov r8, r8)

10002d18 <_ftoa>:
10002d18:	b5f0      	push	{r4, r5, r6, r7, lr}
10002d1a:	46de      	mov	lr, fp
10002d1c:	4657      	mov	r7, sl
10002d1e:	464e      	mov	r6, r9
10002d20:	4645      	mov	r5, r8
10002d22:	b5e0      	push	{r5, r6, r7, lr}
10002d24:	b095      	sub	sp, #84	; 0x54
10002d26:	9006      	str	r0, [sp, #24]
10002d28:	9107      	str	r1, [sp, #28]
10002d2a:	4693      	mov	fp, r2
10002d2c:	4699      	mov	r9, r3
10002d2e:	9f20      	ldr	r7, [sp, #128]	; 0x80
10002d30:	9a1e      	ldr	r2, [sp, #120]	; 0x78
10002d32:	9b1f      	ldr	r3, [sp, #124]	; 0x7c
10002d34:	0010      	movs	r0, r2
10002d36:	0019      	movs	r1, r3
10002d38:	f000 ffcf 	bl	10003cda <__wrap___aeabi_dcmpun>
10002d3c:	2800      	cmp	r0, #0
10002d3e:	d131      	bne.n	10002da4 <_ftoa+0x8c>
10002d40:	2201      	movs	r2, #1
10002d42:	4252      	negs	r2, r2
10002d44:	4bbf      	ldr	r3, [pc, #764]	; (10003044 <_ftoa+0x32c>)
10002d46:	981e      	ldr	r0, [sp, #120]	; 0x78
10002d48:	991f      	ldr	r1, [sp, #124]	; 0x7c
10002d4a:	f000 ffab 	bl	10003ca4 <__wrap___aeabi_dcmplt>
10002d4e:	2800      	cmp	r0, #0
10002d50:	d137      	bne.n	10002dc2 <_ftoa+0xaa>
10002d52:	2201      	movs	r2, #1
10002d54:	4252      	negs	r2, r2
10002d56:	4bbc      	ldr	r3, [pc, #752]	; (10003048 <_ftoa+0x330>)
10002d58:	981e      	ldr	r0, [sp, #120]	; 0x78
10002d5a:	991f      	ldr	r1, [sp, #124]	; 0x7c
10002d5c:	f000 ffb8 	bl	10003cd0 <__wrap___aeabi_dcmpgt>
10002d60:	2800      	cmp	r0, #0
10002d62:	d13d      	bne.n	10002de0 <_ftoa+0xc8>
10002d64:	2200      	movs	r2, #0
10002d66:	4bb9      	ldr	r3, [pc, #740]	; (1000304c <_ftoa+0x334>)
10002d68:	981e      	ldr	r0, [sp, #120]	; 0x78
10002d6a:	991f      	ldr	r1, [sp, #124]	; 0x7c
10002d6c:	f000 ffb0 	bl	10003cd0 <__wrap___aeabi_dcmpgt>
10002d70:	2800      	cmp	r0, #0
10002d72:	d150      	bne.n	10002e16 <_ftoa+0xfe>
10002d74:	2200      	movs	r2, #0
10002d76:	4bb6      	ldr	r3, [pc, #728]	; (10003050 <_ftoa+0x338>)
10002d78:	981e      	ldr	r0, [sp, #120]	; 0x78
10002d7a:	991f      	ldr	r1, [sp, #124]	; 0x7c
10002d7c:	f000 ff92 	bl	10003ca4 <__wrap___aeabi_dcmplt>
10002d80:	2800      	cmp	r0, #0
10002d82:	d148      	bne.n	10002e16 <_ftoa+0xfe>
10002d84:	2200      	movs	r2, #0
10002d86:	2300      	movs	r3, #0
10002d88:	981e      	ldr	r0, [sp, #120]	; 0x78
10002d8a:	991f      	ldr	r1, [sp, #124]	; 0x7c
10002d8c:	f000 ff8a 	bl	10003ca4 <__wrap___aeabi_dcmplt>
10002d90:	2800      	cmp	r0, #0
10002d92:	d150      	bne.n	10002e36 <_ftoa+0x11e>
10002d94:	2300      	movs	r3, #0
10002d96:	4698      	mov	r8, r3
10002d98:	9b22      	ldr	r3, [sp, #136]	; 0x88
10002d9a:	055b      	lsls	r3, r3, #21
10002d9c:	d400      	bmi.n	10002da0 <_ftoa+0x88>
10002d9e:	e0b6      	b.n	10002f0e <_ftoa+0x1f6>
10002da0:	2400      	movs	r4, #0
10002da2:	e058      	b.n	10002e56 <_ftoa+0x13e>
10002da4:	9b22      	ldr	r3, [sp, #136]	; 0x88
10002da6:	9303      	str	r3, [sp, #12]
10002da8:	9b21      	ldr	r3, [sp, #132]	; 0x84
10002daa:	9302      	str	r3, [sp, #8]
10002dac:	2303      	movs	r3, #3
10002dae:	9301      	str	r3, [sp, #4]
10002db0:	4ba8      	ldr	r3, [pc, #672]	; (10003054 <_ftoa+0x33c>)
10002db2:	9300      	str	r3, [sp, #0]
10002db4:	464b      	mov	r3, r9
10002db6:	465a      	mov	r2, fp
10002db8:	9907      	ldr	r1, [sp, #28]
10002dba:	9806      	ldr	r0, [sp, #24]
10002dbc:	f7ff fbf2 	bl	100025a4 <_out_rev>
10002dc0:	e10e      	b.n	10002fe0 <_ftoa+0x2c8>
10002dc2:	9b22      	ldr	r3, [sp, #136]	; 0x88
10002dc4:	9303      	str	r3, [sp, #12]
10002dc6:	9b21      	ldr	r3, [sp, #132]	; 0x84
10002dc8:	9302      	str	r3, [sp, #8]
10002dca:	2304      	movs	r3, #4
10002dcc:	9301      	str	r3, [sp, #4]
10002dce:	4ba2      	ldr	r3, [pc, #648]	; (10003058 <_ftoa+0x340>)
10002dd0:	9300      	str	r3, [sp, #0]
10002dd2:	464b      	mov	r3, r9
10002dd4:	465a      	mov	r2, fp
10002dd6:	9907      	ldr	r1, [sp, #28]
10002dd8:	9806      	ldr	r0, [sp, #24]
10002dda:	f7ff fbe3 	bl	100025a4 <_out_rev>
10002dde:	e0ff      	b.n	10002fe0 <_ftoa+0x2c8>
10002de0:	2304      	movs	r3, #4
10002de2:	9a22      	ldr	r2, [sp, #136]	; 0x88
10002de4:	401a      	ands	r2, r3
10002de6:	9922      	ldr	r1, [sp, #136]	; 0x88
10002de8:	420b      	tst	r3, r1
10002dea:	d010      	beq.n	10002e0e <_ftoa+0xf6>
10002dec:	4b9b      	ldr	r3, [pc, #620]	; (1000305c <_ftoa+0x344>)
10002dee:	2a00      	cmp	r2, #0
10002df0:	d00f      	beq.n	10002e12 <_ftoa+0xfa>
10002df2:	2204      	movs	r2, #4
10002df4:	9922      	ldr	r1, [sp, #136]	; 0x88
10002df6:	9103      	str	r1, [sp, #12]
10002df8:	9921      	ldr	r1, [sp, #132]	; 0x84
10002dfa:	9102      	str	r1, [sp, #8]
10002dfc:	9201      	str	r2, [sp, #4]
10002dfe:	9300      	str	r3, [sp, #0]
10002e00:	464b      	mov	r3, r9
10002e02:	465a      	mov	r2, fp
10002e04:	9907      	ldr	r1, [sp, #28]
10002e06:	9806      	ldr	r0, [sp, #24]
10002e08:	f7ff fbcc 	bl	100025a4 <_out_rev>
10002e0c:	e0e8      	b.n	10002fe0 <_ftoa+0x2c8>
10002e0e:	4b94      	ldr	r3, [pc, #592]	; (10003060 <_ftoa+0x348>)
10002e10:	e7ed      	b.n	10002dee <_ftoa+0xd6>
10002e12:	2203      	movs	r2, #3
10002e14:	e7ee      	b.n	10002df4 <_ftoa+0xdc>
10002e16:	9b22      	ldr	r3, [sp, #136]	; 0x88
10002e18:	9304      	str	r3, [sp, #16]
10002e1a:	9b21      	ldr	r3, [sp, #132]	; 0x84
10002e1c:	9303      	str	r3, [sp, #12]
10002e1e:	9702      	str	r7, [sp, #8]
10002e20:	9b1e      	ldr	r3, [sp, #120]	; 0x78
10002e22:	9c1f      	ldr	r4, [sp, #124]	; 0x7c
10002e24:	9300      	str	r3, [sp, #0]
10002e26:	9401      	str	r4, [sp, #4]
10002e28:	464b      	mov	r3, r9
10002e2a:	465a      	mov	r2, fp
10002e2c:	9907      	ldr	r1, [sp, #28]
10002e2e:	9806      	ldr	r0, [sp, #24]
10002e30:	f7ff fd68 	bl	10002904 <_etoa>
10002e34:	e0d4      	b.n	10002fe0 <_ftoa+0x2c8>
10002e36:	9a1e      	ldr	r2, [sp, #120]	; 0x78
10002e38:	9b1f      	ldr	r3, [sp, #124]	; 0x7c
10002e3a:	2000      	movs	r0, #0
10002e3c:	2100      	movs	r1, #0
10002e3e:	f000 fece 	bl	10003bde <__wrap___aeabi_dsub>
10002e42:	901e      	str	r0, [sp, #120]	; 0x78
10002e44:	911f      	str	r1, [sp, #124]	; 0x7c
10002e46:	2301      	movs	r3, #1
10002e48:	4698      	mov	r8, r3
10002e4a:	e7a5      	b.n	10002d98 <_ftoa+0x80>
10002e4c:	ab0c      	add	r3, sp, #48	; 0x30
10002e4e:	2230      	movs	r2, #48	; 0x30
10002e50:	551a      	strb	r2, [r3, r4]
10002e52:	3f01      	subs	r7, #1
10002e54:	3401      	adds	r4, #1
10002e56:	2c1f      	cmp	r4, #31
10002e58:	d801      	bhi.n	10002e5e <_ftoa+0x146>
10002e5a:	2f09      	cmp	r7, #9
10002e5c:	d8f6      	bhi.n	10002e4c <_ftoa+0x134>
10002e5e:	981e      	ldr	r0, [sp, #120]	; 0x78
10002e60:	991f      	ldr	r1, [sp, #124]	; 0x7c
10002e62:	f000 ff65 	bl	10003d30 <__wrap___aeabi_d2iz>
10002e66:	0005      	movs	r5, r0
10002e68:	f000 ff4a 	bl	10003d00 <__wrap___aeabi_i2d>
10002e6c:	0002      	movs	r2, r0
10002e6e:	000b      	movs	r3, r1
10002e70:	981e      	ldr	r0, [sp, #120]	; 0x78
10002e72:	991f      	ldr	r1, [sp, #124]	; 0x7c
10002e74:	f000 feb3 	bl	10003bde <__wrap___aeabi_dsub>
10002e78:	00fa      	lsls	r2, r7, #3
10002e7a:	4b7a      	ldr	r3, [pc, #488]	; (10003064 <_ftoa+0x34c>)
10002e7c:	189b      	adds	r3, r3, r2
10002e7e:	681a      	ldr	r2, [r3, #0]
10002e80:	685b      	ldr	r3, [r3, #4]
10002e82:	920a      	str	r2, [sp, #40]	; 0x28
10002e84:	930b      	str	r3, [sp, #44]	; 0x2c
10002e86:	f000 fece 	bl	10003c26 <__wrap___aeabi_dmul>
10002e8a:	9008      	str	r0, [sp, #32]
10002e8c:	9109      	str	r1, [sp, #36]	; 0x24
10002e8e:	f000 ff73 	bl	10003d78 <__wrap___aeabi_d2uiz>
10002e92:	0006      	movs	r6, r0
10002e94:	f000 ff30 	bl	10003cf8 <__wrap___aeabi_ui2d>
10002e98:	0002      	movs	r2, r0
10002e9a:	000b      	movs	r3, r1
10002e9c:	9808      	ldr	r0, [sp, #32]
10002e9e:	9909      	ldr	r1, [sp, #36]	; 0x24
10002ea0:	f000 fe9d 	bl	10003bde <__wrap___aeabi_dsub>
10002ea4:	9008      	str	r0, [sp, #32]
10002ea6:	9109      	str	r1, [sp, #36]	; 0x24
10002ea8:	2200      	movs	r2, #0
10002eaa:	4b6f      	ldr	r3, [pc, #444]	; (10003068 <_ftoa+0x350>)
10002eac:	f000 ff10 	bl	10003cd0 <__wrap___aeabi_dcmpgt>
10002eb0:	2800      	cmp	r0, #0
10002eb2:	d02e      	beq.n	10002f12 <_ftoa+0x1fa>
10002eb4:	3601      	adds	r6, #1
10002eb6:	0030      	movs	r0, r6
10002eb8:	f000 ff1e 	bl	10003cf8 <__wrap___aeabi_ui2d>
10002ebc:	0002      	movs	r2, r0
10002ebe:	000b      	movs	r3, r1
10002ec0:	980a      	ldr	r0, [sp, #40]	; 0x28
10002ec2:	990b      	ldr	r1, [sp, #44]	; 0x2c
10002ec4:	f000 fef4 	bl	10003cb0 <__wrap___aeabi_dcmple>
10002ec8:	2800      	cmp	r0, #0
10002eca:	d001      	beq.n	10002ed0 <_ftoa+0x1b8>
10002ecc:	3501      	adds	r5, #1
10002ece:	2600      	movs	r6, #0
10002ed0:	2f00      	cmp	r7, #0
10002ed2:	d12c      	bne.n	10002f2e <_ftoa+0x216>
10002ed4:	0028      	movs	r0, r5
10002ed6:	f000 ff13 	bl	10003d00 <__wrap___aeabi_i2d>
10002eda:	0002      	movs	r2, r0
10002edc:	000b      	movs	r3, r1
10002ede:	981e      	ldr	r0, [sp, #120]	; 0x78
10002ee0:	991f      	ldr	r1, [sp, #124]	; 0x7c
10002ee2:	f000 fe7c 	bl	10003bde <__wrap___aeabi_dsub>
10002ee6:	0006      	movs	r6, r0
10002ee8:	000f      	movs	r7, r1
10002eea:	2200      	movs	r2, #0
10002eec:	4b5e      	ldr	r3, [pc, #376]	; (10003068 <_ftoa+0x350>)
10002eee:	f000 fed9 	bl	10003ca4 <__wrap___aeabi_dcmplt>
10002ef2:	2800      	cmp	r0, #0
10002ef4:	d146      	bne.n	10002f84 <_ftoa+0x26c>
10002ef6:	2200      	movs	r2, #0
10002ef8:	4b5b      	ldr	r3, [pc, #364]	; (10003068 <_ftoa+0x350>)
10002efa:	0030      	movs	r0, r6
10002efc:	0039      	movs	r1, r7
10002efe:	f000 fee7 	bl	10003cd0 <__wrap___aeabi_dcmpgt>
10002f02:	2800      	cmp	r0, #0
10002f04:	d13e      	bne.n	10002f84 <_ftoa+0x26c>
10002f06:	07eb      	lsls	r3, r5, #31
10002f08:	d53c      	bpl.n	10002f84 <_ftoa+0x26c>
10002f0a:	3501      	adds	r5, #1
10002f0c:	e03a      	b.n	10002f84 <_ftoa+0x26c>
10002f0e:	2706      	movs	r7, #6
10002f10:	e746      	b.n	10002da0 <_ftoa+0x88>
10002f12:	2200      	movs	r2, #0
10002f14:	4b54      	ldr	r3, [pc, #336]	; (10003068 <_ftoa+0x350>)
10002f16:	9808      	ldr	r0, [sp, #32]
10002f18:	9909      	ldr	r1, [sp, #36]	; 0x24
10002f1a:	f000 fec3 	bl	10003ca4 <__wrap___aeabi_dcmplt>
10002f1e:	2800      	cmp	r0, #0
10002f20:	d1d6      	bne.n	10002ed0 <_ftoa+0x1b8>
10002f22:	2e00      	cmp	r6, #0
10002f24:	d001      	beq.n	10002f2a <_ftoa+0x212>
10002f26:	07f3      	lsls	r3, r6, #31
10002f28:	d5d2      	bpl.n	10002ed0 <_ftoa+0x1b8>
10002f2a:	3601      	adds	r6, #1
10002f2c:	e7d0      	b.n	10002ed0 <_ftoa+0x1b8>
10002f2e:	46aa      	mov	sl, r5
10002f30:	2c1f      	cmp	r4, #31
10002f32:	d811      	bhi.n	10002f58 <_ftoa+0x240>
10002f34:	3f01      	subs	r7, #1
10002f36:	210a      	movs	r1, #10
10002f38:	0030      	movs	r0, r6
10002f3a:	f000 fc15 	bl	10003768 <__wrap___aeabi_uidiv>
10002f3e:	1c65      	adds	r5, r4, #1
10002f40:	3130      	adds	r1, #48	; 0x30
10002f42:	ab0c      	add	r3, sp, #48	; 0x30
10002f44:	5519      	strb	r1, [r3, r4]
10002f46:	210a      	movs	r1, #10
10002f48:	0030      	movs	r0, r6
10002f4a:	f000 fc0d 	bl	10003768 <__wrap___aeabi_uidiv>
10002f4e:	2e09      	cmp	r6, #9
10002f50:	d90e      	bls.n	10002f70 <_ftoa+0x258>
10002f52:	0006      	movs	r6, r0
10002f54:	002c      	movs	r4, r5
10002f56:	e7eb      	b.n	10002f30 <_ftoa+0x218>
10002f58:	4655      	mov	r5, sl
10002f5a:	2c1f      	cmp	r4, #31
10002f5c:	d80c      	bhi.n	10002f78 <_ftoa+0x260>
10002f5e:	1e7b      	subs	r3, r7, #1
10002f60:	2f00      	cmp	r7, #0
10002f62:	d009      	beq.n	10002f78 <_ftoa+0x260>
10002f64:	aa0c      	add	r2, sp, #48	; 0x30
10002f66:	2130      	movs	r1, #48	; 0x30
10002f68:	5511      	strb	r1, [r2, r4]
10002f6a:	001f      	movs	r7, r3
10002f6c:	3401      	adds	r4, #1
10002f6e:	e7f4      	b.n	10002f5a <_ftoa+0x242>
10002f70:	002b      	movs	r3, r5
10002f72:	4655      	mov	r5, sl
10002f74:	001c      	movs	r4, r3
10002f76:	e7f0      	b.n	10002f5a <_ftoa+0x242>
10002f78:	2c1f      	cmp	r4, #31
10002f7a:	d803      	bhi.n	10002f84 <_ftoa+0x26c>
10002f7c:	ab0c      	add	r3, sp, #48	; 0x30
10002f7e:	222e      	movs	r2, #46	; 0x2e
10002f80:	551a      	strb	r2, [r3, r4]
10002f82:	3401      	adds	r4, #1
10002f84:	2c1f      	cmp	r4, #31
10002f86:	d810      	bhi.n	10002faa <_ftoa+0x292>
10002f88:	210a      	movs	r1, #10
10002f8a:	0028      	movs	r0, r5
10002f8c:	f000 fbc4 	bl	10003718 <__wrap___aeabi_idiv>
10002f90:	1c66      	adds	r6, r4, #1
10002f92:	3130      	adds	r1, #48	; 0x30
10002f94:	ab0c      	add	r3, sp, #48	; 0x30
10002f96:	5519      	strb	r1, [r3, r4]
10002f98:	210a      	movs	r1, #10
10002f9a:	0028      	movs	r0, r5
10002f9c:	f000 fbbc 	bl	10003718 <__wrap___aeabi_idiv>
10002fa0:	1e05      	subs	r5, r0, #0
10002fa2:	d001      	beq.n	10002fa8 <_ftoa+0x290>
10002fa4:	0034      	movs	r4, r6
10002fa6:	e7ed      	b.n	10002f84 <_ftoa+0x26c>
10002fa8:	0034      	movs	r4, r6
10002faa:	2303      	movs	r3, #3
10002fac:	9a22      	ldr	r2, [sp, #136]	; 0x88
10002fae:	4013      	ands	r3, r2
10002fb0:	2b01      	cmp	r3, #1
10002fb2:	d01c      	beq.n	10002fee <_ftoa+0x2d6>
10002fb4:	2c1f      	cmp	r4, #31
10002fb6:	d806      	bhi.n	10002fc6 <_ftoa+0x2ae>
10002fb8:	4643      	mov	r3, r8
10002fba:	2b00      	cmp	r3, #0
10002fbc:	d032      	beq.n	10003024 <_ftoa+0x30c>
10002fbe:	ab0c      	add	r3, sp, #48	; 0x30
10002fc0:	222d      	movs	r2, #45	; 0x2d
10002fc2:	551a      	strb	r2, [r3, r4]
10002fc4:	3401      	adds	r4, #1
10002fc6:	9b22      	ldr	r3, [sp, #136]	; 0x88
10002fc8:	9303      	str	r3, [sp, #12]
10002fca:	9b21      	ldr	r3, [sp, #132]	; 0x84
10002fcc:	9302      	str	r3, [sp, #8]
10002fce:	9401      	str	r4, [sp, #4]
10002fd0:	ab0c      	add	r3, sp, #48	; 0x30
10002fd2:	9300      	str	r3, [sp, #0]
10002fd4:	464b      	mov	r3, r9
10002fd6:	465a      	mov	r2, fp
10002fd8:	9907      	ldr	r1, [sp, #28]
10002fda:	9806      	ldr	r0, [sp, #24]
10002fdc:	f7ff fae2 	bl	100025a4 <_out_rev>
10002fe0:	b015      	add	sp, #84	; 0x54
10002fe2:	bcf0      	pop	{r4, r5, r6, r7}
10002fe4:	46bb      	mov	fp, r7
10002fe6:	46b2      	mov	sl, r6
10002fe8:	46a9      	mov	r9, r5
10002fea:	46a0      	mov	r8, r4
10002fec:	bdf0      	pop	{r4, r5, r6, r7, pc}
10002fee:	9b21      	ldr	r3, [sp, #132]	; 0x84
10002ff0:	2b00      	cmp	r3, #0
10002ff2:	d013      	beq.n	1000301c <_ftoa+0x304>
10002ff4:	4643      	mov	r3, r8
10002ff6:	2b00      	cmp	r3, #0
10002ff8:	d102      	bne.n	10003000 <_ftoa+0x2e8>
10002ffa:	330c      	adds	r3, #12
10002ffc:	4213      	tst	r3, r2
10002ffe:	d00f      	beq.n	10003020 <_ftoa+0x308>
10003000:	9b21      	ldr	r3, [sp, #132]	; 0x84
10003002:	3b01      	subs	r3, #1
10003004:	9321      	str	r3, [sp, #132]	; 0x84
10003006:	0019      	movs	r1, r3
10003008:	e003      	b.n	10003012 <_ftoa+0x2fa>
1000300a:	ab0c      	add	r3, sp, #48	; 0x30
1000300c:	2230      	movs	r2, #48	; 0x30
1000300e:	551a      	strb	r2, [r3, r4]
10003010:	3401      	adds	r4, #1
10003012:	428c      	cmp	r4, r1
10003014:	d2ce      	bcs.n	10002fb4 <_ftoa+0x29c>
10003016:	2c1f      	cmp	r4, #31
10003018:	d9f7      	bls.n	1000300a <_ftoa+0x2f2>
1000301a:	e7cb      	b.n	10002fb4 <_ftoa+0x29c>
1000301c:	9921      	ldr	r1, [sp, #132]	; 0x84
1000301e:	e7f8      	b.n	10003012 <_ftoa+0x2fa>
10003020:	9921      	ldr	r1, [sp, #132]	; 0x84
10003022:	e7f6      	b.n	10003012 <_ftoa+0x2fa>
10003024:	9b22      	ldr	r3, [sp, #136]	; 0x88
10003026:	075b      	lsls	r3, r3, #29
10003028:	d504      	bpl.n	10003034 <_ftoa+0x31c>
1000302a:	ab0c      	add	r3, sp, #48	; 0x30
1000302c:	222b      	movs	r2, #43	; 0x2b
1000302e:	551a      	strb	r2, [r3, r4]
10003030:	3401      	adds	r4, #1
10003032:	e7c8      	b.n	10002fc6 <_ftoa+0x2ae>
10003034:	9b22      	ldr	r3, [sp, #136]	; 0x88
10003036:	071b      	lsls	r3, r3, #28
10003038:	d5c5      	bpl.n	10002fc6 <_ftoa+0x2ae>
1000303a:	ab0c      	add	r3, sp, #48	; 0x30
1000303c:	2220      	movs	r2, #32
1000303e:	551a      	strb	r2, [r3, r4]
10003040:	3401      	adds	r4, #1
10003042:	e7c0      	b.n	10002fc6 <_ftoa+0x2ae>
10003044:	ffefffff 	.word	0xffefffff
10003048:	7fefffff 	.word	0x7fefffff
1000304c:	41cdcd65 	.word	0x41cdcd65
10003050:	c1cdcd65 	.word	0xc1cdcd65
10003054:	10005750 	.word	0x10005750
10003058:	10005754 	.word	0x10005754
1000305c:	10005748 	.word	0x10005748
10003060:	10005744 	.word	0x10005744
10003064:	10005940 	.word	0x10005940
10003068:	3fe00000 	.word	0x3fe00000

1000306c <_vsnprintf>:
1000306c:	b5f0      	push	{r4, r5, r6, r7, lr}
1000306e:	46de      	mov	lr, fp
10003070:	4657      	mov	r7, sl
10003072:	464e      	mov	r6, r9
10003074:	4645      	mov	r5, r8
10003076:	b5e0      	push	{r5, r6, r7, lr}
10003078:	b093      	sub	sp, #76	; 0x4c
1000307a:	4682      	mov	sl, r0
1000307c:	468b      	mov	fp, r1
1000307e:	4690      	mov	r8, r2
10003080:	9311      	str	r3, [sp, #68]	; 0x44
10003082:	2900      	cmp	r1, #0
10003084:	d100      	bne.n	10003088 <_vsnprintf+0x1c>
10003086:	e2eb      	b.n	10003660 <_vsnprintf+0x5f4>
10003088:	2700      	movs	r7, #0
1000308a:	4655      	mov	r5, sl
1000308c:	9b11      	ldr	r3, [sp, #68]	; 0x44
1000308e:	7818      	ldrb	r0, [r3, #0]
10003090:	2800      	cmp	r0, #0
10003092:	d100      	bne.n	10003096 <_vsnprintf+0x2a>
10003094:	e2e7      	b.n	10003666 <_vsnprintf+0x5fa>
10003096:	2825      	cmp	r0, #37	; 0x25
10003098:	d009      	beq.n	100030ae <_vsnprintf+0x42>
1000309a:	1c7c      	adds	r4, r7, #1
1000309c:	4643      	mov	r3, r8
1000309e:	003a      	movs	r2, r7
100030a0:	4659      	mov	r1, fp
100030a2:	47a8      	blx	r5
100030a4:	9b11      	ldr	r3, [sp, #68]	; 0x44
100030a6:	3301      	adds	r3, #1
100030a8:	9311      	str	r3, [sp, #68]	; 0x44
100030aa:	0027      	movs	r7, r4
100030ac:	e7ee      	b.n	1000308c <_vsnprintf+0x20>
100030ae:	3301      	adds	r3, #1
100030b0:	9311      	str	r3, [sp, #68]	; 0x44
100030b2:	2400      	movs	r4, #0
100030b4:	9a11      	ldr	r2, [sp, #68]	; 0x44
100030b6:	7811      	ldrb	r1, [r2, #0]
100030b8:	000b      	movs	r3, r1
100030ba:	3b20      	subs	r3, #32
100030bc:	b2d8      	uxtb	r0, r3
100030be:	2810      	cmp	r0, #16
100030c0:	d803      	bhi.n	100030ca <_vsnprintf+0x5e>
100030c2:	0083      	lsls	r3, r0, #2
100030c4:	48d0      	ldr	r0, [pc, #832]	; (10003408 <_vsnprintf+0x39c>)
100030c6:	58c3      	ldr	r3, [r0, r3]
100030c8:	469f      	mov	pc, r3
100030ca:	000b      	movs	r3, r1
100030cc:	3b30      	subs	r3, #48	; 0x30
100030ce:	b2db      	uxtb	r3, r3
100030d0:	2b09      	cmp	r3, #9
100030d2:	d92c      	bls.n	1000312e <_vsnprintf+0xc2>
100030d4:	292a      	cmp	r1, #42	; 0x2a
100030d6:	d02f      	beq.n	10003138 <_vsnprintf+0xcc>
100030d8:	2300      	movs	r3, #0
100030da:	930a      	str	r3, [sp, #40]	; 0x28
100030dc:	9b11      	ldr	r3, [sp, #68]	; 0x44
100030de:	781a      	ldrb	r2, [r3, #0]
100030e0:	2a2e      	cmp	r2, #46	; 0x2e
100030e2:	d039      	beq.n	10003158 <_vsnprintf+0xec>
100030e4:	2300      	movs	r3, #0
100030e6:	469a      	mov	sl, r3
100030e8:	9a11      	ldr	r2, [sp, #68]	; 0x44
100030ea:	7813      	ldrb	r3, [r2, #0]
100030ec:	3b68      	subs	r3, #104	; 0x68
100030ee:	b2d9      	uxtb	r1, r3
100030f0:	2912      	cmp	r1, #18
100030f2:	d876      	bhi.n	100031e2 <_vsnprintf+0x176>
100030f4:	008b      	lsls	r3, r1, #2
100030f6:	49c5      	ldr	r1, [pc, #788]	; (1000340c <_vsnprintf+0x3a0>)
100030f8:	58cb      	ldr	r3, [r1, r3]
100030fa:	469f      	mov	pc, r3
100030fc:	2301      	movs	r3, #1
100030fe:	431c      	orrs	r4, r3
10003100:	3201      	adds	r2, #1
10003102:	9211      	str	r2, [sp, #68]	; 0x44
10003104:	e7d6      	b.n	100030b4 <_vsnprintf+0x48>
10003106:	2302      	movs	r3, #2
10003108:	431c      	orrs	r4, r3
1000310a:	3201      	adds	r2, #1
1000310c:	9211      	str	r2, [sp, #68]	; 0x44
1000310e:	e7d1      	b.n	100030b4 <_vsnprintf+0x48>
10003110:	2304      	movs	r3, #4
10003112:	431c      	orrs	r4, r3
10003114:	3201      	adds	r2, #1
10003116:	9211      	str	r2, [sp, #68]	; 0x44
10003118:	e7cc      	b.n	100030b4 <_vsnprintf+0x48>
1000311a:	2308      	movs	r3, #8
1000311c:	431c      	orrs	r4, r3
1000311e:	3201      	adds	r2, #1
10003120:	9211      	str	r2, [sp, #68]	; 0x44
10003122:	e7c7      	b.n	100030b4 <_vsnprintf+0x48>
10003124:	2310      	movs	r3, #16
10003126:	431c      	orrs	r4, r3
10003128:	3201      	adds	r2, #1
1000312a:	9211      	str	r2, [sp, #68]	; 0x44
1000312c:	e7c2      	b.n	100030b4 <_vsnprintf+0x48>
1000312e:	a811      	add	r0, sp, #68	; 0x44
10003130:	f7ff fa26 	bl	10002580 <_atoi>
10003134:	900a      	str	r0, [sp, #40]	; 0x28
10003136:	e7d1      	b.n	100030dc <_vsnprintf+0x70>
10003138:	9b1c      	ldr	r3, [sp, #112]	; 0x70
1000313a:	1d1a      	adds	r2, r3, #4
1000313c:	921c      	str	r2, [sp, #112]	; 0x70
1000313e:	6818      	ldr	r0, [r3, #0]
10003140:	2800      	cmp	r0, #0
10003142:	db04      	blt.n	1000314e <_vsnprintf+0xe2>
10003144:	900a      	str	r0, [sp, #40]	; 0x28
10003146:	9b11      	ldr	r3, [sp, #68]	; 0x44
10003148:	3301      	adds	r3, #1
1000314a:	9311      	str	r3, [sp, #68]	; 0x44
1000314c:	e7c6      	b.n	100030dc <_vsnprintf+0x70>
1000314e:	2302      	movs	r3, #2
10003150:	431c      	orrs	r4, r3
10003152:	4243      	negs	r3, r0
10003154:	930a      	str	r3, [sp, #40]	; 0x28
10003156:	e7f6      	b.n	10003146 <_vsnprintf+0xda>
10003158:	2280      	movs	r2, #128	; 0x80
1000315a:	00d2      	lsls	r2, r2, #3
1000315c:	4314      	orrs	r4, r2
1000315e:	1c5a      	adds	r2, r3, #1
10003160:	9211      	str	r2, [sp, #68]	; 0x44
10003162:	785a      	ldrb	r2, [r3, #1]
10003164:	0013      	movs	r3, r2
10003166:	3b30      	subs	r3, #48	; 0x30
10003168:	b2db      	uxtb	r3, r3
1000316a:	2b09      	cmp	r3, #9
1000316c:	d904      	bls.n	10003178 <_vsnprintf+0x10c>
1000316e:	2a2a      	cmp	r2, #42	; 0x2a
10003170:	d007      	beq.n	10003182 <_vsnprintf+0x116>
10003172:	2300      	movs	r3, #0
10003174:	469a      	mov	sl, r3
10003176:	e7b7      	b.n	100030e8 <_vsnprintf+0x7c>
10003178:	a811      	add	r0, sp, #68	; 0x44
1000317a:	f7ff fa01 	bl	10002580 <_atoi>
1000317e:	4682      	mov	sl, r0
10003180:	e7b2      	b.n	100030e8 <_vsnprintf+0x7c>
10003182:	9b1c      	ldr	r3, [sp, #112]	; 0x70
10003184:	1d1a      	adds	r2, r3, #4
10003186:	921c      	str	r2, [sp, #112]	; 0x70
10003188:	6818      	ldr	r0, [r3, #0]
1000318a:	2800      	cmp	r0, #0
1000318c:	db04      	blt.n	10003198 <_vsnprintf+0x12c>
1000318e:	4682      	mov	sl, r0
10003190:	9b11      	ldr	r3, [sp, #68]	; 0x44
10003192:	3301      	adds	r3, #1
10003194:	9311      	str	r3, [sp, #68]	; 0x44
10003196:	e7a7      	b.n	100030e8 <_vsnprintf+0x7c>
10003198:	2000      	movs	r0, #0
1000319a:	e7f8      	b.n	1000318e <_vsnprintf+0x122>
1000319c:	2380      	movs	r3, #128	; 0x80
1000319e:	005b      	lsls	r3, r3, #1
100031a0:	4323      	orrs	r3, r4
100031a2:	1c51      	adds	r1, r2, #1
100031a4:	9111      	str	r1, [sp, #68]	; 0x44
100031a6:	7852      	ldrb	r2, [r2, #1]
100031a8:	2a6c      	cmp	r2, #108	; 0x6c
100031aa:	d001      	beq.n	100031b0 <_vsnprintf+0x144>
100031ac:	001c      	movs	r4, r3
100031ae:	e018      	b.n	100031e2 <_vsnprintf+0x176>
100031b0:	23c0      	movs	r3, #192	; 0xc0
100031b2:	009b      	lsls	r3, r3, #2
100031b4:	431c      	orrs	r4, r3
100031b6:	3101      	adds	r1, #1
100031b8:	9111      	str	r1, [sp, #68]	; 0x44
100031ba:	e012      	b.n	100031e2 <_vsnprintf+0x176>
100031bc:	2380      	movs	r3, #128	; 0x80
100031be:	4323      	orrs	r3, r4
100031c0:	1c51      	adds	r1, r2, #1
100031c2:	9111      	str	r1, [sp, #68]	; 0x44
100031c4:	7852      	ldrb	r2, [r2, #1]
100031c6:	2a68      	cmp	r2, #104	; 0x68
100031c8:	d001      	beq.n	100031ce <_vsnprintf+0x162>
100031ca:	001c      	movs	r4, r3
100031cc:	e009      	b.n	100031e2 <_vsnprintf+0x176>
100031ce:	23c0      	movs	r3, #192	; 0xc0
100031d0:	431c      	orrs	r4, r3
100031d2:	3101      	adds	r1, #1
100031d4:	9111      	str	r1, [sp, #68]	; 0x44
100031d6:	e004      	b.n	100031e2 <_vsnprintf+0x176>
100031d8:	2380      	movs	r3, #128	; 0x80
100031da:	005b      	lsls	r3, r3, #1
100031dc:	431c      	orrs	r4, r3
100031de:	3201      	adds	r2, #1
100031e0:	9211      	str	r2, [sp, #68]	; 0x44
100031e2:	9b11      	ldr	r3, [sp, #68]	; 0x44
100031e4:	7818      	ldrb	r0, [r3, #0]
100031e6:	0003      	movs	r3, r0
100031e8:	3b25      	subs	r3, #37	; 0x25
100031ea:	b2da      	uxtb	r2, r3
100031ec:	2a53      	cmp	r2, #83	; 0x53
100031ee:	d900      	bls.n	100031f2 <_vsnprintf+0x186>
100031f0:	e22c      	b.n	1000364c <_vsnprintf+0x5e0>
100031f2:	0093      	lsls	r3, r2, #2
100031f4:	4a86      	ldr	r2, [pc, #536]	; (10003410 <_vsnprintf+0x3a4>)
100031f6:	58d3      	ldr	r3, [r2, r3]
100031f8:	469f      	mov	pc, r3
100031fa:	2380      	movs	r3, #128	; 0x80
100031fc:	009b      	lsls	r3, r3, #2
100031fe:	431c      	orrs	r4, r3
10003200:	3201      	adds	r2, #1
10003202:	9211      	str	r2, [sp, #68]	; 0x44
10003204:	e7ed      	b.n	100031e2 <_vsnprintf+0x176>
10003206:	2380      	movs	r3, #128	; 0x80
10003208:	005b      	lsls	r3, r3, #1
1000320a:	431c      	orrs	r4, r3
1000320c:	3201      	adds	r2, #1
1000320e:	9211      	str	r2, [sp, #68]	; 0x44
10003210:	e7e7      	b.n	100031e2 <_vsnprintf+0x176>
10003212:	2878      	cmp	r0, #120	; 0x78
10003214:	d009      	beq.n	1000322a <_vsnprintf+0x1be>
10003216:	2858      	cmp	r0, #88	; 0x58
10003218:	d038      	beq.n	1000328c <_vsnprintf+0x220>
1000321a:	286f      	cmp	r0, #111	; 0x6f
1000321c:	d038      	beq.n	10003290 <_vsnprintf+0x224>
1000321e:	2862      	cmp	r0, #98	; 0x62
10003220:	d038      	beq.n	10003294 <_vsnprintf+0x228>
10003222:	2310      	movs	r3, #16
10003224:	439c      	bics	r4, r3
10003226:	260a      	movs	r6, #10
10003228:	e000      	b.n	1000322c <_vsnprintf+0x1c0>
1000322a:	2610      	movs	r6, #16
1000322c:	2858      	cmp	r0, #88	; 0x58
1000322e:	d033      	beq.n	10003298 <_vsnprintf+0x22c>
10003230:	2869      	cmp	r0, #105	; 0x69
10003232:	d003      	beq.n	1000323c <_vsnprintf+0x1d0>
10003234:	2864      	cmp	r0, #100	; 0x64
10003236:	d001      	beq.n	1000323c <_vsnprintf+0x1d0>
10003238:	220c      	movs	r2, #12
1000323a:	4394      	bics	r4, r2
1000323c:	0563      	lsls	r3, r4, #21
1000323e:	d501      	bpl.n	10003244 <_vsnprintf+0x1d8>
10003240:	2201      	movs	r2, #1
10003242:	4394      	bics	r4, r2
10003244:	2869      	cmp	r0, #105	; 0x69
10003246:	d02a      	beq.n	1000329e <_vsnprintf+0x232>
10003248:	2864      	cmp	r0, #100	; 0x64
1000324a:	d028      	beq.n	1000329e <_vsnprintf+0x232>
1000324c:	05a3      	lsls	r3, r4, #22
1000324e:	d500      	bpl.n	10003252 <_vsnprintf+0x1e6>
10003250:	e09f      	b.n	10003392 <_vsnprintf+0x326>
10003252:	05e3      	lsls	r3, r4, #23
10003254:	d500      	bpl.n	10003258 <_vsnprintf+0x1ec>
10003256:	e0b8      	b.n	100033ca <_vsnprintf+0x35e>
10003258:	0663      	lsls	r3, r4, #25
1000325a:	d400      	bmi.n	1000325e <_vsnprintf+0x1f2>
1000325c:	e0ca      	b.n	100033f4 <_vsnprintf+0x388>
1000325e:	9a1c      	ldr	r2, [sp, #112]	; 0x70
10003260:	1d11      	adds	r1, r2, #4
10003262:	911c      	str	r1, [sp, #112]	; 0x70
10003264:	6811      	ldr	r1, [r2, #0]
10003266:	22ff      	movs	r2, #255	; 0xff
10003268:	400a      	ands	r2, r1
1000326a:	9405      	str	r4, [sp, #20]
1000326c:	9b0a      	ldr	r3, [sp, #40]	; 0x28
1000326e:	9304      	str	r3, [sp, #16]
10003270:	4653      	mov	r3, sl
10003272:	9303      	str	r3, [sp, #12]
10003274:	9602      	str	r6, [sp, #8]
10003276:	2300      	movs	r3, #0
10003278:	9301      	str	r3, [sp, #4]
1000327a:	9200      	str	r2, [sp, #0]
1000327c:	4643      	mov	r3, r8
1000327e:	003a      	movs	r2, r7
10003280:	4659      	mov	r1, fp
10003282:	0028      	movs	r0, r5
10003284:	f7ff fa6e 	bl	10002764 <_ntoa_long>
10003288:	0007      	movs	r7, r0
1000328a:	e027      	b.n	100032dc <_vsnprintf+0x270>
1000328c:	2610      	movs	r6, #16
1000328e:	e7cd      	b.n	1000322c <_vsnprintf+0x1c0>
10003290:	2608      	movs	r6, #8
10003292:	e7cb      	b.n	1000322c <_vsnprintf+0x1c0>
10003294:	2602      	movs	r6, #2
10003296:	e7c9      	b.n	1000322c <_vsnprintf+0x1c0>
10003298:	2220      	movs	r2, #32
1000329a:	4314      	orrs	r4, r2
1000329c:	e7c8      	b.n	10003230 <_vsnprintf+0x1c4>
1000329e:	05a3      	lsls	r3, r4, #22
100032a0:	d420      	bmi.n	100032e4 <_vsnprintf+0x278>
100032a2:	05e3      	lsls	r3, r4, #23
100032a4:	d450      	bmi.n	10003348 <_vsnprintf+0x2dc>
100032a6:	0663      	lsls	r3, r4, #25
100032a8:	d566      	bpl.n	10003378 <_vsnprintf+0x30c>
100032aa:	9a1c      	ldr	r2, [sp, #112]	; 0x70
100032ac:	1d11      	adds	r1, r2, #4
100032ae:	911c      	str	r1, [sp, #112]	; 0x70
100032b0:	6811      	ldr	r1, [r2, #0]
100032b2:	22ff      	movs	r2, #255	; 0xff
100032b4:	400a      	ands	r2, r1
100032b6:	17d3      	asrs	r3, r2, #31
100032b8:	18d1      	adds	r1, r2, r3
100032ba:	4059      	eors	r1, r3
100032bc:	9405      	str	r4, [sp, #20]
100032be:	9b0a      	ldr	r3, [sp, #40]	; 0x28
100032c0:	9304      	str	r3, [sp, #16]
100032c2:	4653      	mov	r3, sl
100032c4:	9303      	str	r3, [sp, #12]
100032c6:	9602      	str	r6, [sp, #8]
100032c8:	0fd2      	lsrs	r2, r2, #31
100032ca:	9201      	str	r2, [sp, #4]
100032cc:	9100      	str	r1, [sp, #0]
100032ce:	4643      	mov	r3, r8
100032d0:	003a      	movs	r2, r7
100032d2:	4659      	mov	r1, fp
100032d4:	0028      	movs	r0, r5
100032d6:	f7ff fa45 	bl	10002764 <_ntoa_long>
100032da:	0007      	movs	r7, r0
100032dc:	9b11      	ldr	r3, [sp, #68]	; 0x44
100032de:	3301      	adds	r3, #1
100032e0:	9311      	str	r3, [sp, #68]	; 0x44
100032e2:	e6d3      	b.n	1000308c <_vsnprintf+0x20>
100032e4:	9b1c      	ldr	r3, [sp, #112]	; 0x70
100032e6:	1dda      	adds	r2, r3, #7
100032e8:	2107      	movs	r1, #7
100032ea:	438a      	bics	r2, r1
100032ec:	0011      	movs	r1, r2
100032ee:	3108      	adds	r1, #8
100032f0:	911c      	str	r1, [sp, #112]	; 0x70
100032f2:	6811      	ldr	r1, [r2, #0]
100032f4:	6853      	ldr	r3, [r2, #4]
100032f6:	469c      	mov	ip, r3
100032f8:	17db      	asrs	r3, r3, #31
100032fa:	930c      	str	r3, [sp, #48]	; 0x30
100032fc:	930d      	str	r3, [sp, #52]	; 0x34
100032fe:	9a0c      	ldr	r2, [sp, #48]	; 0x30
10003300:	9b0d      	ldr	r3, [sp, #52]	; 0x34
10003302:	0010      	movs	r0, r2
10003304:	4048      	eors	r0, r1
10003306:	900e      	str	r0, [sp, #56]	; 0x38
10003308:	4662      	mov	r2, ip
1000330a:	4053      	eors	r3, r2
1000330c:	930f      	str	r3, [sp, #60]	; 0x3c
1000330e:	980e      	ldr	r0, [sp, #56]	; 0x38
10003310:	990f      	ldr	r1, [sp, #60]	; 0x3c
10003312:	9a0c      	ldr	r2, [sp, #48]	; 0x30
10003314:	9b0d      	ldr	r3, [sp, #52]	; 0x34
10003316:	1a80      	subs	r0, r0, r2
10003318:	4199      	sbcs	r1, r3
1000331a:	900e      	str	r0, [sp, #56]	; 0x38
1000331c:	910f      	str	r1, [sp, #60]	; 0x3c
1000331e:	9408      	str	r4, [sp, #32]
10003320:	9b0a      	ldr	r3, [sp, #40]	; 0x28
10003322:	9307      	str	r3, [sp, #28]
10003324:	4653      	mov	r3, sl
10003326:	9306      	str	r3, [sp, #24]
10003328:	9604      	str	r6, [sp, #16]
1000332a:	2300      	movs	r3, #0
1000332c:	9305      	str	r3, [sp, #20]
1000332e:	4663      	mov	r3, ip
10003330:	0fda      	lsrs	r2, r3, #31
10003332:	9202      	str	r2, [sp, #8]
10003334:	9000      	str	r0, [sp, #0]
10003336:	9101      	str	r1, [sp, #4]
10003338:	4643      	mov	r3, r8
1000333a:	003a      	movs	r2, r7
1000333c:	4659      	mov	r1, fp
1000333e:	0028      	movs	r0, r5
10003340:	f7ff fa6e 	bl	10002820 <_ntoa_long_long>
10003344:	0007      	movs	r7, r0
10003346:	e7c9      	b.n	100032dc <_vsnprintf+0x270>
10003348:	9a1c      	ldr	r2, [sp, #112]	; 0x70
1000334a:	1d11      	adds	r1, r2, #4
1000334c:	911c      	str	r1, [sp, #112]	; 0x70
1000334e:	6812      	ldr	r2, [r2, #0]
10003350:	17d3      	asrs	r3, r2, #31
10003352:	18d1      	adds	r1, r2, r3
10003354:	4059      	eors	r1, r3
10003356:	9405      	str	r4, [sp, #20]
10003358:	9b0a      	ldr	r3, [sp, #40]	; 0x28
1000335a:	9304      	str	r3, [sp, #16]
1000335c:	4653      	mov	r3, sl
1000335e:	9303      	str	r3, [sp, #12]
10003360:	9602      	str	r6, [sp, #8]
10003362:	0fd2      	lsrs	r2, r2, #31
10003364:	9201      	str	r2, [sp, #4]
10003366:	9100      	str	r1, [sp, #0]
10003368:	4643      	mov	r3, r8
1000336a:	003a      	movs	r2, r7
1000336c:	4659      	mov	r1, fp
1000336e:	0028      	movs	r0, r5
10003370:	f7ff f9f8 	bl	10002764 <_ntoa_long>
10003374:	0007      	movs	r7, r0
10003376:	e7b1      	b.n	100032dc <_vsnprintf+0x270>
10003378:	0623      	lsls	r3, r4, #24
1000337a:	d505      	bpl.n	10003388 <_vsnprintf+0x31c>
1000337c:	9a1c      	ldr	r2, [sp, #112]	; 0x70
1000337e:	1d11      	adds	r1, r2, #4
10003380:	911c      	str	r1, [sp, #112]	; 0x70
10003382:	2300      	movs	r3, #0
10003384:	5ed2      	ldrsh	r2, [r2, r3]
10003386:	e796      	b.n	100032b6 <_vsnprintf+0x24a>
10003388:	9a1c      	ldr	r2, [sp, #112]	; 0x70
1000338a:	1d11      	adds	r1, r2, #4
1000338c:	911c      	str	r1, [sp, #112]	; 0x70
1000338e:	6812      	ldr	r2, [r2, #0]
10003390:	e791      	b.n	100032b6 <_vsnprintf+0x24a>
10003392:	9b1c      	ldr	r3, [sp, #112]	; 0x70
10003394:	1dda      	adds	r2, r3, #7
10003396:	2107      	movs	r1, #7
10003398:	438a      	bics	r2, r1
1000339a:	0011      	movs	r1, r2
1000339c:	3108      	adds	r1, #8
1000339e:	911c      	str	r1, [sp, #112]	; 0x70
100033a0:	9408      	str	r4, [sp, #32]
100033a2:	9b0a      	ldr	r3, [sp, #40]	; 0x28
100033a4:	9307      	str	r3, [sp, #28]
100033a6:	4653      	mov	r3, sl
100033a8:	9306      	str	r3, [sp, #24]
100033aa:	9604      	str	r6, [sp, #16]
100033ac:	2300      	movs	r3, #0
100033ae:	9305      	str	r3, [sp, #20]
100033b0:	9302      	str	r3, [sp, #8]
100033b2:	6813      	ldr	r3, [r2, #0]
100033b4:	6854      	ldr	r4, [r2, #4]
100033b6:	9300      	str	r3, [sp, #0]
100033b8:	9401      	str	r4, [sp, #4]
100033ba:	4643      	mov	r3, r8
100033bc:	003a      	movs	r2, r7
100033be:	4659      	mov	r1, fp
100033c0:	0028      	movs	r0, r5
100033c2:	f7ff fa2d 	bl	10002820 <_ntoa_long_long>
100033c6:	0007      	movs	r7, r0
100033c8:	e788      	b.n	100032dc <_vsnprintf+0x270>
100033ca:	9a1c      	ldr	r2, [sp, #112]	; 0x70
100033cc:	1d11      	adds	r1, r2, #4
100033ce:	911c      	str	r1, [sp, #112]	; 0x70
100033d0:	9405      	str	r4, [sp, #20]
100033d2:	9b0a      	ldr	r3, [sp, #40]	; 0x28
100033d4:	9304      	str	r3, [sp, #16]
100033d6:	4653      	mov	r3, sl
100033d8:	9303      	str	r3, [sp, #12]
100033da:	9602      	str	r6, [sp, #8]
100033dc:	2300      	movs	r3, #0
100033de:	9301      	str	r3, [sp, #4]
100033e0:	6813      	ldr	r3, [r2, #0]
100033e2:	9300      	str	r3, [sp, #0]
100033e4:	4643      	mov	r3, r8
100033e6:	003a      	movs	r2, r7
100033e8:	4659      	mov	r1, fp
100033ea:	0028      	movs	r0, r5
100033ec:	f7ff f9ba 	bl	10002764 <_ntoa_long>
100033f0:	0007      	movs	r7, r0
100033f2:	e773      	b.n	100032dc <_vsnprintf+0x270>
100033f4:	0623      	lsls	r3, r4, #24
100033f6:	d50d      	bpl.n	10003414 <_vsnprintf+0x3a8>
100033f8:	9a1c      	ldr	r2, [sp, #112]	; 0x70
100033fa:	1d11      	adds	r1, r2, #4
100033fc:	911c      	str	r1, [sp, #112]	; 0x70
100033fe:	6812      	ldr	r2, [r2, #0]
10003400:	0412      	lsls	r2, r2, #16
10003402:	0c12      	lsrs	r2, r2, #16
10003404:	e731      	b.n	1000326a <_vsnprintf+0x1fe>
10003406:	46c0      	nop			; (mov r8, r8)
10003408:	1000575c 	.word	0x1000575c
1000340c:	100057a0 	.word	0x100057a0
10003410:	100057ec 	.word	0x100057ec
10003414:	9a1c      	ldr	r2, [sp, #112]	; 0x70
10003416:	1d11      	adds	r1, r2, #4
10003418:	911c      	str	r1, [sp, #112]	; 0x70
1000341a:	6812      	ldr	r2, [r2, #0]
1000341c:	e725      	b.n	1000326a <_vsnprintf+0x1fe>
1000341e:	2846      	cmp	r0, #70	; 0x46
10003420:	d01a      	beq.n	10003458 <_vsnprintf+0x3ec>
10003422:	9b1c      	ldr	r3, [sp, #112]	; 0x70
10003424:	3307      	adds	r3, #7
10003426:	2207      	movs	r2, #7
10003428:	4393      	bics	r3, r2
1000342a:	001a      	movs	r2, r3
1000342c:	3208      	adds	r2, #8
1000342e:	921c      	str	r2, [sp, #112]	; 0x70
10003430:	9404      	str	r4, [sp, #16]
10003432:	9a0a      	ldr	r2, [sp, #40]	; 0x28
10003434:	9203      	str	r2, [sp, #12]
10003436:	4652      	mov	r2, sl
10003438:	9202      	str	r2, [sp, #8]
1000343a:	685c      	ldr	r4, [r3, #4]
1000343c:	681b      	ldr	r3, [r3, #0]
1000343e:	9300      	str	r3, [sp, #0]
10003440:	9401      	str	r4, [sp, #4]
10003442:	4643      	mov	r3, r8
10003444:	003a      	movs	r2, r7
10003446:	4659      	mov	r1, fp
10003448:	0028      	movs	r0, r5
1000344a:	f7ff fc65 	bl	10002d18 <_ftoa>
1000344e:	0007      	movs	r7, r0
10003450:	9b11      	ldr	r3, [sp, #68]	; 0x44
10003452:	3301      	adds	r3, #1
10003454:	9311      	str	r3, [sp, #68]	; 0x44
10003456:	e619      	b.n	1000308c <_vsnprintf+0x20>
10003458:	2320      	movs	r3, #32
1000345a:	431c      	orrs	r4, r3
1000345c:	e7e1      	b.n	10003422 <_vsnprintf+0x3b6>
1000345e:	2867      	cmp	r0, #103	; 0x67
10003460:	d001      	beq.n	10003466 <_vsnprintf+0x3fa>
10003462:	2847      	cmp	r0, #71	; 0x47
10003464:	d102      	bne.n	1000346c <_vsnprintf+0x400>
10003466:	2380      	movs	r3, #128	; 0x80
10003468:	011b      	lsls	r3, r3, #4
1000346a:	431c      	orrs	r4, r3
1000346c:	2845      	cmp	r0, #69	; 0x45
1000346e:	d001      	beq.n	10003474 <_vsnprintf+0x408>
10003470:	2847      	cmp	r0, #71	; 0x47
10003472:	d101      	bne.n	10003478 <_vsnprintf+0x40c>
10003474:	2320      	movs	r3, #32
10003476:	431c      	orrs	r4, r3
10003478:	9b1c      	ldr	r3, [sp, #112]	; 0x70
1000347a:	3307      	adds	r3, #7
1000347c:	2207      	movs	r2, #7
1000347e:	4393      	bics	r3, r2
10003480:	001a      	movs	r2, r3
10003482:	3208      	adds	r2, #8
10003484:	921c      	str	r2, [sp, #112]	; 0x70
10003486:	9404      	str	r4, [sp, #16]
10003488:	9a0a      	ldr	r2, [sp, #40]	; 0x28
1000348a:	9203      	str	r2, [sp, #12]
1000348c:	4652      	mov	r2, sl
1000348e:	9202      	str	r2, [sp, #8]
10003490:	685c      	ldr	r4, [r3, #4]
10003492:	681b      	ldr	r3, [r3, #0]
10003494:	9300      	str	r3, [sp, #0]
10003496:	9401      	str	r4, [sp, #4]
10003498:	4643      	mov	r3, r8
1000349a:	003a      	movs	r2, r7
1000349c:	4659      	mov	r1, fp
1000349e:	0028      	movs	r0, r5
100034a0:	f7ff fa30 	bl	10002904 <_etoa>
100034a4:	0007      	movs	r7, r0
100034a6:	9b11      	ldr	r3, [sp, #68]	; 0x44
100034a8:	3301      	adds	r3, #1
100034aa:	9311      	str	r3, [sp, #68]	; 0x44
100034ac:	e5ee      	b.n	1000308c <_vsnprintf+0x20>
100034ae:	2302      	movs	r3, #2
100034b0:	001a      	movs	r2, r3
100034b2:	4022      	ands	r2, r4
100034b4:	4692      	mov	sl, r2
100034b6:	4223      	tst	r3, r4
100034b8:	d01f      	beq.n	100034fa <_vsnprintf+0x48e>
100034ba:	2401      	movs	r4, #1
100034bc:	9b1c      	ldr	r3, [sp, #112]	; 0x70
100034be:	1d1a      	adds	r2, r3, #4
100034c0:	921c      	str	r2, [sp, #112]	; 0x70
100034c2:	1c7a      	adds	r2, r7, #1
100034c4:	4691      	mov	r9, r2
100034c6:	7818      	ldrb	r0, [r3, #0]
100034c8:	4643      	mov	r3, r8
100034ca:	003a      	movs	r2, r7
100034cc:	4659      	mov	r1, fp
100034ce:	47a8      	blx	r5
100034d0:	4653      	mov	r3, sl
100034d2:	2b00      	cmp	r3, #0
100034d4:	d116      	bne.n	10003504 <_vsnprintf+0x498>
100034d6:	9b11      	ldr	r3, [sp, #68]	; 0x44
100034d8:	3301      	adds	r3, #1
100034da:	9311      	str	r3, [sp, #68]	; 0x44
100034dc:	464f      	mov	r7, r9
100034de:	e5d5      	b.n	1000308c <_vsnprintf+0x20>
100034e0:	1c56      	adds	r6, r2, #1
100034e2:	4643      	mov	r3, r8
100034e4:	4659      	mov	r1, fp
100034e6:	2020      	movs	r0, #32
100034e8:	47b8      	blx	r7
100034ea:	0023      	movs	r3, r4
100034ec:	0032      	movs	r2, r6
100034ee:	1c5c      	adds	r4, r3, #1
100034f0:	429d      	cmp	r5, r3
100034f2:	d8f5      	bhi.n	100034e0 <_vsnprintf+0x474>
100034f4:	003d      	movs	r5, r7
100034f6:	0017      	movs	r7, r2
100034f8:	e7e0      	b.n	100034bc <_vsnprintf+0x450>
100034fa:	2301      	movs	r3, #1
100034fc:	003a      	movs	r2, r7
100034fe:	002f      	movs	r7, r5
10003500:	9d0a      	ldr	r5, [sp, #40]	; 0x28
10003502:	e7f4      	b.n	100034ee <_vsnprintf+0x482>
10003504:	464a      	mov	r2, r9
10003506:	46a9      	mov	r9, r5
10003508:	9d0a      	ldr	r5, [sp, #40]	; 0x28
1000350a:	e006      	b.n	1000351a <_vsnprintf+0x4ae>
1000350c:	1c57      	adds	r7, r2, #1
1000350e:	4643      	mov	r3, r8
10003510:	4659      	mov	r1, fp
10003512:	2020      	movs	r0, #32
10003514:	47c8      	blx	r9
10003516:	0034      	movs	r4, r6
10003518:	003a      	movs	r2, r7
1000351a:	1c66      	adds	r6, r4, #1
1000351c:	42a5      	cmp	r5, r4
1000351e:	d8f5      	bhi.n	1000350c <_vsnprintf+0x4a0>
10003520:	464d      	mov	r5, r9
10003522:	4691      	mov	r9, r2
10003524:	e7d7      	b.n	100034d6 <_vsnprintf+0x46a>
10003526:	9b1c      	ldr	r3, [sp, #112]	; 0x70
10003528:	1d1a      	adds	r2, r3, #4
1000352a:	921c      	str	r2, [sp, #112]	; 0x70
1000352c:	681b      	ldr	r3, [r3, #0]
1000352e:	4699      	mov	r9, r3
10003530:	4653      	mov	r3, sl
10003532:	2b00      	cmp	r3, #0
10003534:	d100      	bne.n	10003538 <_vsnprintf+0x4cc>
10003536:	3b01      	subs	r3, #1
10003538:	464e      	mov	r6, r9
1000353a:	e001      	b.n	10003540 <_vsnprintf+0x4d4>
1000353c:	3601      	adds	r6, #1
1000353e:	0013      	movs	r3, r2
10003540:	7832      	ldrb	r2, [r6, #0]
10003542:	2a00      	cmp	r2, #0
10003544:	d002      	beq.n	1000354c <_vsnprintf+0x4e0>
10003546:	1e5a      	subs	r2, r3, #1
10003548:	2b00      	cmp	r3, #0
1000354a:	d1f7      	bne.n	1000353c <_vsnprintf+0x4d0>
1000354c:	464b      	mov	r3, r9
1000354e:	1af2      	subs	r2, r6, r3
10003550:	9210      	str	r2, [sp, #64]	; 0x40
10003552:	2380      	movs	r3, #128	; 0x80
10003554:	00db      	lsls	r3, r3, #3
10003556:	0026      	movs	r6, r4
10003558:	401e      	ands	r6, r3
1000355a:	421c      	tst	r4, r3
1000355c:	d003      	beq.n	10003566 <_vsnprintf+0x4fa>
1000355e:	4552      	cmp	r2, sl
10003560:	d901      	bls.n	10003566 <_vsnprintf+0x4fa>
10003562:	4653      	mov	r3, sl
10003564:	9310      	str	r3, [sp, #64]	; 0x40
10003566:	2302      	movs	r3, #2
10003568:	001a      	movs	r2, r3
1000356a:	4022      	ands	r2, r4
1000356c:	920b      	str	r2, [sp, #44]	; 0x2c
1000356e:	4223      	tst	r3, r4
10003570:	d005      	beq.n	1000357e <_vsnprintf+0x512>
10003572:	003a      	movs	r2, r7
10003574:	0037      	movs	r7, r6
10003576:	464c      	mov	r4, r9
10003578:	46a9      	mov	r9, r5
1000357a:	4655      	mov	r5, sl
1000357c:	e020      	b.n	100035c0 <_vsnprintf+0x554>
1000357e:	003a      	movs	r2, r7
10003580:	9b10      	ldr	r3, [sp, #64]	; 0x40
10003582:	465f      	mov	r7, fp
10003584:	46b3      	mov	fp, r6
10003586:	002e      	movs	r6, r5
10003588:	e006      	b.n	10003598 <_vsnprintf+0x52c>
1000358a:	1c55      	adds	r5, r2, #1
1000358c:	4643      	mov	r3, r8
1000358e:	0039      	movs	r1, r7
10003590:	2020      	movs	r0, #32
10003592:	47b0      	blx	r6
10003594:	0023      	movs	r3, r4
10003596:	002a      	movs	r2, r5
10003598:	1c5c      	adds	r4, r3, #1
1000359a:	990a      	ldr	r1, [sp, #40]	; 0x28
1000359c:	4299      	cmp	r1, r3
1000359e:	d8f4      	bhi.n	1000358a <_vsnprintf+0x51e>
100035a0:	0035      	movs	r5, r6
100035a2:	465e      	mov	r6, fp
100035a4:	46bb      	mov	fp, r7
100035a6:	9410      	str	r4, [sp, #64]	; 0x40
100035a8:	0037      	movs	r7, r6
100035aa:	464c      	mov	r4, r9
100035ac:	46a9      	mov	r9, r5
100035ae:	4655      	mov	r5, sl
100035b0:	e006      	b.n	100035c0 <_vsnprintf+0x554>
100035b2:	001d      	movs	r5, r3
100035b4:	3401      	adds	r4, #1
100035b6:	1c56      	adds	r6, r2, #1
100035b8:	4643      	mov	r3, r8
100035ba:	4659      	mov	r1, fp
100035bc:	47c8      	blx	r9
100035be:	0032      	movs	r2, r6
100035c0:	7820      	ldrb	r0, [r4, #0]
100035c2:	2800      	cmp	r0, #0
100035c4:	d004      	beq.n	100035d0 <_vsnprintf+0x564>
100035c6:	2f00      	cmp	r7, #0
100035c8:	d0f4      	beq.n	100035b4 <_vsnprintf+0x548>
100035ca:	1e6b      	subs	r3, r5, #1
100035cc:	2d00      	cmp	r5, #0
100035ce:	d1f0      	bne.n	100035b2 <_vsnprintf+0x546>
100035d0:	0017      	movs	r7, r2
100035d2:	464d      	mov	r5, r9
100035d4:	9b0b      	ldr	r3, [sp, #44]	; 0x2c
100035d6:	2b00      	cmp	r3, #0
100035d8:	d103      	bne.n	100035e2 <_vsnprintf+0x576>
100035da:	9b11      	ldr	r3, [sp, #68]	; 0x44
100035dc:	3301      	adds	r3, #1
100035de:	9311      	str	r3, [sp, #68]	; 0x44
100035e0:	e554      	b.n	1000308c <_vsnprintf+0x20>
100035e2:	9f0a      	ldr	r7, [sp, #40]	; 0x28
100035e4:	9b10      	ldr	r3, [sp, #64]	; 0x40
100035e6:	e006      	b.n	100035f6 <_vsnprintf+0x58a>
100035e8:	1c56      	adds	r6, r2, #1
100035ea:	4643      	mov	r3, r8
100035ec:	4659      	mov	r1, fp
100035ee:	2020      	movs	r0, #32
100035f0:	47a8      	blx	r5
100035f2:	0023      	movs	r3, r4
100035f4:	0032      	movs	r2, r6
100035f6:	1c5c      	adds	r4, r3, #1
100035f8:	429f      	cmp	r7, r3
100035fa:	d8f5      	bhi.n	100035e8 <_vsnprintf+0x57c>
100035fc:	0017      	movs	r7, r2
100035fe:	e7ec      	b.n	100035da <_vsnprintf+0x56e>
10003600:	2321      	movs	r3, #33	; 0x21
10003602:	431c      	orrs	r4, r3
10003604:	9b1c      	ldr	r3, [sp, #112]	; 0x70
10003606:	1d1a      	adds	r2, r3, #4
10003608:	921c      	str	r2, [sp, #112]	; 0x70
1000360a:	681b      	ldr	r3, [r3, #0]
1000360c:	9300      	str	r3, [sp, #0]
1000360e:	9405      	str	r4, [sp, #20]
10003610:	2308      	movs	r3, #8
10003612:	9304      	str	r3, [sp, #16]
10003614:	4653      	mov	r3, sl
10003616:	9303      	str	r3, [sp, #12]
10003618:	2310      	movs	r3, #16
1000361a:	9302      	str	r3, [sp, #8]
1000361c:	2300      	movs	r3, #0
1000361e:	9301      	str	r3, [sp, #4]
10003620:	4643      	mov	r3, r8
10003622:	003a      	movs	r2, r7
10003624:	4659      	mov	r1, fp
10003626:	0028      	movs	r0, r5
10003628:	f7ff f89c 	bl	10002764 <_ntoa_long>
1000362c:	0007      	movs	r7, r0
1000362e:	9b11      	ldr	r3, [sp, #68]	; 0x44
10003630:	3301      	adds	r3, #1
10003632:	9311      	str	r3, [sp, #68]	; 0x44
10003634:	e52a      	b.n	1000308c <_vsnprintf+0x20>
10003636:	1c7c      	adds	r4, r7, #1
10003638:	4643      	mov	r3, r8
1000363a:	003a      	movs	r2, r7
1000363c:	4659      	mov	r1, fp
1000363e:	2025      	movs	r0, #37	; 0x25
10003640:	47a8      	blx	r5
10003642:	9b11      	ldr	r3, [sp, #68]	; 0x44
10003644:	3301      	adds	r3, #1
10003646:	9311      	str	r3, [sp, #68]	; 0x44
10003648:	0027      	movs	r7, r4
1000364a:	e51f      	b.n	1000308c <_vsnprintf+0x20>
1000364c:	1c7c      	adds	r4, r7, #1
1000364e:	4643      	mov	r3, r8
10003650:	003a      	movs	r2, r7
10003652:	4659      	mov	r1, fp
10003654:	47a8      	blx	r5
10003656:	9b11      	ldr	r3, [sp, #68]	; 0x44
10003658:	3301      	adds	r3, #1
1000365a:	9311      	str	r3, [sp, #68]	; 0x44
1000365c:	0027      	movs	r7, r4
1000365e:	e515      	b.n	1000308c <_vsnprintf+0x20>
10003660:	4b0a      	ldr	r3, [pc, #40]	; (1000368c <_vsnprintf+0x620>)
10003662:	469a      	mov	sl, r3
10003664:	e510      	b.n	10003088 <_vsnprintf+0x1c>
10003666:	46aa      	mov	sl, r5
10003668:	4547      	cmp	r7, r8
1000366a:	d302      	bcc.n	10003672 <_vsnprintf+0x606>
1000366c:	4643      	mov	r3, r8
1000366e:	1e5a      	subs	r2, r3, #1
10003670:	e000      	b.n	10003674 <_vsnprintf+0x608>
10003672:	003a      	movs	r2, r7
10003674:	4643      	mov	r3, r8
10003676:	4659      	mov	r1, fp
10003678:	2000      	movs	r0, #0
1000367a:	47d0      	blx	sl
1000367c:	0038      	movs	r0, r7
1000367e:	b013      	add	sp, #76	; 0x4c
10003680:	bcf0      	pop	{r4, r5, r6, r7}
10003682:	46bb      	mov	fp, r7
10003684:	46b2      	mov	sl, r6
10003686:	46a9      	mov	r9, r5
10003688:	46a0      	mov	r8, r4
1000368a:	bdf0      	pop	{r4, r5, r6, r7, pc}
1000368c:	10002571 	.word	0x10002571

10003690 <vfctprintf>:
10003690:	b500      	push	{lr}
10003692:	b085      	sub	sp, #20
10003694:	9002      	str	r0, [sp, #8]
10003696:	9103      	str	r1, [sp, #12]
10003698:	2101      	movs	r1, #1
1000369a:	9300      	str	r3, [sp, #0]
1000369c:	0013      	movs	r3, r2
1000369e:	424a      	negs	r2, r1
100036a0:	a902      	add	r1, sp, #8
100036a2:	4802      	ldr	r0, [pc, #8]	; (100036ac <vfctprintf+0x1c>)
100036a4:	f7ff fce2 	bl	1000306c <_vsnprintf>
100036a8:	b005      	add	sp, #20
100036aa:	bd00      	pop	{pc}
100036ac:	10002573 	.word	0x10002573

100036b0 <__aeabi_bits_init>:
100036b0:	4801      	ldr	r0, [pc, #4]	; (100036b8 <__aeabi_bits_init+0x8>)
100036b2:	2104      	movs	r1, #4
100036b4:	4b01      	ldr	r3, [pc, #4]	; (100036bc <__aeabi_bits_init+0xc>)
100036b6:	4718      	bx	r3
100036b8:	200202b0 	.word	0x200202b0
100036bc:	100036e1 	.word	0x100036e1

100036c0 <rom_func_lookup>:
100036c0:	b510      	push	{r4, lr}
100036c2:	0001      	movs	r1, r0
100036c4:	2318      	movs	r3, #24
100036c6:	881b      	ldrh	r3, [r3, #0]
100036c8:	2214      	movs	r2, #20
100036ca:	8810      	ldrh	r0, [r2, #0]
100036cc:	4798      	blx	r3
100036ce:	bd10      	pop	{r4, pc}

100036d0 <rom_data_lookup>:
100036d0:	b510      	push	{r4, lr}
100036d2:	0001      	movs	r1, r0
100036d4:	2318      	movs	r3, #24
100036d6:	881b      	ldrh	r3, [r3, #0]
100036d8:	2216      	movs	r2, #22
100036da:	8810      	ldrh	r0, [r2, #0]
100036dc:	4798      	blx	r3
100036de:	bd10      	pop	{r4, pc}

100036e0 <rom_funcs_lookup>:
100036e0:	b5f0      	push	{r4, r5, r6, r7, lr}
100036e2:	46c6      	mov	lr, r8
100036e4:	b500      	push	{lr}
100036e6:	0007      	movs	r7, r0
100036e8:	000e      	movs	r6, r1
100036ea:	2500      	movs	r5, #0
100036ec:	2301      	movs	r3, #1
100036ee:	4698      	mov	r8, r3
100036f0:	e000      	b.n	100036f4 <rom_funcs_lookup+0x14>
100036f2:	3501      	adds	r5, #1
100036f4:	42b5      	cmp	r5, r6
100036f6:	d20a      	bcs.n	1000370e <rom_funcs_lookup+0x2e>
100036f8:	00ac      	lsls	r4, r5, #2
100036fa:	193c      	adds	r4, r7, r4
100036fc:	6820      	ldr	r0, [r4, #0]
100036fe:	f7ff ffdf 	bl	100036c0 <rom_func_lookup>
10003702:	6020      	str	r0, [r4, #0]
10003704:	2800      	cmp	r0, #0
10003706:	d1f4      	bne.n	100036f2 <rom_funcs_lookup+0x12>
10003708:	2300      	movs	r3, #0
1000370a:	4698      	mov	r8, r3
1000370c:	e7f1      	b.n	100036f2 <rom_funcs_lookup+0x12>
1000370e:	4640      	mov	r0, r8
10003710:	bc80      	pop	{r7}
10003712:	46b8      	mov	r8, r7
10003714:	bdf0      	pop	{r4, r5, r6, r7, pc}
	...

10003718 <__wrap___aeabi_idiv>:
10003718:	4a12      	ldr	r2, [pc, #72]	; (10003764 <divmod_s32s32_savestate+0x18>)
1000371a:	6f93      	ldr	r3, [r2, #120]	; 0x78
1000371c:	089b      	lsrs	r3, r3, #2
1000371e:	d215      	bcs.n	1000374c <divmod_s32s32_savestate>

10003720 <divmod_s32s32_unsafe>:
10003720:	6690      	str	r0, [r2, #104]	; 0x68
10003722:	66d1      	str	r1, [r2, #108]	; 0x6c
10003724:	2900      	cmp	r1, #0
10003726:	d005      	beq.n	10003734 <divmod_s32s32_unsafe+0x14>
10003728:	e7ff      	b.n	1000372a <divmod_s32s32_unsafe+0xa>
1000372a:	e7ff      	b.n	1000372c <divmod_s32s32_unsafe+0xc>
1000372c:	e7ff      	b.n	1000372e <divmod_s32s32_unsafe+0xe>
1000372e:	6f51      	ldr	r1, [r2, #116]	; 0x74
10003730:	6f10      	ldr	r0, [r2, #112]	; 0x70
10003732:	4770      	bx	lr
10003734:	b504      	push	{r2, lr}
10003736:	2180      	movs	r1, #128	; 0x80
10003738:	0609      	lsls	r1, r1, #24
1000373a:	17c2      	asrs	r2, r0, #31
1000373c:	4051      	eors	r1, r2
1000373e:	2800      	cmp	r0, #0
10003740:	d000      	beq.n	10003744 <divmod_s32s32_unsafe+0x24>
10003742:	43c8      	mvns	r0, r1
10003744:	f001 f9cc 	bl	10004ae0 <____aeabi_idiv0_veneer>
10003748:	2100      	movs	r1, #0
1000374a:	bd04      	pop	{r2, pc}

1000374c <divmod_s32s32_savestate>:
1000374c:	b5f0      	push	{r4, r5, r6, r7, lr}
1000374e:	6e14      	ldr	r4, [r2, #96]	; 0x60
10003750:	6e55      	ldr	r5, [r2, #100]	; 0x64
10003752:	6f57      	ldr	r7, [r2, #116]	; 0x74
10003754:	6f16      	ldr	r6, [r2, #112]	; 0x70
10003756:	f7ff ffe3 	bl	10003720 <divmod_s32s32_unsafe>
1000375a:	6614      	str	r4, [r2, #96]	; 0x60
1000375c:	6655      	str	r5, [r2, #100]	; 0x64
1000375e:	6757      	str	r7, [r2, #116]	; 0x74
10003760:	6716      	str	r6, [r2, #112]	; 0x70
10003762:	bdf0      	pop	{r4, r5, r6, r7, pc}
10003764:	d0000000 	.word	0xd0000000

10003768 <__wrap___aeabi_uidiv>:
10003768:	4a11      	ldr	r2, [pc, #68]	; (100037b0 <divmod_u32u32_savestate+0x18>)
1000376a:	6f93      	ldr	r3, [r2, #120]	; 0x78
1000376c:	089b      	lsrs	r3, r3, #2
1000376e:	d213      	bcs.n	10003798 <divmod_u32u32_savestate>

10003770 <divmod_u32u32_unsafe>:
10003770:	6610      	str	r0, [r2, #96]	; 0x60
10003772:	6651      	str	r1, [r2, #100]	; 0x64
10003774:	2900      	cmp	r1, #0
10003776:	d005      	beq.n	10003784 <divmod_u32u32_unsafe+0x14>
10003778:	e7ff      	b.n	1000377a <divmod_u32u32_unsafe+0xa>
1000377a:	e7ff      	b.n	1000377c <divmod_u32u32_unsafe+0xc>
1000377c:	e7ff      	b.n	1000377e <divmod_u32u32_unsafe+0xe>
1000377e:	6f51      	ldr	r1, [r2, #116]	; 0x74
10003780:	6f10      	ldr	r0, [r2, #112]	; 0x70
10003782:	4770      	bx	lr
10003784:	b504      	push	{r2, lr}
10003786:	2800      	cmp	r0, #0
10003788:	d001      	beq.n	1000378e <divmod_u32u32_unsafe+0x1e>
1000378a:	2000      	movs	r0, #0
1000378c:	43c0      	mvns	r0, r0
1000378e:	f001 f9a7 	bl	10004ae0 <____aeabi_idiv0_veneer>
10003792:	2100      	movs	r1, #0
10003794:	bd04      	pop	{r2, pc}
10003796:	46c0      	nop			; (mov r8, r8)

10003798 <divmod_u32u32_savestate>:
10003798:	b5f0      	push	{r4, r5, r6, r7, lr}
1000379a:	6e14      	ldr	r4, [r2, #96]	; 0x60
1000379c:	6e55      	ldr	r5, [r2, #100]	; 0x64
1000379e:	6f57      	ldr	r7, [r2, #116]	; 0x74
100037a0:	6f16      	ldr	r6, [r2, #112]	; 0x70
100037a2:	f7ff ffe5 	bl	10003770 <divmod_u32u32_unsafe>
100037a6:	6614      	str	r4, [r2, #96]	; 0x60
100037a8:	6655      	str	r5, [r2, #100]	; 0x64
100037aa:	6757      	str	r7, [r2, #116]	; 0x74
100037ac:	6716      	str	r6, [r2, #112]	; 0x70
100037ae:	bdf0      	pop	{r4, r5, r6, r7, pc}
100037b0:	d0000000 	.word	0xd0000000

100037b4 <__wrap___aeabi_ldivmod>:
100037b4:	4694      	mov	ip, r2
100037b6:	4a4a      	ldr	r2, [pc, #296]	; (100038e0 <udiv0+0x1a>)
100037b8:	6f92      	ldr	r2, [r2, #120]	; 0x78
100037ba:	0892      	lsrs	r2, r2, #2
100037bc:	4662      	mov	r2, ip
100037be:	d201      	bcs.n	100037c4 <divmod_s64s64_savestate>
100037c0:	e028      	b.n	10003814 <divmod_s64s64_unsafe>
100037c2:	46c0      	nop			; (mov r8, r8)

100037c4 <divmod_s64s64_savestate>:
100037c4:	b5f0      	push	{r4, r5, r6, r7, lr}
100037c6:	4e46      	ldr	r6, [pc, #280]	; (100038e0 <udiv0+0x1a>)
100037c8:	6e34      	ldr	r4, [r6, #96]	; 0x60
100037ca:	6e75      	ldr	r5, [r6, #100]	; 0x64
100037cc:	6f77      	ldr	r7, [r6, #116]	; 0x74
100037ce:	6f36      	ldr	r6, [r6, #112]	; 0x70
100037d0:	f000 f820 	bl	10003814 <divmod_s64s64_unsafe>
100037d4:	4694      	mov	ip, r2
100037d6:	4a42      	ldr	r2, [pc, #264]	; (100038e0 <udiv0+0x1a>)
100037d8:	6614      	str	r4, [r2, #96]	; 0x60
100037da:	6655      	str	r5, [r2, #100]	; 0x64
100037dc:	6757      	str	r7, [r2, #116]	; 0x74
100037de:	6716      	str	r6, [r2, #112]	; 0x70
100037e0:	4662      	mov	r2, ip
100037e2:	bdf0      	pop	{r4, r5, r6, r7, pc}

100037e4 <__wrap___aeabi_uldivmod>:
100037e4:	4694      	mov	ip, r2
100037e6:	4a3e      	ldr	r2, [pc, #248]	; (100038e0 <udiv0+0x1a>)
100037e8:	6f92      	ldr	r2, [r2, #120]	; 0x78
100037ea:	0892      	lsrs	r2, r2, #2
100037ec:	4662      	mov	r2, ip
100037ee:	d201      	bcs.n	100037f4 <divmod_u64u64_savestate>
100037f0:	e054      	b.n	1000389c <divmod_u64u64_unsafe>
100037f2:	46c0      	nop			; (mov r8, r8)

100037f4 <divmod_u64u64_savestate>:
100037f4:	b5f0      	push	{r4, r5, r6, r7, lr}
100037f6:	4e3a      	ldr	r6, [pc, #232]	; (100038e0 <udiv0+0x1a>)
100037f8:	6e34      	ldr	r4, [r6, #96]	; 0x60
100037fa:	6e75      	ldr	r5, [r6, #100]	; 0x64
100037fc:	6f77      	ldr	r7, [r6, #116]	; 0x74
100037fe:	6f36      	ldr	r6, [r6, #112]	; 0x70
10003800:	f000 f84c 	bl	1000389c <divmod_u64u64_unsafe>
10003804:	4694      	mov	ip, r2
10003806:	4a36      	ldr	r2, [pc, #216]	; (100038e0 <udiv0+0x1a>)
10003808:	6614      	str	r4, [r2, #96]	; 0x60
1000380a:	6655      	str	r5, [r2, #100]	; 0x64
1000380c:	6757      	str	r7, [r2, #116]	; 0x74
1000380e:	6716      	str	r6, [r2, #112]	; 0x70
10003810:	4662      	mov	r2, ip
10003812:	bdf0      	pop	{r4, r5, r6, r7, pc}

10003814 <divmod_s64s64_unsafe>:
10003814:	2b00      	cmp	r3, #0
10003816:	db24      	blt.n	10003862 <l42_1+0x26>
10003818:	d011      	beq.n	1000383e <l42_1+0x2>
1000381a:	2900      	cmp	r1, #0
1000381c:	da3e      	bge.n	1000389c <divmod_u64u64_unsafe>
1000381e:	b500      	push	{lr}
10003820:	43c9      	mvns	r1, r1
10003822:	4240      	negs	r0, r0
10003824:	d100      	bne.n	10003828 <l40_1>
10003826:	3101      	adds	r1, #1

10003828 <l40_1>:
10003828:	f000 f838 	bl	1000389c <divmod_u64u64_unsafe>
1000382c:	43c9      	mvns	r1, r1
1000382e:	4240      	negs	r0, r0
10003830:	d100      	bne.n	10003834 <l41_1>
10003832:	3101      	adds	r1, #1

10003834 <l41_1>:
10003834:	43db      	mvns	r3, r3
10003836:	4252      	negs	r2, r2
10003838:	d100      	bne.n	1000383c <l42_1>
1000383a:	3301      	adds	r3, #1

1000383c <l42_1>:
1000383c:	bd00      	pop	{pc}
1000383e:	2a00      	cmp	r2, #0
10003840:	d1eb      	bne.n	1000381a <divmod_s64s64_unsafe+0x6>
10003842:	2800      	cmp	r0, #0
10003844:	d101      	bne.n	1000384a <l42_1+0xe>
10003846:	2900      	cmp	r1, #0
10003848:	d005      	beq.n	10003856 <l42_1+0x1a>
1000384a:	2000      	movs	r0, #0
1000384c:	0fc9      	lsrs	r1, r1, #31
1000384e:	07c9      	lsls	r1, r1, #31
10003850:	d101      	bne.n	10003856 <l42_1+0x1a>
10003852:	43c0      	mvns	r0, r0
10003854:	0841      	lsrs	r1, r0, #1
10003856:	b500      	push	{lr}
10003858:	f001 f93a 	bl	10004ad0 <____aeabi_ldiv0_veneer>
1000385c:	2200      	movs	r2, #0
1000385e:	2300      	movs	r3, #0
10003860:	bd00      	pop	{pc}
10003862:	b500      	push	{lr}
10003864:	2900      	cmp	r1, #0
10003866:	db0a      	blt.n	1000387e <l44_1+0x2>
10003868:	43db      	mvns	r3, r3
1000386a:	4252      	negs	r2, r2
1000386c:	d100      	bne.n	10003870 <l43_1>
1000386e:	3301      	adds	r3, #1

10003870 <l43_1>:
10003870:	f000 f814 	bl	1000389c <divmod_u64u64_unsafe>
10003874:	43c9      	mvns	r1, r1
10003876:	4240      	negs	r0, r0
10003878:	d100      	bne.n	1000387c <l44_1>
1000387a:	3101      	adds	r1, #1

1000387c <l44_1>:
1000387c:	bd00      	pop	{pc}
1000387e:	43c9      	mvns	r1, r1
10003880:	4240      	negs	r0, r0
10003882:	d100      	bne.n	10003886 <l45_1>
10003884:	3101      	adds	r1, #1

10003886 <l45_1>:
10003886:	43db      	mvns	r3, r3
10003888:	4252      	negs	r2, r2
1000388a:	d100      	bne.n	1000388e <l46_1>
1000388c:	3301      	adds	r3, #1

1000388e <l46_1>:
1000388e:	f000 f805 	bl	1000389c <divmod_u64u64_unsafe>
10003892:	43db      	mvns	r3, r3
10003894:	4252      	negs	r2, r2
10003896:	d100      	bne.n	1000389a <l47_1>
10003898:	3301      	adds	r3, #1

1000389a <l47_1>:
1000389a:	bd00      	pop	{pc}

1000389c <divmod_u64u64_unsafe>:
1000389c:	2900      	cmp	r1, #0
1000389e:	d123      	bne.n	100038e8 <y64>
100038a0:	2b00      	cmp	r3, #0
100038a2:	d118      	bne.n	100038d6 <udiv0+0x10>
100038a4:	2a00      	cmp	r2, #0
100038a6:	d00c      	beq.n	100038c2 <divmod_u64u64_unsafe+0x26>
100038a8:	46bc      	mov	ip, r7
100038aa:	4f0d      	ldr	r7, [pc, #52]	; (100038e0 <udiv0+0x1a>)
100038ac:	6638      	str	r0, [r7, #96]	; 0x60
100038ae:	667a      	str	r2, [r7, #100]	; 0x64
100038b0:	2100      	movs	r1, #0
100038b2:	2300      	movs	r3, #0
100038b4:	e7ff      	b.n	100038b6 <divmod_u64u64_unsafe+0x1a>
100038b6:	e7ff      	b.n	100038b8 <divmod_u64u64_unsafe+0x1c>
100038b8:	e7ff      	b.n	100038ba <divmod_u64u64_unsafe+0x1e>
100038ba:	6f7a      	ldr	r2, [r7, #116]	; 0x74
100038bc:	6f38      	ldr	r0, [r7, #112]	; 0x70
100038be:	4667      	mov	r7, ip
100038c0:	4770      	bx	lr
100038c2:	2800      	cmp	r0, #0
100038c4:	d001      	beq.n	100038ca <udiv0+0x4>

100038c6 <udiv0>:
100038c6:	4807      	ldr	r0, [pc, #28]	; (100038e4 <udiv0+0x1e>)
100038c8:	0001      	movs	r1, r0
100038ca:	b500      	push	{lr}
100038cc:	f001 f900 	bl	10004ad0 <____aeabi_ldiv0_veneer>
100038d0:	2200      	movs	r2, #0
100038d2:	2300      	movs	r3, #0
100038d4:	bd00      	pop	{pc}
100038d6:	0002      	movs	r2, r0
100038d8:	000b      	movs	r3, r1
100038da:	2000      	movs	r0, #0
100038dc:	2100      	movs	r1, #0
100038de:	4770      	bx	lr
100038e0:	d0000000 	.word	0xd0000000
100038e4:	ffffffff 	.word	0xffffffff

100038e8 <y64>:
100038e8:	2b00      	cmp	r3, #0
100038ea:	d000      	beq.n	100038ee <y64+0x6>
100038ec:	e0bf      	b.n	10003a6e <y64_x48>
100038ee:	0c13      	lsrs	r3, r2, #16
100038f0:	d128      	bne.n	10003944 <y64_x32>
100038f2:	2a00      	cmp	r2, #0
100038f4:	d0e7      	beq.n	100038c6 <udiv0>
100038f6:	b480      	push	{r7}
100038f8:	4f11      	ldr	r7, [pc, #68]	; (10003940 <y64+0x58>)
100038fa:	6639      	str	r1, [r7, #96]	; 0x60
100038fc:	667a      	str	r2, [r7, #100]	; 0x64
100038fe:	e7ff      	b.n	10003900 <y64+0x18>
10003900:	e7ff      	b.n	10003902 <y64+0x1a>
10003902:	b430      	push	{r4, r5}
10003904:	0c04      	lsrs	r4, r0, #16
10003906:	6f7b      	ldr	r3, [r7, #116]	; 0x74
10003908:	6f39      	ldr	r1, [r7, #112]	; 0x70
1000390a:	041b      	lsls	r3, r3, #16
1000390c:	4323      	orrs	r3, r4
1000390e:	663b      	str	r3, [r7, #96]	; 0x60
10003910:	667a      	str	r2, [r7, #100]	; 0x64
10003912:	e7ff      	b.n	10003914 <y64+0x2c>
10003914:	e7ff      	b.n	10003916 <y64+0x2e>
10003916:	e7ff      	b.n	10003918 <y64+0x30>
10003918:	46c0      	nop			; (mov r8, r8)
1000391a:	b284      	uxth	r4, r0
1000391c:	6f7b      	ldr	r3, [r7, #116]	; 0x74
1000391e:	6f3d      	ldr	r5, [r7, #112]	; 0x70
10003920:	041b      	lsls	r3, r3, #16
10003922:	4323      	orrs	r3, r4
10003924:	663b      	str	r3, [r7, #96]	; 0x60
10003926:	667a      	str	r2, [r7, #100]	; 0x64
10003928:	e7ff      	b.n	1000392a <y64+0x42>
1000392a:	e7ff      	b.n	1000392c <y64+0x44>
1000392c:	46c0      	nop			; (mov r8, r8)
1000392e:	2300      	movs	r3, #0
10003930:	042c      	lsls	r4, r5, #16
10003932:	0c2d      	lsrs	r5, r5, #16
10003934:	6f7a      	ldr	r2, [r7, #116]	; 0x74
10003936:	6f38      	ldr	r0, [r7, #112]	; 0x70
10003938:	1900      	adds	r0, r0, r4
1000393a:	4169      	adcs	r1, r5
1000393c:	bcb0      	pop	{r4, r5, r7}
1000393e:	4770      	bx	lr
10003940:	d0000000 	.word	0xd0000000

10003944 <y64_x32>:
10003944:	b5f0      	push	{r4, r5, r6, r7, lr}
10003946:	4694      	mov	ip, r2
10003948:	2500      	movs	r5, #0
1000394a:	0e14      	lsrs	r4, r2, #24
1000394c:	d101      	bne.n	10003952 <y64_x32+0xe>
1000394e:	0212      	lsls	r2, r2, #8
10003950:	3508      	adds	r5, #8
10003952:	0f14      	lsrs	r4, r2, #28
10003954:	d101      	bne.n	1000395a <y64_x32+0x16>
10003956:	0112      	lsls	r2, r2, #4
10003958:	3504      	adds	r5, #4
1000395a:	0f94      	lsrs	r4, r2, #30
1000395c:	d101      	bne.n	10003962 <y64_x32+0x1e>
1000395e:	0092      	lsls	r2, r2, #2
10003960:	3502      	adds	r5, #2
10003962:	0fd4      	lsrs	r4, r2, #31
10003964:	d101      	bne.n	1000396a <y64_x32+0x26>
10003966:	0052      	lsls	r2, r2, #1
10003968:	3501      	adds	r5, #1
1000396a:	0bd4      	lsrs	r4, r2, #15
1000396c:	3401      	adds	r4, #1
1000396e:	4f25      	ldr	r7, [pc, #148]	; (10003a04 <y64_x32+0xc0>)
10003970:	667c      	str	r4, [r7, #100]	; 0x64
10003972:	4c25      	ldr	r4, [pc, #148]	; (10003a08 <y64_x32+0xc4>)
10003974:	663c      	str	r4, [r7, #96]	; 0x60
10003976:	0c0e      	lsrs	r6, r1, #16
10003978:	b293      	uxth	r3, r2
1000397a:	e7ff      	b.n	1000397c <y64_x32+0x38>
1000397c:	e7ff      	b.n	1000397e <y64_x32+0x3a>
1000397e:	e7ff      	b.n	10003980 <y64_x32+0x3c>
10003980:	6f3c      	ldr	r4, [r7, #112]	; 0x70
10003982:	4366      	muls	r6, r4
10003984:	0c36      	lsrs	r6, r6, #16
10003986:	0377      	lsls	r7, r6, #13
10003988:	46be      	mov	lr, r7
1000398a:	4373      	muls	r3, r6
1000398c:	0bdf      	lsrs	r7, r3, #15
1000398e:	045b      	lsls	r3, r3, #17
10003990:	1ac0      	subs	r0, r0, r3
10003992:	41b9      	sbcs	r1, r7
10003994:	0c13      	lsrs	r3, r2, #16
10003996:	4373      	muls	r3, r6
10003998:	18db      	adds	r3, r3, r3
1000399a:	1ac9      	subs	r1, r1, r3
1000399c:	08ce      	lsrs	r6, r1, #3
1000399e:	4366      	muls	r6, r4
100039a0:	0c36      	lsrs	r6, r6, #16
100039a2:	44b6      	add	lr, r6
100039a4:	b293      	uxth	r3, r2
100039a6:	4373      	muls	r3, r6
100039a8:	0f1f      	lsrs	r7, r3, #28
100039aa:	011b      	lsls	r3, r3, #4
100039ac:	1ac0      	subs	r0, r0, r3
100039ae:	41b9      	sbcs	r1, r7
100039b0:	0c13      	lsrs	r3, r2, #16
100039b2:	4373      	muls	r3, r6
100039b4:	0b1f      	lsrs	r7, r3, #12
100039b6:	051b      	lsls	r3, r3, #20
100039b8:	1ac0      	subs	r0, r0, r3
100039ba:	41b9      	sbcs	r1, r7
100039bc:	0d86      	lsrs	r6, r0, #22
100039be:	028f      	lsls	r7, r1, #10
100039c0:	433e      	orrs	r6, r7
100039c2:	4366      	muls	r6, r4
100039c4:	0c36      	lsrs	r6, r6, #16
100039c6:	2d09      	cmp	r5, #9
100039c8:	db24      	blt.n	10003a14 <last0>
100039ca:	0a52      	lsrs	r2, r2, #9
100039cc:	4372      	muls	r2, r6
100039ce:	1a80      	subs	r0, r0, r2
100039d0:	0377      	lsls	r7, r6, #13
100039d2:	0a46      	lsrs	r6, r0, #9
100039d4:	4366      	muls	r6, r4
100039d6:	0c36      	lsrs	r6, r6, #16
100039d8:	2316      	movs	r3, #22
100039da:	1b5b      	subs	r3, r3, r5
100039dc:	40de      	lsrs	r6, r3
100039de:	40df      	lsrs	r7, r3
100039e0:	19bf      	adds	r7, r7, r6
100039e2:	4664      	mov	r4, ip
100039e4:	4366      	muls	r6, r4
100039e6:	1b82      	subs	r2, r0, r6
100039e8:	4670      	mov	r0, lr
100039ea:	3504      	adds	r5, #4
100039ec:	3306      	adds	r3, #6
100039ee:	0001      	movs	r1, r0
100039f0:	40d9      	lsrs	r1, r3
100039f2:	40a8      	lsls	r0, r5
100039f4:	19c0      	adds	r0, r0, r7
100039f6:	d300      	bcc.n	100039fa <y64_x32+0xb6>
100039f8:	3101      	adds	r1, #1
100039fa:	42a2      	cmp	r2, r4
100039fc:	d206      	bcs.n	10003a0c <y64_x32+0xc8>
100039fe:	2300      	movs	r3, #0
10003a00:	bdf0      	pop	{r4, r5, r6, r7, pc}
10003a02:	0000      	.short	0x0000
10003a04:	d0000000 	.word	0xd0000000
10003a08:	ffffffff 	.word	0xffffffff
10003a0c:	1b12      	subs	r2, r2, r4
10003a0e:	3001      	adds	r0, #1
10003a10:	d3f3      	bcc.n	100039fa <y64_x32+0xb6>
10003a12:	e7f1      	b.n	100039f8 <y64_x32+0xb4>

10003a14 <last0>:
10003a14:	2709      	movs	r7, #9
10003a16:	1b7f      	subs	r7, r7, r5
10003a18:	40fe      	lsrs	r6, r7
10003a1a:	4664      	mov	r4, ip
10003a1c:	b2a2      	uxth	r2, r4
10003a1e:	4372      	muls	r2, r6
10003a20:	1a80      	subs	r0, r0, r2
10003a22:	d200      	bcs.n	10003a26 <last0+0x12>
10003a24:	3901      	subs	r1, #1
10003a26:	0c22      	lsrs	r2, r4, #16
10003a28:	4372      	muls	r2, r6
10003a2a:	0c13      	lsrs	r3, r2, #16
10003a2c:	0412      	lsls	r2, r2, #16
10003a2e:	1a82      	subs	r2, r0, r2
10003a30:	4199      	sbcs	r1, r3
10003a32:	000b      	movs	r3, r1
10003a34:	4670      	mov	r0, lr
10003a36:	3504      	adds	r5, #4
10003a38:	3713      	adds	r7, #19
10003a3a:	0001      	movs	r1, r0
10003a3c:	40f9      	lsrs	r1, r7
10003a3e:	40a8      	lsls	r0, r5
10003a40:	1980      	adds	r0, r0, r6
10003a42:	d300      	bcc.n	10003a46 <last0+0x32>
10003a44:	3101      	adds	r1, #1
10003a46:	2b00      	cmp	r3, #0
10003a48:	d102      	bne.n	10003a50 <last0+0x3c>
10003a4a:	42a2      	cmp	r2, r4
10003a4c:	d20a      	bcs.n	10003a64 <last0+0x50>
10003a4e:	bdf0      	pop	{r4, r5, r6, r7, pc}
10003a50:	3001      	adds	r0, #1
10003a52:	d300      	bcc.n	10003a56 <last0+0x42>
10003a54:	3101      	adds	r1, #1
10003a56:	1b12      	subs	r2, r2, r4
10003a58:	d2fa      	bcs.n	10003a50 <last0+0x3c>
10003a5a:	3b01      	subs	r3, #1
10003a5c:	d1f8      	bne.n	10003a50 <last0+0x3c>
10003a5e:	42a2      	cmp	r2, r4
10003a60:	d200      	bcs.n	10003a64 <last0+0x50>
10003a62:	bdf0      	pop	{r4, r5, r6, r7, pc}
10003a64:	3001      	adds	r0, #1
10003a66:	d300      	bcc.n	10003a6a <last0+0x56>
10003a68:	3101      	adds	r1, #1
10003a6a:	1b12      	subs	r2, r2, r4
10003a6c:	e7f7      	b.n	10003a5e <last0+0x4a>

10003a6e <y64_x48>:
10003a6e:	b5f0      	push	{r4, r5, r6, r7, lr}
10003a70:	0c1c      	lsrs	r4, r3, #16
10003a72:	d000      	beq.n	10003a76 <y64_x48+0x8>
10003a74:	e080      	b.n	10003b78 <y64_x64>
10003a76:	b40c      	push	{r2, r3}
10003a78:	2500      	movs	r5, #0
10003a7a:	0a1c      	lsrs	r4, r3, #8
10003a7c:	d104      	bne.n	10003a88 <y64_x48+0x1a>
10003a7e:	021b      	lsls	r3, r3, #8
10003a80:	0e16      	lsrs	r6, r2, #24
10003a82:	4333      	orrs	r3, r6
10003a84:	0212      	lsls	r2, r2, #8
10003a86:	3508      	adds	r5, #8
10003a88:	0b1c      	lsrs	r4, r3, #12
10003a8a:	d104      	bne.n	10003a96 <y64_x48+0x28>
10003a8c:	011b      	lsls	r3, r3, #4
10003a8e:	0f16      	lsrs	r6, r2, #28
10003a90:	4333      	orrs	r3, r6
10003a92:	0112      	lsls	r2, r2, #4
10003a94:	3504      	adds	r5, #4
10003a96:	0b9c      	lsrs	r4, r3, #14
10003a98:	d104      	bne.n	10003aa4 <y64_x48+0x36>
10003a9a:	009b      	lsls	r3, r3, #2
10003a9c:	0f96      	lsrs	r6, r2, #30
10003a9e:	4333      	orrs	r3, r6
10003aa0:	0092      	lsls	r2, r2, #2
10003aa2:	3502      	adds	r5, #2
10003aa4:	0bdc      	lsrs	r4, r3, #15
10003aa6:	d102      	bne.n	10003aae <y64_x48+0x40>
10003aa8:	1892      	adds	r2, r2, r2
10003aaa:	415b      	adcs	r3, r3
10003aac:	3501      	adds	r5, #1
10003aae:	001c      	movs	r4, r3
10003ab0:	1897      	adds	r7, r2, r2
10003ab2:	4164      	adcs	r4, r4
10003ab4:	3401      	adds	r4, #1
10003ab6:	4f46      	ldr	r7, [pc, #280]	; (10003bd0 <y64_x64+0x58>)
10003ab8:	667c      	str	r4, [r7, #100]	; 0x64
10003aba:	4c46      	ldr	r4, [pc, #280]	; (10003bd4 <y64_x64+0x5c>)
10003abc:	663c      	str	r4, [r7, #96]	; 0x60
10003abe:	0c0e      	lsrs	r6, r1, #16
10003ac0:	e7ff      	b.n	10003ac2 <y64_x48+0x54>
10003ac2:	e7ff      	b.n	10003ac4 <y64_x48+0x56>
10003ac4:	e7ff      	b.n	10003ac6 <y64_x48+0x58>
10003ac6:	46c0      	nop			; (mov r8, r8)
10003ac8:	6f3c      	ldr	r4, [r7, #112]	; 0x70
10003aca:	4366      	muls	r6, r4
10003acc:	0c36      	lsrs	r6, r6, #16
10003ace:	0377      	lsls	r7, r6, #13
10003ad0:	46be      	mov	lr, r7
10003ad2:	b297      	uxth	r7, r2
10003ad4:	4377      	muls	r7, r6
10003ad6:	1bc0      	subs	r0, r0, r7
10003ad8:	d200      	bcs.n	10003adc <y64_x48+0x6e>
10003ada:	3901      	subs	r1, #1
10003adc:	1bc0      	subs	r0, r0, r7
10003ade:	d200      	bcs.n	10003ae2 <y64_x48+0x74>
10003ae0:	3901      	subs	r1, #1
10003ae2:	b29f      	uxth	r7, r3
10003ae4:	4377      	muls	r7, r6
10003ae6:	1bc9      	subs	r1, r1, r7
10003ae8:	1bc9      	subs	r1, r1, r7
10003aea:	0c17      	lsrs	r7, r2, #16
10003aec:	4377      	muls	r7, r6
10003aee:	047e      	lsls	r6, r7, #17
10003af0:	0bff      	lsrs	r7, r7, #15
10003af2:	1b80      	subs	r0, r0, r6
10003af4:	41b9      	sbcs	r1, r7
10003af6:	08ce      	lsrs	r6, r1, #3
10003af8:	4366      	muls	r6, r4
10003afa:	0c36      	lsrs	r6, r6, #16
10003afc:	2d0c      	cmp	r5, #12
10003afe:	db33      	blt.n	10003b68 <last1>
10003b00:	44b6      	add	lr, r6
10003b02:	0b12      	lsrs	r2, r2, #12
10003b04:	051f      	lsls	r7, r3, #20
10003b06:	433a      	orrs	r2, r7
10003b08:	0b1b      	lsrs	r3, r3, #12
10003b0a:	b297      	uxth	r7, r2
10003b0c:	4377      	muls	r7, r6
10003b0e:	1bc0      	subs	r0, r0, r7
10003b10:	d200      	bcs.n	10003b14 <y64_x48+0xa6>
10003b12:	3901      	subs	r1, #1
10003b14:	b29f      	uxth	r7, r3
10003b16:	4377      	muls	r7, r6
10003b18:	1bc9      	subs	r1, r1, r7
10003b1a:	0c17      	lsrs	r7, r2, #16
10003b1c:	4377      	muls	r7, r6
10003b1e:	043e      	lsls	r6, r7, #16
10003b20:	0c3f      	lsrs	r7, r7, #16
10003b22:	1b80      	subs	r0, r0, r6
10003b24:	41b9      	sbcs	r1, r7
10003b26:	0d86      	lsrs	r6, r0, #22
10003b28:	028f      	lsls	r7, r1, #10
10003b2a:	433e      	orrs	r6, r7
10003b2c:	4366      	muls	r6, r4
10003b2e:	2729      	movs	r7, #41	; 0x29
10003b30:	1b7f      	subs	r7, r7, r5
10003b32:	40fe      	lsrs	r6, r7
10003b34:	3d0c      	subs	r5, #12
10003b36:	4677      	mov	r7, lr
10003b38:	40af      	lsls	r7, r5
10003b3a:	19bf      	adds	r7, r7, r6
10003b3c:	bc30      	pop	{r4, r5}
10003b3e:	b2a2      	uxth	r2, r4
10003b40:	b2ab      	uxth	r3, r5
10003b42:	4372      	muls	r2, r6
10003b44:	4373      	muls	r3, r6
10003b46:	1a80      	subs	r0, r0, r2
10003b48:	4199      	sbcs	r1, r3
10003b4a:	0c22      	lsrs	r2, r4, #16
10003b4c:	4372      	muls	r2, r6
10003b4e:	0c13      	lsrs	r3, r2, #16
10003b50:	0412      	lsls	r2, r2, #16
10003b52:	1a80      	subs	r0, r0, r2
10003b54:	4199      	sbcs	r1, r3
10003b56:	0002      	movs	r2, r0
10003b58:	000b      	movs	r3, r1
10003b5a:	3701      	adds	r7, #1
10003b5c:	1b00      	subs	r0, r0, r4
10003b5e:	41a9      	sbcs	r1, r5
10003b60:	d2f9      	bcs.n	10003b56 <y64_x48+0xe8>
10003b62:	1e78      	subs	r0, r7, #1
10003b64:	2100      	movs	r1, #0
10003b66:	bdf0      	pop	{r4, r5, r6, r7, pc}

10003b68 <last1>:
10003b68:	270c      	movs	r7, #12
10003b6a:	1b7f      	subs	r7, r7, r5
10003b6c:	40fe      	lsrs	r6, r7
10003b6e:	4677      	mov	r7, lr
10003b70:	0b7f      	lsrs	r7, r7, #13
10003b72:	40af      	lsls	r7, r5
10003b74:	19ff      	adds	r7, r7, r7
10003b76:	e7e0      	b.n	10003b3a <y64_x48+0xcc>

10003b78 <y64_x64>:
10003b78:	2400      	movs	r4, #0
10003b7a:	1c5d      	adds	r5, r3, #1
10003b7c:	d007      	beq.n	10003b8e <y64_x64+0x16>
10003b7e:	4f14      	ldr	r7, [pc, #80]	; (10003bd0 <y64_x64+0x58>)
10003b80:	667d      	str	r5, [r7, #100]	; 0x64
10003b82:	6639      	str	r1, [r7, #96]	; 0x60
10003b84:	e7ff      	b.n	10003b86 <y64_x64+0xe>
10003b86:	e7ff      	b.n	10003b88 <y64_x64+0x10>
10003b88:	e7ff      	b.n	10003b8a <y64_x64+0x12>
10003b8a:	e7ff      	b.n	10003b8c <y64_x64+0x14>
10003b8c:	6f3c      	ldr	r4, [r7, #112]	; 0x70
10003b8e:	b295      	uxth	r5, r2
10003b90:	b29e      	uxth	r6, r3
10003b92:	4365      	muls	r5, r4
10003b94:	4366      	muls	r6, r4
10003b96:	1b40      	subs	r0, r0, r5
10003b98:	41b1      	sbcs	r1, r6
10003b9a:	0c15      	lsrs	r5, r2, #16
10003b9c:	0c1e      	lsrs	r6, r3, #16
10003b9e:	4365      	muls	r5, r4
10003ba0:	4366      	muls	r6, r4
10003ba2:	0436      	lsls	r6, r6, #16
10003ba4:	0c2f      	lsrs	r7, r5, #16
10003ba6:	433e      	orrs	r6, r7
10003ba8:	042d      	lsls	r5, r5, #16
10003baa:	1b40      	subs	r0, r0, r5
10003bac:	41b1      	sbcs	r1, r6
10003bae:	4299      	cmp	r1, r3
10003bb0:	d204      	bcs.n	10003bbc <y64_x64+0x44>
10003bb2:	0002      	movs	r2, r0
10003bb4:	000b      	movs	r3, r1
10003bb6:	0020      	movs	r0, r4
10003bb8:	2100      	movs	r1, #0
10003bba:	bdf0      	pop	{r4, r5, r6, r7, pc}
10003bbc:	d101      	bne.n	10003bc2 <y64_x64+0x4a>
10003bbe:	4290      	cmp	r0, r2
10003bc0:	d3f7      	bcc.n	10003bb2 <y64_x64+0x3a>
10003bc2:	1a80      	subs	r0, r0, r2
10003bc4:	4199      	sbcs	r1, r3
10003bc6:	3401      	adds	r4, #1
10003bc8:	4299      	cmp	r1, r3
10003bca:	d3f2      	bcc.n	10003bb2 <y64_x64+0x3a>
10003bcc:	e7f6      	b.n	10003bbc <y64_x64+0x44>
10003bce:	0000      	.short	0x0000
10003bd0:	d0000000 	.word	0xd0000000
10003bd4:	ffffffff 	.word	0xffffffff

10003bd8 <__wrap___aeabi_drsub>:
10003bd8:	4048      	eors	r0, r1
10003bda:	4041      	eors	r1, r0
10003bdc:	4048      	eors	r0, r1

10003bde <__wrap___aeabi_dsub>:
10003bde:	b418      	push	{r3, r4}
10003be0:	4b13      	ldr	r3, [pc, #76]	; (10003c30 <__wrap___aeabi_dmul+0xa>)
10003be2:	685b      	ldr	r3, [r3, #4]
10003be4:	9301      	str	r3, [sp, #4]
10003be6:	bd08      	pop	{r3, pc}

10003be8 <__wrap___aeabi_dadd>:
10003be8:	b418      	push	{r3, r4}
10003bea:	4b11      	ldr	r3, [pc, #68]	; (10003c30 <__wrap___aeabi_dmul+0xa>)
10003bec:	681b      	ldr	r3, [r3, #0]
10003bee:	9301      	str	r3, [sp, #4]
10003bf0:	bd08      	pop	{r3, pc}

10003bf2 <__wrap___aeabi_ddiv>:
10003bf2:	4694      	mov	ip, r2
10003bf4:	4a0f      	ldr	r2, [pc, #60]	; (10003c34 <__wrap___aeabi_dmul+0xe>)
10003bf6:	6f92      	ldr	r2, [r2, #120]	; 0x78
10003bf8:	0892      	lsrs	r2, r2, #2
10003bfa:	d205      	bcs.n	10003c08 <ddiv_save_state>
10003bfc:	4662      	mov	r2, ip

10003bfe <ddiv_shim_call>:
10003bfe:	b418      	push	{r3, r4}
10003c00:	4b0b      	ldr	r3, [pc, #44]	; (10003c30 <__wrap___aeabi_dmul+0xa>)
10003c02:	68db      	ldr	r3, [r3, #12]
10003c04:	9301      	str	r3, [sp, #4]
10003c06:	bd08      	pop	{r3, pc}

10003c08 <ddiv_save_state>:
10003c08:	4a0a      	ldr	r2, [pc, #40]	; (10003c34 <__wrap___aeabi_dmul+0xe>)
10003c0a:	b5f0      	push	{r4, r5, r6, r7, lr}
10003c0c:	6e14      	ldr	r4, [r2, #96]	; 0x60
10003c0e:	6e55      	ldr	r5, [r2, #100]	; 0x64
10003c10:	6f57      	ldr	r7, [r2, #116]	; 0x74
10003c12:	6f16      	ldr	r6, [r2, #112]	; 0x70
10003c14:	4662      	mov	r2, ip
10003c16:	f7ff fff2 	bl	10003bfe <ddiv_shim_call>
10003c1a:	4a06      	ldr	r2, [pc, #24]	; (10003c34 <__wrap___aeabi_dmul+0xe>)
10003c1c:	6614      	str	r4, [r2, #96]	; 0x60
10003c1e:	6655      	str	r5, [r2, #100]	; 0x64
10003c20:	6757      	str	r7, [r2, #116]	; 0x74
10003c22:	6716      	str	r6, [r2, #112]	; 0x70
10003c24:	bdf0      	pop	{r4, r5, r6, r7, pc}

10003c26 <__wrap___aeabi_dmul>:
10003c26:	b418      	push	{r3, r4}
10003c28:	4b01      	ldr	r3, [pc, #4]	; (10003c30 <__wrap___aeabi_dmul+0xa>)
10003c2a:	689b      	ldr	r3, [r3, #8]
10003c2c:	9301      	str	r3, [sp, #4]
10003c2e:	bd08      	pop	{r3, pc}
10003c30:	200204c4 	.word	0x200204c4
10003c34:	d0000000 	.word	0xd0000000

10003c38 <__wrap___aeabi_cdrcmple>:
10003c38:	b5ff      	push	{r0, r1, r2, r3, r4, r5, r6, r7, lr}
10003c3a:	4050      	eors	r0, r2
10003c3c:	4042      	eors	r2, r0
10003c3e:	4050      	eors	r0, r2
10003c40:	4059      	eors	r1, r3
10003c42:	404b      	eors	r3, r1
10003c44:	4059      	eors	r1, r3
10003c46:	e000      	b.n	10003c4a <__aeabi_dfcmple_guts>

10003c48 <__wrap___aeabi_cdcmpeq>:
10003c48:	b5ff      	push	{r0, r1, r2, r3, r4, r5, r6, r7, lr}

10003c4a <__aeabi_dfcmple_guts>:
10003c4a:	4f15      	ldr	r7, [pc, #84]	; (10003ca0 <__aeabi_dfcmple_guts+0x56>)
10003c4c:	004c      	lsls	r4, r1, #1
10003c4e:	0d64      	lsrs	r4, r4, #21
10003c50:	d003      	beq.n	10003c5a <__aeabi_dfcmple_guts+0x10>
10003c52:	42bc      	cmp	r4, r7
10003c54:	d104      	bne.n	10003c60 <__aeabi_dfcmple_guts+0x16>
10003c56:	030c      	lsls	r4, r1, #12
10003c58:	d814      	bhi.n	10003c84 <__aeabi_dfcmple_guts+0x3a>
10003c5a:	2000      	movs	r0, #0
10003c5c:	0d09      	lsrs	r1, r1, #20
10003c5e:	0509      	lsls	r1, r1, #20
10003c60:	005c      	lsls	r4, r3, #1
10003c62:	0d64      	lsrs	r4, r4, #21
10003c64:	d003      	beq.n	10003c6e <__aeabi_dfcmple_guts+0x24>
10003c66:	42bc      	cmp	r4, r7
10003c68:	d104      	bne.n	10003c74 <__aeabi_dfcmple_guts+0x2a>
10003c6a:	031c      	lsls	r4, r3, #12
10003c6c:	d80a      	bhi.n	10003c84 <__aeabi_dfcmple_guts+0x3a>
10003c6e:	2200      	movs	r2, #0
10003c70:	0d1b      	lsrs	r3, r3, #20
10003c72:	051b      	lsls	r3, r3, #20
10003c74:	2601      	movs	r6, #1
10003c76:	404b      	eors	r3, r1
10003c78:	d409      	bmi.n	10003c8e <__aeabi_dfcmple_guts+0x44>
10003c7a:	404b      	eors	r3, r1
10003c7c:	d503      	bpl.n	10003c86 <__aeabi_dfcmple_guts+0x3c>
10003c7e:	428b      	cmp	r3, r1
10003c80:	d100      	bne.n	10003c84 <__aeabi_dfcmple_guts+0x3a>
10003c82:	4282      	cmp	r2, r0
10003c84:	bdff      	pop	{r0, r1, r2, r3, r4, r5, r6, r7, pc}
10003c86:	4299      	cmp	r1, r3
10003c88:	d1fc      	bne.n	10003c84 <__aeabi_dfcmple_guts+0x3a>
10003c8a:	4290      	cmp	r0, r2
10003c8c:	bdff      	pop	{r0, r1, r2, r3, r4, r5, r6, r7, pc}
10003c8e:	430b      	orrs	r3, r1
10003c90:	18db      	adds	r3, r3, r3
10003c92:	4303      	orrs	r3, r0
10003c94:	4313      	orrs	r3, r2
10003c96:	d0f5      	beq.n	10003c84 <__aeabi_dfcmple_guts+0x3a>
10003c98:	43c9      	mvns	r1, r1
10003c9a:	1849      	adds	r1, r1, r1
10003c9c:	bdff      	pop	{r0, r1, r2, r3, r4, r5, r6, r7, pc}
10003c9e:	0000      	.short	0x0000
10003ca0:	000007ff 	.word	0x000007ff

10003ca4 <__wrap___aeabi_dcmplt>:
10003ca4:	b500      	push	{lr}
10003ca6:	f7ff ffcf 	bl	10003c48 <__wrap___aeabi_cdcmpeq>
10003caa:	4180      	sbcs	r0, r0
10003cac:	bd00      	pop	{pc}
10003cae:	46c0      	nop			; (mov r8, r8)

10003cb0 <__wrap___aeabi_dcmple>:
10003cb0:	b500      	push	{lr}
10003cb2:	f7ff ffc9 	bl	10003c48 <__wrap___aeabi_cdcmpeq>
10003cb6:	d901      	bls.n	10003cbc <__wrap___aeabi_dcmple+0xc>
10003cb8:	2000      	movs	r0, #0
10003cba:	bd00      	pop	{pc}
10003cbc:	2001      	movs	r0, #1
10003cbe:	bd00      	pop	{pc}

10003cc0 <__wrap___aeabi_dcmpge>:
10003cc0:	b500      	push	{lr}
10003cc2:	f7ff ffb9 	bl	10003c38 <__wrap___aeabi_cdrcmple>
10003cc6:	d901      	bls.n	10003ccc <__wrap___aeabi_dcmpge+0xc>
10003cc8:	2000      	movs	r0, #0
10003cca:	bd00      	pop	{pc}
10003ccc:	2001      	movs	r0, #1
10003cce:	bd00      	pop	{pc}

10003cd0 <__wrap___aeabi_dcmpgt>:
10003cd0:	b500      	push	{lr}
10003cd2:	f7ff ffb1 	bl	10003c38 <__wrap___aeabi_cdrcmple>
10003cd6:	4180      	sbcs	r0, r0
10003cd8:	bd00      	pop	{pc}

10003cda <__wrap___aeabi_dcmpun>:
10003cda:	2001      	movs	r0, #1
10003cdc:	0540      	lsls	r0, r0, #21
10003cde:	004a      	lsls	r2, r1, #1
10003ce0:	1812      	adds	r2, r2, r0
10003ce2:	d804      	bhi.n	10003cee <__wrap___aeabi_dcmpun+0x14>
10003ce4:	005a      	lsls	r2, r3, #1
10003ce6:	1812      	adds	r2, r2, r0
10003ce8:	d801      	bhi.n	10003cee <__wrap___aeabi_dcmpun+0x14>
10003cea:	2000      	movs	r0, #0
10003cec:	4770      	bx	lr
10003cee:	2001      	movs	r0, #1
10003cf0:	4770      	bx	lr
10003cf2:	2000      	movs	r0, #0
10003cf4:	4770      	bx	lr
	...

10003cf8 <__wrap___aeabi_ui2d>:
10003cf8:	2100      	movs	r1, #0
10003cfa:	2800      	cmp	r0, #0
10003cfc:	d105      	bne.n	10003d0a <__wrap___aeabi_i2d+0xa>
10003cfe:	4770      	bx	lr

10003d00 <__wrap___aeabi_i2d>:
10003d00:	17c1      	asrs	r1, r0, #31
10003d02:	4048      	eors	r0, r1
10003d04:	1a40      	subs	r0, r0, r1
10003d06:	d0fa      	beq.n	10003cfe <__wrap___aeabi_ui2d+0x6>
10003d08:	07c9      	lsls	r1, r1, #31
10003d0a:	b513      	push	{r0, r1, r4, lr}
10003d0c:	4b06      	ldr	r3, [pc, #24]	; (10003d28 <__wrap___aeabi_i2d+0x28>)
10003d0e:	681b      	ldr	r3, [r3, #0]
10003d10:	4798      	blx	r3
10003d12:	bc0c      	pop	{r2, r3}
10003d14:	1c44      	adds	r4, r0, #1
10003d16:	40a2      	lsls	r2, r4
10003d18:	0510      	lsls	r0, r2, #20
10003d1a:	0b12      	lsrs	r2, r2, #12
10003d1c:	4903      	ldr	r1, [pc, #12]	; (10003d2c <__wrap___aeabi_i2d+0x2c>)
10003d1e:	1b09      	subs	r1, r1, r4
10003d20:	0509      	lsls	r1, r1, #20
10003d22:	4319      	orrs	r1, r3
10003d24:	4311      	orrs	r1, r2
10003d26:	bd10      	pop	{r4, pc}
10003d28:	200205c4 	.word	0x200205c4
10003d2c:	0000041f 	.word	0x0000041f

10003d30 <__wrap___aeabi_d2iz>:
10003d30:	b510      	push	{r4, lr}
10003d32:	004c      	lsls	r4, r1, #1
10003d34:	0d62      	lsrs	r2, r4, #21
10003d36:	2380      	movs	r3, #128	; 0x80
10003d38:	18d2      	adds	r2, r2, r3
10003d3a:	00db      	lsls	r3, r3, #3
10003d3c:	1ad2      	subs	r2, r2, r3
10003d3e:	055b      	lsls	r3, r3, #21
10003d40:	2a7e      	cmp	r2, #126	; 0x7e
10003d42:	dd10      	ble.n	10003d66 <__wrap___aeabi_d2iz+0x36>
10003d44:	3a9e      	subs	r2, #158	; 0x9e
10003d46:	da13      	bge.n	10003d70 <__wrap___aeabi_d2iz+0x40>
10003d48:	17cc      	asrs	r4, r1, #31
10003d4a:	0309      	lsls	r1, r1, #12
10003d4c:	0849      	lsrs	r1, r1, #1
10003d4e:	4319      	orrs	r1, r3
10003d50:	4252      	negs	r2, r2
10003d52:	40d1      	lsrs	r1, r2
10003d54:	0064      	lsls	r4, r4, #1
10003d56:	3401      	adds	r4, #1
10003d58:	3215      	adds	r2, #21
10003d5a:	2a20      	cmp	r2, #32
10003d5c:	da05      	bge.n	10003d6a <__wrap___aeabi_d2iz+0x3a>
10003d5e:	40d0      	lsrs	r0, r2
10003d60:	4308      	orrs	r0, r1
10003d62:	4360      	muls	r0, r4
10003d64:	bd10      	pop	{r4, pc}
10003d66:	2000      	movs	r0, #0
10003d68:	bd10      	pop	{r4, pc}
10003d6a:	4608      	mov	r0, r1
10003d6c:	4360      	muls	r0, r4
10003d6e:	bd10      	pop	{r4, pc}
10003d70:	0fc8      	lsrs	r0, r1, #31
10003d72:	18c0      	adds	r0, r0, r3
10003d74:	3801      	subs	r0, #1
10003d76:	bd10      	pop	{r4, pc}

10003d78 <__wrap___aeabi_d2uiz>:
10003d78:	b418      	push	{r3, r4}
10003d7a:	4b02      	ldr	r3, [pc, #8]	; (10003d84 <__wrap___aeabi_d2uiz+0xc>)
10003d7c:	6a5b      	ldr	r3, [r3, #36]	; 0x24
10003d7e:	9301      	str	r3, [sp, #4]
10003d80:	bd08      	pop	{r3, pc}
10003d82:	0000      	.short	0x0000
10003d84:	200204c4 	.word	0x200204c4

10003d88 <missing_double_func_shim>:
10003d88:	b510      	push	{r4, lr}
10003d8a:	4801      	ldr	r0, [pc, #4]	; (10003d90 <missing_double_func_shim+0x8>)
10003d8c:	f7fe fbd8 	bl	10002540 <panic>
10003d90:	10005990 	.word	0x10005990

10003d94 <__aeabi_double_init>:
10003d94:	b570      	push	{r4, r5, r6, lr}
10003d96:	2313      	movs	r3, #19
10003d98:	781c      	ldrb	r4, [r3, #0]
10003d9a:	2c01      	cmp	r4, #1
10003d9c:	d014      	beq.n	10003dc8 <__aeabi_double_init+0x34>
10003d9e:	2c01      	cmp	r4, #1
10003da0:	dc14      	bgt.n	10003dcc <__aeabi_double_init+0x38>
10003da2:	2c02      	cmp	r4, #2
10003da4:	dc02      	bgt.n	10003dac <__aeabi_double_init+0x18>
10003da6:	4a1f      	ldr	r2, [pc, #124]	; (10003e24 <__aeabi_double_init+0x90>)
10003da8:	4b1f      	ldr	r3, [pc, #124]	; (10003e28 <__aeabi_double_init+0x94>)
10003daa:	649a      	str	r2, [r3, #72]	; 0x48
10003dac:	481f      	ldr	r0, [pc, #124]	; (10003e2c <__aeabi_double_init+0x98>)
10003dae:	f7ff fc87 	bl	100036c0 <rom_func_lookup>
10003db2:	4b1f      	ldr	r3, [pc, #124]	; (10003e30 <__aeabi_double_init+0x9c>)
10003db4:	6018      	str	r0, [r3, #0]
10003db6:	bd70      	pop	{r4, r5, r6, pc}
10003db8:	0099      	lsls	r1, r3, #2
10003dba:	481e      	ldr	r0, [pc, #120]	; (10003e34 <__aeabi_double_init+0xa0>)
10003dbc:	4a1a      	ldr	r2, [pc, #104]	; (10003e28 <__aeabi_double_init+0x94>)
10003dbe:	5088      	str	r0, [r1, r2]
10003dc0:	3301      	adds	r3, #1
10003dc2:	2b1f      	cmp	r3, #31
10003dc4:	d9f8      	bls.n	10003db8 <__aeabi_double_init+0x24>
10003dc6:	e7ea      	b.n	10003d9e <__aeabi_double_init+0xa>
10003dc8:	2300      	movs	r3, #0
10003dca:	e7fa      	b.n	10003dc2 <__aeabi_double_init+0x2e>
10003dcc:	481a      	ldr	r0, [pc, #104]	; (10003e38 <__aeabi_double_init+0xa4>)
10003dce:	f7ff fc7f 	bl	100036d0 <rom_data_lookup>
10003dd2:	0005      	movs	r5, r0
10003dd4:	4819      	ldr	r0, [pc, #100]	; (10003e3c <__aeabi_double_init+0xa8>)
10003dd6:	f7ff fc7b 	bl	100036d0 <rom_data_lookup>
10003dda:	3802      	subs	r0, #2
10003ddc:	7803      	ldrb	r3, [r0, #0]
10003dde:	009b      	lsls	r3, r3, #2
10003de0:	2b7f      	cmp	r3, #127	; 0x7f
10003de2:	dd19      	ble.n	10003e18 <__aeabi_double_init+0x84>
10003de4:	2280      	movs	r2, #128	; 0x80
10003de6:	0029      	movs	r1, r5
10003de8:	480f      	ldr	r0, [pc, #60]	; (10003e28 <__aeabi_double_init+0x94>)
10003dea:	f000 fa4d 	bl	10004288 <__wrap___aeabi_memcpy>
10003dee:	2c02      	cmp	r4, #2
10003df0:	d1d7      	bne.n	10003da2 <__aeabi_double_init+0xe>
10003df2:	4b13      	ldr	r3, [pc, #76]	; (10003e40 <__aeabi_double_init+0xac>)
10003df4:	881a      	ldrh	r2, [r3, #0]
10003df6:	23b5      	movs	r3, #181	; 0xb5
10003df8:	021b      	lsls	r3, r3, #8
10003dfa:	429a      	cmp	r2, r3
10003dfc:	d109      	bne.n	10003e12 <__aeabi_double_init+0x7e>
10003dfe:	4b11      	ldr	r3, [pc, #68]	; (10003e44 <__aeabi_double_init+0xb0>)
10003e00:	881a      	ldrh	r2, [r3, #0]
10003e02:	4b11      	ldr	r3, [pc, #68]	; (10003e48 <__aeabi_double_init+0xb4>)
10003e04:	429a      	cmp	r2, r3
10003e06:	d104      	bne.n	10003e12 <__aeabi_double_init+0x7e>
10003e08:	4b10      	ldr	r3, [pc, #64]	; (10003e4c <__aeabi_double_init+0xb8>)
10003e0a:	881a      	ldrh	r2, [r3, #0]
10003e0c:	4b10      	ldr	r3, [pc, #64]	; (10003e50 <__aeabi_double_init+0xbc>)
10003e0e:	429a      	cmp	r2, r3
10003e10:	d0c7      	beq.n	10003da2 <__aeabi_double_init+0xe>
10003e12:	2000      	movs	r0, #0
10003e14:	f7fe fb94 	bl	10002540 <panic>
10003e18:	4b0e      	ldr	r3, [pc, #56]	; (10003e54 <__aeabi_double_init+0xc0>)
10003e1a:	4a0f      	ldr	r2, [pc, #60]	; (10003e58 <__aeabi_double_init+0xc4>)
10003e1c:	2132      	movs	r1, #50	; 0x32
10003e1e:	480f      	ldr	r0, [pc, #60]	; (10003e5c <__aeabi_double_init+0xc8>)
10003e20:	f7fe faf4 	bl	1000240c <__assert_func>
10003e24:	10003e61 	.word	0x10003e61
10003e28:	200204c4 	.word	0x200204c4
10003e2c:	0000334c 	.word	0x0000334c
10003e30:	200205c4 	.word	0x200205c4
10003e34:	10003d89 	.word	0x10003d89
10003e38:	00004453 	.word	0x00004453
10003e3c:	00004653 	.word	0x00004653
10003e40:	00003854 	.word	0x00003854
10003e44:	000038d8 	.word	0x000038d8
10003e48:	00004649 	.word	0x00004649
10003e4c:	0000389c 	.word	0x0000389c
10003e50:	00004659 	.word	0x00004659
10003e54:	100059a8 	.word	0x100059a8
10003e58:	10005a60 	.word	0x10005a60
10003e5c:	100059fc 	.word	0x100059fc

10003e60 <double_table_shim_on_use_helper>:
10003e60:	b507      	push	{r0, r1, r2, lr}
10003e62:	4660      	mov	r0, ip
10003e64:	2800      	cmp	r0, #0
10003e66:	d100      	bne.n	10003e6a <double_table_shim_on_use_helper+0xa>
10003e68:	be00      	bkpt	0x0000
10003e6a:	8801      	ldrh	r1, [r0, #0]
10003e6c:	0a0a      	lsrs	r2, r1, #8
10003e6e:	3002      	adds	r0, #2
10003e70:	2adf      	cmp	r2, #223	; 0xdf
10003e72:	d1fa      	bne.n	10003e6a <double_table_shim_on_use_helper+0xa>
10003e74:	b2c9      	uxtb	r1, r1
10003e76:	0882      	lsrs	r2, r0, #2
10003e78:	d304      	bcc.n	10003e84 <double_table_shim_on_use_helper+0x24>
10003e7a:	8802      	ldrh	r2, [r0, #0]
10003e7c:	8840      	ldrh	r0, [r0, #2]
10003e7e:	0400      	lsls	r0, r0, #16
10003e80:	4310      	orrs	r0, r2
10003e82:	e000      	b.n	10003e86 <double_table_shim_on_use_helper+0x26>
10003e84:	6800      	ldr	r0, [r0, #0]
10003e86:	4a02      	ldr	r2, [pc, #8]	; (10003e90 <double_table_shim_on_use_helper+0x30>)
10003e88:	5050      	str	r0, [r2, r1]
10003e8a:	9003      	str	r0, [sp, #12]
10003e8c:	bd07      	pop	{r0, r1, r2, pc}
10003e8e:	0000      	.short	0x0000
10003e90:	200204c4 	.word	0x200204c4

10003e94 <__wrap___aeabi_lmul>:
10003e94:	4351      	muls	r1, r2
10003e96:	4343      	muls	r3, r0
10003e98:	18c9      	adds	r1, r1, r3
10003e9a:	468c      	mov	ip, r1
10003e9c:	0c11      	lsrs	r1, r2, #16
10003e9e:	b283      	uxth	r3, r0
10003ea0:	434b      	muls	r3, r1
10003ea2:	b410      	push	{r4}
10003ea4:	0c04      	lsrs	r4, r0, #16
10003ea6:	4361      	muls	r1, r4
10003ea8:	b292      	uxth	r2, r2
10003eaa:	b280      	uxth	r0, r0
10003eac:	4350      	muls	r0, r2
10003eae:	4362      	muls	r2, r4
10003eb0:	041c      	lsls	r4, r3, #16
10003eb2:	0c1b      	lsrs	r3, r3, #16
10003eb4:	1900      	adds	r0, r0, r4
10003eb6:	bc10      	pop	{r4}
10003eb8:	4159      	adcs	r1, r3
10003eba:	0413      	lsls	r3, r2, #16
10003ebc:	0c12      	lsrs	r2, r2, #16
10003ebe:	18c0      	adds	r0, r0, r3
10003ec0:	4151      	adcs	r1, r2
10003ec2:	4461      	add	r1, ip
10003ec4:	4770      	bx	lr
	...

10003ec8 <__wrap___aeabi_frsub>:
10003ec8:	4048      	eors	r0, r1
10003eca:	4041      	eors	r1, r0
10003ecc:	4048      	eors	r0, r1

10003ece <__wrap___aeabi_fsub>:
10003ece:	4b0e      	ldr	r3, [pc, #56]	; (10003f08 <__wrap___aeabi_fmul+0x6>)
10003ed0:	685b      	ldr	r3, [r3, #4]
10003ed2:	4718      	bx	r3

10003ed4 <__wrap___aeabi_fadd>:
10003ed4:	4b0c      	ldr	r3, [pc, #48]	; (10003f08 <__wrap___aeabi_fmul+0x6>)
10003ed6:	681b      	ldr	r3, [r3, #0]
10003ed8:	4718      	bx	r3

10003eda <__wrap___aeabi_fdiv>:
10003eda:	4a0c      	ldr	r2, [pc, #48]	; (10003f0c <__wrap___aeabi_fmul+0xa>)
10003edc:	6f93      	ldr	r3, [r2, #120]	; 0x78
10003ede:	089b      	lsrs	r3, r3, #2
10003ee0:	d202      	bcs.n	10003ee8 <fdiv_save_state>

10003ee2 <fdiv_shim_call>:
10003ee2:	4b09      	ldr	r3, [pc, #36]	; (10003f08 <__wrap___aeabi_fmul+0x6>)
10003ee4:	68db      	ldr	r3, [r3, #12]
10003ee6:	4718      	bx	r3

10003ee8 <fdiv_save_state>:
10003ee8:	b5f0      	push	{r4, r5, r6, r7, lr}
10003eea:	6e14      	ldr	r4, [r2, #96]	; 0x60
10003eec:	6e55      	ldr	r5, [r2, #100]	; 0x64
10003eee:	6f57      	ldr	r7, [r2, #116]	; 0x74
10003ef0:	6f16      	ldr	r6, [r2, #112]	; 0x70
10003ef2:	f7ff fff6 	bl	10003ee2 <fdiv_shim_call>
10003ef6:	4a05      	ldr	r2, [pc, #20]	; (10003f0c <__wrap___aeabi_fmul+0xa>)
10003ef8:	6614      	str	r4, [r2, #96]	; 0x60
10003efa:	6655      	str	r5, [r2, #100]	; 0x64
10003efc:	6757      	str	r7, [r2, #116]	; 0x74
10003efe:	6716      	str	r6, [r2, #112]	; 0x70
10003f00:	bdf0      	pop	{r4, r5, r6, r7, pc}

10003f02 <__wrap___aeabi_fmul>:
10003f02:	4b01      	ldr	r3, [pc, #4]	; (10003f08 <__wrap___aeabi_fmul+0x6>)
10003f04:	689b      	ldr	r3, [r3, #8]
10003f06:	4718      	bx	r3
10003f08:	200205c8 	.word	0x200205c8
10003f0c:	d0000000 	.word	0xd0000000

10003f10 <__wrap___aeabi_cfrcmple>:
10003f10:	b507      	push	{r0, r1, r2, lr}
10003f12:	4048      	eors	r0, r1
10003f14:	4041      	eors	r1, r0
10003f16:	4048      	eors	r0, r1
10003f18:	e001      	b.n	10003f1e <__aeabi_cfcmple_guts>
10003f1a:	46c0      	nop			; (mov r8, r8)

10003f1c <__wrap___aeabi_cfcmpeq>:
10003f1c:	b507      	push	{r0, r1, r2, lr}

10003f1e <__aeabi_cfcmple_guts>:
10003f1e:	0042      	lsls	r2, r0, #1
10003f20:	0e12      	lsrs	r2, r2, #24
10003f22:	d003      	beq.n	10003f2c <__aeabi_cfcmple_guts+0xe>
10003f24:	2aff      	cmp	r2, #255	; 0xff
10003f26:	d103      	bne.n	10003f30 <__aeabi_cfcmple_guts+0x12>
10003f28:	0242      	lsls	r2, r0, #9
10003f2a:	d818      	bhi.n	10003f5e <__aeabi_cfcmple_guts+0x40>
10003f2c:	0dc0      	lsrs	r0, r0, #23
10003f2e:	05c0      	lsls	r0, r0, #23
10003f30:	004a      	lsls	r2, r1, #1
10003f32:	0e12      	lsrs	r2, r2, #24
10003f34:	d003      	beq.n	10003f3e <__aeabi_cfcmple_guts+0x20>
10003f36:	2aff      	cmp	r2, #255	; 0xff
10003f38:	d103      	bne.n	10003f42 <__aeabi_cfcmple_guts+0x24>
10003f3a:	024a      	lsls	r2, r1, #9
10003f3c:	d80f      	bhi.n	10003f5e <__aeabi_cfcmple_guts+0x40>
10003f3e:	0dc9      	lsrs	r1, r1, #23
10003f40:	05c9      	lsls	r1, r1, #23
10003f42:	2201      	movs	r2, #1
10003f44:	4041      	eors	r1, r0
10003f46:	d405      	bmi.n	10003f54 <__aeabi_cfcmple_guts+0x36>
10003f48:	4041      	eors	r1, r0
10003f4a:	d501      	bpl.n	10003f50 <__aeabi_cfcmple_guts+0x32>
10003f4c:	4281      	cmp	r1, r0
10003f4e:	bd07      	pop	{r0, r1, r2, pc}
10003f50:	4288      	cmp	r0, r1
10003f52:	bd07      	pop	{r0, r1, r2, pc}
10003f54:	4301      	orrs	r1, r0
10003f56:	1849      	adds	r1, r1, r1
10003f58:	d001      	beq.n	10003f5e <__aeabi_cfcmple_guts+0x40>
10003f5a:	43c0      	mvns	r0, r0
10003f5c:	1800      	adds	r0, r0, r0
10003f5e:	bd07      	pop	{r0, r1, r2, pc}

10003f60 <__wrap___aeabi_fcmpgt>:
10003f60:	b500      	push	{lr}
10003f62:	f7ff ffd5 	bl	10003f10 <__wrap___aeabi_cfrcmple>
10003f66:	4180      	sbcs	r0, r0
10003f68:	bd00      	pop	{pc}

10003f6a <__wrap___aeabi_ui2f>:
10003f6a:	1a49      	subs	r1, r1, r1
10003f6c:	2800      	cmp	r0, #0
10003f6e:	d107      	bne.n	10003f80 <__aeabi_i2f_main>
10003f70:	4608      	mov	r0, r1
10003f72:	4770      	bx	lr

10003f74 <__wrap___aeabi_i2f>:
10003f74:	0fc1      	lsrs	r1, r0, #31
10003f76:	07c9      	lsls	r1, r1, #31
10003f78:	d500      	bpl.n	10003f7c <__wrap___aeabi_i2f+0x8>
10003f7a:	4240      	negs	r0, r0
10003f7c:	2800      	cmp	r0, #0
10003f7e:	d017      	beq.n	10003fb0 <__aeabi_i2f_main+0x30>

10003f80 <__aeabi_i2f_main>:
10003f80:	46f4      	mov	ip, lr
10003f82:	b403      	push	{r0, r1}
10003f84:	4b0b      	ldr	r3, [pc, #44]	; (10003fb4 <__aeabi_i2f_main+0x34>)
10003f86:	681b      	ldr	r3, [r3, #0]
10003f88:	4798      	blx	r3
10003f8a:	bc06      	pop	{r1, r2}
10003f8c:	4081      	lsls	r1, r0
10003f8e:	389e      	subs	r0, #158	; 0x9e
10003f90:	4240      	negs	r0, r0
10003f92:	3180      	adds	r1, #128	; 0x80
10003f94:	d207      	bcs.n	10003fa6 <__aeabi_i2f_main+0x26>
10003f96:	060b      	lsls	r3, r1, #24
10003f98:	d007      	beq.n	10003faa <__aeabi_i2f_main+0x2a>
10003f9a:	0049      	lsls	r1, r1, #1
10003f9c:	0a49      	lsrs	r1, r1, #9
10003f9e:	05c0      	lsls	r0, r0, #23
10003fa0:	4310      	orrs	r0, r2
10003fa2:	4308      	orrs	r0, r1
10003fa4:	4760      	bx	ip
10003fa6:	3001      	adds	r0, #1
10003fa8:	e7f8      	b.n	10003f9c <__aeabi_i2f_main+0x1c>
10003faa:	0a49      	lsrs	r1, r1, #9
10003fac:	0289      	lsls	r1, r1, #10
10003fae:	e7f5      	b.n	10003f9c <__aeabi_i2f_main+0x1c>
10003fb0:	4770      	bx	lr
10003fb2:	0000      	.short	0x0000
10003fb4:	200205c4 	.word	0x200205c4

10003fb8 <__wrap___aeabi_f2iz>:
10003fb8:	0041      	lsls	r1, r0, #1
10003fba:	0e0a      	lsrs	r2, r1, #24
10003fbc:	2380      	movs	r3, #128	; 0x80
10003fbe:	061b      	lsls	r3, r3, #24
10003fc0:	2a7e      	cmp	r2, #126	; 0x7e
10003fc2:	dd0b      	ble.n	10003fdc <__wrap___aeabi_f2iz+0x24>
10003fc4:	3a9e      	subs	r2, #158	; 0x9e
10003fc6:	da0b      	bge.n	10003fe0 <__wrap___aeabi_f2iz+0x28>
10003fc8:	17c1      	asrs	r1, r0, #31
10003fca:	0240      	lsls	r0, r0, #9
10003fcc:	0840      	lsrs	r0, r0, #1
10003fce:	4318      	orrs	r0, r3
10003fd0:	4252      	negs	r2, r2
10003fd2:	40d0      	lsrs	r0, r2
10003fd4:	0049      	lsls	r1, r1, #1
10003fd6:	3101      	adds	r1, #1
10003fd8:	4348      	muls	r0, r1
10003fda:	4770      	bx	lr
10003fdc:	2000      	movs	r0, #0
10003fde:	4770      	bx	lr
10003fe0:	0fc0      	lsrs	r0, r0, #31
10003fe2:	18c0      	adds	r0, r0, r3
10003fe4:	3801      	subs	r0, #1
10003fe6:	4770      	bx	lr
10003fe8:	42c0      	cmn	r0, r0
10003fea:	d30d      	bcc.n	10004008 <float2int>
10003fec:	b500      	push	{lr}
10003fee:	0040      	lsls	r0, r0, #1
10003ff0:	0840      	lsrs	r0, r0, #1
10003ff2:	2100      	movs	r1, #0
10003ff4:	f000 f80e 	bl	10004014 <__wrap___aeabi_f2uiz>
10003ff8:	2800      	cmp	r0, #0
10003ffa:	d401      	bmi.n	10004000 <__wrap___aeabi_f2iz+0x48>
10003ffc:	4240      	negs	r0, r0
10003ffe:	bd00      	pop	{pc}
10004000:	2080      	movs	r0, #128	; 0x80
10004002:	0600      	lsls	r0, r0, #24
10004004:	bd00      	pop	{pc}
	...

10004008 <float2int>:
10004008:	4b01      	ldr	r3, [pc, #4]	; (10004010 <float2int+0x8>)
1000400a:	69db      	ldr	r3, [r3, #28]
1000400c:	4718      	bx	r3
1000400e:	0000      	.short	0x0000
10004010:	200205c8 	.word	0x200205c8

10004014 <__wrap___aeabi_f2uiz>:
10004014:	4b01      	ldr	r3, [pc, #4]	; (1000401c <__wrap___aeabi_f2uiz+0x8>)
10004016:	6a5b      	ldr	r3, [r3, #36]	; 0x24
10004018:	4718      	bx	r3
1000401a:	0000      	.short	0x0000
1000401c:	200205c8 	.word	0x200205c8

10004020 <fix2float>:
10004020:	4b01      	ldr	r3, [pc, #4]	; (10004028 <fix2float+0x8>)
10004022:	6b1b      	ldr	r3, [r3, #48]	; 0x30
10004024:	4718      	bx	r3
10004026:	0000      	.short	0x0000
10004028:	200205c8 	.word	0x200205c8

1000402c <__wrap_cosf>:
1000402c:	0041      	lsls	r1, r0, #1
1000402e:	0e09      	lsrs	r1, r1, #24
10004030:	2986      	cmp	r1, #134	; 0x86
10004032:	da02      	bge.n	1000403a <__wrap_cosf+0xe>
10004034:	4b04      	ldr	r3, [pc, #16]	; (10004048 <__wrap_cosf+0x1c>)
10004036:	6bdb      	ldr	r3, [r3, #60]	; 0x3c
10004038:	4718      	bx	r3
1000403a:	4904      	ldr	r1, [pc, #16]	; (1000404c <__wrap_cosf+0x20>)
1000403c:	b500      	push	{lr}
1000403e:	f000 f910 	bl	10004262 <__wrap_remainderf>
10004042:	bc02      	pop	{r1}
10004044:	468e      	mov	lr, r1
10004046:	e7f5      	b.n	10004034 <__wrap_cosf+0x8>
10004048:	200205c8 	.word	0x200205c8
1000404c:	40c90fdb 	.word	0x40c90fdb

10004050 <__wrap_sinf>:
10004050:	0041      	lsls	r1, r0, #1
10004052:	0e09      	lsrs	r1, r1, #24
10004054:	2986      	cmp	r1, #134	; 0x86
10004056:	da02      	bge.n	1000405e <__wrap_sinf+0xe>
10004058:	4b04      	ldr	r3, [pc, #16]	; (1000406c <__wrap_sinf+0x1c>)
1000405a:	6c1b      	ldr	r3, [r3, #64]	; 0x40
1000405c:	4718      	bx	r3
1000405e:	4904      	ldr	r1, [pc, #16]	; (10004070 <__wrap_sinf+0x20>)
10004060:	b500      	push	{lr}
10004062:	f000 f8fe 	bl	10004262 <__wrap_remainderf>
10004066:	bc02      	pop	{r1}
10004068:	468e      	mov	lr, r1
1000406a:	e7f5      	b.n	10004058 <__wrap_sinf+0x8>
1000406c:	200205c8 	.word	0x200205c8
10004070:	40c90fdb 	.word	0x40c90fdb

10004074 <missing_float_func_shim>:
10004074:	b510      	push	{r4, lr}
10004076:	4801      	ldr	r0, [pc, #4]	; (1000407c <missing_float_func_shim+0x8>)
10004078:	f7fe fa62 	bl	10002540 <panic>
1000407c:	1000566c 	.word	0x1000566c

10004080 <__aeabi_float_init>:
10004080:	b570      	push	{r4, r5, r6, lr}
10004082:	2313      	movs	r3, #19
10004084:	781e      	ldrb	r6, [r3, #0]
10004086:	4818      	ldr	r0, [pc, #96]	; (100040e8 <__aeabi_float_init+0x68>)
10004088:	f7ff fb22 	bl	100036d0 <rom_data_lookup>
1000408c:	0005      	movs	r5, r0
1000408e:	2e01      	cmp	r6, #1
10004090:	d011      	beq.n	100040b6 <__aeabi_float_init+0x36>
10004092:	2e01      	cmp	r6, #1
10004094:	dd09      	ble.n	100040aa <__aeabi_float_init+0x2a>
10004096:	1eab      	subs	r3, r5, #2
10004098:	781b      	ldrb	r3, [r3, #0]
1000409a:	009b      	lsls	r3, r3, #2
1000409c:	2b7f      	cmp	r3, #127	; 0x7f
1000409e:	dd1d      	ble.n	100040dc <__aeabi_float_init+0x5c>
100040a0:	2280      	movs	r2, #128	; 0x80
100040a2:	0029      	movs	r1, r5
100040a4:	4811      	ldr	r0, [pc, #68]	; (100040ec <__aeabi_float_init+0x6c>)
100040a6:	f000 f8ef 	bl	10004288 <__wrap___aeabi_memcpy>
100040aa:	4811      	ldr	r0, [pc, #68]	; (100040f0 <__aeabi_float_init+0x70>)
100040ac:	f7ff fb08 	bl	100036c0 <rom_func_lookup>
100040b0:	4b10      	ldr	r3, [pc, #64]	; (100040f4 <__aeabi_float_init+0x74>)
100040b2:	6018      	str	r0, [r3, #0]
100040b4:	bd70      	pop	{r4, r5, r6, pc}
100040b6:	2254      	movs	r2, #84	; 0x54
100040b8:	0001      	movs	r1, r0
100040ba:	480c      	ldr	r0, [pc, #48]	; (100040ec <__aeabi_float_init+0x6c>)
100040bc:	f000 f8e4 	bl	10004288 <__wrap___aeabi_memcpy>
100040c0:	2300      	movs	r3, #0
100040c2:	e000      	b.n	100040c6 <__aeabi_float_init+0x46>
100040c4:	3301      	adds	r3, #1
100040c6:	2b1f      	cmp	r3, #31
100040c8:	d8e3      	bhi.n	10004092 <__aeabi_float_init+0x12>
100040ca:	009a      	lsls	r2, r3, #2
100040cc:	4c07      	ldr	r4, [pc, #28]	; (100040ec <__aeabi_float_init+0x6c>)
100040ce:	5912      	ldr	r2, [r2, r4]
100040d0:	2a00      	cmp	r2, #0
100040d2:	d1f7      	bne.n	100040c4 <__aeabi_float_init+0x44>
100040d4:	009a      	lsls	r2, r3, #2
100040d6:	4808      	ldr	r0, [pc, #32]	; (100040f8 <__aeabi_float_init+0x78>)
100040d8:	5110      	str	r0, [r2, r4]
100040da:	e7f3      	b.n	100040c4 <__aeabi_float_init+0x44>
100040dc:	4b07      	ldr	r3, [pc, #28]	; (100040fc <__aeabi_float_init+0x7c>)
100040de:	4a08      	ldr	r2, [pc, #32]	; (10004100 <__aeabi_float_init+0x80>)
100040e0:	2142      	movs	r1, #66	; 0x42
100040e2:	4808      	ldr	r0, [pc, #32]	; (10004104 <__aeabi_float_init+0x84>)
100040e4:	f7fe f992 	bl	1000240c <__assert_func>
100040e8:	00004653 	.word	0x00004653
100040ec:	200205c8 	.word	0x200205c8
100040f0:	0000334c 	.word	0x0000334c
100040f4:	200205c4 	.word	0x200205c4
100040f8:	10004075 	.word	0x10004075
100040fc:	10005a74 	.word	0x10005a74
10004100:	10005b0c 	.word	0x10005b0c
10004104:	10005aa8 	.word	0x10005aa8

10004108 <frem_0>:
10004108:	b5f0      	push	{r4, r5, r6, r7, lr}
1000410a:	46c6      	mov	lr, r8
1000410c:	b500      	push	{lr}
1000410e:	0005      	movs	r5, r0
10004110:	000f      	movs	r7, r1
10004112:	1e16      	subs	r6, r2, #0
10004114:	4698      	mov	r8, r3
10004116:	dd1b      	ble.n	10004150 <frem_0+0x48>
10004118:	11c9      	asrs	r1, r1, #7
1000411a:	2001      	movs	r0, #1
1000411c:	4240      	negs	r0, r0
1000411e:	f7ff fb23 	bl	10003768 <__wrap___aeabi_uidiv>
10004122:	2200      	movs	r2, #0
10004124:	e00e      	b.n	10004144 <frem_0+0x3c>
10004126:	230c      	movs	r3, #12
10004128:	126c      	asrs	r4, r5, #9
1000412a:	4344      	muls	r4, r0
1000412c:	211d      	movs	r1, #29
1000412e:	1ac9      	subs	r1, r1, r3
10004130:	410c      	asrs	r4, r1
10004132:	3401      	adds	r4, #1
10004134:	1064      	asrs	r4, r4, #1
10004136:	409d      	lsls	r5, r3
10004138:	0021      	movs	r1, r4
1000413a:	4379      	muls	r1, r7
1000413c:	1a6d      	subs	r5, r5, r1
1000413e:	409a      	lsls	r2, r3
10004140:	1912      	adds	r2, r2, r4
10004142:	1af6      	subs	r6, r6, r3
10004144:	2e00      	cmp	r6, #0
10004146:	dd05      	ble.n	10004154 <frem_0+0x4c>
10004148:	2e0c      	cmp	r6, #12
1000414a:	dcec      	bgt.n	10004126 <frem_0+0x1e>
1000414c:	0033      	movs	r3, r6
1000414e:	e7eb      	b.n	10004128 <frem_0+0x20>
10004150:	2000      	movs	r0, #0
10004152:	e7e6      	b.n	10004122 <frem_0+0x1a>
10004154:	42bd      	cmp	r5, r7
10004156:	db01      	blt.n	1000415c <frem_0+0x54>
10004158:	1bed      	subs	r5, r5, r7
1000415a:	3201      	adds	r2, #1
1000415c:	42bd      	cmp	r5, r7
1000415e:	db01      	blt.n	10004164 <frem_0+0x5c>
10004160:	1bed      	subs	r5, r5, r7
10004162:	3201      	adds	r2, #1
10004164:	2d00      	cmp	r5, #0
10004166:	db09      	blt.n	1000417c <frem_0+0x74>
10004168:	2d00      	cmp	r5, #0
1000416a:	db0a      	blt.n	10004182 <frem_0+0x7a>
1000416c:	4643      	mov	r3, r8
1000416e:	2b00      	cmp	r3, #0
10004170:	d000      	beq.n	10004174 <frem_0+0x6c>
10004172:	601a      	str	r2, [r3, #0]
10004174:	0028      	movs	r0, r5
10004176:	bc80      	pop	{r7}
10004178:	46b8      	mov	r8, r7
1000417a:	bdf0      	pop	{r4, r5, r6, r7, pc}
1000417c:	19ed      	adds	r5, r5, r7
1000417e:	3a01      	subs	r2, #1
10004180:	e7f2      	b.n	10004168 <frem_0+0x60>
10004182:	19ed      	adds	r5, r5, r7
10004184:	3a01      	subs	r2, #1
10004186:	e7f1      	b.n	1000416c <frem_0+0x64>

10004188 <__wrap_remquof>:
10004188:	b5f0      	push	{r4, r5, r6, r7, lr}
1000418a:	46ce      	mov	lr, r9
1000418c:	4647      	mov	r7, r8
1000418e:	b580      	push	{r7, lr}
10004190:	b083      	sub	sp, #12
10004192:	0016      	movs	r6, r2
10004194:	0fc3      	lsrs	r3, r0, #31
10004196:	4699      	mov	r9, r3
10004198:	0dc3      	lsrs	r3, r0, #23
1000419a:	24ff      	movs	r4, #255	; 0xff
1000419c:	4023      	ands	r3, r4
1000419e:	0245      	lsls	r5, r0, #9
100041a0:	0a6d      	lsrs	r5, r5, #9
100041a2:	2280      	movs	r2, #128	; 0x80
100041a4:	0412      	lsls	r2, r2, #16
100041a6:	4690      	mov	r8, r2
100041a8:	4315      	orrs	r5, r2
100041aa:	0fcf      	lsrs	r7, r1, #31
100041ac:	0dca      	lsrs	r2, r1, #23
100041ae:	4014      	ands	r4, r2
100041b0:	0249      	lsls	r1, r1, #9
100041b2:	0a49      	lsrs	r1, r1, #9
100041b4:	4642      	mov	r2, r8
100041b6:	430a      	orrs	r2, r1
100041b8:	4690      	mov	r8, r2
100041ba:	2e00      	cmp	r6, #0
100041bc:	d001      	beq.n	100041c2 <__wrap_remquof+0x3a>
100041be:	2100      	movs	r1, #0
100041c0:	6031      	str	r1, [r6, #0]
100041c2:	2bff      	cmp	r3, #255	; 0xff
100041c4:	d041      	beq.n	1000424a <__wrap_remquof+0xc2>
100041c6:	2c00      	cmp	r4, #0
100041c8:	d042      	beq.n	10004250 <__wrap_remquof+0xc8>
100041ca:	2b00      	cmp	r3, #0
100041cc:	d047      	beq.n	1000425e <__wrap_remquof+0xd6>
100041ce:	2cff      	cmp	r4, #255	; 0xff
100041d0:	d040      	beq.n	10004254 <__wrap_remquof+0xcc>
100041d2:	1e61      	subs	r1, r4, #1
100041d4:	4299      	cmp	r1, r3
100041d6:	dc3d      	bgt.n	10004254 <__wrap_remquof+0xcc>
100041d8:	d023      	beq.n	10004222 <__wrap_remquof+0x9a>
100041da:	464a      	mov	r2, r9
100041dc:	2a00      	cmp	r2, #0
100041de:	d000      	beq.n	100041e2 <__wrap_remquof+0x5a>
100041e0:	426d      	negs	r5, r5
100041e2:	1b1a      	subs	r2, r3, r4
100041e4:	ab01      	add	r3, sp, #4
100041e6:	4641      	mov	r1, r8
100041e8:	0028      	movs	r0, r5
100041ea:	f7ff ff8d 	bl	10004108 <frem_0>
100041ee:	0043      	lsls	r3, r0, #1
100041f0:	4543      	cmp	r3, r8
100041f2:	dc03      	bgt.n	100041fc <__wrap_remquof+0x74>
100041f4:	d107      	bne.n	10004206 <__wrap_remquof+0x7e>
100041f6:	9b01      	ldr	r3, [sp, #4]
100041f8:	07db      	lsls	r3, r3, #31
100041fa:	d504      	bpl.n	10004206 <__wrap_remquof+0x7e>
100041fc:	4643      	mov	r3, r8
100041fe:	1ac0      	subs	r0, r0, r3
10004200:	9b01      	ldr	r3, [sp, #4]
10004202:	3301      	adds	r3, #1
10004204:	9301      	str	r3, [sp, #4]
10004206:	2f00      	cmp	r7, #0
10004208:	d002      	beq.n	10004210 <__wrap_remquof+0x88>
1000420a:	9b01      	ldr	r3, [sp, #4]
1000420c:	425b      	negs	r3, r3
1000420e:	9301      	str	r3, [sp, #4]
10004210:	2e00      	cmp	r6, #0
10004212:	d001      	beq.n	10004218 <__wrap_remquof+0x90>
10004214:	9b01      	ldr	r3, [sp, #4]
10004216:	6033      	str	r3, [r6, #0]
10004218:	2196      	movs	r1, #150	; 0x96
1000421a:	1b09      	subs	r1, r1, r4
1000421c:	f7ff ff00 	bl	10004020 <fix2float>
10004220:	e018      	b.n	10004254 <__wrap_remquof+0xcc>
10004222:	4545      	cmp	r5, r8
10004224:	dd16      	ble.n	10004254 <__wrap_remquof+0xcc>
10004226:	464b      	mov	r3, r9
10004228:	2b00      	cmp	r3, #0
1000422a:	d106      	bne.n	1000423a <__wrap_remquof+0xb2>
1000422c:	4643      	mov	r3, r8
1000422e:	0058      	lsls	r0, r3, #1
10004230:	1a28      	subs	r0, r5, r0
10004232:	2301      	movs	r3, #1
10004234:	9301      	str	r3, [sp, #4]
10004236:	000c      	movs	r4, r1
10004238:	e7e5      	b.n	10004206 <__wrap_remquof+0x7e>
1000423a:	4643      	mov	r3, r8
1000423c:	0058      	lsls	r0, r3, #1
1000423e:	1b40      	subs	r0, r0, r5
10004240:	2301      	movs	r3, #1
10004242:	425b      	negs	r3, r3
10004244:	9301      	str	r3, [sp, #4]
10004246:	000c      	movs	r4, r1
10004248:	e7dd      	b.n	10004206 <__wrap_remquof+0x7e>
1000424a:	20ff      	movs	r0, #255	; 0xff
1000424c:	05c0      	lsls	r0, r0, #23
1000424e:	e001      	b.n	10004254 <__wrap_remquof+0xcc>
10004250:	20ff      	movs	r0, #255	; 0xff
10004252:	05c0      	lsls	r0, r0, #23
10004254:	b003      	add	sp, #12
10004256:	bcc0      	pop	{r6, r7}
10004258:	46b9      	mov	r9, r7
1000425a:	46b0      	mov	r8, r6
1000425c:	bdf0      	pop	{r4, r5, r6, r7, pc}
1000425e:	2000      	movs	r0, #0
10004260:	e7f8      	b.n	10004254 <__wrap_remquof+0xcc>

10004262 <__wrap_remainderf>:
10004262:	b510      	push	{r4, lr}
10004264:	2200      	movs	r2, #0
10004266:	f7ff ff8f 	bl	10004188 <__wrap_remquof>
1000426a:	bd10      	pop	{r4, pc}

1000426c <__aeabi_mem_init>:
1000426c:	4801      	ldr	r0, [pc, #4]	; (10004274 <__aeabi_mem_init+0x8>)
1000426e:	2104      	movs	r1, #4
10004270:	4b01      	ldr	r3, [pc, #4]	; (10004278 <__aeabi_mem_init+0xc>)
10004272:	4718      	bx	r3
10004274:	200202c0 	.word	0x200202c0
10004278:	100036e1 	.word	0x100036e1

1000427c <__wrap_memset>:
1000427c:	4b01      	ldr	r3, [pc, #4]	; (10004284 <__wrap_memset+0x8>)
1000427e:	681b      	ldr	r3, [r3, #0]
10004280:	4718      	bx	r3
10004282:	0000      	.short	0x0000
10004284:	200202c0 	.word	0x200202c0

10004288 <__wrap___aeabi_memcpy>:
10004288:	4b01      	ldr	r3, [pc, #4]	; (10004290 <__wrap___aeabi_memcpy+0x8>)
1000428a:	685b      	ldr	r3, [r3, #4]
1000428c:	4718      	bx	r3
1000428e:	0000      	.short	0x0000
10004290:	200202c0 	.word	0x200202c0

10004294 <stdio_out_chars_no_crlf>:
10004294:	b510      	push	{r4, lr}
10004296:	0003      	movs	r3, r0
10004298:	0008      	movs	r0, r1
1000429a:	0011      	movs	r1, r2
1000429c:	681b      	ldr	r3, [r3, #0]
1000429e:	4798      	blx	r3
100042a0:	bd10      	pop	{r4, pc}
	...

100042a4 <stdio_out_chars_crlf>:
100042a4:	b5f8      	push	{r3, r4, r5, r6, r7, lr}
100042a6:	0007      	movs	r7, r0
100042a8:	000d      	movs	r5, r1
100042aa:	0016      	movs	r6, r2
100042ac:	7d43      	ldrb	r3, [r0, #21]
100042ae:	2b00      	cmp	r3, #0
100042b0:	d002      	beq.n	100042b8 <stdio_out_chars_crlf+0x14>
100042b2:	2400      	movs	r4, #0
100042b4:	2000      	movs	r0, #0
100042b6:	e00c      	b.n	100042d2 <stdio_out_chars_crlf+0x2e>
100042b8:	6803      	ldr	r3, [r0, #0]
100042ba:	0011      	movs	r1, r2
100042bc:	0028      	movs	r0, r5
100042be:	4798      	blx	r3
100042c0:	e02d      	b.n	1000431e <stdio_out_chars_crlf+0x7a>
100042c2:	7d3b      	ldrb	r3, [r7, #20]
100042c4:	e010      	b.n	100042e8 <stdio_out_chars_crlf+0x44>
100042c6:	2102      	movs	r1, #2
100042c8:	4815      	ldr	r0, [pc, #84]	; (10004320 <stdio_out_chars_crlf+0x7c>)
100042ca:	683b      	ldr	r3, [r7, #0]
100042cc:	4798      	blx	r3
100042ce:	1c60      	adds	r0, r4, #1
100042d0:	3401      	adds	r4, #1
100042d2:	42b4      	cmp	r4, r6
100042d4:	da14      	bge.n	10004300 <stdio_out_chars_crlf+0x5c>
100042d6:	2c00      	cmp	r4, #0
100042d8:	ddf3      	ble.n	100042c2 <stdio_out_chars_crlf+0x1e>
100042da:	192b      	adds	r3, r5, r4
100042dc:	3b01      	subs	r3, #1
100042de:	781b      	ldrb	r3, [r3, #0]
100042e0:	3b0d      	subs	r3, #13
100042e2:	425a      	negs	r2, r3
100042e4:	4153      	adcs	r3, r2
100042e6:	b2db      	uxtb	r3, r3
100042e8:	5d2a      	ldrb	r2, [r5, r4]
100042ea:	2a0a      	cmp	r2, #10
100042ec:	d1f0      	bne.n	100042d0 <stdio_out_chars_crlf+0x2c>
100042ee:	2b00      	cmp	r3, #0
100042f0:	d1ee      	bne.n	100042d0 <stdio_out_chars_crlf+0x2c>
100042f2:	42a0      	cmp	r0, r4
100042f4:	dae7      	bge.n	100042c6 <stdio_out_chars_crlf+0x22>
100042f6:	1a21      	subs	r1, r4, r0
100042f8:	1828      	adds	r0, r5, r0
100042fa:	683b      	ldr	r3, [r7, #0]
100042fc:	4798      	blx	r3
100042fe:	e7e2      	b.n	100042c6 <stdio_out_chars_crlf+0x22>
10004300:	42b0      	cmp	r0, r6
10004302:	da03      	bge.n	1000430c <stdio_out_chars_crlf+0x68>
10004304:	1a31      	subs	r1, r6, r0
10004306:	1828      	adds	r0, r5, r0
10004308:	683b      	ldr	r3, [r7, #0]
1000430a:	4798      	blx	r3
1000430c:	2e00      	cmp	r6, #0
1000430e:	dd06      	ble.n	1000431e <stdio_out_chars_crlf+0x7a>
10004310:	19ad      	adds	r5, r5, r6
10004312:	3d01      	subs	r5, #1
10004314:	782b      	ldrb	r3, [r5, #0]
10004316:	3b0d      	subs	r3, #13
10004318:	425a      	negs	r2, r3
1000431a:	4153      	adcs	r3, r2
1000431c:	753b      	strb	r3, [r7, #20]
1000431e:	bdf8      	pop	{r3, r4, r5, r6, r7, pc}
10004320:	10005bf4 	.word	0x10005bf4

10004324 <stdio_stack_buffer_flush>:
10004324:	b570      	push	{r4, r5, r6, lr}
10004326:	0005      	movs	r5, r0
10004328:	6803      	ldr	r3, [r0, #0]
1000432a:	2b00      	cmp	r3, #0
1000432c:	d016      	beq.n	1000435c <stdio_stack_buffer_flush+0x38>
1000432e:	4b0c      	ldr	r3, [pc, #48]	; (10004360 <stdio_stack_buffer_flush+0x3c>)
10004330:	681c      	ldr	r4, [r3, #0]
10004332:	e005      	b.n	10004340 <stdio_stack_buffer_flush+0x1c>
10004334:	0029      	movs	r1, r5
10004336:	c904      	ldmia	r1!, {r2}
10004338:	0020      	movs	r0, r4
1000433a:	f7ff ffb3 	bl	100042a4 <stdio_out_chars_crlf>
1000433e:	6924      	ldr	r4, [r4, #16]
10004340:	2c00      	cmp	r4, #0
10004342:	d009      	beq.n	10004358 <stdio_stack_buffer_flush+0x34>
10004344:	6823      	ldr	r3, [r4, #0]
10004346:	2b00      	cmp	r3, #0
10004348:	d0f9      	beq.n	1000433e <stdio_stack_buffer_flush+0x1a>
1000434a:	4b06      	ldr	r3, [pc, #24]	; (10004364 <stdio_stack_buffer_flush+0x40>)
1000434c:	681b      	ldr	r3, [r3, #0]
1000434e:	2b00      	cmp	r3, #0
10004350:	d0f0      	beq.n	10004334 <stdio_stack_buffer_flush+0x10>
10004352:	42a3      	cmp	r3, r4
10004354:	d1f3      	bne.n	1000433e <stdio_stack_buffer_flush+0x1a>
10004356:	e7ed      	b.n	10004334 <stdio_stack_buffer_flush+0x10>
10004358:	2300      	movs	r3, #0
1000435a:	602b      	str	r3, [r5, #0]
1000435c:	bd70      	pop	{r4, r5, r6, pc}
1000435e:	46c0      	nop			; (mov r8, r8)
10004360:	200204ac 	.word	0x200204ac
10004364:	200204b0 	.word	0x200204b0

10004368 <stdio_buffered_printer>:
10004368:	b570      	push	{r4, r5, r6, lr}
1000436a:	0005      	movs	r5, r0
1000436c:	000c      	movs	r4, r1
1000436e:	680b      	ldr	r3, [r1, #0]
10004370:	2b80      	cmp	r3, #128	; 0x80
10004372:	d005      	beq.n	10004380 <stdio_buffered_printer+0x18>
10004374:	6821      	ldr	r1, [r4, #0]
10004376:	1c4b      	adds	r3, r1, #1
10004378:	6023      	str	r3, [r4, #0]
1000437a:	1864      	adds	r4, r4, r1
1000437c:	7125      	strb	r5, [r4, #4]
1000437e:	bd70      	pop	{r4, r5, r6, pc}
10004380:	0008      	movs	r0, r1
10004382:	f7ff ffcf 	bl	10004324 <stdio_stack_buffer_flush>
10004386:	e7f5      	b.n	10004374 <stdio_buffered_printer+0xc>

10004388 <stdout_serialize_begin>:
10004388:	b510      	push	{r4, lr}
1000438a:	f7fd fa75 	bl	10001878 <time_us_64>
1000438e:	0002      	movs	r2, r0
10004390:	1e0b      	subs	r3, r1, #0
10004392:	db0b      	blt.n	100043ac <stdout_serialize_begin+0x24>
10004394:	480d      	ldr	r0, [pc, #52]	; (100043cc <stdout_serialize_begin+0x44>)
10004396:	2100      	movs	r1, #0
10004398:	1812      	adds	r2, r2, r0
1000439a:	414b      	adcs	r3, r1
1000439c:	2b00      	cmp	r3, #0
1000439e:	db0b      	blt.n	100043b8 <stdout_serialize_begin+0x30>
100043a0:	2b00      	cmp	r3, #0
100043a2:	db0d      	blt.n	100043c0 <stdout_serialize_begin+0x38>
100043a4:	480a      	ldr	r0, [pc, #40]	; (100043d0 <stdout_serialize_begin+0x48>)
100043a6:	f000 fba3 	bl	10004af0 <__mutex_try_enter_block_until_veneer>
100043aa:	bd10      	pop	{r4, pc}
100043ac:	4b09      	ldr	r3, [pc, #36]	; (100043d4 <stdout_serialize_begin+0x4c>)
100043ae:	4a0a      	ldr	r2, [pc, #40]	; (100043d8 <stdout_serialize_begin+0x50>)
100043b0:	213f      	movs	r1, #63	; 0x3f
100043b2:	480a      	ldr	r0, [pc, #40]	; (100043dc <stdout_serialize_begin+0x54>)
100043b4:	f7fe f82a 	bl	1000240c <__assert_func>
100043b8:	2201      	movs	r2, #1
100043ba:	4252      	negs	r2, r2
100043bc:	4b08      	ldr	r3, [pc, #32]	; (100043e0 <stdout_serialize_begin+0x58>)
100043be:	e7ef      	b.n	100043a0 <stdout_serialize_begin+0x18>
100043c0:	4b04      	ldr	r3, [pc, #16]	; (100043d4 <stdout_serialize_begin+0x4c>)
100043c2:	4a05      	ldr	r2, [pc, #20]	; (100043d8 <stdout_serialize_begin+0x50>)
100043c4:	213f      	movs	r1, #63	; 0x3f
100043c6:	4805      	ldr	r0, [pc, #20]	; (100043dc <stdout_serialize_begin+0x54>)
100043c8:	f7fe f820 	bl	1000240c <__assert_func>
100043cc:	000f4240 	.word	0x000f4240
100043d0:	200202e8 	.word	0x200202e8
100043d4:	10004e4c 	.word	0x10004e4c
100043d8:	10005bdc 	.word	0x10005bdc
100043dc:	10004e68 	.word	0x10004e68
100043e0:	7fffffff 	.word	0x7fffffff

100043e4 <stdout_serialize_end>:
100043e4:	b510      	push	{r4, lr}
100043e6:	4802      	ldr	r0, [pc, #8]	; (100043f0 <stdout_serialize_end+0xc>)
100043e8:	f000 fb6a 	bl	10004ac0 <__mutex_exit_veneer>
100043ec:	bd10      	pop	{r4, pc}
100043ee:	46c0      	nop			; (mov r8, r8)
100043f0:	200202e8 	.word	0x200202e8

100043f4 <stdio_put_string>:
100043f4:	b5f0      	push	{r4, r5, r6, r7, lr}
100043f6:	46ce      	mov	lr, r9
100043f8:	4647      	mov	r7, r8
100043fa:	b580      	push	{r7, lr}
100043fc:	b083      	sub	sp, #12
100043fe:	0006      	movs	r6, r0
10004400:	000d      	movs	r5, r1
10004402:	4690      	mov	r8, r2
10004404:	001c      	movs	r4, r3
10004406:	f7ff ffbf 	bl	10004388 <stdout_serialize_begin>
1000440a:	4681      	mov	r9, r0
1000440c:	1c6b      	adds	r3, r5, #1
1000440e:	d005      	beq.n	1000441c <stdio_put_string+0x28>
10004410:	2c00      	cmp	r4, #0
10004412:	d008      	beq.n	10004426 <stdio_put_string+0x32>
10004414:	4f19      	ldr	r7, [pc, #100]	; (1000447c <stdio_put_string+0x88>)
10004416:	4b1a      	ldr	r3, [pc, #104]	; (10004480 <stdio_put_string+0x8c>)
10004418:	681c      	ldr	r4, [r3, #0]
1000441a:	e007      	b.n	1000442c <stdio_put_string+0x38>
1000441c:	0030      	movs	r0, r6
1000441e:	f000 fb1f 	bl	10004a60 <strlen>
10004422:	0005      	movs	r5, r0
10004424:	e7f4      	b.n	10004410 <stdio_put_string+0x1c>
10004426:	4f17      	ldr	r7, [pc, #92]	; (10004484 <stdio_put_string+0x90>)
10004428:	e7f5      	b.n	10004416 <stdio_put_string+0x22>
1000442a:	6924      	ldr	r4, [r4, #16]
1000442c:	2c00      	cmp	r4, #0
1000442e:	d017      	beq.n	10004460 <stdio_put_string+0x6c>
10004430:	6823      	ldr	r3, [r4, #0]
10004432:	2b00      	cmp	r3, #0
10004434:	d0f9      	beq.n	1000442a <stdio_put_string+0x36>
10004436:	4b14      	ldr	r3, [pc, #80]	; (10004488 <stdio_put_string+0x94>)
10004438:	681b      	ldr	r3, [r3, #0]
1000443a:	2b00      	cmp	r3, #0
1000443c:	d001      	beq.n	10004442 <stdio_put_string+0x4e>
1000443e:	42a3      	cmp	r3, r4
10004440:	d1f3      	bne.n	1000442a <stdio_put_string+0x36>
10004442:	002a      	movs	r2, r5
10004444:	0031      	movs	r1, r6
10004446:	0020      	movs	r0, r4
10004448:	47b8      	blx	r7
1000444a:	4643      	mov	r3, r8
1000444c:	2b00      	cmp	r3, #0
1000444e:	d0ec      	beq.n	1000442a <stdio_put_string+0x36>
10004450:	466b      	mov	r3, sp
10004452:	1dd9      	adds	r1, r3, #7
10004454:	230a      	movs	r3, #10
10004456:	700b      	strb	r3, [r1, #0]
10004458:	2201      	movs	r2, #1
1000445a:	0020      	movs	r0, r4
1000445c:	47b8      	blx	r7
1000445e:	e7e4      	b.n	1000442a <stdio_put_string+0x36>
10004460:	464b      	mov	r3, r9
10004462:	2b00      	cmp	r3, #0
10004464:	d107      	bne.n	10004476 <stdio_put_string+0x82>
10004466:	1e6b      	subs	r3, r5, #1
10004468:	419d      	sbcs	r5, r3
1000446a:	b2e8      	uxtb	r0, r5
1000446c:	b003      	add	sp, #12
1000446e:	bcc0      	pop	{r6, r7}
10004470:	46b9      	mov	r9, r7
10004472:	46b0      	mov	r8, r6
10004474:	bdf0      	pop	{r4, r5, r6, r7, pc}
10004476:	f7ff ffb5 	bl	100043e4 <stdout_serialize_end>
1000447a:	e7f4      	b.n	10004466 <stdio_put_string+0x72>
1000447c:	10004295 	.word	0x10004295
10004480:	200204ac 	.word	0x200204ac
10004484:	100042a5 	.word	0x100042a5
10004488:	200204b0 	.word	0x200204b0

1000448c <stdio_set_driver_enabled>:
1000448c:	4a09      	ldr	r2, [pc, #36]	; (100044b4 <stdio_set_driver_enabled+0x28>)
1000448e:	e001      	b.n	10004494 <stdio_set_driver_enabled+0x8>
10004490:	3310      	adds	r3, #16
10004492:	001a      	movs	r2, r3
10004494:	6813      	ldr	r3, [r2, #0]
10004496:	2b00      	cmp	r3, #0
10004498:	d008      	beq.n	100044ac <stdio_set_driver_enabled+0x20>
1000449a:	4283      	cmp	r3, r0
1000449c:	d1f8      	bne.n	10004490 <stdio_set_driver_enabled+0x4>
1000449e:	2900      	cmp	r1, #0
100044a0:	d107      	bne.n	100044b2 <stdio_set_driver_enabled+0x26>
100044a2:	6903      	ldr	r3, [r0, #16]
100044a4:	6013      	str	r3, [r2, #0]
100044a6:	2300      	movs	r3, #0
100044a8:	6103      	str	r3, [r0, #16]
100044aa:	e002      	b.n	100044b2 <stdio_set_driver_enabled+0x26>
100044ac:	2900      	cmp	r1, #0
100044ae:	d000      	beq.n	100044b2 <stdio_set_driver_enabled+0x26>
100044b0:	6010      	str	r0, [r2, #0]
100044b2:	4770      	bx	lr
100044b4:	200204ac 	.word	0x200204ac

100044b8 <stdio_flush>:
100044b8:	b510      	push	{r4, lr}
100044ba:	4b06      	ldr	r3, [pc, #24]	; (100044d4 <stdio_flush+0x1c>)
100044bc:	681c      	ldr	r4, [r3, #0]
100044be:	e001      	b.n	100044c4 <stdio_flush+0xc>
100044c0:	4798      	blx	r3
100044c2:	6924      	ldr	r4, [r4, #16]
100044c4:	2c00      	cmp	r4, #0
100044c6:	d003      	beq.n	100044d0 <stdio_flush+0x18>
100044c8:	6863      	ldr	r3, [r4, #4]
100044ca:	2b00      	cmp	r3, #0
100044cc:	d1f8      	bne.n	100044c0 <stdio_flush+0x8>
100044ce:	e7f8      	b.n	100044c2 <stdio_flush+0xa>
100044d0:	bd10      	pop	{r4, pc}
100044d2:	46c0      	nop			; (mov r8, r8)
100044d4:	200204ac 	.word	0x200204ac

100044d8 <__wrap_puts>:
100044d8:	b570      	push	{r4, r5, r6, lr}
100044da:	0005      	movs	r5, r0
100044dc:	f000 fac0 	bl	10004a60 <strlen>
100044e0:	0004      	movs	r4, r0
100044e2:	2300      	movs	r3, #0
100044e4:	2201      	movs	r2, #1
100044e6:	0001      	movs	r1, r0
100044e8:	0028      	movs	r0, r5
100044ea:	f7ff ff83 	bl	100043f4 <stdio_put_string>
100044ee:	f7ff ffe3 	bl	100044b8 <stdio_flush>
100044f2:	0020      	movs	r0, r4
100044f4:	bd70      	pop	{r4, r5, r6, pc}
	...

100044f8 <__wrap_vprintf>:
100044f8:	b570      	push	{r4, r5, r6, lr}
100044fa:	b0a2      	sub	sp, #136	; 0x88
100044fc:	0004      	movs	r4, r0
100044fe:	000e      	movs	r6, r1
10004500:	f7ff ff42 	bl	10004388 <stdout_serialize_begin>
10004504:	0005      	movs	r5, r0
10004506:	2300      	movs	r3, #0
10004508:	9301      	str	r3, [sp, #4]
1000450a:	0033      	movs	r3, r6
1000450c:	0022      	movs	r2, r4
1000450e:	a901      	add	r1, sp, #4
10004510:	4808      	ldr	r0, [pc, #32]	; (10004534 <__wrap_vprintf+0x3c>)
10004512:	f7ff f8bd 	bl	10003690 <vfctprintf>
10004516:	0004      	movs	r4, r0
10004518:	a801      	add	r0, sp, #4
1000451a:	f7ff ff03 	bl	10004324 <stdio_stack_buffer_flush>
1000451e:	f7ff ffcb 	bl	100044b8 <stdio_flush>
10004522:	2d00      	cmp	r5, #0
10004524:	d102      	bne.n	1000452c <__wrap_vprintf+0x34>
10004526:	0020      	movs	r0, r4
10004528:	b022      	add	sp, #136	; 0x88
1000452a:	bd70      	pop	{r4, r5, r6, pc}
1000452c:	f7ff ff5a 	bl	100043e4 <stdout_serialize_end>
10004530:	e7f9      	b.n	10004526 <__wrap_vprintf+0x2e>
10004532:	46c0      	nop			; (mov r8, r8)
10004534:	10004369 	.word	0x10004369

10004538 <__wrap_printf>:
10004538:	b40f      	push	{r0, r1, r2, r3}
1000453a:	b500      	push	{lr}
1000453c:	b083      	sub	sp, #12
1000453e:	a904      	add	r1, sp, #16
10004540:	c901      	ldmia	r1!, {r0}
10004542:	9101      	str	r1, [sp, #4]
10004544:	f7ff ffd8 	bl	100044f8 <__wrap_vprintf>
10004548:	b003      	add	sp, #12
1000454a:	bc08      	pop	{r3}
1000454c:	b004      	add	sp, #16
1000454e:	4718      	bx	r3

10004550 <stdio_init_all>:
10004550:	b510      	push	{r4, lr}
10004552:	f000 f8f9 	bl	10004748 <stdio_uart_init>
10004556:	2001      	movs	r0, #1
10004558:	bd10      	pop	{r4, pc}
	...

1000455c <stdio_uart_out_chars>:
1000455c:	b5f0      	push	{r4, r5, r6, r7, lr}
1000455e:	b083      	sub	sp, #12
10004560:	0005      	movs	r5, r0
10004562:	000e      	movs	r6, r1
10004564:	2400      	movs	r4, #0
10004566:	e00f      	b.n	10004588 <stdio_uart_out_chars+0x2c>
10004568:	466b      	mov	r3, sp
1000456a:	1dd9      	adds	r1, r3, #7
1000456c:	230d      	movs	r3, #13
1000456e:	700b      	strb	r3, [r1, #0]
10004570:	2000      	movs	r0, #0
10004572:	2800      	cmp	r0, #0
10004574:	d116      	bne.n	100045a4 <stdio_uart_out_chars+0x48>
10004576:	6993      	ldr	r3, [r2, #24]
10004578:	069b      	lsls	r3, r3, #26
1000457a:	d4fc      	bmi.n	10004576 <stdio_uart_out_chars+0x1a>
1000457c:	780b      	ldrb	r3, [r1, #0]
1000457e:	6013      	str	r3, [r2, #0]
10004580:	3001      	adds	r0, #1
10004582:	3101      	adds	r1, #1
10004584:	e7f5      	b.n	10004572 <stdio_uart_out_chars+0x16>
10004586:	3401      	adds	r4, #1
10004588:	42b4      	cmp	r4, r6
1000458a:	da19      	bge.n	100045c0 <stdio_uart_out_chars+0x64>
1000458c:	4b0d      	ldr	r3, [pc, #52]	; (100045c4 <stdio_uart_out_chars+0x68>)
1000458e:	681a      	ldr	r2, [r3, #0]
10004590:	5d2f      	ldrb	r7, [r5, r4]
10004592:	4b0d      	ldr	r3, [pc, #52]	; (100045c8 <stdio_uart_out_chars+0x6c>)
10004594:	18d3      	adds	r3, r2, r3
10004596:	4259      	negs	r1, r3
10004598:	414b      	adcs	r3, r1
1000459a:	005b      	lsls	r3, r3, #1
1000459c:	490b      	ldr	r1, [pc, #44]	; (100045cc <stdio_uart_out_chars+0x70>)
1000459e:	5e5b      	ldrsh	r3, [r3, r1]
100045a0:	42bb      	cmp	r3, r7
100045a2:	d0e1      	beq.n	10004568 <stdio_uart_out_chars+0xc>
100045a4:	466b      	mov	r3, sp
100045a6:	1dd9      	adds	r1, r3, #7
100045a8:	700f      	strb	r7, [r1, #0]
100045aa:	2000      	movs	r0, #0
100045ac:	2800      	cmp	r0, #0
100045ae:	d1ea      	bne.n	10004586 <stdio_uart_out_chars+0x2a>
100045b0:	6993      	ldr	r3, [r2, #24]
100045b2:	069b      	lsls	r3, r3, #26
100045b4:	d4fc      	bmi.n	100045b0 <stdio_uart_out_chars+0x54>
100045b6:	780b      	ldrb	r3, [r1, #0]
100045b8:	6013      	str	r3, [r2, #0]
100045ba:	3001      	adds	r0, #1
100045bc:	3101      	adds	r1, #1
100045be:	e7f5      	b.n	100045ac <stdio_uart_out_chars+0x50>
100045c0:	b003      	add	sp, #12
100045c2:	bdf0      	pop	{r4, r5, r6, r7, pc}
100045c4:	200206e0 	.word	0x200206e0
100045c8:	bffc8000 	.word	0xbffc8000
100045cc:	200206dc 	.word	0x200206dc

100045d0 <stdio_uart_in_chars>:
100045d0:	b5f0      	push	{r4, r5, r6, r7, lr}
100045d2:	b083      	sub	sp, #12
100045d4:	0006      	movs	r6, r0
100045d6:	000f      	movs	r7, r1
100045d8:	2500      	movs	r5, #0
100045da:	e004      	b.n	100045e6 <stdio_uart_in_chars+0x16>
100045dc:	466b      	mov	r3, sp
100045de:	3307      	adds	r3, #7
100045e0:	781b      	ldrb	r3, [r3, #0]
100045e2:	702b      	strb	r3, [r5, #0]
100045e4:	0025      	movs	r5, r4
100045e6:	42bd      	cmp	r5, r7
100045e8:	da15      	bge.n	10004616 <stdio_uart_in_chars+0x46>
100045ea:	4b17      	ldr	r3, [pc, #92]	; (10004648 <stdio_uart_in_chars+0x78>)
100045ec:	681a      	ldr	r2, [r3, #0]
100045ee:	6993      	ldr	r3, [r2, #24]
100045f0:	2410      	movs	r4, #16
100045f2:	0021      	movs	r1, r4
100045f4:	4019      	ands	r1, r3
100045f6:	421c      	tst	r4, r3
100045f8:	d10d      	bne.n	10004616 <stdio_uart_in_chars+0x46>
100045fa:	1c6c      	adds	r4, r5, #1
100045fc:	1975      	adds	r5, r6, r5
100045fe:	466b      	mov	r3, sp
10004600:	1dd8      	adds	r0, r3, #7
10004602:	2900      	cmp	r1, #0
10004604:	d1ea      	bne.n	100045dc <stdio_uart_in_chars+0xc>
10004606:	6993      	ldr	r3, [r2, #24]
10004608:	06db      	lsls	r3, r3, #27
1000460a:	d4fc      	bmi.n	10004606 <stdio_uart_in_chars+0x36>
1000460c:	6813      	ldr	r3, [r2, #0]
1000460e:	7003      	strb	r3, [r0, #0]
10004610:	3101      	adds	r1, #1
10004612:	3001      	adds	r0, #1
10004614:	e7f5      	b.n	10004602 <stdio_uart_in_chars+0x32>
10004616:	4b0d      	ldr	r3, [pc, #52]	; (1000464c <stdio_uart_in_chars+0x7c>)
10004618:	681b      	ldr	r3, [r3, #0]
1000461a:	2b00      	cmp	r3, #0
1000461c:	d00c      	beq.n	10004638 <stdio_uart_in_chars+0x68>
1000461e:	4b0a      	ldr	r3, [pc, #40]	; (10004648 <stdio_uart_in_chars+0x78>)
10004620:	681a      	ldr	r2, [r3, #0]
10004622:	2350      	movs	r3, #80	; 0x50
10004624:	6393      	str	r3, [r2, #56]	; 0x38
10004626:	0011      	movs	r1, r2
10004628:	3134      	adds	r1, #52	; 0x34
1000462a:	6b53      	ldr	r3, [r2, #52]	; 0x34
1000462c:	2238      	movs	r2, #56	; 0x38
1000462e:	401a      	ands	r2, r3
10004630:	2380      	movs	r3, #128	; 0x80
10004632:	015b      	lsls	r3, r3, #5
10004634:	430b      	orrs	r3, r1
10004636:	601a      	str	r2, [r3, #0]
10004638:	2d00      	cmp	r5, #0
1000463a:	d002      	beq.n	10004642 <stdio_uart_in_chars+0x72>
1000463c:	0028      	movs	r0, r5
1000463e:	b003      	add	sp, #12
10004640:	bdf0      	pop	{r4, r5, r6, r7, pc}
10004642:	3d03      	subs	r5, #3
10004644:	e7fa      	b.n	1000463c <stdio_uart_in_chars+0x6c>
10004646:	46c0      	nop			; (mov r8, r8)
10004648:	200206e0 	.word	0x200206e0
1000464c:	2002043c 	.word	0x2002043c

10004650 <on_uart_rx>:
10004650:	b510      	push	{r4, lr}
10004652:	4b06      	ldr	r3, [pc, #24]	; (1000466c <on_uart_rx+0x1c>)
10004654:	681b      	ldr	r3, [r3, #0]
10004656:	2b00      	cmp	r3, #0
10004658:	d006      	beq.n	10004668 <on_uart_rx+0x18>
1000465a:	4a05      	ldr	r2, [pc, #20]	; (10004670 <on_uart_rx+0x20>)
1000465c:	6812      	ldr	r2, [r2, #0]
1000465e:	2100      	movs	r1, #0
10004660:	6391      	str	r1, [r2, #56]	; 0x38
10004662:	4a04      	ldr	r2, [pc, #16]	; (10004674 <on_uart_rx+0x24>)
10004664:	6810      	ldr	r0, [r2, #0]
10004666:	4798      	blx	r3
10004668:	bd10      	pop	{r4, pc}
1000466a:	46c0      	nop			; (mov r8, r8)
1000466c:	2002043c 	.word	0x2002043c
10004670:	200206e0 	.word	0x200206e0
10004674:	20020440 	.word	0x20020440

10004678 <stdio_uart_set_chars_available_callback>:
10004678:	b570      	push	{r4, r5, r6, lr}
1000467a:	0004      	movs	r4, r0
1000467c:	000e      	movs	r6, r1
1000467e:	4b1c      	ldr	r3, [pc, #112]	; (100046f0 <stdio_uart_set_chars_available_callback+0x78>)
10004680:	681b      	ldr	r3, [r3, #0]
10004682:	4a1c      	ldr	r2, [pc, #112]	; (100046f4 <stdio_uart_set_chars_available_callback+0x7c>)
10004684:	1898      	adds	r0, r3, r2
10004686:	4242      	negs	r2, r0
10004688:	4150      	adcs	r0, r2
1000468a:	3014      	adds	r0, #20
1000468c:	0005      	movs	r5, r0
1000468e:	2c00      	cmp	r4, #0
10004690:	d003      	beq.n	1000469a <stdio_uart_set_chars_available_callback+0x22>
10004692:	4a19      	ldr	r2, [pc, #100]	; (100046f8 <stdio_uart_set_chars_available_callback+0x80>)
10004694:	6812      	ldr	r2, [r2, #0]
10004696:	2a00      	cmp	r2, #0
10004698:	d006      	beq.n	100046a8 <stdio_uart_set_chars_available_callback+0x30>
1000469a:	2c00      	cmp	r4, #0
1000469c:	d019      	beq.n	100046d2 <stdio_uart_set_chars_available_callback+0x5a>
1000469e:	4b16      	ldr	r3, [pc, #88]	; (100046f8 <stdio_uart_set_chars_available_callback+0x80>)
100046a0:	601c      	str	r4, [r3, #0]
100046a2:	4b16      	ldr	r3, [pc, #88]	; (100046fc <stdio_uart_set_chars_available_callback+0x84>)
100046a4:	601e      	str	r6, [r3, #0]
100046a6:	bd70      	pop	{r4, r5, r6, pc}
100046a8:	4915      	ldr	r1, [pc, #84]	; (10004700 <stdio_uart_set_chars_available_callback+0x88>)
100046aa:	f7fc f937 	bl	1000091c <irq_set_exclusive_handler>
100046ae:	2101      	movs	r1, #1
100046b0:	0028      	movs	r0, r5
100046b2:	f7fc f923 	bl	100008fc <irq_set_enabled>
100046b6:	4b0e      	ldr	r3, [pc, #56]	; (100046f0 <stdio_uart_set_chars_available_callback+0x78>)
100046b8:	681a      	ldr	r2, [r3, #0]
100046ba:	2350      	movs	r3, #80	; 0x50
100046bc:	6393      	str	r3, [r2, #56]	; 0x38
100046be:	0011      	movs	r1, r2
100046c0:	3134      	adds	r1, #52	; 0x34
100046c2:	6b53      	ldr	r3, [r2, #52]	; 0x34
100046c4:	2238      	movs	r2, #56	; 0x38
100046c6:	401a      	ands	r2, r3
100046c8:	2380      	movs	r3, #128	; 0x80
100046ca:	015b      	lsls	r3, r3, #5
100046cc:	430b      	orrs	r3, r1
100046ce:	601a      	str	r2, [r3, #0]
100046d0:	e7e5      	b.n	1000469e <stdio_uart_set_chars_available_callback+0x26>
100046d2:	4a09      	ldr	r2, [pc, #36]	; (100046f8 <stdio_uart_set_chars_available_callback+0x80>)
100046d4:	6812      	ldr	r2, [r2, #0]
100046d6:	2a00      	cmp	r2, #0
100046d8:	d0e1      	beq.n	1000469e <stdio_uart_set_chars_available_callback+0x26>
100046da:	2200      	movs	r2, #0
100046dc:	639a      	str	r2, [r3, #56]	; 0x38
100046de:	2100      	movs	r1, #0
100046e0:	0028      	movs	r0, r5
100046e2:	f7fc f90b 	bl	100008fc <irq_set_enabled>
100046e6:	4906      	ldr	r1, [pc, #24]	; (10004700 <stdio_uart_set_chars_available_callback+0x88>)
100046e8:	0028      	movs	r0, r5
100046ea:	f7fc f941 	bl	10000970 <irq_remove_handler>
100046ee:	e7d6      	b.n	1000469e <stdio_uart_set_chars_available_callback+0x26>
100046f0:	200206e0 	.word	0x200206e0
100046f4:	bffc8000 	.word	0xbffc8000
100046f8:	2002043c 	.word	0x2002043c
100046fc:	20020440 	.word	0x20020440
10004700:	10004651 	.word	0x10004651

10004704 <stdio_uart_init_full>:
10004704:	b570      	push	{r4, r5, r6, lr}
10004706:	000d      	movs	r5, r1
10004708:	001c      	movs	r4, r3
1000470a:	4b0d      	ldr	r3, [pc, #52]	; (10004740 <stdio_uart_init_full+0x3c>)
1000470c:	6018      	str	r0, [r3, #0]
1000470e:	2a00      	cmp	r2, #0
10004710:	da0b      	bge.n	1000472a <stdio_uart_init_full+0x26>
10004712:	2c00      	cmp	r4, #0
10004714:	da0e      	bge.n	10004734 <stdio_uart_init_full+0x30>
10004716:	4b0a      	ldr	r3, [pc, #40]	; (10004740 <stdio_uart_init_full+0x3c>)
10004718:	6818      	ldr	r0, [r3, #0]
1000471a:	0029      	movs	r1, r5
1000471c:	f7fd fc7a 	bl	10002014 <uart_init>
10004720:	2101      	movs	r1, #1
10004722:	4808      	ldr	r0, [pc, #32]	; (10004744 <stdio_uart_init_full+0x40>)
10004724:	f7ff feb2 	bl	1000448c <stdio_set_driver_enabled>
10004728:	bd70      	pop	{r4, r5, r6, pc}
1000472a:	2102      	movs	r1, #2
1000472c:	0010      	movs	r0, r2
1000472e:	f7fb fff5 	bl	1000071c <gpio_set_function>
10004732:	e7ee      	b.n	10004712 <stdio_uart_init_full+0xe>
10004734:	2102      	movs	r1, #2
10004736:	0020      	movs	r0, r4
10004738:	f7fb fff0 	bl	1000071c <gpio_set_function>
1000473c:	e7eb      	b.n	10004716 <stdio_uart_init_full+0x12>
1000473e:	46c0      	nop			; (mov r8, r8)
10004740:	200206e0 	.word	0x200206e0
10004744:	200202d0 	.word	0x200202d0

10004748 <stdio_uart_init>:
10004748:	b510      	push	{r4, lr}
1000474a:	4b06      	ldr	r3, [pc, #24]	; (10004764 <stdio_uart_init+0x1c>)
1000474c:	781b      	ldrb	r3, [r3, #0]
1000474e:	4b06      	ldr	r3, [pc, #24]	; (10004768 <stdio_uart_init+0x20>)
10004750:	781b      	ldrb	r3, [r3, #0]
10004752:	21e1      	movs	r1, #225	; 0xe1
10004754:	2301      	movs	r3, #1
10004756:	2200      	movs	r2, #0
10004758:	0249      	lsls	r1, r1, #9
1000475a:	4804      	ldr	r0, [pc, #16]	; (1000476c <stdio_uart_init+0x24>)
1000475c:	f7ff ffd2 	bl	10004704 <stdio_uart_init_full>
10004760:	bd10      	pop	{r4, pc}
10004762:	46c0      	nop			; (mov r8, r8)
10004764:	10005d14 	.word	0x10005d14
10004768:	10005d18 	.word	0x10005d18
1000476c:	40034000 	.word	0x40034000

10004770 <_pio_can_add_program_at_offset>:
10004770:	2305      	movs	r3, #5
10004772:	56cb      	ldrsb	r3, [r1, r3]
10004774:	2b00      	cmp	r3, #0
10004776:	db01      	blt.n	1000477c <_pio_can_add_program_at_offset+0xc>
10004778:	4293      	cmp	r3, r2
1000477a:	d111      	bne.n	100047a0 <_pio_can_add_program_at_offset+0x30>
1000477c:	4b09      	ldr	r3, [pc, #36]	; (100047a4 <_pio_can_add_program_at_offset+0x34>)
1000477e:	469c      	mov	ip, r3
10004780:	4460      	add	r0, ip
10004782:	4243      	negs	r3, r0
10004784:	4158      	adcs	r0, r3
10004786:	0080      	lsls	r0, r0, #2
10004788:	4b07      	ldr	r3, [pc, #28]	; (100047a8 <_pio_can_add_program_at_offset+0x38>)
1000478a:	58c0      	ldr	r0, [r0, r3]
1000478c:	7909      	ldrb	r1, [r1, #4]
1000478e:	2301      	movs	r3, #1
10004790:	408b      	lsls	r3, r1
10004792:	3b01      	subs	r3, #1
10004794:	4093      	lsls	r3, r2
10004796:	4018      	ands	r0, r3
10004798:	4243      	negs	r3, r0
1000479a:	4158      	adcs	r0, r3
1000479c:	b2c0      	uxtb	r0, r0
1000479e:	4770      	bx	lr
100047a0:	2000      	movs	r0, #0
100047a2:	e7fc      	b.n	1000479e <_pio_can_add_program_at_offset+0x2e>
100047a4:	afd00000 	.word	0xafd00000
100047a8:	20020424 	.word	0x20020424

100047ac <_pio_find_offset_for_program>:
100047ac:	b570      	push	{r4, r5, r6, lr}
100047ae:	790a      	ldrb	r2, [r1, #4]
100047b0:	2a20      	cmp	r2, #32
100047b2:	d819      	bhi.n	100047e8 <_pio_find_offset_for_program+0x3c>
100047b4:	4b17      	ldr	r3, [pc, #92]	; (10004814 <_pio_find_offset_for_program+0x68>)
100047b6:	469c      	mov	ip, r3
100047b8:	4460      	add	r0, ip
100047ba:	4243      	negs	r3, r0
100047bc:	4158      	adcs	r0, r3
100047be:	0080      	lsls	r0, r0, #2
100047c0:	4b15      	ldr	r3, [pc, #84]	; (10004818 <_pio_find_offset_for_program+0x6c>)
100047c2:	58c4      	ldr	r4, [r0, r3]
100047c4:	2301      	movs	r3, #1
100047c6:	4093      	lsls	r3, r2
100047c8:	3b01      	subs	r3, #1
100047ca:	7949      	ldrb	r1, [r1, #5]
100047cc:	b249      	sxtb	r1, r1
100047ce:	2900      	cmp	r1, #0
100047d0:	db10      	blt.n	100047f4 <_pio_find_offset_for_program+0x48>
100047d2:	0008      	movs	r0, r1
100047d4:	2520      	movs	r5, #32
100047d6:	1aaa      	subs	r2, r5, r2
100047d8:	4291      	cmp	r1, r2
100047da:	dc18      	bgt.n	1000480e <_pio_find_offset_for_program+0x62>
100047dc:	408b      	lsls	r3, r1
100047de:	421c      	tst	r4, r3
100047e0:	d001      	beq.n	100047e6 <_pio_find_offset_for_program+0x3a>
100047e2:	2001      	movs	r0, #1
100047e4:	4240      	negs	r0, r0
100047e6:	bd70      	pop	{r4, r5, r6, pc}
100047e8:	4b0c      	ldr	r3, [pc, #48]	; (1000481c <_pio_find_offset_for_program+0x70>)
100047ea:	4a0d      	ldr	r2, [pc, #52]	; (10004820 <_pio_find_offset_for_program+0x74>)
100047ec:	2140      	movs	r1, #64	; 0x40
100047ee:	480d      	ldr	r0, [pc, #52]	; (10004824 <_pio_find_offset_for_program+0x78>)
100047f0:	f7fd fe0c 	bl	1000240c <__assert_func>
100047f4:	2020      	movs	r0, #32
100047f6:	1a80      	subs	r0, r0, r2
100047f8:	2800      	cmp	r0, #0
100047fa:	db05      	blt.n	10004808 <_pio_find_offset_for_program+0x5c>
100047fc:	001a      	movs	r2, r3
100047fe:	4082      	lsls	r2, r0
10004800:	4214      	tst	r4, r2
10004802:	d0f0      	beq.n	100047e6 <_pio_find_offset_for_program+0x3a>
10004804:	3801      	subs	r0, #1
10004806:	e7f7      	b.n	100047f8 <_pio_find_offset_for_program+0x4c>
10004808:	2001      	movs	r0, #1
1000480a:	4240      	negs	r0, r0
1000480c:	e7eb      	b.n	100047e6 <_pio_find_offset_for_program+0x3a>
1000480e:	2001      	movs	r0, #1
10004810:	4240      	negs	r0, r0
10004812:	e7e8      	b.n	100047e6 <_pio_find_offset_for_program+0x3a>
10004814:	afd00000 	.word	0xafd00000
10004818:	20020424 	.word	0x20020424
1000481c:	10005c38 	.word	0x10005c38
10004820:	10005cd4 	.word	0x10005cd4
10004824:	10005c64 	.word	0x10005c64

10004828 <_pio_add_program_at_offset>:
10004828:	b570      	push	{r4, r5, r6, lr}
1000482a:	0005      	movs	r5, r0
1000482c:	000c      	movs	r4, r1
1000482e:	0016      	movs	r6, r2
10004830:	f7ff ff9e 	bl	10004770 <_pio_can_add_program_at_offset>
10004834:	2800      	cmp	r0, #0
10004836:	d001      	beq.n	1000483c <_pio_add_program_at_offset+0x14>
10004838:	2000      	movs	r0, #0
1000483a:	e007      	b.n	1000484c <_pio_add_program_at_offset+0x24>
1000483c:	4815      	ldr	r0, [pc, #84]	; (10004894 <_pio_add_program_at_offset+0x6c>)
1000483e:	f7fd fe7f 	bl	10002540 <panic>
10004842:	1983      	adds	r3, r0, r6
10004844:	3312      	adds	r3, #18
10004846:	009b      	lsls	r3, r3, #2
10004848:	515a      	str	r2, [r3, r5]
1000484a:	3001      	adds	r0, #1
1000484c:	7923      	ldrb	r3, [r4, #4]
1000484e:	4283      	cmp	r3, r0
10004850:	d90f      	bls.n	10004872 <_pio_add_program_at_offset+0x4a>
10004852:	7823      	ldrb	r3, [r4, #0]
10004854:	7861      	ldrb	r1, [r4, #1]
10004856:	0209      	lsls	r1, r1, #8
10004858:	4319      	orrs	r1, r3
1000485a:	78a2      	ldrb	r2, [r4, #2]
1000485c:	0412      	lsls	r2, r2, #16
1000485e:	4311      	orrs	r1, r2
10004860:	78e3      	ldrb	r3, [r4, #3]
10004862:	061b      	lsls	r3, r3, #24
10004864:	430b      	orrs	r3, r1
10004866:	0042      	lsls	r2, r0, #1
10004868:	5a9a      	ldrh	r2, [r3, r2]
1000486a:	0b53      	lsrs	r3, r2, #13
1000486c:	d1e9      	bne.n	10004842 <_pio_add_program_at_offset+0x1a>
1000486e:	1992      	adds	r2, r2, r6
10004870:	e7e7      	b.n	10004842 <_pio_add_program_at_offset+0x1a>
10004872:	2201      	movs	r2, #1
10004874:	409a      	lsls	r2, r3
10004876:	0013      	movs	r3, r2
10004878:	3b01      	subs	r3, #1
1000487a:	4a07      	ldr	r2, [pc, #28]	; (10004898 <_pio_add_program_at_offset+0x70>)
1000487c:	4694      	mov	ip, r2
1000487e:	4465      	add	r5, ip
10004880:	426a      	negs	r2, r5
10004882:	4155      	adcs	r5, r2
10004884:	40b3      	lsls	r3, r6
10004886:	4a05      	ldr	r2, [pc, #20]	; (1000489c <_pio_add_program_at_offset+0x74>)
10004888:	00ad      	lsls	r5, r5, #2
1000488a:	58a9      	ldr	r1, [r5, r2]
1000488c:	430b      	orrs	r3, r1
1000488e:	50ab      	str	r3, [r5, r2]
10004890:	bd70      	pop	{r4, r5, r6, pc}
10004892:	46c0      	nop			; (mov r8, r8)
10004894:	10005cc0 	.word	0x10005cc0
10004898:	afd00000 	.word	0xafd00000
1000489c:	20020424 	.word	0x20020424

100048a0 <pio_add_program>:
100048a0:	b5f8      	push	{r3, r4, r5, r6, r7, lr}
100048a2:	0005      	movs	r5, r0
100048a4:	000e      	movs	r6, r1
100048a6:	f7fb ff67 	bl	10000778 <hw_claim_lock>
100048aa:	0007      	movs	r7, r0
100048ac:	0031      	movs	r1, r6
100048ae:	0028      	movs	r0, r5
100048b0:	f7ff ff7c 	bl	100047ac <_pio_find_offset_for_program>
100048b4:	1e04      	subs	r4, r0, #0
100048b6:	db09      	blt.n	100048cc <pio_add_program+0x2c>
100048b8:	0002      	movs	r2, r0
100048ba:	0031      	movs	r1, r6
100048bc:	0028      	movs	r0, r5
100048be:	f7ff ffb3 	bl	10004828 <_pio_add_program_at_offset>
100048c2:	0038      	movs	r0, r7
100048c4:	f7fb ff64 	bl	10000790 <hw_claim_unlock>
100048c8:	0020      	movs	r0, r4
100048ca:	bdf8      	pop	{r3, r4, r5, r6, r7, pc}
100048cc:	4801      	ldr	r0, [pc, #4]	; (100048d4 <pio_add_program+0x34>)
100048ce:	f7fd fe37 	bl	10002540 <panic>
100048d2:	46c0      	nop			; (mov r8, r8)
100048d4:	10005cc0 	.word	0x10005cc0

100048d8 <pio_sm_set_consecutive_pindirs>:
100048d8:	b5f0      	push	{r4, r5, r6, r7, lr}
100048da:	46c6      	mov	lr, r8
100048dc:	b500      	push	{lr}
100048de:	ac06      	add	r4, sp, #24
100048e0:	7825      	ldrb	r5, [r4, #0]
100048e2:	004c      	lsls	r4, r1, #1
100048e4:	1866      	adds	r6, r4, r1
100048e6:	00f6      	lsls	r6, r6, #3
100048e8:	1986      	adds	r6, r0, r6
100048ea:	0037      	movs	r7, r6
100048ec:	37dc      	adds	r7, #220	; 0xdc
100048ee:	683f      	ldr	r7, [r7, #0]
100048f0:	46bc      	mov	ip, r7
100048f2:	36cc      	adds	r6, #204	; 0xcc
100048f4:	6836      	ldr	r6, [r6, #0]
100048f6:	46b0      	mov	r8, r6
100048f8:	1864      	adds	r4, r4, r1
100048fa:	00e4      	lsls	r4, r4, #3
100048fc:	34c8      	adds	r4, #200	; 0xc8
100048fe:	1904      	adds	r4, r0, r4
10004900:	3404      	adds	r4, #4
10004902:	26c0      	movs	r6, #192	; 0xc0
10004904:	01b6      	lsls	r6, r6, #6
10004906:	4334      	orrs	r4, r6
10004908:	2680      	movs	r6, #128	; 0x80
1000490a:	02b6      	lsls	r6, r6, #10
1000490c:	6026      	str	r6, [r4, #0]
1000490e:	2d00      	cmp	r5, #0
10004910:	d001      	beq.n	10004916 <pio_sm_set_consecutive_pindirs+0x3e>
10004912:	261f      	movs	r6, #31
10004914:	e014      	b.n	10004940 <pio_sm_set_consecutive_pindirs+0x68>
10004916:	2600      	movs	r6, #0
10004918:	e012      	b.n	10004940 <pio_sm_set_consecutive_pindirs+0x68>
1000491a:	0154      	lsls	r4, r2, #5
1000491c:	25a0      	movs	r5, #160	; 0xa0
1000491e:	056d      	lsls	r5, r5, #21
10004920:	4325      	orrs	r5, r4
10004922:	004c      	lsls	r4, r1, #1
10004924:	1864      	adds	r4, r4, r1
10004926:	00e4      	lsls	r4, r4, #3
10004928:	1904      	adds	r4, r0, r4
1000492a:	0027      	movs	r7, r4
1000492c:	37dc      	adds	r7, #220	; 0xdc
1000492e:	603d      	str	r5, [r7, #0]
10004930:	4d11      	ldr	r5, [pc, #68]	; (10004978 <pio_sm_set_consecutive_pindirs+0xa0>)
10004932:	4335      	orrs	r5, r6
10004934:	34d8      	adds	r4, #216	; 0xd8
10004936:	6025      	str	r5, [r4, #0]
10004938:	3b05      	subs	r3, #5
1000493a:	3205      	adds	r2, #5
1000493c:	241f      	movs	r4, #31
1000493e:	4022      	ands	r2, r4
10004940:	2b05      	cmp	r3, #5
10004942:	d8ea      	bhi.n	1000491a <pio_sm_set_consecutive_pindirs+0x42>
10004944:	069b      	lsls	r3, r3, #26
10004946:	0152      	lsls	r2, r2, #5
10004948:	4313      	orrs	r3, r2
1000494a:	004c      	lsls	r4, r1, #1
1000494c:	1862      	adds	r2, r4, r1
1000494e:	00d2      	lsls	r2, r2, #3
10004950:	1882      	adds	r2, r0, r2
10004952:	0015      	movs	r5, r2
10004954:	35dc      	adds	r5, #220	; 0xdc
10004956:	602b      	str	r3, [r5, #0]
10004958:	4b07      	ldr	r3, [pc, #28]	; (10004978 <pio_sm_set_consecutive_pindirs+0xa0>)
1000495a:	431e      	orrs	r6, r3
1000495c:	32d8      	adds	r2, #216	; 0xd8
1000495e:	6016      	str	r6, [r2, #0]
10004960:	4663      	mov	r3, ip
10004962:	602b      	str	r3, [r5, #0]
10004964:	1861      	adds	r1, r4, r1
10004966:	00c9      	lsls	r1, r1, #3
10004968:	1840      	adds	r0, r0, r1
1000496a:	30cc      	adds	r0, #204	; 0xcc
1000496c:	4643      	mov	r3, r8
1000496e:	6003      	str	r3, [r0, #0]
10004970:	bc80      	pop	{r7}
10004972:	46b8      	mov	r8, r7
10004974:	bdf0      	pop	{r4, r5, r6, r7, pc}
10004976:	46c0      	nop			; (mov r8, r8)
10004978:	0000e080 	.word	0x0000e080

1000497c <pio_sm_init>:
1000497c:	b570      	push	{r4, r5, r6, lr}
1000497e:	b08a      	sub	sp, #40	; 0x28
10004980:	0004      	movs	r4, r0
10004982:	000d      	movs	r5, r1
10004984:	0016      	movs	r6, r2
10004986:	6802      	ldr	r2, [r0, #0]
10004988:	2101      	movs	r1, #1
1000498a:	40a9      	lsls	r1, r5
1000498c:	438a      	bics	r2, r1
1000498e:	6002      	str	r2, [r0, #0]
10004990:	2b00      	cmp	r3, #0
10004992:	d034      	beq.n	100049fe <pio_sm_init+0x82>
10004994:	0069      	lsls	r1, r5, #1
10004996:	1949      	adds	r1, r1, r5
10004998:	00c9      	lsls	r1, r1, #3
1000499a:	1841      	adds	r1, r0, r1
1000499c:	000a      	movs	r2, r1
1000499e:	32c8      	adds	r2, #200	; 0xc8
100049a0:	6818      	ldr	r0, [r3, #0]
100049a2:	6010      	str	r0, [r2, #0]
100049a4:	3204      	adds	r2, #4
100049a6:	6858      	ldr	r0, [r3, #4]
100049a8:	6010      	str	r0, [r2, #0]
100049aa:	3204      	adds	r2, #4
100049ac:	6898      	ldr	r0, [r3, #8]
100049ae:	6010      	str	r0, [r2, #0]
100049b0:	68db      	ldr	r3, [r3, #12]
100049b2:	31dc      	adds	r1, #220	; 0xdc
100049b4:	600b      	str	r3, [r1, #0]
100049b6:	0069      	lsls	r1, r5, #1
100049b8:	194b      	adds	r3, r1, r5
100049ba:	00db      	lsls	r3, r3, #3
100049bc:	33d0      	adds	r3, #208	; 0xd0
100049be:	18e3      	adds	r3, r4, r3
100049c0:	2280      	movs	r2, #128	; 0x80
100049c2:	0152      	lsls	r2, r2, #5
100049c4:	4313      	orrs	r3, r2
100049c6:	2280      	movs	r2, #128	; 0x80
100049c8:	0612      	lsls	r2, r2, #24
100049ca:	601a      	str	r2, [r3, #0]
100049cc:	601a      	str	r2, [r3, #0]
100049ce:	4b23      	ldr	r3, [pc, #140]	; (10004a5c <pio_sm_init+0xe0>)
100049d0:	40ab      	lsls	r3, r5
100049d2:	60a3      	str	r3, [r4, #8]
100049d4:	1d2b      	adds	r3, r5, #4
100049d6:	2201      	movs	r2, #1
100049d8:	0010      	movs	r0, r2
100049da:	4098      	lsls	r0, r3
100049dc:	2380      	movs	r3, #128	; 0x80
100049de:	019b      	lsls	r3, r3, #6
100049e0:	4323      	orrs	r3, r4
100049e2:	6018      	str	r0, [r3, #0]
100049e4:	0028      	movs	r0, r5
100049e6:	3008      	adds	r0, #8
100049e8:	4082      	lsls	r2, r0
100049ea:	601a      	str	r2, [r3, #0]
100049ec:	221f      	movs	r2, #31
100049ee:	4016      	ands	r6, r2
100049f0:	1949      	adds	r1, r1, r5
100049f2:	00c9      	lsls	r1, r1, #3
100049f4:	1864      	adds	r4, r4, r1
100049f6:	34d8      	adds	r4, #216	; 0xd8
100049f8:	6026      	str	r6, [r4, #0]
100049fa:	b00a      	add	sp, #40	; 0x28
100049fc:	bd70      	pop	{r4, r5, r6, pc}
100049fe:	2210      	movs	r2, #16
10004a00:	2100      	movs	r1, #0
10004a02:	a806      	add	r0, sp, #24
10004a04:	f7ff fc3a 	bl	1000427c <__wrap_memset>
10004a08:	2380      	movs	r3, #128	; 0x80
10004a0a:	025b      	lsls	r3, r3, #9
10004a0c:	9306      	str	r3, [sp, #24]
10004a0e:	23f8      	movs	r3, #248	; 0xf8
10004a10:	025b      	lsls	r3, r3, #9
10004a12:	9307      	str	r3, [sp, #28]
10004a14:	2380      	movs	r3, #128	; 0x80
10004a16:	02db      	lsls	r3, r3, #11
10004a18:	9308      	str	r3, [sp, #32]
10004a1a:	23c0      	movs	r3, #192	; 0xc0
10004a1c:	031b      	lsls	r3, r3, #12
10004a1e:	9308      	str	r3, [sp, #32]
10004a20:	2210      	movs	r2, #16
10004a22:	a906      	add	r1, sp, #24
10004a24:	a802      	add	r0, sp, #8
10004a26:	f7ff fc2f 	bl	10004288 <__wrap___aeabi_memcpy>
10004a2a:	006b      	lsls	r3, r5, #1
10004a2c:	195b      	adds	r3, r3, r5
10004a2e:	00db      	lsls	r3, r3, #3
10004a30:	18e3      	adds	r3, r4, r3
10004a32:	001a      	movs	r2, r3
10004a34:	32c8      	adds	r2, #200	; 0xc8
10004a36:	9902      	ldr	r1, [sp, #8]
10004a38:	6011      	str	r1, [r2, #0]
10004a3a:	9a03      	ldr	r2, [sp, #12]
10004a3c:	9201      	str	r2, [sp, #4]
10004a3e:	001a      	movs	r2, r3
10004a40:	32cc      	adds	r2, #204	; 0xcc
10004a42:	9901      	ldr	r1, [sp, #4]
10004a44:	6011      	str	r1, [r2, #0]
10004a46:	9a04      	ldr	r2, [sp, #16]
10004a48:	9201      	str	r2, [sp, #4]
10004a4a:	001a      	movs	r2, r3
10004a4c:	32d0      	adds	r2, #208	; 0xd0
10004a4e:	9901      	ldr	r1, [sp, #4]
10004a50:	6011      	str	r1, [r2, #0]
10004a52:	9a05      	ldr	r2, [sp, #20]
10004a54:	33dc      	adds	r3, #220	; 0xdc
10004a56:	601a      	str	r2, [r3, #0]
10004a58:	e7ad      	b.n	100049b6 <pio_sm_init+0x3a>
10004a5a:	46c0      	nop			; (mov r8, r8)
10004a5c:	01010101 	.word	0x01010101

10004a60 <strlen>:
10004a60:	b510      	push	{r4, lr}
10004a62:	0783      	lsls	r3, r0, #30
10004a64:	d00a      	beq.n	10004a7c <strlen+0x1c>
10004a66:	0003      	movs	r3, r0
10004a68:	2103      	movs	r1, #3
10004a6a:	e002      	b.n	10004a72 <strlen+0x12>
10004a6c:	3301      	adds	r3, #1
10004a6e:	420b      	tst	r3, r1
10004a70:	d005      	beq.n	10004a7e <strlen+0x1e>
10004a72:	781a      	ldrb	r2, [r3, #0]
10004a74:	2a00      	cmp	r2, #0
10004a76:	d1f9      	bne.n	10004a6c <strlen+0xc>
10004a78:	1a18      	subs	r0, r3, r0
10004a7a:	bd10      	pop	{r4, pc}
10004a7c:	0003      	movs	r3, r0
10004a7e:	6819      	ldr	r1, [r3, #0]
10004a80:	4a0c      	ldr	r2, [pc, #48]	; (10004ab4 <strlen+0x54>)
10004a82:	4c0d      	ldr	r4, [pc, #52]	; (10004ab8 <strlen+0x58>)
10004a84:	188a      	adds	r2, r1, r2
10004a86:	438a      	bics	r2, r1
10004a88:	4222      	tst	r2, r4
10004a8a:	d10f      	bne.n	10004aac <strlen+0x4c>
10004a8c:	6859      	ldr	r1, [r3, #4]
10004a8e:	4a09      	ldr	r2, [pc, #36]	; (10004ab4 <strlen+0x54>)
10004a90:	3304      	adds	r3, #4
10004a92:	188a      	adds	r2, r1, r2
10004a94:	438a      	bics	r2, r1
10004a96:	4222      	tst	r2, r4
10004a98:	d108      	bne.n	10004aac <strlen+0x4c>
10004a9a:	6859      	ldr	r1, [r3, #4]
10004a9c:	4a05      	ldr	r2, [pc, #20]	; (10004ab4 <strlen+0x54>)
10004a9e:	3304      	adds	r3, #4
10004aa0:	188a      	adds	r2, r1, r2
10004aa2:	438a      	bics	r2, r1
10004aa4:	4222      	tst	r2, r4
10004aa6:	d0f1      	beq.n	10004a8c <strlen+0x2c>
10004aa8:	e000      	b.n	10004aac <strlen+0x4c>
10004aaa:	3301      	adds	r3, #1
10004aac:	781a      	ldrb	r2, [r3, #0]
10004aae:	2a00      	cmp	r2, #0
10004ab0:	d1fb      	bne.n	10004aaa <strlen+0x4a>
10004ab2:	e7e1      	b.n	10004a78 <strlen+0x18>
10004ab4:	fefefeff 	.word	0xfefefeff
10004ab8:	80808080 	.word	0x80808080

10004abc <_fini>:
10004abc:	b5f8      	push	{r3, r4, r5, r6, r7, lr}
10004abe:	46c0      	nop			; (mov r8, r8)

10004ac0 <__mutex_exit_veneer>:
10004ac0:	b401      	push	{r0}
10004ac2:	4802      	ldr	r0, [pc, #8]	; (10004acc <__mutex_exit_veneer+0xc>)
10004ac4:	4684      	mov	ip, r0
10004ac6:	bc01      	pop	{r0}
10004ac8:	4760      	bx	ip
10004aca:	bf00      	nop
10004acc:	200001c9 	.word	0x200001c9

10004ad0 <____aeabi_ldiv0_veneer>:
10004ad0:	b401      	push	{r0}
10004ad2:	4802      	ldr	r0, [pc, #8]	; (10004adc <____aeabi_ldiv0_veneer+0xc>)
10004ad4:	4684      	mov	ip, r0
10004ad6:	bc01      	pop	{r0}
10004ad8:	4760      	bx	ip
10004ada:	bf00      	nop
10004adc:	20000215 	.word	0x20000215

10004ae0 <____aeabi_idiv0_veneer>:
10004ae0:	b401      	push	{r0}
10004ae2:	4802      	ldr	r0, [pc, #8]	; (10004aec <____aeabi_idiv0_veneer+0xc>)
10004ae4:	4684      	mov	ip, r0
10004ae6:	bc01      	pop	{r0}
10004ae8:	4760      	bx	ip
10004aea:	bf00      	nop
10004aec:	20000215 	.word	0x20000215

10004af0 <__mutex_try_enter_block_until_veneer>:
10004af0:	b401      	push	{r0}
10004af2:	4802      	ldr	r0, [pc, #8]	; (10004afc <__mutex_try_enter_block_until_veneer+0xc>)
10004af4:	4684      	mov	ip, r0
10004af6:	bc01      	pop	{r0}
10004af8:	4760      	bx	ip
10004afa:	bf00      	nop
10004afc:	20000195 	.word	0x20000195

Disassembly of section .data:

200000c0 <mutex_try_enter>:
200000c0:	0003      	movs	r3, r0
200000c2:	6800      	ldr	r0, [r0, #0]
200000c4:	f3ef 8c10 	mrs	ip, PRIMASK
200000c8:	b672      	cpsid	i
200000ca:	6802      	ldr	r2, [r0, #0]
200000cc:	2a00      	cmp	r2, #0
200000ce:	d0fc      	beq.n	200000ca <mutex_try_enter+0xa>
200000d0:	f3bf 8f5f 	dmb	sy
200000d4:	2204      	movs	r2, #4
200000d6:	569a      	ldrsb	r2, [r3, r2]
200000d8:	2a00      	cmp	r2, #0
200000da:	db0b      	blt.n	200000f4 <mutex_try_enter+0x34>
200000dc:	2900      	cmp	r1, #0
200000de:	d010      	beq.n	20000102 <mutex_try_enter+0x42>
200000e0:	600a      	str	r2, [r1, #0]
200000e2:	2000      	movs	r0, #0
200000e4:	681b      	ldr	r3, [r3, #0]
200000e6:	f3bf 8f5f 	dmb	sy
200000ea:	2200      	movs	r2, #0
200000ec:	601a      	str	r2, [r3, #0]
200000ee:	f38c 8810 	msr	PRIMASK, ip
200000f2:	4770      	bx	lr
200000f4:	22d0      	movs	r2, #208	; 0xd0
200000f6:	0612      	lsls	r2, r2, #24
200000f8:	7812      	ldrb	r2, [r2, #0]
200000fa:	b252      	sxtb	r2, r2
200000fc:	711a      	strb	r2, [r3, #4]
200000fe:	2001      	movs	r0, #1
20000100:	e7f0      	b.n	200000e4 <mutex_try_enter+0x24>
20000102:	2000      	movs	r0, #0
20000104:	e7ee      	b.n	200000e4 <mutex_try_enter+0x24>
	...

20000108 <mutex_enter_block_until>:
20000108:	b5f8      	push	{r3, r4, r5, r6, r7, lr}
2000010a:	46ce      	mov	lr, r9
2000010c:	4647      	mov	r7, r8
2000010e:	b580      	push	{r7, lr}
20000110:	0004      	movs	r4, r0
20000112:	0017      	movs	r7, r2
20000114:	4698      	mov	r8, r3
20000116:	6803      	ldr	r3, [r0, #0]
20000118:	2b00      	cmp	r3, #0
2000011a:	d020      	beq.n	2000015e <mutex_enter_block_until+0x56>
2000011c:	23d0      	movs	r3, #208	; 0xd0
2000011e:	061b      	lsls	r3, r3, #24
20000120:	781b      	ldrb	r3, [r3, #0]
20000122:	b25b      	sxtb	r3, r3
20000124:	4699      	mov	r9, r3
20000126:	6826      	ldr	r6, [r4, #0]
20000128:	f3ef 8c10 	mrs	ip, PRIMASK
2000012c:	b672      	cpsid	i
2000012e:	6835      	ldr	r5, [r6, #0]
20000130:	2d00      	cmp	r5, #0
20000132:	d0fc      	beq.n	2000012e <mutex_enter_block_until+0x26>
20000134:	f3bf 8f5f 	dmb	sy
20000138:	2504      	movs	r5, #4
2000013a:	5765      	ldrsb	r5, [r4, r5]
2000013c:	2d00      	cmp	r5, #0
2000013e:	db14      	blt.n	2000016a <mutex_enter_block_until+0x62>
20000140:	6823      	ldr	r3, [r4, #0]
20000142:	f3bf 8f5f 	dmb	sy
20000146:	2200      	movs	r2, #0
20000148:	601a      	str	r2, [r3, #0]
2000014a:	f38c 8810 	msr	PRIMASK, ip
2000014e:	0038      	movs	r0, r7
20000150:	4641      	mov	r1, r8
20000152:	f000 f861 	bl	20000218 <__best_effort_wfe_or_timeout_veneer>
20000156:	2800      	cmp	r0, #0
20000158:	d0e5      	beq.n	20000126 <mutex_enter_block_until+0x1e>
2000015a:	2000      	movs	r0, #0
2000015c:	e00f      	b.n	2000017e <mutex_enter_block_until+0x76>
2000015e:	4b0a      	ldr	r3, [pc, #40]	; (20000188 <mutex_enter_block_until+0x80>)
20000160:	4a0a      	ldr	r2, [pc, #40]	; (2000018c <mutex_enter_block_until+0x84>)
20000162:	2185      	movs	r1, #133	; 0x85
20000164:	480a      	ldr	r0, [pc, #40]	; (20000190 <mutex_enter_block_until+0x88>)
20000166:	f000 f85f 	bl	20000228 <____assert_func_veneer>
2000016a:	464b      	mov	r3, r9
2000016c:	7123      	strb	r3, [r4, #4]
2000016e:	6823      	ldr	r3, [r4, #0]
20000170:	f3bf 8f5f 	dmb	sy
20000174:	2200      	movs	r2, #0
20000176:	601a      	str	r2, [r3, #0]
20000178:	f38c 8810 	msr	PRIMASK, ip
2000017c:	2001      	movs	r0, #1
2000017e:	bcc0      	pop	{r6, r7}
20000180:	46b9      	mov	r9, r7
20000182:	46b0      	mov	r8, r6
20000184:	bdf8      	pop	{r3, r4, r5, r6, r7, pc}
20000186:	46c0      	nop			; (mov r8, r8)
20000188:	10004e38 	.word	0x10004e38
2000018c:	10004f10 	.word	0x10004f10
20000190:	10004de4 	.word	0x10004de4

20000194 <mutex_try_enter_block_until>:
20000194:	b570      	push	{r4, r5, r6, lr}
20000196:	b082      	sub	sp, #8
20000198:	0006      	movs	r6, r0
2000019a:	0015      	movs	r5, r2
2000019c:	001c      	movs	r4, r3
2000019e:	a901      	add	r1, sp, #4
200001a0:	f7ff ff8e 	bl	200000c0 <mutex_try_enter>
200001a4:	2800      	cmp	r0, #0
200001a6:	d107      	bne.n	200001b8 <mutex_try_enter_block_until+0x24>
200001a8:	9b01      	ldr	r3, [sp, #4]
200001aa:	b25b      	sxtb	r3, r3
200001ac:	22d0      	movs	r2, #208	; 0xd0
200001ae:	0612      	lsls	r2, r2, #24
200001b0:	7812      	ldrb	r2, [r2, #0]
200001b2:	b252      	sxtb	r2, r2
200001b4:	4293      	cmp	r3, r2
200001b6:	d101      	bne.n	200001bc <mutex_try_enter_block_until+0x28>
200001b8:	b002      	add	sp, #8
200001ba:	bd70      	pop	{r4, r5, r6, pc}
200001bc:	002a      	movs	r2, r5
200001be:	0023      	movs	r3, r4
200001c0:	0030      	movs	r0, r6
200001c2:	f7ff ffa1 	bl	20000108 <mutex_enter_block_until>
200001c6:	e7f7      	b.n	200001b8 <mutex_try_enter_block_until+0x24>

200001c8 <mutex_exit>:
200001c8:	b510      	push	{r4, lr}
200001ca:	6802      	ldr	r2, [r0, #0]
200001cc:	f3ef 8110 	mrs	r1, PRIMASK
200001d0:	b672      	cpsid	i
200001d2:	6813      	ldr	r3, [r2, #0]
200001d4:	2b00      	cmp	r3, #0
200001d6:	d0fc      	beq.n	200001d2 <mutex_exit+0xa>
200001d8:	f3bf 8f5f 	dmb	sy
200001dc:	2304      	movs	r3, #4
200001de:	56c3      	ldrsb	r3, [r0, r3]
200001e0:	2b00      	cmp	r3, #0
200001e2:	db0a      	blt.n	200001fa <mutex_exit+0x32>
200001e4:	23ff      	movs	r3, #255	; 0xff
200001e6:	7103      	strb	r3, [r0, #4]
200001e8:	6803      	ldr	r3, [r0, #0]
200001ea:	f3bf 8f5f 	dmb	sy
200001ee:	2200      	movs	r2, #0
200001f0:	601a      	str	r2, [r3, #0]
200001f2:	f381 8810 	msr	PRIMASK, r1
200001f6:	bf40      	sev
200001f8:	bd10      	pop	{r4, pc}
200001fa:	4b03      	ldr	r3, [pc, #12]	; (20000208 <mutex_exit+0x40>)
200001fc:	4a03      	ldr	r2, [pc, #12]	; (2000020c <mutex_exit+0x44>)
200001fe:	21b4      	movs	r1, #180	; 0xb4
20000200:	4803      	ldr	r0, [pc, #12]	; (20000210 <mutex_exit+0x48>)
20000202:	f000 f811 	bl	20000228 <____assert_func_veneer>
20000206:	46c0      	nop			; (mov r8, r8)
20000208:	10004ecc 	.word	0x10004ecc
2000020c:	10004f04 	.word	0x10004f04
20000210:	10004de4 	.word	0x10004de4

20000214 <__aeabi_idiv0>:
20000214:	4770      	bx	lr
20000216:	46c0      	nop			; (mov r8, r8)

20000218 <__best_effort_wfe_or_timeout_veneer>:
20000218:	b401      	push	{r0}
2000021a:	4802      	ldr	r0, [pc, #8]	; (20000224 <__best_effort_wfe_or_timeout_veneer+0xc>)
2000021c:	4684      	mov	ip, r0
2000021e:	bc01      	pop	{r0}
20000220:	4760      	bx	ip
20000222:	bf00      	nop
20000224:	10001725 	.word	0x10001725

20000228 <____assert_func_veneer>:
20000228:	b401      	push	{r0}
2000022a:	4802      	ldr	r0, [pc, #8]	; (20000234 <____assert_func_veneer+0xc>)
2000022c:	4684      	mov	ip, r0
2000022e:	bc01      	pop	{r0}
20000230:	4760      	bx	ip
20000232:	bf00      	nop
20000234:	1000240d 	.word	0x1000240d

20000238 <raspberry_256x256>:
20000238:	ffffffff ffffffff ffffffff ffffffff     ................
20000248:	ffffffff ffffffff ffffffff ffffffff     ................
20000258:	ffffffff ffffffff ffffffff ffffffff     ................
20000268:	ffffffff ffffffff ffffffff ffffffff     ................
20000278:	ffffffff ffffffff ffffffff ffffffff     ................
20000288:	ffffffff ffffffff ffffffff ffffffff     ................
20000298:	ffffffff ffffffff ffffffff ffffffff     ................
200002a8:	ffffffff ffffffff ffffffff ffffffff     ................
200002b8:	ffffffff ffffffff ffffffff ffffffff     ................
200002c8:	ffffffff ffffffff ffffffff ffffffff     ................
200002d8:	ffffffff ffffffff ffffffff ffffffff     ................
200002e8:	ffffffff ffffffff ffffffff ffffffff     ................
200002f8:	ffffffff ffffffff ffffffff ffffffff     ................
20000308:	ffffffff ffffffff ffffffff ffffffff     ................
20000318:	ffffffff ffffffff ffffffff ffffffff     ................
20000328:	ffffffff ffffffff ffffffff ffffffff     ................
20000338:	ffffffff ffffffff ffffffff ffffffff     ................
20000348:	ffffffff ffffffff ffffffff ffffffff     ................
20000358:	ffffffff ffffffff ffffffff ffffffff     ................
20000368:	ffffffff ffffffff ffffffff ffffffff     ................
20000378:	ffffffff ffffffff ffffffff ffffffff     ................
20000388:	ffffffff ffffffff ffffffff ffffffff     ................
20000398:	ffffffff ffffffff ffffffff ffffffff     ................
200003a8:	ffffffff ffffffff ffffffff ffffffff     ................
200003b8:	ffffffff ffffffff ffffffff ffffffff     ................
200003c8:	ffffffff ffffffff ffffffff ffffffff     ................
200003d8:	ffffffff ffffffff ffffffff ffffffff     ................
200003e8:	ffffffff ffffffff ffffffff ffffffff     ................
200003f8:	ffffffff ffffffff ffffffff ffffffff     ................
20000408:	ffffffff ffffffff ffffffff ffffffff     ................
20000418:	ffffffff ffffffff ffffffff ffffffff     ................
20000428:	ffffffff ffffffff ffffffff ffffffff     ................
20000438:	ffffffff ffffffff ffffffff ffffffff     ................
20000448:	ffffffff ffffffff ffffffff ffffffff     ................
20000458:	ffffffff ffffffff ffffffff ffffffff     ................
20000468:	ffffffff ffffffff ffffffff ffffffff     ................
20000478:	ffffffff ffffffff ffffffff ffffffff     ................
20000488:	ffffffff ffffffff ffffffff ffffffff     ................
20000498:	ffffffff ffffffff ffffffff ffffffff     ................
200004a8:	ffffffff ffffffff ffffffff ffffffff     ................
200004b8:	ffffffff ffffffff ffffffff ffffffff     ................
200004c8:	ffffffff ffffffff ffffffff ffffffff     ................
200004d8:	ffffffff ffffffff ffffffff ffffffff     ................
200004e8:	ffffffff ffffffff ffffffff ffffffff     ................
200004f8:	ffffffff ffffffff ffffffff ffffffff     ................
20000508:	ffffffff ffffffff ffffffff ffffffff     ................
20000518:	ffffffff ffffffff ffffffff ffffffff     ................
20000528:	ffffffff ffffffff ffffffff ffffffff     ................
20000538:	ffffffff ffffffff ffffffff ffffffff     ................
20000548:	ffffffff ffffffff ffffffff ffffffff     ................
20000558:	ffffffff ffffffff ffffffff ffffffff     ................
20000568:	ffffffff ffffffff ffffffff ffffffff     ................
20000578:	ffffffff ffffffff ffffffff ffffffff     ................
20000588:	ffffffff ffffffff ffffffff ffffffff     ................
20000598:	ffffffff ffffffff ffffffff ffffffff     ................
200005a8:	ffffffff ffffffff ffffffff ffffffff     ................
200005b8:	ffffffff ffffffff ffffffff ffffffff     ................
200005c8:	ffffffff ffffffff ffffffff ffffffff     ................
200005d8:	ffffffff ffffffff ffffffff ffffffff     ................
200005e8:	ffffffff ffffffff ffffffff ffffffff     ................
200005f8:	ffffffff ffffffff ffffffff ffffffff     ................
20000608:	ffffffff ffffffff ffffffff ffffffff     ................
20000618:	ffffffff ffffffff ffffffff ffffffff     ................
20000628:	ffffffff ffffffff ffffffff ffffffff     ................
20000638:	ffffffff ffffffff ffffffff ffffffff     ................
20000648:	ffffffff ffffffff ffffffff ffffffff     ................
20000658:	ffffffff ffffffff ffffffff ffffffff     ................
20000668:	ffffffff ffffffff ffffffff ffffffff     ................
20000678:	ffffffff ffffffff ffffffff ffffffff     ................
20000688:	ffffffff ffffffff ffffffff ffffffff     ................
20000698:	ffffffff ffffffff ffffffff ffffffff     ................
200006a8:	ffffffff ffffffff ffffffff ffffffff     ................
200006b8:	ffffffff ffffffff ffffffff ffffffff     ................
200006c8:	ffffffff ffffffff ffffffff ffffffff     ................
200006d8:	ffffffff ffffffff ffffffff ffffffff     ................
200006e8:	ffffffff ffffffff ffffffff ffffffff     ................
200006f8:	ffffffff ffffffff ffffffff ffffffff     ................
20000708:	ffffffff ffffffff ffffffff ffffffff     ................
20000718:	ffffffff ffffffff ffffffff ffffffff     ................
20000728:	ffffffff ffffffff ffffffff ffffffff     ................
20000738:	ffffffff ffffffff ffffffff ffffffff     ................
20000748:	ffffffff ffffffff ffffffff ffffffff     ................
20000758:	ffffffff ffffffff ffffffff ffffffff     ................
20000768:	ffffffff ffffffff ffffffff ffffffff     ................
20000778:	ffffffff ffffffff ffffffff ffffffff     ................
20000788:	ffffffff ffffffff ffffffff ffffffff     ................
20000798:	ffffffff ffffffff ffffffff ffffffff     ................
200007a8:	ffffffff ffffffff ffffffff ffffffff     ................
200007b8:	ffffffff ffffffff ffffffff ffffffff     ................
200007c8:	ffffffff ffffffff ffffffff ffffffff     ................
200007d8:	ffffffff ffffffff ffffffff ffffffff     ................
200007e8:	ffffffff ffffffff ffffffff ffffffff     ................
200007f8:	ffffffff ffffffff ffffffff ffffffff     ................
20000808:	ffffffff ffffffff ffffffff ffffffff     ................
20000818:	ffffffff ffffffff ffffffff ffffffff     ................
20000828:	ffffffff ffffffff ffffffff ffffffff     ................
20000838:	ffffffff ffffffff ffffffff ffffffff     ................
20000848:	ffffffff ffffffff ffffffff ffffffff     ................
20000858:	ffffffff ffffffff ffffffff ffffffff     ................
20000868:	ffffffff ffffffff ffffffff ffffffff     ................
20000878:	ffffffff ffffffff ffffffff ffffffff     ................
20000888:	ffffffff ffffffff ffffffff ffffffff     ................
20000898:	ffffffff ffffffff ffffffff ffffffff     ................
200008a8:	ffffffff ffffffff ffffffff ffffffff     ................
200008b8:	ffffffff ffffffff ffffffff ffffffff     ................
200008c8:	ffffffff ffffffff ffffffff ffffffff     ................
200008d8:	ffffffff ffffffff ffffffff ffffffff     ................
200008e8:	ffffffff ffffffff ffffffff ffffffff     ................
200008f8:	ffffffff ffffffff ffffffff ffffffff     ................
20000908:	ffffffff ffffffff ffffffff ffffffff     ................
20000918:	ffffffff ffffffff ffffffff ffffffff     ................
20000928:	ffffffff ffffffff ffffffff ffffffff     ................
20000938:	ffffffff ffffffff ffffffff ffffffff     ................
20000948:	ffffffff ffffffff ffffffff ffffffff     ................
20000958:	ffffffff ffffffff ffffffff ffffffff     ................
20000968:	ffffffff ffffffff ffffffff ffffffff     ................
20000978:	ffffffff ffffffff ffffffff ffffffff     ................
20000988:	ffffffff ffffffff ffffffff ffffffff     ................
20000998:	ffffffff ffffffff ffffffff ffffffff     ................
200009a8:	ffffffff ffffffff ffffffff ffffffff     ................
200009b8:	ffffffff ffffffff ffffffff ffffffff     ................
200009c8:	ffffffff ffffffff ffffffff ffffffff     ................
200009d8:	ffffffff ffffffff ffffffff ffffffff     ................
200009e8:	ffffffff ffffffff ffffffff ffffffff     ................
200009f8:	ffffffff ffffffff ffffffff ffffffff     ................
20000a08:	ffffffff ffffffff ffffffff ffffffff     ................
20000a18:	ffffffff ffffffff ffffffff ffffffff     ................
20000a28:	ffffffff ffffffff ffffffff ffffffff     ................
20000a38:	ffffffff ffffffff ffffffff ffffffff     ................
20000a48:	ffffffff ffffffff ffffffff ffffffff     ................
20000a58:	ffffffff ffffffff ffffffff ffffffff     ................
20000a68:	ffffffff ffffffff ffffffff ffffffff     ................
20000a78:	ffffffff ffffffff ffffffff ffffffff     ................
20000a88:	ffffffff ffffffff ffffffff ffffffff     ................
20000a98:	ffffffff ffffffff ffffffff ffffffff     ................
20000aa8:	ffffffff ffffffff ffffffff ffffffff     ................
20000ab8:	ffffffff ffffffff ffffffff ffffffff     ................
20000ac8:	ffffffff ffffffff ffffffff ffffffff     ................
20000ad8:	ffffffff ffffffff ffffffff ffffffff     ................
20000ae8:	ffffffff ffffffff ffffffff ffffffff     ................
20000af8:	ffffffff ffffffff ffffffff ffffffff     ................
20000b08:	ffffffff ffffffff ffffffff ffffffff     ................
20000b18:	ffffffff ffffffff ffffffff ffffffff     ................
20000b28:	ffffffff ffffffff ffffffff ffffffff     ................
20000b38:	ffffffff ffffffff ffffffff ffffffff     ................
20000b48:	ffffffff ffffffff ffffffff ffffffff     ................
20000b58:	ffffffff ffffffff ffffffff ffffffff     ................
20000b68:	ffffffff ffffffff ffffffff ffffffff     ................
20000b78:	ffffffff ffffffff ffffffff ffffffff     ................
20000b88:	ffffffff ffffffff ffffffff ffffffff     ................
20000b98:	ffffffff ffffffff ffffffff ffffffff     ................
20000ba8:	ffffffff ffffffff ffffffff ffffffff     ................
20000bb8:	ffffffff ffffffff ffffffff ffffffff     ................
20000bc8:	ffffffff ffffffff ffffffff ffffffff     ................
20000bd8:	ffffffff ffffffff ffffffff ffffffff     ................
20000be8:	ffffffff ffffffff ffffffff ffffffff     ................
20000bf8:	ffffffff ffffffff ffffffff ffffffff     ................
20000c08:	ffffffff ffffffff ffffffff ffffffff     ................
20000c18:	ffffffff ffffffff ffffffff ffffffff     ................
20000c28:	ffffffff ffffffff ffffffff ffffffff     ................
20000c38:	ffffffff ffffffff ffffffff ffffffff     ................
20000c48:	ffffffff ffffffff ffffffff ffffffff     ................
20000c58:	ffffffff ffffffff ffffffff ffffffff     ................
20000c68:	ffffffff ffffffff ffffffff ffffffff     ................
20000c78:	ffffffff ffffffff ffffffff ffffffff     ................
20000c88:	ffffffff ffffffff ffffffff ffffffff     ................
20000c98:	ffffffff ffffffff ffffffff ffffffff     ................
20000ca8:	ffffffff ffffffff ffffffff ffffffff     ................
20000cb8:	ffffffff ffffffff ffffffff ffdfffff     ................
20000cc8:	ef7df79e f7bef77e ffffffff ffffffff     ..}.~...........
20000cd8:	8430f7be 00000000 b5b65aab ffffffbf     ..0......Z......
20000ce8:	ffffffff ffffffff ffffffff ffffffff     ................
20000cf8:	ffffffff ffffffff ffffffff ffffffff     ................
20000d08:	ffffffff ffffffff ffffffff ffffffff     ................
20000d18:	ffffffff ffffffff ffffffff ffffffff     ................
20000d28:	ffffffff ffffffff ffffffff ffffffff     ................
20000d38:	ffffffff ffffffff ffffffff ffffffff     ................
20000d48:	ffffffff ffffffff ffffffff ffffffff     ................
20000d58:	ffffffff ffffffff ffffffff ffffffff     ................
20000d68:	ffffffff ffffffff ffffffff ffffffff     ................
20000d78:	ffffffff ffffffff ffffffff ffffffff     ................
20000d88:	ef7dffff 528aad35 8c31528a fffff79e     ..}.5..R.R1.....
20000d98:	ffffffff ffdfffff ef7df79e f79ef77e     ..........}.~...
20000da8:	ffffffff ffffffff ffffffff ffffffff     ................
20000db8:	ffffffff ffffffff ffffffff ffffffff     ................
20000dc8:	ffffffff ffffffff ffffffff ffffffff     ................
20000dd8:	ffffffff ffffffff ffffffff ffffffff     ................
20000de8:	ffffffff ffffffff ffffffff ffffffff     ................
20000df8:	ffffffff ffffffff ffffffff ffffffff     ................
20000e08:	ffffffff ffffffff ffffffff ffffffff     ................
20000e18:	ffffffff ffffffff ffffffff ffffffff     ................
20000e28:	ffffffff ffffffff ffffffff ffffffff     ................
20000e38:	ffffffff ffffffff ffffffff ffffffff     ................
20000e48:	ffffffff ffffffff ffffffff ffffffff     ................
20000e58:	ffffffff ffffffff ffffffff ffffffff     ................
20000e68:	ffffffff ffffffff ffffffff ffffffff     ................
20000e78:	ffffffff ffffffff ffffffff ffffffff     ................
20000e88:	ffffffff ffffffff ffffffff ffffffff     ................
20000e98:	ffffffff ffffffff ffffffff ffffffff     ................
20000ea8:	ffffffff ffffffff ffffffff ffffffff     ................
20000eb8:	ffffffff ffffffff f79effff 00005acb     .............Z..
	...
20000ed0:	bdb70000 9472f79e 00210000 00200000     ......r...!... .
20000ee0:	00000000 83f00000 fffff7be f79effdf     ................
20000ef0:	f79ef77e fffff79e ffffffff ffffffff     ~...............
20000f00:	ffffffff ffffffff ffffffff ffffffff     ................
20000f10:	ffffffff ffffffff ffffffff ffffffff     ................
20000f20:	ffffffff ffffffff ffffffff ffffffff     ................
20000f30:	ffffffff ffffffff ffffffff ffffffff     ................
20000f40:	ffffffff ffffffff ffffffff ffffffff     ................
20000f50:	ffffffff ffffffff ffffffff ffffffff     ................
20000f60:	ffffffff ffffffff ffffffff ffffffff     ................
20000f70:	ffffffff ffffffff f79ef79e f79eef7d     ............}...
20000f80:	fffff7be c618f7be 00000000 00200000     .............. .
20000f90:	00210000 52ab0000 d69af7be 00002945     ..!....R....E)..
	...
20000fa8:	ef7d18c3 ffffffff ffffffff ffffffff     ..}.............
20000fb8:	ffffffff ffffffff ffffffff ffffffff     ................
20000fc8:	ffffffff ffffffff ffffffff ffffffff     ................
20000fd8:	ffffffff ffffffff ffffffff ffffffff     ................
20000fe8:	ffffffff ffffffff ffffffff ffffffff     ................
20000ff8:	ffffffff ffffffff ffffffff ffffffff     ................
20001008:	ffffffff ffffffff ffffffff ffffffff     ................
20001018:	ffffffff ffffffff ffffffff ffffffff     ................
20001028:	ffffffff ffffffff ffffffff ffffffff     ................
20001038:	ffffffff ffffffff ffffffff ffffffff     ................
20001048:	ffffffff ffffffff ffffffff ffffffff     ................
20001058:	ffffffff ffffffff ffffffff ffffffff     ................
20001068:	ffffffff ffffffff ffffffff ffffffff     ................
20001078:	ffffffff ffffffff ffffffff ffffffff     ................
20001088:	ffffffff ffffffff ffffffff ffffffff     ................
20001098:	ffffffff ffffffff ffffffff ffffffff     ................
200010a8:	ffffffff ffffffff ffffffff ffdfffff     ................
200010b8:	f7beffbf f7beffbf 0000ce39 00000821     ........9...!...
200010c8:	00000821 00000821 00000821 00000000     !...!...!.......
200010d8:	00000821 00000821 00000821 00000821     !...!...!...!...
200010e8:	41e80000 00000000 00000000 00000000     ...A............
200010f8:	ffffffbf ffffffff ffffffff ffffffff     ................
20001108:	ffffffff ffffffff ffffffff ffffffff     ................
20001118:	ffffffff ffffffff ffffffff ffffffff     ................
20001128:	ffffffff ffffffff ffffffff ffffffff     ................
20001138:	ffffffff ffffffff ffffffff ffffffff     ................
20001148:	ffffffff ffffffff ffffffff ffffffff     ................
20001158:	ffffffff ffffffff ffffffff ffffffff     ................
20001168:	ffffffff ffffffff ffffffff 0000ffbf     ................
	...
20001188:	00000821 00000821 00000821 00000821     !...!...!...!...
20001198:	00000000 00000821 00000821 00000821     ....!...!...!...
200011a8:	00000821 ffdf8c51 f7beffbf ffbfffbf     !...Q...........
200011b8:	ffffffff ffffffff ffffffff ffffffff     ................
200011c8:	ffffffff ffffffff ffffffff ffffffff     ................
200011d8:	ffffffff ffffffff ffffffff ffffffff     ................
200011e8:	ffffffff ffffffff ffffffff ffffffff     ................
200011f8:	ffffffff ffffffff ffffffff ffffffff     ................
20001208:	ffffffff ffffffff ffffffff ffffffff     ................
20001218:	ffffffff ffffffff ffffffff ffffffff     ................
20001228:	ffffffff ffffffff ffffffff ffffffff     ................
20001238:	ffffffff ffffffff ffffffff ffffffff     ................
20001248:	ffffffff ffffffff ffffffff ffffffff     ................
20001258:	ffffffff ffffffff ffffffff ffffffff     ................
20001268:	ffffffff ffffffff ffffffff ffffffff     ................
20001278:	ffffffff ffffffff ffffffff ffffffff     ................
20001288:	ffffffff ffffffff ffffffff ffffffff     ................
20001298:	ffffffff ffffffff ffffffff ffffffff     ................
200012a8:	ffffffff ffffffff f79effff 000031a6     .............1..
	...
200012c0:	00200000 00210000 00200000 00210000     .. ...!... ...!.
200012d0:	00200000 00210000 00200000 00210000     .. ...!... ...!.
200012e0:	00200000 00210000 00200000 00210000     .. ...!... ...!.
200012f0:	00200000 00210000 4a290000 ffdff7be     .. ...!...)J....
20001300:	e71ce73c ffdfdefb ffffffff ffffffff     <...............
20001310:	ffffffff ffffffff ffffffff ffffffff     ................
20001320:	ffffffff ffffffff ffffffff ffffffff     ................
20001330:	ffffffff ffffffff ffffffff ffffffff     ................
20001340:	ffffffff ffffffff ffffffff ffffffff     ................
20001350:	ffffffff ffffffff ffffffff ffffffff     ................
20001360:	ffffffff ffdfffff e71cf79e ffdfe73c     ............<...
20001370:	39e7f7be 00210000 00200000 00210000     ...9..!... ...!.
20001380:	00200000 00210000 00200000 00210000     .. ...!... ...!.
20001390:	00200000 00210000 00200000 00210000     .. ...!... ...!.
200013a0:	00200000 00210000 00200000 00000000     .. ...!... .....
	...
200013b8:	e71c0000 ffffffff ffffffff ffffffff     ................
200013c8:	ffffffff ffffffff ffffffff ffffffff     ................
200013d8:	ffffffff ffffffff ffffffff ffffffff     ................
200013e8:	ffffffff ffffffff ffffffff ffffffff     ................
200013f8:	ffffffff ffffffff ffffffff ffffffff     ................
20001408:	ffffffff ffffffff ffffffff ffffffff     ................
20001418:	ffffffff ffffffff ffffffff ffffffff     ................
20001428:	ffffffff ffffffff ffffffff ffffffff     ................
20001438:	ffffffff ffffffff ffffffff ffffffff     ................
20001448:	ffffffff ffffffff ffffffff ffffffff     ................
20001458:	ffffffff ffffffff ffffffff ffffffff     ................
20001468:	ffffffff ffffffff ffffffff ffffffff     ................
20001478:	ffffffff ffffffff ffffffff ffffffff     ................
20001488:	ffffffff ffffffff ffffffff ffffffff     ................
20001498:	ffffffff ffffffff ffffffff ffffffff     ................
200014a8:	ffffffff ffffffff 0000e73c 00000821     ........<...!...
200014b8:	00000821 00000821 00000821 00000821     !...!...!...!...
200014c8:	00000821 00000821 00000821 00000821     !...!...!...!...
200014d8:	00000821 00000821 00000821 00000821     !...!...!...!...
200014e8:	00000821 00000821 00000821 00000821     !...!...!...!...
200014f8:	00000821 00000000 00000000 00000000     !...............
20001508:	e71c0000 ffffffff ffffffff ffffffff     ................
20001518:	ffffffff ffffffff ffffffff ffffffff     ................
20001528:	ffffffff ffffffff ffffffff ffffffff     ................
20001538:	ffffffff ffffffff ffffffff ffffffff     ................
20001548:	ffffffff ffffffff ffffffff ffffffff     ................
20001558:	ffffffff ffffffff ef5dffff 00002104     ..........]..!..
	...
20001574:	00000821 00000821 00000821 00000821     !...!...!...!...
20001584:	00000821 00000821 00000821 00000821     !...!...!...!...
20001594:	00000821 00000821 00000821 00000821     !...!...!...!...
200015a4:	00000821 00000821 00000821 00000821     !...!...!...!...
200015b4:	00000821 00000821 ffffb576 ffffffff     !...!...v.......
200015c4:	ffffffff ffffffff ffffffff ffffffff     ................
200015d4:	ffffffff ffffffff ffffffff ffffffff     ................
200015e4:	ffffffff ffffffff ffffffff ffffffff     ................
200015f4:	ffffffff ffffffff ffffffff ffffffff     ................
20001604:	ffffffff ffffffff ffffffff ffffffff     ................
20001614:	ffffffff ffffffff ffffffff ffffffff     ................
20001624:	ffffffff ffffffff ffffffff ffffffff     ................
20001634:	ffffffff ffffffff ffffffff ffffffff     ................
20001644:	ffffffff ffffffff ffffffff ffffffff     ................
20001654:	ffffffff ffffffff ffffffff ffffffff     ................
20001664:	ffffffff ffffffff ffffffff ffffffff     ................
20001674:	ffffffff ffffffff ffffffff ffffffff     ................
20001684:	ffffffff ffffffff ffffffff ffffffff     ................
20001694:	ffffffff ffffffff ffffffff b596ffff     ................
200016a4:	080039e7 00000000 08000000 00210000     .9............!.
200016b4:	00200000 00210000 00200000 00210000     .. ...!... ...!.
200016c4:	00200000 00210000 00200000 00210000     .. ...!... ...!.
200016d4:	00200000 00210000 00200000 00210000     .. ...!... ...!.
200016e4:	00200000 00210000 00200000 00210000     .. ...!... ...!.
200016f4:	00200000 00210000 00200000 00210000     .. ...!... ...!.
20001704:	00200000 00000000 ffff94b2 ffffffff     .. .............
20001714:	ffffffff ffffffff ffffffff ffffffff     ................
20001724:	ffffffff ffffffff ffffffff ffffffff     ................
20001734:	ffffffff ffffffff ffffffff ffffffff     ................
20001744:	ffffffff ffffffff ffffffff ffffffff     ................
20001754:	ffffffff ffffffff ffffffff 0000a534     ............4...
20001764:	00200000 00210000 00200000 00210000     .. ...!... ...!.
20001774:	00200000 00210000 00200000 00210000     .. ...!... ...!.
20001784:	00200000 00210000 00200000 00210000     .. ...!... ...!.
20001794:	00200000 00210000 00200000 00210000     .. ...!... ...!.
200017a4:	00200000 00210000 00200000 00210000     .. ...!... ...!.
200017b4:	00200000 00210000 00000000 00000000     .. ...!.........
200017c4:	08200000 b59639e7 ffffffff ffffffff     .. ..9..........
200017d4:	ffffffff ffffffff ffffffff ffffffff     ................
200017e4:	ffffffff ffffffff ffffffff ffffffff     ................
200017f4:	ffffffff ffffffff ffffffff ffffffff     ................
20001804:	ffffffff ffffffff ffffffff ffffffff     ................
20001814:	ffffffff ffffffff ffffffff ffffffff     ................
20001824:	ffffffff ffffffff ffffffff ffffffff     ................
20001834:	ffffffff ffffffff ffffffff ffffffff     ................
20001844:	ffffffff ffffffff ffffffff ffffffff     ................
20001854:	ffffffff ffffffff ffffffff ffffffff     ................
20001864:	ffffffff ffffffff ffffffff ffffffff     ................
20001874:	ffffffff ffffffff ffffffff ffffffff     ................
20001884:	ffffffff ffffffff ffffffff ffffffff     ................
20001894:	ffffffff ffffffff 39e7ffff 00000000     ...........9....
200018a4:	00000821 00000821 00000821 00000821     !...!...!...!...
200018b4:	00000821 00000821 00000821 00000821     !...!...!...!...
200018c4:	00000821 00000821 00000000 00000821     !...!.......!...
200018d4:	00000821 00000821 10c20821 00000000     !...!...!.......
200018e4:	00000821 00000821 00000821 00000821     !...!...!...!...
200018f4:	00000821 00000821 00000821 00000821     !...!...!...!...
20001904:	00000821 00000821 73ae0000 ffffffff     !...!......s....
20001914:	ffffffff ffffffff ffffffff ffffffff     ................
20001924:	ffffffff ffffffff ffffffff ffffffff     ................
20001934:	ffffffff ffffffff ffffffff ffffffff     ................
20001944:	ffffffff ffffffff ffffffff ffffffff     ................
20001954:	ffffffff ffffffff 8c51ffff 00000000     ..........Q.....
20001964:	00000821 00000821 00000821 00000821     !...!...!...!...
20001974:	00000821 00000821 00000821 00000821     !...!...!...!...
20001984:	00000821 00000821 00000021 000018e2     !...!...!.......
20001994:	00000821 00000821 00000821 00000821     !...!...!...!...
200019a4:	00000000 00000821 00000821 00000821     ....!...!...!...
200019b4:	00000821 00000821 00000821 00000821     !...!...!...!...
200019c4:	00000821 00000821 29650020 ffffffff     !...!... .e)....
200019d4:	ffffffff ffffffff ffffffff ffffffff     ................
200019e4:	ffffffff ffffffff ffffffff ffffffff     ................
200019f4:	ffffffff ffffffff ffffffff ffffffff     ................
20001a04:	ffffffff ffffffff ffffffff ffffffff     ................
20001a14:	ffffffff ffffffff ffffffff ffffffff     ................
20001a24:	ffffffff ffffffff ffffffff ffffffff     ................
20001a34:	ffffffff ffffffff ffffffff ffffffff     ................
20001a44:	ffffffff ffffffff ffffffff ffffffff     ................
20001a54:	ffffffff ffffffff ffffffff ffffffff     ................
20001a64:	ffffffff ffffffff ffffffff ffffffff     ................
20001a74:	ffffffff ffffffff ffffffff ffffffff     ................
20001a84:	ffffffff ffffffff ffffffff ffffffff     ................
20001a94:	ffffffff ffdfffff 00210020 00200000     ........ .!... .
20001aa4:	00210000 00200000 00210000 00200000     ..!... ...!... .
20001ab4:	00210000 00200000 00210000 00200000     ..!... ...!... .
20001ac4:	00210000 08a10000 4386766a 00000801     ..!.....jv.C....
20001ad4:	00210000 00200000 00000000 43666e09     ..!... ......nfC
20001ae4:	00200000 00200000 00210000 00000000     .. ... ...!.....
20001af4:	00210000 00200000 00210000 00200000     ..!... ...!... .
20001b04:	00210000 00200000 00000000 ffff738e     ..!... ......s..
20001b14:	f7beffff ffffffff ffffffff ffffffff     ................
20001b24:	ffffffff ffffffff ffffffff ffffffff     ................
20001b34:	ffffffff ffffffff ffffffff ffffffff     ................
20001b44:	ffffffff ffffffff ffffffff ffffffff     ................
20001b54:	f79effff ffffffff 00008410 00200000     .............. .
20001b64:	00210000 00200000 00210000 00200000     ..!... ...!... .
20001b74:	00210000 00200000 00210000 00200000     ..!... ...!... .
20001b84:	00210000 00000000 6dc93b05 00200000     ..!......;.m.. .
20001b94:	00210000 00000000 08010000 766a2a64     ..!.........d*jv
20001ba4:	00210040 00200000 00210000 00200000     @.!... ...!... .
20001bb4:	00210000 00200000 00210000 00200000     ..!... ...!... .
20001bc4:	00210000 00200000 00210000 ce590000     ..!... ...!...Y.
20001bd4:	ffffffff ffffffff ffffffff ffffffff     ................
20001be4:	ffffffff ffffffff ffffffff ffffffff     ................
20001bf4:	ffffffff ffffffff ffffffff ffffffff     ................
20001c04:	ffffffff ffffffff ffffffff ffffffff     ................
20001c14:	ffffffff ffffffff ffffffff ffffffff     ................
20001c24:	ffffffff ffffffff ffffffff ffffffff     ................
20001c34:	ffffffff ffffffff ffffffff ffffffff     ................
20001c44:	ffffffff ffffffff ffffffff ffffffff     ................
20001c54:	ffffffff ffffffff ffffffff ffffffff     ................
20001c64:	ffffffff ffffffff ffffffff ffffffff     ................
20001c74:	ffffffff ffffffff ffffffff ffffffff     ................
20001c84:	ffffffff ffffffff ffffffff ffffffff     ................
20001c94:	e6fcf77e 0000ef3d 00000821 00000821     ~...=...!...!...
20001ca4:	00000821 00000821 00000821 00000821     !...!...!...!...
20001cb4:	00000821 00000821 00000000 00000000     !...!...........
20001cc4:	00000821 00000821 764a1101 766a764a     !...!.....JvJvjv
20001cd4:	08026569 00000000 00200821 766a0001     ie......!. ...jv
20001ce4:	2a037e8b 00000000 00000821 3b250001     .~.*....!.....%;
20001cf4:	00002a04 00000821 00000821 00000821     .*..!...!...!...
20001d04:	00000821 00000821 00000821 21240000     !...!...!.....$!
20001d14:	00000000 e73c3166 ffffffff ffffffff     ....f1<.........
20001d24:	ffffffff ffffffff ffffffff ffffffff     ................
20001d34:	ffffffff ffffffff ffffffff ffffffff     ................
20001d44:	ffffffff ffffffff ffffffff e71cffff     ................
20001d54:	00003166 21240000 00000000 00000821     f1....$!....!...
20001d64:	00000821 00000821 00000821 00000821     !...!...!...!...
20001d74:	00000821 21e30000 00003284 00000821     !......!.2..!...
20001d84:	00000821 7eaa2a24 00017e6a 00000821     !...$*.~j~..!...
20001d94:	00000821 54a71042 764a7e6a 08807eab     !...B..Tj~Jv.~..
20001da4:	00000821 00000821 00000821 00000000     !...!...!.......
20001db4:	00000000 00000821 00000821 00000821     ....!...!...!...
20001dc4:	00000821 00000821 00000821 00000821     !...!...!...!...
20001dd4:	f7bee71c fffff79e ffffffff ffffffff     ................
20001de4:	ffffffff ffffffff ffffffff ffffffff     ................
20001df4:	ffffffff ffffffff ffffffff ffffffff     ................
20001e04:	ffffffff ffffffff ffffffff ffffffff     ................
20001e14:	ffffffff ffffffff ffffffff ffffffff     ................
20001e24:	ffffffff ffffffff ffffffff ffffffff     ................
20001e34:	ffffffff ffffffff ffffffff ffffffff     ................
20001e44:	ffffffff ffffffff ffffffff ffffffff     ................
20001e54:	ffffffff ffffffff ffffffff ffffffff     ................
20001e64:	ffffffff ffffffff ffffffff ffffffff     ................
20001e74:	ffffffff ffffffff ffffffff ffffffff     ................
20001e84:	ffffffff ffffffff 5aebdefb 00000000     ...........Z....
20001e94:	00000000 08210000 00200000 00210000     ......!... ...!.
20001ea4:	00200000 00210000 00200000 00210000     .. ...!... ...!.
20001eb4:	00200000 10810000 6da96e09 080143c6     .. ......n.m.C..
20001ec4:	00000001 00210000 00000000 6e0a766a     ......!.....jv.n
20001ed4:	764a6e09 2a24768a 00200000 65280000     .nJv.v$*.. ...(e
20001ee4:	764a6de9 00006e09 00200000 08810000     .mJv.n.... .....
20001ef4:	65a97f0b 00210000 00200000 10410000     ...e..!... ...A.
20001f04:	00200000 00210000 00200000 00210000     .. ...!... ...!.
20001f14:	00200000 00000000 ffff8410 ffffffff     .. .............
20001f24:	ffffffff ffffffff ffffffff ffffffff     ................
20001f34:	ffffffff ffffffff ffffffff ffffffff     ................
20001f44:	ffffffff ffffffff ffffffff 00009492     ................
20001f54:	00200000 00210000 00200000 00210000     .. ...!... ...!.
20001f64:	00200000 00000000 00200000 00210000     .. ....... ...!.
20001f74:	00000000 7eeb6588 002008a0 00200000     .....e.~.. ... .
20001f84:	766a0000 6de96e29 00005d48 00000000     ..jv)n.mH]......
20001f94:	766a2a23 760a6e29 7eaa6de9 00210040     #*jv)n.v.m.~@.!.
	...
20001fac:	43c60001 760a5d48 00200881 00210000     ...CH].v.. ...!.
20001fbc:	00200000 00210000 00200000 00210000     .. ...!... ...!.
20001fcc:	00200000 00210000 00000000 00000000     .. ...!.........
20001fdc:	5aaa0000 ffffbdd7 ffffffff ffffffff     ...Z............
20001fec:	ffffffff ffffffff ffffffff ffffffff     ................
20001ffc:	ffffffff ffffffff ffffffff ffffffff     ................
2000200c:	ffffffff ffffffff ffffffff ffffffff     ................
2000201c:	ffffffff ffffffff ffffffff ffffffff     ................
2000202c:	ffffffff ffffffff ffffffff ffffffff     ................
2000203c:	ffffffff ffffffff ffffffff ffffffff     ................
2000204c:	ffffffff ffffffff ffffffff ffffffff     ................
2000205c:	ffffffff ffffffff ffffffff ffffffff     ................
2000206c:	ffffffff ffffffff ffffffff ffffffff     ................
2000207c:	ffffffff ffffffff ffffffff 7bafffff     ...............{
2000208c:	00000000 00000821 00000821 00000821     ....!...!...!...
2000209c:	00000821 00000821 00000821 00000001     !...!...!.......
	...
200020b4:	00000821 00000821 762a0821 762a762a     !...!...!.*v*v*v
200020c4:	6e29766a 00014c07 00000000 6e095487     jv)n.L.......T.n
200020d4:	6e09760a 764a760a 10c2764a 6e090000     .v.n.vJvJv.....n
200020e4:	6e096e0a 766a760a 00202a24 08a00821     .n.n.vjv$* .!...
200020f4:	6e097ecb 00007e6a 00000821 00010821     .~.nj~..!...!...
20002104:	00005ce8 00000821 00000821 00000821     .\..!...!...!...
20002114:	00000821 00000821 39c70000 ffffffff     !...!......9....
20002124:	ffffffff ffffffff ffffffff ffffffff     ................
20002134:	ffffffff ffffffff ffffffff ffffffff     ................
20002144:	ffffffff ffffffff 4a69ffff 00000000     ..........iJ....
20002154:	00000821 00000821 00000821 00000821     !...!...!...!...
20002164:	00000821 65480000 00000000 00000821     !.....He....!...
20002174:	766a0000 768a762a 00000841 2a230020     ..jv*v.vA... .#*
20002184:	6e09766a 6e09760a 00006d89 764a1903     jv.n.v.n.m....Jv
20002194:	6e09762a 6e09760a 5487762a 00000000     *v.n.v.n*v.T....
200021a4:	54a70801 766a6dea 6e09764a 00007e6a     ...T.mjvJv.nj~..
200021b4:	00000821 00000821 00000821 00000001     !...!...!.......
200021c4:	00000000 00000821 00000821 00000821     ....!...!...!...
200021d4:	00000821 00000821 00000821 41e80000     !...!...!......A
200021e4:	ffffffff ffffffff ffffffff ffffffff     ................
200021f4:	ffffffff ffffffff ffffffff ffffffff     ................
20002204:	ffffffff ffffffff ffffffff ffffffff     ................
20002214:	ffffffff ffffffff ffffffff ffffffff     ................
20002224:	ffffffff ffffffff ffffffff ffffffff     ................
20002234:	ffffffff ffffffff ffffffff ffffffff     ................
20002244:	ffffffff ffffffff ffffffff ffffffff     ................
20002254:	ffffffff ffffffff ffffffff ffffffff     ................
20002264:	ffffffff ffffffff ffffffff ffffffff     ................
20002274:	ffffffff ffffffff ffffffff ffffffff     ................
20002284:	ffffffff 00009cd3 00210000 00200000     ..........!... .
20002294:	00210000 00200000 00210000 00200000     ..!... ...!... .
200022a4:	00011021 43c632c4 4c0643e6 10e22203     !....2.C.C.L."..
	...
200022bc:	2a230000 6e09768a 6e0a6de9 764a6e09     ..#*.v.n.m.n.nJv
200022cc:	4c06766a 6e096e29 6e0a6de9 6e096de9     jv.L)n.n.m.n.m.n
200022dc:	764a6de9 6e0a6e29 6e0a6de9 6e096de9     .mJv)n.n.m.n.m.n
200022ec:	4c27766a 54670000 6e0a6de9 7eaa6e09     jv'L..gT.m.n.n.~
200022fc:	00211062 00000000 6589764a 00200000     b.!.....Jv.e.. .
2000230c:	00210000 00200000 00210000 00200000     ..!... ...!... .
2000231c:	00000000 ffbf0000 ffffffff ffffffff     ................
2000232c:	ffffffff ffffffff ffffffff ffffffff     ................
2000233c:	ffffffff ffffffff ffffffff ffffffff     ................
2000234c:	00000020 00200000 00210000 00200000      ..... ...!... .
2000235c:	00210000 00200000 00000000 766a6de9     ..!... ......mjv
2000236c:	00210000 10620000 6e0a764a 762a6de9     ..!...b.Jv.n.m*v
2000237c:	000032a4 766a4c26 6e0a6de9 6e096de9     .2..&Ljv.m.n.m.n
2000238c:	6de96e09 6e097649 6e0a6de9 6e096de9     .n.mIv.n.m.n.m.n
2000239c:	6e0a6de9 764a43e6 762a7629 6e096e09     .m.n.CJv)v*v.n.n
200023ac:	766a6de9 00202223 00000000 00000000     .mjv#" .........
200023bc:	2a4410a1 43c632e4 32e543c6 00200000     ..D*.2.C.C.2.. .
200023cc:	00210000 00200000 00210000 00200000     ..!... ...!... .
200023dc:	00210000 00000000 ffff5aab ffffffff     ..!......Z......
200023ec:	ffffffff ffffffff ffffffff ffffffff     ................
200023fc:	ffffffff ffffffff ffffffff ffffffff     ................
2000240c:	ffffffff ffffffff ffffffff ffffffff     ................
2000241c:	ffffffff ffffffff ffffffff ffffffff     ................
2000242c:	ffffffff ffffffff ffffffff ffffffff     ................
2000243c:	ffffffff ffffffff ffffffff ffffffff     ................
2000244c:	ffffffff ffffffff ffffffff ffffffff     ................
2000245c:	ffffffff ffffffff ffffffff ffffffff     ................
2000246c:	ffffffff ffffffff ffffffff ffffffff     ................
2000247c:	ffffffff ffffffff ffffffff 00000000     ................
2000248c:	00000821 00000821 00000821 00000821     !...!...!...!...
2000249c:	00000821 00000821 6e090000 762a766a     !...!......njv*v
200024ac:	762a764a 764a764a 7629764a 21c36528     Jv*vJvJvJv)v(e.!
200024bc:	21e20000 6e097e8a 6e09760a 6e09760a     ...!.~.n.v.n.v.n
200024cc:	762a760a 6e09760a 6e09760a 6e09760a     .v*v.v.n.v.n.v.n
200024dc:	6e09760a 6e09760a 6e09760a 6e09760a     .v.n.v.n.v.n.v.n
200024ec:	764a760a 764a6569 6e09760a 6de9760a     .vJvieJv.v.n.v.m
200024fc:	10e27eab 00000821 6e09764a 00006d89     .~..!...Jv.n.m..
2000250c:	00000821 00000821 00000821 00000821     !...!...!...!...
2000251c:	00000821 00000021 ffffffbf ffffffff     !...!...........
2000252c:	ffffffff ffffffff ffffffff ffffffff     ................
2000253c:	ffffffff ffffffff ffffffff 0000ffff     ................
2000254c:	00000821 00000821 00000821 00000821     !...!...!...!...
2000255c:	00000821 00000821 6de90000 6e29762a     !...!......m*v)n
2000256c:	00200000 7eaa1902 6e09760a 6e09760a     .. ....~.v.n.v.n
2000257c:	6548764a 6e09764a 6e09760a 6e09760a     JvHeJv.n.v.n.v.n
2000258c:	6e09760a 6e09760a 6e09760a 6e09760a     .v.n.v.n.v.n.v.n
2000259c:	6e09760a 6de9762a 6e09760a 6e09760a     .v.n*v.m.v.n.v.n
200025ac:	7ecb760a 00000861 5ce821e3 764a6de9     .v.~a....!.\.mJv
200025bc:	762a766a 7629764a 764a764a 00006d89     jv*vJv)vJvJv.m..
200025cc:	00000821 00000821 00000821 00000821     !...!...!...!...
200025dc:	00000821 00000821 ce390000 ffffffff     !...!.....9.....
200025ec:	ffffffff ffffffff ffffffff ffffffff     ................
200025fc:	ffffffff ffffffff ffffffff ffffffff     ................
2000260c:	ffffffff ffffffff ffffffff ffffffff     ................
2000261c:	ffffffff ffffffff ffffffff ffffffff     ................
2000262c:	ffffffff ffffffff ffffffff ffffffff     ................
2000263c:	ffffffff ffffffff ffffffff ffffffff     ................
2000264c:	ffffffff ffffffff ffffffff ffffffff     ................
2000265c:	ffffffff ffffffff ffffffff ffffffff     ................
2000266c:	ffffffff ffffffff ffffffff ffffffff     ................
2000267c:	ffffffff ffffffff b596ffff 00210000     ..............!.
2000268c:	00200000 00210000 00200000 00210000     .. ...!... ...!.
2000269c:	00200000 00210000 00000000 762a6548     .. ...!.....He*v
200026ac:	6e096de9 6e0a6de9 6e096de9 766a6e09     .m.n.m.n.m.n.njv
200026bc:	764a6e29 6e0a6de9 6e096de9 6e0a6de9     )nJv.m.n.m.n.m.n
200026cc:	6e096de9 6e0a6de9 6e096de9 6e0a6de9     .m.n.m.n.m.n.m.n
200026dc:	6e096de9 6e0a6de9 6e096de9 6e0a6de9     .m.n.m.n.m.n.m.n
200026ec:	6e096de9 6e0a6e09 6e096de9 6e0a6de9     .m.n.n.n.m.n.m.n
200026fc:	7e8a6de9 54870000 6e096e29 65896e29     .m.~...T)n.n)n.e
2000270c:	00200000 00210000 00000000 00210000     .. ...!.......!.
2000271c:	00200000 00210000 ffff0000 ffffffff     .. ...!.........
2000272c:	ffffffff ffffffff ffffffff ffffffff     ................
2000273c:	ffffffff ffffffff ffffffff 00210000     ..............!.
2000274c:	00200000 00210000 00200000 00210000     .. ...!... ...!.
2000275c:	00200000 00000000 762a65c9 764a6de9     .. ......e*v.mJv
2000276c:	08e143a5 6e09768a 6e096de9 6e0a6de9     .C...v.n.m.n.m.n
2000277c:	6e0a6de9 6e0a6de9 6e096de9 6e0a6de9     .m.n.m.n.m.n.m.n
2000278c:	6e096de9 6e0a6de9 6e096de9 6e0a6de9     .m.n.m.n.m.n.m.n
2000279c:	6e096de9 6e0a6de9 6e096de9 6e0a6de9     .m.n.m.n.m.n.m.n
200027ac:	6e096de9 762a6e09 762a7649 6e0a6de9     .m.n.n*vIv*v.m.n
200027bc:	6e096de9 6e0a6de9 6dc96e09 00210000     .m.n.m.n.n.m..!.
200027cc:	00200000 00210000 00200000 00210000     .. ...!... ...!.
200027dc:	00200000 00210000 8c510000 ffffffff     .. ...!...Q.....
200027ec:	ffffffff ffffffff ffffffff ffffffff     ................
200027fc:	ffffffff ffffffff ffffffff ffffffff     ................
2000280c:	ffffffff ffffffff ffffffff ffffffff     ................
2000281c:	ffffffff ffffffff ffffffff ffffffff     ................
2000282c:	ffffffff ffffffff ffffffff ffffffff     ................
2000283c:	ffffffff ffffffff ffffffff ffffffff     ................
2000284c:	ffffffff ffffffff ffffffff ffffffff     ................
2000285c:	ffffffff ffffffff ffffffff ffffffff     ................
2000286c:	ffffffff ffffffff ffffffff ffffffff     ................
2000287c:	ffffffff ffffffff a514ffff 00000000     ................
2000288c:	00000821 00200821 00000000 00000000     !...!. .........
	...
200028a8:	6da90000 6e09762a 6e09760a 6e09760a     ...m*v.n.v.n.v.n
200028b8:	6e09760a 6de9760a 6e09760a 6e09760a     .v.n.v.m.v.n.v.n
200028c8:	6e09760a 6e09760a 6e09760a 6e09760a     .v.n.v.n.v.n.v.n
200028d8:	6e09760a 6e09760a 6e09760a 6e09760a     .v.n.v.n.v.n.v.n
200028e8:	6e09760a 6e09760a 6e09760a 6e09760a     .v.n.v.n.v.n.v.n
200028f8:	6e09760a 6de9760a 762a764a 6e09760a     .v.n.v.mJv*v.v.n
20002908:	762a760a 00006549 00000821 2a230821     .v*vIe..!...!.#*
20002918:	00000020 00000821 00000821 00000821      ...!...!...!...
20002928:	ffffffff ffffffff ffffffff ffffffff     ................
20002938:	ffffffff ffffffff ffffffff 2124ffff     ..............$!
20002948:	00000821 00000821 00000821 00400821     !...!...!...!.@.
20002958:	00002a44 00000821 65280000 6e09762a     D*..!.....(e*v.n
20002968:	6de9760a 6de9764a 6e09760a 6e09760a     .v.mJv.m.v.n.v.n
20002978:	6e09760a 6e09760a 6e09760a 6e09760a     .v.n.v.n.v.n.v.n
20002988:	6e09760a 6e09760a 6e09760a 6e09760a     .v.n.v.n.v.n.v.n
20002998:	6e09760a 6e09760a 6e09760a 6e09760a     .v.n.v.n.v.n.v.n
200029a8:	6e09760a 6e09760a 6de9760a 6e09760a     .v.n.v.n.v.m.v.n
200029b8:	6e09760a 6e09760a 6e09760a 00006589     .v.n.v.n.v.n.e..
	...
200029dc:	00000821 00000821 632c0821 ffffffff     !...!...!.,c....
200029ec:	ffffffff ffffffff ffffffff ffffffff     ................
200029fc:	ffffffff ffffffff ffffffff ffffffff     ................
20002a0c:	ffffffff ffffffff ffffffff ffffffff     ................
20002a1c:	ffffffff ffffffff ffffffff ffffffff     ................
20002a2c:	ffffffff ffffffff ffffffff ffffffff     ................
20002a3c:	ffffffff ffffffff ffffffff ffffffff     ................
20002a4c:	ffffffff ffffffff ffffffff ffffffff     ................
20002a5c:	ffffffff ffffffff ffffffff ffffffff     ................
20002a6c:	ffffffff ffffffff ffffffff ffffffff     ................
20002a7c:	ffffffff ffffffff ad34ffff 00200000     ..........4... .
20002a8c:	00210000 00000000 6da94c46 6dc965a8     ..!.....FL.m.e.m
20002a9c:	760a6de9 6dc965a9 6de96de9 6e096e09     .m.v.e.m.m.m.n.n
20002aac:	6e0a6de9 6e096de9 6e0a6de9 6e096de9     .m.n.m.n.m.n.m.n
20002abc:	6e0a6de9 6e096de9 6e0a6de9 6e096de9     .m.n.m.n.m.n.m.n
20002acc:	6e0a6de9 6e096de9 6e0a6de9 6e096de9     .m.n.m.n.m.n.m.n
20002adc:	6e0a6de9 6e096de9 6e0a6de9 6e096de9     .m.n.m.n.m.n.m.n
20002aec:	6e0a6de9 6e096de9 6e0a6de9 6e096de9     .m.n.m.n.m.n.m.n
20002afc:	6e0a6de9 6e096de9 6e0a6de9 6e096de9     .m.n.m.n.m.n.m.n
20002b0c:	5ce86e29 00200000 7eeb0000 00203284     )n.\.. ....~.2 .
20002b1c:	00210000 00200000 08210000 ffff5acb     ..!... ...!..Z..
20002b2c:	ffffffff ffffffff ffffffff ffffffff     ................
20002b3c:	ffffffff ffffffff 082173ae 00200000     .........s!... .
20002b4c:	00210000 00200000 32640020 00007eaa     ..!... . .d2.~..
20002b5c:	00000000 766a54c7 6e0a6de9 6e096de9     .....Tjv.m.n.m.n
20002b6c:	6e0a6de9 6e096de9 6e0a6de9 6e096de9     .m.n.m.n.m.n.m.n
20002b7c:	6e0a6de9 6e096de9 6e0a6de9 6e096de9     .m.n.m.n.m.n.m.n
20002b8c:	6e0a6de9 6e096de9 6e0a6de9 6e096de9     .m.n.m.n.m.n.m.n
20002b9c:	6e0a6de9 6e096de9 6e0a6de9 6e096de9     .m.n.m.n.m.n.m.n
20002bac:	6e0a6de9 6e096de9 6e0a6de9 6e096de9     .m.n.m.n.m.n.m.n
20002bbc:	6e0a6de9 6e096de9 6de96dc9 6e0a6de9     .m.n.m.n.m.m.m.n
20002bcc:	6dc965a9 656865a9 65896588 43c66568     .e.m.ehe.e.ehe.C
20002bdc:	00210000 00200000 7baf0000 ffffffff     ..!... ....{....
20002bec:	ffffffff ffffffff ffffffff ffffffff     ................
20002bfc:	ffffffff ffffffff ffffffff ffffffff     ................
20002c0c:	ffffffff ffffffff ffffffff ffffffff     ................
20002c1c:	ffffffff ffffffff ffffffff ffffffff     ................
20002c2c:	ffffffff ffffffff ffffffff ffffffff     ................
20002c3c:	ffffffff ffffffff ffffffff ffffffff     ................
20002c4c:	ffffffff ffffffff ffffffff ffffffff     ................
20002c5c:	ffffffff ffffffff ffffffff ffffffff     ................
20002c6c:	ffffffff ffffffff ffffffff ffffffff     ................
20002c7c:	ffffffff ffffffff ce39ffff 00000000     ..........9.....
20002c8c:	00000821 00200821 766a0000 6de96dea     !...!. ...jv.m.m
20002c9c:	6de9760a 6de96e0a 6de9760a 6e096e0a     .v.m.n.m.v.m.n.n
20002cac:	6e09760a 6e09760a 6e09760a 6e09760a     .v.n.v.n.v.n.v.n
20002cbc:	6e09760a 6e09760a 6e09760a 6e09760a     .v.n.v.n.v.n.v.n
20002ccc:	6e09760a 6e09760a 6e09760a 6e09760a     .v.n.v.n.v.n.v.n
20002cdc:	6e09760a 6e09760a 6e09760a 6e09760a     .v.n.v.n.v.n.v.n
20002cec:	6e09760a 6e09760a 6e09760a 6e09760a     .v.n.v.n.v.n.v.n
20002cfc:	6e09760a 6e09760a 6e09760a 6e09760a     .v.n.v.n.v.n.v.n
20002d0c:	764a760a 00004be6 768a32a4 11427e8a     .vJv.K...2.v.~B.
20002d1c:	00000821 00000821 00000821 c6180841     !...!...!...A...
20002d2c:	ffffffff ffffffff ffffffff ffffffff     ................
20002d3c:	ffffffff ce59ffff 00000000 00000821     ......Y.....!...
20002d4c:	00000821 00000821 7eaa2163 19827ecb     !...!...c!.~.~..
20002d5c:	54670000 6e09764a 6e09760a 6e09760a     ..gTJv.n.v.n.v.n
20002d6c:	6e09760a 6e09760a 6e09760a 6e09760a     .v.n.v.n.v.n.v.n
20002d7c:	6e09760a 6e09760a 6e09760a 6e09760a     .v.n.v.n.v.n.v.n
20002d8c:	6e09760a 6e09760a 6e09760a 6e09760a     .v.n.v.n.v.n.v.n
20002d9c:	6e09760a 6e09760a 6e09760a 6e09760a     .v.n.v.n.v.n.v.n
20002dac:	6e09760a 6e09760a 6e09760a 6e09760a     .v.n.v.n.v.n.v.n
20002dbc:	6e09760a 6e09760a 6de9760a 6de96e0a     .v.n.v.n.v.m.n.m
20002dcc:	6de9760a 6e096e0a 6de9760a 0000764a     .v.m.n.n.v.mJv..
20002ddc:	00000821 00000821 9cf30821 ffffffff     !...!...!.......
20002dec:	ffffffff ffffffff ffffffff ffffffff     ................
20002dfc:	ffffffff ffffffff ffffffff ffffffff     ................
20002e0c:	ffffffff ffffffff ffffffff ffffffff     ................
20002e1c:	ffffffff ffffffff ffffffff ffffffff     ................
20002e2c:	ffffffff ffffffff ffffffff ffffffff     ................
20002e3c:	ffffffff ffffffff ffffffff ffffffff     ................
20002e4c:	ffffffff ffffffff ffffffff ffffffff     ................
20002e5c:	ffffffff ffffffff ffffffff ffffffff     ................
20002e6c:	ffffffff ffffffff ffffffff ffffffff     ................
20002e7c:	ffffffff ffffffff ffffffff 00210000     ..............!.
20002e8c:	00200000 00210000 2a640000 6e0a766a     .. ...!...d*jv.n
20002e9c:	6e096de9 6e0a6de9 6e096de9 6e0a6de9     .m.n.m.n.m.n.m.n
20002eac:	6e096de9 6e0a6de9 6e096de9 6e0a6de9     .m.n.m.n.m.n.m.n
20002ebc:	6e096de9 6e0a6de9 6e096de9 6e0a6de9     .m.n.m.n.m.n.m.n
20002ecc:	6e096de9 6e0a6de9 6e096de9 6e0a6de9     .m.n.m.n.m.n.m.n
20002edc:	6e096de9 6e0a6de9 6e096de9 6e0a6de9     .m.n.m.n.m.n.m.n
20002eec:	6e096de9 6e0a6de9 6e096de9 6e0a6de9     .m.n.m.n.m.n.m.n
20002efc:	6e096de9 6e0a6de9 6e096de9 6e0a6de9     .m.n.m.n.m.n.m.n
20002f0c:	6e096de9 3b45766a 6de95d48 7ecb6de9     .m.njvE;H].m.m.~
20002f1c:	00200000 00210000 00200000 00000000     .. ...!... .....
20002f2c:	ffffffdf ffffffff ffffffff ffffffff     ................
20002f3c:	ffffffff 0000f7be 00200000 00210000     .......... ...!.
20002f4c:	00200000 00000000 6e09768a 65286de9     .. ......v.n.m(e
20002f5c:	766a3304 6e0a6de9 6e096de9 6e0a6de9     .3jv.m.n.m.n.m.n
20002f6c:	6e096de9 6e0a6de9 6e096de9 6e0a6de9     .m.n.m.n.m.n.m.n
20002f7c:	6e096de9 6e0a6de9 6e096de9 6e0a6de9     .m.n.m.n.m.n.m.n
20002f8c:	6e096de9 6e0a6de9 6e096de9 6e0a6de9     .m.n.m.n.m.n.m.n
20002f9c:	6e096de9 6e0a6de9 6e096de9 6e0a6de9     .m.n.m.n.m.n.m.n
20002fac:	6e096de9 6e0a6de9 6e096de9 6e0a6de9     .m.n.m.n.m.n.m.n
20002fbc:	6e096de9 6e0a6de9 6e096de9 6e0a6de9     .m.n.m.n.m.n.m.n
20002fcc:	6e096de9 6e0a6de9 7eaa6de9 00212a23     .m.n.m.n.m.~#*!.
20002fdc:	00200000 00210000 d6bb0000 ffffffff     .. ...!.........
20002fec:	ffffffff ffffffff ffffffff ffffffff     ................
20002ffc:	ffffffff ffffffff ffffffff ffffffff     ................
2000300c:	ffffffff ffffffff ffffffff ffffffff     ................
2000301c:	ffffffff ffffffff ffffffff ffffffff     ................
2000302c:	ffffffff ffffffff ffffffff ffffffff     ................
2000303c:	ffffffff ffffffff ffffffff ffffffff     ................
2000304c:	ffffffff ffffffff ffffffff ffffffff     ................
2000305c:	ffffffff ffffffff ffffffff ffffffff     ................
2000306c:	ffffffff ffffffff ffffffff ffffffff     ................
2000307c:	ffffffff ffffffff ffffffff 0000a4f4     ................
2000308c:	00000821 00000821 00000821 6e095d08     !...!...!....].n
2000309c:	6e09760a 6e09760a 6e09760a 6e09760a     .v.n.v.n.v.n.v.n
200030ac:	6e09760a 6e09760a 6e09760a 6e09760a     .v.n.v.n.v.n.v.n
200030bc:	6e09760a 6e09760a 6e09760a 6e09760a     .v.n.v.n.v.n.v.n
200030cc:	6e09760a 6e09760a 6e09760a 6e09760a     .v.n.v.n.v.n.v.n
200030dc:	6e09760a 6e09760a 6e09760a 6e09760a     .v.n.v.n.v.n.v.n
200030ec:	6e09760a 6e09760a 6e09760a 6e09760a     .v.n.v.n.v.n.v.n
200030fc:	6e09760a 6e09760a 6e09760a 6e09760a     .v.n.v.n.v.n.v.n
2000310c:	6e09760a 764a760a 6e09762a 6e09760a     .v.n.vJv*v.n.v.n
2000311c:	0000764a 00000821 00000821 00000821     Jv..!...!...!...
2000312c:	ffff2925 ffffffff ffffffff ffffffff     %)..............
2000313c:	ffffffff 0020630c 00000821 00000821     .....c .!...!...
2000314c:	00000821 764a0000 6e09760a 6e09760a     !.....Jv.v.n.v.n
2000315c:	6de9766a 6e09760a 6e09760a 6e09760a     jv.m.v.n.v.n.v.n
2000316c:	6e09760a 6e09760a 6e09760a 6e09760a     .v.n.v.n.v.n.v.n
2000317c:	6e09760a 6e09760a 6e09760a 6e09760a     .v.n.v.n.v.n.v.n
2000318c:	6e09760a 6e09760a 6e09760a 6e09760a     .v.n.v.n.v.n.v.n
2000319c:	6e09760a 6e09760a 6e09760a 6e09760a     .v.n.v.n.v.n.v.n
200031ac:	6e09760a 6e09760a 6e09760a 6e09760a     .v.n.v.n.v.n.v.n
200031bc:	6e09760a 6e09760a 6e09760a 6e09760a     .v.n.v.n.v.n.v.n
200031cc:	6e09760a 6e09760a 5467762a 00000000     .v.n.v.n*vgT....
200031dc:	00000821 00000821 ffff5aeb ffffffff     !...!....Z......
200031ec:	ffffffff ffffffff ffffffff ffffffff     ................
200031fc:	ffffffff ffffffff ffffffff ffffffff     ................
2000320c:	ffffffff ffffffff ffffffff ffffffff     ................
2000321c:	ffffffff ffffffff ffffffff ffffffff     ................
2000322c:	ffffffff ffffffff ffffffff ffffffff     ................
2000323c:	ffffffff ffffffff ffffffff ffffffff     ................
2000324c:	ffffffff ffffffff ffffffff ffffffff     ................
2000325c:	ffffffff ffffffff ffffffff ffffffff     ................
2000326c:	ffffffff ffffffff ffffffff ffffffff     ................
2000327c:	ffffffff ffffffff ffffffff 000094b2     ................
2000328c:	00210000 00200000 00210000 7ecb1141     ..!... ...!.A..~
2000329c:	6e0a6de9 6e096de9 6e0a6de9 6e096de9     .m.n.m.n.m.n.m.n
200032ac:	6e0a6de9 6e096de9 6e0a6de9 6e096de9     .m.n.m.n.m.n.m.n
200032bc:	6e0a6de9 6e096de9 6e0a6de9 6e096de9     .m.n.m.n.m.n.m.n
200032cc:	6e0a6de9 6e096de9 6e0a6de9 6e096de9     .m.n.m.n.m.n.m.n
200032dc:	6e0a6de9 6e096de9 6e0a6de9 6e096de9     .m.n.m.n.m.n.m.n
200032ec:	6e0a6de9 6e096de9 6e0a6de9 6e096de9     .m.n.m.n.m.n.m.n
200032fc:	6e0a6de9 6e096de9 6e0a6de9 6e096de9     .m.n.m.n.m.n.m.n
2000330c:	6e0a6de9 6e096de9 6e0a6de9 6e096de9     .m.n.m.n.m.n.m.n
2000331c:	5cc86e09 00200000 00210000 00200000     .n.\.. ...!... .
2000332c:	dedb0000 ffffffff ffffffff ffffffff     ................
2000333c:	dedbffff 00200000 00210000 00200000     ...... ...!... .
2000334c:	00000000 6e096568 6e0a6de9 6e096de9     ....he.n.m.n.m.n
2000335c:	6e0a6de9 6e096de9 6e0a6de9 6e096de9     .m.n.m.n.m.n.m.n
2000336c:	6e0a6de9 6e096de9 6e0a6de9 6e096de9     .m.n.m.n.m.n.m.n
2000337c:	6e0a6de9 6e096de9 6e0a6de9 6e096de9     .m.n.m.n.m.n.m.n
2000338c:	6e0a6de9 6e096de9 6e0a6de9 6e096de9     .m.n.m.n.m.n.m.n
2000339c:	6e0a6de9 6e096de9 6e0a6de9 6e096de9     .m.n.m.n.m.n.m.n
200033ac:	6e0a6de9 6e096de9 6e0a6de9 6e096de9     .m.n.m.n.m.n.m.n
200033bc:	6e0a6de9 6e096de9 6e0a6de9 6e096de9     .m.n.m.n.m.n.m.n
200033cc:	6e0a6de9 6e096de9 08a17eaa 00200000     .m.n.m.n.~.... .
200033dc:	00210000 00000000 ffff528a ffffffff     ..!......R......
200033ec:	ffffffff ffffffff ffffffff ffffffff     ................
200033fc:	ffffffff ffffffff ffffffff ffffffff     ................
2000340c:	ffffffff ffffffff ffffffff ffffffff     ................
2000341c:	ffffffff ffffffff ffffffff ffffffff     ................
2000342c:	ffffffff ffffffff ffffffff ffffffff     ................
2000343c:	ffffffff ffffffff ffffffff ffffffff     ................
2000344c:	ffffffff ffffffff ffffffff ffffffff     ................
2000345c:	ffffffff ffffffff ffffffff ffffffff     ................
2000346c:	ffffffff ffffffff ffffffff ffffffff     ................
2000347c:	ffffffff ffffffff ef3dffff 00000000     ..........=.....
2000348c:	00000821 00000821 00000821 54a70000     !...!...!......T
2000349c:	6e09760a 6e09760a 6e09760a 6e09760a     .v.n.v.n.v.n.v.n
200034ac:	6e09760a 6e09760a 6e09760a 6e09760a     .v.n.v.n.v.n.v.n
200034bc:	6e09760a 6e09760a 6e09760a 6e09760a     .v.n.v.n.v.n.v.n
200034cc:	6e09760a 6e09760a 6e09760a 6e09760a     .v.n.v.n.v.n.v.n
200034dc:	6e09760a 6e09760a 6e09760a 6e09760a     .v.n.v.n.v.n.v.n
200034ec:	6e09760a 6e09760a 6e09760a 6e09760a     .v.n.v.n.v.n.v.n
200034fc:	6e09760a 6e09760a 6e09760a 6e09760a     .v.n.v.n.v.n.v.n
2000350c:	6e09760a 6e09760a 6e09760a 6e09760a     .v.n.v.n.v.n.v.n
2000351c:	766a760a 00003264 00000821 00000821     .vjvd2..!...!...
2000352c:	00000821 ffffffff ffffffff ffffffff     !...............
2000353c:	0000ffff 00000821 00000821 00000821     ....!...!...!...
2000354c:	2a440821 6e09764a 6e09760a 6e09760a     !.D*Jv.n.v.n.v.n
2000355c:	6e09760a 6e09760a 6e09760a 6e09760a     .v.n.v.n.v.n.v.n
2000356c:	6e09760a 6e09760a 6e09760a 6e09760a     .v.n.v.n.v.n.v.n
2000357c:	6e09760a 6e09760a 6e09760a 6e09760a     .v.n.v.n.v.n.v.n
2000358c:	6e09760a 6e09760a 6e09760a 6e09760a     .v.n.v.n.v.n.v.n
2000359c:	6e09760a 6e09760a 6e09760a 6e09760a     .v.n.v.n.v.n.v.n
200035ac:	6e09760a 6e09760a 6e09760a 6e09760a     .v.n.v.n.v.n.v.n
200035bc:	6e09760a 6e09760a 6e09760a 6e09760a     .v.n.v.n.v.n.v.n
200035cc:	6e09760a 6de9760a 00005ca8 00000821     .v.n.v.m.\..!...
200035dc:	00000821 00000821 a5140000 ffffffff     !...!...........
200035ec:	ffffffff ffffffff ffffffff ffffffff     ................
200035fc:	ffffffff ffffffff ffffffff ffffffff     ................
2000360c:	ffffffff ffffffff ffffffff ffffffff     ................
2000361c:	ffffffff ffffffff ffffffff ffffffff     ................
2000362c:	ffffffff ffffffff ffffffff ffffffff     ................
2000363c:	ffffffff ffffffff ffffffff ffffffff     ................
2000364c:	ffffffff ffffffff ffffffff ffffffff     ................
2000365c:	ffffffff ffffffff ffffffff ffffffff     ................
2000366c:	ffffffff ffffffff ffffffff ffffffff     ................
2000367c:	ffffffff ffffffff 6b2dffff 00210000     ..........-k..!.
2000368c:	00200000 00210000 00200000 21c20000     .. ...!... ....!
2000369c:	6e097649 6e0a6de9 6e096de9 6e0a6de9     Iv.n.m.n.m.n.m.n
200036ac:	6e096de9 6e0a6de9 6e096de9 6e0a6de9     .m.n.m.n.m.n.m.n
200036bc:	6e096de9 6e0a6de9 6e096de9 6e0a6de9     .m.n.m.n.m.n.m.n
200036cc:	6e096de9 6e0a6de9 6e096de9 6e0a6de9     .m.n.m.n.m.n.m.n
200036dc:	6e096de9 6e0a6de9 6e096de9 6e0a6de9     .m.n.m.n.m.n.m.n
200036ec:	6e096de9 6e0a6de9 6e096de9 6e0a6de9     .m.n.m.n.m.n.m.n
200036fc:	6e096de9 6e0a6de9 6e096de9 6e0a6de9     .m.n.m.n.m.n.m.n
2000370c:	6e096de9 6e0a6de9 6e096de9 6e0a6de9     .m.n.m.n.m.n.m.n
2000371c:	6e096de9 00017eaa 00200000 00210000     .m.n.~.... ...!.
2000372c:	08210000 ffffce39 ffffffff ffffffff     ..!.9...........
2000373c:	0020ce59 00210000 00200000 00210000     Y. ...!... ...!.
2000374c:	7ecb0000 6e0a6de9 6e096de9 6e0a6de9     ...~.m.n.m.n.m.n
2000375c:	6e096de9 6e0a6de9 6e096de9 6e0a6de9     .m.n.m.n.m.n.m.n
2000376c:	6e096de9 6e0a6de9 6e096de9 6e0a6de9     .m.n.m.n.m.n.m.n
2000377c:	6e096de9 6e0a6de9 6e096de9 6e0a6de9     .m.n.m.n.m.n.m.n
2000378c:	6e096de9 6e0a6de9 6e096de9 6e0a6de9     .m.n.m.n.m.n.m.n
2000379c:	6e096de9 6e0a6de9 6e096de9 6e0a6de9     .m.n.m.n.m.n.m.n
200037ac:	6e096de9 6e0a6de9 6e096de9 6e0a6de9     .m.n.m.n.m.n.m.n
200037bc:	6e096de9 6e0a6de9 6e096de9 6e0a6de9     .m.n.m.n.m.n.m.n
200037cc:	6e096de9 7ecb6de9 00201141 00210000     .m.n.m.~A. ...!.
200037dc:	00200000 00210000 00000000 ffffffff     .. ...!.........
200037ec:	ffffffff ffffffff ffffffff ffffffff     ................
200037fc:	ffffffff ffffffff ffffffff ffffffff     ................
2000380c:	ffffffff ffffffff ffffffff ffffffff     ................
2000381c:	ffffffff ffffffff ffffffff ffffffff     ................
2000382c:	ffffffff ffffffff ffffffff ffffffff     ................
2000383c:	ffffffff ffffffff ffffffff ffffffff     ................
2000384c:	ffffffff ffffffff ffffffff ffffffff     ................
2000385c:	ffffffff ffffffff ffffffff ffffffff     ................
2000386c:	ffffffff ffffffff ffffffff ffffffff     ................
2000387c:	ffffffff ffffffff 0000ffff 00000821     ............!...
2000388c:	00000821 00000821 00000821 00000821     !...!...!...!...
2000389c:	6e09764a 6e09760a 6e09760a 6e09760a     Jv.n.v.n.v.n.v.n
200038ac:	6e09760a 6e09760a 6e09760a 6e09760a     .v.n.v.n.v.n.v.n
200038bc:	6e09762a 6e09760a 6e09760a 6e09760a     *v.n.v.n.v.n.v.n
200038cc:	6e09760a 6e09760a 6e09760a 6e09760a     .v.n.v.n.v.n.v.n
200038dc:	6e09760a 6e09760a 6e09760a 6e09760a     .v.n.v.n.v.n.v.n
200038ec:	6e09760a 6e09760a 6e09760a 6e09760a     .v.n.v.n.v.n.v.n
200038fc:	6e09760a 6e09760a 6e09760a 6e09760a     .v.n.v.n.v.n.v.n
2000390c:	6e09760a 6e09760a 6e09760a 6e09760a     .v.n.v.n.v.n.v.n
2000391c:	6e09760a 6528760a 00000001 00000821     .v.n.v(e....!...
2000392c:	00000821 ffff0000 ffffffff ffffffff     !...............
2000393c:	00000000 00000821 00000821 00000821     ....!...!...!...
2000394c:	6e096549 6e09760a 6e09760a 6e09760a     Ie.n.v.n.v.n.v.n
2000395c:	6e09760a 6e09760a 6e09760a 6e09760a     .v.n.v.n.v.n.v.n
2000396c:	6e09760a 6e09760a 6e09760a 6e09760a     .v.n.v.n.v.n.v.n
2000397c:	6e09760a 6e09760a 6e09760a 6e09760a     .v.n.v.n.v.n.v.n
2000398c:	6e09760a 6e09760a 6e09760a 6e09760a     .v.n.v.n.v.n.v.n
2000399c:	6e09760a 6e09760a 6e09760a 6e09760a     .v.n.v.n.v.n.v.n
200039ac:	6e09760a 6e09760a 6e09760a 6e09760a     .v.n.v.n.v.n.v.n
200039bc:	6e09760a 6e09760a 6e09760a 6e09760a     .v.n.v.n.v.n.v.n
200039cc:	6e09760a 6de9760a 00000000 00000821     .v.n.v.m....!...
200039dc:	00000821 00000821 00000821 ffffbdd7     !...!...!.......
200039ec:	ffffffff ffffffff ffffffff ffffffff     ................
200039fc:	ffffffff ffffffff ffffffff ffffffff     ................
20003a0c:	ffffffff ffffffff ffffffff ffffffff     ................
20003a1c:	ffffffff ffffffff ffffffff ffffffff     ................
20003a2c:	ffffffff ffffffff ffffffff ffffffff     ................
20003a3c:	ffffffff ffffffff ffffffff ffffffff     ................
20003a4c:	ffffffff ffffffff ffffffff ffffffff     ................
20003a5c:	ffffffff ffffffff ffffffff ffffffff     ................
20003a6c:	ffffffff ffffffff ffffffff ffffffff     ................
20003a7c:	ffffffff ffffffff 0000e71c 00200000     .............. .
20003a8c:	00210000 08810000 00000000 00000000     ..!.............
20003a9c:	6e0a3b45 6e096de9 6e0a6de9 6e096de9     E;.n.m.n.m.n.m.n
20003aac:	6e0a6de9 6e096de9 6e0a6de9 6de96de9     .m.n.m.n.m.n.m.m
20003abc:	65893b65 762a766a 6e0a6de9 6e096de9     e;.ejv*v.m.n.m.n
20003acc:	6e0a6de9 6e096de9 6e0a6de9 6e096de9     .m.n.m.n.m.n.m.n
20003adc:	6e0a6de9 6e096de9 6e0a6de9 6e096de9     .m.n.m.n.m.n.m.n
20003aec:	6e0a6de9 6e096de9 6e0a6de9 6e096de9     .m.n.m.n.m.n.m.n
20003afc:	6e0a6de9 6e096de9 6e0a6de9 6e096de9     .m.n.m.n.m.n.m.n
20003b0c:	6e0a6de9 6e096de9 6e0a6de9 6e096de9     .m.n.m.n.m.n.m.n
20003b1c:	6e0a6de9 766a6de9 002121a2 00200000     .m.n.mjv.!!... .
20003b2c:	00210000 d67a0000 ffffffff d67affff     ..!...z.......z.
20003b3c:	00210000 00200000 00210000 21a30000     ..!... ...!....!
20003b4c:	6e0a7629 6e096de9 6e0a6de9 6e096de9     )v.n.m.n.m.n.m.n
20003b5c:	6e0a6de9 6e096de9 6e0a6de9 6e096de9     .m.n.m.n.m.n.m.n
20003b6c:	6e0a6de9 6e096de9 6e0a6de9 6e096de9     .m.n.m.n.m.n.m.n
20003b7c:	6e0a6de9 6e096de9 6e0a6de9 6e096de9     .m.n.m.n.m.n.m.n
20003b8c:	6e0a6de9 6e096de9 6e0a6de9 6e096de9     .m.n.m.n.m.n.m.n
20003b9c:	6e0a6de9 6e096de9 6e0a6de9 6e096de9     .m.n.m.n.m.n.m.n
20003bac:	7e8a6e09 4c476568 6e0a6e09 6e096de9     .n.~heGL.n.n.m.n
20003bbc:	6e0a6de9 6e096de9 6e0a6de9 6e096de9     .m.n.m.n.m.n.m.n
20003bcc:	6e0a6de9 32c46de9 00000000 00000000     .m.n.m.2........
20003bdc:	00210040 00200000 00000000 ffff9cf4     @.!... .........
20003bec:	ffffffff ffffffff ffffffff ffffffff     ................
20003bfc:	ffffffff ffffffff ffffffff ffffffff     ................
20003c0c:	ffffffff ffffffff ffffffff ffffffff     ................
20003c1c:	ffffffff ffffffff ffffffff ffffffff     ................
20003c2c:	ffffffff ffffffff ffffffff ffffffff     ................
20003c3c:	ffffffff ffffffff ffffffff ffffffff     ................
20003c4c:	ffffffff ffffffff ffffffff ffffffff     ................
20003c5c:	ffffffff ffffffff ffffffff ffffffff     ................
20003c6c:	ffffffff ffffffff ffffffff ffffffff     ................
20003c7c:	ffffffff ffffffff 0000ef5d 00000821     ........]...!...
20003c8c:	00000821 08610821 762a874c 65896da9     !...!.a.L.*v.m.e
20003c9c:	6e097eab 6e09760a 6e09760a 6e09760a     .~.n.v.n.v.n.v.n
20003cac:	6e09760a 6e09760a 6e09760a 6de9760a     .v.n.v.n.v.n.v.m
20003cbc:	65687e8b 3b252163 766a764a 6e09762a     .~hec!%;Jvjv*v.n
20003ccc:	6e09760a 6e09760a 6e09760a 6e09760a     .v.n.v.n.v.n.v.n
20003cdc:	6e09760a 6e09760a 6e09760a 6e09760a     .v.n.v.n.v.n.v.n
20003cec:	6e09760a 6e09760a 6e09760a 6e09760a     .v.n.v.n.v.n.v.n
20003cfc:	6e09760a 6e09760a 6e09760a 6e09760a     .v.n.v.n.v.n.v.n
20003d0c:	6e09760a 6e09760a 6e09760a 6e09760a     .v.n.v.n.v.n.v.n
20003d1c:	6e09760a 6e09760a 0000766a 00000821     .v.n.v.njv..!...
20003d2c:	00000821 00000821 ffffffff 0000ffff     !...!...........
20003d3c:	00000821 00000821 00000821 768a0000     !...!...!......v
20003d4c:	6e09760a 6e09760a 6e09760a 6e09760a     .v.n.v.n.v.n.v.n
20003d5c:	6e09760a 6e09760a 6e09760a 6e09760a     .v.n.v.n.v.n.v.n
20003d6c:	6e09760a 6e09760a 6e09760a 6e09760a     .v.n.v.n.v.n.v.n
20003d7c:	6e09760a 6e09760a 6e09760a 6e09760a     .v.n.v.n.v.n.v.n
20003d8c:	6e09760a 6e09760a 6e09760a 6e09760a     .v.n.v.n.v.n.v.n
20003d9c:	6e09760a 6e09760a 6e09760a 764a766a     .v.n.v.n.v.njvJv
20003dac:	18e23b25 6e296da9 6e09760a 6e09760a     %;...m)n.v.n.v.n
20003dbc:	6e09760a 6e09760a 6e09760a 6e09760a     .v.n.v.n.v.n.v.n
20003dcc:	6e09760a 766a760a 65896508 870b6d89     .v.n.vjv.e.e.m..
20003ddc:	00001081 00000821 00000821 ffffad35     ....!...!...5...
20003dec:	ffffffff ffffffff ffffffff ffffffff     ................
20003dfc:	ffffffff ffffffff ffffffff ffffffff     ................
20003e0c:	ffffffff ffffffff ffffffff ffffffff     ................
20003e1c:	ffffffff ffffffff ffffffff ffffffff     ................
20003e2c:	ffffffff ffffffff ffffffff ffffffff     ................
20003e3c:	ffffffff ffffffff ffffffff ffffffff     ................
20003e4c:	ffffffff ffffffff ffffffff ffffffff     ................
20003e5c:	ffffffff ffffffff ffffffff ffffffff     ................
20003e6c:	ffffffff ffffffff ffffffff ffffffff     ................
20003e7c:	ffffffff ffffffff 18c3ffff 00210000     ..............!.
20003e8c:	00200000 00000000 762a4385 6e0a6de9     .. ......C*v.m.n
20003e9c:	6e096de9 6e0a6de9 6e096de9 6e0a6de9     .m.n.m.n.m.n.m.n
20003eac:	6e096de9 6e0a6de9 6e096de9 6e0a6de9     .m.n.m.n.m.n.m.n
20003ebc:	6e096de9 6de9764a 00000080 766a43c6     .m.nJv.m.....Cjv
20003ecc:	6e096e09 6e0a6de9 6e096de9 6e0a6de9     .n.n.m.n.m.n.m.n
20003edc:	6e096de9 6e0a6de9 6e096de9 6e0a6de9     .m.n.m.n.m.n.m.n
20003eec:	6e096de9 6e0a6de9 6e096de9 6e0a6de9     .m.n.m.n.m.n.m.n
20003efc:	6e096de9 6e0a6de9 6e096de9 6e0a6de9     .m.n.m.n.m.n.m.n
20003f0c:	6e096de9 6e0a6de9 6e096de9 6e0a6de9     .m.n.m.n.m.n.m.n
20003f1c:	6e096de9 6e0a6de9 2a247649 00210000     .m.n.m.nIv$*..!.
20003f2c:	00200000 00000000 ffffdedb 0000e6fc     .. .............
20003f3c:	00200000 00210000 00000000 762a32a4     .. ...!......2*v
20003f4c:	6e096de9 6e0a6de9 6e096de9 6e0a6de9     .m.n.m.n.m.n.m.n
20003f5c:	6e096de9 6e0a6de9 6e096de9 6e0a6de9     .m.n.m.n.m.n.m.n
20003f6c:	6e096de9 6e0a6de9 6e096de9 6e0a6de9     .m.n.m.n.m.n.m.n
20003f7c:	6e096de9 6e0a6de9 6e096de9 6e0a6de9     .m.n.m.n.m.n.m.n
20003f8c:	6e096de9 6e0a6de9 6e096de9 6e0a6de9     .m.n.m.n.m.n.m.n
20003f9c:	6e096de9 762a6e09 43c676aa 19020000     .m.n.n*v.v.C....
20003fac:	764a65c9 6e0a6de9 6e096de9 6e0a6de9     .eJv.m.n.m.n.m.n
20003fbc:	6e096de9 6e0a6de9 6e096de9 6e0a6de9     .m.n.m.n.m.n.m.n
20003fcc:	6e096de9 6e0a6de9 6e096de9 4386764a     .m.n.m.n.m.nJv.C
20003fdc:	00200000 00210000 00000000 ffffef5d     .. ...!.....]...
20003fec:	ffffffff ffffffff ffffffff ffffffff     ................
20003ffc:	ffffffff ffffffff ffffffff ffffffff     ................
2000400c:	ffffffff ffffffff ffffffff ffffffff     ................
2000401c:	ffffffff ffffffff ffffffff ffffffff     ................
2000402c:	ffffffff ffffffff ffffffff ffffffff     ................
2000403c:	ffffffff ffffffff ffffffff ffffffff     ................
2000404c:	ffffffff ffffffff ffffffff ffffffff     ................
2000405c:	ffffffff ffffffff ffffffff ffffffff     ................
2000406c:	ffffffff ffffffff ffffffff ffffffff     ................
2000407c:	ffffffff ffffffff a514ffff 00000000     ................
2000408c:	00000821 00000821 65680000 6e09760a     !...!.....he.v.n
2000409c:	6e09760a 6e09760a 6e09760a 6e09760a     .v.n.v.n.v.n.v.n
200040ac:	6e09760a 6e09760a 6e09760a 6e09760a     .v.n.v.n.v.n.v.n
200040bc:	6e09760a 6e09760a 5d287e6a 00000821     .v.n.v.nj~(]!...
200040cc:	6de921e3 6e097ecb 6e09760a 6e09760a     .!.m.~.n.v.n.v.n
200040dc:	6e09760a 6e09760a 6e09760a 6e09760a     .v.n.v.n.v.n.v.n
200040ec:	6e09760a 6e09760a 6e09760a 6e09760a     .v.n.v.n.v.n.v.n
200040fc:	6e09760a 6e09760a 6e09760a 6e09760a     .v.n.v.n.v.n.v.n
2000410c:	6e09760a 6e09760a 6e09760a 6e09760a     .v.n.v.n.v.n.v.n
2000411c:	6e09760a 6e09760a 6e29760a 00000001     .v.n.v.n.v)n....
2000412c:	00000821 00000821 ffff83f0 0000b576     !...!.......v...
2000413c:	00000821 00000821 00000821 6e097e8a     !...!...!....~.n
2000414c:	6e09760a 6e09760a 6e09760a 6e09760a     .v.n.v.n.v.n.v.n
2000415c:	6e09760a 6e09760a 6e09760a 6e09760a     .v.n.v.n.v.n.v.n
2000416c:	6e09760a 6e09760a 6e09760a 6e09760a     .v.n.v.n.v.n.v.n
2000417c:	6e09760a 6e09760a 6e09760a 6e09760a     .v.n.v.n.v.n.v.n
2000418c:	6e09760a 6e09760a 6e09760a 6e09760a     .v.n.v.n.v.n.v.n
2000419c:	7eaa760a 21c36569 10210000 764a6dea     .v.~ie.!..!..mJv
200041ac:	6e09760a 6e09760a 6e09760a 6e09760a     .v.n.v.n.v.n.v.n
200041bc:	6e09760a 6e09760a 6e09760a 6e09760a     .v.n.v.n.v.n.v.n
200041cc:	6e09760a 6e09760a 6de9760a 00005ce8     .v.n.v.n.v.m.\..
200041dc:	00000821 00000821 6b4d0821 ffffffff     !...!...!.Mk....
200041ec:	ffffffff ffffffff ffffffff ffffffff     ................
200041fc:	ffffffff ffffffff ffffffff ffffffff     ................
2000420c:	ffffffff ffffffff ffffffff ffffffff     ................
2000421c:	ffffffff ffffffff ffffffff ffffffff     ................
2000422c:	ffffffff ffffffff ffffffff ffffffff     ................
2000423c:	ffffffff ffffffff ffffffff ffffffff     ................
2000424c:	ffffffff ffffffff ffffffff ffffffff     ................
2000425c:	ffffffff ffffffff ffffffff ffffffff     ................
2000426c:	ffffffff ffffffff ffffffff ffffffff     ................
2000427c:	ffffffff ffffffff ffffffff 00000000     ................
2000428c:	00210000 00200000 00000000 6de96de9     ..!... ......m.m
2000429c:	6e0a6de9 6e096de9 6e0a6de9 6e096de9     .m.n.m.n.m.n.m.n
200042ac:	6e0a6de9 6e096de9 6e0a6de9 6e096de9     .m.n.m.n.m.n.m.n
200042bc:	6e0a6de9 6e096de9 6e0a6de9 5487768a     .m.n.m.n.m.n.v.T
200042cc:	00000000 43a60020 764a768a 6e096de9     .... ..C.vJv.m.n
200042dc:	6e0a6de9 6e096de9 6e0a6de9 6e096de9     .m.n.m.n.m.n.m.n
200042ec:	6e0a6de9 6e096de9 6e0a6de9 6e096de9     .m.n.m.n.m.n.m.n
200042fc:	6e0a6de9 6e096de9 6e0a6de9 6e096de9     .m.n.m.n.m.n.m.n
2000430c:	6e0a6de9 6e096de9 6e0a6de9 6e096de9     .m.n.m.n.m.n.m.n
2000431c:	6e0a6de9 6e096de9 7e8a6de9 002021c2     .m.n.m.n.m.~.! .
2000432c:	00210000 00200000 ffff0000 00200000     ..!... ....... .
2000433c:	00210000 00200000 2a640000 6e096e29     ..!... ...d*)n.n
2000434c:	6e0a6de9 6e096de9 6e0a6de9 6e096de9     .m.n.m.n.m.n.m.n
2000435c:	6e0a6de9 6e096de9 6e0a6de9 6e096de9     .m.n.m.n.m.n.m.n
2000436c:	6e0a6de9 6e096de9 6e0a6de9 6e096de9     .m.n.m.n.m.n.m.n
2000437c:	6e0a6de9 6e096de9 6e0a6de9 6e096de9     .m.n.m.n.m.n.m.n
2000438c:	6e0a6de9 6e096de9 6e0a6de9 764a6e49     .m.n.m.n.m.nInJv
2000439c:	00404385 00000000 766a6dc9 6e096de9     .C@......mjv.m.n
200043ac:	6e0a6de9 6e096de9 6e0a6de9 6e096de9     .m.n.m.n.m.n.m.n
200043bc:	6e0a6de9 6e096de9 6e0a6de9 6e096de9     .m.n.m.n.m.n.m.n
200043cc:	6e0a6de9 6e096de9 6de96de9 00200000     .m.n.m.n.m.m.. .
200043dc:	00210000 00200000 debb0000 ffffffff     ..!... .........
200043ec:	ffffffff ffffffff ffffffff ffffffff     ................
200043fc:	ffffffff ffffffff ffffffff ffffffff     ................
2000440c:	ffffffff ffffffff ffffffff ffffffff     ................
2000441c:	ffffffff ffffffff ffffffff ffffffff     ................
2000442c:	ffffffff ffffffff ffffffff ffffffff     ................
2000443c:	ffffffff ffffffff ffffffff ffffffff     ................
2000444c:	ffffffff ffffffff ffffffff ffffffff     ................
2000445c:	ffffffff ffffffff ffffffff ffffffff     ................
2000446c:	ffffffff ffffffff ffffffff ffffffff     ................
2000447c:	ffffffff ffffffff ffffffff 0000debb     ................
2000448c:	00000821 00000821 00000821 6de90000     !...!...!......m
2000449c:	6e09762a 6e09760a 6e09760a 6e09760a     *v.n.v.n.v.n.v.n
200044ac:	6e09760a 6e09760a 6e09760a 6e09760a     .v.n.v.n.v.n.v.n
200044bc:	6e09760a 6e09760a 6e09760a 6e09760a     .v.n.v.n.v.n.v.n
200044cc:	43a67ecb 00000000 22030841 768a760a     .~.C....A..".v.v
200044dc:	6e09760a 6e09760a 6e09760a 6e09760a     .v.n.v.n.v.n.v.n
200044ec:	6e09760a 6e09760a 6e09760a 6e09760a     .v.n.v.n.v.n.v.n
200044fc:	6e09760a 6e09760a 6e09760a 6e09760a     .v.n.v.n.v.n.v.n
2000450c:	6e09760a 6e09760a 6e09760a 6e09760a     .v.n.v.n.v.n.v.n
2000451c:	6e09760a 6e09760a 6de9760a 00005ce8     .v.n.v.n.v.m.\..
2000452c:	00000821 00000821 ad750000 00000000     !...!.....u.....
2000453c:	00000821 00000821 65890000 6e09760a     !...!......e.v.n
2000454c:	6e09760a 6e09760a 6e09760a 6e09760a     .v.n.v.n.v.n.v.n
2000455c:	6e09760a 6e09760a 6e09760a 6e09760a     .v.n.v.n.v.n.v.n
2000456c:	6e09760a 6e09760a 6e09760a 6e09760a     .v.n.v.n.v.n.v.n
2000457c:	6e09760a 6e09760a 6e09760a 6e09760a     .v.n.v.n.v.n.v.n
2000458c:	6e09760a 6de9760a 6dc97eab 000021e3     .v.n.v.m.~.m.!..
2000459c:	00000000 7eaa54a8 6e09760a 6e09760a     .....T.~.v.n.v.n
200045ac:	6e09760a 6e09760a 6e09760a 6e09760a     .v.n.v.n.v.n.v.n
200045bc:	6e09760a 6e09760a 6e09760a 6e09760a     .v.n.v.n.v.n.v.n
200045cc:	6e09760a 6e09760a 00006549 00000821     .v.n.v.nIe..!...
200045dc:	00000821 00000821 ffffb576 ffffffff     !...!...v.......
200045ec:	ffffffff ffffffff ffffffff ffffffff     ................
200045fc:	ffffffff ffffffff ffffffff ffffffff     ................
2000460c:	ffffffff ffffffff ffffffff ffffffff     ................
2000461c:	ffffffff ffffffff ffffffff ffffffff     ................
2000462c:	ffffffff ffffffff ffffffff ffffffff     ................
2000463c:	ffffffff ffffffff ffffffff ffffffff     ................
2000464c:	ffffffff ffffffff ffffffff ffffffff     ................
2000465c:	ffffffff ffffffff ffffffff ffffffff     ................
2000466c:	ffffffff ffffffff ffffffff ffffffff     ................
2000467c:	ffffffff ffffffff ffffffff 0000ffdf     ................
2000468c:	00200000 00210000 00200000 00000000     .. ...!... .....
2000469c:	766a43e6 6e0a6de9 6e096de9 6e0a6de9     .Cjv.m.n.m.n.m.n
200046ac:	6e096de9 6e0a6de9 6e096de9 6e0a6de9     .m.n.m.n.m.n.m.n
200046bc:	6e096de9 6e0a6de9 6e096de9 6e0a6de9     .m.n.m.n.m.n.m.n
200046cc:	6e0a6de9 43a6768a 00000000 19220000     .m.n.v.C......".
200046dc:	7ecb4c46 6e0a6de9 6e096de9 6e0a6de9     FL.~.m.n.m.n.m.n
200046ec:	6e096de9 6e0a6de9 6e096de9 6e0a6de9     .m.n.m.n.m.n.m.n
200046fc:	6e096de9 6e0a6de9 6e096de9 6e0a6de9     .m.n.m.n.m.n.m.n
2000470c:	6e096de9 6e0a6de9 6e096de9 6e0a6de9     .m.n.m.n.m.n.m.n
2000471c:	6e096de9 6e0a6de9 6e096de9 1121768a     .m.n.m.n.m.n.v!.
2000472c:	00200000 00210000 08410000 00210000     .. ...!...A...!.
2000473c:	00200000 00200000 870b0901 6e0a6de9     .. ... ......m.n
2000474c:	6e096de9 6e0a6de9 6e096de9 6e0a6de9     .m.n.m.n.m.n.m.n
2000475c:	6e096de9 6e0a6de9 6e096de9 6e0a6de9     .m.n.m.n.m.n.m.n
2000476c:	6e096de9 6e0a6de9 6e096de9 6e0a6de9     .m.n.m.n.m.n.m.n
2000477c:	6e096de9 6e0a6de9 6e096de9 6e0a6de9     .m.n.m.n.m.n.m.n
2000478c:	6e096de9 5d087eea 00000901 00000000     .m.n.~.]........
2000479c:	7eaa32e4 6e0a6e09 6e096de9 6e0a6de9     .2.~.n.n.m.n.m.n
200047ac:	6e096de9 6e0a6de9 6e096de9 6e0a6de9     .m.n.m.n.m.n.m.n
200047bc:	6e096de9 6e0a6de9 6e096de9 6e0a6de9     .m.n.m.n.m.n.m.n
200047cc:	6e096de9 4c06766a 00200000 00210000     .m.njv.L.. ...!.
200047dc:	00200000 00000000 ffffce79 ffffffff     .. .....y.......
200047ec:	ffffffff ffffffff ffffffff ffffffff     ................
200047fc:	ffffffff ffffffff ffffffff ffffffff     ................
2000480c:	ffffffff ffffffff ffffffff ffffffff     ................
2000481c:	ffffffff ffffffff ffffffff ffffffff     ................
2000482c:	ffffffff ffffffff ffffffff ffffffff     ................
2000483c:	ffffffff ffffffff ffffffff ffffffff     ................
2000484c:	ffffffff ffffffff ffffffff ffffffff     ................
2000485c:	ffffffff ffffffff ffffffff ffffffff     ................
2000486c:	ffffffff ffffffff ffffffff ffffffff     ................
2000487c:	ffffffff ffffffff ffffffff 0000ce59     ............Y...
2000488c:	00000821 00000821 00000821 00000821     !...!...!...!...
2000489c:	3b450000 6e097e8b 6e09760a 6e09760a     ..E;.~.n.v.n.v.n
200048ac:	6e09760a 6e09760a 6e09760a 6e09760a     .v.n.v.n.v.n.v.n
200048bc:	6e09760a 6e09760a 6e09760a 6e09760a     .v.n.v.n.v.n.v.n
200048cc:	6e09760a 6e09760a 19237e8a 00000000     .v.n.v.n.~#.....
200048dc:	08e10000 7e8a43a6 6e09762a 6e09760a     .....C.~*v.n.v.n
200048ec:	6e09760a 6e09760a 6e09760a 6e09760a     .v.n.v.n.v.n.v.n
200048fc:	6e09760a 6e09760a 6e09760a 6e09760a     .v.n.v.n.v.n.v.n
2000490c:	6e09760a 6e09760a 6e09760a 6e09760a     .v.n.v.n.v.n.v.n
2000491c:	6e09760a 6e09760a 6e09760a 3305764a     .v.n.v.n.v.nJv.3
2000492c:	00000001 00000821 00000821 00000821     ....!...!...!...
2000493c:	00000821 00000821 6de93b45 6e09760a     !...!...E;.m.v.n
2000494c:	6e09760a 6e09760a 6e09760a 6e09760a     .v.n.v.n.v.n.v.n
2000495c:	6e09760a 6e09760a 6e09760a 6e09760a     .v.n.v.n.v.n.v.n
2000496c:	6e09760a 6e09760a 6e09760a 6e09760a     .v.n.v.n.v.n.v.n
2000497c:	6e09760a 6e09760a 6e09760a 6e29760a     .v.n.v.n.v.n.v)n
2000498c:	3b657eab 00001122 00000821 764a3b05     .~e;"...!....;Jv
2000499c:	6e09762a 6e09760a 6e09760a 6e09760a     *v.n.v.n.v.n.v.n
200049ac:	6e09760a 6e09760a 6e09760a 6e09760a     .v.n.v.n.v.n.v.n
200049bc:	6e09760a 6e09760a 6e09760a 6e09760a     .v.n.v.n.v.n.v.n
200049cc:	766a760a 00003ae5 00000821 00000821     .vjv.:..!...!...
200049dc:	00000821 00000821 ffff9492 ffffffff     !...!...........
200049ec:	ffffffff ffffffff ffffffff ffffffff     ................
200049fc:	ffffffff ffffffff ffffffff ffffffff     ................
20004a0c:	ffffffff ffffffff ffffffff ffffffff     ................
20004a1c:	ffffffff ffffffff ffffffff ffffffff     ................
20004a2c:	ffffffff ffffffff ffffffff ffffffff     ................
20004a3c:	ffffffff ffffffff ffffffff ffffffff     ................
20004a4c:	ffffffff ffffffff ffffffff ffffffff     ................
20004a5c:	ffffffff ffffffff ffffffff ffffffff     ................
20004a6c:	ffffffff ffffffff ffffffff ffffffff     ................
20004a7c:	ffffffff ffffffff ffffffff 0000ad55     ............U...
20004a8c:	00210000 00200000 00000000 00000000     ..!... .........
20004a9c:	00000000 762a3b85 6e0a6de9 6e096de9     .....;*v.m.n.m.n
20004aac:	6e0a6de9 6e096de9 6e0a6de9 6e096de9     .m.n.m.n.m.n.m.n
20004abc:	6e0a6de9 6e096de9 6e0a6de9 6e096de9     .m.n.m.n.m.n.m.n
20004acc:	6e0a6de9 6e096de9 764a6de9 10216e49     .m.n.m.n.mJvIn!.
20004adc:	00210000 00400000 764a4385 6e096e49     ..!...@..CJvIn.n
20004aec:	6e0a6de9 6e096de9 6e0a6de9 6e096de9     .m.n.m.n.m.n.m.n
20004afc:	6e0a6de9 6e096de9 6e0a6de9 6e096de9     .m.n.m.n.m.n.m.n
20004b0c:	6e0a6de9 6e096de9 6e0a6de9 6e096de9     .m.n.m.n.m.n.m.n
20004b1c:	6e0a6de9 6e096de9 6e0a6de9 5ce86de9     .m.n.m.n.m.n.m.\
20004b2c:	00210000 00200000 00210000 00200000     ..!... ...!... .
20004b3c:	00210000 00000000 6e0a6588 6e096de9     ..!......e.n.m.n
20004b4c:	6e0a6de9 6e096de9 6e0a6de9 6e096de9     .m.n.m.n.m.n.m.n
20004b5c:	6e0a6de9 6e096de9 6e0a6de9 6e096de9     .m.n.m.n.m.n.m.n
20004b6c:	6e0a6de9 6e096de9 6e0a6de9 6e096de9     .m.n.m.n.m.n.m.n
20004b7c:	6e0a6de9 6e096de9 762a6de9 4386768a     .m.n.m.n.m*v.v.C
20004b8c:	00000040 00000000 762a1082 6e096e09     @.........*v.n.n
20004b9c:	6e0a6de9 6e096de9 6e0a6de9 6e096de9     .m.n.m.n.m.n.m.n
20004bac:	6e0a6de9 6e096de9 6e0a6de9 6e096de9     .m.n.m.n.m.n.m.n
20004bbc:	6e0a6de9 6e096de9 6e0a6de9 6e096de9     .m.n.m.n.m.n.m.n
20004bcc:	3b256de9 00200000 00000000 00200800     .m%;.. ....... .
20004bdc:	00210000 00200000 ffff6b6d ffffffff     ..!... .mk......
20004bec:	ffffffff ffffffff ffffffff ffffffff     ................
20004bfc:	ffffffff ffffffff ffffffff ffffffff     ................
20004c0c:	ffffffff ffffffff ffffffff ffffffff     ................
20004c1c:	ffffffff ffffffff ffffffff ffffffff     ................
20004c2c:	ffffffff ffffffff ffffffff ffffffff     ................
20004c3c:	ffffffff ffffffff ffffffff ffffffff     ................
20004c4c:	ffffffff ffffffff ffffffff ffffffff     ................
20004c5c:	ffffffff ffffffff ffffffff ffffffff     ................
20004c6c:	ffffffff ffffffff ffffffff ffffffff     ................
20004c7c:	ffffffff ffffffff ffffffff 0000c5f8     ................
20004c8c:	00000821 00000821 2a640001 43c6764a     !...!.....d*Jv.C
20004c9c:	5ce83b25 6e09764a 6e09760a 6e09760a     %;.\Jv.n.v.n.v.n
20004cac:	6e09760a 6e09760a 6e09760a 6e09760a     .v.n.v.n.v.n.v.n
20004cbc:	6e09760a 6e09760a 6e09760a 6e09760a     .v.n.v.n.v.n.v.n
20004ccc:	6e09760a 6e09760a 6e09760a 764a760a     .v.n.v.n.v.n.vJv
20004cdc:	00005ce8 00000021 00000000 6e294365     .\..!.......eC)n
20004cec:	6de9766a 6e09760a 6e09760a 6e09760a     jv.m.v.n.v.n.v.n
20004cfc:	6e09760a 6e09760a 6e09760a 6e09760a     .v.n.v.n.v.n.v.n
20004d0c:	6e09760a 6e09760a 6e09760a 6e09760a     .v.n.v.n.v.n.v.n
20004d1c:	6e09760a 6e09760a 6e09760a 766a760a     .v.n.v.n.v.n.vjv
20004d2c:	00000000 00000821 00000821 00000821     ....!...!...!...
20004d3c:	00000821 08600821 6e097e8b 6e09760a     !...!.`..~.n.v.n
20004d4c:	6e09760a 6e09760a 6e09760a 6e09760a     .v.n.v.n.v.n.v.n
20004d5c:	6e09760a 6e09760a 6e09760a 6e09760a     .v.n.v.n.v.n.v.n
20004d6c:	6e09760a 6e09760a 6e09760a 6e09760a     .v.n.v.n.v.n.v.n
20004d7c:	6e09760a 764a760a 43a5762a 00000000     .v.n.vJv*v.C....
20004d8c:	00000821 5ce80000 6e09766a 6e09760a     !......\jv.n.v.n
20004d9c:	6e09760a 6e09760a 6e09760a 6e09760a     .v.n.v.n.v.n.v.n
20004dac:	6e09760a 6e09760a 6e09760a 6e09760a     .v.n.v.n.v.n.v.n
20004dbc:	6e09760a 6e09760a 6e09760a 6e09760a     .v.n.v.n.v.n.v.n
20004dcc:	6e29760a 21c34c27 76294be6 00002a44     .v)n'L.!.K)vD*..
20004ddc:	00000821 00000821 ffff8c31 ffffffff     !...!...1.......
20004dec:	ffffffff ffffffff ffffffff ffffffff     ................
20004dfc:	ffffffff ffffffff ffffffff ffffffff     ................
20004e0c:	ffffffff ffffffff ffffffff ffffffff     ................
20004e1c:	ffffffff ffffffff ffffffff ffffffff     ................
20004e2c:	ffffffff ffffffff ffffffff ffffffff     ................
20004e3c:	ffffffff ffffffff ffffffff ffffffff     ................
20004e4c:	ffffffff ffffffff ffffffff ffffffff     ................
20004e5c:	ffffffff ffffffff ffffffff ffffffff     ................
20004e6c:	ffffffff ffffffff ffffffff ffffffff     ................
20004e7c:	ffffffff ffffffff ffffffff 0000f77e     ............~...
20004e8c:	00200000 00210000 00000000 764a54e7     .. ...!......TJv
20004e9c:	762a6e49 6e0a6de9 6e096de9 6e0a6de9     In*v.m.n.m.n.m.n
20004eac:	6e096de9 6e0a6de9 6e096de9 6e0a6de9     .m.n.m.n.m.n.m.n
20004ebc:	6e096de9 6e0a6de9 6e096de9 6e0a6de9     .m.n.m.n.m.n.m.n
20004ecc:	6e096de9 6e0a6de9 6e096de9 6e0a6de9     .m.n.m.n.m.n.m.n
20004edc:	764a6e29 00003b45 00200000 00000000     )nJvE;.... .....
20004eec:	760a3b85 6e0a764a 6e096de9 6e0a6de9     .;.vJv.n.m.n.m.n
20004efc:	6e096de9 6e0a6de9 6e096de9 6e0a6de9     .m.n.m.n.m.n.m.n
20004f0c:	6e096de9 6e0a6de9 6e096de9 6e0a6de9     .m.n.m.n.m.n.m.n
20004f1c:	6e096de9 6e0a6de9 6e096de9 7e8a6de9     .m.n.m.n.m.n.m.~
20004f2c:	00201121 00210000 00200000 00210000     !. ...!... ...!.
20004f3c:	00200000 21e30000 6e09768a 6e0a6de9     .. ....!.v.n.m.n
20004f4c:	6e096de9 6e0a6de9 6e096de9 6e0a6de9     .m.n.m.n.m.n.m.n
20004f5c:	6e096de9 6e0a6de9 6e096de9 6e0a6de9     .m.n.m.n.m.n.m.n
20004f6c:	6e096de9 6e0a6de9 6e096de9 6e0a6de9     .m.n.m.n.m.n.m.n
20004f7c:	766a6de9 43666e09 00000000 00200000     .mjv.nfC...... .
20004f8c:	3b450000 762a764a 6e096de9 6e0a6de9     ..E;Jv*v.m.n.m.n
20004f9c:	6e096de9 6e0a6de9 6e096de9 6e0a6de9     .m.n.m.n.m.n.m.n
20004fac:	6e096de9 6e0a6de9 6e096de9 6e0a6de9     .m.n.m.n.m.n.m.n
20004fbc:	6e096de9 6e0a6de9 6e096de9 6e0a6de9     .m.n.m.n.m.n.m.n
20004fcc:	6e096de9 764a6e29 54876e29 00210000     .m.n)nJv)n.T..!.
20004fdc:	00200000 00000000 ffffad75 ffffffff     .. .....u.......
20004fec:	ffffffff ffffffff ffffffff ffffffff     ................
20004ffc:	ffffffff ffffffff ffffffff ffffffff     ................
2000500c:	ffffffff ffffffff ffffffff ffffffff     ................
2000501c:	ffffffff ffffffff ffffffff ffffffff     ................
2000502c:	ffffffff ffffffff ffffffff ffffffff     ................
2000503c:	ffffffff ffffffff ffffffff ffffffff     ................
2000504c:	ffffffff ffffffff ffffffff ffffffff     ................
2000505c:	ffffffff ffffffff ffffffff ffffffff     ................
2000506c:	ffffffff ffffffff ffffffff ffffffff     ................
2000507c:	ffffffff ffffffff ffffffff 4a69ffff     ..............iJ
2000508c:	00000821 00000821 00000821 6de90861     !...!...!...a..m
2000509c:	6e096dea 6e09760a 6e09760a 6e09760a     .m.n.v.n.v.n.v.n
200050ac:	6e09760a 6e09760a 6e09760a 6e09760a     .v.n.v.n.v.n.v.n
200050bc:	6e09760a 6e09760a 6e09760a 6e09760a     .v.n.v.n.v.n.v.n
200050cc:	6e09760a 6e09760a 6e09760a 6e09760a     .v.n.v.n.v.n.v.n
200050dc:	6de9760a 6de9766a 00001943 00000821     .v.mjv.mC...!...
200050ec:	00000000 766a4be6 6e09762a 6e09760a     .....Kjv*v.n.v.n
200050fc:	6e09760a 6e09760a 6e09760a 6e09760a     .v.n.v.n.v.n.v.n
2000510c:	6e09760a 6e09760a 6e09760a 6e09760a     .v.n.v.n.v.n.v.n
2000511c:	6e09760a 6e09760a 6e09760a 768a760a     .v.n.v.n.v.n.v.v
2000512c:	00003264 00000821 00000821 00000821     d2..!...!...!...
2000513c:	00000821 32e50801 6e09762a 6e09760a     !......2*v.n.v.n
2000514c:	6e09760a 6e09760a 6e09760a 6e09760a     .v.n.v.n.v.n.v.n
2000515c:	6e09760a 6e09760a 6e09760a 6e09760a     .v.n.v.n.v.n.v.n
2000516c:	6e09760a 6e09760a 6e09760a 762a760a     .v.n.v.n.v.n.v*v
2000517c:	43e6766a 00000000 00000821 11020000     jv.C....!.......
2000518c:	764a762a 6e09760a 6e09760a 6e09760a     *vJv.v.n.v.n.v.n
2000519c:	6e09760a 6e09760a 6e09760a 6e09760a     .v.n.v.n.v.n.v.n
200051ac:	6e09760a 6e09760a 6e09760a 6e09760a     .v.n.v.n.v.n.v.n
200051bc:	6e09760a 6e09760a 6e09760a 6e09760a     .v.n.v.n.v.n.v.n
200051cc:	6e09760a 6de9760a 0000760a 00000821     .v.n.v.m.v..!...
200051dc:	00000821 00000821 ffffffdf ffffffff     !...!...........
200051ec:	ffffffff ffffffff ffffffff ffffffff     ................
200051fc:	ffffffff ffffffff ffffffff ffffffff     ................
2000520c:	ffffffff ffffffff ffffffff ffffffff     ................
2000521c:	ffffffff ffffffff ffffffff ffffffff     ................
2000522c:	ffffffff ffffffff ffffffff ffffffff     ................
2000523c:	ffffffff ffffffff ffffffff ffffffff     ................
2000524c:	ffffffff ffffffff ffffffff ffffffff     ................
2000525c:	ffffffff ffffffff ffffffff ffffffff     ................
2000526c:	ffffffff ffffffff ffffffff ffffffff     ................
2000527c:	ffffffff ffffffff ffffffff e73cffff     ..............<.
2000528c:	00210000 00200000 00210000 00000000     ..!... ...!.....
2000529c:	6de9764a 6e096de9 6e0a6de9 6e096de9     Jv.m.m.n.m.n.m.n
200052ac:	6e0a6de9 6e096de9 6e0a6de9 6e096de9     .m.n.m.n.m.n.m.n
200052bc:	6e0a6de9 6e096de9 6e0a6de9 6e096de9     .m.n.m.n.m.n.m.n
200052cc:	6e0a6de9 6e096de9 6e0a6de9 6e096de9     .m.n.m.n.m.n.m.n
200052dc:	6e0a6de9 6e096de9 5ce8764a 00200000     .m.n.m.nJv.\.. .
200052ec:	00210000 08010000 7eaa5487 6e096de9     ..!......T.~.m.n
200052fc:	6e0a6de9 6e096de9 6e0a6de9 6e096de9     .m.n.m.n.m.n.m.n
2000530c:	6e0a6de9 6e096de9 6e0a6de9 6e096de9     .m.n.m.n.m.n.m.n
2000531c:	6e0a6de9 6e096de9 6e0a6de9 766a6de9     .m.n.m.n.m.n.mjv
2000532c:	00002a84 00200000 00210000 00200000     .*.... ...!... .
2000533c:	00210000 3b250000 6e0a6e09 6e096de9     ..!...%;.n.n.m.n
2000534c:	6e0a6de9 6e096de9 6e0a6de9 6e096de9     .m.n.m.n.m.n.m.n
2000535c:	6e0a6de9 6e096de9 6e0a6de9 6e096de9     .m.n.m.n.m.n.m.n
2000536c:	6e0a6de9 6e096de9 6de96de9 4c47768a     .m.n.m.n.m.m.vGL
2000537c:	00000000 00200000 00000020 766a5d48     ...... . ...H]jv
2000538c:	6e0a6de9 6e096de9 6e0a6de9 6e096de9     .m.n.m.n.m.n.m.n
2000539c:	6e0a6de9 6e096de9 6e0a6de9 6e096de9     .m.n.m.n.m.n.m.n
200053ac:	6e0a6de9 6e096de9 6e0a6de9 6e096de9     .m.n.m.n.m.n.m.n
200053bc:	6e0a6de9 6e096de9 6e0a6de9 6e096de9     .m.n.m.n.m.n.m.n
200053cc:	6e0a6de9 764a6de9 00210000 00200000     .m.n.mJv..!... .
200053dc:	00210000 a4f40020 ffffffff ffffffff     ..!. ...........
200053ec:	ffffffff ffffffff ffffffff ffffffff     ................
200053fc:	ffffffff ffffffff ffffffff ffffffff     ................
2000540c:	ffffffff ffffffff ffffffff ffffffff     ................
2000541c:	ffffffff ffffffff ffffffff ffffffff     ................
2000542c:	ffffffff ffffffff ffffffff ffffffff     ................
2000543c:	ffffffff ffffffff ffffffff ffffffff     ................
2000544c:	ffffffff ffffffff ffffffff ffffffff     ................
2000545c:	ffffffff ffffffff ffffffff ffffffff     ................
2000546c:	ffffffff ffffffff ffffffff ffffffff     ................
2000547c:	ffffffff ffffffff ffffffff ffffffff     ................
2000548c:	00209cd3 00000821 00000821 00200821     .. .!...!...!. .
2000549c:	6e090001 6e096e0a 6e09760a 6e09760a     ...n.n.n.v.n.v.n
200054ac:	6e09760a 6e09760a 6e09760a 6e09760a     .v.n.v.n.v.n.v.n
200054bc:	6e09760a 6e09760a 6e09760a 6e09760a     .v.n.v.n.v.n.v.n
200054cc:	6e09760a 6e09760a 6e09760a 6e09760a     .v.n.v.n.v.n.v.n
200054dc:	6e09760a 6e09760a 762a760a 3b25762a     .v.n.v.n.v*v*v%;
200054ec:	00000000 00000821 00000000 768a5d28     ....!.......(].v
200054fc:	6e09760a 6e09760a 6e09760a 6e09760a     .v.n.v.n.v.n.v.n
2000550c:	6e09760a 6e09760a 6e09760a 6e09760a     .v.n.v.n.v.n.v.n
2000551c:	6e09760a 6e09760a 6e09760a 762a760a     .v.n.v.n.v.n.v*v
2000552c:	00003b25 00000821 00000821 00000821     %;..!...!...!...
2000553c:	00000821 43850000 6e09760a 6e09760a     !......C.v.n.v.n
2000554c:	6e09760a 6e09760a 6e09760a 6e09760a     .v.n.v.n.v.n.v.n
2000555c:	6e09760a 6e09760a 6e09760a 6e09760a     .v.n.v.n.v.n.v.n
2000556c:	6e09760a 6de9760a 5d087eab 00000001     .v.n.v.m.~.]....
2000557c:	00000821 00000821 764a4366 6e09762a     !...!...fCJv*v.n
2000558c:	6e09760a 6e09760a 6e09760a 6e09760a     .v.n.v.n.v.n.v.n
2000559c:	6e09760a 6e09760a 6e09760a 6e09760a     .v.n.v.n.v.n.v.n
200055ac:	6e09760a 6e09760a 6e09760a 6e09760a     .v.n.v.n.v.n.v.n
200055bc:	6e09760a 6e09760a 6e09760a 6e09760a     .v.n.v.n.v.n.v.n
200055cc:	6de9760a 0801764a 00000821 00000821     .v.mJv..!...!...
200055dc:	00210821 ffff0000 ffffffff ffffffff     !.!.............
200055ec:	ffffffff ffffffff ffffffff ffffffff     ................
200055fc:	ffffffff ffffffff ffffffff ffffffff     ................
2000560c:	ffffffff ffffffff ffffffff ffffffff     ................
2000561c:	ffffffff ffffffff ffffffff ffffffff     ................
2000562c:	ffffffff ffffffff ffffffff ffffffff     ................
2000563c:	ffffffff ffffffff ffffffff ffffffff     ................
2000564c:	ffffffff ffffffff ffffffff ffffffff     ................
2000565c:	ffffffff ffffffff ffffffff ffffffff     ................
2000566c:	ffffffff ffffffff ffffffff ffffffff     ................
2000567c:	ffffffff ffffffff ffffffff ffffffff     ................
2000568c:	41e8ffdf 00210020 00200000 00210000     ...A .!... ...!.
2000569c:	00000000 760a6de9 6e096de9 6e0a6de9     .....m.v.m.n.m.n
200056ac:	6e096de9 6e0a6de9 6e096de9 6e0a6de9     .m.n.m.n.m.n.m.n
200056bc:	6e096de9 6e0a6de9 6e096de9 6e0a6de9     .m.n.m.n.m.n.m.n
200056cc:	6e096de9 6e0a6de9 6e096de9 6e0a6de9     .m.n.m.n.m.n.m.n
200056dc:	6e096de9 6e0a6de9 6e096de9 7e8a6de9     .m.n.m.n.m.n.m.~
200056ec:	00005d48 00210000 00200000 22030000     H]....!... ...."
200056fc:	766a65c9 6e0a6de9 6e096de9 6e0a6de9     .ejv.m.n.m.n.m.n
2000570c:	6e096de9 6e0a6de9 6e096de9 6e0a6de9     .m.n.m.n.m.n.m.n
2000571c:	6e096de9 6e0a6de9 6e096de9 764a6de9     .m.n.m.n.m.n.mJv
2000572c:	000032c4 00210000 00200000 00210000     .2....!... ...!.
2000573c:	00200000 3b450000 6e096e09 6e0a6de9     .. ...E;.n.n.m.n
2000574c:	6e096de9 6e0a6de9 6e096de9 6e0a6de9     .m.n.m.n.m.n.m.n
2000575c:	6e096de9 6e0a6de9 6e096de9 6e0a6de9     .m.n.m.n.m.n.m.n
2000576c:	6e096de9 6de9764a 00000861 00210000     .m.nJv.ma.....!.
2000577c:	00200000 65690000 6e09766a 6e0a6de9     .. ...iejv.n.m.n
2000578c:	6e096de9 6e0a6de9 6e096de9 6e0a6de9     .m.n.m.n.m.n.m.n
2000579c:	6e096de9 6e0a6de9 6e096de9 6e0a6de9     .m.n.m.n.m.n.m.n
200057ac:	6e096de9 6e0a6de9 6e096de9 6e0a6de9     .m.n.m.n.m.n.m.n
200057bc:	6e096de9 6e0a6de9 6e096de9 6e0a6de9     .m.n.m.n.m.n.m.n
200057cc:	6e096e09 00210000 00200000 00210000     .n.n..!... ...!.
200057dc:	00000000 ffffef5d ffffffff ffffffff     ....]...........
200057ec:	ffffffff ffffffff ffffffff ffffffff     ................
200057fc:	ffffffff ffffffff ffffffff ffffffff     ................
2000580c:	ffffffff ffffffff ffffffff ffffffff     ................
2000581c:	ffffffff ffffffff ffffffff ffffffff     ................
2000582c:	ffffffff ffffffff ffffffff ffffffff     ................
2000583c:	ffffffff ffffffff ffffffff ffffffff     ................
2000584c:	ffffffff ffffffff ffffffff ffffffff     ................
2000585c:	ffffffff ffffffff ffffffff ffffffff     ................
2000586c:	ffffffff ffffffff ffffffff ffffffff     ................
2000587c:	ffffffff ffffffff ffffffff ffffffff     ................
2000588c:	ef5dffff 00000000 00000821 00000821     ..].....!...!...
2000589c:	00000821 65890000 6e09762a 6e09760a     !......e*v.n.v.n
200058ac:	6e09760a 6e09760a 6e09760a 6e09760a     .v.n.v.n.v.n.v.n
200058bc:	6e09760a 6e09760a 6e09760a 6e09760a     .v.n.v.n.v.n.v.n
200058cc:	6e09760a 6e09760a 6e09760a 6e09760a     .v.n.v.n.v.n.v.n
200058dc:	6e09760a 6e09760a 6e09760a 6e09760a     .v.n.v.n.v.n.v.n
200058ec:	766a762a 00004be6 00000821 00000821     *vjv.K..!...!...
200058fc:	43a50000 6e2a764a 6e09760a 6e09760a     ...CJv*n.v.n.v.n
2000590c:	6e09760a 6e09760a 6e09760a 6e09760a     .v.n.v.n.v.n.v.n
2000591c:	6e09760a 6e09760a 6e09760a 768a760a     .v.n.v.n.v.n.v.v
2000592c:	00002a43 00000821 00000821 00000821     C*..!...!...!...
2000593c:	00000821 32c40821 6e09764a 6e09760a     !...!..2Jv.n.v.n
2000594c:	6e09760a 6e09760a 6e09760a 6e09760a     .v.n.v.n.v.n.v.n
2000595c:	6e09760a 6e09760a 6e09760a 6e09760a     .v.n.v.n.v.n.v.n
2000596c:	764a762a 00005447 00000821 00000821     *vJvGT..!...!...
2000597c:	43c60000 6e097e8b 6e09760a 6e09760a     ...C.~.n.v.n.v.n
2000598c:	6e09760a 6e09760a 6e09760a 6e09760a     .v.n.v.n.v.n.v.n
2000599c:	6e09760a 6e09760a 6e09760a 6e09760a     .v.n.v.n.v.n.v.n
200059ac:	6e09760a 6e09760a 6e09760a 6e09760a     .v.n.v.n.v.n.v.n
200059bc:	6e09760a 6e09760a 6e09760a 6e09760a     .v.n.v.n.v.n.v.n
200059cc:	00006e0a 00000821 00000821 00000821     .n..!...!...!...
200059dc:	bdf70000 ffffffff ffffffff ffffffff     ................
200059ec:	ffffffff ffffffff ffffffff ffffffff     ................
200059fc:	ffffffff ffffffff ffffffff ffffffff     ................
20005a0c:	ffffffff ffffffff ffffffff ffffffff     ................
20005a1c:	ffffffff ffffffff ffffffff ffffffff     ................
20005a2c:	ffffffff ffffffff ffffffff ffffffff     ................
20005a3c:	ffffffff ffffffff ffffffff ffffffff     ................
20005a4c:	ffffffff ffffffff ffffffff ffffffff     ................
20005a5c:	ffffffff ffffffff ffffffff ffffffff     ................
20005a6c:	ffffffff ffffffff ffffffff ffffffff     ................
20005a7c:	ffffffff ffffffff ffffffff ffffffff     ................
20005a8c:	d69affff 00200000 00210000 00200000     ...... ...!... .
20005a9c:	00210000 00000000 760a6588 6e096de9     ..!......e.v.m.n
20005aac:	6e0a6de9 6e096de9 6e0a6de9 6e096de9     .m.n.m.n.m.n.m.n
20005abc:	6e0a6de9 6e096de9 6e0a6de9 6e096de9     .m.n.m.n.m.n.m.n
20005acc:	6e0a6de9 6e096de9 6e0a6de9 6e096de9     .m.n.m.n.m.n.m.n
20005adc:	6e0a6de9 6e096de9 6e0a6de9 6e096de9     .m.n.m.n.m.n.m.n
20005aec:	6e0a6de9 5d28766a 00000000 00200000     .m.njv(]...... .
20005afc:	00200000 654810e1 6e0a766a 6e096de9     .. ...Hejv.n.m.n
20005b0c:	6e0a6de9 6e096de9 6e0a6de9 6e096de9     .m.n.m.n.m.n.m.n
20005b1c:	6e0a6de9 6e096de9 6e0a6de9 7eaa6de9     .m.n.m.n.m.n.m.~
20005b2c:	00211121 00200000 00210000 00200000     !.!... ...!... .
20005b3c:	00210000 21c20000 6e0a76aa 6e096de9     ..!....!.v.n.m.n
20005b4c:	6e0a6de9 6e096de9 6e0a6de9 6e096de9     .m.n.m.n.m.n.m.n
20005b5c:	6e0a6de9 6e096de9 6e0a6de9 766a6de9     .m.n.m.n.m.n.mjv
20005b6c:	00005d48 00200000 00210000 08a10000     H].... ...!.....
20005b7c:	766a6588 6e096de9 6e0a6de9 6e096de9     .ejv.m.n.m.n.m.n
20005b8c:	6e0a6de9 6e096de9 6e0a6de9 6e096de9     .m.n.m.n.m.n.m.n
20005b9c:	6e0a6de9 6e096de9 6e0a6de9 6e096de9     .m.n.m.n.m.n.m.n
20005bac:	6e0a6de9 6e096de9 6e0a6de9 6e096de9     .m.n.m.n.m.n.m.n
20005bbc:	6e0a6de9 6e096de9 6e0a6de9 65486e09     .m.n.m.n.m.n.nHe
20005bcc:	00210000 00200000 00210000 00200000     ..!... ...!... .
20005bdc:	bdd70000 ffffffff ffffffff ffffffff     ................
20005bec:	ffffffff ffffffff ffffffff ffffffff     ................
20005bfc:	ffffffff ffffffff ffffffff ffffffff     ................
20005c0c:	ffffffff ffffffff ffffffff ffffffff     ................
20005c1c:	ffffffff ffffffff ffffffff ffffffff     ................
20005c2c:	ffffffff ffffffff ffffffff ffffffff     ................
20005c3c:	ffffffff ffffffff ffffffff ffffffff     ................
20005c4c:	ffffffff ffffffff ffffffff ffffffff     ................
20005c5c:	ffffffff ffffffff ffffffff ffffffff     ................
20005c6c:	ffffffff ffffffff ffffffff ffffffff     ................
20005c7c:	ffffffff ffffffff ffffffff ffffffff     ................
20005c8c:	ce79ffff 00000000 00000821 00000821     ..y.....!...!...
20005c9c:	19a21922 21c21102 762a4be6 6e09760a     "......!.K*v.v.n
20005cac:	6e09760a 6e09760a 6e09760a 6e09760a     .v.n.v.n.v.n.v.n
20005cbc:	6e09760a 6e09760a 6e09760a 6e09760a     .v.n.v.n.v.n.v.n
20005ccc:	6e09760a 6e09760a 6e09760a 6e09760a     .v.n.v.n.v.n.v.n
20005cdc:	6e09760a 6e09760a 6e09760a 6e09760a     .v.n.v.n.v.n.v.n
20005cec:	6e09760a 6e09760a 3b257e8b 00000000     .v.n.v.n.~%;....
20005cfc:	00000821 00000821 762a32c5 6e09762a     !...!....2*v*v.n
20005d0c:	6e09760a 6e09760a 6e09760a 6e09760a     .v.n.v.n.v.n.v.n
20005d1c:	6e09760a 6e09760a 6e09760a 6dc9760a     .v.n.v.n.v.n.v.m
20005d2c:	00000000 00000821 00000821 00000821     ....!...!...!...
20005d3c:	00000821 00000821 6e09764a 6e09760a     !...!...Jv.n.v.n
20005d4c:	6e09760a 6e09760a 6e09760a 6e09760a     .v.n.v.n.v.n.v.n
20005d5c:	6e09760a 6e09760a 762a760a 32c4762a     .v.n.v.n.v*v*v.2
20005d6c:	00000000 00000821 00000821 768a43a6     ....!...!....C.v
20005d7c:	6e09760a 6e09760a 6e09760a 6e09760a     .v.n.v.n.v.n.v.n
20005d8c:	6e09760a 6e09760a 6e09760a 6e09760a     .v.n.v.n.v.n.v.n
20005d9c:	6e09760a 6e09760a 6e09760a 6e09760a     .v.n.v.n.v.n.v.n
20005dac:	6e09760a 6e09760a 6e09760a 6e09760a     .v.n.v.n.v.n.v.n
20005dbc:	6e09760a 6e09760a 6e09760a 4385766a     .v.n.v.n.v.njv.C
20005dcc:	110110e2 10e121c3 00000821 00000821     .....!..!...!...
20005ddc:	9cf30021 ffffffff ffffffff ffffffff     !...............
20005dec:	ffffffff ffffffff ffffffff ffffffff     ................
20005dfc:	ffffffff ffffffff ffffffff ffffffff     ................
20005e0c:	ffffffff ffffffff ffffffff ffffffff     ................
20005e1c:	ffffffff ffffffff ffffffff ffffffff     ................
20005e2c:	ffffffff ffffffff ffffffff ffffffff     ................
20005e3c:	ffffffff ffffffff ffffffff ffffffff     ................
20005e4c:	ffffffff ffffffff ffffffff ffffffff     ................
20005e5c:	ffffffff ffffffff ffffffff ffffffff     ................
20005e6c:	ffffffff ffffffff ffffffff ffffffff     ................
20005e7c:	ffffffff ffffffff ffffffff ffffffff     ................
20005e8c:	dedbffff 00210000 00200000 00210000     ......!... ...!.
20005e9c:	766a10a1 7eab76aa 6e096e09 6e0a6de9     ..jv.v.~.n.n.m.n
20005eac:	6e096de9 6e0a6de9 6e096de9 6e0a6de9     .m.n.m.n.m.n.m.n
20005ebc:	6e096de9 6e0a6de9 6e096de9 6e0a6de9     .m.n.m.n.m.n.m.n
20005ecc:	6e096de9 6e0a6de9 6e096de9 6e0a6de9     .m.n.m.n.m.n.m.n
20005edc:	6e096de9 6e0a6de9 6e096de9 6e0a6de9     .m.n.m.n.m.n.m.n
20005eec:	6e096de9 6e0a6de9 764a6de9 00004c67     .m.n.m.n.mJvgL..
20005efc:	00200000 00210000 00000000 764a5d48     .. ...!.....H]Jv
20005f0c:	6e096de9 6e0a6de9 6e096de9 6e0a6de9     .m.n.m.n.m.n.m.n
20005f1c:	6e096de9 6e0a6de9 6e096de9 43866e09     .m.n.m.n.m.n.n.C
20005f2c:	00200000 00210000 00200000 00210000     .. ...!... ...!.
20005f3c:	00200000 00000000 6e094406 6e0a6de9     .. ......D.n.m.n
20005f4c:	6e096de9 6e0a6de9 6e096de9 6e0a6de9     .m.n.m.n.m.n.m.n
20005f5c:	6e096de9 6e0a6de9 5ce87649 00200000     .m.n.m.nIv.\.. .
20005f6c:	00200000 00000000 5d280000 6e0a766a     .. .......(]jv.n
20005f7c:	6e096de9 6e0a6de9 6e096de9 6e0a6de9     .m.n.m.n.m.n.m.n
20005f8c:	6e096de9 6e0a6de9 6e096de9 6e0a6de9     .m.n.m.n.m.n.m.n
20005f9c:	6e096de9 6e0a6de9 6e096de9 6e0a6de9     .m.n.m.n.m.n.m.n
20005fac:	6e096de9 6e0a6de9 6e096de9 6e0a6de9     .m.n.m.n.m.n.m.n
20005fbc:	6e096de9 6e0a6de9 6e096de9 762a6de9     .m.n.m.n.m.n.m*v
20005fcc:	766a76aa 08c1766a 00200000 00210000     .vjvjv.... ...!.
20005fdc:	c6180000 ffffffff ffffffff ffffffff     ................
20005fec:	ffffffff ffffffff ffffffff ffffffff     ................
20005ffc:	ffffffff ffffffff ffffffff ffffffff     ................
2000600c:	ffffffff ffffffff ffffffff ffffffff     ................
2000601c:	ffffffff ffffffff ffffffff ffffffff     ................
2000602c:	ffffffff ffffffff ffffffff ffffffff     ................
2000603c:	ffffffff ffffffff ffffffff ffffffff     ................
2000604c:	ffffffff ffffffff ffffffff ffffffff     ................
2000605c:	ffffffff ffffffff ffffffff ffffffff     ................
2000606c:	ffffffff ffffffff ffffffff ffffffff     ................
2000607c:	ffffffff ffffffff ffffffff ffffffff     ................
2000608c:	ffffffff 00000000 00000821 00000821     ........!...!...
2000609c:	00000821 762a6dea 6e09760a 6e09760a     !....m*v.v.n.v.n
200060ac:	6e09760a 6e09760a 6e09760a 6e09760a     .v.n.v.n.v.n.v.n
200060bc:	6e09760a 6e09760a 6e09760a 6e09760a     .v.n.v.n.v.n.v.n
200060cc:	6e09760a 6e09760a 6e09760a 6e09760a     .v.n.v.n.v.n.v.n
200060dc:	6e09760a 6e09760a 6e09760a 6e09760a     .v.n.v.n.v.n.v.n
200060ec:	6e09760a 6e09760a 6e09760a 764a762a     .v.n.v.n.v.n*vJv
200060fc:	000021e3 00000821 00000821 32840000     .!..!...!......2
2000610c:	6e09766a 6e09760a 6e09760a 6e09760a     jv.n.v.n.v.n.v.n
2000611c:	6e09760a 6e09760a 6e09760a 00007ecb     .v.n.v.n.v.n.~..
2000612c:	00000821 00000821 00000821 00000821     !...!...!...!...
2000613c:	00000821 00000821 7eaa1962 6e09760a     !...!...b..~.v.n
2000614c:	6e09760a 6e09760a 6e09760a 6e09760a     .v.n.v.n.v.n.v.n
2000615c:	6e09760a 766a762a 00003284 00000821     .v.n*vjv.2..!...
2000616c:	00000821 2a630001 6de9766a 6e09760a     !.....c*jv.m.v.n
2000617c:	6e09760a 6e09760a 6e09760a 6e09760a     .v.n.v.n.v.n.v.n
2000618c:	6e09760a 6e09760a 6e09760a 6e09760a     .v.n.v.n.v.n.v.n
2000619c:	6e09760a 6e09760a 6e09760a 6e09760a     .v.n.v.n.v.n.v.n
200061ac:	6e09760a 6e09760a 6e09760a 6e09760a     .v.n.v.n.v.n.v.n
200061bc:	6e09760a 6e09760a 6e09760a 6e09760a     .v.n.v.n.v.n.v.n
200061cc:	6de9764a 00000000 00000821 00000821     Jv.m....!...!...
200061dc:	defb0000 ffffffff ffffffff ffffffff     ................
200061ec:	ffffffff ffffffff ffffffff ffffffff     ................
200061fc:	ffffffff ffffffff ffffffff ffffffff     ................
2000620c:	ffffffff ffffffff ffffffff ffffffff     ................
2000621c:	ffffffff ffffffff ffffffff ffffffff     ................
2000622c:	ffffffff ffffffff ffffffff ffffffff     ................
2000623c:	ffffffff ffffffff ffffffff ffffffff     ................
2000624c:	ffffffff ffffffff ffffffff ffffffff     ................
2000625c:	ffffffff ffffffff ffffffff ffffffff     ................
2000626c:	ffffffff ffffffff ffffffff ffffffff     ................
2000627c:	ffffffff ffffffff ffffffff ffffffff     ................
2000628c:	ffffffff 0000ad75 00210000 00200000     ....u.....!... .
2000629c:	00210000 5cc80000 6e0a6e29 6e096de9     ..!....\)n.n.m.n
200062ac:	6e0a6de9 6e096de9 6e0a6de9 6e096de9     .m.n.m.n.m.n.m.n
200062bc:	6e0a6de9 6e096de9 6e0a6de9 6e096de9     .m.n.m.n.m.n.m.n
200062cc:	6e0a6de9 6e096de9 6e0a6de9 6e096de9     .m.n.m.n.m.n.m.n
200062dc:	6e0a6de9 6e096de9 6e0a6de9 6e096de9     .m.n.m.n.m.n.m.n
200062ec:	6e0a6de9 6e096de9 6e0a6de9 6e096de9     .m.n.m.n.m.n.m.n
200062fc:	4366768a 00200000 00210000 00200000     .vfC.. ...!... .
2000630c:	65480000 6e096e29 6e0a6de9 6e096de9     ..He)n.n.m.n.m.n
2000631c:	6e0a6de9 6e096de9 762a6de9 00003304     .m.n.m.n.m*v.3..
2000632c:	00210000 00200000 00210000 00200000     ..!... ...!... .
2000633c:	00210000 00200000 54870000 6e096e09     ..!... ....T.n.n
2000634c:	6e0a6de9 6e096de9 6e0a6de9 6e096de9     .m.n.m.n.m.n.m.n
2000635c:	764a6de9 00005d48 00210000 00200000     .mJvH]....!... .
2000636c:	00000000 7eaa43e6 6e0a6de9 6e096de9     .....C.~.m.n.m.n
2000637c:	6e0a6de9 6e096de9 6e0a6de9 6e096de9     .m.n.m.n.m.n.m.n
2000638c:	6e0a6de9 6e096de9 6e0a6de9 6e096de9     .m.n.m.n.m.n.m.n
2000639c:	6e0a6de9 6e096de9 6e0a6de9 6e096de9     .m.n.m.n.m.n.m.n
200063ac:	6e0a6de9 6e096de9 6e0a6de9 6e096de9     .m.n.m.n.m.n.m.n
200063bc:	6e0a6de9 6e096de9 6e0a6de9 762a6de9     .m.n.m.n.m.n.m*v
200063cc:	000054c7 00200000 00210000 00200000     .T.... ...!... .
200063dc:	ffff3166 ffffffff ffffffff ffffffff     f1..............
200063ec:	ffffffff ffffffff ffffffff ffffffff     ................
200063fc:	ffffffff ffffffff ffffffff ffffffff     ................
2000640c:	ffffffff ffffffff ffffffff ffffffff     ................
2000641c:	ffffffff ffffffff ffffffff ffffffff     ................
2000642c:	ffffffff ffffffff ffffffff ffffffff     ................
2000643c:	ffffffff ffffffff ffffffff ffffffff     ................
2000644c:	ffffffff ffffffff ffffffff ffffffff     ................
2000645c:	ffffffff ffffffff ffffffff ffffffff     ................
2000646c:	ffffffff ffffffff ffffffff ffffffff     ................
2000647c:	ffffffff ffffffff ffffffff ffffffff     ................
2000648c:	ffffffff 0000ffff 00000821 00000821     ........!...!...
2000649c:	00000821 00000821 766a4c07 6e09760a     !...!....Ljv.v.n
200064ac:	6e09760a 6e09760a 6e09760a 6e09760a     .v.n.v.n.v.n.v.n
200064bc:	6e09760a 6e09760a 6e09760a 6e09760a     .v.n.v.n.v.n.v.n
200064cc:	6e09760a 6e09760a 6e09760a 6e09760a     .v.n.v.n.v.n.v.n
200064dc:	6e09760a 6e09760a 6e09760a 6e09760a     .v.n.v.n.v.n.v.n
200064ec:	6e09760a 6e09760a 6e09760a 6e09760a     .v.n.v.n.v.n.v.n
200064fc:	766a760a 00005d08 00000821 00000821     .vjv.]..!...!...
2000650c:	00000821 7eaa3ae5 6e09760a 6e09760a     !....:.~.v.n.v.n
2000651c:	6e09760a 6e09760a 6dc9762a 00000000     .v.n.v.n*v.m....
2000652c:	00000821 00000821 00000821 00000821     !...!...!...!...
2000653c:	00000821 00000821 00000821 6e09762a     !...!...!...*v.n
2000654c:	6e09760a 6e09760a 6e09760a 6e09760a     .v.n.v.n.v.n.v.n
2000655c:	32e57e8b 00000000 00000821 00000821     .~.2....!...!...
2000656c:	5d080841 6e09764a 6e09760a 6e09760a     A..]Jv.n.v.n.v.n
2000657c:	6e09760a 6e09760a 6e09760a 6e09760a     .v.n.v.n.v.n.v.n
2000658c:	6e09760a 6e09760a 6e09760a 6e09760a     .v.n.v.n.v.n.v.n
2000659c:	6e09760a 6e09760a 6e09760a 6e09760a     .v.n.v.n.v.n.v.n
200065ac:	6e09760a 6e09760a 6e09760a 6e09760a     .v.n.v.n.v.n.v.n
200065bc:	6e09760a 6e09760a 6e09760a 3304766a     .v.n.v.n.v.njv.3
200065cc:	00000000 00000821 00000821 00000821     ....!...!...!...
200065dc:	ffffef3d ffffffff ffffffff ffffffff     =...............
200065ec:	ffffffff ffffffff ffffffff ffffffff     ................
200065fc:	ffffffff ffffffff ffffffff ffffffff     ................
2000660c:	ffffffff ffffffff ffffffff ffffffff     ................
2000661c:	ffffffff ffffffff ffffffff ffffffff     ................
2000662c:	ffffffff ffffffff ffffffff ffffffff     ................
2000663c:	ffffffff ffffffff ffffffff ffffffff     ................
2000664c:	ffffffff ffffffff ffffffff ffffffff     ................
2000665c:	ffffffff ffffffff ffffffff ffffffff     ................
2000666c:	ffffffff ffffffff ffffffff ffffffff     ................
2000667c:	ffffffff ffffffff ffffffff ffffffff     ................
2000668c:	ffffffff ef5dffff 00210020 00210000     ......]. .!...!.
2000669c:	00200000 00210000 08410000 760a766a     .. ...!...A.jv.v
200066ac:	6e096de9 6e0a6de9 6e096de9 6e0a6de9     .m.n.m.n.m.n.m.n
200066bc:	6e096de9 6e0a6de9 6e096de9 6e0a6de9     .m.n.m.n.m.n.m.n
200066cc:	6e096de9 6e0a6de9 6e096de9 6e0a6de9     .m.n.m.n.m.n.m.n
200066dc:	6e096de9 6e0a6de9 6e096de9 6e0a6de9     .m.n.m.n.m.n.m.n
200066ec:	6e096de9 6e0a6de9 6e096de9 6e0a6de9     .m.n.m.n.m.n.m.n
200066fc:	6e096de9 760a6de9 000008c1 00210000     .m.n.m.v......!.
2000670c:	00200000 00000000 6e0a7649 6e0a6de9     .. .....Iv.n.m.n
2000671c:	6e096de9 760a6de9 0000768a 00210000     .m.n.m.v.v....!.
2000672c:	00200000 00210000 00200000 00210000     .. ...!... ...!.
2000673c:	00200000 00210000 00200000 7e8a0060     .. ...!... .`..~
2000674c:	6e096e09 6e0a6de9 6e096de9 766a6e09     .n.n.m.n.m.n.njv
2000675c:	00200000 00210000 00200000 11220000     .. ...!... ...".
2000676c:	6de9766a 6e0a6de9 6e096de9 6e0a6de9     jv.m.m.n.m.n.m.n
2000677c:	6e096de9 6e0a6de9 6e096de9 6e0a6de9     .m.n.m.n.m.n.m.n
2000678c:	6e096de9 6e0a6de9 6e096de9 6e0a6de9     .m.n.m.n.m.n.m.n
2000679c:	6e096de9 6e0a6de9 6e096de9 6e0a6de9     .m.n.m.n.m.n.m.n
200067ac:	6e096de9 6e0a6de9 6e096de9 6e0a6de9     .m.n.m.n.m.n.m.n
200067bc:	6e096de9 6e0a6de9 768a6e09 00000841     .m.n.m.n.n.vA...
200067cc:	00200000 00210000 00200000 d69a0000     .. ...!... .....
200067dc:	ffffffff ffffffff ffffffff ffffffff     ................
200067ec:	ffffffff ffffffff ffffffff ffffffff     ................
200067fc:	ffffffff ffffffff ffffffff ffffffff     ................
2000680c:	ffffffff ffffffff ffffffff ffffffff     ................
2000681c:	ffffffff ffffffff ffffffff ffffffff     ................
2000682c:	ffffffff ffffffff ffffffff ffffffff     ................
2000683c:	ffffffff ffffffff ffffffff ffffffff     ................
2000684c:	ffffffff ffffffff ffffffff ffffffff     ................
2000685c:	ffffffff ffffffff ffffffff ffffffff     ................
2000686c:	ffffffff ffffffff ffffffff ffffffff     ................
2000687c:	ffffffff ffffffff ffffffff ffffffff     ................
2000688c:	ffffffff ffffffff 1903f7be 00000821     ............!...
2000689c:	00000821 00000821 00000821 5cc80000     !...!...!......\
200068ac:	6e09766a 6e09760a 6e09760a 6e09760a     jv.n.v.n.v.n.v.n
200068bc:	6e09760a 6e09760a 6e09760a 6e09760a     .v.n.v.n.v.n.v.n
200068cc:	6e09760a 6e09760a 6e09760a 6e09760a     .v.n.v.n.v.n.v.n
200068dc:	6e09760a 6e09760a 6e09760a 6e09760a     .v.n.v.n.v.n.v.n
200068ec:	6e09760a 6e09760a 6e09760a 6e09760a     .v.n.v.n.v.n.v.n
200068fc:	6e09760a 6de9760a 22237eeb 00000801     .v.n.v.m.~#"....
2000690c:	00000821 00000821 5d080000 6e09764a     !...!......]Jv.n
2000691c:	6e09760a 6528764a 00000000 00000821     .v.nJv(e....!...
2000692c:	00000821 00000821 00000821 00000821     !...!...!...!...
2000693c:	00000821 00000821 00000821 00000821     !...!...!...!...
2000694c:	6e096de9 6e09760a 6e29760a 00006549     .m.n.v.n.v)nIe..
2000695c:	00000821 00000821 00000821 7ecb3244     !...!...!...D2.~
2000696c:	6e096e0a 6e09760a 6e09760a 6e09760a     .n.n.v.n.v.n.v.n
2000697c:	6e09760a 6e09760a 6e09760a 6e09760a     .v.n.v.n.v.n.v.n
2000698c:	6e09760a 6e09760a 6e09760a 6e09760a     .v.n.v.n.v.n.v.n
2000699c:	6e09760a 6e09760a 6e09760a 6e09760a     .v.n.v.n.v.n.v.n
200069ac:	6e09760a 6e09760a 6e09760a 6e09760a     .v.n.v.n.v.n.v.n
200069bc:	6e09760a 764a760a 00006589 00000821     .v.n.vJv.e..!...
200069cc:	00000821 00000821 08610821 ffffdedb     !...!...!.a.....
200069dc:	ffffffff ffffffff ffffffff ffffffff     ................
200069ec:	ffffffff ffffffff ffffffff ffffffff     ................
200069fc:	ffffffff ffffffff ffffffff ffffffff     ................
20006a0c:	ffffffff ffffffff ffffffff ffffffff     ................
20006a1c:	ffffffff ffffffff ffffffff ffffffff     ................
20006a2c:	ffffffff ffffffff ffffffff ffffffff     ................
20006a3c:	ffffffff ffffffff ffffffff ffffffff     ................
20006a4c:	ffffffff ffffffff ffffffff ffffffff     ................
20006a5c:	ffffffff ffffffff ffffffff ffffffff     ................
20006a6c:	ffffffff ffffffff ffffffff ffffffff     ................
20006a7c:	ffffffff ffffffff ffffffff ffffffff     ................
20006a8c:	ffffffff ffffffff f77effff 00200000     ..........~... .
20006a9c:	00210000 00200000 00210000 00000000     ..!... ...!.....
20006aac:	6de910c1 6e096de9 6e0a6de9 6e096de9     ...m.m.n.m.n.m.n
20006abc:	6e0a6de9 6e096de9 6e0a6de9 6e096de9     .m.n.m.n.m.n.m.n
20006acc:	6e0a6de9 6e096de9 6e0a6de9 6e096de9     .m.n.m.n.m.n.m.n
20006adc:	6e0a6de9 6e096de9 6e0a6de9 6e096de9     .m.n.m.n.m.n.m.n
20006aec:	6e0a6de9 6e096de9 6e0a6de9 6e096de9     .m.n.m.n.m.n.m.n
20006afc:	6e0a6de9 6e096de9 766a6de9 00003b85     .m.n.m.n.mjv.;..
20006b0c:	00210000 00200000 00000000 7eaa3304     ..!... ......3.~
20006b1c:	7eab6e09 00002a84 00210000 00200000     .n.~.*....!... .
20006b2c:	00210000 00200000 00210000 00200000     ..!... ...!... .
20006b3c:	00210000 00200000 00210000 00200000     ..!... ...!... .
20006b4c:	32840000 6e0976aa 3b05766a 00200000     ...2.v.njv.;.. .
20006b5c:	00210000 00200000 43860000 6e09768a     ..!... ....C.v.n
20006b6c:	6e0a6de9 6e096de9 6e0a6de9 6e096de9     .m.n.m.n.m.n.m.n
20006b7c:	6e0a6de9 6e096de9 6e0a6de9 6e096de9     .m.n.m.n.m.n.m.n
20006b8c:	6e0a6de9 6e096de9 6e0a6de9 6e096de9     .m.n.m.n.m.n.m.n
20006b9c:	6e0a6de9 6e096de9 6e0a6de9 6e096de9     .m.n.m.n.m.n.m.n
20006bac:	6e0a6de9 6e096de9 6e0a6de9 6e096de9     .m.n.m.n.m.n.m.n
20006bbc:	6e0a6de9 08416e09 00210000 00200000     .m.n.nA...!... .
20006bcc:	00210000 00200000 debb0000 ffffffff     ..!... .........
20006bdc:	ffffffff ffffffff ffffffff ffffffff     ................
20006bec:	ffffffff ffffffff ffffffff ffffffff     ................
20006bfc:	ffffffff ffffffff ffffffff ffffffff     ................
20006c0c:	ffffffff ffffffff ffffffff ffffffff     ................
20006c1c:	ffffffff ffffffff ffffffff ffffffff     ................
20006c2c:	ffffffff ffffffff ffffffff ffffffff     ................
20006c3c:	ffffffff ffffffff ffffffff ffffffff     ................
20006c4c:	ffffffff ffffffff ffffffff ffffffff     ................
20006c5c:	ffffffff ffffffff ffffffff ffffffff     ................
20006c6c:	ffffffff ffffffff ffffffff ffffffff     ................
20006c7c:	ffffffff ffffffff ffffffff ffffffff     ................
20006c8c:	ffffffff ffffffff ef7dffff 00000000     ..........}.....
20006c9c:	00000821 00000821 32c41002 43a532c5     !...!......2.2.C
20006cac:	6e096528 6e09760a 6e09760a 6e09760a     (e.n.v.n.v.n.v.n
20006cbc:	6e09760a 6e09760a 6e09760a 6e09760a     .v.n.v.n.v.n.v.n
20006ccc:	6e09760a 6e09760a 6e09760a 6e09760a     .v.n.v.n.v.n.v.n
20006cdc:	6e09760a 6e09760a 6e09760a 6e09760a     .v.n.v.n.v.n.v.n
20006cec:	6e09760a 6e09760a 6e09760a 6e09760a     .v.n.v.n.v.n.v.n
20006cfc:	6e09760a 6e09760a 6e09760a 43c67eab     .v.n.v.n.v.n.~.C
20006d0c:	00000000 00000821 00000821 11610821     ....!...!...!.a.
20006d1c:	00005c88 00000821 00000821 00000821     .\..!...!...!...
20006d2c:	00000821 00000821 00000821 00000821     !...!...!...!...
20006d3c:	00000821 00000821 00000821 00000821     !...!...!...!...
20006d4c:	00000821 54870000 00001962 00000821     !......Tb...!...
20006d5c:	00000821 00000821 764a5447 6e09760a     !...!...GTJv.v.n
20006d6c:	6e09760a 6e09760a 6e09760a 6e09760a     .v.n.v.n.v.n.v.n
20006d7c:	6e09760a 6e09760a 6e09760a 6e09760a     .v.n.v.n.v.n.v.n
20006d8c:	6e09760a 6e09760a 6e09760a 6e09760a     .v.n.v.n.v.n.v.n
20006d9c:	6e09760a 6e09760a 6e09760a 6e09760a     .v.n.v.n.v.n.v.n
20006dac:	6e09760a 6e09760a 6e09760a 6e09760a     .v.n.v.n.v.n.v.n
20006dbc:	6e09760a 5467760a 21c332c5 102121e3     .v.n.vgT.2.!.!!.
20006dcc:	00000821 00000821 d6ba0000 ffffffff     !...!...........
20006ddc:	ffffffff ffffffff ffffffff ffffffff     ................
20006dec:	ffffffff ffffffff ffffffff ffffffff     ................
20006dfc:	ffffffff ffffffff ffffffff ffffffff     ................
20006e0c:	ffffffff ffffffff ffffffff ffffffff     ................
20006e1c:	ffffffff ffffffff ffffffff ffffffff     ................
20006e2c:	ffffffff ffffffff ffffffff ffffffff     ................
20006e3c:	ffffffff ffffffff ffffffff ffffffff     ................
20006e4c:	ffffffff ffffffff ffffffff ffffffff     ................
20006e5c:	ffffffff ffffffff ffffffff ffffffff     ................
20006e6c:	ffffffff ffffffff ffffffff ffffffff     ................
20006e7c:	ffffffff ffffffff ffffffff ffffffff     ................
20006e8c:	ffffffff ffffffff ffdfffff 00210000     ..............!.
20006e9c:	00200000 00210000 21e30000 6e0a768a     .. ...!....!.v.n
20006eac:	6e096e09 6e0a6de9 6e096de9 6e0a6de9     .n.n.m.n.m.n.m.n
20006ebc:	6e096de9 6e0a6de9 6e096de9 6e0a6de9     .m.n.m.n.m.n.m.n
20006ecc:	6e096de9 6e0a6de9 6e096de9 6e0a6de9     .m.n.m.n.m.n.m.n
20006edc:	6e096de9 6e0a6de9 6e096de9 6e0a6de9     .m.n.m.n.m.n.m.n
20006eec:	6e096de9 6e0a6de9 6e096de9 6e0a6de9     .m.n.m.n.m.n.m.n
20006efc:	6e096de9 6e0a6de9 6e096de9 764a6de9     .m.n.m.n.m.n.mJv
20006f0c:	000054c7 00210000 00200000 00200000     .T....!... ... .
20006f1c:	00200000 00210000 00200000 00210000     .. ...!... ...!.
20006f2c:	00200000 00210000 00200000 00210000     .. ...!... ...!.
20006f3c:	00200000 00210000 00200000 00210000     .. ...!... ...!.
20006f4c:	00200000 00000000 00200000 00210000     .. ....... ...!.
20006f5c:	00200000 65890000 6e096e29 6e0a6de9     .. ....e)n.n.m.n
20006f6c:	6e096de9 6e0a6de9 6e096de9 6e0a6de9     .m.n.m.n.m.n.m.n
20006f7c:	6e096de9 6e0a6de9 6e096de9 6e0a6de9     .m.n.m.n.m.n.m.n
20006f8c:	6e096de9 6e0a6de9 6e096de9 6e0a6de9     .m.n.m.n.m.n.m.n
20006f9c:	6e096de9 6e0a6de9 6e096de9 6e0a6de9     .m.n.m.n.m.n.m.n
20006fac:	6e096de9 6e0a6de9 6e096de9 6e0a6de9     .m.n.m.n.m.n.m.n
20006fbc:	6e096de9 6e0a6de9 7ecb6de9 000021c3     .m.n.m.n.m.~.!..
20006fcc:	00200000 00210000 f77e0000 ffffffff     .. ...!...~.....
20006fdc:	ffffffff ffffffff ffffffff ffffffff     ................
20006fec:	ffffffff ffffffff ffffffff ffffffff     ................
20006ffc:	ffffffff ffffffff ffffffff ffffffff     ................
2000700c:	ffffffff ffffffff ffffffff ffffffff     ................
2000701c:	ffffffff ffffffff ffffffff ffffffff     ................
2000702c:	ffffffff ffffffff ffffffff ffffffff     ................
2000703c:	ffffffff ffffffff ffffffff ffffffff     ................
2000704c:	ffffffff ffffffff ffffffff ffffffff     ................
2000705c:	ffffffff ffffffff ffffffff ffffffff     ................
2000706c:	ffffffff ffffffff ffffffff ffffffff     ................
2000707c:	ffffffff ffffffff ffffffff ffffffff     ................
2000708c:	ffffffff ffffffff ffffffff 0000630c     .............c..
2000709c:	00000821 00000821 00000821 766a1922     !...!...!...".jv
200070ac:	6e09762a 6e09760a 6e09760a 6e09760a     *v.n.v.n.v.n.v.n
200070bc:	6e09760a 6e09760a 6e09760a 6e09760a     .v.n.v.n.v.n.v.n
200070cc:	6e09760a 6e09760a 6e09760a 6e09760a     .v.n.v.n.v.n.v.n
200070dc:	6e09760a 6e09760a 6e09760a 6e09760a     .v.n.v.n.v.n.v.n
200070ec:	6e09760a 6e09760a 6e09760a 6e09760a     .v.n.v.n.v.n.v.n
200070fc:	6e09760a 6e09760a 6e09760a 6e09760a     .v.n.v.n.v.n.v.n
2000710c:	5d48762a 00000000 00000821 00000821     *vH]....!...!...
2000711c:	00000821 00000821 00000821 00000821     !...!...!...!...
2000712c:	00000821 00000821 00000821 00000821     !...!...!...!...
2000713c:	00000821 00000821 00000821 00000821     !...!...!...!...
2000714c:	00000821 00000821 00000821 00000821     !...!...!...!...
2000715c:	00000821 6e096da9 6e09760a 6e09760a     !....m.n.v.n.v.n
2000716c:	6e09760a 6e09760a 6e09760a 6e09760a     .v.n.v.n.v.n.v.n
2000717c:	6e09760a 6e09760a 6e09760a 6e09760a     .v.n.v.n.v.n.v.n
2000718c:	6e09760a 6e09760a 6e09760a 6e09760a     .v.n.v.n.v.n.v.n
2000719c:	6e09760a 6e09760a 6e09760a 6e09760a     .v.n.v.n.v.n.v.n
200071ac:	6e09760a 6e09760a 6e09760a 6e09760a     .v.n.v.n.v.n.v.n
200071bc:	6e09760a 6e09760a 10c186eb 00000821     .v.n.v.n....!...
200071cc:	00000821 00000821 ffff0000 ffffffff     !...!...........
200071dc:	ffffffff ffffffff ffffffff ffffffff     ................
200071ec:	ffffffff ffffffff ffffffff ffffffff     ................
200071fc:	ffffffff ffffffff ffffffff ffffffff     ................
2000720c:	ffffffff ffffffff ffffffff ffffffff     ................
2000721c:	ffffffff ffffffff ffffffff ffffffff     ................
2000722c:	ffffffff ffffffff ffffffff ffffffff     ................
2000723c:	ffffffff ffffffff ffffffff ffffffff     ................
2000724c:	ffffffff ffffffff ffffffff ffffffff     ................
2000725c:	ffffffff ffffffff ffffffff ffffffff     ................
2000726c:	ffffffff ffffffff ffffffff ffffffff     ................
2000727c:	ffffffff ffffffff ffffffff ffffffff     ................
2000728c:	ffffffff ffffffff ffffffff 0000f79e     ................
2000729c:	00210000 00200000 00210000 00000000     ..!... ...!.....
200072ac:	7e8a43c6 6e096de9 6e0a6de9 6e096de9     .C.~.m.n.m.n.m.n
200072bc:	6e0a6de9 6e096de9 6e0a6de9 6e096de9     .m.n.m.n.m.n.m.n
200072cc:	6e0a6de9 6e096de9 6e0a6de9 6e096de9     .m.n.m.n.m.n.m.n
200072dc:	6e0a6de9 6e096de9 6e0a6de9 6e096de9     .m.n.m.n.m.n.m.n
200072ec:	6e0a6de9 6e096de9 6e0a6de9 6e096de9     .m.n.m.n.m.n.m.n
200072fc:	6e0a6de9 6e096de9 6e0a6de9 6e096de9     .m.n.m.n.m.n.m.n
2000730c:	762a6de9 00005ce7 00210000 00200000     .m*v.\....!... .
2000731c:	00210000 00200000 00210000 00200000     ..!... ...!... .
2000732c:	00210000 00200000 00210000 00200000     ..!... ...!... .
2000733c:	00210000 00200000 00210000 00200000     ..!... ...!... .
2000734c:	00210000 00200000 00210000 00200000     ..!... ...!... .
2000735c:	65690000 6e096e09 6e0a6de9 6e096de9     ..ie.n.n.m.n.m.n
2000736c:	6e0a6de9 6e096de9 6e0a6de9 6e096de9     .m.n.m.n.m.n.m.n
2000737c:	6e0a6de9 6e096de9 6e0a6de9 6e096de9     .m.n.m.n.m.n.m.n
2000738c:	6e0a6de9 6e096de9 6e0a6de9 6e096de9     .m.n.m.n.m.n.m.n
2000739c:	6e0a6de9 6e096de9 6e0a6de9 6e096de9     .m.n.m.n.m.n.m.n
200073ac:	6e0a6de9 6e096de9 6e0a6de9 6e096de9     .m.n.m.n.m.n.m.n
200073bc:	6de96de9 5487768a 00210000 00200000     .m.m.v.T..!... .
200073cc:	00210000 00200000 ffffd67a ffffffff     ..!... .z.......
200073dc:	ffffffff ffffffff ffffffff ffffffff     ................
200073ec:	ffffffff ffffffff ffffffff ffffffff     ................
200073fc:	ffffffff ffffffff ffffffff ffffffff     ................
2000740c:	ffffffff ffffffff ffffffff ffffffff     ................
2000741c:	ffffffff ffffffff ffffffff ffffffff     ................
2000742c:	ffffffff ffffffff ffffffff ffffffff     ................
2000743c:	ffffffff ffffffff ffffffff ffffffff     ................
2000744c:	ffffffff ffffffff ffffffff ffffffff     ................
2000745c:	ffffffff ffffffff ffffffff ffffffff     ................
2000746c:	ffffffff ffffffff ffffffff ffffffff     ................
2000747c:	ffffffff ffffffff ffffffff ffffffff     ................
2000748c:	ffffffff ffffffff ffffffff ce39ffff     ..............9.
2000749c:	00000841 00000821 00000821 00000821     A...!...!...!...
200074ac:	21a20000 768a6548 6e09760a 6e09760a     ...!He.v.v.n.v.n
200074bc:	6e09760a 6e09760a 6e09760a 6e09760a     .v.n.v.n.v.n.v.n
200074cc:	6e09760a 6e09760a 6e09760a 6e09760a     .v.n.v.n.v.n.v.n
200074dc:	6e09760a 6e09760a 6e09760a 6e09760a     .v.n.v.n.v.n.v.n
200074ec:	6e09760a 6e09760a 6e09760a 6e09760a     .v.n.v.n.v.n.v.n
200074fc:	6e09760a 6e09760a 6e09760a 6e09760a     .v.n.v.n.v.n.v.n
2000750c:	6e09760a 5d08764a 00000000 00000821     .v.nJv.]....!...
2000751c:	00000821 00000821 00000821 00000821     !...!...!...!...
2000752c:	00000821 00000821 00000821 00000821     !...!...!...!...
2000753c:	00000821 00000821 00000821 00000821     !...!...!...!...
2000754c:	00000821 00000821 00000821 00000821     !...!...!...!...
2000755c:	762a6d89 6e09760a 6e09760a 6e09760a     .m*v.v.n.v.n.v.n
2000756c:	6e09760a 6e09760a 6e09760a 6e09760a     .v.n.v.n.v.n.v.n
2000757c:	6e09760a 6e09760a 6e09760a 6e09760a     .v.n.v.n.v.n.v.n
2000758c:	6e09760a 6e09760a 6e09760a 6e09760a     .v.n.v.n.v.n.v.n
2000759c:	6e09760a 6e09760a 6e09760a 6e09760a     .v.n.v.n.v.n.v.n
200075ac:	6e09760a 6e09760a 6e09760a 6de9760a     .v.n.v.n.v.n.v.m
200075bc:	65a97e8b 000019a2 00000821 00000821     .~.e....!...!...
200075cc:	00000821 00000020 ffffffff ffffffff     !... ...........
200075dc:	ffffffff ffffffff ffffffff ffffffff     ................
200075ec:	ffffffff ffffffff ffffffff ffffffff     ................
200075fc:	ffffffff ffffffff ffffffff ffffffff     ................
2000760c:	ffffffff ffffffff ffffffff ffffffff     ................
2000761c:	ffffffff ffffffff ffffffff ffffffff     ................
2000762c:	ffffffff ffffffff ffffffff ffffffff     ................
2000763c:	ffffffff ffffffff ffffffff ffffffff     ................
2000764c:	ffffffff ffffffff ffffffff ffffffff     ................
2000765c:	ffffffff ffffffff ffffffff ffffffff     ................
2000766c:	ffffffff ffffffff ffffffff ffffffff     ................
2000767c:	ffffffff ffffffff ffffffff ffffffff     ................
2000768c:	ffffffff ffffffff ffffffff ffffffff     ................
2000769c:	08218430 00210000 00200000 00210000     0.!...!... ...!.
200076ac:	00200000 21e30000 7e8a6588 6e0a6de9     .. ....!.e.~.m.n
200076bc:	6e096de9 6e0a6de9 6e096de9 6e0a6de9     .m.n.m.n.m.n.m.n
200076cc:	6e096de9 6e0a6de9 6e096de9 6e0a6de9     .m.n.m.n.m.n.m.n
200076dc:	6e096de9 6e0a6de9 6e096de9 6e0a6de9     .m.n.m.n.m.n.m.n
200076ec:	6e096de9 6e0a6de9 6e096de9 6e0a6de9     .m.n.m.n.m.n.m.n
200076fc:	6e096de9 6e0a6de9 6e096de9 6e0a6de9     .m.n.m.n.m.n.m.n
2000770c:	6e096de9 766a6de9 00200000 00210000     .m.n.mjv.. ...!.
2000771c:	00200000 00210000 00200000 00210000     .. ...!... ...!.
2000772c:	00200000 00210000 00200000 00210000     .. ...!... ...!.
2000773c:	00200000 00210000 00200000 00210000     .. ...!... ...!.
2000774c:	00200000 00210000 00200000 00010000     .. ...!... .....
2000775c:	6e097649 6e0a6de9 6e096de9 6e0a6de9     Iv.n.m.n.m.n.m.n
2000776c:	6e096de9 6e0a6de9 6e096de9 6e0a6de9     .m.n.m.n.m.n.m.n
2000777c:	6e096de9 6e0a6de9 6e096de9 6e0a6de9     .m.n.m.n.m.n.m.n
2000778c:	6e096de9 6e0a6de9 6e096de9 6e0a6de9     .m.n.m.n.m.n.m.n
2000779c:	6e096de9 6e0a6de9 6e096de9 6e0a6de9     .m.n.m.n.m.n.m.n
200077ac:	6e096de9 6e0a6de9 6de96de9 6da9768a     .m.n.m.n.m.m.v.m
200077bc:	00002a43 00210000 00200000 00210000     C*....!... ...!.
200077cc:	00000000 ffff0000 ffffffff ffffffff     ................
200077dc:	ffffffff ffffffff ffffffff ffffffff     ................
200077ec:	ffffffff ffffffff ffffffff ffffffff     ................
200077fc:	ffffffff ffffffff ffffffff ffffffff     ................
2000780c:	ffffffff ffffffff ffffffff ffffffff     ................
2000781c:	ffffffff ffffffff ffffffff ffffffff     ................
2000782c:	ffffffff ffffffff ffffffff ffffffff     ................
2000783c:	ffffffff ffffffff ffffffff ffffffff     ................
2000784c:	ffffffff ffffffff ffffffff ffffffff     ................
2000785c:	ffffffff ffffffff ffffffff ffffffff     ................
2000786c:	ffffffff ffffffff ffffffff ffffffff     ................
2000787c:	ffffffff ffffffff ffffffff ffffffff     ................
2000788c:	ffffffff ffffffff ffffffff ffffffff     ................
2000789c:	c638ffff 00000000 00000821 00000821     ..8.....!...!...
200078ac:	00000821 00000821 2a840000 764a6dc9     !...!......*.mJv
200078bc:	6e09760a 6e09760a 6e09760a 6e09760a     .v.n.v.n.v.n.v.n
200078cc:	6e09760a 6e09760a 6e09760a 6e09760a     .v.n.v.n.v.n.v.n
200078dc:	6e09760a 6e09760a 6e09760a 6e09760a     .v.n.v.n.v.n.v.n
200078ec:	6e09760a 6e09760a 6e09760a 6e09760a     .v.n.v.n.v.n.v.n
200078fc:	6e09760a 6e09760a 6e09760a 6e09760a     .v.n.v.n.v.n.v.n
2000790c:	6e09760a 6dc9760a 00000000 00000821     .v.n.v.m....!...
2000791c:	00000821 00000821 00000821 00000821     !...!...!...!...
2000792c:	00000821 00000821 00000821 00000821     !...!...!...!...
2000793c:	00000821 00000821 00000821 00000821     !...!...!...!...
2000794c:	00000821 00000821 00000821 00000821     !...!...!...!...
2000795c:	6de9760a 6e09760a 6e09760a 6e09760a     .v.m.v.n.v.n.v.n
2000796c:	6e09760a 6e09760a 6e09760a 6e09760a     .v.n.v.n.v.n.v.n
2000797c:	6e09760a 6e09760a 6e09760a 6e09760a     .v.n.v.n.v.n.v.n
2000798c:	6e09760a 6e09760a 6e09760a 6e09760a     .v.n.v.n.v.n.v.n
2000799c:	6e09760a 6e09760a 6e09760a 6e09760a     .v.n.v.n.v.n.v.n
200079ac:	6e09760a 6de9760a 65a97e8a 00003284     .v.n.v.m.~.e.2..
200079bc:	00000021 00000821 00000821 00000821     !...!...!...!...
200079cc:	62ec0000 ffffffff ffffffff ffffffff     ...b............
200079dc:	ffffffff ffffffff ffffffff ffffffff     ................
200079ec:	ffffffff ffffffff ffffffff ffffffff     ................
200079fc:	ffffffff ffffffff ffffffff ffffffff     ................
20007a0c:	ffffffff ffffffff ffffffff ffffffff     ................
20007a1c:	ffffffff ffffffff ffffffff ffffffff     ................
20007a2c:	ffffffff ffffffff ffffffff ffffffff     ................
20007a3c:	ffffffff ffffffff ffffffff ffffffff     ................
20007a4c:	ffffffff ffffffff ffffffff ffffffff     ................
20007a5c:	ffffffff ffffffff ffffffff ffffffff     ................
20007a6c:	ffffffff ffffffff ffffffff ffffffff     ................
20007a7c:	ffffffff ffffffff ffffffff ffffffff     ................
20007a8c:	ffffffff ffffffff ffffffff ffffffff     ................
20007a9c:	ffffffff 0000defb 00210000 00200000     ..........!... .
20007aac:	00210000 00000000 00000000 54670000     ..!...........gT
20007abc:	6e0a6e09 6e096de9 6e0a6de9 6e096de9     .n.n.m.n.m.n.m.n
20007acc:	6e0a6de9 6e096de9 6e0a6de9 6e096de9     .m.n.m.n.m.n.m.n
20007adc:	6e0a6de9 6e096de9 6e0a6de9 6e096de9     .m.n.m.n.m.n.m.n
20007aec:	6e0a6de9 6e096de9 6e0a6de9 6e096de9     .m.n.m.n.m.n.m.n
20007afc:	6e0a6de9 6e096de9 6e0a6de9 6e096de9     .m.n.m.n.m.n.m.n
20007b0c:	6e0a6de9 43857649 00210000 00200000     .m.nIv.C..!... .
20007b1c:	00210000 00200000 00210000 00200000     ..!... ...!... .
20007b2c:	00210000 00200000 00210000 00200000     ..!... ...!... .
20007b3c:	00210000 00200000 00210000 00200000     ..!... ...!... .
20007b4c:	00210000 00200000 00210000 00000000     ..!... ...!.....
20007b5c:	764a4c26 6e096de9 6e0a6de9 6e096de9     &LJv.m.n.m.n.m.n
20007b6c:	6e0a6de9 6e096de9 6e0a6de9 6e096de9     .m.n.m.n.m.n.m.n
20007b7c:	6e0a6de9 6e096de9 6e0a6de9 6e096de9     .m.n.m.n.m.n.m.n
20007b8c:	6e0a6de9 6e096de9 6e0a6de9 6e096de9     .m.n.m.n.m.n.m.n
20007b9c:	6e0a6de9 6e096de9 6e0a6de9 6e096de9     .m.n.m.n.m.n.m.n
20007bac:	6e0a6de9 764a6de9 00003b65 00000000     .m.n.mJve;......
20007bbc:	00210000 00200000 00210000 00000000     ..!... ...!.....
20007bcc:	ffffc638 ffffffff ffffffff ffffffff     8...............
20007bdc:	ffffffff ffffffff ffffffff ffffffff     ................
20007bec:	ffffffff ffffffff ffffffff ffffffff     ................
20007bfc:	ffffffff ffffffff ffffffff ffffffff     ................
20007c0c:	ffffffff ffffffff ffffffff ffffffff     ................
20007c1c:	ffffffff ffffffff ffffffff ffffffff     ................
20007c2c:	ffffffff ffffffff ffffffff ffffffff     ................
20007c3c:	ffffffff ffffffff ffffffff ffffffff     ................
20007c4c:	ffffffff ffffffff ffffffff ffffffff     ................
20007c5c:	ffffffff ffffffff ffffffff ffffffff     ................
20007c6c:	ffffffff ffffffff ffffffff ffffffff     ................
20007c7c:	ffffffff ffffffff ffffffff ffffffff     ................
20007c8c:	ffffffff ffffffff ffffffff ffffffff     ................
20007c9c:	ffffffff ffffffff 000039c7 00000821     .........9..!...
20007cac:	00000821 43e60000 54a76528 764a762a     !......C(e.T*vJv
20007cbc:	6e09760a 6e09760a 6e09760a 6e09760a     .v.n.v.n.v.n.v.n
20007ccc:	6e09760a 6e09760a 6e09760a 6e09760a     .v.n.v.n.v.n.v.n
20007cdc:	6e09760a 6e09760a 6e09760a 6e09760a     .v.n.v.n.v.n.v.n
20007cec:	6e09760a 6e09760a 6e09760a 6e09760a     .v.n.v.n.v.n.v.n
20007cfc:	6e09760a 6e09760a 6e09760a 6e09760a     .v.n.v.n.v.n.v.n
20007d0c:	6de9760a 0000762a 00000821 00000821     .v.m*v..!...!...
20007d1c:	00000821 00000821 00000821 00000821     !...!...!...!...
20007d2c:	00000821 00000821 00000821 00000821     !...!...!...!...
20007d3c:	00000821 00000821 00000821 00000821     !...!...!...!...
20007d4c:	00000821 00000821 00000821 00000821     !...!...!...!...
20007d5c:	764a0000 6e096e0a 6e09760a 6e09760a     ..Jv.n.n.v.n.v.n
20007d6c:	6e09760a 6e09760a 6e09760a 6e09760a     .v.n.v.n.v.n.v.n
20007d7c:	6e09760a 6e09760a 6e09760a 6e09760a     .v.n.v.n.v.n.v.n
20007d8c:	6e09760a 6e09760a 6e09760a 6e09760a     .v.n.v.n.v.n.v.n
20007d9c:	6e09760a 6e09760a 6e09760a 6e09760a     .v.n.v.n.v.n.v.n
20007dac:	6e09760a 6de9760a 6e09764a 5d285cc8     .v.n.v.mJv.n.\(]
20007dbc:	00004be7 00000821 00000821 e71c2104     .K..!...!....!..
20007dcc:	ffffffff ffffffff ffffffff ffffffff     ................
20007ddc:	ffffffff ffffffff ffffffff ffffffff     ................
20007dec:	ffffffff ffffffff ffffffff ffffffff     ................
20007dfc:	ffffffff ffffffff ffffffff ffffffff     ................
20007e0c:	ffffffff ffffffff ffffffff ffffffff     ................
20007e1c:	ffffffff ffffffff ffffffff ffffffff     ................
20007e2c:	ffffffff ffffffff ffffffff ffffffff     ................
20007e3c:	ffffffff ffffffff ffffffff ffffffff     ................
20007e4c:	ffffffff ffffffff ffffffff ffffffff     ................
20007e5c:	ffffffff ffffffff ffffffff ffffffff     ................
20007e6c:	ffffffff ffffffff ffffffff ffffffff     ................
20007e7c:	ffffffff ffffffff ffffffff ffffffff     ................
20007e8c:	ffffffff ffffffff ffffffff ffffffff     ................
20007e9c:	ffffffff ffffffff 0000b5b6 00210000     ..............!.
20007eac:	00200000 00000000 768a43c5 6de96e29     .. ......C.v)n.m
20007ebc:	6e096de9 6e0a6de9 6e096de9 6e0a6de9     .m.n.m.n.m.n.m.n
20007ecc:	6e096de9 6e0a6de9 6e096de9 6e0a6de9     .m.n.m.n.m.n.m.n
20007edc:	6e096de9 6e0a6de9 6e096de9 6e0a6de9     .m.n.m.n.m.n.m.n
20007eec:	6e096de9 6e0a6de9 6e096de9 6e0a6de9     .m.n.m.n.m.n.m.n
20007efc:	6e096de9 6e0a6de9 6e096de9 6e0a6de9     .m.n.m.n.m.n.m.n
20007f0c:	766a6de9 002043a5 00200000 00210000     .mjv.C ... ...!.
20007f1c:	00200000 00210000 00200000 00210000     .. ...!... ...!.
20007f2c:	00200000 00210000 00200000 00210000     .. ...!... ...!.
20007f3c:	00200000 00210000 00200000 00210000     .. ...!... ...!.
20007f4c:	00200000 00210000 00200000 00210000     .. ...!... ...!.
20007f5c:	43a60000 6e0a764a 6e096de9 6e0a6de9     ...CJv.n.m.n.m.n
20007f6c:	6e096de9 6e0a6de9 6e096de9 6e0a6de9     .m.n.m.n.m.n.m.n
20007f7c:	6e096de9 6e0a6de9 6e096de9 6e0a6de9     .m.n.m.n.m.n.m.n
20007f8c:	6e096de9 6e0a6de9 6e096de9 6e0a6de9     .m.n.m.n.m.n.m.n
20007f9c:	6e096de9 6e0a6de9 6e096de9 6e0a6de9     .m.n.m.n.m.n.m.n
20007fac:	6e096de9 6e0a6de9 766a6de9 43a6766a     .m.n.m.n.mjvjv.C
20007fbc:	00200000 00210000 00000000 ffff4a69     .. ...!.....iJ..
20007fcc:	ffffffff ffffffff ffffffff ffffffff     ................
20007fdc:	ffffffff ffffffff ffffffff ffffffff     ................
20007fec:	ffffffff ffffffff ffffffff ffffffff     ................
20007ffc:	ffffffff ffffffff ffffffff ffffffff     ................
2000800c:	ffffffff ffffffff ffffffff ffffffff     ................
2000801c:	ffffffff ffffffff ffffffff ffffffff     ................
2000802c:	ffffffff ffffffff ffffffff ffffffff     ................
2000803c:	ffffffff ffffffff ffffffff ffffffff     ................
2000804c:	ffffffff ffffffff ffffffff ffffffff     ................
2000805c:	ffffffff ffffffff ffffffff ffffffff     ................
2000806c:	ffffffff ffffffff ffffffff ffffffff     ................
2000807c:	ffffffff ffffffff ffffffff ffffffff     ................
2000808c:	ffffffff ffffffff ffffffff ffffffff     ................
2000809c:	ffffffff ffffffff 0000ffff 00000821     ............!...
200080ac:	00000821 00000821 00000000 6dc94be6     !...!........K.m
200080bc:	6e097e8b 6e09760a 6e09760a 6e09760a     .~.n.v.n.v.n.v.n
200080cc:	6e09760a 6e09760a 6e09760a 6e09760a     .v.n.v.n.v.n.v.n
200080dc:	6e09760a 6e09760a 6e09760a 6e09760a     .v.n.v.n.v.n.v.n
200080ec:	6e09760a 6e09760a 6e09760a 6e09760a     .v.n.v.n.v.n.v.n
200080fc:	6e09760a 6e09760a 6e09760a 6e09760a     .v.n.v.n.v.n.v.n
2000810c:	6dc9760a 00000000 00000821 00000821     .v.m....!...!...
2000811c:	00000821 00000821 00000821 00000821     !...!...!...!...
2000812c:	00000821 00000821 00000821 00000821     !...!...!...!...
2000813c:	00000821 00000821 00000821 00000821     !...!...!...!...
2000814c:	00000821 00000821 00000821 00000821     !...!...!...!...
2000815c:	00000821 6de9760a 6e09760a 6e09760a     !....v.m.v.n.v.n
2000816c:	6e09760a 6e09760a 6e09760a 6e09760a     .v.n.v.n.v.n.v.n
2000817c:	6e09760a 6e09760a 6e09760a 6e09760a     .v.n.v.n.v.n.v.n
2000818c:	6e09760a 6e09760a 6e09760a 6e09760a     .v.n.v.n.v.n.v.n
2000819c:	6e09760a 6e09760a 6e09760a 6e09760a     .v.n.v.n.v.n.v.n
200081ac:	6de9760a 7eaa762a 3b456dc9 00200000     .v.m*v.~.mE;.. .
200081bc:	00000821 00000821 00000821 ffffd67a     !...!...!...z...
200081cc:	ffffffff ffffffff ffffffff ffffffff     ................
200081dc:	ffffffff ffffffff ffffffff ffffffff     ................
200081ec:	ffffffff ffffffff ffffffff ffffffff     ................
200081fc:	ffffffff ffffffff ffffffff ffffffff     ................
2000820c:	ffffffff ffffffff ffffffff ffffffff     ................
2000821c:	ffffffff ffffffff ffffffff ffffffff     ................
2000822c:	ffffffff ffffffff ffffffff ffffffff     ................
2000823c:	ffffffff ffffffff ffffffff ffffffff     ................
2000824c:	ffffffff ffffffff ffffffff ffffffff     ................
2000825c:	ffffffff ffffffff ffffffff ffffffff     ................
2000826c:	ffffffff ffffffff ffffffff ffffffff     ................
2000827c:	ffffffff ffffffff ffffffff ffffffff     ................
2000828c:	ffffffff ffffffff ffffffff ffffffff     ................
2000829c:	ffffffff ffffffff 6b6dffff 00200000     ..........mk.. .
200082ac:	00210000 00200000 00210000 00000000     ..!... ...!.....
200082bc:	5cc82203 768a6e29 6de96e09 6e096de9     .".\)n.v.n.m.m.n
200082cc:	6e0a6de9 6e096de9 6e0a6de9 6e096de9     .m.n.m.n.m.n.m.n
200082dc:	6e0a6de9 6e096de9 6e0a6de9 6e096de9     .m.n.m.n.m.n.m.n
200082ec:	6e0a6de9 6e096de9 6e0a6de9 6e096de9     .m.n.m.n.m.n.m.n
200082fc:	6e0a6de9 6e096de9 6e0a6de9 6de96de9     .m.n.m.n.m.n.m.m
2000830c:	0000768a 00200000 00210000 00200000     .v.... ...!... .
2000831c:	00210000 00200000 00210000 00200000     ..!... ...!... .
2000832c:	00210000 00200000 00210000 00200000     ..!... ...!... .
2000833c:	00210000 00200000 00210000 00200000     ..!... ...!... .
2000834c:	00210000 00200000 00210000 00200000     ..!... ...!... .
2000835c:	00200000 7e8a0000 6e0a6de9 6e096de9     .. ....~.m.n.m.n
2000836c:	6e0a6de9 6e096de9 6e0a6de9 6e096de9     .m.n.m.n.m.n.m.n
2000837c:	6e0a6de9 6e096de9 6e0a6de9 6e096de9     .m.n.m.n.m.n.m.n
2000838c:	6e0a6de9 6e096de9 6e0a6de9 6e096de9     .m.n.m.n.m.n.m.n
2000839c:	6e0a6de9 6e096de9 6e0a6de9 762a6de9     .m.n.m.n.m.n.m*v
200083ac:	762a766a 198254c7 00200000 00200000     jv*v.T.... ... .
200083bc:	00210000 00200000 29250000 ffffffff     ..!... ...%)....
200083cc:	ffffffff ffffffff ffffffff ffffffff     ................
200083dc:	ffffffff ffffffff ffffffff ffffffff     ................
200083ec:	ffffffff ffffffff ffffffff ffffffff     ................
200083fc:	ffffffff ffffffff ffffffff ffffffff     ................
2000840c:	ffffffff ffffffff ffffffff ffffffff     ................
2000841c:	ffffffff ffffffff ffffffff ffffffff     ................
2000842c:	ffffffff ffffffff ffffffff ffffffff     ................
2000843c:	ffffffff ffffffff ffffffff ffffffff     ................
2000844c:	ffffffff ffffffff ffffffff ffffffff     ................
2000845c:	ffffffff ffffffff ffffffff ffffffff     ................
2000846c:	ffffffff ffffffff ffffffff ffffffff     ................
2000847c:	ffffffff ffffffff ffffffff ffffffff     ................
2000848c:	ffffffff ffffffff ffffffff ffffffff     ................
2000849c:	ffffffff ffffffff ffffffff 00002125     ............%!..
200084ac:	00000821 00000821 00000821 00000821     !...!...!...!...
200084bc:	00000821 21e30000 6de95ce8 6e09764a     !......!.\.mJv.n
200084cc:	6e09760a 6e09760a 6e09760a 6e09760a     .v.n.v.n.v.n.v.n
200084dc:	6e09760a 6e09760a 6e09760a 6e09760a     .v.n.v.n.v.n.v.n
200084ec:	6e09760a 6e09760a 6e09760a 6e09760a     .v.n.v.n.v.n.v.n
200084fc:	6e09760a 6e09760a 6e09760a 768a6e0a     .v.n.v.n.v.n.n.v
2000850c:	00203284 00000821 00000821 00000821     .2 .!...!...!...
2000851c:	00000821 00000821 00000821 00000821     !...!...!...!...
2000852c:	00000821 00000821 00000821 00000821     !...!...!...!...
2000853c:	00000821 00000821 00000821 00000821     !...!...!...!...
2000854c:	00000821 00000821 00000821 00000821     !...!...!...!...
2000855c:	00000821 2a840841 6de97e8b 6e09760a     !...A..*.~.m.v.n
2000856c:	6e09760a 6e09760a 6e09760a 6e09760a     .v.n.v.n.v.n.v.n
2000857c:	6e09760a 6e09760a 6e09760a 6e09760a     .v.n.v.n.v.n.v.n
2000858c:	6e09760a 6e09760a 6e09760a 6e09760a     .v.n.v.n.v.n.v.n
2000859c:	6e09760a 6e09760a 762a760a 54c76dc9     .v.n.v.n.v*v.m.T
200085ac:	00001902 00000000 00000821 00000821     ........!...!...
200085bc:	00000821 00000821 e71c0000 ffffffff     !...!...........
200085cc:	ffffffff ffffffff ffffffff ffffffff     ................
200085dc:	ffffffff ffffffff ffffffff ffffffff     ................
200085ec:	ffffffff ffffffff ffffffff ffffffff     ................
200085fc:	ffffffff ffffffff ffffffff ffffffff     ................
2000860c:	ffffffff ffffffff ffffffff ffffffff     ................
2000861c:	ffffffff ffffffff ffffffff ffffffff     ................
2000862c:	ffffffff ffffffff ffffffff ffffffff     ................
2000863c:	ffffffff ffffffff ffffffff ffffffff     ................
2000864c:	ffffffff ffffffff ffffffff ffffffff     ................
2000865c:	ffffffff ffffffff ffffffff ffffffff     ................
2000866c:	ffffffff ffffffff ffffffff ffffffff     ................
2000867c:	ffffffff ffffffff ffffffff ffffffff     ................
2000868c:	ffffffff ffffffff ffffffff ffffffff     ................
2000869c:	ffffffff ffffffff ffffffff 39c7ffff     ...............9
200086ac:	00200000 00210000 00200000 00210000     .. ...!... ...!.
200086bc:	00200000 00210000 00000000 6e0a5467     .. ...!.....gT.n
200086cc:	6e096de9 6e0a6de9 6e096de9 6e0a6de9     .m.n.m.n.m.n.m.n
200086dc:	6e096de9 6e0a6de9 6e096de9 6e0a6de9     .m.n.m.n.m.n.m.n
200086ec:	6e096de9 6e0a6de9 6e096de9 6e0a6de9     .m.n.m.n.m.n.m.n
200086fc:	6e096de9 6e0a6de9 6e096de9 2a64768a     .m.n.m.n.m.n.vd*
2000870c:	00200020 00210000 00200000 00210000      . ...!... ...!.
2000871c:	00200000 00210000 00200000 00210000     .. ...!... ...!.
2000872c:	00200000 00210000 00200000 00210000     .. ...!... ...!.
2000873c:	00200000 00210000 00200000 00210000     .. ...!... ...!.
2000874c:	00200000 00210000 00200000 00210000     .. ...!... ...!.
2000875c:	00200000 00200000 7e8a2a64 6e0a6de9     .. ... .d*.~.m.n
2000876c:	6e096de9 6e0a6de9 6e096de9 6e0a6de9     .m.n.m.n.m.n.m.n
2000877c:	6e096de9 6e0a6de9 6e096de9 6e0a6de9     .m.n.m.n.m.n.m.n
2000878c:	6e096de9 6e0a6de9 6e096de9 6e0a6de9     .m.n.m.n.m.n.m.n
2000879c:	6e096de9 6e0a6de9 4c066de9 00000000     .m.n.m.n.m.L....
200087ac:	00200000 00210000 00200000 00210000     .. ...!... ...!.
200087bc:	00200000 00000000 ffffc638 ffffffff     .. .....8.......
200087cc:	ffffffff ffffffff ffffffff ffffffff     ................
200087dc:	ffffffff ffffffff ffffffff ffffffff     ................
200087ec:	ffffffff ffffffff ffffffff ffffffff     ................
200087fc:	ffffffff ffffffff ffffffff ffffffff     ................
2000880c:	ffffffff ffffffff ffffffff ffffffff     ................
2000881c:	ffffffff ffffffff ffffffff ffffffff     ................
2000882c:	ffffffff ffffffff ffffffff ffffffff     ................
2000883c:	ffffffff ffffffff ffffffff ffffffff     ................
2000884c:	ffffffff ffffffff ffffffff ffffffff     ................
2000885c:	ffffffff ffffffff ffffffff ffffffff     ................
2000886c:	ffffffff ffffffff ffffffff ffffffff     ................
2000887c:	ffffffff ffffffff ffffffff ffffffff     ................
2000888c:	ffffffff ffffffff ffffffff ffffffff     ................
2000889c:	ffffffff ffffffff ffffffff ffffffff     ................
200088ac:	00009cf3 00000000 00000821 00000821     ........!...!...
200088bc:	00000821 08200821 54a71942 6e097e6a     !...!. .B..Tj~.n
200088cc:	6e09760a 6e09760a 6e09760a 6e09760a     .v.n.v.n.v.n.v.n
200088dc:	6e09760a 6e09760a 6e09760a 6e09760a     .v.n.v.n.v.n.v.n
200088ec:	6e09760a 6e09760a 6e09760a 6e09760a     .v.n.v.n.v.n.v.n
200088fc:	6e09760a 6e09760a 764a764a 00400001     .v.n.v.nJvJv..@.
2000890c:	00000821 00000821 00000821 00000821     !...!...!...!...
2000891c:	00000821 00000821 00000821 00000821     !...!...!...!...
2000892c:	00000821 00000821 00000821 00000821     !...!...!...!...
2000893c:	00000821 00000821 00000821 00000821     !...!...!...!...
2000894c:	00000821 00000821 00000821 00000821     !...!...!...!...
2000895c:	00000821 00000821 21a30020 6e29766a     !...!... ..!jv)n
2000896c:	6e09760a 6e09760a 6e09760a 6e09760a     .v.n.v.n.v.n.v.n
2000897c:	6e09760a 6e09760a 6e09760a 6e09760a     .v.n.v.n.v.n.v.n
2000898c:	6e09760a 6e09760a 6e09760a 6e09760a     .v.n.v.n.v.n.v.n
2000899c:	6e09760a 6e09760a 764a760a 11215447     .v.n.v.n.vJvGT!.
200089ac:	00000821 00000821 00000821 00000821     !...!...!...!...
200089bc:	00000000 f79e62ec ffffffff ffffffff     .....b..........
200089cc:	ffffffff ffffffff ffffffff ffffffff     ................
200089dc:	ffffffff ffffffff ffffffff ffffffff     ................
200089ec:	ffffffff ffffffff ffffffff ffffffff     ................
200089fc:	ffffffff ffffffff ffffffff ffffffff     ................
20008a0c:	ffffffff ffffffff ffffffff ffffffff     ................
20008a1c:	ffffffff ffffffff ffffffff ffffffff     ................
20008a2c:	ffffffff ffffffff ffffffff ffffffff     ................
20008a3c:	ffffffff ffffffff ffffffff ffffffff     ................
20008a4c:	ffffffff ffffffff ffffffff ffffffff     ................
20008a5c:	ffffffff ffffffff ffffffff ffffffff     ................
20008a6c:	ffffffff ffffffff ffffffff ffffffff     ................
20008a7c:	ffffffff ffffffff ffffffff ffffffff     ................
20008a8c:	ffffffff ffffffff ffffffff ffffffff     ................
20008a9c:	ffffffff ffffffff ffffffff ffffffff     ................
20008aac:	ffffffff 5aaba514 08210000 00200000     .......Z..!... .
20008abc:	00210000 21c30000 764a768a 762a6e49     ..!....!.vJvIn*v
20008acc:	760a6e09 6e096de9 6e0a6de9 6e096de9     .n.v.m.n.m.n.m.n
20008adc:	6e0a6de9 6e096de9 6e0a6de9 6e096de9     .m.n.m.n.m.n.m.n
20008aec:	6e0a6de9 6e096de9 6e0a6de9 6e096de9     .m.n.m.n.m.n.m.n
20008afc:	6e0a6de9 766a6de9 00005d28 00200000     .m.n.mjv(].... .
20008b0c:	00210000 00200000 00210000 00200000     ..!... ...!... .
20008b1c:	00210000 00200000 00210000 00200000     ..!... ...!... .
20008b2c:	00210000 00200000 00210000 00200000     ..!... ...!... .
20008b3c:	00210000 00200000 00210000 00200000     ..!... ...!... .
20008b4c:	00210000 00200000 00210000 00200000     ..!... ...!... .
20008b5c:	00210000 00200000 00210000 65280000     ..!... ...!...(e
20008b6c:	6e0a766a 6e096de9 6e0a6de9 6e096de9     jv.n.m.n.m.n.m.n
20008b7c:	6e0a6de9 6e096de9 6e0a6de9 6e096de9     .m.n.m.n.m.n.m.n
20008b8c:	6e0a6de9 6e096de9 6e0a6de9 6e096de9     .m.n.m.n.m.n.m.n
20008b9c:	6e0a6de9 6e096e09 764a6e09 766a766a     .m.n.n.n.nJvjvjv
20008bac:	000021c2 00200000 00210000 31a60000     .!.... ...!....1
20008bbc:	e73c8c51 ffffffff ffffffff ffffffff     Q.<.............
20008bcc:	ffffffff ffffffff ffffffff ffffffff     ................
20008bdc:	ffffffff ffffffff ffffffff ffffffff     ................
20008bec:	ffffffff ffffffff ffffffff ffffffff     ................
20008bfc:	ffffffff ffffffff ffffffff ffffffff     ................
20008c0c:	ffffffff ffffffff ffffffff ffffffff     ................
20008c1c:	ffffffff ffffffff ffffffff ffffffff     ................
20008c2c:	ffffffff ffffffff ffffffff ffffffff     ................
20008c3c:	ffffffff ffffffff ffffffff ffffffff     ................
20008c4c:	ffffffff ffffffff ffffffff ffffffff     ................
20008c5c:	ffffffff ffffffff ffffffff ffffffff     ................
20008c6c:	ffffffff ffffffff ffffffff ffffffff     ................
20008c7c:	ffffffff ffffffff ffffffff ffffffff     ................
20008c8c:	ffffffff ffffffff ffffffff ffffffff     ................
20008c9c:	ffffffff ffffffff ffffffff ffffffff     ................
20008cac:	ffffffff ffffffff 0000ce39 00000821     ........9...!...
20008cbc:	00000821 00000821 00000000 5ce72a04     !...!........*.\
20008ccc:	6e096589 766a766a 764a7e6a 6e29764a     .e.njvjvj~JvJv)n
20008cdc:	6e09760a 6e09760a 6e09760a 6e09760a     .v.n.v.n.v.n.v.n
20008cec:	6e09760a 6e09760a 6e09760a 6de9760a     .v.n.v.n.v.n.v.m
20008cfc:	764a760a 10c1762a 00000000 00000821     .vJv*v......!...
20008d0c:	00000821 00000821 00000821 00000821     !...!...!...!...
20008d1c:	00000821 00000821 00000821 00000821     !...!...!...!...
20008d2c:	00000821 00000821 00000821 00000821     !...!...!...!...
20008d3c:	00000821 00000821 00000821 00000821     !...!...!...!...
20008d4c:	00000821 00000821 00000821 00000821     !...!...!...!...
20008d5c:	00000821 00000821 00000821 00000821     !...!...!...!...
20008d6c:	6e091903 6e09764a 6e09760a 6e09760a     ...nJv.n.v.n.v.n
20008d7c:	6e09760a 6e09760a 6e09760a 6e09760a     .v.n.v.n.v.n.v.n
20008d8c:	6e09760a 6e09760a 762a762a 766a764a     .v.n.v.n*v*vJvjv
20008d9c:	764a7e8b 65a96de9 22035ce8 00000000     .~Jv.m.e.\."....
20008dac:	00000821 00000821 00000821 ffffa4f4     !...!...!.......
20008dbc:	ffffffff ffffffff ffffffff ffffffff     ................
20008dcc:	ffffffff ffffffff ffffffff ffffffff     ................
20008ddc:	ffffffff ffffffff ffffffff ffffffff     ................
20008dec:	ffffffff ffffffff ffffffff ffffffff     ................
20008dfc:	ffffffff ffffffff ffffffff ffffffff     ................
20008e0c:	ffffffff ffffffff ffffffff ffffffff     ................
20008e1c:	ffffffff ffffffff ffffffff ffffffff     ................
20008e2c:	ffffffff ffffffff ffffffff ffffffff     ................
20008e3c:	ffffffff ffffffff ffffffff ffffffff     ................
20008e4c:	ffffffff ffffffff ffffffff ffffffff     ................
20008e5c:	ffffffff ffffffff ffffffff ffffffff     ................
20008e6c:	ffffffff ffffffff ffffffff ffffffff     ................
20008e7c:	ffffffff ffffffff ffffffff ffffffff     ................
20008e8c:	ffffffff ffffffff ffffffff ffffffff     ................
20008e9c:	ffffffff ffffffff ffffffff ffffffff     ................
20008eac:	ffffffff ffffffff 0000ffff 00210000     ..............!.
20008ebc:	00200000 00210000 00200000 00000000     .. ...!... .....
	...
20008ed4:	00010000 544719a3 6e096e09 6e0a6de9     ......GT.n.n.m.n
20008ee4:	6e096de9 6e0a6de9 6e096de9 6e0a6de9     .m.n.m.n.m.n.m.n
20008ef4:	6e096de9 7eab6e29 190265a8 00210000     .m.n)n.~.e....!.
20008f04:	00200000 00210000 00200000 00210000     .. ...!... ...!.
20008f14:	00200000 00210000 00200000 00210000     .. ...!... ...!.
20008f24:	00200000 00210000 00200000 00210000     .. ...!... ...!.
20008f34:	00200000 00210000 00200000 00210000     .. ...!... ...!.
20008f44:	00200000 00210000 00200000 00210000     .. ...!... ...!.
20008f54:	00200000 00210000 00200000 00210000     .. ...!... ...!.
20008f64:	00200000 00210000 00000000 6de91042     .. ...!.....B..m
20008f74:	762a766a 6e0a6e09 6e096de9 6e0a6de9     jv*v.n.n.m.n.m.n
20008f84:	6e096de9 6e0a6de9 6e096de9 760a6de9     .m.n.m.n.m.n.m.v
20008f94:	00013b85 00010001 00000000 00000000     .;..............
20008fa4:	00000000 00210000 00200000 00210000     ......!... ...!.
20008fb4:	00000000 ffffd6ba ffffffff ffffffff     ................
20008fc4:	ffffffff ffffffff ffffffff ffffffff     ................
20008fd4:	ffffffff ffffffff ffffffff ffffffff     ................
20008fe4:	ffffffff ffffffff ffffffff ffffffff     ................
20008ff4:	ffffffff ffffffff ffffffff ffffffff     ................
20009004:	ffffffff ffffffff ffffffff ffffffff     ................
20009014:	ffffffff ffffffff ffffffff ffffffff     ................
20009024:	ffffffff ffffffff ffffffff ffffffff     ................
20009034:	ffffffff ffffffff ffffffff ffffffff     ................
20009044:	ffffffff ffffffff ffffffff ffffffff     ................
20009054:	ffffffff ffffffff ffffffff ffffffff     ................
20009064:	ffffffff ffffffff ffffffff ffffffff     ................
20009074:	ffffffff ffffffff ffffffff ffffffff     ................
20009084:	ffffffff ffffffff ffffffff ffffffff     ................
20009094:	ffffffff ffffffff ffffffff ffffffff     ................
200090a4:	ffffffff ffffffff ffffffff ffffffff     ................
200090b4:	c618ffff 00000000 00000821 00000821     ........!...!...
200090c4:	00000821 00000821 00000821 00000821     !...!...!...!...
200090d4:	00000821 10420821 6e09766a 6e09760a     !...!.B.jv.n.v.n
200090e4:	6e09760a 6e09760a 6e09760a 6e2a762a     .v.n.v.n.v.n*v*n
200090f4:	6de97eab 00004366 00000000 00000821     .~.mfC......!...
20009104:	00000821 00000821 00000821 00000821     !...!...!...!...
20009114:	00000821 00000821 00000821 00000821     !...!...!...!...
20009124:	00000821 00000821 00000821 00000821     !...!...!...!...
20009134:	00000821 00000821 00000821 00000821     !...!...!...!...
20009144:	00000821 00000821 00000821 00000821     !...!...!...!...
20009154:	00000821 00000821 00000821 00000821     !...!...!...!...
20009164:	00000821 00000821 00000821 00000821     !...!...!...!...
20009174:	3b450000 7e8a6dea 6e09762a 6e09760a     ..E;.m.~*v.n.v.n
20009184:	6e09760a 6e09760a 6e09760a 762a760a     .v.n.v.n.v.n.v*v
20009194:	002018e2 00000821 00000821 00000821     .. .!...!...!...
200091a4:	00000821 00000821 00000821 00000821     !...!...!...!...
200091b4:	632d0021 ffffffff ffffffff ffffffff     !.-c............
200091c4:	ffffffff ffffffff ffffffff ffffffff     ................
200091d4:	ffffffff ffffffff ffffffff ffffffff     ................
200091e4:	ffffffff ffffffff ffffffff ffffffff     ................
200091f4:	ffffffff ffffffff ffffffff ffffffff     ................
20009204:	ffffffff ffffffff ffffffff ffffffff     ................
20009214:	ffffffff ffffffff ffffffff ffffffff     ................
20009224:	ffffffff ffffffff ffffffff ffffffff     ................
20009234:	ffffffff ffffffff ffffffff ffffffff     ................
20009244:	ffffffff ffffffff ffffffff ffffffff     ................
20009254:	ffffffff ffffffff ffffffff ffffffff     ................
20009264:	ffffffff ffffffff ffffffff ffffffff     ................
20009274:	ffffffff ffffffff ffffffff ffffffff     ................
20009284:	ffffffff ffffffff ffffffff ffffffff     ................
20009294:	ffffffff ffffffff ffffffff ffffffff     ................
200092a4:	ffffffff ffffffff ffffffff ffffffff     ................
200092b4:	ffffffff 00008430 00210000 00200000     ....0.....!... .
200092c4:	00210000 00200000 00210000 00200000     ..!... ...!... .
200092d4:	00000000 766a21e3 760a6de9 6e0a6e09     .....!jv.m.v.n.n
200092e4:	762a6e09 7eaa7649 6dc9764a 19024c26     .n*vIv.~Jv.m&L..
200092f4:	00000000 00200000 00210000 00200000     ...... ...!... .
20009304:	00210000 00200000 00210000 00200000     ..!... ...!... .
20009314:	00210000 00200000 00210000 00200000     ..!... ...!... .
20009324:	00210000 00200000 00210000 00200000     ..!... ...!... .
20009334:	00210000 00200000 00210000 00200000     ..!... ...!... .
20009344:	00210000 00200000 00210000 00200000     ..!... ...!... .
20009354:	00210000 00200000 00210000 00200000     ..!... ...!... .
20009364:	00210000 00200000 00210000 00200000     ..!... ...!... .
	...
2000937c:	544710a2 764a6dc9 764a76aa 6e0a6e29     ..GT.mJv.vJv)n.n
2000938c:	760a6e09 6e096e09 18e2766a 00200000     .n.v.n.njv.... .
2000939c:	00210000 00200000 00210000 00200000     ..!... ...!... .
200093ac:	00210000 00000000 ffff0000 ffffffff     ..!.............
200093bc:	ffffffff ffffffff ffffffff ffffffff     ................
200093cc:	ffffffff ffffffff ffffffff ffffffff     ................
200093dc:	ffffffff ffffffff ffffffff ffffffff     ................
200093ec:	ffffffff ffffffff ffffffff ffffffff     ................
200093fc:	ffffffff ffffffff ffffffff ffffffff     ................
2000940c:	ffffffff ffffffff ffffffff ffffffff     ................
2000941c:	ffffffff ffffffff ffffffff ffffffff     ................
2000942c:	ffffffff ffffffff ffffffff ffffffff     ................
2000943c:	ffffffff ffffffff ffffffff ffffffff     ................
2000944c:	ffffffff ffffffff ffffffff ffffffff     ................
2000945c:	ffffffff ffffffff ffffffff ffffffff     ................
2000946c:	ffffffff ffffffff ffffffff ffffffff     ................
2000947c:	ffffffff ffffffff ffffffff ffffffff     ................
2000948c:	ffffffff ffffffff ffffffff ffffffff     ................
2000949c:	ffffffff ffffffff ffffffff ffffffff     ................
200094ac:	ffffffff ffffffff ffffffff debbffff     ................
200094bc:	00001082 00000821 00000821 00000821     ....!...!...!...
200094cc:	00000821 00000821 3b650000 548754a8     !...!.....e;.T.T
200094dc:	4c065c88 3b2543a6 19422a44 00001022     .\.L.C%;D*B."...
	...
200094f4:	00000821 00000821 00000821 00000821     !...!...!...!...
20009504:	00000821 00000821 00000821 00000821     !...!...!...!...
20009514:	00000821 00000821 00000821 00000821     !...!...!...!...
20009524:	00000821 00000821 00000821 00000021     !...!...!...!...
	...
20009540:	00000021 00000821 00000821 00000821     !...!...!...!...
20009550:	00000821 00000821 00000821 00000821     !...!...!...!...
20009560:	00000821 00000821 00000821 00000821     !...!...!...!...
20009570:	00000821 00000821 00000821 00000821     !...!...!...!...
20009580:	00000000 08220000 2a841923 43a63b25     ......".#..*%;.C
20009590:	54874c07 54875c88 00004366 00000821     .L.T.\.TfC..!...
200095a0:	00000821 00000821 00000821 00000821     !...!...!...!...
200095b0:	6b2d0000 ffffffff ffffffff ffffffff     ..-k............
200095c0:	ffffffff ffffffff ffffffff ffffffff     ................
200095d0:	ffffffff ffffffff ffffffff ffffffff     ................
200095e0:	ffffffff ffffffff ffffffff ffffffff     ................
200095f0:	ffffffff ffffffff ffffffff ffffffff     ................
20009600:	ffffffff ffffffff ffffffff ffffffff     ................
20009610:	ffffffff ffffffff ffffffff ffffffff     ................
20009620:	ffffffff ffffffff ffffffff ffffffff     ................
20009630:	ffffffff ffffffff ffffffff ffffffff     ................
20009640:	ffffffff ffffffff ffffffff ffffffff     ................
20009650:	ffffffff ffffffff ffffffff ffffffff     ................
20009660:	ffffffff ffffffff ffffffff ffffffff     ................
20009670:	ffffffff ffffffff ffffffff ffffffff     ................
20009680:	ffffffff ffffffff ffffffff ffffffff     ................
20009690:	ffffffff ffffffff ffffffff ffffffff     ................
200096a0:	ffffffff ffffffff ffffffff ffffffff     ................
200096b0:	ffffffff ffffffff ffffffff dedbffff     ................
200096c0:	082118c3 00200000 00210000 00200000     ..!... ...!... .
200096d0:	00210000 00200000 00000000 00000000     ..!... .........
200096e0:	00000000 00200000 00210000 00200000     ...... ...!... .
200096f0:	00210000 00200000 00210000 00200000     ..!... ...!... .
20009700:	00210000 00200000 00210000 00200000     ..!... ...!... .
20009710:	00210000 00200000 00210000 00200000     ..!... ...!... .
20009720:	00210000 00200000 08010000 68850040     ..!... .....@..h
20009730:	a0c88086 a8c8a8c8 a8c8a8c8 80a6a0a7     ................
20009740:	10415864 00000000 00210000 00200000     dXA.......!... .
20009750:	00210000 00200000 00210000 00200000     ..!... ...!... .
20009760:	00210000 00200000 00210000 00200000     ..!... ...!... .
20009770:	00210000 00200000 00210000 00200000     ..!... ...!... .
20009780:	00210000 00200000 00000000 00000000     ..!... .........
	...
20009798:	00210000 00200000 00210000 00200000     ..!... ...!... .
200097a8:	00000000 9cf30820 fffff79e ffffffff     .... ...........
200097b8:	ffffffff ffffffff ffffffff ffffffff     ................
200097c8:	ffffffff ffffffff ffffffff ffffffff     ................
200097d8:	ffffffff ffffffff ffffffff ffffffff     ................
200097e8:	ffffffff ffffffff ffffffff ffffffff     ................
200097f8:	ffffffff ffffffff ffffffff ffffffff     ................
20009808:	ffffffff ffffffff ffffffff ffffffff     ................
20009818:	ffffffff ffffffff ffffffff ffffffff     ................
20009828:	ffffffff ffffffff ffffffff ffffffff     ................
20009838:	ffffffff ffffffff ffffffff ffffffff     ................
20009848:	ffffffff ffffffff ffffffff ffffffff     ................
20009858:	ffffffff ffffffff ffffffff ffffffff     ................
20009868:	ffffffff ffffffff ffffffff ffffffff     ................
20009878:	ffffffff ffffffff ffffffff ffffffff     ................
20009888:	ffffffff ffffffff ffffffff ffffffff     ................
20009898:	ffffffff ffffffff ffffffff ffffffff     ................
200098a8:	ffffffff ffffffff ffffffff ffffffff     ................
200098b8:	ffffffff ffffffff ffffffff 0000c5f8     ................
200098c8:	00000821 00000821 00000821 00000821     !...!...!...!...
200098d8:	00000821 00000821 00000821 00000821     !...!...!...!...
200098e8:	00000821 00000821 00000821 00000821     !...!...!...!...
200098f8:	00000821 00000821 00000821 00000821     !...!...!...!...
20009908:	00000821 00000821 00000821 00000821     !...!...!...!...
20009918:	00000821 00000821 00000821 80a62842     !...!...!...B(..
20009928:	d90ad10a c0e9d10a c0e9c8ea c0e9c8ea     ................
20009938:	c0e9c8ea c0e9c8ea c8ead10a d0ead90a     ................
20009948:	004188a7 00000000 00000821 00000821     ..A.....!...!...
20009958:	00000821 00000821 00000821 00000821     !...!...!...!...
20009968:	00000821 00000821 00000821 00000821     !...!...!...!...
20009978:	00000821 00000821 00000821 00000821     !...!...!...!...
20009988:	00000821 00000821 00000821 00000821     !...!...!...!...
20009998:	00000821 00000821 00000821 00000821     !...!...!...!...
200099a8:	ffff7baf ffffffff ffffffff ffffffff     .{..............
200099b8:	ffffffff ffffffff ffffffff ffffffff     ................
200099c8:	ffffffff ffffffff ffffffff ffffffff     ................
200099d8:	ffffffff ffffffff ffffffff ffffffff     ................
200099e8:	ffffffff ffffffff ffffffff ffffffff     ................
200099f8:	ffffffff ffffffff ffffffff ffffffff     ................
20009a08:	ffffffff ffffffff ffffffff ffffffff     ................
20009a18:	ffffffff ffffffff ffffffff ffffffff     ................
20009a28:	ffffffff ffffffff ffffffff ffffffff     ................
20009a38:	ffffffff ffffffff ffffffff ffffffff     ................
20009a48:	ffffffff ffffffff ffffffff ffffffff     ................
20009a58:	ffffffff ffffffff ffffffff ffffffff     ................
20009a68:	ffffffff ffffffff ffffffff ffffffff     ................
20009a78:	ffffffff ffffffff ffffffff ffffffff     ................
20009a88:	ffffffff ffffffff ffffffff ffffffff     ................
20009a98:	ffffffff ffffffff ffffffff ffffffff     ................
20009aa8:	ffffffff ffffffff ffffffff ffffffff     ................
20009ab8:	ffffffff ffffffff 39e8ffdf 00210000     ...........9..!.
20009ac8:	00200000 00210000 00200000 00210000     .. ...!... ...!.
20009ad8:	00200000 00210000 00200000 00210000     .. ...!... ...!.
20009ae8:	00200000 00210000 00200000 00210000     .. ...!... ...!.
20009af8:	00200000 00210000 00200000 00210000     .. ...!... ...!.
20009b08:	00200000 00210000 00200000 00210000     .. ...!... ...!.
20009b18:	00200000 00000000 e10a8086 c8eac0e9     .. .............
20009b28:	c0e9c0e9 c8e9c0e9 c0e9c0e9 c8e9c0e9     ................
20009b38:	c0e9c0e9 c8e9c0e9 c0e9c0e9 c8e9c0e9     ................
20009b48:	d10ac0e9 88a7c8e9 00000000 00210000     ..............!.
20009b58:	00200000 00210000 00200000 00210000     .. ...!... ...!.
20009b68:	00200000 00210000 00200000 00210000     .. ...!... ...!.
20009b78:	00200000 00210000 00200000 00210000     .. ...!... ...!.
20009b88:	00200000 00210000 00200000 00210000     .. ...!... ...!.
20009b98:	00200000 00210000 00200000 00210000     .. ...!... ...!.
20009ba8:	31a60000 fffff79e ffffffff ffffffff     ...1............
20009bb8:	ffffffff ffffffff ffffffff ffffffff     ................
20009bc8:	ffffffff ffffffff ffffffff ffffffff     ................
20009bd8:	ffffffff ffffffff ffffffff ffffffff     ................
20009be8:	ffffffff ffffffff ffffffff ffffffff     ................
20009bf8:	ffffffff ffffffff ffffffff ffffffff     ................
20009c08:	ffffffff ffffffff ffffffff ffffffff     ................
20009c18:	ffffffff ffffffff ffffffff ffffffff     ................
20009c28:	ffffffff ffffffff ffffffff ffffffff     ................
20009c38:	ffffffff ffffffff ffffffff ffffffff     ................
20009c48:	ffffffff ffffffff ffffffff ffffffff     ................
20009c58:	ffffffff ffffffff ffffffff ffffffff     ................
20009c68:	ffffffff ffffffff ffffffff ffffffff     ................
20009c78:	ffffffff ffffffff ffffffff ffffffff     ................
20009c88:	ffffffff ffffffff ffffffff ffffffff     ................
20009c98:	ffffffff ffffffff ffffffff ffffffff     ................
20009ca8:	ffffffff ffffffff ffffffff ffffffff     ................
20009cb8:	ffffffff 9cf3ffff 000018a3 00000821     ............!...
20009cc8:	00000821 00000821 00000821 00000821     !...!...!...!...
20009cd8:	00000821 00000821 00000821 00000821     !...!...!...!...
20009ce8:	00000821 00000821 00000821 00000821     !...!...!...!...
20009cf8:	00000821 00000821 00000821 00000821     !...!...!...!...
20009d08:	00000821 00000821 00000821 00000821     !...!...!...!...
20009d18:	00000000 d90aa8c8 c0e9c8ea c0e9c8ea     ................
20009d28:	c0e9c8ea c0e9c8ea c0e9c8ea c0e9c8ea     ................
20009d38:	c0e9c8ea c0e9c8ea c0e9c8ea c0e9c8ea     ................
20009d48:	c0e9c8ea c8e9c8ea c0e9d10a 00000020     ............ ...
20009d58:	00000821 00000821 00000821 00000821     !...!...!...!...
20009d68:	00000821 00000821 00000821 00000821     !...!...!...!...
20009d78:	00000821 00000821 00000821 00000821     !...!...!...!...
20009d88:	00000821 00000821 00000821 00000821     !...!...!...!...
20009d98:	00000821 00000821 00000821 00000821     !...!...!...!...
20009da8:	00000821 630c0000 ffffffff ffffffff     !......c........
20009db8:	ffffffff ffffffff ffffffff ffffffff     ................
20009dc8:	ffffffff ffffffff ffffffff ffffffff     ................
20009dd8:	ffffffff ffffffff ffffffff ffffffff     ................
20009de8:	ffffffff ffffffff ffffffff ffffffff     ................
20009df8:	ffffffff ffffffff ffffffff ffffffff     ................
20009e08:	ffffffff ffffffff ffffffff ffffffff     ................
20009e18:	ffffffff ffffffff ffffffff ffffffff     ................
20009e28:	ffffffff ffffffff ffffffff ffffffff     ................
20009e38:	ffffffff ffffffff ffffffff ffffffff     ................
20009e48:	ffffffff ffffffff ffffffff ffffffff     ................
20009e58:	ffffffff ffffffff ffffffff ffffffff     ................
20009e68:	ffffffff ffffffff ffffffff ffffffff     ................
20009e78:	ffffffff ffffffff ffffffff ffffffff     ................
20009e88:	ffffffff ffffffff ffffffff ffffffff     ................
20009e98:	ffffffff ffffffff ffffffff ffffffff     ................
20009ea8:	ffffffff ffffffff ffffffff ffffffff     ................
20009eb8:	ef3dffff 00004228 00210000 00200000     ..=.(B....!... .
20009ec8:	00210000 00200000 00210000 00200000     ..!... ...!... .
20009ed8:	00210000 00200000 00000000 00000000     ..!... .........
	...
20009ef8:	00210000 00200000 00210000 00200000     ..!... ...!... .
20009f08:	00210000 00200000 00210000 00000000     ..!... ...!.....
20009f18:	d10aa8c8 c0e9c0e9 c8e9c0e9 c0e9c0e9     ................
20009f28:	c8e9c0e9 c0e9c0e9 c8e9c0e9 c0e9c0e9     ................
20009f38:	c8e9c0e9 c0e9c0e9 c8e9c0e9 c0e9c0e9     ................
20009f48:	c8e9c0e9 c0e9c0e9 c8e9c0e9 a8c8c8e9     ................
20009f58:	08000000 00200000 00210000 00200000     ...... ...!... .
20009f68:	00210000 00200000 00210000 00200000     ..!... ...!... .
20009f78:	00210000 00200000 00210000 00200000     ..!... ...!... .
20009f88:	00210000 00200000 00210000 00200000     ..!... ...!... .
20009f98:	00210000 00200000 00210000 00200000     ..!... ...!... .
20009fa8:	00210000 00000000 debb2104 ffffffff     ..!......!......
20009fb8:	ffffffff ffffffff ffffffff ffffffff     ................
20009fc8:	ffffffff ffffffff ffffffff ffffffff     ................
20009fd8:	ffffffff ffffffff ffffffff ffffffff     ................
20009fe8:	ffffffff ffffffff ffffffff ffffffff     ................
20009ff8:	ffffffff ffffffff ffffffff ffffffff     ................
2000a008:	ffffffff ffffffff ffffffff ffffffff     ................
2000a018:	ffffffff ffffffff ffffffff ffffffff     ................
2000a028:	ffffffff ffffffff ffffffff ffffffff     ................
2000a038:	ffffffff ffffffff ffffffff ffffffff     ................
2000a048:	ffffffff ffffffff ffffffff ffffffff     ................
2000a058:	ffffffff ffffffff ffffffff ffffffff     ................
2000a068:	ffffffff ffffffff ffffffff ffffffff     ................
2000a078:	ffffffff ffffffff ffffffff ffffffff     ................
2000a088:	ffffffff ffffffff ffffffff ffffffff     ................
2000a098:	ffffffff ffffffff ffffffff ffffffff     ................
2000a0a8:	ffffffff ffffffff ffffffff ffffffff     ................
2000a0b8:	0000a514 00000821 00000821 00000821     ....!...!...!...
2000a0c8:	00000821 00000821 00000821 00000821     !...!...!...!...
2000a0d8:	00000821 00200000 88a64864 c0e9b8e9     !..... .dH......
2000a0e8:	c8e9d10a c8e9d10a d0ead10a 98a7c0e9     ................
2000a0f8:	48647886 00000020 00000821 00000821     .xdH ...!...!...
2000a108:	00000821 00000821 00000821 d90a6885     !...!...!....h..
2000a118:	c0e9c90a c0e9c8ea c0e9c8ea c0e9c8ea     ................
2000a128:	c0e9c8ea c0e9c8ea c0e9c8ea c0e9c8ea     ................
2000a138:	c0e9c8ea c0e9c8ea c0e9c8ea c0e9c8ea     ................
2000a148:	c0e9c8ea c0e9c8ea c0e9c8ea c0e9c8ea     ................
2000a158:	7886d10a 00000000 00000821 00000821     ...x....!...!...
2000a168:	00000821 00000821 00000821 00000000     !...!...!.......
2000a178:	00000000 00200020 00210041 00200041     .... . .A.!.A. .
2000a188:	00000020 00000000 00000000 00000821      ...........!...
2000a198:	00000821 00000821 00000821 00000821     !...!...!...!...
2000a1a8:	00000821 00000821 00000821 ffff8410     !...!...!.......
2000a1b8:	ffffffff ffffffff ffffffff ffffffff     ................
2000a1c8:	ffffffff ffffffff ffffffff ffffffff     ................
2000a1d8:	ffffffff ffffffff ffffffff ffffffff     ................
2000a1e8:	ffffffff ffffffff ffffffff ffffffff     ................
2000a1f8:	ffffffff ffffffff ffffffff ffffffff     ................
2000a208:	ffffffff ffffffff ffffffff ffffffff     ................
2000a218:	ffffffff ffffffff ffffffff ffffffff     ................
2000a228:	ffffffff ffffffff ffffffff ffffffff     ................
2000a238:	ffffffff ffffffff ffffffff ffffffff     ................
2000a248:	ffffffff ffffffff ffffffff ffffffff     ................
2000a258:	ffffffff ffffffff ffffffff ffffffff     ................
2000a268:	ffffffff ffffffff ffffffff ffffffff     ................
2000a278:	ffffffff ffffffff ffffffff ffffffff     ................
2000a288:	ffffffff ffffffff ffffffff ffffffff     ................
2000a298:	ffffffff ffffffff ffffffff ffffffff     ................
2000a2a8:	ffffffff ffffffff ffffffff 6b4dffff     ..............Mk
2000a2b8:	00200000 00210000 00200000 00210000     .. ...!... ...!.
2000a2c8:	00200000 00210000 00000000 00200000     .. ...!....... .
2000a2d8:	c8e98886 d0eac0e9 c8eac8e9 c8e9c0e9     ................
2000a2e8:	c0e9c0e9 c0e9c0e9 c0e9c0e9 c8eac0e9     ................
2000a2f8:	d0eac8e9 0000c0e9 00200000 00210000     .......... ...!.
2000a308:	00200000 08000000 b0c80000 c0e9c8e9     .. .............
2000a318:	c0e9c0e9 c8e9c0e9 c0e9c0e9 c8e9c0e9     ................
2000a328:	c0e9c0e9 c8e9c0e9 c0e9c0e9 c8e9c0e9     ................
2000a338:	c0e9c0e9 c8e9c0e9 c0e9c0e9 c8e9c0e9     ................
2000a348:	c0e9c0e9 c8e9c0e9 c0e9c0e9 c8e9c0e9     ................
2000a358:	c8eac0e9 0020c0e9 00200000 00210000     ...... ... ...!.
2000a368:	00200000 00210000 08200000 d0ea90a7     .. ...!... .....
2000a378:	c8eac0e9 c8eac8e9 c8eac8e9 c8eac8e9     ................
2000a388:	c8e9c8e9 c8e9c8e9 6065a0a7 00000020     ..........e` ...
2000a398:	00200000 00210000 00200000 00210000     .. ...!... ...!.
2000a3a8:	00200000 00210000 00200000 4a690000     .. ...!... ...iJ
2000a3b8:	ffffef7d ffffffff ffffffff ffffffff     }...............
2000a3c8:	ffffffff ffffffff ffffffff ffffffff     ................
2000a3d8:	ffffffff ffffffff ffffffff ffffffff     ................
2000a3e8:	ffffffff ffffffff ffffffff ffffffff     ................
2000a3f8:	ffffffff ffffffff ffffffff ffffffff     ................
2000a408:	ffffffff ffffffff ffffffff ffffffff     ................
2000a418:	ffffffff ffffffff ffffffff ffffffff     ................
2000a428:	ffffffff ffffffff ffffffff ffffffff     ................
2000a438:	ffffffff ffffffff ffffffff ffffffff     ................
2000a448:	ffffffff ffffffff ffffffff ffffffff     ................
2000a458:	ffffffff ffffffff ffffffff ffffffff     ................
2000a468:	ffffffff ffffffff ffffffff ffffffff     ................
2000a478:	ffffffff ffffffff ffffffff ffffffff     ................
2000a488:	ffffffff ffffffff ffffffff ffffffff     ................
2000a498:	ffffffff ffffffff ffffffff ffffffff     ................
2000a4a8:	ffffffff ffffffff ef5dffff 00004a29     ..........].)J..
2000a4b8:	00000821 00000821 00000821 00000821     !...!...!...!...
2000a4c8:	00000821 00000821 88a60020 c8eac8ea     !...!... .......
2000a4d8:	c0e9d10a c0e9c8ea c0e9c8ea c0e9c8ea     ................
2000a4e8:	c0e9c8ea c0e9c8ea c0e9c8ea c0e9c8ea     ................
2000a4f8:	c0e9c8ea 0000a0c8 00000821 00000821     ........!...!...
2000a508:	00000821 30220821 c8e9c90a c0e9c8ea     !...!."0........
2000a518:	c0e9c8ea c0e9c8ea c0e9c8ea c0e9c8ea     ................
2000a528:	c0e9c8ea c0e9c8ea c0e9c8ea c0e9c8ea     ................
2000a538:	c0e9c8ea c0e9c8ea c0e9c8ea c0e9c8ea     ................
2000a548:	c0e9c8ea c0e9c8ea c0e9c8ea c0e9c8ea     ................
2000a558:	c0e9c8ea d0eac8ea 00005064 00000821     ........dP..!...
2000a568:	00000821 00000821 50640021 c0e9d90a     !...!...!.dP....
2000a578:	c0e9c8ea c0e9c8ea c0e9c8ea c0e9c8ea     ................
2000a588:	c0e9c8ea c0e9c8ea d0eac90a c8e9d10a     ................
2000a598:	2842a8c8 00000000 00000821 00000821     ..B(....!...!...
2000a5a8:	00000821 00000821 00000821 00210821     !...!...!...!.!.
2000a5b8:	dedb0000 ffffffff ffffffff ffffffff     ................
2000a5c8:	ffffffff ffffffff ffffffff ffffffff     ................
2000a5d8:	ffffffff ffffffff ffffffff ffffffff     ................
2000a5e8:	ffffffff ffffffff ffffffff ffffffff     ................
2000a5f8:	ffffffff ffffffff ffffffff ffffffff     ................
2000a608:	ffffffff ffffffff ffffffff ffffffff     ................
2000a618:	ffffffff ffffffff ffffffff ffffffff     ................
2000a628:	ffffffff ffffffff ffffffff ffffffff     ................
2000a638:	ffffffff ffffffff ffffffff ffffffff     ................
2000a648:	ffffffff ffffffff ffffffff ffffffff     ................
2000a658:	ffffffff ffffffff ffffffff ffffffff     ................
2000a668:	ffffffff ffffffff ffffffff ffffffff     ................
2000a678:	ffffffff ffffffff ffffffff ffffffff     ................
2000a688:	ffffffff ffffffff ffffffff ffffffff     ................
2000a698:	ffffffff ffffffff ffffffff ffffffff     ................
2000a6a8:	ffffffff ffffffff 0000defb 00200020     ............ . .
2000a6b8:	00210000 00200000 00210000 00200000     ..!... ...!... .
2000a6c8:	00000000 a8c80020 d0eac8e9 c0e9c0e9     .... ...........
2000a6d8:	c8e9c0e9 c0e9c0e9 c8e9c0e9 c0e9c0e9     ................
2000a6e8:	c8e9c0e9 c0e9c0e9 c8e9c0e9 c0e9c0e9     ................
2000a6f8:	d90ac0e9 00203022 00210000 00200000     ...."0 ...!... .
2000a708:	08000000 d90a2822 c8e9c0e9 c0e9c0e9     ...."(..........
2000a718:	c8e9c0e9 c0e9c0e9 c8e9c0e9 c0e9c0e9     ................
2000a728:	c8e9c0e9 c0e9c0e9 c8e9c0e9 c0e9c0e9     ................
2000a738:	c8e9c0e9 c0e9c0e9 c8e9c0e9 c0e9c0e9     ................
2000a748:	c8e9c0e9 c0e9c0e9 c8e9c0e9 c0e9c0e9     ................
2000a758:	c8e9c0e9 c0e9c0e9 7085d0ea 00200000     ...........p.. .
2000a768:	00210000 00200000 30420000 c0e9d8ea     ..!... ...B0....
2000a778:	c8e9c0e9 c0e9c0e9 c8e9c0e9 c0e9c0e9     ................
2000a788:	c8e9c0e9 c0e9c0e9 c8e9c0e9 c0e9c0e9     ................
2000a798:	d10ac0e9 a0c7c0e9 00000000 00200000     .............. .
2000a7a8:	00210000 00200000 00210000 00200000     ..!... ...!... .
2000a7b8:	00000000 ffffbdd7 ffffffff ffffffff     ................
2000a7c8:	ffffffff ffffffff ffffffff ffffffff     ................
2000a7d8:	ffffffff ffffffff ffffffff ffffffff     ................
2000a7e8:	ffffffff ffffffff ffffffff ffffffff     ................
2000a7f8:	ffffffff ffffffff ffffffff ffffffff     ................
2000a808:	ffffffff ffffffff ffffffff ffffffff     ................
2000a818:	ffffffff ffffffff ffffffff ffffffff     ................
2000a828:	ffffffff ffffffff ffffffff ffffffff     ................
2000a838:	ffffffff ffffffff ffffffff ffffffff     ................
2000a848:	ffffffff ffffffff ffffffff ffffffff     ................
2000a858:	ffffffff ffffffff ffffffff ffffffff     ................
2000a868:	ffffffff ffffffff ffffffff ffffffff     ................
2000a878:	ffffffff ffffffff ffffffff ffffffff     ................
2000a888:	ffffffff ffffffff ffffffff ffffffff     ................
2000a898:	ffffffff ffffffff ffffffff ffffffff     ................
2000a8a8:	ffffffff d6baffff 00210000 00000821     ..........!.!...
2000a8b8:	00000821 00000821 00000821 00000821     !...!...!...!...
2000a8c8:	a8c80000 c8e9c90a c0e9c8ea c0e9c8ea     ................
2000a8d8:	c0e9c8ea c0e9c8ea c0e9c8ea c0e9c8ea     ................
2000a8e8:	c0e9c8ea c0e9c8ea c0e9c8ea c0e9c8ea     ................
2000a8f8:	98c7c8ea 00000020 00000821 00000821     .... ...!...!...
2000a908:	58440821 c0e9d90a c0e9c8ea c0e9c8ea     !.DX............
2000a918:	c0e9c8ea c0e9c8ea c0e9c8ea c0e9c8ea     ................
2000a928:	c0e9c8ea c0e9c8ea c0e9c8ea c0e9c8ea     ................
2000a938:	c0e9c8ea c0e9c8ea c0e9c8ea c0e9c8ea     ................
2000a948:	c0e9c8ea c0e9c8ea c0e9c8ea c0e9c8ea     ................
2000a958:	c0e9c8ea c0e9c8ea d10ac8ea 00008086     ................
2000a968:	00000821 00000821 00000821 c0e9a0c8     !...!...!.......
2000a978:	c0e9c8ea c0e9c8ea c0e9c8ea c0e9c8ea     ................
2000a988:	c0e9c8ea c0e9c8ea c0e9c8ea c0e9c8ea     ................
2000a998:	c0e9c8ea c8e9c8ea a8c8d10a 00000021     ............!...
2000a9a8:	00000821 00000821 00000821 00000821     !...!...!...!...
2000a9b8:	00000821 bdd70000 ffffffff ffffffff     !...............
2000a9c8:	ffffffff ffffffff ffffffff ffffffff     ................
2000a9d8:	ffffffff ffffffff ffffffff ffffffff     ................
2000a9e8:	ffffffff ffffffff ffffffff ffffffff     ................
2000a9f8:	ffffffff ffffffff ffffffff ffffffff     ................
2000aa08:	ffffffff ffffffff ffffffff ffffffff     ................
2000aa18:	ffffffff ffffffff ffffffff ffffffff     ................
2000aa28:	ffffffff ffffffff ffffffff ffffffff     ................
2000aa38:	ffffffff ffffffff ffffffff ffffffff     ................
2000aa48:	ffffffff ffffffff ffffffff ffffffff     ................
2000aa58:	ffffffff ffffffff ffffffff ffffffff     ................
2000aa68:	ffffffff ffffffff ffffffff ffffffff     ................
2000aa78:	ffffffff ffffffff ffffffff ffffffff     ................
2000aa88:	ffffffff ffffffff ffffffff ffffffff     ................
2000aa98:	ffffffff ffffffff ffffffff ffffffff     ................
2000aaa8:	ffffffff 0000d6ba 00200000 00210000     .......... ...!.
2000aab8:	00200000 00210000 00200000 48430000     .. ...!... ...CH
2000aac8:	c8eac8e9 c8e9c0e9 c0e9c0e9 c8e9c0e9     ................
2000aad8:	c0e9c0e9 c8e9c0e9 c0e9c0e9 c8e9c0e9     ................
2000aae8:	c0e9c0e9 c8e9c0e9 c0e9c0e9 c8e9c0e9     ................
2000aaf8:	0000d0ea 00210000 00200000 08210000     ......!... ...!.
2000ab08:	d10a0000 c8e9c0e9 c0e9c0e9 c8e9c0e9     ................
2000ab18:	c0e9c0e9 c8e9c0e9 c0e9c0e9 c8e9c0e9     ................
2000ab28:	c0e9c0e9 c8e9c0e9 c0e9c0e9 c8e9c0e9     ................
2000ab38:	c0e9c0e9 c8e9c0e9 c0e9c0e9 c8e9c0e9     ................
2000ab48:	c0e9c0e9 c8e9c0e9 c0e9c0e9 c8e9c0e9     ................
2000ab58:	c0e9c0e9 c8e9c0e9 c0e9c0e9 5864d0ea     ..............dX
2000ab68:	00200000 00210000 00200000 e10b0820     .. ...!... . ...
2000ab78:	c0e9c0e9 c8e9c0e9 c0e9c0e9 c8e9c0e9     ................
2000ab88:	c0e9c0e9 c8e9c0e9 c0e9c0e9 c8e9c0e9     ................
2000ab98:	c0e9c0e9 c8e9c0e9 c8e9c0e9 98c7d0ea     ................
2000aba8:	00200000 00210000 00200000 00210000     .. ...!... ...!.
2000abb8:	00200000 00000000 ffffad75 ffffffff     .. .....u.......
2000abc8:	ffffffff ffffffff ffffffff ffffffff     ................
2000abd8:	ffffffff ffffffff ffffffff ffffffff     ................
2000abe8:	ffffffff ffffffff ffffffff ffffffff     ................
2000abf8:	ffffffff ffffffff ffffffff ffffffff     ................
2000ac08:	ffffffff ffffffff ffffffff ffffffff     ................
2000ac18:	ffffffff ffffffff ffffffff ffffffff     ................
2000ac28:	ffffffff ffffffff ffffffff ffffffff     ................
2000ac38:	ffffffff ffffffff ffffffff ffffffff     ................
2000ac48:	ffffffff ffffffff ffffffff ffffffff     ................
2000ac58:	ffffffff ffffffff ffffffff ffffffff     ................
2000ac68:	ffffffff ffffffff ffffffff ffffffff     ................
2000ac78:	ffffffff ffffffff ffffffff ffffffff     ................
2000ac88:	ffffffff ffffffff ffffffff ffffffff     ................
2000ac98:	ffffffff ffffffff ffffffff ffffffff     ................
2000aca8:	e6fcffff 00202925 00000821 00000821     ....%) .!...!...
2000acb8:	00000821 00000821 00000821 d90aa0c8     !...!...!.......
2000acc8:	c0e9c0e9 c0e9c8ea c0e9c8ea c0e9c8ea     ................
2000acd8:	c0e9c8ea c0e9c8ea c0e9c8ea c0e9c8ea     ................
2000ace8:	c0e9c8ea c0e9c8ea c0e9c8ea d90ac8ea     ................
2000acf8:	00000021 00000821 00000821 00000821     !...!...!...!...
2000ad08:	c0e9d10a c0e9c8ea c0e9c8ea c0e9c8ea     ................
2000ad18:	c0e9c8ea c0e9c8ea c0e9c8ea c0e9c8ea     ................
2000ad28:	c0e9c8ea c0e9c8ea c0e9c8ea c0e9c8ea     ................
2000ad38:	c0e9c8ea c0e9c8ea c0e9c8ea c0e9c8ea     ................
2000ad48:	c0e9c8ea c0e9c8ea c0e9c8ea c0e9c8ea     ................
2000ad58:	c0e9c8ea c0e9c8ea c0e9c8ea d0eac8ea     ................
2000ad68:	00000000 00000821 00000821 30420821     ....!...!...!.B0
2000ad78:	c0e9d10a c0e9c8ea c0e9c8ea c0e9c8ea     ................
2000ad88:	c0e9c8ea c0e9c8ea c0e9c8ea c0e9c8ea     ................
2000ad98:	c0e9c8ea c0e9c8ea c0e9c8ea c8e9c8ea     ................
2000ada8:	0021c0e9 00000021 00000821 00000821     ..!.!...!...!...
2000adb8:	00000821 00000821 ce590000 ffffffff     !...!.....Y.....
2000adc8:	ffffffff ffffffff ffffffff ffffffff     ................
2000add8:	ffffffff ffffffff ffffffff ffffffff     ................
2000ade8:	ffffffff ffffffff ffffffff ffffffff     ................
2000adf8:	ffffffff ffffffff ffffffff ffffffff     ................
2000ae08:	ffffffff ffffffff ffffffff ffffffff     ................
2000ae18:	ffffffff ffffffff ffffffff ffffffff     ................
2000ae28:	ffffffff ffffffff ffffffff ffffffff     ................
2000ae38:	ffffffff ffffffff ffffffff ffffffff     ................
2000ae48:	ffffffff ffffffff ffffffff ffffffff     ................
2000ae58:	ffffffff ffffffff ffffffff ffffffff     ................
2000ae68:	ffffffff ffffffff ffffffff ffffffff     ................
2000ae78:	ffffffff ffffffff ffffffff ffffffff     ................
2000ae88:	ffffffff ffffffff ffffffff ffffffff     ................
2000ae98:	ffffffff ffffffff ffffffff ffffffff     ................
2000aea8:	3165ffff 00200000 00210000 00200000     ..e1.. ...!... .
2000aeb8:	00210000 08200000 b8e90000 c0e9c8e9     ..!... .........
2000aec8:	c8e9c0e9 c0e9c0e9 c8e9c0e9 c0e9c0e9     ................
2000aed8:	c8e9c0e9 c0e9c0e9 c8e9c0e9 c0e9c0e9     ................
2000aee8:	c8e9c0e9 c0e9c0e9 c8e9c0e9 6064d0e9     ..............d`
2000aef8:	00210000 00200000 00210000 88a70000     ..!... ...!.....
2000af08:	c8e9c8e9 c0e9c0e9 c8e9c0e9 c0e9c0e9     ................
2000af18:	c8e9c0e9 c0e9c0e9 c8e9c0e9 c0e9c0e9     ................
2000af28:	c8e9c0e9 c0e9c0e9 c8e9c0e9 c0e9c0e9     ................
2000af38:	c8e9c0e9 c0e9c0e9 c8e9c0e9 c0e9c0e9     ................
2000af48:	c8e9c0e9 c0e9c0e9 c8e9c0e9 c0e9c0e9     ................
2000af58:	c8e9c0e9 c0e9c0e9 c8e9c0e9 c8eac0e9     ................
2000af68:	0000a8c8 00200000 00210000 00000000     ...... ...!.....
2000af78:	c8ea8086 c0e9c0e9 c8e9c0e9 c0e9c0e9     ................
2000af88:	c8e9c0e9 c0e9c0e9 c8e9c0e9 c0e9c0e9     ................
2000af98:	c8e9c0e9 c0e9c0e9 c8e9c0e9 c0e9c0e9     ................
2000afa8:	e10bc0e9 00007885 00210000 00200000     .....x....!... .
2000afb8:	00210000 00200000 00000000 ffffdefb     ..!... .........
2000afc8:	ffffffff ffffffff ffffffff ffffffff     ................
2000afd8:	ffffffff ffffffff ffffffff ffffffff     ................
2000afe8:	ffffffff ffffffff ffffffff ffffffff     ................
2000aff8:	ffffffff ffffffff ffffffff ffffffff     ................
2000b008:	ffffffff ffffffff ffffffff ffffffff     ................
2000b018:	ffffffff ffffffff ffffffff ffffffff     ................
2000b028:	ffffffff ffffffff ffffffff ffffffff     ................
2000b038:	ffffffff ffffffff ffffffff ffffffff     ................
2000b048:	ffffffff ffffffff ffffffff ffffffff     ................
2000b058:	ffffffff ffffffff ffffffff ffffffff     ................
2000b068:	ffffffff ffffffff ffffffff ffffffff     ................
2000b078:	ffffffff ffffffff ffffffff ffffffff     ................
2000b088:	ffffffff ffffffff ffffffff ffffffff     ................
2000b098:	ffffffff ffffffff ffffffff ffffffff     ................
2000b0a8:	002041e8 00000821 00000821 00000821     .A .!...!...!...
2000b0b8:	00000821 20210821 c0e9c8ea c0e9c8ea     !...!.! ........
2000b0c8:	c0e9c8ea c0e9c8ea c0e9c8ea c0e9c8ea     ................
2000b0d8:	c0e9c8ea c0e9c8ea c0e9c8ea c0e9c8ea     ................
2000b0e8:	c0e9c8ea c0e9c8ea c8eac8ea 000080a6     ................
2000b0f8:	00000821 00000821 00000821 c8e90000     !...!...!.......
2000b108:	c0e9c8ea c0e9c8ea c0e9c8ea c0e9c8ea     ................
2000b118:	c0e9c8ea c0e9c8ea c0e9c8ea c0e9c8ea     ................
2000b128:	c0e9c8ea c0e9c8ea c0e9c8ea c0e9c8ea     ................
2000b138:	c0e9c8ea c0e9c8ea c0e9c8ea c0e9c8ea     ................
2000b148:	c0e9c8ea c0e9c8ea c0e9c8ea c0e9c8ea     ................
2000b158:	c0e9c8ea c0e9c8ea c0e9c8ea c0e9c8ea     ................
2000b168:	0020d90a 00000821 00000821 00000821     .. .!...!...!...
2000b178:	b0c80000 c0e9c8ea c0e9c8ea c0e9c8ea     ................
2000b188:	c0e9c8ea c0e9c8ea c0e9c8ea c0e9c8ea     ................
2000b198:	c0e9c8ea c0e9c8ea c0e9c8ea c0e9c8ea     ................
2000b1a8:	c0e9c8ea 98a7d90a 00000000 00000821     ............!...
2000b1b8:	00000821 00000821 00200821 ffff2104     !...!...!. ..!..
2000b1c8:	ffffffff ffffffff ffffffff ffffffff     ................
2000b1d8:	ffffffff ffffffff ffffffff ffffffff     ................
2000b1e8:	ffffffff ffffffff ffffffff ffffffff     ................
2000b1f8:	ffffffff ffffffff ffffffff ffffffff     ................
2000b208:	ffffffff ffffffff ffffffff ffffffff     ................
2000b218:	ffffffff ffffffff ffffffff ffffffff     ................
2000b228:	ffffffff ffffffff ffffffff ffffffff     ................
2000b238:	ffffffff ffffffff ffffffff ffffffff     ................
2000b248:	ffffffff ffffffff ffffffff ffffffff     ................
2000b258:	ffffffff ffffffff ffffffff ffffffff     ................
2000b268:	ffffffff ffffffff ffffffff ffffffff     ................
2000b278:	ffffffff ffffffff ffffffff ffffffff     ................
2000b288:	ffffffff ffffffff ffffffff ffffffff     ................
2000b298:	ffffffff ffffffff ffffffff 9cd3ffff     ................
2000b2a8:	00200000 00210000 00200000 00210000     .. ...!... ...!.
2000b2b8:	08200000 d10a0000 c0e9c0e9 c8e9c0e9     .. .............
2000b2c8:	c0e9c0e9 c8e9c0e9 c0e9c0e9 c8e9c0e9     ................
2000b2d8:	c0e9c0e9 c8e9c0e9 c0e9c0e9 c8e9c0e9     ................
2000b2e8:	c0e9c0e9 c8e9c0e9 a8c8c8e9 00210000     ..............!.
2000b2f8:	00200000 00210000 00200000 c8ea4043     .. ...!... .C@..
2000b308:	c0e9c0e9 c8e9c0e9 c0e9c0e9 c8e9c0e9     ................
2000b318:	c0e9c0e9 c8e9c0e9 c0e9c0e9 c8e9c0e9     ................
2000b328:	c0e9c0e9 c8e9c0e9 c0e9c0e9 c8e9c0e9     ................
2000b338:	c0e9c0e9 c8e9c0e9 c0e9c0e9 c8e9c0e9     ................
2000b348:	c0e9c0e9 c8e9c0e9 c0e9c0e9 c8e9c0e9     ................
2000b358:	c0e9c0e9 c8e9c0e9 c0e9c0e9 c8e9c0e9     ................
2000b368:	a0c8c0e9 00210000 00200000 00210000     ......!... ...!.
2000b378:	00000000 c8eac8e9 c0e9c0e9 c8e9c0e9     ................
2000b388:	c0e9c0e9 c8e9c0e9 c0e9c0e9 c8e9c0e9     ................
2000b398:	c0e9c0e9 c8e9c0e9 c0e9c0e9 c8e9c0e9     ................
2000b3a8:	c0e9c0e9 d10ac0e9 0000a0a7 00210000     ..............!.
2000b3b8:	00200000 00210000 00200000 42080000     .. ...!... ....B
2000b3c8:	ffffffff ffffffff ffffffff ffffffff     ................
2000b3d8:	ffffffff ffffffff ffffffff ffffffff     ................
2000b3e8:	ffffffff ffffffff ffffffff ffffffff     ................
2000b3f8:	ffffffff ffffffff ffffffff ffffffff     ................
2000b408:	ffffffff ffffffff ffffffff ffffffff     ................
2000b418:	ffffffff ffffffff ffffffff ffffffff     ................
2000b428:	ffffffff ffffffff ffffffff ffffffff     ................
2000b438:	ffffffff ffffffff ffffffff ffffffff     ................
2000b448:	ffffffff ffffffff ffffffff ffffffff     ................
2000b458:	ffffffff ffffffff ffffffff ffffffff     ................
2000b468:	ffffffff ffffffff ffffffff ffffffff     ................
2000b478:	ffffffff ffffffff ffffffff ffffffff     ................
2000b488:	ffffffff ffffffff ffffffff ffffffff     ................
2000b498:	ffffffff ffffffff ffffffff 0000ffbf     ................
2000b4a8:	00000821 00000821 00000821 00000821     !...!...!...!...
2000b4b8:	00000821 c0e9c8ea c0e9c8ea c0e9c8ea     !...............
2000b4c8:	c0e9c8ea c0e9c8ea c0e9c8ea c0e9c8ea     ................
2000b4d8:	c0e9c8ea c0e9c8ea c0e9c8ea c0e9c8ea     ................
2000b4e8:	c0e9c8ea c8e9c8ea 0000c0e9 00000821     ............!...
2000b4f8:	00000821 00000821 00000821 c8ea7886     !...!...!....x..
2000b508:	c0e9c8ea c0e9c8ea c0e9c8ea c0e9c8ea     ................
2000b518:	c0e9c8ea c0e9c8ea c0e9c8ea c0e9c8ea     ................
2000b528:	c0e9c8ea c0e9c8ea c0e9c8ea c0e9c8ea     ................
2000b538:	c0e9c8ea c0e9c8ea c0e9c8ea c0e9c8ea     ................
2000b548:	c0e9c8ea c0e9c8ea c0e9c8ea c0e9c8ea     ................
2000b558:	c0e9c8ea c0e9c8ea c0e9c8ea c0e9c8ea     ................
2000b568:	c0e9c8ea 00000000 00000821 00000821     ........!...!...
2000b578:	00000821 d0ea0000 c0e9c8ea c0e9c8ea     !...............
2000b588:	c0e9c8ea c0e9c8ea c0e9c8ea c0e9c8ea     ................
2000b598:	c0e9c8ea c0e9c8ea c0e9c8ea c0e9c8ea     ................
2000b5a8:	c0e9c8ea c0e9c8ea a8c8d10a 00000000     ................
2000b5b8:	00000821 00000821 00000821 00000821     !...!...!...!...
2000b5c8:	ffffc5f8 ffffffff ffffffff ffffffff     ................
2000b5d8:	ffffffff ffffffff ffffffff ffffffff     ................
2000b5e8:	ffffffff ffffffff ffffffff ffffffff     ................
2000b5f8:	ffffffff ffffffff ffffffff ffffffff     ................
2000b608:	ffffffff ffffffff ffffffff ffffffff     ................
2000b618:	ffffffff ffffffff ffffffff ffffffff     ................
2000b628:	ffffffff ffffffff ffffffff ffffffff     ................
2000b638:	ffffffff ffffffff ffffffff ffffffff     ................
2000b648:	ffffffff ffffffff ffffffff ffffffff     ................
2000b658:	ffffffff ffffffff ffffffff ffffffff     ................
2000b668:	ffffffff ffffffff ffffffff ffffffff     ................
2000b678:	ffffffff ffffffff ffffffff ffffffff     ................
2000b688:	ffffffff ffffffff ffffffff ffffffff     ................
2000b698:	ffffffff ffffffff ffffffff 002008c1     .............. .
2000b6a8:	00210000 00200000 00210000 00200000     ..!... ...!... .
2000b6b8:	b0e90000 c0e9c0e9 c8e9c0e9 c0e9c0e9     ................
2000b6c8:	c8e9c0e9 c0e9c0e9 c8e9c0e9 c0e9c0e9     ................
2000b6d8:	c8e9c0e9 c0e9c0e9 c8e9c0e9 c0e9c0e9     ................
2000b6e8:	c8e9c0e9 b8e9c8e9 00210000 00200000     ..........!... .
2000b6f8:	00210000 00200000 00210000 d0ea3843     ..!... ...!.C8..
2000b708:	c8e9c0e9 c0e9c0e9 c8e9c0e9 c0e9c0e9     ................
2000b718:	c8e9c0e9 c0e9c0e9 c8e9c0e9 c0e9c0e9     ................
2000b728:	c8e9c0e9 c0e9c0e9 c8e9c0e9 c0e9c0e9     ................
2000b738:	c8e9c0e9 c0e9c0e9 c8e9c0e9 c0e9c0e9     ................
2000b748:	c8e9c0e9 c0e9c0e9 c8e9c0e9 c0e9c0e9     ................
2000b758:	c8e9c0e9 c0e9c0e9 c8e9c0e9 c0e9c0e9     ................
2000b768:	c8eac0e9 00200000 00210000 00200000     ...... ...!... .
2000b778:	00210000 00200000 c8e9c8e9 c0e9c0e9     ..!... .........
2000b788:	c8e9c0e9 c0e9c0e9 c8e9c0e9 c0e9c0e9     ................
2000b798:	c8e9c0e9 c0e9c0e9 c8e9c0e9 c0e9c0e9     ................
2000b7a8:	c8e9c0e9 c0e9c0e9 d10ac0e9 000088a6     ................
2000b7b8:	00210000 00200000 00210000 00200000     ..!... ...!... .
2000b7c8:	ffff0821 ffffffff ffffffff ffffffff     !...............
2000b7d8:	ffffffff ffffffff ffffffff ffffffff     ................
2000b7e8:	ffffffff ffffffff ffffffff ffffffff     ................
2000b7f8:	ffffffff ffffffff ffffffff ffffffff     ................
2000b808:	ffffffff ffffffff ffffffff ffffffff     ................
2000b818:	ffffffff ffffffff ffffffff ffffffff     ................
2000b828:	ffffffff ffffffff ffffffff ffffffff     ................
2000b838:	ffffffff ffffffff ffffffff ffffffff     ................
2000b848:	ffffffff ffffffff ffffffff ffffffff     ................
2000b858:	ffffffff ffffffff ffffffff ffffffff     ................
2000b868:	ffffffff ffffffff ffffffff ffffffff     ................
2000b878:	ffffffff ffffffff ffffffff ffffffff     ................
2000b888:	ffffffff ffffffff ffffffff ffffffff     ................
2000b898:	ffffffff ffffffff dedbffff 00000000     ................
2000b8a8:	00000821 00000821 00000821 00000821     !...!...!...!...
2000b8b8:	d0ea88a6 c0e9c8ea c0e9c8ea c0e9c8ea     ................
2000b8c8:	c0e9c8ea c0e9c8ea c0e9c8ea c0e9c8ea     ................
2000b8d8:	c0e9c8ea c0e9c8ea c0e9c8ea c0e9c8ea     ................
2000b8e8:	c8e9c8ea 0000b8e9 00000821 00000821     ........!...!...
2000b8f8:	00000821 00000821 00000821 c8e90020     !...!...!... ...
2000b908:	c0e9c8ea c0e9c8ea c0e9c8ea c0e9c8ea     ................
2000b918:	c0e9c8ea c0e9c8ea c0e9c8ea c0e9c8ea     ................
2000b928:	c0e9c8ea c0e9c8ea c0e9c8ea c0e9c8ea     ................
2000b938:	c0e9c8ea c0e9c8ea c0e9c8ea c0e9c8ea     ................
2000b948:	c0e9c8ea c0e9c8ea c0e9c8ea c0e9c8ea     ................
2000b958:	c0e9c8ea c0e9c8ea c0e9c8ea c0e9c8ea     ................
2000b968:	d0eac8ea 00000000 00000821 00000821     ........!...!...
2000b978:	00000821 00000821 d0ea0020 c0e9c8ea     !...!... .......
2000b988:	c0e9c8ea c0e9c8ea c0e9c8ea c0e9c8ea     ................
2000b998:	c0e9c8ea c0e9c8ea c0e9c8ea c0e9c8ea     ................
2000b9a8:	c0e9c8ea c0e9c8ea c0e9c8ea 6865d10a     ..............eh
2000b9b8:	00000021 00000821 00000821 00000821     !...!...!...!...
2000b9c8:	528a0821 ffffffff ffffffff ffffffff     !..R............
2000b9d8:	ffffffff ffffffff ffffffff ffffffff     ................
2000b9e8:	ffffffff ffffffff ffffffff ffffffff     ................
2000b9f8:	ffffffff ffffffff ffffffff ffffffff     ................
2000ba08:	ffffffff ffffffff ffffffff ffffffff     ................
2000ba18:	ffffffff ffffffff ffffffff ffffffff     ................
2000ba28:	ffffffff ffffffff ffffffff ffffffff     ................
2000ba38:	ffffffff ffffffff ffffffff ffffffff     ................
2000ba48:	ffffffff ffffffff ffffffff ffffffff     ................
2000ba58:	ffffffff ffffffff ffffffff ffffffff     ................
2000ba68:	ffffffff ffffffff ffffffff ffffffff     ................
2000ba78:	ffffffff ffffffff ffffffff ffffffff     ................
2000ba88:	ffffffff ffffffff ffffffff ffffffff     ................
2000ba98:	ffffffff ffffffff 0000ffff 00210000     ..............!.
2000baa8:	00200000 00210000 00200000 00210000     .. ...!... ...!.
2000bab8:	c0e9d0ea c8e9c0e9 c0e9c0e9 c8e9c0e9     ................
2000bac8:	c0e9c0e9 c8e9c0e9 c0e9c0e9 c8e9c0e9     ................
2000bad8:	c0e9c0e9 c8e9c0e9 c0e9c0e9 c8e9c0e9     ................
2000bae8:	b8e9c8e9 00210000 00200000 00210000     ......!... ...!.
2000baf8:	00200000 00210000 00200000 c8e90000     .. ...!... .....
2000bb08:	c0e9c0e9 c8e9c0e9 c0e9c0e9 c8e9c0e9     ................
2000bb18:	c0e9c0e9 c8e9c0e9 c0e9c0e9 c8e9c0e9     ................
2000bb28:	c0e9c0e9 c8e9c0e9 c0e9c0e9 c8e9c0e9     ................
2000bb38:	c0e9c0e9 c8e9c0e9 c0e9c0e9 c8e9c0e9     ................
2000bb48:	c0e9c0e9 c8e9c0e9 c0e9c0e9 c8e9c0e9     ................
2000bb58:	c0e9c0e9 c8e9c0e9 c0e9c0e9 c8e9c0e9     ................
2000bb68:	b8e9c0e9 00210000 00200000 00210000     ......!... ...!.
2000bb78:	00200000 00210000 00200000 c8e9c8e9     .. ...!... .....
2000bb88:	c0e9c0e9 c8e9c0e9 c0e9c0e9 c8e9c0e9     ................
2000bb98:	c0e9c0e9 c8e9c0e9 c0e9c0e9 c8e9c0e9     ................
2000bba8:	c0e9c0e9 c8e9c0e9 c0e9c0e9 d10ac0e9     ................
2000bbb8:	00200000 00210000 00200000 00210000     .. ...!... ...!.
2000bbc8:	00200000 ffffffdf ffffffff ffffffff     .. .............
2000bbd8:	ffffffff ffffffff ffffffff ffffffff     ................
2000bbe8:	ffffffff ffffffff ffffffff ffffffff     ................
2000bbf8:	ffffffff ffffffff ffffffff ffffffff     ................
2000bc08:	ffffffff ffffffff ffffffff ffffffff     ................
2000bc18:	ffffffff ffffffff ffffffff ffffffff     ................
2000bc28:	ffffffff ffffffff ffffffff ffffffff     ................
2000bc38:	ffffffff ffffffff ffffffff ffffffff     ................
2000bc48:	ffffffff ffffffff ffffffff ffffffff     ................
2000bc58:	ffffffff ffffffff ffffffff ffffffff     ................
2000bc68:	ffffffff ffffffff ffffffff ffffffff     ................
2000bc78:	ffffffff ffffffff ffffffff ffffffff     ................
2000bc88:	ffffffff ffffffff ffffffff ffffffff     ................
2000bc98:	ffffffff ffffffff 0000ce39 00000821     ........9...!...
2000bca8:	00000821 00000821 00000821 b8e90000     !...!...!.......
2000bcb8:	c0e9c0e9 c0e9c8ea c0e9c8ea c0e9c8ea     ................
2000bcc8:	c0e9c8ea c0e9c8ea c0e9c8ea c0e9c8ea     ................
2000bcd8:	c0e9c8ea c0e9c8ea c0e9c8ea c8e9c8ea     ................
2000bce8:	0000b0e9 00000821 00000821 00000821     ....!...!...!...
2000bcf8:	00000821 00000821 00000821 28420821     !...!...!...!.B(
2000bd08:	c0e9d10a c0e9c8ea c0e9c8ea c0e9c8ea     ................
2000bd18:	c0e9c8ea c0e9c8ea c0e9c8ea c0e9c8ea     ................
2000bd28:	c0e9c8ea c0e9c8ea c0e9c8ea c0e9c8ea     ................
2000bd38:	c0e9c8ea c0e9c8ea c0e9c8ea c0e9c8ea     ................
2000bd48:	c0e9c8ea c0e9c8ea c0e9c8ea c0e9c8ea     ................
2000bd58:	c0e9c8ea c0e9c8ea c0e9c8ea c0e9c8ea     ................
2000bd68:	88a6c90a 00000801 00000821 00000821     ........!...!...
2000bd78:	00000821 00000821 00000821 d0ea0020     !...!...!... ...
2000bd88:	c0e9c8ea c0e9c8ea c0e9c8ea c0e9c8ea     ................
2000bd98:	c0e9c8ea c0e9c8ea c0e9c8ea c0e9c8ea     ................
2000bda8:	c0e9c8ea c0e9c8ea c0e9c8ea c0e9c8ea     ................
2000bdb8:	0000b8e9 00000821 00000821 00000821     ....!...!...!...
2000bdc8:	00000821 ffff5aab ffffffff ffffffff     !....Z..........
2000bdd8:	ffffffff ffffffff ffffffff ffffffff     ................
2000bde8:	ffffffff ffffffff ffffffff ffffffff     ................
2000bdf8:	ffffffff ffffffff ffffffff ffffffff     ................
2000be08:	ffffffff ffffffff ffffffff ffffffff     ................
2000be18:	ffffffff ffffffff ffffffff ffffffff     ................
2000be28:	ffffffff ffffffff ffffffff ffffffff     ................
2000be38:	ffffffff ffffffff ffffffff ffffffff     ................
2000be48:	ffffffff ffffffff ffffffff ffffffff     ................
2000be58:	ffffffff ffffffff ffffffff ffffffff     ................
2000be68:	ffffffff ffffffff ffffffff ffffffff     ................
2000be78:	ffffffff ffffffff ffffffff ffffffff     ................
2000be88:	ffffffff ffffffff ffffffff ffffffff     ................
2000be98:	ffffffff ffffffff 00210000 00200000     ..........!... .
2000bea8:	00210000 00200000 00210000 d10a6064     ..!... ...!.d`..
2000beb8:	c8e9c0e9 c0e9c0e9 c8e9c0e9 c0e9c0e9     ................
2000bec8:	c8e9c0e9 c0e9c0e9 c8e9c0e9 c0e9c0e9     ................
2000bed8:	c8e9c0e9 c0e9c0e9 c8e9c0e9 a0c8c8e9     ................
2000bee8:	00210000 00200000 00210000 00200000     ..!... ...!... .
2000bef8:	00210000 00200000 00210000 00000000     ..!... ...!.....
2000bf08:	c8eaa8c8 c0e9c0e9 c8e9c0e9 c0e9c0e9     ................
2000bf18:	c8e9c0e9 c0e9c0e9 c8e9c0e9 c0e9c0e9     ................
2000bf28:	c8e9c0e9 c0e9c0e9 c8e9c0e9 c0e9c0e9     ................
2000bf38:	c8e9c0e9 c0e9c0e9 c8e9c0e9 c0e9c0e9     ................
2000bf48:	c8e9c0e9 c0e9c0e9 c8e9c0e9 c0e9c0e9     ................
2000bf58:	c8e9c0e9 c0e9c0e9 c8e9c0e9 c0e9c0e9     ................
2000bf68:	0020d0ea 00200000 00210000 00200000     .. ... ...!... .
2000bf78:	00210000 00200000 00210000 00000000     ..!... ...!.....
2000bf88:	c0e9c0e9 c0e9c0e9 c8e9c0e9 c0e9c0e9     ................
2000bf98:	c8e9c0e9 c0e9c0e9 c8e9c0e9 c0e9c0e9     ................
2000bfa8:	c8e9c0e9 c0e9c0e9 c8e9c0e9 c0e9c0e9     ................
2000bfb8:	6865d0ea 00200000 00210000 00200000     ..eh.. ...!... .
2000bfc8:	00210000 ffff0000 ffffffff ffffffff     ..!.............
2000bfd8:	ffffffff ffffffff ffffffff ffffffff     ................
2000bfe8:	ffffffff ffffffff ffffffff ffffffff     ................
2000bff8:	ffffffff ffffffff ffffffff ffffffff     ................
2000c008:	ffffffff ffffffff ffffffff ffffffff     ................
2000c018:	ffffffff ffffffff ffffffff ffffffff     ................
2000c028:	ffffffff ffffffff ffffffff ffffffff     ................
2000c038:	ffffffff ffffffff ffffffff ffffffff     ................
2000c048:	ffffffff ffffffff ffffffff ffffffff     ................
2000c058:	ffffffff ffffffff ffffffff ffffffff     ................
2000c068:	ffffffff ffffffff ffffffff ffffffff     ................
2000c078:	ffffffff ffffffff ffffffff ffffffff     ................
2000c088:	ffffffff ffffffff ffffffff ffffffff     ................
2000c098:	ffffffff ffdfffff 00000000 00000821     ............!...
2000c0a8:	00000821 00000821 00000821 c0e9c0e9     !...!...!.......
2000c0b8:	c0e9c8ea c0e9c8ea c0e9c8ea c0e9c8ea     ................
2000c0c8:	c0e9c8ea c0e9c8ea c0e9c8ea c0e9c8ea     ................
2000c0d8:	c0e9c8ea c0e9c8ea d8eac8ea 000080a6     ................
2000c0e8:	00000821 00000821 00000821 00000821     !...!...!...!...
2000c0f8:	00000821 00000821 00000821 00000821     !...!...!...!...
2000c108:	c0e90000 c0e9c0e9 c0e9c8ea c0e9c8ea     ................
2000c118:	c0e9c8ea c0e9c8ea c0e9c8ea c0e9c8ea     ................
2000c128:	c0e9c8ea c0e9c8ea c0e9c8ea c0e9c8ea     ................
2000c138:	c0e9c8ea c0e9c8ea c0e9c8ea c0e9c8ea     ................
2000c148:	c0e9c8ea c0e9c8ea c0e9c8ea c0e9c8ea     ................
2000c158:	c0e9c8ea c0e9c8ea c0e9c8ea c8eac8ea     ................
2000c168:	000090a7 00000821 00000821 00000821     ....!...!...!...
2000c178:	00000821 00000821 00000821 00000821     !...!...!...!...
2000c188:	c0e90000 c0e9c8ea c0e9c8ea c0e9c8ea     ................
2000c198:	c0e9c8ea c0e9c8ea c0e9c8ea c0e9c8ea     ................
2000c1a8:	c0e9c8ea c0e9c8ea c0e9c8ea c0e9c8ea     ................
2000c1b8:	c0e9c8ea 00000000 00000821 00000821     ........!...!...
2000c1c8:	00000821 ad550821 ffffffff ffffffff     !...!.U.........
2000c1d8:	ffffffff ffffffff ffffffff ffffffff     ................
2000c1e8:	ffffffff ffffffff ffffffff ffffffff     ................
2000c1f8:	ffffffff ffffffff ffffffff ffffffff     ................
2000c208:	ffffffff ffffffff ffffffff ffffffff     ................
2000c218:	ffffffff ffffffff ffffffff ffffffff     ................
2000c228:	ffffffff ffffffff ffffffff ffffffff     ................
2000c238:	ffffffff ffffffff ffffffff ffffffff     ................
2000c248:	ffffffff ffffffff ffffffff ffffffff     ................
2000c258:	ffffffff ffffffff ffffffff ffffffff     ................
2000c268:	ffffffff ffffffff ffffffff ffffffff     ................
2000c278:	ffffffff ffffffff ffffffff ffffffff     ................
2000c288:	ffffffff ffffffff ffffffff ffffffff     ................
2000c298:	ffffffff 52aaffff 00200000 00210000     .......R.. ...!.
2000c2a8:	00200000 00210000 60650000 c8e9d0ea     .. ...!...e`....
2000c2b8:	c0e9c0e9 c8e9c0e9 c0e9c0e9 c8e9c0e9     ................
2000c2c8:	c0e9c0e9 c8e9c0e9 c0e9c0e9 c8e9c0e9     ................
2000c2d8:	c0e9c0e9 c8e9c0e9 78a6d0ea 00210000     ...........x..!.
2000c2e8:	00200000 00210000 00200000 00210000     .. ...!... ...!.
2000c2f8:	00200000 00210000 00200000 00210000     .. ...!... ...!.
2000c308:	00200000 c8e9c8e9 c0e9c0e9 c8e9c0e9     .. .............
2000c318:	c0e9c0e9 c8e9c0e9 c0e9c0e9 c8e9c0e9     ................
2000c328:	c0e9c0e9 c8e9c0e9 c0e9c0e9 c8e9c0e9     ................
2000c338:	c0e9c0e9 c8e9c0e9 c0e9c0e9 c8e9c0e9     ................
2000c348:	c0e9c0e9 c8e9c0e9 c0e9c0e9 c8e9c0e9     ................
2000c358:	c0e9c0e9 c8e9c0e9 c0e9c0e9 b0c9c8e9     ................
2000c368:	00200000 00210000 00200000 00210000     .. ...!... ...!.
2000c378:	00200000 00210000 00200000 00210000     .. ...!... ...!.
2000c388:	00000000 c8eaa8c8 c0e9c0e9 c8e9c0e9     ................
2000c398:	c0e9c0e9 c8e9c0e9 c0e9c0e9 c8e9c0e9     ................
2000c3a8:	c0e9c0e9 c8e9c0e9 c0e9c0e9 c8e9c0e9     ................
2000c3b8:	d10ac0e9 00006064 00200000 00210000     ....d`.... ...!.
2000c3c8:	00200000 00000000 ffffffff ffffffff     .. .............
2000c3d8:	ffffffff ffffffff ffffffff ffffffff     ................
2000c3e8:	ffffffff ffffffff ffffffff ffffffff     ................
2000c3f8:	ffffffff ffffffff ffffffff ffffffff     ................
2000c408:	ffffffff ffffffff ffffffff ffffffff     ................
2000c418:	ffffffff ffffffff ffffffff ffffffff     ................
2000c428:	ffffffff ffffffff ffffffff ffffffff     ................
2000c438:	ffffffff ffffffff ffffffff ffffffff     ................
2000c448:	ffffffff ffffffff ffffffff ffffffff     ................
2000c458:	ffffffff ffffffff ffffffff ffffffff     ................
2000c468:	ffffffff ffffffff ffffffff ffffffff     ................
2000c478:	ffffffff ffffffff ffffffff ffffffff     ................
2000c488:	ffffffff ffffffff ffffffff ffffffff     ................
2000c498:	ffffffff 0000ffff 00000821 00000821     ........!...!...
2000c4a8:	00000821 00000821 c0e90000 c0e9c8ea     !...!...........
2000c4b8:	c0e9c8ea c0e9c8ea c0e9c8ea c0e9c8ea     ................
2000c4c8:	c0e9c8ea c0e9c8ea c0e9c8ea c0e9c8ea     ................
2000c4d8:	c0e9c8ea e10ac8ea 00003843 00000821     ........C8..!...
2000c4e8:	00000821 00000821 00000821 00000821     !...!...!...!...
2000c4f8:	00000821 00000821 00000821 00000821     !...!...!...!...
2000c508:	00000821 a8c80000 c0e9d10a c0e9c8ea     !...............
2000c518:	c0e9c8ea c0e9c8ea c0e9c8ea c0e9c8ea     ................
2000c528:	c0e9c8ea c0e9c8ea c0e9c8ea c0e9c8ea     ................
2000c538:	c0e9c8ea c0e9c8ea c0e9c8ea c0e9c8ea     ................
2000c548:	c0e9c8ea c0e9c8ea c0e9c8ea c0e9c8ea     ................
2000c558:	c0e9c8ea c0e9c8ea c8eac8ea 0000b0e9     ................
2000c568:	00000821 00000821 00000821 00000821     !...!...!...!...
2000c578:	00000821 00000821 00000821 00000821     !...!...!...!...
2000c588:	00000821 a8c80000 c0e9d10a c0e9c8ea     !...............
2000c598:	c0e9c8ea c0e9c8ea c0e9c8ea c0e9c8ea     ................
2000c5a8:	c0e9c8ea c0e9c8ea c0e9c8ea c0e9c8ea     ................
2000c5b8:	c0e9c8ea 0000d10a 00000821 00000821     ........!...!...
2000c5c8:	00000821 00000821 ffffffff ffffffff     !...!...........
2000c5d8:	ffffffff ffffffff ffffffff ffffffff     ................
2000c5e8:	ffffffff ffffffff ffffffff ffffffff     ................
2000c5f8:	ffffffff ffffffff ffffffff ffffffff     ................
2000c608:	ffffffff ffffffff ffffffff ffffffff     ................
2000c618:	ffffffff ffffffff ffffffff ffffffff     ................
2000c628:	ffffffff ffffffff ffffffff ffffffff     ................
2000c638:	ffffffff ffffffff ffffffff ffffffff     ................
2000c648:	ffffffff ffffffff ffffffff ffffffff     ................
2000c658:	ffffffff ffffffff ffffffff ffffffff     ................
2000c668:	ffffffff ffffffff ffffffff ffffffff     ................
2000c678:	ffffffff ffffffff ffffffff ffffffff     ................
2000c688:	ffffffff ffffffff ffffffff ffffffff     ................
2000c698:	ffffffff 0000f7be 00210000 00200000     ..........!... .
2000c6a8:	00210000 00200000 d10a0000 c0e9c0e9     ..!... .........
2000c6b8:	c8e9c0e9 c0e9c0e9 c8e9c0e9 c0e9c0e9     ................
2000c6c8:	c8e9c0e9 c0e9c0e9 c8e9c0e9 c0e9c0e9     ................
2000c6d8:	c0e9c0e9 1821d0ea 00210000 00200000     ......!...!... .
2000c6e8:	00210000 00200000 00210000 00200000     ..!... ...!... .
2000c6f8:	00210000 00200000 00210000 00200000     ..!... ...!... .
2000c708:	00210000 00000000 d90a6885 c0e9c0e9     ..!......h......
2000c718:	c8e9c0e9 c0e9c0e9 c8e9c0e9 c0e9c0e9     ................
2000c728:	c8e9c0e9 c0e9c0e9 c8e9c0e9 c0e9c0e9     ................
2000c738:	c8e9c0e9 c0e9c0e9 c8e9c0e9 c0e9c0e9     ................
2000c748:	c8e9c0e9 c0e9c0e9 c8e9c0e9 c0e9c0e9     ................
2000c758:	c8e9c0e9 c0e9c0e9 7085d8ea 00200000     ...........p.. .
2000c768:	00210000 00200000 00210000 00200000     ..!... ...!... .
2000c778:	00210000 00200000 00210000 00200000     ..!... ...!... .
2000c788:	00210000 00000000 d10a7886 c0e9c0e9     ..!......x......
2000c798:	c8e9c0e9 c0e9c0e9 c8e9c0e9 c0e9c0e9     ................
2000c7a8:	c8e9c0e9 c0e9c0e9 c8e9c0e9 c0e9c0e9     ................
2000c7b8:	c8e9c0e9 3042d0e9 00210000 00200000     ......B0..!... .
2000c7c8:	00210000 00200000 ffff8431 ffffffff     ..!... .1.......
2000c7d8:	ffffffff ffffffff ffffffff ffffffff     ................
2000c7e8:	ffffffff ffffffff ffffffff ffffffff     ................
2000c7f8:	ffffffff ffffffff ffffffff ffffffff     ................
2000c808:	ffffffff ffffffff ffffffff ffffffff     ................
2000c818:	ffffffff ffffffff ffffffff ffffffff     ................
2000c828:	ffffffff ffffffff ffffffff ffffffff     ................
2000c838:	ffffffff ffffffff ffffffff ffffffff     ................
2000c848:	ffffffff ffffffff ffffffff ffffffff     ................
2000c858:	ffffffff ffffffff ffffffff ffffffff     ................
2000c868:	ffffffff ffffffff ffffffff ffffffff     ................
2000c878:	ffffffff ffffffff ffffffff ffffffff     ................
2000c888:	ffffffff ffffffff ffffffff ffffffff     ................
2000c898:	ffffffff 00008c31 00000821 00000821     ....1...!...!...
2000c8a8:	00000821 00000821 c8ea88a7 c0e9c8ea     !...!...........
2000c8b8:	c0e9c8ea c0e9c8ea c0e9c8ea c0e9c8ea     ................
2000c8c8:	c0e9c8ea c0e9c8ea c0e9c8ea c0e9c8ea     ................
2000c8d8:	c8e9c8ea 00000021 00000821 00000821     ....!...!...!...
2000c8e8:	00000821 00000821 00000821 00000821     !...!...!...!...
2000c8f8:	00000821 00000821 00000821 00000821     !...!...!...!...
2000c908:	00000821 00000821 18210021 d90a98c8     !...!...!.!.....
2000c918:	c0e9c8ea c0e9c8ea c0e9c8ea c0e9c8ea     ................
2000c928:	c0e9c8ea c0e9c8ea c0e9c8ea c0e9c8ea     ................
2000c938:	c0e9c8ea c0e9c8ea c0e9c8ea c0e9c8ea     ................
2000c948:	c0e9c8ea c0e9c8ea c0e9c8ea c0e9c8ea     ................
2000c958:	c0e9c8ea b0c8d90a 00002842 00000821     ........B(..!...
2000c968:	00000821 00000821 00000821 00000821     !...!...!...!...
2000c978:	00000821 00000821 00000821 00000821     !...!...!...!...
2000c988:	00000821 00000821 60640020 c0e9e10b     !...!... .d`....
2000c998:	c0e9c8ea c0e9c8ea c0e9c8ea c0e9c8ea     ................
2000c9a8:	c0e9c8ea c0e9c8ea c0e9c8ea c0e9c8ea     ................
2000c9b8:	c0e9c8ea b0c8c8ea 00000000 00000821     ............!...
2000c9c8:	00000821 00000821 ffff0000 ffffffff     !...!...........
2000c9d8:	ffffffff ffffffff ffffffff ffffffff     ................
2000c9e8:	ffffffff ffffffff ffffffff ffffffff     ................
2000c9f8:	ffffffff ffffffff ffffffff ffffffff     ................
2000ca08:	ffffffff ffffffff ffffffff ffffffff     ................
2000ca18:	ffffffff ffffffff ffffffff ffffffff     ................
2000ca28:	ffffffff ffffffff ffffffff ffffffff     ................
2000ca38:	ffffffff ffffffff ffffffff ffffffff     ................
2000ca48:	ffffffff ffffffff ffffffff ffffffff     ................
2000ca58:	ffffffff ffffffff ffffffff ffffffff     ................
2000ca68:	ffffffff ffffffff ffffffff ffffffff     ................
2000ca78:	ffffffff ffffffff ffffffff ffffffff     ................
2000ca88:	ffffffff ffffffff ffffffff ffffffff     ................
2000ca98:	ffffffff 00210000 00200000 00210000     ......!... ...!.
2000caa8:	00200000 00000000 c0e9c8e9 c8e9c0e9     .. .............
2000cab8:	c0e9c0e9 c8e9c0e9 c0e9c0e9 c8e9c0e9     ................
2000cac8:	c0e9c0e9 c8e9c0e9 c0e9c0e9 c8eac0e9     ................
2000cad8:	0000a0c7 00210000 00200000 00210000     ......!... ...!.
2000cae8:	00200000 00210000 00200000 00210000     .. ...!... ...!.
2000caf8:	00200000 00210000 00200000 00210000     .. ...!... ...!.
2000cb08:	00200000 00210000 00200000 30220000     .. ...!... ..."0
2000cb18:	d90a88a6 c0e9c8e9 c0e9c0e9 c8e9c0e9     ................
2000cb28:	c0e9c0e9 c8e9c0e9 c0e9c0e9 c8e9c0e9     ................
2000cb38:	c0e9c0e9 c8e9c0e9 c0e9c0e9 c8e9c0e9     ................
2000cb48:	c0e9c0e9 c8e9c0e9 c0e9c0e9 c8eac0e9     ................
2000cb58:	b0c8d8ea 00004023 00200000 00210000     ....#@.... ...!.
2000cb68:	00200000 00210000 00200000 00210000     .. ...!... ...!.
2000cb78:	00200000 00210000 00200000 00210000     .. ...!... ...!.
2000cb88:	00200000 00210000 00000000 d90a4023     .. ...!.....#@..
2000cb98:	c0e9c0e9 c8e9c0e9 c0e9c0e9 c8e9c0e9     ................
2000cba8:	c0e9c0e9 c8e9c0e9 c0e9c0e9 c8e9c0e9     ................
2000cbb8:	c0e9c0e9 c8eac0e9 00200000 00210000     .......... ...!.
2000cbc8:	00200000 00210000 ffdf0000 ffffffff     .. ...!.........
2000cbd8:	ffffffff ffffffff ffffffff ffffffff     ................
2000cbe8:	ffffffff ffffffff ffffffff ffffffff     ................
2000cbf8:	ffffffff ffffffff ffffffff ffffffff     ................
2000cc08:	ffffffff ffffffff ffffffff ffffffff     ................
2000cc18:	ffffffff ffffffff ffffffff ffffffff     ................
2000cc28:	ffffffff ffffffff ffffffff ffffffff     ................
2000cc38:	ffffffff ffffffff ffffffff ffffffff     ................
2000cc48:	ffffffff ffffffff ffffffff ffffffff     ................
2000cc58:	ffffffff ffffffff ffffffff ffffffff     ................
2000cc68:	ffffffff ffffffff ffffffff ffffffff     ................
2000cc78:	ffffffff ffffffff ffffffff ffffffff     ................
2000cc88:	ffffffff ffffffff ffffffff ffffffff     ................
2000cc98:	f7beffff 00000000 00000821 00000821     ........!...!...
2000cca8:	00000821 00000821 c0e9c90a c0e9c8ea     !...!...........
2000ccb8:	c0e9c8ea c0e9c8ea c0e9c8ea c0e9c8ea     ................
2000ccc8:	c0e9c8ea c0e9c8ea c0e9c8ea 88a6d90a     ................
2000ccd8:	00000000 00000821 00000821 00000821     ....!...!...!...
2000cce8:	00000821 00000821 00000821 00000821     !...!...!...!...
2000ccf8:	00000821 00000821 00000821 00000821     !...!...!...!...
2000cd08:	00000821 00000821 00000821 00000821     !...!...!...!...
2000cd18:	00000020 a8c87086 d0eae10b c0e9c90a      ....p..........
2000cd28:	c0e9c8ea c0e9c8ea c0e9c8ea c0e9c8ea     ................
2000cd38:	c0e9c8ea c0e9c8ea c0e9c8ea c0e9c8ea     ................
2000cd48:	c0e9c8ea c0e9c8ea d90ad10a 7886c8ea     ...............x
2000cd58:	00003042 00000821 00000821 00000821     B0..!...!...!...
2000cd68:	00000821 00000821 00000821 00000821     !...!...!...!...
2000cd78:	00000821 00000821 00000821 00000821     !...!...!...!...
2000cd88:	00000821 00000821 00000821 18210021     !...!...!...!.!.
2000cd98:	c0e9c90a c0e9c8ea c0e9c8ea c0e9c8ea     ................
2000cda8:	c0e9c8ea c0e9c8ea c0e9c8ea c0e9c8ea     ................
2000cdb8:	c0e9c8ea d0eac8ea 00002042 00000821     ........B ..!...
2000cdc8:	00000821 00000821 ef3d0000 ffffffff     !...!.....=.....
2000cdd8:	ffffffff ffffffff ffffffff ffffffff     ................
2000cde8:	ffffffff ffffffff ffffffff ffffffff     ................
2000cdf8:	ffffffff ffffffff ffffffff ffffffff     ................
2000ce08:	ffffffff ffffffff ffffffff ffffffff     ................
2000ce18:	ffffffff ffffffff ffffffff ffffffff     ................
2000ce28:	ffffffff ffffffff ffffffff ffffffff     ................
2000ce38:	ffffffff ffffffff ffffffff ffffffff     ................
2000ce48:	ffffffff ffffffff ffffffff ffffffff     ................
2000ce58:	ffffffff ffffffff ffffffff ffffffff     ................
2000ce68:	ffffffff ffffffff ffffffff ffffffff     ................
2000ce78:	ffffffff ffffffff ffffffff ffffffff     ................
2000ce88:	ffffffff ffffffff ffffffff ffffffff     ................
2000ce98:	f79effff 00200000 00210000 00200000     ...... ...!... .
2000cea8:	00210000 60650000 c0e9c8e9 c0e9c0e9     ..!...e`........
2000ceb8:	c0e9c0e9 c0e9c0e9 c0e9c0e9 c0e9c0e9     ................
2000cec8:	c0e9c0e9 c0e9c0e9 e10bc0e9 00005844     ............DX..
2000ced8:	00210000 00200000 00210000 00200000     ..!... ...!... .
2000cee8:	00210000 00200000 00210000 00200000     ..!... ...!... .
2000cef8:	00210000 00200000 00210000 00200000     ..!... ...!... .
2000cf08:	00210000 00200000 00210000 00200000     ..!... ...!... .
2000cf18:	00210000 00000000 58840000 a8c888a6     ..!........X....
2000cf28:	d90ad8ea c8ead0e9 c8eac8e9 c0e9c0e9     ................
2000cf38:	c0e9c0e9 c0e9c0e9 c8eac0e9 d10ac8e9     ................
2000cf48:	e10bd0ea a8c8b8c8 28226885 00000000     .........h"(....
2000cf58:	00210000 00200000 00210000 00200000     ..!... ...!... .
2000cf68:	00210000 00200000 00210000 00200000     ..!... ...!... .
2000cf78:	00210000 00200000 00210000 00200000     ..!... ...!... .
2000cf88:	00210000 00200000 00210000 00200000     ..!... ...!... .
2000cf98:	a0c80000 c0e9c8e9 c8e9c0e9 c0e9c0e9     ................
2000cfa8:	c8e9c0e9 c0e9c0e9 c0e9c0e9 c0e9c0e9     ................
2000cfb8:	c8e9c0e9 c8e9c0e9 0000a8c8 00200000     .............. .
2000cfc8:	00210000 00200000 8c310000 ffffffff     ..!... ...1.....
2000cfd8:	ffffffff ffffffff ffffffff ffffffff     ................
2000cfe8:	ffffffff ffffffff ffffffff ffffffff     ................
2000cff8:	ffffffff ffffffff ffffffff ffffffff     ................
2000d008:	ffffffff ffffffff ffffffff ffffffff     ................
2000d018:	ffffffff ffffffff ffffffff ffffffff     ................
2000d028:	ffffffff ffffffff ffffffff ffffffff     ................
2000d038:	ffffffff ffffffff ffffffff ffffffff     ................
2000d048:	ffffffff ffffffff ffffffff ffffffff     ................
2000d058:	ffffffff ffffffff ffffffff ffffffff     ................
2000d068:	ffffffff ffffffff ffffffff ffffffff     ................
2000d078:	ffffffff ffffffff ffffffff ffffffff     ................
2000d088:	ffffffff ffffffff ffffffff ffffffff     ................
2000d098:	b5b6ffff 00000000 00000821 00000821     ........!...!...
2000d0a8:	00000821 a0c80000 c0e9c90a c0e9c8ea     !...............
2000d0b8:	c0e9c8ea c0e9c8ea c0e9c8ea c0e9c8ea     ................
2000d0c8:	c0e9c8ea c0e9c8ea 3022c90a 00000020     .........."0 ...
2000d0d8:	00000821 00000821 00000821 00000821     !...!...!...!...
2000d0e8:	00000821 00000821 00000821 00000821     !...!...!...!...
2000d0f8:	00000821 00000821 00000821 00000821     !...!...!...!...
2000d108:	00000821 00000821 00000821 00000821     !...!...!...!...
2000d118:	00000821 00000821 00000821 00000020     !...!...!... ...
2000d128:	20210020 78856064 98a780a6 b0c898c7      .! d`.x........
2000d138:	b0c8b0e9 a8c8a8c8 90a790c7 606478a6     .............xd`
2000d148:	00004843 00000020 00000821 00000821     CH.. ...!...!...
2000d158:	00000821 00000821 00000821 00000821     !...!...!...!...
2000d168:	00000821 00000821 00000821 00000821     !...!...!...!...
2000d178:	00000821 00000821 00000821 00000821     !...!...!...!...
2000d188:	00000821 00000821 00000821 00000821     !...!...!...!...
2000d198:	00000821 d10a88a7 c0e9c8ea c0e9c8ea     !...............
2000d1a8:	c0e9c8ea c0e9c8ea c0e9c8ea c0e9c8ea     ................
2000d1b8:	c0e9c8ea c0e9c8ea 0000c8ea 00000821     ............!...
2000d1c8:	00000821 00000821 20e40821 ffffffff     !...!...!.. ....
2000d1d8:	ffffffff ffffffff ffffffff ffffffff     ................
2000d1e8:	ffffffff ffffffff ffffffff ffffffff     ................
2000d1f8:	ffffffff ffffffff ffffffff ffffffff     ................
2000d208:	ffffffff ffffffff ffffffff ffffffff     ................
2000d218:	ffffffff ffffffff ffffffff ffffffff     ................
2000d228:	ffffffff ffffffff ffffffff ffffffff     ................
2000d238:	ffffffff ffffffff ffffffff ffffffff     ................
2000d248:	ffffffff ffffffff ffffffff ffffffff     ................
2000d258:	ffffffff ffffffff ffffffff ffffffff     ................
2000d268:	ffffffff ffffffff ffffffff ffffffff     ................
2000d278:	ffffffff ffffffff ffffffff ffffffff     ................
2000d288:	ffffffff ffffffff ffffffff ffffffff     ................
2000d298:	52aaffff 00210000 00200000 00210000     ...R..!... ...!.
2000d2a8:	00200000 c8e90000 c0e9c0e9 c0e9c0e9     .. .............
2000d2b8:	c0e9c0e9 c0e9c0e9 c0e9c0e9 c0e9c0e9     ................
2000d2c8:	c0e9c0e9 a8c8c8e9 00200000 00210000     .......... ...!.
2000d2d8:	00200000 00210000 00200000 00210000     .. ...!... ...!.
2000d2e8:	00200000 00210000 00200000 00210000     .. ...!... ...!.
2000d2f8:	00200000 00210000 00200000 00210000     .. ...!... ...!.
2000d308:	00200000 00210000 00200000 00210000     .. ...!... ...!.
2000d318:	00200000 00210000 00200000 00210000     .. ...!... ...!.
2000d328:	00200000 00000000 00000000 00000000     .. .............
	...
2000d348:	00200000 00210000 00200000 00210000     .. ...!... ...!.
2000d358:	00200000 00210000 00200000 00000000     .. ...!... .....
2000d368:	00200000 38430000 00203042 00200000     .. ...C8B0 ... .
2000d378:	00000000 00210000 00200000 00210000     ......!... ...!.
2000d388:	00200000 00210000 00200000 00210000     .. ...!... ...!.
2000d398:	00200000 58440000 c0e9d8ea c0e9c0e9     .. ...DX........
2000d3a8:	c0e9c0e9 c0e9c0e9 c0e9c0e9 c0e9c0e9     ................
2000d3b8:	c0e9c0e9 c0e9c0e9 0000c8e9 00210000     ..............!.
2000d3c8:	00200000 00210000 00000000 ffffffdf     .. ...!.........
2000d3d8:	ffffffff ffffffff ffffffff ffffffff     ................
2000d3e8:	ffffffff ffffffff ffffffff ffffffff     ................
2000d3f8:	ffffffff ffffffff ffffffff ffffffff     ................
2000d408:	ffffffff ffffffff ffffffff ffffffff     ................
2000d418:	ffffffff ffffffff ffffffff ffffffff     ................
2000d428:	ffffffff ffffffff ffffffff ffffffff     ................
2000d438:	ffffffff ffffffff ffffffff ffffffff     ................
2000d448:	ffffffff ffffffff ffffffff ffffffff     ................
2000d458:	ffffffff ffffffff ffffffff ffffffff     ................
2000d468:	ffffffff ffffffff ffffffff ffffffff     ................
2000d478:	ffffffff ffffffff ffffffff ffffffff     ................
2000d488:	ffffffff ffffffff ffffffff ffffffff     ................
2000d498:	0000ffff 00000821 00000821 00000821     ....!...!...!...
2000d4a8:	00000821 c8e90000 c0e9c0ea c0e9c8ea     !...............
2000d4b8:	c0e9c8e9 c0e9c8ea c0e9c0e9 c0e9c8ea     ................
2000d4c8:	d90ac0e9 000088a7 00000821 00000821     ........!...!...
2000d4d8:	00000821 00000821 00000821 00000821     !...!...!...!...
2000d4e8:	00000821 00000821 00000821 00000821     !...!...!...!...
	...
2000d50c:	00000821 00000821 00000821 00000821     !...!...!...!...
2000d51c:	00000821 00000821 00000821 00000821     !...!...!...!...
2000d52c:	00000821 00000821 00000821 00000821     !...!...!...!...
2000d53c:	00000821 00000821 00000821 00000821     !...!...!...!...
2000d54c:	00000821 00000821 00000821 00000821     !...!...!...!...
2000d55c:	00000821 00200020 b0c890a7 c8e9c8ea     !... . .........
2000d56c:	d0ead90a d10ad10a c8ead90a b0c8c90a     ................
2000d57c:	404388a7 00000020 00000821 00000821     ..C@ ...!...!...
2000d58c:	00000821 00000821 00000821 00000821     !...!...!...!...
2000d59c:	00000821 c8e90020 c0e9c90a c0e9c8ea     !... ...........
2000d5ac:	c0e9c8ea c0e9c8e9 c0e9c8ea c0e9c8ea     ................
2000d5bc:	c0e9c8ea 0021d10a 00000821 00000821     ......!.!...!...
2000d5cc:	00000821 00000821 ffffffdf ffffffff     !...!...........
2000d5dc:	ffffffff ffffffff ffffffff ffffffff     ................
2000d5ec:	ffffffff ffffffff ffffffff ffffffff     ................
2000d5fc:	ffffffff ffffffff ffffffff ffffffff     ................
2000d60c:	ffffffff ffffffff ffffffff ffffffff     ................
2000d61c:	ffffffff ffffffff ffffffff ffffffff     ................
2000d62c:	ffffffff ffffffff ffffffff ffffffff     ................
2000d63c:	ffffffff ffffffff ffffffff ffffffff     ................
2000d64c:	ffffffff ffffffff ffffffff ffffffff     ................
2000d65c:	ffffffff ffffffff ffffffff ffffffff     ................
2000d66c:	ffffffff ffffffff ffffffff ffffffff     ................
2000d67c:	ffffffff ffffffff ffffffff ffffffff     ................
2000d68c:	ffffffff ffffffff ffffffff 0000ffdf     ................
2000d69c:	00200000 00210000 00200000 00210000     .. ...!... ...!.
2000d6ac:	c8e90000 c0e9c0e9 c0e9c0e9 c0e9c0e9     ................
2000d6bc:	c0e9c0e9 c0e9c0e9 c8e9c0e9 2022c0e9     .............." 
2000d6cc:	00200000 00210000 00200000 00210000     .. ...!... ...!.
2000d6dc:	00200000 00210000 00200000 00210000     .. ...!... ...!.
2000d6ec:	00000000 00200000 90a75844 c0e9a0c7     ...... .DX......
2000d6fc:	b8e9b8c8 c0e9c0e9 a0c7b8c8 58648086     ..............dX
2000d70c:	00000000 00210000 00200000 00210000     ......!... ...!.
2000d71c:	00200000 00210000 00200000 00210000     .. ...!... ...!.
2000d72c:	00200000 00210000 00200000 00210000     .. ...!... ...!.
2000d73c:	00200000 00210000 00200000 00210000     .. ...!... ...!.
2000d74c:	00200000 00210000 00200000 00000000     .. ...!... .....
2000d75c:	80a60000 d90ac0e9 c0e9c0e9 c0e9c0e9     ................
2000d76c:	c0e9c0e9 c0e9c0e9 c0e9c0e9 c0e9c0e9     ................
2000d77c:	d10ac8e9 a8c8c0e9 00004843 00210000     ........CH....!.
2000d78c:	00200000 00210000 00200000 00210000     .. ...!... ...!.
2000d79c:	00200000 00000000 d90aa0c7 c0e9c0e9     .. .............
2000d7ac:	c0e9c0e9 c0e9c0e9 c0e9c0e9 c0e9c0e9     ................
2000d7bc:	c0e9c0e9 2842c8e9 00200000 00210000     ......B(.. ...!.
2000d7cc:	00200000 00000000 fffff79e ffffffff     .. .............
2000d7dc:	ffffffff ffffffff ffffffff ffffffff     ................
2000d7ec:	ffffffff ffffffff ffffffff ffffffff     ................
2000d7fc:	ffffffff ffffffff ffffffff ffffffff     ................
2000d80c:	ffffffff ffffffff ffffffff ffffffff     ................
2000d81c:	ffffffff ffffffff ffffffff ffffffff     ................
2000d82c:	ffffffff ffffffff ffffffff ffffffff     ................
2000d83c:	ffffffff ffffffff ffffffff ffffffff     ................
2000d84c:	ffffffff ffffffff ffffffff ffffffff     ................
2000d85c:	ffffffff ffffffff ffffffff ffffffff     ................
2000d86c:	ffffffff ffffffff ffffffff ffffffff     ................
2000d87c:	ffffffff ffffffff ffffffff ffffffff     ................
2000d88c:	ffffffff ffffffff ffffffff 0000ffdf     ................
2000d89c:	00000821 00000821 00000821 00000821     !...!...!...!...
2000d8ac:	c8e90040 c0e9c8ea c0e9c0e9 c0e9c0ea     @...............
2000d8bc:	c0e9c0e9 c0e9c0ea a8c8d10a 00000020     ............ ...
2000d8cc:	00000821 00000821 00000821 00000821     !...!...!...!...
2000d8dc:	00000821 00000821 00000821 00000821     !...!...!...!...
2000d8ec:	90a63843 c8e9c0e9 c0e9d10a c0e9c90a     C8..............
2000d8fc:	c0e9c0e9 c0e9c0ea c0e9c0e9 c8eac8ea     ................
2000d90c:	a8c8d10a 00007085 00000020 00000821     .....p.. ...!...
2000d91c:	00000821 00000821 00000821 00000821     !...!...!...!...
2000d92c:	00000821 00000821 00000821 00000821     !...!...!...!...
2000d93c:	00000821 00000821 00000821 00000821     !...!...!...!...
2000d94c:	00000821 00000821 00000821 88860020     !...!...!... ...
2000d95c:	c8e9d10a c0e9c0e9 c0e9c0e9 c0e9c0ea     ................
2000d96c:	c0e9c0e9 c0e9c8ea c0e9c8e9 c0e9c8ea     ................
2000d97c:	c0e9c8ea c0e9c8ea c0e9d90a 00007886     .............x..
2000d98c:	00000021 00000821 00000821 00000821     !...!...!...!...
2000d99c:	00000821 00000821 50440000 c0e9d10a     !...!.....DP....
2000d9ac:	c0e9c0e9 c0e9c8ea c0e9c0e9 c0e9c8ea     ................
2000d9bc:	c0e9c0e9 5864d10a 00000000 00000821     ......dX....!...
2000d9cc:	00000821 00000821 fffff79e ffffffff     !...!...........
2000d9dc:	ffffffff ffffffff ffffffff ffffffff     ................
2000d9ec:	ffffffff ffffffff ffffffff ffffffff     ................
2000d9fc:	ffffffff ffffffff ffffffff ffffffff     ................
2000da0c:	ffffffff ffffffff ffffffff ffffffff     ................
2000da1c:	ffffffff ffffffff ffffffff ffffffff     ................
2000da2c:	ffffffff ffffffff ffffffff ffffffff     ................
2000da3c:	ffffffff ffffffff ffffffff ffffffff     ................
2000da4c:	ffffffff ffffffff ffffffff ffffffff     ................
2000da5c:	ffffffff ffffffff ffffffdf ffffffdf     ................
2000da6c:	ffffffdf ffdfffdf ffdfffdf ffdfffdf     ................
2000da7c:	ffffffdf ffffffdf ffffffdf ffffffdf     ................
2000da8c:	ffffffdf ffffffdf ffffffff 0000f79e     ................
2000da9c:	00210000 00200000 00210000 00200000     ..!... ...!... .
2000daac:	c8ea0020 c0e9c0c9 c0e9c0c9 c0e9b8c9      ...............
2000dabc:	c0e9c0c9 d10ac0e9 00004843 00200000     ........CH.... .
2000dacc:	00210000 00200000 00210000 00200000     ..!... ...!... .
2000dadc:	00210000 00200000 00000000 b8e96064     ..!... .....d`..
2000daec:	c8e9d0e9 c0e9b8e9 c0e9c0e9 c0e9c0c9     ................
2000dafc:	c0e9c0c9 c0e9b8c9 c0e9b8c9 c0e9b8c9     ................
2000db0c:	c0e9b8c9 c0e9c8e9 00007065 00200000     ........ep.... .
2000db1c:	00210000 00200000 00210000 00200000     ..!... ...!... .
2000db2c:	00210000 00200000 00210000 00200000     ..!... ...!... .
2000db3c:	00210000 00200000 00210000 00200000     ..!... ...!... .
2000db4c:	00210000 00200000 58440000 c8e9c8e9     ..!... ...DX....
2000db5c:	c0e9b8c9 c0e9b8c9 c0e9b8c9 c0e9b8c9     ................
2000db6c:	c0e9c0c9 c0e9c0e9 c0e9c0e9 c0e9c0e9     ................
2000db7c:	c0e9c0e9 c0e9c0e9 c0e9c0e9 c8eac8e9     ................
2000db8c:	00007065 00200000 00210000 00200000     ep.... ...!... .
2000db9c:	00210000 00200000 00000000 b8e90000     ..!... .........
2000dbac:	c0e9c8e9 c0e9c0c9 c0e9c0c9 c0e9c0c9     ................
2000dbbc:	c0e9c0e9 98c7c0e9 00210000 00200000     ..........!... .
2000dbcc:	00210000 00000000 ffffe73c ffffffff     ..!.....<.......
2000dbdc:	ffffffff ffffffdf ffffffdf ffdfffdf     ................
2000dbec:	ffdfffdf ffdfffdf ffdfffdf ffffffdf     ................
2000dbfc:	ffffffdf ffffffdf ffffffff ffffffff     ................
2000dc0c:	ffffffff ffffffff ffffffff ffffffff     ................
2000dc1c:	ffffffff ffffffff ffffffff ffffffff     ................
2000dc2c:	ffffffff ffffffff ffffffff ffffffff     ................
2000dc3c:	ffffffff ffffffff ffffffff ffffffff     ................
2000dc4c:	ffffffff ffffffff ffffffff ffffffff     ................
2000dc5c:	ffffffff ffffffff ffdfffff ffdfffff     ................
2000dc6c:	ffdfffdf ffdfffdf ffdfffdf ffdfffdf     ................
2000dc7c:	ffdfffdf ffdfffdf ffdfffdf ffdfffff     ................
2000dc8c:	ffdfffff ffffffff ffffffff 0000ef7d     ............}...
2000dc9c:	00000821 00000821 00000821 00000821     !...!...!...!...
2000dcac:	c8e90041 c0e9c0e9 c0e9c0e9 b8e9c0e9     A...............
2000dcbc:	c8e9c0e9 0000a8c8 00000821 00000821     ........!...!...
2000dccc:	00000821 00000821 00000821 00000821     !...!...!...!...
2000dcdc:	00000821 00000821 b8e96865 c0e9d10a     !...!...eh......
2000dcec:	c0e9c8ea c0e9c0e9 c0e9c0ea c0e9c0e9     ................
2000dcfc:	c0e9c0e9 b8e9c0e9 b8e9c0e9 b8e9c0e9     ................
2000dd0c:	b8e9c0e9 b8e9c0e9 c0e9c8ea 00005064     ............dP..
2000dd1c:	00000821 00000821 00000821 00000821     !...!...!...!...
2000dd2c:	00000821 00000821 00000821 00000821     !...!...!...!...
2000dd3c:	00000821 00000821 00000821 00000821     !...!...!...!...
2000dd4c:	00000821 00000821 d0ea90a7 b8e9c0e9     !...!...........
2000dd5c:	b8e9c0e9 b8e9c0e9 c0e9c0e9 c0e9c0e9     ................
2000dd6c:	c0e9c0e9 c0e9c0e9 c0e9c8ea c0e9c0e9     ................
2000dd7c:	c0e9c8ea c0e9c8ea c0e9c8ea c0e9c8ea     ................
2000dd8c:	b8e9d10a 00002021 00000821 00000821     ....! ..!...!...
2000dd9c:	00000821 00000821 00000821 00000821     !...!...!...!...
2000ddac:	d0ea7086 c0e9c0e9 c0e9c0e9 c0e9c0e9     .p..............
2000ddbc:	c0e9c0ea 90a7c90a 00000000 00000821     ............!...
2000ddcc:	00000821 00000821 ffffc5f8 ffffffff     !...!...........
2000dddc:	ffdfffff ffdfffff ffdfffdf ffdfffdf     ................
2000ddec:	ffbfffdf ffbfffdf ffdfffdf ffdfffdf     ................
2000ddfc:	ffdfffdf ffdfffff ffffffff ffffffff     ................
2000de0c:	ffffffff ffffffff ffffffff ffffffff     ................
2000de1c:	ffffffff ffffffff ffffffff ffffffff     ................
2000de2c:	ffffffff ffffffff ffffffff ffffffff     ................
2000de3c:	ffffffff ffffffff ffffffff ffffffff     ................
2000de4c:	ffffffff ffffffff ffffffff ffffffff     ................
2000de5c:	ffffffdf ffdfffdf ffdfffdf ffdff7be     ................
2000de6c:	ffbff7be ffbff7be ffbff7be ffbff7be     ................
2000de7c:	ffbff7be ffbff7be ffdff7be ffdff7be     ................
2000de8c:	ffdff7be ffdfffdf ffffffdf 0000ef5d     ............]...
2000de9c:	00200000 00210000 00200000 00210000     .. ...!... ...!.
2000deac:	c8ea0020 c0e9b8c9 c0e9b8c8 c0e9b8c9      ...............
2000debc:	4843c0e9 00210000 00200000 00210000     ..CH..!... ...!.
2000decc:	00200000 00210000 00200000 00210000     .. ...!... ...!.
2000dedc:	00000000 b0c93022 c0e9c8e9 c0e9c0c9     ...."0..........
2000deec:	c0e9c0c9 c0e9c0c9 c0e9b8c9 c0e9b8c9     ................
2000defc:	c0e9b8c8 c0e9b8c9 b8e9b8c8 b8e9b8c8     ................
2000df0c:	b8e9b8c8 b8e9b8c8 b8e9b8c8 88a6c8e9     ................
2000df1c:	00000000 00210000 00200000 00210000     ......!... ...!.
2000df2c:	00200000 00210000 00200000 00210000     .. ...!... ...!.
2000df3c:	00200000 00210000 00200000 00210000     .. ...!... ...!.
2000df4c:	00200000 b0c90000 b8e9b8c9 b8e9b8c8     .. .............
2000df5c:	b8e9b8c8 b8e9b8c8 b8e9b8c8 c0e9b8c9     ................
2000df6c:	c0e9b8c9 c0e9b8c9 c0e9c0c9 c0e9c0e9     ................
2000df7c:	c0e9c0e9 c0e9c0e9 c0e9c0e9 c8e9c0e9     ................
2000df8c:	c0e9c0e9 7886d90a 00200000 00210000     .......x.. ...!.
2000df9c:	00200000 00210000 00200000 00210000     .. ...!... ...!.
2000dfac:	00000000 c8eab0c8 c0e9b8c8 c0e9b8c9     ................
2000dfbc:	c0e9b8c9 b0c8c0c9 00200000 00210000     .......... ...!.
2000dfcc:	00200000 00000000 ffffbdf7 ffffffdf     .. .............
2000dfdc:	ffdfffdf ffdfffdf ffdff7be ffbff7be     ................
2000dfec:	f7bef7be ffbff79e ffbff7be ffbff7be     ................
2000dffc:	ffdff7be ffdfffbf ffffffdf ffffffdf     ................
2000e00c:	ffffffff ffffffff ffffffff ffffffff     ................
2000e01c:	ffffffff ffffffff ffffffff ffffffff     ................
2000e02c:	ffffffff ffffffff ffffffff ffffffff     ................
2000e03c:	ffffffff ffffffff ffffffff ffffffff     ................
2000e04c:	ffffffff ffffffff ffffffff ffffffff     ................
2000e05c:	ffdfffff ffbfffdf f7beffdf f7beffbf     ................
2000e06c:	f79effbf f79effbf f79ef79e f79ef79e     ................
2000e07c:	f79ef7be f79effbf f7beffbf f7beffbf     ................
2000e08c:	ffbfffdf ffdfffdf ffdfffdf 0000ef5d     ............]...
2000e09c:	00000821 00000821 00000821 00000821     !...!...!...!...
2000e0ac:	c8e90842 b8c9c0e9 c0e9c0e9 8086c8ea     B...............
2000e0bc:	00000000 00000821 00000821 00000821     ....!...!...!...
2000e0cc:	00000821 00000821 00000821 00000821     !...!...!...!...
2000e0dc:	68650020 b8e9d10a c0e9c0e9 c0e9c0e9      .eh............
2000e0ec:	c0e9c0e9 c0e9c0e9 b8e9c0e9 b8c9c0e9     ................
2000e0fc:	b8c9c0e9 b8c9c0e9 b8c8b8e9 b8c9b8e9     ................
2000e10c:	b8c8b8e9 b8c9b8e9 b8c8b8e9 b8c9b8e9     ................
2000e11c:	0000c0e9 00000821 00000821 00000821     ....!...!...!...
2000e12c:	00000821 00000821 00000821 00000821     !...!...!...!...
2000e13c:	00000821 00000821 00000821 00000821     !...!...!...!...
2000e14c:	00000821 b8c9b0e9 b8c8b8e9 b8c9b8e9     !...............
2000e15c:	b8c8b8e9 b8c9b8e9 b8c9b8e9 b8c9c0e9     ................
2000e16c:	b8e9c0e9 c0e9c0e9 c0e9c0e9 c0e9c0ea     ................
2000e17c:	c0e9c0e9 c0e9c8ea c0e9c8ea c0e9c8ea     ................
2000e18c:	c0e9c8ea c8eac8ea 0000a8c8 00000821     ............!...
2000e19c:	00000821 00000821 00000821 00000821     !...!...!...!...
2000e1ac:	00000821 48430000 c0e9c8ea b8e9c0e9     !.....CH........
2000e1bc:	c0e9c0e9 b0c8c0ea 00000000 00000821     ............!...
2000e1cc:	00000821 00000821 ffff9cd3 ffdfffff     !...!...........
2000e1dc:	ffbfffdf f7beffdf f79effbf f79effbf     ................
2000e1ec:	f79ef79e f79ef79e f79ef79e f79effbf     ................
2000e1fc:	f7beffbf ffbfffdf ffdfffdf ffdfffff     ................
2000e20c:	ffffffff ffffffff ffffffff ffffffff     ................
2000e21c:	ffffffff ffffffff ffffffff ffffffff     ................
2000e22c:	ffffffff ffffffff ffffffff ffffffff     ................
2000e23c:	ffffffff ffffffff ffffffff ffffffff     ................
2000e24c:	ffffffff ffffffff ffffffff ffffffdf     ................
2000e25c:	ffdfffdf ffbff7be f79ef79e f79ef79e     ................
2000e26c:	f77eef7d f77eef7d f77eef7d f77eef7d     }.~.}.~.}.~.}.~.
2000e27c:	f77eef7d f79eef7d f79eef7d f79eef7d     }.~.}...}...}...
2000e28c:	f7bef79e ffbff7be ffdff7be 0000e73c     ............<...
2000e29c:	00210000 00200000 00210000 00200000     ..!... ...!... .
2000e2ac:	c0e90020 c0e9b8c9 8086b8c9 00000000      ...............
2000e2bc:	00210000 00200000 00210000 00200000     ..!... ...!... .
2000e2cc:	00210000 00200000 00210000 00000000     ..!... ...!.....
2000e2dc:	c8eab0c8 c0e9b8c8 c0e9b8c9 c0e9b8c9     ................
2000e2ec:	c0e9b8c9 c0e9b8c9 c0e9b8c9 b8e9b8c8     ................
2000e2fc:	b8c9b8c8 b8c9b0c8 b8c9b0c8 b0c8b0c8     ................
2000e30c:	b0c9b0c8 b0c8b0c8 b8c9b0c8 b8c9b0c8     ................
2000e31c:	c8e9b0c8 00200000 00210000 00200000     ...... ...!... .
2000e32c:	00210000 00200000 00210000 00200000     ..!... ...!... .
2000e33c:	00210000 00200000 00210000 00200000     ..!... ...!... .
2000e34c:	98a70000 b8c9b0c8 b8c9b0c8 b0c8b0c8     ................
2000e35c:	b8c9b0c8 b8c9b0c8 b8c9b0c8 b8e9b0c8     ................
2000e36c:	b8e9b8c8 c0e9b8c8 c0e9b8c9 c0e9b8c9     ................
2000e37c:	c0e9c0c9 c0e9c0e9 c0e9c0e9 c0e9c0e9     ................
2000e38c:	c0e9c0e9 c0e9c0e9 c8e9c0e9 00200000     .............. .
2000e39c:	00210000 00200000 00210000 00200000     ..!... ...!... .
2000e3ac:	00210000 00000000 70850000 c0e9c8e9     ..!........p....
2000e3bc:	c0e9b8c9 b0c8b8c9 00210000 00200000     ..........!... .
2000e3cc:	00210000 00000000 ffdf9cd3 ffdfffdf     ..!.............
2000e3dc:	ffbff7be f79ef79e f79ef77e f77eef7d     ........~...}.~.
2000e3ec:	f77eef5d ef7def5d f77eef5d f77eef7d     ].~.].}.].~.}.~.
2000e3fc:	f79eef7d f7bef79e ffdff7be ffdff7be     }...............
2000e40c:	ffffffdf ffffffdf ffffffff ffffffff     ................
2000e41c:	ffffffff ffffffff ffffffff ffffffff     ................
2000e42c:	ffffffff ffffffff ffffffff ffffffff     ................
2000e43c:	ffffffff ffffffff ffffffff ffffffff     ................
2000e44c:	ffffffff ffffffff ffffffff ffdfffff     ................
2000e45c:	ffbfffdf f79effbf f77ef79e ef5df77e     ..........~.~.].
2000e46c:	ef5df77e ef3def5d ef3def5d ef3def5d     ~.].].=.].=.].=.
2000e47c:	ef5def5d ef5def5d ef5df77e ef7df77e     ].].].].~.].~.}.
2000e48c:	f77ef79e f79ef79e f7beffbf 0000e71c     ..~.............
2000e49c:	00000821 00000821 00000821 00000821     !...!...!...!...
2000e4ac:	38430801 10414864 00000000 00000821     ..C8dHA.....!...
2000e4bc:	00000821 00000821 00000821 00000821     !...!...!...!...
2000e4cc:	00000821 00000821 00000821 c8e92021     !...!...!...! ..
2000e4dc:	b8c9c0e9 b8c9b8e9 b8e9c0e9 b8e9c0e9     ................
2000e4ec:	b8e9c0e9 b8c9c0e9 b8c9c0e9 b8c8b8e9     ................
2000e4fc:	b0c8b8e9 b0c8b8e9 b0c8b0c9 a8c8b0c8     ................
2000e50c:	a8c8b0c9 a8c8b0c8 b0c8b0c9 b0c8b0c9     ................
2000e51c:	b0c8b8c9 0000c8e9 00000821 00000821     ........!...!...
2000e52c:	00000821 00000821 00000821 00000821     !...!...!...!...
2000e53c:	00000821 00000821 00000821 00000821     !...!...!...!...
2000e54c:	b8c97086 b0c8b8e9 b0c8b0c9 b0c8b0c9     .p..............
2000e55c:	b0c8b0c9 b0c8b0c8 b0c8b0c9 b0c8b8e9     ................
2000e56c:	b8c9b8e9 b8c9b8e9 b8e9c0e9 c0e9c0e9     ................
2000e57c:	c0e9c0ea c0e9c0e9 c0e9c8ea c0e9c8ea     ................
2000e58c:	c0e9c8ea c0e9c8e9 c0e9c8ea 0000d90a     ................
2000e59c:	00000821 00000821 00000821 00000821     !...!...!...!...
2000e5ac:	00000821 00000821 00000821 70850020     !...!...!... ..p
2000e5bc:	c8e9b8e9 2042d90a 00000821 00000821     ......B !...!...
2000e5cc:	00000821 00000821 ffdf9492 f7beffdf     !...!...........
2000e5dc:	f79effbf ef7df79e ef5df77e ef3def5d     ......}.~.].].=.
2000e5ec:	ef3def5d e73cef3d ef3def5d ef5def5d     ].=.=.<.].=.].].
2000e5fc:	ef7df77e f79ef79e f7beffbf ffbfffdf     ~.}.............
2000e60c:	ffdfffdf ffffffff ffffffff ffffffff     ................
2000e61c:	ffffffff ffffffff ffffffff ffffffff     ................
2000e62c:	ffffffff ffffffff ffffffff ffffffff     ................
2000e63c:	ffffffff ffffffff ffffffff ffffffff     ................
2000e64c:	ffffffff ffffffff ffdfffdf ffdfffdf     ................
2000e65c:	f7bef7be f77ef77e ef5def5d ef3de73c     ....~.~.].].<.=.
2000e66c:	e71ce71c e71ce71c e71cdefb e71cdefb     ................
2000e67c:	e71cdefb e71ce71c e73ce71c ef5de73c     ..........<.<.].
2000e68c:	ef7def5d f77eef5d f79eef7d 00210000     ].}.].~.}.....!.
2000e69c:	00200000 00210000 00200000 00210000     .. ...!... ...!.
2000e6ac:	00200000 00200000 00200000 00000000     .. ... ... .....
	...
2000e6cc:	00200000 00200000 30420000 b0c8c0c9     .. ... ...B0....
2000e6dc:	b8c9b0c8 b8e9b8c8 b8e9b8c8 c0e9b8c8     ................
2000e6ec:	b8e9b8c8 b8e9b8c8 b8c9b0c8 b0c9b0c8     ................
2000e6fc:	b0c8b0c8 b0c8a8c8 a8c8a8a8 a8c8a8a8     ................
2000e70c:	a8c8a0a7 a8c8a8a7 a8c8a8a7 a8c8a8a8     ................
2000e71c:	b0c8a8a8 a8c8b0c8 00200000 00210000     .......... ...!.
2000e72c:	00200000 00210000 00200000 00210000     .. ...!... ...!.
2000e73c:	00200000 00210000 00200000 28220000     .. ...!... ..."(
2000e74c:	b0c8c0c9 b0c8a8c8 a8c8a8a8 a8c8a8a8     ................
2000e75c:	a8c8a8a7 a8c8a8a8 b0c8a8a8 b0c8a8c8     ................
2000e76c:	b0c8b0c8 b8e9b0c8 b8e9b8c8 c0e9b8c9     ................
2000e77c:	c0e9b8c9 c0e9c0c9 c0e9c0e9 c0e9c0e9     ................
2000e78c:	c0e9c0e9 c0e9c0e9 c0e9c0e9 d10ac0c9     ................
2000e79c:	00200000 00210000 00200000 00200000     .. ...!... ... .
2000e7ac:	00200000 00200000 00200000 00000000     .. ... ... .....
2000e7bc:	00000000 08000000 00200000 00210000     .......... ...!.
2000e7cc:	00200000 00210000 ef5d0000 f79ef79e     .. ...!...].....
2000e7dc:	f77eef7d ef5def5d e73ce73c e71ce71c     }.~.].].<.<.....
2000e7ec:	e6fcdefb e6fcdefb e71cdefb e73ce71c     ..............<.
2000e7fc:	ef5de73c f77eef5d f79eef7d ffbff79e     <.].].~.}.......
2000e80c:	ffdff7be ffffffdf ffffffdf ffffffff     ................
2000e81c:	ffffffff ffffffff ffffffff ffffffff     ................
2000e82c:	ffffffff ffffffff ffffffff ffffffff     ................
2000e83c:	ffffffff ffffffff ffffffff ffffffff     ................
2000e84c:	ffffffff ffffffff ffdfffff f7beffdf     ................
2000e85c:	f77ef7be ef5df77e e71cef5d defbe71c     ..~.~.].].......
2000e86c:	dedbe6fc debbdedb debbdedb debbdedb     ................
2000e87c:	dedbdedb dedbdedb defbe6fc e71ce71c     ................
2000e88c:	e73ce73c ef5def5d d69af77e 00000000     <.<.].].~.......
2000e89c:	00000821 00000821 00000821 00000821     !...!...!...!...
2000e8ac:	00000821 00000821 00000021 00000821     !...!...!...!...
2000e8bc:	00000021 00000821 00000021 00000821     !...!...!...!...
2000e8cc:	00000021 00000821 b8c92042 b0c8b0c8     !...!...B ......
2000e8dc:	b0c8b0c9 b0c8b8e9 b8c8b8e9 b8c9b8e9     ................
2000e8ec:	b8c8b8e9 b8c8b8e9 b0c8b8e9 c432b9eb     ..............2.
2000e8fc:	e659dd97 f75df6fc ffdfffbf ffdfffff     ..Y...].........
2000e90c:	f77dffbf ddf8f6fc aa4bccd4 a0a8a8c8     ..}.......K.....
2000e91c:	a8a8a8c8 b0c8b0c8 00004864 00000821     ........dH..!...
2000e92c:	00000821 00000821 00000821 00000821     !...!...!...!...
2000e93c:	00000821 00000821 00000821 b8c80801     !...!...!.......
2000e94c:	ddb7c36f f77ef6fc ffffffff ff9effff     o.....~.........
2000e95c:	de18f71c a0e8c452 a8a8a8c8 a8c8a8c8     ....R...........
2000e96c:	b0c8b0c8 b0c8b8c9 b8c8b8e9 b8e9c0e9     ................
2000e97c:	c0e9c0e9 c0e9c0e9 c0e9c0e9 c0e9c8ea     ................
2000e98c:	c0e9c0e9 c0e9c8ea c0e9c0e9 c0e9c0e9     ................
2000e99c:	0000d90a 00000821 00000821 00000821     ....!...!...!...
2000e9ac:	00000821 00000821 00000821 00000821     !...!...!...!...
2000e9bc:	00000821 00000821 00000821 00000821     !...!...!...!...
2000e9cc:	00000821 00000821 8c310020 f77ef79e     !...!... .1...~.
2000e9dc:	ef5df77e f79eef5d ffdfffdf ffffffff     ~.].]...........
2000e9ec:	ffdfffff ef7dffdf debbe71c dedbdedb     ......}.........
2000e9fc:	e71ce6fc ef3def3d ef7def5d f79ef79e     ....=.=.].}.....
2000ea0c:	ffbfffbf ffdfffdf ffffffff ffffffff     ................
2000ea1c:	ffffffff ffffffff ffffffff ffffffff     ................
2000ea2c:	ffffffff ffffffff ffffffff ffffffff     ................
2000ea3c:	ffffffff ffffffff ffffffff ffffffff     ................
2000ea4c:	ffffffff ffffffdf ffdfffdf f79ef7be     ................
2000ea5c:	ffffffff ffffffff ffffffff ffffffff     ................
2000ea6c:	ffffffff ffffffff ffffffff ffffffff     ................
2000ea7c:	ffbfffdf ef3def7d debbdefb dedbd6ba     ....}.=.........
2000ea8c:	e6fcdedb e73cdefb 0000e73c 00200000     ......<.<..... .
2000ea9c:	00210000 00200000 5acb0000 ffffffff     ..!... ....Z....
2000eaac:	ffffffff ffffffff ffffffff ffffffff     ................
2000eabc:	ffffffff ffffffff f79effdf debbe73c     ............<...
2000eacc:	9cd3bdf7 002052aa a8c8b8c8 a8c8a0a7     .....R .........
2000eadc:	b0c8a8a8 b0c8a8c8 b8c9b0c8 b8c9b0c8     ................
2000eaec:	b8c9b0c8 d4b3b9ea f75de619 ffffffff     ..........].....
2000eafc:	ffffffff ffffffff ffffffff ffffffff     ................
2000eb0c:	ffffffff ffffffff ffffffff bc31e69a     ..............1.
2000eb1c:	a0a8a0a7 a8c8a0a7 2021c0c9 00200000     ..........! .. .
2000eb2c:	00210000 00200000 00210000 00200000     ..!... ...!... .
2000eb3c:	00210000 00200000 00200000 eefc83ae     ..!... ... .....
2000eb4c:	ffffffff ffffffff ffffffff ffffffff     ................
2000eb5c:	ffffffff f77effff a0a8cd14 a8c8a0a7     ......~.........
2000eb6c:	a8c8a8a7 b0c8a8c8 b8c9b0c8 b8e9b8c8     ................
2000eb7c:	c0e9b8c9 c0e9b8c9 c0e9c0c9 c0e9c0e9     ................
2000eb8c:	c0e9c0e9 c0e9c0c9 c0e9c0c9 b8e9b8c8     ................
2000eb9c:	c0e9b8c9 6b4d0000 ffffffdf ffffffff     ......Mk........
2000ebac:	ffffffff ffffffff ce59ffff 00000000     ..........Y.....
2000ebbc:	00200000 00200000 00210000 00200000     .. ... ...!... .
2000ebcc:	00210000 00200000 00000000 ef5dd69a     ..!... .......].
2000ebdc:	ffdfef5d ffffffff ffffffff ffffffff     ]...............
2000ebec:	ffffffff ffffffff ffdfffff d69ae71c     ................
2000ebfc:	dedbd6ba e71cdedb ef5de71c f79eef5d     ..........].]...
2000ec0c:	ffbff79e ffdff7be ffffffdf ffffffdf     ................
2000ec1c:	ffffffff ffffffff ffffffff ffffffff     ................
2000ec2c:	ffffffff ffffffff ffffffff ffffffff     ................
2000ec3c:	ffffffff ffffffff ffffffff ffffffff     ................
2000ec4c:	ffffffff ffdfffff ffbfffdf f77effbf     ..............~.
2000ec5c:	ffffffff ffffffff ffffffff ffffffff     ................
2000ec6c:	ffffffff ffffffff ffffffff ffffffff     ................
2000ec7c:	ffffffff ffffffff ffffffff debbf77e     ............~...
2000ec8c:	d6bad69a ce59dedb 00000000 00000821     ......Y.....!...
2000ec9c:	00000821 00000821 5acb0821 ffffffff     !...!...!..Z....
2000ecac:	ffffffff ffffffff ffffffff ffffffff     ................
2000ecbc:	ffffffff ffffffff ffffffff ffffffff     ................
2000eccc:	ffffffff f75dffff aa6bd597 a0a7a0c8     ......]...k.....
2000ecdc:	a8a8a8c8 a8c8a8c8 b0c8b0c9 b0c8b0c9     ................
2000ecec:	b0c8b8e9 ffffe659 ffffffff ffffffff     ....Y...........
2000ecfc:	ffffffff ffffffff ffffffff ffffffff     ................
2000ed0c:	ffffffff ffffffff ffffffff ffffffff     ................
2000ed1c:	a28ceebb a0a7a0a8 98a7a8c8 00000000     ................
2000ed2c:	00000821 00000821 00000821 00000821     !...!...!...!...
2000ed3c:	00000821 00000821 bdd70821 ffffffff     !...!...!.......
2000ed4c:	ffffffff ffffffff ffffffff ffffffff     ................
2000ed5c:	ffffffff ffffffff eefcffff 98a7aa6c     ............l...
2000ed6c:	a0a8a0c8 a8c8a8c8 b0c8b0c9 b8c8b8e9     ................
2000ed7c:	b8e9c0e9 c0e9c0e9 c0e9c0e9 c0e9c0e9     ................
2000ed8c:	c0e9c8ea c0e9c0e9 c0e9c0e9 b8c9c0e9     ................
2000ed9c:	b8c9b8e9 defb8086 ffffffff ffffffff     ................
2000edac:	ffffffff ffffffff ce59ffff 00000021     ..........Y.!...
2000edbc:	00000821 00000821 00000821 00000821     !...!...!...!...
2000edcc:	00000821 00000821 00000821 d6ba0000     !...!...!.......
2000eddc:	ffffffff ffffffff ffffffff ffffffff     ................
2000edec:	ffffffff ffffffff ffffffff f79effff     ................
2000edfc:	d67ad69a dedbdebb e71ce6fc ef5def5d     ..z.........].].
2000ee0c:	f79ef79e ffbfffbf ffdfffdf ffffffff     ................
2000ee1c:	ffffffff ffffffff ffffffff ffffffff     ................
2000ee2c:	ffffffff ffffffff ffffffff ffffffff     ................
2000ee3c:	ffffffff ffffffff ffffffff ffffffff     ................
2000ee4c:	ffffffff ffdfffdf f7bef7be f77ef77e     ............~.~.
2000ee5c:	ffffffff ffffffff ffffffff ffffffff     ................
2000ee6c:	ffffffff ffffffff ffffffff ffffffff     ................
2000ee7c:	ffffffff ffffffff ffffffff ffffffff     ................
2000ee8c:	d67aef5d 00008430 00000000 00200000     ].z.0......... .
2000ee9c:	00200000 00200000 5acb0000 ffffffff     .. ... ....Z....
2000eeac:	ffffffff ffffffff ffffffff ffffffff     ................
2000eebc:	ffffffff ffffffff ffffffff ffffffff     ................
2000eecc:	ffffffff ffffffff ffdfffff a108d5b7     ................
2000eedc:	a0a798a7 a8c8a0a7 a8c8a8a7 b0c8a8c8     ................
2000eeec:	b0c8a8c8 ffffe639 ffffffff ffffffff     ....9...........
2000eefc:	ffffffff ffffffff ffffffff ffffffff     ................
2000ef0c:	ffffffff ffffffff ffffffff ffffffff     ................
2000ef1c:	ffbfffff 98a7b452 b0c898a7 00002822     ....R......."(..
2000ef2c:	00200000 00210000 00200000 00210000     .. ...!... ...!.
2000ef3c:	00200000 10820000 ffffce79 ffffffff     .. .....y.......
2000ef4c:	ffffffff ffffffff ffffffff ffffffff     ................
2000ef5c:	ffffffff ffffffff ffffffff aaedf77d     ............}...
2000ef6c:	a0a798a7 a8c8a0a7 b0c8a8a8 b8c9b0c8     ................
2000ef7c:	b8e9b8c8 c0e9b8c9 c0e9b8c9 c0e9c0c9     ................
2000ef8c:	c0e9c0c9 c0e9c0c9 b8e9b8c8 b8e9b8c8     ................
2000ef9c:	b0c8b0c8 ffffd515 ffffffff ffffffff     ................
2000efac:	ffffffff ffffffff ce59ffff 00000000     ..........Y.....
2000efbc:	00000000 00200000 00200000 00210000     ...... ... ...!.
2000efcc:	00200000 00210000 10820000 ffffd67a     .. ...!.....z...
2000efdc:	ffffffff ffffffff ffffffff ffffffff     ................
2000efec:	ffffffff ffffffff ffffffff ffffffff     ................
2000effc:	ce79f7be d69ace59 defbd6ba ef3de6fc     ..y.Y.........=.
2000f00c:	f77eef5d ffbff79e ffdff7be ffffffdf     ].~.............
2000f01c:	ffffffff ffffffff ffffffff ffffffff     ................
2000f02c:	ffffffff ffffffff ffffffff ffffffff     ................
2000f03c:	ffffffff ffffffff ffffffff ffffffff     ................
2000f04c:	ffffffff ffdfffff f79effbf ef5df79e     ..............].
2000f05c:	ffffffff ffffffff ffffffff ffffffff     ................
2000f06c:	ffffffff ffffffff ffffffff ffffffff     ................
2000f07c:	ffffffff ffffffff ffffffff ffffffff     ................
2000f08c:	ef7dffff 0000526a 00000021 00000821     ..}.jR..!...!...
2000f09c:	00000021 00000821 5acb0821 ffffffff     !...!...!..Z....
2000f0ac:	ffffffff ffffffff ffffffff ffffffff     ................
2000f0bc:	ffffffff ffffffff ffffffff ffffffff     ................
2000f0cc:	ffffffff ffffffff ffffffff ef1cffff     ................
2000f0dc:	98a7a24b a0a7a0a8 a8a8a8c8 a8c8a8c8     K...............
2000f0ec:	a8c8b0c8 ffffe659 ffffffff ffffffff     ....Y...........
2000f0fc:	ffffffff ffffffff ffffffff ffffffff     ................
2000f10c:	ffffffff ffffffff ffffffff ffffffff     ................
2000f11c:	ffffffff bc52ffff 98a798a7 000090a7     ......R.........
2000f12c:	00000021 00000821 00000821 00000821     !...!...!...!...
2000f13c:	00000821 c6380821 ffffffff ffffffff     !...!.8.........
2000f14c:	ffffffff ffffffff ffffffff ffffffff     ................
2000f15c:	ffffffff ffffffff ffffffff f75dffff     ..............].
2000f16c:	98a79a0a a0a7a0a8 a8c8a8c8 b0c8b0c9     ................
2000f17c:	b8c8b8e9 b8e9c0e9 c0e9c0e9 c0e9c0e9     ................
2000f18c:	c0e9c0e9 c0e9c0e9 b8c9c0e9 b0c8b8e9     ................
2000f19c:	b28cb0c9 ffffffdf ffffffff ffffffff     ................
2000f1ac:	ffffffff ffffffff ce59ffff 00000821     ..........Y.!...
2000f1bc:	00000021 00000821 00000821 00000821     !...!...!...!...
2000f1cc:	00000821 00000821 c6180821 ffffffff     !...!...!.......
2000f1dc:	ffffffff ffffffff ffffffff ffffffff     ................
2000f1ec:	ffffffff ffffffff ffffffff ffffffff     ................
2000f1fc:	f7beffff ce39ce39 d69ad67a e71ce6fc     ....9.9.z.......
2000f20c:	ef5def5d f79ef79e ffdfffbf ffdfffff     ].].............
2000f21c:	ffffffff ffffffff ffffffff ffffffff     ................
2000f22c:	ffffffff ffffffff ffffffff ffffffff     ................
2000f23c:	ffffffff ffffffff ffffffff ffffffff     ................
2000f24c:	ffffffdf ffdfffdf f79ef79e ef3def5d     ............].=.
2000f25c:	ffffffff ffffffff ffffffff ffffffff     ................
2000f26c:	ffffffff ffffffff ffffffff ffffffff     ................
2000f27c:	ffffffff ffffffff ffffffff ffffffff     ................
2000f28c:	ffffffff 39e7e73c 00000000 00000000     ....<..9........
	...
2000f2a4:	5acb0000 ffffffff ffffffff ffffffff     ...Z............
2000f2b4:	ffffffff ffffffff ffffffff ffffffff     ................
2000f2c4:	ffffffff ffffffff ffffffff ffffffff     ................
2000f2d4:	ffffffff ffffffff 99c9ef3d 98a79086     ........=.......
2000f2e4:	a0a898a7 a8c8a0a7 a8c8a8a7 ffffde38     ............8...
2000f2f4:	ffffffff ffffffff ffffffff ffffffff     ................
2000f304:	ffffffff ffffffff ffffffff ffffffff     ................
2000f314:	ffffffff ffffffff ffffffff ffdfffff     ................
2000f324:	98a7a2ed 1000a8a7 00000000 00200000     .............. .
2000f334:	00200000 00200000 00200000 ffff94b2     .. ... ... .....
2000f344:	ffffffff ffffffff ffffffff ffffffff     ................
2000f354:	ffffffff ffffffff ffffffff ffffffff     ................
2000f364:	ffffffff ffffffff 9087de7a 98a79086     ........z.......
2000f374:	a8c8a0a7 b0c8a8a8 b8c9b0c8 b8e9b8c8     ................
2000f384:	c0e9b8c9 c0e9b8c9 c0e9b8c9 b8e9b8c8     ................
2000f394:	b8e9b8c8 b0c8b0c8 ee9aa8c8 ffffffff     ................
2000f3a4:	ffffffff ffffffff ffffffff ffffffff     ................
2000f3b4:	ce59ffff 00000000 00000000 00000000     ..Y.............
2000f3c4:	00000000 00200000 00200000 00200000     ...... ... ... .
2000f3d4:	ffff9492 ffffffff ffffffff ffffffff     ................
2000f3e4:	ffffffff ffffffff ffffffff ffffffff     ................
2000f3f4:	ffffffff ffffffff ffffffff bdf7e73c     ............<...
2000f404:	d67ac618 dedbd69a ef3de6fc f79eef5d     ..z.......=.]...
2000f414:	ffbff79e ffdff7be ffffffdf ffffffff     ................
2000f424:	ffffffff ffffffff ffffffff ffffffff     ................
2000f434:	ffffffff ffffffff ffffffff ffffffff     ................
2000f444:	ffffffff ffffffff ffdfffff f7beffdf     ................
2000f454:	f77effbf e71cef5d ffffffff ffffffff     ..~.]...........
2000f464:	ffffffff ffffffff ffffffff ffffffff     ................
2000f474:	ffffffff ffffffff ffffffff ffffffff     ................
2000f484:	ffffffff ffffffff ffffffff bdd7ffff     ................
2000f494:	00000821 00000021 00000821 00000021     !...!...!...!...
2000f4a4:	5aab0000 ffffffff ffffffff ffffffff     ...Z............
2000f4b4:	ffffffff ffffffff ffffffff ffffffff     ................
2000f4c4:	ffffffff ffffffff ffffffff ffffffff     ................
2000f4d4:	ffffffff ffffffff de59ffff 908690a7     ..........Y.....
2000f4e4:	98a798a7 a0a7a0c8 a0a7a8c8 ffffe639     ............9...
2000f4f4:	ffffffff ffffffff ffffffff ffffffff     ................
2000f504:	ffffffff ffffffff ffffffff ffffffff     ................
2000f514:	ffffffff ffffffff ffffffff ffffffff     ................
2000f524:	8886eedc 484398a7 00000021 00000021     ......CH!...!...
2000f534:	00000821 00000821 31860821 fffff79e     !...!...!..1....
2000f544:	ffffffff ffffffff ffffffff ffffffff     ................
2000f554:	ffffffff ffffffff ffffffff ffffffff     ................
2000f564:	ffffffff ffffffff ac31ffff 90a790a7     ..........1.....
2000f574:	a0a7a0a8 a8c8a8c8 b0c8b0c9 b8c9b8e9     ................
2000f584:	b8e9c0e9 b8e9c0e9 c0e9c0e9 b8c9c0e9     ................
2000f594:	b8c8b8e9 b0c8b8e9 ffffcc73 ffffffff     ........s.......
2000f5a4:	ffffffff ffffffff ffffffff ffffffff     ................
2000f5b4:	ce59ffff 00000020 00000821 00000021     ..Y. ...!...!...
2000f5c4:	88864864 002090a7 00000000 31860821     dH.... .....!..1
2000f5d4:	ffffffbf ffffffff ffffffff ffffffff     ................
2000f5e4:	ffffffff ffffffff ffffffff ffffffff     ................
2000f5f4:	ffffffff ffffffff ffffffff ce59ffff     ..............Y.
2000f604:	c618c5f8 d6bad67a e71ce6fc ef7def5d     ....z.......].}.
2000f614:	f7bef79e ffdfffdf ffffffff ffffffff     ................
2000f624:	ffffffff ffffffff ffffffff ffffffff     ................
2000f634:	ffffffff ffffffff ffffffff ffffffff     ................
2000f644:	ffffffff ffffffff ffdfffdf ffbff7be     ................
2000f654:	ef7df79e e71ce73c ffffffff ffffffff     ..}.<...........
2000f664:	ffffffff ffffffff ffffffff ffffffff     ................
2000f674:	ffffffff ffffffff ffffffff ffffffff     ................
2000f684:	ffffffff ffffffff ffffffff ffdfffff     ................
2000f694:	0000528a 00000000 00000000 00210000     .R............!.
2000f6a4:	b2cda0a7 ffffffff ffffffff ffffffff     ................
2000f6b4:	ffffffff ffffffff ffffffff ffffffff     ................
2000f6c4:	ffffffff ffffffff ffffffff ffffffff     ................
2000f6d4:	ffffffff ffffffff ffffffff 9086a3af     ................
2000f6e4:	98a79086 a0a798a7 a0a798a7 ffffde38     ............8...
2000f6f4:	ffffffff ffffffff ffffffff ffffffff     ................
2000f704:	ffffffff ffffffff ffffffff ffffffff     ................
2000f714:	ffffffff ffffffff ffffffff ffffffff     ................
2000f724:	a3d0ffff 80868886 00000000 00000000     ................
2000f734:	00200000 00000000 b5b60000 ffffffff     .. .............
2000f744:	ffffffff ffffffff ffffffff ffffffff     ................
2000f754:	ffffffff ffffffff ffffffff ffffffff     ................
2000f764:	ffffffff ffffffff ef3dffff 90878086     ..........=.....
2000f774:	98a79086 a8c8a0a7 b0c8a8a8 b8e9b0c8     ................
2000f784:	b8e9b8c8 c0e9b8c9 b8e9b8c8 b8e9b8c8     ................
2000f794:	b0c8b0c8 b1aab0c8 fffff77d ffffffff     ........}.......
2000f7a4:	ffffffff ffffffff ffffffff ffffffff     ................
2000f7b4:	ce59ffff 00000000 00000000 88a70000     ..Y.............
2000f7c4:	b0c8b0c8 b8e9b0c8 00006064 bdb70000     ........d`......
2000f7d4:	ffffffff ffffffff ffffffff ffffffff     ................
2000f7e4:	ffffffff ffffffff ffffffff ffffffff     ................
2000f7f4:	ffffffff ffffffff ffffffff f79effff     ................
2000f804:	bdf7b596 d67ac638 e6fcd6ba ef5de71c     ....8.z.......].
2000f814:	f79eef7d ffdff7be ffffffdf ffffffff     }...............
2000f824:	ffffffff ffffffff ffffffff ffffffff     ................
2000f834:	ffffffff ffffffff ffffffff ffffffff     ................
2000f844:	ffffffff ffffffff ffdfffff f7beffdf     ................
2000f854:	ef5df79e defbef3d ffffffff ffffffff     ..].=...........
2000f864:	ffffffff ffffffff ffffffff ffffffff     ................
2000f874:	ffffffff ffffffff ffffffff ffffffff     ................
2000f884:	ffffffff ffffffff ffffffff ffffffff     ................
2000f894:	0000b596 00000821 00000021 a8c87886     ....!...!....x..
2000f8a4:	aacca0a7 ffffffff ffffffff ffffffff     ................
2000f8b4:	ffffffff ffffffff ffffffff ffffffff     ................
2000f8c4:	ffffffff ffffffff ffffffff ffffffff     ................
2000f8d4:	ffffffff ffffffff ffffffff 8086e69b     ................
2000f8e4:	90868887 98a798a7 98a7a0a7 ffffe639     ............9...
2000f8f4:	ffffffff ef1cffff c575de59 9b4eb493     ........Y.u...N.
2000f904:	79888aab 8aec79a8 d679acb3 ffffffff     ...y.y....y.....
2000f914:	ffffffff ffffffff ffffffff ffffffff     ................
2000f924:	d638ffff 98a78886 00001021 00000821     ..8.....!...!...
2000f934:	00000021 00000821 f79e2104 ffffffff     !...!....!......
2000f944:	ffffffff ffffffff ffffffff de9affff     ................
2000f954:	69e893f0 c5b78b4e ffffffdf ffffffff     ...iN...........
2000f964:	ffffffff ffffffff ffffffff 8886ac31     ............1...
2000f974:	98a790a7 a0a8a0a8 b0c8a8c8 b8c8b8e9     ................
2000f984:	b8c9b8e9 b8c9c0e9 b8c9c0e9 b8c9b8e9     ................
2000f994:	b0c8b8e9 ddf8b0c8 ffffffff ffffffff     ................
2000f9a4:	ffffffff ffffffff ffffffff ffffffff     ................
2000f9b4:	ce59ffff 00000821 00000020 a8c84843     ..Y.!... ...CH..
2000f9c4:	a8a8a8c8 a8c8b0c8 a8c8b8c9 f79e2104     .............!..
2000f9d4:	ffffffff ffffffff ffffffff ffffffff     ................
2000f9e4:	d69affff 8410ad35 c6389cb3 ffffffff     ....5.....8.....
2000f9f4:	ffffffff ffffffff ffffffff ffffffff     ................
2000fa04:	b596c618 ce39c5f8 dedbd69a ef3de71c     ......9.......=.
2000fa14:	f79ef77e ffbfffbf ffdfffdf ffffffff     ~...............
2000fa24:	ffffffff ffffffff ffffffff ffffffff     ................
2000fa34:	ffffffff ffffffff ffffffff ffffffff     ................
2000fa44:	ffffffff ffffffff ffdfffdf f7bef7be     ................
2000fa54:	ef5def7d defbe71c ffffffff ffffffff     }.].............
2000fa64:	ffffffff ffffffff 6b2dffdf 62ec5aeb     ..........-k.Z.b
2000fa74:	6b4d62ec 94b273ae ef5dbdb7 ffffffff     .bMk.s....].....
2000fa84:	ffffffff ffffffff ffffffff ffffffff     ................
2000fa94:	0000debb 00000000 a0a70800 98a798a7     ................
2000faa4:	aacd9887 ffffffff ffffffff ffffffff     ................
2000fab4:	ffffffff 0000ef7d 00000000 39e70861     ....}.......a..9
2000fac4:	8c3152aa e71cb575 ffffffff ffffffff     .R1.u...........
2000fad4:	ffffffff ffffffff ffffffff 8188ffdf     ................
2000fae4:	88868066 98a78886 98a79887 eefcd5f8     f...............
2000faf4:	b3d0d597 90a79107 88868886 80868065     ............e...
2000fb04:	78657865 70657065 68656844 ef5d8b4d     exexepepDhehM.].
2000fb14:	ffffffff ffffffff ffffffff ffffffff     ................
2000fb24:	f75dffff 90a77865 00003001 00000000     ..].ex...0......
	...
2000fb3c:	ffff9492 ffffffff ffffffff ffffffff     ................
2000fb4c:	ffffffff 5844c5b7 58445023 50435023     ......DX#PDX#PCP
2000fb5c:	ffdf8bcf ffffffff ffffffff ffffffff     ................
2000fb6c:	ffffffff 8086de79 90a78886 a0a79887     ....y...........
2000fb7c:	b0c8a0a7 b8c8b0c8 b8e9b0c8 b8e9b8c8     ................
2000fb8c:	b8e9b8c8 b8c9b0c8 b0c8b0c8 ffffbb8f     ................
2000fb9c:	ffffffff ffffffff ffffffff ffffffff     ................
2000fbac:	ffffffff ffffffff ce59ffff 00000000     ..........Y.....
2000fbbc:	00000000 98a79887 a8c8a0a7 a8c8a8a7     ................
2000fbcc:	a8c8a8a8 ffffccb3 ffffffff ffffffff     ................
2000fbdc:	ffffffff ffffffff 0000b5b6 738e2104     .............!.s
2000fbec:	738e738e ffff9cd3 ffffffff ffffffff     .s.s............
2000fbfc:	ffffffff ffffffff ad55e71c c618b5b6     ..........U.....
2000fc0c:	d6bace59 e73cdedb f77eef5d ffbff79e     Y.....<.].~.....
2000fc1c:	ffdfffbf ffffffdf ffffffff ffffffff     ................
2000fc2c:	ffffffff ffffffff ffffffff ffffffff     ................
2000fc3c:	ffffffff ffffffff ffffffff ffffffff     ................
2000fc4c:	ffdfffff f79effdf ef5df79e dedbe71c     ..........].....
2000fc5c:	ffffffff ffffffff ffffffff ffffffff     ................
2000fc6c:	5acbffff 5aab5acb 5aeb5acb 632c630c     ...Z.Z.Z.Z.Z.c,c
2000fc7c:	6b4d6b4d ffffc5f8 ffffffff ffffffff     MkMk............
2000fc8c:	ffffffff ffffffff 0000ffdf 30220000     .............."0
2000fc9c:	9086a0a7 90a798a7 a2cc98a7 ffffffff     ................
2000fcac:	ffffffff ffffffff ffffffff 0000f77e     ............~...
	...
2000fcc4:	08000000 50235844 ffdfa4b3 ffffffff     ....DX#P........
2000fcd4:	ffffffff ffffffff ffffffff a431ffff     ..............1.
2000fce4:	80868086 908690a7 98a798a7 98a7a0a7     ................
2000fcf4:	98a7a0a7 908698a7 888690a7 80868886     ................
2000fd04:	78658086 70657886 70657865 7aab6865     ..ex.xepexepeh.z
2000fd14:	ffffffdf ffffffff ffffffff ffffffff     ................
2000fd24:	ffffffff 888678e6 00004043 00000021     .....x..C@..!...
2000fd34:	00000821 00000021 ffffd69a ffffffff     !...!...........
2000fd44:	ffffffff ffffffff e71cffff 50235844     ............DX#P
2000fd54:	50235844 50235844 bd765844 ffffffff     DX#PDX#PDXv.....
2000fd64:	ffffffff ffffffff ffffffff 8147ffdf     ..............G.
2000fd74:	88868886 98a798a7 a8c8a8c8 b0c8b0c8     ................
2000fd84:	b8c9b8e9 b8c8b8e9 b8c9b8e9 b0c8b8e9     ................
2000fd94:	a8e8b0c9 fffff73d ffffffff ffffffff     ....=...........
2000fda4:	ffffffff ffffffff ffffffff ffffffff     ................
2000fdb4:	ce59ffff 00000020 30220821 98a7a0a8     ..Y. ...!."0....
2000fdc4:	a0a7a0c8 a8a8a8c8 a0a8a8c8 ffffeebb     ................
2000fdd4:	ffffffff ffffffff ffffffff e71cffff     ................
2000fde4:	00000001 39e70000 736e738e bdf7738e     .......9.sns.s..
2000fdf4:	ffffffff ffffffff ffffffff ffffffff     ................
2000fe04:	a534ffff bdd7b596 d67ace39 e71cdedb     ..4.....9.z.....
2000fe14:	ef7def5d f7bef79e ffdfffdf ffffffff     ].}.............
2000fe24:	ffffffff ffffffff ffffffff ffffffff     ................
2000fe34:	ffffffff ffffffff ffffffff ffffffff     ................
2000fe44:	ffffffff ffffffff ffdfffdf f79ef7be     ................
2000fe54:	ef5def7d dedbe6fc ffffffff ffffffff     }.].............
2000fe64:	ffffffff ffffffff 5aabffdf 5aab528a     ...........Z.R.Z
2000fe74:	62ec52aa 6b2d630c 6b4d6b4d d69a6b4d     .R.b.c-kMkMkMk..
2000fe84:	ffffffff ffffffff ffffffff ffffffff     ................
2000fe94:	4228ffff 90874823 90868086 90a79086     ..(B#H..........
2000fea4:	a2cc9086 ffffffff ffffffff ffffffff     ................
2000feb4:	ffffffff 0000ef5d 00000000 00000000     ....]...........
2000fec4:	28210000 58445023 b5355023 ffffffff     ..!(#PDX#P5.....
2000fed4:	ffffffff ffffffff ffffffff c597ffff     ................
2000fee4:	80867065 90878886 98a79086 98a79887     ep..............
2000fef4:	98a798a7 98a79887 90879086 88868886     ................
2000ff04:	80868086 80868065 78657865 68657045     ....e...exexEpeh
2000ff14:	ffffbd96 ffffffff ffffffff ffffffff     ................
2000ff24:	ffffffff 8086828b 00005844 00000000     ........DX......
2000ff34:	00000000 10820000 fffff7be ffffffff     ................
2000ff44:	ffffffff ffffffff 9c51ffff 50435023     ..........Q.#PCP
2000ff54:	50435023 58445023 61875023 fffff79e     #PCP#PDX#P.a....
2000ff64:	ffffffff ffffffff ffffffff ac52ffff     ..............R.
2000ff74:	88867865 98a79086 a8c898a7 b0c8a8a8     ex..............
2000ff84:	b8c9b0c8 b8c9b0c8 b8c9b0c8 b0c8b0c8     ................
2000ff94:	d556a8a8 ffffffff ffffffff ffffffff     ..V.............
2000ffa4:	ffffe6db ffffffff ffffffff ffffffff     ................
2000ffb4:	ce59ffff 00000000 60640000 98a79086     ..Y.......d`....
2000ffc4:	a0a898a7 a8c8a0a7 a0e8a0a7 ffffffbe     ................
2000ffd4:	ffffffff ffffffff ffffffff 8c51ffff     ..............Q.
	...
2000ffec:	738e5aeb 7bcf738e fffff7be ffffffff     .Z.s.s.{........
2000fffc:	ffffffff ffffffff bdf7ffff b5b6a534     ............4...
2001000c:	ce59bdf7 e6fcd69a ef5de71c f7beef7d     ..Y.......].}...
2001001c:	ffdff7be ffffffdf ffffffff ffffffff     ................
2001002c:	ffffffff ffffffff ffffffff ffffffff     ................
2001003c:	ffffffff ffffffff ffffffff ffffffff     ................
2001004c:	ffdfffff f79effbf ef3df77e debbe71c     ........~.=.....
2001005c:	ffffffff ffffffff ffffffff ffffffff     ................
2001006c:	528affff 52aa5aab 630c62ec 6b4d6b4d     ...R.Z.R.b.cMkMk
2001007c:	736e738e 8c714a49 ffffffff ffffffff     .snsIJq.........
2001008c:	ffffffff ffffffff 7b2dffff 78658086     ..........-{..ex
2001009c:	88868886 908690a7 9acc90a7 ffffffff     ................
200100ac:	ffffffff ffffffff ffffffff 0000f77e     ............~...
	...
200100c4:	58430000 58445844 58c55844 ffffffdf     ..CXDXDXDX.X....
200100d4:	ffffffff ffffffff ffffffff d659ffff     ..............Y.
200100e4:	78657865 88868886 98a790a7 98a7a0a7     exex............
200100f4:	98a7a0a7 98a7a0a8 90a798a7 908698a7     ................
20010104:	888690a7 80868887 78658086 70657886     ..........ex.xep
20010114:	ffff934d ffffffff ffffffff ffffffff     M...............
20010124:	ffffffff 78658aed 00006865 00000821     ......exeh..!...
20010134:	00000021 73ae0821 ffffffff ffffffff     !...!..s........
20010144:	ffffffff ffffffff 5023ff9e 50235844     ..........#PDX#P
20010154:	50235844 58435844 58435844 ffffd639     DX#PDXCXDXCX9...
20010164:	ffffffff ffffffff ffffffff cdf8ffff     ................
20010174:	80867886 90a790a7 a0a7a0a8 b0c8b0c8     .x..............
20010184:	b0c8b0c9 b8c8b8e9 b0c8b8e9 a8c8b0c9     ................
20010194:	ffdfbacd ffffffff ffffffff ffdfffff     ................
200101a4:	ffff8b0d ffffffff ffffffff ffffffff     ................
200101b4:	ce59ffff 00000001 78650000 90a790a7     ..Y.......ex....
200101c4:	a0a7a0a7 a0a7a8c8 b3b0a8c8 ffffffff     ................
200101d4:	ffffffff ffffffff ffffffff 0000f79e     ................
	...
200101ec:	73ae18c3 7baf7bcf ffffd69a ffffffff     ...s.{.{........
200101fc:	ffffffff ffffffff d69affff b576a514     ..............v.
2001020c:	c638bdf7 dedbd69a ef5de71c f79ef79e     ..8.......].....
2001021c:	ffdfffdf ffffffff ffffffff ffffffff     ................
2001022c:	ffffffff ffffffff ffffffff ffffffff     ................
2001023c:	ffffffff ffffffff ffffffff ffffffff     ................
2001024c:	ffdfffdf f79ef7be ef3def7d debbdefb     ........}.=.....
2001025c:	ffffffff ffffffff ffffffff ffffffff     ................
2001026c:	528affdf 5acb528a 6b2d5aeb 738e6b6d     ...R.R.Z.Z-kmk.s
2001027c:	738e738e 528a0000 ffffffff ffffffff     .s.s...R........
2001028c:	ffffffff ffffffff a410ffff 78656844     ............Dhex
2001029c:	88868065 90868886 a2cd8886 ffffffff     e...............
200102ac:	ffffffff ffffffff ffffffff 0000ef5d     ............]...
	...
200102c4:	68441800 60445843 58445844 ffffdedb     ..DhCXD`DXDX....
200102d4:	ffffffff ffffffff ffffffff debbffff     ................
200102e4:	78656844 88868065 98a79086 a0a798a7     Dhexe...........
200102f4:	a0a798a7 a0a798a7 98a798a7 98a79887     ................
20010304:	90a79086 88868886 88868886 78657865     ............exex
20010314:	ffff70a5 ffffffff ffffffff ffffffff     .p..............
20010324:	ffffffff 786571a7 00006044 00000000     .....qexD`......
20010334:	00000000 ad750000 ffffffff ffffffff     ......u.........
20010344:	ffffffff ffffffff 5043d679 50435023     ........y.CP#PCP
20010354:	58445023 60445823 60445844 ffffa472     #PDX#XD`DXD`r...
20010364:	ffffffff ffffffff ffffffff e71cffff     ................
20010374:	80867065 90a78086 a0a898a7 a8c8a0a7     ep..............
20010384:	b0c9b0c8 b0c8b0c8 b0c8b0c8 a8c8a8c8     ................
20010394:	ffffe6ba ffffffff ffffffff c596ffff     ................
200103a4:	ffff6044 ffffffff ffffffff ffffffff     D`..............
200103b4:	ce59ffff 00000000 90860000 90a78886     ..Y.............
200103c4:	a0a798a7 a0a7a0a7 d576a0a7 ffffffff     ..........v.....
200103d4:	ffffffff ffffffff ffffffff 0000ce79     ............y...
	...
200103ec:	4a490000 83f07bef ffffad75 ffffffff     ..IJ.{..u.......
200103fc:	ffffffff ffffffff ef5dffff ad559cd3     ..........]...U.
2001040c:	c618b5b6 debbce59 ef3ddefb f79eef5d     ....Y.....=.]...
2001041c:	ffdff7be ffffffdf ffffffff ffffffff     ................
2001042c:	ffffffff ffffffff ffffffff ffffffff     ................
2001043c:	ffffffff ffffffff ffffffff ffffffff     ................
2001044c:	ffdfffff f79effbf ef3df77e d6bae71c     ........~.=.....
2001045c:	ffffffff ffffffff ffffffff ffffffff     ................
2001046c:	528affff 5acb5aab 6b4d6b2d 7baf73ae     ...R.Z.Z-kMk.s.{
2001047c:	210483f0 29450020 ffffffff ffffffff     ...! .E)........
2001048c:	ffffffff ffffffff 93cfffff 78657065     ............epex
2001049c:	80868086 88868886 9acc90a7 ffffffff     ................
200104ac:	ffffffff ffffffff ffffffff 0000f77e     ............~...
	...
200104c4:	60444023 60446044 60446845 ffffde7a     #@D`D`D`EhD`z...
200104d4:	ffffffff ffffffff ffffffff e6fbffff     ................
200104e4:	78657065 88868086 98a790a7 a0a7a0a7     epex............
200104f4:	a0a7a0c8 a0a7a0c8 a0a7a0c8 98a7a0a8     ................
20010504:	98a7a0a8 908798a7 888690a7 80658886     ..............e.
20010514:	ffff8127 ffffffff ffffffff ffffffff     '...............
20010524:	ffdfffff 70656865 00007065 00000020     ....ehepep.. ...
20010534:	00000821 ce590021 ffffffff ffffffff     !...!.Y.........
20010544:	ffffffff ffffffff 5023b555 50235044     ........U.#PDP#P
20010554:	58445844 60446044 60446865 ffff7a4a     DXDXD`D`ehD`Jz..
20010564:	ffffffff ffffffff ffffffff ffbeffff     ................
20010574:	78657065 88868886 a0a798a7 a8c8a8c8     epex............
20010584:	b0c8b0c9 b0c8b0c9 b0c8b0c9 c493b0c8     ................
20010594:	ffffffff ffffffff ffffffff 68c5f75d     ............]..h
200105a4:	ffff6044 ffffffff ffffffff ffffffff     D`..............
200105b4:	ce59ffff 00000000 90860021 90868887     ..Y.....!.......
200105c4:	98a798a7 a0a7a0c8 de59a0a8 ffffffff     ..........Y.....
200105d4:	ffffffff ffffffff ffffffff 0000ad55     ............U...
	...
200105ec:	00000001 84108410 ffff9472 ffffffff     ........r.......
200105fc:	ffffffff ffffffff ffdfffff a5149cb3     ................
2001060c:	c5f8b596 d69ace59 e73ce6fc f77eef7d     ....Y.....<.}.~.
2001061c:	ffbfffbf ffdfffdf ffffffff ffffffff     ................
2001062c:	ffffffff ffffffff ffffffff ffffffff     ................
2001063c:	ffffffff ffffffff ffffffff ffffffff     ................
2001064c:	ffdfffdf f79ef7be ef3def5d debbdefb     ........].=.....
2001065c:	ffffffff ffffffff ffffffff ffffffff     ................
2001066c:	52aaffdf 62ec52aa 738e632c 7bef73ae     ...R.R.b,c.s.s.{
2001067c:	000073ae 526a0000 ffffffff ffffffff     .s....jR........
2001068c:	ffffffff ffffffff 830dffff 78656844     ............Dhex
2001069c:	80867865 88868886 9acc8886 ffffffff     ex..............
200106ac:	ffffffff ffffffff ffffffff 0000ef5d     ............]...
	...
200106c4:	60446044 68456044 68446044 ffffd679     D`D`D`EhD`Dhy...
200106d4:	ffffffff ffffffff ffffffff e6fbffff     ................
200106e4:	78656844 88867865 98a78886 a0a898a7     Dhexex..........
200106f4:	a8c8a0a7 a8c8a0a7 a8c8a0a7 a0a8a0a7     ................
20010704:	a0a7a0a7 98a798a7 90a79086 88868886     ................
20010714:	ffff930d ffffffff ffffffff ffffffff     ................
20010724:	ef3cffff 70656844 00006044 00000000     ..<.DhepD`......
20010734:	00000000 e71c0000 ffffffff ffffffff     ................
20010744:	ffffffff ffffffff 50438bf0 58445023     ..........CP#PDX
20010754:	60445823 68446044 68446044 ffbf6044     #XD`D`DhD`DhD`..
20010764:	ffffffff ffffffff ffffffff ffffffff     ................
20010774:	78657a6a 88868065 98a79086 a8c8a0a7     jzexe...........
20010784:	b0c8a8a8 b0c8a8c8 a8c8a8c8 ff9ea9ea     ................
20010794:	ffffffff ffffffff ffffffff 604493af     ..............D`
200107a4:	ffff5023 ffffffff ffffffff ffffffff     #P..............
200107b4:	ce59ffff 00000000 88861800 90a78886     ..Y.............
200107c4:	98a79086 a0a798a7 ef3c98a7 ffffffff     ..........<.....
200107d4:	ffffffff ffffffff ffffffff 000083f0     ................
	...
200107f0:	8c5131a6 ffbf8430 ffffffff ffffffff     .1Q.0...........
20010800:	ffffffff ffffffff a5149cd3 bdd7ad55     ............U...
20010810:	d69ac638 e71cdedb f79eef5d ffbff79e     8.......].......
20010820:	ffffffdf ffffffdf ffffffff ffffffff     ................
20010830:	ffffffff ffffffff ffffffff ffffffff     ................
20010840:	ffffffff ffffffff ffffffff ffbfffff     ................
20010850:	f79effbf e73cf77e d6bae71c ffffffff     ....~.<.........
20010860:	ffffffff ffffffff ffffffff 52aaffff     ...............R
20010870:	630c5acb 738e6b4d 83f07bcf 000018c3     .Z.cMk.s.{......
20010880:	94720001 ffffffff ffffffff ffffffff     ..r.............
20010890:	ffffffff 6126ffff 70657065 80868086     ......&aepep....
200108a0:	88868886 9acc8887 ffffffff ffffffff     ................
200108b0:	ffffffff ffffffff 0000f77e 00000000     ........~.......
200108c0:	08000000 68447065 68447065 68446865     ....epDhepDhehDh
200108d0:	ffffe6fc ffffffff ffffffff ffffffff     ................
200108e0:	debbffff 70656865 88868086 98a790a7     ....ehep........
200108f0:	a0a7a0a8 a8a8a8c8 a8c8a8c8 a8c8a8c8     ................
20010900:	a8a8a8c8 a0a7a8c8 a0a7a0c8 90a7a0a7     ................
20010910:	888690a7 ffffc555 ffffffff ffffffff     ....U...........
20010920:	ffffffff c5d7ffff 70656865 00006865     ........ehepeh..
20010930:	00000821 00000021 f79e0821 ffffffff     !...!...!.......
20010940:	ffffffff ffffffff ffffffff 5023728b     .............r#P
20010950:	58445844 60446044 68446865 68447065     DXDXD`D`ehDhepDh
20010960:	ef1c6865 ffffffff ffffffff ffffffff     eh..............
20010970:	ffffffff 70659bf0 88868086 98a790a7     ......ep........
20010980:	a0a8a0c8 a8c8a8c8 a8c8b0c8 a8a8b0c8     ................
20010990:	ffffe639 ffffffff ffffffff ce18ffff     9...............
200109a0:	60446865 ffff5844 ffffffff ffffffff     ehD`DX..........
200109b0:	ffffffff ce59ffff 00000001 80864022     ......Y....."@..
200109c0:	90868887 98a798a7 98a7a0a8 ff9ea0a7     ................
200109d0:	ffffffff ffffffff ffffffff ffffffff     ................
200109e0:	0000528a 00000000 00000001 00000000     .R..............
200109f0:	8c510000 ef5d9472 ffffffff ffffffff     ..Q.r.].........
20010a00:	ffffffff ffffffff 9cd3b576 b5b6ad55     ........v...U...
20010a10:	d67ace39 e71cdedb ef7def5d f7bef7be     9.z.....].}.....
20010a20:	ffdfffdf ffffffff ffffffff ffffffff     ................
20010a30:	ffffffff ffffffff ffffffff ffffffff     ................
20010a40:	ffffffff ffffffff ffffffff ffdfffdf     ................
20010a50:	f79ef7be ef3def5d d6badefb ffffffff     ....].=.........
20010a60:	ffffffff ffffffff ffffffff 528affdf     ...............R
20010a70:	630c52aa 738e6b4d 7bcf7bcf 00000000     .R.cMk.s.{.{....
20010a80:	d6ba0000 ffffffff ffffffff ffffffff     ................
20010a90:	ffffffff 6044e71c 70656844 80867865     ......D`Dhepex..
20010aa0:	88868086 9acc8886 ffffffff ffffffff     ................
20010ab0:	ffffffff ffffffff 0000ef5d 00000000     ........].......
20010ac0:	28210000 68656844 70656844 68e66844     ..!(DhehDhepDh.h
20010ad0:	fffff7be ffffffff ffffffff ffffffff     ................
20010ae0:	d659ffff 70656844 88867865 98a79086     ..Y.Dhepex......
20010af0:	a0c898a7 a8c8a8a7 b0c8a8a8 b0c8a8c8     ................
20010b00:	a8c8a8a8 a8c8a8a8 a0a8a0a7 98a798a7     ................
20010b10:	90869086 ffffef3c ffffffff ffffffff     ....<...........
20010b20:	ffffffff 93cfffff 70656844 00006044     ........DhepD`..
	...
20010b38:	ffff10a2 ffffffff ffffffff ffffffff     ................
20010b48:	ffffffff 50234823 58445023 68446044     ....#H#P#PDXD`Dh
20010b58:	68656844 70656844 debb6844 ffffffff     DhehDhepDh......
20010b68:	ffffffff ffffffff ffffffff 7065acd3     ..............ep
20010b78:	88867865 98a78886 a0a898a7 a8c8a0a7     ex..............
20010b88:	a8c8a8a7 bbd0a8a7 ffffffff ffffffff     ................
20010b98:	ffffffff 79a8f77e 60446044 ffff5023     ....~..yD`D`#P..
20010ba8:	ffffffff ffffffff ffffffff ce59ffff     ..............Y.
20010bb8:	00000000 88863822 90878086 98a79086     ...."8..........
20010bc8:	98a798a7 ffff9907 ffffffff ffffffff     ................
20010bd8:	ffffffff ffffffff 00001000 00000000     ................
	...
20010bf0:	31a60000 e71c8c71 ffffffff ffffffff     ...1q...........
20010c00:	ffffffff ffffffff 9cb3bdd7 b5b6a534     ............4...
20010c10:	ce79bdf7 e71cd6ba ef7de73c ffbff79e     ..y.....<.}.....
20010c20:	ffdff7be ffffffdf ffffffff ffffffff     ................
20010c30:	ffffffff ffffffff ffffffff ffffffff     ................
20010c40:	ffffffff ffffffff ffffffff ffbfffff     ................
20010c50:	f79effbf e73cf77e d6bae6fc ffffffff     ....~.<.........
20010c60:	ffffffff ffffffff ffffffff 528affff     ...............R
20010c70:	5aeb5aab 736e6b4d 29457bcf 00000000     .Z.ZMkns.{E)....
20010c80:	ffffb596 ffffffff ffffffff ffffffff     ................
20010c90:	ffffffff 6044bd96 70657065 80868086     ......D`epep....
20010ca0:	88868886 9acc9087 ffffffff ffffffff     ................
20010cb0:	ffffffff ffffffff 0000f77e 00000000     ........~.......
20010cc0:	38220000 68446865 68447065 bd357065     .."8ehDhepDhep5.
20010cd0:	ffffffff ffffffff ffffffff ffffffff     ................
20010ce0:	bd96ffff 70656865 88868086 98a798a7     ....ehep........
20010cf0:	a0a7a0c8 a8c8b0c8 b0c8b0c8 b0c8b0c9     ................
20010d00:	b0c8b0c9 a8c8b0c9 a0a7a8c8 98a7a0c8     ................
20010d10:	b47298a7 ffffffff ffffffff ffffffff     ..r.............
20010d20:	ffffffff 6044ef1c 78657065 00005044     ......D`epexDP..
20010d30:	00000020 00000821 ffff52aa ffffffff      ...!....R......
20010d40:	ffffffff ffffffff f79effff 50235043     ............CP#P
20010d50:	58435844 68446044 68657065 70657065     DXCXD`Dhepehepep
20010d60:	d6597065 ffffffff ffffffff ffffffff     epY.............
20010d70:	ffffffff 6845bd76 80867886 908790a7     ....v.Eh.x......
20010d80:	a0a7a0a7 a8a8a8c8 a8a8a8c8 f73da929     ............).=.
20010d90:	ffffffff ffffffff ffffffff 6845ac72     ............r.Eh
20010da0:	58446865 ffff5844 ffffffff ffffffff     ehDXDX..........
20010db0:	ffffffff ce59ffff 00000000 80864043     ......Y.....C@..
20010dc0:	90868886 98a798a7 98a798a7 ffffaaad     ................
20010dd0:	ffffffff ffffffff ffffffff f79effff     ................
20010de0:	00004823 00000000 00000000 00000821     #H..........!...
20010df0:	08410020 dedb9492 ffffffff ffffffff      .A.............
20010e00:	ffffffff ffffffff 9492ce39 b596ad35     ........9...5...
20010e10:	ce59c618 defbdebb ef5def3d f7bef79e     ..Y.....=.].....
20010e20:	ffdfffdf ffffffff ffffffff ffffffff     ................
20010e30:	ffffffff ffffffff ffffffff ffffffff     ................
20010e40:	ffffffff ffffffff ffffffff ffdfffdf     ................
20010e50:	f79ef7be ef3def5d d6badefb ffffffff     ....].=.........
20010e60:	ffffffff ffffffff ffffffff 4a69ffdf     ..............iJ
20010e70:	5acb526a 736e630c 7bcf8410 e73cad55     jR.Z.cns...{U.<.
20010e80:	ffffffff ffffffff ffffffff ffffffff     ................
20010e90:	ffdfffff 60446a29 78656844 88867865     ....)jD`Dhexex..
20010ea0:	88868886 9acc8886 ffffffff ffffffff     ................
20010eb0:	ffffffff ffffffff 0000ef5d 00000000     ........].......
20010ec0:	50430000 68446044 68656844 ffffa492     ..CPD`DhDheh....
20010ed0:	ffffffff ffffffff ffffffff ffffffff     ................
20010ee0:	9c51ffff 78656844 88868065 98a79086     ..Q.Dhexe.......
20010ef0:	a8c8a0a7 b0c8a8a8 b0c9b0c8 b0c8b0c8     ................
20010f00:	b0c8b0c8 b0c8a8c8 a8c8a8a8 a0a7a0a7     ................
20010f10:	ff9e99e9 ffffffff ffffffff ffffffff     ................
20010f20:	ffffffff 68649410 80667045 00003822     ......dhEpf."8..
	...
20010f38:	ffff6b4d ffffffff ffffffff ffffffff     Mk..............
20010f48:	f77dffff 50234822 a4925023 ffffef5d     ..}."H#P#P..]...
20010f58:	cdf8f79e 706570c5 cdf86844 ffffffff     .....pepDh......
20010f68:	ffffffff ffffffff ffffffff 6865c5d7     ..............eh
20010f78:	80867065 90a78886 a0a79887 a0a8a0a7     ep..............
20010f88:	a8a8a0a7 ffffd596 ffffffff ffffffff     ................
20010f98:	de9affff 68657065 60446044 ffff5023     ....epehD`D`#P..
20010fa8:	ffffffff ffffffff ffffffff ce59ffff     ..............Y.
20010fb8:	00000000 80863822 90878086 98a79086     ...."8..........
20010fc8:	98a79887 ffffab6e ffffffff ffffffff     ....n...........
20010fd8:	ffffffff ef7dffff 18015023 94920000     ......}.#P......
20010fe8:	ffffef3d bdf7f79e 000010a2 d69a5acb     =............Z..
20010ff8:	ffffffff ffffffff ffffffff ffffffff     ................
20011008:	9492ce59 b5769cf3 ce59bdd7 defbd69a     Y.....v...Y.....
20011018:	ef7de71c f7beef7d ffdff7be ffffffdf     ..}.}...........
20011028:	ffffffff ffffffff ffffffff ffffffff     ................
20011038:	ffffffff ffffffff ffffffff ffffffff     ................
20011048:	ffffffff ffbfffff f79effbf e73cf77e     ............~.<.
20011058:	d69ae6fc ffffffff ffffffff ffffffff     ................
20011068:	ffffffff ffffffff ffffffff ffffffff     ................
20011078:	ffffffff ffffffff ffffffff ffffffff     ................
20011088:	ffffffff ffffffff ad14ffff 60446044     ............D`D`
20011098:	78657065 88868086 88869087 9acc90a7     epex............
200110a8:	ffffffff ffffffff ffffffff ffffffff     ................
200110b8:	0000f77e 00000000 61c81062 9c107acc     ~.......b..a.z..
200110c8:	e71cc596 ffffffff ffffffff ffffffff     ................
200110d8:	ffffffff ffffffff 6967ffff 78657065     ..........giepex
200110e8:	88868886 98a798a7 a8c8a8c8 b0c8b0c8     ................
200110f8:	b0c8b8e9 b0c8b8e9 b0c8b8e9 a8c8b0c9     ................
20011108:	a8a8b0c8 98a7a8c8 ffffe69b ffffffff     ................
20011118:	ffffffff ffffffff d67affff 68446865     ..........z.ehDh
20011128:	88867865 00002021 00000821 00000021     ex..! ..!...!...
20011138:	ffff8410 ffffffff ffffffff ffffffff     ................
20011148:	ef3cffff 48234843 ffffa4b3 ffffffff     ..<.CH#H........
20011158:	ffffffff 7065de7a c5b77065 ffffffff     ....z.epep......
20011168:	ffffffff ffffffff ffffffff 6844ce39     ............9.Dh
20011178:	78657865 90868886 98a798a7 a0a7a0a8     exex............
20011188:	b30da0c8 ffffffff ffffffff ffffffff     ................
20011198:	8a6bffdf 68447065 60446865 ffff5844     ..k.epDhehD`DX..
200111a8:	ffffffff ffffffff ffffffff ce59ffff     ..............Y.
200111b8:	00000001 80654843 88868886 90a798a7     ....CHe.........
200111c8:	98a798a7 ffffb411 ffffffff ffffffff     ................
200111d8:	ffffffff ef3cffff 40224843 ffff94b2     ......<.CH"@....
200111e8:	ffffffff ffffffff 0000d67a ce5918c3     ........z.....Y.
200111f8:	ffffffff ffffffff ffffffff ffffffff     ................
20011208:	8c71debb ad55a4f4 ce39c5f8 dedbd6ba     ..q...U...9.....
20011218:	ef5def3d f79ef79e ffdfffdf ffffffff     =.].............
20011228:	ffffffff ffffffff ffffffff ffffffff     ................
20011238:	ffffffff ffffffff ffffffff ffffffff     ................
20011248:	ffffffff ffdfffdf f79ef79e ef3def5d     ............].=.
20011258:	d6badefb ffffffff ffffffff ffffffff     ................
20011268:	ffffffff ffffffff ffffffff ffffffff     ................
20011278:	ffffffff ffffffff ffffffff ffffffff     ................
20011288:	ffffffff ffffffff 5843c618 68655844     ..........CXDXeh
20011298:	78667065 88868066 90868886 9acc8886     epfxf...........
200112a8:	ffffffff ffffffff ffffffff ffffffff     ................
200112b8:	ffffffff ffffffff ffffffff ffffffff     ................
200112c8:	ffffffff ffffffff ffffffff ffffffff     ................
200112d8:	ffffffff ffffffff 6044d69a 78666844     ..........D`Dhfx
200112e8:	90878066 a0a89887 a8c8a0a7 b0c8a8c8     f...............
200112f8:	b8c9b0c8 b8c9b0c8 b0c8b0c8 b0c8b0c8     ................
20011308:	a8c8a8a8 d597a0a7 ffffffff ffffffff     ................
20011318:	ffffffff ffffffff 7a29f79e 70656844     ..........)zDhep
20011328:	88867065 00001000 00000000 00000000     ep..............
20011338:	ffff8430 ffffffff ffffffff ffffffff     0...............
20011348:	e71cffff 50234822 ffffef5d ffffffff     ...."H#P].......
20011358:	ffffffff 938fffff bd966844 ffffffff     ........Dh......
20011368:	ffffffff ffffffff ffffffff 6844ce39     ............9.Dh
20011378:	78656844 90868066 98a79086 a0a798a7     Dhexf...........
20011388:	eedb98a7 ffffffff ffffffff ffffffff     ................
20011398:	7065b514 68656844 60446044 ffff5823     ..epDhehD`D`#X..
200113a8:	ffffffff ffffffff ffffffff ce59ffff     ..............Y.
200113b8:	00000000 80863822 88868065 98a79086     ...."8..e.......
200113c8:	98a79086 ffffb451 ffffffff ffffffff     ....Q...........
200113d8:	ffffffff e71cffff 50434822 ffffef5d     ........"HCP]...
200113e8:	ffffffff ffffffff 738effff ce590000     ...........s..Y.
200113f8:	ffffffff ffffffff ffffffff ffffffff     ................
20011408:	8c51d6ba ad559cd3 ce39b5b6 dedbd69a     ..Q...U...9.....
20011418:	ef5de71c f7beef7d ffdff7be ffffffdf     ..].}...........
20011428:	ffffffff ffffffff ffffffff ffffffff     ................
20011438:	ffffffff ffffffff ffffffff ffffffff     ................
20011448:	ffffffff ffbfffff f79effbf e73cf77e     ............~.<.
20011458:	d69ae6fc ffffffff ffffffff ffffffff     ................
20011468:	ffffffff ffffffff ffffffff ffffffff     ................
20011478:	ffffffff ffffffff ffffffff ffffffff     ................
20011488:	ffffffff b575ffff 58435043 68456845     ......u.CPCXEhEh
20011498:	80657865 88868886 908690a7 9acc90a7     exe.............
200114a8:	ffffffff ffffffff ffffffff ffffffff     ................
200114b8:	ffffffff ffffffff ffffffff ffffffff     ................
200114c8:	ffffffff ffffffff ffffffff ffffffff     ................
200114d8:	ffffffff ffffffff 684493cf 78657865     ..........Dhexex
200114e8:	90868886 a0a7a0a7 a8c8a8c8 b0c8b0c9     ................
200114f8:	b0c8b8e9 b8c8b8e9 b0c8b8e9 a8c8b0c9     ................
20011508:	a0a7a8c8 ffffccf4 ffffffff ffffffff     ................
20011518:	ffffffff ffffffff 68449c11 70657065     ..........Dhepep
20011528:	78658086 00000000 00000021 00000821     ..ex....!...!...
20011538:	ffff9472 ffffffff ffffffff ffffffff     r...............
20011548:	e6fcffff 62494823 ffffffff ffffffff     ....#HIb........
20011558:	ffffffff bd55ffff bd756865 ffffffff     ......U.ehu.....
20011568:	ffffffff ffffffff ffffffff 6044d67a     ............z.D`
20011578:	78657065 88868886 90a790a7 98a798a7     epex............
20011588:	ffffc4f4 ffffffff ffffffff e6fcffff     ................
20011598:	70657865 68447065 60446865 ffff6044     exepepDhehD`D`..
200115a8:	ffffffff ffffffff ffffffff ce59ffff     ..............Y.
200115b8:	00000000 80863822 88868886 908790a7     ...."8..........
200115c8:	90a798a7 ffffbc93 ffffffff ffffffff     ................
200115d8:	ffffffff e6fcffff 6a494823 ffffffff     ........#HIj....
200115e8:	ffffffff ffffffff ad55ffff b5960000     ..........U.....
200115f8:	ffffffff ffffffff ffffffff ffffffff     ................
20011608:	8c51dedb ad559cd3 c618bdd7 dedbd69a     ..Q...U.........
20011618:	ef5de71c f79ef79e ffdfffdf ffffffff     ..].............
20011628:	ffffffff ffffffff ffffffff ffffffff     ................
20011638:	ffffffff ffffffff ffffffff ffffffff     ................
20011648:	ffffffff ffdfffdf f79ef79e ef3def5d     ............].=.
20011658:	d6badefb ffffffff ffffffff ffffffff     ................
20011668:	ffffffff ffffffff ffffffff ffffffff     ................
20011678:	ffffffff ffffffff ffffffff ffffffff     ................
20011688:	c5f8f77e 482362ab 58445023 70656044     ~....b#H#PDXD`ep
20011698:	80867865 90868886 90a79086 a2cc8886     ex..............
200116a8:	ffffffff ffffffff ffffffff ffffffff     ................
200116b8:	ffffffff ffffffff ffffffff ffffffff     ................
200116c8:	ffffffff ffffffff ffffffff ffffffff     ................
200116d8:	ffffffff d659ffff 70656044 80867065     ......Y.D`epep..
200116e8:	98a78886 a0a898a7 b0c8a8a8 b0c8b0c8     ................
200116f8:	b8c9b0c8 b8c9b0c8 b0c9b0c8 a8c8a8c8     ................
20011708:	c473a8a7 ffffffff ffffffff ffffffff     ..s.............
20011718:	ffffffff b535ffff 70656844 78657065     ......5.Dhepepex
20011728:	58648065 00000000 00000000 00000000     e.dX............
20011738:	ffff9492 ffffffff ffffffff ffffffff     ................
20011748:	e6fcffff 624a4022 ffffffff ffffffff     ...."@Jb........
20011758:	ffffffff bd55ffff bd566844 ffffffff     ......U.DhV.....
20011768:	ffffffff ffffffff ffffffff 6044d679     ............y.D`
20011778:	78656844 88867865 90a78886 a22a9086     Dhexex........*.
20011788:	fffff79e ffffffff ffffffff 932dffdf     ..............-.
20011798:	70657065 68446844 60446044 ffff5843     epepDhDhD`D`CX..
200117a8:	ffffffff ffffffff ffffffff ce59ffff     ..............Y.
200117b8:	00000000 80863002 88868065 90a78886     .....0..e.......
200117c8:	90a79086 ffffbc92 ffffffff ffffffff     ................
200117d8:	ffffffff e6fcffff 6a4a4022 ffffffff     ........"@Jj....
200117e8:	ffffffff ffffffff ad55ffff ad750000     ..........U...u.
200117f8:	ffffffff ffffffff ffffffff ffffffff     ................
20011808:	8c31debb ad3594b2 c638b5b6 dedbce79     ..1...5...8.y...
20011818:	ef5de71c f79eef7d ffdff7be ffffffdf     ..].}...........
20011828:	ffffffff ffffffff ffffffff ffffffff     ................
20011838:	ffffffff ffffffff ffffffff ffffffff     ................
20011848:	ffffffff ffbfffff f79effbf e73cf77e     ............~.<.
20011858:	d69ae6fc ffffffff ffffffff ffffffff     ................
20011868:	ffffffff ffffffff ffffffff ffffffff     ................
20011878:	ffffffff ffffffff ffffffff a534ffdf     ..............4.
20011888:	38222021 48234022 60445844 70656865     ! "8"@#HDXD`ehep
20011898:	80868086 908690a7 908798a7 9acc90a7     ................
200118a8:	ffffffff ffffffff ffffffff ffffffff     ................
200118b8:	ffffffff ffffffff ffffffff ffffffff     ................
200118c8:	ffffffff ffffffff ffffffff ffffffff     ................
200118d8:	ffffffff 69a8ef5d 70656865 80868086     ....]..iehep....
200118e8:	98a790a7 a0a7a0c8 b0c8b0c8 b0c8b0c9     ................
200118f8:	b8c8b8e9 b0c8b8e9 b0c8b8e9 a8c8b0c8     ................
20011908:	ffdfc432 ffffffff ffffffff ffffffff     2...............
20011918:	ffffffff 6865c5b7 70657065 80657886     ......ehepep.xe.
20011928:	200198a7 00000021 00000821 00000021     ... !...!...!...
20011938:	ffff9472 ffffffff ffffffff ffffffff     r...............
20011948:	e6fcffff 48234823 fffff77e ffffffff     ....#H#H~.......
20011958:	ffffffff 938effff bd756865 ffffffff     ........ehu.....
20011968:	ffffffff ffffffff ffffffff 5844d67a     ............z.DX
20011978:	70656865 80868086 908690a7 de5990a7     ehep..........Y.
20011988:	ffffffff ffffffff ffffffff 7065cdb7     ..............ep
20011998:	68457065 68446865 60446865 ffff6044     epEhehDhehD`D`..
200119a8:	ffffffff ffffffff ffffffff ce59ffff     ..............Y.
200119b8:	00000000 80652822 88868086 908690a7     ...."(e.........
200119c8:	908798a7 ffffbc93 ffffffff ffffffff     ................
200119d8:	ffffffff e6fcffff 48234823 fffff77e     ........#H#H~...
200119e8:	ffffffff ffffffff 738effff ad750000     ...........s..u.
200119f8:	ffffffff ffffffff ffffffff ffffffff     ................
20011a08:	8430dedb a5349cb3 c618bdb7 dedbd69a     ..0...4.........
20011a18:	ef5de71c f79ef79e ffdfffdf ffffffff     ..].............
20011a28:	ffffffff ffffffff ffffffff ffffffff     ................
20011a38:	ffffffff ffffffff ffffffff ffffffff     ................
20011a48:	ffffffff ffdfffdf f79ef79e ef3def5d     ............].=.
20011a58:	d6badedb ffffffff ffffffff ffffffff     ................
20011a68:	ffffffff ffffffff ffffffff ffffffff     ................
20011a78:	ffffffff ffffffff ffffffff ffffffff     ................
20011a88:	3022ce59 48233802 60445023 78656844     Y."0.8#H#PD`Dhex
20011a98:	88867865 90a78886 98a79086 a2cd9086     ex..............
20011aa8:	ffffffff ffffffff ffffffff ffffffff     ................
20011ab8:	ffffffff ffffffff ffffffff ffffffff     ................
20011ac8:	ffffffff ffffffff ffffffff ffffffff     ................
20011ad8:	ef1cffff 68447249 78656844 88868065     ....IrDhDhexe...
20011ae8:	98a79086 a8c8a0a7 b0c8a8a8 b8c9b0c8     ................
20011af8:	b8c9b0c8 b0c9b0c8 b0c8b0c8 c3f1a8a8     ................
20011b08:	ffffffdf ffffffff ffffffff ffffffff     ................
20011b18:	ce18ffff 70657045 78657065 88867865     ....Epepepexex..
20011b28:	00009086 00000000 00000000 00000000     ................
20011b38:	ffff8430 ffffffff ffffffff ffffffff     0...............
20011b48:	e71cffff 48234022 ffff9cb2 ffffffff     ...."@#H........
20011b58:	ffffffff 6845d679 bd766044 ffffffff     ....y.EhD`v.....
20011b68:	ffffffff ffffffff ffffffff 5844ce39     ............9.DX
20011b78:	70656044 80867865 90868086 ffffac10     D`epex..........
20011b88:	ffffffff ffffffff f75dffff 70657106     ..........]..qep
20011b98:	68646844 68446044 60446044 ffff6044     DhdhD`DhD`D`D`..
20011ba8:	ffffffff ffffffff ffffffff ce59ffff     ..............Y.
20011bb8:	00000000 80861000 88867865 90878886     ........ex......
20011bc8:	90a79086 ffffb451 ffffffff ffffffff     ....Q...........
20011bd8:	ffffffff e71cffff 48234022 ffffa4b2     ........"@#H....
20011be8:	ffffffff ffffffff 0000ce59 b5760000     ........Y.....v.
20011bf8:	ffffffff ffffffff ffffffff ffffffff     ................
20011c08:	8430d69a ad3594b2 c618b596 dedbce79     ..0...5.....y...
20011c18:	ef5ddefb f79eef7d ffdff7be ffffffdf     ..].}...........
20011c28:	ffffffff ffffffff ffffffff ffffffff     ................
20011c38:	ffffffff ffffffff ffffffff ffffffff     ................
20011c48:	ffffffff ffbfffff f79effbf e73cf77e     ............~.<.
20011c58:	d69ae6fc ffffffff ffffffff ffffffff     ................
20011c68:	ffffffff ffffffff ffffffff ffffffff     ................
20011c78:	ffffffff ffffffff ffffffff ffffffff     ................
20011c88:	b596ffff 48234023 60445844 78657065     ....#@#HDXD`epex
20011c98:	88868886 908790a7 90a798a7 a2cc98a7     ................
20011ca8:	ffffffff ffffffff ffffffff ffffffff     ................
20011cb8:	ffffffff ffffffff ffffffff ffffffff     ................
20011cc8:	ffffffff ffffffff ffffffff ffdfffff     ................
20011cd8:	6105c5d7 70656865 80657865 90868886     ...aehepexe.....
20011ce8:	a0a798a7 a8c8a8c8 b0c8b0c8 b0c8b8e9     ................
20011cf8:	b0c8b8e9 b0c8b8e9 a8c8b0c8 ffbfc3b0     ................
20011d08:	ffffffff ffffffff ffffffff ffffffff     ................
20011d18:	7065d659 70657865 78657886 88868886     Y.epexep.xex....
20011d28:	00004843 00000821 00000021 00000821     CH..!...!...!...
20011d38:	ffff8410 ffffffff ffffffff ffffffff     ................
20011d48:	e73cffff 48234823 a4925043 fffff75d     ..<.#H#HCP..]...
20011d58:	c5d7ffbf 68447126 c5b66865 ffffffff     ....&qDheh......
20011d68:	ffffffff ffffffff ffffffff 5844ce39     ............9.DX
20011d78:	70656865 80667886 89478886 fffff77e     ehep.xf...G.~...
20011d88:	ffffffff ffffffff 9bd0ffff 68447065     ............epDh
20011d98:	60446865 60446865 60446864 ffff6044     ehD`ehD`dhD`D`..
20011da8:	ffffffff ffffffff ffffffff ce59ffff     ..............Y.
20011db8:	00000000 80651021 80868086 88869087     ....!.e.........
20011dc8:	908690a7 ffffb431 ffffffff ffffffff     ....1...........
20011dd8:	ffffffff ef3cffff 40224023 9c925044     ......<.#@"@DP..
20011de8:	ffffef5d bdd7ffbf 00002104 b5b60001     ]........!......
20011df8:	ffffffff ffffffff ffffffff ffffffff     ................
20011e08:	8430d69a a5349cb3 c618bdb7 dedbd69a     ..0...4.........
20011e18:	ef5de71c f79ef79e ffdfffdf ffffffff     ..].............
20011e28:	ffffffff ffffffff ffffffff ffffffff     ................
20011e38:	ffffffff ffffffff ffffffff ffffffff     ................
20011e48:	ffffffff ffdfffdf f79ef79e ef3def5d     ............].=.
20011e58:	d6badedb ffffffff ffffffff ffffffff     ................
20011e68:	ffffffff ffffffff ffffffff ffffffff     ................
20011e78:	ffffffff ffffffff ffffffff ffffffff     ................
20011e88:	ffffffff 48236acb 68445823 78667044     .....j#H#XDhDpfx
20011e98:	90868066 98a79086 98a79887 a2cc9086     f...............
20011ea8:	ffffffff ffffffff ffffffff ffffffff     ................
20011eb8:	ffffffff ffffffff ffffffff ffffffff     ................
20011ec8:	ffffffff ffffffff ef5dffff 724abd96     ..........]...Jr
20011ed8:	68656044 78656844 88867865 98a78886     D`ehDhexex......
20011ee8:	a0a898a7 a8c8a0a7 b0c8a8c8 b0c8b0c8     ................
20011ef8:	b0c9b0c8 b0c8b0c8 bb8fa8a8 ffffffbe     ................
20011f08:	ffffffff ffffffff ffffffff de59ffff     ..............Y.
20011f18:	70657065 78657065 80867865 a0a78886     epepepexex......
20011f28:	00001000 00000000 00000000 00000000     ................
20011f38:	ffff6b6d ffffffff ffffffff ffffffff     mk..............
20011f48:	f77dffff 48234022 58444823 60445823     ..}."@#H#HDX#XD`
20011f58:	68456044 68656844 cdf86044 ffffffff     D`EhDhehD`......
20011f68:	ffffffff ffffffff ffffffff 5844bdd7     ..............DX
20011f78:	70656044 80867065 d5d78066 ffffffff     D`epep..f.......
20011f88:	ffffffff ffffffff 7065ce18 68446044     ..........epD`Dh
20011f98:	60446044 60446044 60446044 ffff5823     D`D`D`D`D`D`#X..
20011fa8:	ffffffff ffffffff ffffffff ce59ffff     ..............Y.
20011fb8:	00000000 78650000 80867865 88868086     ......exex......
20011fc8:	90878886 ffffa36e ffffffff ffffffff     ....n...........
20011fd8:	ffffffff ef5dffff 48234022 48234823     ......]."@#H#H#H
	...
20011ff4:	c5f80000 ffffffff ffffffff ffffffff     ................
20012004:	ffffffff 8c31c638 a53494b2 c618b596     ....8.1...4.....
20012014:	dedbce79 ef5de6fc f79eef7d ffdff7be     y.....].}.......
20012024:	ffffffdf ffffffff ffffffff ffffffff     ................
20012034:	ffffffff ffffffff ffffffff ffffffff     ................
20012044:	ffffffff ffffffff ffbfffff f79effbf     ................
20012054:	e73cf77e d69ae6fc ffffffff ffffffff     ~.<.............
20012064:	ffffffff ffffffff 0000ffff 00000000     ................
20012074:	ad755aab ffffffdf ffffffff ffffffff     .Zu.............
20012084:	ffffffff ffffffff 4823d67a 68446044     ........z.#HD`Dh
20012094:	78657865 88868886 98a798a7 98a798a7     exex............
200120a4:	a2cc98a7 ffffffff ffffffff ffffffff     ................
200120b4:	ffffffff ffffffff ffffffff ffffffff     ................
200120c4:	f79effff debbef5d acd3ce18 60447acc     ....]........zD`
200120d4:	68446864 70657065 80657886 88868886     dhDhepep.xe.....
200120e4:	98a798a7 a8a8a0c8 a8c8a8c8 b0c8b0c9     ................
200120f4:	b0c8b8e9 b0c8b8e9 a8c8b0c8 ffbebb6f     ............o...
20012104:	ffffffff ffffffff ffffffff ffffffff     ................
20012114:	70a5de7a 70657865 78657886 88868886     z..pexep.xex....
20012124:	606490a7 00000021 00000021 00000821     ..d`!...!...!...
20012134:	00000021 ffff5aab ffffffff ffffffff     !....Z..........
20012144:	ffffffff f79effff 48234823 58235044     ........#H#HDP#X
20012154:	60446044 68446865 68447065 d6396865     D`D`ehDhepDheh9.
20012164:	ffffffff ffffffff ffffffff ffffffff     ................
20012174:	5843bd76 68456865 78657865 ffbe8886     v.CXehEhexex....
20012184:	ffffffff ffffffff f79effff 684479e9     .............yDh
20012194:	60446864 58446044 58446044 58446044     dhD`D`DXD`DXD`DX
200121a4:	ffff5844 ffffffff ffffffff ffffffff     DX..............
200121b4:	ce59ffff 00000000 68440000 78657866     ..Y.......Dhfxex
200121c4:	88868886 88869087 ffff9acc ffffffff     ................
200121d4:	ffffffff ffffffff f79effff 48234823     ............#H#H
200121e4:	50235043 00000000 00000000 00000821     CP#P........!...
200121f4:	ce390020 ffffffff ffffffff ffffffff      .9.............
20012204:	ffffffff 8430c618 a5349cb3 c618bdb7     ......0...4.....
20012214:	dedbd69a ef5de71c f79ef79e ffdfffdf     ......].........
20012224:	ffffffff ffffffff ffffffff ffffffff     ................
20012234:	ffffffff ffffffff ffffffff ffffffff     ................
20012244:	ffffffff ffffffff ffdfffdf f79ef79e     ................
20012254:	ef3def5d d6badefb ffffffff ffffffff     ].=.............
20012264:	ffffffff ffffffff 0000ffdf 00000000     ................
20012274:	00000000 f79e630c ffffffff ffffffff     .....c..........
20012284:	ffffffff ffffffff 7b2dffff 68445823     ..........-{#XDh
20012294:	80867065 90868086 98a79086 98a79887     ep..............
200122a4:	a2cd9087 ffffffff ffffffff ffffffff     ................
200122b4:	ffffffff 0000ef5d 00000000 10000000     ....]...........
200122c4:	48234022 58444823 60445823 68656044     "@#H#HDX#XD`D`eh
200122d4:	70656844 78867065 88868065 90a78886     Dhepep.xe.......
200122e4:	a0a89887 a8c8a0a7 b0c8a8a8 b0c8b0c8     ................
200122f4:	b0c9b0c8 b0c8b0c8 bb2ea8a8 fffff79e     ................
20012304:	ffffffff ffffffff ffffffff de9affff     ................
20012314:	786570a5 78657065 80867865 90868086     .pexepexex......
20012324:	1021a8a7 00000000 00000000 00000000     ..!.............
20012334:	00000000 ffff18e3 ffffffff ffffffff     ................
20012344:	ffffffff ffffffff 48235023 58445023     ........#P#H#PDX
20012354:	68446044 68656844 70656844 debb6844     D`DhDhehDhepDh..
20012364:	ffffffff ffffffff ffffffff ffffffff     ................
20012374:	5844a4d3 68656044 78667065 ffbf7865     ..DXD`ehepfxex..
20012384:	ffffffff ffffffff ffffffff ffffffff     ................
20012394:	ffffffff ffffffff ffffffff ffffffff     ................
200123a4:	ffffffff ffffffff ffffffff ffffffff     ................
200123b4:	ffffffff ffffffff ffffffff 7865ce18     ..............ex
200123c4:	88868065 88868086 ffff8907 ffffffff     e...............
200123d4:	ffffffff ffffffff ffffffff 48234022     ............"@#H
200123e4:	58445023 00000000 00000000 00000000     #PDX............
200123f4:	debb0000 ffffffff ffffffff ffffffff     ................
20012404:	ffffffff 8c51b596 ad3594b2 c638b5b6     ......Q...5...8.
20012414:	dedbce79 ef5de71c f79eef7d ffdff7be     y.....].}.......
20012424:	ffffffdf ffffffff ffffffff ffffffff     ................
20012434:	ffffffff ffffffff ffffffff ffffffff     ................
20012444:	ffffffff ffffffff ffbfffff f79effbf     ................
20012454:	e73cf77e d69ae6fc ffffffff ffffffff     ~.<.............
20012464:	ffffffff ffffffff 0000ffff 00000000     ................
20012474:	00000841 738e0000 ffffffff ffffffff     A......s........
20012484:	ffffffff ffffffff d679ffff 68446044     ..........y.D`Dh
20012494:	78657865 88868886 98a798a7 98a798a7     exex............
200124a4:	a2cc98a7 ffffffff ffffffff ffffffff     ................
200124b4:	ffffffff 0000f77e 00000000 00000000     ....~...........
200124c4:	50235044 60445844 68456865 70657065     DP#PDXD`ehEhepep
200124d4:	78657886 80868086 90869087 98a798a7     .xex............
200124e4:	a0a8a0c8 a8c8a8c8 b0c8b0c9 b0c8b0c9     ................
200124f4:	b0c8b8c9 a8c8b0c8 ff9ebb0e ffffffff     ................
20012504:	ffffffff ffffffff ffffffff 70a5de9a     ...............p
20012514:	70657865 78657865 80868086 908690a7     exepexex........
20012524:	00007085 00000021 00000821 00000021     .p..!...!...!...
20012534:	00000821 f79e0021 ffffffff ffffffff     !...!...........
20012544:	ffffffff ffffffff 5023528a 58445844     .........R#PDXDX
20012554:	68446845 70657065 70657065 ef1c7065     EhDhepepepepep..
20012564:	ffffffff ffffffff ffffffff ffffffff     ................
20012574:	584493f0 68446864 78657865 ffbe8086     ..DXdhDhexex....
20012584:	ffffffff ffffffff ffffffff ffffffff     ................
20012594:	ffffffff ffffffff ffffffff ffffffff     ................
200125a4:	ffffffff ffffffff ffffffff ffffffff     ................
200125b4:	ffffffff ffffffff ffffffff 7065d639     ............9.ep
200125c4:	80868086 88868886 ff9e8886 ffffffff     ................
200125d4:	ffffffff ffffffff ffffffff 48236a8a     .............j#H
200125e4:	58445844 00000000 00000821 00000020     DXDX....!... ...
200125f4:	e71c0821 ffffffff ffffffff ffffffff     !...............
20012604:	ffffffff 8c51a514 ad559cd3 c618bdd7     ......Q...U.....
20012614:	dedbd69a ef5de71c f79ef79e ffdfffdf     ......].........
20012624:	ffffffff ffffffff ffffffff ffffffff     ................
20012634:	ffffffff ffffffff ffffffff ffffffff     ................
20012644:	ffffffff ffffffff ffdfffdf f79ef79e     ................
20012654:	ef3def5d d6badefb ffffffff ffffffff     ].=.............
20012664:	ffffffff ffffffff 2945ffdf 29652104     ..........E).!e)
20012674:	00000841 00000000 ffffb5b6 ffffffff     A...............
20012684:	ffffffff ffffffff ffffffff 6845830c     ..............Eh
20012694:	80867065 90878066 98a79086 98a79887     ep..f...........
200126a4:	a2cd9086 ffffffff ffffffff ffffffff     ................
200126b4:	ffffffff 0000ef5d 00000000 00000000     ....]...........
200126c4:	60445023 68656044 78657044 80867865     #PD`D`ehDpexex..
200126d4:	88868065 90878886 98a79086 a0a898a7     e...............
200126e4:	a8c8a0a7 b0c8a8a8 b0c8b0c8 b0c8b0c8     ................
200126f4:	b0c8b0c8 b2cda8a8 fffff77d ffffffff     ........}.......
20012704:	ffffffff ffffffff de9affff 706570a5     .............pep
20012714:	78657044 80867865 88868065 a8a88886     Dpexex..e.......
	...
20012738:	e71c0000 ffffffff ffffffff ffffffff     ................
20012748:	ffffffff 48237bef 60445023 68656044     .....{#H#PD`D`eh
20012758:	70656844 70657065 ffbf7045 ffffffff     DhepepepEp......
20012768:	ffffffff ffffffff ffffffff 58446a6a     ............jjDX
20012778:	70656044 78657065 ffbf7865 ffffffff     D`epepexex......
20012788:	ffffffff ffffffff ffffffff ffffffff     ................
20012798:	ffffffff ffffffff ffffffff ffffffff     ................
200127a8:	ffffffff ffffffff ffffffff ffffffff     ................
200127b8:	ffffffff ffffffff 7065ce18 80867865     ..........epex..
200127c8:	88868066 ef3c8065 ffffffff ffffffff     f...e.<.........
200127d8:	ffffffff ffffffff 50238bf0 58445023     ..........#P#PDX
	...
200127f4:	f7be0000 ffffffff ffffffff ffffffff     ................
20012804:	ffffffff 8c518c51 ad559cd3 ce39b5b6     ....Q.Q...U...9.
20012814:	dedbce79 ef5de71c f7beef7d ffdff7be     y.....].}.......
20012824:	ffffffdf ffffffff ffffffff ffffffff     ................
20012834:	ffffffff ffffffff ffffffff ffffffff     ................
20012844:	ffffffff ffffffff ffbfffff f79effbf     ................
20012854:	e73cf77e d69ae6fc ffffffff ffffffff     ~.<.............
20012864:	ffffffff ffffffff 39e7ffff 420841e8     ...........9.A.B
20012874:	00000821 00000000 f79e3186 ffffffff     !........1......
20012884:	ffffffff ffffffff ffffffff 6844de7a     ............z.Dh
20012894:	78657065 88868886 90a790a7 98a798a7     epex............
200128a4:	a2cc98a7 ffffffff ffffffff ffffffff     ................
200128b4:	ffffffff 0000f77e 00000000 00000000     ....~...........
200128c4:	68443022 70657065 80668086 88868886     "0Dhepep..f.....
200128d4:	908690a7 98a798a7 a0a7a0a7 a8a8a8c8     ................
200128e4:	a8c8a8c8 b0c8b0c9 b0c8b0c9 b0c8b8c9     ................
200128f4:	a8c8b0c8 f77dbaad ffffffff ffffffff     ......}.........
20012904:	ffffffff ffffffff 70a5de9a 70657065     ...........pepep
20012914:	70657065 80668086 88868886 202298a7     epep..f......." 
20012924:	00000021 00000821 00000021 00000821     !...!...!...!...
20012934:	00000021 ce590821 ffffffff ffffffff     !...!.Y.........
20012944:	ffffffff ffffffff 0000ad55 60446044     ........U...D`D`
20012954:	68446865 70657065 70657865 ffff824b     ehDhepepexepK...
20012964:	ffffffff ffffffff ffffffff f7beffff     ................
20012974:	58445844 70656865 78657865 ffbe8086     DXDXehepexex....
20012984:	ffffffff ffffffff ffffffff ffffffff     ................
20012994:	ffffffff ffffffff ffffffff ffffffff     ................
200129a4:	ffffffff ffffffff ffffffff ffffffff     ................
200129b4:	ffffffff ffffffff ffffffff 7065d639     ............9.ep
200129c4:	78657886 80868886 de598886 ffffffff     .xex......Y.....
200129d4:	ffffffff ffffffff ffffffff 5023b555     ............U.#P
200129e4:	58445844 00000000 00000020 00000821     DXDX.... ...!...
200129f4:	ffff4a49 ffffffff ffffffff ffffffff     IJ..............
20012a04:	ffbfffff 8c718410 ad55a4f4 ce39bdd7     ......q...U...9.
20012a14:	dedbd69a ef5def3d f79ef79e ffdfffdf     ....=.].........
20012a24:	ffffffff ffffffff ffffffff ffffffff     ................
20012a34:	ffffffff ffffffff ffffffff ffffffff     ................
20012a44:	ffffffff ffffffff ffdfffdf f79ef7be     ................
20012a54:	ef3def5d d6badefb ffffffff ffffffff     ].=.............
20012a64:	ffffffff ffffffff 4a49ffdf 528a4a49     ..........IJIJ.R
	...
20012a7c:	b5760000 ffffffff ffffffff ffffffff     ..v.............
20012a8c:	ffffffff 8b0dffff 78657045 88868065     ........Epexe...
20012a9c:	90a78886 98a79086 a2cd9086 ffffffff     ................
20012aac:	ffffffff ffffffff ffffffff 0000ef5d     ............]...
	...
20012ac4:	80860800 80867865 88868066 90a78886     ....ex..f.......
20012ad4:	98a79086 a0a798a7 a8c8a0a7 a8c8a8a7     ................
20012ae4:	b0c8a8a8 b0c8b0c8 b0c9b0c8 b0c8b0c8     ................
20012af4:	b28ca8a8 fffff75d ffffffff ffffffff     ....]...........
20012b04:	ffffffff de7affff 686568a5 70656844     ......z..hehDhep
20012b14:	78657045 80867865 90878886 00008086     Epexex..........
	...
20012b38:	ad750000 ffffffff ffffffff ffffffff     ..u.............
20012b48:	ffffffff 0000ce59 68440000 68656044     ....Y.....DhD`eh
20012b58:	70656844 78657065 ffffac92 ffffffff     Dhepepex........
20012b68:	ffffffff ffffffff e71cffff 60445023     ............#PD`
20012b78:	70656044 80667065 ffbf7865 ffffffff     D`epepf.ex......
20012b88:	ffffffff ffffffff ffffffff ffffffff     ................
20012b98:	ffffffff ffffffff ffffffff ffffffff     ................
20012ba8:	ffffffff ffffffff ffffffff ffffffff     ................
20012bb8:	ffffffff ffffffff 6865ce18 80667065     ..........ehepf.
20012bc8:	80867865 c5768066 ffffffff ffffffff     ex..f.v.........
20012bd8:	ffffffff ffffffff 5043ce59 60445023     ........Y.CP#PD`
	...
20012bf4:	ffff9472 ffffffff ffffffff ffffffff     r...............
20012c04:	ef3dffff 94928410 b5769cf3 ce59bdd7     ..=.......v...Y.
20012c14:	e6fcd69a ef5de71c ffbfef7d ffdff7be     ......].}.......
20012c24:	ffffffdf ffffffff ffffffff ffffffff     ................
20012c34:	ffffffff ffffffff ffffffff ffffffff     ................
20012c44:	ffffffff ffffffff ffbfffff f79effbf     ................
20012c54:	e73cf77e d6bae6fc ffffffff ffffffff     ~.<.............
20012c64:	ffffffff ffffffff 5aabffff 630c5acb     ...........Z.Z.c
20012c74:	00002104 00000000 31860001 ffffffbf     .!.........1....
20012c84:	ffffffff ffffffff ffffffff d679ffff     ..............y.
20012c94:	78657065 88868086 908790a7 908798a7     epex............
20012ca4:	a2cc98a7 ffffffff ffffffff ffffffff     ................
20012cb4:	ffffffff 0000f77e 00000000 00000000     ....~...........
20012cc4:	60440000 88868086 908790a7 98a798a7     ..D`............
20012cd4:	a0a7a0a8 a0a7a8c8 a8c8a8c8 b0c8b0c8     ................
20012ce4:	b0c8b0c9 b0c8b8e9 b0c8b8e9 a8c8b0c9     ................
20012cf4:	f75db26c ffffffff ffffffff ffffffff     l.].............
20012d04:	ffffffff 68a5de9a 68446865 68446865     .......hehDhehDh
20012d14:	78657065 80868086 98a78887 00000000     epex............
20012d24:	00000821 00000021 00000821 00000821     !...!...!...!...
20012d34:	00000821 73ae0021 ffffffff ffffffff     !...!..s........
20012d44:	ffffffff ffffffff 0000f79e 30220000     .............."0
20012d54:	68447065 70657065 70657865 ffffd639     epDhepepexep9...
20012d64:	ffffffff ffffffff ffffffff c5f7ffff     ................
20012d74:	60445844 70656865 80667886 ffbe8086     DXD`ehep.xf.....
20012d84:	ffffffff ffffffff ffffffff ffffffff     ................
20012d94:	ffffffff ffffffff ffffffff ffffffff     ................
20012da4:	ffffffff ffffffff ffffffff ffffffff     ................
20012db4:	ffffffff ffffffff ffffffff 6844d639     ............9.Dh
20012dc4:	78657865 80868086 a3af8886 ffffffff     exex............
20012dd4:	ffffffff ffffffff ffffffff 5023f79e     ..............#P
20012de4:	58445844 00000000 00000821 00000020     DXDX....!... ...
20012df4:	ffffce39 ffffffff ffffffff ffffffff     9...............
20012e04:	ce79ffff 94928c31 b596a514 ce59c618     ..y.1.........Y.
20012e14:	defbdebb ef5def3d f7bef79e ffdfffdf     ....=.].........
20012e24:	ffffffff ffffffff ffffffff ffffffff     ................
20012e34:	ffffffff ffffffff ffffffff ffffffff     ................
20012e44:	ffffffff ffffffff ffdfffdf f79ef7be     ................
20012e54:	ef3def5d debbdefb ffffffff ffffffff     ].=.............
20012e64:	ffffffff ffffffff 630cffdf 736e630c     ...........c.cns
20012e74:	000018e3 00000000 00000000 ffffb5b6     ................
20012e84:	ffffffff ffffffff ffffffff ffffffff     ................
20012e94:	78658b0c 88867865 90878886 90a79086     ..exex..........
20012ea4:	a2cc9086 ffffffff ffffffff ffffffff     ................
20012eb4:	ffffffff 0000ef5d 00000000 00000000     ....]...........
20012ec4:	18210000 90a79887 98a79086 a0a898a7     ..!.............
20012ed4:	a8c8a0a7 a8c8a8a8 b0c8a8a8 b0c9b0c8     ................
20012ee4:	b8c8b0c8 b8c9b0c8 b0c8b0c8 b22ba8c8     ..............+.
20012ef4:	ffffef3c ffffffff ffffffff ffffffff     <...............
20012f04:	de9affff 60446085 60446044 68656044     .....`D`D`D`D`eh
20012f14:	78656844 80867865 18219086 00000000     Dhexex....!.....
	...
20012f38:	10820000 fffff7be ffffffff ffffffff     ................
20012f48:	ffffffff 8c51ffff 00000000 70654822     ......Q....."Hep
20012f58:	70656844 79877065 fffff79e ffffffff     Dhepep.y........
20012f68:	ffffffff ffffffff 9c72ffff 68445823     ..........r.#XDh
20012f78:	78656844 80867865 ffbf8066 ffffffff     Dhexex..f.......
20012f88:	ffffffff ffffffff ffffffff ffffffff     ................
20012f98:	ffffffff ffffffff ffffffff ffffffff     ................
20012fa8:	ffffffff ffffffff ffffffff ffffffff     ................
20012fb8:	ffffffff ffffffff 6865ce38 78657065     ........8.ehepex
20012fc8:	80868065 80c68065 ffffffbf ffffffff     e...e...........
20012fd8:	ffffffff ffffffff 9c51ffff 58445023     ..........Q.#PDX
	...
20012ff0:	29650000 fffff79e ffffffff ffffffff     ..e)............
20013000:	ffffffff ad75ffff 9cb38c31 b5b6a514     ......u.1.......
20013010:	ce79bdf7 e6fcd6ba f77ee73c ffbff79e     ..y.....<.~.....
20013020:	ffdfffbf ffffffdf ffffffff ffffffff     ................
20013030:	ffffffff ffffffff ffffffff ffffffff     ................
20013040:	ffffffff ffffffff ffffffff ffdfffff     ................
20013050:	f79effbf e73cf77e d6bae71c ffffffff     ....~.<.........
20013060:	ffffffff ffffffff ffffffff 6b4dffff     ..............Mk
20013070:	7baf738e 00004208 00000821 00000020     .s.{.B..!... ...
20013080:	ffdf4208 ffffffff ffffffff ffffffff     .B..............
20013090:	ffffffff 7065de7a 80868086 88868886     ....z.ep........
200130a0:	908690a7 9acc90a7 ffffffff ffffffff     ................
200130b0:	ffffffff ffffffff 0000f77e 00000000     ........~.......
200130c0:	00000821 00000020 98a77065 a0a7a0a7     !... ...ep......
200130d0:	a8a8a8c8 a8c8a8c8 b0c8b0c9 b0c8b0c9     ................
200130e0:	b8c8b8e9 b0c8b8e9 b0c8b8e9 b0c8b8e9     ................
200130f0:	f73cba0b ffffffff ffffffff ffffffff     ..<.............
20013100:	ffffffff 60a5de9a 58446044 58446044     .......`D`DXD`DX
20013110:	68446845 70657065 88868086 00003843     EhDhepep....C8..
20013120:	00000821 00000021 00000821 00000021     !...!...!...!...
20013130:	00000821 00000021 00000821 ffffd6ba     !...!...!.......
20013140:	ffffffff ffffffff ffffffff e71cffff     ................
20013150:	00000001 50430000 70657065 bd767065     ......CPepepepv.
20013160:	ffffffff ffffffff ffffffff ffffffff     ................
20013170:	6146ffdf 68446044 78657065 80868086     ..FaD`Dhepex....
20013180:	ffbf8886 ffffffff ffffffff ffffffff     ................
20013190:	ffffffff ffffffff ffffffff ffffffff     ................
200131a0:	ffffffff ffffffff ffffffff ffffffff     ................
200131b0:	ffffffff ffffffff ffffffff ffffffff     ................
200131c0:	6845ce39 78657865 80868086 80868886     9.Ehexex........
200131d0:	ffffe6bb ffffffff ffffffff ffffffff     ................
200131e0:	e71cffff 50235844 00000000 00000020     ....DX#P.... ...
200131f0:	ad750821 ffffffff ffffffff ffffffff     !.u.............
20013200:	ffffffff 8430ffff 9cd39472 b5b6ad55     ......0.r...U...
20013210:	d67ace39 e71cdedb ef7def5d f7bef7be     9.z.....].}.....
20013220:	ffdfffdf ffffffff ffffffff ffffffff     ................
20013230:	ffffffff ffffffff ffffffff ffffffff     ................
20013240:	ffffffff ffffffff ffffffff ffdfffdf     ................
20013250:	f79ef7be ef3def5d debbdefb ffffffff     ....].=.........
20013260:	ffffffff ffffffff ffffffff 738effdf     ...............s
20013270:	841073ae 0000526a 00000000 00000000     .s..jR..........
20013280:	c6180000 ffffffff ffffffff ffffffff     ................
20013290:	ffffffff 8b0dffff 80867065 88868066     ........ep..f...
200132a0:	90868886 9acc8886 ffffffff ffffffff     ................
200132b0:	ffffffff ffffffff 0000ef5d 00000000     ........].......
	...
200132c8:	b0c80800 a8c8a0a7 a8c8a8a7 b0c8a8c8     ................
200132d8:	b0c8b0c8 b8c9b0c8 b8c9b0c8 b8c9b8c8     ................
200132e8:	b8c9b0c8 b1ebb0c8 ffffef1c ffffffff     ................
200132f8:	ffffffff ffffffff de9affff 584460c5     .............`DX
20013308:	58435023 58445023 60445843 70656844     #PCX#PDXCXD`Dhep
20013318:	50438065 00000000 00000000 00000000     e.CP............
	...
2001333c:	ffff94b2 ffffffff ffffffff ffffffff     ................
2001334c:	ffffffff 0000b5b6 00000000 70655023     ............#Pep
2001335c:	ffff9bcf ffffffff ffffffff ffffffff     ................
2001336c:	ffffffff 5844d679 70656044 80867065     ....y.DXD`epep..
2001337c:	88868066 88868886 88868886 80868086     f...............
2001338c:	78657865 68657044 60446844 58445844     exexDpehDhD`DXDX
2001339c:	58445823 48234823 ffff2801 ffffffff     #XDX#H#H.(......
200133ac:	ffffffff ffffffff ce59ffff 00000000     ..........Y.....
200133bc:	00000000 70652001 80867065 88868065     ..... epep..e...
200133cc:	88868886 ffffb4b3 ffffffff ffffffff     ................
200133dc:	ffffffff ffffffff 3822bdb6 00000000     .........."8....
200133ec:	00000000 ffff7bcf ffffffff ffffffff     .....{..........
200133fc:	ffffffff ffffffff 8430dedb a4f48c71     ..........0.q...
2001340c:	bdd7ad55 d69ac638 e71cdedb f77eef5d     U...8.......].~.
2001341c:	ffbff79e fffff7be ffffffdf ffffffff     ................
2001342c:	ffffffff ffffffff ffffffff ffffffff     ................
2001343c:	ffffffff ffffffff ffffffff ffffffff     ................
2001344c:	ffdfffff f79effbf ef3df77e d6bae71c     ........~.=.....
2001345c:	ffffffff ffffffff ffffffff ffffffff     ................
2001346c:	7bcfffff 8c318410 00008c31 00000020     ...{..1.1... ...
2001347c:	00000821 528a0020 ffffffff ffffffff     !... ..R........
2001348c:	ffffffff ffffffff d659ffff 78657865     ..........Y.exex
2001349c:	88868886 88868887 9acc90a7 ffffffff     ................
200134ac:	ffffffff ffffffff ffffffff 0000f77e     ............~...
200134bc:	00000001 00000020 00000821 08210021     .... ...!...!.!.
200134cc:	a8c8b8c9 b0c8b0c8 b0c8b8c9 b8c8b8e9     ................
200134dc:	b8c9b8e9 b8c9b8e9 b8c9b8e9 b0c8b8e9     ................
200134ec:	ddd8b8c9 ffffffff ffffffff ffffffff     ................
200134fc:	ffffffff ffffffff ffffffff ffffffff     ................
2001350c:	ffffffff ffffffff ffffffff ffffffff     ................
2001351c:	ffffffff ffffffff ffffffff 00007bcf     .............{..
2001352c:	00000821 00000021 00000821 00000021     !...!...!...!...
2001353c:	f79e2925 ffffffff ffffffff ffffffff     %)..............
2001354c:	ffffffff d69affff 39c783f0 bdb66b4d     ...........9Mk..
2001355c:	ffffffdf ffffffff ffffffff ffffffff     ................
2001356c:	ffffffff 60449c31 70656865 80867886     ....1.D`ehep.x..
2001357c:	88868887 908690a7 908690a7 888690a7     ................
2001358c:	80668886 70657886 70657865 68446865     ..f..xepexepehDh
2001359c:	60446865 50236044 ffff0000 ffffffff     ehD`D`#P........
200135ac:	ffffffff ffffffff ce59ffff 00000000     ..........Y.....
200135bc:	00000000 80650000 80868086 88868886     ......e.........
200135cc:	888690a7 f79e9148 ffffffff ffffffff     ....H...........
200135dc:	ffffffff ffffffff d69affff 39c783f0     ...............9
200135ec:	b5b66b4d ffffffdf ffffffff ffffffff     Mk..............
200135fc:	ffffffff ffffffff 8c51ad55 a5149cb3     ........U.Q.....
2001360c:	bdf7b596 d69ace59 e73ce6fc f77eef7d     ....Y.....<.}.~.
2001361c:	ffbfffbf ffdfffdf ffffffff ffffffff     ................
2001362c:	ffffffff ffffffff ffffffff ffffffff     ................
2001363c:	ffffffff ffffffff ffffffff ffffffff     ................
2001364c:	ffdfffdf f79ef7be ef5def7d dedbdefb     ........}.].....
2001365c:	ffffffff ffffffff ffffffff ffffffff     ................
2001366c:	8410ffdf 94928430 000094b2 00000000     ....0...........
	...
20013684:	ffffc638 ffffffff ffffffff ffffffff     8...............
20013694:	ffffffff 78658aec 88867865 88868886     ......exex......
200136a4:	9acc8886 ffffffff ffffffff ffffffff     ................
200136b4:	ffffffff 0000ef5d 00000000 00000000     ....]...........
	...
200136cc:	b0c86064 b0c9b0c8 b8c9b0c8 b8e9b8c8     d`..............
200136dc:	b8e9b8c8 b8e9b8c8 b8e9b8c8 b8c9b0c8     ................
200136ec:	e618b0c8 ffffffff ffffffff ffffffff     ................
200136fc:	ffffffff ffffffff ffffffff ffffffff     ................
2001370c:	ffffffff ffffffff ffffffff ffffffff     ................
2001371c:	ffffffff ffffffff ffffffff 00007bcf     .............{..
	...
2001373c:	bdb70000 ffffffff ffffffff ffffffff     ................
2001374c:	ffffffff ffffffff ffffffff ffffffff     ................
2001375c:	ffffffff ffffffff ffffffff ffffffff     ................
2001376c:	ef3dffff 68445844 78656844 88867865     ..=.DXDhDhexex..
2001377c:	90a78886 98a79086 98a79086 90879086     ................
2001378c:	88868886 80868066 78657865 70657065     ....f...exexepep
2001379c:	70656844 00006044 ffff0000 ffffffff     DhepD`..........
200137ac:	ffffffff ffffffff ce59ffff 00000000     ..........Y.....
200137bc:	00000000 80860000 88867865 90878886     ........ex......
200137cc:	90878886 cdb78886 ffffffff ffffffff     ................
200137dc:	ffffffff ffffffff ffffffff ffffffff     ................
200137ec:	ffffffff ffffffff ffffffff ffffffff     ................
200137fc:	ffffffff ef5dffff 94728410 ad559cd3     ......]...r...U.
2001380c:	c618b596 debbce59 ef3ddefb f79eef5d     ....Y.....=.]...
2001381c:	ffdff79e ffffffdf ffffffdf ffffffff     ................
2001382c:	ffffffff ffffffff ffffffff ffffffff     ................
2001383c:	ffffffff ffffffff ffffffff ffffffff     ................
2001384c:	ffdfffff f79effdf ef3df77e dedbe71c     ........~.=.....
2001385c:	ffffffff ffffffff ffffffff ffffffff     ................
2001386c:	8c31ffff 9cb39472 0000a4f4 00000821     ..1.r.......!...
2001387c:	00000020 00000821 ffff630c ffffffff      ...!....c......
2001388c:	ffffffff ffffffff ffffffff 7865de7a     ............z.ex
2001389c:	80868086 88868886 9acc8886 ffffffff     ................
200138ac:	ffffffff ffffffff ffffffff 0000f77e     ............~...
200138bc:	00000020 00000821 00000021 00000821      ...!...!...!...
200138cc:	a0a70000 b8c8b8e9 b8c9b8e9 b8c9c0e9     ................
200138dc:	b8c9c0e9 b8c9c0e9 b8c8b8e9 b0c8b8e9     ................
200138ec:	de18b0c9 ffffffff ffffffff ffffffff     ................
200138fc:	ffffffff ffffffff ffffffff ffffffff     ................
2001390c:	ffffffff ffffffff ffffffff ffffffff     ................
2001391c:	ffffffff ffffffff ffffffff 00007bcf     .............{..
2001392c:	00000021 00000821 00000021 00000821     !...!...!...!...
2001393c:	31860021 ffffffbf ffffffff ffffffff     !..1............
2001394c:	ffffffff ffffffff ffffffff ffffffff     ................
2001395c:	ffffffff ffffffff ffffffff ffffffff     ................
2001396c:	9c31ffff 68446845 78657865 88868886     ..1.EhDhexex....
2001397c:	90a790a7 98a798a7 98a7a0a7 98a798a7     ................
2001398c:	908698a7 888690a7 80868886 80668086     ..............f.
2001399c:	78658086 00000000 ffff0000 ffffffff     ..ex............
200139ac:	ffffffff ffffffff ce59ffff 00000000     ..........Y.....
200139bc:	00000000 50430000 88868886 908790a7     ......CP........
200139cc:	908698a7 91a990a7 ffffffbf ffffffff     ................
200139dc:	ffffffff ffffffff ffffffff ffffffff     ................
200139ec:	ffffffff ffffffff ffffffff ffffffff     ................
200139fc:	ffffffff ad55ffff 94928c51 ad75a514     ......U.Q.....u.
20013a0c:	c638bdd7 dedbd69a ef5de71c f79ef77e     ..8.......].~...
20013a1c:	ffdfffbf ffffffff ffffffff ffffffff     ................
20013a2c:	ffffffff ffffffff ffffffff ffffffff     ................
20013a3c:	ffffffff ffffffff ffffffff ffffffff     ................
20013a4c:	ffdfffdf f79ef7be ef5def7d dedbe71c     ........}.].....
20013a5c:	ffffffff ffffffff ffffffff ffffffff     ................
20013a6c:	9472ffdf a4f494b2 0000a534 00000000     ..r.....4.......
	...
20013a84:	d69a0000 ffffffff ffffffff ffffffff     ................
20013a94:	ffffffff 930dffff 80867865 88868066     ........ex..f...
20013aa4:	9acc8886 ffffffff ffffffff ffffffff     ................
20013ab4:	ffffffff 0000ef5d 00000000 00000000     ....]...........
	...
20013ad0:	c0e988a6 b8e9b8c8 c0e9b8c8 c0e9b8c9     ................
20013ae0:	b8e9b8c8 b8e9b8c8 b0c8b0c8 e618a8c8     ................
20013af0:	ffffffff ffffffff ffffffff ffffffff     ................
20013b00:	ffffffff ffffffff ffffffff ffffffff     ................
20013b10:	ffffffff ffffffff ffffffff ffffffff     ................
20013b20:	ffffffff ffffffff 00007bcf 00000000     .........{......
	...
20013b40:	ffff9492 ffffffff ffffffff ffffffff     ................
20013b50:	ffffffff ffffffff ffffffff ffffffff     ................
20013b60:	ffffffff ffffffff ffffffff 6044d67a     ............z.D`
20013b70:	70656044 80867865 90a78886 98a79087     D`epex..........
20013b80:	a0a798a7 a0a8a0a7 a0a798a7 98a798a7     ................
20013b90:	90a79086 90879086 90a78886 00006044     ............D`..
20013ba0:	00000000 ffff0000 ffffffff ffffffff     ................
20013bb0:	ffffffff ce59ffff 00000000 00000000     ......Y.........
20013bc0:	38220000 90a78886 98a79086 98a79887     .."8............
20013bd0:	90a79086 ffffbcb3 ffffffff ffffffff     ................
20013be0:	ffffffff ffffffff ffffffff ffffffff     ................
20013bf0:	ffffffff ffffffff ffffffff ffffffff     ................
20013c00:	8410dedb 9cd38c71 b596a534 ce59bdf7     ....q...4.....Y.
20013c10:	defbd69a ef5de71c f7beef7d ffdff7be     ......].}.......
20013c20:	ffffffdf ffffffff ffffffff ffffffff     ................
20013c30:	ffffffff ffffffff ffffffff ffffffff     ................
20013c40:	ffffffff ffffffff ffffffff ffdfffff     ................
20013c50:	f79effdf ef5df79e dedbef3d ffffffff     ......].=.......
20013c60:	ffffffff ffffffff ffffffff 94b2ffff     ................
20013c70:	a534a4f4 7befb576 00000000 00000821     ..4.v..{....!...
20013c80:	00000021 736e0821 ffffffff ffffffff     !...!.ns........
20013c90:	ffffffff ffffffff d659ffff 80868086     ..........Y.....
20013ca0:	88868886 9acc8887 ffffffff ffffffff     ................
20013cb0:	ffffffff ffffffff 0000f77e 00000821     ........~...!...
20013cc0:	00000020 00000821 00000021 00000821      ...!...!...!...
20013cd0:	68850000 b8e9d10a b8e9c0e9 c0e9c0e9     ...h............
20013ce0:	b8e9c0e9 b8c9c0e9 b0c8b8e9 de18b0c9     ................
20013cf0:	ffffffff ffffffff ffffffff ffffffff     ................
20013d00:	ffffffff ffffffff ffffffff ffffffff     ................
20013d10:	ffffffff ffffffff ffffffff ffffffff     ................
20013d20:	ffffffff ffffffff 00007bcf 30422021     .........{..! B0
20013d30:	70855864 808680a6 788690a7 58648086     dX.p.......x..dX
20013d40:	c6383843 ffffffff ffffffff ffffffff     C88.............
20013d50:	ffffffff ffffffff ffffffff ffffffff     ................
20013d60:	ffffffff ffffffff ef5dffff 68447209     ..........]..rDh
20013d70:	78657065 88868086 90a790a7 a0a7a0a8     epex............
20013d80:	a0a7a8c8 a8a8a8c8 a0a7a8c8 a0a7a8c8     ................
20013d90:	98a7a0a8 98a7a0a7 0000a0a8 00000821     ............!...
20013da0:	00000020 ffff0821 ffffffff ffffffff      ...!...........
20013db0:	ffffffff ce59ffff 00000000 00000821     ......Y.....!...
20013dc0:	00000020 90a7a8a8 98a798a7 98a7a0a8      ...............
20013dd0:	90a798a7 de3990a7 ffffffff ffffffff     ......9.........
20013de0:	ffffffff ffffffff ffffffff ffffffff     ................
20013df0:	ffffffff ffffffff ffffffff f79effff     ................
20013e00:	8c518c51 a5149cb3 bdd7b576 d67ace39     Q.Q.....v...9.z.
20013e10:	e6fcdedb ef7def5d f7bef79e ffdfffdf     ....].}.........
20013e20:	ffffffff ffffffff ffffffff ffffffff     ................
20013e30:	ffffffff ffffffff ffffffff ffffffff     ................
20013e40:	ffffffff ffffffff ffffffff ffdfffdf     ................
20013e50:	f7bef7be ef5def7d e6fce71c ffffffff     ....}.].........
20013e60:	ffffffff ffffffff ffffffff a4f4ffff     ................
20013e70:	ad75a514 bdd7b596 00000000 00000000     ..u.............
	...
20013e88:	ffffdebb ffffffff ffffffff ffffffff     ................
20013e98:	ffffffff 808692ec 88868066 9acc8886     ........f.......
20013ea8:	ffffffff ffffffff ffffffff ffffffff     ................
20013eb8:	0000ef7d 00000000 00000000 00000000     }...............
20013ec8:	00200000 00200000 00000000 c8ea0020     .. ... ..... ...
20013ed8:	c0e9c0e9 c0e9b8c9 c0e9b8c9 b8e9b8c8     ................
20013ee8:	b0c9b0c8 de18a8c8 ffffffff ffffffff     ................
20013ef8:	ffffffff ffffffff ffffffff ffffffff     ................
20013f08:	ffffffff ffffffff ffffffff ffffffff     ................
20013f18:	ffffffff ffffffff ffffffff ffffffff     ................
20013f28:	a8a89bcf a8c8a0a7 a0a8a0a7 a8c8a0a7     ................
20013f38:	a8c8a0a7 a0a7a0a7 98e798a7 ffffde7a     ............z...
20013f48:	ffffffff ffffffff ffffffff ffffffff     ................
20013f58:	ffffffff ffffffff ffffffff ffffffff     ................
20013f68:	6acbef7d 70657044 80867065 90868066     }..jDpepep..f...
20013f78:	98a79086 a0c898a7 a8c8a0a7 a8c8a8a7     ................
20013f88:	a8c8a8a8 a8c8a0a7 a8c8a0a7 5864a8a8     ..............dX
	...
20013fa4:	ffff0000 ffffffff ffffffff ffffffff     ................
20013fb4:	ce59ffff 00000000 00000000 00000000     ..Y.............
20013fc4:	98a77065 a0a898a7 a0a7a0a7 98a798a7     ep..............
20013fd4:	90c79086 ffffde9a ffffffff ffffffff     ................
20013fe4:	ffffffff ffffffff ffffffff ffffffff     ................
20013ff4:	ffffffff ffffffff 94b2f79e 94928c31     ............1...
20014004:	ad559cd3 c5f8b596 d69ace59 e71cdedb     ..U.....Y.......
20014014:	f77eef5d ffbff79e ffdff7be ffffffdf     ].~.............
20014024:	ffffffff ffffffff ffffffff ffffffff     ................
20014034:	ffffffff ffffffff ffffffff ffffffff     ................
20014044:	ffffffff ffffffff ffdfffff f7beffdf     ................
20014054:	ef5df79e e6fcef5d ffffffff ffffffff     ..].]...........
20014064:	ffffffff ffffffff a534ffff b596b576     ..........4.v...
20014074:	c5f8bdd7 00001082 00000021 00000821     ........!...!...
20014084:	00000021 ffff83f0 ffffffff ffffffff     !...............
20014094:	ffffffff ffffffff 8086de7a 88868887     ........z.......
200140a4:	9acc90a7 ffffffff ffffffff ffffffff     ................
200140b4:	ffffffff 0000f77e 00000020 00000821     ....~... ...!...
200140c4:	00000021 00000821 00000821 00000821     !...!...!...!...
200140d4:	00000821 d8ea7086 c0e9c0e9 b8e9c0e9     !....p..........
200140e4:	b8c9c0e9 b0c8b8e9 de18b0c8 ffffffff     ................
200140f4:	ffffffff ffffffff ffffffff ffffffff     ................
20014104:	ffffffff ffffffff ffffffff ffffffff     ................
20014114:	ffffffff ffffffff ffffffff ffffffff     ................
20014124:	ffffffff 9087b3f0 98a798a7 a0a7a0c8     ................
20014134:	a8a8a8c8 a8a8a8c8 a0a7a8c8 98a7a0a8     ................
20014144:	cdd790a7 ffffffff ffffffff ffffffff     ................
20014154:	ffffffff ffffffff ffffffff ffffffff     ................
20014164:	defbffff 0000526a 28210000 90877065     ....jR....!(ep..
20014174:	908798a7 a0a7a0a7 a8a8a8c8 a8c8b0c8     ................
20014184:	b0c8b0c8 b0c8b0c9 c0c9b8c9 3843b0c8     ..............C8
20014194:	00000000 00000821 00000021 00000821     ....!...!...!...
200141a4:	ffff0021 ffffffff ffffffff ffffffff     !...............
200141b4:	ce59ffff 00000821 00000020 00000821     ..Y.!... ...!...
200141c4:	a0a74043 a0a8a8c8 a0a7a8c8 a0a7a8c8     C@..............
200141d4:	90a7a0a7 cdd790a7 ffffffff ffffffff     ................
200141e4:	ffffffff ffffffff ffffffff ffffffff     ................
200141f4:	ffffffff e73cffff 8c519492 9cd39492     ......<...Q.....
20014204:	b596ad35 c638c5f8 debbd69a ef3de71c     5.....8.......=.
20014214:	f79ef77e ffbfffbf ffdfffdf ffffffff     ~...............
20014224:	ffffffff ffffffff ffffffff ffffffff     ................
20014234:	ffffffff ffffffff ffffffff ffffffff     ................
20014244:	ffffffff ffffffff ffdfffdf ffbff7be     ................
20014254:	f77ef79e e71ce73c ffffffff ffffffff     ..~.<...........
20014264:	ffffffff ffffffff b576ffff bdd7b596     ..........v.....
20014274:	ce39c5f8 00006b4d 00000000 00000000     ..9.Mk..........
20014284:	00000000 e71c0000 ffffffff ffffffff     ................
20014294:	ffffffff ffffffff 9aedffff 90868886     ................
200142a4:	a2cd8886 ffffffff ffffffff ffffffff     ................
200142b4:	ffffffff 0000ef5d 00000000 00000000     ....]...........
200142c4:	00000000 00200000 00210000 00200000     ...... ...!... .
200142d4:	00210000 00000000 d0ea7085 c0e9c8e9     ..!......p......
200142e4:	b8e9b8c9 b0c8b0c8 e619b0c8 ffffffff     ................
200142f4:	ffffffff ffffffff ffffffff ffffffff     ................
20014304:	ffffffff ffffffff ffffffff ffffffff     ................
20014314:	ffffffff ffffffff ffffffff ffffffff     ................
20014324:	ffffffff 90a7abd0 a0a79087 a8c8a0a7     ................
20014334:	a8c8a8a7 a8c8a8a7 a8c8a0a7 98a798a7     ................
20014344:	90879086 e6fca3af ffffffff ffffffff     ................
20014354:	ffffffff ffffffff ffffffff f77effff     ..............~.
20014364:	0000a514 00000000 00000000 08000000     ................
20014374:	50441821 a8c88886 c0e9b8c8 c8e9c0c9     !.DP............
20014384:	b8e9b8c9 80a6a0c7 00002822 00200000     ........"(.... .
	...
200143a4:	ffff0000 ffffffff ffffffff ffffffff     ................
200143b4:	ce59ffff 00000000 00000000 00000000     ..Y.............
200143c4:	b0c80000 a8c8a0a7 a8c8a8a8 a0c8a0a7     ................
200143d4:	98a7a0a7 90869086 eefca3af ffffffff     ................
200143e4:	ffffffff ffffffff ffffffff ffffffff     ................
200143f4:	f79effff 8c31bdf7 9cb38c51 a5349cd3     ......1.Q.....4.
20014404:	bdd7ad75 ce79c618 e6fcd69a ef5de71c     u.....y.......].
20014414:	f79eef7d ffdff7be ffffffdf ffffffff     }...............
20014424:	ffffffff ffffffff ffffffff ffffffff     ................
20014434:	ffffffff ffffffff ffffffff ffffffff     ................
20014444:	ffffffff ffffffff ffdfffff f7beffdf     ................
20014454:	f77effbf e73cef7d debbe6fc c638d69a     ..~.}.<.......8.
20014464:	bdd7c618 b596bdb7 bdb7bdb7 c618c5f8     ................
20014474:	ce79ce59 0020d69a 00000821 00000021     Y.y... .!...!...
20014484:	00000821 00000021 90876064 88869087     !...!...d`......
20014494:	80868886 88868886 88869087 908690a7     ................
200144a4:	a0a798a7 00002822 00000821 00000020     ...."(..!... ...
200144b4:	00000821 00000020 00000821 00000021     !... ...!...!...
200144c4:	00000821 00000821 00000821 00000821     !...!...!...!...
200144d4:	00000821 00000821 00000021 78863843     !...!...!...C8.x
200144e4:	c8eab8e9 c0e9d0ea b0c8b8e9 a8c8b0c8     ................
200144f4:	a8a8a8c8 706598a7 10004843 00000000     ......epCH......
20014504:	00000001 00000000 00000001 00000000     ................
20014514:	00000001 78652021 70657065 78657886     ....! exepep.xex
20014524:	88868886 908790a7 a0a798a7 a8a8a8c8     ................
20014534:	a8c8a8c8 a8c8b0c8 a8a8b0c8 a0a7a8c8     ................
20014544:	90a7a0a8 888690a7 cdb7a36e f77ee6fb     ........n.....~.
20014554:	ffffffdf f79effff c618ef3d 08618c51     ........=...Q.a.
20014564:	00000821 00000020 00000821 00000020     !... ...!... ...
20014574:	00000821 00000000 08001021 18001821     !.......!...!...
20014584:	00001021 00000000 00000821 00000821     !.......!...!...
20014594:	00000821 00000821 00000821 00000021     !...!...!...!...
200145a4:	00000821 00000021 00000821 00000020     !...!...!... ...
200145b4:	00000821 00000020 00000821 00000021     !... ...!...!...
200145c4:	68650021 a8c8a8c8 a8c8b0c8 a8a8b0c8     !.eh............
200145d4:	a0a7a8c8 90a7a0a7 888690a7 b5968b4e     ............N...
200145e4:	f77ededb ffffffdf f79effff c618e73c     ..~.........<...
200145f4:	8c519cb3 94929472 a4f49cd3 b576ad55     ..Q.r.......U.v.
20014604:	c618bdd7 d69ace59 e71cdedb ef7def5d     ....Y.......].}.
20014614:	f7bef79e ffdfffdf ffffffff ffffffff     ................
20014624:	ffffffff ffffffff ffffffff ffffffff     ................
20014634:	ffffffff ffffffff ffffffff ffffffff     ................
20014644:	ffffffff ffffffff ffffffdf ffdfffdf     ................
20014654:	f79ef79e ef5def5d defbe71c d67ad69a     ....].].......z.
20014664:	c618c638 c5f8bdf7 c618bdf7 ce59c618     8.............Y.
20014674:	d6bace79 41e8d6ba 00000000 00000000     y......A........
	...
2001468c:	98a70000 90879086 88868886 90878886     ................
2001469c:	90a78886 98a79086 a0a79086 00000000     ................
	...
200146c4:	00200000 00210000 00200000 00210000     .. ...!... ...!.
200146d4:	00200000 00210000 00200000 00000000     .. ...!... .....
200146e4:	10000000 38432001 48434043 40434043     ..... C8C@CHC@C@
200146f4:	18012821 00000800 00000000 00000000     !(..............
	...
20014714:	68640000 78657865 78667865 80867865     ..dhexexexfxex..
20014724:	90868086 98a79086 a0a798a7 a8c8a0a7     ................
20014734:	b0c8a8a8 b0c8a8c8 a8c8a8a8 a8c8a8a7     ................
20014744:	98a798a7 90a79087 88868886 78667865     ............exfx
20014754:	70657065 30227865 00000000 00000000     epepex"0........
	...
20014778:	00200000 00200000 00210000 00200000     .. ... ...!... .
20014788:	00210000 00200000 00210000 00200000     ..!... ...!... .
20014798:	00200000 00200000 00000000 00000000     .. ... .........
	...
200147c4:	28210000 b0c8c0c9 b0c8b0c8 b0c8a8c8     ..!(............
200147d4:	a8c8a8a7 98a7a0a7 90a79086 00000000     ................
	...
200147f4:	9cd394b2 a5149cd3 ad75a514 bdd7b596     ..........u.....
20014804:	ce59c618 dedbd69a ef3ddefb f79eef5d     ..Y.......=.]...
20014814:	ffbff79e ffdfffbf ffffffdf ffffffff     ................
20014824:	ffffffff ffffffff ffffffff ffffffff     ................
20014834:	ffffffff ffffffff ffffffff ffffffff     ................
20014844:	ffffffff ffffffff ffffffff ffdfffff     ................
20014854:	f79effbf ef5df79e e6fcef3d d69adedb     ......].=.......
20014864:	ce59d69a ce39ce59 ce59ce59 d67ad67a     ..Y.Y.9.Y.Y.z.z.
20014874:	dedbdebb defbe6fc 00000000 00000821     ............!...
20014884:	00000021 00000821 48430020 98a7a8c8     !...!... .CH....
20014894:	908798a7 908798a7 98a798a7 98a798a7     ................
200148a4:	4043a0c8 00000021 00000021 00000821     ..C@!...!...!...
200148b4:	00000021 00000821 00000021 00000821     !...!...!...!...
200148c4:	00000821 00000821 00000821 00000821     !...!...!...!...
200148d4:	00000821 00000821 00000821 00000821     !...!...!...!...
200148e4:	00000821 00000821 00000021 00000821     !...!...!...!...
200148f4:	00000021 00000821 00000020 00000821     !...!... ...!...
20014904:	00000020 00000821 00000020 18010801      ...!... .......
20014914:	78658086 80668086 80868086 88868886     ..ex..f.........
20014924:	908690a7 98a798a7 a0a7a0c8 a8c8a8c8     ................
20014934:	b0c8b0c8 b0c8b0c9 b0c8b0c9 a8c8b0c8     ................
20014944:	a0a7a8c8 98a7a0a8 888690a7 80868887     ................
20014954:	78658086 80658086 00006865 00000821     ..ex..e.eh..!...
20014964:	00000020 00000821 00000020 00000821      ...!... ...!...
20014974:	00000021 00000821 00000821 00000821     !...!...!...!...
20014984:	00000821 00000821 00000821 00000821     !...!...!...!...
20014994:	00000821 00000821 00000821 00000821     !...!...!...!...
200149a4:	00000021 00000821 00000021 00000821     !...!...!...!...
200149b4:	00000021 00000821 00000021 00000821     !...!...!...!...
200149c4:	00000821 b0c890a7 b0c8b8e9 b0c8b8c9     !...............
200149d4:	a8c8b0c8 a0a7a8c8 4823b0c8 00000821     ..........#H!...
200149e4:	00000020 00000821 00000020 31860001      ...!... ......1
200149f4:	a534a534 ad55ad55 bdb7b596 c618c5f8     4.4.U.U.........
20014a04:	d69ad67a e6fcdedb ef5def3d f79ef79e     z.......=.].....
20014a14:	ffbfffbf ffdfffdf ffffffff ffffffff     ................
20014a24:	ffffffff ffffffff ffffffff ffffffff     ................
20014a34:	ffffffff ffffffff ffffffff ffffffff     ................
20014a44:	ffffffff ffffffff ffffffff ffdfffdf     ................
20014a54:	ffbff7be f77eef7d ef3def3d dedbdefb     ....}.~.=.=.....
20014a64:	d69ad6ba d69ace79 d69ace79 dedbd69a     ....y...y.......
20014a74:	e71cdedb ef3de71c 002031c6 00200000     ......=..1 ... .
20014a84:	00200000 00000000 00000000 98a78886     .. .............
20014a94:	98a798a7 98a798a7 a0a798a7 a0a798a7     ................
20014aa4:	0000a8a7 00000000 00000000 00000000     ................
	...
20014ac0:	00200000 00200000 00200000 00210000     .. ... ... ...!.
20014ad0:	00200000 00210000 00200000 00210000     .. ...!... ...!.
20014ae0:	00200000 00210000 00200000 00200000     .. ...!... ... .
	...
20014b10:	90864823 88868066 88868086 90878886     #H..f...........
20014b20:	90a78886 98a79086 a0a798a7 a8c8a0a7     ................
20014b30:	b0c8a8a8 b0c9b0c8 b0c8b0c8 b0c9b0c8     ................
20014b40:	b0c8a8c8 a8c8a8a8 a0a7a0a7 98a798a7     ................
20014b50:	90869086 88868886 88868086 88868086     ................
	...
20014b74:	00200000 00200000 00210000 00200000     .. ... ...!... .
20014b84:	00210000 00200000 00210000 00200000     ..!... ...!... .
20014b94:	00210000 00200000 00210000 00200000     ..!... ...!... .
	...
20014bc0:	00200000 00200000 d0ea1800 b8c9b0c8     .. ... .........
20014bd0:	b0c8b0c8 b0c8b0c8 a8c8a8a8 00008086     ................
	...
20014bf0:	ad750000 b596b576 bdd7b5b6 c618bdf7     ..u.v...........
20014c00:	d67ac638 dedbd69a e73cdefb f77eef5d     8.z.......<.].~.
20014c10:	f7bef79e ffdff7be ffffffdf ffffffff     ................
20014c20:	ffffffff ffffffff ffffffff ffffffff     ................
20014c30:	ffffffff ffffffff ffffffff ffffffff     ................
20014c40:	ffffffff ffffffff ffffffff ffffffff     ................
20014c50:	ffdfffff ffbfffdf f77effbf ef5df77e     ..........~.~.].
20014c60:	e71cef3d dedbe6fc debbdedb dedbdedb     =...............
20014c70:	defbe6fc e73ce71c ef5def5d 0000e71c     ......<.].].....
20014c80:	00000821 00000821 00000821 00000821     !...!...!...!...
20014c90:	b0c80020 a0a7a0c8 a0a7a0c8 a0a7a8c8      ...............
20014ca0:	a8c8a8c8 00004043 00000021 00000821     ....C@..!...!...
20014cb0:	00000021 00000821 00000021 00000821     !...!...!...!...
20014cc0:	00000821 00000821 00000821 00000821     !...!...!...!...
20014cd0:	00000821 00000821 00000821 00000821     !...!...!...!...
20014ce0:	00000821 00000821 00000821 00000821     !...!...!...!...
20014cf0:	00000821 00000821 00000021 00000821     !...!...!...!...
20014d00:	00000021 00000821 00000020 50430000     !...!... .....CP
20014d10:	888698a7 908690a7 908690a7 90a798a7     ................
20014d20:	98a798a7 a0a7a0a8 a0a7a0c8 a8c8a8c8     ................
20014d30:	b0c8b0c8 b0c8b8e9 b8c8b8e9 b0c8b8e9     ................
20014d40:	b0c8b8e9 a8c8b0c9 a0a7a8c8 98a7a0c8     ................
20014d50:	98a798a7 908798a7 908690a7 908690a7     ................
20014d60:	000098a7 00000821 00000021 00000821     ....!...!...!...
20014d70:	00000021 00000821 00000821 00000821     !...!...!...!...
20014d80:	00000821 00000821 00000821 00000821     !...!...!...!...
20014d90:	00000821 00000821 00000821 00000821     !...!...!...!...
20014da0:	00000821 00000821 00000821 00000821     !...!...!...!...
20014db0:	00000021 00000821 00000021 00000821     !...!...!...!...
20014dc0:	00000821 00000821 78860021 b8c9c0e9     !...!...!..x....
20014dd0:	b8c8b8e9 b0c8b8e9 a0a8b0c8 00000020     ............ ...
20014de0:	00000021 00000821 00000021 00000821     !...!...!...!...
20014df0:	bdf7528a c5f8c5f8 c638c618 ce79ce59     .R........8.Y.y.
20014e00:	d6bad69a e71ce6fc ef5def3d f79ef77e     ........=.].~...
20014e10:	f7beffbf ffdfffdf ffffffff ffffffff     ................
20014e20:	ffffffff ffffffff ffffffff ffffffff     ................
20014e30:	ffffffff ffffffff ffffffff ffffffff     ................
20014e40:	ffffffff ffffffff ffffffff ffffffff     ................
20014e50:	ffffffdf ffdfffdf f79ef7be ef7def7d     ............}.}.
20014e60:	ef3def5d e71ce71c e6fcdefb e71cdefb     ].=.............
20014e70:	ef3de71c ef5de73c f77eef5d 630cef7d     ..=.<.].].~.}..c
20014e80:	00210000 00200000 00200000 00200000     ..!... ... ... .
20014e90:	28220000 a8c8b8c8 a8c8a0a7 a8c8a0a7     .."(............
20014ea0:	98a7a8a8 00000000 00000000 00000000     ................
	...
20014ebc:	00200000 00200000 00200000 00210000     .. ... ... ...!.
20014ecc:	00200000 00210000 00200000 00210000     .. ...!... ...!.
20014edc:	00200000 00210000 00200000 00210000     .. ...!... ...!.
20014eec:	00200000 00200000 00000000 00000000     .. ... .........
	...
20014f0c:	a0a85844 98a79087 98a79887 98a798a7     DX..............
20014f1c:	a0a798a7 a0a898a7 a8c8a0a7 a8c8a0a7     ................
20014f2c:	b0c8a8a8 b8c9b0c8 b8e9b0c8 b8e9b8c8     ................
20014f3c:	b8e9b8c8 b8c9b0c8 b0c8b0c8 a8c8a8a8     ................
20014f4c:	a0c8a0a7 a0a7a0a7 98a798a7 98a79887     ................
20014f5c:	98a79087 a0a89887 00000000 00000000     ................
20014f6c:	00000000 00200000 00200000 00210000     ...... ... ...!.
20014f7c:	00200000 00210000 00200000 00210000     .. ...!... ...!.
20014f8c:	00200000 00210000 00200000 00210000     .. ...!... ...!.
20014f9c:	00200000 00210000 00200000 00200000     .. ...!... ... .
	...
20014fbc:	00200000 00210000 00200000 00000000     .. ...!... .....
20014fcc:	b8e9b0c8 b8e9b8c8 b0c8b0c8 1021b8c8     ..............!.
	...
20014ff0:	ce59c638 ce59ce59 d69ace59 debbd69a     8.Y.Y.Y.Y.......
20015000:	e6fcdedb ef3de71c f77eef5d f7beef7d     ......=.].~.}...
20015010:	ffdff7be ffffffdf ffffffdf ffffffff     ................
20015020:	ffffffff ffffffff ffffffff ffffffff     ................
20015030:	ffffffff ffffffff ffffffff ffffffff     ................
20015040:	ffffffff ffffffff ffffffff ffffffff     ................
20015050:	ffffffff ffdfffff f7beffdf f79ef7be     ................
20015060:	ef5df77e ef3def5d e73cef3d e73cef3d     ~.].].=.=.<.=.<.
20015070:	ef5def5d ef7df77e f79ef79e f79ef7be     ].].~.}.........
20015080:	00000001 00000821 00000821 00000821     ....!...!...!...
20015090:	00000821 c0c95044 a8c8b0c8 a8c8b0c8     !...DP..........
200150a0:	0000c0e9 00000821 00000821 00000821     ....!...!...!...
200150b0:	00000821 00000821 00000821 00000821     !...!...!...!...
200150c0:	00000821 00000821 00000821 00000821     !...!...!...!...
200150d0:	00000821 00000821 00000821 00000821     !...!...!...!...
200150e0:	00000821 00000821 00000821 00000821     !...!...!...!...
200150f0:	00000821 00000821 00000821 00000021     !...!...!...!...
20015100:	00000821 00000021 48430821 a0a7b0c8     !...!...!.CH....
20015110:	a0a7a0c8 a0a7a0c8 a0a7a8c8 a0a7a8c8     ................
20015120:	a8a8a8c8 a8c8a8c8 b0c8b0c8 b0c8b0c9     ................
20015130:	b8c9b8e9 b8c9b8e9 b8c9c0e9 b8c9c0e9     ................
20015140:	b8c9b8e9 b0c8b8e9 b0c8b8c9 a8c8b0c8     ................
20015150:	a8a8a8c8 a0a7a8c8 a0a7a8c8 a0a7a0c8     ................
20015160:	a0a8a0c8 0000a0c8 00000821 00000021     ........!...!...
20015170:	00000821 00000821 00000821 00000821     !...!...!...!...
20015180:	00000821 00000821 00000821 00000821     !...!...!...!...
20015190:	00000821 00000821 00000821 00000821     !...!...!...!...
200151a0:	00000821 00000821 00000821 70852842     !...!...!...B(.p
200151b0:	b0c8b8c9 b0c8b0e8 a0a8b0c9 00004843     ............CH..
200151c0:	00000821 00000821 00000821 b8e90020     !...!...!... ...
200151d0:	b8c9d0ea c0e9b8e9 00002822 00000821     ........"(..!...
200151e0:	00000821 00000021 00000821 8c510000     !...!...!.....Q.
200151f0:	d69adebb d6badebb dedbdedb defbe6fc     ................
20015200:	e73ce71c ef5def5d f79ef79e f7beffbf     ..<.].].........
20015210:	ffdfffdf ffffffff ffffffff ffffffff     ................
20015220:	ffffffff ffffffff ffffffff ffffffff     ................
20015230:	ffffffff ffffffff ffffffff ffffffff     ................
20015240:	ffffffff ffffffff ffffffff ffffffff     ................
20015250:	ffffffff ffdfffdf ffdfffdf f7bef7be     ................
20015260:	f79ef79e f77eef7d ef7def5d ef7def5d     ....}.~.].}.].}.
20015270:	f77eef5d f79eef7d f7bef79e ffbff7be     ].~.}...........
20015280:	0000b5b6 00210000 00200000 00210000     ......!... ...!.
20015290:	00200000 50430000 c0e9c0c9 a0c8c0c9     .. ...CP........
200152a0:	00200000 00200000 00200000 00200000     .. ... ... ... .
200152b0:	00200000 00200000 00200000 00210000     .. ... ... ...!.
200152c0:	00200000 00210000 00200000 00210000     .. ...!... ...!.
200152d0:	00200000 00210000 00200000 00210000     .. ...!... ...!.
200152e0:	00200000 00210000 00200000 00210000     .. ...!... ...!.
200152f0:	00200000 00200000 00200000 00200000     .. ... ... ... .
20015300:	00000000 00010000 b0c80000 a8c8a0a7     ................
20015310:	a8c8a0a7 a8c8a8a7 a8c8a8a7 a8c8a8a8     ................
20015320:	b0c8a8a8 b0c8a8c8 b0c8b0c8 b8c9b0c8     ................
20015330:	b8e9b0c8 c0e9b8c8 c0e9b8c8 c0e9b8c9     ................
20015340:	b8e9b8c8 b8c9b8c8 b0c8b0c8 b0c8b0c8     ................
20015350:	a8c8a8c8 a8c8a8a8 a8c8a8a7 a8c8a8a7     ................
20015360:	a8c8a0a7 90a7b0c8 00200000 00200000     .......... ... .
20015370:	00200000 00210000 00200000 00210000     .. ...!... ...!.
20015380:	00200000 00210000 00200000 00210000     .. ...!... ...!.
20015390:	00200000 00210000 00200000 00210000     .. ...!... ...!.
200153a0:	00200000 00000000 b8c95043 c0e9b8c9     .. .....CP......
200153b0:	b0c8b0c8 b0c9b0c8 b8c9b0c8 b8c9c0c9     ................
200153c0:	08000000 00210000 00200000 00000000     ......!... .....
200153d0:	a0c77085 182190a6 00200000 00200000     .p....!... ... .
200153e0:	00200000 00000000 00210000 e6fc528a     .. .......!..R..
200153f0:	defbdedb e6fcdedb e71cdefb ef3de71c     ..............=.
20015400:	ef5de73c f79eef7d f7bef79e ffdff7be     <.].}...........
20015410:	ffffffdf ffffffdf ffffffff ffffffff     ................
20015420:	ffffffff ffffffff ffffffff ffffffff     ................
20015430:	ffffffff ffffffff ffffffff ffffffff     ................
20015440:	ffffffff ffffffff ffffffff ffffffff     ................
20015450:	ffffffff ffffffff ffdfffff ffbfffdf     ................
20015460:	f79effbf f79ef79e f77ef79e f77ef79e     ..........~...~.
20015470:	f79ef79e f7beffbf ffbfffdf ffdfffdf     ................
20015480:	6b4dffdf 00000000 00000821 00000821     ..Mk....!...!...
20015490:	00000821 00000821 50430821 00004843     !...!...!.CPCH..
200154a0:	00000821 00000821 00000821 00000821     !...!...!...!...
200154b0:	00000821 00000821 00000821 00000821     !...!...!...!...
200154c0:	00000821 00000821 00000821 00000821     !...!...!...!...
200154d0:	00000821 00000821 00000821 00000821     !...!...!...!...
200154e0:	00000821 00000821 00000821 00000821     !...!...!...!...
200154f0:	00000821 00000821 00000821 00000821     !...!...!...!...
20015500:	00000821 00000821 b0c8a8c8 b0c8b0c9     !...!...........
20015510:	a8c8b0c8 b0c8b0c9 b0c8b0c8 b0c8b0c9     ................
20015520:	b0c8b0c9 b0c8b8e9 b0c8b8e9 b8c9b8e9     ................
20015530:	b8c9c0e9 c0e9c0e9 b8e9c0e9 c0e9c0e9     ................
20015540:	b8e9c0e9 b8c9c0e9 b8c8b8e9 b0c8b8e9     ................
20015550:	b0c8b8e9 b0c8b0c9 a8c8b0c8 b0c8b0c9     ................
20015560:	b0c8b0c8 c0c9b0c9 00005864 00000821     ........dX..!...
20015570:	00000821 00000821 00000821 00000821     !...!...!...!...
20015580:	00000821 00000821 00000821 00000821     !...!...!...!...
20015590:	00000821 00000821 00000821 00000821     !...!...!...!...
200155a0:	00000821 c0e95864 b8c9d10a b8c9b8e9     !...dX..........
200155b0:	b8c8b8e9 b8c9b8e9 b8c8b8e9 b8c9b8e9     ................
200155c0:	0020d10a 00000821 00000821 00000821     .. .!...!...!...
200155d0:	00000020 00000020 00000821 00000821      ... ...!...!...
200155e0:	00000821 00000821 00000821 e73cdedb     !...!...!.....<.
200155f0:	e73cef3d e73cef3d ef3def5d ef5def5d     =.<.=.<.].=.].].
20015600:	f77ef77e f79ef79e ffbfffbf ffdfffdf     ~.~.............
20015610:	ffffffff ffffffff ffffffff ffffffff     ................
20015620:	ffffffff ffffffff ffffffff ffffffff     ................
20015630:	ffffffff ffffffff ffffffff ffffffff     ................
20015640:	ffffffff ffffffff ffffffff ffffffff     ................
20015650:	ffffffff ffffffff ffffffdf ffdfffdf     ................
20015660:	ffbff7be f7bef7be f7bef79e f7bef79e     ................
20015670:	ffbff79e ffdff7be ffdfffbf ffdfffdf     ................
20015680:	ffdfffdf 082131a6 00210000 00200000     .....1!...!... .
20015690:	00210000 00200000 00210000 00200000     ..!... ...!... .
200156a0:	00210000 00200000 00210000 00200000     ..!... ...!... .
200156b0:	00000000 00200000 00000000 00000000     ...... .........
200156c0:	00210000 00200000 00210000 00200000     ..!... ...!... .
200156d0:	00210000 00200000 00210000 00200000     ..!... ...!... .
200156e0:	00210000 00200000 00210000 00200000     ..!... ...!... .
200156f0:	00210000 00200000 00210000 00200000     ..!... ...!... .
20015700:	00200000 78850000 b0c9b8c8 b0c8b0c8     .. ....x........
20015710:	b0c9b0c8 b0c8b0c8 b8c9b0c8 b8c9b0c8     ................
20015720:	b8c9b0c8 b8c9b0c8 b8e9b8c8 b8e9b8c8     ................
20015730:	c0e9b8c9 c0e9b8c9 c0e9b8c9 c0e9b8c9     ................
20015740:	c0e9b8c9 c0e9b8c8 b8e9b8c8 b8e9b8c8     ................
20015750:	b8c9b0c8 b0c8b0c8 b0c9b0c8 b0c8b0c8     ................
20015760:	b8c9b0c8 b0c8b0c8 0000c0c9 00200000     .............. .
20015770:	00210000 00200000 00210000 00200000     ..!... ...!... .
20015780:	00210000 00200000 00210000 00200000     ..!... ...!... .
20015790:	00210000 00200000 00210000 00000000     ..!... ...!.....
200157a0:	b0c80000 c0e9d0e9 c0e9b8c9 b8e9b8c8     ................
200157b0:	b8e9b8c8 b8e9b8c8 b8e9b8c8 c0e9b8c8     ................
200157c0:	d0eab8c9 00200000 00210000 00200000     ...... ...!... .
200157d0:	00210000 00200000 00210000 00200000     ..!... ...!... .
200157e0:	00210000 00200000 b5b60000 ef5def5d     ..!... .....].].
200157f0:	ef5def5d ef7def5d f77eef5d f79eef7d     ].].].}.].~.}...
20015800:	f7bef79e ffbff7be ffdff7be ffffffdf     ................
20015810:	ffffffdf ffffffff ffffffff ffffffff     ................
20015820:	ffffffff ffffffff ffffffff ffffffff     ................
20015830:	ffffffff ffffffff ffffffff ffffffff     ................
20015840:	ffffffff ffffffff ffffffff ffffffff     ................
20015850:	ffffffff ffffffff ffffffff ffdfffff     ................
20015860:	ffdfffdf ffbfffdf ffbfffdf ffbfffdf     ................
20015870:	ffbfffdf ffdfffdf ffdfffff ffdfffff     ................
20015880:	ffdfffff 0000ef5d 00000821 00000821     ....]...!...!...
20015890:	00000821 00000821 00000821 00000821     !...!...!...!...
200158a0:	00000821 00000821 00000821 40230000     !...!...!.....#@
200158b0:	a8c898c8 c0e9c8ea c0e9c8ea 98a7b0e9     ................
200158c0:	00006885 00000000 00000821 00000821     .h......!...!...
200158d0:	00000821 00000821 00000821 00000821     !...!...!...!...
200158e0:	00000821 00000821 00000821 00000821     !...!...!...!...
200158f0:	00000821 00000821 00000821 00000821     !...!...!...!...
20015900:	00000821 b8e90000 b8c9b8e9 b8c8b8e9     !...............
20015910:	b8c9b8e9 b8c8b8e9 b8c9b8e9 b8c8b8e9     ................
20015920:	b8c9b8e9 b8c9b8e9 b8c9c0e9 b8e9c0e9     ................
20015930:	c0e9c0e9 c0e9c0e9 c0e9c0ea c0e9c0e9     ................
20015940:	c0e9c0e9 b8e9c0e9 b8e9c0e9 b8c9c0e9     ................
20015950:	b8c9c0e9 b8c8b8e9 b8c9b8e9 b8c8b8e9     ................
20015960:	b8c9b8e9 b8c8b8e9 90a7c0e9 00000000     ................
20015970:	00000821 00000821 00000821 00000821     !...!...!...!...
20015980:	00000821 00000821 00000821 00000821     !...!...!...!...
20015990:	00000821 00000821 00000821 58640020     !...!...!... .dX
200159a0:	c0e9d10a c0e9c0e9 c0e9c0e9 b8e9c0e9     ................
200159b0:	b8c9c0e9 b8c9c0e9 b8e9c0e9 b8e9c0e9     ................
200159c0:	c8e9c0e9 000088a7 00000821 00000821     ........!...!...
200159d0:	00000821 00000821 00000821 00000821     !...!...!...!...
200159e0:	00000821 00000821 f79e8c31 f77ef79e     !...!...1.....~.
200159f0:	f77ef79e f79ef79e f79ef79e f7bef7be     ..~.............
20015a00:	ffbfffbf ffdfffdf ffdfffff ffffffff     ................
20015a10:	ffffffff ffffffff ffffffff ffffffff     ................
20015a20:	ffffffff ffffffff ffffffff ffffffff     ................
20015a30:	ffffffff ffffffff ffffffff ffffffff     ................
20015a40:	ffffffff ffffffff ffffffff ffffffff     ................
20015a50:	ffffffff ffffffff ffffffff ffffffdf     ................
20015a60:	ffdfffdf ffdfffdf ffdfffdf ffdfffbf     ................
20015a70:	ffdfffdf ffffffdf ffffffdf ffffffdf     ................
20015a80:	ffffffdf d69affdf 00200000 00210000     .......... ...!.
20015a90:	00200000 00210000 00200000 00210000     .. ...!... ...!.
20015aa0:	00200000 00210000 38230000 d10ab0c8     .. ...!...#8....
20015ab0:	c0e9b8c9 c0e9b8c9 c0e9b8c9 c0e9b8c9     ................
20015ac0:	d0eac8e9 484398a7 00000000 00210000     ......CH......!.
20015ad0:	00200000 00210000 00200000 00210000     .. ...!... ...!.
20015ae0:	00200000 00210000 00200000 00210000     .. ...!... ...!.
20015af0:	00200000 00210000 00200000 00210000     .. ...!... ...!.
20015b00:	00000000 c0e98886 b8e9b8c8 b8e9b8c8     ................
20015b10:	b8e9b8c8 b8e9b8c8 b8e9b8c8 b8e9b8c8     ................
20015b20:	b8e9b8c8 c0e9b8c9 c0e9b8c8 c0e9b8c9     ................
20015b30:	c0e9b8c9 c0e9c0c9 c0e9c0e9 c0e9c0e9     ................
20015b40:	c0e9c0c9 c0e9c0c9 c0e9b8c9 c0e9b8c9     ................
20015b50:	b8e9b8c8 b8e9b8c8 b8e9b8c8 b8e9b8c8     ................
20015b60:	b8e9b8c8 c0e9b8c8 c8eab8c8 00210000     ..............!.
20015b70:	00200000 00210000 00200000 00210000     .. ...!... ...!.
20015b80:	00200000 00210000 00200000 00210000     .. ...!... ...!.
20015b90:	00200000 00210000 00000000 d90a98a7     .. ...!.........
20015ba0:	c0e9c0e9 c0e9c0c9 c0e9b8c9 c0e9b8c9     ................
20015bb0:	c0e9b8c9 c0e9b8c9 c0e9b8c9 c0e9b8c9     ................
20015bc0:	c0e9b8c9 0000c8e9 00200000 00210000     .......... ...!.
20015bd0:	00200000 00210000 00200000 00210000     .. ...!... ...!.
20015be0:	00200000 632c0020 f7bef7be f7bef79e     .. . .,c........
20015bf0:	f7bef79e ffbff79e ffbff79e ffdff7be     ................
20015c00:	ffdff7be ffdfffdf ffffffdf ffffffff     ................
20015c10:	ffffffff ffffffff ffffffff ffffffff     ................
20015c20:	ffffffff ffffffff ffffffff ffffffff     ................
20015c30:	ffffffff ffffffff ffffffff ffffffff     ................
20015c40:	ffffffff ffffffff ffffffff ffffffff     ................
20015c50:	ffffffff ffffffff ffffffff ffffffff     ................
20015c60:	ffffffff ffdfffff ffdfffff ffdfffff     ................
20015c70:	ffdfffff ffffffff ffffffff ffffffff     ................
20015c80:	ffffffff ffffffff 00007bcf 00000821     .........{..!...
20015c90:	00000821 00000821 00000821 00000821     !...!...!...!...
20015ca0:	00000821 00000821 d0ea0020 c0e9c0e9     !...!... .......
20015cb0:	c0e9c0e9 c0e9c0e9 c0e9c0e9 c0e9c0e9     ................
20015cc0:	c0e9c0e9 d90ac8ea 6044c0e9 00000000     ..........D`....
20015cd0:	00000821 00000821 00000821 00000821     !...!...!...!...
20015ce0:	00000821 00000821 00000821 00000821     !...!...!...!...
20015cf0:	00000821 00000821 00000821 00000821     !...!...!...!...
20015d00:	00000821 b8e9c8ea b8e9c0e9 b8e9c0e9     !...............
20015d10:	b8e9c0e9 b8e9c0e9 b8e9c0e9 c0e9c0e9     ................
20015d20:	b8e9c0e9 c0e9c0e9 c0e9c0e9 c0e9c0e9     ................
20015d30:	c0e9c0e9 c0e9c8ea c0e9c0e9 c0e9c8ea     ................
20015d40:	c0e9c0e9 c0e9c0ea c0e9c0e9 c0e9c0e9     ................
20015d50:	b8e9c0e9 b8e9c0e9 b8e9c0e9 b8e9c0e9     ................
20015d60:	b8e9c0e9 c0e9c0e9 c0e9c0e9 000090a7     ................
20015d70:	00000821 00000821 00000821 00000821     !...!...!...!...
20015d80:	00000821 00000821 00000821 00000821     !...!...!...!...
20015d90:	00000821 00000821 b8e91821 c0e9c90a     !...!...!.......
20015da0:	c0e9c8e9 c0e9c8ea c0e9c0e9 c0e9c0ea     ................
20015db0:	c0e9c0e9 c0e9c0e9 c0e9c0e9 c0e9c0ea     ................
20015dc0:	c0e9c0e9 6065c8ea 00000821 00000821     ......e`!...!...
20015dd0:	00000821 00000821 00000821 00000821     !...!...!...!...
20015de0:	00000821 ffdf0000 ffbfffdf ffbfffdf     !...............
20015df0:	ffbfffdf ffbfffdf ffdfffdf ffdfffdf     ................
20015e00:	ffdfffff ffffffff ffffffff ffffffff     ................
20015e10:	ffffffff ffffffff ffffffff ffffffff     ................
20015e20:	ffffffff ffffffff ffffffff ffffffff     ................
20015e30:	ffffffff ffffffff ffffffff ffffffff     ................
20015e40:	ffffffff ffffffff ffffffff ffffffff     ................
20015e50:	ffffffff ffffffff ffffffff ffffffff     ................
20015e60:	ffffffff ffffffdf ffffffdf ffffffdf     ................
20015e70:	ffffffdf ffffffff ffffffff ffffffff     ................
20015e80:	ffffffff ffffffff 0000b596 00200000     .............. .
20015e90:	00210000 00200000 00210000 00200000     ..!... ...!... .
20015ea0:	00210000 00000000 c0e9d0ea c0e9c0c9     ..!.............
20015eb0:	c0e9c0c9 c0e9c0c9 c0e9c0c9 c0e9c0c9     ................
20015ec0:	c0e9c0e9 c0e9c0e9 d90ac0e9 2022a8c8     .............." 
20015ed0:	00210000 00200000 00210000 00200000     ..!... ...!... .
20015ee0:	00210000 00200000 00210000 00200000     ..!... ...!... .
20015ef0:	00210000 00200000 00210000 00200000     ..!... ...!... .
20015f00:	60650000 c0e9c0e9 c0e9b8c9 c0e9b8c9     ..e`............
20015f10:	c0e9b8c9 c0e9b8c9 c0e9b8c9 c0e9b8c9     ................
20015f20:	c0e9b8c9 c0e9b8c9 c0e9c0c9 c0e9c0c9     ................
20015f30:	c0e9c0e9 c0e9c0e9 c0e9c0e9 c0e9c0e9     ................
20015f40:	c0e9c0e9 c0e9c0e9 c0e9c0c9 c0e9c0c9     ................
20015f50:	c0e9c0c9 c0e9b8c9 c0e9b8c9 c0e9b8c9     ................
20015f60:	c0e9b8c9 c0e9b8c9 c0e9c0c9 0000c8e9     ................
20015f70:	00210000 00200000 00210000 00200000     ..!... ...!... .
20015f80:	00210000 00200000 00210000 00200000     ..!... ...!... .
20015f90:	00210000 30220000 c0e9d0ea c0e9c0e9     ..!..."0........
20015fa0:	c0e9c0e9 c0e9c0e9 c0e9c0e9 c0e9c0c9     ................
20015fb0:	c0e9c0c9 c0e9c0c9 c0e9c0c9 c0e9c0e9     ................
20015fc0:	c0e9c0e9 c8e9c0e9 00210000 00200000     ..........!... .
20015fd0:	00210000 00200000 00210000 00200000     ..!... ...!... .
20015fe0:	00210000 ffdf528a ffdfffdf ffdfffdf     ..!..R..........
20015ff0:	ffdfffdf ffdfffdf ffdfffdf ffffffdf     ................
20016000:	ffffffdf ffffffdf ffffffff ffffffff     ................
20016010:	ffffffff ffffffff ffffffff ffffffff     ................
20016020:	ffffffff ffffffff ffffffff ffffffff     ................
20016030:	ffffffff ffffffff ffffffff ffffffff     ................
20016040:	ffffffff ffffffff ffffffff ffffffff     ................
20016050:	ffffffff ffffffff ffffffff ffffffff     ................
20016060:	ffffffff ffffffff ffffffff ffffffff     ................
20016070:	ffffffff ffffffff ffffffff ffffffff     ................
20016080:	ffffffff ffffffff 0000e6fc 00000821     ............!...
20016090:	00000821 00000821 00000821 00000821     !...!...!...!...
200160a0:	00000821 78850821 c0e9c8ea c0e9c0e9     !...!..x........
200160b0:	c0e9c8ea c0e9c0e9 c0e9c8ea c0e9c0e9     ................
200160c0:	c0e9c8ea c0e9c8e9 c0e9c8ea e10ac0e9     ................
200160d0:	000080a6 00000821 00000821 00000821     ....!...!...!...
200160e0:	00000821 00000821 00000821 00000821     !...!...!...!...
200160f0:	00000821 00000821 00000821 00000821     !...!...!...!...
20016100:	c0e90000 c0e9c0e9 c0e9c0ea c0e9c0e9     ................
20016110:	c0e9c0e9 c0e9c0e9 c0e9c0ea c0e9c0e9     ................
20016120:	c0e9c0ea c0e9c0e9 c0e9c8ea c0e9c0e9     ................
20016130:	c0e9c8ea c0e9c8e9 c0e9c8ea c0e9c8ea     ................
20016140:	c0e9c8ea c0e9c8e9 c0e9c8ea c0e9c0e9     ................
20016150:	c0e9c0ea c0e9c0e9 c0e9c0e9 c0e9c0e9     ................
20016160:	c0e9c0e9 c0e9c0e9 c0e9c0ea 0021d10a     ..............!.
20016170:	00000821 00000821 00000821 00000821     !...!...!...!...
20016180:	00000821 00000821 00000821 00000821     !...!...!...!...
20016190:	00000821 d90a5044 c0e9c8ea c0e9c8ea     !...DP..........
200161a0:	c0e9c8ea c0e9c8ea c0e9c8ea c0e9c0e9     ................
200161b0:	c0e9c8ea c0e9c0e9 c0e9c8ea c0e9c0e9     ................
200161c0:	c0e9c8ea d90ac8ea 00000020 00000821     ........ ...!...
200161d0:	00000821 00000821 00000821 00000821     !...!...!...!...
200161e0:	00000821 ffff9492 ffffffff ffdfffff     !...............
200161f0:	ffdfffff ffdfffff ffffffff ffffffff     ................
20016200:	ffffffff ffffffff ffffffff ffffffff     ................
20016210:	ffffffff ffffffff ffffffff ffffffff     ................
20016220:	ffffffff ffffffff ffffffff ffffffff     ................
20016230:	ffffffff ffffffff ffffffff ffffffff     ................
20016240:	ffffffff ffffffff ffffffff ffffffff     ................
20016250:	ffffffff ffffffff ffffffff ffffffff     ................
20016260:	ffffffff ffffffff ffffffff ffffffff     ................
20016270:	ffffffff ffffffff ffffffff ffffffff     ................
20016280:	ffffffff ffffffff 0000ffdf 00210000     ..............!.
20016290:	00200000 00210000 00200000 00210000     .. ...!... ...!.
200162a0:	00200000 d90a0000 c0e9c0e9 c0e9c0e9     .. .............
200162b0:	c0e9c0e9 c0e9c0e9 c0e9c0e9 c0e9c0e9     ................
200162c0:	c0e9c0e9 c0e9c0e9 c0e9c0e9 c8e9c0e9     ................
200162d0:	c0e9c0e9 00002821 00200000 00210000     ....!(.... ...!.
200162e0:	00200000 00210000 00200000 00210000     .. ...!... ...!.
200162f0:	00200000 00210000 00200000 00210000     .. ...!... ...!.
20016300:	c8e90000 c0e9c0e9 c0e9c0e9 c0e9c0c9     ................
20016310:	c0e9c0c9 c0e9c0c9 c0e9c0e9 c0e9c0e9     ................
20016320:	c0e9c0e9 c0e9c0e9 c0e9c0e9 c0e9c0e9     ................
20016330:	c0e9c0e9 c0e9c0e9 c0e9c0e9 c0e9c0e9     ................
20016340:	c0e9c0e9 c0e9c0e9 c0e9c0e9 c0e9c0e9     ................
20016350:	c0e9c0e9 c0e9c0e9 c0e9c0c9 c0e9c0c9     ................
20016360:	c0e9c0c9 c0e9c0e9 c0e9c0e9 a0c8c0e9     ................
20016370:	00200000 00210000 00200000 00210000     .. ...!... ...!.
20016380:	00200000 00210000 00200000 00210000     .. ...!... ...!.
20016390:	50640000 c0e9e10a c0e9c0e9 c0e9c0e9     ..dP............
200163a0:	c0e9c0e9 c0e9c0e9 c0e9c0e9 c0e9c0e9     ................
200163b0:	c0e9c0e9 c0e9c0e9 c0e9c0e9 c0e9c0e9     ................
200163c0:	c0e9c0e9 c8eac0e9 00206064 00210000     ........d` ...!.
200163d0:	00200000 00210000 00200000 00210000     .. ...!... ...!.
200163e0:	00000000 ffffbdd7 ffffffff ffffffdf     ................
200163f0:	ffffffdf ffffffdf ffffffff ffffffff     ................
20016400:	ffffffff ffffffff ffffffff ffffffff     ................
20016410:	ffffffff ffffffff ffffffff ffffffff     ................
20016420:	ffffffff ffffffff ffffffff ffffffff     ................
20016430:	ffffffff ffffffff ffffffff ffffffff     ................
20016440:	ffffffff ffffffff ffffffff ffffffff     ................
20016450:	ffffffff ffffffff ffffffff ffffffff     ................
20016460:	ffffffff ffffffff ffffffff ffffffff     ................
20016470:	ffffffff ffffffff ffffffff ffffffff     ................
20016480:	ffffffff ffffffff 528affff 00000821     ...........R!...
20016490:	00000821 00000821 00000821 00000821     !...!...!...!...
200164a0:	00000821 c8e91842 c0e9c8ea c0e9c8ea     !...B...........
200164b0:	c0e9c8e9 c0e9c8ea c0e9c8e9 c0e9c8ea     ................
200164c0:	c0e9c8ea c0e9c8ea c0e9c8ea c0e9c8ea     ................
200164d0:	c0e9c8ea 6084e92b 00000020 00000821     ....+..` ...!...
200164e0:	00000821 00000821 00000821 00000821     !...!...!...!...
200164f0:	00000821 00000821 00000821 00000821     !...!...!...!...
20016500:	c0e95864 c0e9c8ea c0e9c0e9 c0e9c8ea     dX..............
20016510:	c0e9c0e9 c0e9c8ea c0e9c0e9 c0e9c8ea     ................
20016520:	c0e9c0e9 c0e9c8ea c0e9c8e9 c0e9c8ea     ................
20016530:	c0e9c8ea c0e9c8ea c0e9c8ea c0e9c8ea     ................
20016540:	c0e9c8ea c0e9c8ea c0e9c8ea c0e9c8ea     ................
20016550:	c0e9c0e9 c0e9c8ea c0e9c0e9 c0e9c8ea     ................
20016560:	c0e9c0e9 c0e9c8ea c0e9c0e9 c8e9c8ea     ................
20016570:	00000000 00000821 00000821 00000821     ....!...!...!...
20016580:	00000821 00000821 00000821 00000821     !...!...!...!...
20016590:	d90a7085 c0e9c8ea c0e9c8ea c0e9c8ea     .p..............
200165a0:	c0e9c8ea c0e9c8ea c0e9c8ea c0e9c8ea     ................
200165b0:	c0e9c8ea c0e9c8ea c0e9c8ea c0e9c8ea     ................
200165c0:	c0e9c8ea c0e9c8ea 0000a8e8 00000821     ............!...
200165d0:	00000821 00000821 00000821 00000821     !...!...!...!...
200165e0:	00000821 ffffe71c ffffffff ffffffff     !...............
200165f0:	ffffffff ffffffff ffffffff ffffffff     ................
20016600:	ffffffff ffffffff ffffffff ffffffff     ................
20016610:	ffffffff ffffffff ffffffff ffffffff     ................
20016620:	ffffffff ffffffff ffffffff ffffffff     ................
20016630:	ffffffff ffffffff ffffffff ffffffff     ................
20016640:	ffffffff ffffffff ffffffff ffffffff     ................
20016650:	ffffffff ffffffff ffffffff ffffffff     ................
20016660:	ffffffff ffffffff ffffffff ffffffff     ................
20016670:	ffffffff ffffffff ffffffff ffffffff     ................
20016680:	ffffffff ffffffff a514ffff 00200000     .............. .
20016690:	00210000 00200000 00210000 00200000     ..!... ...!... .
200166a0:	00210000 c8e988a6 c0e9c0e9 c0e9c0e9     ..!.............
200166b0:	c0e9c0e9 c0e9c0e9 c0e9c0e9 c0e9c0e9     ................
200166c0:	c0e9c0e9 c0e9c0e9 c8e9c0e9 c0e9c0e9     ................
200166d0:	c8e9c0e9 d10ac0e9 00007886 00200000     .........x.... .
200166e0:	00210000 00200000 00210000 00200000     ..!... ...!... .
200166f0:	00210000 00200000 00210000 00200000     ..!... ...!... .
20016700:	c8ea98a7 c0e9c0e9 c0e9c0e9 c0e9c0e9     ................
20016710:	c0e9c0e9 c0e9c0e9 c0e9c0e9 c0e9c0e9     ................
20016720:	c0e9c0e9 c0e9c0e9 c0e9c0e9 c0e9c0e9     ................
20016730:	c8e9c0e9 c0e9c0e9 c8e9c0e9 c0e9c0e9     ................
20016740:	c8e9c0e9 c0e9c0e9 c0e9c0e9 c0e9c0e9     ................
20016750:	c0e9c0e9 c0e9c0e9 c0e9c0e9 c0e9c0e9     ................
20016760:	c0e9c0e9 c0e9c0e9 c0e9c0e9 d10ac0e9     ................
20016770:	00210000 00200000 00210000 00200000     ..!... ...!... .
20016780:	00210000 00200000 00210000 60650000     ..!... ...!...e`
20016790:	c8e9d8ea c0e9c0e9 c8e9c0e9 c0e9c0e9     ................
200167a0:	c8e9c0e9 c0e9c0e9 c0e9c0e9 c0e9c0e9     ................
200167b0:	c0e9c0e9 c0e9c0e9 c0e9c0e9 c0e9c0e9     ................
200167c0:	c0e9c0e9 c0e9c0e9 0000c8e9 00200000     .............. .
200167d0:	00210000 00200000 00210000 00200000     ..!... ...!... .
200167e0:	00000000 ffffffff ffffffff ffffffff     ................
200167f0:	ffffffff ffffffff ffffffff ffffffff     ................
20016800:	ffffffff ffffffff ffffffff ffffffff     ................
20016810:	ffffffff ffffffff ffffffff ffffffff     ................
20016820:	ffffffff ffffffff ffffffff ffffffff     ................
20016830:	ffffffff ffffffff ffffffff ffffffff     ................
20016840:	ffffffff ffffffff ffffffff ffffffff     ................
20016850:	ffffffff ffffffff ffffffff ffffffff     ................
20016860:	ffffffff ffffffff ffffffff ffffffff     ................
20016870:	ffffffff ffffffff ffffffff ffffffff     ................
20016880:	ffffffff ffffffff e6fcffff 00000000     ................
20016890:	00000821 00000821 00000821 00000821     !...!...!...!...
200168a0:	00000821 c0e9c8ea c0e9c8ea c0e9c8ea     !...............
200168b0:	c0e9c8ea c0e9c8ea c0e9c8ea c0e9c8ea     ................
200168c0:	c0e9c8ea c0e9c8ea c0e9c8ea c0e9c8ea     ................
200168d0:	c0e9c8ea c0e9c8ea 98a7d10a 00000000     ................
200168e0:	00000821 00000821 00000821 00000821     !...!...!...!...
200168f0:	00000821 00000821 00000821 00000821     !...!...!...!...
20016900:	c8e9b8e9 c0e9c8ea c0e9c8ea c0e9c8ea     ................
20016910:	c0e9c8ea c0e9c8ea c0e9c8ea c0e9c8ea     ................
20016920:	c0e9c8ea c0e9c8ea c0e9c8ea c0e9c8ea     ................
20016930:	c0e9c8ea c0e9c8ea c0e9c8ea c0e9c8ea     ................
20016940:	c0e9c8ea c0e9c8ea c0e9c8ea c0e9c8ea     ................
20016950:	c0e9c8ea c0e9c8ea c0e9c8ea c0e9c8ea     ................
20016960:	c0e9c8ea c0e9c8ea c0e9c8ea c8e9c8ea     ................
20016970:	00000042 00000821 00000821 00000821     B...!...!...!...
20016980:	00000821 00000821 00000821 d10a4043     !...!...!...C@..
20016990:	c0e9c8ea c0e9c8ea c0e9c8ea c0e9c8ea     ................
200169a0:	c0e9c8ea c0e9c8ea c0e9c8ea c0e9c8ea     ................
200169b0:	c0e9c8ea c0e9c8ea c0e9c8ea c0e9c8ea     ................
200169c0:	c0e9c8ea c0e9c8ea 0000d90b 00000821     ............!...
200169d0:	00000821 00000821 00000821 00000821     !...!...!...!...
200169e0:	ad550000 ffffffff ffffffff ffffffff     ..U.............
200169f0:	ffffffff ffffffff ffffffff ffffffff     ................
20016a00:	ffffffff ffffffff ffffffff ffffffff     ................
20016a10:	ffffffff ffffffff ffffffff ffffffff     ................
20016a20:	ffffffff ffffffff ffffffff ffffffff     ................
20016a30:	ffffffff ffffffff ffffffff ffffffff     ................
20016a40:	ffffffff ffffffff ffffffff ffffffff     ................
20016a50:	ffffffff ffffffff ffffffff ffffffff     ................
20016a60:	ffffffff ffffffff ffffffff ffffffff     ................
20016a70:	ffffffff ffffffff ffffffff ffffffff     ................
20016a80:	ffffffff ffffffff ffffffff 00210000     ..............!.
20016a90:	00200000 00210000 00200000 00210000     .. ...!... ...!.
20016aa0:	00000000 c8e9d8ea c0e9c0e9 c8e9c0e9     ................
20016ab0:	c0e9c0e9 c0e9c0e9 c0e9c0e9 c8e9c0e9     ................
20016ac0:	c0e9c0e9 c8e9c0e9 c0e9c0e9 c8e9c0e9     ................
20016ad0:	c0e9c0e9 c8e9c0e9 c8e9c0e9 0020b0c8     .............. .
20016ae0:	00200000 00210000 00200000 00210000     .. ...!... ...!.
20016af0:	00200000 00210000 00200000 00000000     .. ...!... .....
20016b00:	c0e9d0e9 c0e9c0e9 c0e9c0e9 c0e9c0e9     ................
20016b10:	c0e9c0e9 c0e9c0e9 c0e9c0e9 c0e9c0e9     ................
20016b20:	c0e9c0e9 c0e9c0e9 c0e9c0e9 c8e9c0e9     ................
20016b30:	c0e9c0e9 c8e9c0e9 c0e9c0e9 c8e9c0e9     ................
20016b40:	c0e9c0e9 c8e9c0e9 c0e9c0e9 c0e9c0e9     ................
20016b50:	c0e9c0e9 c0e9c0e9 c0e9c0e9 c0e9c0e9     ................
20016b60:	c0e9c0e9 c0e9c0e9 c0e9c0e9 c8eac0e9     ................
20016b70:	00204863 00210000 00200000 00210000     cH ...!... ...!.
20016b80:	00200000 00210000 38430000 c8e9d8ea     .. ...!...C8....
20016b90:	c0e9c0e9 c8e9c0e9 c0e9c0e9 c8e9c0e9     ................
20016ba0:	c0e9c0e9 c8e9c0e9 c0e9c0e9 c8e9c0e9     ................
20016bb0:	c0e9c0e9 c0e9c0e9 c0e9c0e9 c8e9c0e9     ................
20016bc0:	c0e9c0e9 c8e9c0e9 0000d0ea 00210000     ..............!.
20016bd0:	00200000 00210000 00200000 00210000     .. ...!... ...!.
20016be0:	ce390000 ffffffff ffffffff ffffffff     ..9.............
20016bf0:	ffffffff ffffffff ffffffff ffffffff     ................
20016c00:	ffffffff ffffffff ffffffff ffffffff     ................
20016c10:	ffffffff ffffffff ffffffff ffffffff     ................
20016c20:	ffffffff ffffffff ffffffff ffffffff     ................
20016c30:	ffffffff ffffffff ffffffff ffffffff     ................
20016c40:	ffffffff ffffffff ffffffff ffffffff     ................
20016c50:	ffffffff ffffffff ffffffff ffffffff     ................
20016c60:	ffffffff ffffffff ffffffff ffffffff     ................
20016c70:	ffffffff ffffffff ffffffff ffffffff     ................
20016c80:	ffffffff ffffffff ffffffff 0000ad55     ............U...
20016c90:	00000821 00000821 00000821 00000821     !...!...!...!...
20016ca0:	00000821 c0e9d90a c0e9c8ea c0e9c8ea     !...............
20016cb0:	c0e9c8ea c0e9c8ea c0e9c8ea c0e9c8ea     ................
20016cc0:	c0e9c8ea c0e9c8ea c0e9c8ea c0e9c8ea     ................
20016cd0:	c0e9c8ea c0e9c8ea c0e9c8ea c0e9c8ea     ................
20016ce0:	00000020 00000821 00000821 00000821      ...!...!...!...
20016cf0:	00000821 00000821 00000821 00000821     !...!...!...!...
20016d00:	c0e9d90a c0e9c8ea c0e9c8ea c0e9c8ea     ................
20016d10:	c0e9c8ea c0e9c8ea c0e9c8ea c0e9c8ea     ................
20016d20:	c0e9c8ea c0e9c8ea c0e9c8ea c0e9c8ea     ................
20016d30:	c0e9c8ea c0e9c8ea c0e9c8ea c0e9c8ea     ................
20016d40:	c0e9c8ea c0e9c8ea c0e9c8ea c0e9c8ea     ................
20016d50:	c0e9c8ea c0e9c8ea c0e9c8ea c0e9c8ea     ................
20016d60:	c0e9c8ea c0e9c8ea c0e9c8ea c8e9c8ea     ................
20016d70:	000080a6 00000821 00000821 00000821     ....!...!...!...
20016d80:	00000821 00000821 d10a3843 c0e9c8ea     !...!...C8......
20016d90:	c0e9c8ea c0e9c8ea c0e9c8ea c0e9c8ea     ................
20016da0:	c0e9c8ea c0e9c8ea c0e9c8ea c0e9c8ea     ................
20016db0:	c0e9c8ea c0e9c8ea c0e9c8ea c0e9c8ea     ................
20016dc0:	c0e9c8ea c0e9c8ea 2842c90a 00000821     ..........B(!...
20016dd0:	00000821 00000821 00000821 00000821     !...!...!...!...
20016de0:	ffff0000 ffffffff ffffffff ffffffff     ................
20016df0:	ffffffff ffffffff ffffffff ffffffff     ................
20016e00:	ffffffff ffffffff ffffffff ffffffff     ................
20016e10:	ffffffff ffffffff ffffffff ffffffff     ................
20016e20:	ffffffff ffffffff ffffffff ffffffff     ................
20016e30:	ffffffff ffffffff ffffffff ffffffff     ................
20016e40:	ffffffff ffffffff ffffffff ffffffff     ................
20016e50:	ffffffff ffffffff ffffffff ffffffff     ................
20016e60:	ffffffff ffffffff ffffffff ffffffff     ................
20016e70:	ffffffff ffffffff ffffffff ffffffff     ................
20016e80:	ffffffff ffffffff ffffffff 0000ce79     ............y...
20016e90:	00210000 00200000 00210000 00200000     ..!... ...!... .
20016ea0:	10410000 c0e9c8e9 c8e9c0e9 c0e9c0e9     ..A.............
20016eb0:	c8e9c0e9 c0e9c0e9 c8e9c0e9 c0e9c0e9     ................
20016ec0:	c8e9c0e9 c0e9c0e9 c8e9c0e9 c0e9c0e9     ................
20016ed0:	c8e9c0e9 c0e9c0e9 c8e9c0e9 c0e9c0e9     ................
20016ee0:	0000b0c8 00200000 00210000 00200000     ...... ...!... .
20016ef0:	00210000 00200000 00210000 00000000     ..!... ...!.....
20016f00:	c8e9c8e9 c0e9c0e9 c8e9c0e9 c0e9c0e9     ................
20016f10:	c8e9c0e9 c0e9c0e9 c8e9c0e9 c0e9c0e9     ................
20016f20:	c8e9c0e9 c0e9c0e9 c8e9c0e9 c0e9c0e9     ................
20016f30:	c8e9c0e9 c0e9c0e9 c8e9c0e9 c0e9c0e9     ................
20016f40:	c8e9c0e9 c0e9c0e9 c8e9c0e9 c0e9c0e9     ................
20016f50:	c8e9c0e9 c0e9c0e9 c8e9c0e9 c0e9c0e9     ................
20016f60:	c8e9c0e9 c0e9c0e9 c8e9c0e9 c8eac0e9     ................
20016f70:	00007886 00200000 00210000 00200000     .x.... ...!... .
20016f80:	00210000 00200000 c0e9d0ea c0e9c0e9     ..!... .........
20016f90:	c8e9c0e9 c0e9c0e9 c8e9c0e9 c0e9c0e9     ................
20016fa0:	c8e9c0e9 c0e9c0e9 c8e9c0e9 c0e9c0e9     ................
20016fb0:	c8e9c0e9 c0e9c0e9 c8e9c0e9 c0e9c0e9     ................
20016fc0:	c8e9c0e9 c0e9c0e9 2042c0e9 00200000     ..........B .. .
20016fd0:	00210000 00200000 00210000 00200000     ..!... ...!... .
20016fe0:	ffff73ae ffffffff ffffffff ffffffff     .s..............
20016ff0:	ffffffff ffffffff ffffffff ffffffff     ................
20017000:	ffffffff ffffffff ffffffff ffffffff     ................
20017010:	ffffffff ffffffff ffffffff ffffffff     ................
20017020:	ffffffff ffffffff ffffffff ffffffff     ................
20017030:	ffffffff ffffffff ffffffff ffffffff     ................
20017040:	ffffffff ffffffff ffffffff ffffffff     ................
20017050:	ffffffff ffffffff ffffffff ffffffff     ................
20017060:	ffffffff ffffffff ffffffff ffffffff     ................
20017070:	ffffffff ffffffff ffffffff ffffffff     ................
20017080:	ffffffff ffffffff ffffffff 0000ffff     ................
20017090:	00000821 00000821 00000821 00000821     !...!...!...!...
200170a0:	10410821 c0e9d10a c0e9c8ea c0e9c8ea     !.A.............
200170b0:	c0e9c8ea c0e9c8ea c0e9c8ea c0e9c8ea     ................
200170c0:	c0e9c8ea c0e9c8ea c0e9c8ea c0e9c8ea     ................
200170d0:	c0e9c8ea c0e9c8ea c0e9c8ea c0e9c8ea     ................
200170e0:	b8c9c90a 00000000 00000821 00000821     ........!...!...
200170f0:	00000821 00000821 00000821 00000821     !...!...!...!...
20017100:	c0e9d10a c0e9c8ea c0e9c8ea c0e9c8ea     ................
20017110:	c0e9c8ea c0e9c8ea c0e9c8ea c0e9c8ea     ................
20017120:	c0e9c8ea c0e9c8ea c0e9c8ea c0e9c8ea     ................
20017130:	c0e9c8ea c0e9c8ea c0e9c8ea c0e9c8ea     ................
20017140:	c0e9c8ea c0e9c8ea c0e9c8ea c0e9c8ea     ................
20017150:	c0e9c8ea c0e9c8ea c0e9c8ea c0e9c8ea     ................
20017160:	c0e9c8ea c0e9c8ea c0e9c8ea c8e9c8ea     ................
20017170:	000080a6 00000821 00000821 00000821     ....!...!...!...
20017180:	00000821 c8e90000 c0e9c8ea c0e9c8ea     !...............
20017190:	c0e9c8ea c0e9c8ea c0e9c8ea c0e9c8ea     ................
200171a0:	c0e9c8ea c0e9c8ea c0e9c8ea c0e9c8ea     ................
200171b0:	c0e9c8ea c0e9c8ea c0e9c8ea c0e9c8ea     ................
200171c0:	c0e9c8ea c0e9c8ea 5864c8ea 00000821     ..........dX!...
200171d0:	00000821 00000821 00000821 00000821     !...!...!...!...
200171e0:	ffffd67a ffffffff ffffffff ffffffff     z...............
200171f0:	ffffffff ffffffff ffffffff ffffffff     ................
20017200:	ffffffff ffffffff ffffffff ffffffff     ................
20017210:	ffffffff ffffffff ffffffff ffffffff     ................
20017220:	ffffffff ffffffff ffffffff ffffffff     ................
20017230:	ffffffff ffffffff ffffffff ffffffff     ................
20017240:	ffffffff ffffffff ffffffff ffffffff     ................
20017250:	ffffffff ffffffff ffffffff ffffffff     ................
20017260:	ffffffff ffffffff ffffffff ffffffff     ................
20017270:	ffffffff ffffffff ffffffff ffffffff     ................
20017280:	ffffffff ffffffff ffffffff ad55ffff     ..............U.
20017290:	00200000 00210000 00200000 00210000     .. ...!... ...!.
200172a0:	08410000 c8e9c8e9 c0e9c0e9 c8e9c0e9     ..A.............
200172b0:	c0e9c0e9 c8e9c0e9 c0e9c0e9 c8e9c0e9     ................
200172c0:	c0e9c0e9 c8e9c0e9 c0e9c0e9 c8e9c0e9     ................
200172d0:	c0e9c0e9 c8e9c0e9 c0e9c0e9 c8e9c0e9     ................
200172e0:	c8e9c0e9 0000b8c8 00200000 00210000     .......... ...!.
200172f0:	00200000 00210000 00200000 00000000     .. ...!... .....
20017300:	c0e9c8e9 c8e9c0e9 c0e9c0e9 c8e9c0e9     ................
20017310:	c0e9c0e9 c8e9c0e9 c0e9c0e9 c8e9c0e9     ................
20017320:	c0e9c0e9 c8e9c0e9 c0e9c0e9 c8e9c0e9     ................
20017330:	c0e9c0e9 c8e9c0e9 c0e9c0e9 c8e9c0e9     ................
20017340:	c0e9c0e9 c8e9c0e9 c0e9c0e9 c8e9c0e9     ................
20017350:	c0e9c0e9 c8e9c0e9 c0e9c0e9 c8e9c0e9     ................
20017360:	c0e9c0e9 c8e9c0e9 c0e9c0e9 c8eac0e9     ................
20017370:	00007886 00210000 00200000 00210000     .x....!... ...!.
20017380:	00000000 c8eaa0a7 c0e9c0e9 c8e9c0e9     ................
20017390:	c0e9c0e9 c8e9c0e9 c0e9c0e9 c8e9c0e9     ................
200173a0:	c0e9c0e9 c8e9c0e9 c0e9c0e9 c8e9c0e9     ................
200173b0:	c0e9c0e9 c8e9c0e9 c0e9c0e9 c8e9c0e9     ................
200173c0:	c0e9c0e9 c8e9c0e9 5884c0e9 00210000     ...........X..!.
200173d0:	00200000 00210000 00200000 00000000     .. ...!... .....
200173e0:	ffffffff ffffffff ffffffff ffffffff     ................
200173f0:	ffffffff ffffffff ffffffff ffffffff     ................
20017400:	ffffffff ffffffff ffffffff ffffffff     ................
20017410:	ffffffff ffffffff ffffffff ffffffff     ................
20017420:	ffffffff ffffffff ffffffff ffffffff     ................
20017430:	ffffffff ffffffff ffffffff ffffffff     ................
20017440:	ffffffff ffffffff ffffffff ffffffff     ................
20017450:	ffffffff ffffffff ffffffff ffffffff     ................
20017460:	ffffffff ffffffff ffffffff ffffffff     ................
20017470:	ffffffff ffffffff ffffffff ffffffff     ................
20017480:	ffffffff ffffffff ffffffff e6fcffff     ................
20017490:	00000000 00000821 00000821 00000821     ....!...!...!...
200174a0:	00200821 c0e9d10a c0e9c8ea c0e9c8ea     !. .............
200174b0:	c0e9c8ea c0e9c8ea c0e9c8ea c0e9c8ea     ................
200174c0:	c0e9c8ea c0e9c8ea c0e9c8ea c0e9c8ea     ................
200174d0:	c0e9c8ea c0e9c8ea c0e9c8ea c0e9c8ea     ................
200174e0:	c0e9c8ea a0c8d10a 00000000 00000821     ............!...
200174f0:	00000821 00000821 00000821 00000821     !...!...!...!...
20017500:	c0e9d90a c0e9c8ea c0e9c8ea c0e9c8ea     ................
20017510:	c0e9c8ea c0e9c8ea c0e9c8ea c0e9c8ea     ................
20017520:	c0e9c8ea c0e9c8ea c0e9c8ea c0e9c8ea     ................
20017530:	c0e9c8ea c0e9c8ea c0e9c8ea c0e9c8ea     ................
20017540:	c0e9c8ea c0e9c8ea c0e9c8ea c0e9c8ea     ................
20017550:	c0e9c8ea c0e9c8ea c0e9c8ea c0e9c8ea     ................
20017560:	c0e9c8ea c0e9c8ea c0e9c8ea c8e9c8ea     ................
20017570:	00005064 00000821 00000821 00000821     dP..!...!...!...
20017580:	20420821 c0e9d90a c0e9c8ea c0e9c8ea     !.B ............
20017590:	c0e9c8ea c0e9c8ea c0e9c8ea c0e9c8ea     ................
200175a0:	c0e9c8ea c0e9c8ea c0e9c8ea c0e9c8ea     ................
200175b0:	c0e9c8ea c0e9c8ea c0e9c8ea c0e9c8ea     ................
200175c0:	c0e9c8ea c0e9c8ea 80a6c8ea 00000000     ................
200175d0:	00000821 00000821 00000821 ad750021     !...!...!...!.u.
200175e0:	ffffffff ffffffff ffffffff ffffffff     ................
200175f0:	ffffffff ffffffff ffffffff ffffffff     ................
20017600:	ffffffff ffffffff ffffffff ffffffff     ................
20017610:	ffffffff ffffffff ffffffff ffffffff     ................
20017620:	ffffffff ffffffff ffffffff ffffffff     ................
20017630:	ffffffff ffffffff ffffffff ffffffff     ................
20017640:	ffffffff ffffffff ffffffff ffffffff     ................
20017650:	ffffffff ffffffff ffffffff ffffffff     ................
20017660:	ffffffff ffffffff ffffffff ffffffff     ................
20017670:	ffffffff ffffffff ffffffff ffffffff     ................
20017680:	ffffffff ffffffff ffffffff ffffffff     ................
20017690:	00210000 00200000 00210000 00200000     ..!... ...!... .
200176a0:	00210000 c0e9c8e9 c8e9c0e9 c0e9c0e9     ..!.............
200176b0:	c8e9c0e9 c0e9c0e9 c8e9c0e9 c0e9c0e9     ................
200176c0:	c8e9c0e9 c0e9c0e9 c8e9c0e9 c0e9c0e9     ................
200176d0:	c8e9c0e9 c0e9c0e9 c8e9c0e9 c0e9c0e9     ................
200176e0:	c8e9c0e9 d10ac0e9 08007885 00200000     .........x.... .
200176f0:	00210000 00200000 00210000 00000000     ..!... ...!.....
20017700:	c8e9c0e9 c0e9c0e9 c8e9c0e9 c0e9c0e9     ................
20017710:	c8e9c0e9 c0e9c0e9 c8e9c0e9 c0e9c0e9     ................
20017720:	c8e9c0e9 c0e9c0e9 c8e9c0e9 c0e9c0e9     ................
20017730:	c8e9c0e9 c0e9c0e9 c8e9c0e9 c0e9c0e9     ................
20017740:	c8e9c0e9 c0e9c0e9 c8e9c0e9 c0e9c0e9     ................
20017750:	c8e9c0e9 c0e9c0e9 c8e9c0e9 c0e9c0e9     ................
20017760:	c8e9c0e9 c0e9c0e9 c8e9c0e9 c8eac0e9     ................
20017770:	00211822 00200000 00210000 00200000     ".!... ...!... .
20017780:	d0ea0000 c0e9c0e9 c8e9c0e9 c0e9c0e9     ................
20017790:	c8e9c0e9 c0e9c0e9 c8e9c0e9 c0e9c0e9     ................
200177a0:	c8e9c0e9 c0e9c0e9 c8e9c0e9 c0e9c0e9     ................
200177b0:	c8e9c0e9 c0e9c0e9 c8e9c0e9 c0e9c0e9     ................
200177c0:	c8e9c0e9 c0e9c0e9 5885c0e9 00200000     ...........X.. .
200177d0:	00210000 00200000 00210000 dedb0000     ..!... ...!.....
200177e0:	ffffffff ffffffff ffffffff ffffffff     ................
200177f0:	ffffffff ffffffff ffffffff ffffffff     ................
20017800:	ffffffff ffffffff ffffffff ffffffff     ................
20017810:	ffffffff ffffffff ffffffff ffffffff     ................
20017820:	ffffffff ffffffff ffffffff ffffffff     ................
20017830:	ffffffff ffffffff ffffffff ffffffff     ................
20017840:	ffffffff ffffffff ffffffff ffffffff     ................
20017850:	ffffffff ffffffff ffffffff ffffffff     ................
20017860:	ffffffff ffffffff ffffffff ffffffff     ................
20017870:	ffffffff ffffffff ffffffff ffffffff     ................
20017880:	ffffffff ffffffff ffffffff ffffffff     ................
20017890:	0000c618 00000821 00000821 00000821     ....!...!...!...
200178a0:	00000821 c0e9d10a c0e9c8ea c0e9c8ea     !...............
200178b0:	c0e9c8ea c0e9c8ea c0e9c8ea c0e9c8ea     ................
200178c0:	c0e9c8ea c0e9c8ea c0e9c8ea c0e9c8ea     ................
200178d0:	c0e9c8ea c0e9c8ea c0e9c8ea c0e9c8ea     ................
200178e0:	c0e9c8ea c0e9c8ea 0000c90a 00000821     ............!...
200178f0:	00000821 00000821 00000821 00000821     !...!...!...!...
20017900:	c8e9a8c8 c0e9c8ea c0e9c8ea c0e9c8ea     ................
20017910:	c0e9c8ea c0e9c8ea c0e9c8ea c0e9c8ea     ................
20017920:	c0e9c8ea c0e9c8ea c0e9c8ea c0e9c8ea     ................
20017930:	c0e9c8ea c0e9c8ea c0e9c8ea c0e9c8ea     ................
20017940:	c0e9c8ea c0e9c8ea c0e9c8ea c0e9c8ea     ................
20017950:	c0e9c8ea c0e9c8ea c0e9c8ea c0e9c8ea     ................
20017960:	c0e9c8ea c0e9c8ea c0e9c8ea d0eac8ea     ................
20017970:	00000041 00000821 00000821 00000821     A...!...!...!...
20017980:	c8ea80a6 c0e9c8ea c0e9c8ea c0e9c8ea     ................
20017990:	c0e9c8ea c0e9c8ea c0e9c8ea c0e9c8ea     ................
200179a0:	c0e9c8ea c0e9c8ea c0e9c8ea c0e9c8ea     ................
200179b0:	c0e9c8ea c0e9c8ea c0e9c8ea c0e9c8ea     ................
200179c0:	c0e9c8ea c0e9c8ea 5864c8ea 00000821     ..........dX!...
200179d0:	00000821 00000821 00000821 ffff0000     !...!...!.......
200179e0:	ffffffff ffffffff ffffffff ffffffff     ................
200179f0:	ffffffff ffffffff ffffffff ffffffff     ................
20017a00:	ffffffff ffffffff ffffffff ffffffff     ................
20017a10:	ffffffff ffffffff ffffffff ffffffff     ................
20017a20:	ffffffff ffffffff ffffffff ffffffff     ................
20017a30:	ffffffff ffffffff ffffffff ffffffff     ................
20017a40:	ffffffff ffffffff ffffffff ffffffff     ................
20017a50:	ffffffff ffffffff ffffffff ffffffff     ................
20017a60:	ffffffff ffffffff ffffffff ffffffff     ................
20017a70:	ffffffff ffffffff ffffffff ffffffff     ................
20017a80:	ffffffff ffffffff ffffffff ffffffff     ................
20017a90:	0000ef5d 00210000 00200000 00210000     ].....!... ...!.
20017aa0:	00000000 c8e9d8ea c0e9c0e9 c8e9c0e9     ................
20017ab0:	c0e9c0e9 c8e9c0e9 c0e9c0e9 c8e9c0e9     ................
20017ac0:	c0e9c0e9 c8e9c0e9 c0e9c0e9 c8e9c0e9     ................
20017ad0:	c0e9c0e9 c8e9c0e9 c0e9c0e9 c8e9c0e9     ................
20017ae0:	c0e9c0e9 c8e9c0e9 c0e9c0e9 00210000     ..............!.
20017af0:	00200000 00210000 00200000 00210000     .. ...!... ...!.
20017b00:	c8ea5864 c8e9c0e9 c0e9c0e9 c8e9c0e9     dX..............
20017b10:	c0e9c0e9 c8e9c0e9 c0e9c0e9 c8e9c0e9     ................
20017b20:	c0e9c0e9 c8e9c0e9 c0e9c0e9 c8e9c0e9     ................
20017b30:	c0e9c0e9 c8e9c0e9 c0e9c0e9 c8e9c0e9     ................
20017b40:	c0e9c0e9 c8e9c0e9 c0e9c0e9 c8e9c0e9     ................
20017b50:	c0e9c0e9 c8e9c0e9 c0e9c0e9 c8e9c0e9     ................
20017b60:	c0e9c0e9 c8e9c0e9 c0e9c0e9 c8eac0e9     ................
20017b70:	00200000 00210000 00200000 00200000     .. ...!... ... .
20017b80:	c0e9d0e9 c8e9c0e9 c0e9c0e9 c8e9c0e9     ................
20017b90:	c0e9c0e9 c8e9c0e9 c0e9c0e9 c8e9c0e9     ................
20017ba0:	c0e9c0e9 c8e9c0e9 c0e9c0e9 c8e9c0e9     ................
20017bb0:	c0e9c0e9 c8e9c0e9 c0e9c0e9 c8e9c0e9     ................
20017bc0:	c0e9c0e9 c8e9c0e9 3863c0e9 00210000     ..........c8..!.
20017bd0:	00200000 00210000 00000000 ffffce59     .. ...!.....Y...
20017be0:	ffffffff ffffffff ffffffff ffffffff     ................
20017bf0:	ffffffff ffffffff ffffffff ffffffff     ................
20017c00:	ffffffff ffffffff ffffffff ffffffff     ................
20017c10:	ffffffff ffffffff ffffffff ffffffff     ................
20017c20:	ffffffff ffffffff ffffffff ffffffff     ................
20017c30:	ffffffff ffffffff ffffffff ffffffff     ................
20017c40:	ffffffff ffffffff ffffffff ffffffff     ................
20017c50:	ffffffff ffffffff ffffffff ffffffff     ................
20017c60:	ffffffff ffffffff ffffffff ffffffff     ................
20017c70:	ffffffff ffffffff ffffffff ffffffff     ................
20017c80:	ffffffff ffffffff ffffffff ffffffff     ................
20017c90:	31a6ffff 00000821 00000821 00000821     ...1!...!...!...
20017ca0:	00000821 c0e9b8e9 c0e9c8ea c0e9c8ea     !...............
20017cb0:	c0e9c8ea c0e9c8ea c0e9c8ea c0e9c8ea     ................
20017cc0:	c0e9c8ea c0e9c8ea c0e9c8ea c0e9c8ea     ................
20017cd0:	c0e9c8ea c0e9c8ea c0e9c8ea c0e9c8ea     ................
20017ce0:	c0e9c8ea c0e9c8ea d0eac8ea 00005064     ............dP..
20017cf0:	00000821 00000821 00000821 00000821     !...!...!...!...
20017d00:	c8e90040 c0e9c8ea c0e9c8ea c0e9c8ea     @...............
20017d10:	c0e9c8ea c0e9c8ea c0e9c8ea c0e9c8ea     ................
20017d20:	c0e9c8ea c0e9c8ea c0e9c8ea c0e9c8ea     ................
20017d30:	c0e9c8ea c0e9c8ea c0e9c8ea c0e9c8ea     ................
20017d40:	c0e9c8ea c0e9c8ea c0e9c8ea c0e9c8ea     ................
20017d50:	c0e9c8ea c0e9c8ea c0e9c8ea c0e9c8ea     ................
20017d60:	c0e9c8ea c0e9c8ea c0e9c8ea b8e9c8ea     ................
20017d70:	00000000 00000821 00000821 a8c80821     ....!...!...!...
20017d80:	c0e9c8ea c0e9c8ea c0e9c8ea c0e9c8ea     ................
20017d90:	c0e9c8ea c0e9c8ea c0e9c8ea c0e9c8ea     ................
20017da0:	c0e9c8ea c0e9c8ea c0e9c8ea c0e9c8ea     ................
20017db0:	c0e9c8ea c0e9c8ea c0e9c8ea c0e9c8ea     ................
20017dc0:	c0e9c8ea c0e9c8ea 2842c90a 00000821     ..........B(!...
20017dd0:	00000821 00000821 00000821 fffff77e     !...!...!...~...
20017de0:	ffffffff ffffffff ffffffff ffffffff     ................
20017df0:	ffffffff ffffffff ffffffff ffffffff     ................
20017e00:	ffffffff ffffffff ffffffff ffffffff     ................
20017e10:	ffffffff ffffffff ffffffff ffffffff     ................
20017e20:	ffffffff ffffffff ffffffff ffffffff     ................
20017e30:	ffffffff ffffffff ffffffff ffffffff     ................
20017e40:	ffffffff ffffffff ffffffff ffffffff     ................
20017e50:	ffffffff ffffffff ffffffff ffffffff     ................
20017e60:	ffffffff ffffffff ffffffff ffffffff     ................
20017e70:	ffffffff ffffffff ffffffff ffffffff     ................
20017e80:	ffffffff ffffffff ffffffff ffffffff     ................
20017e90:	bdd7ffff 00200000 00210000 00200000     ...... ...!... .
20017ea0:	00210000 c8e98086 c8e9c0e9 c0e9c0e9     ..!.............
20017eb0:	c8e9c0e9 c0e9c0e9 c8e9c0e9 c0e9c0e9     ................
20017ec0:	c8e9c0e9 c0e9c0e9 c8e9c0e9 c0e9c0e9     ................
20017ed0:	c8e9c0e9 c0e9c0e9 c8e9c0e9 c0e9c0e9     ................
20017ee0:	c8e9c0e9 c0e9c0e9 c8e9c0e9 0000c8e9     ................
20017ef0:	00210000 00200000 00210000 00200000     ..!... ...!... .
20017f00:	d0ea0000 c0e9c0e9 c8e9c0e9 c0e9c0e9     ................
20017f10:	c8e9c0e9 c0e9c0e9 c8e9c0e9 c0e9c0e9     ................
20017f20:	c8e9c0e9 c0e9c0e9 c8e9c0e9 c0e9c0e9     ................
20017f30:	c8e9c0e9 c0e9c0e9 c8e9c0e9 c0e9c0e9     ................
20017f40:	c8e9c0e9 c0e9c0e9 c8e9c0e9 c0e9c0e9     ................
20017f50:	c8e9c0e9 c0e9c0e9 c8e9c0e9 c0e9c0e9     ................
20017f60:	c8e9c0e9 c0e9c0e9 c8e9c0e9 6065c8e9     ..............e`
20017f70:	00210000 00200000 00210000 d10a0000     ..!... ...!.....
20017f80:	c8e9c0e9 c0e9c0e9 c8e9c0e9 c0e9c0e9     ................
20017f90:	c8e9c0e9 c0e9c0e9 c8e9c0e9 c0e9c0e9     ................
20017fa0:	c8e9c0e9 c0e9c0e9 c8e9c0e9 c0e9c0e9     ................
20017fb0:	c8e9c0e9 c0e9c0e9 c8e9c0e9 c0e9c0e9     ................
20017fc0:	c8e9c0e9 c0e9c0e9 0000d0ea 00200000     .............. .
20017fd0:	00210000 00200000 00000000 ffffffff     ..!... .........
20017fe0:	ffffffff ffffffff ffffffff ffffffff     ................
20017ff0:	ffffffff ffffffff ffffffff ffffffff     ................
20018000:	ffffffff ffffffff ffffffff ffffffff     ................
20018010:	ffffffff ffffffff ffffffff ffffffff     ................
20018020:	ffffffff ffffffff ffffffff ffffffff     ................
20018030:	ffffffff ffffffff ffffffff ffffffff     ................
20018040:	ffffffff ffffffff ffffffff ffffffff     ................
20018050:	ffffffff ffffffff ffffffff ffffffff     ................
20018060:	ffffffff ffffffff ffffffff ffffffff     ................
20018070:	ffffffff ffffffff ffffffff ffffffff     ................
20018080:	ffffffff ffffffff ffffffff ffffffff     ................
20018090:	e71cffff 00000000 00000821 00000821     ........!...!...
200180a0:	00000821 c8e93863 c0e9c8ea c0e9c8ea     !...c8..........
200180b0:	c0e9c8ea c0e9c8ea c0e9c8ea c0e9c8ea     ................
200180c0:	c0e9c8ea c0e9c8ea c0e9c8ea c0e9c8ea     ................
200180d0:	c0e9c8ea c0e9c8ea c0e9c8ea c0e9c8ea     ................
200180e0:	c0e9c8ea c0e9c8ea c0e9c8ea 4863d10a     ..............cH
200180f0:	00000821 00000821 00000821 00000821     !...!...!...!...
20018100:	90a70821 c0e9c90a c0e9c8ea c0e9c8ea     !...............
20018110:	c0e9c8ea c0e9c8ea c0e9c8ea c0e9c8ea     ................
20018120:	c0e9c8ea c0e9c8ea c0e9c8ea c0e9c8ea     ................
20018130:	c0e9c8ea c0e9c8ea c0e9c8ea c0e9c8ea     ................
20018140:	c0e9c8ea c0e9c8ea c0e9c8ea c0e9c8ea     ................
20018150:	c0e9c8ea c0e9c8ea c0e9c8ea c0e9c8ea     ................
20018160:	c0e9c8ea c0e9c8ea c0e9c8ea 0000d10a     ................
20018170:	00000821 00000821 00000821 c0e9a8c8     !...!...!.......
20018180:	c0e9c8ea c0e9c8ea c0e9c8ea c0e9c8ea     ................
20018190:	c0e9c8ea c0e9c8ea c0e9c8ea c0e9c8ea     ................
200181a0:	c0e9c8ea c0e9c8ea c0e9c8ea c0e9c8ea     ................
200181b0:	c0e9c8ea c0e9c8ea c0e9c8ea c0e9c8ea     ................
200181c0:	c0e9c8ea c0e9c8ea 0000d90a 00000821     ............!...
200181d0:	00000821 00000821 7bcf0821 ffffffff     !...!...!..{....
200181e0:	ffffffff ffffffff ffffffff ffffffff     ................
200181f0:	ffffffff ffffffff ffffffff ffffffff     ................
20018200:	ffffffff ffffffff ffffffff ffffffff     ................
20018210:	ffffffff ffffffff ffffffff ffffffff     ................
20018220:	ffffffff ffffffff ffffffff ffffffff     ................
20018230:	ffffffff ffffffff ffffffff ffffffff     ................
20018240:	ffffffff ffffffff ffffffff ffffffff     ................
20018250:	ffffffff ffffffff ffffffff ffffffff     ................
20018260:	ffffffff ffffffff ffffffff ffffffff     ................
20018270:	ffffffff ffffffff ffffffff ffffffff     ................
20018280:	ffffffff ffffffff ffffffff ffffffff     ................
20018290:	ef7dffff 00210000 00200000 00210000     ..}...!... ...!.
200182a0:	00200000 d10a0020 c0e9c0e9 c8e9c0e9     .. . ...........
200182b0:	c0e9c0e9 c8e9c0e9 c0e9c0e9 c8e9c0e9     ................
200182c0:	c0e9c0e9 c8e9c0e9 c0e9c0e9 c8e9c0e9     ................
200182d0:	c0e9c0e9 c8e9c0e9 c0e9c0e9 c8e9c0e9     ................
200182e0:	c0e9c0e9 c8e9c0e9 c0e9c0e9 d10ac0e9     ................
200182f0:	00200000 00210000 00200000 00210000     .. ...!... ...!.
20018300:	00000000 c8e9c8e9 c0e9c0e9 c8e9c0e9     ................
20018310:	c0e9c0e9 c8e9c0e9 c0e9c0e9 c8e9c0e9     ................
20018320:	c0e9c0e9 c8e9c0e9 c0e9c0e9 c8e9c0e9     ................
20018330:	c0e9c0e9 c8e9c0e9 c0e9c0e9 c8e9c0e9     ................
20018340:	c0e9c0e9 c8e9c0e9 c0e9c0e9 c8e9c0e9     ................
20018350:	c0e9c0e9 c8e9c0e9 c0e9c0e9 c8e9c0e9     ................
20018360:	c0e9c0e9 c8e9c0e9 c8e9c0e9 0000a8c8     ................
20018370:	00200000 00210000 00000000 c8e9d8ea     .. ...!.........
20018380:	c0e9c0e9 c8e9c0e9 c0e9c0e9 c8e9c0e9     ................
20018390:	c0e9c0e9 c8e9c0e9 c0e9c0e9 c8e9c0e9     ................
200183a0:	c0e9c0e9 c8e9c0e9 c0e9c0e9 c8e9c0e9     ................
200183b0:	c0e9c0e9 c8e9c0e9 c0e9c0e9 c8e9c0e9     ................
200183c0:	c0e9c0e9 c8e9c0e9 0000c0e9 00210000     ..............!.
200183d0:	00200000 00210000 ce590000 ffffffff     .. ...!...Y.....
200183e0:	ffffffff ffffffff ffffffff ffffffff     ................
200183f0:	ffffffff ffffffff ffffffff ffffffff     ................
20018400:	ffffffff ffffffff ffffffff ffffffff     ................
20018410:	ffffffff ffffffff ffffffff ffffffff     ................
20018420:	ffffffff ffffffff ffffffff ffffffff     ................
20018430:	ffffffff ffffffff ffffffff ffffffff     ................
20018440:	ffffffff ffffffff ffffffff ffffffff     ................
20018450:	ffffffff ffffffff ffffffff ffffffff     ................
20018460:	ffffffff ffffffff ffffffff ffffffff     ................
20018470:	ffffffff ffffffff ffffffff ffffffff     ................
20018480:	ffffffff ffffffff ffffffff ffffffff     ................
20018490:	ffdfffff 00000000 00000821 00000821     ........!...!...
200184a0:	00000821 d0ea0000 c0e9c8ea c0e9c8ea     !...............
200184b0:	c0e9c8ea c0e9c8ea c0e9c8ea c0e9c8ea     ................
200184c0:	c0e9c8ea c0e9c8ea c0e9c8ea c0e9c8ea     ................
200184d0:	c0e9c8ea c0e9c8ea c0e9c8ea c0e9c8ea     ................
200184e0:	c0e9c8ea c0e9c8ea c0e9c8ea c8e9c8ea     ................
200184f0:	00004864 00000821 00000821 00000821     dH..!...!...!...
20018500:	00000821 c8e9b0e9 c0e9c8ea c0e9c8ea     !...............
20018510:	c0e9c8ea c0e9c8ea c0e9c8ea c0e9c8ea     ................
20018520:	c0e9c8ea c0e9c8ea c0e9c8ea c0e9c8ea     ................
20018530:	c0e9c8ea c0e9c8ea c0e9c8ea c0e9c8ea     ................
20018540:	c0e9c8ea c0e9c8ea c0e9c8ea c0e9c8ea     ................
20018550:	c0e9c8ea c0e9c8ea c0e9c8ea c0e9c8ea     ................
20018560:	c0e9c8ea c0e9c8ea d0eac8ea 00000842     ............B...
20018570:	00000821 00000821 68850021 c0e9c90a     !...!...!..h....
20018580:	c0e9c8ea c0e9c8ea c0e9c8ea c0e9c8ea     ................
20018590:	c0e9c8ea c0e9c8ea c0e9c8ea c0e9c8ea     ................
200185a0:	c0e9c8ea c0e9c8ea c0e9c8ea c0e9c8ea     ................
200185b0:	c0e9c8ea c0e9c8ea c0e9c8ea c0e9c8ea     ................
200185c0:	c0e9c8ea c8e9c8ea 000098c7 00000821     ............!...
200185d0:	00000821 00000821 e71c0000 ffffffff     !...!...........
200185e0:	ffffffff ffffffff ffffffff ffffffff     ................
200185f0:	ffffffff ffffffff ffffffff ffffffff     ................
20018600:	ffffffff ffffffff ffffffff ffffffff     ................
20018610:	ffffffff ffffffff ffffffff ffffffff     ................
20018620:	ffffffff ffffffff ffffffff ffffffff     ................
20018630:	ffffffff ffffffff ffffffff ffffffff     ................
20018640:	ffffffff ffffffff ffffffff ffffffff     ................
20018650:	ffffffff ffffffff ffffffff ffffffff     ................
20018660:	ffffffff ffffffff ffffffff ffffffff     ................
20018670:	ffffffff ffffffff ffffffff ffffffff     ................
20018680:	ffffffff ffffffff ffffffff ffffffff     ................
20018690:	ffffffff 00205acb 00210000 00200000     .....Z ...!... .
200186a0:	00210000 70850000 c8e9c8e9 c0e9c0e9     ..!....p........
200186b0:	c8e9c0e9 c0e9c0e9 c8e9c0e9 c0e9c0e9     ................
200186c0:	c8e9c0e9 c0e9c0e9 c8e9c0e9 c0e9c0e9     ................
200186d0:	c8e9c0e9 c0e9c0e9 c8e9c0e9 c0e9c0e9     ................
200186e0:	c8e9c0e9 c0e9c0e9 c8e9c0e9 c8e9c0e9     ................
200186f0:	0000c8e9 00200000 00210000 00200000     ...... ...!... .
20018700:	00210000 c90a1021 c8e9c0e9 c0e9c0e9     ..!.!...........
20018710:	c8e9c0e9 c0e9c0e9 c8e9c0e9 c0e9c0e9     ................
20018720:	c8e9c0e9 c0e9c0e9 c8e9c0e9 c0e9c0e9     ................
20018730:	c8e9c0e9 c0e9c0e9 c8e9c0e9 c0e9c0e9     ................
20018740:	c8e9c0e9 c0e9c0e9 c8e9c0e9 c0e9c0e9     ................
20018750:	c8e9c0e9 c0e9c0e9 c8e9c0e9 c0e9c0e9     ................
20018760:	c8e9c0e9 c0e9c0e9 b8e9c0e9 00200000     .............. .
20018770:	00210000 00200000 d10a0000 c0e9c0e9     ..!... .........
20018780:	c8e9c0e9 c0e9c0e9 c8e9c0e9 c0e9c0e9     ................
20018790:	c8e9c0e9 c0e9c0e9 c8e9c0e9 c0e9c0e9     ................
200187a0:	c8e9c0e9 c0e9c0e9 c8e9c0e9 c0e9c0e9     ................
200187b0:	c8e9c0e9 c0e9c0e9 c8e9c0e9 c0e9c0e9     ................
200187c0:	c8e9c0e9 c8eac0e9 00213843 00200000     ........C8!... .
200187d0:	00210000 00200000 ffbf0000 ffffffff     ..!... .........
200187e0:	ffffffff ffffffff ffffffff ffffffff     ................
200187f0:	ffffffff ffffffff ffffffff ffffffff     ................
20018800:	ffffffff ffffffff ffffffff ffffffff     ................
20018810:	ffffffff ffffffff ffffffff ffffffff     ................
20018820:	ffffffff ffffffff ffffffff ffffffff     ................
20018830:	ffffffff ffffffff ffffffff ffffffff     ................
20018840:	ffffffff ffffffff ffffffff ffffffff     ................
20018850:	ffffffff ffffffff ffffffff ffffffff     ................
20018860:	ffffffff ffffffff ffffffff ffffffff     ................
20018870:	ffffffff ffffffff ffffffff ffffffff     ................
20018880:	ffffffff ffffffff ffffffff ffffffff     ................
20018890:	ffffffff 0000c618 00000821 00000821     ........!...!...
200188a0:	00000821 00210821 c0e9d10a c0e9c8ea     !...!.!.........
200188b0:	c0e9c8ea c0e9c8ea c0e9c8ea c0e9c8ea     ................
200188c0:	c0e9c8ea c0e9c8ea c0e9c8ea c0e9c8ea     ................
200188d0:	c0e9c8ea c0e9c8ea c0e9c8ea c0e9c8ea     ................
200188e0:	c0e9c8ea c0e9c8ea c0e9c8ea c0e9c8ea     ................
200188f0:	0020d10a 00000821 00000821 00000821     .. .!...!...!...
20018900:	00000821 a8c80820 c0e9c90a c0e9c8ea     !... ...........
20018910:	c0e9c8ea c0e9c8ea c0e9c8ea c0e9c8ea     ................
20018920:	c0e9c8ea c0e9c8ea c0e9c8ea c0e9c8ea     ................
20018930:	c0e9c8ea c0e9c8ea c0e9c8ea c0e9c8ea     ................
20018940:	c0e9c8ea c0e9c8ea c0e9c8ea c0e9c8ea     ................
20018950:	c0e9c8ea c0e9c8ea c0e9c8ea c0e9c8ea     ................
20018960:	c0e9c8ea c0e9c8ea 0000d90a 00000821     ............!...
20018970:	00000821 00000821 c8ea3863 c0e9c8ea     !...!...c8......
20018980:	c0e9c8ea c0e9c8ea c0e9c8ea c0e9c8ea     ................
20018990:	c0e9c8ea c0e9c8ea c0e9c8ea c0e9c8ea     ................
200189a0:	c0e9c8ea c0e9c8ea c0e9c8ea c0e9c8ea     ................
200189b0:	c0e9c8ea c0e9c8ea c0e9c8ea c0e9c8ea     ................
200189c0:	c0e9c8ea d90ac8ea 00000000 00000821     ............!...
200189d0:	00000821 00000821 ffff18a3 ffffffff     !...!...........
200189e0:	ffffffff ffffffff ffffffff ffffffff     ................
200189f0:	ffffffff ffffffff ffffffff ffffffff     ................
20018a00:	ffffffff ffffffff ffffffff ffffffff     ................
20018a10:	ffffffff ffffffff ffffffff ffffffff     ................
20018a20:	ffffffff ffffffff ffffffff ffffffff     ................
20018a30:	ffffffff ffffffff ffffffff ffffffff     ................
20018a40:	ffffffff ffffffff ffffffff ffffffff     ................
20018a50:	ffffffff ffffffff ffffffff ffffffff     ................
20018a60:	ffffffff ffffffff ffffffff ffffffff     ................
20018a70:	ffffffff ffffffff ffffffff ffffffff     ................
20018a80:	ffffffff ffffffff ffffffff ffffffff     ................
20018a90:	ffffffff 0000ef5d 00200000 00210000     ....]..... ...!.
20018aa0:	00200000 00000000 c0e9c8e9 c8e9c0e9     .. .............
20018ab0:	c0e9c0e9 c8e9c0e9 c0e9c0e9 c8e9c0e9     ................
20018ac0:	c0e9c0e9 c8e9c0e9 c0e9c0e9 c8e9c0e9     ................
20018ad0:	c0e9c0e9 c8e9c0e9 c0e9c0e9 c8e9c0e9     ................
20018ae0:	c0e9c0e9 c8e9c0e9 c0e9c0e9 c8e9c0e9     ................
20018af0:	98a7c0e9 00210000 00200000 00210000     ......!... ...!.
20018b00:	00200000 00200000 c0e9c8e9 c8e9c0e9     .. ... .........
20018b10:	c0e9c0e9 c8e9c0e9 c0e9c0e9 c8e9c0e9     ................
20018b20:	c0e9c0e9 c8e9c0e9 c0e9c0e9 c8e9c0e9     ................
20018b30:	c0e9c0e9 c8e9c0e9 c0e9c0e9 c8e9c0e9     ................
20018b40:	c0e9c0e9 c8e9c0e9 c0e9c0e9 c8e9c0e9     ................
20018b50:	c0e9c0e9 c8e9c0e9 c0e9c0e9 c8e9c0e9     ................
20018b60:	c0e9c0e9 d0eac0e9 080088a6 00210000     ..............!.
20018b70:	00200000 00210000 c8e97085 c8e9c0e9     .. ...!..p......
20018b80:	c0e9c0e9 c8e9c0e9 c0e9c0e9 c8e9c0e9     ................
20018b90:	c0e9c0e9 c8e9c0e9 c0e9c0e9 c8e9c0e9     ................
20018ba0:	c0e9c0e9 c8e9c0e9 c0e9c0e9 c8e9c0e9     ................
20018bb0:	c0e9c0e9 c8e9c0e9 c0e9c0e9 c8e9c0e9     ................
20018bc0:	c0e9c0e9 b8e9c0e9 00200000 00210000     .......... ...!.
20018bd0:	00200000 00000000 ffffc638 ffffffff     .. .....8.......
20018be0:	ffffffff ffffffff ffffffff ffffffff     ................
20018bf0:	ffffffff ffffffff ffffffff ffffffff     ................
20018c00:	ffffffff ffffffff ffffffff ffffffff     ................
20018c10:	ffffffff ffffffff ffffffff ffffffff     ................
20018c20:	ffffffff ffffffff ffffffff ffffffff     ................
20018c30:	ffffffff ffffffff ffffffff ffffffff     ................
20018c40:	ffffffff ffffffff ffffffff ffffffff     ................
20018c50:	ffffffff ffffffff ffffffff ffffffff     ................
20018c60:	ffffffff ffffffff ffffffff ffffffff     ................
20018c70:	ffffffff ffffffff ffffffff ffffffff     ................
20018c80:	ffffffff ffffffff ffffffff ffffffff     ................
20018c90:	ffffffff 0000ffff 00000821 00000821     ........!...!...
20018ca0:	00000821 00000821 c8e97085 c0e9c8ea     !...!....p......
20018cb0:	c0e9c8ea c0e9c8ea c0e9c8ea c0e9c8ea     ................
20018cc0:	c0e9c8ea c0e9c8ea c0e9c8ea c0e9c8ea     ................
20018cd0:	c0e9c8ea c0e9c8ea c0e9c8ea c0e9c8ea     ................
20018ce0:	c0e9c8ea c0e9c8ea c0e9c8ea c0e9c8ea     ................
20018cf0:	d0eac8ea 00000000 00000821 00000821     ........!...!...
20018d00:	00000821 00000821 d0ea5064 c0e9c8ea     !...!...dP......
20018d10:	c0e9c8ea c0e9c8ea c0e9c8ea c0e9c8ea     ................
20018d20:	c0e9c8ea c0e9c8ea c0e9c8ea c0e9c8ea     ................
20018d30:	c0e9c8ea c0e9c8ea c0e9c8ea c0e9c8ea     ................
20018d40:	c0e9c8ea c0e9c8ea c0e9c8ea c0e9c8ea     ................
20018d50:	c0e9c8ea c0e9c8ea c0e9c8ea c0e9c8ea     ................
20018d60:	c0e9c8ea c0e9c8ea 00000000 00000821     ............!...
20018d70:	00000821 00000821 c0e9d90b c0e9c8ea     !...!...........
20018d80:	c0e9c8ea c0e9c8ea c0e9c8ea c0e9c8ea     ................
20018d90:	c0e9c8ea c0e9c8ea c0e9c8ea c0e9c8ea     ................
20018da0:	c0e9c8ea c0e9c8ea c0e9c8ea c0e9c8ea     ................
20018db0:	c0e9c8ea c0e9c8ea c0e9c8ea c0e9c8ea     ................
20018dc0:	c0e9c8ea 3843d10a 00000821 00000821     ......C8!...!...
20018dd0:	00000821 00000821 ffffef5d ffffffff     !...!...].......
20018de0:	ffffffff ffffffff ffffffff ffffffff     ................
20018df0:	ffffffff ffffffff ffffffff ffffffff     ................
20018e00:	ffffffff ffffffff ffffffff ffffffff     ................
20018e10:	ffffffff ffffffff ffffffff ffffffff     ................
20018e20:	ffffffff ffffffff ffffffff ffffffff     ................
20018e30:	ffffffff ffffffff ffffffff ffffffff     ................
20018e40:	ffffffff ffffffff ffffffff ffffffff     ................
20018e50:	ffffffff ffffffff ffffffff ffffffff     ................
20018e60:	ffffffff ffffffff ffffffff ffffffff     ................
20018e70:	ffffffff ffffffff ffffffff ffffffff     ................
20018e80:	ffffffff ffffffff ffffffff ffffffff     ................
20018e90:	ffffffff ad35ffff 00210000 00200000     ......5...!... .
20018ea0:	00210000 00200000 d10a0000 c0e9c0e9     ..!... .........
20018eb0:	c8e9c0e9 c0e9c0e9 c8e9c0e9 c0e9c0e9     ................
20018ec0:	c8e9c0e9 c0e9c0e9 c8e9c0e9 c0e9c0e9     ................
20018ed0:	c8e9c0e9 c0e9c0e9 c8e9c0e9 c0e9c0e9     ................
20018ee0:	c8e9c0e9 c0e9c0e9 c8e9c0e9 c0e9c0e9     ................
20018ef0:	d10ac0e9 00200020 00210000 00200000     .... . ...!... .
20018f00:	00210000 00200000 90a70000 c0e9c8e9     ..!... .........
20018f10:	c8e9c0e9 c0e9c0e9 c8e9c0e9 c0e9c0e9     ................
20018f20:	c8e9c0e9 c0e9c0e9 c8e9c0e9 c0e9c0e9     ................
20018f30:	c8e9c0e9 c0e9c0e9 c8e9c0e9 c0e9c0e9     ................
20018f40:	c8e9c0e9 c0e9c0e9 c8e9c0e9 c0e9c0e9     ................
20018f50:	c8e9c0e9 c0e9c0e9 c8e9c0e9 c0e9c0e9     ................
20018f60:	c0e9c0e9 0000d0e9 00210000 00200000     ..........!... .
20018f70:	00210000 18210000 c8e9d0ea c0e9c0e9     ..!...!.........
20018f80:	c8e9c0e9 c0e9c0e9 c8e9c0e9 c0e9c0e9     ................
20018f90:	c8e9c0e9 c0e9c0e9 c8e9c0e9 c0e9c0e9     ................
20018fa0:	c8e9c0e9 c0e9c0e9 c8e9c0e9 c0e9c0e9     ................
20018fb0:	c8e9c0e9 c0e9c0e9 c8e9c0e9 c0e9c0e9     ................
20018fc0:	c8e9c0e9 0000c8e9 00210000 00200000     ..........!... .
20018fd0:	00210000 00000000 ffffffff ffffffff     ..!.............
20018fe0:	ffffffff ffffffff ffffffff ffffffff     ................
20018ff0:	ffffffff ffffffff ffffffff ffffffff     ................
20019000:	ffffffff ffffffff ffffffff ffffffff     ................
20019010:	ffffffff ffffffff ffffffff ffffffff     ................
20019020:	ffffffff ffffffff ffffffff ffffffff     ................
20019030:	ffffffff ffffffff ffffffff ffffffff     ................
20019040:	ffffffff ffffffff ffffffff ffffffff     ................
20019050:	ffffffff ffffffff ffffffff ffffffff     ................
20019060:	ffffffff ffffffff ffffffff ffffffff     ................
20019070:	ffffffff ffffffff ffffffff ffffffff     ................
20019080:	ffffffff ffffffff ffffffff ffffffff     ................
20019090:	ffffffff ef7dffff 00000000 00000821     ......}.....!...
200190a0:	00000821 00000821 90a70801 c0e9c90a     !...!...........
200190b0:	c0e9c8ea c0e9c8ea c0e9c8ea c0e9c8ea     ................
200190c0:	c0e9c8ea c0e9c8ea c0e9c8ea c0e9c8ea     ................
200190d0:	c0e9c8ea c0e9c8ea c0e9c8ea c0e9c8ea     ................
200190e0:	c0e9c8ea c0e9c8ea c0e9c8ea c0e9c8ea     ................
200190f0:	c8e9c8ea 00006885 00000821 00000821     .....h..!...!...
20019100:	00000821 00000821 00000821 c8e9b0c8     !...!...!.......
20019110:	c0e9c8ea c0e9c8ea c0e9c8ea c0e9c8ea     ................
20019120:	c0e9c8ea c0e9c8ea c0e9c8ea c0e9c8ea     ................
20019130:	c0e9c8ea c0e9c8ea c0e9c8ea c0e9c8ea     ................
20019140:	c0e9c8ea c0e9c8ea c0e9c8ea c0e9c8ea     ................
20019150:	c0e9c8ea c0e9c8ea c0e9c8ea c0e9c8ea     ................
20019160:	d90ac8ea 00000021 00000821 00000821     ....!...!...!...
20019170:	00000821 68850021 c0e9c8ea c0e9c8ea     !...!..h........
20019180:	c0e9c8ea c0e9c8ea c0e9c8ea c0e9c8ea     ................
20019190:	c0e9c8ea c0e9c8ea c0e9c8ea c0e9c8ea     ................
200191a0:	c0e9c8ea c0e9c8ea c0e9c8ea c0e9c8ea     ................
200191b0:	c0e9c8ea c0e9c8ea c0e9c8ea c0e9c8ea     ................
200191c0:	c8eac8ea 00007085 00000821 00000821     .....p..!...!...
200191d0:	00000821 c6180000 ffffffff ffffffff     !...............
200191e0:	ffffffff ffffffff ffffffff ffffffff     ................
200191f0:	ffffffff ffffffff ffffffff ffffffff     ................
20019200:	ffffffff ffffffff ffffffff ffffffff     ................
20019210:	ffffffff ffffffff ffffffff ffffffff     ................
20019220:	ffffffff ffffffff ffffffff ffffffff     ................
20019230:	ffffffff ffffffff ffffffff ffffffff     ................
20019240:	ffffffff ffffffff ffffffff ffffffff     ................
20019250:	ffffffff ffffffff ffffffff ffffffff     ................
20019260:	ffffffff ffffffff ffffffff ffffffff     ................
20019270:	ffffffff ffffffff ffffffff ffffffff     ................
20019280:	ffffffff ffffffff ffffffff ffffffff     ................
20019290:	ffffffff ffffffff 00200000 00210000     .......... ...!.
200192a0:	00200000 00210000 00200000 c8e9c8e9     .. ...!... .....
200192b0:	c0e9c0e9 c8e9c0e9 c0e9c0e9 c8e9c0e9     ................
200192c0:	c0e9c0e9 c8e9c0e9 c0e9c0e9 c8e9c0e9     ................
200192d0:	c0e9c0e9 c8e9c0e9 c0e9c0e9 c8e9c0e9     ................
200192e0:	c0e9c0e9 c8e9c0e9 c0e9c0e9 c8e9c0e9     ................
200192f0:	c8e9c0e9 0000a8c8 00200000 00210000     .......... ...!.
20019300:	00200000 00210000 00200000 a8c80000     .. ...!... .....
20019310:	c0e9c0e9 c8e9c0e9 c0e9c0e9 c8e9c0e9     ................
20019320:	c0e9c0e9 c8e9c0e9 c0e9c0e9 c8e9c0e9     ................
20019330:	c0e9c0e9 c8e9c0e9 c0e9c0e9 c8e9c0e9     ................
20019340:	c0e9c0e9 c8e9c0e9 c0e9c0e9 c8e9c0e9     ................
20019350:	c0e9c0e9 c8e9c0e9 c0e9c0e9 c8e9c0e9     ................
20019360:	5044d0ea 00210000 00200000 00210000     ..DP..!... ...!.
20019370:	00200000 b0e90000 c0e9c0e9 c8e9c0e9     .. .............
20019380:	c0e9c0e9 c8e9c0e9 c0e9c0e9 c8e9c0e9     ................
20019390:	c0e9c0e9 c8e9c0e9 c0e9c0e9 c8e9c0e9     ................
200193a0:	c0e9c0e9 c8e9c0e9 c0e9c0e9 c8e9c0e9     ................
200193b0:	c0e9c0e9 c8e9c0e9 c0e9c0e9 c8e9c0e9     ................
200193c0:	d0eac0e9 00210000 00200000 00210000     ......!... ...!.
200193d0:	00200000 f79e0000 ffffffff ffffffff     .. .............
200193e0:	ffffffff ffffffff ffffffff ffffffff     ................
200193f0:	ffffffff ffffffff ffffffff ffffffff     ................
20019400:	ffffffff ffffffff ffffffff ffffffff     ................
20019410:	ffffffff ffffffff ffffffff ffffffff     ................
20019420:	ffffffff ffffffff ffffffff ffffffff     ................
20019430:	ffffffff ffffffff ffffffff ffffffff     ................
20019440:	ffffffff ffffffff ffffffff ffffffff     ................
20019450:	ffffffff ffffffff ffffffff ffffffff     ................
20019460:	ffffffff ffffffff ffffffff ffffffff     ................
20019470:	ffffffff ffffffff ffffffff ffffffff     ................
20019480:	ffffffff ffffffff ffffffff ffffffff     ................
20019490:	ffffffff ffffffff 0000f79e 00000821     ............!...
200194a0:	00000821 00000821 00000821 c8ea98c7     !...!...!.......
200194b0:	c0e9c8ea c0e9c8ea c0e9c8ea c0e9c8ea     ................
200194c0:	c0e9c8ea c0e9c8ea c0e9c8ea c0e9c8ea     ................
200194d0:	c0e9c8ea c0e9c8ea c0e9c8ea c0e9c8ea     ................
200194e0:	c0e9c8ea c0e9c8ea c0e9c8ea c0e9c8ea     ................
200194f0:	c0e9c8ea 0000d90a 00000821 00000821     ........!...!...
20019500:	00000821 00000821 00000821 00000821     !...!...!...!...
20019510:	c8e9a0c8 c0e9c8ea c0e9c8ea c0e9c8ea     ................
20019520:	c0e9c8ea c0e9c8ea c0e9c8ea c0e9c8ea     ................
20019530:	c0e9c8ea c0e9c8ea c0e9c8ea c0e9c8ea     ................
20019540:	c0e9c8ea c0e9c8ea c0e9c8ea c0e9c8ea     ................
20019550:	c0e9c8ea c0e9c8ea c0e9c8ea d90ac8ea     ................
20019560:	00001842 00000821 00000821 00000821     B...!...!...!...
20019570:	00000821 e10a0000 c0e9c8ea c0e9c8ea     !...............
20019580:	c0e9c8ea c0e9c8ea c0e9c8ea c0e9c8ea     ................
20019590:	c0e9c8ea c0e9c8ea c0e9c8ea c0e9c8ea     ................
200195a0:	c0e9c8ea c0e9c8ea c0e9c8ea c0e9c8ea     ................
200195b0:	c0e9c8ea c0e9c8ea c0e9c8ea c0e9c8ea     ................
200195c0:	3843d10a 00000821 00000821 00000821     ..C8!...!...!...
200195d0:	00000821 ffff7bcf ffffffff ffffffff     !....{..........
200195e0:	ffffffff ffffffff ffffffff ffffffff     ................
200195f0:	ffffffff ffffffff ffffffff ffffffff     ................
20019600:	ffffffff ffffffff ffffffff ffffffff     ................
20019610:	ffffffff ffffffff ffffffff ffffffff     ................
20019620:	ffffffff ffffffff ffffffff ffffffff     ................
20019630:	ffffffff ffffffff ffffffff ffffffff     ................
20019640:	ffffffff ffffffff ffffffff ffffffff     ................
20019650:	ffffffff ffffffff ffffffff ffffffff     ................
20019660:	ffffffff ffffffff ffffffff ffffffff     ................
20019670:	ffffffff ffffffff ffffffff ffffffff     ................
20019680:	ffffffff ffffffff ffffffff ffffffff     ................
20019690:	ffffffff ffffffff 0000ffff 00200000     .............. .
200196a0:	00210000 00200000 00210000 d10a0000     ..!... ...!.....
200196b0:	c8e9c0e9 c0e9c0e9 c8e9c0e9 c0e9c0e9     ................
200196c0:	c8e9c0e9 c0e9c0e9 c8e9c0e9 c0e9c0e9     ................
200196d0:	c8e9c0e9 c0e9c0e9 c8e9c0e9 c0e9c0e9     ................
200196e0:	c8e9c0e9 c0e9c0e9 c8e9c0e9 c0e9c0e9     ................
200196f0:	c8e9c0e9 0020d0ea 00210000 00200000     ...... ...!... .
20019700:	00210000 00200000 00210000 00200000     ..!... ...!... .
20019710:	80a60000 c0e9d0e9 c8e9c0e9 c0e9c0e9     ................
20019720:	c8e9c0e9 c0e9c0e9 c8e9c0e9 c0e9c0e9     ................
20019730:	c8e9c0e9 c0e9c0e9 c8e9c0e9 c0e9c0e9     ................
20019740:	c8e9c0e9 c0e9c0e9 c8e9c0e9 c0e9c0e9     ................
20019750:	c8e9c0e9 c0e9c0e9 c0e9c0e9 0020d0ea     .............. .
20019760:	00210000 00200000 00210000 00200000     ..!... ...!... .
20019770:	00210000 d90a1800 c8e9c0e9 c0e9c0e9     ..!.............
20019780:	c8e9c0e9 c0e9c0e9 c8e9c0e9 c0e9c0e9     ................
20019790:	c8e9c0e9 c0e9c0e9 c8e9c0e9 c0e9c0e9     ................
200197a0:	c8e9c0e9 c0e9c0e9 c8e9c0e9 c0e9c0e9     ................
200197b0:	c8e9c0e9 c0e9c0e9 c8e9c0e9 c8e9c0e9     ................
200197c0:	0000b0c8 00200000 00210000 00200000     ...... ...!... .
200197d0:	00000000 fffff79e ffffffff ffffffff     ................
200197e0:	ffffffff ffffffff ffffffff ffffffff     ................
200197f0:	ffffffff ffffffff ffffffff ffffffff     ................
20019800:	ffffffff ffffffff ffffffff ffffffff     ................
20019810:	ffffffff ffffffff ffffffff ffffffff     ................
20019820:	ffffffff ffffffff ffffffff ffffffff     ................
20019830:	ffffffff ffffffff ffffffff ffffffff     ................
20019840:	ffffffff ffffffff ffffffff ffffffff     ................
20019850:	ffffffff ffffffff ffffffff ffffffff     ................
20019860:	ffffffff ffffffff ffffffff ffffffff     ................
20019870:	ffffffff ffffffff ffffffff ffffffff     ................
20019880:	ffffffff ffffffff ffffffff ffffffff     ................
20019890:	ffffffff ffffffff f77effff 00000000     ..........~.....
200198a0:	00000821 00000821 00000821 48430821     !...!...!...!.CH
200198b0:	c0e9d90a c0e9c8ea c0e9c8ea c0e9c8ea     ................
200198c0:	c0e9c8ea c0e9c8ea c0e9c8ea c0e9c8ea     ................
200198d0:	c0e9c8ea c0e9c8ea c0e9c8ea c0e9c8ea     ................
200198e0:	c0e9c8ea c0e9c8ea c0e9c8ea c0e9c8ea     ................
200198f0:	c0e9c8ea 0041c90a 00000821 00000821     ......A.!...!...
20019900:	00000821 00000821 00000821 00000821     !...!...!...!...
20019910:	00000821 d0ea5084 c0e9c8ea c0e9c8ea     !....P..........
20019920:	c0e9c8ea c0e9c8ea c0e9c8ea c0e9c8ea     ................
20019930:	c0e9c8ea c0e9c8ea c0e9c8ea c0e9c8ea     ................
20019940:	c0e9c8ea c0e9c8ea c0e9c8ea c0e9c8ea     ................
20019950:	c0e9c8ea c0e9c8ea a8c8d90a 00000000     ................
20019960:	00000821 00000821 00000821 00000821     !...!...!...!...
20019970:	00000821 d10a2862 c0e9c8ea c0e9c8ea     !...b(..........
20019980:	c0e9c8ea c0e9c8ea c0e9c8ea c0e9c8ea     ................
20019990:	c0e9c8ea c0e9c8ea c0e9c8ea c0e9c8ea     ................
200199a0:	c0e9c8ea c0e9c8ea c0e9c8ea c0e9c8ea     ................
200199b0:	c0e9c8ea c0e9c8ea c0e9c8ea d0eac0e9     ................
200199c0:	00000000 00000821 00000821 00000821     ....!...!...!...
200199d0:	41e80821 ffffffff ffffffff ffffffff     !..A............
200199e0:	ffffffff ffffffff ffffffff ffffffff     ................
200199f0:	ffffffff ffffffff ffffffff ffffffff     ................
20019a00:	ffffffff ffffffff ffffffff ffffffff     ................
20019a10:	ffffffff ffffffff ffffffff ffffffff     ................
20019a20:	ffffffff ffffffff ffffffff ffffffff     ................
20019a30:	ffffffff ffffffff ffffffff ffffffff     ................
20019a40:	ffffffff ffffffff ffffffff ffffffff     ................
20019a50:	ffffffff ffffffff ffffffff ffffffff     ................
20019a60:	ffffffff ffffffff ffffffff ffffffff     ................
20019a70:	ffffffff ffffffff ffffffff ffffffff     ................
20019a80:	ffffffff ffffffff ffffffff ffffffff     ................
20019a90:	ffffffff ffffffff ffffffff 00210000     ..............!.
20019aa0:	00200000 00210000 00200000 00000000     .. ...!... .....
20019ab0:	d0ea90a7 c8e9c0e9 c0e9c0e9 c8e9c0e9     ................
20019ac0:	c0e9c0e9 c8e9c0e9 c0e9c0e9 c8e9c0e9     ................
20019ad0:	c0e9c0e9 c8e9c0e9 c0e9c0e9 c8e9c0e9     ................
20019ae0:	c0e9c0e9 c8e9c0e9 c0e9c0e9 c8e9c0e9     ................
20019af0:	c0e9c0e9 6085c0e9 00200000 00210000     .......`.. ...!.
20019b00:	00200000 00210000 00200000 00210000     .. ...!... ...!.
20019b10:	00200000 00200000 d90aa0a7 c8e9c0e9     .. ... .........
20019b20:	c0e9c0e9 c8e9c0e9 c0e9c0e9 c8e9c0e9     ................
20019b30:	c0e9c0e9 c8e9c0e9 c0e9c0e9 c8e9c0e9     ................
20019b40:	c0e9c0e9 c8e9c0e9 c0e9c0e9 c8e9c0e9     ................
20019b50:	c0e9c0e9 d90ac0e9 00004063 00210000     ........c@....!.
20019b60:	00200000 00210000 00200000 00210000     .. ...!... ...!.
20019b70:	00200000 c8ea4043 c0e9c0e9 c8e9c0e9     .. .C@..........
20019b80:	c0e9c0e9 c8e9c0e9 c0e9c0e9 c8e9c0e9     ................
20019b90:	c0e9c0e9 c8e9c0e9 c0e9c0e9 c8e9c0e9     ................
20019ba0:	c0e9c0e9 c8e9c0e9 c0e9c0e9 c8e9c0e9     ................
20019bb0:	c0e9c0e9 c8e9c0e9 c0e9c0e9 0021d0ea     ..............!.
20019bc0:	00200000 00210000 00200000 00210000     .. ...!... ...!.
20019bd0:	ffdf0000 ffffffff ffffffff ffffffff     ................
20019be0:	ffffffff ffffffff ffffffff ffffffff     ................
20019bf0:	ffffffff ffffffff ffffffff ffffffff     ................
20019c00:	ffffffff ffffffff ffffffff ffffffff     ................
20019c10:	ffffffff ffffffff ffffffff ffffffff     ................
20019c20:	ffffffff ffffffff ffffffff ffffffff     ................
20019c30:	ffffffff ffffffff ffffffff ffffffff     ................
20019c40:	ffffffff ffffffff ffffffff ffffffff     ................
20019c50:	ffffffff ffffffff ffffffff ffffffff     ................
20019c60:	ffffffff ffffffff ffffffff ffffffff     ................
20019c70:	ffffffff ffffffff ffffffff ffffffff     ................
20019c80:	ffffffff ffffffff ffffffff ffffffff     ................
20019c90:	ffffffff ffffffff ffffffff 0000f79e     ................
20019ca0:	00000821 00000821 00000821 00000821     !...!...!...!...
20019cb0:	c0e90000 c0e9c8ea c0e9c8ea c0e9c8ea     ................
20019cc0:	c0e9c8ea c0e9c8ea c0e9c8ea c0e9c8ea     ................
20019cd0:	c0e9c8ea c0e9c8ea c0e9c8ea c0e9c8ea     ................
20019ce0:	c0e9c8ea c0e9c8ea c0e9c8ea c0e9c8ea     ................
20019cf0:	c0e9c8ea 5864c8ea 00000821 00000821     ......dX!...!...
20019d00:	00000821 00000821 00000821 00000821     !...!...!...!...
20019d10:	00000821 00000821 38220020 d90ac0e9     !...!... ."8....
20019d20:	c0e9c8ea c0e9c8ea c0e9c8ea c0e9c8ea     ................
20019d30:	c0e9c8ea c0e9c8ea c0e9c8ea c0e9c8ea     ................
20019d40:	c0e9c8ea c0e9c8ea c0e9c8ea c0e9c8ea     ................
20019d50:	d90ac90a 00007085 00000021 00000821     .....p..!...!...
20019d60:	00000821 00000821 00000821 00000821     !...!...!...!...
20019d70:	00000821 c0e97086 c0e9c8ea c0e9c8ea     !....p..........
20019d80:	c0e9c8ea c0e9c8ea c0e9c8ea c0e9c8ea     ................
20019d90:	c0e9c8ea c0e9c8ea c0e9c8ea c0e9c8ea     ................
20019da0:	c0e9c8ea c0e9c8ea c0e9c8ea c0e9c8ea     ................
20019db0:	c0e9c8ea c0e9c8ea d0eac8ea 00005064     ............dP..
20019dc0:	00000821 00000821 00000821 00000821     !...!...!...!...
20019dd0:	ffff9cd3 ffffffff ffffffff ffffffff     ................
20019de0:	ffffffff ffffffff ffffffff ffffffff     ................
20019df0:	ffffffff ffffffff ffffffff ffffffff     ................
20019e00:	ffffffff ffffffff ffffffff ffffffff     ................
20019e10:	ffffffff ffffffff ffffffff ffffffff     ................
20019e20:	ffffffff ffffffff ffffffff ffffffff     ................
20019e30:	ffffffff ffffffff ffffffff ffffffff     ................
20019e40:	ffffffff ffffffff ffffffff ffffffff     ................
20019e50:	ffffffff ffffffff ffffffff ffffffff     ................
20019e60:	ffffffff ffffffff ffffffff ffffffff     ................
20019e70:	ffffffff ffffffff ffffffff ffffffff     ................
20019e80:	ffffffff ffffffff ffffffff ffffffff     ................
20019e90:	ffffffff ffffffff ffffffff 6b2dffff     ..............-k
20019ea0:	00210000 00200000 00210000 00200000     ..!... ...!... .
20019eb0:	00000000 c0e9c8e9 c8e9c0e9 c0e9c0e9     ................
20019ec0:	c8e9c0e9 c0e9c0e9 c8e9c0e9 c0e9c0e9     ................
20019ed0:	c8e9c0e9 c0e9c0e9 c8e9c0e9 c0e9c0e9     ................
20019ee0:	c8e9c0e9 c0e9c0e9 c8e9c0e9 c0e9c0e9     ................
20019ef0:	c8e9c0e9 88a7c0e9 00210000 00200000     ..........!... .
20019f00:	00210000 00200000 00210000 00200000     ..!... ...!... .
20019f10:	00210000 00200000 00210000 40230000     ..!... ...!...#@
20019f20:	d90a98a7 c0e9c8e9 c8e9c0e9 c0e9c0e9     ................
20019f30:	c8e9c0e9 c0e9c0e9 c8e9c0e9 c0e9c0e9     ................
20019f40:	c8e9c0e9 c0e9c0e9 c0e9c0e9 c8ead8ea     ................
20019f50:	00006064 00200000 00210000 00200000     d`.... ...!... .
20019f60:	00210000 00200000 00210000 00200000     ..!... ...!... .
20019f70:	00200000 c0e96885 c8e9c0e9 c0e9c0e9     .. ..h..........
20019f80:	c8e9c0e9 c0e9c0e9 c8e9c0e9 c0e9c0e9     ................
20019f90:	c8e9c0e9 c0e9c0e9 c8e9c0e9 c0e9c0e9     ................
20019fa0:	c8e9c0e9 c0e9c0e9 c8e9c0e9 c0e9c0e9     ................
20019fb0:	c8e9c0e9 c0e9c0e9 98c7c8e9 00200000     .............. .
20019fc0:	00210000 00200000 00210000 00000000     ..!... ...!.....
20019fd0:	ffffffff ffffffff ffffffff ffffffff     ................
20019fe0:	ffffffff ffffffff ffffffff ffffffff     ................
20019ff0:	ffffffff ffffffff ffffffff ffffffff     ................
2001a000:	ffffffff ffffffff ffffffff ffffffff     ................
2001a010:	ffffffff ffffffff ffffffff ffffffff     ................
2001a020:	ffffffff ffffffff ffffffff ffffffff     ................
2001a030:	ffffffff ffffffff ffffffff ffffffff     ................
2001a040:	ffffffff ffffffff ffffffff ffffffff     ................
2001a050:	ffffffff ffffffff ffffffff ffffffff     ................
2001a060:	ffffffff ffffffff ffffffff ffffffff     ................
2001a070:	ffffffff ffffffff ffffffff ffffffff     ................
2001a080:	ffffffff ffffffff ffffffff ffffffff     ................
2001a090:	ffffffff ffffffff ffffffff ffffffff     ................
2001a0a0:	00000000 00000821 00000821 00000821     ....!...!...!...
2001a0b0:	00000821 c8ea1821 c0e9c8ea c0e9c8ea     !...!...........
2001a0c0:	c0e9c8ea c0e9c8ea c0e9c8ea c0e9c8ea     ................
2001a0d0:	c0e9c8ea c0e9c8ea c0e9c8ea c0e9c8ea     ................
2001a0e0:	c0e9c8ea c0e9c8ea c0e9c8ea c0e9c8ea     ................
2001a0f0:	c0e9c8ea 88a6c8ea 00000821 00000821     ........!...!...
2001a100:	00000821 00000821 00000821 00000821     !...!...!...!...
2001a110:	00000821 00000821 00000821 00000821     !...!...!...!...
2001a120:	18010000 98c76885 d90ad10a c0e9c90a     .....h..........
2001a130:	c0e9c8ea c0e9c8ea c0e9c8ea c0e9c8ea     ................
2001a140:	c0e9c8ea d10ad90a 88a6c90a 00003822     ............"8..
2001a150:	00000021 00000821 00000821 00000821     !...!...!...!...
2001a160:	00000821 00000821 00000821 00000821     !...!...!...!...
2001a170:	00000821 c0e990c7 c0e9c8ea c0e9c8ea     !...............
2001a180:	c0e9c8ea c0e9c8ea c0e9c8ea c0e9c8ea     ................
2001a190:	c0e9c8ea c0e9c8ea c0e9c8ea c0e9c8ea     ................
2001a1a0:	c0e9c8ea c0e9c8ea c0e9c8ea c0e9c8ea     ................
2001a1b0:	c0e9c8ea c8e9c8ea 0000a8c8 00000821     ............!...
2001a1c0:	00000821 00000821 00000821 ef7d0000     !...!...!.....}.
2001a1d0:	ffffffff ffffffff ffffffff ffffffff     ................
2001a1e0:	ffffffff ffffffff ffffffff ffffffff     ................
2001a1f0:	ffffffff ffffffff ffffffff ffffffff     ................
2001a200:	ffffffff ffffffff ffffffff ffffffff     ................
2001a210:	ffffffff ffffffff ffffffff ffffffff     ................
2001a220:	ffffffff ffffffff ffffffff ffffffff     ................
2001a230:	ffffffff ffffffff ffffffff ffffffff     ................
2001a240:	ffffffff ffffffff ffffffff ffffffff     ................
2001a250:	ffffffff ffffffff ffffffff ffffffff     ................
2001a260:	ffffffff ffffffff ffffffff ffffffff     ................
2001a270:	ffffffff ffffffff ffffffff ffffffff     ................
2001a280:	ffffffff ffffffff ffffffff ffffffff     ................
2001a290:	ffffffff ffffffff ffffffff ffffffff     ................
2001a2a0:	0000ef5d 00210000 00200000 00210000     ].....!... ...!.
2001a2b0:	00200000 28420000 c0e9c0e9 c8e9c0e9     .. ...B(........
2001a2c0:	c0e9c0e9 c8e9c0e9 c0e9c0e9 c8e9c0e9     ................
2001a2d0:	c0e9c0e9 c8e9c0e9 c0e9c0e9 c8e9c0e9     ................
2001a2e0:	c0e9c0e9 c8e9c0e9 c0e9c0e9 c8e9c0e9     ................
2001a2f0:	c0e9c0e9 6085c0e9 00200000 00210000     .......`.. ...!.
2001a300:	00200000 00210000 00200000 00210000     .. ...!... ...!.
2001a310:	00200000 00210000 00200000 00210000     .. ...!... ...!.
2001a320:	00200000 00000000 50431801 90a77085     .. .......CP.p..
2001a330:	c8e998a7 c8eac8e9 d0eac8e9 b0e9b8e9     ................
2001a340:	788698a7 38225063 00000000 00210000     ...xcP"8......!.
2001a350:	00200000 00210000 00200000 00210000     .. ...!... ...!.
2001a360:	00200000 00210000 00200000 00210000     .. ...!... ...!.
2001a370:	00200000 c8e97085 c0e9c0e9 c8e9c0e9     .. ..p..........
2001a380:	c0e9c0e9 c8e9c0e9 c0e9c0e9 c8e9c0e9     ................
2001a390:	c0e9c0e9 c8e9c0e9 c0e9c0e9 c8e9c0e9     ................
2001a3a0:	c0e9c0e9 c8e9c0e9 c0e9c0e9 c8e9c0e9     ................
2001a3b0:	c0e9c0e9 b0c8c8e9 00200000 00210000     .......... ...!.
2001a3c0:	00200000 00210000 00000000 ffff9492     .. ...!.........
2001a3d0:	ffffffff ffffffff ffffffff ffffffff     ................
2001a3e0:	ffffffff ffffffff ffffffff ffffffff     ................
2001a3f0:	ffffffff ffffffff ffffffff ffffffff     ................
2001a400:	ffffffff ffffffff ffffffff ffffffff     ................
2001a410:	ffffffff ffffffff ffffffff ffffffff     ................
2001a420:	ffffffff ffffffff ffffffff ffffffff     ................
2001a430:	ffffffff ffffffff ffffffff ffffffff     ................
2001a440:	ffffffff ffffffff ffffffff ffffffff     ................
2001a450:	ffffffff ffffffff ffffffff ffffffff     ................
2001a460:	ffffffff ffffffff ffffffff ffffffff     ................
2001a470:	ffffffff ffffffff ffffffff ffffffff     ................
2001a480:	ffffffff ffffffff ffffffff ffffffff     ................
2001a490:	ffffffff ffffffff ffffffff ffffffff     ................
2001a4a0:	9471ffff 00000000 00000821 00000821     ..q.....!...!...
2001a4b0:	00000821 00000821 d0ea2822 c0e9c8ea     !...!..."(......
2001a4c0:	c0e9c8ea c0e9c8ea c0e9c8ea c0e9c8ea     ................
2001a4d0:	c0e9c8ea c0e9c8ea c0e9c8ea c0e9c8ea     ................
2001a4e0:	c0e9c8ea c0e9c8ea c0e9c8ea c0e9c8ea     ................
2001a4f0:	c0e9c8ea 4043c8ea 00000821 00000821     ......C@!...!...
2001a500:	00000821 00000821 00000821 00000821     !...!...!...!...
2001a510:	00000821 00000821 00000821 00000821     !...!...!...!...
2001a520:	00000821 00000821 00000821 00000021     !...!...!...!...
2001a530:	00000020 00000020 00000020 00000000      ... ... .......
2001a540:	00000000 00000821 00000821 00000821     ....!...!...!...
2001a550:	00000821 00000821 00000821 00000821     !...!...!...!...
2001a560:	00000821 00000821 00000821 00000821     !...!...!...!...
2001a570:	00000821 c0e970a6 c0e9c8ea c0e9c8ea     !....p..........
2001a580:	c0e9c8ea c0e9c8ea c0e9c8ea c0e9c8ea     ................
2001a590:	c0e9c8ea c0e9c8ea c0e9c8ea c0e9c8ea     ................
2001a5a0:	c0e9c8ea c0e9c8ea c0e9c8ea c0e9c8ea     ................
2001a5b0:	c8eac8ea 0000a8c8 00000821 00000821     ........!...!...
2001a5c0:	00000821 00000821 00000821 ffffffff     !...!...!.......
2001a5d0:	ffffffff ffffffff ffffffff ffffffff     ................
2001a5e0:	ffffffff ffffffff ffffffff ffffffff     ................
2001a5f0:	ffffffff ffffffff ffffffff ffffffff     ................
2001a600:	ffffffff ffffffff ffffffff ffffffff     ................
2001a610:	ffffffff ffffffff ffffffff ffffffff     ................
2001a620:	ffffffff ffffffff ffffffff ffffffff     ................
2001a630:	ffffffff ffffffff ffffffff ffffffff     ................
2001a640:	ffffffff ffffffff ffffffff ffffffff     ................
2001a650:	ffffffff ffffffff ffffffff ffffffff     ................
2001a660:	ffffffff ffffffff ffffffff ffffffff     ................
2001a670:	ffffffff ffffffff ffffffff ffffffff     ................
2001a680:	ffffffff ffffffff ffffffff ffffffff     ................
2001a690:	ffffffff ffffffff ffffffff ffffffff     ................
2001a6a0:	ffffffff 000031a6 00210000 00200000     .....1....!... .
2001a6b0:	00210000 00200000 10210000 c8e9b8c8     ..!... ...!.....
2001a6c0:	c8e9c0e9 c0e9c0e9 c8e9c0e9 c0e9c0e9     ................
2001a6d0:	c8e9c0e9 c0e9c0e9 c8e9c0e9 c0e9c0e9     ................
2001a6e0:	c8e9c0e9 c0e9c0e9 c8e9c0e9 c0e9c0e9     ................
2001a6f0:	c8e9c0e9 1842c8e9 00210000 00200000     ......B...!... .
2001a700:	00210000 00200000 00210000 00200000     ..!... ...!... .
2001a710:	00210000 00200000 00210000 00200000     ..!... ...!... .
2001a720:	00210000 00200000 00210000 00200000     ..!... ...!... .
2001a730:	00210000 00200000 00210000 00200000     ..!... ...!... .
2001a740:	00210000 00200000 00210000 00200000     ..!... ...!... .
2001a750:	00210000 00200000 00210000 00200000     ..!... ...!... .
2001a760:	00210000 00200000 00210000 00200000     ..!... ...!... .
2001a770:	00210000 c8ea4043 c8e9c0e9 c0e9c0e9     ..!.C@..........
2001a780:	c8e9c0e9 c0e9c0e9 c8e9c0e9 c0e9c0e9     ................
2001a790:	c8e9c0e9 c0e9c0e9 c8e9c0e9 c0e9c0e9     ................
2001a7a0:	c8e9c0e9 c0e9c0e9 c8e9c0e9 c0e9c0e9     ................
2001a7b0:	98c7d0ea 00200000 00210000 00200000     ...... ...!... .
2001a7c0:	00210000 00210000 ffbf0000 ffffffff     ..!...!.........
2001a7d0:	ffffffff ffffffff ffffffff ffffffff     ................
2001a7e0:	ffffffff ffffffff ffffffff ffffffff     ................
2001a7f0:	ffffffff ffffffff ffffffff ffffffff     ................
2001a800:	ffffffff ffffffff ffffffff ffffffff     ................
2001a810:	ffffffff ffffffff ffffffff ffffffff     ................
2001a820:	ffffffff ffffffff ffffffff ffffffff     ................
2001a830:	ffffffff ffffffff ffffffff ffffffff     ................
2001a840:	ffffffff ffffffff ffffffff ffffffff     ................
2001a850:	ffffffff ffffffff ffffffff ffffffff     ................
2001a860:	ffffffff ffffffff ffffffff ffffffff     ................
2001a870:	ffffffff ffffffff ffffffff ffffffff     ................
2001a880:	ffffffff ffffffff ffffffff ffffffff     ................
2001a890:	ffffffff ffffffff ffffffff ffffffff     ................
2001a8a0:	ffffffff 2124ffff 00000821 00000821     ......$!!...!...
2001a8b0:	00000821 00000821 00000821 a0c70000     !...!...!.......
2001a8c0:	c0e9d90b c0e9c8ea c0e9c8ea c0e9c8ea     ................
2001a8d0:	c0e9c8ea c0e9c8ea c0e9c8ea c0e9c8ea     ................
2001a8e0:	c0e9c8ea c0e9c8ea c0e9c8ea c0e9c8ea     ................
2001a8f0:	c0e9c8ea 0000e10b 00000821 00000821     ........!...!...
2001a900:	00000821 00000821 00000821 00000821     !...!...!...!...
2001a910:	00000821 00000821 00000821 00000821     !...!...!...!...
2001a920:	00000821 00000821 00000821 00000821     !...!...!...!...
2001a930:	00000821 00000821 00000821 00000821     !...!...!...!...
2001a940:	00000821 00000821 00000821 00000821     !...!...!...!...
2001a950:	00000821 00000821 00000821 00000821     !...!...!...!...
2001a960:	00000821 00000821 00000821 00000821     !...!...!...!...
2001a970:	00000821 d10a2021 c0e9c8ea c0e9c8ea     !...! ..........
2001a980:	c0e9c8ea c0e9c8ea c0e9c8ea c0e9c8ea     ................
2001a990:	c0e9c8ea c0e9c8ea c0e9c8ea c0e9c8ea     ................
2001a9a0:	c0e9c8ea c0e9c8ea c0e9c8ea d90ac0e9     ................
2001a9b0:	000088a7 00000821 00000821 00000821     ....!...!...!...
2001a9c0:	00000821 00000821 ffffef3d ffffffff     !...!...=.......
2001a9d0:	ffffffff ffffffff ffffffff ffffffff     ................
2001a9e0:	ffffffff ffffffff ffffffff ffffffff     ................
2001a9f0:	ffffffff ffffffff ffffffff ffffffff     ................
2001aa00:	ffffffff ffffffff ffffffff ffffffff     ................
2001aa10:	ffffffff ffffffff ffffffff ffffffff     ................
2001aa20:	ffffffff ffffffff ffffffff ffffffff     ................
2001aa30:	ffffffff ffffffff ffffffff ffffffff     ................
2001aa40:	ffffffff ffffffff ffffffff ffffffff     ................
2001aa50:	ffffffff ffffffff ffffffff ffffffff     ................
2001aa60:	ffffffff ffffffff ffffffff ffffffff     ................
2001aa70:	ffffffff ffffffff ffffffff ffffffff     ................
2001aa80:	ffffffff ffffffff ffffffff ffffffff     ................
2001aa90:	ffffffff ffffffff ffffffff ffffffff     ................
2001aaa0:	ffffffff ffbfffff 08210000 00210000     ..........!...!.
2001aab0:	00200000 00210000 00200000 00000000     .. ...!... .....
2001aac0:	d90a6864 c8e9c0e9 c0e9c0e9 c8e9c0e9     dh..............
2001aad0:	c0e9c0e9 c8e9c0e9 c0e9c0e9 c8e9c0e9     ................
2001aae0:	c0e9c0e9 c8e9c0e9 c0e9c0e9 c8e9c0e9     ................
2001aaf0:	c8e9c0e9 0000a8c8 00200000 00210000     .......... ...!.
2001ab00:	00200000 00210000 00200000 00210000     .. ...!... ...!.
2001ab10:	00200000 00210000 00200000 00210000     .. ...!... ...!.
2001ab20:	00200000 00210000 00200000 00210000     .. ...!... ...!.
2001ab30:	00200000 00210000 00200000 00210000     .. ...!... ...!.
2001ab40:	00200000 00210000 00200000 00210000     .. ...!... ...!.
2001ab50:	00200000 00210000 00200000 00210000     .. ...!... ...!.
2001ab60:	00200000 00210000 00200000 00210000     .. ...!... ...!.
2001ab70:	00200000 d10a0000 c0e9c0e9 c8e9c0e9     .. .............
2001ab80:	c0e9c0e9 c8e9c0e9 c0e9c0e9 c8e9c0e9     ................
2001ab90:	c0e9c0e9 c8e9c0e9 c0e9c0e9 c8e9c0e9     ................
2001aba0:	c0e9c0e9 c8e9c0e9 c0e9c0e9 5044c8ea     ..............DP
2001abb0:	00200000 00210000 00200000 00210000     .. ...!... ...!.
2001abc0:	00210000 dedb0000 ffffffff ffffffff     ..!.............
2001abd0:	ffffffff ffffffff ffffffff ffffffff     ................
2001abe0:	ffffffff ffffffff ffffffff ffffffff     ................
2001abf0:	ffffffff ffffffff ffffffff ffffffff     ................
2001ac00:	ffffffff ffffffff ffffffff ffffffff     ................
2001ac10:	ffffffff ffffffff ffffffff ffffffff     ................
2001ac20:	ffffffff ffffffff ffffffff ffffffff     ................
2001ac30:	ffffffff ffffffff ffffffff ffffffff     ................
2001ac40:	ffffffff ffffffff ffffffff ffffffff     ................
2001ac50:	ffffffff ffffffff ffffffff ffffffff     ................
2001ac60:	ffffffff ffffffff ffffffff ffffffff     ................
2001ac70:	ffffffff ffffffff ffffffff ffffffff     ................
2001ac80:	ffffffff ffffffff ffffffff ffffffff     ................
2001ac90:	ffffffff ffffffff ffffffff ffffffff     ................
2001aca0:	ffffffff ffffffff 0000ffbf 00000821     ............!...
2001acb0:	00000821 00000821 00000821 00000821     !...!...!...!...
2001acc0:	00200821 d0eab8e9 c0e9c0e9 c0e9c8ea     !. .............
2001acd0:	c0e9c8ea c0e9c8ea c0e9c8ea c0e9c8ea     ................
2001ace0:	c0e9c8ea c0e9c8ea c0e9c8ea c0e9c8ea     ................
2001acf0:	c8eac8ea 00003843 00000821 00000821     ....C8..!...!...
2001ad00:	00000821 00000821 00000821 00000821     !...!...!...!...
2001ad10:	00000821 00000821 00000821 00000821     !...!...!...!...
2001ad20:	00000821 00000821 00000821 00000821     !...!...!...!...
2001ad30:	00000821 00000821 00000821 00000821     !...!...!...!...
2001ad40:	00000821 00000821 00000821 00000821     !...!...!...!...
2001ad50:	00000821 00000821 00000821 00000821     !...!...!...!...
2001ad60:	00000821 00000821 00000821 00000821     !...!...!...!...
2001ad70:	00000821 78860821 c0e9c8ea c0e9c8ea     !...!..x........
2001ad80:	c0e9c8ea c0e9c8ea c0e9c8ea c0e9c8ea     ................
2001ad90:	c0e9c8ea c0e9c8ea c0e9c8ea c0e9c8ea     ................
2001ada0:	c0e9c8ea c0e9c8ea a8c8d90a 00000020     ............ ...
2001adb0:	00000821 00000821 00000821 00000821     !...!...!...!...
2001adc0:	00000821 ffffd69a ffffffff ffffffff     !...............
2001add0:	ffffffff ffffffff ffffffff ffffffff     ................
2001ade0:	ffffffff ffffffff ffffffff ffffffff     ................
2001adf0:	ffffffff ffffffff ffffffff ffffffff     ................
2001ae00:	ffffffff ffffffff ffffffff ffffffff     ................
2001ae10:	ffffffff ffffffff ffffffff ffffffff     ................
2001ae20:	ffffffff ffffffff ffffffff ffffffff     ................
2001ae30:	ffffffff ffffffff ffffffff ffffffff     ................
2001ae40:	ffffffff ffffffff ffffffff ffffffff     ................
2001ae50:	ffffffff ffffffff ffffffff ffffffff     ................
2001ae60:	ffffffff ffffffff ffffffff ffffffff     ................
2001ae70:	ffffffff ffffffff ffffffff ffffffff     ................
2001ae80:	ffffffff ffffffff ffffffff ffffffff     ................
2001ae90:	ffffffff ffffffff ffffffff ffffffff     ................
2001aea0:	ffffffff ffffffff ef3dffff 08210880     ..........=...!.
2001aeb0:	00210000 00200000 00210000 00200000     ..!... ...!... .
2001aec0:	08210000 48430000 d10ab8c8 c0e9c0e9     ..!...CH........
2001aed0:	c8e9c0e9 c0e9c0e9 c8e9c0e9 c0e9c0e9     ................
2001aee0:	c8e9c0e9 c0e9c0e9 c8e9c0e9 c0e9c0e9     ................
2001aef0:	b0c8c0e9 00200000 00210000 00200000     ...... ...!... .
2001af00:	00210000 00200000 00210000 00200000     ..!... ...!... .
2001af10:	00210000 00200000 00210000 00200000     ..!... ...!... .
2001af20:	00210000 00200000 00210000 00200000     ..!... ...!... .
2001af30:	00210000 00200000 00210000 00200000     ..!... ...!... .
2001af40:	00210000 00200000 00210000 00200000     ..!... ...!... .
2001af50:	00210000 00200000 00210000 00200000     ..!... ...!... .
2001af60:	00210000 00200000 00210000 00200000     ..!... ...!... .
2001af70:	00210000 00000000 c8e9d8ea c0e9c0e9     ..!.............
2001af80:	c8e9c0e9 c0e9c0e9 c8e9c0e9 c0e9c0e9     ................
2001af90:	c8e9c0e9 c0e9c0e9 c8e9c0e9 c0e9c0e9     ................
2001afa0:	c0e9c0e9 d10ad0e9 00004843 00200000     ........CH.... .
2001afb0:	00210000 00200000 00210000 00210000     ..!... ...!...!.
2001afc0:	d67a0000 ffffffff ffffffff ffffffff     ..z.............
2001afd0:	ffffffff ffffffff ffffffff ffffffff     ................
2001afe0:	ffffffff ffffffff ffffffff ffffffff     ................
2001aff0:	ffffffff ffffffff ffffffff ffffffff     ................
2001b000:	ffffffff ffffffff ffffffff ffffffff     ................
2001b010:	ffffffff ffffffff ffffffff ffffffff     ................
2001b020:	ffffffff ffffffff ffffffff ffffffff     ................
2001b030:	ffffffff ffffffff ffffffff ffffffff     ................
2001b040:	ffffffff ffffffff ffffffff ffffffff     ................
2001b050:	ffffffff ffffffff ffffffff ffffffff     ................
2001b060:	ffffffff ffffffff ffffffff ffffffff     ................
2001b070:	ffffffff ffffffff ffffffff ffffffff     ................
2001b080:	ffffffff ffffffff ffffffff ffffffff     ................
2001b090:	ffffffff ffffffff ffffffff ffffffff     ................
2001b0a0:	ffffffff ffffffff ffffffff 4a29ffff     ..............)J
2001b0b0:	00000821 00000821 00000821 00000821     !...!...!...!...
2001b0c0:	00000821 00000821 38430000 d10ac0e9     !...!.....C8....
2001b0d0:	c0e9d10a c0e9c8ea c0e9c8ea c0e9c8ea     ................
2001b0e0:	c0e9c8ea c0e9c8ea c0e9c8ea c8e9c8ea     ................
2001b0f0:	0020c0e9 00000821 00000821 00000821     .. .!...!...!...
2001b100:	00000821 00000821 00000821 00000821     !...!...!...!...
2001b110:	00000821 00000821 00000821 00000821     !...!...!...!...
2001b120:	00000821 00000821 00000821 00000821     !...!...!...!...
2001b130:	00000821 00000821 00000821 00000821     !...!...!...!...
2001b140:	00000821 00000821 00000821 00000821     !...!...!...!...
2001b150:	00000821 00000821 00000821 00000821     !...!...!...!...
2001b160:	00000821 00000821 00000821 00000821     !...!...!...!...
2001b170:	00000821 00000821 d90a3843 c0e9c8ea     !...!...C8......
2001b180:	c0e9c8ea c0e9c8ea c0e9c8ea c0e9c8ea     ................
2001b190:	c0e9c8ea c0e9c8ea c0e9c8ea c0e9c8ea     ................
2001b1a0:	c8e9d10a 000088a7 00000821 00000821     ........!...!...
2001b1b0:	00000821 00000821 00000821 00000821     !...!...!...!...
2001b1c0:	ffffdebb ffffffff ffffffff ffffffff     ................
2001b1d0:	ffffffff ffffffff ffffffff ffffffff     ................
2001b1e0:	ffffffff ffffffff ffffffff ffffffff     ................
2001b1f0:	ffffffff ffffffff ffffffff ffffffff     ................
2001b200:	ffffffff ffffffff ffffffff ffffffff     ................
2001b210:	ffffffff ffffffff ffffffff ffffffff     ................
2001b220:	ffffffff ffffffff ffffffff ffffffff     ................
2001b230:	ffffffff ffffffff ffffffff ffffffff     ................
2001b240:	ffffffff ffffffff ffffffff ffffffff     ................
2001b250:	ffffffff ffffffff ffffffff ffffffff     ................
2001b260:	ffffffff ffffffff ffffffff ffffffff     ................
2001b270:	ffffffff ffffffff ffffffff ffffffff     ................
2001b280:	ffffffff ffffffff ffffffff ffffffff     ................
2001b290:	ffffffff ffffffff ffffffff ffffffff     ................
2001b2a0:	ffffffff ffffffff ffffffff ffffffff     ................
2001b2b0:	0000630c 00210000 00200000 00210000     .c....!... ...!.
2001b2c0:	00200000 00210000 00200000 00200000     .. ...!... ... .
2001b2d0:	c8e9a0a7 d10ac8e9 c0e9c0e9 c0e9c0e9     ................
2001b2e0:	c0e9c0e9 c0e9c0e9 d0eac8e9 98a7c8e9     ................
2001b2f0:	00200000 00210000 00200000 00210000     .. ...!... ...!.
2001b300:	00200000 00210000 00200000 00210000     .. ...!... ...!.
2001b310:	00200000 00210000 00200000 00210000     .. ...!... ...!.
2001b320:	00200000 00210000 00000000 00000000     .. ...!.........
2001b330:	00000000 00200000 00000000 00200000     ...... ....... .
	...
2001b350:	00200000 00210000 00200000 00210000     .. ...!... ...!.
2001b360:	00200000 00210000 00200000 00210000     .. ...!... ...!.
2001b370:	00200000 00210000 28420000 d0eac8e9     .. ...!...B(....
2001b380:	c0e9c0e9 c8e9c0e9 c0e9c0e9 c8e9c0e9     ................
2001b390:	c0e9c0e9 c0e9c0e9 c8eac0e9 c0e9c8e9     ................
2001b3a0:	00006064 00210000 00200000 00210000     d`....!... ...!.
2001b3b0:	00200000 00210000 00210000 dedb31a6     .. ...!...!..1..
2001b3c0:	ffffffff ffffffff ffffffff ffffffff     ................
2001b3d0:	ffffffff ffffffff ffffffff ffffffff     ................
2001b3e0:	ffffffff ffffffff ffffffff ffffffff     ................
2001b3f0:	ffffffff ffffffff ffffffff ffffffff     ................
2001b400:	ffffffff ffffffff ffffffff ffffffff     ................
2001b410:	ffffffff ffffffff ffffffff ffffffff     ................
2001b420:	ffffffff ffffffff ffffffff ffffffff     ................
2001b430:	ffffffff ffffffff ffffffff ffffffff     ................
2001b440:	ffffffff ffffffff ffffffff ffffffff     ................
2001b450:	ffffffff ffffffff ffffffff ffffffff     ................
2001b460:	ffffffff ffffffff ffffffff ffffffff     ................
2001b470:	ffffffff ffffffff ffffffff ffffffff     ................
2001b480:	ffffffff ffffffff ffffffff ffffffff     ................
2001b490:	ffffffff ffffffff ffffffff ffffffff     ................
2001b4a0:	ffffffff ffffffff ffffffff ffffffff     ................
2001b4b0:	9cb3ffff 00200000 00000821 00000821     ...... .!...!...
2001b4c0:	00000821 00000821 00000821 00000821     !...!...!...!...
2001b4d0:	00000000 60650020 c0e9a8c8 c8e9c8ea     .... .e`........
2001b4e0:	c0e9c90a c8e9c90a 5864a0c8 00000020     ..........dX ...
2001b4f0:	00000821 00000821 00000821 00000821     !...!...!...!...
2001b500:	00000821 00000821 00000821 00000821     !...!...!...!...
2001b510:	00000821 00000821 00000821 00000821     !...!...!...!...
2001b520:	00000020 40222822 80866885 a0c890a7      ..."("@.h......
2001b530:	c8e9c90a c0e9d10a d0eac90a c8ead10a     ................
2001b540:	c8e9c90a b8e9c0e9 90a7a8c8 586480a6     ..............dX
2001b550:	00002822 00000000 00000021 00000821     "(......!...!...
2001b560:	00000821 00000821 00000821 00000821     !...!...!...!...
2001b570:	00000821 00000821 00000821 88860000     !...!...!.......
2001b580:	c8e9c8ea c8ead10a c0e9c90a c8e9c90a     ................
2001b590:	c8e9c90a c8e9d10a 88a6d10a 00000020     ............ ...
2001b5a0:	00000821 00000821 00000821 00000821     !...!...!...!...
2001b5b0:	00000821 00000821 5acb0000 ffffffbf     !...!......Z....
2001b5c0:	ffffffff ffffffff ffffffff ffffffff     ................
2001b5d0:	ffffffff ffffffff ffffffff ffffffff     ................
2001b5e0:	ffffffff ffffffff ffffffff ffffffff     ................
2001b5f0:	ffffffff ffffffff ffffffff ffffffff     ................
2001b600:	ffffffff ffffffff ffffffff ffffffff     ................
2001b610:	ffffffff ffffffff ffffffff ffffffff     ................
2001b620:	ffffffff ffffffff ffffffff ffffffff     ................
2001b630:	ffffffff ffffffff ffffffff ffffffff     ................
2001b640:	ffffffff ffffffff ffffffff ffffffff     ................
2001b650:	ffffffff ffffffff ffffffff ffffffff     ................
2001b660:	ffffffff ffffffff ffffffff ffffffff     ................
2001b670:	ffffffff ffffffff ffffffff ffffffff     ................
2001b680:	ffffffff ffffffff ffffffff ffffffff     ................
2001b690:	ffffffff ffffffff ffffffff ffffffff     ................
2001b6a0:	ffffffff ffffffff ffffffff ffffffff     ................
2001b6b0:	ffffffff 1082defb 00210000 00200000     ..........!... .
2001b6c0:	00210000 00200000 00210000 00200000     ..!... ...!... .
2001b6d0:	00210000 00200000 00000000 00000000     ..!... .........
	...
2001b6e8:	00210000 00200000 00210000 00200000     ..!... ...!... .
2001b6f8:	00210000 00200000 00210000 00200000     ..!... ...!... .
2001b708:	00210000 00200000 00210000 00000000     ..!... ...!.....
2001b718:	00000000 78863822 c8ea88a6 d90ac8e9     ...."8.x........
2001b728:	c0e9c8e9 c0e9c0e9 c0e9c0e9 c0e9c0e9     ................
2001b738:	c8e9c0e9 c0e9c0e9 c8e9c0e9 c0e9c0e9     ................
2001b748:	c0e9c0e9 d90ac0e9 d10ad8ea 7886b8e8     ...............x
2001b758:	00005043 00000000 00210000 00200000     CP........!... .
2001b768:	00210000 00200000 00210000 00200000     ..!... ...!... .
2001b778:	00210000 00000000 00200000 90a73042     ..!....... .B0..
2001b788:	b0c990a7 b0c8a8c8 68858886 00203842     ...........hB8 .
2001b798:	00000000 00200000 00210000 00200000     ...... ...!... .
2001b7a8:	00210000 00200000 00210000 00000000     ..!... ...!.....
2001b7b8:	ffffa4f4 ffffffff ffffffff ffffffff     ................
2001b7c8:	ffffffff ffffffff ffffffff ffffffff     ................
2001b7d8:	ffffffff ffffffff ffffffff ffffffff     ................
2001b7e8:	ffffffff ffffffff ffffffff ffffffff     ................
2001b7f8:	ffffffff ffffffff ffffffff ffffffff     ................
2001b808:	ffffffff ffffffff ffffffff ffffffff     ................
2001b818:	ffffffff ffffffff ffffffff ffffffff     ................
2001b828:	ffffffff ffffffff ffffffff ffffffff     ................
2001b838:	ffffffff ffffffff ffffffff ffffffff     ................
2001b848:	ffffffff ffffffff ffffffff ffffffff     ................
2001b858:	ffffffff ffffffff ffffffff ffffffff     ................
2001b868:	ffffffff ffffffff ffffffff ffffffff     ................
2001b878:	ffffffff ffffffff ffffffff ffffffff     ................
2001b888:	ffffffff ffffffff ffffffff ffffffff     ................
2001b898:	ffffffff ffffffff ffffffff ffffffff     ................
2001b8a8:	ffffffff ffffffff ffffffff ffffffff     ................
2001b8b8:	00006b4d 00000821 00000821 00000821     Mk..!...!...!...
2001b8c8:	00000821 00000821 00000821 00000821     !...!...!...!...
2001b8d8:	00000821 00000821 00000821 00000821     !...!...!...!...
2001b8e8:	00000821 00000821 00000821 00000821     !...!...!...!...
2001b8f8:	00000821 00000821 00000821 00000821     !...!...!...!...
2001b908:	00000821 00000821 00000821 50642821     !...!...!...!(dP
2001b918:	c8ea90c7 c0e9e10b c0e9c8ea c0e9c8ea     ................
2001b928:	c0e9c8ea c0e9c8ea c0e9c8ea c0e9c8ea     ................
2001b938:	c0e9c8ea c0e9c8ea c0e9c8ea c0e9c8ea     ................
2001b948:	c0e9c8ea c0e9c8ea c0e9c8ea c0e9c8ea     ................
2001b958:	d0ead90a 6064b0e9 00002021 00000821     ......d`! ..!...
2001b968:	00000821 00000821 00000821 00000821     !...!...!...!...
2001b978:	00000821 00000821 00000821 00000821     !...!...!...!...
	...
2001b994:	00000821 00000821 00000821 00000821     !...!...!...!...
2001b9a4:	00000821 00000821 00000821 00000821     !...!...!...!...
2001b9b4:	e71c4a29 ffffffff ffffffff ffffffff     )J..............
2001b9c4:	ffffffff ffffffff ffffffff ffffffff     ................
2001b9d4:	ffffffff ffffffff ffffffff ffffffff     ................
2001b9e4:	ffffffff ffffffff ffffffff ffffffff     ................
2001b9f4:	ffffffff ffffffff ffffffff ffffffff     ................
2001ba04:	ffffffff ffffffff ffffffff ffffffff     ................
2001ba14:	ffffffff ffffffff ffffffff ffffffff     ................
2001ba24:	ffffffff ffffffff ffffffff ffffffff     ................
2001ba34:	ffffffff ffffffff ffffffff ffffffff     ................
2001ba44:	ffffffff ffffffff ffffffff ffffffff     ................
2001ba54:	ffffffff ffffffff ffffffff ffffffff     ................
2001ba64:	ffffffff ffffffff ffffffff ffffffff     ................
2001ba74:	ffffffff ffffffff ffffffff ffffffff     ................
2001ba84:	ffffffff ffffffff ffffffff ffffffff     ................
2001ba94:	ffffffff ffffffff ffffffff ffffffff     ................
2001baa4:	ffffffff ffffffff ffffffff ffffffff     ................
2001bab4:	ffffffff e6fcffff 000031a6 00200000     .........1.... .
2001bac4:	00210000 00200000 00210000 00200000     ..!... ...!... .
2001bad4:	00210000 00200000 00210000 00200000     ..!... ...!... .
2001bae4:	00210000 00200000 00210000 00200000     ..!... ...!... .
2001baf4:	00210000 00200000 00210000 00200000     ..!... ...!... .
2001bb04:	00210000 00200000 00000000 b0c84043     ..!... .....C@..
2001bb14:	d10ad8ea c0e9c0e9 c8e9c0e9 c0e9c0e9     ................
2001bb24:	c8e9c0e9 c0e9c0e9 c8e9c0e9 c0e9c0e9     ................
2001bb34:	c8e9c0e9 c0e9c0e9 c8e9c0e9 c0e9c0e9     ................
2001bb44:	c8e9c0e9 c0e9c0e9 c8e9c0e9 c0e9c0e9     ................
2001bb54:	c8e9c0e9 c0e9c0e9 c8eac0e9 98c7d0ea     ................
2001bb64:	00003842 00200000 00210000 00200000     B8.... ...!... .
2001bb74:	00210000 00200000 00210000 00200000     ..!... ...!... .
2001bb84:	00210000 00200000 00210000 00200000     ..!... ...!... .
2001bb94:	00210000 00200000 00210000 00200000     ..!... ...!... .
2001bba4:	00210000 00200000 00000000 a4f41082     ..!... .........
2001bbb4:	ffffffff ffffffff ffffffff ffffffff     ................
2001bbc4:	ffffffff ffffffff ffffffff ffffffff     ................
2001bbd4:	ffffffff ffffffff ffffffff ffffffff     ................
2001bbe4:	ffffffff ffffffff ffffffff ffffffff     ................
2001bbf4:	ffffffff ffffffff ffffffff ffffffff     ................
2001bc04:	ffffffff ffffffff ffffffff ffffffff     ................
2001bc14:	ffffffff ffffffff ffffffff ffffffff     ................
2001bc24:	ffffffff ffffffff ffffffff ffffffff     ................
2001bc34:	ffffffff ffffffff ffffffff ffffffff     ................
2001bc44:	ffffffff ffffffff ffffffff ffffffff     ................
2001bc54:	ffffffff ffffffff ffffffff ffffffff     ................
2001bc64:	ffffffff ffffffff ffffffff ffffffff     ................
2001bc74:	ffffffff ffffffff ffffffff ffffffff     ................
2001bc84:	ffffffff ffffffff ffffffff ffffffff     ................
2001bc94:	ffffffff ffffffff ffffffff ffffffff     ................
2001bca4:	ffffffff ffffffff ffffffff ffffffff     ................
2001bcb4:	ffffffff ffffffff c5f8ffff 00003166     ............f1..
2001bcc4:	00000821 00000821 00000821 00000821     !...!...!...!...
2001bcd4:	00000821 00000821 00000821 00000821     !...!...!...!...
2001bce4:	00000821 00000821 00000821 00000821     !...!...!...!...
2001bcf4:	00000821 00000821 00000821 00000821     !...!...!...!...
2001bd04:	00000821 08000021 c0e978a6 c0e9d10a     !...!....x......
2001bd14:	c0e9c8ea c0e9c8ea c0e9c8ea c0e9c8ea     ................
2001bd24:	c0e9c8ea c0e9c8ea c0e9c8ea c0e9c8ea     ................
2001bd34:	c0e9c8ea c0e9c8ea c0e9c8ea c0e9c8ea     ................
2001bd44:	c0e9c8ea c0e9c8ea c0e9c8ea c0e9c8ea     ................
2001bd54:	c0e9c8ea c0e9c8ea c0e9c8ea c0e9c8ea     ................
2001bd64:	b0c8d90a 00001821 00000821 00000821     ....!...!...!...
2001bd74:	00000821 00000821 00000821 00000821     !...!...!...!...
2001bd84:	00000821 00000821 00000821 00000821     !...!...!...!...
2001bd94:	00000821 00000821 00000821 00000821     !...!...!...!...
2001bda4:	00000821 00000821 62ec0000 ffffffff     !...!......b....
2001bdb4:	ffffffff ffffffff ffffffff ffffffff     ................
2001bdc4:	ffffffff ffffffff ffffffff ffffffff     ................
2001bdd4:	ffffffff ffffffff ffffffff ffffffff     ................
2001bde4:	ffffffff ffffffff ffffffff ffffffff     ................
2001bdf4:	ffffffff ffffffff ffffffff ffffffff     ................
2001be04:	ffffffff ffffffff ffffffff ffffffff     ................
2001be14:	ffffffff ffffffff ffffffff ffffffff     ................
2001be24:	ffffffff ffffffff ffffffff ffffffff     ................
2001be34:	ffffffff ffffffff ffffffff ffffffff     ................
2001be44:	ffffffff ffffffff ffffffff ffffffff     ................
2001be54:	ffffffff ffffffff ffffffff ffffffff     ................
2001be64:	ffffffff ffffffff ffffffff ffffffff     ................
2001be74:	ffffffff ffffffff ffffffff ffffffff     ................
2001be84:	ffffffff ffffffff ffffffff ffffffff     ................
2001be94:	ffffffff ffffffff ffffffff ffffffff     ................
2001bea4:	ffffffff ffffffff ffffffff ffffffff     ................
2001beb4:	ffffffff ffffffff ffffffff ce39ffff     ..............9.
2001bec4:	18a34a49 00210000 00200000 00210000     IJ....!... ...!.
2001bed4:	00200000 00210000 00200000 00210000     .. ...!... ...!.
2001bee4:	00200000 00210000 00200000 00210000     .. ...!... ...!.
2001bef4:	00200000 00210000 00200000 00210000     .. ...!... ...!.
2001bf04:	00000000 e10a4843 c0e9c0e9 c8e9c0e9     ....CH..........
2001bf14:	c0e9c0e9 c8e9c0e9 c0e9c0e9 c8e9c0e9     ................
2001bf24:	c0e9c0e9 c8e9c0e9 c0e9c0e9 c8e9c0e9     ................
2001bf34:	c0e9c0e9 c8e9c0e9 c0e9c0e9 c8e9c0e9     ................
2001bf44:	c0e9c0e9 c8e9c0e9 c0e9c0e9 c8e9c0e9     ................
2001bf54:	c0e9c0e9 c8e9c0e9 c0e9c0e9 c8e9c0e9     ................
2001bf64:	c0e9c0e9 5064d90a 00200000 00210000     ......dP.. ...!.
2001bf74:	00200000 00210000 00200000 00210000     .. ...!... ...!.
2001bf84:	00200000 00210000 00200000 00210000     .. ...!... ...!.
2001bf94:	00200000 00210000 00200000 00210000     .. ...!... ...!.
2001bfa4:	00000000 84102925 ffffffff ffffffff     ....%)..........
2001bfb4:	ffffffff ffffffff ffffffff ffffffff     ................
2001bfc4:	ffffffff ffffffff ffffffff ffffffff     ................
2001bfd4:	ffffffff ffffffff ffffffff ffffffff     ................
2001bfe4:	ffffffff ffffffff ffffffff ffffffff     ................
2001bff4:	ffffffff ffffffff ffffffff ffffffff     ................
2001c004:	ffffffff ffffffff ffffffff ffffffff     ................
2001c014:	ffffffff ffffffff ffffffff ffffffff     ................
2001c024:	ffffffff ffffffff ffffffff ffffffff     ................
2001c034:	ffffffff ffffffff ffffffff ffffffff     ................
2001c044:	ffffffff ffffffff ffffffff ffffffff     ................
2001c054:	ffffffff ffffffff ffffffff ffffffff     ................
2001c064:	ffffffff ffffffff ffffffff ffffffff     ................
2001c074:	ffffffff ffffffff ffffffff ffffffff     ................
2001c084:	ffffffff ffffffff ffffffff ffffffff     ................
2001c094:	ffffffff ffffffff ffffffff ffffffff     ................
2001c0a4:	ffffffff ffffffff ffffffff ffffffff     ................
2001c0b4:	ffffffff ffffffff ffffffff ffffffff     ................
2001c0c4:	ffdfffff 000010c1 00000821 00000821     ........!...!...
2001c0d4:	00000821 00000821 00000821 00000821     !...!...!...!...
2001c0e4:	00000821 00000821 00000821 00000821     !...!...!...!...
2001c0f4:	00000821 00000821 00000821 00000821     !...!...!...!...
2001c104:	b8e90000 c0e9d10a c0e9c8ea c0e9c8ea     ................
2001c114:	c0e9c8ea c0e9c8ea c0e9c8ea c0e9c8ea     ................
2001c124:	c0e9c8ea c0e9c8ea c0e9c8ea c0e9c8ea     ................
2001c134:	c0e9c8ea c0e9c8ea c0e9c8ea c0e9c8ea     ................
2001c144:	c0e9c8ea c0e9c8ea c0e9c8ea c0e9c8ea     ................
2001c154:	c0e9c8ea c0e9c8ea c0e9c8ea c0e9c8ea     ................
2001c164:	c0e9c8ea c8eac8ea 00007886 00000821     .........x..!...
2001c174:	00000821 00000821 00000821 00000821     !...!...!...!...
2001c184:	00000821 00000821 00000821 00000821     !...!...!...!...
2001c194:	00000821 00000821 00000821 00000821     !...!...!...!...
2001c1a4:	e71c0841 ffffffff ffffffff ffffffff     A...............
2001c1b4:	ffffffff ffffffff ffffffff ffffffff     ................
2001c1c4:	ffffffff ffffffff ffffffff ffffffff     ................
2001c1d4:	ffffffff ffffffff ffffffff ffffffff     ................
2001c1e4:	ffffffff ffffffff ffffffff ffffffff     ................
2001c1f4:	ffffffff ffffffff ffffffff ffffffff     ................
2001c204:	ffffffff ffffffff ffffffff ffffffff     ................
2001c214:	ffffffff ffffffff ffffffff ffffffff     ................
2001c224:	ffffffff ffffffff ffffffff ffffffff     ................
2001c234:	ffffffff ffffffff ffffffff ffffffff     ................
2001c244:	ffffffff ffffffff ffffffff ffffffff     ................
2001c254:	ffffffff ffffffff ffffffff ffffffff     ................
2001c264:	ffffffff ffffffff ffffffff ffffffff     ................
2001c274:	ffffffff ffffffff ffffffff ffffffff     ................
2001c284:	ffffffff ffffffff ffffffff ffffffff     ................
2001c294:	ffffffff ffffffff ffffffff ffffffff     ................
2001c2a4:	ffffffff ffffffff ffffffff ffffffff     ................
2001c2b4:	ffffffff ffffffff ffffffff ffffffff     ................
2001c2c4:	ffffffff ad55ffff 00210000 00200000     ......U...!... .
2001c2d4:	00210000 00200000 00210000 00200000     ..!... ...!... .
2001c2e4:	00210000 00200000 00210000 00200000     ..!... ...!... .
2001c2f4:	00210000 00200000 00210000 00000000     ..!... ...!.....
2001c304:	c8e9d0e9 c0e9c0e9 c8e9c0e9 c0e9c0e9     ................
2001c314:	c8e9c0e9 c0e9c0e9 c8e9c0e9 c0e9c0e9     ................
2001c324:	c8e9c0e9 c0e9c0e9 c8e9c0e9 c0e9c0e9     ................
2001c334:	c8e9c0e9 c0e9c0e9 c8e9c0e9 c0e9c0e9     ................
2001c344:	c8e9c0e9 c0e9c0e9 c8e9c0e9 c0e9c0e9     ................
2001c354:	c8e9c0e9 c0e9c0e9 c8e9c0e9 c0e9c0e9     ................
2001c364:	c8e9c0e9 c0e9c0e9 0021d0ea 00200000     ..........!... .
2001c374:	00210000 00200000 00210000 00200000     ..!... ...!... .
2001c384:	00210000 00200000 00210000 00200000     ..!... ...!... .
2001c394:	00210000 00200000 00210000 00200000     ..!... ...!... .
2001c3a4:	ffffffff ffffffff ffffffff ffffffff     ................
2001c3b4:	ffffffff ffffffff ffffffff ffffffff     ................
2001c3c4:	ffffffff ffffffff ffffffff ffffffff     ................
2001c3d4:	ffffffff ffffffff ffffffff ffffffff     ................
2001c3e4:	ffffffff ffffffff ffffffff ffffffff     ................
2001c3f4:	ffffffff ffffffff ffffffff ffffffff     ................
2001c404:	ffffffff ffffffff ffffffff ffffffff     ................
2001c414:	ffffffff ffffffff ffffffff ffffffff     ................
2001c424:	ffffffff ffffffff ffffffff ffffffff     ................
2001c434:	ffffffff ffffffff ffffffff ffffffff     ................
2001c444:	ffffffff ffffffff ffffffff ffffffff     ................
2001c454:	ffffffff ffffffff ffffffff ffffffff     ................
2001c464:	ffffffff ffffffff ffffffff ffffffff     ................
2001c474:	ffffffff ffffffff ffffffff ffffffff     ................
2001c484:	ffffffff ffffffff ffffffff ffffffff     ................
2001c494:	ffffffff ffffffff ffffffff ffffffff     ................
2001c4a4:	ffffffff ffffffff ffffffff ffffffff     ................
2001c4b4:	ffffffff ffffffff ffffffff ffffffff     ................
2001c4c4:	ffffffff ffffffff 0000ffff 00000000     ................
2001c4d4:	00000821 00000821 00000821 00000821     !...!...!...!...
2001c4e4:	00000821 00000821 00000821 00000821     !...!...!...!...
2001c4f4:	00000821 00000821 00000821 b8c80000     !...!...!.......
2001c504:	c0e9c90a c0e9c8ea c0e9c8ea c0e9c8ea     ................
2001c514:	c0e9c8ea c0e9c8ea c0e9c8ea c0e9c8ea     ................
2001c524:	c0e9c8ea c0e9c8ea c0e9c8ea c0e9c8ea     ................
2001c534:	c0e9c8ea c0e9c8ea c0e9c8ea c0e9c8ea     ................
2001c544:	c0e9c8ea c0e9c8ea c0e9c8ea c0e9c8ea     ................
2001c554:	c0e9c8ea c0e9c8ea c0e9c8ea c0e9c8ea     ................
2001c564:	c0e9c8ea c0e9c8ea 98a7c90a 00000000     ................
2001c574:	00000821 00000821 00000821 00000821     !...!...!...!...
2001c584:	00000821 00000821 00000821 00000821     !...!...!...!...
2001c594:	00000821 00000821 00000821 ffffb576     !...!...!...v...
2001c5a4:	ffffffff ffffffff ffffffff ffffffff     ................
2001c5b4:	ffffffff ffffffff ffffffff ffffffff     ................
2001c5c4:	ffffffff ffffffff ffffffff ffffffff     ................
2001c5d4:	ffffffff ffffffff ffffffff ffffffff     ................
2001c5e4:	ffffffff ffffffff ffffffff ffffffff     ................
2001c5f4:	ffffffff ffffffff ffffffff ffffffff     ................
2001c604:	ffffffff ffffffff ffffffff ffffffff     ................
2001c614:	ffffffff ffffffff ffffffff ffffffff     ................
2001c624:	ffffffff ffffffff ffffffff ffffffff     ................
2001c634:	ffffffff ffffffff ffffffff ffffffff     ................
2001c644:	ffffffff ffffffff ffffffff ffffffff     ................
2001c654:	ffffffff ffffffff ffffffff ffffffff     ................
2001c664:	ffffffff ffffffff ffffffff ffffffff     ................
2001c674:	ffffffff ffffffff ffffffff ffffffff     ................
2001c684:	ffffffff ffffffff ffffffff ffffffff     ................
2001c694:	ffffffff ffffffff ffffffff ffffffff     ................
2001c6a4:	ffffffff ffffffff ffffffff ffffffff     ................
2001c6b4:	ffffffff ffffffff ffffffff ffffffff     ................
2001c6c4:	ffffffff ffffffff ffffffff 00005acb     .............Z..
2001c6d4:	00200000 00210000 00200000 00210000     .. ...!... ...!.
2001c6e4:	00200000 00210000 00200000 00210000     .. ...!... ...!.
2001c6f4:	00200000 00210000 00200000 c8ea0020     .. ...!... . ...
2001c704:	c0e9c0e9 c8e9c0e9 c0e9c0e9 c8e9c0e9     ................
2001c714:	c0e9c0e9 c8e9c0e9 c0e9c0e9 c8e9c0e9     ................
2001c724:	c0e9c0e9 c8e9c0e9 c0e9c0e9 c8e9c0e9     ................
2001c734:	c0e9c0e9 c8e9c0e9 c0e9c0e9 c8e9c0e9     ................
2001c744:	c0e9c0e9 c8e9c0e9 c0e9c0e9 c8e9c0e9     ................
2001c754:	c0e9c0e9 c8e9c0e9 c0e9c0e9 c8e9c0e9     ................
2001c764:	c0e9c0e9 c8e9c0e9 c0e9c0e9 00210000     ..............!.
2001c774:	00200000 00210000 00200000 00210000     .. ...!... ...!.
2001c784:	00200000 00210000 00200000 00210000     .. ...!... ...!.
2001c794:	00200000 00000000 ffff0000 ffffffff     .. .............
2001c7a4:	ffffffff ffffffff ffffffff ffffffff     ................
2001c7b4:	ffffffff ffffffff ffffffff ffffffff     ................
2001c7c4:	ffffffff ffffffff ffffffff ffffffff     ................
2001c7d4:	ffffffff ffffffff ffffffff ffffffff     ................
2001c7e4:	ffffffff ffffffff ffffffff ffffffff     ................
2001c7f4:	ffffffff ffffffff ffffffff ffffffff     ................
2001c804:	ffffffff ffffffff ffffffff ffffffff     ................
2001c814:	ffffffff ffffffff ffffffff ffffffff     ................
2001c824:	ffffffff ffffffff ffffffff ffffffff     ................
2001c834:	ffffffff ffffffff ffffffff ffffffff     ................
2001c844:	ffffffff ffffffff ffffffff ffffffff     ................
2001c854:	ffffffff ffffffff ffffffff ffffffff     ................
2001c864:	ffffffff ffffffff ffffffff ffffffff     ................
2001c874:	ffffffff ffffffff ffffffff ffffffff     ................
2001c884:	ffffffff ffffffff ffffffff ffffffff     ................
2001c894:	ffffffff ffffffff ffffffff ffffffff     ................
2001c8a4:	ffffffff ffffffff ffffffff ffffffff     ................
2001c8b4:	ffffffff ffffffff ffffffff ffffffff     ................
2001c8c4:	ffffffff ffffffff ffffffff ce59ffff     ..............Y.
2001c8d4:	00000000 00000821 00000821 00000821     ....!...!...!...
2001c8e4:	00000821 00000821 00000821 00000821     !...!...!...!...
2001c8f4:	00000821 00000821 00000821 c8e90041     !...!...!...A...
2001c904:	c0e9c8ea c0e9c8ea c0e9c8ea c0e9c8ea     ................
2001c914:	c0e9c8ea c0e9c8ea c0e9c8ea c0e9c8ea     ................
2001c924:	c0e9c8ea c0e9c8ea c0e9c8ea c0e9c8ea     ................
2001c934:	c0e9c8ea c0e9c8ea c0e9c8ea c0e9c8ea     ................
2001c944:	c0e9c8ea c0e9c8ea c0e9c8ea c0e9c8ea     ................
2001c954:	c0e9c8ea c0e9c8ea c0e9c8ea c0e9c8ea     ................
2001c964:	c0e9c8ea c0e9c8ea 5864d10a 00000821     ..........dX!...
2001c974:	00000821 00000821 00000821 00000821     !...!...!...!...
2001c984:	00000821 00000821 00000821 00000821     !...!...!...!...
2001c994:	00000821 94920000 ffffffff ffffffff     !...............
2001c9a4:	ffffffff ffffffff ffffffff ffffffff     ................
2001c9b4:	ffffffff ffffffff ffffffff ffffffff     ................
2001c9c4:	ffffffff ffffffff ffffffff ffffffff     ................
2001c9d4:	ffffffff ffffffff ffffffff ffffffff     ................
2001c9e4:	ffffffff ffffffff ffffffff ffffffff     ................
2001c9f4:	ffffffff ffffffff ffffffff ffffffff     ................
2001ca04:	ffffffff ffffffff ffffffff ffffffff     ................
2001ca14:	ffffffff ffffffff ffffffff ffffffff     ................
2001ca24:	ffffffff ffffffff ffffffff ffffffff     ................
2001ca34:	ffffffff ffffffff ffffffff ffffffff     ................
2001ca44:	ffffffff ffffffff ffffffff ffffffff     ................
2001ca54:	ffffffff ffffffff ffffffff ffffffff     ................
2001ca64:	ffffffff ffffffff ffffffff ffffffff     ................
2001ca74:	ffffffff ffffffff ffffffff ffffffff     ................
2001ca84:	ffffffff ffffffff ffffffff ffffffff     ................
2001ca94:	ffffffff ffffffff ffffffff ffffffff     ................
2001caa4:	ffffffff ffffffff ffffffff ffffffff     ................
2001cab4:	ffffffff ffffffff ffffffff ffffffff     ................
2001cac4:	ffffffff ffffffff ffffffff ffffffff     ................
2001cad4:	4a29f7be 00200000 00210000 00200000     ..)J.. ...!... .
2001cae4:	00210000 00200000 00210000 00200000     ..!... ...!... .
2001caf4:	00210000 00200000 00210000 d10a0000     ..!... ...!.....
2001cb04:	c8e9c0e9 c0e9c0e9 c8e9c0e9 c0e9c0e9     ................
2001cb14:	c8e9c0e9 c0e9c0e9 c8e9c0e9 c0e9c0e9     ................
2001cb24:	c8e9c0e9 c0e9c0e9 c8e9c0e9 c0e9c0e9     ................
2001cb34:	c8e9c0e9 c0e9c0e9 c8e9c0e9 c0e9c0e9     ................
2001cb44:	c8e9c0e9 c0e9c0e9 c8e9c0e9 c0e9c0e9     ................
2001cb54:	c8e9c0e9 c0e9c0e9 c8e9c0e9 c0e9c0e9     ................
2001cb64:	c8e9c0e9 c0e9c0e9 0000d0ea 00200000     .............. .
2001cb74:	00210000 00200000 00210000 00200000     ..!... ...!... .
2001cb84:	00210000 00200000 00210000 00200000     ..!... ...!... .
2001cb94:	00000000 fffff7be ffffffff ffffffff     ................
2001cba4:	ffffffff ffffffff ffffffff ffffffff     ................
2001cbb4:	ffffffff ffffffff ffffffff ffffffff     ................
2001cbc4:	ffffffff ffffffff ffffffff ffffffff     ................
2001cbd4:	ffffffff ffffffff ffffffff ffffffff     ................
2001cbe4:	ffffffff ffffffff ffffffff ffffffff     ................
2001cbf4:	ffffffff ffffffff ffffffff ffffffff     ................
2001cc04:	ffffffff ffffffff ffffffff ffffffff     ................
2001cc14:	ffffffff ffffffff ffffffff ffffffff     ................
2001cc24:	ffffffff ffffffff ffffffff ffffffff     ................
2001cc34:	ffffffff ffffffff ffffffff ffffffff     ................
2001cc44:	ffffffff ffffffff ffffffff ffffffff     ................
2001cc54:	ffffffff ffffffff ffffffff ffffffff     ................
2001cc64:	ffffffff ffffffff ffffffff ffffffff     ................
2001cc74:	ffffffff ffffffff ffffffff ffffffff     ................
2001cc84:	ffffffff ffffffff ffffffff ffffffff     ................
2001cc94:	ffffffff ffffffff ffffffff ffffffff     ................
2001cca4:	ffffffff ffffffff ffffffff ffffffff     ................
2001ccb4:	ffffffff ffffffff ffffffff ffffffff     ................
2001ccc4:	ffffffff ffffffff ffffffff ffffffff     ................
2001ccd4:	ffffffff 0000e71c 00000821 00000821     ........!...!...
2001cce4:	00000821 00000821 00000821 00000821     !...!...!...!...
2001ccf4:	00000821 00000821 00000821 a8c80821     !...!...!...!...
2001cd04:	c0e9c90a c0e9c8ea c0e9c8ea c0e9c8ea     ................
2001cd14:	c0e9c8ea c0e9c8ea c0e9c8ea c0e9c8ea     ................
2001cd24:	c0e9c8ea c0e9c8ea c0e9c8ea c0e9c8ea     ................
2001cd34:	c0e9c8ea c0e9c8ea c0e9c8ea c0e9c8ea     ................
2001cd44:	c0e9c8ea c0e9c8ea c0e9c8ea c0e9c8ea     ................
2001cd54:	c0e9c8ea c0e9c8ea c0e9c8ea c0e9c8ea     ................
2001cd64:	c0e9c8ea d0eac8ea 00006885 00000821     .........h..!...
2001cd74:	00000821 00000821 00000821 00000821     !...!...!...!...
2001cd84:	00000821 00000821 00000821 00000821     !...!...!...!...
2001cd94:	ffffa4f4 ffffffff ffffffff ffffffff     ................
2001cda4:	ffffffff ffffffff ffffffff ffffffff     ................
2001cdb4:	ffffffff ffffffff ffffffff ffffffff     ................
2001cdc4:	ffffffff ffffffff ffffffff ffffffff     ................
2001cdd4:	ffffffff ffffffff ffffffff ffffffff     ................
2001cde4:	ffffffff ffffffff ffffffff ffffffff     ................
2001cdf4:	ffffffff ffffffff ffffffff ffffffff     ................
2001ce04:	ffffffff ffffffff ffffffff ffffffff     ................
2001ce14:	ffffffff ffffffff ffffffff ffffffff     ................
2001ce24:	ffffffff ffffffff ffffffff ffffffff     ................
2001ce34:	ffffffff ffffffff ffffffff ffffffff     ................
2001ce44:	ffffffff ffffffff ffffffff ffffffff     ................
2001ce54:	ffffffff ffffffff ffffffff ffffffff     ................
2001ce64:	ffffffff ffffffff ffffffff ffffffff     ................
2001ce74:	ffffffff ffffffff ffffffff ffffffff     ................
2001ce84:	ffffffff ffffffff ffffffff ffffffff     ................
2001ce94:	ffffffff ffffffff ffffffff ffffffff     ................
2001cea4:	ffffffff ffffffff ffffffff ffffffff     ................
2001ceb4:	ffffffff ffffffff ffffffff ffffffff     ................
2001cec4:	ffffffff ffffffff ffffffff ffffffff     ................
2001ced4:	ffffffff ffffffff 00009cf3 00210020     ............ .!.
2001cee4:	00200000 00210000 00200000 00210000     .. ...!... ...!.
2001cef4:	00200000 00210000 00200000 00000000     .. ...!... .....
2001cf04:	c0e9c8e9 c8e9c0e9 c0e9c0e9 c8e9c0e9     ................
2001cf14:	c0e9c0e9 c8e9c0e9 c0e9c0e9 c8e9c0e9     ................
2001cf24:	c0e9c0e9 c8e9c0e9 c0e9c0e9 c8e9c0e9     ................
2001cf34:	c0e9c0e9 c8e9c0e9 c0e9c0e9 c8e9c0e9     ................
2001cf44:	c0e9c0e9 c8e9c0e9 c0e9c0e9 c8e9c0e9     ................
2001cf54:	c0e9c0e9 c8e9c0e9 c0e9c0e9 c8e9c0e9     ................
2001cf64:	c0e9c0e9 c0e9c0e9 00200000 00210000     .......... ...!.
2001cf74:	00200000 00210000 00200000 00210000     .. ...!... ...!.
2001cf84:	00200000 00210000 00000000 f79e4208     .. ...!......B..
2001cf94:	ffffffff ffffffff ffffffff ffffffff     ................
2001cfa4:	ffffffff ffffffff ffffffff ffffffff     ................
2001cfb4:	ffffffff ffffffff ffffffff ffffffff     ................
2001cfc4:	ffffffff ffffffff ffffffff ffffffff     ................
2001cfd4:	ffffffff ffffffff ffffffff ffffffff     ................
2001cfe4:	ffffffff ffffffff ffffffff ffffffff     ................
2001cff4:	ffffffff ffffffff ffffffff ffffffff     ................
2001d004:	ffffffff ffffffff ffffffff ffffffff     ................
2001d014:	ffffffff ffffffff ffffffff ffffffff     ................
2001d024:	ffffffff ffffffff ffffffff ffffffff     ................
2001d034:	ffffffff ffffffff ffffffff ffffffff     ................
2001d044:	ffffffff ffffffff ffffffff ffffffff     ................
2001d054:	ffffffff ffffffff ffffffff ffffffff     ................
2001d064:	ffffffff ffffffff ffffffff ffffffff     ................
2001d074:	ffffffff ffffffff ffffffff ffffffff     ................
2001d084:	ffffffff ffffffff ffffffff ffffffff     ................
2001d094:	ffffffff ffffffff ffffffff ffffffff     ................
2001d0a4:	ffffffff ffffffff ffffffff ffffffff     ................
2001d0b4:	ffffffff ffffffff ffffffff ffffffff     ................
2001d0c4:	ffffffff ffffffff ffffffff ffffffff     ................
2001d0d4:	ffffffff ffffffff f79effff 00007baf     .............{..
2001d0e4:	00000821 00000821 00000821 00000821     !...!...!...!...
2001d0f4:	00000821 00000821 00000821 00000821     !...!...!...!...
2001d104:	d0ea2042 c0e9c8ea c0e9c8ea c0e9c8ea     B ..............
2001d114:	c0e9c8ea c0e9c8ea c0e9c8ea c0e9c8ea     ................
2001d124:	c0e9c8ea c0e9c8ea c0e9c8ea c0e9c8ea     ................
2001d134:	c0e9c8ea c0e9c8ea c0e9c8ea c0e9c8ea     ................
2001d144:	c0e9c8ea c0e9c8ea c0e9c8ea c0e9c8ea     ................
2001d154:	c0e9c8ea c0e9c8ea c0e9c8ea c0e9c8ea     ................
2001d164:	c0e9c8ea 0000c90a 00000821 00000821     ........!...!...
2001d174:	00000821 00000821 00000821 00000821     !...!...!...!...
2001d184:	00000821 00000821 e71c0000 ffffffff     !...!...........
2001d194:	ffffffff ffffffff ffffffff ffffffff     ................
2001d1a4:	ffffffff ffffffff ffffffff ffffffff     ................
2001d1b4:	ffffffff ffffffff ffffffff ffffffff     ................
2001d1c4:	ffffffff ffffffff ffffffff ffffffff     ................
2001d1d4:	ffffffff ffffffff ffffffff ffffffff     ................
2001d1e4:	ffffffff ffffffff ffffffff ffffffff     ................
2001d1f4:	ffffffff ffffffff ffffffff ffffffff     ................
2001d204:	ffffffff ffffffff ffffffff ffffffff     ................
2001d214:	ffffffff ffffffff ffffffff ffffffff     ................
2001d224:	ffffffff ffffffff ffffffff ffffffff     ................
2001d234:	ffffffff ffffffff ffffffff ffffffff     ................
2001d244:	ffffffff ffffffff ffffffff ffffffff     ................
2001d254:	ffffffff ffffffff ffffffff ffffffff     ................
2001d264:	ffffffff ffffffff ffffffff ffffffff     ................
2001d274:	ffffffff ffffffff ffffffff ffffffff     ................
2001d284:	ffffffff ffffffff ffffffff ffffffff     ................
2001d294:	ffffffff ffffffff ffffffff ffffffff     ................
2001d2a4:	ffffffff ffffffff ffffffff ffffffff     ................
2001d2b4:	ffffffff ffffffff ffffffff ffffffff     ................
2001d2c4:	ffffffff ffffffff ffffffff ffffffff     ................
2001d2d4:	ffffffff ffffffff ffffffff e71cffff     ................
2001d2e4:	0000528a 00200000 00210000 00200000     .R.... ...!... .
2001d2f4:	00210000 00200000 00210000 00200000     ..!... ...!... .
2001d304:	40630000 c0e9d8ea c8e9c0e9 c0e9c0e9     ..c@............
2001d314:	c8e9c0e9 c0e9c0e9 c8e9c0e9 c0e9c0e9     ................
2001d324:	c8e9c0e9 c0e9c0e9 c8e9c0e9 c0e9c0e9     ................
2001d334:	c8e9c0e9 c0e9c0e9 c8e9c0e9 c0e9c0e9     ................
2001d344:	c8e9c0e9 c0e9c0e9 c8e9c0e9 c0e9c0e9     ................
2001d354:	c8e9c0e9 c0e9c0e9 c8e9c0e9 c0e9c0e9     ................
2001d364:	c8eac0e9 00200000 00210000 00200000     ...... ...!... .
2001d374:	00210000 00200000 00210000 00200000     ..!... ...!... .
2001d384:	00000000 bdd70000 ffffffff ffffffff     ................
2001d394:	ffffffff ffffffff ffffffff ffffffff     ................
2001d3a4:	ffffffff ffffffff ffffffff ffffffff     ................
2001d3b4:	ffffffff ffffffff ffffffff ffffffff     ................
2001d3c4:	ffffffff ffffffff ffffffff ffffffff     ................
2001d3d4:	ffffffff ffffffff ffffffff ffffffff     ................
2001d3e4:	ffffffff ffffffff ffffffff ffffffff     ................
2001d3f4:	ffffffff ffffffff ffffffff ffffffff     ................
2001d404:	ffffffff ffffffff ffffffff ffffffff     ................
2001d414:	ffffffff ffffffff ffffffff ffffffff     ................
2001d424:	ffffffff ffffffff ffffffff ffffffff     ................
2001d434:	ffffffff ffffffff ffffffff ffffffff     ................
2001d444:	ffffffff ffffffff ffffffff ffffffff     ................
2001d454:	ffffffff ffffffff ffffffff ffffffff     ................
2001d464:	ffffffff ffffffff ffffffff ffffffff     ................
2001d474:	ffffffff ffffffff ffffffff ffffffff     ................
2001d484:	ffffffff ffffffff ffffffff ffffffff     ................
2001d494:	ffffffff ffffffff ffffffff ffffffff     ................
2001d4a4:	ffffffff ffffffff ffffffff ffffffff     ................
2001d4b4:	ffffffff ffffffff ffffffff ffffffff     ................
2001d4c4:	ffffffff ffffffff ffffffff ffffffff     ................
2001d4d4:	ffffffff ffffffff ffffffff ffffffff     ................
2001d4e4:	dedbffff 00005acb 00000821 00000821     .....Z..!...!...
2001d4f4:	00000821 00000821 00000821 00000821     !...!...!...!...
2001d504:	08000821 d0ea4863 c0e9c8ea c0e9c8ea     !...cH..........
2001d514:	c0e9c8ea c0e9c8ea c0e9c8ea c0e9c8ea     ................
2001d524:	c0e9c8ea c0e9c8ea c0e9c8ea c0e9c8ea     ................
2001d534:	c0e9c8ea c0e9c8ea c0e9c8ea c0e9c8ea     ................
2001d544:	c0e9c8ea c0e9c8ea c0e9c8ea c0e9c8ea     ................
2001d554:	c0e9c8ea c0e9c8ea c0e9c8ea c0e9c8ea     ................
2001d564:	0000d10a 00000821 00000821 00000821     ....!...!...!...
2001d574:	00000821 00000821 00000821 00000021     !...!...!...!...
2001d584:	c6180000 ffffffff ffffffff ffffffff     ................
2001d594:	ffffffff ffffffff ffffffff ffffffff     ................
2001d5a4:	ffffffff ffffffff ffffffff ffffffff     ................
2001d5b4:	ffffffff ffffffff ffffffff ffffffff     ................
2001d5c4:	ffffffff ffffffff ffffffff ffffffff     ................
2001d5d4:	ffffffff ffffffff ffffffff ffffffff     ................
2001d5e4:	ffffffff ffffffff ffffffff ffffffff     ................
2001d5f4:	ffffffff ffffffff ffffffff ffffffff     ................
2001d604:	ffffffff ffffffff ffffffff ffffffff     ................
2001d614:	ffffffff ffffffff ffffffff ffffffff     ................
2001d624:	ffffffff ffffffff ffffffff ffffffff     ................
2001d634:	ffffffff ffffffff ffffffff ffffffff     ................
2001d644:	ffffffff ffffffff ffffffff ffffffff     ................
2001d654:	ffffffff ffffffff ffffffff ffffffff     ................
2001d664:	ffffffff ffffffff ffffffff ffffffff     ................
2001d674:	ffffffff ffffffff ffffffff ffffffff     ................
2001d684:	ffffffff ffffffff ffffffff ffffffff     ................
2001d694:	ffffffff ffffffff ffffffff ffffffff     ................
2001d6a4:	ffffffff ffffffff ffffffff ffffffff     ................
2001d6b4:	ffffffff ffffffff ffffffff ffffffff     ................
2001d6c4:	ffffffff ffffffff ffffffff ffffffff     ................
2001d6d4:	ffffffff ffffffff ffffffff ffffffff     ................
2001d6e4:	ffffffff dedbffff 0000630c 00210000     .........c....!.
2001d6f4:	00200000 00210000 00200000 00210000     .. ...!... ...!.
2001d704:	00200000 28220000 c8e9d0e9 c8e9c0e9     .. ..."(........
2001d714:	c0e9c0e9 c8e9c0e9 c0e9c0e9 c8e9c0e9     ................
2001d724:	c0e9c0e9 c8e9c0e9 c0e9c0e9 c8e9c0e9     ................
2001d734:	c0e9c0e9 c8e9c0e9 c0e9c0e9 c8e9c0e9     ................
2001d744:	c0e9c0e9 c8e9c0e9 c0e9c0e9 c8e9c0e9     ................
2001d754:	c0e9c0e9 c8e9c0e9 c0e9c0e9 c0e9c8e9     ................
2001d764:	00200000 00210000 00200000 00210000     .. ...!... ...!.
2001d774:	00200000 00210000 00000000 ce5931a6     .. ...!......1Y.
2001d784:	ffffffff ffffffff ffffffff ffffffff     ................
2001d794:	ffffffff ffffffff ffffffff ffffffff     ................
2001d7a4:	ffffffff ffffffff ffffffff ffffffff     ................
2001d7b4:	ffffffff ffffffff ffffffff ffffffff     ................
2001d7c4:	ffffffff ffffffff ffffffff ffffffff     ................
2001d7d4:	ffffffff ffffffff ffffffff ffffffff     ................
2001d7e4:	ffffffff ffffffff ffffffff ffffffff     ................
2001d7f4:	ffffffff ffffffff ffffffff ffffffff     ................
2001d804:	ffffffff ffffffff ffffffff ffffffff     ................
2001d814:	ffffffff ffffffff ffffffff ffffffff     ................
2001d824:	ffffffff ffffffff ffffffff ffffffff     ................
2001d834:	ffffffff ffffffff ffffffff ffffffff     ................
2001d844:	ffffffff ffffffff ffffffff ffffffff     ................
2001d854:	ffffffff ffffffff ffffffff ffffffff     ................
2001d864:	ffffffff ffffffff ffffffff ffffffff     ................
2001d874:	ffffffff ffffffff ffffffff ffffffff     ................
2001d884:	ffffffff ffffffff ffffffff ffffffff     ................
2001d894:	ffffffff ffffffff ffffffff ffffffff     ................
2001d8a4:	ffffffff ffffffff ffffffff ffffffff     ................
2001d8b4:	ffffffff ffffffff ffffffff ffffffff     ................
2001d8c4:	ffffffff ffffffff ffffffff ffffffff     ................
2001d8d4:	ffffffff ffffffff ffffffff ffffffff     ................
2001d8e4:	ffffffff ffffffff f79effff 0000a4f4     ................
2001d8f4:	00000000 00000821 00000821 00000821     ....!...!...!...
2001d904:	00000821 08000821 b0c80020 c0e9d10a     !...!... .......
2001d914:	c0e9c8ea c0e9c8ea c0e9c8ea c0e9c8ea     ................
2001d924:	c0e9c8ea c0e9c8ea c0e9c8ea c0e9c8ea     ................
2001d934:	c0e9c8ea c0e9c8ea c0e9c8ea c0e9c8ea     ................
2001d944:	c0e9c8ea c0e9c8ea c0e9c8ea c0e9c8ea     ................
2001d954:	c0e9c8ea c0e9c8ea d10ac0e9 000090a7     ................
2001d964:	00000821 00000821 00000821 00000821     !...!...!...!...
2001d974:	00000821 00000000 debb8c31 ffffffff     !.......1.......
2001d984:	ffffffff ffffffff ffffffff ffffffff     ................
2001d994:	ffffffff ffffffff ffffffff ffffffff     ................
2001d9a4:	ffffffff ffffffff ffffffff ffffffff     ................
2001d9b4:	ffffffff ffffffff ffffffff ffffffff     ................
2001d9c4:	ffffffff ffffffff ffffffff ffffffff     ................
2001d9d4:	ffffffff ffffffff ffffffff ffffffff     ................
2001d9e4:	ffffffff ffffffff ffffffff ffffffff     ................
2001d9f4:	ffffffff ffffffff ffffffff ffffffff     ................
2001da04:	ffffffff ffffffff ffffffff ffffffff     ................
2001da14:	ffffffff ffffffff ffffffff ffffffff     ................
2001da24:	ffffffff ffffffff ffffffff ffffffff     ................
2001da34:	ffffffff ffffffff ffffffff ffffffff     ................
2001da44:	ffffffff ffffffff ffffffff ffffffff     ................
2001da54:	ffffffff ffffffff ffffffff ffffffff     ................
2001da64:	ffffffff ffffffff ffffffff ffffffff     ................
2001da74:	ffffffff ffffffff ffffffff ffffffff     ................
2001da84:	ffffffff ffffffff ffffffff ffffffff     ................
2001da94:	ffffffff ffffffff ffffffff ffffffff     ................
2001daa4:	ffffffff ffffffff ffffffff ffffffff     ................
2001dab4:	ffffffff ffffffff ffffffff ffffffff     ................
2001dac4:	ffffffff ffffffff ffffffff ffffffff     ................
2001dad4:	ffffffff ffffffff ffffffff ffffffff     ................
2001dae4:	ffffffff ffffffff ffffffff ffffffff     ................
2001daf4:	6b4dc618 00000000 00210000 00200000     ..Mk......!... .
2001db04:	00210000 00200000 00000000 d90a8086     ..!... .........
2001db14:	c8e9c0e9 c0e9c0e9 c8e9c0e9 c0e9c0e9     ................
2001db24:	c8e9c0e9 c0e9c0e9 c8e9c0e9 c0e9c0e9     ................
2001db34:	c8e9c0e9 c0e9c0e9 c8e9c0e9 c0e9c0e9     ................
2001db44:	c8e9c0e9 c0e9c0e9 c8e9c0e9 c0e9c0e9     ................
2001db54:	c8e9c0e9 c8eac0e9 5864c8e9 00200000     ..........dX.. .
2001db64:	00210000 00200000 00210000 00200000     ..!... ...!... .
2001db74:	4a490000 ef5dad75 ffffffff ffffffff     ..IJu.].........
2001db84:	ffffffff ffffffff ffffffff ffffffff     ................
2001db94:	ffffffff ffffffff ffffffff ffffffff     ................
2001dba4:	ffffffff ffffffff ffffffff ffffffff     ................
2001dbb4:	ffffffff ffffffff ffffffff ffffffff     ................
2001dbc4:	ffffffff ffffffff ffffffff ffffffff     ................
2001dbd4:	ffffffff ffffffff ffffffff ffffffff     ................
2001dbe4:	ffffffff ffffffff ffffffff ffffffff     ................
2001dbf4:	ffffffff ffffffff ffffffff ffffffff     ................
2001dc04:	ffffffff ffffffff ffffffff ffffffff     ................
2001dc14:	ffffffff ffffffff ffffffff ffffffff     ................
2001dc24:	ffffffff ffffffff ffffffff ffffffff     ................
2001dc34:	ffffffff ffffffff ffffffff ffffffff     ................
2001dc44:	ffffffff ffffffff ffffffff ffffffff     ................
2001dc54:	ffffffff ffffffff ffffffff ffffffff     ................
2001dc64:	ffffffff ffffffff ffffffff ffffffff     ................
2001dc74:	ffffffff ffffffff ffffffff ffffffff     ................
2001dc84:	ffffffff ffffffff ffffffff ffffffff     ................
2001dc94:	ffffffff ffffffff ffffffff ffffffff     ................
2001dca4:	ffffffff ffffffff ffffffff ffffffff     ................
2001dcb4:	ffffffff ffffffff ffffffff ffffffff     ................
2001dcc4:	ffffffff ffffffff ffffffff ffffffff     ................
2001dcd4:	ffffffff ffffffff ffffffff ffffffff     ................
2001dce4:	ffffffff ffffffff ffffffff ffffffff     ................
2001dcf4:	ffffffff 2124ffdf 00000000 00000821     ......$!....!...
2001dd04:	00000821 00000821 00000821 10210800     !...!...!.....!.
2001dd14:	d0eac0e9 c0e9c8ea c0e9c8ea c0e9c8ea     ................
2001dd24:	c0e9c8ea c0e9c8ea c0e9c8ea c0e9c8ea     ................
2001dd34:	c0e9c8ea c0e9c8ea c0e9c8ea c0e9c8ea     ................
2001dd44:	c0e9c8ea c0e9c8ea c0e9c8ea c0e9c8ea     ................
2001dd54:	c0e9c8ea a0c7d10a 00000000 00000821     ............!...
2001dd64:	00000821 00000821 00000821 00000821     !...!...!...!...
2001dd74:	ffffce39 ffffffff ffffffff ffffffff     9...............
2001dd84:	ffffffff ffffffff ffffffff ffffffff     ................
2001dd94:	ffffffff ffffffff ffffffff ffffffff     ................
2001dda4:	ffffffff ffffffff ffffffff ffffffff     ................
2001ddb4:	ffffffff ffffffff ffffffff ffffffff     ................
2001ddc4:	ffffffff ffffffff ffffffff ffffffff     ................
2001ddd4:	ffffffff ffffffff ffffffff ffffffff     ................
2001dde4:	ffffffff ffffffff ffffffff ffffffff     ................
2001ddf4:	ffffffff ffffffff ffffffff ffffffff     ................
2001de04:	ffffffff ffffffff ffffffff ffffffff     ................
2001de14:	ffffffff ffffffff ffffffff ffffffff     ................
2001de24:	ffffffff ffffffff ffffffff ffffffff     ................
2001de34:	ffffffff ffffffff ffffffff ffffffff     ................
2001de44:	ffffffff ffffffff ffffffff ffffffff     ................
2001de54:	ffffffff ffffffff ffffffff ffffffff     ................
2001de64:	ffffffff ffffffff ffffffff ffffffff     ................
2001de74:	ffffffff ffffffff ffffffff ffffffff     ................
2001de84:	ffffffff ffffffff ffffffff ffffffff     ................
2001de94:	ffffffff ffffffff ffffffff ffffffff     ................
2001dea4:	ffffffff ffffffff ffffffff ffffffff     ................
2001deb4:	ffffffff ffffffff ffffffff ffffffff     ................
2001dec4:	ffffffff ffffffff ffffffff ffffffff     ................
2001ded4:	ffffffff ffffffff ffffffff ffffffff     ................
2001dee4:	ffffffff ffffffff ffffffff ffffffff     ................
2001def4:	ffffffff ffffffff 00002965 00210000     ........e)....!.
2001df04:	00200000 00210000 00200000 08210000     .. ...!... ...!.
2001df14:	60850000 d0eac0e9 c0e9c0e9 c8e9c0e9     ...`............
2001df24:	c0e9c0e9 c8e9c0e9 c0e9c0e9 c8e9c0e9     ................
2001df34:	c0e9c0e9 c8e9c0e9 c0e9c0e9 c8e9c0e9     ................
2001df44:	c0e9c0e9 c8e9c0e9 c0e9c0e9 c8e9c0e9     ................
2001df54:	c0e9c8e9 00001821 00200000 00210000     ....!..... ...!.
2001df64:	00200000 00210000 00210000 dedb0000     .. ...!...!.....
2001df74:	ffffffff ffffffff ffffffff ffffffff     ................
2001df84:	ffffffff ffffffff ffffffff ffffffff     ................
2001df94:	ffffffff ffffffff ffffffff ffffffff     ................
2001dfa4:	ffffffff ffffffff ffffffff ffffffff     ................
2001dfb4:	ffffffff ffffffff ffffffff ffffffff     ................
2001dfc4:	ffffffff ffffffff ffffffff ffffffff     ................
2001dfd4:	ffffffff ffffffff ffffffff ffffffff     ................
2001dfe4:	ffffffff ffffffff ffffffff ffffffff     ................
2001dff4:	ffffffff ffffffff ffffffff ffffffff     ................
2001e004:	ffffffff ffffffff ffffffff ffffffff     ................
2001e014:	ffffffff ffffffff ffffffff ffffffff     ................
2001e024:	ffffffff ffffffff ffffffff ffffffff     ................
2001e034:	ffffffff ffffffff ffffffff ffffffff     ................
2001e044:	ffffffff ffffffff ffffffff ffffffff     ................
2001e054:	ffffffff ffffffff ffffffff ffffffff     ................
2001e064:	ffffffff ffffffff ffffffff ffffffff     ................
2001e074:	ffffffff ffffffff ffffffff ffffffff     ................
2001e084:	ffffffff ffffffff ffffffff ffffffff     ................
2001e094:	ffffffff ffffffff ffffffff ffffffff     ................
2001e0a4:	ffffffff ffffffff ffffffff ffffffff     ................
2001e0b4:	ffffffff ffffffff ffffffff ffffffff     ................
2001e0c4:	ffffffff ffffffff ffffffff ffffffff     ................
2001e0d4:	ffffffff ffffffff ffffffff ffffffff     ................
2001e0e4:	ffffffff ffffffff ffffffff ffffffff     ................
2001e0f4:	ffffffff ffffffff 528affff 00000000     ...........R....
2001e104:	00000821 00000821 00000821 00000821     !...!...!...!...
2001e114:	00000821 80860000 c8e9c90a c0e9c8ea     !...............
2001e124:	c0e9c8ea c0e9c8ea c0e9c8ea c0e9c8ea     ................
2001e134:	c0e9c8ea c0e9c8ea c0e9c8ea c0e9c8ea     ................
2001e144:	c0e9c8ea c0e9c8ea c0e9c8ea c0e9d10a     ................
2001e154:	00002842 00000821 00000821 00000821     B(..!...!...!...
2001e164:	00000821 00000821 00000821 fffff77e     !...!...!...~...
2001e174:	ffffffff ffffffff ffffffff ffffffff     ................
2001e184:	ffffffff ffffffff ffffffff ffffffff     ................
2001e194:	ffffffff ffffffff ffffffff ffffffff     ................
2001e1a4:	ffffffff ffffffff ffffffff ffffffff     ................
2001e1b4:	ffffffff ffffffff ffffffff ffffffff     ................
2001e1c4:	ffffffff ffffffff ffffffff ffffffff     ................
2001e1d4:	ffffffff ffffffff ffffffff ffffffff     ................
2001e1e4:	ffffffff ffffffff ffffffff ffffffff     ................
2001e1f4:	ffffffff ffffffff ffffffff ffffffff     ................
2001e204:	ffffffff ffffffff ffffffff ffffffff     ................
2001e214:	ffffffff ffffffff ffffffff ffffffff     ................
2001e224:	ffffffff ffffffff ffffffff ffffffff     ................
2001e234:	ffffffff ffffffff ffffffff ffffffff     ................
2001e244:	ffffffff ffffffff ffffffff ffffffff     ................
2001e254:	ffffffff ffffffff ffffffff ffffffff     ................
2001e264:	ffffffff ffffffff ffffffff ffffffff     ................
2001e274:	ffffffff ffffffff ffffffff ffffffff     ................
2001e284:	ffffffff ffffffff ffffffff ffffffff     ................
2001e294:	ffffffff ffffffff ffffffff ffffffff     ................
2001e2a4:	ffffffff ffffffff ffffffff ffffffff     ................
2001e2b4:	ffffffff ffffffff ffffffff ffffffff     ................
2001e2c4:	ffffffff ffffffff ffffffff ffffffff     ................
2001e2d4:	ffffffff ffffffff ffffffff ffffffff     ................
2001e2e4:	ffffffff ffffffff ffffffff ffffffff     ................
2001e2f4:	ffffffff ffffffff ffffffff 000073ae     .............s..
2001e304:	00210000 00200000 00210000 00200000     ..!... ...!... .
2001e314:	00210000 00200000 50640000 d10ab8c8     ..!... ...dP....
2001e324:	c8e9c8e9 c0e9c0e9 c8e9c0e9 c0e9c0e9     ................
2001e334:	c8e9c0e9 c0e9c0e9 c8e9c0e9 c0e9c0e9     ................
2001e344:	c8e9c0e9 c8eac0e9 b8e9d0ea 00000021     ............!...
2001e354:	00210000 00200000 00210000 00200000     ..!... ...!... .
2001e364:	00210000 00000000 ef5d3166 ffffffff     ..!.....f1].....
2001e374:	ffffffff ffffffff ffffffff ffffffff     ................
2001e384:	ffffffff ffffffff ffffffff ffffffff     ................
2001e394:	ffffffff ffffffff ffffffff ffffffff     ................
2001e3a4:	ffffffff ffffffff ffffffff ffffffff     ................
2001e3b4:	ffffffff ffffffff ffffffff ffffffff     ................
2001e3c4:	ffffffff ffffffff ffffffff ffffffff     ................
2001e3d4:	ffffffff ffffffff ffffffff ffffffff     ................
2001e3e4:	ffffffff ffffffff ffffffff ffffffff     ................
2001e3f4:	ffffffff ffffffff ffffffff ffffffff     ................
2001e404:	ffffffff ffffffff ffffffff ffffffff     ................
2001e414:	ffffffff ffffffff ffffffff ffffffff     ................
2001e424:	ffffffff ffffffff ffffffff ffffffff     ................
2001e434:	ffffffff ffffffff ffffffff ffffffff     ................
2001e444:	ffffffff ffffffff ffffffff ffffffff     ................
2001e454:	ffffffff ffffffff ffffffff ffffffff     ................
2001e464:	ffffffff ffffffff ffffffff ffffffff     ................
2001e474:	ffffffff ffffffff ffffffff ffffffff     ................
2001e484:	ffffffff ffffffff ffffffff ffffffff     ................
2001e494:	ffffffff ffffffff ffffffff ffffffff     ................
2001e4a4:	ffffffff ffffffff ffffffff ffffffff     ................
2001e4b4:	ffffffff ffffffff ffffffff ffffffff     ................
2001e4c4:	ffffffff ffffffff ffffffff ffffffff     ................
2001e4d4:	ffffffff ffffffff ffffffff ffffffff     ................
2001e4e4:	ffffffff ffffffff ffffffff ffffffff     ................
2001e4f4:	ffffffff ffffffff ffffffff ad55ffff     ..............U.
2001e504:	00000000 00000821 00000821 00000821     ....!...!...!...
2001e514:	00000821 00000821 00000821 00200000     !...!...!..... .
2001e524:	b8e978a6 c8e9d90b c8e9c8ea c0e9c8ea     .x..............
2001e534:	c0e9c8ea c0e9c8ea c0e9c8ea c8e9c8ea     ................
2001e544:	d0eac90a 4863c0e9 00000040 00000821     ......cH@...!...
2001e554:	00000821 00000821 00000821 00000821     !...!...!...!...
2001e564:	00000821 6b4d0000 ffffffff ffffffff     !.....Mk........
2001e574:	ffffffff ffffffff ffffffff ffffffff     ................
2001e584:	ffffffff ffffffff ffffffff ffffffff     ................
2001e594:	ffffffff ffffffff ffffffff ffffffff     ................
2001e5a4:	ffffffff ffffffff ffffffff ffffffff     ................
2001e5b4:	ffffffff ffffffff ffffffff ffffffff     ................
2001e5c4:	ffffffff ffffffff ffffffff ffffffff     ................
2001e5d4:	ffffffff ffffffff ffffffff ffffffff     ................
2001e5e4:	ffffffff ffffffff ffffffff ffffffff     ................
2001e5f4:	ffffffff ffffffff ffffffff ffffffff     ................
2001e604:	ffffffff ffffffff ffffffff ffffffff     ................
2001e614:	ffffffff ffffffff ffffffff ffffffff     ................
2001e624:	ffffffff ffffffff ffffffff ffffffff     ................
2001e634:	ffffffff ffffffff ffffffff ffffffff     ................
2001e644:	ffffffff ffffffff ffffffff ffffffff     ................
2001e654:	ffffffff ffffffff ffffffff ffffffff     ................
2001e664:	ffffffff ffffffff ffffffff ffffffff     ................
2001e674:	ffffffff ffffffff ffffffff ffffffff     ................
2001e684:	ffffffff ffffffff ffffffff ffffffff     ................
2001e694:	ffffffff ffffffff ffffffff ffffffff     ................
2001e6a4:	ffffffff ffffffff ffffffff ffffffff     ................
2001e6b4:	ffffffff ffffffff ffffffff ffffffff     ................
2001e6c4:	ffffffff ffffffff ffffffff ffffffff     ................
2001e6d4:	ffffffff ffffffff ffffffff ffffffff     ................
2001e6e4:	ffffffff ffffffff ffffffff ffffffff     ................
2001e6f4:	ffffffff ffffffff ffffffff ffffffff     ................
2001e704:	2925d6ba 00210000 00200000 00210000     ..%)..!... ...!.
2001e714:	00200000 00210000 00200000 00210000     .. ...!... ...!.
2001e724:	00000000 00410000 b8e990a7 d10ab8c9     ......A.........
2001e734:	d10ad0ea d90ad0ea c0e9c8e9 7886a0a7     ...............x
2001e744:	00000020 00000000 00200000 00210000      ......... ...!.
2001e754:	00200000 00210000 00200000 00210000     .. ...!... ...!.
2001e764:	00000000 ffffad75 ffffffff ffffffff     ....u...........
2001e774:	ffffffff ffffffff ffffffff ffffffff     ................
2001e784:	ffffffff ffffffff ffffffff ffffffff     ................
2001e794:	ffffffff ffffffff ffffffff ffffffff     ................
2001e7a4:	ffffffff ffffffff ffffffff ffffffff     ................
2001e7b4:	ffffffff ffffffff ffffffff ffffffff     ................
2001e7c4:	ffffffff ffffffff ffffffff ffffffff     ................
2001e7d4:	ffffffff ffffffff ffffffff ffffffff     ................
2001e7e4:	ffffffff ffffffff ffffffff ffffffff     ................
2001e7f4:	ffffffff ffffffff ffffffff ffffffff     ................
2001e804:	ffffffff ffffffff ffffffff ffffffff     ................
2001e814:	ffffffff ffffffff ffffffff ffffffff     ................
2001e824:	ffffffff ffffffff ffffffff ffffffff     ................
2001e834:	ffffffff ffffffff ffffffff ffffffff     ................
2001e844:	ffffffff ffffffff ffffffff ffffffff     ................
2001e854:	ffffffff ffffffff ffffffff ffffffff     ................
2001e864:	ffffffff ffffffff ffffffff ffffffff     ................
2001e874:	ffffffff ffffffff ffffffff ffffffff     ................
2001e884:	ffffffff ffffffff ffffffff ffffffff     ................
2001e894:	ffffffff ffffffff ffffffff ffffffff     ................
2001e8a4:	ffffffff ffffffff ffffffff ffffffff     ................
2001e8b4:	ffffffff ffffffff ffffffff ffffffff     ................
2001e8c4:	ffffffff ffffffff ffffffff ffffffff     ................
2001e8d4:	ffffffff ffffffff ffffffff ffffffff     ................
2001e8e4:	ffffffff ffffffff ffffffff ffffffff     ................
2001e8f4:	ffffffff ffffffff ffffffff ffffffff     ................
2001e904:	ffffffff 000062cc 00000821 00000821     .....b..!...!...
2001e914:	00000821 00000821 00000821 00000821     !...!...!...!...
2001e924:	00000821 00000821 00000020 00000000     !...!... .......
	...
2001e944:	00000821 00000821 00000821 00000821     !...!...!...!...
2001e954:	00000821 00000821 00000821 00000821     !...!...!...!...
2001e964:	defb3186 ffffffff ffffffff ffffffff     .1..............
2001e974:	ffffffff ffffffff ffffffff ffffffff     ................
2001e984:	ffffffff ffffffff ffffffff ffffffff     ................
2001e994:	ffffffff ffffffff ffffffff ffffffff     ................
2001e9a4:	ffffffff ffffffff ffffffff ffffffff     ................
2001e9b4:	ffffffff ffffffff ffffffff ffffffff     ................
2001e9c4:	ffffffff ffffffff ffffffff ffffffff     ................
2001e9d4:	ffffffff ffffffff ffffffff ffffffff     ................
2001e9e4:	ffffffff ffffffff ffffffff ffffffff     ................
2001e9f4:	ffffffff ffffffff ffffffff ffffffff     ................
2001ea04:	ffffffff ffffffff ffffffff ffffffff     ................
2001ea14:	ffffffff ffffffff ffffffff ffffffff     ................
2001ea24:	ffffffff ffffffff ffffffff ffffffff     ................
2001ea34:	ffffffff ffffffff ffffffff ffffffff     ................
2001ea44:	ffffffff ffffffff ffffffff ffffffff     ................
2001ea54:	ffffffff ffffffff ffffffff ffffffff     ................
2001ea64:	ffffffff ffffffff ffffffff ffffffff     ................
2001ea74:	ffffffff ffffffff ffffffff ffffffff     ................
2001ea84:	ffffffff ffffffff ffffffff ffffffff     ................
2001ea94:	ffffffff ffffffff ffffffff ffffffff     ................
2001eaa4:	ffffffff ffffffff ffffffff ffffffff     ................
2001eab4:	ffffffff ffffffff ffffffff ffffffff     ................
2001eac4:	ffffffff ffffffff ffffffff ffffffff     ................
2001ead4:	ffffffff ffffffff ffffffff ffffffff     ................
2001eae4:	ffffffff ffffffff ffffffff ffffffff     ................
2001eaf4:	ffffffff ffffffff ffffffff ffffffff     ................
2001eb04:	ffffffff e6fcffff 00000000 00200000     .............. .
2001eb14:	00210000 00200000 00210000 00200000     ..!... ...!... .
2001eb24:	00210000 00200000 00210000 00200000     ..!... ...!... .
2001eb34:	00210000 00200000 00210000 00200000     ..!... ...!... .
2001eb44:	00210000 00200000 00210000 00200000     ..!... ...!... .
2001eb54:	00210000 00200000 00210000 9cf30000     ..!... ...!.....
2001eb64:	ffffffff ffffffff ffffffff ffffffff     ................
2001eb74:	ffffffff ffffffff ffffffff ffffffff     ................
2001eb84:	ffffffff ffffffff ffffffff ffffffff     ................
2001eb94:	ffffffff ffffffff ffffffff ffffffff     ................
2001eba4:	ffffffff ffffffff ffffffff ffffffff     ................
2001ebb4:	ffffffff ffffffff ffffffff ffffffff     ................
2001ebc4:	ffffffff ffffffff ffffffff ffffffff     ................
2001ebd4:	ffffffff ffffffff ffffffff ffffffff     ................
2001ebe4:	ffffffff ffffffff ffffffff ffffffff     ................
2001ebf4:	ffffffff ffffffff ffffffff ffffffff     ................
2001ec04:	ffffffff ffffffff ffffffff ffffffff     ................
2001ec14:	ffffffff ffffffff ffffffff ffffffff     ................
2001ec24:	ffffffff ffffffff ffffffff ffffffff     ................
2001ec34:	ffffffff ffffffff ffffffff ffffffff     ................
2001ec44:	ffffffff ffffffff ffffffff ffffffff     ................
2001ec54:	ffffffff ffffffff ffffffff ffffffff     ................
2001ec64:	ffffffff ffffffff ffffffff ffffffff     ................
2001ec74:	ffffffff ffffffff ffffffff ffffffff     ................
2001ec84:	ffffffff ffffffff ffffffff ffffffff     ................
2001ec94:	ffffffff ffffffff ffffffff ffffffff     ................
2001eca4:	ffffffff ffffffff ffffffff ffffffff     ................
2001ecb4:	ffffffff ffffffff ffffffff ffffffff     ................
2001ecc4:	ffffffff ffffffff ffffffff ffffffff     ................
2001ecd4:	ffffffff ffffffff ffffffff ffffffff     ................
2001ece4:	ffffffff ffffffff ffffffff ffffffff     ................
2001ecf4:	ffffffff ffffffff ffffffff ffffffff     ................
2001ed04:	ffffffff ffffffff 9cf3ffff 00000000     ................
2001ed14:	00000821 00000821 00000821 00000821     !...!...!...!...
2001ed24:	00000821 00000821 00000821 00000821     !...!...!...!...
2001ed34:	00000821 00000821 00000821 00000821     !...!...!...!...
2001ed44:	00000821 00000821 00000821 00000821     !...!...!...!...
2001ed54:	00000821 00000821 29250000 ffffffff     !...!.....%)....
2001ed64:	ffffffff ffffffff ffffffff ffffffff     ................
2001ed74:	ffffffff ffffffff ffffffff ffffffff     ................
2001ed84:	ffffffff ffffffff ffffffff ffffffff     ................
2001ed94:	ffffffff ffffffff ffffffff ffffffff     ................
2001eda4:	ffffffff ffffffff ffffffff ffffffff     ................
2001edb4:	ffffffff ffffffff ffffffff ffffffff     ................
2001edc4:	ffffffff ffffffff ffffffff ffffffff     ................
2001edd4:	ffffffff ffffffff ffffffff ffffffff     ................
2001ede4:	ffffffff ffffffff ffffffff ffffffff     ................
2001edf4:	ffffffff ffffffff ffffffff ffffffff     ................
2001ee04:	ffffffff ffffffff ffffffff ffffffff     ................
2001ee14:	ffffffff ffffffff ffffffff ffffffff     ................
2001ee24:	ffffffff ffffffff ffffffff ffffffff     ................
2001ee34:	ffffffff ffffffff ffffffff ffffffff     ................
2001ee44:	ffffffff ffffffff ffffffff ffffffff     ................
2001ee54:	ffffffff ffffffff ffffffff ffffffff     ................
2001ee64:	ffffffff ffffffff ffffffff ffffffff     ................
2001ee74:	ffffffff ffffffff ffffffff ffffffff     ................
2001ee84:	ffffffff ffffffff ffffffff ffffffff     ................
2001ee94:	ffffffff ffffffff ffffffff ffffffff     ................
2001eea4:	ffffffff ffffffff ffffffff ffffffff     ................
2001eeb4:	ffffffff ffffffff ffffffff ffffffff     ................
2001eec4:	ffffffff ffffffff ffffffff ffffffff     ................
2001eed4:	ffffffff ffffffff ffffffff ffffffff     ................
2001eee4:	ffffffff ffffffff ffffffff ffffffff     ................
2001eef4:	ffffffff ffffffff ffffffff ffffffff     ................
2001ef04:	ffffffff ffffffff ffffffff 8c31ffff     ..............1.
2001ef14:	00000000 00210000 00200000 00210000     ......!... ...!.
2001ef24:	00200000 00210000 00200000 00210000     .. ...!... ...!.
2001ef34:	00200000 00210000 00200000 00210000     .. ...!... ...!.
2001ef44:	00200000 00210000 00200000 00210000     .. ...!... ...!.
2001ef54:	00200000 31660000 ffffef7d ffffffff     .. ...f1}.......
2001ef64:	ffffffff ffffffff ffffffff ffffffff     ................
2001ef74:	ffffffff ffffffff ffffffff ffffffff     ................
2001ef84:	ffffffff ffffffff ffffffff ffffffff     ................
2001ef94:	ffffffff ffffffff ffffffff ffffffff     ................
2001efa4:	ffffffff ffffffff ffffffff ffffffff     ................
2001efb4:	ffffffff ffffffff ffffffff ffffffff     ................
2001efc4:	ffffffff ffffffff ffffffff ffffffff     ................
2001efd4:	ffffffff ffffffff ffffffff ffffffff     ................
2001efe4:	ffffffff ffffffff ffffffff ffffffff     ................
2001eff4:	ffffffff ffffffff ffffffff ffffffff     ................
2001f004:	ffffffff ffffffff ffffffff ffffffff     ................
2001f014:	ffffffff ffffffff ffffffff ffffffff     ................
2001f024:	ffffffff ffffffff ffffffff ffffffff     ................
2001f034:	ffffffff ffffffff ffffffff ffffffff     ................
2001f044:	ffffffff ffffffff ffffffff ffffffff     ................
2001f054:	ffffffff ffffffff ffffffff ffffffff     ................
2001f064:	ffffffff ffffffff ffffffff ffffffff     ................
2001f074:	ffffffff ffffffff ffffffff ffffffff     ................
2001f084:	ffffffff ffffffff ffffffff ffffffff     ................
2001f094:	ffffffff ffffffff ffffffff ffffffff     ................
2001f0a4:	ffffffff ffffffff ffffffff ffffffff     ................
2001f0b4:	ffffffff ffffffff ffffffff ffffffff     ................
2001f0c4:	ffffffff ffffffff ffffffff ffffffff     ................
2001f0d4:	ffffffff ffffffff ffffffff ffffffff     ................
2001f0e4:	ffffffff ffffffff ffffffff ffffffff     ................
2001f0f4:	ffffffff ffffffff ffffffff ffffffff     ................
2001f104:	ffffffff ffffffff ffffffff ffffffff     ................
2001f114:	ad75ffff 00000000 00000821 00000821     ..u.....!...!...
2001f124:	00000821 00000821 00000821 00000821     !...!...!...!...
2001f134:	00000821 00000821 00000821 00000821     !...!...!...!...
2001f144:	00000821 00000821 00000821 00000821     !...!...!...!...
2001f154:	29450000 fffff79e ffffffff ffffffff     ..E)............
2001f164:	ffffffff ffffffff ffffffff ffffffff     ................
2001f174:	ffffffff ffffffff ffffffff ffffffff     ................
2001f184:	ffffffff ffffffff ffffffff ffffffff     ................
2001f194:	ffffffff ffffffff ffffffff ffffffff     ................
2001f1a4:	ffffffff ffffffff ffffffff ffffffff     ................
2001f1b4:	ffffffff ffffffff ffffffff ffffffff     ................
2001f1c4:	ffffffff ffffffff ffffffff ffffffff     ................
2001f1d4:	ffffffff ffffffff ffffffff ffffffff     ................
2001f1e4:	ffffffff ffffffff ffffffff ffffffff     ................
2001f1f4:	ffffffff ffffffff ffffffff ffffffff     ................
2001f204:	ffffffff ffffffff ffffffff ffffffff     ................
2001f214:	ffffffff ffffffff ffffffff ffffffff     ................
2001f224:	ffffffff ffffffff ffffffff ffffffff     ................
2001f234:	ffffffff ffffffff ffffffff ffffffff     ................
2001f244:	ffffffff ffffffff ffffffff ffffffff     ................
2001f254:	ffffffff ffffffff ffffffff ffffffff     ................
2001f264:	ffffffff ffffffff ffffffff ffffffff     ................
2001f274:	ffffffff ffffffff ffffffff ffffffff     ................
2001f284:	ffffffff ffffffff ffffffff ffffffff     ................
2001f294:	ffffffff ffffffff ffffffff ffffffff     ................
2001f2a4:	ffffffff ffffffff ffffffff ffffffff     ................
2001f2b4:	ffffffff ffffffff ffffffff ffffffff     ................
2001f2c4:	ffffffff ffffffff ffffffff ffffffff     ................
2001f2d4:	ffffffff ffffffff ffffffff ffffffff     ................
2001f2e4:	ffffffff ffffffff ffffffff ffffffff     ................
2001f2f4:	ffffffff ffffffff ffffffff ffffffff     ................
2001f304:	ffffffff ffffffff ffffffff ffffffff     ................
2001f314:	ffffffff f79effdf 00006b4d 00000000     ........Mk......
2001f324:	00210000 00200000 00210000 00200000     ..!... ...!... .
2001f334:	00210000 00200000 00210000 00200000     ..!... ...!... .
2001f344:	00210000 00200000 00000000 dedb39c7     ..!... ......9..
2001f354:	ffffffdf ffffffff ffffffff ffffffff     ................
2001f364:	ffffffff ffffffff ffffffff ffffffff     ................
2001f374:	ffffffff ffffffff ffffffff ffffffff     ................
2001f384:	ffffffff ffffffff ffffffff ffffffff     ................
2001f394:	ffffffff ffffffff ffffffff ffffffff     ................
2001f3a4:	ffffffff ffffffff ffffffff ffffffff     ................
2001f3b4:	ffffffff ffffffff ffffffff ffffffff     ................
2001f3c4:	ffffffff ffffffff ffffffff ffffffff     ................
2001f3d4:	ffffffff ffffffff ffffffff ffffffff     ................
2001f3e4:	ffffffff ffffffff ffffffff ffffffff     ................
2001f3f4:	ffffffff ffffffff ffffffff ffffffff     ................
2001f404:	ffffffff ffffffff ffffffff ffffffff     ................
2001f414:	ffffffff ffffffff ffffffff ffffffff     ................
2001f424:	ffffffff ffffffff ffffffff ffffffff     ................
2001f434:	ffffffff ffffffff ffffffff ffffffff     ................
2001f444:	ffffffff ffffffff ffffffff ffffffff     ................
2001f454:	ffffffff ffffffff ffffffff ffffffff     ................
2001f464:	ffffffff ffffffff ffffffff ffffffff     ................
2001f474:	ffffffff ffffffff ffffffff ffffffff     ................
2001f484:	ffffffff ffffffff ffffffff ffffffff     ................
2001f494:	ffffffff ffffffff ffffffff ffffffff     ................
2001f4a4:	ffffffff ffffffff ffffffff ffffffff     ................
2001f4b4:	ffffffff ffffffff ffffffff ffffffff     ................
2001f4c4:	ffffffff ffffffff ffffffff ffffffff     ................
2001f4d4:	ffffffff ffffffff ffffffff ffffffff     ................
2001f4e4:	ffffffff ffffffff ffffffff ffffffff     ................
2001f4f4:	ffffffff ffffffff ffffffff ffffffff     ................
2001f504:	ffffffff ffffffff ffffffff ffffffff     ................
2001f514:	ffffffff ffffffff ffdfffff 9cf3f79e     ................
	...
2001f530:	00000821 00000821 00000821 00000821     !...!...!...!...
	...
2001f548:	9cf30000 f79ef79e ffffffff ffffffff     ................
2001f558:	ffffffff ffffffff ffffffff ffffffff     ................
2001f568:	ffffffff ffffffff ffffffff ffffffff     ................
2001f578:	ffffffff ffffffff ffffffff ffffffff     ................
2001f588:	ffffffff ffffffff ffffffff ffffffff     ................
2001f598:	ffffffff ffffffff ffffffff ffffffff     ................
2001f5a8:	ffffffff ffffffff ffffffff ffffffff     ................
2001f5b8:	ffffffff ffffffff ffffffff ffffffff     ................
2001f5c8:	ffffffff ffffffff ffffffff ffffffff     ................
2001f5d8:	ffffffff ffffffff ffffffff ffffffff     ................
2001f5e8:	ffffffff ffffffff ffffffff ffffffff     ................
2001f5f8:	ffffffff ffffffff ffffffff ffffffff     ................
2001f608:	ffffffff ffffffff ffffffff ffffffff     ................
2001f618:	ffffffff ffffffff ffffffff ffffffff     ................
2001f628:	ffffffff ffffffff ffffffff ffffffff     ................
2001f638:	ffffffff ffffffff ffffffff ffffffff     ................
2001f648:	ffffffff ffffffff ffffffff ffffffff     ................
2001f658:	ffffffff ffffffff ffffffff ffffffff     ................
2001f668:	ffffffff ffffffff ffffffff ffffffff     ................
2001f678:	ffffffff ffffffff ffffffff ffffffff     ................
2001f688:	ffffffff ffffffff ffffffff ffffffff     ................
2001f698:	ffffffff ffffffff ffffffff ffffffff     ................
2001f6a8:	ffffffff ffffffff ffffffff ffffffff     ................
2001f6b8:	ffffffff ffffffff ffffffff ffffffff     ................
2001f6c8:	ffffffff ffffffff ffffffff ffffffff     ................
2001f6d8:	ffffffff ffffffff ffffffff ffffffff     ................
2001f6e8:	ffffffff ffffffff ffffffff ffffffff     ................
2001f6f8:	ffffffff ffffffff ffffffff ffffffff     ................
2001f708:	ffffffff ffffffff ffffffff ffffffff     ................
2001f718:	ffffffff ffffffff ffffffff ffdfffff     ................
2001f728:	ef7df77e a514bdd7 6b4d8c51 31a64a6a     ~.}.....Q.MkjJ.1
2001f738:	6b4d528a 9cd38c51 ef7dc5f8 ffbfef7d     .RMkQ.....}.}...
2001f748:	ffffffff ffffffff ffffffff ffffffff     ................
2001f758:	ffffffff ffffffff ffffffff ffffffff     ................
2001f768:	ffffffff ffffffff ffffffff ffffffff     ................
2001f778:	ffffffff ffffffff ffffffff ffffffff     ................
2001f788:	ffffffff ffffffff ffffffff ffffffff     ................
2001f798:	ffffffff ffffffff ffffffff ffffffff     ................
2001f7a8:	ffffffff ffffffff ffffffff ffffffff     ................
2001f7b8:	ffffffff ffffffff ffffffff ffffffff     ................
2001f7c8:	ffffffff ffffffff ffffffff ffffffff     ................
2001f7d8:	ffffffff ffffffff ffffffff ffffffff     ................
2001f7e8:	ffffffff ffffffff ffffffff ffffffff     ................
2001f7f8:	ffffffff ffffffff ffffffff ffffffff     ................
2001f808:	ffffffff ffffffff ffffffff ffffffff     ................
2001f818:	ffffffff ffffffff ffffffff ffffffff     ................
2001f828:	ffffffff ffffffff ffffffff ffffffff     ................
2001f838:	ffffffff ffffffff ffffffff ffffffff     ................
2001f848:	ffffffff ffffffff ffffffff ffffffff     ................
2001f858:	ffffffff ffffffff ffffffff ffffffff     ................
2001f868:	ffffffff ffffffff ffffffff ffffffff     ................
2001f878:	ffffffff ffffffff ffffffff ffffffff     ................
2001f888:	ffffffff ffffffff ffffffff ffffffff     ................
2001f898:	ffffffff ffffffff ffffffff ffffffff     ................
2001f8a8:	ffffffff ffffffff ffffffff ffffffff     ................
2001f8b8:	ffffffff ffffffff ffffffff ffffffff     ................
2001f8c8:	ffffffff ffffffff ffffffff ffffffff     ................
2001f8d8:	ffffffff ffffffff ffffffff ffffffff     ................
2001f8e8:	ffffffff ffffffff ffffffff ffffffff     ................
2001f8f8:	ffffffff ffffffff ffffffff ffffffff     ................
2001f908:	ffffffff ffffffff ffffffff ffffffff     ................
2001f918:	ffffffff ffffffff ffffffff ffffffff     ................
2001f928:	ffffffff ffffffff ffffffff ffffffff     ................
2001f938:	ffffffff ffffffff ffffffff ffffffff     ................
2001f948:	ffffffff ffffffff ffffffff ffffffff     ................
2001f958:	ffffffff ffffffff ffffffff ffffffff     ................
2001f968:	ffffffff ffffffff ffffffff ffffffff     ................
2001f978:	ffffffff ffffffff ffffffff ffffffff     ................
2001f988:	ffffffff ffffffff ffffffff ffffffff     ................
2001f998:	ffffffff ffffffff ffffffff ffffffff     ................
2001f9a8:	ffffffff ffffffff ffffffff ffffffff     ................
2001f9b8:	ffffffff ffffffff ffffffff ffffffff     ................
2001f9c8:	ffffffff ffffffff ffffffff ffffffff     ................
2001f9d8:	ffffffff ffffffff ffffffff ffffffff     ................
2001f9e8:	ffffffff ffffffff ffffffff ffffffff     ................
2001f9f8:	ffffffff ffffffff ffffffff ffffffff     ................
2001fa08:	ffffffff ffffffff ffffffff ffffffff     ................
2001fa18:	ffffffff ffffffff ffffffff ffffffff     ................
2001fa28:	ffffffff ffffffff ffffffff ffffffff     ................
2001fa38:	ffffffff ffffffff ffffffff ffffffff     ................
2001fa48:	ffffffff ffffffff ffffffff ffffffff     ................
2001fa58:	ffffffff ffffffff ffffffff ffffffff     ................
2001fa68:	ffffffff ffffffff ffffffff ffffffff     ................
2001fa78:	ffffffff ffffffff ffffffff ffffffff     ................
2001fa88:	ffffffff ffffffff ffffffff ffffffff     ................
2001fa98:	ffffffff ffffffff ffffffff ffffffff     ................
2001faa8:	ffffffff ffffffff ffffffff ffffffff     ................
2001fab8:	ffffffff ffffffff ffffffff ffffffff     ................
2001fac8:	ffffffff ffffffff ffffffff ffffffff     ................
2001fad8:	ffffffff ffffffff ffffffff ffffffff     ................
2001fae8:	ffffffff ffffffff ffffffff ffffffff     ................
2001faf8:	ffffffff ffffffff ffffffff ffffffff     ................
2001fb08:	ffffffff ffffffff ffffffff ffffffff     ................
2001fb18:	ffffffff ffffffff ffffffff ffffffff     ................
2001fb28:	ffffffff ffffffff ffffffff ffffffff     ................
2001fb38:	ffffffff ffffffff ffffffff ffffffff     ................
2001fb48:	ffffffff ffffffff ffffffff ffffffff     ................
2001fb58:	ffffffff ffffffff ffffffff ffffffff     ................
2001fb68:	ffffffff ffffffff ffffffff ffffffff     ................
2001fb78:	ffffffff ffffffff ffffffff ffffffff     ................
2001fb88:	ffffffff ffffffff ffffffff ffffffff     ................
2001fb98:	ffffffff ffffffff ffffffff ffffffff     ................
2001fba8:	ffffffff ffffffff ffffffff ffffffff     ................
2001fbb8:	ffffffff ffffffff ffffffff ffffffff     ................
2001fbc8:	ffffffff ffffffff ffffffff ffffffff     ................
2001fbd8:	ffffffff ffffffff ffffffff ffffffff     ................
2001fbe8:	ffffffff ffffffff ffffffff ffffffff     ................
2001fbf8:	ffffffff ffffffff ffffffff ffffffff     ................
2001fc08:	ffffffff ffffffff ffffffff ffffffff     ................
2001fc18:	ffffffff ffffffff ffffffff ffffffff     ................
2001fc28:	ffffffff ffffffff ffffffff ffffffff     ................
2001fc38:	ffffffff ffffffff ffffffff ffffffff     ................
2001fc48:	ffffffff ffffffff ffffffff ffffffff     ................
2001fc58:	ffffffff ffffffff ffffffff ffffffff     ................
2001fc68:	ffffffff ffffffff ffffffff ffffffff     ................
2001fc78:	ffffffff ffffffff ffffffff ffffffff     ................
2001fc88:	ffffffff ffffffff ffffffff ffffffff     ................
2001fc98:	ffffffff ffffffff ffffffff ffffffff     ................
2001fca8:	ffffffff ffffffff ffffffff ffffffff     ................
2001fcb8:	ffffffff ffffffff ffffffff ffffffff     ................
2001fcc8:	ffffffff ffffffff ffffffff ffffffff     ................
2001fcd8:	ffffffff ffffffff ffffffff ffffffff     ................
2001fce8:	ffffffff ffffffff ffffffff ffffffff     ................
2001fcf8:	ffffffff ffffffff ffffffff ffffffff     ................
2001fd08:	ffffffff ffffffff ffffffff ffffffff     ................
2001fd18:	ffffffff ffffffff ffffffff ffffffff     ................
2001fd28:	ffffffff ffffffff ffffffff ffffffff     ................
2001fd38:	ffffffff ffffffff ffffffff ffffffff     ................
2001fd48:	ffffffff ffffffff ffffffff ffffffff     ................
2001fd58:	ffffffff ffffffff ffffffff ffffffff     ................
2001fd68:	ffffffff ffffffff ffffffff ffffffff     ................
2001fd78:	ffffffff ffffffff ffffffff ffffffff     ................
2001fd88:	ffffffff ffffffff ffffffff ffffffff     ................
2001fd98:	ffffffff ffffffff ffffffff ffffffff     ................
2001fda8:	ffffffff ffffffff ffffffff ffffffff     ................
2001fdb8:	ffffffff ffffffff ffffffff ffffffff     ................
2001fdc8:	ffffffff ffffffff ffffffff ffffffff     ................
2001fdd8:	ffffffff ffffffff ffffffff ffffffff     ................
2001fde8:	ffffffff ffffffff ffffffff ffffffff     ................
2001fdf8:	ffffffff ffffffff ffffffff ffffffff     ................
2001fe08:	ffffffff ffffffff ffffffff ffffffff     ................
2001fe18:	ffffffff ffffffff ffffffff ffffffff     ................
2001fe28:	ffffffff ffffffff ffffffff ffffffff     ................
2001fe38:	ffffffff ffffffff ffffffff ffffffff     ................
2001fe48:	ffffffff ffffffff ffffffff ffffffff     ................
2001fe58:	ffffffff ffffffff ffffffff ffffffff     ................
2001fe68:	ffffffff ffffffff ffffffff ffffffff     ................
2001fe78:	ffffffff ffffffff ffffffff ffffffff     ................
2001fe88:	ffffffff ffffffff ffffffff ffffffff     ................
2001fe98:	ffffffff ffffffff ffffffff ffffffff     ................
2001fea8:	ffffffff ffffffff ffffffff ffffffff     ................
2001feb8:	ffffffff ffffffff ffffffff ffffffff     ................
2001fec8:	ffffffff ffffffff ffffffff ffffffff     ................
2001fed8:	ffffffff ffffffff ffffffff ffffffff     ................
2001fee8:	ffffffff ffffffff ffffffff ffffffff     ................
2001fef8:	ffffffff ffffffff ffffffff ffffffff     ................
2001ff08:	ffffffff ffffffff ffffffff ffffffff     ................
2001ff18:	ffffffff ffffffff ffffffff ffffffff     ................
2001ff28:	ffffffff ffffffff ffffffff ffffffff     ................
2001ff38:	ffffffff ffffffff ffffffff ffffffff     ................
2001ff48:	ffffffff ffffffff ffffffff ffffffff     ................
2001ff58:	ffffffff ffffffff ffffffff ffffffff     ................
2001ff68:	ffffffff ffffffff ffffffff ffffffff     ................
2001ff78:	ffffffff ffffffff ffffffff ffffffff     ................
2001ff88:	ffffffff ffffffff ffffffff ffffffff     ................
2001ff98:	ffffffff ffffffff ffffffff ffffffff     ................
2001ffa8:	ffffffff ffffffff ffffffff ffffffff     ................
2001ffb8:	ffffffff ffffffff ffffffff ffffffff     ................
2001ffc8:	ffffffff ffffffff ffffffff ffffffff     ................
2001ffd8:	ffffffff ffffffff ffffffff ffffffff     ................
2001ffe8:	ffffffff ffffffff ffffffff ffffffff     ................
2001fff8:	ffffffff ffffffff ffffffff ffffffff     ................
20020008:	ffffffff ffffffff ffffffff ffffffff     ................
20020018:	ffffffff ffffffff ffffffff ffffffff     ................
20020028:	ffffffff ffffffff ffffffff ffffffff     ................
20020038:	ffffffff ffffffff ffffffff ffffffff     ................
20020048:	ffffffff ffffffff ffffffff ffffffff     ................
20020058:	ffffffff ffffffff ffffffff ffffffff     ................
20020068:	ffffffff ffffffff ffffffff ffffffff     ................
20020078:	ffffffff ffffffff ffffffff ffffffff     ................
20020088:	ffffffff ffffffff ffffffff ffffffff     ................
20020098:	ffffffff ffffffff ffffffff ffffffff     ................
200200a8:	ffffffff ffffffff ffffffff ffffffff     ................
200200b8:	ffffffff ffffffff ffffffff ffffffff     ................
200200c8:	ffffffff ffffffff ffffffff ffffffff     ................
200200d8:	ffffffff ffffffff ffffffff ffffffff     ................
200200e8:	ffffffff ffffffff ffffffff ffffffff     ................
200200f8:	ffffffff ffffffff ffffffff ffffffff     ................
20020108:	ffffffff ffffffff ffffffff ffffffff     ................
20020118:	ffffffff ffffffff ffffffff ffffffff     ................
20020128:	ffffffff ffffffff ffffffff ffffffff     ................
20020138:	ffffffff ffffffff ffffffff ffffffff     ................
20020148:	ffffffff ffffffff ffffffff ffffffff     ................
20020158:	ffffffff ffffffff ffffffff ffffffff     ................
20020168:	ffffffff ffffffff ffffffff ffffffff     ................
20020178:	ffffffff ffffffff ffffffff ffffffff     ................
20020188:	ffffffff ffffffff ffffffff ffffffff     ................
20020198:	ffffffff ffffffff ffffffff ffffffff     ................
200201a8:	ffffffff ffffffff ffffffff ffffffff     ................
200201b8:	ffffffff ffffffff ffffffff ffffffff     ................
200201c8:	ffffffff ffffffff ffffffff ffffffff     ................
200201d8:	ffffffff ffffffff ffffffff ffffffff     ................
200201e8:	ffffffff ffffffff ffffffff ffffffff     ................
200201f8:	ffffffff ffffffff ffffffff ffffffff     ................
20020208:	ffffffff ffffffff ffffffff ffffffff     ................
20020218:	ffffffff ffffffff ffffffff ffffffff     ................
20020228:	ffffffff ffffffff ffffffff ffffffff     ................

20020238 <striped_spin_lock_num>:
20020238:	00000010                                ....

2002023c <irq_handler_chain_slots>:
2002023c:	00000000 	.word	0x00000000
20020240:	00010000 	.word	0x00010000
	...
2002024c:	00020000 	.word	0x00020000
	...
20020258:	00030000 	.word	0x00030000
	...
20020264:	00ff0000 	.word	0x00ff0000
20020268:	00000000 	.word	0x00000000

2002026c <irq_handler_chain_first_slot>:
2002026c:	b501      	push	{r0, lr}
2002026e:	6848      	ldr	r0, [r1, #4]
20020270:	3101      	adds	r1, #1
20020272:	468e      	mov	lr, r1
20020274:	4700      	bx	r0

20020276 <irq_handler_chain_remove_tail>:
20020276:	4670      	mov	r0, lr
20020278:	3809      	subs	r0, #9
2002027a:	4901      	ldr	r1, [pc, #4]	; (20020280 <irq_handler_chain_remove_tail+0xa>)
2002027c:	4788      	blx	r1
2002027e:	bd01      	pop	{r0, pc}
20020280:	10000b1d 	.word	0x10000b1d

20020284 <default_alarm_pool>:
20020284:	2002029c 00000000 20020308 2002046c     ... ....... l.. 
	...

2002029c <default_alarm_pool_heap>:
2002029c:	2002047c 00000000 00000000 00000010     |.. ............
200202ac:	00000000                                ....

200202b0 <aeabi_bits_funcs>:
200202b0:	00003350 	.word	0x00003350
200202b4:	0000334c 	.word	0x0000334c
200202b8:	00003354 	.word	0x00003354
200202bc:	00003352 	.word	0x00003352

200202c0 <aeabi_bits_funcs_end>:
200202c0:	0000534d 	.word	0x0000534d
200202c4:	0000434d 	.word	0x0000434d
200202c8:	00003453 	.word	0x00003453
200202cc:	00003443 	.word	0x00003443

200202d0 <stdio_uart>:
200202d0:	1000455d 00000000 100045d1 10004679     ]E.......E..yF..
200202e0:	00000000 00000100                       ........

200202e8 <print_mutex>:
	...

200202f0 <__mutex_array_end>:
200202f0:	1000426d 	.word	0x1000426d
200202f4:	100036b1 	.word	0x100036b1
200202f8:	10003d95 	.word	0x10003d95
200202fc:	10004081 	.word	0x10004081

20020300 <__frame_dummy_init_array_entry>:
20020300:	100002e5                                ....
