
C:/Users/thisi/Documents/Pico-v1.5.1/build/dma/hello_dma/hello_dma.elf:     file format elf32-littlearm

Sections:
Idx Name          Size      VMA       LMA       File off  Algn
  0 .boot2        00000100  10000000  10000000  00001000  2**0
                  CONTENTS, ALLOC, LOAD, READONLY, CODE
  1 .text         00003f48  10000100  10000100  00001100  2**3
                  CONTENTS, ALLOC, LOAD, READONLY, CODE
  2 .rodata       00001194  10004048  10004048  00005048  2**3
                  CONTENTS, ALLOC, LOAD, READONLY, DATA
  3 .binary_info  00000028  100051dc  100051dc  000061dc  2**2
                  CONTENTS, ALLOC, LOAD, READONLY, DATA
  4 .ram_vector_table 000000c0  20000000  20000000  00008000  2**2
                  ALLOC
  5 .data         00000244  200000c0  10005204  000070c0  2**4
                  CONTENTS, ALLOC, LOAD, READONLY, CODE
  6 .uninitialized_data 00000000  20000304  20000304  00007304  2**0
                  CONTENTS
  7 .scratch_x    00000000  20040000  20040000  00007304  2**0
                  CONTENTS
  8 .scratch_y    00000000  20041000  20041000  00007304  2**0
                  CONTENTS
  9 .bss          000003f8  20000308  20000308  00008000  2**3
                  ALLOC
 10 .heap         00000800  20000700  20000700  00007304  2**2
                  CONTENTS, READONLY
 11 .stack_dummy  00000800  20041000  20041000  00007b20  2**5
                  CONTENTS, READONLY
 12 .ARM.attributes 00000028  00000000  00000000  00008320  2**0
                  CONTENTS, READONLY
 13 .comment      00000049  00000000  00000000  00008348  2**0
                  CONTENTS, READONLY
 14 .debug_info   00016d2b  00000000  00000000  00008391  2**0
                  CONTENTS, READONLY, DEBUGGING, OCTETS
 15 .debug_abbrev 000045e6  00000000  00000000  0001f0bc  2**0
                  CONTENTS, READONLY, DEBUGGING, OCTETS
 16 .debug_loc    0000f3cf  00000000  00000000  000236a2  2**0
                  CONTENTS, READONLY, DEBUGGING, OCTETS
 17 .debug_aranges 00000de8  00000000  00000000  00032a78  2**3
                  CONTENTS, READONLY, DEBUGGING, OCTETS
 18 .debug_ranges 00003418  00000000  00000000  00033860  2**3
                  CONTENTS, READONLY, DEBUGGING, OCTETS
 19 .debug_line   0000f600  00000000  00000000  00036c78  2**0
                  CONTENTS, READONLY, DEBUGGING, OCTETS
 20 .debug_str    000041b2  00000000  00000000  00046278  2**0
                  CONTENTS, READONLY, DEBUGGING, OCTETS
 21 .debug_frame  00001a64  00000000  00000000  0004a42c  2**2
                  CONTENTS, READONLY, DEBUGGING, OCTETS

C:/Users/thisi/Documents/Pico-v1.5.1/build/dma/hello_dma/hello_dma.elf:     file format elf32-littlearm


Disassembly of section .boot2:

10000000 <__boot2_start__>:
10000000:	4b32b500 	.word	0x4b32b500
10000004:	60582021 	.word	0x60582021
10000008:	21026898 	.word	0x21026898
1000000c:	60984388 	.word	0x60984388
10000010:	611860d8 	.word	0x611860d8
10000014:	4b2e6158 	.word	0x4b2e6158
10000018:	60992100 	.word	0x60992100
1000001c:	61592102 	.word	0x61592102
10000020:	22f02101 	.word	0x22f02101
10000024:	492b5099 	.word	0x492b5099
10000028:	21016019 	.word	0x21016019
1000002c:	20356099 	.word	0x20356099
10000030:	f844f000 	.word	0xf844f000
10000034:	42902202 	.word	0x42902202
10000038:	2106d014 	.word	0x2106d014
1000003c:	f0006619 	.word	0xf0006619
10000040:	6e19f834 	.word	0x6e19f834
10000044:	66192101 	.word	0x66192101
10000048:	66182000 	.word	0x66182000
1000004c:	f000661a 	.word	0xf000661a
10000050:	6e19f82c 	.word	0x6e19f82c
10000054:	6e196e19 	.word	0x6e196e19
10000058:	f0002005 	.word	0xf0002005
1000005c:	2101f82f 	.word	0x2101f82f
10000060:	d1f94208 	.word	0xd1f94208
10000064:	60992100 	.word	0x60992100
10000068:	6019491b 	.word	0x6019491b
1000006c:	60592100 	.word	0x60592100
10000070:	481b491a 	.word	0x481b491a
10000074:	21016001 	.word	0x21016001
10000078:	21eb6099 	.word	0x21eb6099
1000007c:	21a06619 	.word	0x21a06619
10000080:	f0006619 	.word	0xf0006619
10000084:	2100f812 	.word	0x2100f812
10000088:	49166099 	.word	0x49166099
1000008c:	60014814 	.word	0x60014814
10000090:	60992101 	.word	0x60992101
10000094:	2800bc01 	.word	0x2800bc01
10000098:	4700d000 	.word	0x4700d000
1000009c:	49134812 	.word	0x49134812
100000a0:	c8036008 	.word	0xc8036008
100000a4:	8808f380 	.word	0x8808f380
100000a8:	b5034708 	.word	0xb5034708
100000ac:	20046a99 	.word	0x20046a99
100000b0:	d0fb4201 	.word	0xd0fb4201
100000b4:	42012001 	.word	0x42012001
100000b8:	bd03d1f8 	.word	0xbd03d1f8
100000bc:	6618b502 	.word	0x6618b502
100000c0:	f7ff6618 	.word	0xf7ff6618
100000c4:	6e18fff2 	.word	0x6e18fff2
100000c8:	bd026e18 	.word	0xbd026e18
100000cc:	40020000 	.word	0x40020000
100000d0:	18000000 	.word	0x18000000
100000d4:	00070000 	.word	0x00070000
100000d8:	005f0300 	.word	0x005f0300
100000dc:	00002221 	.word	0x00002221
100000e0:	180000f4 	.word	0x180000f4
100000e4:	a0002022 	.word	0xa0002022
100000e8:	10000100 	.word	0x10000100
100000ec:	e000ed08 	.word	0xe000ed08
	...
100000fc:	7a4eb274 	.word	0x7a4eb274

Disassembly of section .text:

10000100 <__VECTOR_TABLE>:
10000100:	20042000 	.word	0x20042000
10000104:	100001f7 	.word	0x100001f7
10000108:	100001c3 	.word	0x100001c3
1000010c:	100001c5 	.word	0x100001c5
10000110:	100001c1 	.word	0x100001c1
10000114:	100001c1 	.word	0x100001c1
10000118:	100001c1 	.word	0x100001c1
1000011c:	100001c1 	.word	0x100001c1
10000120:	100001c1 	.word	0x100001c1
10000124:	100001c1 	.word	0x100001c1
10000128:	100001c1 	.word	0x100001c1
1000012c:	100001c7 	.word	0x100001c7
10000130:	100001c1 	.word	0x100001c1
10000134:	100001c1 	.word	0x100001c1
10000138:	100001c9 	.word	0x100001c9
1000013c:	100001cb 	.word	0x100001cb
10000140:	100001cd 	.word	0x100001cd
10000144:	100001cd 	.word	0x100001cd
10000148:	100001cd 	.word	0x100001cd
1000014c:	100001cd 	.word	0x100001cd
10000150:	100001cd 	.word	0x100001cd
10000154:	100001cd 	.word	0x100001cd
10000158:	100001cd 	.word	0x100001cd
1000015c:	100001cd 	.word	0x100001cd
10000160:	100001cd 	.word	0x100001cd
10000164:	100001cd 	.word	0x100001cd
10000168:	100001cd 	.word	0x100001cd
1000016c:	100001cd 	.word	0x100001cd
10000170:	100001cd 	.word	0x100001cd
10000174:	100001cd 	.word	0x100001cd
10000178:	100001cd 	.word	0x100001cd
1000017c:	100001cd 	.word	0x100001cd
10000180:	100001cd 	.word	0x100001cd
10000184:	100001cd 	.word	0x100001cd
10000188:	100001cd 	.word	0x100001cd
1000018c:	100001cd 	.word	0x100001cd
10000190:	100001cd 	.word	0x100001cd
10000194:	100001cd 	.word	0x100001cd
10000198:	100001cd 	.word	0x100001cd
1000019c:	100001cd 	.word	0x100001cd
100001a0:	100001cd 	.word	0x100001cd
100001a4:	100001cd 	.word	0x100001cd
100001a8:	100001cd 	.word	0x100001cd
100001ac:	100001cd 	.word	0x100001cd
100001b0:	100001cd 	.word	0x100001cd
100001b4:	100001cd 	.word	0x100001cd
100001b8:	100001cd 	.word	0x100001cd
100001bc:	100001cd 	.word	0x100001cd

100001c0 <isr_invalid>:
100001c0:	be00      	bkpt	0x0000

100001c2 <isr_nmi>:
100001c2:	be00      	bkpt	0x0000

100001c4 <isr_hardfault>:
100001c4:	be00      	bkpt	0x0000

100001c6 <isr_svcall>:
100001c6:	be00      	bkpt	0x0000

100001c8 <isr_pendsv>:
100001c8:	be00      	bkpt	0x0000

100001ca <isr_systick>:
100001ca:	be00      	bkpt	0x0000

100001cc <__unhandled_user_irq>:
100001cc:	f3ef 8005 	mrs	r0, IPSR
100001d0:	3810      	subs	r0, #16

100001d2 <unhandled_user_irq_num_in_r0>:
100001d2:	be00      	bkpt	0x0000

100001d4 <binary_info_header>:
100001d4:	7188ebf2 	.word	0x7188ebf2
100001d8:	100051dc 	.word	0x100051dc
100001dc:	10005204 	.word	0x10005204
100001e0:	10000234 	.word	0x10000234
100001e4:	e71aa390 	.word	0xe71aa390

100001e8 <_entry_point>:
100001e8:	2000      	movs	r0, #0
100001ea:	491f      	ldr	r1, [pc, #124]	; (10000268 <hold_non_core0_in_bootrom+0xa>)
100001ec:	6008      	str	r0, [r1, #0]
100001ee:	c806      	ldmia	r0!, {r1, r2}
100001f0:	f381 8808 	msr	MSP, r1
100001f4:	4710      	bx	r2

100001f6 <_reset_handler>:
100001f6:	481d      	ldr	r0, [pc, #116]	; (1000026c <hold_non_core0_in_bootrom+0xe>)
100001f8:	6800      	ldr	r0, [r0, #0]
100001fa:	2800      	cmp	r0, #0
100001fc:	d12f      	bne.n	1000025e <hold_non_core0_in_bootrom>
100001fe:	a40d      	add	r4, pc, #52	; (adr r4, 10000234 <data_cpy_table>)
10000200:	cc0e      	ldmia	r4!, {r1, r2, r3}
10000202:	2900      	cmp	r1, #0
10000204:	d002      	beq.n	1000020c <_reset_handler+0x16>
10000206:	f000 f812 	bl	1000022e <data_cpy>
1000020a:	e7f9      	b.n	10000200 <_reset_handler+0xa>
1000020c:	4918      	ldr	r1, [pc, #96]	; (10000270 <hold_non_core0_in_bootrom+0x12>)
1000020e:	4a19      	ldr	r2, [pc, #100]	; (10000274 <hold_non_core0_in_bootrom+0x16>)
10000210:	2000      	movs	r0, #0
10000212:	e000      	b.n	10000216 <bss_fill_test>

10000214 <bss_fill_loop>:
10000214:	c101      	stmia	r1!, {r0}

10000216 <bss_fill_test>:
10000216:	4291      	cmp	r1, r2
10000218:	d1fc      	bne.n	10000214 <bss_fill_loop>

1000021a <platform_entry>:
1000021a:	4917      	ldr	r1, [pc, #92]	; (10000278 <hold_non_core0_in_bootrom+0x1a>)
1000021c:	4788      	blx	r1
1000021e:	4917      	ldr	r1, [pc, #92]	; (1000027c <hold_non_core0_in_bootrom+0x1e>)
10000220:	4788      	blx	r1
10000222:	4917      	ldr	r1, [pc, #92]	; (10000280 <hold_non_core0_in_bootrom+0x22>)
10000224:	4788      	blx	r1
10000226:	be00      	bkpt	0x0000
10000228:	e7fd      	b.n	10000226 <platform_entry+0xc>

1000022a <data_cpy_loop>:
1000022a:	c901      	ldmia	r1!, {r0}
1000022c:	c201      	stmia	r2!, {r0}

1000022e <data_cpy>:
1000022e:	429a      	cmp	r2, r3
10000230:	d3fb      	bcc.n	1000022a <data_cpy_loop>
10000232:	4770      	bx	lr

10000234 <data_cpy_table>:
10000234:	10005204 	.word	0x10005204
10000238:	200000c0 	.word	0x200000c0
1000023c:	20000304 	.word	0x20000304
10000240:	10005448 	.word	0x10005448
10000244:	20040000 	.word	0x20040000
10000248:	20040000 	.word	0x20040000
1000024c:	10005448 	.word	0x10005448
10000250:	20041000 	.word	0x20041000
10000254:	20041000 	.word	0x20041000
10000258:	00000000 	.word	0x00000000
1000025c:	4770      	bx	lr

1000025e <hold_non_core0_in_bootrom>:
1000025e:	4809      	ldr	r0, [pc, #36]	; (10000284 <hold_non_core0_in_bootrom+0x26>)
10000260:	f002 ffe2 	bl	10003228 <rom_func_lookup>
10000264:	4700      	bx	r0
10000266:	0000      	.short	0x0000
10000268:	e000ed08 	.word	0xe000ed08
1000026c:	d0000000 	.word	0xd0000000
10000270:	20000308 	.word	0x20000308
10000274:	20000700 	.word	0x20000700
10000278:	10001fb1 	.word	0x10001fb1
1000027c:	10000305 	.word	0x10000305
10000280:	10001f6d 	.word	0x10001f6d
10000284:	00005657 	.word	0x00005657

10000288 <__bi_50>:
10000288:	50520006 5360b3ab 10005108              ..RP..`S.Q..

10000294 <__bi_38>:
10000294:	50520006 02031c86 10005118              ..RP.....Q..

100002a0 <__bi_30>:
100002a0:	50520006 9da22254 10005124              ..RPT"..$Q..

100002ac <__bi_22>:
100002ac:	50520005 68f465de 10005448              ..RP.e.hHT..

100002b8 <_init>:
100002b8:	b5f8      	push	{r3, r4, r5, r6, r7, lr}
100002ba:	46c0      	nop			; (mov r8, r8)

100002bc <__do_global_dtors_aux>:
100002bc:	b510      	push	{r4, lr}
100002be:	4c06      	ldr	r4, [pc, #24]	; (100002d8 <__do_global_dtors_aux+0x1c>)
100002c0:	7823      	ldrb	r3, [r4, #0]
100002c2:	2b00      	cmp	r3, #0
100002c4:	d107      	bne.n	100002d6 <__do_global_dtors_aux+0x1a>
100002c6:	4b05      	ldr	r3, [pc, #20]	; (100002dc <__do_global_dtors_aux+0x20>)
100002c8:	2b00      	cmp	r3, #0
100002ca:	d002      	beq.n	100002d2 <__do_global_dtors_aux+0x16>
100002cc:	4804      	ldr	r0, [pc, #16]	; (100002e0 <__do_global_dtors_aux+0x24>)
100002ce:	e000      	b.n	100002d2 <__do_global_dtors_aux+0x16>
100002d0:	bf00      	nop
100002d2:	2301      	movs	r3, #1
100002d4:	7023      	strb	r3, [r4, #0]
100002d6:	bd10      	pop	{r4, pc}
100002d8:	20000408 	.word	0x20000408
100002dc:	00000000 	.word	0x00000000
100002e0:	10004048 	.word	0x10004048

100002e4 <frame_dummy>:
100002e4:	4b04      	ldr	r3, [pc, #16]	; (100002f8 <frame_dummy+0x14>)
100002e6:	b510      	push	{r4, lr}
100002e8:	2b00      	cmp	r3, #0
100002ea:	d003      	beq.n	100002f4 <frame_dummy+0x10>
100002ec:	4903      	ldr	r1, [pc, #12]	; (100002fc <frame_dummy+0x18>)
100002ee:	4804      	ldr	r0, [pc, #16]	; (10000300 <frame_dummy+0x1c>)
100002f0:	e000      	b.n	100002f4 <frame_dummy+0x10>
100002f2:	bf00      	nop
100002f4:	bd10      	pop	{r4, pc}
100002f6:	46c0      	nop			; (mov r8, r8)
100002f8:	00000000 	.word	0x00000000
100002fc:	2000040c 	.word	0x2000040c
10000300:	10004048 	.word	0x10004048

10000304 <main>:
10000304:	b510      	push	{r4, lr}
10000306:	f003 fd2f 	bl	10003d68 <stdio_init_all>
1000030a:	2001      	movs	r0, #1
1000030c:	f003 fe3c 	bl	10003f88 <dma_claim_unused_channel>
10000310:	4b1d      	ldr	r3, [pc, #116]	; (10000388 <main+0x84>)
10000312:	280c      	cmp	r0, #12
10000314:	d831      	bhi.n	1000037a <main+0x76>
10000316:	4a1d      	ldr	r2, [pc, #116]	; (1000038c <main+0x88>)
10000318:	4013      	ands	r3, r2
1000031a:	02c2      	lsls	r2, r0, #11
1000031c:	4313      	orrs	r3, r2
1000031e:	220c      	movs	r2, #12
10000320:	4393      	bics	r3, r2
10000322:	2108      	movs	r1, #8
10000324:	430b      	orrs	r3, r1
10000326:	491a      	ldr	r1, [pc, #104]	; (10000390 <main+0x8c>)
10000328:	400b      	ands	r3, r1
1000032a:	491a      	ldr	r1, [pc, #104]	; (10000394 <main+0x90>)
1000032c:	400b      	ands	r3, r1
1000032e:	491a      	ldr	r1, [pc, #104]	; (10000398 <main+0x94>)
10000330:	400b      	ands	r3, r1
10000332:	2101      	movs	r1, #1
10000334:	430b      	orrs	r3, r1
10000336:	4919      	ldr	r1, [pc, #100]	; (1000039c <main+0x98>)
10000338:	400b      	ands	r3, r1
1000033a:	2102      	movs	r1, #2
1000033c:	438b      	bics	r3, r1
1000033e:	4393      	bics	r3, r2
10000340:	3204      	adds	r2, #4
10000342:	4313      	orrs	r3, r2
10000344:	3210      	adds	r2, #16
10000346:	4313      	orrs	r3, r2
10000348:	0182      	lsls	r2, r0, #6
1000034a:	21a0      	movs	r1, #160	; 0xa0
1000034c:	05c9      	lsls	r1, r1, #23
1000034e:	468c      	mov	ip, r1
10000350:	4462      	add	r2, ip
10000352:	4913      	ldr	r1, [pc, #76]	; (100003a0 <main+0x9c>)
10000354:	6011      	str	r1, [r2, #0]
10000356:	4913      	ldr	r1, [pc, #76]	; (100003a4 <main+0xa0>)
10000358:	6051      	str	r1, [r2, #4]
1000035a:	2119      	movs	r1, #25
1000035c:	6091      	str	r1, [r2, #8]
1000035e:	60d3      	str	r3, [r2, #12]
10000360:	0183      	lsls	r3, r0, #6
10000362:	22a0      	movs	r2, #160	; 0xa0
10000364:	05d2      	lsls	r2, r2, #23
10000366:	4694      	mov	ip, r2
10000368:	4463      	add	r3, ip
1000036a:	691b      	ldr	r3, [r3, #16]
1000036c:	01db      	lsls	r3, r3, #7
1000036e:	d4f7      	bmi.n	10000360 <main+0x5c>
10000370:	480c      	ldr	r0, [pc, #48]	; (100003a4 <main+0xa0>)
10000372:	f003 fcbd 	bl	10003cf0 <__wrap_puts>
10000376:	2000      	movs	r0, #0
10000378:	bd10      	pop	{r4, pc}
1000037a:	4b0b      	ldr	r3, [pc, #44]	; (100003a8 <main+0xa4>)
1000037c:	4a0b      	ldr	r2, [pc, #44]	; (100003ac <main+0xa8>)
1000037e:	21c3      	movs	r1, #195	; 0xc3
10000380:	480b      	ldr	r0, [pc, #44]	; (100003b0 <main+0xac>)
10000382:	f001 fdf7 	bl	10001f74 <__assert_func>
10000386:	46c0      	nop			; (mov r8, r8)
10000388:	001f8010 	.word	0x001f8010
1000038c:	ffff87ff 	.word	0xffff87ff
10000390:	fffff83f 	.word	0xfffff83f
10000394:	ffbfffff 	.word	0xffbfffff
10000398:	ffdfffff 	.word	0xffdfffff
1000039c:	ff7fffff 	.word	0xff7fffff
100003a0:	100040f0 	.word	0x100040f0
100003a4:	200004a8 	.word	0x200004a8
100003a8:	10004048 	.word	0x10004048
100003ac:	100040d4 	.word	0x100040d4
100003b0:	10004068 	.word	0x10004068

100003b4 <gpio_set_function>:
100003b4:	b510      	push	{r4, lr}
100003b6:	0083      	lsls	r3, r0, #2
100003b8:	4a08      	ldr	r2, [pc, #32]	; (100003dc <gpio_set_function+0x28>)
100003ba:	4694      	mov	ip, r2
100003bc:	4463      	add	r3, ip
100003be:	681c      	ldr	r4, [r3, #0]
100003c0:	2240      	movs	r2, #64	; 0x40
100003c2:	4062      	eors	r2, r4
100003c4:	24c0      	movs	r4, #192	; 0xc0
100003c6:	4014      	ands	r4, r2
100003c8:	2280      	movs	r2, #128	; 0x80
100003ca:	0152      	lsls	r2, r2, #5
100003cc:	4313      	orrs	r3, r2
100003ce:	601c      	str	r4, [r3, #0]
100003d0:	00c0      	lsls	r0, r0, #3
100003d2:	4b03      	ldr	r3, [pc, #12]	; (100003e0 <gpio_set_function+0x2c>)
100003d4:	469c      	mov	ip, r3
100003d6:	4460      	add	r0, ip
100003d8:	6041      	str	r1, [r0, #4]
100003da:	bd10      	pop	{r4, pc}
100003dc:	4001c004 	.word	0x4001c004
100003e0:	40014000 	.word	0x40014000

100003e4 <running_on_fpga>:
100003e4:	4b03      	ldr	r3, [pc, #12]	; (100003f4 <running_on_fpga+0x10>)
100003e6:	681b      	ldr	r3, [r3, #0]
100003e8:	2002      	movs	r0, #2
100003ea:	4018      	ands	r0, r3
100003ec:	1e43      	subs	r3, r0, #1
100003ee:	4198      	sbcs	r0, r3
100003f0:	b2c0      	uxtb	r0, r0
100003f2:	4770      	bx	lr
100003f4:	4006c000 	.word	0x4006c000

100003f8 <hw_claim_lock>:
100003f8:	f3ef 8010 	mrs	r0, PRIMASK
100003fc:	b672      	cpsid	i
100003fe:	4b03      	ldr	r3, [pc, #12]	; (1000040c <hw_claim_lock+0x14>)
10000400:	681b      	ldr	r3, [r3, #0]
10000402:	2b00      	cmp	r3, #0
10000404:	d0fb      	beq.n	100003fe <hw_claim_lock+0x6>
10000406:	f3bf 8f5f 	dmb	sy
1000040a:	4770      	bx	lr
1000040c:	d000012c 	.word	0xd000012c

10000410 <hw_claim_unlock>:
10000410:	f3bf 8f5f 	dmb	sy
10000414:	4b02      	ldr	r3, [pc, #8]	; (10000420 <hw_claim_unlock+0x10>)
10000416:	2200      	movs	r2, #0
10000418:	601a      	str	r2, [r3, #0]
1000041a:	f380 8810 	msr	PRIMASK, r0
1000041e:	4770      	bx	lr
10000420:	d000012c 	.word	0xd000012c

10000424 <hw_claim_or_assert>:
10000424:	b5f8      	push	{r3, r4, r5, r6, r7, lr}
10000426:	0006      	movs	r6, r0
10000428:	000c      	movs	r4, r1
1000042a:	0015      	movs	r5, r2
1000042c:	f7ff ffe4 	bl	100003f8 <hw_claim_lock>
10000430:	08e3      	lsrs	r3, r4, #3
10000432:	18f7      	adds	r7, r6, r3
10000434:	5cf1      	ldrb	r1, [r6, r3]
10000436:	2207      	movs	r2, #7
10000438:	4022      	ands	r2, r4
1000043a:	2301      	movs	r3, #1
1000043c:	4093      	lsls	r3, r2
1000043e:	420b      	tst	r3, r1
10000440:	d105      	bne.n	1000044e <hw_claim_or_assert+0x2a>
10000442:	b2db      	uxtb	r3, r3
10000444:	430b      	orrs	r3, r1
10000446:	703b      	strb	r3, [r7, #0]
10000448:	f7ff ffe2 	bl	10000410 <hw_claim_unlock>
1000044c:	bdf8      	pop	{r3, r4, r5, r6, r7, pc}
1000044e:	0021      	movs	r1, r4
10000450:	0028      	movs	r0, r5
10000452:	f001 fe29 	bl	100020a8 <panic>

10000456 <hw_claim_unused_from_range>:
10000456:	b5f0      	push	{r4, r5, r6, r7, lr}
10000458:	b083      	sub	sp, #12
1000045a:	0006      	movs	r6, r0
1000045c:	9101      	str	r1, [sp, #4]
1000045e:	0014      	movs	r4, r2
10000460:	001f      	movs	r7, r3
10000462:	f7ff ffc9 	bl	100003f8 <hw_claim_lock>
10000466:	e000      	b.n	1000046a <hw_claim_unused_from_range+0x14>
10000468:	3401      	adds	r4, #1
1000046a:	42bc      	cmp	r4, r7
1000046c:	d80c      	bhi.n	10000488 <hw_claim_unused_from_range+0x32>
1000046e:	08e3      	lsrs	r3, r4, #3
10000470:	18f5      	adds	r5, r6, r3
10000472:	5cf3      	ldrb	r3, [r6, r3]
10000474:	2107      	movs	r1, #7
10000476:	4021      	ands	r1, r4
10000478:	2201      	movs	r2, #1
1000047a:	408a      	lsls	r2, r1
1000047c:	421a      	tst	r2, r3
1000047e:	d1f3      	bne.n	10000468 <hw_claim_unused_from_range+0x12>
10000480:	b2d2      	uxtb	r2, r2
10000482:	431a      	orrs	r2, r3
10000484:	702a      	strb	r2, [r5, #0]
10000486:	e001      	b.n	1000048c <hw_claim_unused_from_range+0x36>
10000488:	2401      	movs	r4, #1
1000048a:	4264      	negs	r4, r4
1000048c:	f7ff ffc0 	bl	10000410 <hw_claim_unlock>
10000490:	2c00      	cmp	r4, #0
10000492:	db02      	blt.n	1000049a <hw_claim_unused_from_range+0x44>
10000494:	0020      	movs	r0, r4
10000496:	b003      	add	sp, #12
10000498:	bdf0      	pop	{r4, r5, r6, r7, pc}
1000049a:	9b01      	ldr	r3, [sp, #4]
1000049c:	2b00      	cmp	r3, #0
1000049e:	d0f9      	beq.n	10000494 <hw_claim_unused_from_range+0x3e>
100004a0:	9808      	ldr	r0, [sp, #32]
100004a2:	f001 fe01 	bl	100020a8 <panic>
	...

100004a8 <spin_locks_reset>:
100004a8:	2300      	movs	r3, #0
100004aa:	e007      	b.n	100004bc <spin_locks_reset+0x14>
100004ac:	4a05      	ldr	r2, [pc, #20]	; (100004c4 <spin_locks_reset+0x1c>)
100004ae:	189a      	adds	r2, r3, r2
100004b0:	0092      	lsls	r2, r2, #2
100004b2:	f3bf 8f5f 	dmb	sy
100004b6:	2100      	movs	r1, #0
100004b8:	6011      	str	r1, [r2, #0]
100004ba:	3301      	adds	r3, #1
100004bc:	2b1f      	cmp	r3, #31
100004be:	d9f5      	bls.n	100004ac <spin_locks_reset+0x4>
100004c0:	4770      	bx	lr
100004c2:	46c0      	nop			; (mov r8, r8)
100004c4:	34000040 	.word	0x34000040

100004c8 <next_striped_spin_lock_num>:
100004c8:	4a05      	ldr	r2, [pc, #20]	; (100004e0 <next_striped_spin_lock_num+0x18>)
100004ca:	7810      	ldrb	r0, [r2, #0]
100004cc:	1c43      	adds	r3, r0, #1
100004ce:	b2db      	uxtb	r3, r3
100004d0:	7013      	strb	r3, [r2, #0]
100004d2:	2b17      	cmp	r3, #23
100004d4:	d902      	bls.n	100004dc <next_striped_spin_lock_num+0x14>
100004d6:	0013      	movs	r3, r2
100004d8:	2210      	movs	r2, #16
100004da:	701a      	strb	r2, [r3, #0]
100004dc:	4770      	bx	lr
100004de:	46c0      	nop			; (mov r8, r8)
100004e0:	20000238 	.word	0x20000238

100004e4 <set_raw_irq_handler_and_unlock>:
100004e4:	4b07      	ldr	r3, [pc, #28]	; (10000504 <set_raw_irq_handler_and_unlock+0x20>)
100004e6:	689b      	ldr	r3, [r3, #8]
100004e8:	3010      	adds	r0, #16
100004ea:	0080      	lsls	r0, r0, #2
100004ec:	5019      	str	r1, [r3, r0]
100004ee:	f3bf 8f5f 	dmb	sy
100004f2:	f3bf 8f5f 	dmb	sy
100004f6:	4b04      	ldr	r3, [pc, #16]	; (10000508 <set_raw_irq_handler_and_unlock+0x24>)
100004f8:	2100      	movs	r1, #0
100004fa:	6019      	str	r1, [r3, #0]
100004fc:	f382 8810 	msr	PRIMASK, r2
10000500:	4770      	bx	lr
10000502:	46c0      	nop			; (mov r8, r8)
10000504:	e000ed00 	.word	0xe000ed00
10000508:	d0000124 	.word	0xd0000124

1000050c <make_branch>:
1000050c:	b510      	push	{r4, lr}
1000050e:	1a09      	subs	r1, r1, r0
10000510:	1f08      	subs	r0, r1, #4
10000512:	4b0a      	ldr	r3, [pc, #40]	; (1000053c <make_branch+0x30>)
10000514:	469c      	mov	ip, r3
10000516:	4461      	add	r1, ip
10000518:	4a09      	ldr	r2, [pc, #36]	; (10000540 <make_branch+0x34>)
1000051a:	4291      	cmp	r1, r2
1000051c:	d808      	bhi.n	10000530 <make_branch+0x24>
1000051e:	07c3      	lsls	r3, r0, #31
10000520:	d406      	bmi.n	10000530 <make_branch+0x24>
10000522:	1040      	asrs	r0, r0, #1
10000524:	0540      	lsls	r0, r0, #21
10000526:	0d40      	lsrs	r0, r0, #21
10000528:	4b06      	ldr	r3, [pc, #24]	; (10000544 <make_branch+0x38>)
1000052a:	4318      	orrs	r0, r3
1000052c:	b280      	uxth	r0, r0
1000052e:	bd10      	pop	{r4, pc}
10000530:	4b05      	ldr	r3, [pc, #20]	; (10000548 <make_branch+0x3c>)
10000532:	4a06      	ldr	r2, [pc, #24]	; (1000054c <make_branch+0x40>)
10000534:	21a3      	movs	r1, #163	; 0xa3
10000536:	4806      	ldr	r0, [pc, #24]	; (10000550 <make_branch+0x44>)
10000538:	f001 fd1c 	bl	10001f74 <__assert_func>
1000053c:	000007fc 	.word	0x000007fc
10000540:	00000ffe 	.word	0x00000ffe
10000544:	ffffe000 	.word	0xffffe000
10000548:	1000410c 	.word	0x1000410c
1000054c:	1000437c 	.word	0x1000437c
10000550:	1000413c 	.word	0x1000413c

10000554 <insert_branch_and_link>:
10000554:	b510      	push	{r4, lr}
10000556:	1a09      	subs	r1, r1, r0
10000558:	3904      	subs	r1, #4
1000055a:	084c      	lsrs	r4, r1, #1
1000055c:	0b09      	lsrs	r1, r1, #12
1000055e:	d108      	bne.n	10000572 <insert_branch_and_link+0x1e>
10000560:	0549      	lsls	r1, r1, #21
10000562:	0d49      	lsrs	r1, r1, #21
10000564:	4a06      	ldr	r2, [pc, #24]	; (10000580 <insert_branch_and_link+0x2c>)
10000566:	4311      	orrs	r1, r2
10000568:	8001      	strh	r1, [r0, #0]
1000056a:	4b06      	ldr	r3, [pc, #24]	; (10000584 <insert_branch_and_link+0x30>)
1000056c:	4323      	orrs	r3, r4
1000056e:	8043      	strh	r3, [r0, #2]
10000570:	bd10      	pop	{r4, pc}
10000572:	4b05      	ldr	r3, [pc, #20]	; (10000588 <insert_branch_and_link+0x34>)
10000574:	4a05      	ldr	r2, [pc, #20]	; (1000058c <insert_branch_and_link+0x38>)
10000576:	21ab      	movs	r1, #171	; 0xab
10000578:	4805      	ldr	r0, [pc, #20]	; (10000590 <insert_branch_and_link+0x3c>)
1000057a:	f001 fcfb 	bl	10001f74 <__assert_func>
1000057e:	46c0      	nop			; (mov r8, r8)
10000580:	fffff000 	.word	0xfffff000
10000584:	fffff800 	.word	0xfffff800
10000588:	10004198 	.word	0x10004198
1000058c:	10004350 	.word	0x10004350
10000590:	1000413c 	.word	0x1000413c

10000594 <irq_is_enabled>:
10000594:	2301      	movs	r3, #1
10000596:	4083      	lsls	r3, r0
10000598:	4a03      	ldr	r2, [pc, #12]	; (100005a8 <irq_is_enabled+0x14>)
1000059a:	6810      	ldr	r0, [r2, #0]
1000059c:	4018      	ands	r0, r3
1000059e:	1e43      	subs	r3, r0, #1
100005a0:	4198      	sbcs	r0, r3
100005a2:	b2c0      	uxtb	r0, r0
100005a4:	4770      	bx	lr
100005a6:	46c0      	nop			; (mov r8, r8)
100005a8:	e000e100 	.word	0xe000e100

100005ac <irq_set_mask_enabled>:
100005ac:	2900      	cmp	r1, #0
100005ae:	d004      	beq.n	100005ba <irq_set_mask_enabled+0xe>
100005b0:	4b03      	ldr	r3, [pc, #12]	; (100005c0 <irq_set_mask_enabled+0x14>)
100005b2:	6018      	str	r0, [r3, #0]
100005b4:	4b03      	ldr	r3, [pc, #12]	; (100005c4 <irq_set_mask_enabled+0x18>)
100005b6:	6018      	str	r0, [r3, #0]
100005b8:	4770      	bx	lr
100005ba:	4b03      	ldr	r3, [pc, #12]	; (100005c8 <irq_set_mask_enabled+0x1c>)
100005bc:	6018      	str	r0, [r3, #0]
100005be:	e7fb      	b.n	100005b8 <irq_set_mask_enabled+0xc>
100005c0:	e000e280 	.word	0xe000e280
100005c4:	e000e100 	.word	0xe000e100
100005c8:	e000e180 	.word	0xe000e180

100005cc <irq_set_enabled>:
100005cc:	b510      	push	{r4, lr}
100005ce:	2301      	movs	r3, #1
100005d0:	4083      	lsls	r3, r0
100005d2:	0018      	movs	r0, r3
100005d4:	f7ff ffea 	bl	100005ac <irq_set_mask_enabled>
100005d8:	bd10      	pop	{r4, pc}
	...

100005dc <irq_get_vtable_handler>:
100005dc:	4b02      	ldr	r3, [pc, #8]	; (100005e8 <irq_get_vtable_handler+0xc>)
100005de:	689b      	ldr	r3, [r3, #8]
100005e0:	3010      	adds	r0, #16
100005e2:	0080      	lsls	r0, r0, #2
100005e4:	58c0      	ldr	r0, [r0, r3]
100005e6:	4770      	bx	lr
100005e8:	e000ed00 	.word	0xe000ed00

100005ec <irq_set_exclusive_handler>:
100005ec:	b570      	push	{r4, r5, r6, lr}
100005ee:	0004      	movs	r4, r0
100005f0:	000d      	movs	r5, r1
100005f2:	f3ef 8610 	mrs	r6, PRIMASK
100005f6:	b672      	cpsid	i
100005f8:	4b0c      	ldr	r3, [pc, #48]	; (1000062c <irq_set_exclusive_handler+0x40>)
100005fa:	681b      	ldr	r3, [r3, #0]
100005fc:	2b00      	cmp	r3, #0
100005fe:	d0fb      	beq.n	100005f8 <irq_set_exclusive_handler+0xc>
10000600:	f3bf 8f5f 	dmb	sy
10000604:	0020      	movs	r0, r4
10000606:	f7ff ffe9 	bl	100005dc <irq_get_vtable_handler>
1000060a:	4b09      	ldr	r3, [pc, #36]	; (10000630 <irq_set_exclusive_handler+0x44>)
1000060c:	4298      	cmp	r0, r3
1000060e:	d001      	beq.n	10000614 <irq_set_exclusive_handler+0x28>
10000610:	42a8      	cmp	r0, r5
10000612:	d105      	bne.n	10000620 <irq_set_exclusive_handler+0x34>
10000614:	0032      	movs	r2, r6
10000616:	0029      	movs	r1, r5
10000618:	0020      	movs	r0, r4
1000061a:	f7ff ff63 	bl	100004e4 <set_raw_irq_handler_and_unlock>
1000061e:	bd70      	pop	{r4, r5, r6, pc}
10000620:	4b04      	ldr	r3, [pc, #16]	; (10000634 <irq_set_exclusive_handler+0x48>)
10000622:	4a05      	ldr	r2, [pc, #20]	; (10000638 <irq_set_exclusive_handler+0x4c>)
10000624:	2186      	movs	r1, #134	; 0x86
10000626:	4805      	ldr	r0, [pc, #20]	; (1000063c <irq_set_exclusive_handler+0x50>)
10000628:	f001 fca4 	bl	10001f74 <__assert_func>
1000062c:	d0000124 	.word	0xd0000124
10000630:	100001cd 	.word	0x100001cd
10000634:	100041a8 	.word	0x100041a8
10000638:	10004398 	.word	0x10004398
1000063c:	1000413c 	.word	0x1000413c

10000640 <irq_remove_handler>:
10000640:	b5f0      	push	{r4, r5, r6, r7, lr}
10000642:	46ce      	mov	lr, r9
10000644:	4647      	mov	r7, r8
10000646:	b580      	push	{r7, lr}
10000648:	b083      	sub	sp, #12
1000064a:	0006      	movs	r6, r0
1000064c:	000d      	movs	r5, r1
1000064e:	f3ef 8810 	mrs	r8, PRIMASK
10000652:	b672      	cpsid	i
10000654:	4b56      	ldr	r3, [pc, #344]	; (100007b0 <irq_remove_handler+0x170>)
10000656:	681b      	ldr	r3, [r3, #0]
10000658:	2b00      	cmp	r3, #0
1000065a:	d0fb      	beq.n	10000654 <irq_remove_handler+0x14>
1000065c:	f3bf 8f5f 	dmb	sy
10000660:	4b54      	ldr	r3, [pc, #336]	; (100007b4 <irq_remove_handler+0x174>)
10000662:	689a      	ldr	r2, [r3, #8]
10000664:	0034      	movs	r4, r6
10000666:	3410      	adds	r4, #16
10000668:	00a3      	lsls	r3, r4, #2
1000066a:	58d7      	ldr	r7, [r2, r3]
1000066c:	4b52      	ldr	r3, [pc, #328]	; (100007b8 <irq_remove_handler+0x178>)
1000066e:	429f      	cmp	r7, r3
10000670:	d007      	beq.n	10000682 <irq_remove_handler+0x42>
10000672:	42af      	cmp	r7, r5
10000674:	d100      	bne.n	10000678 <irq_remove_handler+0x38>
10000676:	e098      	b.n	100007aa <irq_remove_handler+0x16a>
10000678:	9701      	str	r7, [sp, #4]
1000067a:	4b50      	ldr	r3, [pc, #320]	; (100007bc <irq_remove_handler+0x17c>)
1000067c:	1afb      	subs	r3, r7, r3
1000067e:	2b2f      	cmp	r3, #47	; 0x2f
10000680:	d909      	bls.n	10000696 <irq_remove_handler+0x56>
10000682:	4642      	mov	r2, r8
10000684:	0039      	movs	r1, r7
10000686:	0030      	movs	r0, r6
10000688:	f7ff ff2c 	bl	100004e4 <set_raw_irq_handler_and_unlock>
1000068c:	b003      	add	sp, #12
1000068e:	bcc0      	pop	{r6, r7}
10000690:	46b9      	mov	r9, r7
10000692:	46b0      	mov	r8, r6
10000694:	bdf0      	pop	{r4, r5, r6, r7, pc}
10000696:	0030      	movs	r0, r6
10000698:	f7ff ff7c 	bl	10000594 <irq_is_enabled>
1000069c:	4681      	mov	r9, r0
1000069e:	2100      	movs	r1, #0
100006a0:	0030      	movs	r0, r6
100006a2:	f7ff ff93 	bl	100005cc <irq_set_enabled>
100006a6:	f3bf 8f5f 	dmb	sy
100006aa:	f3ef 8105 	mrs	r1, IPSR
100006ae:	2900      	cmp	r1, #0
100006b0:	d001      	beq.n	100006b6 <irq_remove_handler+0x76>
100006b2:	428c      	cmp	r4, r1
100006b4:	d111      	bne.n	100006da <irq_remove_handler+0x9a>
100006b6:	2301      	movs	r3, #1
100006b8:	9c01      	ldr	r4, [sp, #4]
100006ba:	439c      	bics	r4, r3
100006bc:	2200      	movs	r2, #0
100006be:	68a3      	ldr	r3, [r4, #8]
100006c0:	42ab      	cmp	r3, r5
100006c2:	d012      	beq.n	100006ea <irq_remove_handler+0xaa>
100006c4:	2206      	movs	r2, #6
100006c6:	56a2      	ldrsb	r2, [r4, r2]
100006c8:	2a00      	cmp	r2, #0
100006ca:	db0d      	blt.n	100006e8 <irq_remove_handler+0xa8>
100006cc:	0053      	lsls	r3, r2, #1
100006ce:	189b      	adds	r3, r3, r2
100006d0:	009b      	lsls	r3, r3, #2
100006d2:	0022      	movs	r2, r4
100006d4:	4c39      	ldr	r4, [pc, #228]	; (100007bc <irq_remove_handler+0x17c>)
100006d6:	18e4      	adds	r4, r4, r3
100006d8:	e7f1      	b.n	100006be <irq_remove_handler+0x7e>
100006da:	2136      	movs	r1, #54	; 0x36
100006dc:	4b38      	ldr	r3, [pc, #224]	; (100007c0 <irq_remove_handler+0x180>)
100006de:	4a39      	ldr	r2, [pc, #228]	; (100007c4 <irq_remove_handler+0x184>)
100006e0:	31ff      	adds	r1, #255	; 0xff
100006e2:	4839      	ldr	r0, [pc, #228]	; (100007c8 <irq_remove_handler+0x188>)
100006e4:	f001 fc46 	bl	10001f74 <__assert_func>
100006e8:	0022      	movs	r2, r4
100006ea:	42ab      	cmp	r3, r5
100006ec:	d156      	bne.n	1000079c <irq_remove_handler+0x15c>
100006ee:	2506      	movs	r5, #6
100006f0:	5765      	ldrsb	r5, [r4, r5]
100006f2:	2d00      	cmp	r5, #0
100006f4:	db38      	blt.n	10000768 <irq_remove_handler+0x128>
100006f6:	006b      	lsls	r3, r5, #1
100006f8:	195b      	adds	r3, r3, r5
100006fa:	009a      	lsls	r2, r3, #2
100006fc:	4b2f      	ldr	r3, [pc, #188]	; (100007bc <irq_remove_handler+0x17c>)
100006fe:	189b      	adds	r3, r3, r2
10000700:	689a      	ldr	r2, [r3, #8]
10000702:	60a2      	str	r2, [r4, #8]
10000704:	79da      	ldrb	r2, [r3, #7]
10000706:	71e2      	strb	r2, [r4, #7]
10000708:	2206      	movs	r2, #6
1000070a:	569a      	ldrsb	r2, [r3, r2]
1000070c:	71a2      	strb	r2, [r4, #6]
1000070e:	799b      	ldrb	r3, [r3, #6]
10000710:	b25b      	sxtb	r3, r3
10000712:	2b00      	cmp	r3, #0
10000714:	da0f      	bge.n	10000736 <irq_remove_handler+0xf6>
10000716:	482d      	ldr	r0, [pc, #180]	; (100007cc <irq_remove_handler+0x18c>)
10000718:	80a0      	strh	r0, [r4, #4]
1000071a:	006b      	lsls	r3, r5, #1
1000071c:	195b      	adds	r3, r3, r5
1000071e:	009b      	lsls	r3, r3, #2
10000720:	4a26      	ldr	r2, [pc, #152]	; (100007bc <irq_remove_handler+0x17c>)
10000722:	18d3      	adds	r3, r2, r3
10000724:	4a2a      	ldr	r2, [pc, #168]	; (100007d0 <irq_remove_handler+0x190>)
10000726:	7811      	ldrb	r1, [r2, #0]
10000728:	7199      	strb	r1, [r3, #6]
1000072a:	7015      	strb	r5, [r2, #0]
1000072c:	4649      	mov	r1, r9
1000072e:	0030      	movs	r0, r6
10000730:	f7ff ff4c 	bl	100005cc <irq_set_enabled>
10000734:	e7a5      	b.n	10000682 <irq_remove_handler+0x42>
10000736:	1d20      	adds	r0, r4, #4
10000738:	006b      	lsls	r3, r5, #1
1000073a:	195b      	adds	r3, r3, r5
1000073c:	009b      	lsls	r3, r3, #2
1000073e:	4a1f      	ldr	r2, [pc, #124]	; (100007bc <irq_remove_handler+0x17c>)
10000740:	189b      	adds	r3, r3, r2
10000742:	1d1a      	adds	r2, r3, #4
10000744:	889b      	ldrh	r3, [r3, #4]
10000746:	0ad9      	lsrs	r1, r3, #11
10000748:	291c      	cmp	r1, #28
1000074a:	d107      	bne.n	1000075c <irq_remove_handler+0x11c>
1000074c:	055b      	lsls	r3, r3, #21
1000074e:	155b      	asrs	r3, r3, #21
10000750:	3302      	adds	r3, #2
10000752:	0059      	lsls	r1, r3, #1
10000754:	1851      	adds	r1, r2, r1
10000756:	f7ff fed9 	bl	1000050c <make_branch>
1000075a:	e7dd      	b.n	10000718 <irq_remove_handler+0xd8>
1000075c:	4b1d      	ldr	r3, [pc, #116]	; (100007d4 <irq_remove_handler+0x194>)
1000075e:	4a1e      	ldr	r2, [pc, #120]	; (100007d8 <irq_remove_handler+0x198>)
10000760:	21b1      	movs	r1, #177	; 0xb1
10000762:	4819      	ldr	r0, [pc, #100]	; (100007c8 <irq_remove_handler+0x188>)
10000764:	f001 fc06 	bl	10001f74 <__assert_func>
10000768:	2900      	cmp	r1, #0
1000076a:	d112      	bne.n	10000792 <irq_remove_handler+0x152>
1000076c:	2a00      	cmp	r2, #0
1000076e:	d00e      	beq.n	1000078e <irq_remove_handler+0x14e>
10000770:	23ff      	movs	r3, #255	; 0xff
10000772:	7193      	strb	r3, [r2, #6]
10000774:	4b19      	ldr	r3, [pc, #100]	; (100007dc <irq_remove_handler+0x19c>)
10000776:	8093      	strh	r3, [r2, #4]
10000778:	4a15      	ldr	r2, [pc, #84]	; (100007d0 <irq_remove_handler+0x190>)
1000077a:	7813      	ldrb	r3, [r2, #0]
1000077c:	71a3      	strb	r3, [r4, #6]
1000077e:	4b18      	ldr	r3, [pc, #96]	; (100007e0 <irq_remove_handler+0x1a0>)
10000780:	490e      	ldr	r1, [pc, #56]	; (100007bc <irq_remove_handler+0x17c>)
10000782:	1a64      	subs	r4, r4, r1
10000784:	4164      	adcs	r4, r4
10000786:	4363      	muls	r3, r4
10000788:	0d1b      	lsrs	r3, r3, #20
1000078a:	7013      	strb	r3, [r2, #0]
1000078c:	e7ce      	b.n	1000072c <irq_remove_handler+0xec>
1000078e:	4f0a      	ldr	r7, [pc, #40]	; (100007b8 <irq_remove_handler+0x178>)
10000790:	e7f2      	b.n	10000778 <irq_remove_handler+0x138>
10000792:	1d20      	adds	r0, r4, #4
10000794:	4913      	ldr	r1, [pc, #76]	; (100007e4 <irq_remove_handler+0x1a4>)
10000796:	f7ff fedd 	bl	10000554 <insert_branch_and_link>
1000079a:	e7c7      	b.n	1000072c <irq_remove_handler+0xec>
1000079c:	216a      	movs	r1, #106	; 0x6a
1000079e:	4b12      	ldr	r3, [pc, #72]	; (100007e8 <irq_remove_handler+0x1a8>)
100007a0:	4a08      	ldr	r2, [pc, #32]	; (100007c4 <irq_remove_handler+0x184>)
100007a2:	31ff      	adds	r1, #255	; 0xff
100007a4:	4808      	ldr	r0, [pc, #32]	; (100007c8 <irq_remove_handler+0x188>)
100007a6:	f001 fbe5 	bl	10001f74 <__assert_func>
100007aa:	4f03      	ldr	r7, [pc, #12]	; (100007b8 <irq_remove_handler+0x178>)
100007ac:	e769      	b.n	10000682 <irq_remove_handler+0x42>
100007ae:	46c0      	nop			; (mov r8, r8)
100007b0:	d0000124 	.word	0xd0000124
100007b4:	e000ed00 	.word	0xe000ed00
100007b8:	100001cd 	.word	0x100001cd
100007bc:	2000023c 	.word	0x2000023c
100007c0:	100042bc 	.word	0x100042bc
100007c4:	10004368 	.word	0x10004368
100007c8:	1000413c 	.word	0x1000413c
100007cc:	0000bd01 	.word	0x0000bd01
100007d0:	200006fb 	.word	0x200006fb
100007d4:	100042a4 	.word	0x100042a4
100007d8:	10004388 	.word	0x10004388
100007dc:	ffffbd01 	.word	0xffffbd01
100007e0:	0000aaaa 	.word	0x0000aaaa
100007e4:	20000276 	.word	0x20000276
100007e8:	100042f0 	.word	0x100042f0

100007ec <irq_add_tail_to_free_list>:
100007ec:	b570      	push	{r4, r5, r6, lr}
100007ee:	2101      	movs	r1, #1
100007f0:	4301      	orrs	r1, r0
100007f2:	4b2e      	ldr	r3, [pc, #184]	; (100008ac <irq_add_tail_to_free_list+0xc0>)
100007f4:	1acb      	subs	r3, r1, r3
100007f6:	2b2f      	cmp	r3, #47	; 0x2f
100007f8:	d828      	bhi.n	1000084c <irq_add_tail_to_free_list+0x60>
100007fa:	f3ef 8305 	mrs	r3, IPSR
100007fe:	2b00      	cmp	r3, #0
10000800:	d02b      	beq.n	1000085a <irq_add_tail_to_free_list+0x6e>
10000802:	f3ef 8c10 	mrs	ip, PRIMASK
10000806:	b672      	cpsid	i
10000808:	4a29      	ldr	r2, [pc, #164]	; (100008b0 <irq_add_tail_to_free_list+0xc4>)
1000080a:	6812      	ldr	r2, [r2, #0]
1000080c:	2a00      	cmp	r2, #0
1000080e:	d0fb      	beq.n	10000808 <irq_add_tail_to_free_list+0x1c>
10000810:	f3bf 8f5f 	dmb	sy
10000814:	4a27      	ldr	r2, [pc, #156]	; (100008b4 <irq_add_tail_to_free_list+0xc8>)
10000816:	0004      	movs	r4, r0
10000818:	4d24      	ldr	r5, [pc, #144]	; (100008ac <irq_add_tail_to_free_list+0xc0>)
1000081a:	1b64      	subs	r4, r4, r5
1000081c:	4164      	adcs	r4, r4
1000081e:	4362      	muls	r2, r4
10000820:	0d12      	lsrs	r2, r2, #20
10000822:	b254      	sxtb	r4, r2
10000824:	4a24      	ldr	r2, [pc, #144]	; (100008b8 <irq_add_tail_to_free_list+0xcc>)
10000826:	6892      	ldr	r2, [r2, #8]
10000828:	009b      	lsls	r3, r3, #2
1000082a:	58d2      	ldr	r2, [r2, r3]
1000082c:	428a      	cmp	r2, r1
1000082e:	d01b      	beq.n	10000868 <irq_add_tail_to_free_list+0x7c>
10000830:	2200      	movs	r2, #0
10000832:	2a03      	cmp	r2, #3
10000834:	d832      	bhi.n	1000089c <irq_add_tail_to_free_list+0xb0>
10000836:	0053      	lsls	r3, r2, #1
10000838:	189b      	adds	r3, r3, r2
1000083a:	009b      	lsls	r3, r3, #2
1000083c:	491b      	ldr	r1, [pc, #108]	; (100008ac <irq_add_tail_to_free_list+0xc0>)
1000083e:	18cb      	adds	r3, r1, r3
10000840:	799b      	ldrb	r3, [r3, #6]
10000842:	b25b      	sxtb	r3, r3
10000844:	42a3      	cmp	r3, r4
10000846:	d01f      	beq.n	10000888 <irq_add_tail_to_free_list+0x9c>
10000848:	3201      	adds	r2, #1
1000084a:	e7f2      	b.n	10000832 <irq_add_tail_to_free_list+0x46>
1000084c:	21c7      	movs	r1, #199	; 0xc7
1000084e:	4b1b      	ldr	r3, [pc, #108]	; (100008bc <irq_add_tail_to_free_list+0xd0>)
10000850:	4a1b      	ldr	r2, [pc, #108]	; (100008c0 <irq_add_tail_to_free_list+0xd4>)
10000852:	0049      	lsls	r1, r1, #1
10000854:	481b      	ldr	r0, [pc, #108]	; (100008c4 <irq_add_tail_to_free_list+0xd8>)
10000856:	f001 fb8d 	bl	10001f74 <__assert_func>
1000085a:	2192      	movs	r1, #146	; 0x92
1000085c:	4b1a      	ldr	r3, [pc, #104]	; (100008c8 <irq_add_tail_to_free_list+0xdc>)
1000085e:	4a18      	ldr	r2, [pc, #96]	; (100008c0 <irq_add_tail_to_free_list+0xd4>)
10000860:	31ff      	adds	r1, #255	; 0xff
10000862:	4818      	ldr	r0, [pc, #96]	; (100008c4 <irq_add_tail_to_free_list+0xd8>)
10000864:	f001 fb86 	bl	10001f74 <__assert_func>
10000868:	4a13      	ldr	r2, [pc, #76]	; (100008b8 <irq_add_tail_to_free_list+0xcc>)
1000086a:	6892      	ldr	r2, [r2, #8]
1000086c:	4917      	ldr	r1, [pc, #92]	; (100008cc <irq_add_tail_to_free_list+0xe0>)
1000086e:	50d1      	str	r1, [r2, r3]
10000870:	4b17      	ldr	r3, [pc, #92]	; (100008d0 <irq_add_tail_to_free_list+0xe4>)
10000872:	781a      	ldrb	r2, [r3, #0]
10000874:	7182      	strb	r2, [r0, #6]
10000876:	701c      	strb	r4, [r3, #0]
10000878:	f3bf 8f5f 	dmb	sy
1000087c:	4b0c      	ldr	r3, [pc, #48]	; (100008b0 <irq_add_tail_to_free_list+0xc4>)
1000087e:	2200      	movs	r2, #0
10000880:	601a      	str	r2, [r3, #0]
10000882:	f38c 8810 	msr	PRIMASK, ip
10000886:	bd70      	pop	{r4, r5, r6, pc}
10000888:	000d      	movs	r5, r1
1000088a:	0053      	lsls	r3, r2, #1
1000088c:	1899      	adds	r1, r3, r2
1000088e:	0089      	lsls	r1, r1, #2
10000890:	1869      	adds	r1, r5, r1
10000892:	26ff      	movs	r6, #255	; 0xff
10000894:	718e      	strb	r6, [r1, #6]
10000896:	4a0f      	ldr	r2, [pc, #60]	; (100008d4 <irq_add_tail_to_free_list+0xe8>)
10000898:	808a      	strh	r2, [r1, #4]
1000089a:	e7e9      	b.n	10000870 <irq_add_tail_to_free_list+0x84>
1000089c:	21d1      	movs	r1, #209	; 0xd1
1000089e:	4b0e      	ldr	r3, [pc, #56]	; (100008d8 <irq_add_tail_to_free_list+0xec>)
100008a0:	4a07      	ldr	r2, [pc, #28]	; (100008c0 <irq_add_tail_to_free_list+0xd4>)
100008a2:	0049      	lsls	r1, r1, #1
100008a4:	4807      	ldr	r0, [pc, #28]	; (100008c4 <irq_add_tail_to_free_list+0xd8>)
100008a6:	f001 fb65 	bl	10001f74 <__assert_func>
100008aa:	46c0      	nop			; (mov r8, r8)
100008ac:	2000023c 	.word	0x2000023c
100008b0:	d0000124 	.word	0xd0000124
100008b4:	0000aaaa 	.word	0x0000aaaa
100008b8:	e000ed00 	.word	0xe000ed00
100008bc:	100042f8 	.word	0x100042f8
100008c0:	10004334 	.word	0x10004334
100008c4:	1000413c 	.word	0x1000413c
100008c8:	10004320 	.word	0x10004320
100008cc:	100001cd 	.word	0x100001cd
100008d0:	200006fb 	.word	0x200006fb
100008d4:	ffffbd01 	.word	0xffffbd01
100008d8:	1000432c 	.word	0x1000432c

100008dc <irq_init_priorities>:
100008dc:	2200      	movs	r2, #0
100008de:	4b04      	ldr	r3, [pc, #16]	; (100008f0 <irq_init_priorities+0x14>)
100008e0:	e002      	b.n	100008e8 <irq_init_priorities+0xc>
100008e2:	4904      	ldr	r1, [pc, #16]	; (100008f4 <irq_init_priorities+0x18>)
100008e4:	c302      	stmia	r3!, {r1}
100008e6:	3201      	adds	r2, #1
100008e8:	2a07      	cmp	r2, #7
100008ea:	d9fa      	bls.n	100008e2 <irq_init_priorities+0x6>
100008ec:	4770      	bx	lr
100008ee:	46c0      	nop			; (mov r8, r8)
100008f0:	e000e400 	.word	0xe000e400
100008f4:	80808080 	.word	0x80808080

100008f8 <lock_init>:
100008f8:	4b02      	ldr	r3, [pc, #8]	; (10000904 <lock_init+0xc>)
100008fa:	469c      	mov	ip, r3
100008fc:	4461      	add	r1, ip
100008fe:	0089      	lsls	r1, r1, #2
10000900:	6001      	str	r1, [r0, #0]
10000902:	4770      	bx	lr
10000904:	34000040 	.word	0x34000040

10000908 <mutex_init>:
10000908:	b510      	push	{r4, lr}
1000090a:	0004      	movs	r4, r0
1000090c:	f7ff fddc 	bl	100004c8 <next_striped_spin_lock_num>
10000910:	0001      	movs	r1, r0
10000912:	0020      	movs	r0, r4
10000914:	f7ff fff0 	bl	100008f8 <lock_init>
10000918:	23ff      	movs	r3, #255	; 0xff
1000091a:	7123      	strb	r3, [r4, #4]
1000091c:	f3bf 8f5f 	dmb	sy
10000920:	bd10      	pop	{r4, pc}

10000922 <recursive_mutex_init>:
10000922:	b510      	push	{r4, lr}
10000924:	0004      	movs	r4, r0
10000926:	f7ff fdcf 	bl	100004c8 <next_striped_spin_lock_num>
1000092a:	0001      	movs	r1, r0
1000092c:	0020      	movs	r0, r4
1000092e:	f7ff ffe3 	bl	100008f8 <lock_init>
10000932:	23ff      	movs	r3, #255	; 0xff
10000934:	7123      	strb	r3, [r4, #4]
10000936:	2300      	movs	r3, #0
10000938:	7163      	strb	r3, [r4, #5]
1000093a:	f3bf 8f5f 	dmb	sy
1000093e:	bd10      	pop	{r4, pc}

10000940 <alarm_pool_post_alloc_init>:
10000940:	b570      	push	{r4, r5, r6, lr}
10000942:	0005      	movs	r5, r0
10000944:	000c      	movs	r4, r1
10000946:	0008      	movs	r0, r1
10000948:	f000 fe4a 	bl	100015e0 <hardware_alarm_cancel>
1000094c:	4909      	ldr	r1, [pc, #36]	; (10000974 <alarm_pool_post_alloc_init+0x34>)
1000094e:	0020      	movs	r0, r4
10000950:	f000 fd8a 	bl	10001468 <hardware_alarm_set_callback>
10000954:	f7ff fdb8 	bl	100004c8 <next_striped_spin_lock_num>
10000958:	4b07      	ldr	r3, [pc, #28]	; (10000978 <alarm_pool_post_alloc_init+0x38>)
1000095a:	469c      	mov	ip, r3
1000095c:	4460      	add	r0, ip
1000095e:	0080      	lsls	r0, r0, #2
10000960:	6068      	str	r0, [r5, #4]
10000962:	752c      	strb	r4, [r5, #20]
10000964:	23d0      	movs	r3, #208	; 0xd0
10000966:	061b      	lsls	r3, r3, #24
10000968:	781b      	ldrb	r3, [r3, #0]
1000096a:	756b      	strb	r3, [r5, #21]
1000096c:	00a4      	lsls	r4, r4, #2
1000096e:	4b03      	ldr	r3, [pc, #12]	; (1000097c <alarm_pool_post_alloc_init+0x3c>)
10000970:	50e5      	str	r5, [r4, r3]
10000972:	bd70      	pop	{r4, r5, r6, pc}
10000974:	10000c85 	.word	0x10000c85
10000978:	34000040 	.word	0x34000040
1000097c:	200004c8 	.word	0x200004c8

10000980 <sleep_until_callback>:
10000980:	4b0a      	ldr	r3, [pc, #40]	; (100009ac <sleep_until_callback+0x2c>)
10000982:	681a      	ldr	r2, [r3, #0]
10000984:	f3ef 8110 	mrs	r1, PRIMASK
10000988:	b672      	cpsid	i
1000098a:	6813      	ldr	r3, [r2, #0]
1000098c:	2b00      	cmp	r3, #0
1000098e:	d0fc      	beq.n	1000098a <sleep_until_callback+0xa>
10000990:	f3bf 8f5f 	dmb	sy
10000994:	4b05      	ldr	r3, [pc, #20]	; (100009ac <sleep_until_callback+0x2c>)
10000996:	681b      	ldr	r3, [r3, #0]
10000998:	f3bf 8f5f 	dmb	sy
1000099c:	2200      	movs	r2, #0
1000099e:	601a      	str	r2, [r3, #0]
100009a0:	f381 8810 	msr	PRIMASK, r1
100009a4:	bf40      	sev
100009a6:	2000      	movs	r0, #0
100009a8:	2100      	movs	r1, #0
100009aa:	4770      	bx	lr
100009ac:	200006dc 	.word	0x200006dc

100009b0 <timer_pool_entry_comparator>:
100009b0:	b510      	push	{r4, lr}
100009b2:	2900      	cmp	r1, #0
100009b4:	d022      	beq.n	100009fc <timer_pool_entry_comparator+0x4c>
100009b6:	6803      	ldr	r3, [r0, #0]
100009b8:	7b1b      	ldrb	r3, [r3, #12]
100009ba:	4299      	cmp	r1, r3
100009bc:	d81e      	bhi.n	100009fc <timer_pool_entry_comparator+0x4c>
100009be:	4b17      	ldr	r3, [pc, #92]	; (10000a1c <timer_pool_entry_comparator+0x6c>)
100009c0:	469c      	mov	ip, r3
100009c2:	4461      	add	r1, ip
100009c4:	0109      	lsls	r1, r1, #4
100009c6:	6883      	ldr	r3, [r0, #8]
100009c8:	469c      	mov	ip, r3
100009ca:	4461      	add	r1, ip
100009cc:	680c      	ldr	r4, [r1, #0]
100009ce:	6849      	ldr	r1, [r1, #4]
100009d0:	2a00      	cmp	r2, #0
100009d2:	d019      	beq.n	10000a08 <timer_pool_entry_comparator+0x58>
100009d4:	6803      	ldr	r3, [r0, #0]
100009d6:	7b1b      	ldrb	r3, [r3, #12]
100009d8:	429a      	cmp	r2, r3
100009da:	d815      	bhi.n	10000a08 <timer_pool_entry_comparator+0x58>
100009dc:	6883      	ldr	r3, [r0, #8]
100009de:	480f      	ldr	r0, [pc, #60]	; (10000a1c <timer_pool_entry_comparator+0x6c>)
100009e0:	4684      	mov	ip, r0
100009e2:	4462      	add	r2, ip
100009e4:	0112      	lsls	r2, r2, #4
100009e6:	189a      	adds	r2, r3, r2
100009e8:	6810      	ldr	r0, [r2, #0]
100009ea:	6853      	ldr	r3, [r2, #4]
100009ec:	0002      	movs	r2, r0
100009ee:	2001      	movs	r0, #1
100009f0:	428b      	cmp	r3, r1
100009f2:	d801      	bhi.n	100009f8 <timer_pool_entry_comparator+0x48>
100009f4:	d00e      	beq.n	10000a14 <timer_pool_entry_comparator+0x64>
100009f6:	2000      	movs	r0, #0
100009f8:	b2c0      	uxtb	r0, r0
100009fa:	bd10      	pop	{r4, pc}
100009fc:	4b08      	ldr	r3, [pc, #32]	; (10000a20 <timer_pool_entry_comparator+0x70>)
100009fe:	4a09      	ldr	r2, [pc, #36]	; (10000a24 <timer_pool_entry_comparator+0x74>)
10000a00:	213c      	movs	r1, #60	; 0x3c
10000a02:	4809      	ldr	r0, [pc, #36]	; (10000a28 <timer_pool_entry_comparator+0x78>)
10000a04:	f001 fab6 	bl	10001f74 <__assert_func>
10000a08:	4b05      	ldr	r3, [pc, #20]	; (10000a20 <timer_pool_entry_comparator+0x70>)
10000a0a:	4a06      	ldr	r2, [pc, #24]	; (10000a24 <timer_pool_entry_comparator+0x74>)
10000a0c:	213c      	movs	r1, #60	; 0x3c
10000a0e:	4806      	ldr	r0, [pc, #24]	; (10000a28 <timer_pool_entry_comparator+0x78>)
10000a10:	f001 fab0 	bl	10001f74 <__assert_func>
10000a14:	42a2      	cmp	r2, r4
10000a16:	d8ef      	bhi.n	100009f8 <timer_pool_entry_comparator+0x48>
10000a18:	e7ed      	b.n	100009f6 <timer_pool_entry_comparator+0x46>
10000a1a:	46c0      	nop			; (mov r8, r8)
10000a1c:	0fffffff 	.word	0x0fffffff
10000a20:	10004568 	.word	0x10004568
10000a24:	10004798 	.word	0x10004798
10000a28:	10004514 	.word	0x10004514

10000a2c <ph_add_child_node>:
10000a2c:	b510      	push	{r4, lr}
10000a2e:	2900      	cmp	r1, #0
10000a30:	d01e      	beq.n	10000a70 <ph_add_child_node+0x44>
10000a32:	7b03      	ldrb	r3, [r0, #12]
10000a34:	4299      	cmp	r1, r3
10000a36:	d81b      	bhi.n	10000a70 <ph_add_child_node+0x44>
10000a38:	004b      	lsls	r3, r1, #1
10000a3a:	185b      	adds	r3, r3, r1
10000a3c:	3b03      	subs	r3, #3
10000a3e:	6804      	ldr	r4, [r0, #0]
10000a40:	46a4      	mov	ip, r4
10000a42:	4463      	add	r3, ip
10000a44:	2900      	cmp	r1, #0
10000a46:	d019      	beq.n	10000a7c <ph_add_child_node+0x50>
10000a48:	2a00      	cmp	r2, #0
10000a4a:	d01d      	beq.n	10000a88 <ph_add_child_node+0x5c>
10000a4c:	4291      	cmp	r1, r2
10000a4e:	d021      	beq.n	10000a94 <ph_add_child_node+0x68>
10000a50:	2a00      	cmp	r2, #0
10000a52:	d025      	beq.n	10000aa0 <ph_add_child_node+0x74>
10000a54:	7b04      	ldrb	r4, [r0, #12]
10000a56:	42a2      	cmp	r2, r4
10000a58:	d822      	bhi.n	10000aa0 <ph_add_child_node+0x74>
10000a5a:	6804      	ldr	r4, [r0, #0]
10000a5c:	0050      	lsls	r0, r2, #1
10000a5e:	1880      	adds	r0, r0, r2
10000a60:	3803      	subs	r0, #3
10000a62:	1820      	adds	r0, r4, r0
10000a64:	7081      	strb	r1, [r0, #2]
10000a66:	7819      	ldrb	r1, [r3, #0]
10000a68:	2900      	cmp	r1, #0
10000a6a:	d11f      	bne.n	10000aac <ph_add_child_node+0x80>
10000a6c:	701a      	strb	r2, [r3, #0]
10000a6e:	bd10      	pop	{r4, pc}
10000a70:	4b10      	ldr	r3, [pc, #64]	; (10000ab4 <ph_add_child_node+0x88>)
10000a72:	4a11      	ldr	r2, [pc, #68]	; (10000ab8 <ph_add_child_node+0x8c>)
10000a74:	2168      	movs	r1, #104	; 0x68
10000a76:	4811      	ldr	r0, [pc, #68]	; (10000abc <ph_add_child_node+0x90>)
10000a78:	f001 fa7c 	bl	10001f74 <__assert_func>
10000a7c:	4b10      	ldr	r3, [pc, #64]	; (10000ac0 <ph_add_child_node+0x94>)
10000a7e:	4a11      	ldr	r2, [pc, #68]	; (10000ac4 <ph_add_child_node+0x98>)
10000a80:	316f      	adds	r1, #111	; 0x6f
10000a82:	480e      	ldr	r0, [pc, #56]	; (10000abc <ph_add_child_node+0x90>)
10000a84:	f001 fa76 	bl	10001f74 <__assert_func>
10000a88:	4b0f      	ldr	r3, [pc, #60]	; (10000ac8 <ph_add_child_node+0x9c>)
10000a8a:	4a0e      	ldr	r2, [pc, #56]	; (10000ac4 <ph_add_child_node+0x98>)
10000a8c:	2170      	movs	r1, #112	; 0x70
10000a8e:	480b      	ldr	r0, [pc, #44]	; (10000abc <ph_add_child_node+0x90>)
10000a90:	f001 fa70 	bl	10001f74 <__assert_func>
10000a94:	4b0d      	ldr	r3, [pc, #52]	; (10000acc <ph_add_child_node+0xa0>)
10000a96:	4a0b      	ldr	r2, [pc, #44]	; (10000ac4 <ph_add_child_node+0x98>)
10000a98:	2171      	movs	r1, #113	; 0x71
10000a9a:	4808      	ldr	r0, [pc, #32]	; (10000abc <ph_add_child_node+0x90>)
10000a9c:	f001 fa6a 	bl	10001f74 <__assert_func>
10000aa0:	4b04      	ldr	r3, [pc, #16]	; (10000ab4 <ph_add_child_node+0x88>)
10000aa2:	4a05      	ldr	r2, [pc, #20]	; (10000ab8 <ph_add_child_node+0x8c>)
10000aa4:	2168      	movs	r1, #104	; 0x68
10000aa6:	4805      	ldr	r0, [pc, #20]	; (10000abc <ph_add_child_node+0x90>)
10000aa8:	f001 fa64 	bl	10001f74 <__assert_func>
10000aac:	7041      	strb	r1, [r0, #1]
10000aae:	701a      	strb	r2, [r3, #0]
10000ab0:	e7dd      	b.n	10000a6e <ph_add_child_node+0x42>
10000ab2:	46c0      	nop			; (mov r8, r8)
10000ab4:	1000458c 	.word	0x1000458c
10000ab8:	10004804 	.word	0x10004804
10000abc:	100045a8 	.word	0x100045a8
10000ac0:	10004610 	.word	0x10004610
10000ac4:	100047e0 	.word	0x100047e0
10000ac8:	1000461c 	.word	0x1000461c
10000acc:	10004628 	.word	0x10004628

10000ad0 <ph_merge_nodes>:
10000ad0:	b570      	push	{r4, r5, r6, lr}
10000ad2:	0006      	movs	r6, r0
10000ad4:	000d      	movs	r5, r1
10000ad6:	0014      	movs	r4, r2
10000ad8:	2900      	cmp	r1, #0
10000ada:	d014      	beq.n	10000b06 <ph_merge_nodes+0x36>
10000adc:	2a00      	cmp	r2, #0
10000ade:	d014      	beq.n	10000b0a <ph_merge_nodes+0x3a>
10000ae0:	6880      	ldr	r0, [r0, #8]
10000ae2:	6873      	ldr	r3, [r6, #4]
10000ae4:	4798      	blx	r3
10000ae6:	2800      	cmp	r0, #0
10000ae8:	d006      	beq.n	10000af8 <ph_merge_nodes+0x28>
10000aea:	0022      	movs	r2, r4
10000aec:	0029      	movs	r1, r5
10000aee:	0030      	movs	r0, r6
10000af0:	f7ff ff9c 	bl	10000a2c <ph_add_child_node>
10000af4:	0028      	movs	r0, r5
10000af6:	e007      	b.n	10000b08 <ph_merge_nodes+0x38>
10000af8:	002a      	movs	r2, r5
10000afa:	0021      	movs	r1, r4
10000afc:	0030      	movs	r0, r6
10000afe:	f7ff ff95 	bl	10000a2c <ph_add_child_node>
10000b02:	0020      	movs	r0, r4
10000b04:	e000      	b.n	10000b08 <ph_merge_nodes+0x38>
10000b06:	0010      	movs	r0, r2
10000b08:	bd70      	pop	{r4, r5, r6, pc}
10000b0a:	0008      	movs	r0, r1
10000b0c:	e7fc      	b.n	10000b08 <ph_merge_nodes+0x38>
	...

10000b10 <add_alarm_under_lock>:
10000b10:	b5f0      	push	{r4, r5, r6, r7, lr}
10000b12:	b083      	sub	sp, #12
10000b14:	0005      	movs	r5, r0
10000b16:	9200      	str	r2, [sp, #0]
10000b18:	9301      	str	r3, [sp, #4]
10000b1a:	ab0a      	add	r3, sp, #40	; 0x28
10000b1c:	781c      	ldrb	r4, [r3, #0]
10000b1e:	ab0b      	add	r3, sp, #44	; 0x2c
10000b20:	781f      	ldrb	r7, [r3, #0]
10000b22:	2c00      	cmp	r4, #0
10000b24:	d026      	beq.n	10000b74 <add_alarm_under_lock+0x64>
10000b26:	6803      	ldr	r3, [r0, #0]
10000b28:	7b5a      	ldrb	r2, [r3, #13]
10000b2a:	4294      	cmp	r4, r2
10000b2c:	d107      	bne.n	10000b3e <add_alarm_under_lock+0x2e>
10000b2e:	2301      	movs	r3, #1
10000b30:	2b00      	cmp	r3, #0
10000b32:	d119      	bne.n	10000b68 <add_alarm_under_lock+0x58>
10000b34:	2c00      	cmp	r4, #0
10000b36:	d13b      	bne.n	10000bb0 <add_alarm_under_lock+0xa0>
10000b38:	0020      	movs	r0, r4
10000b3a:	b003      	add	sp, #12
10000b3c:	bdf0      	pop	{r4, r5, r6, r7, pc}
10000b3e:	2c00      	cmp	r4, #0
10000b40:	d00c      	beq.n	10000b5c <add_alarm_under_lock+0x4c>
10000b42:	7b1a      	ldrb	r2, [r3, #12]
10000b44:	4294      	cmp	r4, r2
10000b46:	d809      	bhi.n	10000b5c <add_alarm_under_lock+0x4c>
10000b48:	681a      	ldr	r2, [r3, #0]
10000b4a:	0063      	lsls	r3, r4, #1
10000b4c:	191b      	adds	r3, r3, r4
10000b4e:	3b03      	subs	r3, #3
10000b50:	18d3      	adds	r3, r2, r3
10000b52:	789b      	ldrb	r3, [r3, #2]
10000b54:	2b00      	cmp	r3, #0
10000b56:	d0eb      	beq.n	10000b30 <add_alarm_under_lock+0x20>
10000b58:	2301      	movs	r3, #1
10000b5a:	e7e9      	b.n	10000b30 <add_alarm_under_lock+0x20>
10000b5c:	4b3e      	ldr	r3, [pc, #248]	; (10000c58 <add_alarm_under_lock+0x148>)
10000b5e:	4a3f      	ldr	r2, [pc, #252]	; (10000c5c <add_alarm_under_lock+0x14c>)
10000b60:	2168      	movs	r1, #104	; 0x68
10000b62:	483f      	ldr	r0, [pc, #252]	; (10000c60 <add_alarm_under_lock+0x150>)
10000b64:	f001 fa06 	bl	10001f74 <__assert_func>
10000b68:	4b3e      	ldr	r3, [pc, #248]	; (10000c64 <add_alarm_under_lock+0x154>)
10000b6a:	4a3f      	ldr	r2, [pc, #252]	; (10000c68 <add_alarm_under_lock+0x158>)
10000b6c:	2167      	movs	r1, #103	; 0x67
10000b6e:	483f      	ldr	r0, [pc, #252]	; (10000c6c <add_alarm_under_lock+0x15c>)
10000b70:	f001 fa00 	bl	10001f74 <__assert_func>
10000b74:	6803      	ldr	r3, [r0, #0]
10000b76:	7b9c      	ldrb	r4, [r3, #14]
10000b78:	2c00      	cmp	r4, #0
10000b7a:	d0db      	beq.n	10000b34 <add_alarm_under_lock+0x24>
10000b7c:	d012      	beq.n	10000ba4 <add_alarm_under_lock+0x94>
10000b7e:	7b1a      	ldrb	r2, [r3, #12]
10000b80:	4294      	cmp	r4, r2
10000b82:	d80f      	bhi.n	10000ba4 <add_alarm_under_lock+0x94>
10000b84:	0062      	lsls	r2, r4, #1
10000b86:	1912      	adds	r2, r2, r4
10000b88:	3a03      	subs	r2, #3
10000b8a:	6819      	ldr	r1, [r3, #0]
10000b8c:	468c      	mov	ip, r1
10000b8e:	4462      	add	r2, ip
10000b90:	7851      	ldrb	r1, [r2, #1]
10000b92:	7399      	strb	r1, [r3, #14]
10000b94:	2900      	cmp	r1, #0
10000b96:	d100      	bne.n	10000b9a <add_alarm_under_lock+0x8a>
10000b98:	73d9      	strb	r1, [r3, #15]
10000b9a:	2300      	movs	r3, #0
10000b9c:	7093      	strb	r3, [r2, #2]
10000b9e:	7053      	strb	r3, [r2, #1]
10000ba0:	7013      	strb	r3, [r2, #0]
10000ba2:	e7c7      	b.n	10000b34 <add_alarm_under_lock+0x24>
10000ba4:	4b2c      	ldr	r3, [pc, #176]	; (10000c58 <add_alarm_under_lock+0x148>)
10000ba6:	4a2d      	ldr	r2, [pc, #180]	; (10000c5c <add_alarm_under_lock+0x14c>)
10000ba8:	2168      	movs	r1, #104	; 0x68
10000baa:	482d      	ldr	r0, [pc, #180]	; (10000c60 <add_alarm_under_lock+0x150>)
10000bac:	f001 f9e2 	bl	10001f74 <__assert_func>
10000bb0:	2c00      	cmp	r4, #0
10000bb2:	d03a      	beq.n	10000c2a <add_alarm_under_lock+0x11a>
10000bb4:	682b      	ldr	r3, [r5, #0]
10000bb6:	7b1b      	ldrb	r3, [r3, #12]
10000bb8:	429c      	cmp	r4, r3
10000bba:	d836      	bhi.n	10000c2a <add_alarm_under_lock+0x11a>
10000bbc:	4b2c      	ldr	r3, [pc, #176]	; (10000c70 <add_alarm_under_lock+0x160>)
10000bbe:	18e3      	adds	r3, r4, r3
10000bc0:	011b      	lsls	r3, r3, #4
10000bc2:	68aa      	ldr	r2, [r5, #8]
10000bc4:	4694      	mov	ip, r2
10000bc6:	4463      	add	r3, ip
10000bc8:	9a00      	ldr	r2, [sp, #0]
10000bca:	601a      	str	r2, [r3, #0]
10000bcc:	9a01      	ldr	r2, [sp, #4]
10000bce:	605a      	str	r2, [r3, #4]
10000bd0:	9a08      	ldr	r2, [sp, #32]
10000bd2:	609a      	str	r2, [r3, #8]
10000bd4:	9a09      	ldr	r2, [sp, #36]	; 0x24
10000bd6:	60da      	str	r2, [r3, #12]
10000bd8:	682e      	ldr	r6, [r5, #0]
10000bda:	2c00      	cmp	r4, #0
10000bdc:	d02b      	beq.n	10000c36 <add_alarm_under_lock+0x126>
10000bde:	d030      	beq.n	10000c42 <add_alarm_under_lock+0x132>
10000be0:	7b33      	ldrb	r3, [r6, #12]
10000be2:	429c      	cmp	r4, r3
10000be4:	d82d      	bhi.n	10000c42 <add_alarm_under_lock+0x132>
10000be6:	0063      	lsls	r3, r4, #1
10000be8:	191b      	adds	r3, r3, r4
10000bea:	3b03      	subs	r3, #3
10000bec:	6832      	ldr	r2, [r6, #0]
10000bee:	4694      	mov	ip, r2
10000bf0:	4463      	add	r3, ip
10000bf2:	2200      	movs	r2, #0
10000bf4:	709a      	strb	r2, [r3, #2]
10000bf6:	705a      	strb	r2, [r3, #1]
10000bf8:	701a      	strb	r2, [r3, #0]
10000bfa:	7b71      	ldrb	r1, [r6, #13]
10000bfc:	0022      	movs	r2, r4
10000bfe:	0030      	movs	r0, r6
10000c00:	f7ff ff66 	bl	10000ad0 <ph_merge_nodes>
10000c04:	7370      	strb	r0, [r6, #13]
10000c06:	4284      	cmp	r4, r0
10000c08:	d000      	beq.n	10000c0c <add_alarm_under_lock+0xfc>
10000c0a:	e795      	b.n	10000b38 <add_alarm_under_lock+0x28>
10000c0c:	7d28      	ldrb	r0, [r5, #20]
10000c0e:	9a00      	ldr	r2, [sp, #0]
10000c10:	9b01      	ldr	r3, [sp, #4]
10000c12:	f000 fc71 	bl	100014f8 <hardware_alarm_set_target>
10000c16:	1e06      	subs	r6, r0, #0
10000c18:	d001      	beq.n	10000c1e <add_alarm_under_lock+0x10e>
10000c1a:	2f00      	cmp	r7, #0
10000c1c:	d017      	beq.n	10000c4e <add_alarm_under_lock+0x13e>
10000c1e:	9b0c      	ldr	r3, [sp, #48]	; 0x30
10000c20:	2b00      	cmp	r3, #0
10000c22:	d100      	bne.n	10000c26 <add_alarm_under_lock+0x116>
10000c24:	e788      	b.n	10000b38 <add_alarm_under_lock+0x28>
10000c26:	701e      	strb	r6, [r3, #0]
10000c28:	e786      	b.n	10000b38 <add_alarm_under_lock+0x28>
10000c2a:	4b12      	ldr	r3, [pc, #72]	; (10000c74 <add_alarm_under_lock+0x164>)
10000c2c:	4a12      	ldr	r2, [pc, #72]	; (10000c78 <add_alarm_under_lock+0x168>)
10000c2e:	213c      	movs	r1, #60	; 0x3c
10000c30:	480e      	ldr	r0, [pc, #56]	; (10000c6c <add_alarm_under_lock+0x15c>)
10000c32:	f001 f99f 	bl	10001f74 <__assert_func>
10000c36:	4b11      	ldr	r3, [pc, #68]	; (10000c7c <add_alarm_under_lock+0x16c>)
10000c38:	4a11      	ldr	r2, [pc, #68]	; (10000c80 <add_alarm_under_lock+0x170>)
10000c3a:	21a5      	movs	r1, #165	; 0xa5
10000c3c:	4808      	ldr	r0, [pc, #32]	; (10000c60 <add_alarm_under_lock+0x150>)
10000c3e:	f001 f999 	bl	10001f74 <__assert_func>
10000c42:	4b05      	ldr	r3, [pc, #20]	; (10000c58 <add_alarm_under_lock+0x148>)
10000c44:	4a05      	ldr	r2, [pc, #20]	; (10000c5c <add_alarm_under_lock+0x14c>)
10000c46:	2168      	movs	r1, #104	; 0x68
10000c48:	4805      	ldr	r0, [pc, #20]	; (10000c60 <add_alarm_under_lock+0x150>)
10000c4a:	f001 f993 	bl	10001f74 <__assert_func>
10000c4e:	6828      	ldr	r0, [r5, #0]
10000c50:	0021      	movs	r1, r4
10000c52:	f000 fe89 	bl	10001968 <ph_remove_and_free_node>
10000c56:	e7e2      	b.n	10000c1e <add_alarm_under_lock+0x10e>
10000c58:	1000458c 	.word	0x1000458c
10000c5c:	10004804 	.word	0x10004804
10000c60:	100045a8 	.word	0x100045a8
10000c64:	10004640 	.word	0x10004640
10000c68:	10004810 	.word	0x10004810
10000c6c:	10004514 	.word	0x10004514
10000c70:	0fffffff 	.word	0x0fffffff
10000c74:	10004568 	.word	0x10004568
10000c78:	10004798 	.word	0x10004798
10000c7c:	10004510 	.word	0x10004510
10000c80:	100047f4 	.word	0x100047f4

10000c84 <alarm_pool_alarm_callback>:
10000c84:	b5f0      	push	{r4, r5, r6, r7, lr}
10000c86:	46de      	mov	lr, fp
10000c88:	4657      	mov	r7, sl
10000c8a:	464e      	mov	r6, r9
10000c8c:	4645      	mov	r5, r8
10000c8e:	b5e0      	push	{r5, r6, r7, lr}
10000c90:	b08b      	sub	sp, #44	; 0x2c
10000c92:	9009      	str	r0, [sp, #36]	; 0x24
10000c94:	2300      	movs	r3, #0
10000c96:	9308      	str	r3, [sp, #32]
10000c98:	0082      	lsls	r2, r0, #2
10000c9a:	4bb5      	ldr	r3, [pc, #724]	; (10000f70 <alarm_pool_alarm_callback+0x2ec>)
10000c9c:	58d6      	ldr	r6, [r2, r3]
10000c9e:	0037      	movs	r7, r6
10000ca0:	e052      	b.n	10000d48 <alarm_pool_alarm_callback+0xc4>
10000ca2:	4bb4      	ldr	r3, [pc, #720]	; (10000f74 <alarm_pool_alarm_callback+0x2f0>)
10000ca4:	4ab4      	ldr	r2, [pc, #720]	; (10000f78 <alarm_pool_alarm_callback+0x2f4>)
10000ca6:	213f      	movs	r1, #63	; 0x3f
10000ca8:	48b4      	ldr	r0, [pc, #720]	; (10000f7c <alarm_pool_alarm_callback+0x2f8>)
10000caa:	f001 f963 	bl	10001f74 <__assert_func>
10000cae:	4bb4      	ldr	r3, [pc, #720]	; (10000f80 <alarm_pool_alarm_callback+0x2fc>)
10000cb0:	4ab4      	ldr	r2, [pc, #720]	; (10000f84 <alarm_pool_alarm_callback+0x300>)
10000cb2:	213c      	movs	r1, #60	; 0x3c
10000cb4:	48b4      	ldr	r0, [pc, #720]	; (10000f88 <alarm_pool_alarm_callback+0x304>)
10000cb6:	f001 f95d 	bl	10001f74 <__assert_func>
10000cba:	2900      	cmp	r1, #0
10000cbc:	d101      	bne.n	10000cc2 <alarm_pool_alarm_callback+0x3e>
10000cbe:	2800      	cmp	r0, #0
10000cc0:	d169      	bne.n	10000d96 <alarm_pool_alarm_callback+0x112>
10000cc2:	2100      	movs	r1, #0
10000cc4:	4640      	mov	r0, r8
10000cc6:	f000 fe45 	bl	10001954 <ph_remove_head>
10000cca:	42a0      	cmp	r0, r4
10000ccc:	d119      	bne.n	10000d02 <alarm_pool_alarm_callback+0x7e>
10000cce:	682a      	ldr	r2, [r5, #0]
10000cd0:	686b      	ldr	r3, [r5, #4]
10000cd2:	9206      	str	r2, [sp, #24]
10000cd4:	9307      	str	r3, [sp, #28]
10000cd6:	68ab      	ldr	r3, [r5, #8]
10000cd8:	4698      	mov	r8, r3
10000cda:	68eb      	ldr	r3, [r5, #12]
10000cdc:	469a      	mov	sl, r3
10000cde:	4643      	mov	r3, r8
10000ce0:	2b00      	cmp	r3, #0
10000ce2:	d014      	beq.n	10000d0e <alarm_pool_alarm_callback+0x8a>
10000ce4:	2c00      	cmp	r4, #0
10000ce6:	d018      	beq.n	10000d1a <alarm_pool_alarm_callback+0x96>
10000ce8:	683b      	ldr	r3, [r7, #0]
10000cea:	7b1b      	ldrb	r3, [r3, #12]
10000cec:	429c      	cmp	r4, r3
10000cee:	d814      	bhi.n	10000d1a <alarm_pool_alarm_callback+0x96>
10000cf0:	1e63      	subs	r3, r4, #1
10000cf2:	68fa      	ldr	r2, [r7, #12]
10000cf4:	5cd3      	ldrb	r3, [r2, r3]
10000cf6:	9308      	str	r3, [sp, #32]
10000cf8:	021b      	lsls	r3, r3, #8
10000cfa:	4318      	orrs	r0, r3
10000cfc:	6138      	str	r0, [r7, #16]
10000cfe:	2000      	movs	r0, #0
10000d00:	e015      	b.n	10000d2e <alarm_pool_alarm_callback+0xaa>
10000d02:	4ba2      	ldr	r3, [pc, #648]	; (10000f8c <alarm_pool_alarm_callback+0x308>)
10000d04:	4aa2      	ldr	r2, [pc, #648]	; (10000f90 <alarm_pool_alarm_callback+0x30c>)
10000d06:	218e      	movs	r1, #142	; 0x8e
10000d08:	489f      	ldr	r0, [pc, #636]	; (10000f88 <alarm_pool_alarm_callback+0x304>)
10000d0a:	f001 f933 	bl	10001f74 <__assert_func>
10000d0e:	4ba1      	ldr	r3, [pc, #644]	; (10000f94 <alarm_pool_alarm_callback+0x310>)
10000d10:	4a9f      	ldr	r2, [pc, #636]	; (10000f90 <alarm_pool_alarm_callback+0x30c>)
10000d12:	2192      	movs	r1, #146	; 0x92
10000d14:	489c      	ldr	r0, [pc, #624]	; (10000f88 <alarm_pool_alarm_callback+0x304>)
10000d16:	f001 f92d 	bl	10001f74 <__assert_func>
10000d1a:	4b99      	ldr	r3, [pc, #612]	; (10000f80 <alarm_pool_alarm_callback+0x2fc>)
10000d1c:	4a9e      	ldr	r2, [pc, #632]	; (10000f98 <alarm_pool_alarm_callback+0x314>)
10000d1e:	2141      	movs	r1, #65	; 0x41
10000d20:	4899      	ldr	r0, [pc, #612]	; (10000f88 <alarm_pool_alarm_callback+0x304>)
10000d22:	f001 f927 	bl	10001f74 <__assert_func>
10000d26:	2300      	movs	r3, #0
10000d28:	469a      	mov	sl, r3
10000d2a:	4698      	mov	r8, r3
10000d2c:	2000      	movs	r0, #0
10000d2e:	687b      	ldr	r3, [r7, #4]
10000d30:	f3bf 8f5f 	dmb	sy
10000d34:	2200      	movs	r2, #0
10000d36:	601a      	str	r2, [r3, #0]
10000d38:	f386 8810 	msr	PRIMASK, r6
10000d3c:	4643      	mov	r3, r8
10000d3e:	2b00      	cmp	r3, #0
10000d40:	d132      	bne.n	10000da8 <alarm_pool_alarm_callback+0x124>
10000d42:	2800      	cmp	r0, #0
10000d44:	d100      	bne.n	10000d48 <alarm_pool_alarm_callback+0xc4>
10000d46:	e10c      	b.n	10000f62 <alarm_pool_alarm_callback+0x2de>
10000d48:	f000 fb4a 	bl	100013e0 <time_us_64>
10000d4c:	0002      	movs	r2, r0
10000d4e:	1e0b      	subs	r3, r1, #0
10000d50:	dba7      	blt.n	10000ca2 <alarm_pool_alarm_callback+0x1e>
10000d52:	2000      	movs	r0, #0
10000d54:	2100      	movs	r1, #0
10000d56:	9006      	str	r0, [sp, #24]
10000d58:	9107      	str	r1, [sp, #28]
10000d5a:	6878      	ldr	r0, [r7, #4]
10000d5c:	f3ef 8610 	mrs	r6, PRIMASK
10000d60:	b672      	cpsid	i
10000d62:	6801      	ldr	r1, [r0, #0]
10000d64:	2900      	cmp	r1, #0
10000d66:	d0fc      	beq.n	10000d62 <alarm_pool_alarm_callback+0xde>
10000d68:	f3bf 8f5f 	dmb	sy
10000d6c:	6839      	ldr	r1, [r7, #0]
10000d6e:	4688      	mov	r8, r1
10000d70:	7b4c      	ldrb	r4, [r1, #13]
10000d72:	2c00      	cmp	r4, #0
10000d74:	d0d7      	beq.n	10000d26 <alarm_pool_alarm_callback+0xa2>
10000d76:	d09a      	beq.n	10000cae <alarm_pool_alarm_callback+0x2a>
10000d78:	7b09      	ldrb	r1, [r1, #12]
10000d7a:	428c      	cmp	r4, r1
10000d7c:	d897      	bhi.n	10000cae <alarm_pool_alarm_callback+0x2a>
10000d7e:	4987      	ldr	r1, [pc, #540]	; (10000f9c <alarm_pool_alarm_callback+0x318>)
10000d80:	1865      	adds	r5, r4, r1
10000d82:	012d      	lsls	r5, r5, #4
10000d84:	68b9      	ldr	r1, [r7, #8]
10000d86:	468c      	mov	ip, r1
10000d88:	4465      	add	r5, ip
10000d8a:	6828      	ldr	r0, [r5, #0]
10000d8c:	6869      	ldr	r1, [r5, #4]
10000d8e:	1a80      	subs	r0, r0, r2
10000d90:	4199      	sbcs	r1, r3
10000d92:	2900      	cmp	r1, #0
10000d94:	dd91      	ble.n	10000cba <alarm_pool_alarm_callback+0x36>
10000d96:	682a      	ldr	r2, [r5, #0]
10000d98:	686b      	ldr	r3, [r5, #4]
10000d9a:	9809      	ldr	r0, [sp, #36]	; 0x24
10000d9c:	f000 fbac 	bl	100014f8 <hardware_alarm_set_target>
10000da0:	2300      	movs	r3, #0
10000da2:	469a      	mov	sl, r3
10000da4:	4698      	mov	r8, r3
10000da6:	e7c2      	b.n	10000d2e <alarm_pool_alarm_callback+0xaa>
10000da8:	9b08      	ldr	r3, [sp, #32]
10000daa:	021b      	lsls	r3, r3, #8
10000dac:	4323      	orrs	r3, r4
10000dae:	4699      	mov	r9, r3
10000db0:	4651      	mov	r1, sl
10000db2:	0018      	movs	r0, r3
10000db4:	47c0      	blx	r8
10000db6:	0005      	movs	r5, r0
10000db8:	000e      	movs	r6, r1
10000dba:	687a      	ldr	r2, [r7, #4]
10000dbc:	f3ef 8b10 	mrs	fp, PRIMASK
10000dc0:	b672      	cpsid	i
10000dc2:	6813      	ldr	r3, [r2, #0]
10000dc4:	4259      	negs	r1, r3
10000dc6:	414b      	adcs	r3, r1
10000dc8:	b2d9      	uxtb	r1, r3
10000dca:	2b00      	cmp	r3, #0
10000dcc:	d1f9      	bne.n	10000dc2 <alarm_pool_alarm_callback+0x13e>
10000dce:	f3bf 8f5f 	dmb	sy
10000dd2:	2e00      	cmp	r6, #0
10000dd4:	db1e      	blt.n	10000e14 <alarm_pool_alarm_callback+0x190>
10000dd6:	2e00      	cmp	r6, #0
10000dd8:	dd46      	ble.n	10000e68 <alarm_pool_alarm_callback+0x1e4>
10000dda:	693b      	ldr	r3, [r7, #16]
10000ddc:	2b00      	cmp	r3, #0
10000dde:	d047      	beq.n	10000e70 <alarm_pool_alarm_callback+0x1ec>
10000de0:	454b      	cmp	r3, r9
10000de2:	d16d      	bne.n	10000ec0 <alarm_pool_alarm_callback+0x23c>
10000de4:	f000 fafc 	bl	100013e0 <time_us_64>
10000de8:	0002      	movs	r2, r0
10000dea:	1e0b      	subs	r3, r1, #0
10000dec:	db6e      	blt.n	10000ecc <alarm_pool_alarm_callback+0x248>
10000dee:	1952      	adds	r2, r2, r5
10000df0:	4173      	adcs	r3, r6
10000df2:	2b00      	cmp	r3, #0
10000df4:	db70      	blt.n	10000ed8 <alarm_pool_alarm_callback+0x254>
10000df6:	2b00      	cmp	r3, #0
10000df8:	db72      	blt.n	10000ee0 <alarm_pool_alarm_callback+0x25c>
10000dfa:	2100      	movs	r1, #0
10000dfc:	9104      	str	r1, [sp, #16]
10000dfe:	3101      	adds	r1, #1
10000e00:	9103      	str	r1, [sp, #12]
10000e02:	9402      	str	r4, [sp, #8]
10000e04:	4651      	mov	r1, sl
10000e06:	9101      	str	r1, [sp, #4]
10000e08:	4641      	mov	r1, r8
10000e0a:	9100      	str	r1, [sp, #0]
10000e0c:	0038      	movs	r0, r7
10000e0e:	f7ff fe7f 	bl	10000b10 <add_alarm_under_lock>
10000e12:	e04c      	b.n	10000eae <alarm_pool_alarm_callback+0x22a>
10000e14:	693b      	ldr	r3, [r7, #16]
10000e16:	2b00      	cmp	r3, #0
10000e18:	d0dd      	beq.n	10000dd6 <alarm_pool_alarm_callback+0x152>
10000e1a:	454b      	cmp	r3, r9
10000e1c:	d114      	bne.n	10000e48 <alarm_pool_alarm_callback+0x1c4>
10000e1e:	9a06      	ldr	r2, [sp, #24]
10000e20:	9b07      	ldr	r3, [sp, #28]
10000e22:	1b52      	subs	r2, r2, r5
10000e24:	41b3      	sbcs	r3, r6
10000e26:	2b00      	cmp	r3, #0
10000e28:	db14      	blt.n	10000e54 <alarm_pool_alarm_callback+0x1d0>
10000e2a:	2b00      	cmp	r3, #0
10000e2c:	db16      	blt.n	10000e5c <alarm_pool_alarm_callback+0x1d8>
10000e2e:	2100      	movs	r1, #0
10000e30:	9104      	str	r1, [sp, #16]
10000e32:	3101      	adds	r1, #1
10000e34:	9103      	str	r1, [sp, #12]
10000e36:	9402      	str	r4, [sp, #8]
10000e38:	4651      	mov	r1, sl
10000e3a:	9101      	str	r1, [sp, #4]
10000e3c:	4641      	mov	r1, r8
10000e3e:	9100      	str	r1, [sp, #0]
10000e40:	0038      	movs	r0, r7
10000e42:	f7ff fe65 	bl	10000b10 <add_alarm_under_lock>
10000e46:	e032      	b.n	10000eae <alarm_pool_alarm_callback+0x22a>
10000e48:	4b55      	ldr	r3, [pc, #340]	; (10000fa0 <alarm_pool_alarm_callback+0x31c>)
10000e4a:	4a51      	ldr	r2, [pc, #324]	; (10000f90 <alarm_pool_alarm_callback+0x30c>)
10000e4c:	21a1      	movs	r1, #161	; 0xa1
10000e4e:	484e      	ldr	r0, [pc, #312]	; (10000f88 <alarm_pool_alarm_callback+0x304>)
10000e50:	f001 f890 	bl	10001f74 <__assert_func>
10000e54:	2201      	movs	r2, #1
10000e56:	4252      	negs	r2, r2
10000e58:	4b52      	ldr	r3, [pc, #328]	; (10000fa4 <alarm_pool_alarm_callback+0x320>)
10000e5a:	e7e6      	b.n	10000e2a <alarm_pool_alarm_callback+0x1a6>
10000e5c:	4b45      	ldr	r3, [pc, #276]	; (10000f74 <alarm_pool_alarm_callback+0x2f0>)
10000e5e:	4a46      	ldr	r2, [pc, #280]	; (10000f78 <alarm_pool_alarm_callback+0x2f4>)
10000e60:	213f      	movs	r1, #63	; 0x3f
10000e62:	4846      	ldr	r0, [pc, #280]	; (10000f7c <alarm_pool_alarm_callback+0x2f8>)
10000e64:	f001 f886 	bl	10001f74 <__assert_func>
10000e68:	2e00      	cmp	r6, #0
10000e6a:	d101      	bne.n	10000e70 <alarm_pool_alarm_callback+0x1ec>
10000e6c:	2d00      	cmp	r5, #0
10000e6e:	d1b4      	bne.n	10000dda <alarm_pool_alarm_callback+0x156>
10000e70:	683b      	ldr	r3, [r7, #0]
10000e72:	2c00      	cmp	r4, #0
10000e74:	d050      	beq.n	10000f18 <alarm_pool_alarm_callback+0x294>
10000e76:	7b5a      	ldrb	r2, [r3, #13]
10000e78:	4294      	cmp	r4, r2
10000e7a:	d137      	bne.n	10000eec <alarm_pool_alarm_callback+0x268>
10000e7c:	2101      	movs	r1, #1
10000e7e:	2900      	cmp	r1, #0
10000e80:	d14a      	bne.n	10000f18 <alarm_pool_alarm_callback+0x294>
10000e82:	7bda      	ldrb	r2, [r3, #15]
10000e84:	2a00      	cmp	r2, #0
10000e86:	d14d      	bne.n	10000f24 <alarm_pool_alarm_callback+0x2a0>
10000e88:	7b9a      	ldrb	r2, [r3, #14]
10000e8a:	2a00      	cmp	r2, #0
10000e8c:	d103      	bne.n	10000e96 <alarm_pool_alarm_callback+0x212>
10000e8e:	7bda      	ldrb	r2, [r3, #15]
10000e90:	2a00      	cmp	r2, #0
10000e92:	d15a      	bne.n	10000f4a <alarm_pool_alarm_callback+0x2c6>
10000e94:	739c      	strb	r4, [r3, #14]
10000e96:	73dc      	strb	r4, [r3, #15]
10000e98:	2c00      	cmp	r4, #0
10000e9a:	d05c      	beq.n	10000f56 <alarm_pool_alarm_callback+0x2d2>
10000e9c:	683b      	ldr	r3, [r7, #0]
10000e9e:	7b1b      	ldrb	r3, [r3, #12]
10000ea0:	429c      	cmp	r4, r3
10000ea2:	d858      	bhi.n	10000f56 <alarm_pool_alarm_callback+0x2d2>
10000ea4:	68fa      	ldr	r2, [r7, #12]
10000ea6:	3c01      	subs	r4, #1
10000ea8:	5d13      	ldrb	r3, [r2, r4]
10000eaa:	3301      	adds	r3, #1
10000eac:	5513      	strb	r3, [r2, r4]
10000eae:	2300      	movs	r3, #0
10000eb0:	613b      	str	r3, [r7, #16]
10000eb2:	687a      	ldr	r2, [r7, #4]
10000eb4:	f3bf 8f5f 	dmb	sy
10000eb8:	6013      	str	r3, [r2, #0]
10000eba:	f38b 8810 	msr	PRIMASK, fp
10000ebe:	e743      	b.n	10000d48 <alarm_pool_alarm_callback+0xc4>
10000ec0:	4b37      	ldr	r3, [pc, #220]	; (10000fa0 <alarm_pool_alarm_callback+0x31c>)
10000ec2:	4a33      	ldr	r2, [pc, #204]	; (10000f90 <alarm_pool_alarm_callback+0x30c>)
10000ec4:	21a4      	movs	r1, #164	; 0xa4
10000ec6:	4830      	ldr	r0, [pc, #192]	; (10000f88 <alarm_pool_alarm_callback+0x304>)
10000ec8:	f001 f854 	bl	10001f74 <__assert_func>
10000ecc:	4b29      	ldr	r3, [pc, #164]	; (10000f74 <alarm_pool_alarm_callback+0x2f0>)
10000ece:	4a2a      	ldr	r2, [pc, #168]	; (10000f78 <alarm_pool_alarm_callback+0x2f4>)
10000ed0:	213f      	movs	r1, #63	; 0x3f
10000ed2:	482a      	ldr	r0, [pc, #168]	; (10000f7c <alarm_pool_alarm_callback+0x2f8>)
10000ed4:	f001 f84e 	bl	10001f74 <__assert_func>
10000ed8:	2201      	movs	r2, #1
10000eda:	4252      	negs	r2, r2
10000edc:	4b31      	ldr	r3, [pc, #196]	; (10000fa4 <alarm_pool_alarm_callback+0x320>)
10000ede:	e78a      	b.n	10000df6 <alarm_pool_alarm_callback+0x172>
10000ee0:	4b24      	ldr	r3, [pc, #144]	; (10000f74 <alarm_pool_alarm_callback+0x2f0>)
10000ee2:	4a25      	ldr	r2, [pc, #148]	; (10000f78 <alarm_pool_alarm_callback+0x2f4>)
10000ee4:	213f      	movs	r1, #63	; 0x3f
10000ee6:	4825      	ldr	r0, [pc, #148]	; (10000f7c <alarm_pool_alarm_callback+0x2f8>)
10000ee8:	f001 f844 	bl	10001f74 <__assert_func>
10000eec:	2c00      	cmp	r4, #0
10000eee:	d00d      	beq.n	10000f0c <alarm_pool_alarm_callback+0x288>
10000ef0:	7b1a      	ldrb	r2, [r3, #12]
10000ef2:	4294      	cmp	r4, r2
10000ef4:	d80a      	bhi.n	10000f0c <alarm_pool_alarm_callback+0x288>
10000ef6:	0062      	lsls	r2, r4, #1
10000ef8:	1912      	adds	r2, r2, r4
10000efa:	3a03      	subs	r2, #3
10000efc:	6818      	ldr	r0, [r3, #0]
10000efe:	4684      	mov	ip, r0
10000f00:	4462      	add	r2, ip
10000f02:	7892      	ldrb	r2, [r2, #2]
10000f04:	2a00      	cmp	r2, #0
10000f06:	d0ba      	beq.n	10000e7e <alarm_pool_alarm_callback+0x1fa>
10000f08:	2101      	movs	r1, #1
10000f0a:	e7b8      	b.n	10000e7e <alarm_pool_alarm_callback+0x1fa>
10000f0c:	4b26      	ldr	r3, [pc, #152]	; (10000fa8 <alarm_pool_alarm_callback+0x324>)
10000f0e:	4a27      	ldr	r2, [pc, #156]	; (10000fac <alarm_pool_alarm_callback+0x328>)
10000f10:	2168      	movs	r1, #104	; 0x68
10000f12:	4827      	ldr	r0, [pc, #156]	; (10000fb0 <alarm_pool_alarm_callback+0x32c>)
10000f14:	f001 f82e 	bl	10001f74 <__assert_func>
10000f18:	4b26      	ldr	r3, [pc, #152]	; (10000fb4 <alarm_pool_alarm_callback+0x330>)
10000f1a:	4a27      	ldr	r2, [pc, #156]	; (10000fb8 <alarm_pool_alarm_callback+0x334>)
10000f1c:	21f6      	movs	r1, #246	; 0xf6
10000f1e:	4824      	ldr	r0, [pc, #144]	; (10000fb0 <alarm_pool_alarm_callback+0x32c>)
10000f20:	f001 f828 	bl	10001f74 <__assert_func>
10000f24:	2a00      	cmp	r2, #0
10000f26:	d00a      	beq.n	10000f3e <alarm_pool_alarm_callback+0x2ba>
10000f28:	7b19      	ldrb	r1, [r3, #12]
10000f2a:	428a      	cmp	r2, r1
10000f2c:	d807      	bhi.n	10000f3e <alarm_pool_alarm_callback+0x2ba>
10000f2e:	0051      	lsls	r1, r2, #1
10000f30:	188a      	adds	r2, r1, r2
10000f32:	3a03      	subs	r2, #3
10000f34:	6819      	ldr	r1, [r3, #0]
10000f36:	468c      	mov	ip, r1
10000f38:	4462      	add	r2, ip
10000f3a:	7054      	strb	r4, [r2, #1]
10000f3c:	e7a4      	b.n	10000e88 <alarm_pool_alarm_callback+0x204>
10000f3e:	4b1a      	ldr	r3, [pc, #104]	; (10000fa8 <alarm_pool_alarm_callback+0x324>)
10000f40:	4a1a      	ldr	r2, [pc, #104]	; (10000fac <alarm_pool_alarm_callback+0x328>)
10000f42:	2168      	movs	r1, #104	; 0x68
10000f44:	481a      	ldr	r0, [pc, #104]	; (10000fb0 <alarm_pool_alarm_callback+0x32c>)
10000f46:	f001 f815 	bl	10001f74 <__assert_func>
10000f4a:	4b1c      	ldr	r3, [pc, #112]	; (10000fbc <alarm_pool_alarm_callback+0x338>)
10000f4c:	4a1a      	ldr	r2, [pc, #104]	; (10000fb8 <alarm_pool_alarm_callback+0x334>)
10000f4e:	21fb      	movs	r1, #251	; 0xfb
10000f50:	4817      	ldr	r0, [pc, #92]	; (10000fb0 <alarm_pool_alarm_callback+0x32c>)
10000f52:	f001 f80f 	bl	10001f74 <__assert_func>
10000f56:	4b0a      	ldr	r3, [pc, #40]	; (10000f80 <alarm_pool_alarm_callback+0x2fc>)
10000f58:	4a0f      	ldr	r2, [pc, #60]	; (10000f98 <alarm_pool_alarm_callback+0x314>)
10000f5a:	2141      	movs	r1, #65	; 0x41
10000f5c:	480a      	ldr	r0, [pc, #40]	; (10000f88 <alarm_pool_alarm_callback+0x304>)
10000f5e:	f001 f809 	bl	10001f74 <__assert_func>
10000f62:	b00b      	add	sp, #44	; 0x2c
10000f64:	bcf0      	pop	{r4, r5, r6, r7}
10000f66:	46bb      	mov	fp, r7
10000f68:	46b2      	mov	sl, r6
10000f6a:	46a9      	mov	r9, r5
10000f6c:	46a0      	mov	r8, r4
10000f6e:	bdf0      	pop	{r4, r5, r6, r7, pc}
10000f70:	200004c8 	.word	0x200004c8
10000f74:	10004424 	.word	0x10004424
10000f78:	10004764 	.word	0x10004764
10000f7c:	10004440 	.word	0x10004440
10000f80:	10004568 	.word	0x10004568
10000f84:	10004798 	.word	0x10004798
10000f88:	10004514 	.word	0x10004514
10000f8c:	10004668 	.word	0x10004668
10000f90:	1000477c 	.word	0x1000477c
10000f94:	10004680 	.word	0x10004680
10000f98:	100047bc 	.word	0x100047bc
10000f9c:	0fffffff 	.word	0x0fffffff
10000fa0:	1000468c 	.word	0x1000468c
10000fa4:	7fffffff 	.word	0x7fffffff
10000fa8:	1000458c 	.word	0x1000458c
10000fac:	10004804 	.word	0x10004804
10000fb0:	100045a8 	.word	0x100045a8
10000fb4:	100046c8 	.word	0x100046c8
10000fb8:	100047d0 	.word	0x100047d0
10000fbc:	100046ec 	.word	0x100046ec

10000fc0 <alarm_pool_init_default>:
10000fc0:	b510      	push	{r4, lr}
10000fc2:	4b0c      	ldr	r3, [pc, #48]	; (10000ff4 <alarm_pool_init_default+0x34>)
10000fc4:	685b      	ldr	r3, [r3, #4]
10000fc6:	2b00      	cmp	r3, #0
10000fc8:	d004      	beq.n	10000fd4 <alarm_pool_init_default+0x14>
10000fca:	210a      	movs	r1, #10
10000fcc:	480a      	ldr	r0, [pc, #40]	; (10000ff8 <alarm_pool_init_default+0x38>)
10000fce:	f7ff fc93 	bl	100008f8 <lock_init>
10000fd2:	bd10      	pop	{r4, pc}
10000fd4:	4c07      	ldr	r4, [pc, #28]	; (10000ff4 <alarm_pool_init_default+0x34>)
10000fd6:	0023      	movs	r3, r4
10000fd8:	4a08      	ldr	r2, [pc, #32]	; (10000ffc <alarm_pool_init_default+0x3c>)
10000fda:	2110      	movs	r1, #16
10000fdc:	6820      	ldr	r0, [r4, #0]
10000fde:	f000 fbc9 	bl	10001774 <ph_post_alloc_init>
10000fe2:	2003      	movs	r0, #3
10000fe4:	f000 f9f0 	bl	100013c8 <hardware_alarm_claim>
10000fe8:	2103      	movs	r1, #3
10000fea:	0020      	movs	r0, r4
10000fec:	f7ff fca8 	bl	10000940 <alarm_pool_post_alloc_init>
10000ff0:	e7eb      	b.n	10000fca <alarm_pool_init_default+0xa>
10000ff2:	46c0      	nop			; (mov r8, r8)
10000ff4:	20000284 	.word	0x20000284
10000ff8:	200006dc 	.word	0x200006dc
10000ffc:	100009b1 	.word	0x100009b1

10001000 <alarm_pool_get_default>:
10001000:	b510      	push	{r4, lr}
10001002:	4b06      	ldr	r3, [pc, #24]	; (1000101c <alarm_pool_get_default+0x1c>)
10001004:	685b      	ldr	r3, [r3, #4]
10001006:	2b00      	cmp	r3, #0
10001008:	d001      	beq.n	1000100e <alarm_pool_get_default+0xe>
1000100a:	4804      	ldr	r0, [pc, #16]	; (1000101c <alarm_pool_get_default+0x1c>)
1000100c:	bd10      	pop	{r4, pc}
1000100e:	4b04      	ldr	r3, [pc, #16]	; (10001020 <alarm_pool_get_default+0x20>)
10001010:	4a04      	ldr	r2, [pc, #16]	; (10001024 <alarm_pool_get_default+0x24>)
10001012:	215e      	movs	r1, #94	; 0x5e
10001014:	4804      	ldr	r0, [pc, #16]	; (10001028 <alarm_pool_get_default+0x28>)
10001016:	f000 ffad 	bl	10001f74 <__assert_func>
1000101a:	46c0      	nop			; (mov r8, r8)
1000101c:	20000284 	.word	0x20000284
10001020:	10004700 	.word	0x10004700
10001024:	100047a4 	.word	0x100047a4
10001028:	10004514 	.word	0x10004514

1000102c <alarm_pool_add_alarm_at>:
1000102c:	b5f0      	push	{r4, r5, r6, r7, lr}
1000102e:	46de      	mov	lr, fp
10001030:	4657      	mov	r7, sl
10001032:	464e      	mov	r6, r9
10001034:	4645      	mov	r5, r8
10001036:	b5e0      	push	{r5, r6, r7, lr}
10001038:	b08b      	sub	sp, #44	; 0x2c
1000103a:	4680      	mov	r8, r0
1000103c:	0016      	movs	r6, r2
1000103e:	001f      	movs	r7, r3
10001040:	9b14      	ldr	r3, [sp, #80]	; 0x50
10001042:	469a      	mov	sl, r3
10001044:	9b15      	ldr	r3, [sp, #84]	; 0x54
10001046:	4699      	mov	r9, r3
10001048:	ab16      	add	r3, sp, #88	; 0x58
1000104a:	781b      	ldrb	r3, [r3, #0]
1000104c:	469b      	mov	fp, r3
1000104e:	231f      	movs	r3, #31
10001050:	aa02      	add	r2, sp, #8
10001052:	4694      	mov	ip, r2
10001054:	4463      	add	r3, ip
10001056:	2200      	movs	r2, #0
10001058:	701a      	strb	r2, [r3, #0]
1000105a:	e02b      	b.n	100010b4 <alarm_pool_add_alarm_at+0x88>
1000105c:	2800      	cmp	r0, #0
1000105e:	d009      	beq.n	10001074 <alarm_pool_add_alarm_at+0x48>
10001060:	4642      	mov	r2, r8
10001062:	6812      	ldr	r2, [r2, #0]
10001064:	7b12      	ldrb	r2, [r2, #12]
10001066:	4290      	cmp	r0, r2
10001068:	d804      	bhi.n	10001074 <alarm_pool_add_alarm_at+0x48>
1000106a:	1e42      	subs	r2, r0, #1
1000106c:	4641      	mov	r1, r8
1000106e:	68c9      	ldr	r1, [r1, #12]
10001070:	5c8a      	ldrb	r2, [r1, r2]
10001072:	e041      	b.n	100010f8 <alarm_pool_add_alarm_at+0xcc>
10001074:	4b40      	ldr	r3, [pc, #256]	; (10001178 <alarm_pool_add_alarm_at+0x14c>)
10001076:	4a41      	ldr	r2, [pc, #260]	; (1000117c <alarm_pool_add_alarm_at+0x150>)
10001078:	2141      	movs	r1, #65	; 0x41
1000107a:	4841      	ldr	r0, [pc, #260]	; (10001180 <alarm_pool_add_alarm_at+0x154>)
1000107c:	f000 ff7a 	bl	10001f74 <__assert_func>
10001080:	9807      	ldr	r0, [sp, #28]
10001082:	e04c      	b.n	1000111e <alarm_pool_add_alarm_at+0xf2>
10001084:	1b36      	subs	r6, r6, r4
10001086:	41af      	sbcs	r7, r5
10001088:	2f00      	cmp	r7, #0
1000108a:	db07      	blt.n	1000109c <alarm_pool_add_alarm_at+0x70>
1000108c:	2f00      	cmp	r7, #0
1000108e:	da11      	bge.n	100010b4 <alarm_pool_add_alarm_at+0x88>
10001090:	4b3c      	ldr	r3, [pc, #240]	; (10001184 <alarm_pool_add_alarm_at+0x158>)
10001092:	4a3d      	ldr	r2, [pc, #244]	; (10001188 <alarm_pool_add_alarm_at+0x15c>)
10001094:	213f      	movs	r1, #63	; 0x3f
10001096:	483d      	ldr	r0, [pc, #244]	; (1000118c <alarm_pool_add_alarm_at+0x160>)
10001098:	f000 ff6c 	bl	10001f74 <__assert_func>
1000109c:	2601      	movs	r6, #1
1000109e:	4276      	negs	r6, r6
100010a0:	4f3b      	ldr	r7, [pc, #236]	; (10001190 <alarm_pool_add_alarm_at+0x164>)
100010a2:	e7f3      	b.n	1000108c <alarm_pool_add_alarm_at+0x60>
100010a4:	4b37      	ldr	r3, [pc, #220]	; (10001184 <alarm_pool_add_alarm_at+0x158>)
100010a6:	4a38      	ldr	r2, [pc, #224]	; (10001188 <alarm_pool_add_alarm_at+0x15c>)
100010a8:	213f      	movs	r1, #63	; 0x3f
100010aa:	4838      	ldr	r0, [pc, #224]	; (1000118c <alarm_pool_add_alarm_at+0x160>)
100010ac:	f000 ff62 	bl	10001f74 <__assert_func>
100010b0:	2f00      	cmp	r7, #0
100010b2:	db4f      	blt.n	10001154 <alarm_pool_add_alarm_at+0x128>
100010b4:	4643      	mov	r3, r8
100010b6:	685a      	ldr	r2, [r3, #4]
100010b8:	f3ef 8410 	mrs	r4, PRIMASK
100010bc:	b672      	cpsid	i
100010be:	6813      	ldr	r3, [r2, #0]
100010c0:	4259      	negs	r1, r3
100010c2:	414b      	adcs	r3, r1
100010c4:	b2d9      	uxtb	r1, r3
100010c6:	9107      	str	r1, [sp, #28]
100010c8:	2b00      	cmp	r3, #0
100010ca:	d1f8      	bne.n	100010be <alarm_pool_add_alarm_at+0x92>
100010cc:	f3bf 8f5f 	dmb	sy
100010d0:	331f      	adds	r3, #31
100010d2:	aa02      	add	r2, sp, #8
100010d4:	4694      	mov	ip, r2
100010d6:	4463      	add	r3, ip
100010d8:	9304      	str	r3, [sp, #16]
100010da:	2300      	movs	r3, #0
100010dc:	9303      	str	r3, [sp, #12]
100010de:	9302      	str	r3, [sp, #8]
100010e0:	464b      	mov	r3, r9
100010e2:	9301      	str	r3, [sp, #4]
100010e4:	4653      	mov	r3, sl
100010e6:	9300      	str	r3, [sp, #0]
100010e8:	0032      	movs	r2, r6
100010ea:	003b      	movs	r3, r7
100010ec:	4640      	mov	r0, r8
100010ee:	f7ff fd0f 	bl	10000b10 <add_alarm_under_lock>
100010f2:	1e03      	subs	r3, r0, #0
100010f4:	d1b2      	bne.n	1000105c <alarm_pool_add_alarm_at+0x30>
100010f6:	0002      	movs	r2, r0
100010f8:	4641      	mov	r1, r8
100010fa:	6849      	ldr	r1, [r1, #4]
100010fc:	f3bf 8f5f 	dmb	sy
10001100:	2500      	movs	r5, #0
10001102:	600d      	str	r5, [r1, #0]
10001104:	f384 8810 	msr	PRIMASK, r4
10001108:	2b00      	cmp	r3, #0
1000110a:	d029      	beq.n	10001160 <alarm_pool_add_alarm_at+0x134>
1000110c:	231f      	movs	r3, #31
1000110e:	a902      	add	r1, sp, #8
10001110:	468c      	mov	ip, r1
10001112:	4463      	add	r3, ip
10001114:	781b      	ldrb	r3, [r3, #0]
10001116:	2b00      	cmp	r3, #0
10001118:	d1b2      	bne.n	10001080 <alarm_pool_add_alarm_at+0x54>
1000111a:	0212      	lsls	r2, r2, #8
1000111c:	4310      	orrs	r0, r2
1000111e:	2b00      	cmp	r3, #0
10001120:	d020      	beq.n	10001164 <alarm_pool_add_alarm_at+0x138>
10001122:	465b      	mov	r3, fp
10001124:	2b00      	cmp	r3, #0
10001126:	d01d      	beq.n	10001164 <alarm_pool_add_alarm_at+0x138>
10001128:	4649      	mov	r1, r9
1000112a:	47d0      	blx	sl
1000112c:	0004      	movs	r4, r0
1000112e:	000d      	movs	r5, r1
10001130:	0003      	movs	r3, r0
10001132:	430b      	orrs	r3, r1
10001134:	d01d      	beq.n	10001172 <alarm_pool_add_alarm_at+0x146>
10001136:	2900      	cmp	r1, #0
10001138:	dba4      	blt.n	10001084 <alarm_pool_add_alarm_at+0x58>
1000113a:	f000 f951 	bl	100013e0 <time_us_64>
1000113e:	0006      	movs	r6, r0
10001140:	1e0f      	subs	r7, r1, #0
10001142:	dbaf      	blt.n	100010a4 <alarm_pool_add_alarm_at+0x78>
10001144:	1936      	adds	r6, r6, r4
10001146:	416f      	adcs	r7, r5
10001148:	2f00      	cmp	r7, #0
1000114a:	dab1      	bge.n	100010b0 <alarm_pool_add_alarm_at+0x84>
1000114c:	2601      	movs	r6, #1
1000114e:	4276      	negs	r6, r6
10001150:	4f0f      	ldr	r7, [pc, #60]	; (10001190 <alarm_pool_add_alarm_at+0x164>)
10001152:	e7ad      	b.n	100010b0 <alarm_pool_add_alarm_at+0x84>
10001154:	4b0b      	ldr	r3, [pc, #44]	; (10001184 <alarm_pool_add_alarm_at+0x158>)
10001156:	4a0c      	ldr	r2, [pc, #48]	; (10001188 <alarm_pool_add_alarm_at+0x15c>)
10001158:	213f      	movs	r1, #63	; 0x3f
1000115a:	480c      	ldr	r0, [pc, #48]	; (1000118c <alarm_pool_add_alarm_at+0x160>)
1000115c:	f000 ff0a 	bl	10001f74 <__assert_func>
10001160:	2001      	movs	r0, #1
10001162:	4240      	negs	r0, r0
10001164:	b00b      	add	sp, #44	; 0x2c
10001166:	bcf0      	pop	{r4, r5, r6, r7}
10001168:	46bb      	mov	fp, r7
1000116a:	46b2      	mov	sl, r6
1000116c:	46a9      	mov	r9, r5
1000116e:	46a0      	mov	r8, r4
10001170:	bdf0      	pop	{r4, r5, r6, r7, pc}
10001172:	9807      	ldr	r0, [sp, #28]
10001174:	e7f6      	b.n	10001164 <alarm_pool_add_alarm_at+0x138>
10001176:	46c0      	nop			; (mov r8, r8)
10001178:	10004568 	.word	0x10004568
1000117c:	100047bc 	.word	0x100047bc
10001180:	10004514 	.word	0x10004514
10001184:	10004424 	.word	0x10004424
10001188:	10004764 	.word	0x10004764
1000118c:	10004440 	.word	0x10004440
10001190:	7fffffff 	.word	0x7fffffff

10001194 <alarm_pool_cancel_alarm>:
10001194:	b5f8      	push	{r3, r4, r5, r6, r7, lr}
10001196:	0004      	movs	r4, r0
10001198:	2900      	cmp	r1, #0
1000119a:	d100      	bne.n	1000119e <alarm_pool_cancel_alarm+0xa>
1000119c:	e062      	b.n	10001264 <alarm_pool_cancel_alarm+0xd0>
1000119e:	6842      	ldr	r2, [r0, #4]
100011a0:	f3ef 8510 	mrs	r5, PRIMASK
100011a4:	b672      	cpsid	i
100011a6:	6813      	ldr	r3, [r2, #0]
100011a8:	4258      	negs	r0, r3
100011aa:	4143      	adcs	r3, r0
100011ac:	b2d8      	uxtb	r0, r3
100011ae:	2b00      	cmp	r3, #0
100011b0:	d1f9      	bne.n	100011a6 <alarm_pool_cancel_alarm+0x12>
100011b2:	f3bf 8f5f 	dmb	sy
100011b6:	b2cb      	uxtb	r3, r1
100011b8:	6822      	ldr	r2, [r4, #0]
100011ba:	7b56      	ldrb	r6, [r2, #13]
100011bc:	42b3      	cmp	r3, r6
100011be:	d11b      	bne.n	100011f8 <alarm_pool_cancel_alarm+0x64>
100011c0:	2001      	movs	r0, #1
100011c2:	2800      	cmp	r0, #0
100011c4:	d048      	beq.n	10001258 <alarm_pool_cancel_alarm+0xc4>
100011c6:	6920      	ldr	r0, [r4, #16]
100011c8:	4288      	cmp	r0, r1
100011ca:	d02b      	beq.n	10001224 <alarm_pool_cancel_alarm+0x90>
100011cc:	0a09      	lsrs	r1, r1, #8
100011ce:	b2c9      	uxtb	r1, r1
100011d0:	2b00      	cmp	r3, #0
100011d2:	d02e      	beq.n	10001232 <alarm_pool_cancel_alarm+0x9e>
100011d4:	6820      	ldr	r0, [r4, #0]
100011d6:	7b00      	ldrb	r0, [r0, #12]
100011d8:	4283      	cmp	r3, r0
100011da:	d82a      	bhi.n	10001232 <alarm_pool_cancel_alarm+0x9e>
100011dc:	1e58      	subs	r0, r3, #1
100011de:	68e6      	ldr	r6, [r4, #12]
100011e0:	5c30      	ldrb	r0, [r6, r0]
100011e2:	4288      	cmp	r0, r1
100011e4:	d02b      	beq.n	1000123e <alarm_pool_cancel_alarm+0xaa>
100011e6:	2000      	movs	r0, #0
100011e8:	6863      	ldr	r3, [r4, #4]
100011ea:	f3bf 8f5f 	dmb	sy
100011ee:	2200      	movs	r2, #0
100011f0:	601a      	str	r2, [r3, #0]
100011f2:	f385 8810 	msr	PRIMASK, r5
100011f6:	bdf8      	pop	{r3, r4, r5, r6, r7, pc}
100011f8:	2b00      	cmp	r3, #0
100011fa:	d00d      	beq.n	10001218 <alarm_pool_cancel_alarm+0x84>
100011fc:	7b16      	ldrb	r6, [r2, #12]
100011fe:	42b3      	cmp	r3, r6
10001200:	d80a      	bhi.n	10001218 <alarm_pool_cancel_alarm+0x84>
10001202:	005e      	lsls	r6, r3, #1
10001204:	18f6      	adds	r6, r6, r3
10001206:	3e03      	subs	r6, #3
10001208:	6817      	ldr	r7, [r2, #0]
1000120a:	46bc      	mov	ip, r7
1000120c:	4466      	add	r6, ip
1000120e:	78b6      	ldrb	r6, [r6, #2]
10001210:	2e00      	cmp	r6, #0
10001212:	d0d6      	beq.n	100011c2 <alarm_pool_cancel_alarm+0x2e>
10001214:	2001      	movs	r0, #1
10001216:	e7d4      	b.n	100011c2 <alarm_pool_cancel_alarm+0x2e>
10001218:	4b13      	ldr	r3, [pc, #76]	; (10001268 <alarm_pool_cancel_alarm+0xd4>)
1000121a:	4a14      	ldr	r2, [pc, #80]	; (1000126c <alarm_pool_cancel_alarm+0xd8>)
1000121c:	2168      	movs	r1, #104	; 0x68
1000121e:	4814      	ldr	r0, [pc, #80]	; (10001270 <alarm_pool_cancel_alarm+0xdc>)
10001220:	f000 fea8 	bl	10001f74 <__assert_func>
10001224:	212c      	movs	r1, #44	; 0x2c
10001226:	4b13      	ldr	r3, [pc, #76]	; (10001274 <alarm_pool_cancel_alarm+0xe0>)
10001228:	4a13      	ldr	r2, [pc, #76]	; (10001278 <alarm_pool_cancel_alarm+0xe4>)
1000122a:	31ff      	adds	r1, #255	; 0xff
1000122c:	4813      	ldr	r0, [pc, #76]	; (1000127c <alarm_pool_cancel_alarm+0xe8>)
1000122e:	f000 fea1 	bl	10001f74 <__assert_func>
10001232:	4b13      	ldr	r3, [pc, #76]	; (10001280 <alarm_pool_cancel_alarm+0xec>)
10001234:	4a13      	ldr	r2, [pc, #76]	; (10001284 <alarm_pool_cancel_alarm+0xf0>)
10001236:	2141      	movs	r1, #65	; 0x41
10001238:	4810      	ldr	r0, [pc, #64]	; (1000127c <alarm_pool_cancel_alarm+0xe8>)
1000123a:	f000 fe9b 	bl	10001f74 <__assert_func>
1000123e:	0019      	movs	r1, r3
10001240:	0010      	movs	r0, r2
10001242:	f000 fb91 	bl	10001968 <ph_remove_and_free_node>
10001246:	2800      	cmp	r0, #0
10001248:	d1ce      	bne.n	100011e8 <alarm_pool_cancel_alarm+0x54>
1000124a:	2199      	movs	r1, #153	; 0x99
1000124c:	4b0e      	ldr	r3, [pc, #56]	; (10001288 <alarm_pool_cancel_alarm+0xf4>)
1000124e:	4a0a      	ldr	r2, [pc, #40]	; (10001278 <alarm_pool_cancel_alarm+0xe4>)
10001250:	0049      	lsls	r1, r1, #1
10001252:	480a      	ldr	r0, [pc, #40]	; (1000127c <alarm_pool_cancel_alarm+0xe8>)
10001254:	f000 fe8e 	bl	10001f74 <__assert_func>
10001258:	6923      	ldr	r3, [r4, #16]
1000125a:	428b      	cmp	r3, r1
1000125c:	d1c4      	bne.n	100011e8 <alarm_pool_cancel_alarm+0x54>
1000125e:	2300      	movs	r3, #0
10001260:	6123      	str	r3, [r4, #16]
10001262:	e7c1      	b.n	100011e8 <alarm_pool_cancel_alarm+0x54>
10001264:	2000      	movs	r0, #0
10001266:	e7c6      	b.n	100011f6 <alarm_pool_cancel_alarm+0x62>
10001268:	1000458c 	.word	0x1000458c
1000126c:	10004804 	.word	0x10004804
10001270:	100045a8 	.word	0x100045a8
10001274:	10004724 	.word	0x10004724
10001278:	1000474c 	.word	0x1000474c
1000127c:	10004514 	.word	0x10004514
10001280:	10004568 	.word	0x10004568
10001284:	100047bc 	.word	0x100047bc
10001288:	10004748 	.word	0x10004748

1000128c <best_effort_wfe_or_timeout>:
1000128c:	b570      	push	{r4, r5, r6, lr}
1000128e:	b084      	sub	sp, #16
10001290:	0005      	movs	r5, r0
10001292:	000c      	movs	r4, r1
10001294:	f3ef 8305 	mrs	r3, IPSR
10001298:	2b00      	cmp	r3, #0
1000129a:	d11e      	bne.n	100012da <best_effort_wfe_or_timeout+0x4e>
1000129c:	f7ff feb0 	bl	10001000 <alarm_pool_get_default>
100012a0:	2300      	movs	r3, #0
100012a2:	9302      	str	r3, [sp, #8]
100012a4:	9301      	str	r3, [sp, #4]
100012a6:	4b22      	ldr	r3, [pc, #136]	; (10001330 <best_effort_wfe_or_timeout+0xa4>)
100012a8:	9300      	str	r3, [sp, #0]
100012aa:	002a      	movs	r2, r5
100012ac:	0023      	movs	r3, r4
100012ae:	f7ff febd 	bl	1000102c <alarm_pool_add_alarm_at>
100012b2:	1e06      	subs	r6, r0, #0
100012b4:	dd23      	ble.n	100012fe <best_effort_wfe_or_timeout+0x72>
100012b6:	bf20      	wfe
100012b8:	f7ff fea2 	bl	10001000 <alarm_pool_get_default>
100012bc:	0031      	movs	r1, r6
100012be:	f7ff ff69 	bl	10001194 <alarm_pool_cancel_alarm>
100012c2:	4b1c      	ldr	r3, [pc, #112]	; (10001334 <best_effort_wfe_or_timeout+0xa8>)
100012c4:	6a5b      	ldr	r3, [r3, #36]	; 0x24
100012c6:	429c      	cmp	r4, r3
100012c8:	d82d      	bhi.n	10001326 <best_effort_wfe_or_timeout+0x9a>
100012ca:	4a1a      	ldr	r2, [pc, #104]	; (10001334 <best_effort_wfe_or_timeout+0xa8>)
100012cc:	6a92      	ldr	r2, [r2, #40]	; 0x28
100012ce:	42aa      	cmp	r2, r5
100012d0:	d22c      	bcs.n	1000132c <best_effort_wfe_or_timeout+0xa0>
100012d2:	429c      	cmp	r4, r3
100012d4:	d025      	beq.n	10001322 <best_effort_wfe_or_timeout+0x96>
100012d6:	2001      	movs	r0, #1
100012d8:	e026      	b.n	10001328 <best_effort_wfe_or_timeout+0x9c>
100012da:	4b16      	ldr	r3, [pc, #88]	; (10001334 <best_effort_wfe_or_timeout+0xa8>)
100012dc:	6a5b      	ldr	r3, [r3, #36]	; 0x24
100012de:	4299      	cmp	r1, r3
100012e0:	d809      	bhi.n	100012f6 <best_effort_wfe_or_timeout+0x6a>
100012e2:	4a14      	ldr	r2, [pc, #80]	; (10001334 <best_effort_wfe_or_timeout+0xa8>)
100012e4:	6a92      	ldr	r2, [r2, #40]	; 0x28
100012e6:	4282      	cmp	r2, r0
100012e8:	d207      	bcs.n	100012fa <best_effort_wfe_or_timeout+0x6e>
100012ea:	4299      	cmp	r1, r3
100012ec:	d001      	beq.n	100012f2 <best_effort_wfe_or_timeout+0x66>
100012ee:	2001      	movs	r0, #1
100012f0:	e01a      	b.n	10001328 <best_effort_wfe_or_timeout+0x9c>
100012f2:	2000      	movs	r0, #0
100012f4:	e018      	b.n	10001328 <best_effort_wfe_or_timeout+0x9c>
100012f6:	2000      	movs	r0, #0
100012f8:	e016      	b.n	10001328 <best_effort_wfe_or_timeout+0x9c>
100012fa:	2001      	movs	r0, #1
100012fc:	e014      	b.n	10001328 <best_effort_wfe_or_timeout+0x9c>
100012fe:	4b0d      	ldr	r3, [pc, #52]	; (10001334 <best_effort_wfe_or_timeout+0xa8>)
10001300:	6a5b      	ldr	r3, [r3, #36]	; 0x24
10001302:	429c      	cmp	r4, r3
10001304:	d809      	bhi.n	1000131a <best_effort_wfe_or_timeout+0x8e>
10001306:	4a0b      	ldr	r2, [pc, #44]	; (10001334 <best_effort_wfe_or_timeout+0xa8>)
10001308:	6a92      	ldr	r2, [r2, #40]	; 0x28
1000130a:	42aa      	cmp	r2, r5
1000130c:	d207      	bcs.n	1000131e <best_effort_wfe_or_timeout+0x92>
1000130e:	429c      	cmp	r4, r3
10001310:	d001      	beq.n	10001316 <best_effort_wfe_or_timeout+0x8a>
10001312:	2001      	movs	r0, #1
10001314:	e008      	b.n	10001328 <best_effort_wfe_or_timeout+0x9c>
10001316:	2000      	movs	r0, #0
10001318:	e006      	b.n	10001328 <best_effort_wfe_or_timeout+0x9c>
1000131a:	2000      	movs	r0, #0
1000131c:	e004      	b.n	10001328 <best_effort_wfe_or_timeout+0x9c>
1000131e:	2001      	movs	r0, #1
10001320:	e002      	b.n	10001328 <best_effort_wfe_or_timeout+0x9c>
10001322:	2000      	movs	r0, #0
10001324:	e000      	b.n	10001328 <best_effort_wfe_or_timeout+0x9c>
10001326:	2000      	movs	r0, #0
10001328:	b004      	add	sp, #16
1000132a:	bd70      	pop	{r4, r5, r6, pc}
1000132c:	2001      	movs	r0, #1
1000132e:	e7fb      	b.n	10001328 <best_effort_wfe_or_timeout+0x9c>
10001330:	10000981 	.word	0x10000981
10001334:	40054000 	.word	0x40054000

10001338 <hardware_alarm_irq_handler>:
10001338:	b570      	push	{r4, r5, r6, lr}
1000133a:	f3ef 8005 	mrs	r0, IPSR
1000133e:	3810      	subs	r0, #16
10001340:	f3ef 8c10 	mrs	ip, PRIMASK
10001344:	b672      	cpsid	i
10001346:	4b1a      	ldr	r3, [pc, #104]	; (100013b0 <hardware_alarm_irq_handler+0x78>)
10001348:	681b      	ldr	r3, [r3, #0]
1000134a:	2b00      	cmp	r3, #0
1000134c:	d0fb      	beq.n	10001346 <hardware_alarm_irq_handler+0xe>
1000134e:	f3bf 8f5f 	dmb	sy
10001352:	2201      	movs	r2, #1
10001354:	0013      	movs	r3, r2
10001356:	4083      	lsls	r3, r0
10001358:	4916      	ldr	r1, [pc, #88]	; (100013b4 <hardware_alarm_irq_handler+0x7c>)
1000135a:	634b      	str	r3, [r1, #52]	; 0x34
1000135c:	4916      	ldr	r1, [pc, #88]	; (100013b8 <hardware_alarm_irq_handler+0x80>)
1000135e:	600b      	str	r3, [r1, #0]
10001360:	4916      	ldr	r1, [pc, #88]	; (100013bc <hardware_alarm_irq_handler+0x84>)
10001362:	7809      	ldrb	r1, [r1, #0]
10001364:	000c      	movs	r4, r1
10001366:	40c4      	lsrs	r4, r0
10001368:	4222      	tst	r2, r4
1000136a:	d014      	beq.n	10001396 <hardware_alarm_irq_handler+0x5e>
1000136c:	4a11      	ldr	r2, [pc, #68]	; (100013b4 <hardware_alarm_irq_handler+0x7c>)
1000136e:	6a54      	ldr	r4, [r2, #36]	; 0x24
10001370:	0082      	lsls	r2, r0, #2
10001372:	4d13      	ldr	r5, [pc, #76]	; (100013c0 <hardware_alarm_irq_handler+0x88>)
10001374:	5952      	ldr	r2, [r2, r5]
10001376:	4294      	cmp	r4, r2
10001378:	d306      	bcc.n	10001388 <hardware_alarm_irq_handler+0x50>
1000137a:	0082      	lsls	r2, r0, #2
1000137c:	4c11      	ldr	r4, [pc, #68]	; (100013c4 <hardware_alarm_irq_handler+0x8c>)
1000137e:	5912      	ldr	r2, [r2, r4]
10001380:	4399      	bics	r1, r3
10001382:	4b0e      	ldr	r3, [pc, #56]	; (100013bc <hardware_alarm_irq_handler+0x84>)
10001384:	7019      	strb	r1, [r3, #0]
10001386:	e007      	b.n	10001398 <hardware_alarm_irq_handler+0x60>
10001388:	4a0a      	ldr	r2, [pc, #40]	; (100013b4 <hardware_alarm_irq_handler+0x7c>)
1000138a:	1d03      	adds	r3, r0, #4
1000138c:	009b      	lsls	r3, r3, #2
1000138e:	5899      	ldr	r1, [r3, r2]
10001390:	5099      	str	r1, [r3, r2]
10001392:	2200      	movs	r2, #0
10001394:	e000      	b.n	10001398 <hardware_alarm_irq_handler+0x60>
10001396:	2200      	movs	r2, #0
10001398:	f3bf 8f5f 	dmb	sy
1000139c:	4b04      	ldr	r3, [pc, #16]	; (100013b0 <hardware_alarm_irq_handler+0x78>)
1000139e:	2100      	movs	r1, #0
100013a0:	6019      	str	r1, [r3, #0]
100013a2:	f38c 8810 	msr	PRIMASK, ip
100013a6:	2a00      	cmp	r2, #0
100013a8:	d000      	beq.n	100013ac <hardware_alarm_irq_handler+0x74>
100013aa:	4790      	blx	r2
100013ac:	bd70      	pop	{r4, r5, r6, pc}
100013ae:	46c0      	nop			; (mov r8, r8)
100013b0:	d0000128 	.word	0xd0000128
100013b4:	40054000 	.word	0x40054000
100013b8:	4005703c 	.word	0x4005703c
100013bc:	200006fc 	.word	0x200006fc
100013c0:	200006e0 	.word	0x200006e0
100013c4:	20000424 	.word	0x20000424

100013c8 <hardware_alarm_claim>:
100013c8:	b510      	push	{r4, lr}
100013ca:	0001      	movs	r1, r0
100013cc:	4a02      	ldr	r2, [pc, #8]	; (100013d8 <hardware_alarm_claim+0x10>)
100013ce:	4803      	ldr	r0, [pc, #12]	; (100013dc <hardware_alarm_claim+0x14>)
100013d0:	f7ff f828 	bl	10000424 <hw_claim_or_assert>
100013d4:	bd10      	pop	{r4, pc}
100013d6:	46c0      	nop			; (mov r8, r8)
100013d8:	10004828 	.word	0x10004828
100013dc:	200006fa 	.word	0x200006fa

100013e0 <time_us_64>:
100013e0:	4b04      	ldr	r3, [pc, #16]	; (100013f4 <time_us_64+0x14>)
100013e2:	6a5b      	ldr	r3, [r3, #36]	; 0x24
100013e4:	4a03      	ldr	r2, [pc, #12]	; (100013f4 <time_us_64+0x14>)
100013e6:	6a90      	ldr	r0, [r2, #40]	; 0x28
100013e8:	0019      	movs	r1, r3
100013ea:	6a53      	ldr	r3, [r2, #36]	; 0x24
100013ec:	4299      	cmp	r1, r3
100013ee:	d1f9      	bne.n	100013e4 <time_us_64+0x4>
100013f0:	4770      	bx	lr
100013f2:	46c0      	nop			; (mov r8, r8)
100013f4:	40054000 	.word	0x40054000

100013f8 <busy_wait_until>:
100013f8:	4b08      	ldr	r3, [pc, #32]	; (1000141c <busy_wait_until+0x24>)
100013fa:	6a5b      	ldr	r3, [r3, #36]	; 0x24
100013fc:	e001      	b.n	10001402 <busy_wait_until+0xa>
100013fe:	4b07      	ldr	r3, [pc, #28]	; (1000141c <busy_wait_until+0x24>)
10001400:	6a5b      	ldr	r3, [r3, #36]	; 0x24
10001402:	428b      	cmp	r3, r1
10001404:	d3fb      	bcc.n	100013fe <busy_wait_until+0x6>
10001406:	e001      	b.n	1000140c <busy_wait_until+0x14>
10001408:	4b04      	ldr	r3, [pc, #16]	; (1000141c <busy_wait_until+0x24>)
1000140a:	6a5b      	ldr	r3, [r3, #36]	; 0x24
1000140c:	428b      	cmp	r3, r1
1000140e:	d103      	bne.n	10001418 <busy_wait_until+0x20>
10001410:	4b02      	ldr	r3, [pc, #8]	; (1000141c <busy_wait_until+0x24>)
10001412:	6a9b      	ldr	r3, [r3, #40]	; 0x28
10001414:	4283      	cmp	r3, r0
10001416:	d3f7      	bcc.n	10001408 <busy_wait_until+0x10>
10001418:	4770      	bx	lr
1000141a:	46c0      	nop			; (mov r8, r8)
1000141c:	40054000 	.word	0x40054000

10001420 <busy_wait_us>:
10001420:	b570      	push	{r4, r5, r6, lr}
10001422:	0004      	movs	r4, r0
10001424:	000d      	movs	r5, r1
10001426:	f7ff ffdb 	bl	100013e0 <time_us_64>
1000142a:	0002      	movs	r2, r0
1000142c:	000b      	movs	r3, r1
1000142e:	0020      	movs	r0, r4
10001430:	0029      	movs	r1, r5
10001432:	1880      	adds	r0, r0, r2
10001434:	4159      	adcs	r1, r3
10001436:	428b      	cmp	r3, r1
10001438:	d802      	bhi.n	10001440 <busy_wait_us+0x20>
1000143a:	d104      	bne.n	10001446 <busy_wait_us+0x26>
1000143c:	4282      	cmp	r2, r0
1000143e:	d902      	bls.n	10001446 <busy_wait_us+0x26>
10001440:	2001      	movs	r0, #1
10001442:	4240      	negs	r0, r0
10001444:	17c1      	asrs	r1, r0, #31
10001446:	2900      	cmp	r1, #0
10001448:	db02      	blt.n	10001450 <busy_wait_us+0x30>
1000144a:	f7ff ffd5 	bl	100013f8 <busy_wait_until>
1000144e:	bd70      	pop	{r4, r5, r6, pc}
10001450:	4b02      	ldr	r3, [pc, #8]	; (1000145c <busy_wait_us+0x3c>)
10001452:	4a03      	ldr	r2, [pc, #12]	; (10001460 <busy_wait_us+0x40>)
10001454:	213f      	movs	r1, #63	; 0x3f
10001456:	4803      	ldr	r0, [pc, #12]	; (10001464 <busy_wait_us+0x44>)
10001458:	f000 fd8c 	bl	10001f74 <__assert_func>
1000145c:	10004424 	.word	0x10004424
10001460:	100048ec 	.word	0x100048ec
10001464:	10004440 	.word	0x10004440

10001468 <hardware_alarm_set_callback>:
10001468:	b570      	push	{r4, r5, r6, lr}
1000146a:	0004      	movs	r4, r0
1000146c:	000d      	movs	r5, r1
1000146e:	f3ef 8610 	mrs	r6, PRIMASK
10001472:	b672      	cpsid	i
10001474:	4b1b      	ldr	r3, [pc, #108]	; (100014e4 <hardware_alarm_set_callback+0x7c>)
10001476:	681b      	ldr	r3, [r3, #0]
10001478:	2b00      	cmp	r3, #0
1000147a:	d0fb      	beq.n	10001474 <hardware_alarm_set_callback+0xc>
1000147c:	f3bf 8f5f 	dmb	sy
10001480:	2d00      	cmp	r5, #0
10001482:	d01c      	beq.n	100014be <hardware_alarm_set_callback+0x56>
10001484:	0020      	movs	r0, r4
10001486:	f7ff f8a9 	bl	100005dc <irq_get_vtable_handler>
1000148a:	4b17      	ldr	r3, [pc, #92]	; (100014e8 <hardware_alarm_set_callback+0x80>)
1000148c:	4283      	cmp	r3, r0
1000148e:	d00b      	beq.n	100014a8 <hardware_alarm_set_callback+0x40>
10001490:	0019      	movs	r1, r3
10001492:	0020      	movs	r0, r4
10001494:	f7ff f8aa 	bl	100005ec <irq_set_exclusive_handler>
10001498:	2101      	movs	r1, #1
1000149a:	0020      	movs	r0, r4
1000149c:	f7ff f896 	bl	100005cc <irq_set_enabled>
100014a0:	2301      	movs	r3, #1
100014a2:	40a3      	lsls	r3, r4
100014a4:	4a11      	ldr	r2, [pc, #68]	; (100014ec <hardware_alarm_set_callback+0x84>)
100014a6:	6013      	str	r3, [r2, #0]
100014a8:	00a4      	lsls	r4, r4, #2
100014aa:	4b11      	ldr	r3, [pc, #68]	; (100014f0 <hardware_alarm_set_callback+0x88>)
100014ac:	50e5      	str	r5, [r4, r3]
100014ae:	f3bf 8f5f 	dmb	sy
100014b2:	4b0c      	ldr	r3, [pc, #48]	; (100014e4 <hardware_alarm_set_callback+0x7c>)
100014b4:	2200      	movs	r2, #0
100014b6:	601a      	str	r2, [r3, #0]
100014b8:	f386 8810 	msr	PRIMASK, r6
100014bc:	bd70      	pop	{r4, r5, r6, pc}
100014be:	00a2      	lsls	r2, r4, #2
100014c0:	4b0b      	ldr	r3, [pc, #44]	; (100014f0 <hardware_alarm_set_callback+0x88>)
100014c2:	2100      	movs	r1, #0
100014c4:	50d1      	str	r1, [r2, r3]
100014c6:	2201      	movs	r2, #1
100014c8:	40a2      	lsls	r2, r4
100014ca:	490a      	ldr	r1, [pc, #40]	; (100014f4 <hardware_alarm_set_callback+0x8c>)
100014cc:	780b      	ldrb	r3, [r1, #0]
100014ce:	4393      	bics	r3, r2
100014d0:	700b      	strb	r3, [r1, #0]
100014d2:	4905      	ldr	r1, [pc, #20]	; (100014e8 <hardware_alarm_set_callback+0x80>)
100014d4:	0020      	movs	r0, r4
100014d6:	f7ff f8b3 	bl	10000640 <irq_remove_handler>
100014da:	2100      	movs	r1, #0
100014dc:	0020      	movs	r0, r4
100014de:	f7ff f875 	bl	100005cc <irq_set_enabled>
100014e2:	e7e4      	b.n	100014ae <hardware_alarm_set_callback+0x46>
100014e4:	d0000128 	.word	0xd0000128
100014e8:	10001339 	.word	0x10001339
100014ec:	40056038 	.word	0x40056038
100014f0:	20000424 	.word	0x20000424
100014f4:	200006fc 	.word	0x200006fc

100014f8 <hardware_alarm_set_target>:
100014f8:	b5f0      	push	{r4, r5, r6, r7, lr}
100014fa:	46de      	mov	lr, fp
100014fc:	b500      	push	{lr}
100014fe:	b084      	sub	sp, #16
10001500:	0004      	movs	r4, r0
10001502:	0015      	movs	r5, r2
10001504:	9201      	str	r2, [sp, #4]
10001506:	001e      	movs	r6, r3
10001508:	9302      	str	r3, [sp, #8]
1000150a:	f7ff ff69 	bl	100013e0 <time_us_64>
1000150e:	9503      	str	r5, [sp, #12]
10001510:	428e      	cmp	r6, r1
10001512:	d802      	bhi.n	1000151a <hardware_alarm_set_target+0x22>
10001514:	d14e      	bne.n	100015b4 <hardware_alarm_set_target+0xbc>
10001516:	4285      	cmp	r5, r0
10001518:	d94c      	bls.n	100015b4 <hardware_alarm_set_target+0xbc>
1000151a:	f3ef 8b10 	mrs	fp, PRIMASK
1000151e:	b672      	cpsid	i
10001520:	4b27      	ldr	r3, [pc, #156]	; (100015c0 <hardware_alarm_set_target+0xc8>)
10001522:	681b      	ldr	r3, [r3, #0]
10001524:	2b00      	cmp	r3, #0
10001526:	d0fb      	beq.n	10001520 <hardware_alarm_set_target+0x28>
10001528:	f3bf 8f5f 	dmb	sy
1000152c:	4a25      	ldr	r2, [pc, #148]	; (100015c4 <hardware_alarm_set_target+0xcc>)
1000152e:	7817      	ldrb	r7, [r2, #0]
10001530:	2501      	movs	r5, #1
10001532:	40a5      	lsls	r5, r4
10001534:	b2eb      	uxtb	r3, r5
10001536:	433b      	orrs	r3, r7
10001538:	7013      	strb	r3, [r2, #0]
1000153a:	4b23      	ldr	r3, [pc, #140]	; (100015c8 <hardware_alarm_set_target+0xd0>)
1000153c:	635d      	str	r5, [r3, #52]	; 0x34
1000153e:	1d22      	adds	r2, r4, #4
10001540:	0092      	lsls	r2, r2, #2
10001542:	9901      	ldr	r1, [sp, #4]
10001544:	50d1      	str	r1, [r2, r3]
10001546:	00a2      	lsls	r2, r4, #2
10001548:	4920      	ldr	r1, [pc, #128]	; (100015cc <hardware_alarm_set_target+0xd4>)
1000154a:	9802      	ldr	r0, [sp, #8]
1000154c:	5050      	str	r0, [r2, r1]
1000154e:	6a1b      	ldr	r3, [r3, #32]
10001550:	422b      	tst	r3, r5
10001552:	d112      	bne.n	1000157a <hardware_alarm_set_target+0x82>
10001554:	4b1c      	ldr	r3, [pc, #112]	; (100015c8 <hardware_alarm_set_target+0xd0>)
10001556:	6c1b      	ldr	r3, [r3, #64]	; 0x40
10001558:	422b      	tst	r3, r5
1000155a:	d008      	beq.n	1000156e <hardware_alarm_set_target+0x76>
1000155c:	2000      	movs	r0, #0
1000155e:	f3bf 8f5f 	dmb	sy
10001562:	4b17      	ldr	r3, [pc, #92]	; (100015c0 <hardware_alarm_set_target+0xc8>)
10001564:	2200      	movs	r2, #0
10001566:	601a      	str	r2, [r3, #0]
10001568:	f38b 8810 	msr	PRIMASK, fp
1000156c:	e023      	b.n	100015b6 <hardware_alarm_set_target+0xbe>
1000156e:	4b18      	ldr	r3, [pc, #96]	; (100015d0 <hardware_alarm_set_target+0xd8>)
10001570:	4a18      	ldr	r2, [pc, #96]	; (100015d4 <hardware_alarm_set_target+0xdc>)
10001572:	21c5      	movs	r1, #197	; 0xc5
10001574:	4818      	ldr	r0, [pc, #96]	; (100015d8 <hardware_alarm_set_target+0xe0>)
10001576:	f000 fcfd 	bl	10001f74 <__assert_func>
1000157a:	f7ff ff31 	bl	100013e0 <time_us_64>
1000157e:	428e      	cmp	r6, r1
10001580:	d814      	bhi.n	100015ac <hardware_alarm_set_target+0xb4>
10001582:	d102      	bne.n	1000158a <hardware_alarm_set_target+0x92>
10001584:	9b03      	ldr	r3, [sp, #12]
10001586:	4283      	cmp	r3, r0
10001588:	d810      	bhi.n	100015ac <hardware_alarm_set_target+0xb4>
1000158a:	4b0e      	ldr	r3, [pc, #56]	; (100015c4 <hardware_alarm_set_target+0xcc>)
1000158c:	781b      	ldrb	r3, [r3, #0]
1000158e:	42bb      	cmp	r3, r7
10001590:	d00e      	beq.n	100015b0 <hardware_alarm_set_target+0xb8>
10001592:	4b0d      	ldr	r3, [pc, #52]	; (100015c8 <hardware_alarm_set_target+0xd0>)
10001594:	621d      	str	r5, [r3, #32]
10001596:	635d      	str	r5, [r3, #52]	; 0x34
10001598:	201f      	movs	r0, #31
1000159a:	4004      	ands	r4, r0
1000159c:	2301      	movs	r3, #1
1000159e:	40a3      	lsls	r3, r4
100015a0:	4a0e      	ldr	r2, [pc, #56]	; (100015dc <hardware_alarm_set_target+0xe4>)
100015a2:	6013      	str	r3, [r2, #0]
100015a4:	4b07      	ldr	r3, [pc, #28]	; (100015c4 <hardware_alarm_set_target+0xcc>)
100015a6:	701f      	strb	r7, [r3, #0]
100015a8:	381e      	subs	r0, #30
100015aa:	e7d8      	b.n	1000155e <hardware_alarm_set_target+0x66>
100015ac:	2000      	movs	r0, #0
100015ae:	e7d6      	b.n	1000155e <hardware_alarm_set_target+0x66>
100015b0:	2001      	movs	r0, #1
100015b2:	e7d4      	b.n	1000155e <hardware_alarm_set_target+0x66>
100015b4:	2001      	movs	r0, #1
100015b6:	b004      	add	sp, #16
100015b8:	bc80      	pop	{r7}
100015ba:	46bb      	mov	fp, r7
100015bc:	bdf0      	pop	{r4, r5, r6, r7, pc}
100015be:	46c0      	nop			; (mov r8, r8)
100015c0:	d0000128 	.word	0xd0000128
100015c4:	200006fc 	.word	0x200006fc
100015c8:	40054000 	.word	0x40054000
100015cc:	200006e0 	.word	0x200006e0
100015d0:	1000484c 	.word	0x1000484c
100015d4:	100048d0 	.word	0x100048d0
100015d8:	10004870 	.word	0x10004870
100015dc:	e000e280 	.word	0xe000e280

100015e0 <hardware_alarm_cancel>:
100015e0:	f3ef 8c10 	mrs	ip, PRIMASK
100015e4:	b672      	cpsid	i
100015e6:	4b0b      	ldr	r3, [pc, #44]	; (10001614 <hardware_alarm_cancel+0x34>)
100015e8:	681b      	ldr	r3, [r3, #0]
100015ea:	2b00      	cmp	r3, #0
100015ec:	d0fb      	beq.n	100015e6 <hardware_alarm_cancel+0x6>
100015ee:	f3bf 8f5f 	dmb	sy
100015f2:	2301      	movs	r3, #1
100015f4:	4083      	lsls	r3, r0
100015f6:	4a08      	ldr	r2, [pc, #32]	; (10001618 <hardware_alarm_cancel+0x38>)
100015f8:	6213      	str	r3, [r2, #32]
100015fa:	4908      	ldr	r1, [pc, #32]	; (1000161c <hardware_alarm_cancel+0x3c>)
100015fc:	780a      	ldrb	r2, [r1, #0]
100015fe:	439a      	bics	r2, r3
10001600:	700a      	strb	r2, [r1, #0]
10001602:	f3bf 8f5f 	dmb	sy
10001606:	4b03      	ldr	r3, [pc, #12]	; (10001614 <hardware_alarm_cancel+0x34>)
10001608:	2200      	movs	r2, #0
1000160a:	601a      	str	r2, [r3, #0]
1000160c:	f38c 8810 	msr	PRIMASK, ip
10001610:	4770      	bx	lr
10001612:	46c0      	nop			; (mov r8, r8)
10001614:	d0000128 	.word	0xd0000128
10001618:	40054000 	.word	0x40054000
1000161c:	200006fc 	.word	0x200006fc

10001620 <ph_add_child_node>:
10001620:	b510      	push	{r4, lr}
10001622:	2900      	cmp	r1, #0
10001624:	d01e      	beq.n	10001664 <ph_add_child_node+0x44>
10001626:	7b03      	ldrb	r3, [r0, #12]
10001628:	4299      	cmp	r1, r3
1000162a:	d81b      	bhi.n	10001664 <ph_add_child_node+0x44>
1000162c:	004b      	lsls	r3, r1, #1
1000162e:	185b      	adds	r3, r3, r1
10001630:	3b03      	subs	r3, #3
10001632:	6804      	ldr	r4, [r0, #0]
10001634:	46a4      	mov	ip, r4
10001636:	4463      	add	r3, ip
10001638:	2900      	cmp	r1, #0
1000163a:	d019      	beq.n	10001670 <ph_add_child_node+0x50>
1000163c:	2a00      	cmp	r2, #0
1000163e:	d01d      	beq.n	1000167c <ph_add_child_node+0x5c>
10001640:	4291      	cmp	r1, r2
10001642:	d021      	beq.n	10001688 <ph_add_child_node+0x68>
10001644:	2a00      	cmp	r2, #0
10001646:	d025      	beq.n	10001694 <ph_add_child_node+0x74>
10001648:	7b04      	ldrb	r4, [r0, #12]
1000164a:	42a2      	cmp	r2, r4
1000164c:	d822      	bhi.n	10001694 <ph_add_child_node+0x74>
1000164e:	6804      	ldr	r4, [r0, #0]
10001650:	0050      	lsls	r0, r2, #1
10001652:	1880      	adds	r0, r0, r2
10001654:	3803      	subs	r0, #3
10001656:	1820      	adds	r0, r4, r0
10001658:	7081      	strb	r1, [r0, #2]
1000165a:	7819      	ldrb	r1, [r3, #0]
1000165c:	2900      	cmp	r1, #0
1000165e:	d11f      	bne.n	100016a0 <ph_add_child_node+0x80>
10001660:	701a      	strb	r2, [r3, #0]
10001662:	bd10      	pop	{r4, pc}
10001664:	4b10      	ldr	r3, [pc, #64]	; (100016a8 <ph_add_child_node+0x88>)
10001666:	4a11      	ldr	r2, [pc, #68]	; (100016ac <ph_add_child_node+0x8c>)
10001668:	2168      	movs	r1, #104	; 0x68
1000166a:	4811      	ldr	r0, [pc, #68]	; (100016b0 <ph_add_child_node+0x90>)
1000166c:	f000 fc82 	bl	10001f74 <__assert_func>
10001670:	4b10      	ldr	r3, [pc, #64]	; (100016b4 <ph_add_child_node+0x94>)
10001672:	4a11      	ldr	r2, [pc, #68]	; (100016b8 <ph_add_child_node+0x98>)
10001674:	316f      	adds	r1, #111	; 0x6f
10001676:	480e      	ldr	r0, [pc, #56]	; (100016b0 <ph_add_child_node+0x90>)
10001678:	f000 fc7c 	bl	10001f74 <__assert_func>
1000167c:	4b0f      	ldr	r3, [pc, #60]	; (100016bc <ph_add_child_node+0x9c>)
1000167e:	4a0e      	ldr	r2, [pc, #56]	; (100016b8 <ph_add_child_node+0x98>)
10001680:	2170      	movs	r1, #112	; 0x70
10001682:	480b      	ldr	r0, [pc, #44]	; (100016b0 <ph_add_child_node+0x90>)
10001684:	f000 fc76 	bl	10001f74 <__assert_func>
10001688:	4b0d      	ldr	r3, [pc, #52]	; (100016c0 <ph_add_child_node+0xa0>)
1000168a:	4a0b      	ldr	r2, [pc, #44]	; (100016b8 <ph_add_child_node+0x98>)
1000168c:	2171      	movs	r1, #113	; 0x71
1000168e:	4808      	ldr	r0, [pc, #32]	; (100016b0 <ph_add_child_node+0x90>)
10001690:	f000 fc70 	bl	10001f74 <__assert_func>
10001694:	4b04      	ldr	r3, [pc, #16]	; (100016a8 <ph_add_child_node+0x88>)
10001696:	4a05      	ldr	r2, [pc, #20]	; (100016ac <ph_add_child_node+0x8c>)
10001698:	2168      	movs	r1, #104	; 0x68
1000169a:	4805      	ldr	r0, [pc, #20]	; (100016b0 <ph_add_child_node+0x90>)
1000169c:	f000 fc6a 	bl	10001f74 <__assert_func>
100016a0:	7041      	strb	r1, [r0, #1]
100016a2:	701a      	strb	r2, [r3, #0]
100016a4:	e7dd      	b.n	10001662 <ph_add_child_node+0x42>
100016a6:	46c0      	nop			; (mov r8, r8)
100016a8:	1000458c 	.word	0x1000458c
100016ac:	10004a0c 	.word	0x10004a0c
100016b0:	100045a8 	.word	0x100045a8
100016b4:	10004610 	.word	0x10004610
100016b8:	100049f8 	.word	0x100049f8
100016bc:	1000461c 	.word	0x1000461c
100016c0:	10004628 	.word	0x10004628

100016c4 <ph_merge_nodes>:
100016c4:	b570      	push	{r4, r5, r6, lr}
100016c6:	0006      	movs	r6, r0
100016c8:	000d      	movs	r5, r1
100016ca:	0014      	movs	r4, r2
100016cc:	2900      	cmp	r1, #0
100016ce:	d014      	beq.n	100016fa <ph_merge_nodes+0x36>
100016d0:	2a00      	cmp	r2, #0
100016d2:	d014      	beq.n	100016fe <ph_merge_nodes+0x3a>
100016d4:	6880      	ldr	r0, [r0, #8]
100016d6:	6873      	ldr	r3, [r6, #4]
100016d8:	4798      	blx	r3
100016da:	2800      	cmp	r0, #0
100016dc:	d006      	beq.n	100016ec <ph_merge_nodes+0x28>
100016de:	0022      	movs	r2, r4
100016e0:	0029      	movs	r1, r5
100016e2:	0030      	movs	r0, r6
100016e4:	f7ff ff9c 	bl	10001620 <ph_add_child_node>
100016e8:	0028      	movs	r0, r5
100016ea:	e007      	b.n	100016fc <ph_merge_nodes+0x38>
100016ec:	002a      	movs	r2, r5
100016ee:	0021      	movs	r1, r4
100016f0:	0030      	movs	r0, r6
100016f2:	f7ff ff95 	bl	10001620 <ph_add_child_node>
100016f6:	0020      	movs	r0, r4
100016f8:	e000      	b.n	100016fc <ph_merge_nodes+0x38>
100016fa:	0010      	movs	r0, r2
100016fc:	bd70      	pop	{r4, r5, r6, pc}
100016fe:	0008      	movs	r0, r1
10001700:	e7fc      	b.n	100016fc <ph_merge_nodes+0x38>
	...

10001704 <ph_clear>:
10001704:	b510      	push	{r4, lr}
10001706:	2300      	movs	r3, #0
10001708:	7343      	strb	r3, [r0, #13]
1000170a:	3301      	adds	r3, #1
1000170c:	7383      	strb	r3, [r0, #14]
1000170e:	7b03      	ldrb	r3, [r0, #12]
10001710:	73c3      	strb	r3, [r0, #15]
10001712:	2301      	movs	r3, #1
10001714:	7b02      	ldrb	r2, [r0, #12]
10001716:	429a      	cmp	r2, r3
10001718:	d914      	bls.n	10001744 <ph_clear+0x40>
1000171a:	2b00      	cmp	r3, #0
1000171c:	d00c      	beq.n	10001738 <ph_clear+0x34>
1000171e:	7b02      	ldrb	r2, [r0, #12]
10001720:	4293      	cmp	r3, r2
10001722:	d809      	bhi.n	10001738 <ph_clear+0x34>
10001724:	005a      	lsls	r2, r3, #1
10001726:	18d2      	adds	r2, r2, r3
10001728:	3a03      	subs	r2, #3
1000172a:	6801      	ldr	r1, [r0, #0]
1000172c:	468c      	mov	ip, r1
1000172e:	4462      	add	r2, ip
10001730:	3301      	adds	r3, #1
10001732:	b2db      	uxtb	r3, r3
10001734:	7053      	strb	r3, [r2, #1]
10001736:	e7ed      	b.n	10001714 <ph_clear+0x10>
10001738:	4b0b      	ldr	r3, [pc, #44]	; (10001768 <ph_clear+0x64>)
1000173a:	4a0c      	ldr	r2, [pc, #48]	; (1000176c <ph_clear+0x68>)
1000173c:	2168      	movs	r1, #104	; 0x68
1000173e:	480c      	ldr	r0, [pc, #48]	; (10001770 <ph_clear+0x6c>)
10001740:	f000 fc18 	bl	10001f74 <__assert_func>
10001744:	2a00      	cmp	r2, #0
10001746:	d009      	beq.n	1000175c <ph_clear+0x58>
10001748:	4292      	cmp	r2, r2
1000174a:	d807      	bhi.n	1000175c <ph_clear+0x58>
1000174c:	6801      	ldr	r1, [r0, #0]
1000174e:	0053      	lsls	r3, r2, #1
10001750:	189a      	adds	r2, r3, r2
10001752:	3a03      	subs	r2, #3
10001754:	188a      	adds	r2, r1, r2
10001756:	2300      	movs	r3, #0
10001758:	7053      	strb	r3, [r2, #1]
1000175a:	bd10      	pop	{r4, pc}
1000175c:	4b02      	ldr	r3, [pc, #8]	; (10001768 <ph_clear+0x64>)
1000175e:	4a03      	ldr	r2, [pc, #12]	; (1000176c <ph_clear+0x68>)
10001760:	2168      	movs	r1, #104	; 0x68
10001762:	4803      	ldr	r0, [pc, #12]	; (10001770 <ph_clear+0x6c>)
10001764:	f000 fc06 	bl	10001f74 <__assert_func>
10001768:	1000458c 	.word	0x1000458c
1000176c:	10004a0c 	.word	0x10004a0c
10001770:	100045a8 	.word	0x100045a8

10001774 <ph_post_alloc_init>:
10001774:	b510      	push	{r4, lr}
10001776:	7301      	strb	r1, [r0, #12]
10001778:	6042      	str	r2, [r0, #4]
1000177a:	6083      	str	r3, [r0, #8]
1000177c:	f7ff ffc2 	bl	10001704 <ph_clear>
10001780:	bd10      	pop	{r4, pc}
	...

10001784 <ph_merge_two_pass>:
10001784:	b570      	push	{r4, r5, r6, lr}
10001786:	0004      	movs	r4, r0
10001788:	1e08      	subs	r0, r1, #0
1000178a:	d100      	bne.n	1000178e <ph_merge_two_pass+0xa>
1000178c:	bd70      	pop	{r4, r5, r6, pc}
1000178e:	2900      	cmp	r1, #0
10001790:	d034      	beq.n	100017fc <ph_merge_two_pass+0x78>
10001792:	7b23      	ldrb	r3, [r4, #12]
10001794:	4299      	cmp	r1, r3
10001796:	d831      	bhi.n	100017fc <ph_merge_two_pass+0x78>
10001798:	004b      	lsls	r3, r1, #1
1000179a:	185b      	adds	r3, r3, r1
1000179c:	3b03      	subs	r3, #3
1000179e:	6822      	ldr	r2, [r4, #0]
100017a0:	4694      	mov	ip, r2
100017a2:	4463      	add	r3, ip
100017a4:	785a      	ldrb	r2, [r3, #1]
100017a6:	2a00      	cmp	r2, #0
100017a8:	d0f0      	beq.n	1000178c <ph_merge_two_pass+0x8>
100017aa:	d02d      	beq.n	10001808 <ph_merge_two_pass+0x84>
100017ac:	7b23      	ldrb	r3, [r4, #12]
100017ae:	429a      	cmp	r2, r3
100017b0:	d82a      	bhi.n	10001808 <ph_merge_two_pass+0x84>
100017b2:	0053      	lsls	r3, r2, #1
100017b4:	189b      	adds	r3, r3, r2
100017b6:	3b03      	subs	r3, #3
100017b8:	6821      	ldr	r1, [r4, #0]
100017ba:	468c      	mov	ip, r1
100017bc:	4463      	add	r3, ip
100017be:	785d      	ldrb	r5, [r3, #1]
100017c0:	2100      	movs	r1, #0
100017c2:	7059      	strb	r1, [r3, #1]
100017c4:	2800      	cmp	r0, #0
100017c6:	d025      	beq.n	10001814 <ph_merge_two_pass+0x90>
100017c8:	7b23      	ldrb	r3, [r4, #12]
100017ca:	4298      	cmp	r0, r3
100017cc:	d822      	bhi.n	10001814 <ph_merge_two_pass+0x90>
100017ce:	0043      	lsls	r3, r0, #1
100017d0:	181b      	adds	r3, r3, r0
100017d2:	3b03      	subs	r3, #3
100017d4:	6821      	ldr	r1, [r4, #0]
100017d6:	468c      	mov	ip, r1
100017d8:	4463      	add	r3, ip
100017da:	2100      	movs	r1, #0
100017dc:	7059      	strb	r1, [r3, #1]
100017de:	0001      	movs	r1, r0
100017e0:	0020      	movs	r0, r4
100017e2:	f7ff ff6f 	bl	100016c4 <ph_merge_nodes>
100017e6:	0006      	movs	r6, r0
100017e8:	0029      	movs	r1, r5
100017ea:	0020      	movs	r0, r4
100017ec:	f7ff ffca 	bl	10001784 <ph_merge_two_pass>
100017f0:	0002      	movs	r2, r0
100017f2:	0031      	movs	r1, r6
100017f4:	0020      	movs	r0, r4
100017f6:	f7ff ff65 	bl	100016c4 <ph_merge_nodes>
100017fa:	e7c7      	b.n	1000178c <ph_merge_two_pass+0x8>
100017fc:	4b08      	ldr	r3, [pc, #32]	; (10001820 <ph_merge_two_pass+0x9c>)
100017fe:	4a09      	ldr	r2, [pc, #36]	; (10001824 <ph_merge_two_pass+0xa0>)
10001800:	2168      	movs	r1, #104	; 0x68
10001802:	4809      	ldr	r0, [pc, #36]	; (10001828 <ph_merge_two_pass+0xa4>)
10001804:	f000 fbb6 	bl	10001f74 <__assert_func>
10001808:	4b05      	ldr	r3, [pc, #20]	; (10001820 <ph_merge_two_pass+0x9c>)
1000180a:	4a06      	ldr	r2, [pc, #24]	; (10001824 <ph_merge_two_pass+0xa0>)
1000180c:	2168      	movs	r1, #104	; 0x68
1000180e:	4806      	ldr	r0, [pc, #24]	; (10001828 <ph_merge_two_pass+0xa4>)
10001810:	f000 fbb0 	bl	10001f74 <__assert_func>
10001814:	4b02      	ldr	r3, [pc, #8]	; (10001820 <ph_merge_two_pass+0x9c>)
10001816:	4a03      	ldr	r2, [pc, #12]	; (10001824 <ph_merge_two_pass+0xa0>)
10001818:	2168      	movs	r1, #104	; 0x68
1000181a:	4803      	ldr	r0, [pc, #12]	; (10001828 <ph_merge_two_pass+0xa4>)
1000181c:	f000 fbaa 	bl	10001f74 <__assert_func>
10001820:	1000458c 	.word	0x1000458c
10001824:	10004a0c 	.word	0x10004a0c
10001828:	100045a8 	.word	0x100045a8

1000182c <ph_remove_any_head>:
1000182c:	b570      	push	{r4, r5, r6, lr}
1000182e:	0005      	movs	r5, r0
10001830:	000c      	movs	r4, r1
10001832:	0016      	movs	r6, r2
10001834:	2900      	cmp	r1, #0
10001836:	d02f      	beq.n	10001898 <ph_remove_any_head+0x6c>
10001838:	d034      	beq.n	100018a4 <ph_remove_any_head+0x78>
1000183a:	7b03      	ldrb	r3, [r0, #12]
1000183c:	4299      	cmp	r1, r3
1000183e:	d831      	bhi.n	100018a4 <ph_remove_any_head+0x78>
10001840:	004b      	lsls	r3, r1, #1
10001842:	185b      	adds	r3, r3, r1
10001844:	3b03      	subs	r3, #3
10001846:	6802      	ldr	r2, [r0, #0]
10001848:	4694      	mov	ip, r2
1000184a:	4463      	add	r3, ip
1000184c:	785a      	ldrb	r2, [r3, #1]
1000184e:	2a00      	cmp	r2, #0
10001850:	d12e      	bne.n	100018b0 <ph_remove_any_head+0x84>
10001852:	789a      	ldrb	r2, [r3, #2]
10001854:	2a00      	cmp	r2, #0
10001856:	d131      	bne.n	100018bc <ph_remove_any_head+0x90>
10001858:	7819      	ldrb	r1, [r3, #0]
1000185a:	f7ff ff93 	bl	10001784 <ph_merge_two_pass>
1000185e:	0003      	movs	r3, r0
10001860:	2e00      	cmp	r6, #0
10001862:	d00a      	beq.n	1000187a <ph_remove_any_head+0x4e>
10001864:	7bea      	ldrb	r2, [r5, #15]
10001866:	2a00      	cmp	r2, #0
10001868:	d12e      	bne.n	100018c8 <ph_remove_any_head+0x9c>
1000186a:	7baa      	ldrb	r2, [r5, #14]
1000186c:	2a00      	cmp	r2, #0
1000186e:	d103      	bne.n	10001878 <ph_remove_any_head+0x4c>
10001870:	7bea      	ldrb	r2, [r5, #15]
10001872:	2a00      	cmp	r2, #0
10001874:	d13b      	bne.n	100018ee <ph_remove_any_head+0xc2>
10001876:	73ac      	strb	r4, [r5, #14]
10001878:	73ec      	strb	r4, [r5, #15]
1000187a:	2b00      	cmp	r3, #0
1000187c:	d13d      	bne.n	100018fa <ph_remove_any_head+0xce>
1000187e:	2c00      	cmp	r4, #0
10001880:	d04f      	beq.n	10001922 <ph_remove_any_head+0xf6>
10001882:	7b2b      	ldrb	r3, [r5, #12]
10001884:	429c      	cmp	r4, r3
10001886:	d84c      	bhi.n	10001922 <ph_remove_any_head+0xf6>
10001888:	682b      	ldr	r3, [r5, #0]
1000188a:	0061      	lsls	r1, r4, #1
1000188c:	190c      	adds	r4, r1, r4
1000188e:	3c03      	subs	r4, #3
10001890:	191c      	adds	r4, r3, r4
10001892:	2300      	movs	r3, #0
10001894:	7063      	strb	r3, [r4, #1]
10001896:	bd70      	pop	{r4, r5, r6, pc}
10001898:	4b25      	ldr	r3, [pc, #148]	; (10001930 <ph_remove_any_head+0x104>)
1000189a:	4a26      	ldr	r2, [pc, #152]	; (10001934 <ph_remove_any_head+0x108>)
1000189c:	2138      	movs	r1, #56	; 0x38
1000189e:	4826      	ldr	r0, [pc, #152]	; (10001938 <ph_remove_any_head+0x10c>)
100018a0:	f000 fb68 	bl	10001f74 <__assert_func>
100018a4:	4b25      	ldr	r3, [pc, #148]	; (1000193c <ph_remove_any_head+0x110>)
100018a6:	4a26      	ldr	r2, [pc, #152]	; (10001940 <ph_remove_any_head+0x114>)
100018a8:	2168      	movs	r1, #104	; 0x68
100018aa:	4826      	ldr	r0, [pc, #152]	; (10001944 <ph_remove_any_head+0x118>)
100018ac:	f000 fb62 	bl	10001f74 <__assert_func>
100018b0:	4b25      	ldr	r3, [pc, #148]	; (10001948 <ph_remove_any_head+0x11c>)
100018b2:	4a20      	ldr	r2, [pc, #128]	; (10001934 <ph_remove_any_head+0x108>)
100018b4:	213a      	movs	r1, #58	; 0x3a
100018b6:	4820      	ldr	r0, [pc, #128]	; (10001938 <ph_remove_any_head+0x10c>)
100018b8:	f000 fb5c 	bl	10001f74 <__assert_func>
100018bc:	4b23      	ldr	r3, [pc, #140]	; (1000194c <ph_remove_any_head+0x120>)
100018be:	4a1d      	ldr	r2, [pc, #116]	; (10001934 <ph_remove_any_head+0x108>)
100018c0:	213b      	movs	r1, #59	; 0x3b
100018c2:	481d      	ldr	r0, [pc, #116]	; (10001938 <ph_remove_any_head+0x10c>)
100018c4:	f000 fb56 	bl	10001f74 <__assert_func>
100018c8:	2a00      	cmp	r2, #0
100018ca:	d00a      	beq.n	100018e2 <ph_remove_any_head+0xb6>
100018cc:	7b29      	ldrb	r1, [r5, #12]
100018ce:	428a      	cmp	r2, r1
100018d0:	d807      	bhi.n	100018e2 <ph_remove_any_head+0xb6>
100018d2:	0051      	lsls	r1, r2, #1
100018d4:	188a      	adds	r2, r1, r2
100018d6:	3a03      	subs	r2, #3
100018d8:	6829      	ldr	r1, [r5, #0]
100018da:	468c      	mov	ip, r1
100018dc:	4462      	add	r2, ip
100018de:	7054      	strb	r4, [r2, #1]
100018e0:	e7c3      	b.n	1000186a <ph_remove_any_head+0x3e>
100018e2:	4b16      	ldr	r3, [pc, #88]	; (1000193c <ph_remove_any_head+0x110>)
100018e4:	4a16      	ldr	r2, [pc, #88]	; (10001940 <ph_remove_any_head+0x114>)
100018e6:	2168      	movs	r1, #104	; 0x68
100018e8:	4816      	ldr	r0, [pc, #88]	; (10001944 <ph_remove_any_head+0x118>)
100018ea:	f000 fb43 	bl	10001f74 <__assert_func>
100018ee:	4b18      	ldr	r3, [pc, #96]	; (10001950 <ph_remove_any_head+0x124>)
100018f0:	4a10      	ldr	r2, [pc, #64]	; (10001934 <ph_remove_any_head+0x108>)
100018f2:	2142      	movs	r1, #66	; 0x42
100018f4:	4810      	ldr	r0, [pc, #64]	; (10001938 <ph_remove_any_head+0x10c>)
100018f6:	f000 fb3d 	bl	10001f74 <__assert_func>
100018fa:	2b00      	cmp	r3, #0
100018fc:	d00b      	beq.n	10001916 <ph_remove_any_head+0xea>
100018fe:	7b2a      	ldrb	r2, [r5, #12]
10001900:	4293      	cmp	r3, r2
10001902:	d808      	bhi.n	10001916 <ph_remove_any_head+0xea>
10001904:	0043      	lsls	r3, r0, #1
10001906:	181b      	adds	r3, r3, r0
10001908:	3b03      	subs	r3, #3
1000190a:	682a      	ldr	r2, [r5, #0]
1000190c:	4694      	mov	ip, r2
1000190e:	4463      	add	r3, ip
10001910:	2200      	movs	r2, #0
10001912:	709a      	strb	r2, [r3, #2]
10001914:	e7b3      	b.n	1000187e <ph_remove_any_head+0x52>
10001916:	4b09      	ldr	r3, [pc, #36]	; (1000193c <ph_remove_any_head+0x110>)
10001918:	4a09      	ldr	r2, [pc, #36]	; (10001940 <ph_remove_any_head+0x114>)
1000191a:	2168      	movs	r1, #104	; 0x68
1000191c:	4809      	ldr	r0, [pc, #36]	; (10001944 <ph_remove_any_head+0x118>)
1000191e:	f000 fb29 	bl	10001f74 <__assert_func>
10001922:	4b06      	ldr	r3, [pc, #24]	; (1000193c <ph_remove_any_head+0x110>)
10001924:	4a06      	ldr	r2, [pc, #24]	; (10001940 <ph_remove_any_head+0x114>)
10001926:	2168      	movs	r1, #104	; 0x68
10001928:	4806      	ldr	r0, [pc, #24]	; (10001944 <ph_remove_any_head+0x118>)
1000192a:	f000 fb23 	bl	10001f74 <__assert_func>
1000192e:	46c0      	nop			; (mov r8, r8)
10001930:	10004904 	.word	0x10004904
10001934:	100049e4 	.word	0x100049e4
10001938:	1000490c 	.word	0x1000490c
1000193c:	1000458c 	.word	0x1000458c
10001940:	10004a0c 	.word	0x10004a0c
10001944:	100045a8 	.word	0x100045a8
10001948:	10004960 	.word	0x10004960
1000194c:	10004988 	.word	0x10004988
10001950:	100046ec 	.word	0x100046ec

10001954 <ph_remove_head>:
10001954:	b570      	push	{r4, r5, r6, lr}
10001956:	0004      	movs	r4, r0
10001958:	000a      	movs	r2, r1
1000195a:	7b45      	ldrb	r5, [r0, #13]
1000195c:	0029      	movs	r1, r5
1000195e:	f7ff ff65 	bl	1000182c <ph_remove_any_head>
10001962:	7360      	strb	r0, [r4, #13]
10001964:	0028      	movs	r0, r5
10001966:	bd70      	pop	{r4, r5, r6, pc}

10001968 <ph_remove_and_free_node>:
10001968:	b570      	push	{r4, r5, r6, lr}
1000196a:	0004      	movs	r4, r0
1000196c:	2900      	cmp	r1, #0
1000196e:	d067      	beq.n	10001a40 <ph_remove_and_free_node+0xd8>
10001970:	7b43      	ldrb	r3, [r0, #13]
10001972:	428b      	cmp	r3, r1
10001974:	d00e      	beq.n	10001994 <ph_remove_and_free_node+0x2c>
10001976:	2900      	cmp	r1, #0
10001978:	d011      	beq.n	1000199e <ph_remove_and_free_node+0x36>
1000197a:	7b03      	ldrb	r3, [r0, #12]
1000197c:	4299      	cmp	r1, r3
1000197e:	d80e      	bhi.n	1000199e <ph_remove_and_free_node+0x36>
10001980:	004b      	lsls	r3, r1, #1
10001982:	185b      	adds	r3, r3, r1
10001984:	3b03      	subs	r3, #3
10001986:	6802      	ldr	r2, [r0, #0]
10001988:	18d0      	adds	r0, r2, r3
1000198a:	7883      	ldrb	r3, [r0, #2]
1000198c:	2b00      	cmp	r3, #0
1000198e:	d10c      	bne.n	100019aa <ph_remove_and_free_node+0x42>
10001990:	2000      	movs	r0, #0
10001992:	e056      	b.n	10001a42 <ph_remove_and_free_node+0xda>
10001994:	2101      	movs	r1, #1
10001996:	f7ff ffdd 	bl	10001954 <ph_remove_head>
1000199a:	2001      	movs	r0, #1
1000199c:	e051      	b.n	10001a42 <ph_remove_and_free_node+0xda>
1000199e:	4b29      	ldr	r3, [pc, #164]	; (10001a44 <ph_remove_and_free_node+0xdc>)
100019a0:	4a29      	ldr	r2, [pc, #164]	; (10001a48 <ph_remove_and_free_node+0xe0>)
100019a2:	2168      	movs	r1, #104	; 0x68
100019a4:	4829      	ldr	r0, [pc, #164]	; (10001a4c <ph_remove_and_free_node+0xe4>)
100019a6:	f000 fae5 	bl	10001f74 <__assert_func>
100019aa:	2b00      	cmp	r3, #0
100019ac:	d020      	beq.n	100019f0 <ph_remove_and_free_node+0x88>
100019ae:	7b22      	ldrb	r2, [r4, #12]
100019b0:	4293      	cmp	r3, r2
100019b2:	d81d      	bhi.n	100019f0 <ph_remove_and_free_node+0x88>
100019b4:	005a      	lsls	r2, r3, #1
100019b6:	18d3      	adds	r3, r2, r3
100019b8:	3b03      	subs	r3, #3
100019ba:	6822      	ldr	r2, [r4, #0]
100019bc:	18d2      	adds	r2, r2, r3
100019be:	6825      	ldr	r5, [r4, #0]
100019c0:	5ceb      	ldrb	r3, [r5, r3]
100019c2:	428b      	cmp	r3, r1
100019c4:	d01a      	beq.n	100019fc <ph_remove_and_free_node+0x94>
100019c6:	2b00      	cmp	r3, #0
100019c8:	d01b      	beq.n	10001a02 <ph_remove_and_free_node+0x9a>
100019ca:	7b22      	ldrb	r2, [r4, #12]
100019cc:	4293      	cmp	r3, r2
100019ce:	d818      	bhi.n	10001a02 <ph_remove_and_free_node+0x9a>
100019d0:	005a      	lsls	r2, r3, #1
100019d2:	18d3      	adds	r3, r2, r3
100019d4:	3b03      	subs	r3, #3
100019d6:	6822      	ldr	r2, [r4, #0]
100019d8:	18d2      	adds	r2, r2, r3
100019da:	7853      	ldrb	r3, [r2, #1]
100019dc:	428b      	cmp	r3, r1
100019de:	d016      	beq.n	10001a0e <ph_remove_and_free_node+0xa6>
100019e0:	2b00      	cmp	r3, #0
100019e2:	d1f0      	bne.n	100019c6 <ph_remove_and_free_node+0x5e>
100019e4:	4b1a      	ldr	r3, [pc, #104]	; (10001a50 <ph_remove_and_free_node+0xe8>)
100019e6:	4a1b      	ldr	r2, [pc, #108]	; (10001a54 <ph_remove_and_free_node+0xec>)
100019e8:	216b      	movs	r1, #107	; 0x6b
100019ea:	481b      	ldr	r0, [pc, #108]	; (10001a58 <ph_remove_and_free_node+0xf0>)
100019ec:	f000 fac2 	bl	10001f74 <__assert_func>
100019f0:	4b14      	ldr	r3, [pc, #80]	; (10001a44 <ph_remove_and_free_node+0xdc>)
100019f2:	4a15      	ldr	r2, [pc, #84]	; (10001a48 <ph_remove_and_free_node+0xe0>)
100019f4:	2168      	movs	r1, #104	; 0x68
100019f6:	4815      	ldr	r0, [pc, #84]	; (10001a4c <ph_remove_and_free_node+0xe4>)
100019f8:	f000 fabc 	bl	10001f74 <__assert_func>
100019fc:	7843      	ldrb	r3, [r0, #1]
100019fe:	7013      	strb	r3, [r2, #0]
10001a00:	e007      	b.n	10001a12 <ph_remove_and_free_node+0xaa>
10001a02:	4b10      	ldr	r3, [pc, #64]	; (10001a44 <ph_remove_and_free_node+0xdc>)
10001a04:	4a10      	ldr	r2, [pc, #64]	; (10001a48 <ph_remove_and_free_node+0xe0>)
10001a06:	2168      	movs	r1, #104	; 0x68
10001a08:	4810      	ldr	r0, [pc, #64]	; (10001a4c <ph_remove_and_free_node+0xe4>)
10001a0a:	f000 fab3 	bl	10001f74 <__assert_func>
10001a0e:	7843      	ldrb	r3, [r0, #1]
10001a10:	7053      	strb	r3, [r2, #1]
10001a12:	2300      	movs	r3, #0
10001a14:	7083      	strb	r3, [r0, #2]
10001a16:	7043      	strb	r3, [r0, #1]
10001a18:	2201      	movs	r2, #1
10001a1a:	0020      	movs	r0, r4
10001a1c:	f7ff ff06 	bl	1000182c <ph_remove_any_head>
10001a20:	0002      	movs	r2, r0
10001a22:	7b61      	ldrb	r1, [r4, #13]
10001a24:	4281      	cmp	r1, r0
10001a26:	d005      	beq.n	10001a34 <ph_remove_and_free_node+0xcc>
10001a28:	0020      	movs	r0, r4
10001a2a:	f7ff fe4b 	bl	100016c4 <ph_merge_nodes>
10001a2e:	7360      	strb	r0, [r4, #13]
10001a30:	2001      	movs	r0, #1
10001a32:	e006      	b.n	10001a42 <ph_remove_and_free_node+0xda>
10001a34:	4b09      	ldr	r3, [pc, #36]	; (10001a5c <ph_remove_and_free_node+0xf4>)
10001a36:	4a07      	ldr	r2, [pc, #28]	; (10001a54 <ph_remove_and_free_node+0xec>)
10001a38:	2171      	movs	r1, #113	; 0x71
10001a3a:	4807      	ldr	r0, [pc, #28]	; (10001a58 <ph_remove_and_free_node+0xf0>)
10001a3c:	f000 fa9a 	bl	10001f74 <__assert_func>
10001a40:	2000      	movs	r0, #0
10001a42:	bd70      	pop	{r4, r5, r6, pc}
10001a44:	1000458c 	.word	0x1000458c
10001a48:	10004a0c 	.word	0x10004a0c
10001a4c:	100045a8 	.word	0x100045a8
10001a50:	1000432c 	.word	0x1000432c
10001a54:	100049cc 	.word	0x100049cc
10001a58:	1000490c 	.word	0x1000490c
10001a5c:	100049ac 	.word	0x100049ac

10001a60 <uart_disable_before_lcr_write>:
10001a60:	b570      	push	{r4, r5, r6, lr}
10001a62:	6b04      	ldr	r4, [r0, #48]	; 0x30
10001a64:	07e3      	lsls	r3, r4, #31
10001a66:	d401      	bmi.n	10001a6c <uart_disable_before_lcr_write+0xc>
10001a68:	0020      	movs	r0, r4
10001a6a:	bd70      	pop	{r4, r5, r6, pc}
10001a6c:	0002      	movs	r2, r0
10001a6e:	3230      	adds	r2, #48	; 0x30
10001a70:	23c0      	movs	r3, #192	; 0xc0
10001a72:	019b      	lsls	r3, r3, #6
10001a74:	4313      	orrs	r3, r2
10001a76:	4a0a      	ldr	r2, [pc, #40]	; (10001aa0 <uart_disable_before_lcr_write+0x40>)
10001a78:	601a      	str	r2, [r3, #0]
10001a7a:	6a45      	ldr	r5, [r0, #36]	; 0x24
10001a7c:	6a82      	ldr	r2, [r0, #40]	; 0x28
10001a7e:	01ad      	lsls	r5, r5, #6
10001a80:	18ad      	adds	r5, r5, r2
10001a82:	02ad      	lsls	r5, r5, #10
10001a84:	2006      	movs	r0, #6
10001a86:	f000 f9bd 	bl	10001e04 <clock_get_hz>
10001a8a:	4906      	ldr	r1, [pc, #24]	; (10001aa4 <uart_disable_before_lcr_write+0x44>)
10001a8c:	f001 fc20 	bl	100032d0 <__wrap___aeabi_uidiv>
10001a90:	0001      	movs	r1, r0
10001a92:	0028      	movs	r0, r5
10001a94:	f001 fc1c 	bl	100032d0 <__wrap___aeabi_uidiv>
10001a98:	2100      	movs	r1, #0
10001a9a:	f7ff fcc1 	bl	10001420 <busy_wait_us>
10001a9e:	e7e3      	b.n	10001a68 <uart_disable_before_lcr_write+0x8>
10001aa0:	00000301 	.word	0x00000301
10001aa4:	00000e4e 	.word	0x00000e4e

10001aa8 <uart_write_lcr_bits_masked>:
10001aa8:	b570      	push	{r4, r5, r6, lr}
10001aaa:	0004      	movs	r4, r0
10001aac:	000e      	movs	r6, r1
10001aae:	0015      	movs	r5, r2
10001ab0:	f7ff ffd6 	bl	10001a60 <uart_disable_before_lcr_write>
10001ab4:	0022      	movs	r2, r4
10001ab6:	322c      	adds	r2, #44	; 0x2c
10001ab8:	6ae1      	ldr	r1, [r4, #44]	; 0x2c
10001aba:	404e      	eors	r6, r1
10001abc:	4035      	ands	r5, r6
10001abe:	2380      	movs	r3, #128	; 0x80
10001ac0:	015b      	lsls	r3, r3, #5
10001ac2:	4313      	orrs	r3, r2
10001ac4:	601d      	str	r5, [r3, #0]
10001ac6:	6320      	str	r0, [r4, #48]	; 0x30
10001ac8:	bd70      	pop	{r4, r5, r6, pc}
	...

10001acc <uart_set_baudrate>:
10001acc:	b570      	push	{r4, r5, r6, lr}
10001ace:	0005      	movs	r5, r0
10001ad0:	000c      	movs	r4, r1
10001ad2:	2006      	movs	r0, #6
10001ad4:	f000 f996 	bl	10001e04 <clock_get_hz>
10001ad8:	00c0      	lsls	r0, r0, #3
10001ada:	0021      	movs	r1, r4
10001adc:	f001 fbf8 	bl	100032d0 <__wrap___aeabi_uidiv>
10001ae0:	09c6      	lsrs	r6, r0, #7
10001ae2:	d008      	beq.n	10001af6 <uart_set_baudrate+0x2a>
10001ae4:	4b0e      	ldr	r3, [pc, #56]	; (10001b20 <uart_set_baudrate+0x54>)
10001ae6:	429e      	cmp	r6, r3
10001ae8:	d816      	bhi.n	10001b18 <uart_set_baudrate+0x4c>
10001aea:	237f      	movs	r3, #127	; 0x7f
10001aec:	4018      	ands	r0, r3
10001aee:	3001      	adds	r0, #1
10001af0:	0034      	movs	r4, r6
10001af2:	0846      	lsrs	r6, r0, #1
10001af4:	e000      	b.n	10001af8 <uart_set_baudrate+0x2c>
10001af6:	2401      	movs	r4, #1
10001af8:	626c      	str	r4, [r5, #36]	; 0x24
10001afa:	62ae      	str	r6, [r5, #40]	; 0x28
10001afc:	2200      	movs	r2, #0
10001afe:	2100      	movs	r1, #0
10001b00:	0028      	movs	r0, r5
10001b02:	f7ff ffd1 	bl	10001aa8 <uart_write_lcr_bits_masked>
10001b06:	2006      	movs	r0, #6
10001b08:	f000 f97c 	bl	10001e04 <clock_get_hz>
10001b0c:	0080      	lsls	r0, r0, #2
10001b0e:	01a1      	lsls	r1, r4, #6
10001b10:	1989      	adds	r1, r1, r6
10001b12:	f001 fbdd 	bl	100032d0 <__wrap___aeabi_uidiv>
10001b16:	bd70      	pop	{r4, r5, r6, pc}
10001b18:	2600      	movs	r6, #0
10001b1a:	4c02      	ldr	r4, [pc, #8]	; (10001b24 <uart_set_baudrate+0x58>)
10001b1c:	e7ec      	b.n	10001af8 <uart_set_baudrate+0x2c>
10001b1e:	46c0      	nop			; (mov r8, r8)
10001b20:	0000fffe 	.word	0x0000fffe
10001b24:	0000ffff 	.word	0x0000ffff

10001b28 <uart_set_format>:
10001b28:	b510      	push	{r4, lr}
10001b2a:	3905      	subs	r1, #5
10001b2c:	0149      	lsls	r1, r1, #5
10001b2e:	3a01      	subs	r2, #1
10001b30:	00d2      	lsls	r2, r2, #3
10001b32:	4311      	orrs	r1, r2
10001b34:	2b00      	cmp	r3, #0
10001b36:	d009      	beq.n	10001b4c <uart_set_format+0x24>
10001b38:	2202      	movs	r2, #2
10001b3a:	430a      	orrs	r2, r1
10001b3c:	2b01      	cmp	r3, #1
10001b3e:	d007      	beq.n	10001b50 <uart_set_format+0x28>
10001b40:	2100      	movs	r1, #0
10001b42:	4311      	orrs	r1, r2
10001b44:	226e      	movs	r2, #110	; 0x6e
10001b46:	f7ff ffaf 	bl	10001aa8 <uart_write_lcr_bits_masked>
10001b4a:	bd10      	pop	{r4, pc}
10001b4c:	2200      	movs	r2, #0
10001b4e:	e7f4      	b.n	10001b3a <uart_set_format+0x12>
10001b50:	2104      	movs	r1, #4
10001b52:	e7f6      	b.n	10001b42 <uart_set_format+0x1a>

10001b54 <uart_set_translate_crlf>:
10001b54:	2900      	cmp	r1, #0
10001b56:	d009      	beq.n	10001b6c <uart_set_translate_crlf+0x18>
10001b58:	220a      	movs	r2, #10
10001b5a:	4b06      	ldr	r3, [pc, #24]	; (10001b74 <uart_set_translate_crlf+0x20>)
10001b5c:	469c      	mov	ip, r3
10001b5e:	4460      	add	r0, ip
10001b60:	4243      	negs	r3, r0
10001b62:	4158      	adcs	r0, r3
10001b64:	0040      	lsls	r0, r0, #1
10001b66:	4b04      	ldr	r3, [pc, #16]	; (10001b78 <uart_set_translate_crlf+0x24>)
10001b68:	52c2      	strh	r2, [r0, r3]
10001b6a:	4770      	bx	lr
10001b6c:	2280      	movs	r2, #128	; 0x80
10001b6e:	0052      	lsls	r2, r2, #1
10001b70:	e7f3      	b.n	10001b5a <uart_set_translate_crlf+0x6>
10001b72:	46c0      	nop			; (mov r8, r8)
10001b74:	bffc8000 	.word	0xbffc8000
10001b78:	200006f0 	.word	0x200006f0

10001b7c <uart_init>:
10001b7c:	b570      	push	{r4, r5, r6, lr}
10001b7e:	0005      	movs	r5, r0
10001b80:	000c      	movs	r4, r1
10001b82:	2006      	movs	r0, #6
10001b84:	f000 f93e 	bl	10001e04 <clock_get_hz>
10001b88:	1e06      	subs	r6, r0, #0
10001b8a:	d027      	beq.n	10001bdc <uart_init+0x60>
10001b8c:	4b16      	ldr	r3, [pc, #88]	; (10001be8 <uart_init+0x6c>)
10001b8e:	429d      	cmp	r5, r3
10001b90:	d026      	beq.n	10001be0 <uart_init+0x64>
10001b92:	2280      	movs	r2, #128	; 0x80
10001b94:	03d2      	lsls	r2, r2, #15
10001b96:	4b15      	ldr	r3, [pc, #84]	; (10001bec <uart_init+0x70>)
10001b98:	601a      	str	r2, [r3, #0]
10001b9a:	4b15      	ldr	r3, [pc, #84]	; (10001bf0 <uart_init+0x74>)
10001b9c:	601a      	str	r2, [r3, #0]
10001b9e:	4b15      	ldr	r3, [pc, #84]	; (10001bf4 <uart_init+0x78>)
10001ba0:	689b      	ldr	r3, [r3, #8]
10001ba2:	0011      	movs	r1, r2
10001ba4:	4399      	bics	r1, r3
10001ba6:	d1fa      	bne.n	10001b9e <uart_init+0x22>
10001ba8:	2100      	movs	r1, #0
10001baa:	0028      	movs	r0, r5
10001bac:	f7ff ffd2 	bl	10001b54 <uart_set_translate_crlf>
10001bb0:	0021      	movs	r1, r4
10001bb2:	0028      	movs	r0, r5
10001bb4:	f7ff ff8a 	bl	10001acc <uart_set_baudrate>
10001bb8:	0006      	movs	r6, r0
10001bba:	2300      	movs	r3, #0
10001bbc:	2201      	movs	r2, #1
10001bbe:	2108      	movs	r1, #8
10001bc0:	0028      	movs	r0, r5
10001bc2:	f7ff ffb1 	bl	10001b28 <uart_set_format>
10001bc6:	002a      	movs	r2, r5
10001bc8:	322c      	adds	r2, #44	; 0x2c
10001bca:	2380      	movs	r3, #128	; 0x80
10001bcc:	019b      	lsls	r3, r3, #6
10001bce:	4313      	orrs	r3, r2
10001bd0:	2210      	movs	r2, #16
10001bd2:	601a      	str	r2, [r3, #0]
10001bd4:	4b08      	ldr	r3, [pc, #32]	; (10001bf8 <uart_init+0x7c>)
10001bd6:	632b      	str	r3, [r5, #48]	; 0x30
10001bd8:	2303      	movs	r3, #3
10001bda:	64ab      	str	r3, [r5, #72]	; 0x48
10001bdc:	0030      	movs	r0, r6
10001bde:	bd70      	pop	{r4, r5, r6, pc}
10001be0:	2280      	movs	r2, #128	; 0x80
10001be2:	0412      	lsls	r2, r2, #16
10001be4:	e7d7      	b.n	10001b96 <uart_init+0x1a>
10001be6:	46c0      	nop			; (mov r8, r8)
10001be8:	40038000 	.word	0x40038000
10001bec:	4000e000 	.word	0x4000e000
10001bf0:	4000f000 	.word	0x4000f000
10001bf4:	4000c000 	.word	0x4000c000
10001bf8:	00000301 	.word	0x00000301

10001bfc <clock_configure>:
10001bfc:	b5f8      	push	{r3, r4, r5, r6, r7, lr}
10001bfe:	46de      	mov	lr, fp
10001c00:	4657      	mov	r7, sl
10001c02:	464e      	mov	r6, r9
10001c04:	4645      	mov	r5, r8
10001c06:	b5e0      	push	{r5, r6, r7, lr}
10001c08:	0005      	movs	r5, r0
10001c0a:	000f      	movs	r7, r1
10001c0c:	4692      	mov	sl, r2
10001c0e:	9a0a      	ldr	r2, [sp, #40]	; 0x28
10001c10:	4293      	cmp	r3, r2
10001c12:	d350      	bcc.n	10001cb6 <clock_configure+0xba>
10001c14:	0e1a      	lsrs	r2, r3, #24
10001c16:	4691      	mov	r9, r2
10001c18:	021e      	lsls	r6, r3, #8
10001c1a:	9a0a      	ldr	r2, [sp, #40]	; 0x28
10001c1c:	2300      	movs	r3, #0
10001c1e:	0030      	movs	r0, r6
10001c20:	4649      	mov	r1, r9
10001c22:	f001 fb93 	bl	1000334c <__wrap___aeabi_uldivmod>
10001c26:	4680      	mov	r8, r0
10001c28:	006c      	lsls	r4, r5, #1
10001c2a:	1964      	adds	r4, r4, r5
10001c2c:	00a4      	lsls	r4, r4, #2
10001c2e:	4b30      	ldr	r3, [pc, #192]	; (10001cf0 <clock_configure+0xf4>)
10001c30:	469c      	mov	ip, r3
10001c32:	4464      	add	r4, ip
10001c34:	6863      	ldr	r3, [r4, #4]
10001c36:	4283      	cmp	r3, r0
10001c38:	d200      	bcs.n	10001c3c <clock_configure+0x40>
10001c3a:	6060      	str	r0, [r4, #4]
10001c3c:	1f2b      	subs	r3, r5, #4
10001c3e:	b2db      	uxtb	r3, r3
10001c40:	469b      	mov	fp, r3
10001c42:	2b01      	cmp	r3, #1
10001c44:	d93d      	bls.n	10001cc2 <clock_configure+0xc6>
10001c46:	23c0      	movs	r3, #192	; 0xc0
10001c48:	019b      	lsls	r3, r3, #6
10001c4a:	4323      	orrs	r3, r4
10001c4c:	2280      	movs	r2, #128	; 0x80
10001c4e:	0112      	lsls	r2, r2, #4
10001c50:	601a      	str	r2, [r3, #0]
10001c52:	00ab      	lsls	r3, r5, #2
10001c54:	4a27      	ldr	r2, [pc, #156]	; (10001cf4 <clock_configure+0xf8>)
10001c56:	5899      	ldr	r1, [r3, r2]
10001c58:	2900      	cmp	r1, #0
10001c5a:	d007      	beq.n	10001c6c <clock_configure+0x70>
10001c5c:	6950      	ldr	r0, [r2, #20]
10001c5e:	f001 fb37 	bl	100032d0 <__wrap___aeabi_uidiv>
10001c62:	1c43      	adds	r3, r0, #1
10001c64:	0058      	lsls	r0, r3, #1
10001c66:	18c0      	adds	r0, r0, r3
10001c68:	3803      	subs	r0, #3
10001c6a:	d2fd      	bcs.n	10001c68 <clock_configure+0x6c>
10001c6c:	4653      	mov	r3, sl
10001c6e:	015a      	lsls	r2, r3, #5
10001c70:	6823      	ldr	r3, [r4, #0]
10001c72:	405a      	eors	r2, r3
10001c74:	23e0      	movs	r3, #224	; 0xe0
10001c76:	401a      	ands	r2, r3
10001c78:	2380      	movs	r3, #128	; 0x80
10001c7a:	015b      	lsls	r3, r3, #5
10001c7c:	4323      	orrs	r3, r4
10001c7e:	601a      	str	r2, [r3, #0]
10001c80:	465a      	mov	r2, fp
10001c82:	2a01      	cmp	r2, #1
10001c84:	d928      	bls.n	10001cd8 <clock_configure+0xdc>
10001c86:	2380      	movs	r3, #128	; 0x80
10001c88:	019b      	lsls	r3, r3, #6
10001c8a:	4323      	orrs	r3, r4
10001c8c:	2280      	movs	r2, #128	; 0x80
10001c8e:	0112      	lsls	r2, r2, #4
10001c90:	601a      	str	r2, [r3, #0]
10001c92:	4643      	mov	r3, r8
10001c94:	6063      	str	r3, [r4, #4]
10001c96:	4642      	mov	r2, r8
10001c98:	2300      	movs	r3, #0
10001c9a:	0030      	movs	r0, r6
10001c9c:	4649      	mov	r1, r9
10001c9e:	f001 fb55 	bl	1000334c <__wrap___aeabi_uldivmod>
10001ca2:	00ad      	lsls	r5, r5, #2
10001ca4:	4b13      	ldr	r3, [pc, #76]	; (10001cf4 <clock_configure+0xf8>)
10001ca6:	5158      	str	r0, [r3, r5]
10001ca8:	2001      	movs	r0, #1
10001caa:	bcf0      	pop	{r4, r5, r6, r7}
10001cac:	46bb      	mov	fp, r7
10001cae:	46b2      	mov	sl, r6
10001cb0:	46a9      	mov	r9, r5
10001cb2:	46a0      	mov	r8, r4
10001cb4:	bdf8      	pop	{r3, r4, r5, r6, r7, pc}
10001cb6:	4b10      	ldr	r3, [pc, #64]	; (10001cf8 <clock_configure+0xfc>)
10001cb8:	4a10      	ldr	r2, [pc, #64]	; (10001cfc <clock_configure+0x100>)
10001cba:	2133      	movs	r1, #51	; 0x33
10001cbc:	4810      	ldr	r0, [pc, #64]	; (10001d00 <clock_configure+0x104>)
10001cbe:	f000 f959 	bl	10001f74 <__assert_func>
10001cc2:	2f01      	cmp	r7, #1
10001cc4:	d1bf      	bne.n	10001c46 <clock_configure+0x4a>
10001cc6:	23c0      	movs	r3, #192	; 0xc0
10001cc8:	019b      	lsls	r3, r3, #6
10001cca:	4323      	orrs	r3, r4
10001ccc:	2203      	movs	r2, #3
10001cce:	601a      	str	r2, [r3, #0]
10001cd0:	68a3      	ldr	r3, [r4, #8]
10001cd2:	07db      	lsls	r3, r3, #31
10001cd4:	d5fc      	bpl.n	10001cd0 <clock_configure+0xd4>
10001cd6:	e7c9      	b.n	10001c6c <clock_configure+0x70>
10001cd8:	6821      	ldr	r1, [r4, #0]
10001cda:	4079      	eors	r1, r7
10001cdc:	2203      	movs	r2, #3
10001cde:	400a      	ands	r2, r1
10001ce0:	601a      	str	r2, [r3, #0]
10001ce2:	68a2      	ldr	r2, [r4, #8]
10001ce4:	2301      	movs	r3, #1
10001ce6:	40bb      	lsls	r3, r7
10001ce8:	4213      	tst	r3, r2
10001cea:	d0fa      	beq.n	10001ce2 <clock_configure+0xe6>
10001cec:	e7cb      	b.n	10001c86 <clock_configure+0x8a>
10001cee:	46c0      	nop			; (mov r8, r8)
10001cf0:	40008000 	.word	0x40008000
10001cf4:	2000043c 	.word	0x2000043c
10001cf8:	10004a18 	.word	0x10004a18
10001cfc:	10004a8c 	.word	0x10004a8c
10001d00:	10004a2c 	.word	0x10004a2c

10001d04 <clocks_init>:
10001d04:	b530      	push	{r4, r5, lr}
10001d06:	b083      	sub	sp, #12
10001d08:	200c      	movs	r0, #12
10001d0a:	f000 f911 	bl	10001f30 <watchdog_start_tick>
10001d0e:	f7fe fb69 	bl	100003e4 <running_on_fpga>
10001d12:	2800      	cmp	r0, #0
10001d14:	d00d      	beq.n	10001d32 <clocks_init+0x2e>
10001d16:	2300      	movs	r3, #0
10001d18:	e004      	b.n	10001d24 <clocks_init+0x20>
10001d1a:	0099      	lsls	r1, r3, #2
10001d1c:	4a2d      	ldr	r2, [pc, #180]	; (10001dd4 <clocks_init+0xd0>)
10001d1e:	482e      	ldr	r0, [pc, #184]	; (10001dd8 <clocks_init+0xd4>)
10001d20:	5088      	str	r0, [r1, r2]
10001d22:	3301      	adds	r3, #1
10001d24:	2b09      	cmp	r3, #9
10001d26:	d9f8      	bls.n	10001d1a <clocks_init+0x16>
10001d28:	4b2a      	ldr	r3, [pc, #168]	; (10001dd4 <clocks_init+0xd0>)
10001d2a:	4a2c      	ldr	r2, [pc, #176]	; (10001ddc <clocks_init+0xd8>)
10001d2c:	625a      	str	r2, [r3, #36]	; 0x24
10001d2e:	b003      	add	sp, #12
10001d30:	bd30      	pop	{r4, r5, pc}
10001d32:	4b2b      	ldr	r3, [pc, #172]	; (10001de0 <clocks_init+0xdc>)
10001d34:	2200      	movs	r2, #0
10001d36:	679a      	str	r2, [r3, #120]	; 0x78
10001d38:	f000 f902 	bl	10001f40 <xosc_init>
10001d3c:	4b29      	ldr	r3, [pc, #164]	; (10001de4 <clocks_init+0xe0>)
10001d3e:	2201      	movs	r2, #1
10001d40:	601a      	str	r2, [r3, #0]
10001d42:	4b27      	ldr	r3, [pc, #156]	; (10001de0 <clocks_init+0xdc>)
10001d44:	6c5b      	ldr	r3, [r3, #68]	; 0x44
10001d46:	2b01      	cmp	r3, #1
10001d48:	d1fb      	bne.n	10001d42 <clocks_init+0x3e>
10001d4a:	4b27      	ldr	r3, [pc, #156]	; (10001de8 <clocks_init+0xe4>)
10001d4c:	2203      	movs	r2, #3
10001d4e:	601a      	str	r2, [r3, #0]
10001d50:	4b23      	ldr	r3, [pc, #140]	; (10001de0 <clocks_init+0xdc>)
10001d52:	6b9b      	ldr	r3, [r3, #56]	; 0x38
10001d54:	2b01      	cmp	r3, #1
10001d56:	d1fb      	bne.n	10001d50 <clocks_init+0x4c>
10001d58:	3301      	adds	r3, #1
10001d5a:	9300      	str	r3, [sp, #0]
10001d5c:	3304      	adds	r3, #4
10001d5e:	4a23      	ldr	r2, [pc, #140]	; (10001dec <clocks_init+0xe8>)
10001d60:	2101      	movs	r1, #1
10001d62:	4823      	ldr	r0, [pc, #140]	; (10001df0 <clocks_init+0xec>)
10001d64:	f000 f854 	bl	10001e10 <pll_init>
10001d68:	2305      	movs	r3, #5
10001d6a:	9300      	str	r3, [sp, #0]
10001d6c:	4a21      	ldr	r2, [pc, #132]	; (10001df4 <clocks_init+0xf0>)
10001d6e:	2101      	movs	r1, #1
10001d70:	4821      	ldr	r0, [pc, #132]	; (10001df8 <clocks_init+0xf4>)
10001d72:	f000 f84d 	bl	10001e10 <pll_init>
10001d76:	4b21      	ldr	r3, [pc, #132]	; (10001dfc <clocks_init+0xf8>)
10001d78:	9300      	str	r3, [sp, #0]
10001d7a:	2200      	movs	r2, #0
10001d7c:	2102      	movs	r1, #2
10001d7e:	2004      	movs	r0, #4
10001d80:	f7ff ff3c 	bl	10001bfc <clock_configure>
10001d84:	4d1e      	ldr	r5, [pc, #120]	; (10001e00 <clocks_init+0xfc>)
10001d86:	9500      	str	r5, [sp, #0]
10001d88:	002b      	movs	r3, r5
10001d8a:	2200      	movs	r2, #0
10001d8c:	2101      	movs	r1, #1
10001d8e:	2005      	movs	r0, #5
10001d90:	f7ff ff34 	bl	10001bfc <clock_configure>
10001d94:	4c10      	ldr	r4, [pc, #64]	; (10001dd8 <clocks_init+0xd4>)
10001d96:	9400      	str	r4, [sp, #0]
10001d98:	0023      	movs	r3, r4
10001d9a:	2200      	movs	r2, #0
10001d9c:	2100      	movs	r1, #0
10001d9e:	2007      	movs	r0, #7
10001da0:	f7ff ff2c 	bl	10001bfc <clock_configure>
10001da4:	9400      	str	r4, [sp, #0]
10001da6:	0023      	movs	r3, r4
10001da8:	2200      	movs	r2, #0
10001daa:	2100      	movs	r1, #0
10001dac:	2008      	movs	r0, #8
10001dae:	f7ff ff25 	bl	10001bfc <clock_configure>
10001db2:	4b0a      	ldr	r3, [pc, #40]	; (10001ddc <clocks_init+0xd8>)
10001db4:	9300      	str	r3, [sp, #0]
10001db6:	0023      	movs	r3, r4
10001db8:	2200      	movs	r2, #0
10001dba:	2100      	movs	r1, #0
10001dbc:	2009      	movs	r0, #9
10001dbe:	f7ff ff1d 	bl	10001bfc <clock_configure>
10001dc2:	9500      	str	r5, [sp, #0]
10001dc4:	002b      	movs	r3, r5
10001dc6:	2200      	movs	r2, #0
10001dc8:	2100      	movs	r1, #0
10001dca:	2006      	movs	r0, #6
10001dcc:	f7ff ff16 	bl	10001bfc <clock_configure>
10001dd0:	e7ad      	b.n	10001d2e <clocks_init+0x2a>
10001dd2:	46c0      	nop			; (mov r8, r8)
10001dd4:	2000043c 	.word	0x2000043c
10001dd8:	02dc6c00 	.word	0x02dc6c00
10001ddc:	0000b71b 	.word	0x0000b71b
10001de0:	40008000 	.word	0x40008000
10001de4:	4000b03c 	.word	0x4000b03c
10001de8:	4000b030 	.word	0x4000b030
10001dec:	59682f00 	.word	0x59682f00
10001df0:	40028000 	.word	0x40028000
10001df4:	47868c00 	.word	0x47868c00
10001df8:	4002c000 	.word	0x4002c000
10001dfc:	00b71b00 	.word	0x00b71b00
10001e00:	07735940 	.word	0x07735940

10001e04 <clock_get_hz>:
10001e04:	0080      	lsls	r0, r0, #2
10001e06:	4b01      	ldr	r3, [pc, #4]	; (10001e0c <clock_get_hz+0x8>)
10001e08:	58c0      	ldr	r0, [r0, r3]
10001e0a:	4770      	bx	lr
10001e0c:	2000043c 	.word	0x2000043c

10001e10 <pll_init>:
10001e10:	b5f0      	push	{r4, r5, r6, r7, lr}
10001e12:	46c6      	mov	lr, r8
10001e14:	b500      	push	{lr}
10001e16:	0004      	movs	r4, r0
10001e18:	000e      	movs	r6, r1
10001e1a:	0017      	movs	r7, r2
10001e1c:	001d      	movs	r5, r3
10001e1e:	4837      	ldr	r0, [pc, #220]	; (10001efc <pll_init+0xec>)
10001e20:	f001 fa56 	bl	100032d0 <__wrap___aeabi_uidiv>
10001e24:	4680      	mov	r8, r0
10001e26:	4b36      	ldr	r3, [pc, #216]	; (10001f00 <pll_init+0xf0>)
10001e28:	18fa      	adds	r2, r7, r3
10001e2a:	4b36      	ldr	r3, [pc, #216]	; (10001f04 <pll_init+0xf4>)
10001e2c:	429a      	cmp	r2, r3
10001e2e:	d839      	bhi.n	10001ea4 <pll_init+0x94>
10001e30:	0001      	movs	r1, r0
10001e32:	0038      	movs	r0, r7
10001e34:	f001 fa4c 	bl	100032d0 <__wrap___aeabi_uidiv>
10001e38:	0002      	movs	r2, r0
10001e3a:	3a10      	subs	r2, #16
10001e3c:	2398      	movs	r3, #152	; 0x98
10001e3e:	005b      	lsls	r3, r3, #1
10001e40:	429a      	cmp	r2, r3
10001e42:	d835      	bhi.n	10001eb0 <pll_init+0xa0>
10001e44:	1e6b      	subs	r3, r5, #1
10001e46:	2b06      	cmp	r3, #6
10001e48:	d838      	bhi.n	10001ebc <pll_init+0xac>
10001e4a:	9b06      	ldr	r3, [sp, #24]
10001e4c:	3b01      	subs	r3, #1
10001e4e:	2b06      	cmp	r3, #6
10001e50:	d834      	bhi.n	10001ebc <pll_init+0xac>
10001e52:	093f      	lsrs	r7, r7, #4
10001e54:	4547      	cmp	r7, r8
10001e56:	d337      	bcc.n	10001ec8 <pll_init+0xb8>
10001e58:	042d      	lsls	r5, r5, #16
10001e5a:	9b06      	ldr	r3, [sp, #24]
10001e5c:	031a      	lsls	r2, r3, #12
10001e5e:	4315      	orrs	r5, r2
10001e60:	6823      	ldr	r3, [r4, #0]
10001e62:	2b00      	cmp	r3, #0
10001e64:	db36      	blt.n	10001ed4 <pll_init+0xc4>
10001e66:	4b28      	ldr	r3, [pc, #160]	; (10001f08 <pll_init+0xf8>)
10001e68:	429c      	cmp	r4, r3
10001e6a:	d044      	beq.n	10001ef6 <pll_init+0xe6>
10001e6c:	2280      	movs	r2, #128	; 0x80
10001e6e:	0152      	lsls	r2, r2, #5
10001e70:	4b26      	ldr	r3, [pc, #152]	; (10001f0c <pll_init+0xfc>)
10001e72:	601a      	str	r2, [r3, #0]
10001e74:	4b26      	ldr	r3, [pc, #152]	; (10001f10 <pll_init+0x100>)
10001e76:	601a      	str	r2, [r3, #0]
10001e78:	4b26      	ldr	r3, [pc, #152]	; (10001f14 <pll_init+0x104>)
10001e7a:	689b      	ldr	r3, [r3, #8]
10001e7c:	0011      	movs	r1, r2
10001e7e:	4399      	bics	r1, r3
10001e80:	d1fa      	bne.n	10001e78 <pll_init+0x68>
10001e82:	6026      	str	r6, [r4, #0]
10001e84:	60a0      	str	r0, [r4, #8]
10001e86:	1d23      	adds	r3, r4, #4
10001e88:	22c0      	movs	r2, #192	; 0xc0
10001e8a:	0192      	lsls	r2, r2, #6
10001e8c:	431a      	orrs	r2, r3
10001e8e:	2321      	movs	r3, #33	; 0x21
10001e90:	6013      	str	r3, [r2, #0]
10001e92:	6823      	ldr	r3, [r4, #0]
10001e94:	2b00      	cmp	r3, #0
10001e96:	dafc      	bge.n	10001e92 <pll_init+0x82>
10001e98:	60e5      	str	r5, [r4, #12]
10001e9a:	2308      	movs	r3, #8
10001e9c:	6013      	str	r3, [r2, #0]
10001e9e:	bc80      	pop	{r7}
10001ea0:	46b8      	mov	r8, r7
10001ea2:	bdf0      	pop	{r4, r5, r6, r7, pc}
10001ea4:	4b1c      	ldr	r3, [pc, #112]	; (10001f18 <pll_init+0x108>)
10001ea6:	4a1d      	ldr	r2, [pc, #116]	; (10001f1c <pll_init+0x10c>)
10001ea8:	2111      	movs	r1, #17
10001eaa:	481d      	ldr	r0, [pc, #116]	; (10001f20 <pll_init+0x110>)
10001eac:	f000 f862 	bl	10001f74 <__assert_func>
10001eb0:	4b1c      	ldr	r3, [pc, #112]	; (10001f24 <pll_init+0x114>)
10001eb2:	4a1a      	ldr	r2, [pc, #104]	; (10001f1c <pll_init+0x10c>)
10001eb4:	2119      	movs	r1, #25
10001eb6:	481a      	ldr	r0, [pc, #104]	; (10001f20 <pll_init+0x110>)
10001eb8:	f000 f85c 	bl	10001f74 <__assert_func>
10001ebc:	4b1a      	ldr	r3, [pc, #104]	; (10001f28 <pll_init+0x118>)
10001ebe:	4a17      	ldr	r2, [pc, #92]	; (10001f1c <pll_init+0x10c>)
10001ec0:	211c      	movs	r1, #28
10001ec2:	4817      	ldr	r0, [pc, #92]	; (10001f20 <pll_init+0x110>)
10001ec4:	f000 f856 	bl	10001f74 <__assert_func>
10001ec8:	4b18      	ldr	r3, [pc, #96]	; (10001f2c <pll_init+0x11c>)
10001eca:	4a14      	ldr	r2, [pc, #80]	; (10001f1c <pll_init+0x10c>)
10001ecc:	2123      	movs	r1, #35	; 0x23
10001ece:	4814      	ldr	r0, [pc, #80]	; (10001f20 <pll_init+0x110>)
10001ed0:	f000 f850 	bl	10001f74 <__assert_func>
10001ed4:	6822      	ldr	r2, [r4, #0]
10001ed6:	233f      	movs	r3, #63	; 0x3f
10001ed8:	4013      	ands	r3, r2
10001eda:	42b3      	cmp	r3, r6
10001edc:	d1c3      	bne.n	10001e66 <pll_init+0x56>
10001ede:	68a3      	ldr	r3, [r4, #8]
10001ee0:	051b      	lsls	r3, r3, #20
10001ee2:	0d1b      	lsrs	r3, r3, #20
10001ee4:	4283      	cmp	r3, r0
10001ee6:	d1be      	bne.n	10001e66 <pll_init+0x56>
10001ee8:	68e3      	ldr	r3, [r4, #12]
10001eea:	22ee      	movs	r2, #238	; 0xee
10001eec:	02d2      	lsls	r2, r2, #11
10001eee:	4013      	ands	r3, r2
10001ef0:	42ab      	cmp	r3, r5
10001ef2:	d1b8      	bne.n	10001e66 <pll_init+0x56>
10001ef4:	e7d3      	b.n	10001e9e <pll_init+0x8e>
10001ef6:	2280      	movs	r2, #128	; 0x80
10001ef8:	0192      	lsls	r2, r2, #6
10001efa:	e7b9      	b.n	10001e70 <pll_init+0x60>
10001efc:	00b71b00 	.word	0x00b71b00
10001f00:	d34be880 	.word	0xd34be880
10001f04:	32a9f880 	.word	0x32a9f880
10001f08:	4002c000 	.word	0x4002c000
10001f0c:	4000e000 	.word	0x4000e000
10001f10:	4000f000 	.word	0x4000f000
10001f14:	4000c000 	.word	0x4000c000
10001f18:	10004a9c 	.word	0x10004a9c
10001f1c:	10004bdc 	.word	0x10004bdc
10001f20:	10004afc 	.word	0x10004afc
10001f24:	10004b58 	.word	0x10004b58
10001f28:	10004b74 	.word	0x10004b74
10001f2c:	10004bc0 	.word	0x10004bc0

10001f30 <watchdog_start_tick>:
10001f30:	2380      	movs	r3, #128	; 0x80
10001f32:	009b      	lsls	r3, r3, #2
10001f34:	4303      	orrs	r3, r0
10001f36:	4a01      	ldr	r2, [pc, #4]	; (10001f3c <watchdog_start_tick+0xc>)
10001f38:	62d3      	str	r3, [r2, #44]	; 0x2c
10001f3a:	4770      	bx	lr
10001f3c:	40058000 	.word	0x40058000

10001f40 <xosc_init>:
10001f40:	4b06      	ldr	r3, [pc, #24]	; (10001f5c <xosc_init+0x1c>)
10001f42:	22aa      	movs	r2, #170	; 0xaa
10001f44:	0112      	lsls	r2, r2, #4
10001f46:	601a      	str	r2, [r3, #0]
10001f48:	222f      	movs	r2, #47	; 0x2f
10001f4a:	60da      	str	r2, [r3, #12]
10001f4c:	4b04      	ldr	r3, [pc, #16]	; (10001f60 <xosc_init+0x20>)
10001f4e:	4a05      	ldr	r2, [pc, #20]	; (10001f64 <xosc_init+0x24>)
10001f50:	601a      	str	r2, [r3, #0]
10001f52:	4b02      	ldr	r3, [pc, #8]	; (10001f5c <xosc_init+0x1c>)
10001f54:	685b      	ldr	r3, [r3, #4]
10001f56:	2b00      	cmp	r3, #0
10001f58:	dafb      	bge.n	10001f52 <xosc_init+0x12>
10001f5a:	4770      	bx	lr
10001f5c:	40024000 	.word	0x40024000
10001f60:	40026000 	.word	0x40026000
10001f64:	00fab000 	.word	0x00fab000

10001f68 <_exit>:
10001f68:	be00      	bkpt	0x0000
10001f6a:	e7fd      	b.n	10001f68 <_exit>

10001f6c <exit>:
10001f6c:	b510      	push	{r4, lr}
10001f6e:	f7ff fffb 	bl	10001f68 <_exit>
	...

10001f74 <__assert_func>:
10001f74:	b510      	push	{r4, lr}
10001f76:	b082      	sub	sp, #8
10001f78:	000c      	movs	r4, r1
10001f7a:	0019      	movs	r1, r3
10001f7c:	2a00      	cmp	r2, #0
10001f7e:	d00c      	beq.n	10001f9a <__assert_func+0x26>
10001f80:	4b08      	ldr	r3, [pc, #32]	; (10001fa4 <__assert_func+0x30>)
10001f82:	2a00      	cmp	r2, #0
10001f84:	d00b      	beq.n	10001f9e <__assert_func+0x2a>
10001f86:	9201      	str	r2, [sp, #4]
10001f88:	9300      	str	r3, [sp, #0]
10001f8a:	0023      	movs	r3, r4
10001f8c:	0002      	movs	r2, r0
10001f8e:	4806      	ldr	r0, [pc, #24]	; (10001fa8 <__assert_func+0x34>)
10001f90:	f001 fede 	bl	10003d50 <__wrap_printf>
10001f94:	2001      	movs	r0, #1
10001f96:	f7ff ffe7 	bl	10001f68 <_exit>
10001f9a:	4b04      	ldr	r3, [pc, #16]	; (10001fac <__assert_func+0x38>)
10001f9c:	e7f1      	b.n	10001f82 <__assert_func+0xe>
10001f9e:	4a03      	ldr	r2, [pc, #12]	; (10001fac <__assert_func+0x38>)
10001fa0:	e7f1      	b.n	10001f86 <__assert_func+0x12>
10001fa2:	46c0      	nop			; (mov r8, r8)
10001fa4:	10004be8 	.word	0x10004be8
10001fa8:	10004bf8 	.word	0x10004bf8
10001fac:	10004bf4 	.word	0x10004bf4

10001fb0 <runtime_init>:
10001fb0:	b570      	push	{r4, r5, r6, lr}
10001fb2:	4b2b      	ldr	r3, [pc, #172]	; (10002060 <runtime_init+0xb0>)
10001fb4:	4a2b      	ldr	r2, [pc, #172]	; (10002064 <runtime_init+0xb4>)
10001fb6:	601a      	str	r2, [r3, #0]
10001fb8:	4b2b      	ldr	r3, [pc, #172]	; (10002068 <runtime_init+0xb8>)
10001fba:	4a2c      	ldr	r2, [pc, #176]	; (1000206c <runtime_init+0xbc>)
10001fbc:	601a      	str	r2, [r3, #0]
10001fbe:	4b2c      	ldr	r3, [pc, #176]	; (10002070 <runtime_init+0xc0>)
10001fc0:	689a      	ldr	r2, [r3, #8]
10001fc2:	4b2a      	ldr	r3, [pc, #168]	; (1000206c <runtime_init+0xbc>)
10001fc4:	4393      	bics	r3, r2
10001fc6:	d1fa      	bne.n	10001fbe <runtime_init+0xe>
10001fc8:	4c2a      	ldr	r4, [pc, #168]	; (10002074 <runtime_init+0xc4>)
10001fca:	e001      	b.n	10001fd0 <runtime_init+0x20>
10001fcc:	cc08      	ldmia	r4!, {r3}
10001fce:	4798      	blx	r3
10001fd0:	4b29      	ldr	r3, [pc, #164]	; (10002078 <runtime_init+0xc8>)
10001fd2:	429c      	cmp	r4, r3
10001fd4:	d3fa      	bcc.n	10001fcc <runtime_init+0x1c>
10001fd6:	f7ff fe95 	bl	10001d04 <clocks_init>
10001fda:	4b23      	ldr	r3, [pc, #140]	; (10002068 <runtime_init+0xb8>)
10001fdc:	4a27      	ldr	r2, [pc, #156]	; (1000207c <runtime_init+0xcc>)
10001fde:	601a      	str	r2, [r3, #0]
10001fe0:	4b23      	ldr	r3, [pc, #140]	; (10002070 <runtime_init+0xc0>)
10001fe2:	689b      	ldr	r3, [r3, #8]
10001fe4:	43db      	mvns	r3, r3
10001fe6:	01db      	lsls	r3, r3, #7
10001fe8:	d1fa      	bne.n	10001fe0 <runtime_init+0x30>
10001fea:	4b25      	ldr	r3, [pc, #148]	; (10002080 <runtime_init+0xd0>)
10001fec:	2240      	movs	r2, #64	; 0x40
10001fee:	679a      	str	r2, [r3, #120]	; 0x78
10001ff0:	675a      	str	r2, [r3, #116]	; 0x74
10001ff2:	671a      	str	r2, [r3, #112]	; 0x70
10001ff4:	66da      	str	r2, [r3, #108]	; 0x6c
10001ff6:	4c23      	ldr	r4, [pc, #140]	; (10002084 <runtime_init+0xd4>)
10001ff8:	e009      	b.n	1000200e <runtime_init+0x5e>
10001ffa:	4b23      	ldr	r3, [pc, #140]	; (10002088 <runtime_init+0xd8>)
10001ffc:	4a23      	ldr	r2, [pc, #140]	; (1000208c <runtime_init+0xdc>)
10001ffe:	2187      	movs	r1, #135	; 0x87
10002000:	4823      	ldr	r0, [pc, #140]	; (10002090 <runtime_init+0xe0>)
10002002:	f7ff ffb7 	bl	10001f74 <__assert_func>
10002006:	0020      	movs	r0, r4
10002008:	f7fe fc7e 	bl	10000908 <mutex_init>
1000200c:	3408      	adds	r4, #8
1000200e:	4b21      	ldr	r3, [pc, #132]	; (10002094 <runtime_init+0xe4>)
10002010:	429c      	cmp	r4, r3
10002012:	d209      	bcs.n	10002028 <runtime_init+0x78>
10002014:	6823      	ldr	r3, [r4, #0]
10002016:	2b00      	cmp	r3, #0
10002018:	d0f5      	beq.n	10002006 <runtime_init+0x56>
1000201a:	2b01      	cmp	r3, #1
1000201c:	d1ed      	bne.n	10001ffa <runtime_init+0x4a>
1000201e:	0020      	movs	r0, r4
10002020:	f7fe fc7f 	bl	10000922 <recursive_mutex_init>
10002024:	3408      	adds	r4, #8
10002026:	e7f2      	b.n	1000200e <runtime_init+0x5e>
10002028:	4c1b      	ldr	r4, [pc, #108]	; (10002098 <runtime_init+0xe8>)
1000202a:	68a1      	ldr	r1, [r4, #8]
1000202c:	4d1b      	ldr	r5, [pc, #108]	; (1000209c <runtime_init+0xec>)
1000202e:	22c0      	movs	r2, #192	; 0xc0
10002030:	0028      	movs	r0, r5
10002032:	f001 fd35 	bl	10003aa0 <__wrap___aeabi_memcpy>
10002036:	60a5      	str	r5, [r4, #8]
10002038:	f3ef 8305 	mrs	r3, IPSR
1000203c:	2b00      	cmp	r3, #0
1000203e:	d000      	beq.n	10002042 <runtime_init+0x92>
10002040:	be00      	bkpt	0x0000
10002042:	f7fe fa31 	bl	100004a8 <spin_locks_reset>
10002046:	f7fe fc49 	bl	100008dc <irq_init_priorities>
1000204a:	f7fe ffb9 	bl	10000fc0 <alarm_pool_init_default>
1000204e:	4c14      	ldr	r4, [pc, #80]	; (100020a0 <runtime_init+0xf0>)
10002050:	e001      	b.n	10002056 <runtime_init+0xa6>
10002052:	cc08      	ldmia	r4!, {r3}
10002054:	4798      	blx	r3
10002056:	4b13      	ldr	r3, [pc, #76]	; (100020a4 <runtime_init+0xf4>)
10002058:	429c      	cmp	r4, r3
1000205a:	d3fa      	bcc.n	10002052 <runtime_init+0xa2>
1000205c:	bd70      	pop	{r4, r5, r6, pc}
1000205e:	46c0      	nop			; (mov r8, r8)
10002060:	4000e000 	.word	0x4000e000
10002064:	fefbcdbf 	.word	0xfefbcdbf
10002068:	4000f000 	.word	0x4000f000
1000206c:	003c7ffe 	.word	0x003c7ffe
10002070:	4000c000 	.word	0x4000c000
10002074:	200002f0 	.word	0x200002f0
10002078:	20000300 	.word	0x20000300
1000207c:	01ffffff 	.word	0x01ffffff
10002080:	4001f000 	.word	0x4001f000
10002084:	200002e8 	.word	0x200002e8
10002088:	10004c28 	.word	0x10004c28
1000208c:	10004cbc 	.word	0x10004cbc
10002090:	10004c48 	.word	0x10004c48
10002094:	200002f0 	.word	0x200002f0
10002098:	e000ed00 	.word	0xe000ed00
1000209c:	20000000 	.word	0x20000000
100020a0:	20000300 	.word	0x20000300
100020a4:	20000304 	.word	0x20000304

100020a8 <panic>:
100020a8:	b40f      	push	{r0, r1, r2, r3}
100020aa:	b500      	push	{lr}
100020ac:	b083      	sub	sp, #12
100020ae:	4808      	ldr	r0, [pc, #32]	; (100020d0 <panic+0x28>)
100020b0:	f001 fe1e 	bl	10003cf0 <__wrap_puts>
100020b4:	9b04      	ldr	r3, [sp, #16]
100020b6:	2b00      	cmp	r3, #0
100020b8:	d007      	beq.n	100020ca <panic+0x22>
100020ba:	a905      	add	r1, sp, #20
100020bc:	9101      	str	r1, [sp, #4]
100020be:	0018      	movs	r0, r3
100020c0:	f001 fe26 	bl	10003d10 <__wrap_vprintf>
100020c4:	4803      	ldr	r0, [pc, #12]	; (100020d4 <panic+0x2c>)
100020c6:	f001 fe13 	bl	10003cf0 <__wrap_puts>
100020ca:	2001      	movs	r0, #1
100020cc:	f7ff ff4c 	bl	10001f68 <_exit>
100020d0:	10004ca8 	.word	0x10004ca8
100020d4:	10004cb8 	.word	0x10004cb8

100020d8 <_out_null>:
100020d8:	4770      	bx	lr

100020da <_out_fct>:
100020da:	b510      	push	{r4, lr}
100020dc:	2800      	cmp	r0, #0
100020de:	d002      	beq.n	100020e6 <_out_fct+0xc>
100020e0:	680b      	ldr	r3, [r1, #0]
100020e2:	6849      	ldr	r1, [r1, #4]
100020e4:	4798      	blx	r3
100020e6:	bd10      	pop	{r4, pc}

100020e8 <_atoi>:
100020e8:	0001      	movs	r1, r0
100020ea:	2000      	movs	r0, #0
100020ec:	e007      	b.n	100020fe <_atoi+0x16>
100020ee:	0083      	lsls	r3, r0, #2
100020f0:	181b      	adds	r3, r3, r0
100020f2:	005b      	lsls	r3, r3, #1
100020f4:	1c50      	adds	r0, r2, #1
100020f6:	6008      	str	r0, [r1, #0]
100020f8:	7810      	ldrb	r0, [r2, #0]
100020fa:	18c0      	adds	r0, r0, r3
100020fc:	3830      	subs	r0, #48	; 0x30
100020fe:	680a      	ldr	r2, [r1, #0]
10002100:	7813      	ldrb	r3, [r2, #0]
10002102:	3b30      	subs	r3, #48	; 0x30
10002104:	b2db      	uxtb	r3, r3
10002106:	2b09      	cmp	r3, #9
10002108:	d9f1      	bls.n	100020ee <_atoi+0x6>
1000210a:	4770      	bx	lr

1000210c <_out_rev>:
1000210c:	b5f0      	push	{r4, r5, r6, r7, lr}
1000210e:	46de      	mov	lr, fp
10002110:	4657      	mov	r7, sl
10002112:	464e      	mov	r6, r9
10002114:	4645      	mov	r5, r8
10002116:	b5e0      	push	{r5, r6, r7, lr}
10002118:	b083      	sub	sp, #12
1000211a:	4693      	mov	fp, r2
1000211c:	001f      	movs	r7, r3
1000211e:	9b0c      	ldr	r3, [sp, #48]	; 0x30
10002120:	469a      	mov	sl, r3
10002122:	9c0d      	ldr	r4, [sp, #52]	; 0x34
10002124:	9b0e      	ldr	r3, [sp, #56]	; 0x38
10002126:	4699      	mov	r9, r3
10002128:	9b0f      	ldr	r3, [sp, #60]	; 0x3c
1000212a:	079b      	lsls	r3, r3, #30
1000212c:	d003      	beq.n	10002136 <_out_rev+0x2a>
1000212e:	46b8      	mov	r8, r7
10002130:	000f      	movs	r7, r1
10002132:	0006      	movs	r6, r0
10002134:	e022      	b.n	1000217c <_out_rev+0x70>
10002136:	9201      	str	r2, [sp, #4]
10002138:	46a3      	mov	fp, r4
1000213a:	4688      	mov	r8, r1
1000213c:	464e      	mov	r6, r9
1000213e:	46b9      	mov	r9, r7
10002140:	0007      	movs	r7, r0
10002142:	42b4      	cmp	r4, r6
10002144:	d207      	bcs.n	10002156 <_out_rev+0x4a>
10002146:	1c55      	adds	r5, r2, #1
10002148:	464b      	mov	r3, r9
1000214a:	4641      	mov	r1, r8
1000214c:	2020      	movs	r0, #32
1000214e:	47b8      	blx	r7
10002150:	3401      	adds	r4, #1
10002152:	002a      	movs	r2, r5
10002154:	e7f5      	b.n	10002142 <_out_rev+0x36>
10002156:	003d      	movs	r5, r7
10002158:	464f      	mov	r7, r9
1000215a:	465c      	mov	r4, fp
1000215c:	9b01      	ldr	r3, [sp, #4]
1000215e:	469b      	mov	fp, r3
10002160:	46b1      	mov	r9, r6
10002162:	4646      	mov	r6, r8
10002164:	46b8      	mov	r8, r7
10002166:	0037      	movs	r7, r6
10002168:	002e      	movs	r6, r5
1000216a:	e007      	b.n	1000217c <_out_rev+0x70>
1000216c:	3c01      	subs	r4, #1
1000216e:	1c55      	adds	r5, r2, #1
10002170:	4653      	mov	r3, sl
10002172:	5d18      	ldrb	r0, [r3, r4]
10002174:	4643      	mov	r3, r8
10002176:	0039      	movs	r1, r7
10002178:	47b0      	blx	r6
1000217a:	002a      	movs	r2, r5
1000217c:	2c00      	cmp	r4, #0
1000217e:	d1f5      	bne.n	1000216c <_out_rev+0x60>
10002180:	0035      	movs	r5, r6
10002182:	003e      	movs	r6, r7
10002184:	4647      	mov	r7, r8
10002186:	9b0f      	ldr	r3, [sp, #60]	; 0x3c
10002188:	079b      	lsls	r3, r3, #30
1000218a:	d407      	bmi.n	1000219c <_out_rev+0x90>
1000218c:	0010      	movs	r0, r2
1000218e:	b003      	add	sp, #12
10002190:	bcf0      	pop	{r4, r5, r6, r7}
10002192:	46bb      	mov	fp, r7
10002194:	46b2      	mov	sl, r6
10002196:	46a9      	mov	r9, r5
10002198:	46a0      	mov	r8, r4
1000219a:	bdf0      	pop	{r4, r5, r6, r7, pc}
1000219c:	46b0      	mov	r8, r6
1000219e:	464e      	mov	r6, r9
100021a0:	46b9      	mov	r9, r7
100021a2:	002f      	movs	r7, r5
100021a4:	465d      	mov	r5, fp
100021a6:	1b53      	subs	r3, r2, r5
100021a8:	42b3      	cmp	r3, r6
100021aa:	d2ef      	bcs.n	1000218c <_out_rev+0x80>
100021ac:	1c54      	adds	r4, r2, #1
100021ae:	464b      	mov	r3, r9
100021b0:	4641      	mov	r1, r8
100021b2:	2020      	movs	r0, #32
100021b4:	47b8      	blx	r7
100021b6:	0022      	movs	r2, r4
100021b8:	e7f5      	b.n	100021a6 <_out_rev+0x9a>

100021ba <_ntoa_format>:
100021ba:	b5f0      	push	{r4, r5, r6, r7, lr}
100021bc:	46ce      	mov	lr, r9
100021be:	4647      	mov	r7, r8
100021c0:	b580      	push	{r7, lr}
100021c2:	b085      	sub	sp, #20
100021c4:	4694      	mov	ip, r2
100021c6:	4698      	mov	r8, r3
100021c8:	9d0c      	ldr	r5, [sp, #48]	; 0x30
100021ca:	9c0d      	ldr	r4, [sp, #52]	; 0x34
100021cc:	ab0e      	add	r3, sp, #56	; 0x38
100021ce:	781b      	ldrb	r3, [r3, #0]
100021d0:	4699      	mov	r9, r3
100021d2:	9a10      	ldr	r2, [sp, #64]	; 0x40
100021d4:	9b11      	ldr	r3, [sp, #68]	; 0x44
100021d6:	9e12      	ldr	r6, [sp, #72]	; 0x48
100021d8:	07b7      	lsls	r7, r6, #30
100021da:	d41c      	bmi.n	10002216 <_ntoa_format+0x5c>
100021dc:	2b00      	cmp	r3, #0
100021de:	d00c      	beq.n	100021fa <_ntoa_format+0x40>
100021e0:	07f7      	lsls	r7, r6, #31
100021e2:	d50a      	bpl.n	100021fa <_ntoa_format+0x40>
100021e4:	464f      	mov	r7, r9
100021e6:	2f00      	cmp	r7, #0
100021e8:	d102      	bne.n	100021f0 <_ntoa_format+0x36>
100021ea:	370c      	adds	r7, #12
100021ec:	4237      	tst	r7, r6
100021ee:	d004      	beq.n	100021fa <_ntoa_format+0x40>
100021f0:	3b01      	subs	r3, #1
100021f2:	e002      	b.n	100021fa <_ntoa_format+0x40>
100021f4:	2730      	movs	r7, #48	; 0x30
100021f6:	552f      	strb	r7, [r5, r4]
100021f8:	3401      	adds	r4, #1
100021fa:	4294      	cmp	r4, r2
100021fc:	d201      	bcs.n	10002202 <_ntoa_format+0x48>
100021fe:	2c1f      	cmp	r4, #31
10002200:	d9f8      	bls.n	100021f4 <_ntoa_format+0x3a>
10002202:	07f7      	lsls	r7, r6, #31
10002204:	d507      	bpl.n	10002216 <_ntoa_format+0x5c>
10002206:	429c      	cmp	r4, r3
10002208:	d205      	bcs.n	10002216 <_ntoa_format+0x5c>
1000220a:	2c1f      	cmp	r4, #31
1000220c:	d803      	bhi.n	10002216 <_ntoa_format+0x5c>
1000220e:	2730      	movs	r7, #48	; 0x30
10002210:	552f      	strb	r7, [r5, r4]
10002212:	3401      	adds	r4, #1
10002214:	e7f5      	b.n	10002202 <_ntoa_format+0x48>
10002216:	06f7      	lsls	r7, r6, #27
10002218:	d515      	bpl.n	10002246 <_ntoa_format+0x8c>
1000221a:	0577      	lsls	r7, r6, #21
1000221c:	d405      	bmi.n	1000222a <_ntoa_format+0x70>
1000221e:	2c00      	cmp	r4, #0
10002220:	d003      	beq.n	1000222a <_ntoa_format+0x70>
10002222:	4294      	cmp	r4, r2
10002224:	d024      	beq.n	10002270 <_ntoa_format+0xb6>
10002226:	429c      	cmp	r4, r3
10002228:	d022      	beq.n	10002270 <_ntoa_format+0xb6>
1000222a:	9a0f      	ldr	r2, [sp, #60]	; 0x3c
1000222c:	2a10      	cmp	r2, #16
1000222e:	d02b      	beq.n	10002288 <_ntoa_format+0xce>
10002230:	9a0f      	ldr	r2, [sp, #60]	; 0x3c
10002232:	2a10      	cmp	r2, #16
10002234:	d030      	beq.n	10002298 <_ntoa_format+0xde>
10002236:	9a0f      	ldr	r2, [sp, #60]	; 0x3c
10002238:	2a02      	cmp	r2, #2
1000223a:	d035      	beq.n	100022a8 <_ntoa_format+0xee>
1000223c:	2c1f      	cmp	r4, #31
1000223e:	d802      	bhi.n	10002246 <_ntoa_format+0x8c>
10002240:	2230      	movs	r2, #48	; 0x30
10002242:	552a      	strb	r2, [r5, r4]
10002244:	3401      	adds	r4, #1
10002246:	2c1f      	cmp	r4, #31
10002248:	d805      	bhi.n	10002256 <_ntoa_format+0x9c>
1000224a:	464a      	mov	r2, r9
1000224c:	2a00      	cmp	r2, #0
1000224e:	d031      	beq.n	100022b4 <_ntoa_format+0xfa>
10002250:	222d      	movs	r2, #45	; 0x2d
10002252:	552a      	strb	r2, [r5, r4]
10002254:	3401      	adds	r4, #1
10002256:	9603      	str	r6, [sp, #12]
10002258:	9302      	str	r3, [sp, #8]
1000225a:	9401      	str	r4, [sp, #4]
1000225c:	9500      	str	r5, [sp, #0]
1000225e:	4643      	mov	r3, r8
10002260:	4662      	mov	r2, ip
10002262:	f7ff ff53 	bl	1000210c <_out_rev>
10002266:	b005      	add	sp, #20
10002268:	bcc0      	pop	{r6, r7}
1000226a:	46b9      	mov	r9, r7
1000226c:	46b0      	mov	r8, r6
1000226e:	bdf0      	pop	{r4, r5, r6, r7, pc}
10002270:	1e62      	subs	r2, r4, #1
10002272:	2c01      	cmp	r4, #1
10002274:	d006      	beq.n	10002284 <_ntoa_format+0xca>
10002276:	9f0f      	ldr	r7, [sp, #60]	; 0x3c
10002278:	2f10      	cmp	r7, #16
1000227a:	d001      	beq.n	10002280 <_ntoa_format+0xc6>
1000227c:	0014      	movs	r4, r2
1000227e:	e7d4      	b.n	1000222a <_ntoa_format+0x70>
10002280:	3c02      	subs	r4, #2
10002282:	e7d2      	b.n	1000222a <_ntoa_format+0x70>
10002284:	0014      	movs	r4, r2
10002286:	e7d0      	b.n	1000222a <_ntoa_format+0x70>
10002288:	06b2      	lsls	r2, r6, #26
1000228a:	d4d1      	bmi.n	10002230 <_ntoa_format+0x76>
1000228c:	2c1f      	cmp	r4, #31
1000228e:	d8cf      	bhi.n	10002230 <_ntoa_format+0x76>
10002290:	2278      	movs	r2, #120	; 0x78
10002292:	552a      	strb	r2, [r5, r4]
10002294:	3401      	adds	r4, #1
10002296:	e7d1      	b.n	1000223c <_ntoa_format+0x82>
10002298:	06b2      	lsls	r2, r6, #26
1000229a:	d5cc      	bpl.n	10002236 <_ntoa_format+0x7c>
1000229c:	2c1f      	cmp	r4, #31
1000229e:	d8ca      	bhi.n	10002236 <_ntoa_format+0x7c>
100022a0:	2258      	movs	r2, #88	; 0x58
100022a2:	552a      	strb	r2, [r5, r4]
100022a4:	3401      	adds	r4, #1
100022a6:	e7c9      	b.n	1000223c <_ntoa_format+0x82>
100022a8:	2c1f      	cmp	r4, #31
100022aa:	d8c7      	bhi.n	1000223c <_ntoa_format+0x82>
100022ac:	3260      	adds	r2, #96	; 0x60
100022ae:	552a      	strb	r2, [r5, r4]
100022b0:	3401      	adds	r4, #1
100022b2:	e7c3      	b.n	1000223c <_ntoa_format+0x82>
100022b4:	0772      	lsls	r2, r6, #29
100022b6:	d503      	bpl.n	100022c0 <_ntoa_format+0x106>
100022b8:	222b      	movs	r2, #43	; 0x2b
100022ba:	552a      	strb	r2, [r5, r4]
100022bc:	3401      	adds	r4, #1
100022be:	e7ca      	b.n	10002256 <_ntoa_format+0x9c>
100022c0:	0732      	lsls	r2, r6, #28
100022c2:	d5c8      	bpl.n	10002256 <_ntoa_format+0x9c>
100022c4:	2220      	movs	r2, #32
100022c6:	552a      	strb	r2, [r5, r4]
100022c8:	3401      	adds	r4, #1
100022ca:	e7c4      	b.n	10002256 <_ntoa_format+0x9c>

100022cc <_ntoa_long>:
100022cc:	b5f0      	push	{r4, r5, r6, r7, lr}
100022ce:	46de      	mov	lr, fp
100022d0:	4657      	mov	r7, sl
100022d2:	464e      	mov	r6, r9
100022d4:	4645      	mov	r5, r8
100022d6:	b5e0      	push	{r5, r6, r7, lr}
100022d8:	b093      	sub	sp, #76	; 0x4c
100022da:	4681      	mov	r9, r0
100022dc:	468a      	mov	sl, r1
100022de:	9208      	str	r2, [sp, #32]
100022e0:	9309      	str	r3, [sp, #36]	; 0x24
100022e2:	ab1c      	add	r3, sp, #112	; 0x70
100022e4:	cb10      	ldmia	r3!, {r4}
100022e6:	781b      	ldrb	r3, [r3, #0]
100022e8:	469b      	mov	fp, r3
100022ea:	9d1e      	ldr	r5, [sp, #120]	; 0x78
100022ec:	9b21      	ldr	r3, [sp, #132]	; 0x84
100022ee:	4698      	mov	r8, r3
100022f0:	2c00      	cmp	r4, #0
100022f2:	d103      	bne.n	100022fc <_ntoa_long+0x30>
100022f4:	2310      	movs	r3, #16
100022f6:	4642      	mov	r2, r8
100022f8:	439a      	bics	r2, r3
100022fa:	4690      	mov	r8, r2
100022fc:	2380      	movs	r3, #128	; 0x80
100022fe:	00db      	lsls	r3, r3, #3
10002300:	4646      	mov	r6, r8
10002302:	401e      	ands	r6, r3
10002304:	4642      	mov	r2, r8
10002306:	421a      	tst	r2, r3
10002308:	d012      	beq.n	10002330 <_ntoa_long+0x64>
1000230a:	2c00      	cmp	r4, #0
1000230c:	d022      	beq.n	10002354 <_ntoa_long+0x88>
1000230e:	2600      	movs	r6, #0
10002310:	e00e      	b.n	10002330 <_ntoa_long+0x64>
10002312:	3330      	adds	r3, #48	; 0x30
10002314:	b2d9      	uxtb	r1, r3
10002316:	1c77      	adds	r7, r6, #1
10002318:	ab0a      	add	r3, sp, #40	; 0x28
1000231a:	5599      	strb	r1, [r3, r6]
1000231c:	0029      	movs	r1, r5
1000231e:	0020      	movs	r0, r4
10002320:	f000 ffd6 	bl	100032d0 <__wrap___aeabi_uidiv>
10002324:	42ac      	cmp	r4, r5
10002326:	d316      	bcc.n	10002356 <_ntoa_long+0x8a>
10002328:	2f1f      	cmp	r7, #31
1000232a:	d814      	bhi.n	10002356 <_ntoa_long+0x8a>
1000232c:	003e      	movs	r6, r7
1000232e:	0004      	movs	r4, r0
10002330:	0029      	movs	r1, r5
10002332:	0020      	movs	r0, r4
10002334:	f000 ffcc 	bl	100032d0 <__wrap___aeabi_uidiv>
10002338:	b2cb      	uxtb	r3, r1
1000233a:	2b09      	cmp	r3, #9
1000233c:	d9e9      	bls.n	10002312 <_ntoa_long+0x46>
1000233e:	4642      	mov	r2, r8
10002340:	0692      	lsls	r2, r2, #26
10002342:	d505      	bpl.n	10002350 <_ntoa_long+0x84>
10002344:	2141      	movs	r1, #65	; 0x41
10002346:	18c9      	adds	r1, r1, r3
10002348:	b2c9      	uxtb	r1, r1
1000234a:	390a      	subs	r1, #10
1000234c:	b2c9      	uxtb	r1, r1
1000234e:	e7e2      	b.n	10002316 <_ntoa_long+0x4a>
10002350:	2161      	movs	r1, #97	; 0x61
10002352:	e7f8      	b.n	10002346 <_ntoa_long+0x7a>
10002354:	0027      	movs	r7, r4
10002356:	4643      	mov	r3, r8
10002358:	9306      	str	r3, [sp, #24]
1000235a:	9b20      	ldr	r3, [sp, #128]	; 0x80
1000235c:	9305      	str	r3, [sp, #20]
1000235e:	9b1f      	ldr	r3, [sp, #124]	; 0x7c
10002360:	9304      	str	r3, [sp, #16]
10002362:	9503      	str	r5, [sp, #12]
10002364:	465b      	mov	r3, fp
10002366:	9302      	str	r3, [sp, #8]
10002368:	9701      	str	r7, [sp, #4]
1000236a:	ab0a      	add	r3, sp, #40	; 0x28
1000236c:	9300      	str	r3, [sp, #0]
1000236e:	9b09      	ldr	r3, [sp, #36]	; 0x24
10002370:	9a08      	ldr	r2, [sp, #32]
10002372:	4651      	mov	r1, sl
10002374:	4648      	mov	r0, r9
10002376:	f7ff ff20 	bl	100021ba <_ntoa_format>
1000237a:	b013      	add	sp, #76	; 0x4c
1000237c:	bcf0      	pop	{r4, r5, r6, r7}
1000237e:	46bb      	mov	fp, r7
10002380:	46b2      	mov	sl, r6
10002382:	46a9      	mov	r9, r5
10002384:	46a0      	mov	r8, r4
10002386:	bdf0      	pop	{r4, r5, r6, r7, pc}

10002388 <_ntoa_long_long>:
10002388:	b5f0      	push	{r4, r5, r6, r7, lr}
1000238a:	46de      	mov	lr, fp
1000238c:	4657      	mov	r7, sl
1000238e:	464e      	mov	r6, r9
10002390:	4645      	mov	r5, r8
10002392:	b5e0      	push	{r5, r6, r7, lr}
10002394:	b095      	sub	sp, #84	; 0x54
10002396:	9008      	str	r0, [sp, #32]
10002398:	9109      	str	r1, [sp, #36]	; 0x24
1000239a:	920a      	str	r2, [sp, #40]	; 0x28
1000239c:	930b      	str	r3, [sp, #44]	; 0x2c
1000239e:	9e1e      	ldr	r6, [sp, #120]	; 0x78
100023a0:	9c1f      	ldr	r4, [sp, #124]	; 0x7c
100023a2:	ab20      	add	r3, sp, #128	; 0x80
100023a4:	781b      	ldrb	r3, [r3, #0]
100023a6:	469b      	mov	fp, r3
100023a8:	9b22      	ldr	r3, [sp, #136]	; 0x88
100023aa:	4699      	mov	r9, r3
100023ac:	9d23      	ldr	r5, [sp, #140]	; 0x8c
100023ae:	9b26      	ldr	r3, [sp, #152]	; 0x98
100023b0:	469a      	mov	sl, r3
100023b2:	0033      	movs	r3, r6
100023b4:	4323      	orrs	r3, r4
100023b6:	d103      	bne.n	100023c0 <_ntoa_long_long+0x38>
100023b8:	3310      	adds	r3, #16
100023ba:	4652      	mov	r2, sl
100023bc:	439a      	bics	r2, r3
100023be:	4692      	mov	sl, r2
100023c0:	2380      	movs	r3, #128	; 0x80
100023c2:	00db      	lsls	r3, r3, #3
100023c4:	4657      	mov	r7, sl
100023c6:	401f      	ands	r7, r3
100023c8:	4652      	mov	r2, sl
100023ca:	421a      	tst	r2, r3
100023cc:	d019      	beq.n	10002402 <_ntoa_long_long+0x7a>
100023ce:	0033      	movs	r3, r6
100023d0:	4323      	orrs	r3, r4
100023d2:	d02d      	beq.n	10002430 <_ntoa_long_long+0xa8>
100023d4:	2700      	movs	r7, #0
100023d6:	e014      	b.n	10002402 <_ntoa_long_long+0x7a>
100023d8:	3330      	adds	r3, #48	; 0x30
100023da:	b2da      	uxtb	r2, r3
100023dc:	1c7b      	adds	r3, r7, #1
100023de:	4698      	mov	r8, r3
100023e0:	ab0c      	add	r3, sp, #48	; 0x30
100023e2:	55da      	strb	r2, [r3, r7]
100023e4:	464a      	mov	r2, r9
100023e6:	002b      	movs	r3, r5
100023e8:	0030      	movs	r0, r6
100023ea:	0021      	movs	r1, r4
100023ec:	f000 ffae 	bl	1000334c <__wrap___aeabi_uldivmod>
100023f0:	42a5      	cmp	r5, r4
100023f2:	d81f      	bhi.n	10002434 <_ntoa_long_long+0xac>
100023f4:	d019      	beq.n	1000242a <_ntoa_long_long+0xa2>
100023f6:	4643      	mov	r3, r8
100023f8:	2b1f      	cmp	r3, #31
100023fa:	d81b      	bhi.n	10002434 <_ntoa_long_long+0xac>
100023fc:	4647      	mov	r7, r8
100023fe:	0006      	movs	r6, r0
10002400:	000c      	movs	r4, r1
10002402:	464a      	mov	r2, r9
10002404:	002b      	movs	r3, r5
10002406:	0030      	movs	r0, r6
10002408:	0021      	movs	r1, r4
1000240a:	f000 ff9f 	bl	1000334c <__wrap___aeabi_uldivmod>
1000240e:	b2d3      	uxtb	r3, r2
10002410:	2b09      	cmp	r3, #9
10002412:	d9e1      	bls.n	100023d8 <_ntoa_long_long+0x50>
10002414:	4652      	mov	r2, sl
10002416:	0692      	lsls	r2, r2, #26
10002418:	d505      	bpl.n	10002426 <_ntoa_long_long+0x9e>
1000241a:	2241      	movs	r2, #65	; 0x41
1000241c:	18d2      	adds	r2, r2, r3
1000241e:	b2d2      	uxtb	r2, r2
10002420:	3a0a      	subs	r2, #10
10002422:	b2d2      	uxtb	r2, r2
10002424:	e7da      	b.n	100023dc <_ntoa_long_long+0x54>
10002426:	2261      	movs	r2, #97	; 0x61
10002428:	e7f8      	b.n	1000241c <_ntoa_long_long+0x94>
1000242a:	45b1      	cmp	r9, r6
1000242c:	d9e3      	bls.n	100023f6 <_ntoa_long_long+0x6e>
1000242e:	e001      	b.n	10002434 <_ntoa_long_long+0xac>
10002430:	2300      	movs	r3, #0
10002432:	4698      	mov	r8, r3
10002434:	4653      	mov	r3, sl
10002436:	9306      	str	r3, [sp, #24]
10002438:	9b25      	ldr	r3, [sp, #148]	; 0x94
1000243a:	9305      	str	r3, [sp, #20]
1000243c:	9b24      	ldr	r3, [sp, #144]	; 0x90
1000243e:	9304      	str	r3, [sp, #16]
10002440:	464b      	mov	r3, r9
10002442:	9303      	str	r3, [sp, #12]
10002444:	465b      	mov	r3, fp
10002446:	9302      	str	r3, [sp, #8]
10002448:	4643      	mov	r3, r8
1000244a:	9301      	str	r3, [sp, #4]
1000244c:	ab0c      	add	r3, sp, #48	; 0x30
1000244e:	9300      	str	r3, [sp, #0]
10002450:	9b0b      	ldr	r3, [sp, #44]	; 0x2c
10002452:	9a0a      	ldr	r2, [sp, #40]	; 0x28
10002454:	9909      	ldr	r1, [sp, #36]	; 0x24
10002456:	9808      	ldr	r0, [sp, #32]
10002458:	f7ff feaf 	bl	100021ba <_ntoa_format>
1000245c:	b015      	add	sp, #84	; 0x54
1000245e:	bcf0      	pop	{r4, r5, r6, r7}
10002460:	46bb      	mov	fp, r7
10002462:	46b2      	mov	sl, r6
10002464:	46a9      	mov	r9, r5
10002466:	46a0      	mov	r8, r4
10002468:	bdf0      	pop	{r4, r5, r6, r7, pc}
	...

1000246c <_etoa>:
1000246c:	b5f0      	push	{r4, r5, r6, r7, lr}
1000246e:	46de      	mov	lr, fp
10002470:	4657      	mov	r7, sl
10002472:	464e      	mov	r6, r9
10002474:	4645      	mov	r5, r8
10002476:	b5e0      	push	{r5, r6, r7, lr}
10002478:	b091      	sub	sp, #68	; 0x44
1000247a:	4683      	mov	fp, r0
1000247c:	468a      	mov	sl, r1
1000247e:	920c      	str	r2, [sp, #48]	; 0x30
10002480:	4698      	mov	r8, r3
10002482:	9c1a      	ldr	r4, [sp, #104]	; 0x68
10002484:	9408      	str	r4, [sp, #32]
10002486:	9d1b      	ldr	r5, [sp, #108]	; 0x6c
10002488:	9509      	str	r5, [sp, #36]	; 0x24
1000248a:	0022      	movs	r2, r4
1000248c:	002b      	movs	r3, r5
1000248e:	0020      	movs	r0, r4
10002490:	0029      	movs	r1, r5
10002492:	f001 f9d6 	bl	10003842 <__wrap___aeabi_dcmpun>
10002496:	2800      	cmp	r0, #0
10002498:	d000      	beq.n	1000249c <_etoa+0x30>
1000249a:	e0e5      	b.n	10002668 <_etoa+0x1fc>
1000249c:	2201      	movs	r2, #1
1000249e:	4252      	negs	r2, r2
100024a0:	4bd7      	ldr	r3, [pc, #860]	; (10002800 <_etoa+0x394>)
100024a2:	0020      	movs	r0, r4
100024a4:	0029      	movs	r1, r5
100024a6:	f001 f9c7 	bl	10003838 <__wrap___aeabi_dcmpgt>
100024aa:	2800      	cmp	r0, #0
100024ac:	d000      	beq.n	100024b0 <_etoa+0x44>
100024ae:	e0db      	b.n	10002668 <_etoa+0x1fc>
100024b0:	2201      	movs	r2, #1
100024b2:	4252      	negs	r2, r2
100024b4:	4bd3      	ldr	r3, [pc, #844]	; (10002804 <_etoa+0x398>)
100024b6:	0020      	movs	r0, r4
100024b8:	0029      	movs	r1, r5
100024ba:	f001 f9a7 	bl	1000380c <__wrap___aeabi_dcmplt>
100024be:	2800      	cmp	r0, #0
100024c0:	d000      	beq.n	100024c4 <_etoa+0x58>
100024c2:	e0d1      	b.n	10002668 <_etoa+0x1fc>
100024c4:	2200      	movs	r2, #0
100024c6:	2300      	movs	r3, #0
100024c8:	9e08      	ldr	r6, [sp, #32]
100024ca:	0030      	movs	r0, r6
100024cc:	9d09      	ldr	r5, [sp, #36]	; 0x24
100024ce:	0029      	movs	r1, r5
100024d0:	f001 f99c 	bl	1000380c <__wrap___aeabi_dcmplt>
100024d4:	2800      	cmp	r0, #0
100024d6:	d000      	beq.n	100024da <_etoa+0x6e>
100024d8:	e0dd      	b.n	10002696 <_etoa+0x22a>
100024da:	9808      	ldr	r0, [sp, #32]
100024dc:	9909      	ldr	r1, [sp, #36]	; 0x24
100024de:	9006      	str	r0, [sp, #24]
100024e0:	9107      	str	r1, [sp, #28]
100024e2:	2380      	movs	r3, #128	; 0x80
100024e4:	00db      	lsls	r3, r3, #3
100024e6:	9a1e      	ldr	r2, [sp, #120]	; 0x78
100024e8:	401a      	ands	r2, r3
100024ea:	920d      	str	r2, [sp, #52]	; 0x34
100024ec:	9a1e      	ldr	r2, [sp, #120]	; 0x78
100024ee:	421a      	tst	r2, r3
100024f0:	d101      	bne.n	100024f6 <_etoa+0x8a>
100024f2:	2306      	movs	r3, #6
100024f4:	931c      	str	r3, [sp, #112]	; 0x70
100024f6:	9806      	ldr	r0, [sp, #24]
100024f8:	9907      	ldr	r1, [sp, #28]
100024fa:	0004      	movs	r4, r0
100024fc:	000d      	movs	r5, r1
100024fe:	000a      	movs	r2, r1
10002500:	0006      	movs	r6, r0
10002502:	4302      	orrs	r2, r0
10002504:	d100      	bne.n	10002508 <_etoa+0x9c>
10002506:	e0d1      	b.n	100026ac <_etoa+0x240>
10002508:	0d08      	lsrs	r0, r1, #20
1000250a:	0540      	lsls	r0, r0, #21
1000250c:	0d40      	lsrs	r0, r0, #21
1000250e:	4cbe      	ldr	r4, [pc, #760]	; (10002808 <_etoa+0x39c>)
10002510:	46a4      	mov	ip, r4
10002512:	4460      	add	r0, ip
10002514:	030a      	lsls	r2, r1, #12
10002516:	0b12      	lsrs	r2, r2, #12
10002518:	4bbc      	ldr	r3, [pc, #752]	; (1000280c <_etoa+0x3a0>)
1000251a:	4313      	orrs	r3, r2
1000251c:	001f      	movs	r7, r3
1000251e:	f001 f9a3 	bl	10003868 <__wrap___aeabi_i2d>
10002522:	4abb      	ldr	r2, [pc, #748]	; (10002810 <_etoa+0x3a4>)
10002524:	4bbb      	ldr	r3, [pc, #748]	; (10002814 <_etoa+0x3a8>)
10002526:	f001 f932 	bl	1000378e <__wrap___aeabi_dmul>
1000252a:	4abb      	ldr	r2, [pc, #748]	; (10002818 <_etoa+0x3ac>)
1000252c:	4bbb      	ldr	r3, [pc, #748]	; (1000281c <_etoa+0x3b0>)
1000252e:	f001 f90f 	bl	10003750 <__wrap___aeabi_dadd>
10002532:	0004      	movs	r4, r0
10002534:	000d      	movs	r5, r1
10002536:	2200      	movs	r2, #0
10002538:	4bb9      	ldr	r3, [pc, #740]	; (10002820 <_etoa+0x3b4>)
1000253a:	0030      	movs	r0, r6
1000253c:	0039      	movs	r1, r7
1000253e:	f001 f902 	bl	10003746 <__wrap___aeabi_dsub>
10002542:	4ab8      	ldr	r2, [pc, #736]	; (10002824 <_etoa+0x3b8>)
10002544:	4bb8      	ldr	r3, [pc, #736]	; (10002828 <_etoa+0x3bc>)
10002546:	f001 f922 	bl	1000378e <__wrap___aeabi_dmul>
1000254a:	0002      	movs	r2, r0
1000254c:	000b      	movs	r3, r1
1000254e:	0020      	movs	r0, r4
10002550:	0029      	movs	r1, r5
10002552:	f001 f8fd 	bl	10003750 <__wrap___aeabi_dadd>
10002556:	f001 f99f 	bl	10003898 <__wrap___aeabi_d2iz>
1000255a:	4681      	mov	r9, r0
1000255c:	f001 f984 	bl	10003868 <__wrap___aeabi_i2d>
10002560:	0004      	movs	r4, r0
10002562:	000d      	movs	r5, r1
10002564:	4ab1      	ldr	r2, [pc, #708]	; (1000282c <_etoa+0x3c0>)
10002566:	4bb2      	ldr	r3, [pc, #712]	; (10002830 <_etoa+0x3c4>)
10002568:	f001 f911 	bl	1000378e <__wrap___aeabi_dmul>
1000256c:	2200      	movs	r2, #0
1000256e:	4bb1      	ldr	r3, [pc, #708]	; (10002834 <_etoa+0x3c8>)
10002570:	f001 f8ee 	bl	10003750 <__wrap___aeabi_dadd>
10002574:	f001 f990 	bl	10003898 <__wrap___aeabi_d2iz>
10002578:	0006      	movs	r6, r0
1000257a:	4aaf      	ldr	r2, [pc, #700]	; (10002838 <_etoa+0x3cc>)
1000257c:	4baf      	ldr	r3, [pc, #700]	; (1000283c <_etoa+0x3d0>)
1000257e:	0020      	movs	r0, r4
10002580:	0029      	movs	r1, r5
10002582:	f001 f904 	bl	1000378e <__wrap___aeabi_dmul>
10002586:	0004      	movs	r4, r0
10002588:	000d      	movs	r5, r1
1000258a:	0030      	movs	r0, r6
1000258c:	f001 f96c 	bl	10003868 <__wrap___aeabi_i2d>
10002590:	4aab      	ldr	r2, [pc, #684]	; (10002840 <_etoa+0x3d4>)
10002592:	4bac      	ldr	r3, [pc, #688]	; (10002844 <_etoa+0x3d8>)
10002594:	f001 f8fb 	bl	1000378e <__wrap___aeabi_dmul>
10002598:	0002      	movs	r2, r0
1000259a:	000b      	movs	r3, r1
1000259c:	0020      	movs	r0, r4
1000259e:	0029      	movs	r1, r5
100025a0:	f001 f8d1 	bl	10003746 <__wrap___aeabi_dsub>
100025a4:	0004      	movs	r4, r0
100025a6:	000d      	movs	r5, r1
100025a8:	0002      	movs	r2, r0
100025aa:	000b      	movs	r3, r1
100025ac:	f001 f8ef 	bl	1000378e <__wrap___aeabi_dmul>
100025b0:	900a      	str	r0, [sp, #40]	; 0x28
100025b2:	910b      	str	r1, [sp, #44]	; 0x2c
100025b4:	4ba4      	ldr	r3, [pc, #656]	; (10002848 <_etoa+0x3dc>)
100025b6:	18f3      	adds	r3, r6, r3
100025b8:	2600      	movs	r6, #0
100025ba:	051f      	lsls	r7, r3, #20
100025bc:	0022      	movs	r2, r4
100025be:	002b      	movs	r3, r5
100025c0:	0020      	movs	r0, r4
100025c2:	0029      	movs	r1, r5
100025c4:	f001 f8c4 	bl	10003750 <__wrap___aeabi_dadd>
100025c8:	900e      	str	r0, [sp, #56]	; 0x38
100025ca:	910f      	str	r1, [sp, #60]	; 0x3c
100025cc:	0022      	movs	r2, r4
100025ce:	002b      	movs	r3, r5
100025d0:	2000      	movs	r0, #0
100025d2:	2180      	movs	r1, #128	; 0x80
100025d4:	05c9      	lsls	r1, r1, #23
100025d6:	f001 f8b6 	bl	10003746 <__wrap___aeabi_dsub>
100025da:	0004      	movs	r4, r0
100025dc:	000d      	movs	r5, r1
100025de:	2200      	movs	r2, #0
100025e0:	4b9a      	ldr	r3, [pc, #616]	; (1000284c <_etoa+0x3e0>)
100025e2:	980a      	ldr	r0, [sp, #40]	; 0x28
100025e4:	990b      	ldr	r1, [sp, #44]	; 0x2c
100025e6:	f001 f8b8 	bl	1000375a <__wrap___aeabi_ddiv>
100025ea:	2200      	movs	r2, #0
100025ec:	4b98      	ldr	r3, [pc, #608]	; (10002850 <_etoa+0x3e4>)
100025ee:	f001 f8af 	bl	10003750 <__wrap___aeabi_dadd>
100025f2:	0002      	movs	r2, r0
100025f4:	000b      	movs	r3, r1
100025f6:	980a      	ldr	r0, [sp, #40]	; 0x28
100025f8:	990b      	ldr	r1, [sp, #44]	; 0x2c
100025fa:	f001 f8ae 	bl	1000375a <__wrap___aeabi_ddiv>
100025fe:	2200      	movs	r2, #0
10002600:	4b94      	ldr	r3, [pc, #592]	; (10002854 <_etoa+0x3e8>)
10002602:	f001 f8a5 	bl	10003750 <__wrap___aeabi_dadd>
10002606:	0002      	movs	r2, r0
10002608:	000b      	movs	r3, r1
1000260a:	980a      	ldr	r0, [sp, #40]	; 0x28
1000260c:	990b      	ldr	r1, [sp, #44]	; 0x2c
1000260e:	f001 f8a4 	bl	1000375a <__wrap___aeabi_ddiv>
10002612:	0002      	movs	r2, r0
10002614:	000b      	movs	r3, r1
10002616:	0020      	movs	r0, r4
10002618:	0029      	movs	r1, r5
1000261a:	f001 f899 	bl	10003750 <__wrap___aeabi_dadd>
1000261e:	0002      	movs	r2, r0
10002620:	000b      	movs	r3, r1
10002622:	980e      	ldr	r0, [sp, #56]	; 0x38
10002624:	990f      	ldr	r1, [sp, #60]	; 0x3c
10002626:	f001 f898 	bl	1000375a <__wrap___aeabi_ddiv>
1000262a:	2200      	movs	r2, #0
1000262c:	4b77      	ldr	r3, [pc, #476]	; (1000280c <_etoa+0x3a0>)
1000262e:	f001 f88f 	bl	10003750 <__wrap___aeabi_dadd>
10002632:	0032      	movs	r2, r6
10002634:	003b      	movs	r3, r7
10002636:	f001 f8aa 	bl	1000378e <__wrap___aeabi_dmul>
1000263a:	0006      	movs	r6, r0
1000263c:	000f      	movs	r7, r1
1000263e:	0004      	movs	r4, r0
10002640:	000d      	movs	r5, r1
10002642:	9a06      	ldr	r2, [sp, #24]
10002644:	9b07      	ldr	r3, [sp, #28]
10002646:	f001 f8f7 	bl	10003838 <__wrap___aeabi_dcmpgt>
1000264a:	2800      	cmp	r0, #0
1000264c:	d030      	beq.n	100026b0 <_etoa+0x244>
1000264e:	2301      	movs	r3, #1
10002650:	425b      	negs	r3, r3
10002652:	469c      	mov	ip, r3
10002654:	44e1      	add	r9, ip
10002656:	2200      	movs	r2, #0
10002658:	4b7d      	ldr	r3, [pc, #500]	; (10002850 <_etoa+0x3e4>)
1000265a:	0030      	movs	r0, r6
1000265c:	0039      	movs	r1, r7
1000265e:	f001 f87c 	bl	1000375a <__wrap___aeabi_ddiv>
10002662:	0004      	movs	r4, r0
10002664:	000d      	movs	r5, r1
10002666:	e023      	b.n	100026b0 <_etoa+0x244>
10002668:	9b1e      	ldr	r3, [sp, #120]	; 0x78
1000266a:	9304      	str	r3, [sp, #16]
1000266c:	9b1d      	ldr	r3, [sp, #116]	; 0x74
1000266e:	9303      	str	r3, [sp, #12]
10002670:	9b1c      	ldr	r3, [sp, #112]	; 0x70
10002672:	9302      	str	r3, [sp, #8]
10002674:	9a08      	ldr	r2, [sp, #32]
10002676:	9b09      	ldr	r3, [sp, #36]	; 0x24
10002678:	9200      	str	r2, [sp, #0]
1000267a:	9301      	str	r3, [sp, #4]
1000267c:	4643      	mov	r3, r8
1000267e:	9a0c      	ldr	r2, [sp, #48]	; 0x30
10002680:	4651      	mov	r1, sl
10002682:	4658      	mov	r0, fp
10002684:	f000 f8fc 	bl	10002880 <_ftoa>
10002688:	b011      	add	sp, #68	; 0x44
1000268a:	bcf0      	pop	{r4, r5, r6, r7}
1000268c:	46bb      	mov	fp, r7
1000268e:	46b2      	mov	sl, r6
10002690:	46a9      	mov	r9, r5
10002692:	46a0      	mov	r8, r4
10002694:	bdf0      	pop	{r4, r5, r6, r7, pc}
10002696:	2300      	movs	r3, #0
10002698:	2400      	movs	r4, #0
1000269a:	9306      	str	r3, [sp, #24]
1000269c:	9407      	str	r4, [sp, #28]
1000269e:	9606      	str	r6, [sp, #24]
100026a0:	2380      	movs	r3, #128	; 0x80
100026a2:	061b      	lsls	r3, r3, #24
100026a4:	469c      	mov	ip, r3
100026a6:	4465      	add	r5, ip
100026a8:	9507      	str	r5, [sp, #28]
100026aa:	e71a      	b.n	100024e2 <_etoa+0x76>
100026ac:	2300      	movs	r3, #0
100026ae:	4699      	mov	r9, r3
100026b0:	464b      	mov	r3, r9
100026b2:	3363      	adds	r3, #99	; 0x63
100026b4:	2bc6      	cmp	r3, #198	; 0xc6
100026b6:	d81e      	bhi.n	100026f6 <_etoa+0x28a>
100026b8:	2604      	movs	r6, #4
100026ba:	9b1e      	ldr	r3, [sp, #120]	; 0x78
100026bc:	051b      	lsls	r3, r3, #20
100026be:	d526      	bpl.n	1000270e <_etoa+0x2a2>
100026c0:	002b      	movs	r3, r5
100026c2:	4323      	orrs	r3, r4
100026c4:	d00f      	beq.n	100026e6 <_etoa+0x27a>
100026c6:	4a64      	ldr	r2, [pc, #400]	; (10002858 <_etoa+0x3ec>)
100026c8:	4b64      	ldr	r3, [pc, #400]	; (1000285c <_etoa+0x3f0>)
100026ca:	9806      	ldr	r0, [sp, #24]
100026cc:	9907      	ldr	r1, [sp, #28]
100026ce:	f001 f8ab 	bl	10003828 <__wrap___aeabi_dcmpge>
100026d2:	2800      	cmp	r0, #0
100026d4:	d079      	beq.n	100027ca <_etoa+0x35e>
100026d6:	2200      	movs	r2, #0
100026d8:	4b61      	ldr	r3, [pc, #388]	; (10002860 <_etoa+0x3f4>)
100026da:	9806      	ldr	r0, [sp, #24]
100026dc:	9907      	ldr	r1, [sp, #28]
100026de:	f001 f895 	bl	1000380c <__wrap___aeabi_dcmplt>
100026e2:	2800      	cmp	r0, #0
100026e4:	d071      	beq.n	100027ca <_etoa+0x35e>
100026e6:	9b1c      	ldr	r3, [sp, #112]	; 0x70
100026e8:	454b      	cmp	r3, r9
100026ea:	dd06      	ble.n	100026fa <_etoa+0x28e>
100026ec:	464a      	mov	r2, r9
100026ee:	1a98      	subs	r0, r3, r2
100026f0:	1e43      	subs	r3, r0, #1
100026f2:	931c      	str	r3, [sp, #112]	; 0x70
100026f4:	e003      	b.n	100026fe <_etoa+0x292>
100026f6:	2605      	movs	r6, #5
100026f8:	e7df      	b.n	100026ba <_etoa+0x24e>
100026fa:	2300      	movs	r3, #0
100026fc:	931c      	str	r3, [sp, #112]	; 0x70
100026fe:	2380      	movs	r3, #128	; 0x80
10002700:	00db      	lsls	r3, r3, #3
10002702:	9a1e      	ldr	r2, [sp, #120]	; 0x78
10002704:	431a      	orrs	r2, r3
10002706:	921e      	str	r2, [sp, #120]	; 0x78
10002708:	2600      	movs	r6, #0
1000270a:	2300      	movs	r3, #0
1000270c:	4699      	mov	r9, r3
1000270e:	9b1d      	ldr	r3, [sp, #116]	; 0x74
10002710:	429e      	cmp	r6, r3
10002712:	d264      	bcs.n	100027de <_etoa+0x372>
10002714:	1b9f      	subs	r7, r3, r6
10002716:	2302      	movs	r3, #2
10002718:	9a1e      	ldr	r2, [sp, #120]	; 0x78
1000271a:	401a      	ands	r2, r3
1000271c:	920a      	str	r2, [sp, #40]	; 0x28
1000271e:	9a1e      	ldr	r2, [sp, #120]	; 0x78
10002720:	4213      	tst	r3, r2
10002722:	d002      	beq.n	1000272a <_etoa+0x2be>
10002724:	2e00      	cmp	r6, #0
10002726:	d000      	beq.n	1000272a <_etoa+0x2be>
10002728:	2700      	movs	r7, #0
1000272a:	464b      	mov	r3, r9
1000272c:	2b00      	cmp	r3, #0
1000272e:	d007      	beq.n	10002740 <_etoa+0x2d4>
10002730:	0022      	movs	r2, r4
10002732:	002b      	movs	r3, r5
10002734:	9806      	ldr	r0, [sp, #24]
10002736:	9907      	ldr	r1, [sp, #28]
10002738:	f001 f80f 	bl	1000375a <__wrap___aeabi_ddiv>
1000273c:	9006      	str	r0, [sp, #24]
1000273e:	9107      	str	r1, [sp, #28]
10002740:	2200      	movs	r2, #0
10002742:	2300      	movs	r3, #0
10002744:	9808      	ldr	r0, [sp, #32]
10002746:	9909      	ldr	r1, [sp, #36]	; 0x24
10002748:	f001 f860 	bl	1000380c <__wrap___aeabi_dcmplt>
1000274c:	2800      	cmp	r0, #0
1000274e:	d148      	bne.n	100027e2 <_etoa+0x376>
10002750:	4b44      	ldr	r3, [pc, #272]	; (10002864 <_etoa+0x3f8>)
10002752:	9a1e      	ldr	r2, [sp, #120]	; 0x78
10002754:	4013      	ands	r3, r2
10002756:	9304      	str	r3, [sp, #16]
10002758:	9703      	str	r7, [sp, #12]
1000275a:	9b1c      	ldr	r3, [sp, #112]	; 0x70
1000275c:	9302      	str	r3, [sp, #8]
1000275e:	9b06      	ldr	r3, [sp, #24]
10002760:	9c07      	ldr	r4, [sp, #28]
10002762:	9300      	str	r3, [sp, #0]
10002764:	9401      	str	r4, [sp, #4]
10002766:	4643      	mov	r3, r8
10002768:	9a0c      	ldr	r2, [sp, #48]	; 0x30
1000276a:	4651      	mov	r1, sl
1000276c:	4658      	mov	r0, fp
1000276e:	f000 f887 	bl	10002880 <_ftoa>
10002772:	2e00      	cmp	r6, #0
10002774:	d100      	bne.n	10002778 <_etoa+0x30c>
10002776:	e787      	b.n	10002688 <_etoa+0x21c>
10002778:	9b1e      	ldr	r3, [sp, #120]	; 0x78
1000277a:	069b      	lsls	r3, r3, #26
1000277c:	d53d      	bpl.n	100027fa <_etoa+0x38e>
1000277e:	2545      	movs	r5, #69	; 0x45
10002780:	1c44      	adds	r4, r0, #1
10002782:	4643      	mov	r3, r8
10002784:	0002      	movs	r2, r0
10002786:	4651      	mov	r1, sl
10002788:	0028      	movs	r0, r5
1000278a:	47d8      	blx	fp
1000278c:	464b      	mov	r3, r9
1000278e:	17da      	asrs	r2, r3, #31
10002790:	189b      	adds	r3, r3, r2
10002792:	4053      	eors	r3, r2
10002794:	2205      	movs	r2, #5
10002796:	9205      	str	r2, [sp, #20]
10002798:	3e01      	subs	r6, #1
1000279a:	9604      	str	r6, [sp, #16]
1000279c:	2200      	movs	r2, #0
1000279e:	9203      	str	r2, [sp, #12]
100027a0:	320a      	adds	r2, #10
100027a2:	9202      	str	r2, [sp, #8]
100027a4:	464a      	mov	r2, r9
100027a6:	0fd0      	lsrs	r0, r2, #31
100027a8:	9001      	str	r0, [sp, #4]
100027aa:	9300      	str	r3, [sp, #0]
100027ac:	4643      	mov	r3, r8
100027ae:	0022      	movs	r2, r4
100027b0:	4651      	mov	r1, sl
100027b2:	4658      	mov	r0, fp
100027b4:	f7ff fd8a 	bl	100022cc <_ntoa_long>
100027b8:	9b0a      	ldr	r3, [sp, #40]	; 0x28
100027ba:	2b00      	cmp	r3, #0
100027bc:	d100      	bne.n	100027c0 <_etoa+0x354>
100027be:	e763      	b.n	10002688 <_etoa+0x21c>
100027c0:	0002      	movs	r2, r0
100027c2:	465f      	mov	r7, fp
100027c4:	9e0c      	ldr	r6, [sp, #48]	; 0x30
100027c6:	9d1d      	ldr	r5, [sp, #116]	; 0x74
100027c8:	e054      	b.n	10002874 <_etoa+0x408>
100027ca:	9b1c      	ldr	r3, [sp, #112]	; 0x70
100027cc:	2b00      	cmp	r3, #0
100027ce:	d09e      	beq.n	1000270e <_etoa+0x2a2>
100027d0:	9b0d      	ldr	r3, [sp, #52]	; 0x34
100027d2:	2b00      	cmp	r3, #0
100027d4:	d09b      	beq.n	1000270e <_etoa+0x2a2>
100027d6:	9b1c      	ldr	r3, [sp, #112]	; 0x70
100027d8:	3b01      	subs	r3, #1
100027da:	931c      	str	r3, [sp, #112]	; 0x70
100027dc:	e797      	b.n	1000270e <_etoa+0x2a2>
100027de:	2700      	movs	r7, #0
100027e0:	e799      	b.n	10002716 <_etoa+0x2aa>
100027e2:	9c06      	ldr	r4, [sp, #24]
100027e4:	9d07      	ldr	r5, [sp, #28]
100027e6:	0022      	movs	r2, r4
100027e8:	0029      	movs	r1, r5
100027ea:	2080      	movs	r0, #128	; 0x80
100027ec:	0600      	lsls	r0, r0, #24
100027ee:	4684      	mov	ip, r0
100027f0:	4461      	add	r1, ip
100027f2:	000b      	movs	r3, r1
100027f4:	9206      	str	r2, [sp, #24]
100027f6:	9307      	str	r3, [sp, #28]
100027f8:	e7aa      	b.n	10002750 <_etoa+0x2e4>
100027fa:	2565      	movs	r5, #101	; 0x65
100027fc:	e7c0      	b.n	10002780 <_etoa+0x314>
100027fe:	46c0      	nop			; (mov r8, r8)
10002800:	7fefffff 	.word	0x7fefffff
10002804:	ffefffff 	.word	0xffefffff
10002808:	fffffc01 	.word	0xfffffc01
1000280c:	3ff00000 	.word	0x3ff00000
10002810:	509f79fb 	.word	0x509f79fb
10002814:	3fd34413 	.word	0x3fd34413
10002818:	8b60c8b3 	.word	0x8b60c8b3
1000281c:	3fc68a28 	.word	0x3fc68a28
10002820:	3ff80000 	.word	0x3ff80000
10002824:	636f4361 	.word	0x636f4361
10002828:	3fd287a7 	.word	0x3fd287a7
1000282c:	0979a371 	.word	0x0979a371
10002830:	400a934f 	.word	0x400a934f
10002834:	3fe00000 	.word	0x3fe00000
10002838:	bbb55516 	.word	0xbbb55516
1000283c:	40026bb1 	.word	0x40026bb1
10002840:	fefa39ef 	.word	0xfefa39ef
10002844:	3fe62e42 	.word	0x3fe62e42
10002848:	000003ff 	.word	0x000003ff
1000284c:	402c0000 	.word	0x402c0000
10002850:	40240000 	.word	0x40240000
10002854:	40180000 	.word	0x40180000
10002858:	eb1c432d 	.word	0xeb1c432d
1000285c:	3f1a36e2 	.word	0x3f1a36e2
10002860:	412e8480 	.word	0x412e8480
10002864:	fffff7ff 	.word	0xfffff7ff
10002868:	1c54      	adds	r4, r2, #1
1000286a:	4643      	mov	r3, r8
1000286c:	4651      	mov	r1, sl
1000286e:	2020      	movs	r0, #32
10002870:	47b8      	blx	r7
10002872:	0022      	movs	r2, r4
10002874:	1b93      	subs	r3, r2, r6
10002876:	42ab      	cmp	r3, r5
10002878:	d3f6      	bcc.n	10002868 <_etoa+0x3fc>
1000287a:	0010      	movs	r0, r2
1000287c:	e704      	b.n	10002688 <_etoa+0x21c>
1000287e:	46c0      	nop			; (mov r8, r8)

10002880 <_ftoa>:
10002880:	b5f0      	push	{r4, r5, r6, r7, lr}
10002882:	46de      	mov	lr, fp
10002884:	4657      	mov	r7, sl
10002886:	464e      	mov	r6, r9
10002888:	4645      	mov	r5, r8
1000288a:	b5e0      	push	{r5, r6, r7, lr}
1000288c:	b095      	sub	sp, #84	; 0x54
1000288e:	9006      	str	r0, [sp, #24]
10002890:	9107      	str	r1, [sp, #28]
10002892:	4693      	mov	fp, r2
10002894:	4699      	mov	r9, r3
10002896:	9f20      	ldr	r7, [sp, #128]	; 0x80
10002898:	9a1e      	ldr	r2, [sp, #120]	; 0x78
1000289a:	9b1f      	ldr	r3, [sp, #124]	; 0x7c
1000289c:	0010      	movs	r0, r2
1000289e:	0019      	movs	r1, r3
100028a0:	f000 ffcf 	bl	10003842 <__wrap___aeabi_dcmpun>
100028a4:	2800      	cmp	r0, #0
100028a6:	d131      	bne.n	1000290c <_ftoa+0x8c>
100028a8:	2201      	movs	r2, #1
100028aa:	4252      	negs	r2, r2
100028ac:	4bbf      	ldr	r3, [pc, #764]	; (10002bac <_ftoa+0x32c>)
100028ae:	981e      	ldr	r0, [sp, #120]	; 0x78
100028b0:	991f      	ldr	r1, [sp, #124]	; 0x7c
100028b2:	f000 ffab 	bl	1000380c <__wrap___aeabi_dcmplt>
100028b6:	2800      	cmp	r0, #0
100028b8:	d137      	bne.n	1000292a <_ftoa+0xaa>
100028ba:	2201      	movs	r2, #1
100028bc:	4252      	negs	r2, r2
100028be:	4bbc      	ldr	r3, [pc, #752]	; (10002bb0 <_ftoa+0x330>)
100028c0:	981e      	ldr	r0, [sp, #120]	; 0x78
100028c2:	991f      	ldr	r1, [sp, #124]	; 0x7c
100028c4:	f000 ffb8 	bl	10003838 <__wrap___aeabi_dcmpgt>
100028c8:	2800      	cmp	r0, #0
100028ca:	d13d      	bne.n	10002948 <_ftoa+0xc8>
100028cc:	2200      	movs	r2, #0
100028ce:	4bb9      	ldr	r3, [pc, #740]	; (10002bb4 <_ftoa+0x334>)
100028d0:	981e      	ldr	r0, [sp, #120]	; 0x78
100028d2:	991f      	ldr	r1, [sp, #124]	; 0x7c
100028d4:	f000 ffb0 	bl	10003838 <__wrap___aeabi_dcmpgt>
100028d8:	2800      	cmp	r0, #0
100028da:	d150      	bne.n	1000297e <_ftoa+0xfe>
100028dc:	2200      	movs	r2, #0
100028de:	4bb6      	ldr	r3, [pc, #728]	; (10002bb8 <_ftoa+0x338>)
100028e0:	981e      	ldr	r0, [sp, #120]	; 0x78
100028e2:	991f      	ldr	r1, [sp, #124]	; 0x7c
100028e4:	f000 ff92 	bl	1000380c <__wrap___aeabi_dcmplt>
100028e8:	2800      	cmp	r0, #0
100028ea:	d148      	bne.n	1000297e <_ftoa+0xfe>
100028ec:	2200      	movs	r2, #0
100028ee:	2300      	movs	r3, #0
100028f0:	981e      	ldr	r0, [sp, #120]	; 0x78
100028f2:	991f      	ldr	r1, [sp, #124]	; 0x7c
100028f4:	f000 ff8a 	bl	1000380c <__wrap___aeabi_dcmplt>
100028f8:	2800      	cmp	r0, #0
100028fa:	d150      	bne.n	1000299e <_ftoa+0x11e>
100028fc:	2300      	movs	r3, #0
100028fe:	4698      	mov	r8, r3
10002900:	9b22      	ldr	r3, [sp, #136]	; 0x88
10002902:	055b      	lsls	r3, r3, #21
10002904:	d400      	bmi.n	10002908 <_ftoa+0x88>
10002906:	e0b6      	b.n	10002a76 <_ftoa+0x1f6>
10002908:	2400      	movs	r4, #0
1000290a:	e058      	b.n	100029be <_ftoa+0x13e>
1000290c:	9b22      	ldr	r3, [sp, #136]	; 0x88
1000290e:	9303      	str	r3, [sp, #12]
10002910:	9b21      	ldr	r3, [sp, #132]	; 0x84
10002912:	9302      	str	r3, [sp, #8]
10002914:	2303      	movs	r3, #3
10002916:	9301      	str	r3, [sp, #4]
10002918:	4ba8      	ldr	r3, [pc, #672]	; (10002bbc <_ftoa+0x33c>)
1000291a:	9300      	str	r3, [sp, #0]
1000291c:	464b      	mov	r3, r9
1000291e:	465a      	mov	r2, fp
10002920:	9907      	ldr	r1, [sp, #28]
10002922:	9806      	ldr	r0, [sp, #24]
10002924:	f7ff fbf2 	bl	1000210c <_out_rev>
10002928:	e10e      	b.n	10002b48 <_ftoa+0x2c8>
1000292a:	9b22      	ldr	r3, [sp, #136]	; 0x88
1000292c:	9303      	str	r3, [sp, #12]
1000292e:	9b21      	ldr	r3, [sp, #132]	; 0x84
10002930:	9302      	str	r3, [sp, #8]
10002932:	2304      	movs	r3, #4
10002934:	9301      	str	r3, [sp, #4]
10002936:	4ba2      	ldr	r3, [pc, #648]	; (10002bc0 <_ftoa+0x340>)
10002938:	9300      	str	r3, [sp, #0]
1000293a:	464b      	mov	r3, r9
1000293c:	465a      	mov	r2, fp
1000293e:	9907      	ldr	r1, [sp, #28]
10002940:	9806      	ldr	r0, [sp, #24]
10002942:	f7ff fbe3 	bl	1000210c <_out_rev>
10002946:	e0ff      	b.n	10002b48 <_ftoa+0x2c8>
10002948:	2304      	movs	r3, #4
1000294a:	9a22      	ldr	r2, [sp, #136]	; 0x88
1000294c:	401a      	ands	r2, r3
1000294e:	9922      	ldr	r1, [sp, #136]	; 0x88
10002950:	420b      	tst	r3, r1
10002952:	d010      	beq.n	10002976 <_ftoa+0xf6>
10002954:	4b9b      	ldr	r3, [pc, #620]	; (10002bc4 <_ftoa+0x344>)
10002956:	2a00      	cmp	r2, #0
10002958:	d00f      	beq.n	1000297a <_ftoa+0xfa>
1000295a:	2204      	movs	r2, #4
1000295c:	9922      	ldr	r1, [sp, #136]	; 0x88
1000295e:	9103      	str	r1, [sp, #12]
10002960:	9921      	ldr	r1, [sp, #132]	; 0x84
10002962:	9102      	str	r1, [sp, #8]
10002964:	9201      	str	r2, [sp, #4]
10002966:	9300      	str	r3, [sp, #0]
10002968:	464b      	mov	r3, r9
1000296a:	465a      	mov	r2, fp
1000296c:	9907      	ldr	r1, [sp, #28]
1000296e:	9806      	ldr	r0, [sp, #24]
10002970:	f7ff fbcc 	bl	1000210c <_out_rev>
10002974:	e0e8      	b.n	10002b48 <_ftoa+0x2c8>
10002976:	4b94      	ldr	r3, [pc, #592]	; (10002bc8 <_ftoa+0x348>)
10002978:	e7ed      	b.n	10002956 <_ftoa+0xd6>
1000297a:	2203      	movs	r2, #3
1000297c:	e7ee      	b.n	1000295c <_ftoa+0xdc>
1000297e:	9b22      	ldr	r3, [sp, #136]	; 0x88
10002980:	9304      	str	r3, [sp, #16]
10002982:	9b21      	ldr	r3, [sp, #132]	; 0x84
10002984:	9303      	str	r3, [sp, #12]
10002986:	9702      	str	r7, [sp, #8]
10002988:	9b1e      	ldr	r3, [sp, #120]	; 0x78
1000298a:	9c1f      	ldr	r4, [sp, #124]	; 0x7c
1000298c:	9300      	str	r3, [sp, #0]
1000298e:	9401      	str	r4, [sp, #4]
10002990:	464b      	mov	r3, r9
10002992:	465a      	mov	r2, fp
10002994:	9907      	ldr	r1, [sp, #28]
10002996:	9806      	ldr	r0, [sp, #24]
10002998:	f7ff fd68 	bl	1000246c <_etoa>
1000299c:	e0d4      	b.n	10002b48 <_ftoa+0x2c8>
1000299e:	9a1e      	ldr	r2, [sp, #120]	; 0x78
100029a0:	9b1f      	ldr	r3, [sp, #124]	; 0x7c
100029a2:	2000      	movs	r0, #0
100029a4:	2100      	movs	r1, #0
100029a6:	f000 fece 	bl	10003746 <__wrap___aeabi_dsub>
100029aa:	901e      	str	r0, [sp, #120]	; 0x78
100029ac:	911f      	str	r1, [sp, #124]	; 0x7c
100029ae:	2301      	movs	r3, #1
100029b0:	4698      	mov	r8, r3
100029b2:	e7a5      	b.n	10002900 <_ftoa+0x80>
100029b4:	ab0c      	add	r3, sp, #48	; 0x30
100029b6:	2230      	movs	r2, #48	; 0x30
100029b8:	551a      	strb	r2, [r3, r4]
100029ba:	3f01      	subs	r7, #1
100029bc:	3401      	adds	r4, #1
100029be:	2c1f      	cmp	r4, #31
100029c0:	d801      	bhi.n	100029c6 <_ftoa+0x146>
100029c2:	2f09      	cmp	r7, #9
100029c4:	d8f6      	bhi.n	100029b4 <_ftoa+0x134>
100029c6:	981e      	ldr	r0, [sp, #120]	; 0x78
100029c8:	991f      	ldr	r1, [sp, #124]	; 0x7c
100029ca:	f000 ff65 	bl	10003898 <__wrap___aeabi_d2iz>
100029ce:	0005      	movs	r5, r0
100029d0:	f000 ff4a 	bl	10003868 <__wrap___aeabi_i2d>
100029d4:	0002      	movs	r2, r0
100029d6:	000b      	movs	r3, r1
100029d8:	981e      	ldr	r0, [sp, #120]	; 0x78
100029da:	991f      	ldr	r1, [sp, #124]	; 0x7c
100029dc:	f000 feb3 	bl	10003746 <__wrap___aeabi_dsub>
100029e0:	00fa      	lsls	r2, r7, #3
100029e2:	4b7a      	ldr	r3, [pc, #488]	; (10002bcc <_ftoa+0x34c>)
100029e4:	189b      	adds	r3, r3, r2
100029e6:	681a      	ldr	r2, [r3, #0]
100029e8:	685b      	ldr	r3, [r3, #4]
100029ea:	920a      	str	r2, [sp, #40]	; 0x28
100029ec:	930b      	str	r3, [sp, #44]	; 0x2c
100029ee:	f000 fece 	bl	1000378e <__wrap___aeabi_dmul>
100029f2:	9008      	str	r0, [sp, #32]
100029f4:	9109      	str	r1, [sp, #36]	; 0x24
100029f6:	f000 ff73 	bl	100038e0 <__wrap___aeabi_d2uiz>
100029fa:	0006      	movs	r6, r0
100029fc:	f000 ff30 	bl	10003860 <__wrap___aeabi_ui2d>
10002a00:	0002      	movs	r2, r0
10002a02:	000b      	movs	r3, r1
10002a04:	9808      	ldr	r0, [sp, #32]
10002a06:	9909      	ldr	r1, [sp, #36]	; 0x24
10002a08:	f000 fe9d 	bl	10003746 <__wrap___aeabi_dsub>
10002a0c:	9008      	str	r0, [sp, #32]
10002a0e:	9109      	str	r1, [sp, #36]	; 0x24
10002a10:	2200      	movs	r2, #0
10002a12:	4b6f      	ldr	r3, [pc, #444]	; (10002bd0 <_ftoa+0x350>)
10002a14:	f000 ff10 	bl	10003838 <__wrap___aeabi_dcmpgt>
10002a18:	2800      	cmp	r0, #0
10002a1a:	d02e      	beq.n	10002a7a <_ftoa+0x1fa>
10002a1c:	3601      	adds	r6, #1
10002a1e:	0030      	movs	r0, r6
10002a20:	f000 ff1e 	bl	10003860 <__wrap___aeabi_ui2d>
10002a24:	0002      	movs	r2, r0
10002a26:	000b      	movs	r3, r1
10002a28:	980a      	ldr	r0, [sp, #40]	; 0x28
10002a2a:	990b      	ldr	r1, [sp, #44]	; 0x2c
10002a2c:	f000 fef4 	bl	10003818 <__wrap___aeabi_dcmple>
10002a30:	2800      	cmp	r0, #0
10002a32:	d001      	beq.n	10002a38 <_ftoa+0x1b8>
10002a34:	3501      	adds	r5, #1
10002a36:	2600      	movs	r6, #0
10002a38:	2f00      	cmp	r7, #0
10002a3a:	d12c      	bne.n	10002a96 <_ftoa+0x216>
10002a3c:	0028      	movs	r0, r5
10002a3e:	f000 ff13 	bl	10003868 <__wrap___aeabi_i2d>
10002a42:	0002      	movs	r2, r0
10002a44:	000b      	movs	r3, r1
10002a46:	981e      	ldr	r0, [sp, #120]	; 0x78
10002a48:	991f      	ldr	r1, [sp, #124]	; 0x7c
10002a4a:	f000 fe7c 	bl	10003746 <__wrap___aeabi_dsub>
10002a4e:	0006      	movs	r6, r0
10002a50:	000f      	movs	r7, r1
10002a52:	2200      	movs	r2, #0
10002a54:	4b5e      	ldr	r3, [pc, #376]	; (10002bd0 <_ftoa+0x350>)
10002a56:	f000 fed9 	bl	1000380c <__wrap___aeabi_dcmplt>
10002a5a:	2800      	cmp	r0, #0
10002a5c:	d146      	bne.n	10002aec <_ftoa+0x26c>
10002a5e:	2200      	movs	r2, #0
10002a60:	4b5b      	ldr	r3, [pc, #364]	; (10002bd0 <_ftoa+0x350>)
10002a62:	0030      	movs	r0, r6
10002a64:	0039      	movs	r1, r7
10002a66:	f000 fee7 	bl	10003838 <__wrap___aeabi_dcmpgt>
10002a6a:	2800      	cmp	r0, #0
10002a6c:	d13e      	bne.n	10002aec <_ftoa+0x26c>
10002a6e:	07eb      	lsls	r3, r5, #31
10002a70:	d53c      	bpl.n	10002aec <_ftoa+0x26c>
10002a72:	3501      	adds	r5, #1
10002a74:	e03a      	b.n	10002aec <_ftoa+0x26c>
10002a76:	2706      	movs	r7, #6
10002a78:	e746      	b.n	10002908 <_ftoa+0x88>
10002a7a:	2200      	movs	r2, #0
10002a7c:	4b54      	ldr	r3, [pc, #336]	; (10002bd0 <_ftoa+0x350>)
10002a7e:	9808      	ldr	r0, [sp, #32]
10002a80:	9909      	ldr	r1, [sp, #36]	; 0x24
10002a82:	f000 fec3 	bl	1000380c <__wrap___aeabi_dcmplt>
10002a86:	2800      	cmp	r0, #0
10002a88:	d1d6      	bne.n	10002a38 <_ftoa+0x1b8>
10002a8a:	2e00      	cmp	r6, #0
10002a8c:	d001      	beq.n	10002a92 <_ftoa+0x212>
10002a8e:	07f3      	lsls	r3, r6, #31
10002a90:	d5d2      	bpl.n	10002a38 <_ftoa+0x1b8>
10002a92:	3601      	adds	r6, #1
10002a94:	e7d0      	b.n	10002a38 <_ftoa+0x1b8>
10002a96:	46aa      	mov	sl, r5
10002a98:	2c1f      	cmp	r4, #31
10002a9a:	d811      	bhi.n	10002ac0 <_ftoa+0x240>
10002a9c:	3f01      	subs	r7, #1
10002a9e:	210a      	movs	r1, #10
10002aa0:	0030      	movs	r0, r6
10002aa2:	f000 fc15 	bl	100032d0 <__wrap___aeabi_uidiv>
10002aa6:	1c65      	adds	r5, r4, #1
10002aa8:	3130      	adds	r1, #48	; 0x30
10002aaa:	ab0c      	add	r3, sp, #48	; 0x30
10002aac:	5519      	strb	r1, [r3, r4]
10002aae:	210a      	movs	r1, #10
10002ab0:	0030      	movs	r0, r6
10002ab2:	f000 fc0d 	bl	100032d0 <__wrap___aeabi_uidiv>
10002ab6:	2e09      	cmp	r6, #9
10002ab8:	d90e      	bls.n	10002ad8 <_ftoa+0x258>
10002aba:	0006      	movs	r6, r0
10002abc:	002c      	movs	r4, r5
10002abe:	e7eb      	b.n	10002a98 <_ftoa+0x218>
10002ac0:	4655      	mov	r5, sl
10002ac2:	2c1f      	cmp	r4, #31
10002ac4:	d80c      	bhi.n	10002ae0 <_ftoa+0x260>
10002ac6:	1e7b      	subs	r3, r7, #1
10002ac8:	2f00      	cmp	r7, #0
10002aca:	d009      	beq.n	10002ae0 <_ftoa+0x260>
10002acc:	aa0c      	add	r2, sp, #48	; 0x30
10002ace:	2130      	movs	r1, #48	; 0x30
10002ad0:	5511      	strb	r1, [r2, r4]
10002ad2:	001f      	movs	r7, r3
10002ad4:	3401      	adds	r4, #1
10002ad6:	e7f4      	b.n	10002ac2 <_ftoa+0x242>
10002ad8:	002b      	movs	r3, r5
10002ada:	4655      	mov	r5, sl
10002adc:	001c      	movs	r4, r3
10002ade:	e7f0      	b.n	10002ac2 <_ftoa+0x242>
10002ae0:	2c1f      	cmp	r4, #31
10002ae2:	d803      	bhi.n	10002aec <_ftoa+0x26c>
10002ae4:	ab0c      	add	r3, sp, #48	; 0x30
10002ae6:	222e      	movs	r2, #46	; 0x2e
10002ae8:	551a      	strb	r2, [r3, r4]
10002aea:	3401      	adds	r4, #1
10002aec:	2c1f      	cmp	r4, #31
10002aee:	d810      	bhi.n	10002b12 <_ftoa+0x292>
10002af0:	210a      	movs	r1, #10
10002af2:	0028      	movs	r0, r5
10002af4:	f000 fbc4 	bl	10003280 <__wrap___aeabi_idiv>
10002af8:	1c66      	adds	r6, r4, #1
10002afa:	3130      	adds	r1, #48	; 0x30
10002afc:	ab0c      	add	r3, sp, #48	; 0x30
10002afe:	5519      	strb	r1, [r3, r4]
10002b00:	210a      	movs	r1, #10
10002b02:	0028      	movs	r0, r5
10002b04:	f000 fbbc 	bl	10003280 <__wrap___aeabi_idiv>
10002b08:	1e05      	subs	r5, r0, #0
10002b0a:	d001      	beq.n	10002b10 <_ftoa+0x290>
10002b0c:	0034      	movs	r4, r6
10002b0e:	e7ed      	b.n	10002aec <_ftoa+0x26c>
10002b10:	0034      	movs	r4, r6
10002b12:	2303      	movs	r3, #3
10002b14:	9a22      	ldr	r2, [sp, #136]	; 0x88
10002b16:	4013      	ands	r3, r2
10002b18:	2b01      	cmp	r3, #1
10002b1a:	d01c      	beq.n	10002b56 <_ftoa+0x2d6>
10002b1c:	2c1f      	cmp	r4, #31
10002b1e:	d806      	bhi.n	10002b2e <_ftoa+0x2ae>
10002b20:	4643      	mov	r3, r8
10002b22:	2b00      	cmp	r3, #0
10002b24:	d032      	beq.n	10002b8c <_ftoa+0x30c>
10002b26:	ab0c      	add	r3, sp, #48	; 0x30
10002b28:	222d      	movs	r2, #45	; 0x2d
10002b2a:	551a      	strb	r2, [r3, r4]
10002b2c:	3401      	adds	r4, #1
10002b2e:	9b22      	ldr	r3, [sp, #136]	; 0x88
10002b30:	9303      	str	r3, [sp, #12]
10002b32:	9b21      	ldr	r3, [sp, #132]	; 0x84
10002b34:	9302      	str	r3, [sp, #8]
10002b36:	9401      	str	r4, [sp, #4]
10002b38:	ab0c      	add	r3, sp, #48	; 0x30
10002b3a:	9300      	str	r3, [sp, #0]
10002b3c:	464b      	mov	r3, r9
10002b3e:	465a      	mov	r2, fp
10002b40:	9907      	ldr	r1, [sp, #28]
10002b42:	9806      	ldr	r0, [sp, #24]
10002b44:	f7ff fae2 	bl	1000210c <_out_rev>
10002b48:	b015      	add	sp, #84	; 0x54
10002b4a:	bcf0      	pop	{r4, r5, r6, r7}
10002b4c:	46bb      	mov	fp, r7
10002b4e:	46b2      	mov	sl, r6
10002b50:	46a9      	mov	r9, r5
10002b52:	46a0      	mov	r8, r4
10002b54:	bdf0      	pop	{r4, r5, r6, r7, pc}
10002b56:	9b21      	ldr	r3, [sp, #132]	; 0x84
10002b58:	2b00      	cmp	r3, #0
10002b5a:	d013      	beq.n	10002b84 <_ftoa+0x304>
10002b5c:	4643      	mov	r3, r8
10002b5e:	2b00      	cmp	r3, #0
10002b60:	d102      	bne.n	10002b68 <_ftoa+0x2e8>
10002b62:	330c      	adds	r3, #12
10002b64:	4213      	tst	r3, r2
10002b66:	d00f      	beq.n	10002b88 <_ftoa+0x308>
10002b68:	9b21      	ldr	r3, [sp, #132]	; 0x84
10002b6a:	3b01      	subs	r3, #1
10002b6c:	9321      	str	r3, [sp, #132]	; 0x84
10002b6e:	0019      	movs	r1, r3
10002b70:	e003      	b.n	10002b7a <_ftoa+0x2fa>
10002b72:	ab0c      	add	r3, sp, #48	; 0x30
10002b74:	2230      	movs	r2, #48	; 0x30
10002b76:	551a      	strb	r2, [r3, r4]
10002b78:	3401      	adds	r4, #1
10002b7a:	428c      	cmp	r4, r1
10002b7c:	d2ce      	bcs.n	10002b1c <_ftoa+0x29c>
10002b7e:	2c1f      	cmp	r4, #31
10002b80:	d9f7      	bls.n	10002b72 <_ftoa+0x2f2>
10002b82:	e7cb      	b.n	10002b1c <_ftoa+0x29c>
10002b84:	9921      	ldr	r1, [sp, #132]	; 0x84
10002b86:	e7f8      	b.n	10002b7a <_ftoa+0x2fa>
10002b88:	9921      	ldr	r1, [sp, #132]	; 0x84
10002b8a:	e7f6      	b.n	10002b7a <_ftoa+0x2fa>
10002b8c:	9b22      	ldr	r3, [sp, #136]	; 0x88
10002b8e:	075b      	lsls	r3, r3, #29
10002b90:	d504      	bpl.n	10002b9c <_ftoa+0x31c>
10002b92:	ab0c      	add	r3, sp, #48	; 0x30
10002b94:	222b      	movs	r2, #43	; 0x2b
10002b96:	551a      	strb	r2, [r3, r4]
10002b98:	3401      	adds	r4, #1
10002b9a:	e7c8      	b.n	10002b2e <_ftoa+0x2ae>
10002b9c:	9b22      	ldr	r3, [sp, #136]	; 0x88
10002b9e:	071b      	lsls	r3, r3, #28
10002ba0:	d5c5      	bpl.n	10002b2e <_ftoa+0x2ae>
10002ba2:	ab0c      	add	r3, sp, #48	; 0x30
10002ba4:	2220      	movs	r2, #32
10002ba6:	551a      	strb	r2, [r3, r4]
10002ba8:	3401      	adds	r4, #1
10002baa:	e7c0      	b.n	10002b2e <_ftoa+0x2ae>
10002bac:	ffefffff 	.word	0xffefffff
10002bb0:	7fefffff 	.word	0x7fefffff
10002bb4:	41cdcd65 	.word	0x41cdcd65
10002bb8:	c1cdcd65 	.word	0xc1cdcd65
10002bbc:	10004cd8 	.word	0x10004cd8
10002bc0:	10004cdc 	.word	0x10004cdc
10002bc4:	10004cd0 	.word	0x10004cd0
10002bc8:	10004ccc 	.word	0x10004ccc
10002bcc:	10004ec8 	.word	0x10004ec8
10002bd0:	3fe00000 	.word	0x3fe00000

10002bd4 <_vsnprintf>:
10002bd4:	b5f0      	push	{r4, r5, r6, r7, lr}
10002bd6:	46de      	mov	lr, fp
10002bd8:	4657      	mov	r7, sl
10002bda:	464e      	mov	r6, r9
10002bdc:	4645      	mov	r5, r8
10002bde:	b5e0      	push	{r5, r6, r7, lr}
10002be0:	b093      	sub	sp, #76	; 0x4c
10002be2:	4682      	mov	sl, r0
10002be4:	468b      	mov	fp, r1
10002be6:	4690      	mov	r8, r2
10002be8:	9311      	str	r3, [sp, #68]	; 0x44
10002bea:	2900      	cmp	r1, #0
10002bec:	d100      	bne.n	10002bf0 <_vsnprintf+0x1c>
10002bee:	e2eb      	b.n	100031c8 <_vsnprintf+0x5f4>
10002bf0:	2700      	movs	r7, #0
10002bf2:	4655      	mov	r5, sl
10002bf4:	9b11      	ldr	r3, [sp, #68]	; 0x44
10002bf6:	7818      	ldrb	r0, [r3, #0]
10002bf8:	2800      	cmp	r0, #0
10002bfa:	d100      	bne.n	10002bfe <_vsnprintf+0x2a>
10002bfc:	e2e7      	b.n	100031ce <_vsnprintf+0x5fa>
10002bfe:	2825      	cmp	r0, #37	; 0x25
10002c00:	d009      	beq.n	10002c16 <_vsnprintf+0x42>
10002c02:	1c7c      	adds	r4, r7, #1
10002c04:	4643      	mov	r3, r8
10002c06:	003a      	movs	r2, r7
10002c08:	4659      	mov	r1, fp
10002c0a:	47a8      	blx	r5
10002c0c:	9b11      	ldr	r3, [sp, #68]	; 0x44
10002c0e:	3301      	adds	r3, #1
10002c10:	9311      	str	r3, [sp, #68]	; 0x44
10002c12:	0027      	movs	r7, r4
10002c14:	e7ee      	b.n	10002bf4 <_vsnprintf+0x20>
10002c16:	3301      	adds	r3, #1
10002c18:	9311      	str	r3, [sp, #68]	; 0x44
10002c1a:	2400      	movs	r4, #0
10002c1c:	9a11      	ldr	r2, [sp, #68]	; 0x44
10002c1e:	7811      	ldrb	r1, [r2, #0]
10002c20:	000b      	movs	r3, r1
10002c22:	3b20      	subs	r3, #32
10002c24:	b2d8      	uxtb	r0, r3
10002c26:	2810      	cmp	r0, #16
10002c28:	d803      	bhi.n	10002c32 <_vsnprintf+0x5e>
10002c2a:	0083      	lsls	r3, r0, #2
10002c2c:	48d0      	ldr	r0, [pc, #832]	; (10002f70 <_vsnprintf+0x39c>)
10002c2e:	58c3      	ldr	r3, [r0, r3]
10002c30:	469f      	mov	pc, r3
10002c32:	000b      	movs	r3, r1
10002c34:	3b30      	subs	r3, #48	; 0x30
10002c36:	b2db      	uxtb	r3, r3
10002c38:	2b09      	cmp	r3, #9
10002c3a:	d92c      	bls.n	10002c96 <_vsnprintf+0xc2>
10002c3c:	292a      	cmp	r1, #42	; 0x2a
10002c3e:	d02f      	beq.n	10002ca0 <_vsnprintf+0xcc>
10002c40:	2300      	movs	r3, #0
10002c42:	930a      	str	r3, [sp, #40]	; 0x28
10002c44:	9b11      	ldr	r3, [sp, #68]	; 0x44
10002c46:	781a      	ldrb	r2, [r3, #0]
10002c48:	2a2e      	cmp	r2, #46	; 0x2e
10002c4a:	d039      	beq.n	10002cc0 <_vsnprintf+0xec>
10002c4c:	2300      	movs	r3, #0
10002c4e:	469a      	mov	sl, r3
10002c50:	9a11      	ldr	r2, [sp, #68]	; 0x44
10002c52:	7813      	ldrb	r3, [r2, #0]
10002c54:	3b68      	subs	r3, #104	; 0x68
10002c56:	b2d9      	uxtb	r1, r3
10002c58:	2912      	cmp	r1, #18
10002c5a:	d876      	bhi.n	10002d4a <_vsnprintf+0x176>
10002c5c:	008b      	lsls	r3, r1, #2
10002c5e:	49c5      	ldr	r1, [pc, #788]	; (10002f74 <_vsnprintf+0x3a0>)
10002c60:	58cb      	ldr	r3, [r1, r3]
10002c62:	469f      	mov	pc, r3
10002c64:	2301      	movs	r3, #1
10002c66:	431c      	orrs	r4, r3
10002c68:	3201      	adds	r2, #1
10002c6a:	9211      	str	r2, [sp, #68]	; 0x44
10002c6c:	e7d6      	b.n	10002c1c <_vsnprintf+0x48>
10002c6e:	2302      	movs	r3, #2
10002c70:	431c      	orrs	r4, r3
10002c72:	3201      	adds	r2, #1
10002c74:	9211      	str	r2, [sp, #68]	; 0x44
10002c76:	e7d1      	b.n	10002c1c <_vsnprintf+0x48>
10002c78:	2304      	movs	r3, #4
10002c7a:	431c      	orrs	r4, r3
10002c7c:	3201      	adds	r2, #1
10002c7e:	9211      	str	r2, [sp, #68]	; 0x44
10002c80:	e7cc      	b.n	10002c1c <_vsnprintf+0x48>
10002c82:	2308      	movs	r3, #8
10002c84:	431c      	orrs	r4, r3
10002c86:	3201      	adds	r2, #1
10002c88:	9211      	str	r2, [sp, #68]	; 0x44
10002c8a:	e7c7      	b.n	10002c1c <_vsnprintf+0x48>
10002c8c:	2310      	movs	r3, #16
10002c8e:	431c      	orrs	r4, r3
10002c90:	3201      	adds	r2, #1
10002c92:	9211      	str	r2, [sp, #68]	; 0x44
10002c94:	e7c2      	b.n	10002c1c <_vsnprintf+0x48>
10002c96:	a811      	add	r0, sp, #68	; 0x44
10002c98:	f7ff fa26 	bl	100020e8 <_atoi>
10002c9c:	900a      	str	r0, [sp, #40]	; 0x28
10002c9e:	e7d1      	b.n	10002c44 <_vsnprintf+0x70>
10002ca0:	9b1c      	ldr	r3, [sp, #112]	; 0x70
10002ca2:	1d1a      	adds	r2, r3, #4
10002ca4:	921c      	str	r2, [sp, #112]	; 0x70
10002ca6:	6818      	ldr	r0, [r3, #0]
10002ca8:	2800      	cmp	r0, #0
10002caa:	db04      	blt.n	10002cb6 <_vsnprintf+0xe2>
10002cac:	900a      	str	r0, [sp, #40]	; 0x28
10002cae:	9b11      	ldr	r3, [sp, #68]	; 0x44
10002cb0:	3301      	adds	r3, #1
10002cb2:	9311      	str	r3, [sp, #68]	; 0x44
10002cb4:	e7c6      	b.n	10002c44 <_vsnprintf+0x70>
10002cb6:	2302      	movs	r3, #2
10002cb8:	431c      	orrs	r4, r3
10002cba:	4243      	negs	r3, r0
10002cbc:	930a      	str	r3, [sp, #40]	; 0x28
10002cbe:	e7f6      	b.n	10002cae <_vsnprintf+0xda>
10002cc0:	2280      	movs	r2, #128	; 0x80
10002cc2:	00d2      	lsls	r2, r2, #3
10002cc4:	4314      	orrs	r4, r2
10002cc6:	1c5a      	adds	r2, r3, #1
10002cc8:	9211      	str	r2, [sp, #68]	; 0x44
10002cca:	785a      	ldrb	r2, [r3, #1]
10002ccc:	0013      	movs	r3, r2
10002cce:	3b30      	subs	r3, #48	; 0x30
10002cd0:	b2db      	uxtb	r3, r3
10002cd2:	2b09      	cmp	r3, #9
10002cd4:	d904      	bls.n	10002ce0 <_vsnprintf+0x10c>
10002cd6:	2a2a      	cmp	r2, #42	; 0x2a
10002cd8:	d007      	beq.n	10002cea <_vsnprintf+0x116>
10002cda:	2300      	movs	r3, #0
10002cdc:	469a      	mov	sl, r3
10002cde:	e7b7      	b.n	10002c50 <_vsnprintf+0x7c>
10002ce0:	a811      	add	r0, sp, #68	; 0x44
10002ce2:	f7ff fa01 	bl	100020e8 <_atoi>
10002ce6:	4682      	mov	sl, r0
10002ce8:	e7b2      	b.n	10002c50 <_vsnprintf+0x7c>
10002cea:	9b1c      	ldr	r3, [sp, #112]	; 0x70
10002cec:	1d1a      	adds	r2, r3, #4
10002cee:	921c      	str	r2, [sp, #112]	; 0x70
10002cf0:	6818      	ldr	r0, [r3, #0]
10002cf2:	2800      	cmp	r0, #0
10002cf4:	db04      	blt.n	10002d00 <_vsnprintf+0x12c>
10002cf6:	4682      	mov	sl, r0
10002cf8:	9b11      	ldr	r3, [sp, #68]	; 0x44
10002cfa:	3301      	adds	r3, #1
10002cfc:	9311      	str	r3, [sp, #68]	; 0x44
10002cfe:	e7a7      	b.n	10002c50 <_vsnprintf+0x7c>
10002d00:	2000      	movs	r0, #0
10002d02:	e7f8      	b.n	10002cf6 <_vsnprintf+0x122>
10002d04:	2380      	movs	r3, #128	; 0x80
10002d06:	005b      	lsls	r3, r3, #1
10002d08:	4323      	orrs	r3, r4
10002d0a:	1c51      	adds	r1, r2, #1
10002d0c:	9111      	str	r1, [sp, #68]	; 0x44
10002d0e:	7852      	ldrb	r2, [r2, #1]
10002d10:	2a6c      	cmp	r2, #108	; 0x6c
10002d12:	d001      	beq.n	10002d18 <_vsnprintf+0x144>
10002d14:	001c      	movs	r4, r3
10002d16:	e018      	b.n	10002d4a <_vsnprintf+0x176>
10002d18:	23c0      	movs	r3, #192	; 0xc0
10002d1a:	009b      	lsls	r3, r3, #2
10002d1c:	431c      	orrs	r4, r3
10002d1e:	3101      	adds	r1, #1
10002d20:	9111      	str	r1, [sp, #68]	; 0x44
10002d22:	e012      	b.n	10002d4a <_vsnprintf+0x176>
10002d24:	2380      	movs	r3, #128	; 0x80
10002d26:	4323      	orrs	r3, r4
10002d28:	1c51      	adds	r1, r2, #1
10002d2a:	9111      	str	r1, [sp, #68]	; 0x44
10002d2c:	7852      	ldrb	r2, [r2, #1]
10002d2e:	2a68      	cmp	r2, #104	; 0x68
10002d30:	d001      	beq.n	10002d36 <_vsnprintf+0x162>
10002d32:	001c      	movs	r4, r3
10002d34:	e009      	b.n	10002d4a <_vsnprintf+0x176>
10002d36:	23c0      	movs	r3, #192	; 0xc0
10002d38:	431c      	orrs	r4, r3
10002d3a:	3101      	adds	r1, #1
10002d3c:	9111      	str	r1, [sp, #68]	; 0x44
10002d3e:	e004      	b.n	10002d4a <_vsnprintf+0x176>
10002d40:	2380      	movs	r3, #128	; 0x80
10002d42:	005b      	lsls	r3, r3, #1
10002d44:	431c      	orrs	r4, r3
10002d46:	3201      	adds	r2, #1
10002d48:	9211      	str	r2, [sp, #68]	; 0x44
10002d4a:	9b11      	ldr	r3, [sp, #68]	; 0x44
10002d4c:	7818      	ldrb	r0, [r3, #0]
10002d4e:	0003      	movs	r3, r0
10002d50:	3b25      	subs	r3, #37	; 0x25
10002d52:	b2da      	uxtb	r2, r3
10002d54:	2a53      	cmp	r2, #83	; 0x53
10002d56:	d900      	bls.n	10002d5a <_vsnprintf+0x186>
10002d58:	e22c      	b.n	100031b4 <_vsnprintf+0x5e0>
10002d5a:	0093      	lsls	r3, r2, #2
10002d5c:	4a86      	ldr	r2, [pc, #536]	; (10002f78 <_vsnprintf+0x3a4>)
10002d5e:	58d3      	ldr	r3, [r2, r3]
10002d60:	469f      	mov	pc, r3
10002d62:	2380      	movs	r3, #128	; 0x80
10002d64:	009b      	lsls	r3, r3, #2
10002d66:	431c      	orrs	r4, r3
10002d68:	3201      	adds	r2, #1
10002d6a:	9211      	str	r2, [sp, #68]	; 0x44
10002d6c:	e7ed      	b.n	10002d4a <_vsnprintf+0x176>
10002d6e:	2380      	movs	r3, #128	; 0x80
10002d70:	005b      	lsls	r3, r3, #1
10002d72:	431c      	orrs	r4, r3
10002d74:	3201      	adds	r2, #1
10002d76:	9211      	str	r2, [sp, #68]	; 0x44
10002d78:	e7e7      	b.n	10002d4a <_vsnprintf+0x176>
10002d7a:	2878      	cmp	r0, #120	; 0x78
10002d7c:	d009      	beq.n	10002d92 <_vsnprintf+0x1be>
10002d7e:	2858      	cmp	r0, #88	; 0x58
10002d80:	d038      	beq.n	10002df4 <_vsnprintf+0x220>
10002d82:	286f      	cmp	r0, #111	; 0x6f
10002d84:	d038      	beq.n	10002df8 <_vsnprintf+0x224>
10002d86:	2862      	cmp	r0, #98	; 0x62
10002d88:	d038      	beq.n	10002dfc <_vsnprintf+0x228>
10002d8a:	2310      	movs	r3, #16
10002d8c:	439c      	bics	r4, r3
10002d8e:	260a      	movs	r6, #10
10002d90:	e000      	b.n	10002d94 <_vsnprintf+0x1c0>
10002d92:	2610      	movs	r6, #16
10002d94:	2858      	cmp	r0, #88	; 0x58
10002d96:	d033      	beq.n	10002e00 <_vsnprintf+0x22c>
10002d98:	2869      	cmp	r0, #105	; 0x69
10002d9a:	d003      	beq.n	10002da4 <_vsnprintf+0x1d0>
10002d9c:	2864      	cmp	r0, #100	; 0x64
10002d9e:	d001      	beq.n	10002da4 <_vsnprintf+0x1d0>
10002da0:	220c      	movs	r2, #12
10002da2:	4394      	bics	r4, r2
10002da4:	0563      	lsls	r3, r4, #21
10002da6:	d501      	bpl.n	10002dac <_vsnprintf+0x1d8>
10002da8:	2201      	movs	r2, #1
10002daa:	4394      	bics	r4, r2
10002dac:	2869      	cmp	r0, #105	; 0x69
10002dae:	d02a      	beq.n	10002e06 <_vsnprintf+0x232>
10002db0:	2864      	cmp	r0, #100	; 0x64
10002db2:	d028      	beq.n	10002e06 <_vsnprintf+0x232>
10002db4:	05a3      	lsls	r3, r4, #22
10002db6:	d500      	bpl.n	10002dba <_vsnprintf+0x1e6>
10002db8:	e09f      	b.n	10002efa <_vsnprintf+0x326>
10002dba:	05e3      	lsls	r3, r4, #23
10002dbc:	d500      	bpl.n	10002dc0 <_vsnprintf+0x1ec>
10002dbe:	e0b8      	b.n	10002f32 <_vsnprintf+0x35e>
10002dc0:	0663      	lsls	r3, r4, #25
10002dc2:	d400      	bmi.n	10002dc6 <_vsnprintf+0x1f2>
10002dc4:	e0ca      	b.n	10002f5c <_vsnprintf+0x388>
10002dc6:	9a1c      	ldr	r2, [sp, #112]	; 0x70
10002dc8:	1d11      	adds	r1, r2, #4
10002dca:	911c      	str	r1, [sp, #112]	; 0x70
10002dcc:	6811      	ldr	r1, [r2, #0]
10002dce:	22ff      	movs	r2, #255	; 0xff
10002dd0:	400a      	ands	r2, r1
10002dd2:	9405      	str	r4, [sp, #20]
10002dd4:	9b0a      	ldr	r3, [sp, #40]	; 0x28
10002dd6:	9304      	str	r3, [sp, #16]
10002dd8:	4653      	mov	r3, sl
10002dda:	9303      	str	r3, [sp, #12]
10002ddc:	9602      	str	r6, [sp, #8]
10002dde:	2300      	movs	r3, #0
10002de0:	9301      	str	r3, [sp, #4]
10002de2:	9200      	str	r2, [sp, #0]
10002de4:	4643      	mov	r3, r8
10002de6:	003a      	movs	r2, r7
10002de8:	4659      	mov	r1, fp
10002dea:	0028      	movs	r0, r5
10002dec:	f7ff fa6e 	bl	100022cc <_ntoa_long>
10002df0:	0007      	movs	r7, r0
10002df2:	e027      	b.n	10002e44 <_vsnprintf+0x270>
10002df4:	2610      	movs	r6, #16
10002df6:	e7cd      	b.n	10002d94 <_vsnprintf+0x1c0>
10002df8:	2608      	movs	r6, #8
10002dfa:	e7cb      	b.n	10002d94 <_vsnprintf+0x1c0>
10002dfc:	2602      	movs	r6, #2
10002dfe:	e7c9      	b.n	10002d94 <_vsnprintf+0x1c0>
10002e00:	2220      	movs	r2, #32
10002e02:	4314      	orrs	r4, r2
10002e04:	e7c8      	b.n	10002d98 <_vsnprintf+0x1c4>
10002e06:	05a3      	lsls	r3, r4, #22
10002e08:	d420      	bmi.n	10002e4c <_vsnprintf+0x278>
10002e0a:	05e3      	lsls	r3, r4, #23
10002e0c:	d450      	bmi.n	10002eb0 <_vsnprintf+0x2dc>
10002e0e:	0663      	lsls	r3, r4, #25
10002e10:	d566      	bpl.n	10002ee0 <_vsnprintf+0x30c>
10002e12:	9a1c      	ldr	r2, [sp, #112]	; 0x70
10002e14:	1d11      	adds	r1, r2, #4
10002e16:	911c      	str	r1, [sp, #112]	; 0x70
10002e18:	6811      	ldr	r1, [r2, #0]
10002e1a:	22ff      	movs	r2, #255	; 0xff
10002e1c:	400a      	ands	r2, r1
10002e1e:	17d3      	asrs	r3, r2, #31
10002e20:	18d1      	adds	r1, r2, r3
10002e22:	4059      	eors	r1, r3
10002e24:	9405      	str	r4, [sp, #20]
10002e26:	9b0a      	ldr	r3, [sp, #40]	; 0x28
10002e28:	9304      	str	r3, [sp, #16]
10002e2a:	4653      	mov	r3, sl
10002e2c:	9303      	str	r3, [sp, #12]
10002e2e:	9602      	str	r6, [sp, #8]
10002e30:	0fd2      	lsrs	r2, r2, #31
10002e32:	9201      	str	r2, [sp, #4]
10002e34:	9100      	str	r1, [sp, #0]
10002e36:	4643      	mov	r3, r8
10002e38:	003a      	movs	r2, r7
10002e3a:	4659      	mov	r1, fp
10002e3c:	0028      	movs	r0, r5
10002e3e:	f7ff fa45 	bl	100022cc <_ntoa_long>
10002e42:	0007      	movs	r7, r0
10002e44:	9b11      	ldr	r3, [sp, #68]	; 0x44
10002e46:	3301      	adds	r3, #1
10002e48:	9311      	str	r3, [sp, #68]	; 0x44
10002e4a:	e6d3      	b.n	10002bf4 <_vsnprintf+0x20>
10002e4c:	9b1c      	ldr	r3, [sp, #112]	; 0x70
10002e4e:	1dda      	adds	r2, r3, #7
10002e50:	2107      	movs	r1, #7
10002e52:	438a      	bics	r2, r1
10002e54:	0011      	movs	r1, r2
10002e56:	3108      	adds	r1, #8
10002e58:	911c      	str	r1, [sp, #112]	; 0x70
10002e5a:	6811      	ldr	r1, [r2, #0]
10002e5c:	6853      	ldr	r3, [r2, #4]
10002e5e:	469c      	mov	ip, r3
10002e60:	17db      	asrs	r3, r3, #31
10002e62:	930c      	str	r3, [sp, #48]	; 0x30
10002e64:	930d      	str	r3, [sp, #52]	; 0x34
10002e66:	9a0c      	ldr	r2, [sp, #48]	; 0x30
10002e68:	9b0d      	ldr	r3, [sp, #52]	; 0x34
10002e6a:	0010      	movs	r0, r2
10002e6c:	4048      	eors	r0, r1
10002e6e:	900e      	str	r0, [sp, #56]	; 0x38
10002e70:	4662      	mov	r2, ip
10002e72:	4053      	eors	r3, r2
10002e74:	930f      	str	r3, [sp, #60]	; 0x3c
10002e76:	980e      	ldr	r0, [sp, #56]	; 0x38
10002e78:	990f      	ldr	r1, [sp, #60]	; 0x3c
10002e7a:	9a0c      	ldr	r2, [sp, #48]	; 0x30
10002e7c:	9b0d      	ldr	r3, [sp, #52]	; 0x34
10002e7e:	1a80      	subs	r0, r0, r2
10002e80:	4199      	sbcs	r1, r3
10002e82:	900e      	str	r0, [sp, #56]	; 0x38
10002e84:	910f      	str	r1, [sp, #60]	; 0x3c
10002e86:	9408      	str	r4, [sp, #32]
10002e88:	9b0a      	ldr	r3, [sp, #40]	; 0x28
10002e8a:	9307      	str	r3, [sp, #28]
10002e8c:	4653      	mov	r3, sl
10002e8e:	9306      	str	r3, [sp, #24]
10002e90:	9604      	str	r6, [sp, #16]
10002e92:	2300      	movs	r3, #0
10002e94:	9305      	str	r3, [sp, #20]
10002e96:	4663      	mov	r3, ip
10002e98:	0fda      	lsrs	r2, r3, #31
10002e9a:	9202      	str	r2, [sp, #8]
10002e9c:	9000      	str	r0, [sp, #0]
10002e9e:	9101      	str	r1, [sp, #4]
10002ea0:	4643      	mov	r3, r8
10002ea2:	003a      	movs	r2, r7
10002ea4:	4659      	mov	r1, fp
10002ea6:	0028      	movs	r0, r5
10002ea8:	f7ff fa6e 	bl	10002388 <_ntoa_long_long>
10002eac:	0007      	movs	r7, r0
10002eae:	e7c9      	b.n	10002e44 <_vsnprintf+0x270>
10002eb0:	9a1c      	ldr	r2, [sp, #112]	; 0x70
10002eb2:	1d11      	adds	r1, r2, #4
10002eb4:	911c      	str	r1, [sp, #112]	; 0x70
10002eb6:	6812      	ldr	r2, [r2, #0]
10002eb8:	17d3      	asrs	r3, r2, #31
10002eba:	18d1      	adds	r1, r2, r3
10002ebc:	4059      	eors	r1, r3
10002ebe:	9405      	str	r4, [sp, #20]
10002ec0:	9b0a      	ldr	r3, [sp, #40]	; 0x28
10002ec2:	9304      	str	r3, [sp, #16]
10002ec4:	4653      	mov	r3, sl
10002ec6:	9303      	str	r3, [sp, #12]
10002ec8:	9602      	str	r6, [sp, #8]
10002eca:	0fd2      	lsrs	r2, r2, #31
10002ecc:	9201      	str	r2, [sp, #4]
10002ece:	9100      	str	r1, [sp, #0]
10002ed0:	4643      	mov	r3, r8
10002ed2:	003a      	movs	r2, r7
10002ed4:	4659      	mov	r1, fp
10002ed6:	0028      	movs	r0, r5
10002ed8:	f7ff f9f8 	bl	100022cc <_ntoa_long>
10002edc:	0007      	movs	r7, r0
10002ede:	e7b1      	b.n	10002e44 <_vsnprintf+0x270>
10002ee0:	0623      	lsls	r3, r4, #24
10002ee2:	d505      	bpl.n	10002ef0 <_vsnprintf+0x31c>
10002ee4:	9a1c      	ldr	r2, [sp, #112]	; 0x70
10002ee6:	1d11      	adds	r1, r2, #4
10002ee8:	911c      	str	r1, [sp, #112]	; 0x70
10002eea:	2300      	movs	r3, #0
10002eec:	5ed2      	ldrsh	r2, [r2, r3]
10002eee:	e796      	b.n	10002e1e <_vsnprintf+0x24a>
10002ef0:	9a1c      	ldr	r2, [sp, #112]	; 0x70
10002ef2:	1d11      	adds	r1, r2, #4
10002ef4:	911c      	str	r1, [sp, #112]	; 0x70
10002ef6:	6812      	ldr	r2, [r2, #0]
10002ef8:	e791      	b.n	10002e1e <_vsnprintf+0x24a>
10002efa:	9b1c      	ldr	r3, [sp, #112]	; 0x70
10002efc:	1dda      	adds	r2, r3, #7
10002efe:	2107      	movs	r1, #7
10002f00:	438a      	bics	r2, r1
10002f02:	0011      	movs	r1, r2
10002f04:	3108      	adds	r1, #8
10002f06:	911c      	str	r1, [sp, #112]	; 0x70
10002f08:	9408      	str	r4, [sp, #32]
10002f0a:	9b0a      	ldr	r3, [sp, #40]	; 0x28
10002f0c:	9307      	str	r3, [sp, #28]
10002f0e:	4653      	mov	r3, sl
10002f10:	9306      	str	r3, [sp, #24]
10002f12:	9604      	str	r6, [sp, #16]
10002f14:	2300      	movs	r3, #0
10002f16:	9305      	str	r3, [sp, #20]
10002f18:	9302      	str	r3, [sp, #8]
10002f1a:	6813      	ldr	r3, [r2, #0]
10002f1c:	6854      	ldr	r4, [r2, #4]
10002f1e:	9300      	str	r3, [sp, #0]
10002f20:	9401      	str	r4, [sp, #4]
10002f22:	4643      	mov	r3, r8
10002f24:	003a      	movs	r2, r7
10002f26:	4659      	mov	r1, fp
10002f28:	0028      	movs	r0, r5
10002f2a:	f7ff fa2d 	bl	10002388 <_ntoa_long_long>
10002f2e:	0007      	movs	r7, r0
10002f30:	e788      	b.n	10002e44 <_vsnprintf+0x270>
10002f32:	9a1c      	ldr	r2, [sp, #112]	; 0x70
10002f34:	1d11      	adds	r1, r2, #4
10002f36:	911c      	str	r1, [sp, #112]	; 0x70
10002f38:	9405      	str	r4, [sp, #20]
10002f3a:	9b0a      	ldr	r3, [sp, #40]	; 0x28
10002f3c:	9304      	str	r3, [sp, #16]
10002f3e:	4653      	mov	r3, sl
10002f40:	9303      	str	r3, [sp, #12]
10002f42:	9602      	str	r6, [sp, #8]
10002f44:	2300      	movs	r3, #0
10002f46:	9301      	str	r3, [sp, #4]
10002f48:	6813      	ldr	r3, [r2, #0]
10002f4a:	9300      	str	r3, [sp, #0]
10002f4c:	4643      	mov	r3, r8
10002f4e:	003a      	movs	r2, r7
10002f50:	4659      	mov	r1, fp
10002f52:	0028      	movs	r0, r5
10002f54:	f7ff f9ba 	bl	100022cc <_ntoa_long>
10002f58:	0007      	movs	r7, r0
10002f5a:	e773      	b.n	10002e44 <_vsnprintf+0x270>
10002f5c:	0623      	lsls	r3, r4, #24
10002f5e:	d50d      	bpl.n	10002f7c <_vsnprintf+0x3a8>
10002f60:	9a1c      	ldr	r2, [sp, #112]	; 0x70
10002f62:	1d11      	adds	r1, r2, #4
10002f64:	911c      	str	r1, [sp, #112]	; 0x70
10002f66:	6812      	ldr	r2, [r2, #0]
10002f68:	0412      	lsls	r2, r2, #16
10002f6a:	0c12      	lsrs	r2, r2, #16
10002f6c:	e731      	b.n	10002dd2 <_vsnprintf+0x1fe>
10002f6e:	46c0      	nop			; (mov r8, r8)
10002f70:	10004ce4 	.word	0x10004ce4
10002f74:	10004d28 	.word	0x10004d28
10002f78:	10004d74 	.word	0x10004d74
10002f7c:	9a1c      	ldr	r2, [sp, #112]	; 0x70
10002f7e:	1d11      	adds	r1, r2, #4
10002f80:	911c      	str	r1, [sp, #112]	; 0x70
10002f82:	6812      	ldr	r2, [r2, #0]
10002f84:	e725      	b.n	10002dd2 <_vsnprintf+0x1fe>
10002f86:	2846      	cmp	r0, #70	; 0x46
10002f88:	d01a      	beq.n	10002fc0 <_vsnprintf+0x3ec>
10002f8a:	9b1c      	ldr	r3, [sp, #112]	; 0x70
10002f8c:	3307      	adds	r3, #7
10002f8e:	2207      	movs	r2, #7
10002f90:	4393      	bics	r3, r2
10002f92:	001a      	movs	r2, r3
10002f94:	3208      	adds	r2, #8
10002f96:	921c      	str	r2, [sp, #112]	; 0x70
10002f98:	9404      	str	r4, [sp, #16]
10002f9a:	9a0a      	ldr	r2, [sp, #40]	; 0x28
10002f9c:	9203      	str	r2, [sp, #12]
10002f9e:	4652      	mov	r2, sl
10002fa0:	9202      	str	r2, [sp, #8]
10002fa2:	685c      	ldr	r4, [r3, #4]
10002fa4:	681b      	ldr	r3, [r3, #0]
10002fa6:	9300      	str	r3, [sp, #0]
10002fa8:	9401      	str	r4, [sp, #4]
10002faa:	4643      	mov	r3, r8
10002fac:	003a      	movs	r2, r7
10002fae:	4659      	mov	r1, fp
10002fb0:	0028      	movs	r0, r5
10002fb2:	f7ff fc65 	bl	10002880 <_ftoa>
10002fb6:	0007      	movs	r7, r0
10002fb8:	9b11      	ldr	r3, [sp, #68]	; 0x44
10002fba:	3301      	adds	r3, #1
10002fbc:	9311      	str	r3, [sp, #68]	; 0x44
10002fbe:	e619      	b.n	10002bf4 <_vsnprintf+0x20>
10002fc0:	2320      	movs	r3, #32
10002fc2:	431c      	orrs	r4, r3
10002fc4:	e7e1      	b.n	10002f8a <_vsnprintf+0x3b6>
10002fc6:	2867      	cmp	r0, #103	; 0x67
10002fc8:	d001      	beq.n	10002fce <_vsnprintf+0x3fa>
10002fca:	2847      	cmp	r0, #71	; 0x47
10002fcc:	d102      	bne.n	10002fd4 <_vsnprintf+0x400>
10002fce:	2380      	movs	r3, #128	; 0x80
10002fd0:	011b      	lsls	r3, r3, #4
10002fd2:	431c      	orrs	r4, r3
10002fd4:	2845      	cmp	r0, #69	; 0x45
10002fd6:	d001      	beq.n	10002fdc <_vsnprintf+0x408>
10002fd8:	2847      	cmp	r0, #71	; 0x47
10002fda:	d101      	bne.n	10002fe0 <_vsnprintf+0x40c>
10002fdc:	2320      	movs	r3, #32
10002fde:	431c      	orrs	r4, r3
10002fe0:	9b1c      	ldr	r3, [sp, #112]	; 0x70
10002fe2:	3307      	adds	r3, #7
10002fe4:	2207      	movs	r2, #7
10002fe6:	4393      	bics	r3, r2
10002fe8:	001a      	movs	r2, r3
10002fea:	3208      	adds	r2, #8
10002fec:	921c      	str	r2, [sp, #112]	; 0x70
10002fee:	9404      	str	r4, [sp, #16]
10002ff0:	9a0a      	ldr	r2, [sp, #40]	; 0x28
10002ff2:	9203      	str	r2, [sp, #12]
10002ff4:	4652      	mov	r2, sl
10002ff6:	9202      	str	r2, [sp, #8]
10002ff8:	685c      	ldr	r4, [r3, #4]
10002ffa:	681b      	ldr	r3, [r3, #0]
10002ffc:	9300      	str	r3, [sp, #0]
10002ffe:	9401      	str	r4, [sp, #4]
10003000:	4643      	mov	r3, r8
10003002:	003a      	movs	r2, r7
10003004:	4659      	mov	r1, fp
10003006:	0028      	movs	r0, r5
10003008:	f7ff fa30 	bl	1000246c <_etoa>
1000300c:	0007      	movs	r7, r0
1000300e:	9b11      	ldr	r3, [sp, #68]	; 0x44
10003010:	3301      	adds	r3, #1
10003012:	9311      	str	r3, [sp, #68]	; 0x44
10003014:	e5ee      	b.n	10002bf4 <_vsnprintf+0x20>
10003016:	2302      	movs	r3, #2
10003018:	001a      	movs	r2, r3
1000301a:	4022      	ands	r2, r4
1000301c:	4692      	mov	sl, r2
1000301e:	4223      	tst	r3, r4
10003020:	d01f      	beq.n	10003062 <_vsnprintf+0x48e>
10003022:	2401      	movs	r4, #1
10003024:	9b1c      	ldr	r3, [sp, #112]	; 0x70
10003026:	1d1a      	adds	r2, r3, #4
10003028:	921c      	str	r2, [sp, #112]	; 0x70
1000302a:	1c7a      	adds	r2, r7, #1
1000302c:	4691      	mov	r9, r2
1000302e:	7818      	ldrb	r0, [r3, #0]
10003030:	4643      	mov	r3, r8
10003032:	003a      	movs	r2, r7
10003034:	4659      	mov	r1, fp
10003036:	47a8      	blx	r5
10003038:	4653      	mov	r3, sl
1000303a:	2b00      	cmp	r3, #0
1000303c:	d116      	bne.n	1000306c <_vsnprintf+0x498>
1000303e:	9b11      	ldr	r3, [sp, #68]	; 0x44
10003040:	3301      	adds	r3, #1
10003042:	9311      	str	r3, [sp, #68]	; 0x44
10003044:	464f      	mov	r7, r9
10003046:	e5d5      	b.n	10002bf4 <_vsnprintf+0x20>
10003048:	1c56      	adds	r6, r2, #1
1000304a:	4643      	mov	r3, r8
1000304c:	4659      	mov	r1, fp
1000304e:	2020      	movs	r0, #32
10003050:	47b8      	blx	r7
10003052:	0023      	movs	r3, r4
10003054:	0032      	movs	r2, r6
10003056:	1c5c      	adds	r4, r3, #1
10003058:	429d      	cmp	r5, r3
1000305a:	d8f5      	bhi.n	10003048 <_vsnprintf+0x474>
1000305c:	003d      	movs	r5, r7
1000305e:	0017      	movs	r7, r2
10003060:	e7e0      	b.n	10003024 <_vsnprintf+0x450>
10003062:	2301      	movs	r3, #1
10003064:	003a      	movs	r2, r7
10003066:	002f      	movs	r7, r5
10003068:	9d0a      	ldr	r5, [sp, #40]	; 0x28
1000306a:	e7f4      	b.n	10003056 <_vsnprintf+0x482>
1000306c:	464a      	mov	r2, r9
1000306e:	46a9      	mov	r9, r5
10003070:	9d0a      	ldr	r5, [sp, #40]	; 0x28
10003072:	e006      	b.n	10003082 <_vsnprintf+0x4ae>
10003074:	1c57      	adds	r7, r2, #1
10003076:	4643      	mov	r3, r8
10003078:	4659      	mov	r1, fp
1000307a:	2020      	movs	r0, #32
1000307c:	47c8      	blx	r9
1000307e:	0034      	movs	r4, r6
10003080:	003a      	movs	r2, r7
10003082:	1c66      	adds	r6, r4, #1
10003084:	42a5      	cmp	r5, r4
10003086:	d8f5      	bhi.n	10003074 <_vsnprintf+0x4a0>
10003088:	464d      	mov	r5, r9
1000308a:	4691      	mov	r9, r2
1000308c:	e7d7      	b.n	1000303e <_vsnprintf+0x46a>
1000308e:	9b1c      	ldr	r3, [sp, #112]	; 0x70
10003090:	1d1a      	adds	r2, r3, #4
10003092:	921c      	str	r2, [sp, #112]	; 0x70
10003094:	681b      	ldr	r3, [r3, #0]
10003096:	4699      	mov	r9, r3
10003098:	4653      	mov	r3, sl
1000309a:	2b00      	cmp	r3, #0
1000309c:	d100      	bne.n	100030a0 <_vsnprintf+0x4cc>
1000309e:	3b01      	subs	r3, #1
100030a0:	464e      	mov	r6, r9
100030a2:	e001      	b.n	100030a8 <_vsnprintf+0x4d4>
100030a4:	3601      	adds	r6, #1
100030a6:	0013      	movs	r3, r2
100030a8:	7832      	ldrb	r2, [r6, #0]
100030aa:	2a00      	cmp	r2, #0
100030ac:	d002      	beq.n	100030b4 <_vsnprintf+0x4e0>
100030ae:	1e5a      	subs	r2, r3, #1
100030b0:	2b00      	cmp	r3, #0
100030b2:	d1f7      	bne.n	100030a4 <_vsnprintf+0x4d0>
100030b4:	464b      	mov	r3, r9
100030b6:	1af2      	subs	r2, r6, r3
100030b8:	9210      	str	r2, [sp, #64]	; 0x40
100030ba:	2380      	movs	r3, #128	; 0x80
100030bc:	00db      	lsls	r3, r3, #3
100030be:	0026      	movs	r6, r4
100030c0:	401e      	ands	r6, r3
100030c2:	421c      	tst	r4, r3
100030c4:	d003      	beq.n	100030ce <_vsnprintf+0x4fa>
100030c6:	4552      	cmp	r2, sl
100030c8:	d901      	bls.n	100030ce <_vsnprintf+0x4fa>
100030ca:	4653      	mov	r3, sl
100030cc:	9310      	str	r3, [sp, #64]	; 0x40
100030ce:	2302      	movs	r3, #2
100030d0:	001a      	movs	r2, r3
100030d2:	4022      	ands	r2, r4
100030d4:	920b      	str	r2, [sp, #44]	; 0x2c
100030d6:	4223      	tst	r3, r4
100030d8:	d005      	beq.n	100030e6 <_vsnprintf+0x512>
100030da:	003a      	movs	r2, r7
100030dc:	0037      	movs	r7, r6
100030de:	464c      	mov	r4, r9
100030e0:	46a9      	mov	r9, r5
100030e2:	4655      	mov	r5, sl
100030e4:	e020      	b.n	10003128 <_vsnprintf+0x554>
100030e6:	003a      	movs	r2, r7
100030e8:	9b10      	ldr	r3, [sp, #64]	; 0x40
100030ea:	465f      	mov	r7, fp
100030ec:	46b3      	mov	fp, r6
100030ee:	002e      	movs	r6, r5
100030f0:	e006      	b.n	10003100 <_vsnprintf+0x52c>
100030f2:	1c55      	adds	r5, r2, #1
100030f4:	4643      	mov	r3, r8
100030f6:	0039      	movs	r1, r7
100030f8:	2020      	movs	r0, #32
100030fa:	47b0      	blx	r6
100030fc:	0023      	movs	r3, r4
100030fe:	002a      	movs	r2, r5
10003100:	1c5c      	adds	r4, r3, #1
10003102:	990a      	ldr	r1, [sp, #40]	; 0x28
10003104:	4299      	cmp	r1, r3
10003106:	d8f4      	bhi.n	100030f2 <_vsnprintf+0x51e>
10003108:	0035      	movs	r5, r6
1000310a:	465e      	mov	r6, fp
1000310c:	46bb      	mov	fp, r7
1000310e:	9410      	str	r4, [sp, #64]	; 0x40
10003110:	0037      	movs	r7, r6
10003112:	464c      	mov	r4, r9
10003114:	46a9      	mov	r9, r5
10003116:	4655      	mov	r5, sl
10003118:	e006      	b.n	10003128 <_vsnprintf+0x554>
1000311a:	001d      	movs	r5, r3
1000311c:	3401      	adds	r4, #1
1000311e:	1c56      	adds	r6, r2, #1
10003120:	4643      	mov	r3, r8
10003122:	4659      	mov	r1, fp
10003124:	47c8      	blx	r9
10003126:	0032      	movs	r2, r6
10003128:	7820      	ldrb	r0, [r4, #0]
1000312a:	2800      	cmp	r0, #0
1000312c:	d004      	beq.n	10003138 <_vsnprintf+0x564>
1000312e:	2f00      	cmp	r7, #0
10003130:	d0f4      	beq.n	1000311c <_vsnprintf+0x548>
10003132:	1e6b      	subs	r3, r5, #1
10003134:	2d00      	cmp	r5, #0
10003136:	d1f0      	bne.n	1000311a <_vsnprintf+0x546>
10003138:	0017      	movs	r7, r2
1000313a:	464d      	mov	r5, r9
1000313c:	9b0b      	ldr	r3, [sp, #44]	; 0x2c
1000313e:	2b00      	cmp	r3, #0
10003140:	d103      	bne.n	1000314a <_vsnprintf+0x576>
10003142:	9b11      	ldr	r3, [sp, #68]	; 0x44
10003144:	3301      	adds	r3, #1
10003146:	9311      	str	r3, [sp, #68]	; 0x44
10003148:	e554      	b.n	10002bf4 <_vsnprintf+0x20>
1000314a:	9f0a      	ldr	r7, [sp, #40]	; 0x28
1000314c:	9b10      	ldr	r3, [sp, #64]	; 0x40
1000314e:	e006      	b.n	1000315e <_vsnprintf+0x58a>
10003150:	1c56      	adds	r6, r2, #1
10003152:	4643      	mov	r3, r8
10003154:	4659      	mov	r1, fp
10003156:	2020      	movs	r0, #32
10003158:	47a8      	blx	r5
1000315a:	0023      	movs	r3, r4
1000315c:	0032      	movs	r2, r6
1000315e:	1c5c      	adds	r4, r3, #1
10003160:	429f      	cmp	r7, r3
10003162:	d8f5      	bhi.n	10003150 <_vsnprintf+0x57c>
10003164:	0017      	movs	r7, r2
10003166:	e7ec      	b.n	10003142 <_vsnprintf+0x56e>
10003168:	2321      	movs	r3, #33	; 0x21
1000316a:	431c      	orrs	r4, r3
1000316c:	9b1c      	ldr	r3, [sp, #112]	; 0x70
1000316e:	1d1a      	adds	r2, r3, #4
10003170:	921c      	str	r2, [sp, #112]	; 0x70
10003172:	681b      	ldr	r3, [r3, #0]
10003174:	9300      	str	r3, [sp, #0]
10003176:	9405      	str	r4, [sp, #20]
10003178:	2308      	movs	r3, #8
1000317a:	9304      	str	r3, [sp, #16]
1000317c:	4653      	mov	r3, sl
1000317e:	9303      	str	r3, [sp, #12]
10003180:	2310      	movs	r3, #16
10003182:	9302      	str	r3, [sp, #8]
10003184:	2300      	movs	r3, #0
10003186:	9301      	str	r3, [sp, #4]
10003188:	4643      	mov	r3, r8
1000318a:	003a      	movs	r2, r7
1000318c:	4659      	mov	r1, fp
1000318e:	0028      	movs	r0, r5
10003190:	f7ff f89c 	bl	100022cc <_ntoa_long>
10003194:	0007      	movs	r7, r0
10003196:	9b11      	ldr	r3, [sp, #68]	; 0x44
10003198:	3301      	adds	r3, #1
1000319a:	9311      	str	r3, [sp, #68]	; 0x44
1000319c:	e52a      	b.n	10002bf4 <_vsnprintf+0x20>
1000319e:	1c7c      	adds	r4, r7, #1
100031a0:	4643      	mov	r3, r8
100031a2:	003a      	movs	r2, r7
100031a4:	4659      	mov	r1, fp
100031a6:	2025      	movs	r0, #37	; 0x25
100031a8:	47a8      	blx	r5
100031aa:	9b11      	ldr	r3, [sp, #68]	; 0x44
100031ac:	3301      	adds	r3, #1
100031ae:	9311      	str	r3, [sp, #68]	; 0x44
100031b0:	0027      	movs	r7, r4
100031b2:	e51f      	b.n	10002bf4 <_vsnprintf+0x20>
100031b4:	1c7c      	adds	r4, r7, #1
100031b6:	4643      	mov	r3, r8
100031b8:	003a      	movs	r2, r7
100031ba:	4659      	mov	r1, fp
100031bc:	47a8      	blx	r5
100031be:	9b11      	ldr	r3, [sp, #68]	; 0x44
100031c0:	3301      	adds	r3, #1
100031c2:	9311      	str	r3, [sp, #68]	; 0x44
100031c4:	0027      	movs	r7, r4
100031c6:	e515      	b.n	10002bf4 <_vsnprintf+0x20>
100031c8:	4b0a      	ldr	r3, [pc, #40]	; (100031f4 <_vsnprintf+0x620>)
100031ca:	469a      	mov	sl, r3
100031cc:	e510      	b.n	10002bf0 <_vsnprintf+0x1c>
100031ce:	46aa      	mov	sl, r5
100031d0:	4547      	cmp	r7, r8
100031d2:	d302      	bcc.n	100031da <_vsnprintf+0x606>
100031d4:	4643      	mov	r3, r8
100031d6:	1e5a      	subs	r2, r3, #1
100031d8:	e000      	b.n	100031dc <_vsnprintf+0x608>
100031da:	003a      	movs	r2, r7
100031dc:	4643      	mov	r3, r8
100031de:	4659      	mov	r1, fp
100031e0:	2000      	movs	r0, #0
100031e2:	47d0      	blx	sl
100031e4:	0038      	movs	r0, r7
100031e6:	b013      	add	sp, #76	; 0x4c
100031e8:	bcf0      	pop	{r4, r5, r6, r7}
100031ea:	46bb      	mov	fp, r7
100031ec:	46b2      	mov	sl, r6
100031ee:	46a9      	mov	r9, r5
100031f0:	46a0      	mov	r8, r4
100031f2:	bdf0      	pop	{r4, r5, r6, r7, pc}
100031f4:	100020d9 	.word	0x100020d9

100031f8 <vfctprintf>:
100031f8:	b500      	push	{lr}
100031fa:	b085      	sub	sp, #20
100031fc:	9002      	str	r0, [sp, #8]
100031fe:	9103      	str	r1, [sp, #12]
10003200:	2101      	movs	r1, #1
10003202:	9300      	str	r3, [sp, #0]
10003204:	0013      	movs	r3, r2
10003206:	424a      	negs	r2, r1
10003208:	a902      	add	r1, sp, #8
1000320a:	4802      	ldr	r0, [pc, #8]	; (10003214 <vfctprintf+0x1c>)
1000320c:	f7ff fce2 	bl	10002bd4 <_vsnprintf>
10003210:	b005      	add	sp, #20
10003212:	bd00      	pop	{pc}
10003214:	100020db 	.word	0x100020db

10003218 <__aeabi_bits_init>:
10003218:	4801      	ldr	r0, [pc, #4]	; (10003220 <__aeabi_bits_init+0x8>)
1000321a:	2104      	movs	r1, #4
1000321c:	4b01      	ldr	r3, [pc, #4]	; (10003224 <__aeabi_bits_init+0xc>)
1000321e:	4718      	bx	r3
10003220:	200002b0 	.word	0x200002b0
10003224:	10003249 	.word	0x10003249

10003228 <rom_func_lookup>:
10003228:	b510      	push	{r4, lr}
1000322a:	0001      	movs	r1, r0
1000322c:	2318      	movs	r3, #24
1000322e:	881b      	ldrh	r3, [r3, #0]
10003230:	2214      	movs	r2, #20
10003232:	8810      	ldrh	r0, [r2, #0]
10003234:	4798      	blx	r3
10003236:	bd10      	pop	{r4, pc}

10003238 <rom_data_lookup>:
10003238:	b510      	push	{r4, lr}
1000323a:	0001      	movs	r1, r0
1000323c:	2318      	movs	r3, #24
1000323e:	881b      	ldrh	r3, [r3, #0]
10003240:	2216      	movs	r2, #22
10003242:	8810      	ldrh	r0, [r2, #0]
10003244:	4798      	blx	r3
10003246:	bd10      	pop	{r4, pc}

10003248 <rom_funcs_lookup>:
10003248:	b5f0      	push	{r4, r5, r6, r7, lr}
1000324a:	46c6      	mov	lr, r8
1000324c:	b500      	push	{lr}
1000324e:	0007      	movs	r7, r0
10003250:	000e      	movs	r6, r1
10003252:	2500      	movs	r5, #0
10003254:	2301      	movs	r3, #1
10003256:	4698      	mov	r8, r3
10003258:	e000      	b.n	1000325c <rom_funcs_lookup+0x14>
1000325a:	3501      	adds	r5, #1
1000325c:	42b5      	cmp	r5, r6
1000325e:	d20a      	bcs.n	10003276 <rom_funcs_lookup+0x2e>
10003260:	00ac      	lsls	r4, r5, #2
10003262:	193c      	adds	r4, r7, r4
10003264:	6820      	ldr	r0, [r4, #0]
10003266:	f7ff ffdf 	bl	10003228 <rom_func_lookup>
1000326a:	6020      	str	r0, [r4, #0]
1000326c:	2800      	cmp	r0, #0
1000326e:	d1f4      	bne.n	1000325a <rom_funcs_lookup+0x12>
10003270:	2300      	movs	r3, #0
10003272:	4698      	mov	r8, r3
10003274:	e7f1      	b.n	1000325a <rom_funcs_lookup+0x12>
10003276:	4640      	mov	r0, r8
10003278:	bc80      	pop	{r7}
1000327a:	46b8      	mov	r8, r7
1000327c:	bdf0      	pop	{r4, r5, r6, r7, pc}
	...

10003280 <__wrap___aeabi_idiv>:
10003280:	4a12      	ldr	r2, [pc, #72]	; (100032cc <divmod_s32s32_savestate+0x18>)
10003282:	6f93      	ldr	r3, [r2, #120]	; 0x78
10003284:	089b      	lsrs	r3, r3, #2
10003286:	d215      	bcs.n	100032b4 <divmod_s32s32_savestate>

10003288 <divmod_s32s32_unsafe>:
10003288:	6690      	str	r0, [r2, #104]	; 0x68
1000328a:	66d1      	str	r1, [r2, #108]	; 0x6c
1000328c:	2900      	cmp	r1, #0
1000328e:	d005      	beq.n	1000329c <divmod_s32s32_unsafe+0x14>
10003290:	e7ff      	b.n	10003292 <divmod_s32s32_unsafe+0xa>
10003292:	e7ff      	b.n	10003294 <divmod_s32s32_unsafe+0xc>
10003294:	e7ff      	b.n	10003296 <divmod_s32s32_unsafe+0xe>
10003296:	6f51      	ldr	r1, [r2, #116]	; 0x74
10003298:	6f10      	ldr	r0, [r2, #112]	; 0x70
1000329a:	4770      	bx	lr
1000329c:	b504      	push	{r2, lr}
1000329e:	2180      	movs	r1, #128	; 0x80
100032a0:	0609      	lsls	r1, r1, #24
100032a2:	17c2      	asrs	r2, r0, #31
100032a4:	4051      	eors	r1, r2
100032a6:	2800      	cmp	r0, #0
100032a8:	d000      	beq.n	100032ac <divmod_s32s32_unsafe+0x24>
100032aa:	43c8      	mvns	r0, r1
100032ac:	f000 febc 	bl	10004028 <____aeabi_idiv0_veneer>
100032b0:	2100      	movs	r1, #0
100032b2:	bd04      	pop	{r2, pc}

100032b4 <divmod_s32s32_savestate>:
100032b4:	b5f0      	push	{r4, r5, r6, r7, lr}
100032b6:	6e14      	ldr	r4, [r2, #96]	; 0x60
100032b8:	6e55      	ldr	r5, [r2, #100]	; 0x64
100032ba:	6f57      	ldr	r7, [r2, #116]	; 0x74
100032bc:	6f16      	ldr	r6, [r2, #112]	; 0x70
100032be:	f7ff ffe3 	bl	10003288 <divmod_s32s32_unsafe>
100032c2:	6614      	str	r4, [r2, #96]	; 0x60
100032c4:	6655      	str	r5, [r2, #100]	; 0x64
100032c6:	6757      	str	r7, [r2, #116]	; 0x74
100032c8:	6716      	str	r6, [r2, #112]	; 0x70
100032ca:	bdf0      	pop	{r4, r5, r6, r7, pc}
100032cc:	d0000000 	.word	0xd0000000

100032d0 <__wrap___aeabi_uidiv>:
100032d0:	4a11      	ldr	r2, [pc, #68]	; (10003318 <divmod_u32u32_savestate+0x18>)
100032d2:	6f93      	ldr	r3, [r2, #120]	; 0x78
100032d4:	089b      	lsrs	r3, r3, #2
100032d6:	d213      	bcs.n	10003300 <divmod_u32u32_savestate>

100032d8 <divmod_u32u32_unsafe>:
100032d8:	6610      	str	r0, [r2, #96]	; 0x60
100032da:	6651      	str	r1, [r2, #100]	; 0x64
100032dc:	2900      	cmp	r1, #0
100032de:	d005      	beq.n	100032ec <divmod_u32u32_unsafe+0x14>
100032e0:	e7ff      	b.n	100032e2 <divmod_u32u32_unsafe+0xa>
100032e2:	e7ff      	b.n	100032e4 <divmod_u32u32_unsafe+0xc>
100032e4:	e7ff      	b.n	100032e6 <divmod_u32u32_unsafe+0xe>
100032e6:	6f51      	ldr	r1, [r2, #116]	; 0x74
100032e8:	6f10      	ldr	r0, [r2, #112]	; 0x70
100032ea:	4770      	bx	lr
100032ec:	b504      	push	{r2, lr}
100032ee:	2800      	cmp	r0, #0
100032f0:	d001      	beq.n	100032f6 <divmod_u32u32_unsafe+0x1e>
100032f2:	2000      	movs	r0, #0
100032f4:	43c0      	mvns	r0, r0
100032f6:	f000 fe97 	bl	10004028 <____aeabi_idiv0_veneer>
100032fa:	2100      	movs	r1, #0
100032fc:	bd04      	pop	{r2, pc}
100032fe:	46c0      	nop			; (mov r8, r8)

10003300 <divmod_u32u32_savestate>:
10003300:	b5f0      	push	{r4, r5, r6, r7, lr}
10003302:	6e14      	ldr	r4, [r2, #96]	; 0x60
10003304:	6e55      	ldr	r5, [r2, #100]	; 0x64
10003306:	6f57      	ldr	r7, [r2, #116]	; 0x74
10003308:	6f16      	ldr	r6, [r2, #112]	; 0x70
1000330a:	f7ff ffe5 	bl	100032d8 <divmod_u32u32_unsafe>
1000330e:	6614      	str	r4, [r2, #96]	; 0x60
10003310:	6655      	str	r5, [r2, #100]	; 0x64
10003312:	6757      	str	r7, [r2, #116]	; 0x74
10003314:	6716      	str	r6, [r2, #112]	; 0x70
10003316:	bdf0      	pop	{r4, r5, r6, r7, pc}
10003318:	d0000000 	.word	0xd0000000

1000331c <__wrap___aeabi_ldivmod>:
1000331c:	4694      	mov	ip, r2
1000331e:	4a4a      	ldr	r2, [pc, #296]	; (10003448 <udiv0+0x1a>)
10003320:	6f92      	ldr	r2, [r2, #120]	; 0x78
10003322:	0892      	lsrs	r2, r2, #2
10003324:	4662      	mov	r2, ip
10003326:	d201      	bcs.n	1000332c <divmod_s64s64_savestate>
10003328:	e028      	b.n	1000337c <divmod_s64s64_unsafe>
1000332a:	46c0      	nop			; (mov r8, r8)

1000332c <divmod_s64s64_savestate>:
1000332c:	b5f0      	push	{r4, r5, r6, r7, lr}
1000332e:	4e46      	ldr	r6, [pc, #280]	; (10003448 <udiv0+0x1a>)
10003330:	6e34      	ldr	r4, [r6, #96]	; 0x60
10003332:	6e75      	ldr	r5, [r6, #100]	; 0x64
10003334:	6f77      	ldr	r7, [r6, #116]	; 0x74
10003336:	6f36      	ldr	r6, [r6, #112]	; 0x70
10003338:	f000 f820 	bl	1000337c <divmod_s64s64_unsafe>
1000333c:	4694      	mov	ip, r2
1000333e:	4a42      	ldr	r2, [pc, #264]	; (10003448 <udiv0+0x1a>)
10003340:	6614      	str	r4, [r2, #96]	; 0x60
10003342:	6655      	str	r5, [r2, #100]	; 0x64
10003344:	6757      	str	r7, [r2, #116]	; 0x74
10003346:	6716      	str	r6, [r2, #112]	; 0x70
10003348:	4662      	mov	r2, ip
1000334a:	bdf0      	pop	{r4, r5, r6, r7, pc}

1000334c <__wrap___aeabi_uldivmod>:
1000334c:	4694      	mov	ip, r2
1000334e:	4a3e      	ldr	r2, [pc, #248]	; (10003448 <udiv0+0x1a>)
10003350:	6f92      	ldr	r2, [r2, #120]	; 0x78
10003352:	0892      	lsrs	r2, r2, #2
10003354:	4662      	mov	r2, ip
10003356:	d201      	bcs.n	1000335c <divmod_u64u64_savestate>
10003358:	e054      	b.n	10003404 <divmod_u64u64_unsafe>
1000335a:	46c0      	nop			; (mov r8, r8)

1000335c <divmod_u64u64_savestate>:
1000335c:	b5f0      	push	{r4, r5, r6, r7, lr}
1000335e:	4e3a      	ldr	r6, [pc, #232]	; (10003448 <udiv0+0x1a>)
10003360:	6e34      	ldr	r4, [r6, #96]	; 0x60
10003362:	6e75      	ldr	r5, [r6, #100]	; 0x64
10003364:	6f77      	ldr	r7, [r6, #116]	; 0x74
10003366:	6f36      	ldr	r6, [r6, #112]	; 0x70
10003368:	f000 f84c 	bl	10003404 <divmod_u64u64_unsafe>
1000336c:	4694      	mov	ip, r2
1000336e:	4a36      	ldr	r2, [pc, #216]	; (10003448 <udiv0+0x1a>)
10003370:	6614      	str	r4, [r2, #96]	; 0x60
10003372:	6655      	str	r5, [r2, #100]	; 0x64
10003374:	6757      	str	r7, [r2, #116]	; 0x74
10003376:	6716      	str	r6, [r2, #112]	; 0x70
10003378:	4662      	mov	r2, ip
1000337a:	bdf0      	pop	{r4, r5, r6, r7, pc}

1000337c <divmod_s64s64_unsafe>:
1000337c:	2b00      	cmp	r3, #0
1000337e:	db24      	blt.n	100033ca <l42_1+0x26>
10003380:	d011      	beq.n	100033a6 <l42_1+0x2>
10003382:	2900      	cmp	r1, #0
10003384:	da3e      	bge.n	10003404 <divmod_u64u64_unsafe>
10003386:	b500      	push	{lr}
10003388:	43c9      	mvns	r1, r1
1000338a:	4240      	negs	r0, r0
1000338c:	d100      	bne.n	10003390 <l40_1>
1000338e:	3101      	adds	r1, #1

10003390 <l40_1>:
10003390:	f000 f838 	bl	10003404 <divmod_u64u64_unsafe>
10003394:	43c9      	mvns	r1, r1
10003396:	4240      	negs	r0, r0
10003398:	d100      	bne.n	1000339c <l41_1>
1000339a:	3101      	adds	r1, #1

1000339c <l41_1>:
1000339c:	43db      	mvns	r3, r3
1000339e:	4252      	negs	r2, r2
100033a0:	d100      	bne.n	100033a4 <l42_1>
100033a2:	3301      	adds	r3, #1

100033a4 <l42_1>:
100033a4:	bd00      	pop	{pc}
100033a6:	2a00      	cmp	r2, #0
100033a8:	d1eb      	bne.n	10003382 <divmod_s64s64_unsafe+0x6>
100033aa:	2800      	cmp	r0, #0
100033ac:	d101      	bne.n	100033b2 <l42_1+0xe>
100033ae:	2900      	cmp	r1, #0
100033b0:	d005      	beq.n	100033be <l42_1+0x1a>
100033b2:	2000      	movs	r0, #0
100033b4:	0fc9      	lsrs	r1, r1, #31
100033b6:	07c9      	lsls	r1, r1, #31
100033b8:	d101      	bne.n	100033be <l42_1+0x1a>
100033ba:	43c0      	mvns	r0, r0
100033bc:	0841      	lsrs	r1, r0, #1
100033be:	b500      	push	{lr}
100033c0:	f000 fe2a 	bl	10004018 <____aeabi_ldiv0_veneer>
100033c4:	2200      	movs	r2, #0
100033c6:	2300      	movs	r3, #0
100033c8:	bd00      	pop	{pc}
100033ca:	b500      	push	{lr}
100033cc:	2900      	cmp	r1, #0
100033ce:	db0a      	blt.n	100033e6 <l44_1+0x2>
100033d0:	43db      	mvns	r3, r3
100033d2:	4252      	negs	r2, r2
100033d4:	d100      	bne.n	100033d8 <l43_1>
100033d6:	3301      	adds	r3, #1

100033d8 <l43_1>:
100033d8:	f000 f814 	bl	10003404 <divmod_u64u64_unsafe>
100033dc:	43c9      	mvns	r1, r1
100033de:	4240      	negs	r0, r0
100033e0:	d100      	bne.n	100033e4 <l44_1>
100033e2:	3101      	adds	r1, #1

100033e4 <l44_1>:
100033e4:	bd00      	pop	{pc}
100033e6:	43c9      	mvns	r1, r1
100033e8:	4240      	negs	r0, r0
100033ea:	d100      	bne.n	100033ee <l45_1>
100033ec:	3101      	adds	r1, #1

100033ee <l45_1>:
100033ee:	43db      	mvns	r3, r3
100033f0:	4252      	negs	r2, r2
100033f2:	d100      	bne.n	100033f6 <l46_1>
100033f4:	3301      	adds	r3, #1

100033f6 <l46_1>:
100033f6:	f000 f805 	bl	10003404 <divmod_u64u64_unsafe>
100033fa:	43db      	mvns	r3, r3
100033fc:	4252      	negs	r2, r2
100033fe:	d100      	bne.n	10003402 <l47_1>
10003400:	3301      	adds	r3, #1

10003402 <l47_1>:
10003402:	bd00      	pop	{pc}

10003404 <divmod_u64u64_unsafe>:
10003404:	2900      	cmp	r1, #0
10003406:	d123      	bne.n	10003450 <y64>
10003408:	2b00      	cmp	r3, #0
1000340a:	d118      	bne.n	1000343e <udiv0+0x10>
1000340c:	2a00      	cmp	r2, #0
1000340e:	d00c      	beq.n	1000342a <divmod_u64u64_unsafe+0x26>
10003410:	46bc      	mov	ip, r7
10003412:	4f0d      	ldr	r7, [pc, #52]	; (10003448 <udiv0+0x1a>)
10003414:	6638      	str	r0, [r7, #96]	; 0x60
10003416:	667a      	str	r2, [r7, #100]	; 0x64
10003418:	2100      	movs	r1, #0
1000341a:	2300      	movs	r3, #0
1000341c:	e7ff      	b.n	1000341e <divmod_u64u64_unsafe+0x1a>
1000341e:	e7ff      	b.n	10003420 <divmod_u64u64_unsafe+0x1c>
10003420:	e7ff      	b.n	10003422 <divmod_u64u64_unsafe+0x1e>
10003422:	6f7a      	ldr	r2, [r7, #116]	; 0x74
10003424:	6f38      	ldr	r0, [r7, #112]	; 0x70
10003426:	4667      	mov	r7, ip
10003428:	4770      	bx	lr
1000342a:	2800      	cmp	r0, #0
1000342c:	d001      	beq.n	10003432 <udiv0+0x4>

1000342e <udiv0>:
1000342e:	4807      	ldr	r0, [pc, #28]	; (1000344c <udiv0+0x1e>)
10003430:	0001      	movs	r1, r0
10003432:	b500      	push	{lr}
10003434:	f000 fdf0 	bl	10004018 <____aeabi_ldiv0_veneer>
10003438:	2200      	movs	r2, #0
1000343a:	2300      	movs	r3, #0
1000343c:	bd00      	pop	{pc}
1000343e:	0002      	movs	r2, r0
10003440:	000b      	movs	r3, r1
10003442:	2000      	movs	r0, #0
10003444:	2100      	movs	r1, #0
10003446:	4770      	bx	lr
10003448:	d0000000 	.word	0xd0000000
1000344c:	ffffffff 	.word	0xffffffff

10003450 <y64>:
10003450:	2b00      	cmp	r3, #0
10003452:	d000      	beq.n	10003456 <y64+0x6>
10003454:	e0bf      	b.n	100035d6 <y64_x48>
10003456:	0c13      	lsrs	r3, r2, #16
10003458:	d128      	bne.n	100034ac <y64_x32>
1000345a:	2a00      	cmp	r2, #0
1000345c:	d0e7      	beq.n	1000342e <udiv0>
1000345e:	b480      	push	{r7}
10003460:	4f11      	ldr	r7, [pc, #68]	; (100034a8 <y64+0x58>)
10003462:	6639      	str	r1, [r7, #96]	; 0x60
10003464:	667a      	str	r2, [r7, #100]	; 0x64
10003466:	e7ff      	b.n	10003468 <y64+0x18>
10003468:	e7ff      	b.n	1000346a <y64+0x1a>
1000346a:	b430      	push	{r4, r5}
1000346c:	0c04      	lsrs	r4, r0, #16
1000346e:	6f7b      	ldr	r3, [r7, #116]	; 0x74
10003470:	6f39      	ldr	r1, [r7, #112]	; 0x70
10003472:	041b      	lsls	r3, r3, #16
10003474:	4323      	orrs	r3, r4
10003476:	663b      	str	r3, [r7, #96]	; 0x60
10003478:	667a      	str	r2, [r7, #100]	; 0x64
1000347a:	e7ff      	b.n	1000347c <y64+0x2c>
1000347c:	e7ff      	b.n	1000347e <y64+0x2e>
1000347e:	e7ff      	b.n	10003480 <y64+0x30>
10003480:	46c0      	nop			; (mov r8, r8)
10003482:	b284      	uxth	r4, r0
10003484:	6f7b      	ldr	r3, [r7, #116]	; 0x74
10003486:	6f3d      	ldr	r5, [r7, #112]	; 0x70
10003488:	041b      	lsls	r3, r3, #16
1000348a:	4323      	orrs	r3, r4
1000348c:	663b      	str	r3, [r7, #96]	; 0x60
1000348e:	667a      	str	r2, [r7, #100]	; 0x64
10003490:	e7ff      	b.n	10003492 <y64+0x42>
10003492:	e7ff      	b.n	10003494 <y64+0x44>
10003494:	46c0      	nop			; (mov r8, r8)
10003496:	2300      	movs	r3, #0
10003498:	042c      	lsls	r4, r5, #16
1000349a:	0c2d      	lsrs	r5, r5, #16
1000349c:	6f7a      	ldr	r2, [r7, #116]	; 0x74
1000349e:	6f38      	ldr	r0, [r7, #112]	; 0x70
100034a0:	1900      	adds	r0, r0, r4
100034a2:	4169      	adcs	r1, r5
100034a4:	bcb0      	pop	{r4, r5, r7}
100034a6:	4770      	bx	lr
100034a8:	d0000000 	.word	0xd0000000

100034ac <y64_x32>:
100034ac:	b5f0      	push	{r4, r5, r6, r7, lr}
100034ae:	4694      	mov	ip, r2
100034b0:	2500      	movs	r5, #0
100034b2:	0e14      	lsrs	r4, r2, #24
100034b4:	d101      	bne.n	100034ba <y64_x32+0xe>
100034b6:	0212      	lsls	r2, r2, #8
100034b8:	3508      	adds	r5, #8
100034ba:	0f14      	lsrs	r4, r2, #28
100034bc:	d101      	bne.n	100034c2 <y64_x32+0x16>
100034be:	0112      	lsls	r2, r2, #4
100034c0:	3504      	adds	r5, #4
100034c2:	0f94      	lsrs	r4, r2, #30
100034c4:	d101      	bne.n	100034ca <y64_x32+0x1e>
100034c6:	0092      	lsls	r2, r2, #2
100034c8:	3502      	adds	r5, #2
100034ca:	0fd4      	lsrs	r4, r2, #31
100034cc:	d101      	bne.n	100034d2 <y64_x32+0x26>
100034ce:	0052      	lsls	r2, r2, #1
100034d0:	3501      	adds	r5, #1
100034d2:	0bd4      	lsrs	r4, r2, #15
100034d4:	3401      	adds	r4, #1
100034d6:	4f25      	ldr	r7, [pc, #148]	; (1000356c <y64_x32+0xc0>)
100034d8:	667c      	str	r4, [r7, #100]	; 0x64
100034da:	4c25      	ldr	r4, [pc, #148]	; (10003570 <y64_x32+0xc4>)
100034dc:	663c      	str	r4, [r7, #96]	; 0x60
100034de:	0c0e      	lsrs	r6, r1, #16
100034e0:	b293      	uxth	r3, r2
100034e2:	e7ff      	b.n	100034e4 <y64_x32+0x38>
100034e4:	e7ff      	b.n	100034e6 <y64_x32+0x3a>
100034e6:	e7ff      	b.n	100034e8 <y64_x32+0x3c>
100034e8:	6f3c      	ldr	r4, [r7, #112]	; 0x70
100034ea:	4366      	muls	r6, r4
100034ec:	0c36      	lsrs	r6, r6, #16
100034ee:	0377      	lsls	r7, r6, #13
100034f0:	46be      	mov	lr, r7
100034f2:	4373      	muls	r3, r6
100034f4:	0bdf      	lsrs	r7, r3, #15
100034f6:	045b      	lsls	r3, r3, #17
100034f8:	1ac0      	subs	r0, r0, r3
100034fa:	41b9      	sbcs	r1, r7
100034fc:	0c13      	lsrs	r3, r2, #16
100034fe:	4373      	muls	r3, r6
10003500:	18db      	adds	r3, r3, r3
10003502:	1ac9      	subs	r1, r1, r3
10003504:	08ce      	lsrs	r6, r1, #3
10003506:	4366      	muls	r6, r4
10003508:	0c36      	lsrs	r6, r6, #16
1000350a:	44b6      	add	lr, r6
1000350c:	b293      	uxth	r3, r2
1000350e:	4373      	muls	r3, r6
10003510:	0f1f      	lsrs	r7, r3, #28
10003512:	011b      	lsls	r3, r3, #4
10003514:	1ac0      	subs	r0, r0, r3
10003516:	41b9      	sbcs	r1, r7
10003518:	0c13      	lsrs	r3, r2, #16
1000351a:	4373      	muls	r3, r6
1000351c:	0b1f      	lsrs	r7, r3, #12
1000351e:	051b      	lsls	r3, r3, #20
10003520:	1ac0      	subs	r0, r0, r3
10003522:	41b9      	sbcs	r1, r7
10003524:	0d86      	lsrs	r6, r0, #22
10003526:	028f      	lsls	r7, r1, #10
10003528:	433e      	orrs	r6, r7
1000352a:	4366      	muls	r6, r4
1000352c:	0c36      	lsrs	r6, r6, #16
1000352e:	2d09      	cmp	r5, #9
10003530:	db24      	blt.n	1000357c <last0>
10003532:	0a52      	lsrs	r2, r2, #9
10003534:	4372      	muls	r2, r6
10003536:	1a80      	subs	r0, r0, r2
10003538:	0377      	lsls	r7, r6, #13
1000353a:	0a46      	lsrs	r6, r0, #9
1000353c:	4366      	muls	r6, r4
1000353e:	0c36      	lsrs	r6, r6, #16
10003540:	2316      	movs	r3, #22
10003542:	1b5b      	subs	r3, r3, r5
10003544:	40de      	lsrs	r6, r3
10003546:	40df      	lsrs	r7, r3
10003548:	19bf      	adds	r7, r7, r6
1000354a:	4664      	mov	r4, ip
1000354c:	4366      	muls	r6, r4
1000354e:	1b82      	subs	r2, r0, r6
10003550:	4670      	mov	r0, lr
10003552:	3504      	adds	r5, #4
10003554:	3306      	adds	r3, #6
10003556:	0001      	movs	r1, r0
10003558:	40d9      	lsrs	r1, r3
1000355a:	40a8      	lsls	r0, r5
1000355c:	19c0      	adds	r0, r0, r7
1000355e:	d300      	bcc.n	10003562 <y64_x32+0xb6>
10003560:	3101      	adds	r1, #1
10003562:	42a2      	cmp	r2, r4
10003564:	d206      	bcs.n	10003574 <y64_x32+0xc8>
10003566:	2300      	movs	r3, #0
10003568:	bdf0      	pop	{r4, r5, r6, r7, pc}
1000356a:	0000      	.short	0x0000
1000356c:	d0000000 	.word	0xd0000000
10003570:	ffffffff 	.word	0xffffffff
10003574:	1b12      	subs	r2, r2, r4
10003576:	3001      	adds	r0, #1
10003578:	d3f3      	bcc.n	10003562 <y64_x32+0xb6>
1000357a:	e7f1      	b.n	10003560 <y64_x32+0xb4>

1000357c <last0>:
1000357c:	2709      	movs	r7, #9
1000357e:	1b7f      	subs	r7, r7, r5
10003580:	40fe      	lsrs	r6, r7
10003582:	4664      	mov	r4, ip
10003584:	b2a2      	uxth	r2, r4
10003586:	4372      	muls	r2, r6
10003588:	1a80      	subs	r0, r0, r2
1000358a:	d200      	bcs.n	1000358e <last0+0x12>
1000358c:	3901      	subs	r1, #1
1000358e:	0c22      	lsrs	r2, r4, #16
10003590:	4372      	muls	r2, r6
10003592:	0c13      	lsrs	r3, r2, #16
10003594:	0412      	lsls	r2, r2, #16
10003596:	1a82      	subs	r2, r0, r2
10003598:	4199      	sbcs	r1, r3
1000359a:	000b      	movs	r3, r1
1000359c:	4670      	mov	r0, lr
1000359e:	3504      	adds	r5, #4
100035a0:	3713      	adds	r7, #19
100035a2:	0001      	movs	r1, r0
100035a4:	40f9      	lsrs	r1, r7
100035a6:	40a8      	lsls	r0, r5
100035a8:	1980      	adds	r0, r0, r6
100035aa:	d300      	bcc.n	100035ae <last0+0x32>
100035ac:	3101      	adds	r1, #1
100035ae:	2b00      	cmp	r3, #0
100035b0:	d102      	bne.n	100035b8 <last0+0x3c>
100035b2:	42a2      	cmp	r2, r4
100035b4:	d20a      	bcs.n	100035cc <last0+0x50>
100035b6:	bdf0      	pop	{r4, r5, r6, r7, pc}
100035b8:	3001      	adds	r0, #1
100035ba:	d300      	bcc.n	100035be <last0+0x42>
100035bc:	3101      	adds	r1, #1
100035be:	1b12      	subs	r2, r2, r4
100035c0:	d2fa      	bcs.n	100035b8 <last0+0x3c>
100035c2:	3b01      	subs	r3, #1
100035c4:	d1f8      	bne.n	100035b8 <last0+0x3c>
100035c6:	42a2      	cmp	r2, r4
100035c8:	d200      	bcs.n	100035cc <last0+0x50>
100035ca:	bdf0      	pop	{r4, r5, r6, r7, pc}
100035cc:	3001      	adds	r0, #1
100035ce:	d300      	bcc.n	100035d2 <last0+0x56>
100035d0:	3101      	adds	r1, #1
100035d2:	1b12      	subs	r2, r2, r4
100035d4:	e7f7      	b.n	100035c6 <last0+0x4a>

100035d6 <y64_x48>:
100035d6:	b5f0      	push	{r4, r5, r6, r7, lr}
100035d8:	0c1c      	lsrs	r4, r3, #16
100035da:	d000      	beq.n	100035de <y64_x48+0x8>
100035dc:	e080      	b.n	100036e0 <y64_x64>
100035de:	b40c      	push	{r2, r3}
100035e0:	2500      	movs	r5, #0
100035e2:	0a1c      	lsrs	r4, r3, #8
100035e4:	d104      	bne.n	100035f0 <y64_x48+0x1a>
100035e6:	021b      	lsls	r3, r3, #8
100035e8:	0e16      	lsrs	r6, r2, #24
100035ea:	4333      	orrs	r3, r6
100035ec:	0212      	lsls	r2, r2, #8
100035ee:	3508      	adds	r5, #8
100035f0:	0b1c      	lsrs	r4, r3, #12
100035f2:	d104      	bne.n	100035fe <y64_x48+0x28>
100035f4:	011b      	lsls	r3, r3, #4
100035f6:	0f16      	lsrs	r6, r2, #28
100035f8:	4333      	orrs	r3, r6
100035fa:	0112      	lsls	r2, r2, #4
100035fc:	3504      	adds	r5, #4
100035fe:	0b9c      	lsrs	r4, r3, #14
10003600:	d104      	bne.n	1000360c <y64_x48+0x36>
10003602:	009b      	lsls	r3, r3, #2
10003604:	0f96      	lsrs	r6, r2, #30
10003606:	4333      	orrs	r3, r6
10003608:	0092      	lsls	r2, r2, #2
1000360a:	3502      	adds	r5, #2
1000360c:	0bdc      	lsrs	r4, r3, #15
1000360e:	d102      	bne.n	10003616 <y64_x48+0x40>
10003610:	1892      	adds	r2, r2, r2
10003612:	415b      	adcs	r3, r3
10003614:	3501      	adds	r5, #1
10003616:	001c      	movs	r4, r3
10003618:	1897      	adds	r7, r2, r2
1000361a:	4164      	adcs	r4, r4
1000361c:	3401      	adds	r4, #1
1000361e:	4f46      	ldr	r7, [pc, #280]	; (10003738 <y64_x64+0x58>)
10003620:	667c      	str	r4, [r7, #100]	; 0x64
10003622:	4c46      	ldr	r4, [pc, #280]	; (1000373c <y64_x64+0x5c>)
10003624:	663c      	str	r4, [r7, #96]	; 0x60
10003626:	0c0e      	lsrs	r6, r1, #16
10003628:	e7ff      	b.n	1000362a <y64_x48+0x54>
1000362a:	e7ff      	b.n	1000362c <y64_x48+0x56>
1000362c:	e7ff      	b.n	1000362e <y64_x48+0x58>
1000362e:	46c0      	nop			; (mov r8, r8)
10003630:	6f3c      	ldr	r4, [r7, #112]	; 0x70
10003632:	4366      	muls	r6, r4
10003634:	0c36      	lsrs	r6, r6, #16
10003636:	0377      	lsls	r7, r6, #13
10003638:	46be      	mov	lr, r7
1000363a:	b297      	uxth	r7, r2
1000363c:	4377      	muls	r7, r6
1000363e:	1bc0      	subs	r0, r0, r7
10003640:	d200      	bcs.n	10003644 <y64_x48+0x6e>
10003642:	3901      	subs	r1, #1
10003644:	1bc0      	subs	r0, r0, r7
10003646:	d200      	bcs.n	1000364a <y64_x48+0x74>
10003648:	3901      	subs	r1, #1
1000364a:	b29f      	uxth	r7, r3
1000364c:	4377      	muls	r7, r6
1000364e:	1bc9      	subs	r1, r1, r7
10003650:	1bc9      	subs	r1, r1, r7
10003652:	0c17      	lsrs	r7, r2, #16
10003654:	4377      	muls	r7, r6
10003656:	047e      	lsls	r6, r7, #17
10003658:	0bff      	lsrs	r7, r7, #15
1000365a:	1b80      	subs	r0, r0, r6
1000365c:	41b9      	sbcs	r1, r7
1000365e:	08ce      	lsrs	r6, r1, #3
10003660:	4366      	muls	r6, r4
10003662:	0c36      	lsrs	r6, r6, #16
10003664:	2d0c      	cmp	r5, #12
10003666:	db33      	blt.n	100036d0 <last1>
10003668:	44b6      	add	lr, r6
1000366a:	0b12      	lsrs	r2, r2, #12
1000366c:	051f      	lsls	r7, r3, #20
1000366e:	433a      	orrs	r2, r7
10003670:	0b1b      	lsrs	r3, r3, #12
10003672:	b297      	uxth	r7, r2
10003674:	4377      	muls	r7, r6
10003676:	1bc0      	subs	r0, r0, r7
10003678:	d200      	bcs.n	1000367c <y64_x48+0xa6>
1000367a:	3901      	subs	r1, #1
1000367c:	b29f      	uxth	r7, r3
1000367e:	4377      	muls	r7, r6
10003680:	1bc9      	subs	r1, r1, r7
10003682:	0c17      	lsrs	r7, r2, #16
10003684:	4377      	muls	r7, r6
10003686:	043e      	lsls	r6, r7, #16
10003688:	0c3f      	lsrs	r7, r7, #16
1000368a:	1b80      	subs	r0, r0, r6
1000368c:	41b9      	sbcs	r1, r7
1000368e:	0d86      	lsrs	r6, r0, #22
10003690:	028f      	lsls	r7, r1, #10
10003692:	433e      	orrs	r6, r7
10003694:	4366      	muls	r6, r4
10003696:	2729      	movs	r7, #41	; 0x29
10003698:	1b7f      	subs	r7, r7, r5
1000369a:	40fe      	lsrs	r6, r7
1000369c:	3d0c      	subs	r5, #12
1000369e:	4677      	mov	r7, lr
100036a0:	40af      	lsls	r7, r5
100036a2:	19bf      	adds	r7, r7, r6
100036a4:	bc30      	pop	{r4, r5}
100036a6:	b2a2      	uxth	r2, r4
100036a8:	b2ab      	uxth	r3, r5
100036aa:	4372      	muls	r2, r6
100036ac:	4373      	muls	r3, r6
100036ae:	1a80      	subs	r0, r0, r2
100036b0:	4199      	sbcs	r1, r3
100036b2:	0c22      	lsrs	r2, r4, #16
100036b4:	4372      	muls	r2, r6
100036b6:	0c13      	lsrs	r3, r2, #16
100036b8:	0412      	lsls	r2, r2, #16
100036ba:	1a80      	subs	r0, r0, r2
100036bc:	4199      	sbcs	r1, r3
100036be:	0002      	movs	r2, r0
100036c0:	000b      	movs	r3, r1
100036c2:	3701      	adds	r7, #1
100036c4:	1b00      	subs	r0, r0, r4
100036c6:	41a9      	sbcs	r1, r5
100036c8:	d2f9      	bcs.n	100036be <y64_x48+0xe8>
100036ca:	1e78      	subs	r0, r7, #1
100036cc:	2100      	movs	r1, #0
100036ce:	bdf0      	pop	{r4, r5, r6, r7, pc}

100036d0 <last1>:
100036d0:	270c      	movs	r7, #12
100036d2:	1b7f      	subs	r7, r7, r5
100036d4:	40fe      	lsrs	r6, r7
100036d6:	4677      	mov	r7, lr
100036d8:	0b7f      	lsrs	r7, r7, #13
100036da:	40af      	lsls	r7, r5
100036dc:	19ff      	adds	r7, r7, r7
100036de:	e7e0      	b.n	100036a2 <y64_x48+0xcc>

100036e0 <y64_x64>:
100036e0:	2400      	movs	r4, #0
100036e2:	1c5d      	adds	r5, r3, #1
100036e4:	d007      	beq.n	100036f6 <y64_x64+0x16>
100036e6:	4f14      	ldr	r7, [pc, #80]	; (10003738 <y64_x64+0x58>)
100036e8:	667d      	str	r5, [r7, #100]	; 0x64
100036ea:	6639      	str	r1, [r7, #96]	; 0x60
100036ec:	e7ff      	b.n	100036ee <y64_x64+0xe>
100036ee:	e7ff      	b.n	100036f0 <y64_x64+0x10>
100036f0:	e7ff      	b.n	100036f2 <y64_x64+0x12>
100036f2:	e7ff      	b.n	100036f4 <y64_x64+0x14>
100036f4:	6f3c      	ldr	r4, [r7, #112]	; 0x70
100036f6:	b295      	uxth	r5, r2
100036f8:	b29e      	uxth	r6, r3
100036fa:	4365      	muls	r5, r4
100036fc:	4366      	muls	r6, r4
100036fe:	1b40      	subs	r0, r0, r5
10003700:	41b1      	sbcs	r1, r6
10003702:	0c15      	lsrs	r5, r2, #16
10003704:	0c1e      	lsrs	r6, r3, #16
10003706:	4365      	muls	r5, r4
10003708:	4366      	muls	r6, r4
1000370a:	0436      	lsls	r6, r6, #16
1000370c:	0c2f      	lsrs	r7, r5, #16
1000370e:	433e      	orrs	r6, r7
10003710:	042d      	lsls	r5, r5, #16
10003712:	1b40      	subs	r0, r0, r5
10003714:	41b1      	sbcs	r1, r6
10003716:	4299      	cmp	r1, r3
10003718:	d204      	bcs.n	10003724 <y64_x64+0x44>
1000371a:	0002      	movs	r2, r0
1000371c:	000b      	movs	r3, r1
1000371e:	0020      	movs	r0, r4
10003720:	2100      	movs	r1, #0
10003722:	bdf0      	pop	{r4, r5, r6, r7, pc}
10003724:	d101      	bne.n	1000372a <y64_x64+0x4a>
10003726:	4290      	cmp	r0, r2
10003728:	d3f7      	bcc.n	1000371a <y64_x64+0x3a>
1000372a:	1a80      	subs	r0, r0, r2
1000372c:	4199      	sbcs	r1, r3
1000372e:	3401      	adds	r4, #1
10003730:	4299      	cmp	r1, r3
10003732:	d3f2      	bcc.n	1000371a <y64_x64+0x3a>
10003734:	e7f6      	b.n	10003724 <y64_x64+0x44>
10003736:	0000      	.short	0x0000
10003738:	d0000000 	.word	0xd0000000
1000373c:	ffffffff 	.word	0xffffffff

10003740 <__wrap___aeabi_drsub>:
10003740:	4048      	eors	r0, r1
10003742:	4041      	eors	r1, r0
10003744:	4048      	eors	r0, r1

10003746 <__wrap___aeabi_dsub>:
10003746:	b418      	push	{r3, r4}
10003748:	4b13      	ldr	r3, [pc, #76]	; (10003798 <__wrap___aeabi_dmul+0xa>)
1000374a:	685b      	ldr	r3, [r3, #4]
1000374c:	9301      	str	r3, [sp, #4]
1000374e:	bd08      	pop	{r3, pc}

10003750 <__wrap___aeabi_dadd>:
10003750:	b418      	push	{r3, r4}
10003752:	4b11      	ldr	r3, [pc, #68]	; (10003798 <__wrap___aeabi_dmul+0xa>)
10003754:	681b      	ldr	r3, [r3, #0]
10003756:	9301      	str	r3, [sp, #4]
10003758:	bd08      	pop	{r3, pc}

1000375a <__wrap___aeabi_ddiv>:
1000375a:	4694      	mov	ip, r2
1000375c:	4a0f      	ldr	r2, [pc, #60]	; (1000379c <__wrap___aeabi_dmul+0xe>)
1000375e:	6f92      	ldr	r2, [r2, #120]	; 0x78
10003760:	0892      	lsrs	r2, r2, #2
10003762:	d205      	bcs.n	10003770 <ddiv_save_state>
10003764:	4662      	mov	r2, ip

10003766 <ddiv_shim_call>:
10003766:	b418      	push	{r3, r4}
10003768:	4b0b      	ldr	r3, [pc, #44]	; (10003798 <__wrap___aeabi_dmul+0xa>)
1000376a:	68db      	ldr	r3, [r3, #12]
1000376c:	9301      	str	r3, [sp, #4]
1000376e:	bd08      	pop	{r3, pc}

10003770 <ddiv_save_state>:
10003770:	4a0a      	ldr	r2, [pc, #40]	; (1000379c <__wrap___aeabi_dmul+0xe>)
10003772:	b5f0      	push	{r4, r5, r6, r7, lr}
10003774:	6e14      	ldr	r4, [r2, #96]	; 0x60
10003776:	6e55      	ldr	r5, [r2, #100]	; 0x64
10003778:	6f57      	ldr	r7, [r2, #116]	; 0x74
1000377a:	6f16      	ldr	r6, [r2, #112]	; 0x70
1000377c:	4662      	mov	r2, ip
1000377e:	f7ff fff2 	bl	10003766 <ddiv_shim_call>
10003782:	4a06      	ldr	r2, [pc, #24]	; (1000379c <__wrap___aeabi_dmul+0xe>)
10003784:	6614      	str	r4, [r2, #96]	; 0x60
10003786:	6655      	str	r5, [r2, #100]	; 0x64
10003788:	6757      	str	r7, [r2, #116]	; 0x74
1000378a:	6716      	str	r6, [r2, #112]	; 0x70
1000378c:	bdf0      	pop	{r4, r5, r6, r7, pc}

1000378e <__wrap___aeabi_dmul>:
1000378e:	b418      	push	{r3, r4}
10003790:	4b01      	ldr	r3, [pc, #4]	; (10003798 <__wrap___aeabi_dmul+0xa>)
10003792:	689b      	ldr	r3, [r3, #8]
10003794:	9301      	str	r3, [sp, #4]
10003796:	bd08      	pop	{r3, pc}
10003798:	200004d8 	.word	0x200004d8
1000379c:	d0000000 	.word	0xd0000000

100037a0 <__wrap___aeabi_cdrcmple>:
100037a0:	b5ff      	push	{r0, r1, r2, r3, r4, r5, r6, r7, lr}
100037a2:	4050      	eors	r0, r2
100037a4:	4042      	eors	r2, r0
100037a6:	4050      	eors	r0, r2
100037a8:	4059      	eors	r1, r3
100037aa:	404b      	eors	r3, r1
100037ac:	4059      	eors	r1, r3
100037ae:	e000      	b.n	100037b2 <__aeabi_dfcmple_guts>

100037b0 <__wrap___aeabi_cdcmpeq>:
100037b0:	b5ff      	push	{r0, r1, r2, r3, r4, r5, r6, r7, lr}

100037b2 <__aeabi_dfcmple_guts>:
100037b2:	4f15      	ldr	r7, [pc, #84]	; (10003808 <__aeabi_dfcmple_guts+0x56>)
100037b4:	004c      	lsls	r4, r1, #1
100037b6:	0d64      	lsrs	r4, r4, #21
100037b8:	d003      	beq.n	100037c2 <__aeabi_dfcmple_guts+0x10>
100037ba:	42bc      	cmp	r4, r7
100037bc:	d104      	bne.n	100037c8 <__aeabi_dfcmple_guts+0x16>
100037be:	030c      	lsls	r4, r1, #12
100037c0:	d814      	bhi.n	100037ec <__aeabi_dfcmple_guts+0x3a>
100037c2:	2000      	movs	r0, #0
100037c4:	0d09      	lsrs	r1, r1, #20
100037c6:	0509      	lsls	r1, r1, #20
100037c8:	005c      	lsls	r4, r3, #1
100037ca:	0d64      	lsrs	r4, r4, #21
100037cc:	d003      	beq.n	100037d6 <__aeabi_dfcmple_guts+0x24>
100037ce:	42bc      	cmp	r4, r7
100037d0:	d104      	bne.n	100037dc <__aeabi_dfcmple_guts+0x2a>
100037d2:	031c      	lsls	r4, r3, #12
100037d4:	d80a      	bhi.n	100037ec <__aeabi_dfcmple_guts+0x3a>
100037d6:	2200      	movs	r2, #0
100037d8:	0d1b      	lsrs	r3, r3, #20
100037da:	051b      	lsls	r3, r3, #20
100037dc:	2601      	movs	r6, #1
100037de:	404b      	eors	r3, r1
100037e0:	d409      	bmi.n	100037f6 <__aeabi_dfcmple_guts+0x44>
100037e2:	404b      	eors	r3, r1
100037e4:	d503      	bpl.n	100037ee <__aeabi_dfcmple_guts+0x3c>
100037e6:	428b      	cmp	r3, r1
100037e8:	d100      	bne.n	100037ec <__aeabi_dfcmple_guts+0x3a>
100037ea:	4282      	cmp	r2, r0
100037ec:	bdff      	pop	{r0, r1, r2, r3, r4, r5, r6, r7, pc}
100037ee:	4299      	cmp	r1, r3
100037f0:	d1fc      	bne.n	100037ec <__aeabi_dfcmple_guts+0x3a>
100037f2:	4290      	cmp	r0, r2
100037f4:	bdff      	pop	{r0, r1, r2, r3, r4, r5, r6, r7, pc}
100037f6:	430b      	orrs	r3, r1
100037f8:	18db      	adds	r3, r3, r3
100037fa:	4303      	orrs	r3, r0
100037fc:	4313      	orrs	r3, r2
100037fe:	d0f5      	beq.n	100037ec <__aeabi_dfcmple_guts+0x3a>
10003800:	43c9      	mvns	r1, r1
10003802:	1849      	adds	r1, r1, r1
10003804:	bdff      	pop	{r0, r1, r2, r3, r4, r5, r6, r7, pc}
10003806:	0000      	.short	0x0000
10003808:	000007ff 	.word	0x000007ff

1000380c <__wrap___aeabi_dcmplt>:
1000380c:	b500      	push	{lr}
1000380e:	f7ff ffcf 	bl	100037b0 <__wrap___aeabi_cdcmpeq>
10003812:	4180      	sbcs	r0, r0
10003814:	bd00      	pop	{pc}
10003816:	46c0      	nop			; (mov r8, r8)

10003818 <__wrap___aeabi_dcmple>:
10003818:	b500      	push	{lr}
1000381a:	f7ff ffc9 	bl	100037b0 <__wrap___aeabi_cdcmpeq>
1000381e:	d901      	bls.n	10003824 <__wrap___aeabi_dcmple+0xc>
10003820:	2000      	movs	r0, #0
10003822:	bd00      	pop	{pc}
10003824:	2001      	movs	r0, #1
10003826:	bd00      	pop	{pc}

10003828 <__wrap___aeabi_dcmpge>:
10003828:	b500      	push	{lr}
1000382a:	f7ff ffb9 	bl	100037a0 <__wrap___aeabi_cdrcmple>
1000382e:	d901      	bls.n	10003834 <__wrap___aeabi_dcmpge+0xc>
10003830:	2000      	movs	r0, #0
10003832:	bd00      	pop	{pc}
10003834:	2001      	movs	r0, #1
10003836:	bd00      	pop	{pc}

10003838 <__wrap___aeabi_dcmpgt>:
10003838:	b500      	push	{lr}
1000383a:	f7ff ffb1 	bl	100037a0 <__wrap___aeabi_cdrcmple>
1000383e:	4180      	sbcs	r0, r0
10003840:	bd00      	pop	{pc}

10003842 <__wrap___aeabi_dcmpun>:
10003842:	2001      	movs	r0, #1
10003844:	0540      	lsls	r0, r0, #21
10003846:	004a      	lsls	r2, r1, #1
10003848:	1812      	adds	r2, r2, r0
1000384a:	d804      	bhi.n	10003856 <__wrap___aeabi_dcmpun+0x14>
1000384c:	005a      	lsls	r2, r3, #1
1000384e:	1812      	adds	r2, r2, r0
10003850:	d801      	bhi.n	10003856 <__wrap___aeabi_dcmpun+0x14>
10003852:	2000      	movs	r0, #0
10003854:	4770      	bx	lr
10003856:	2001      	movs	r0, #1
10003858:	4770      	bx	lr
1000385a:	2000      	movs	r0, #0
1000385c:	4770      	bx	lr
	...

10003860 <__wrap___aeabi_ui2d>:
10003860:	2100      	movs	r1, #0
10003862:	2800      	cmp	r0, #0
10003864:	d105      	bne.n	10003872 <__wrap___aeabi_i2d+0xa>
10003866:	4770      	bx	lr

10003868 <__wrap___aeabi_i2d>:
10003868:	17c1      	asrs	r1, r0, #31
1000386a:	4048      	eors	r0, r1
1000386c:	1a40      	subs	r0, r0, r1
1000386e:	d0fa      	beq.n	10003866 <__wrap___aeabi_ui2d+0x6>
10003870:	07c9      	lsls	r1, r1, #31
10003872:	b513      	push	{r0, r1, r4, lr}
10003874:	4b06      	ldr	r3, [pc, #24]	; (10003890 <__wrap___aeabi_i2d+0x28>)
10003876:	681b      	ldr	r3, [r3, #0]
10003878:	4798      	blx	r3
1000387a:	bc0c      	pop	{r2, r3}
1000387c:	1c44      	adds	r4, r0, #1
1000387e:	40a2      	lsls	r2, r4
10003880:	0510      	lsls	r0, r2, #20
10003882:	0b12      	lsrs	r2, r2, #12
10003884:	4903      	ldr	r1, [pc, #12]	; (10003894 <__wrap___aeabi_i2d+0x2c>)
10003886:	1b09      	subs	r1, r1, r4
10003888:	0509      	lsls	r1, r1, #20
1000388a:	4319      	orrs	r1, r3
1000388c:	4311      	orrs	r1, r2
1000388e:	bd10      	pop	{r4, pc}
10003890:	200005d8 	.word	0x200005d8
10003894:	0000041f 	.word	0x0000041f

10003898 <__wrap___aeabi_d2iz>:
10003898:	b510      	push	{r4, lr}
1000389a:	004c      	lsls	r4, r1, #1
1000389c:	0d62      	lsrs	r2, r4, #21
1000389e:	2380      	movs	r3, #128	; 0x80
100038a0:	18d2      	adds	r2, r2, r3
100038a2:	00db      	lsls	r3, r3, #3
100038a4:	1ad2      	subs	r2, r2, r3
100038a6:	055b      	lsls	r3, r3, #21
100038a8:	2a7e      	cmp	r2, #126	; 0x7e
100038aa:	dd10      	ble.n	100038ce <__wrap___aeabi_d2iz+0x36>
100038ac:	3a9e      	subs	r2, #158	; 0x9e
100038ae:	da13      	bge.n	100038d8 <__wrap___aeabi_d2iz+0x40>
100038b0:	17cc      	asrs	r4, r1, #31
100038b2:	0309      	lsls	r1, r1, #12
100038b4:	0849      	lsrs	r1, r1, #1
100038b6:	4319      	orrs	r1, r3
100038b8:	4252      	negs	r2, r2
100038ba:	40d1      	lsrs	r1, r2
100038bc:	0064      	lsls	r4, r4, #1
100038be:	3401      	adds	r4, #1
100038c0:	3215      	adds	r2, #21
100038c2:	2a20      	cmp	r2, #32
100038c4:	da05      	bge.n	100038d2 <__wrap___aeabi_d2iz+0x3a>
100038c6:	40d0      	lsrs	r0, r2
100038c8:	4308      	orrs	r0, r1
100038ca:	4360      	muls	r0, r4
100038cc:	bd10      	pop	{r4, pc}
100038ce:	2000      	movs	r0, #0
100038d0:	bd10      	pop	{r4, pc}
100038d2:	4608      	mov	r0, r1
100038d4:	4360      	muls	r0, r4
100038d6:	bd10      	pop	{r4, pc}
100038d8:	0fc8      	lsrs	r0, r1, #31
100038da:	18c0      	adds	r0, r0, r3
100038dc:	3801      	subs	r0, #1
100038de:	bd10      	pop	{r4, pc}

100038e0 <__wrap___aeabi_d2uiz>:
100038e0:	b418      	push	{r3, r4}
100038e2:	4b02      	ldr	r3, [pc, #8]	; (100038ec <__wrap___aeabi_d2uiz+0xc>)
100038e4:	6a5b      	ldr	r3, [r3, #36]	; 0x24
100038e6:	9301      	str	r3, [sp, #4]
100038e8:	bd08      	pop	{r3, pc}
100038ea:	0000      	.short	0x0000
100038ec:	200004d8 	.word	0x200004d8

100038f0 <missing_double_func_shim>:
100038f0:	b510      	push	{r4, lr}
100038f2:	4801      	ldr	r0, [pc, #4]	; (100038f8 <missing_double_func_shim+0x8>)
100038f4:	f7fe fbd8 	bl	100020a8 <panic>
100038f8:	10004f18 	.word	0x10004f18

100038fc <__aeabi_double_init>:
100038fc:	b570      	push	{r4, r5, r6, lr}
100038fe:	2313      	movs	r3, #19
10003900:	781c      	ldrb	r4, [r3, #0]
10003902:	2c01      	cmp	r4, #1
10003904:	d014      	beq.n	10003930 <__aeabi_double_init+0x34>
10003906:	2c01      	cmp	r4, #1
10003908:	dc14      	bgt.n	10003934 <__aeabi_double_init+0x38>
1000390a:	2c02      	cmp	r4, #2
1000390c:	dc02      	bgt.n	10003914 <__aeabi_double_init+0x18>
1000390e:	4a1f      	ldr	r2, [pc, #124]	; (1000398c <__aeabi_double_init+0x90>)
10003910:	4b1f      	ldr	r3, [pc, #124]	; (10003990 <__aeabi_double_init+0x94>)
10003912:	649a      	str	r2, [r3, #72]	; 0x48
10003914:	481f      	ldr	r0, [pc, #124]	; (10003994 <__aeabi_double_init+0x98>)
10003916:	f7ff fc87 	bl	10003228 <rom_func_lookup>
1000391a:	4b1f      	ldr	r3, [pc, #124]	; (10003998 <__aeabi_double_init+0x9c>)
1000391c:	6018      	str	r0, [r3, #0]
1000391e:	bd70      	pop	{r4, r5, r6, pc}
10003920:	0099      	lsls	r1, r3, #2
10003922:	481e      	ldr	r0, [pc, #120]	; (1000399c <__aeabi_double_init+0xa0>)
10003924:	4a1a      	ldr	r2, [pc, #104]	; (10003990 <__aeabi_double_init+0x94>)
10003926:	5088      	str	r0, [r1, r2]
10003928:	3301      	adds	r3, #1
1000392a:	2b1f      	cmp	r3, #31
1000392c:	d9f8      	bls.n	10003920 <__aeabi_double_init+0x24>
1000392e:	e7ea      	b.n	10003906 <__aeabi_double_init+0xa>
10003930:	2300      	movs	r3, #0
10003932:	e7fa      	b.n	1000392a <__aeabi_double_init+0x2e>
10003934:	481a      	ldr	r0, [pc, #104]	; (100039a0 <__aeabi_double_init+0xa4>)
10003936:	f7ff fc7f 	bl	10003238 <rom_data_lookup>
1000393a:	0005      	movs	r5, r0
1000393c:	4819      	ldr	r0, [pc, #100]	; (100039a4 <__aeabi_double_init+0xa8>)
1000393e:	f7ff fc7b 	bl	10003238 <rom_data_lookup>
10003942:	3802      	subs	r0, #2
10003944:	7803      	ldrb	r3, [r0, #0]
10003946:	009b      	lsls	r3, r3, #2
10003948:	2b7f      	cmp	r3, #127	; 0x7f
1000394a:	dd19      	ble.n	10003980 <__aeabi_double_init+0x84>
1000394c:	2280      	movs	r2, #128	; 0x80
1000394e:	0029      	movs	r1, r5
10003950:	480f      	ldr	r0, [pc, #60]	; (10003990 <__aeabi_double_init+0x94>)
10003952:	f000 f8a5 	bl	10003aa0 <__wrap___aeabi_memcpy>
10003956:	2c02      	cmp	r4, #2
10003958:	d1d7      	bne.n	1000390a <__aeabi_double_init+0xe>
1000395a:	4b13      	ldr	r3, [pc, #76]	; (100039a8 <__aeabi_double_init+0xac>)
1000395c:	881a      	ldrh	r2, [r3, #0]
1000395e:	23b5      	movs	r3, #181	; 0xb5
10003960:	021b      	lsls	r3, r3, #8
10003962:	429a      	cmp	r2, r3
10003964:	d109      	bne.n	1000397a <__aeabi_double_init+0x7e>
10003966:	4b11      	ldr	r3, [pc, #68]	; (100039ac <__aeabi_double_init+0xb0>)
10003968:	881a      	ldrh	r2, [r3, #0]
1000396a:	4b11      	ldr	r3, [pc, #68]	; (100039b0 <__aeabi_double_init+0xb4>)
1000396c:	429a      	cmp	r2, r3
1000396e:	d104      	bne.n	1000397a <__aeabi_double_init+0x7e>
10003970:	4b10      	ldr	r3, [pc, #64]	; (100039b4 <__aeabi_double_init+0xb8>)
10003972:	881a      	ldrh	r2, [r3, #0]
10003974:	4b10      	ldr	r3, [pc, #64]	; (100039b8 <__aeabi_double_init+0xbc>)
10003976:	429a      	cmp	r2, r3
10003978:	d0c7      	beq.n	1000390a <__aeabi_double_init+0xe>
1000397a:	2000      	movs	r0, #0
1000397c:	f7fe fb94 	bl	100020a8 <panic>
10003980:	4b0e      	ldr	r3, [pc, #56]	; (100039bc <__aeabi_double_init+0xc0>)
10003982:	4a0f      	ldr	r2, [pc, #60]	; (100039c0 <__aeabi_double_init+0xc4>)
10003984:	2132      	movs	r1, #50	; 0x32
10003986:	480f      	ldr	r0, [pc, #60]	; (100039c4 <__aeabi_double_init+0xc8>)
10003988:	f7fe faf4 	bl	10001f74 <__assert_func>
1000398c:	100039c9 	.word	0x100039c9
10003990:	200004d8 	.word	0x200004d8
10003994:	0000334c 	.word	0x0000334c
10003998:	200005d8 	.word	0x200005d8
1000399c:	100038f1 	.word	0x100038f1
100039a0:	00004453 	.word	0x00004453
100039a4:	00004653 	.word	0x00004653
100039a8:	00003854 	.word	0x00003854
100039ac:	000038d8 	.word	0x000038d8
100039b0:	00004649 	.word	0x00004649
100039b4:	0000389c 	.word	0x0000389c
100039b8:	00004659 	.word	0x00004659
100039bc:	10004f30 	.word	0x10004f30
100039c0:	10004fe8 	.word	0x10004fe8
100039c4:	10004f84 	.word	0x10004f84

100039c8 <double_table_shim_on_use_helper>:
100039c8:	b507      	push	{r0, r1, r2, lr}
100039ca:	4660      	mov	r0, ip
100039cc:	2800      	cmp	r0, #0
100039ce:	d100      	bne.n	100039d2 <double_table_shim_on_use_helper+0xa>
100039d0:	be00      	bkpt	0x0000
100039d2:	8801      	ldrh	r1, [r0, #0]
100039d4:	0a0a      	lsrs	r2, r1, #8
100039d6:	3002      	adds	r0, #2
100039d8:	2adf      	cmp	r2, #223	; 0xdf
100039da:	d1fa      	bne.n	100039d2 <double_table_shim_on_use_helper+0xa>
100039dc:	b2c9      	uxtb	r1, r1
100039de:	0882      	lsrs	r2, r0, #2
100039e0:	d304      	bcc.n	100039ec <double_table_shim_on_use_helper+0x24>
100039e2:	8802      	ldrh	r2, [r0, #0]
100039e4:	8840      	ldrh	r0, [r0, #2]
100039e6:	0400      	lsls	r0, r0, #16
100039e8:	4310      	orrs	r0, r2
100039ea:	e000      	b.n	100039ee <double_table_shim_on_use_helper+0x26>
100039ec:	6800      	ldr	r0, [r0, #0]
100039ee:	4a02      	ldr	r2, [pc, #8]	; (100039f8 <double_table_shim_on_use_helper+0x30>)
100039f0:	5050      	str	r0, [r2, r1]
100039f2:	9003      	str	r0, [sp, #12]
100039f4:	bd07      	pop	{r0, r1, r2, pc}
100039f6:	0000      	.short	0x0000
100039f8:	200004d8 	.word	0x200004d8

100039fc <missing_float_func_shim>:
100039fc:	b510      	push	{r4, lr}
100039fe:	4801      	ldr	r0, [pc, #4]	; (10003a04 <missing_float_func_shim+0x8>)
10003a00:	f7fe fb52 	bl	100020a8 <panic>
10003a04:	10004bf4 	.word	0x10004bf4

10003a08 <__aeabi_float_init>:
10003a08:	b570      	push	{r4, r5, r6, lr}
10003a0a:	2313      	movs	r3, #19
10003a0c:	781e      	ldrb	r6, [r3, #0]
10003a0e:	4818      	ldr	r0, [pc, #96]	; (10003a70 <__aeabi_float_init+0x68>)
10003a10:	f7ff fc12 	bl	10003238 <rom_data_lookup>
10003a14:	0005      	movs	r5, r0
10003a16:	2e01      	cmp	r6, #1
10003a18:	d011      	beq.n	10003a3e <__aeabi_float_init+0x36>
10003a1a:	2e01      	cmp	r6, #1
10003a1c:	dd09      	ble.n	10003a32 <__aeabi_float_init+0x2a>
10003a1e:	1eab      	subs	r3, r5, #2
10003a20:	781b      	ldrb	r3, [r3, #0]
10003a22:	009b      	lsls	r3, r3, #2
10003a24:	2b7f      	cmp	r3, #127	; 0x7f
10003a26:	dd1d      	ble.n	10003a64 <__aeabi_float_init+0x5c>
10003a28:	2280      	movs	r2, #128	; 0x80
10003a2a:	0029      	movs	r1, r5
10003a2c:	4811      	ldr	r0, [pc, #68]	; (10003a74 <__aeabi_float_init+0x6c>)
10003a2e:	f000 f837 	bl	10003aa0 <__wrap___aeabi_memcpy>
10003a32:	4811      	ldr	r0, [pc, #68]	; (10003a78 <__aeabi_float_init+0x70>)
10003a34:	f7ff fbf8 	bl	10003228 <rom_func_lookup>
10003a38:	4b10      	ldr	r3, [pc, #64]	; (10003a7c <__aeabi_float_init+0x74>)
10003a3a:	6018      	str	r0, [r3, #0]
10003a3c:	bd70      	pop	{r4, r5, r6, pc}
10003a3e:	2254      	movs	r2, #84	; 0x54
10003a40:	0001      	movs	r1, r0
10003a42:	480c      	ldr	r0, [pc, #48]	; (10003a74 <__aeabi_float_init+0x6c>)
10003a44:	f000 f82c 	bl	10003aa0 <__wrap___aeabi_memcpy>
10003a48:	2300      	movs	r3, #0
10003a4a:	e000      	b.n	10003a4e <__aeabi_float_init+0x46>
10003a4c:	3301      	adds	r3, #1
10003a4e:	2b1f      	cmp	r3, #31
10003a50:	d8e3      	bhi.n	10003a1a <__aeabi_float_init+0x12>
10003a52:	009a      	lsls	r2, r3, #2
10003a54:	4c07      	ldr	r4, [pc, #28]	; (10003a74 <__aeabi_float_init+0x6c>)
10003a56:	5912      	ldr	r2, [r2, r4]
10003a58:	2a00      	cmp	r2, #0
10003a5a:	d1f7      	bne.n	10003a4c <__aeabi_float_init+0x44>
10003a5c:	009a      	lsls	r2, r3, #2
10003a5e:	4808      	ldr	r0, [pc, #32]	; (10003a80 <__aeabi_float_init+0x78>)
10003a60:	5110      	str	r0, [r2, r4]
10003a62:	e7f3      	b.n	10003a4c <__aeabi_float_init+0x44>
10003a64:	4b07      	ldr	r3, [pc, #28]	; (10003a84 <__aeabi_float_init+0x7c>)
10003a66:	4a08      	ldr	r2, [pc, #32]	; (10003a88 <__aeabi_float_init+0x80>)
10003a68:	2142      	movs	r1, #66	; 0x42
10003a6a:	4808      	ldr	r0, [pc, #32]	; (10003a8c <__aeabi_float_init+0x84>)
10003a6c:	f7fe fa82 	bl	10001f74 <__assert_func>
10003a70:	00004653 	.word	0x00004653
10003a74:	200005dc 	.word	0x200005dc
10003a78:	0000334c 	.word	0x0000334c
10003a7c:	200005d8 	.word	0x200005d8
10003a80:	100039fd 	.word	0x100039fd
10003a84:	10004ffc 	.word	0x10004ffc
10003a88:	10005094 	.word	0x10005094
10003a8c:	10005030 	.word	0x10005030

10003a90 <__aeabi_mem_init>:
10003a90:	4801      	ldr	r0, [pc, #4]	; (10003a98 <__aeabi_mem_init+0x8>)
10003a92:	2104      	movs	r1, #4
10003a94:	4b01      	ldr	r3, [pc, #4]	; (10003a9c <__aeabi_mem_init+0xc>)
10003a96:	4718      	bx	r3
10003a98:	200002c0 	.word	0x200002c0
10003a9c:	10003249 	.word	0x10003249

10003aa0 <__wrap___aeabi_memcpy>:
10003aa0:	4b01      	ldr	r3, [pc, #4]	; (10003aa8 <__wrap___aeabi_memcpy+0x8>)
10003aa2:	685b      	ldr	r3, [r3, #4]
10003aa4:	4718      	bx	r3
10003aa6:	0000      	.short	0x0000
10003aa8:	200002c0 	.word	0x200002c0

10003aac <stdio_out_chars_no_crlf>:
10003aac:	b510      	push	{r4, lr}
10003aae:	0003      	movs	r3, r0
10003ab0:	0008      	movs	r0, r1
10003ab2:	0011      	movs	r1, r2
10003ab4:	681b      	ldr	r3, [r3, #0]
10003ab6:	4798      	blx	r3
10003ab8:	bd10      	pop	{r4, pc}
	...

10003abc <stdio_out_chars_crlf>:
10003abc:	b5f8      	push	{r3, r4, r5, r6, r7, lr}
10003abe:	0007      	movs	r7, r0
10003ac0:	000d      	movs	r5, r1
10003ac2:	0016      	movs	r6, r2
10003ac4:	7d43      	ldrb	r3, [r0, #21]
10003ac6:	2b00      	cmp	r3, #0
10003ac8:	d002      	beq.n	10003ad0 <stdio_out_chars_crlf+0x14>
10003aca:	2400      	movs	r4, #0
10003acc:	2000      	movs	r0, #0
10003ace:	e00c      	b.n	10003aea <stdio_out_chars_crlf+0x2e>
10003ad0:	6803      	ldr	r3, [r0, #0]
10003ad2:	0011      	movs	r1, r2
10003ad4:	0028      	movs	r0, r5
10003ad6:	4798      	blx	r3
10003ad8:	e02d      	b.n	10003b36 <stdio_out_chars_crlf+0x7a>
10003ada:	7d3b      	ldrb	r3, [r7, #20]
10003adc:	e010      	b.n	10003b00 <stdio_out_chars_crlf+0x44>
10003ade:	2102      	movs	r1, #2
10003ae0:	4815      	ldr	r0, [pc, #84]	; (10003b38 <stdio_out_chars_crlf+0x7c>)
10003ae2:	683b      	ldr	r3, [r7, #0]
10003ae4:	4798      	blx	r3
10003ae6:	1c60      	adds	r0, r4, #1
10003ae8:	3401      	adds	r4, #1
10003aea:	42b4      	cmp	r4, r6
10003aec:	da14      	bge.n	10003b18 <stdio_out_chars_crlf+0x5c>
10003aee:	2c00      	cmp	r4, #0
10003af0:	ddf3      	ble.n	10003ada <stdio_out_chars_crlf+0x1e>
10003af2:	192b      	adds	r3, r5, r4
10003af4:	3b01      	subs	r3, #1
10003af6:	781b      	ldrb	r3, [r3, #0]
10003af8:	3b0d      	subs	r3, #13
10003afa:	425a      	negs	r2, r3
10003afc:	4153      	adcs	r3, r2
10003afe:	b2db      	uxtb	r3, r3
10003b00:	5d2a      	ldrb	r2, [r5, r4]
10003b02:	2a0a      	cmp	r2, #10
10003b04:	d1f0      	bne.n	10003ae8 <stdio_out_chars_crlf+0x2c>
10003b06:	2b00      	cmp	r3, #0
10003b08:	d1ee      	bne.n	10003ae8 <stdio_out_chars_crlf+0x2c>
10003b0a:	42a0      	cmp	r0, r4
10003b0c:	dae7      	bge.n	10003ade <stdio_out_chars_crlf+0x22>
10003b0e:	1a21      	subs	r1, r4, r0
10003b10:	1828      	adds	r0, r5, r0
10003b12:	683b      	ldr	r3, [r7, #0]
10003b14:	4798      	blx	r3
10003b16:	e7e2      	b.n	10003ade <stdio_out_chars_crlf+0x22>
10003b18:	42b0      	cmp	r0, r6
10003b1a:	da03      	bge.n	10003b24 <stdio_out_chars_crlf+0x68>
10003b1c:	1a31      	subs	r1, r6, r0
10003b1e:	1828      	adds	r0, r5, r0
10003b20:	683b      	ldr	r3, [r7, #0]
10003b22:	4798      	blx	r3
10003b24:	2e00      	cmp	r6, #0
10003b26:	dd06      	ble.n	10003b36 <stdio_out_chars_crlf+0x7a>
10003b28:	19ad      	adds	r5, r5, r6
10003b2a:	3d01      	subs	r5, #1
10003b2c:	782b      	ldrb	r3, [r5, #0]
10003b2e:	3b0d      	subs	r3, #13
10003b30:	425a      	negs	r2, r3
10003b32:	4153      	adcs	r3, r2
10003b34:	753b      	strb	r3, [r7, #20]
10003b36:	bdf8      	pop	{r3, r4, r5, r6, r7, pc}
10003b38:	10005178 	.word	0x10005178

10003b3c <stdio_stack_buffer_flush>:
10003b3c:	b570      	push	{r4, r5, r6, lr}
10003b3e:	0005      	movs	r5, r0
10003b40:	6803      	ldr	r3, [r0, #0]
10003b42:	2b00      	cmp	r3, #0
10003b44:	d016      	beq.n	10003b74 <stdio_stack_buffer_flush+0x38>
10003b46:	4b0c      	ldr	r3, [pc, #48]	; (10003b78 <stdio_stack_buffer_flush+0x3c>)
10003b48:	681c      	ldr	r4, [r3, #0]
10003b4a:	e005      	b.n	10003b58 <stdio_stack_buffer_flush+0x1c>
10003b4c:	0029      	movs	r1, r5
10003b4e:	c904      	ldmia	r1!, {r2}
10003b50:	0020      	movs	r0, r4
10003b52:	f7ff ffb3 	bl	10003abc <stdio_out_chars_crlf>
10003b56:	6924      	ldr	r4, [r4, #16]
10003b58:	2c00      	cmp	r4, #0
10003b5a:	d009      	beq.n	10003b70 <stdio_stack_buffer_flush+0x34>
10003b5c:	6823      	ldr	r3, [r4, #0]
10003b5e:	2b00      	cmp	r3, #0
10003b60:	d0f9      	beq.n	10003b56 <stdio_stack_buffer_flush+0x1a>
10003b62:	4b06      	ldr	r3, [pc, #24]	; (10003b7c <stdio_stack_buffer_flush+0x40>)
10003b64:	681b      	ldr	r3, [r3, #0]
10003b66:	2b00      	cmp	r3, #0
10003b68:	d0f0      	beq.n	10003b4c <stdio_stack_buffer_flush+0x10>
10003b6a:	42a3      	cmp	r3, r4
10003b6c:	d1f3      	bne.n	10003b56 <stdio_stack_buffer_flush+0x1a>
10003b6e:	e7ed      	b.n	10003b4c <stdio_stack_buffer_flush+0x10>
10003b70:	2300      	movs	r3, #0
10003b72:	602b      	str	r3, [r5, #0]
10003b74:	bd70      	pop	{r4, r5, r6, pc}
10003b76:	46c0      	nop			; (mov r8, r8)
10003b78:	200004a4 	.word	0x200004a4
10003b7c:	200004c4 	.word	0x200004c4

10003b80 <stdio_buffered_printer>:
10003b80:	b570      	push	{r4, r5, r6, lr}
10003b82:	0005      	movs	r5, r0
10003b84:	000c      	movs	r4, r1
10003b86:	680b      	ldr	r3, [r1, #0]
10003b88:	2b80      	cmp	r3, #128	; 0x80
10003b8a:	d005      	beq.n	10003b98 <stdio_buffered_printer+0x18>
10003b8c:	6821      	ldr	r1, [r4, #0]
10003b8e:	1c4b      	adds	r3, r1, #1
10003b90:	6023      	str	r3, [r4, #0]
10003b92:	1864      	adds	r4, r4, r1
10003b94:	7125      	strb	r5, [r4, #4]
10003b96:	bd70      	pop	{r4, r5, r6, pc}
10003b98:	0008      	movs	r0, r1
10003b9a:	f7ff ffcf 	bl	10003b3c <stdio_stack_buffer_flush>
10003b9e:	e7f5      	b.n	10003b8c <stdio_buffered_printer+0xc>

10003ba0 <stdout_serialize_begin>:
10003ba0:	b510      	push	{r4, lr}
10003ba2:	f7fd fc1d 	bl	100013e0 <time_us_64>
10003ba6:	0002      	movs	r2, r0
10003ba8:	1e0b      	subs	r3, r1, #0
10003baa:	db0b      	blt.n	10003bc4 <stdout_serialize_begin+0x24>
10003bac:	480d      	ldr	r0, [pc, #52]	; (10003be4 <stdout_serialize_begin+0x44>)
10003bae:	2100      	movs	r1, #0
10003bb0:	1812      	adds	r2, r2, r0
10003bb2:	414b      	adcs	r3, r1
10003bb4:	2b00      	cmp	r3, #0
10003bb6:	db0b      	blt.n	10003bd0 <stdout_serialize_begin+0x30>
10003bb8:	2b00      	cmp	r3, #0
10003bba:	db0d      	blt.n	10003bd8 <stdout_serialize_begin+0x38>
10003bbc:	480a      	ldr	r0, [pc, #40]	; (10003be8 <stdout_serialize_begin+0x48>)
10003bbe:	f000 fa3b 	bl	10004038 <__mutex_try_enter_block_until_veneer>
10003bc2:	bd10      	pop	{r4, pc}
10003bc4:	4b09      	ldr	r3, [pc, #36]	; (10003bec <stdout_serialize_begin+0x4c>)
10003bc6:	4a0a      	ldr	r2, [pc, #40]	; (10003bf0 <stdout_serialize_begin+0x50>)
10003bc8:	213f      	movs	r1, #63	; 0x3f
10003bca:	480a      	ldr	r0, [pc, #40]	; (10003bf4 <stdout_serialize_begin+0x54>)
10003bcc:	f7fe f9d2 	bl	10001f74 <__assert_func>
10003bd0:	2201      	movs	r2, #1
10003bd2:	4252      	negs	r2, r2
10003bd4:	4b08      	ldr	r3, [pc, #32]	; (10003bf8 <stdout_serialize_begin+0x58>)
10003bd6:	e7ef      	b.n	10003bb8 <stdout_serialize_begin+0x18>
10003bd8:	4b04      	ldr	r3, [pc, #16]	; (10003bec <stdout_serialize_begin+0x4c>)
10003bda:	4a05      	ldr	r2, [pc, #20]	; (10003bf0 <stdout_serialize_begin+0x50>)
10003bdc:	213f      	movs	r1, #63	; 0x3f
10003bde:	4805      	ldr	r0, [pc, #20]	; (10003bf4 <stdout_serialize_begin+0x54>)
10003be0:	f7fe f9c8 	bl	10001f74 <__assert_func>
10003be4:	000f4240 	.word	0x000f4240
10003be8:	200002e8 	.word	0x200002e8
10003bec:	10004424 	.word	0x10004424
10003bf0:	10005160 	.word	0x10005160
10003bf4:	10004440 	.word	0x10004440
10003bf8:	7fffffff 	.word	0x7fffffff

10003bfc <stdout_serialize_end>:
10003bfc:	b510      	push	{r4, lr}
10003bfe:	4802      	ldr	r0, [pc, #8]	; (10003c08 <stdout_serialize_end+0xc>)
10003c00:	f000 fa02 	bl	10004008 <__mutex_exit_veneer>
10003c04:	bd10      	pop	{r4, pc}
10003c06:	46c0      	nop			; (mov r8, r8)
10003c08:	200002e8 	.word	0x200002e8

10003c0c <stdio_put_string>:
10003c0c:	b5f0      	push	{r4, r5, r6, r7, lr}
10003c0e:	46ce      	mov	lr, r9
10003c10:	4647      	mov	r7, r8
10003c12:	b580      	push	{r7, lr}
10003c14:	b083      	sub	sp, #12
10003c16:	0006      	movs	r6, r0
10003c18:	000d      	movs	r5, r1
10003c1a:	4690      	mov	r8, r2
10003c1c:	001c      	movs	r4, r3
10003c1e:	f7ff ffbf 	bl	10003ba0 <stdout_serialize_begin>
10003c22:	4681      	mov	r9, r0
10003c24:	1c6b      	adds	r3, r5, #1
10003c26:	d005      	beq.n	10003c34 <stdio_put_string+0x28>
10003c28:	2c00      	cmp	r4, #0
10003c2a:	d008      	beq.n	10003c3e <stdio_put_string+0x32>
10003c2c:	4f19      	ldr	r7, [pc, #100]	; (10003c94 <stdio_put_string+0x88>)
10003c2e:	4b1a      	ldr	r3, [pc, #104]	; (10003c98 <stdio_put_string+0x8c>)
10003c30:	681c      	ldr	r4, [r3, #0]
10003c32:	e007      	b.n	10003c44 <stdio_put_string+0x38>
10003c34:	0030      	movs	r0, r6
10003c36:	f000 f9b7 	bl	10003fa8 <strlen>
10003c3a:	0005      	movs	r5, r0
10003c3c:	e7f4      	b.n	10003c28 <stdio_put_string+0x1c>
10003c3e:	4f17      	ldr	r7, [pc, #92]	; (10003c9c <stdio_put_string+0x90>)
10003c40:	e7f5      	b.n	10003c2e <stdio_put_string+0x22>
10003c42:	6924      	ldr	r4, [r4, #16]
10003c44:	2c00      	cmp	r4, #0
10003c46:	d017      	beq.n	10003c78 <stdio_put_string+0x6c>
10003c48:	6823      	ldr	r3, [r4, #0]
10003c4a:	2b00      	cmp	r3, #0
10003c4c:	d0f9      	beq.n	10003c42 <stdio_put_string+0x36>
10003c4e:	4b14      	ldr	r3, [pc, #80]	; (10003ca0 <stdio_put_string+0x94>)
10003c50:	681b      	ldr	r3, [r3, #0]
10003c52:	2b00      	cmp	r3, #0
10003c54:	d001      	beq.n	10003c5a <stdio_put_string+0x4e>
10003c56:	42a3      	cmp	r3, r4
10003c58:	d1f3      	bne.n	10003c42 <stdio_put_string+0x36>
10003c5a:	002a      	movs	r2, r5
10003c5c:	0031      	movs	r1, r6
10003c5e:	0020      	movs	r0, r4
10003c60:	47b8      	blx	r7
10003c62:	4643      	mov	r3, r8
10003c64:	2b00      	cmp	r3, #0
10003c66:	d0ec      	beq.n	10003c42 <stdio_put_string+0x36>
10003c68:	466b      	mov	r3, sp
10003c6a:	1dd9      	adds	r1, r3, #7
10003c6c:	230a      	movs	r3, #10
10003c6e:	700b      	strb	r3, [r1, #0]
10003c70:	2201      	movs	r2, #1
10003c72:	0020      	movs	r0, r4
10003c74:	47b8      	blx	r7
10003c76:	e7e4      	b.n	10003c42 <stdio_put_string+0x36>
10003c78:	464b      	mov	r3, r9
10003c7a:	2b00      	cmp	r3, #0
10003c7c:	d107      	bne.n	10003c8e <stdio_put_string+0x82>
10003c7e:	1e6b      	subs	r3, r5, #1
10003c80:	419d      	sbcs	r5, r3
10003c82:	b2e8      	uxtb	r0, r5
10003c84:	b003      	add	sp, #12
10003c86:	bcc0      	pop	{r6, r7}
10003c88:	46b9      	mov	r9, r7
10003c8a:	46b0      	mov	r8, r6
10003c8c:	bdf0      	pop	{r4, r5, r6, r7, pc}
10003c8e:	f7ff ffb5 	bl	10003bfc <stdout_serialize_end>
10003c92:	e7f4      	b.n	10003c7e <stdio_put_string+0x72>
10003c94:	10003aad 	.word	0x10003aad
10003c98:	200004a4 	.word	0x200004a4
10003c9c:	10003abd 	.word	0x10003abd
10003ca0:	200004c4 	.word	0x200004c4

10003ca4 <stdio_set_driver_enabled>:
10003ca4:	4a09      	ldr	r2, [pc, #36]	; (10003ccc <stdio_set_driver_enabled+0x28>)
10003ca6:	e001      	b.n	10003cac <stdio_set_driver_enabled+0x8>
10003ca8:	3310      	adds	r3, #16
10003caa:	001a      	movs	r2, r3
10003cac:	6813      	ldr	r3, [r2, #0]
10003cae:	2b00      	cmp	r3, #0
10003cb0:	d008      	beq.n	10003cc4 <stdio_set_driver_enabled+0x20>
10003cb2:	4283      	cmp	r3, r0
10003cb4:	d1f8      	bne.n	10003ca8 <stdio_set_driver_enabled+0x4>
10003cb6:	2900      	cmp	r1, #0
10003cb8:	d107      	bne.n	10003cca <stdio_set_driver_enabled+0x26>
10003cba:	6903      	ldr	r3, [r0, #16]
10003cbc:	6013      	str	r3, [r2, #0]
10003cbe:	2300      	movs	r3, #0
10003cc0:	6103      	str	r3, [r0, #16]
10003cc2:	e002      	b.n	10003cca <stdio_set_driver_enabled+0x26>
10003cc4:	2900      	cmp	r1, #0
10003cc6:	d000      	beq.n	10003cca <stdio_set_driver_enabled+0x26>
10003cc8:	6010      	str	r0, [r2, #0]
10003cca:	4770      	bx	lr
10003ccc:	200004a4 	.word	0x200004a4

10003cd0 <stdio_flush>:
10003cd0:	b510      	push	{r4, lr}
10003cd2:	4b06      	ldr	r3, [pc, #24]	; (10003cec <stdio_flush+0x1c>)
10003cd4:	681c      	ldr	r4, [r3, #0]
10003cd6:	e001      	b.n	10003cdc <stdio_flush+0xc>
10003cd8:	4798      	blx	r3
10003cda:	6924      	ldr	r4, [r4, #16]
10003cdc:	2c00      	cmp	r4, #0
10003cde:	d003      	beq.n	10003ce8 <stdio_flush+0x18>
10003ce0:	6863      	ldr	r3, [r4, #4]
10003ce2:	2b00      	cmp	r3, #0
10003ce4:	d1f8      	bne.n	10003cd8 <stdio_flush+0x8>
10003ce6:	e7f8      	b.n	10003cda <stdio_flush+0xa>
10003ce8:	bd10      	pop	{r4, pc}
10003cea:	46c0      	nop			; (mov r8, r8)
10003cec:	200004a4 	.word	0x200004a4

10003cf0 <__wrap_puts>:
10003cf0:	b570      	push	{r4, r5, r6, lr}
10003cf2:	0005      	movs	r5, r0
10003cf4:	f000 f958 	bl	10003fa8 <strlen>
10003cf8:	0004      	movs	r4, r0
10003cfa:	2300      	movs	r3, #0
10003cfc:	2201      	movs	r2, #1
10003cfe:	0001      	movs	r1, r0
10003d00:	0028      	movs	r0, r5
10003d02:	f7ff ff83 	bl	10003c0c <stdio_put_string>
10003d06:	f7ff ffe3 	bl	10003cd0 <stdio_flush>
10003d0a:	0020      	movs	r0, r4
10003d0c:	bd70      	pop	{r4, r5, r6, pc}
	...

10003d10 <__wrap_vprintf>:
10003d10:	b570      	push	{r4, r5, r6, lr}
10003d12:	b0a2      	sub	sp, #136	; 0x88
10003d14:	0004      	movs	r4, r0
10003d16:	000e      	movs	r6, r1
10003d18:	f7ff ff42 	bl	10003ba0 <stdout_serialize_begin>
10003d1c:	0005      	movs	r5, r0
10003d1e:	2300      	movs	r3, #0
10003d20:	9301      	str	r3, [sp, #4]
10003d22:	0033      	movs	r3, r6
10003d24:	0022      	movs	r2, r4
10003d26:	a901      	add	r1, sp, #4
10003d28:	4808      	ldr	r0, [pc, #32]	; (10003d4c <__wrap_vprintf+0x3c>)
10003d2a:	f7ff fa65 	bl	100031f8 <vfctprintf>
10003d2e:	0004      	movs	r4, r0
10003d30:	a801      	add	r0, sp, #4
10003d32:	f7ff ff03 	bl	10003b3c <stdio_stack_buffer_flush>
10003d36:	f7ff ffcb 	bl	10003cd0 <stdio_flush>
10003d3a:	2d00      	cmp	r5, #0
10003d3c:	d102      	bne.n	10003d44 <__wrap_vprintf+0x34>
10003d3e:	0020      	movs	r0, r4
10003d40:	b022      	add	sp, #136	; 0x88
10003d42:	bd70      	pop	{r4, r5, r6, pc}
10003d44:	f7ff ff5a 	bl	10003bfc <stdout_serialize_end>
10003d48:	e7f9      	b.n	10003d3e <__wrap_vprintf+0x2e>
10003d4a:	46c0      	nop			; (mov r8, r8)
10003d4c:	10003b81 	.word	0x10003b81

10003d50 <__wrap_printf>:
10003d50:	b40f      	push	{r0, r1, r2, r3}
10003d52:	b500      	push	{lr}
10003d54:	b083      	sub	sp, #12
10003d56:	a904      	add	r1, sp, #16
10003d58:	c901      	ldmia	r1!, {r0}
10003d5a:	9101      	str	r1, [sp, #4]
10003d5c:	f7ff ffd8 	bl	10003d10 <__wrap_vprintf>
10003d60:	b003      	add	sp, #12
10003d62:	bc08      	pop	{r3}
10003d64:	b004      	add	sp, #16
10003d66:	4718      	bx	r3

10003d68 <stdio_init_all>:
10003d68:	b510      	push	{r4, lr}
10003d6a:	f000 f8f9 	bl	10003f60 <stdio_uart_init>
10003d6e:	2001      	movs	r0, #1
10003d70:	bd10      	pop	{r4, pc}
	...

10003d74 <stdio_uart_out_chars>:
10003d74:	b5f0      	push	{r4, r5, r6, r7, lr}
10003d76:	b083      	sub	sp, #12
10003d78:	0005      	movs	r5, r0
10003d7a:	000e      	movs	r6, r1
10003d7c:	2400      	movs	r4, #0
10003d7e:	e00f      	b.n	10003da0 <stdio_uart_out_chars+0x2c>
10003d80:	466b      	mov	r3, sp
10003d82:	1dd9      	adds	r1, r3, #7
10003d84:	230d      	movs	r3, #13
10003d86:	700b      	strb	r3, [r1, #0]
10003d88:	2000      	movs	r0, #0
10003d8a:	2800      	cmp	r0, #0
10003d8c:	d116      	bne.n	10003dbc <stdio_uart_out_chars+0x48>
10003d8e:	6993      	ldr	r3, [r2, #24]
10003d90:	069b      	lsls	r3, r3, #26
10003d92:	d4fc      	bmi.n	10003d8e <stdio_uart_out_chars+0x1a>
10003d94:	780b      	ldrb	r3, [r1, #0]
10003d96:	6013      	str	r3, [r2, #0]
10003d98:	3001      	adds	r0, #1
10003d9a:	3101      	adds	r1, #1
10003d9c:	e7f5      	b.n	10003d8a <stdio_uart_out_chars+0x16>
10003d9e:	3401      	adds	r4, #1
10003da0:	42b4      	cmp	r4, r6
10003da2:	da19      	bge.n	10003dd8 <stdio_uart_out_chars+0x64>
10003da4:	4b0d      	ldr	r3, [pc, #52]	; (10003ddc <stdio_uart_out_chars+0x68>)
10003da6:	681a      	ldr	r2, [r3, #0]
10003da8:	5d2f      	ldrb	r7, [r5, r4]
10003daa:	4b0d      	ldr	r3, [pc, #52]	; (10003de0 <stdio_uart_out_chars+0x6c>)
10003dac:	18d3      	adds	r3, r2, r3
10003dae:	4259      	negs	r1, r3
10003db0:	414b      	adcs	r3, r1
10003db2:	005b      	lsls	r3, r3, #1
10003db4:	490b      	ldr	r1, [pc, #44]	; (10003de4 <stdio_uart_out_chars+0x70>)
10003db6:	5e5b      	ldrsh	r3, [r3, r1]
10003db8:	42bb      	cmp	r3, r7
10003dba:	d0e1      	beq.n	10003d80 <stdio_uart_out_chars+0xc>
10003dbc:	466b      	mov	r3, sp
10003dbe:	1dd9      	adds	r1, r3, #7
10003dc0:	700f      	strb	r7, [r1, #0]
10003dc2:	2000      	movs	r0, #0
10003dc4:	2800      	cmp	r0, #0
10003dc6:	d1ea      	bne.n	10003d9e <stdio_uart_out_chars+0x2a>
10003dc8:	6993      	ldr	r3, [r2, #24]
10003dca:	069b      	lsls	r3, r3, #26
10003dcc:	d4fc      	bmi.n	10003dc8 <stdio_uart_out_chars+0x54>
10003dce:	780b      	ldrb	r3, [r1, #0]
10003dd0:	6013      	str	r3, [r2, #0]
10003dd2:	3001      	adds	r0, #1
10003dd4:	3101      	adds	r1, #1
10003dd6:	e7f5      	b.n	10003dc4 <stdio_uart_out_chars+0x50>
10003dd8:	b003      	add	sp, #12
10003dda:	bdf0      	pop	{r4, r5, r6, r7, pc}
10003ddc:	200006f4 	.word	0x200006f4
10003de0:	bffc8000 	.word	0xbffc8000
10003de4:	200006f0 	.word	0x200006f0

10003de8 <stdio_uart_in_chars>:
10003de8:	b5f0      	push	{r4, r5, r6, r7, lr}
10003dea:	b083      	sub	sp, #12
10003dec:	0006      	movs	r6, r0
10003dee:	000f      	movs	r7, r1
10003df0:	2500      	movs	r5, #0
10003df2:	e004      	b.n	10003dfe <stdio_uart_in_chars+0x16>
10003df4:	466b      	mov	r3, sp
10003df6:	3307      	adds	r3, #7
10003df8:	781b      	ldrb	r3, [r3, #0]
10003dfa:	702b      	strb	r3, [r5, #0]
10003dfc:	0025      	movs	r5, r4
10003dfe:	42bd      	cmp	r5, r7
10003e00:	da15      	bge.n	10003e2e <stdio_uart_in_chars+0x46>
10003e02:	4b17      	ldr	r3, [pc, #92]	; (10003e60 <stdio_uart_in_chars+0x78>)
10003e04:	681a      	ldr	r2, [r3, #0]
10003e06:	6993      	ldr	r3, [r2, #24]
10003e08:	2410      	movs	r4, #16
10003e0a:	0021      	movs	r1, r4
10003e0c:	4019      	ands	r1, r3
10003e0e:	421c      	tst	r4, r3
10003e10:	d10d      	bne.n	10003e2e <stdio_uart_in_chars+0x46>
10003e12:	1c6c      	adds	r4, r5, #1
10003e14:	1975      	adds	r5, r6, r5
10003e16:	466b      	mov	r3, sp
10003e18:	1dd8      	adds	r0, r3, #7
10003e1a:	2900      	cmp	r1, #0
10003e1c:	d1ea      	bne.n	10003df4 <stdio_uart_in_chars+0xc>
10003e1e:	6993      	ldr	r3, [r2, #24]
10003e20:	06db      	lsls	r3, r3, #27
10003e22:	d4fc      	bmi.n	10003e1e <stdio_uart_in_chars+0x36>
10003e24:	6813      	ldr	r3, [r2, #0]
10003e26:	7003      	strb	r3, [r0, #0]
10003e28:	3101      	adds	r1, #1
10003e2a:	3001      	adds	r0, #1
10003e2c:	e7f5      	b.n	10003e1a <stdio_uart_in_chars+0x32>
10003e2e:	4b0d      	ldr	r3, [pc, #52]	; (10003e64 <stdio_uart_in_chars+0x7c>)
10003e30:	681b      	ldr	r3, [r3, #0]
10003e32:	2b00      	cmp	r3, #0
10003e34:	d00c      	beq.n	10003e50 <stdio_uart_in_chars+0x68>
10003e36:	4b0a      	ldr	r3, [pc, #40]	; (10003e60 <stdio_uart_in_chars+0x78>)
10003e38:	681a      	ldr	r2, [r3, #0]
10003e3a:	2350      	movs	r3, #80	; 0x50
10003e3c:	6393      	str	r3, [r2, #56]	; 0x38
10003e3e:	0011      	movs	r1, r2
10003e40:	3134      	adds	r1, #52	; 0x34
10003e42:	6b53      	ldr	r3, [r2, #52]	; 0x34
10003e44:	2238      	movs	r2, #56	; 0x38
10003e46:	401a      	ands	r2, r3
10003e48:	2380      	movs	r3, #128	; 0x80
10003e4a:	015b      	lsls	r3, r3, #5
10003e4c:	430b      	orrs	r3, r1
10003e4e:	601a      	str	r2, [r3, #0]
10003e50:	2d00      	cmp	r5, #0
10003e52:	d002      	beq.n	10003e5a <stdio_uart_in_chars+0x72>
10003e54:	0028      	movs	r0, r5
10003e56:	b003      	add	sp, #12
10003e58:	bdf0      	pop	{r4, r5, r6, r7, pc}
10003e5a:	3d03      	subs	r5, #3
10003e5c:	e7fa      	b.n	10003e54 <stdio_uart_in_chars+0x6c>
10003e5e:	46c0      	nop			; (mov r8, r8)
10003e60:	200006f4 	.word	0x200006f4
10003e64:	20000434 	.word	0x20000434

10003e68 <on_uart_rx>:
10003e68:	b510      	push	{r4, lr}
10003e6a:	4b06      	ldr	r3, [pc, #24]	; (10003e84 <on_uart_rx+0x1c>)
10003e6c:	681b      	ldr	r3, [r3, #0]
10003e6e:	2b00      	cmp	r3, #0
10003e70:	d006      	beq.n	10003e80 <on_uart_rx+0x18>
10003e72:	4a05      	ldr	r2, [pc, #20]	; (10003e88 <on_uart_rx+0x20>)
10003e74:	6812      	ldr	r2, [r2, #0]
10003e76:	2100      	movs	r1, #0
10003e78:	6391      	str	r1, [r2, #56]	; 0x38
10003e7a:	4a04      	ldr	r2, [pc, #16]	; (10003e8c <on_uart_rx+0x24>)
10003e7c:	6810      	ldr	r0, [r2, #0]
10003e7e:	4798      	blx	r3
10003e80:	bd10      	pop	{r4, pc}
10003e82:	46c0      	nop			; (mov r8, r8)
10003e84:	20000434 	.word	0x20000434
10003e88:	200006f4 	.word	0x200006f4
10003e8c:	20000438 	.word	0x20000438

10003e90 <stdio_uart_set_chars_available_callback>:
10003e90:	b570      	push	{r4, r5, r6, lr}
10003e92:	0004      	movs	r4, r0
10003e94:	000e      	movs	r6, r1
10003e96:	4b1c      	ldr	r3, [pc, #112]	; (10003f08 <stdio_uart_set_chars_available_callback+0x78>)
10003e98:	681b      	ldr	r3, [r3, #0]
10003e9a:	4a1c      	ldr	r2, [pc, #112]	; (10003f0c <stdio_uart_set_chars_available_callback+0x7c>)
10003e9c:	1898      	adds	r0, r3, r2
10003e9e:	4242      	negs	r2, r0
10003ea0:	4150      	adcs	r0, r2
10003ea2:	3014      	adds	r0, #20
10003ea4:	0005      	movs	r5, r0
10003ea6:	2c00      	cmp	r4, #0
10003ea8:	d003      	beq.n	10003eb2 <stdio_uart_set_chars_available_callback+0x22>
10003eaa:	4a19      	ldr	r2, [pc, #100]	; (10003f10 <stdio_uart_set_chars_available_callback+0x80>)
10003eac:	6812      	ldr	r2, [r2, #0]
10003eae:	2a00      	cmp	r2, #0
10003eb0:	d006      	beq.n	10003ec0 <stdio_uart_set_chars_available_callback+0x30>
10003eb2:	2c00      	cmp	r4, #0
10003eb4:	d019      	beq.n	10003eea <stdio_uart_set_chars_available_callback+0x5a>
10003eb6:	4b16      	ldr	r3, [pc, #88]	; (10003f10 <stdio_uart_set_chars_available_callback+0x80>)
10003eb8:	601c      	str	r4, [r3, #0]
10003eba:	4b16      	ldr	r3, [pc, #88]	; (10003f14 <stdio_uart_set_chars_available_callback+0x84>)
10003ebc:	601e      	str	r6, [r3, #0]
10003ebe:	bd70      	pop	{r4, r5, r6, pc}
10003ec0:	4915      	ldr	r1, [pc, #84]	; (10003f18 <stdio_uart_set_chars_available_callback+0x88>)
10003ec2:	f7fc fb93 	bl	100005ec <irq_set_exclusive_handler>
10003ec6:	2101      	movs	r1, #1
10003ec8:	0028      	movs	r0, r5
10003eca:	f7fc fb7f 	bl	100005cc <irq_set_enabled>
10003ece:	4b0e      	ldr	r3, [pc, #56]	; (10003f08 <stdio_uart_set_chars_available_callback+0x78>)
10003ed0:	681a      	ldr	r2, [r3, #0]
10003ed2:	2350      	movs	r3, #80	; 0x50
10003ed4:	6393      	str	r3, [r2, #56]	; 0x38
10003ed6:	0011      	movs	r1, r2
10003ed8:	3134      	adds	r1, #52	; 0x34
10003eda:	6b53      	ldr	r3, [r2, #52]	; 0x34
10003edc:	2238      	movs	r2, #56	; 0x38
10003ede:	401a      	ands	r2, r3
10003ee0:	2380      	movs	r3, #128	; 0x80
10003ee2:	015b      	lsls	r3, r3, #5
10003ee4:	430b      	orrs	r3, r1
10003ee6:	601a      	str	r2, [r3, #0]
10003ee8:	e7e5      	b.n	10003eb6 <stdio_uart_set_chars_available_callback+0x26>
10003eea:	4a09      	ldr	r2, [pc, #36]	; (10003f10 <stdio_uart_set_chars_available_callback+0x80>)
10003eec:	6812      	ldr	r2, [r2, #0]
10003eee:	2a00      	cmp	r2, #0
10003ef0:	d0e1      	beq.n	10003eb6 <stdio_uart_set_chars_available_callback+0x26>
10003ef2:	2200      	movs	r2, #0
10003ef4:	639a      	str	r2, [r3, #56]	; 0x38
10003ef6:	2100      	movs	r1, #0
10003ef8:	0028      	movs	r0, r5
10003efa:	f7fc fb67 	bl	100005cc <irq_set_enabled>
10003efe:	4906      	ldr	r1, [pc, #24]	; (10003f18 <stdio_uart_set_chars_available_callback+0x88>)
10003f00:	0028      	movs	r0, r5
10003f02:	f7fc fb9d 	bl	10000640 <irq_remove_handler>
10003f06:	e7d6      	b.n	10003eb6 <stdio_uart_set_chars_available_callback+0x26>
10003f08:	200006f4 	.word	0x200006f4
10003f0c:	bffc8000 	.word	0xbffc8000
10003f10:	20000434 	.word	0x20000434
10003f14:	20000438 	.word	0x20000438
10003f18:	10003e69 	.word	0x10003e69

10003f1c <stdio_uart_init_full>:
10003f1c:	b570      	push	{r4, r5, r6, lr}
10003f1e:	000d      	movs	r5, r1
10003f20:	001c      	movs	r4, r3
10003f22:	4b0d      	ldr	r3, [pc, #52]	; (10003f58 <stdio_uart_init_full+0x3c>)
10003f24:	6018      	str	r0, [r3, #0]
10003f26:	2a00      	cmp	r2, #0
10003f28:	da0b      	bge.n	10003f42 <stdio_uart_init_full+0x26>
10003f2a:	2c00      	cmp	r4, #0
10003f2c:	da0e      	bge.n	10003f4c <stdio_uart_init_full+0x30>
10003f2e:	4b0a      	ldr	r3, [pc, #40]	; (10003f58 <stdio_uart_init_full+0x3c>)
10003f30:	6818      	ldr	r0, [r3, #0]
10003f32:	0029      	movs	r1, r5
10003f34:	f7fd fe22 	bl	10001b7c <uart_init>
10003f38:	2101      	movs	r1, #1
10003f3a:	4808      	ldr	r0, [pc, #32]	; (10003f5c <stdio_uart_init_full+0x40>)
10003f3c:	f7ff feb2 	bl	10003ca4 <stdio_set_driver_enabled>
10003f40:	bd70      	pop	{r4, r5, r6, pc}
10003f42:	2102      	movs	r1, #2
10003f44:	0010      	movs	r0, r2
10003f46:	f7fc fa35 	bl	100003b4 <gpio_set_function>
10003f4a:	e7ee      	b.n	10003f2a <stdio_uart_init_full+0xe>
10003f4c:	2102      	movs	r1, #2
10003f4e:	0020      	movs	r0, r4
10003f50:	f7fc fa30 	bl	100003b4 <gpio_set_function>
10003f54:	e7eb      	b.n	10003f2e <stdio_uart_init_full+0x12>
10003f56:	46c0      	nop			; (mov r8, r8)
10003f58:	200006f4 	.word	0x200006f4
10003f5c:	200002d0 	.word	0x200002d0

10003f60 <stdio_uart_init>:
10003f60:	b510      	push	{r4, lr}
10003f62:	4b06      	ldr	r3, [pc, #24]	; (10003f7c <stdio_uart_init+0x1c>)
10003f64:	781b      	ldrb	r3, [r3, #0]
10003f66:	4b06      	ldr	r3, [pc, #24]	; (10003f80 <stdio_uart_init+0x20>)
10003f68:	781b      	ldrb	r3, [r3, #0]
10003f6a:	21e1      	movs	r1, #225	; 0xe1
10003f6c:	2301      	movs	r3, #1
10003f6e:	2200      	movs	r2, #0
10003f70:	0249      	lsls	r1, r1, #9
10003f72:	4804      	ldr	r0, [pc, #16]	; (10003f84 <stdio_uart_init+0x24>)
10003f74:	f7ff ffd2 	bl	10003f1c <stdio_uart_init_full>
10003f78:	bd10      	pop	{r4, pc}
10003f7a:	46c0      	nop			; (mov r8, r8)
10003f7c:	100051fc 	.word	0x100051fc
10003f80:	10005200 	.word	0x10005200
10003f84:	40034000 	.word	0x40034000

10003f88 <dma_claim_unused_channel>:
10003f88:	b500      	push	{lr}
10003f8a:	b083      	sub	sp, #12
10003f8c:	0001      	movs	r1, r0
10003f8e:	4b04      	ldr	r3, [pc, #16]	; (10003fa0 <dma_claim_unused_channel+0x18>)
10003f90:	9300      	str	r3, [sp, #0]
10003f92:	230b      	movs	r3, #11
10003f94:	2200      	movs	r2, #0
10003f96:	4803      	ldr	r0, [pc, #12]	; (10003fa4 <dma_claim_unused_channel+0x1c>)
10003f98:	f7fc fa5d 	bl	10000456 <hw_claim_unused_from_range>
10003f9c:	b003      	add	sp, #12
10003f9e:	bd00      	pop	{pc}
10003fa0:	100051bc 	.word	0x100051bc
10003fa4:	200006f8 	.word	0x200006f8

10003fa8 <strlen>:
10003fa8:	b510      	push	{r4, lr}
10003faa:	0783      	lsls	r3, r0, #30
10003fac:	d00a      	beq.n	10003fc4 <strlen+0x1c>
10003fae:	0003      	movs	r3, r0
10003fb0:	2103      	movs	r1, #3
10003fb2:	e002      	b.n	10003fba <strlen+0x12>
10003fb4:	3301      	adds	r3, #1
10003fb6:	420b      	tst	r3, r1
10003fb8:	d005      	beq.n	10003fc6 <strlen+0x1e>
10003fba:	781a      	ldrb	r2, [r3, #0]
10003fbc:	2a00      	cmp	r2, #0
10003fbe:	d1f9      	bne.n	10003fb4 <strlen+0xc>
10003fc0:	1a18      	subs	r0, r3, r0
10003fc2:	bd10      	pop	{r4, pc}
10003fc4:	0003      	movs	r3, r0
10003fc6:	6819      	ldr	r1, [r3, #0]
10003fc8:	4a0c      	ldr	r2, [pc, #48]	; (10003ffc <strlen+0x54>)
10003fca:	4c0d      	ldr	r4, [pc, #52]	; (10004000 <strlen+0x58>)
10003fcc:	188a      	adds	r2, r1, r2
10003fce:	438a      	bics	r2, r1
10003fd0:	4222      	tst	r2, r4
10003fd2:	d10f      	bne.n	10003ff4 <strlen+0x4c>
10003fd4:	6859      	ldr	r1, [r3, #4]
10003fd6:	4a09      	ldr	r2, [pc, #36]	; (10003ffc <strlen+0x54>)
10003fd8:	3304      	adds	r3, #4
10003fda:	188a      	adds	r2, r1, r2
10003fdc:	438a      	bics	r2, r1
10003fde:	4222      	tst	r2, r4
10003fe0:	d108      	bne.n	10003ff4 <strlen+0x4c>
10003fe2:	6859      	ldr	r1, [r3, #4]
10003fe4:	4a05      	ldr	r2, [pc, #20]	; (10003ffc <strlen+0x54>)
10003fe6:	3304      	adds	r3, #4
10003fe8:	188a      	adds	r2, r1, r2
10003fea:	438a      	bics	r2, r1
10003fec:	4222      	tst	r2, r4
10003fee:	d0f1      	beq.n	10003fd4 <strlen+0x2c>
10003ff0:	e000      	b.n	10003ff4 <strlen+0x4c>
10003ff2:	3301      	adds	r3, #1
10003ff4:	781a      	ldrb	r2, [r3, #0]
10003ff6:	2a00      	cmp	r2, #0
10003ff8:	d1fb      	bne.n	10003ff2 <strlen+0x4a>
10003ffa:	e7e1      	b.n	10003fc0 <strlen+0x18>
10003ffc:	fefefeff 	.word	0xfefefeff
10004000:	80808080 	.word	0x80808080

10004004 <_fini>:
10004004:	b5f8      	push	{r3, r4, r5, r6, r7, lr}
10004006:	46c0      	nop			; (mov r8, r8)

10004008 <__mutex_exit_veneer>:
10004008:	b401      	push	{r0}
1000400a:	4802      	ldr	r0, [pc, #8]	; (10004014 <__mutex_exit_veneer+0xc>)
1000400c:	4684      	mov	ip, r0
1000400e:	bc01      	pop	{r0}
10004010:	4760      	bx	ip
10004012:	bf00      	nop
10004014:	200001c9 	.word	0x200001c9

10004018 <____aeabi_ldiv0_veneer>:
10004018:	b401      	push	{r0}
1000401a:	4802      	ldr	r0, [pc, #8]	; (10004024 <____aeabi_ldiv0_veneer+0xc>)
1000401c:	4684      	mov	ip, r0
1000401e:	bc01      	pop	{r0}
10004020:	4760      	bx	ip
10004022:	bf00      	nop
10004024:	20000215 	.word	0x20000215

10004028 <____aeabi_idiv0_veneer>:
10004028:	b401      	push	{r0}
1000402a:	4802      	ldr	r0, [pc, #8]	; (10004034 <____aeabi_idiv0_veneer+0xc>)
1000402c:	4684      	mov	ip, r0
1000402e:	bc01      	pop	{r0}
10004030:	4760      	bx	ip
10004032:	bf00      	nop
10004034:	20000215 	.word	0x20000215

10004038 <__mutex_try_enter_block_until_veneer>:
10004038:	b401      	push	{r0}
1000403a:	4802      	ldr	r0, [pc, #8]	; (10004044 <__mutex_try_enter_block_until_veneer+0xc>)
1000403c:	4684      	mov	ip, r0
1000403e:	bc01      	pop	{r0}
10004040:	4760      	bx	ip
10004042:	bf00      	nop
10004044:	20000195 	.word	0x20000195

Disassembly of section .data:

200000c0 <mutex_try_enter>:
200000c0:	0003      	movs	r3, r0
200000c2:	6800      	ldr	r0, [r0, #0]
200000c4:	f3ef 8c10 	mrs	ip, PRIMASK
200000c8:	b672      	cpsid	i
200000ca:	6802      	ldr	r2, [r0, #0]
200000cc:	2a00      	cmp	r2, #0
200000ce:	d0fc      	beq.n	200000ca <mutex_try_enter+0xa>
200000d0:	f3bf 8f5f 	dmb	sy
200000d4:	2204      	movs	r2, #4
200000d6:	569a      	ldrsb	r2, [r3, r2]
200000d8:	2a00      	cmp	r2, #0
200000da:	db0b      	blt.n	200000f4 <mutex_try_enter+0x34>
200000dc:	2900      	cmp	r1, #0
200000de:	d010      	beq.n	20000102 <mutex_try_enter+0x42>
200000e0:	600a      	str	r2, [r1, #0]
200000e2:	2000      	movs	r0, #0
200000e4:	681b      	ldr	r3, [r3, #0]
200000e6:	f3bf 8f5f 	dmb	sy
200000ea:	2200      	movs	r2, #0
200000ec:	601a      	str	r2, [r3, #0]
200000ee:	f38c 8810 	msr	PRIMASK, ip
200000f2:	4770      	bx	lr
200000f4:	22d0      	movs	r2, #208	; 0xd0
200000f6:	0612      	lsls	r2, r2, #24
200000f8:	7812      	ldrb	r2, [r2, #0]
200000fa:	b252      	sxtb	r2, r2
200000fc:	711a      	strb	r2, [r3, #4]
200000fe:	2001      	movs	r0, #1
20000100:	e7f0      	b.n	200000e4 <mutex_try_enter+0x24>
20000102:	2000      	movs	r0, #0
20000104:	e7ee      	b.n	200000e4 <mutex_try_enter+0x24>
	...

20000108 <mutex_enter_block_until>:
20000108:	b5f8      	push	{r3, r4, r5, r6, r7, lr}
2000010a:	46ce      	mov	lr, r9
2000010c:	4647      	mov	r7, r8
2000010e:	b580      	push	{r7, lr}
20000110:	0004      	movs	r4, r0
20000112:	0017      	movs	r7, r2
20000114:	4698      	mov	r8, r3
20000116:	6803      	ldr	r3, [r0, #0]
20000118:	2b00      	cmp	r3, #0
2000011a:	d020      	beq.n	2000015e <mutex_enter_block_until+0x56>
2000011c:	23d0      	movs	r3, #208	; 0xd0
2000011e:	061b      	lsls	r3, r3, #24
20000120:	781b      	ldrb	r3, [r3, #0]
20000122:	b25b      	sxtb	r3, r3
20000124:	4699      	mov	r9, r3
20000126:	6826      	ldr	r6, [r4, #0]
20000128:	f3ef 8c10 	mrs	ip, PRIMASK
2000012c:	b672      	cpsid	i
2000012e:	6835      	ldr	r5, [r6, #0]
20000130:	2d00      	cmp	r5, #0
20000132:	d0fc      	beq.n	2000012e <mutex_enter_block_until+0x26>
20000134:	f3bf 8f5f 	dmb	sy
20000138:	2504      	movs	r5, #4
2000013a:	5765      	ldrsb	r5, [r4, r5]
2000013c:	2d00      	cmp	r5, #0
2000013e:	db14      	blt.n	2000016a <mutex_enter_block_until+0x62>
20000140:	6823      	ldr	r3, [r4, #0]
20000142:	f3bf 8f5f 	dmb	sy
20000146:	2200      	movs	r2, #0
20000148:	601a      	str	r2, [r3, #0]
2000014a:	f38c 8810 	msr	PRIMASK, ip
2000014e:	0038      	movs	r0, r7
20000150:	4641      	mov	r1, r8
20000152:	f000 f869 	bl	20000228 <__best_effort_wfe_or_timeout_veneer>
20000156:	2800      	cmp	r0, #0
20000158:	d0e5      	beq.n	20000126 <mutex_enter_block_until+0x1e>
2000015a:	2000      	movs	r0, #0
2000015c:	e00f      	b.n	2000017e <mutex_enter_block_until+0x76>
2000015e:	4b0a      	ldr	r3, [pc, #40]	; (20000188 <mutex_enter_block_until+0x80>)
20000160:	4a0a      	ldr	r2, [pc, #40]	; (2000018c <mutex_enter_block_until+0x84>)
20000162:	2185      	movs	r1, #133	; 0x85
20000164:	480a      	ldr	r0, [pc, #40]	; (20000190 <mutex_enter_block_until+0x88>)
20000166:	f000 f857 	bl	20000218 <____assert_func_veneer>
2000016a:	464b      	mov	r3, r9
2000016c:	7123      	strb	r3, [r4, #4]
2000016e:	6823      	ldr	r3, [r4, #0]
20000170:	f3bf 8f5f 	dmb	sy
20000174:	2200      	movs	r2, #0
20000176:	601a      	str	r2, [r3, #0]
20000178:	f38c 8810 	msr	PRIMASK, ip
2000017c:	2001      	movs	r0, #1
2000017e:	bcc0      	pop	{r6, r7}
20000180:	46b9      	mov	r9, r7
20000182:	46b0      	mov	r8, r6
20000184:	bdf8      	pop	{r3, r4, r5, r6, r7, pc}
20000186:	46c0      	nop			; (mov r8, r8)
20000188:	10004410 	.word	0x10004410
2000018c:	100044e8 	.word	0x100044e8
20000190:	100043bc 	.word	0x100043bc

20000194 <mutex_try_enter_block_until>:
20000194:	b570      	push	{r4, r5, r6, lr}
20000196:	b082      	sub	sp, #8
20000198:	0006      	movs	r6, r0
2000019a:	0015      	movs	r5, r2
2000019c:	001c      	movs	r4, r3
2000019e:	a901      	add	r1, sp, #4
200001a0:	f7ff ff8e 	bl	200000c0 <mutex_try_enter>
200001a4:	2800      	cmp	r0, #0
200001a6:	d107      	bne.n	200001b8 <mutex_try_enter_block_until+0x24>
200001a8:	9b01      	ldr	r3, [sp, #4]
200001aa:	b25b      	sxtb	r3, r3
200001ac:	22d0      	movs	r2, #208	; 0xd0
200001ae:	0612      	lsls	r2, r2, #24
200001b0:	7812      	ldrb	r2, [r2, #0]
200001b2:	b252      	sxtb	r2, r2
200001b4:	4293      	cmp	r3, r2
200001b6:	d101      	bne.n	200001bc <mutex_try_enter_block_until+0x28>
200001b8:	b002      	add	sp, #8
200001ba:	bd70      	pop	{r4, r5, r6, pc}
200001bc:	002a      	movs	r2, r5
200001be:	0023      	movs	r3, r4
200001c0:	0030      	movs	r0, r6
200001c2:	f7ff ffa1 	bl	20000108 <mutex_enter_block_until>
200001c6:	e7f7      	b.n	200001b8 <mutex_try_enter_block_until+0x24>

200001c8 <mutex_exit>:
200001c8:	b510      	push	{r4, lr}
200001ca:	6802      	ldr	r2, [r0, #0]
200001cc:	f3ef 8110 	mrs	r1, PRIMASK
200001d0:	b672      	cpsid	i
200001d2:	6813      	ldr	r3, [r2, #0]
200001d4:	2b00      	cmp	r3, #0
200001d6:	d0fc      	beq.n	200001d2 <mutex_exit+0xa>
200001d8:	f3bf 8f5f 	dmb	sy
200001dc:	2304      	movs	r3, #4
200001de:	56c3      	ldrsb	r3, [r0, r3]
200001e0:	2b00      	cmp	r3, #0
200001e2:	db0a      	blt.n	200001fa <mutex_exit+0x32>
200001e4:	23ff      	movs	r3, #255	; 0xff
200001e6:	7103      	strb	r3, [r0, #4]
200001e8:	6803      	ldr	r3, [r0, #0]
200001ea:	f3bf 8f5f 	dmb	sy
200001ee:	2200      	movs	r2, #0
200001f0:	601a      	str	r2, [r3, #0]
200001f2:	f381 8810 	msr	PRIMASK, r1
200001f6:	bf40      	sev
200001f8:	bd10      	pop	{r4, pc}
200001fa:	4b03      	ldr	r3, [pc, #12]	; (20000208 <mutex_exit+0x40>)
200001fc:	4a03      	ldr	r2, [pc, #12]	; (2000020c <mutex_exit+0x44>)
200001fe:	21b4      	movs	r1, #180	; 0xb4
20000200:	4803      	ldr	r0, [pc, #12]	; (20000210 <mutex_exit+0x48>)
20000202:	f000 f809 	bl	20000218 <____assert_func_veneer>
20000206:	46c0      	nop			; (mov r8, r8)
20000208:	100044a4 	.word	0x100044a4
2000020c:	100044dc 	.word	0x100044dc
20000210:	100043bc 	.word	0x100043bc

20000214 <__aeabi_idiv0>:
20000214:	4770      	bx	lr
20000216:	46c0      	nop			; (mov r8, r8)

20000218 <____assert_func_veneer>:
20000218:	b401      	push	{r0}
2000021a:	4802      	ldr	r0, [pc, #8]	; (20000224 <____assert_func_veneer+0xc>)
2000021c:	4684      	mov	ip, r0
2000021e:	bc01      	pop	{r0}
20000220:	4760      	bx	ip
20000222:	bf00      	nop
20000224:	10001f75 	.word	0x10001f75

20000228 <__best_effort_wfe_or_timeout_veneer>:
20000228:	b401      	push	{r0}
2000022a:	4802      	ldr	r0, [pc, #8]	; (20000234 <__best_effort_wfe_or_timeout_veneer+0xc>)
2000022c:	4684      	mov	ip, r0
2000022e:	bc01      	pop	{r0}
20000230:	4760      	bx	ip
20000232:	bf00      	nop
20000234:	1000128d 	.word	0x1000128d

20000238 <striped_spin_lock_num>:
20000238:	00000010                                ....

2000023c <irq_handler_chain_slots>:
2000023c:	00000000 	.word	0x00000000
20000240:	00010000 	.word	0x00010000
	...
2000024c:	00020000 	.word	0x00020000
	...
20000258:	00030000 	.word	0x00030000
	...
20000264:	00ff0000 	.word	0x00ff0000
20000268:	00000000 	.word	0x00000000

2000026c <irq_handler_chain_first_slot>:
2000026c:	b501      	push	{r0, lr}
2000026e:	6848      	ldr	r0, [r1, #4]
20000270:	3101      	adds	r1, #1
20000272:	468e      	mov	lr, r1
20000274:	4700      	bx	r0

20000276 <irq_handler_chain_remove_tail>:
20000276:	4670      	mov	r0, lr
20000278:	3809      	subs	r0, #9
2000027a:	4901      	ldr	r1, [pc, #4]	; (20000280 <irq_handler_chain_remove_tail+0xa>)
2000027c:	4788      	blx	r1
2000027e:	bd01      	pop	{r0, pc}
20000280:	100007ed 	.word	0x100007ed

20000284 <default_alarm_pool>:
20000284:	2000029c 00000000 20000308 20000464     ... ....... d.. 
	...

2000029c <default_alarm_pool_heap>:
2000029c:	20000474 00000000 00000000 00000010     t.. ............
200002ac:	00000000                                ....

200002b0 <aeabi_bits_funcs>:
200002b0:	00003350 	.word	0x00003350
200002b4:	0000334c 	.word	0x0000334c
200002b8:	00003354 	.word	0x00003354
200002bc:	00003352 	.word	0x00003352

200002c0 <aeabi_bits_funcs_end>:
200002c0:	0000534d 	.word	0x0000534d
200002c4:	0000434d 	.word	0x0000434d
200002c8:	00003453 	.word	0x00003453
200002cc:	00003443 	.word	0x00003443

200002d0 <stdio_uart>:
200002d0:	10003d75 00000000 10003de9 10003e91     u=.......=...>..
200002e0:	00000000 00000100                       ........

200002e8 <print_mutex>:
	...

200002f0 <__mutex_array_end>:
200002f0:	10003a91 	.word	0x10003a91
200002f4:	10003219 	.word	0x10003219
200002f8:	100038fd 	.word	0x100038fd
200002fc:	10003a09 	.word	0x10003a09

20000300 <__frame_dummy_init_array_entry>:
20000300:	100002e5                                ....
