
C:/Users/thisi/Documents/Pico-v1.5.1/build/dma/sniff_crc/sniff_crc.elf:     file format elf32-littlearm

Sections:
Idx Name          Size      VMA       LMA       File off  Algn
  0 .boot2        00000100  10000000  10000000  00001000  2**0
                  CONTENTS, ALLOC, LOAD, READONLY, CODE
  1 .text         00004060  10000100  10000100  00001100  2**3
                  CONTENTS, ALLOC, LOAD, READONLY, CODE
  2 .rodata       00001204  10004160  10004160  00005160  2**3
                  CONTENTS, ALLOC, LOAD, READONLY, DATA
  3 .binary_info  00000028  10005364  10005364  00006364  2**2
                  CONTENTS, ALLOC, LOAD, READONLY, DATA
  4 .ram_vector_table 000000c0  20000000  20000000  00008000  2**2
                  ALLOC
  5 .data         00000254  200000c0  1000538c  000070c0  2**4
                  CONTENTS, ALLOC, LOAD, READONLY, CODE
  6 .uninitialized_data 00000000  20000314  20000314  00007314  2**0
                  CONTENTS
  7 .scratch_x    00000000  20040000  20040000  00007314  2**0
                  CONTENTS
  8 .scratch_y    00000000  20041000  20041000  00007314  2**0
                  CONTENTS
  9 .bss          000003e0  20000318  20000318  00008000  2**3
                  ALLOC
 10 .heap         00000800  200006f8  200006f8  00007314  2**2
                  CONTENTS, READONLY
 11 .stack_dummy  00000800  20041000  20041000  00007b20  2**5
                  CONTENTS, READONLY
 12 .ARM.attributes 00000028  00000000  00000000  00008320  2**0
                  CONTENTS, READONLY
 13 .comment      00000049  00000000  00000000  00008348  2**0
                  CONTENTS, READONLY
 14 .debug_info   00017193  00000000  00000000  00008391  2**0
                  CONTENTS, READONLY, DEBUGGING, OCTETS
 15 .debug_abbrev 000046b5  00000000  00000000  0001f524  2**0
                  CONTENTS, READONLY, DEBUGGING, OCTETS
 16 .debug_loc    0000f6be  00000000  00000000  00023bd9  2**0
                  CONTENTS, READONLY, DEBUGGING, OCTETS
 17 .debug_aranges 00000df0  00000000  00000000  00033298  2**3
                  CONTENTS, READONLY, DEBUGGING, OCTETS
 18 .debug_ranges 00003480  00000000  00000000  00034088  2**3
                  CONTENTS, READONLY, DEBUGGING, OCTETS
 19 .debug_line   0000f7f8  00000000  00000000  00037508  2**0
                  CONTENTS, READONLY, DEBUGGING, OCTETS
 20 .debug_str    000042a0  00000000  00000000  00046d00  2**0
                  CONTENTS, READONLY, DEBUGGING, OCTETS
 21 .debug_frame  00001a8c  00000000  00000000  0004afa0  2**2
                  CONTENTS, READONLY, DEBUGGING, OCTETS

C:/Users/thisi/Documents/Pico-v1.5.1/build/dma/sniff_crc/sniff_crc.elf:     file format elf32-littlearm


Disassembly of section .boot2:

10000000 <__boot2_start__>:
10000000:	4b32b500 	.word	0x4b32b500
10000004:	60582021 	.word	0x60582021
10000008:	21026898 	.word	0x21026898
1000000c:	60984388 	.word	0x60984388
10000010:	611860d8 	.word	0x611860d8
10000014:	4b2e6158 	.word	0x4b2e6158
10000018:	60992100 	.word	0x60992100
1000001c:	61592102 	.word	0x61592102
10000020:	22f02101 	.word	0x22f02101
10000024:	492b5099 	.word	0x492b5099
10000028:	21016019 	.word	0x21016019
1000002c:	20356099 	.word	0x20356099
10000030:	f844f000 	.word	0xf844f000
10000034:	42902202 	.word	0x42902202
10000038:	2106d014 	.word	0x2106d014
1000003c:	f0006619 	.word	0xf0006619
10000040:	6e19f834 	.word	0x6e19f834
10000044:	66192101 	.word	0x66192101
10000048:	66182000 	.word	0x66182000
1000004c:	f000661a 	.word	0xf000661a
10000050:	6e19f82c 	.word	0x6e19f82c
10000054:	6e196e19 	.word	0x6e196e19
10000058:	f0002005 	.word	0xf0002005
1000005c:	2101f82f 	.word	0x2101f82f
10000060:	d1f94208 	.word	0xd1f94208
10000064:	60992100 	.word	0x60992100
10000068:	6019491b 	.word	0x6019491b
1000006c:	60592100 	.word	0x60592100
10000070:	481b491a 	.word	0x481b491a
10000074:	21016001 	.word	0x21016001
10000078:	21eb6099 	.word	0x21eb6099
1000007c:	21a06619 	.word	0x21a06619
10000080:	f0006619 	.word	0xf0006619
10000084:	2100f812 	.word	0x2100f812
10000088:	49166099 	.word	0x49166099
1000008c:	60014814 	.word	0x60014814
10000090:	60992101 	.word	0x60992101
10000094:	2800bc01 	.word	0x2800bc01
10000098:	4700d000 	.word	0x4700d000
1000009c:	49134812 	.word	0x49134812
100000a0:	c8036008 	.word	0xc8036008
100000a4:	8808f380 	.word	0x8808f380
100000a8:	b5034708 	.word	0xb5034708
100000ac:	20046a99 	.word	0x20046a99
100000b0:	d0fb4201 	.word	0xd0fb4201
100000b4:	42012001 	.word	0x42012001
100000b8:	bd03d1f8 	.word	0xbd03d1f8
100000bc:	6618b502 	.word	0x6618b502
100000c0:	f7ff6618 	.word	0xf7ff6618
100000c4:	6e18fff2 	.word	0x6e18fff2
100000c8:	bd026e18 	.word	0xbd026e18
100000cc:	40020000 	.word	0x40020000
100000d0:	18000000 	.word	0x18000000
100000d4:	00070000 	.word	0x00070000
100000d8:	005f0300 	.word	0x005f0300
100000dc:	00002221 	.word	0x00002221
100000e0:	180000f4 	.word	0x180000f4
100000e4:	a0002022 	.word	0xa0002022
100000e8:	10000100 	.word	0x10000100
100000ec:	e000ed08 	.word	0xe000ed08
	...
100000fc:	7a4eb274 	.word	0x7a4eb274

Disassembly of section .text:

10000100 <__VECTOR_TABLE>:
10000100:	20042000 	.word	0x20042000
10000104:	100001f7 	.word	0x100001f7
10000108:	100001c3 	.word	0x100001c3
1000010c:	100001c5 	.word	0x100001c5
10000110:	100001c1 	.word	0x100001c1
10000114:	100001c1 	.word	0x100001c1
10000118:	100001c1 	.word	0x100001c1
1000011c:	100001c1 	.word	0x100001c1
10000120:	100001c1 	.word	0x100001c1
10000124:	100001c1 	.word	0x100001c1
10000128:	100001c1 	.word	0x100001c1
1000012c:	100001c7 	.word	0x100001c7
10000130:	100001c1 	.word	0x100001c1
10000134:	100001c1 	.word	0x100001c1
10000138:	100001c9 	.word	0x100001c9
1000013c:	100001cb 	.word	0x100001cb
10000140:	100001cd 	.word	0x100001cd
10000144:	100001cd 	.word	0x100001cd
10000148:	100001cd 	.word	0x100001cd
1000014c:	100001cd 	.word	0x100001cd
10000150:	100001cd 	.word	0x100001cd
10000154:	100001cd 	.word	0x100001cd
10000158:	100001cd 	.word	0x100001cd
1000015c:	100001cd 	.word	0x100001cd
10000160:	100001cd 	.word	0x100001cd
10000164:	100001cd 	.word	0x100001cd
10000168:	100001cd 	.word	0x100001cd
1000016c:	100001cd 	.word	0x100001cd
10000170:	100001cd 	.word	0x100001cd
10000174:	100001cd 	.word	0x100001cd
10000178:	100001cd 	.word	0x100001cd
1000017c:	100001cd 	.word	0x100001cd
10000180:	100001cd 	.word	0x100001cd
10000184:	100001cd 	.word	0x100001cd
10000188:	100001cd 	.word	0x100001cd
1000018c:	100001cd 	.word	0x100001cd
10000190:	100001cd 	.word	0x100001cd
10000194:	100001cd 	.word	0x100001cd
10000198:	100001cd 	.word	0x100001cd
1000019c:	100001cd 	.word	0x100001cd
100001a0:	100001cd 	.word	0x100001cd
100001a4:	100001cd 	.word	0x100001cd
100001a8:	100001cd 	.word	0x100001cd
100001ac:	100001cd 	.word	0x100001cd
100001b0:	100001cd 	.word	0x100001cd
100001b4:	100001cd 	.word	0x100001cd
100001b8:	100001cd 	.word	0x100001cd
100001bc:	100001cd 	.word	0x100001cd

100001c0 <isr_invalid>:
100001c0:	be00      	bkpt	0x0000

100001c2 <isr_nmi>:
100001c2:	be00      	bkpt	0x0000

100001c4 <isr_hardfault>:
100001c4:	be00      	bkpt	0x0000

100001c6 <isr_svcall>:
100001c6:	be00      	bkpt	0x0000

100001c8 <isr_pendsv>:
100001c8:	be00      	bkpt	0x0000

100001ca <isr_systick>:
100001ca:	be00      	bkpt	0x0000

100001cc <__unhandled_user_irq>:
100001cc:	f3ef 8005 	mrs	r0, IPSR
100001d0:	3810      	subs	r0, #16

100001d2 <unhandled_user_irq_num_in_r0>:
100001d2:	be00      	bkpt	0x0000

100001d4 <binary_info_header>:
100001d4:	7188ebf2 	.word	0x7188ebf2
100001d8:	10005364 	.word	0x10005364
100001dc:	1000538c 	.word	0x1000538c
100001e0:	10000234 	.word	0x10000234
100001e4:	e71aa390 	.word	0xe71aa390

100001e8 <_entry_point>:
100001e8:	2000      	movs	r0, #0
100001ea:	491f      	ldr	r1, [pc, #124]	; (10000268 <hold_non_core0_in_bootrom+0xa>)
100001ec:	6008      	str	r0, [r1, #0]
100001ee:	c806      	ldmia	r0!, {r1, r2}
100001f0:	f381 8808 	msr	MSP, r1
100001f4:	4710      	bx	r2

100001f6 <_reset_handler>:
100001f6:	481d      	ldr	r0, [pc, #116]	; (1000026c <hold_non_core0_in_bootrom+0xe>)
100001f8:	6800      	ldr	r0, [r0, #0]
100001fa:	2800      	cmp	r0, #0
100001fc:	d12f      	bne.n	1000025e <hold_non_core0_in_bootrom>
100001fe:	a40d      	add	r4, pc, #52	; (adr r4, 10000234 <data_cpy_table>)
10000200:	cc0e      	ldmia	r4!, {r1, r2, r3}
10000202:	2900      	cmp	r1, #0
10000204:	d002      	beq.n	1000020c <_reset_handler+0x16>
10000206:	f000 f812 	bl	1000022e <data_cpy>
1000020a:	e7f9      	b.n	10000200 <_reset_handler+0xa>
1000020c:	4918      	ldr	r1, [pc, #96]	; (10000270 <hold_non_core0_in_bootrom+0x12>)
1000020e:	4a19      	ldr	r2, [pc, #100]	; (10000274 <hold_non_core0_in_bootrom+0x16>)
10000210:	2000      	movs	r0, #0
10000212:	e000      	b.n	10000216 <bss_fill_test>

10000214 <bss_fill_loop>:
10000214:	c101      	stmia	r1!, {r0}

10000216 <bss_fill_test>:
10000216:	4291      	cmp	r1, r2
10000218:	d1fc      	bne.n	10000214 <bss_fill_loop>

1000021a <platform_entry>:
1000021a:	4917      	ldr	r1, [pc, #92]	; (10000278 <hold_non_core0_in_bootrom+0x1a>)
1000021c:	4788      	blx	r1
1000021e:	4917      	ldr	r1, [pc, #92]	; (1000027c <hold_non_core0_in_bootrom+0x1e>)
10000220:	4788      	blx	r1
10000222:	4917      	ldr	r1, [pc, #92]	; (10000280 <hold_non_core0_in_bootrom+0x22>)
10000224:	4788      	blx	r1
10000226:	be00      	bkpt	0x0000
10000228:	e7fd      	b.n	10000226 <platform_entry+0xc>

1000022a <data_cpy_loop>:
1000022a:	c901      	ldmia	r1!, {r0}
1000022c:	c201      	stmia	r2!, {r0}

1000022e <data_cpy>:
1000022e:	429a      	cmp	r2, r3
10000230:	d3fb      	bcc.n	1000022a <data_cpy_loop>
10000232:	4770      	bx	lr

10000234 <data_cpy_table>:
10000234:	1000538c 	.word	0x1000538c
10000238:	200000c0 	.word	0x200000c0
1000023c:	20000314 	.word	0x20000314
10000240:	100055e0 	.word	0x100055e0
10000244:	20040000 	.word	0x20040000
10000248:	20040000 	.word	0x20040000
1000024c:	100055e0 	.word	0x100055e0
10000250:	20041000 	.word	0x20041000
10000254:	20041000 	.word	0x20041000
10000258:	00000000 	.word	0x00000000
1000025c:	4770      	bx	lr

1000025e <hold_non_core0_in_bootrom>:
1000025e:	4809      	ldr	r0, [pc, #36]	; (10000284 <hold_non_core0_in_bootrom+0x26>)
10000260:	f003 f860 	bl	10003324 <rom_func_lookup>
10000264:	4700      	bx	r0
10000266:	0000      	.short	0x0000
10000268:	e000ed08 	.word	0xe000ed08
1000026c:	d0000000 	.word	0xd0000000
10000270:	20000318 	.word	0x20000318
10000274:	200006f8 	.word	0x200006f8
10000278:	100020ad 	.word	0x100020ad
1000027c:	10000345 	.word	0x10000345
10000280:	10002069 	.word	0x10002069
10000284:	00005657 	.word	0x00005657

10000288 <__bi_50>:
10000288:	50520006 5360b3ab 10005290              ..RP..`S.R..

10000294 <__bi_38>:
10000294:	50520006 02031c86 100052a0              ..RP.....R..

100002a0 <__bi_30>:
100002a0:	50520006 9da22254 100052ac              ..RPT"...R..

100002ac <__bi_22>:
100002ac:	50520005 68f465de 100055e0              ..RP.e.h.U..

100002b8 <_init>:
100002b8:	b5f8      	push	{r3, r4, r5, r6, r7, lr}
100002ba:	46c0      	nop			; (mov r8, r8)

100002bc <__do_global_dtors_aux>:
100002bc:	b510      	push	{r4, lr}
100002be:	4c06      	ldr	r4, [pc, #24]	; (100002d8 <__do_global_dtors_aux+0x1c>)
100002c0:	7823      	ldrb	r3, [r4, #0]
100002c2:	2b00      	cmp	r3, #0
100002c4:	d107      	bne.n	100002d6 <__do_global_dtors_aux+0x1a>
100002c6:	4b05      	ldr	r3, [pc, #20]	; (100002dc <__do_global_dtors_aux+0x20>)
100002c8:	2b00      	cmp	r3, #0
100002ca:	d002      	beq.n	100002d2 <__do_global_dtors_aux+0x16>
100002cc:	4804      	ldr	r0, [pc, #16]	; (100002e0 <__do_global_dtors_aux+0x24>)
100002ce:	e000      	b.n	100002d2 <__do_global_dtors_aux+0x16>
100002d0:	bf00      	nop
100002d2:	2301      	movs	r3, #1
100002d4:	7023      	strb	r3, [r4, #0]
100002d6:	bd10      	pop	{r4, pc}
100002d8:	20000418 	.word	0x20000418
100002dc:	00000000 	.word	0x00000000
100002e0:	10004160 	.word	0x10004160

100002e4 <frame_dummy>:
100002e4:	4b04      	ldr	r3, [pc, #16]	; (100002f8 <frame_dummy+0x14>)
100002e6:	b510      	push	{r4, lr}
100002e8:	2b00      	cmp	r3, #0
100002ea:	d003      	beq.n	100002f4 <frame_dummy+0x10>
100002ec:	4903      	ldr	r1, [pc, #12]	; (100002fc <frame_dummy+0x18>)
100002ee:	4804      	ldr	r0, [pc, #16]	; (10000300 <frame_dummy+0x1c>)
100002f0:	e000      	b.n	100002f4 <frame_dummy+0x10>
100002f2:	bf00      	nop
100002f4:	bd10      	pop	{r4, pc}
100002f6:	46c0      	nop			; (mov r8, r8)
100002f8:	00000000 	.word	0x00000000
100002fc:	2000041c 	.word	0x2000041c
10000300:	10004160 	.word	0x10004160

10000304 <soft_crc32_block>:
10000304:	b5f0      	push	{r4, r5, r6, r7, lr}
10000306:	0016      	movs	r6, r2
10000308:	e010      	b.n	1000032c <soft_crc32_block+0x28>
1000030a:	4068      	eors	r0, r5
1000030c:	3b01      	subs	r3, #1
1000030e:	b2db      	uxtb	r3, r3
10000310:	0849      	lsrs	r1, r1, #1
10000312:	2b00      	cmp	r3, #0
10000314:	d009      	beq.n	1000032a <soft_crc32_block+0x26>
10000316:	0845      	lsrs	r5, r0, #1
10000318:	0002      	movs	r2, r0
1000031a:	404a      	eors	r2, r1
1000031c:	2401      	movs	r4, #1
1000031e:	0020      	movs	r0, r4
10000320:	4010      	ands	r0, r2
10000322:	4214      	tst	r4, r2
10000324:	d0f1      	beq.n	1000030a <soft_crc32_block+0x6>
10000326:	4806      	ldr	r0, [pc, #24]	; (10000340 <soft_crc32_block+0x3c>)
10000328:	e7ef      	b.n	1000030a <soft_crc32_block+0x6>
1000032a:	0039      	movs	r1, r7
1000032c:	0033      	movs	r3, r6
1000032e:	3e01      	subs	r6, #1
10000330:	2b00      	cmp	r3, #0
10000332:	d003      	beq.n	1000033c <soft_crc32_block+0x38>
10000334:	1c4f      	adds	r7, r1, #1
10000336:	7809      	ldrb	r1, [r1, #0]
10000338:	2308      	movs	r3, #8
1000033a:	e7ea      	b.n	10000312 <soft_crc32_block+0xe>
1000033c:	bdf0      	pop	{r4, r5, r6, r7, pc}
1000033e:	46c0      	nop			; (mov r8, r8)
10000340:	edb88320 	.word	0xedb88320

10000344 <main>:
10000344:	b5f8      	push	{r3, r4, r5, r6, r7, lr}
10000346:	f003 fd9b 	bl	10003e80 <stdio_init_all>
1000034a:	4c45      	ldr	r4, [pc, #276]	; (10000460 <main+0x11c>)
1000034c:	2001      	movs	r0, #1
1000034e:	2209      	movs	r2, #9
10000350:	0021      	movs	r1, r4
10000352:	4240      	negs	r0, r0
10000354:	f7ff ffd6 	bl	10000304 <soft_crc32_block>
10000358:	7260      	strb	r0, [r4, #9]
1000035a:	0a02      	lsrs	r2, r0, #8
1000035c:	72a2      	strb	r2, [r4, #10]
1000035e:	0c02      	lsrs	r2, r0, #16
10000360:	72e2      	strb	r2, [r4, #11]
10000362:	0e00      	lsrs	r0, r0, #24
10000364:	7320      	strb	r0, [r4, #12]
10000366:	483f      	ldr	r0, [pc, #252]	; (10000464 <main+0x120>)
10000368:	f003 fd7e 	bl	10003e68 <__wrap_printf>
1000036c:	2400      	movs	r4, #0
1000036e:	e005      	b.n	1000037c <main+0x38>
10000370:	4b3b      	ldr	r3, [pc, #236]	; (10000460 <main+0x11c>)
10000372:	5d19      	ldrb	r1, [r3, r4]
10000374:	483c      	ldr	r0, [pc, #240]	; (10000468 <main+0x124>)
10000376:	f003 fd77 	bl	10003e68 <__wrap_printf>
1000037a:	3401      	adds	r4, #1
1000037c:	2c0c      	cmp	r4, #12
1000037e:	ddf7      	ble.n	10000370 <main+0x2c>
10000380:	200a      	movs	r0, #10
10000382:	f003 fd0d 	bl	10003da0 <__wrap_putchar>
10000386:	2001      	movs	r0, #1
10000388:	f003 fe8a 	bl	100040a0 <dma_claim_unused_channel>
1000038c:	4b37      	ldr	r3, [pc, #220]	; (1000046c <main+0x128>)
1000038e:	280c      	cmp	r0, #12
10000390:	d85b      	bhi.n	1000044a <main+0x106>
10000392:	4a37      	ldr	r2, [pc, #220]	; (10000470 <main+0x12c>)
10000394:	4013      	ands	r3, r2
10000396:	02c2      	lsls	r2, r0, #11
10000398:	4313      	orrs	r3, r2
1000039a:	220c      	movs	r2, #12
1000039c:	4393      	bics	r3, r2
1000039e:	2108      	movs	r1, #8
100003a0:	430b      	orrs	r3, r1
100003a2:	4934      	ldr	r1, [pc, #208]	; (10000474 <main+0x130>)
100003a4:	400b      	ands	r3, r1
100003a6:	4934      	ldr	r1, [pc, #208]	; (10000478 <main+0x134>)
100003a8:	400b      	ands	r3, r1
100003aa:	4934      	ldr	r1, [pc, #208]	; (1000047c <main+0x138>)
100003ac:	400b      	ands	r3, r1
100003ae:	2101      	movs	r1, #1
100003b0:	430b      	orrs	r3, r1
100003b2:	4c33      	ldr	r4, [pc, #204]	; (10000480 <main+0x13c>)
100003b4:	4023      	ands	r3, r4
100003b6:	2402      	movs	r4, #2
100003b8:	43a3      	bics	r3, r4
100003ba:	4393      	bics	r3, r2
100003bc:	3204      	adds	r2, #4
100003be:	4313      	orrs	r3, r2
100003c0:	2620      	movs	r6, #32
100003c2:	43b3      	bics	r3, r6
100003c4:	2280      	movs	r2, #128	; 0x80
100003c6:	0412      	lsls	r2, r2, #16
100003c8:	4313      	orrs	r3, r2
100003ca:	25a0      	movs	r5, #160	; 0xa0
100003cc:	05ed      	lsls	r5, r5, #23
100003ce:	2487      	movs	r4, #135	; 0x87
100003d0:	00e4      	lsls	r4, r4, #3
100003d2:	2701      	movs	r7, #1
100003d4:	427f      	negs	r7, r7
100003d6:	512f      	str	r7, [r5, r4]
100003d8:	4c2a      	ldr	r4, [pc, #168]	; (10000484 <main+0x140>)
100003da:	2580      	movs	r5, #128	; 0x80
100003dc:	00ed      	lsls	r5, r5, #3
100003de:	6025      	str	r5, [r4, #0]
100003e0:	0184      	lsls	r4, r0, #6
100003e2:	4d29      	ldr	r5, [pc, #164]	; (10000488 <main+0x144>)
100003e4:	1967      	adds	r7, r4, r5
100003e6:	2580      	movs	r5, #128	; 0x80
100003e8:	01ad      	lsls	r5, r5, #6
100003ea:	433d      	orrs	r5, r7
100003ec:	602a      	str	r2, [r5, #0]
100003ee:	0045      	lsls	r5, r0, #1
100003f0:	221e      	movs	r2, #30
100003f2:	402a      	ands	r2, r5
100003f4:	4332      	orrs	r2, r6
100003f6:	430a      	orrs	r2, r1
100003f8:	4924      	ldr	r1, [pc, #144]	; (1000048c <main+0x148>)
100003fa:	6809      	ldr	r1, [r1, #0]
100003fc:	404a      	eors	r2, r1
100003fe:	05d2      	lsls	r2, r2, #23
10000400:	0dd2      	lsrs	r2, r2, #23
10000402:	4923      	ldr	r1, [pc, #140]	; (10000490 <main+0x14c>)
10000404:	600a      	str	r2, [r1, #0]
10000406:	22a0      	movs	r2, #160	; 0xa0
10000408:	05d2      	lsls	r2, r2, #23
1000040a:	4694      	mov	ip, r2
1000040c:	4464      	add	r4, ip
1000040e:	4914      	ldr	r1, [pc, #80]	; (10000460 <main+0x11c>)
10000410:	6021      	str	r1, [r4, #0]
10000412:	4920      	ldr	r1, [pc, #128]	; (10000494 <main+0x150>)
10000414:	6061      	str	r1, [r4, #4]
10000416:	210d      	movs	r1, #13
10000418:	60a1      	str	r1, [r4, #8]
1000041a:	60e3      	str	r3, [r4, #12]
1000041c:	0183      	lsls	r3, r0, #6
1000041e:	22a0      	movs	r2, #160	; 0xa0
10000420:	05d2      	lsls	r2, r2, #23
10000422:	4694      	mov	ip, r2
10000424:	4463      	add	r3, ip
10000426:	691b      	ldr	r3, [r3, #16]
10000428:	01db      	lsls	r3, r3, #7
1000042a:	d4f7      	bmi.n	1000041c <main+0xd8>
1000042c:	2387      	movs	r3, #135	; 0x87
1000042e:	00db      	lsls	r3, r3, #3
10000430:	58d4      	ldr	r4, [r2, r3]
10000432:	0022      	movs	r2, r4
10000434:	210d      	movs	r1, #13
10000436:	4818      	ldr	r0, [pc, #96]	; (10000498 <main+0x154>)
10000438:	f003 fd16 	bl	10003e68 <__wrap_printf>
1000043c:	2c00      	cmp	r4, #0
1000043e:	d10a      	bne.n	10000456 <main+0x112>
10000440:	4816      	ldr	r0, [pc, #88]	; (1000049c <main+0x158>)
10000442:	f003 fce1 	bl	10003e08 <__wrap_puts>
10000446:	2000      	movs	r0, #0
10000448:	bdf8      	pop	{r3, r4, r5, r6, r7, pc}
1000044a:	4b15      	ldr	r3, [pc, #84]	; (100004a0 <main+0x15c>)
1000044c:	4a15      	ldr	r2, [pc, #84]	; (100004a4 <main+0x160>)
1000044e:	21c3      	movs	r1, #195	; 0xc3
10000450:	4815      	ldr	r0, [pc, #84]	; (100004a8 <main+0x164>)
10000452:	f001 fe0d 	bl	10002070 <__assert_func>
10000456:	4815      	ldr	r0, [pc, #84]	; (100004ac <main+0x168>)
10000458:	f003 fcd6 	bl	10003e08 <__wrap_puts>
1000045c:	e7f3      	b.n	10000446 <main+0x102>
1000045e:	46c0      	nop			; (mov r8, r8)
10000460:	20000238 	.word	0x20000238
10000464:	10004160 	.word	0x10004160
10000468:	10004170 	.word	0x10004170
1000046c:	001f8010 	.word	0x001f8010
10000470:	ffff87ff 	.word	0xffff87ff
10000474:	fffff83f 	.word	0xfffff83f
10000478:	ffbfffff 	.word	0xffbfffff
1000047c:	ffdfffff 	.word	0xffdfffff
10000480:	ff7fffff 	.word	0xff7fffff
10000484:	50002434 	.word	0x50002434
10000488:	50000010 	.word	0x50000010
1000048c:	50000434 	.word	0x50000434
10000490:	50001434 	.word	0x50001434
10000494:	200004b8 	.word	0x200004b8
10000498:	10004204 	.word	0x10004204
1000049c:	10004250 	.word	0x10004250
100004a0:	10004178 	.word	0x10004178
100004a4:	10004280 	.word	0x10004280
100004a8:	10004198 	.word	0x10004198
100004ac:	10004264 	.word	0x10004264

100004b0 <gpio_set_function>:
100004b0:	b510      	push	{r4, lr}
100004b2:	0083      	lsls	r3, r0, #2
100004b4:	4a08      	ldr	r2, [pc, #32]	; (100004d8 <gpio_set_function+0x28>)
100004b6:	4694      	mov	ip, r2
100004b8:	4463      	add	r3, ip
100004ba:	681c      	ldr	r4, [r3, #0]
100004bc:	2240      	movs	r2, #64	; 0x40
100004be:	4062      	eors	r2, r4
100004c0:	24c0      	movs	r4, #192	; 0xc0
100004c2:	4014      	ands	r4, r2
100004c4:	2280      	movs	r2, #128	; 0x80
100004c6:	0152      	lsls	r2, r2, #5
100004c8:	4313      	orrs	r3, r2
100004ca:	601c      	str	r4, [r3, #0]
100004cc:	00c0      	lsls	r0, r0, #3
100004ce:	4b03      	ldr	r3, [pc, #12]	; (100004dc <gpio_set_function+0x2c>)
100004d0:	469c      	mov	ip, r3
100004d2:	4460      	add	r0, ip
100004d4:	6041      	str	r1, [r0, #4]
100004d6:	bd10      	pop	{r4, pc}
100004d8:	4001c004 	.word	0x4001c004
100004dc:	40014000 	.word	0x40014000

100004e0 <running_on_fpga>:
100004e0:	4b03      	ldr	r3, [pc, #12]	; (100004f0 <running_on_fpga+0x10>)
100004e2:	681b      	ldr	r3, [r3, #0]
100004e4:	2002      	movs	r0, #2
100004e6:	4018      	ands	r0, r3
100004e8:	1e43      	subs	r3, r0, #1
100004ea:	4198      	sbcs	r0, r3
100004ec:	b2c0      	uxtb	r0, r0
100004ee:	4770      	bx	lr
100004f0:	4006c000 	.word	0x4006c000

100004f4 <hw_claim_lock>:
100004f4:	f3ef 8010 	mrs	r0, PRIMASK
100004f8:	b672      	cpsid	i
100004fa:	4b03      	ldr	r3, [pc, #12]	; (10000508 <hw_claim_lock+0x14>)
100004fc:	681b      	ldr	r3, [r3, #0]
100004fe:	2b00      	cmp	r3, #0
10000500:	d0fb      	beq.n	100004fa <hw_claim_lock+0x6>
10000502:	f3bf 8f5f 	dmb	sy
10000506:	4770      	bx	lr
10000508:	d000012c 	.word	0xd000012c

1000050c <hw_claim_unlock>:
1000050c:	f3bf 8f5f 	dmb	sy
10000510:	4b02      	ldr	r3, [pc, #8]	; (1000051c <hw_claim_unlock+0x10>)
10000512:	2200      	movs	r2, #0
10000514:	601a      	str	r2, [r3, #0]
10000516:	f380 8810 	msr	PRIMASK, r0
1000051a:	4770      	bx	lr
1000051c:	d000012c 	.word	0xd000012c

10000520 <hw_claim_or_assert>:
10000520:	b5f8      	push	{r3, r4, r5, r6, r7, lr}
10000522:	0006      	movs	r6, r0
10000524:	000c      	movs	r4, r1
10000526:	0015      	movs	r5, r2
10000528:	f7ff ffe4 	bl	100004f4 <hw_claim_lock>
1000052c:	08e3      	lsrs	r3, r4, #3
1000052e:	18f7      	adds	r7, r6, r3
10000530:	5cf1      	ldrb	r1, [r6, r3]
10000532:	2207      	movs	r2, #7
10000534:	4022      	ands	r2, r4
10000536:	2301      	movs	r3, #1
10000538:	4093      	lsls	r3, r2
1000053a:	420b      	tst	r3, r1
1000053c:	d105      	bne.n	1000054a <hw_claim_or_assert+0x2a>
1000053e:	b2db      	uxtb	r3, r3
10000540:	430b      	orrs	r3, r1
10000542:	703b      	strb	r3, [r7, #0]
10000544:	f7ff ffe2 	bl	1000050c <hw_claim_unlock>
10000548:	bdf8      	pop	{r3, r4, r5, r6, r7, pc}
1000054a:	0021      	movs	r1, r4
1000054c:	0028      	movs	r0, r5
1000054e:	f001 fe29 	bl	100021a4 <panic>

10000552 <hw_claim_unused_from_range>:
10000552:	b5f0      	push	{r4, r5, r6, r7, lr}
10000554:	b083      	sub	sp, #12
10000556:	0006      	movs	r6, r0
10000558:	9101      	str	r1, [sp, #4]
1000055a:	0014      	movs	r4, r2
1000055c:	001f      	movs	r7, r3
1000055e:	f7ff ffc9 	bl	100004f4 <hw_claim_lock>
10000562:	e000      	b.n	10000566 <hw_claim_unused_from_range+0x14>
10000564:	3401      	adds	r4, #1
10000566:	42bc      	cmp	r4, r7
10000568:	d80c      	bhi.n	10000584 <hw_claim_unused_from_range+0x32>
1000056a:	08e3      	lsrs	r3, r4, #3
1000056c:	18f5      	adds	r5, r6, r3
1000056e:	5cf3      	ldrb	r3, [r6, r3]
10000570:	2107      	movs	r1, #7
10000572:	4021      	ands	r1, r4
10000574:	2201      	movs	r2, #1
10000576:	408a      	lsls	r2, r1
10000578:	421a      	tst	r2, r3
1000057a:	d1f3      	bne.n	10000564 <hw_claim_unused_from_range+0x12>
1000057c:	b2d2      	uxtb	r2, r2
1000057e:	431a      	orrs	r2, r3
10000580:	702a      	strb	r2, [r5, #0]
10000582:	e001      	b.n	10000588 <hw_claim_unused_from_range+0x36>
10000584:	2401      	movs	r4, #1
10000586:	4264      	negs	r4, r4
10000588:	f7ff ffc0 	bl	1000050c <hw_claim_unlock>
1000058c:	2c00      	cmp	r4, #0
1000058e:	db02      	blt.n	10000596 <hw_claim_unused_from_range+0x44>
10000590:	0020      	movs	r0, r4
10000592:	b003      	add	sp, #12
10000594:	bdf0      	pop	{r4, r5, r6, r7, pc}
10000596:	9b01      	ldr	r3, [sp, #4]
10000598:	2b00      	cmp	r3, #0
1000059a:	d0f9      	beq.n	10000590 <hw_claim_unused_from_range+0x3e>
1000059c:	9808      	ldr	r0, [sp, #32]
1000059e:	f001 fe01 	bl	100021a4 <panic>
	...

100005a4 <spin_locks_reset>:
100005a4:	2300      	movs	r3, #0
100005a6:	e007      	b.n	100005b8 <spin_locks_reset+0x14>
100005a8:	4a05      	ldr	r2, [pc, #20]	; (100005c0 <spin_locks_reset+0x1c>)
100005aa:	189a      	adds	r2, r3, r2
100005ac:	0092      	lsls	r2, r2, #2
100005ae:	f3bf 8f5f 	dmb	sy
100005b2:	2100      	movs	r1, #0
100005b4:	6011      	str	r1, [r2, #0]
100005b6:	3301      	adds	r3, #1
100005b8:	2b1f      	cmp	r3, #31
100005ba:	d9f5      	bls.n	100005a8 <spin_locks_reset+0x4>
100005bc:	4770      	bx	lr
100005be:	46c0      	nop			; (mov r8, r8)
100005c0:	34000040 	.word	0x34000040

100005c4 <next_striped_spin_lock_num>:
100005c4:	4a05      	ldr	r2, [pc, #20]	; (100005dc <next_striped_spin_lock_num+0x18>)
100005c6:	7810      	ldrb	r0, [r2, #0]
100005c8:	1c43      	adds	r3, r0, #1
100005ca:	b2db      	uxtb	r3, r3
100005cc:	7013      	strb	r3, [r2, #0]
100005ce:	2b17      	cmp	r3, #23
100005d0:	d902      	bls.n	100005d8 <next_striped_spin_lock_num+0x14>
100005d2:	0013      	movs	r3, r2
100005d4:	2210      	movs	r2, #16
100005d6:	701a      	strb	r2, [r3, #0]
100005d8:	4770      	bx	lr
100005da:	46c0      	nop			; (mov r8, r8)
100005dc:	20000245 	.word	0x20000245

100005e0 <set_raw_irq_handler_and_unlock>:
100005e0:	4b07      	ldr	r3, [pc, #28]	; (10000600 <set_raw_irq_handler_and_unlock+0x20>)
100005e2:	689b      	ldr	r3, [r3, #8]
100005e4:	3010      	adds	r0, #16
100005e6:	0080      	lsls	r0, r0, #2
100005e8:	5019      	str	r1, [r3, r0]
100005ea:	f3bf 8f5f 	dmb	sy
100005ee:	f3bf 8f5f 	dmb	sy
100005f2:	4b04      	ldr	r3, [pc, #16]	; (10000604 <set_raw_irq_handler_and_unlock+0x24>)
100005f4:	2100      	movs	r1, #0
100005f6:	6019      	str	r1, [r3, #0]
100005f8:	f382 8810 	msr	PRIMASK, r2
100005fc:	4770      	bx	lr
100005fe:	46c0      	nop			; (mov r8, r8)
10000600:	e000ed00 	.word	0xe000ed00
10000604:	d0000124 	.word	0xd0000124

10000608 <make_branch>:
10000608:	b510      	push	{r4, lr}
1000060a:	1a09      	subs	r1, r1, r0
1000060c:	1f08      	subs	r0, r1, #4
1000060e:	4b0a      	ldr	r3, [pc, #40]	; (10000638 <make_branch+0x30>)
10000610:	469c      	mov	ip, r3
10000612:	4461      	add	r1, ip
10000614:	4a09      	ldr	r2, [pc, #36]	; (1000063c <make_branch+0x34>)
10000616:	4291      	cmp	r1, r2
10000618:	d808      	bhi.n	1000062c <make_branch+0x24>
1000061a:	07c3      	lsls	r3, r0, #31
1000061c:	d406      	bmi.n	1000062c <make_branch+0x24>
1000061e:	1040      	asrs	r0, r0, #1
10000620:	0540      	lsls	r0, r0, #21
10000622:	0d40      	lsrs	r0, r0, #21
10000624:	4b06      	ldr	r3, [pc, #24]	; (10000640 <make_branch+0x38>)
10000626:	4318      	orrs	r0, r3
10000628:	b280      	uxth	r0, r0
1000062a:	bd10      	pop	{r4, pc}
1000062c:	4b05      	ldr	r3, [pc, #20]	; (10000644 <make_branch+0x3c>)
1000062e:	4a06      	ldr	r2, [pc, #24]	; (10000648 <make_branch+0x40>)
10000630:	21a3      	movs	r1, #163	; 0xa3
10000632:	4806      	ldr	r0, [pc, #24]	; (1000064c <make_branch+0x44>)
10000634:	f001 fd1c 	bl	10002070 <__assert_func>
10000638:	000007fc 	.word	0x000007fc
1000063c:	00000ffe 	.word	0x00000ffe
10000640:	ffffe000 	.word	0xffffe000
10000644:	1000429c 	.word	0x1000429c
10000648:	1000450c 	.word	0x1000450c
1000064c:	100042cc 	.word	0x100042cc

10000650 <insert_branch_and_link>:
10000650:	b510      	push	{r4, lr}
10000652:	1a09      	subs	r1, r1, r0
10000654:	3904      	subs	r1, #4
10000656:	084c      	lsrs	r4, r1, #1
10000658:	0b09      	lsrs	r1, r1, #12
1000065a:	d108      	bne.n	1000066e <insert_branch_and_link+0x1e>
1000065c:	0549      	lsls	r1, r1, #21
1000065e:	0d49      	lsrs	r1, r1, #21
10000660:	4a06      	ldr	r2, [pc, #24]	; (1000067c <insert_branch_and_link+0x2c>)
10000662:	4311      	orrs	r1, r2
10000664:	8001      	strh	r1, [r0, #0]
10000666:	4b06      	ldr	r3, [pc, #24]	; (10000680 <insert_branch_and_link+0x30>)
10000668:	4323      	orrs	r3, r4
1000066a:	8043      	strh	r3, [r0, #2]
1000066c:	bd10      	pop	{r4, pc}
1000066e:	4b05      	ldr	r3, [pc, #20]	; (10000684 <insert_branch_and_link+0x34>)
10000670:	4a05      	ldr	r2, [pc, #20]	; (10000688 <insert_branch_and_link+0x38>)
10000672:	21ab      	movs	r1, #171	; 0xab
10000674:	4805      	ldr	r0, [pc, #20]	; (1000068c <insert_branch_and_link+0x3c>)
10000676:	f001 fcfb 	bl	10002070 <__assert_func>
1000067a:	46c0      	nop			; (mov r8, r8)
1000067c:	fffff000 	.word	0xfffff000
10000680:	fffff800 	.word	0xfffff800
10000684:	10004328 	.word	0x10004328
10000688:	100044e0 	.word	0x100044e0
1000068c:	100042cc 	.word	0x100042cc

10000690 <irq_is_enabled>:
10000690:	2301      	movs	r3, #1
10000692:	4083      	lsls	r3, r0
10000694:	4a03      	ldr	r2, [pc, #12]	; (100006a4 <irq_is_enabled+0x14>)
10000696:	6810      	ldr	r0, [r2, #0]
10000698:	4018      	ands	r0, r3
1000069a:	1e43      	subs	r3, r0, #1
1000069c:	4198      	sbcs	r0, r3
1000069e:	b2c0      	uxtb	r0, r0
100006a0:	4770      	bx	lr
100006a2:	46c0      	nop			; (mov r8, r8)
100006a4:	e000e100 	.word	0xe000e100

100006a8 <irq_set_mask_enabled>:
100006a8:	2900      	cmp	r1, #0
100006aa:	d004      	beq.n	100006b6 <irq_set_mask_enabled+0xe>
100006ac:	4b03      	ldr	r3, [pc, #12]	; (100006bc <irq_set_mask_enabled+0x14>)
100006ae:	6018      	str	r0, [r3, #0]
100006b0:	4b03      	ldr	r3, [pc, #12]	; (100006c0 <irq_set_mask_enabled+0x18>)
100006b2:	6018      	str	r0, [r3, #0]
100006b4:	4770      	bx	lr
100006b6:	4b03      	ldr	r3, [pc, #12]	; (100006c4 <irq_set_mask_enabled+0x1c>)
100006b8:	6018      	str	r0, [r3, #0]
100006ba:	e7fb      	b.n	100006b4 <irq_set_mask_enabled+0xc>
100006bc:	e000e280 	.word	0xe000e280
100006c0:	e000e100 	.word	0xe000e100
100006c4:	e000e180 	.word	0xe000e180

100006c8 <irq_set_enabled>:
100006c8:	b510      	push	{r4, lr}
100006ca:	2301      	movs	r3, #1
100006cc:	4083      	lsls	r3, r0
100006ce:	0018      	movs	r0, r3
100006d0:	f7ff ffea 	bl	100006a8 <irq_set_mask_enabled>
100006d4:	bd10      	pop	{r4, pc}
	...

100006d8 <irq_get_vtable_handler>:
100006d8:	4b02      	ldr	r3, [pc, #8]	; (100006e4 <irq_get_vtable_handler+0xc>)
100006da:	689b      	ldr	r3, [r3, #8]
100006dc:	3010      	adds	r0, #16
100006de:	0080      	lsls	r0, r0, #2
100006e0:	58c0      	ldr	r0, [r0, r3]
100006e2:	4770      	bx	lr
100006e4:	e000ed00 	.word	0xe000ed00

100006e8 <irq_set_exclusive_handler>:
100006e8:	b570      	push	{r4, r5, r6, lr}
100006ea:	0004      	movs	r4, r0
100006ec:	000d      	movs	r5, r1
100006ee:	f3ef 8610 	mrs	r6, PRIMASK
100006f2:	b672      	cpsid	i
100006f4:	4b0c      	ldr	r3, [pc, #48]	; (10000728 <irq_set_exclusive_handler+0x40>)
100006f6:	681b      	ldr	r3, [r3, #0]
100006f8:	2b00      	cmp	r3, #0
100006fa:	d0fb      	beq.n	100006f4 <irq_set_exclusive_handler+0xc>
100006fc:	f3bf 8f5f 	dmb	sy
10000700:	0020      	movs	r0, r4
10000702:	f7ff ffe9 	bl	100006d8 <irq_get_vtable_handler>
10000706:	4b09      	ldr	r3, [pc, #36]	; (1000072c <irq_set_exclusive_handler+0x44>)
10000708:	4298      	cmp	r0, r3
1000070a:	d001      	beq.n	10000710 <irq_set_exclusive_handler+0x28>
1000070c:	42a8      	cmp	r0, r5
1000070e:	d105      	bne.n	1000071c <irq_set_exclusive_handler+0x34>
10000710:	0032      	movs	r2, r6
10000712:	0029      	movs	r1, r5
10000714:	0020      	movs	r0, r4
10000716:	f7ff ff63 	bl	100005e0 <set_raw_irq_handler_and_unlock>
1000071a:	bd70      	pop	{r4, r5, r6, pc}
1000071c:	4b04      	ldr	r3, [pc, #16]	; (10000730 <irq_set_exclusive_handler+0x48>)
1000071e:	4a05      	ldr	r2, [pc, #20]	; (10000734 <irq_set_exclusive_handler+0x4c>)
10000720:	2186      	movs	r1, #134	; 0x86
10000722:	4805      	ldr	r0, [pc, #20]	; (10000738 <irq_set_exclusive_handler+0x50>)
10000724:	f001 fca4 	bl	10002070 <__assert_func>
10000728:	d0000124 	.word	0xd0000124
1000072c:	100001cd 	.word	0x100001cd
10000730:	10004338 	.word	0x10004338
10000734:	10004528 	.word	0x10004528
10000738:	100042cc 	.word	0x100042cc

1000073c <irq_remove_handler>:
1000073c:	b5f0      	push	{r4, r5, r6, r7, lr}
1000073e:	46ce      	mov	lr, r9
10000740:	4647      	mov	r7, r8
10000742:	b580      	push	{r7, lr}
10000744:	b083      	sub	sp, #12
10000746:	0006      	movs	r6, r0
10000748:	000d      	movs	r5, r1
1000074a:	f3ef 8810 	mrs	r8, PRIMASK
1000074e:	b672      	cpsid	i
10000750:	4b56      	ldr	r3, [pc, #344]	; (100008ac <irq_remove_handler+0x170>)
10000752:	681b      	ldr	r3, [r3, #0]
10000754:	2b00      	cmp	r3, #0
10000756:	d0fb      	beq.n	10000750 <irq_remove_handler+0x14>
10000758:	f3bf 8f5f 	dmb	sy
1000075c:	4b54      	ldr	r3, [pc, #336]	; (100008b0 <irq_remove_handler+0x174>)
1000075e:	689a      	ldr	r2, [r3, #8]
10000760:	0034      	movs	r4, r6
10000762:	3410      	adds	r4, #16
10000764:	00a3      	lsls	r3, r4, #2
10000766:	58d7      	ldr	r7, [r2, r3]
10000768:	4b52      	ldr	r3, [pc, #328]	; (100008b4 <irq_remove_handler+0x178>)
1000076a:	429f      	cmp	r7, r3
1000076c:	d007      	beq.n	1000077e <irq_remove_handler+0x42>
1000076e:	42af      	cmp	r7, r5
10000770:	d100      	bne.n	10000774 <irq_remove_handler+0x38>
10000772:	e098      	b.n	100008a6 <irq_remove_handler+0x16a>
10000774:	9701      	str	r7, [sp, #4]
10000776:	4b50      	ldr	r3, [pc, #320]	; (100008b8 <irq_remove_handler+0x17c>)
10000778:	1afb      	subs	r3, r7, r3
1000077a:	2b2f      	cmp	r3, #47	; 0x2f
1000077c:	d909      	bls.n	10000792 <irq_remove_handler+0x56>
1000077e:	4642      	mov	r2, r8
10000780:	0039      	movs	r1, r7
10000782:	0030      	movs	r0, r6
10000784:	f7ff ff2c 	bl	100005e0 <set_raw_irq_handler_and_unlock>
10000788:	b003      	add	sp, #12
1000078a:	bcc0      	pop	{r6, r7}
1000078c:	46b9      	mov	r9, r7
1000078e:	46b0      	mov	r8, r6
10000790:	bdf0      	pop	{r4, r5, r6, r7, pc}
10000792:	0030      	movs	r0, r6
10000794:	f7ff ff7c 	bl	10000690 <irq_is_enabled>
10000798:	4681      	mov	r9, r0
1000079a:	2100      	movs	r1, #0
1000079c:	0030      	movs	r0, r6
1000079e:	f7ff ff93 	bl	100006c8 <irq_set_enabled>
100007a2:	f3bf 8f5f 	dmb	sy
100007a6:	f3ef 8105 	mrs	r1, IPSR
100007aa:	2900      	cmp	r1, #0
100007ac:	d001      	beq.n	100007b2 <irq_remove_handler+0x76>
100007ae:	428c      	cmp	r4, r1
100007b0:	d111      	bne.n	100007d6 <irq_remove_handler+0x9a>
100007b2:	2301      	movs	r3, #1
100007b4:	9c01      	ldr	r4, [sp, #4]
100007b6:	439c      	bics	r4, r3
100007b8:	2200      	movs	r2, #0
100007ba:	68a3      	ldr	r3, [r4, #8]
100007bc:	42ab      	cmp	r3, r5
100007be:	d012      	beq.n	100007e6 <irq_remove_handler+0xaa>
100007c0:	2206      	movs	r2, #6
100007c2:	56a2      	ldrsb	r2, [r4, r2]
100007c4:	2a00      	cmp	r2, #0
100007c6:	db0d      	blt.n	100007e4 <irq_remove_handler+0xa8>
100007c8:	0053      	lsls	r3, r2, #1
100007ca:	189b      	adds	r3, r3, r2
100007cc:	009b      	lsls	r3, r3, #2
100007ce:	0022      	movs	r2, r4
100007d0:	4c39      	ldr	r4, [pc, #228]	; (100008b8 <irq_remove_handler+0x17c>)
100007d2:	18e4      	adds	r4, r4, r3
100007d4:	e7f1      	b.n	100007ba <irq_remove_handler+0x7e>
100007d6:	2136      	movs	r1, #54	; 0x36
100007d8:	4b38      	ldr	r3, [pc, #224]	; (100008bc <irq_remove_handler+0x180>)
100007da:	4a39      	ldr	r2, [pc, #228]	; (100008c0 <irq_remove_handler+0x184>)
100007dc:	31ff      	adds	r1, #255	; 0xff
100007de:	4839      	ldr	r0, [pc, #228]	; (100008c4 <irq_remove_handler+0x188>)
100007e0:	f001 fc46 	bl	10002070 <__assert_func>
100007e4:	0022      	movs	r2, r4
100007e6:	42ab      	cmp	r3, r5
100007e8:	d156      	bne.n	10000898 <irq_remove_handler+0x15c>
100007ea:	2506      	movs	r5, #6
100007ec:	5765      	ldrsb	r5, [r4, r5]
100007ee:	2d00      	cmp	r5, #0
100007f0:	db38      	blt.n	10000864 <irq_remove_handler+0x128>
100007f2:	006b      	lsls	r3, r5, #1
100007f4:	195b      	adds	r3, r3, r5
100007f6:	009a      	lsls	r2, r3, #2
100007f8:	4b2f      	ldr	r3, [pc, #188]	; (100008b8 <irq_remove_handler+0x17c>)
100007fa:	189b      	adds	r3, r3, r2
100007fc:	689a      	ldr	r2, [r3, #8]
100007fe:	60a2      	str	r2, [r4, #8]
10000800:	79da      	ldrb	r2, [r3, #7]
10000802:	71e2      	strb	r2, [r4, #7]
10000804:	2206      	movs	r2, #6
10000806:	569a      	ldrsb	r2, [r3, r2]
10000808:	71a2      	strb	r2, [r4, #6]
1000080a:	799b      	ldrb	r3, [r3, #6]
1000080c:	b25b      	sxtb	r3, r3
1000080e:	2b00      	cmp	r3, #0
10000810:	da0f      	bge.n	10000832 <irq_remove_handler+0xf6>
10000812:	482d      	ldr	r0, [pc, #180]	; (100008c8 <irq_remove_handler+0x18c>)
10000814:	80a0      	strh	r0, [r4, #4]
10000816:	006b      	lsls	r3, r5, #1
10000818:	195b      	adds	r3, r3, r5
1000081a:	009b      	lsls	r3, r3, #2
1000081c:	4a26      	ldr	r2, [pc, #152]	; (100008b8 <irq_remove_handler+0x17c>)
1000081e:	18d3      	adds	r3, r2, r3
10000820:	4a2a      	ldr	r2, [pc, #168]	; (100008cc <irq_remove_handler+0x190>)
10000822:	7811      	ldrb	r1, [r2, #0]
10000824:	7199      	strb	r1, [r3, #6]
10000826:	7015      	strb	r5, [r2, #0]
10000828:	4649      	mov	r1, r9
1000082a:	0030      	movs	r0, r6
1000082c:	f7ff ff4c 	bl	100006c8 <irq_set_enabled>
10000830:	e7a5      	b.n	1000077e <irq_remove_handler+0x42>
10000832:	1d20      	adds	r0, r4, #4
10000834:	006b      	lsls	r3, r5, #1
10000836:	195b      	adds	r3, r3, r5
10000838:	009b      	lsls	r3, r3, #2
1000083a:	4a1f      	ldr	r2, [pc, #124]	; (100008b8 <irq_remove_handler+0x17c>)
1000083c:	189b      	adds	r3, r3, r2
1000083e:	1d1a      	adds	r2, r3, #4
10000840:	889b      	ldrh	r3, [r3, #4]
10000842:	0ad9      	lsrs	r1, r3, #11
10000844:	291c      	cmp	r1, #28
10000846:	d107      	bne.n	10000858 <irq_remove_handler+0x11c>
10000848:	055b      	lsls	r3, r3, #21
1000084a:	155b      	asrs	r3, r3, #21
1000084c:	3302      	adds	r3, #2
1000084e:	0059      	lsls	r1, r3, #1
10000850:	1851      	adds	r1, r2, r1
10000852:	f7ff fed9 	bl	10000608 <make_branch>
10000856:	e7dd      	b.n	10000814 <irq_remove_handler+0xd8>
10000858:	4b1d      	ldr	r3, [pc, #116]	; (100008d0 <irq_remove_handler+0x194>)
1000085a:	4a1e      	ldr	r2, [pc, #120]	; (100008d4 <irq_remove_handler+0x198>)
1000085c:	21b1      	movs	r1, #177	; 0xb1
1000085e:	4819      	ldr	r0, [pc, #100]	; (100008c4 <irq_remove_handler+0x188>)
10000860:	f001 fc06 	bl	10002070 <__assert_func>
10000864:	2900      	cmp	r1, #0
10000866:	d112      	bne.n	1000088e <irq_remove_handler+0x152>
10000868:	2a00      	cmp	r2, #0
1000086a:	d00e      	beq.n	1000088a <irq_remove_handler+0x14e>
1000086c:	23ff      	movs	r3, #255	; 0xff
1000086e:	7193      	strb	r3, [r2, #6]
10000870:	4b19      	ldr	r3, [pc, #100]	; (100008d8 <irq_remove_handler+0x19c>)
10000872:	8093      	strh	r3, [r2, #4]
10000874:	4a15      	ldr	r2, [pc, #84]	; (100008cc <irq_remove_handler+0x190>)
10000876:	7813      	ldrb	r3, [r2, #0]
10000878:	71a3      	strb	r3, [r4, #6]
1000087a:	4b18      	ldr	r3, [pc, #96]	; (100008dc <irq_remove_handler+0x1a0>)
1000087c:	490e      	ldr	r1, [pc, #56]	; (100008b8 <irq_remove_handler+0x17c>)
1000087e:	1a64      	subs	r4, r4, r1
10000880:	4164      	adcs	r4, r4
10000882:	4363      	muls	r3, r4
10000884:	0d1b      	lsrs	r3, r3, #20
10000886:	7013      	strb	r3, [r2, #0]
10000888:	e7ce      	b.n	10000828 <irq_remove_handler+0xec>
1000088a:	4f0a      	ldr	r7, [pc, #40]	; (100008b4 <irq_remove_handler+0x178>)
1000088c:	e7f2      	b.n	10000874 <irq_remove_handler+0x138>
1000088e:	1d20      	adds	r0, r4, #4
10000890:	4913      	ldr	r1, [pc, #76]	; (100008e0 <irq_remove_handler+0x1a4>)
10000892:	f7ff fedd 	bl	10000650 <insert_branch_and_link>
10000896:	e7c7      	b.n	10000828 <irq_remove_handler+0xec>
10000898:	216a      	movs	r1, #106	; 0x6a
1000089a:	4b12      	ldr	r3, [pc, #72]	; (100008e4 <irq_remove_handler+0x1a8>)
1000089c:	4a08      	ldr	r2, [pc, #32]	; (100008c0 <irq_remove_handler+0x184>)
1000089e:	31ff      	adds	r1, #255	; 0xff
100008a0:	4808      	ldr	r0, [pc, #32]	; (100008c4 <irq_remove_handler+0x188>)
100008a2:	f001 fbe5 	bl	10002070 <__assert_func>
100008a6:	4f03      	ldr	r7, [pc, #12]	; (100008b4 <irq_remove_handler+0x178>)
100008a8:	e769      	b.n	1000077e <irq_remove_handler+0x42>
100008aa:	46c0      	nop			; (mov r8, r8)
100008ac:	d0000124 	.word	0xd0000124
100008b0:	e000ed00 	.word	0xe000ed00
100008b4:	100001cd 	.word	0x100001cd
100008b8:	20000248 	.word	0x20000248
100008bc:	1000444c 	.word	0x1000444c
100008c0:	100044f8 	.word	0x100044f8
100008c4:	100042cc 	.word	0x100042cc
100008c8:	0000bd01 	.word	0x0000bd01
100008cc:	200006f3 	.word	0x200006f3
100008d0:	10004434 	.word	0x10004434
100008d4:	10004518 	.word	0x10004518
100008d8:	ffffbd01 	.word	0xffffbd01
100008dc:	0000aaaa 	.word	0x0000aaaa
100008e0:	20000282 	.word	0x20000282
100008e4:	10004480 	.word	0x10004480

100008e8 <irq_add_tail_to_free_list>:
100008e8:	b570      	push	{r4, r5, r6, lr}
100008ea:	2101      	movs	r1, #1
100008ec:	4301      	orrs	r1, r0
100008ee:	4b2e      	ldr	r3, [pc, #184]	; (100009a8 <irq_add_tail_to_free_list+0xc0>)
100008f0:	1acb      	subs	r3, r1, r3
100008f2:	2b2f      	cmp	r3, #47	; 0x2f
100008f4:	d828      	bhi.n	10000948 <irq_add_tail_to_free_list+0x60>
100008f6:	f3ef 8305 	mrs	r3, IPSR
100008fa:	2b00      	cmp	r3, #0
100008fc:	d02b      	beq.n	10000956 <irq_add_tail_to_free_list+0x6e>
100008fe:	f3ef 8c10 	mrs	ip, PRIMASK
10000902:	b672      	cpsid	i
10000904:	4a29      	ldr	r2, [pc, #164]	; (100009ac <irq_add_tail_to_free_list+0xc4>)
10000906:	6812      	ldr	r2, [r2, #0]
10000908:	2a00      	cmp	r2, #0
1000090a:	d0fb      	beq.n	10000904 <irq_add_tail_to_free_list+0x1c>
1000090c:	f3bf 8f5f 	dmb	sy
10000910:	4a27      	ldr	r2, [pc, #156]	; (100009b0 <irq_add_tail_to_free_list+0xc8>)
10000912:	0004      	movs	r4, r0
10000914:	4d24      	ldr	r5, [pc, #144]	; (100009a8 <irq_add_tail_to_free_list+0xc0>)
10000916:	1b64      	subs	r4, r4, r5
10000918:	4164      	adcs	r4, r4
1000091a:	4362      	muls	r2, r4
1000091c:	0d12      	lsrs	r2, r2, #20
1000091e:	b254      	sxtb	r4, r2
10000920:	4a24      	ldr	r2, [pc, #144]	; (100009b4 <irq_add_tail_to_free_list+0xcc>)
10000922:	6892      	ldr	r2, [r2, #8]
10000924:	009b      	lsls	r3, r3, #2
10000926:	58d2      	ldr	r2, [r2, r3]
10000928:	428a      	cmp	r2, r1
1000092a:	d01b      	beq.n	10000964 <irq_add_tail_to_free_list+0x7c>
1000092c:	2200      	movs	r2, #0
1000092e:	2a03      	cmp	r2, #3
10000930:	d832      	bhi.n	10000998 <irq_add_tail_to_free_list+0xb0>
10000932:	0053      	lsls	r3, r2, #1
10000934:	189b      	adds	r3, r3, r2
10000936:	009b      	lsls	r3, r3, #2
10000938:	491b      	ldr	r1, [pc, #108]	; (100009a8 <irq_add_tail_to_free_list+0xc0>)
1000093a:	18cb      	adds	r3, r1, r3
1000093c:	799b      	ldrb	r3, [r3, #6]
1000093e:	b25b      	sxtb	r3, r3
10000940:	42a3      	cmp	r3, r4
10000942:	d01f      	beq.n	10000984 <irq_add_tail_to_free_list+0x9c>
10000944:	3201      	adds	r2, #1
10000946:	e7f2      	b.n	1000092e <irq_add_tail_to_free_list+0x46>
10000948:	21c7      	movs	r1, #199	; 0xc7
1000094a:	4b1b      	ldr	r3, [pc, #108]	; (100009b8 <irq_add_tail_to_free_list+0xd0>)
1000094c:	4a1b      	ldr	r2, [pc, #108]	; (100009bc <irq_add_tail_to_free_list+0xd4>)
1000094e:	0049      	lsls	r1, r1, #1
10000950:	481b      	ldr	r0, [pc, #108]	; (100009c0 <irq_add_tail_to_free_list+0xd8>)
10000952:	f001 fb8d 	bl	10002070 <__assert_func>
10000956:	2192      	movs	r1, #146	; 0x92
10000958:	4b1a      	ldr	r3, [pc, #104]	; (100009c4 <irq_add_tail_to_free_list+0xdc>)
1000095a:	4a18      	ldr	r2, [pc, #96]	; (100009bc <irq_add_tail_to_free_list+0xd4>)
1000095c:	31ff      	adds	r1, #255	; 0xff
1000095e:	4818      	ldr	r0, [pc, #96]	; (100009c0 <irq_add_tail_to_free_list+0xd8>)
10000960:	f001 fb86 	bl	10002070 <__assert_func>
10000964:	4a13      	ldr	r2, [pc, #76]	; (100009b4 <irq_add_tail_to_free_list+0xcc>)
10000966:	6892      	ldr	r2, [r2, #8]
10000968:	4917      	ldr	r1, [pc, #92]	; (100009c8 <irq_add_tail_to_free_list+0xe0>)
1000096a:	50d1      	str	r1, [r2, r3]
1000096c:	4b17      	ldr	r3, [pc, #92]	; (100009cc <irq_add_tail_to_free_list+0xe4>)
1000096e:	781a      	ldrb	r2, [r3, #0]
10000970:	7182      	strb	r2, [r0, #6]
10000972:	701c      	strb	r4, [r3, #0]
10000974:	f3bf 8f5f 	dmb	sy
10000978:	4b0c      	ldr	r3, [pc, #48]	; (100009ac <irq_add_tail_to_free_list+0xc4>)
1000097a:	2200      	movs	r2, #0
1000097c:	601a      	str	r2, [r3, #0]
1000097e:	f38c 8810 	msr	PRIMASK, ip
10000982:	bd70      	pop	{r4, r5, r6, pc}
10000984:	000d      	movs	r5, r1
10000986:	0053      	lsls	r3, r2, #1
10000988:	1899      	adds	r1, r3, r2
1000098a:	0089      	lsls	r1, r1, #2
1000098c:	1869      	adds	r1, r5, r1
1000098e:	26ff      	movs	r6, #255	; 0xff
10000990:	718e      	strb	r6, [r1, #6]
10000992:	4a0f      	ldr	r2, [pc, #60]	; (100009d0 <irq_add_tail_to_free_list+0xe8>)
10000994:	808a      	strh	r2, [r1, #4]
10000996:	e7e9      	b.n	1000096c <irq_add_tail_to_free_list+0x84>
10000998:	21d1      	movs	r1, #209	; 0xd1
1000099a:	4b0e      	ldr	r3, [pc, #56]	; (100009d4 <irq_add_tail_to_free_list+0xec>)
1000099c:	4a07      	ldr	r2, [pc, #28]	; (100009bc <irq_add_tail_to_free_list+0xd4>)
1000099e:	0049      	lsls	r1, r1, #1
100009a0:	4807      	ldr	r0, [pc, #28]	; (100009c0 <irq_add_tail_to_free_list+0xd8>)
100009a2:	f001 fb65 	bl	10002070 <__assert_func>
100009a6:	46c0      	nop			; (mov r8, r8)
100009a8:	20000248 	.word	0x20000248
100009ac:	d0000124 	.word	0xd0000124
100009b0:	0000aaaa 	.word	0x0000aaaa
100009b4:	e000ed00 	.word	0xe000ed00
100009b8:	10004488 	.word	0x10004488
100009bc:	100044c4 	.word	0x100044c4
100009c0:	100042cc 	.word	0x100042cc
100009c4:	100044b0 	.word	0x100044b0
100009c8:	100001cd 	.word	0x100001cd
100009cc:	200006f3 	.word	0x200006f3
100009d0:	ffffbd01 	.word	0xffffbd01
100009d4:	100044bc 	.word	0x100044bc

100009d8 <irq_init_priorities>:
100009d8:	2200      	movs	r2, #0
100009da:	4b04      	ldr	r3, [pc, #16]	; (100009ec <irq_init_priorities+0x14>)
100009dc:	e002      	b.n	100009e4 <irq_init_priorities+0xc>
100009de:	4904      	ldr	r1, [pc, #16]	; (100009f0 <irq_init_priorities+0x18>)
100009e0:	c302      	stmia	r3!, {r1}
100009e2:	3201      	adds	r2, #1
100009e4:	2a07      	cmp	r2, #7
100009e6:	d9fa      	bls.n	100009de <irq_init_priorities+0x6>
100009e8:	4770      	bx	lr
100009ea:	46c0      	nop			; (mov r8, r8)
100009ec:	e000e400 	.word	0xe000e400
100009f0:	80808080 	.word	0x80808080

100009f4 <lock_init>:
100009f4:	4b02      	ldr	r3, [pc, #8]	; (10000a00 <lock_init+0xc>)
100009f6:	469c      	mov	ip, r3
100009f8:	4461      	add	r1, ip
100009fa:	0089      	lsls	r1, r1, #2
100009fc:	6001      	str	r1, [r0, #0]
100009fe:	4770      	bx	lr
10000a00:	34000040 	.word	0x34000040

10000a04 <mutex_init>:
10000a04:	b510      	push	{r4, lr}
10000a06:	0004      	movs	r4, r0
10000a08:	f7ff fddc 	bl	100005c4 <next_striped_spin_lock_num>
10000a0c:	0001      	movs	r1, r0
10000a0e:	0020      	movs	r0, r4
10000a10:	f7ff fff0 	bl	100009f4 <lock_init>
10000a14:	23ff      	movs	r3, #255	; 0xff
10000a16:	7123      	strb	r3, [r4, #4]
10000a18:	f3bf 8f5f 	dmb	sy
10000a1c:	bd10      	pop	{r4, pc}

10000a1e <recursive_mutex_init>:
10000a1e:	b510      	push	{r4, lr}
10000a20:	0004      	movs	r4, r0
10000a22:	f7ff fdcf 	bl	100005c4 <next_striped_spin_lock_num>
10000a26:	0001      	movs	r1, r0
10000a28:	0020      	movs	r0, r4
10000a2a:	f7ff ffe3 	bl	100009f4 <lock_init>
10000a2e:	23ff      	movs	r3, #255	; 0xff
10000a30:	7123      	strb	r3, [r4, #4]
10000a32:	2300      	movs	r3, #0
10000a34:	7163      	strb	r3, [r4, #5]
10000a36:	f3bf 8f5f 	dmb	sy
10000a3a:	bd10      	pop	{r4, pc}

10000a3c <alarm_pool_post_alloc_init>:
10000a3c:	b570      	push	{r4, r5, r6, lr}
10000a3e:	0005      	movs	r5, r0
10000a40:	000c      	movs	r4, r1
10000a42:	0008      	movs	r0, r1
10000a44:	f000 fe4a 	bl	100016dc <hardware_alarm_cancel>
10000a48:	4909      	ldr	r1, [pc, #36]	; (10000a70 <alarm_pool_post_alloc_init+0x34>)
10000a4a:	0020      	movs	r0, r4
10000a4c:	f000 fd8a 	bl	10001564 <hardware_alarm_set_callback>
10000a50:	f7ff fdb8 	bl	100005c4 <next_striped_spin_lock_num>
10000a54:	4b07      	ldr	r3, [pc, #28]	; (10000a74 <alarm_pool_post_alloc_init+0x38>)
10000a56:	469c      	mov	ip, r3
10000a58:	4460      	add	r0, ip
10000a5a:	0080      	lsls	r0, r0, #2
10000a5c:	6068      	str	r0, [r5, #4]
10000a5e:	752c      	strb	r4, [r5, #20]
10000a60:	23d0      	movs	r3, #208	; 0xd0
10000a62:	061b      	lsls	r3, r3, #24
10000a64:	781b      	ldrb	r3, [r3, #0]
10000a66:	756b      	strb	r3, [r5, #21]
10000a68:	00a4      	lsls	r4, r4, #2
10000a6a:	4b03      	ldr	r3, [pc, #12]	; (10000a78 <alarm_pool_post_alloc_init+0x3c>)
10000a6c:	50e5      	str	r5, [r4, r3]
10000a6e:	bd70      	pop	{r4, r5, r6, pc}
10000a70:	10000d81 	.word	0x10000d81
10000a74:	34000040 	.word	0x34000040
10000a78:	200004c0 	.word	0x200004c0

10000a7c <sleep_until_callback>:
10000a7c:	4b0a      	ldr	r3, [pc, #40]	; (10000aa8 <sleep_until_callback+0x2c>)
10000a7e:	681a      	ldr	r2, [r3, #0]
10000a80:	f3ef 8110 	mrs	r1, PRIMASK
10000a84:	b672      	cpsid	i
10000a86:	6813      	ldr	r3, [r2, #0]
10000a88:	2b00      	cmp	r3, #0
10000a8a:	d0fc      	beq.n	10000a86 <sleep_until_callback+0xa>
10000a8c:	f3bf 8f5f 	dmb	sy
10000a90:	4b05      	ldr	r3, [pc, #20]	; (10000aa8 <sleep_until_callback+0x2c>)
10000a92:	681b      	ldr	r3, [r3, #0]
10000a94:	f3bf 8f5f 	dmb	sy
10000a98:	2200      	movs	r2, #0
10000a9a:	601a      	str	r2, [r3, #0]
10000a9c:	f381 8810 	msr	PRIMASK, r1
10000aa0:	bf40      	sev
10000aa2:	2000      	movs	r0, #0
10000aa4:	2100      	movs	r1, #0
10000aa6:	4770      	bx	lr
10000aa8:	200006d4 	.word	0x200006d4

10000aac <timer_pool_entry_comparator>:
10000aac:	b510      	push	{r4, lr}
10000aae:	2900      	cmp	r1, #0
10000ab0:	d022      	beq.n	10000af8 <timer_pool_entry_comparator+0x4c>
10000ab2:	6803      	ldr	r3, [r0, #0]
10000ab4:	7b1b      	ldrb	r3, [r3, #12]
10000ab6:	4299      	cmp	r1, r3
10000ab8:	d81e      	bhi.n	10000af8 <timer_pool_entry_comparator+0x4c>
10000aba:	4b17      	ldr	r3, [pc, #92]	; (10000b18 <timer_pool_entry_comparator+0x6c>)
10000abc:	469c      	mov	ip, r3
10000abe:	4461      	add	r1, ip
10000ac0:	0109      	lsls	r1, r1, #4
10000ac2:	6883      	ldr	r3, [r0, #8]
10000ac4:	469c      	mov	ip, r3
10000ac6:	4461      	add	r1, ip
10000ac8:	680c      	ldr	r4, [r1, #0]
10000aca:	6849      	ldr	r1, [r1, #4]
10000acc:	2a00      	cmp	r2, #0
10000ace:	d019      	beq.n	10000b04 <timer_pool_entry_comparator+0x58>
10000ad0:	6803      	ldr	r3, [r0, #0]
10000ad2:	7b1b      	ldrb	r3, [r3, #12]
10000ad4:	429a      	cmp	r2, r3
10000ad6:	d815      	bhi.n	10000b04 <timer_pool_entry_comparator+0x58>
10000ad8:	6883      	ldr	r3, [r0, #8]
10000ada:	480f      	ldr	r0, [pc, #60]	; (10000b18 <timer_pool_entry_comparator+0x6c>)
10000adc:	4684      	mov	ip, r0
10000ade:	4462      	add	r2, ip
10000ae0:	0112      	lsls	r2, r2, #4
10000ae2:	189a      	adds	r2, r3, r2
10000ae4:	6810      	ldr	r0, [r2, #0]
10000ae6:	6853      	ldr	r3, [r2, #4]
10000ae8:	0002      	movs	r2, r0
10000aea:	2001      	movs	r0, #1
10000aec:	428b      	cmp	r3, r1
10000aee:	d801      	bhi.n	10000af4 <timer_pool_entry_comparator+0x48>
10000af0:	d00e      	beq.n	10000b10 <timer_pool_entry_comparator+0x64>
10000af2:	2000      	movs	r0, #0
10000af4:	b2c0      	uxtb	r0, r0
10000af6:	bd10      	pop	{r4, pc}
10000af8:	4b08      	ldr	r3, [pc, #32]	; (10000b1c <timer_pool_entry_comparator+0x70>)
10000afa:	4a09      	ldr	r2, [pc, #36]	; (10000b20 <timer_pool_entry_comparator+0x74>)
10000afc:	213c      	movs	r1, #60	; 0x3c
10000afe:	4809      	ldr	r0, [pc, #36]	; (10000b24 <timer_pool_entry_comparator+0x78>)
10000b00:	f001 fab6 	bl	10002070 <__assert_func>
10000b04:	4b05      	ldr	r3, [pc, #20]	; (10000b1c <timer_pool_entry_comparator+0x70>)
10000b06:	4a06      	ldr	r2, [pc, #24]	; (10000b20 <timer_pool_entry_comparator+0x74>)
10000b08:	213c      	movs	r1, #60	; 0x3c
10000b0a:	4806      	ldr	r0, [pc, #24]	; (10000b24 <timer_pool_entry_comparator+0x78>)
10000b0c:	f001 fab0 	bl	10002070 <__assert_func>
10000b10:	42a2      	cmp	r2, r4
10000b12:	d8ef      	bhi.n	10000af4 <timer_pool_entry_comparator+0x48>
10000b14:	e7ed      	b.n	10000af2 <timer_pool_entry_comparator+0x46>
10000b16:	46c0      	nop			; (mov r8, r8)
10000b18:	0fffffff 	.word	0x0fffffff
10000b1c:	100046f8 	.word	0x100046f8
10000b20:	10004928 	.word	0x10004928
10000b24:	100046a4 	.word	0x100046a4

10000b28 <ph_add_child_node>:
10000b28:	b510      	push	{r4, lr}
10000b2a:	2900      	cmp	r1, #0
10000b2c:	d01e      	beq.n	10000b6c <ph_add_child_node+0x44>
10000b2e:	7b03      	ldrb	r3, [r0, #12]
10000b30:	4299      	cmp	r1, r3
10000b32:	d81b      	bhi.n	10000b6c <ph_add_child_node+0x44>
10000b34:	004b      	lsls	r3, r1, #1
10000b36:	185b      	adds	r3, r3, r1
10000b38:	3b03      	subs	r3, #3
10000b3a:	6804      	ldr	r4, [r0, #0]
10000b3c:	46a4      	mov	ip, r4
10000b3e:	4463      	add	r3, ip
10000b40:	2900      	cmp	r1, #0
10000b42:	d019      	beq.n	10000b78 <ph_add_child_node+0x50>
10000b44:	2a00      	cmp	r2, #0
10000b46:	d01d      	beq.n	10000b84 <ph_add_child_node+0x5c>
10000b48:	4291      	cmp	r1, r2
10000b4a:	d021      	beq.n	10000b90 <ph_add_child_node+0x68>
10000b4c:	2a00      	cmp	r2, #0
10000b4e:	d025      	beq.n	10000b9c <ph_add_child_node+0x74>
10000b50:	7b04      	ldrb	r4, [r0, #12]
10000b52:	42a2      	cmp	r2, r4
10000b54:	d822      	bhi.n	10000b9c <ph_add_child_node+0x74>
10000b56:	6804      	ldr	r4, [r0, #0]
10000b58:	0050      	lsls	r0, r2, #1
10000b5a:	1880      	adds	r0, r0, r2
10000b5c:	3803      	subs	r0, #3
10000b5e:	1820      	adds	r0, r4, r0
10000b60:	7081      	strb	r1, [r0, #2]
10000b62:	7819      	ldrb	r1, [r3, #0]
10000b64:	2900      	cmp	r1, #0
10000b66:	d11f      	bne.n	10000ba8 <ph_add_child_node+0x80>
10000b68:	701a      	strb	r2, [r3, #0]
10000b6a:	bd10      	pop	{r4, pc}
10000b6c:	4b10      	ldr	r3, [pc, #64]	; (10000bb0 <ph_add_child_node+0x88>)
10000b6e:	4a11      	ldr	r2, [pc, #68]	; (10000bb4 <ph_add_child_node+0x8c>)
10000b70:	2168      	movs	r1, #104	; 0x68
10000b72:	4811      	ldr	r0, [pc, #68]	; (10000bb8 <ph_add_child_node+0x90>)
10000b74:	f001 fa7c 	bl	10002070 <__assert_func>
10000b78:	4b10      	ldr	r3, [pc, #64]	; (10000bbc <ph_add_child_node+0x94>)
10000b7a:	4a11      	ldr	r2, [pc, #68]	; (10000bc0 <ph_add_child_node+0x98>)
10000b7c:	316f      	adds	r1, #111	; 0x6f
10000b7e:	480e      	ldr	r0, [pc, #56]	; (10000bb8 <ph_add_child_node+0x90>)
10000b80:	f001 fa76 	bl	10002070 <__assert_func>
10000b84:	4b0f      	ldr	r3, [pc, #60]	; (10000bc4 <ph_add_child_node+0x9c>)
10000b86:	4a0e      	ldr	r2, [pc, #56]	; (10000bc0 <ph_add_child_node+0x98>)
10000b88:	2170      	movs	r1, #112	; 0x70
10000b8a:	480b      	ldr	r0, [pc, #44]	; (10000bb8 <ph_add_child_node+0x90>)
10000b8c:	f001 fa70 	bl	10002070 <__assert_func>
10000b90:	4b0d      	ldr	r3, [pc, #52]	; (10000bc8 <ph_add_child_node+0xa0>)
10000b92:	4a0b      	ldr	r2, [pc, #44]	; (10000bc0 <ph_add_child_node+0x98>)
10000b94:	2171      	movs	r1, #113	; 0x71
10000b96:	4808      	ldr	r0, [pc, #32]	; (10000bb8 <ph_add_child_node+0x90>)
10000b98:	f001 fa6a 	bl	10002070 <__assert_func>
10000b9c:	4b04      	ldr	r3, [pc, #16]	; (10000bb0 <ph_add_child_node+0x88>)
10000b9e:	4a05      	ldr	r2, [pc, #20]	; (10000bb4 <ph_add_child_node+0x8c>)
10000ba0:	2168      	movs	r1, #104	; 0x68
10000ba2:	4805      	ldr	r0, [pc, #20]	; (10000bb8 <ph_add_child_node+0x90>)
10000ba4:	f001 fa64 	bl	10002070 <__assert_func>
10000ba8:	7041      	strb	r1, [r0, #1]
10000baa:	701a      	strb	r2, [r3, #0]
10000bac:	e7dd      	b.n	10000b6a <ph_add_child_node+0x42>
10000bae:	46c0      	nop			; (mov r8, r8)
10000bb0:	1000471c 	.word	0x1000471c
10000bb4:	10004994 	.word	0x10004994
10000bb8:	10004738 	.word	0x10004738
10000bbc:	100047a0 	.word	0x100047a0
10000bc0:	10004970 	.word	0x10004970
10000bc4:	100047ac 	.word	0x100047ac
10000bc8:	100047b8 	.word	0x100047b8

10000bcc <ph_merge_nodes>:
10000bcc:	b570      	push	{r4, r5, r6, lr}
10000bce:	0006      	movs	r6, r0
10000bd0:	000d      	movs	r5, r1
10000bd2:	0014      	movs	r4, r2
10000bd4:	2900      	cmp	r1, #0
10000bd6:	d014      	beq.n	10000c02 <ph_merge_nodes+0x36>
10000bd8:	2a00      	cmp	r2, #0
10000bda:	d014      	beq.n	10000c06 <ph_merge_nodes+0x3a>
10000bdc:	6880      	ldr	r0, [r0, #8]
10000bde:	6873      	ldr	r3, [r6, #4]
10000be0:	4798      	blx	r3
10000be2:	2800      	cmp	r0, #0
10000be4:	d006      	beq.n	10000bf4 <ph_merge_nodes+0x28>
10000be6:	0022      	movs	r2, r4
10000be8:	0029      	movs	r1, r5
10000bea:	0030      	movs	r0, r6
10000bec:	f7ff ff9c 	bl	10000b28 <ph_add_child_node>
10000bf0:	0028      	movs	r0, r5
10000bf2:	e007      	b.n	10000c04 <ph_merge_nodes+0x38>
10000bf4:	002a      	movs	r2, r5
10000bf6:	0021      	movs	r1, r4
10000bf8:	0030      	movs	r0, r6
10000bfa:	f7ff ff95 	bl	10000b28 <ph_add_child_node>
10000bfe:	0020      	movs	r0, r4
10000c00:	e000      	b.n	10000c04 <ph_merge_nodes+0x38>
10000c02:	0010      	movs	r0, r2
10000c04:	bd70      	pop	{r4, r5, r6, pc}
10000c06:	0008      	movs	r0, r1
10000c08:	e7fc      	b.n	10000c04 <ph_merge_nodes+0x38>
	...

10000c0c <add_alarm_under_lock>:
10000c0c:	b5f0      	push	{r4, r5, r6, r7, lr}
10000c0e:	b083      	sub	sp, #12
10000c10:	0005      	movs	r5, r0
10000c12:	9200      	str	r2, [sp, #0]
10000c14:	9301      	str	r3, [sp, #4]
10000c16:	ab0a      	add	r3, sp, #40	; 0x28
10000c18:	781c      	ldrb	r4, [r3, #0]
10000c1a:	ab0b      	add	r3, sp, #44	; 0x2c
10000c1c:	781f      	ldrb	r7, [r3, #0]
10000c1e:	2c00      	cmp	r4, #0
10000c20:	d026      	beq.n	10000c70 <add_alarm_under_lock+0x64>
10000c22:	6803      	ldr	r3, [r0, #0]
10000c24:	7b5a      	ldrb	r2, [r3, #13]
10000c26:	4294      	cmp	r4, r2
10000c28:	d107      	bne.n	10000c3a <add_alarm_under_lock+0x2e>
10000c2a:	2301      	movs	r3, #1
10000c2c:	2b00      	cmp	r3, #0
10000c2e:	d119      	bne.n	10000c64 <add_alarm_under_lock+0x58>
10000c30:	2c00      	cmp	r4, #0
10000c32:	d13b      	bne.n	10000cac <add_alarm_under_lock+0xa0>
10000c34:	0020      	movs	r0, r4
10000c36:	b003      	add	sp, #12
10000c38:	bdf0      	pop	{r4, r5, r6, r7, pc}
10000c3a:	2c00      	cmp	r4, #0
10000c3c:	d00c      	beq.n	10000c58 <add_alarm_under_lock+0x4c>
10000c3e:	7b1a      	ldrb	r2, [r3, #12]
10000c40:	4294      	cmp	r4, r2
10000c42:	d809      	bhi.n	10000c58 <add_alarm_under_lock+0x4c>
10000c44:	681a      	ldr	r2, [r3, #0]
10000c46:	0063      	lsls	r3, r4, #1
10000c48:	191b      	adds	r3, r3, r4
10000c4a:	3b03      	subs	r3, #3
10000c4c:	18d3      	adds	r3, r2, r3
10000c4e:	789b      	ldrb	r3, [r3, #2]
10000c50:	2b00      	cmp	r3, #0
10000c52:	d0eb      	beq.n	10000c2c <add_alarm_under_lock+0x20>
10000c54:	2301      	movs	r3, #1
10000c56:	e7e9      	b.n	10000c2c <add_alarm_under_lock+0x20>
10000c58:	4b3e      	ldr	r3, [pc, #248]	; (10000d54 <add_alarm_under_lock+0x148>)
10000c5a:	4a3f      	ldr	r2, [pc, #252]	; (10000d58 <add_alarm_under_lock+0x14c>)
10000c5c:	2168      	movs	r1, #104	; 0x68
10000c5e:	483f      	ldr	r0, [pc, #252]	; (10000d5c <add_alarm_under_lock+0x150>)
10000c60:	f001 fa06 	bl	10002070 <__assert_func>
10000c64:	4b3e      	ldr	r3, [pc, #248]	; (10000d60 <add_alarm_under_lock+0x154>)
10000c66:	4a3f      	ldr	r2, [pc, #252]	; (10000d64 <add_alarm_under_lock+0x158>)
10000c68:	2167      	movs	r1, #103	; 0x67
10000c6a:	483f      	ldr	r0, [pc, #252]	; (10000d68 <add_alarm_under_lock+0x15c>)
10000c6c:	f001 fa00 	bl	10002070 <__assert_func>
10000c70:	6803      	ldr	r3, [r0, #0]
10000c72:	7b9c      	ldrb	r4, [r3, #14]
10000c74:	2c00      	cmp	r4, #0
10000c76:	d0db      	beq.n	10000c30 <add_alarm_under_lock+0x24>
10000c78:	d012      	beq.n	10000ca0 <add_alarm_under_lock+0x94>
10000c7a:	7b1a      	ldrb	r2, [r3, #12]
10000c7c:	4294      	cmp	r4, r2
10000c7e:	d80f      	bhi.n	10000ca0 <add_alarm_under_lock+0x94>
10000c80:	0062      	lsls	r2, r4, #1
10000c82:	1912      	adds	r2, r2, r4
10000c84:	3a03      	subs	r2, #3
10000c86:	6819      	ldr	r1, [r3, #0]
10000c88:	468c      	mov	ip, r1
10000c8a:	4462      	add	r2, ip
10000c8c:	7851      	ldrb	r1, [r2, #1]
10000c8e:	7399      	strb	r1, [r3, #14]
10000c90:	2900      	cmp	r1, #0
10000c92:	d100      	bne.n	10000c96 <add_alarm_under_lock+0x8a>
10000c94:	73d9      	strb	r1, [r3, #15]
10000c96:	2300      	movs	r3, #0
10000c98:	7093      	strb	r3, [r2, #2]
10000c9a:	7053      	strb	r3, [r2, #1]
10000c9c:	7013      	strb	r3, [r2, #0]
10000c9e:	e7c7      	b.n	10000c30 <add_alarm_under_lock+0x24>
10000ca0:	4b2c      	ldr	r3, [pc, #176]	; (10000d54 <add_alarm_under_lock+0x148>)
10000ca2:	4a2d      	ldr	r2, [pc, #180]	; (10000d58 <add_alarm_under_lock+0x14c>)
10000ca4:	2168      	movs	r1, #104	; 0x68
10000ca6:	482d      	ldr	r0, [pc, #180]	; (10000d5c <add_alarm_under_lock+0x150>)
10000ca8:	f001 f9e2 	bl	10002070 <__assert_func>
10000cac:	2c00      	cmp	r4, #0
10000cae:	d03a      	beq.n	10000d26 <add_alarm_under_lock+0x11a>
10000cb0:	682b      	ldr	r3, [r5, #0]
10000cb2:	7b1b      	ldrb	r3, [r3, #12]
10000cb4:	429c      	cmp	r4, r3
10000cb6:	d836      	bhi.n	10000d26 <add_alarm_under_lock+0x11a>
10000cb8:	4b2c      	ldr	r3, [pc, #176]	; (10000d6c <add_alarm_under_lock+0x160>)
10000cba:	18e3      	adds	r3, r4, r3
10000cbc:	011b      	lsls	r3, r3, #4
10000cbe:	68aa      	ldr	r2, [r5, #8]
10000cc0:	4694      	mov	ip, r2
10000cc2:	4463      	add	r3, ip
10000cc4:	9a00      	ldr	r2, [sp, #0]
10000cc6:	601a      	str	r2, [r3, #0]
10000cc8:	9a01      	ldr	r2, [sp, #4]
10000cca:	605a      	str	r2, [r3, #4]
10000ccc:	9a08      	ldr	r2, [sp, #32]
10000cce:	609a      	str	r2, [r3, #8]
10000cd0:	9a09      	ldr	r2, [sp, #36]	; 0x24
10000cd2:	60da      	str	r2, [r3, #12]
10000cd4:	682e      	ldr	r6, [r5, #0]
10000cd6:	2c00      	cmp	r4, #0
10000cd8:	d02b      	beq.n	10000d32 <add_alarm_under_lock+0x126>
10000cda:	d030      	beq.n	10000d3e <add_alarm_under_lock+0x132>
10000cdc:	7b33      	ldrb	r3, [r6, #12]
10000cde:	429c      	cmp	r4, r3
10000ce0:	d82d      	bhi.n	10000d3e <add_alarm_under_lock+0x132>
10000ce2:	0063      	lsls	r3, r4, #1
10000ce4:	191b      	adds	r3, r3, r4
10000ce6:	3b03      	subs	r3, #3
10000ce8:	6832      	ldr	r2, [r6, #0]
10000cea:	4694      	mov	ip, r2
10000cec:	4463      	add	r3, ip
10000cee:	2200      	movs	r2, #0
10000cf0:	709a      	strb	r2, [r3, #2]
10000cf2:	705a      	strb	r2, [r3, #1]
10000cf4:	701a      	strb	r2, [r3, #0]
10000cf6:	7b71      	ldrb	r1, [r6, #13]
10000cf8:	0022      	movs	r2, r4
10000cfa:	0030      	movs	r0, r6
10000cfc:	f7ff ff66 	bl	10000bcc <ph_merge_nodes>
10000d00:	7370      	strb	r0, [r6, #13]
10000d02:	4284      	cmp	r4, r0
10000d04:	d000      	beq.n	10000d08 <add_alarm_under_lock+0xfc>
10000d06:	e795      	b.n	10000c34 <add_alarm_under_lock+0x28>
10000d08:	7d28      	ldrb	r0, [r5, #20]
10000d0a:	9a00      	ldr	r2, [sp, #0]
10000d0c:	9b01      	ldr	r3, [sp, #4]
10000d0e:	f000 fc71 	bl	100015f4 <hardware_alarm_set_target>
10000d12:	1e06      	subs	r6, r0, #0
10000d14:	d001      	beq.n	10000d1a <add_alarm_under_lock+0x10e>
10000d16:	2f00      	cmp	r7, #0
10000d18:	d017      	beq.n	10000d4a <add_alarm_under_lock+0x13e>
10000d1a:	9b0c      	ldr	r3, [sp, #48]	; 0x30
10000d1c:	2b00      	cmp	r3, #0
10000d1e:	d100      	bne.n	10000d22 <add_alarm_under_lock+0x116>
10000d20:	e788      	b.n	10000c34 <add_alarm_under_lock+0x28>
10000d22:	701e      	strb	r6, [r3, #0]
10000d24:	e786      	b.n	10000c34 <add_alarm_under_lock+0x28>
10000d26:	4b12      	ldr	r3, [pc, #72]	; (10000d70 <add_alarm_under_lock+0x164>)
10000d28:	4a12      	ldr	r2, [pc, #72]	; (10000d74 <add_alarm_under_lock+0x168>)
10000d2a:	213c      	movs	r1, #60	; 0x3c
10000d2c:	480e      	ldr	r0, [pc, #56]	; (10000d68 <add_alarm_under_lock+0x15c>)
10000d2e:	f001 f99f 	bl	10002070 <__assert_func>
10000d32:	4b11      	ldr	r3, [pc, #68]	; (10000d78 <add_alarm_under_lock+0x16c>)
10000d34:	4a11      	ldr	r2, [pc, #68]	; (10000d7c <add_alarm_under_lock+0x170>)
10000d36:	21a5      	movs	r1, #165	; 0xa5
10000d38:	4808      	ldr	r0, [pc, #32]	; (10000d5c <add_alarm_under_lock+0x150>)
10000d3a:	f001 f999 	bl	10002070 <__assert_func>
10000d3e:	4b05      	ldr	r3, [pc, #20]	; (10000d54 <add_alarm_under_lock+0x148>)
10000d40:	4a05      	ldr	r2, [pc, #20]	; (10000d58 <add_alarm_under_lock+0x14c>)
10000d42:	2168      	movs	r1, #104	; 0x68
10000d44:	4805      	ldr	r0, [pc, #20]	; (10000d5c <add_alarm_under_lock+0x150>)
10000d46:	f001 f993 	bl	10002070 <__assert_func>
10000d4a:	6828      	ldr	r0, [r5, #0]
10000d4c:	0021      	movs	r1, r4
10000d4e:	f000 fe89 	bl	10001a64 <ph_remove_and_free_node>
10000d52:	e7e2      	b.n	10000d1a <add_alarm_under_lock+0x10e>
10000d54:	1000471c 	.word	0x1000471c
10000d58:	10004994 	.word	0x10004994
10000d5c:	10004738 	.word	0x10004738
10000d60:	100047d0 	.word	0x100047d0
10000d64:	100049a0 	.word	0x100049a0
10000d68:	100046a4 	.word	0x100046a4
10000d6c:	0fffffff 	.word	0x0fffffff
10000d70:	100046f8 	.word	0x100046f8
10000d74:	10004928 	.word	0x10004928
10000d78:	100046a0 	.word	0x100046a0
10000d7c:	10004984 	.word	0x10004984

10000d80 <alarm_pool_alarm_callback>:
10000d80:	b5f0      	push	{r4, r5, r6, r7, lr}
10000d82:	46de      	mov	lr, fp
10000d84:	4657      	mov	r7, sl
10000d86:	464e      	mov	r6, r9
10000d88:	4645      	mov	r5, r8
10000d8a:	b5e0      	push	{r5, r6, r7, lr}
10000d8c:	b08b      	sub	sp, #44	; 0x2c
10000d8e:	9009      	str	r0, [sp, #36]	; 0x24
10000d90:	2300      	movs	r3, #0
10000d92:	9308      	str	r3, [sp, #32]
10000d94:	0082      	lsls	r2, r0, #2
10000d96:	4bb5      	ldr	r3, [pc, #724]	; (1000106c <alarm_pool_alarm_callback+0x2ec>)
10000d98:	58d6      	ldr	r6, [r2, r3]
10000d9a:	0037      	movs	r7, r6
10000d9c:	e052      	b.n	10000e44 <alarm_pool_alarm_callback+0xc4>
10000d9e:	4bb4      	ldr	r3, [pc, #720]	; (10001070 <alarm_pool_alarm_callback+0x2f0>)
10000da0:	4ab4      	ldr	r2, [pc, #720]	; (10001074 <alarm_pool_alarm_callback+0x2f4>)
10000da2:	213f      	movs	r1, #63	; 0x3f
10000da4:	48b4      	ldr	r0, [pc, #720]	; (10001078 <alarm_pool_alarm_callback+0x2f8>)
10000da6:	f001 f963 	bl	10002070 <__assert_func>
10000daa:	4bb4      	ldr	r3, [pc, #720]	; (1000107c <alarm_pool_alarm_callback+0x2fc>)
10000dac:	4ab4      	ldr	r2, [pc, #720]	; (10001080 <alarm_pool_alarm_callback+0x300>)
10000dae:	213c      	movs	r1, #60	; 0x3c
10000db0:	48b4      	ldr	r0, [pc, #720]	; (10001084 <alarm_pool_alarm_callback+0x304>)
10000db2:	f001 f95d 	bl	10002070 <__assert_func>
10000db6:	2900      	cmp	r1, #0
10000db8:	d101      	bne.n	10000dbe <alarm_pool_alarm_callback+0x3e>
10000dba:	2800      	cmp	r0, #0
10000dbc:	d169      	bne.n	10000e92 <alarm_pool_alarm_callback+0x112>
10000dbe:	2100      	movs	r1, #0
10000dc0:	4640      	mov	r0, r8
10000dc2:	f000 fe45 	bl	10001a50 <ph_remove_head>
10000dc6:	42a0      	cmp	r0, r4
10000dc8:	d119      	bne.n	10000dfe <alarm_pool_alarm_callback+0x7e>
10000dca:	682a      	ldr	r2, [r5, #0]
10000dcc:	686b      	ldr	r3, [r5, #4]
10000dce:	9206      	str	r2, [sp, #24]
10000dd0:	9307      	str	r3, [sp, #28]
10000dd2:	68ab      	ldr	r3, [r5, #8]
10000dd4:	4698      	mov	r8, r3
10000dd6:	68eb      	ldr	r3, [r5, #12]
10000dd8:	469a      	mov	sl, r3
10000dda:	4643      	mov	r3, r8
10000ddc:	2b00      	cmp	r3, #0
10000dde:	d014      	beq.n	10000e0a <alarm_pool_alarm_callback+0x8a>
10000de0:	2c00      	cmp	r4, #0
10000de2:	d018      	beq.n	10000e16 <alarm_pool_alarm_callback+0x96>
10000de4:	683b      	ldr	r3, [r7, #0]
10000de6:	7b1b      	ldrb	r3, [r3, #12]
10000de8:	429c      	cmp	r4, r3
10000dea:	d814      	bhi.n	10000e16 <alarm_pool_alarm_callback+0x96>
10000dec:	1e63      	subs	r3, r4, #1
10000dee:	68fa      	ldr	r2, [r7, #12]
10000df0:	5cd3      	ldrb	r3, [r2, r3]
10000df2:	9308      	str	r3, [sp, #32]
10000df4:	021b      	lsls	r3, r3, #8
10000df6:	4318      	orrs	r0, r3
10000df8:	6138      	str	r0, [r7, #16]
10000dfa:	2000      	movs	r0, #0
10000dfc:	e015      	b.n	10000e2a <alarm_pool_alarm_callback+0xaa>
10000dfe:	4ba2      	ldr	r3, [pc, #648]	; (10001088 <alarm_pool_alarm_callback+0x308>)
10000e00:	4aa2      	ldr	r2, [pc, #648]	; (1000108c <alarm_pool_alarm_callback+0x30c>)
10000e02:	218e      	movs	r1, #142	; 0x8e
10000e04:	489f      	ldr	r0, [pc, #636]	; (10001084 <alarm_pool_alarm_callback+0x304>)
10000e06:	f001 f933 	bl	10002070 <__assert_func>
10000e0a:	4ba1      	ldr	r3, [pc, #644]	; (10001090 <alarm_pool_alarm_callback+0x310>)
10000e0c:	4a9f      	ldr	r2, [pc, #636]	; (1000108c <alarm_pool_alarm_callback+0x30c>)
10000e0e:	2192      	movs	r1, #146	; 0x92
10000e10:	489c      	ldr	r0, [pc, #624]	; (10001084 <alarm_pool_alarm_callback+0x304>)
10000e12:	f001 f92d 	bl	10002070 <__assert_func>
10000e16:	4b99      	ldr	r3, [pc, #612]	; (1000107c <alarm_pool_alarm_callback+0x2fc>)
10000e18:	4a9e      	ldr	r2, [pc, #632]	; (10001094 <alarm_pool_alarm_callback+0x314>)
10000e1a:	2141      	movs	r1, #65	; 0x41
10000e1c:	4899      	ldr	r0, [pc, #612]	; (10001084 <alarm_pool_alarm_callback+0x304>)
10000e1e:	f001 f927 	bl	10002070 <__assert_func>
10000e22:	2300      	movs	r3, #0
10000e24:	469a      	mov	sl, r3
10000e26:	4698      	mov	r8, r3
10000e28:	2000      	movs	r0, #0
10000e2a:	687b      	ldr	r3, [r7, #4]
10000e2c:	f3bf 8f5f 	dmb	sy
10000e30:	2200      	movs	r2, #0
10000e32:	601a      	str	r2, [r3, #0]
10000e34:	f386 8810 	msr	PRIMASK, r6
10000e38:	4643      	mov	r3, r8
10000e3a:	2b00      	cmp	r3, #0
10000e3c:	d132      	bne.n	10000ea4 <alarm_pool_alarm_callback+0x124>
10000e3e:	2800      	cmp	r0, #0
10000e40:	d100      	bne.n	10000e44 <alarm_pool_alarm_callback+0xc4>
10000e42:	e10c      	b.n	1000105e <alarm_pool_alarm_callback+0x2de>
10000e44:	f000 fb4a 	bl	100014dc <time_us_64>
10000e48:	0002      	movs	r2, r0
10000e4a:	1e0b      	subs	r3, r1, #0
10000e4c:	dba7      	blt.n	10000d9e <alarm_pool_alarm_callback+0x1e>
10000e4e:	2000      	movs	r0, #0
10000e50:	2100      	movs	r1, #0
10000e52:	9006      	str	r0, [sp, #24]
10000e54:	9107      	str	r1, [sp, #28]
10000e56:	6878      	ldr	r0, [r7, #4]
10000e58:	f3ef 8610 	mrs	r6, PRIMASK
10000e5c:	b672      	cpsid	i
10000e5e:	6801      	ldr	r1, [r0, #0]
10000e60:	2900      	cmp	r1, #0
10000e62:	d0fc      	beq.n	10000e5e <alarm_pool_alarm_callback+0xde>
10000e64:	f3bf 8f5f 	dmb	sy
10000e68:	6839      	ldr	r1, [r7, #0]
10000e6a:	4688      	mov	r8, r1
10000e6c:	7b4c      	ldrb	r4, [r1, #13]
10000e6e:	2c00      	cmp	r4, #0
10000e70:	d0d7      	beq.n	10000e22 <alarm_pool_alarm_callback+0xa2>
10000e72:	d09a      	beq.n	10000daa <alarm_pool_alarm_callback+0x2a>
10000e74:	7b09      	ldrb	r1, [r1, #12]
10000e76:	428c      	cmp	r4, r1
10000e78:	d897      	bhi.n	10000daa <alarm_pool_alarm_callback+0x2a>
10000e7a:	4987      	ldr	r1, [pc, #540]	; (10001098 <alarm_pool_alarm_callback+0x318>)
10000e7c:	1865      	adds	r5, r4, r1
10000e7e:	012d      	lsls	r5, r5, #4
10000e80:	68b9      	ldr	r1, [r7, #8]
10000e82:	468c      	mov	ip, r1
10000e84:	4465      	add	r5, ip
10000e86:	6828      	ldr	r0, [r5, #0]
10000e88:	6869      	ldr	r1, [r5, #4]
10000e8a:	1a80      	subs	r0, r0, r2
10000e8c:	4199      	sbcs	r1, r3
10000e8e:	2900      	cmp	r1, #0
10000e90:	dd91      	ble.n	10000db6 <alarm_pool_alarm_callback+0x36>
10000e92:	682a      	ldr	r2, [r5, #0]
10000e94:	686b      	ldr	r3, [r5, #4]
10000e96:	9809      	ldr	r0, [sp, #36]	; 0x24
10000e98:	f000 fbac 	bl	100015f4 <hardware_alarm_set_target>
10000e9c:	2300      	movs	r3, #0
10000e9e:	469a      	mov	sl, r3
10000ea0:	4698      	mov	r8, r3
10000ea2:	e7c2      	b.n	10000e2a <alarm_pool_alarm_callback+0xaa>
10000ea4:	9b08      	ldr	r3, [sp, #32]
10000ea6:	021b      	lsls	r3, r3, #8
10000ea8:	4323      	orrs	r3, r4
10000eaa:	4699      	mov	r9, r3
10000eac:	4651      	mov	r1, sl
10000eae:	0018      	movs	r0, r3
10000eb0:	47c0      	blx	r8
10000eb2:	0005      	movs	r5, r0
10000eb4:	000e      	movs	r6, r1
10000eb6:	687a      	ldr	r2, [r7, #4]
10000eb8:	f3ef 8b10 	mrs	fp, PRIMASK
10000ebc:	b672      	cpsid	i
10000ebe:	6813      	ldr	r3, [r2, #0]
10000ec0:	4259      	negs	r1, r3
10000ec2:	414b      	adcs	r3, r1
10000ec4:	b2d9      	uxtb	r1, r3
10000ec6:	2b00      	cmp	r3, #0
10000ec8:	d1f9      	bne.n	10000ebe <alarm_pool_alarm_callback+0x13e>
10000eca:	f3bf 8f5f 	dmb	sy
10000ece:	2e00      	cmp	r6, #0
10000ed0:	db1e      	blt.n	10000f10 <alarm_pool_alarm_callback+0x190>
10000ed2:	2e00      	cmp	r6, #0
10000ed4:	dd46      	ble.n	10000f64 <alarm_pool_alarm_callback+0x1e4>
10000ed6:	693b      	ldr	r3, [r7, #16]
10000ed8:	2b00      	cmp	r3, #0
10000eda:	d047      	beq.n	10000f6c <alarm_pool_alarm_callback+0x1ec>
10000edc:	454b      	cmp	r3, r9
10000ede:	d16d      	bne.n	10000fbc <alarm_pool_alarm_callback+0x23c>
10000ee0:	f000 fafc 	bl	100014dc <time_us_64>
10000ee4:	0002      	movs	r2, r0
10000ee6:	1e0b      	subs	r3, r1, #0
10000ee8:	db6e      	blt.n	10000fc8 <alarm_pool_alarm_callback+0x248>
10000eea:	1952      	adds	r2, r2, r5
10000eec:	4173      	adcs	r3, r6
10000eee:	2b00      	cmp	r3, #0
10000ef0:	db70      	blt.n	10000fd4 <alarm_pool_alarm_callback+0x254>
10000ef2:	2b00      	cmp	r3, #0
10000ef4:	db72      	blt.n	10000fdc <alarm_pool_alarm_callback+0x25c>
10000ef6:	2100      	movs	r1, #0
10000ef8:	9104      	str	r1, [sp, #16]
10000efa:	3101      	adds	r1, #1
10000efc:	9103      	str	r1, [sp, #12]
10000efe:	9402      	str	r4, [sp, #8]
10000f00:	4651      	mov	r1, sl
10000f02:	9101      	str	r1, [sp, #4]
10000f04:	4641      	mov	r1, r8
10000f06:	9100      	str	r1, [sp, #0]
10000f08:	0038      	movs	r0, r7
10000f0a:	f7ff fe7f 	bl	10000c0c <add_alarm_under_lock>
10000f0e:	e04c      	b.n	10000faa <alarm_pool_alarm_callback+0x22a>
10000f10:	693b      	ldr	r3, [r7, #16]
10000f12:	2b00      	cmp	r3, #0
10000f14:	d0dd      	beq.n	10000ed2 <alarm_pool_alarm_callback+0x152>
10000f16:	454b      	cmp	r3, r9
10000f18:	d114      	bne.n	10000f44 <alarm_pool_alarm_callback+0x1c4>
10000f1a:	9a06      	ldr	r2, [sp, #24]
10000f1c:	9b07      	ldr	r3, [sp, #28]
10000f1e:	1b52      	subs	r2, r2, r5
10000f20:	41b3      	sbcs	r3, r6
10000f22:	2b00      	cmp	r3, #0
10000f24:	db14      	blt.n	10000f50 <alarm_pool_alarm_callback+0x1d0>
10000f26:	2b00      	cmp	r3, #0
10000f28:	db16      	blt.n	10000f58 <alarm_pool_alarm_callback+0x1d8>
10000f2a:	2100      	movs	r1, #0
10000f2c:	9104      	str	r1, [sp, #16]
10000f2e:	3101      	adds	r1, #1
10000f30:	9103      	str	r1, [sp, #12]
10000f32:	9402      	str	r4, [sp, #8]
10000f34:	4651      	mov	r1, sl
10000f36:	9101      	str	r1, [sp, #4]
10000f38:	4641      	mov	r1, r8
10000f3a:	9100      	str	r1, [sp, #0]
10000f3c:	0038      	movs	r0, r7
10000f3e:	f7ff fe65 	bl	10000c0c <add_alarm_under_lock>
10000f42:	e032      	b.n	10000faa <alarm_pool_alarm_callback+0x22a>
10000f44:	4b55      	ldr	r3, [pc, #340]	; (1000109c <alarm_pool_alarm_callback+0x31c>)
10000f46:	4a51      	ldr	r2, [pc, #324]	; (1000108c <alarm_pool_alarm_callback+0x30c>)
10000f48:	21a1      	movs	r1, #161	; 0xa1
10000f4a:	484e      	ldr	r0, [pc, #312]	; (10001084 <alarm_pool_alarm_callback+0x304>)
10000f4c:	f001 f890 	bl	10002070 <__assert_func>
10000f50:	2201      	movs	r2, #1
10000f52:	4252      	negs	r2, r2
10000f54:	4b52      	ldr	r3, [pc, #328]	; (100010a0 <alarm_pool_alarm_callback+0x320>)
10000f56:	e7e6      	b.n	10000f26 <alarm_pool_alarm_callback+0x1a6>
10000f58:	4b45      	ldr	r3, [pc, #276]	; (10001070 <alarm_pool_alarm_callback+0x2f0>)
10000f5a:	4a46      	ldr	r2, [pc, #280]	; (10001074 <alarm_pool_alarm_callback+0x2f4>)
10000f5c:	213f      	movs	r1, #63	; 0x3f
10000f5e:	4846      	ldr	r0, [pc, #280]	; (10001078 <alarm_pool_alarm_callback+0x2f8>)
10000f60:	f001 f886 	bl	10002070 <__assert_func>
10000f64:	2e00      	cmp	r6, #0
10000f66:	d101      	bne.n	10000f6c <alarm_pool_alarm_callback+0x1ec>
10000f68:	2d00      	cmp	r5, #0
10000f6a:	d1b4      	bne.n	10000ed6 <alarm_pool_alarm_callback+0x156>
10000f6c:	683b      	ldr	r3, [r7, #0]
10000f6e:	2c00      	cmp	r4, #0
10000f70:	d050      	beq.n	10001014 <alarm_pool_alarm_callback+0x294>
10000f72:	7b5a      	ldrb	r2, [r3, #13]
10000f74:	4294      	cmp	r4, r2
10000f76:	d137      	bne.n	10000fe8 <alarm_pool_alarm_callback+0x268>
10000f78:	2101      	movs	r1, #1
10000f7a:	2900      	cmp	r1, #0
10000f7c:	d14a      	bne.n	10001014 <alarm_pool_alarm_callback+0x294>
10000f7e:	7bda      	ldrb	r2, [r3, #15]
10000f80:	2a00      	cmp	r2, #0
10000f82:	d14d      	bne.n	10001020 <alarm_pool_alarm_callback+0x2a0>
10000f84:	7b9a      	ldrb	r2, [r3, #14]
10000f86:	2a00      	cmp	r2, #0
10000f88:	d103      	bne.n	10000f92 <alarm_pool_alarm_callback+0x212>
10000f8a:	7bda      	ldrb	r2, [r3, #15]
10000f8c:	2a00      	cmp	r2, #0
10000f8e:	d15a      	bne.n	10001046 <alarm_pool_alarm_callback+0x2c6>
10000f90:	739c      	strb	r4, [r3, #14]
10000f92:	73dc      	strb	r4, [r3, #15]
10000f94:	2c00      	cmp	r4, #0
10000f96:	d05c      	beq.n	10001052 <alarm_pool_alarm_callback+0x2d2>
10000f98:	683b      	ldr	r3, [r7, #0]
10000f9a:	7b1b      	ldrb	r3, [r3, #12]
10000f9c:	429c      	cmp	r4, r3
10000f9e:	d858      	bhi.n	10001052 <alarm_pool_alarm_callback+0x2d2>
10000fa0:	68fa      	ldr	r2, [r7, #12]
10000fa2:	3c01      	subs	r4, #1
10000fa4:	5d13      	ldrb	r3, [r2, r4]
10000fa6:	3301      	adds	r3, #1
10000fa8:	5513      	strb	r3, [r2, r4]
10000faa:	2300      	movs	r3, #0
10000fac:	613b      	str	r3, [r7, #16]
10000fae:	687a      	ldr	r2, [r7, #4]
10000fb0:	f3bf 8f5f 	dmb	sy
10000fb4:	6013      	str	r3, [r2, #0]
10000fb6:	f38b 8810 	msr	PRIMASK, fp
10000fba:	e743      	b.n	10000e44 <alarm_pool_alarm_callback+0xc4>
10000fbc:	4b37      	ldr	r3, [pc, #220]	; (1000109c <alarm_pool_alarm_callback+0x31c>)
10000fbe:	4a33      	ldr	r2, [pc, #204]	; (1000108c <alarm_pool_alarm_callback+0x30c>)
10000fc0:	21a4      	movs	r1, #164	; 0xa4
10000fc2:	4830      	ldr	r0, [pc, #192]	; (10001084 <alarm_pool_alarm_callback+0x304>)
10000fc4:	f001 f854 	bl	10002070 <__assert_func>
10000fc8:	4b29      	ldr	r3, [pc, #164]	; (10001070 <alarm_pool_alarm_callback+0x2f0>)
10000fca:	4a2a      	ldr	r2, [pc, #168]	; (10001074 <alarm_pool_alarm_callback+0x2f4>)
10000fcc:	213f      	movs	r1, #63	; 0x3f
10000fce:	482a      	ldr	r0, [pc, #168]	; (10001078 <alarm_pool_alarm_callback+0x2f8>)
10000fd0:	f001 f84e 	bl	10002070 <__assert_func>
10000fd4:	2201      	movs	r2, #1
10000fd6:	4252      	negs	r2, r2
10000fd8:	4b31      	ldr	r3, [pc, #196]	; (100010a0 <alarm_pool_alarm_callback+0x320>)
10000fda:	e78a      	b.n	10000ef2 <alarm_pool_alarm_callback+0x172>
10000fdc:	4b24      	ldr	r3, [pc, #144]	; (10001070 <alarm_pool_alarm_callback+0x2f0>)
10000fde:	4a25      	ldr	r2, [pc, #148]	; (10001074 <alarm_pool_alarm_callback+0x2f4>)
10000fe0:	213f      	movs	r1, #63	; 0x3f
10000fe2:	4825      	ldr	r0, [pc, #148]	; (10001078 <alarm_pool_alarm_callback+0x2f8>)
10000fe4:	f001 f844 	bl	10002070 <__assert_func>
10000fe8:	2c00      	cmp	r4, #0
10000fea:	d00d      	beq.n	10001008 <alarm_pool_alarm_callback+0x288>
10000fec:	7b1a      	ldrb	r2, [r3, #12]
10000fee:	4294      	cmp	r4, r2
10000ff0:	d80a      	bhi.n	10001008 <alarm_pool_alarm_callback+0x288>
10000ff2:	0062      	lsls	r2, r4, #1
10000ff4:	1912      	adds	r2, r2, r4
10000ff6:	3a03      	subs	r2, #3
10000ff8:	6818      	ldr	r0, [r3, #0]
10000ffa:	4684      	mov	ip, r0
10000ffc:	4462      	add	r2, ip
10000ffe:	7892      	ldrb	r2, [r2, #2]
10001000:	2a00      	cmp	r2, #0
10001002:	d0ba      	beq.n	10000f7a <alarm_pool_alarm_callback+0x1fa>
10001004:	2101      	movs	r1, #1
10001006:	e7b8      	b.n	10000f7a <alarm_pool_alarm_callback+0x1fa>
10001008:	4b26      	ldr	r3, [pc, #152]	; (100010a4 <alarm_pool_alarm_callback+0x324>)
1000100a:	4a27      	ldr	r2, [pc, #156]	; (100010a8 <alarm_pool_alarm_callback+0x328>)
1000100c:	2168      	movs	r1, #104	; 0x68
1000100e:	4827      	ldr	r0, [pc, #156]	; (100010ac <alarm_pool_alarm_callback+0x32c>)
10001010:	f001 f82e 	bl	10002070 <__assert_func>
10001014:	4b26      	ldr	r3, [pc, #152]	; (100010b0 <alarm_pool_alarm_callback+0x330>)
10001016:	4a27      	ldr	r2, [pc, #156]	; (100010b4 <alarm_pool_alarm_callback+0x334>)
10001018:	21f6      	movs	r1, #246	; 0xf6
1000101a:	4824      	ldr	r0, [pc, #144]	; (100010ac <alarm_pool_alarm_callback+0x32c>)
1000101c:	f001 f828 	bl	10002070 <__assert_func>
10001020:	2a00      	cmp	r2, #0
10001022:	d00a      	beq.n	1000103a <alarm_pool_alarm_callback+0x2ba>
10001024:	7b19      	ldrb	r1, [r3, #12]
10001026:	428a      	cmp	r2, r1
10001028:	d807      	bhi.n	1000103a <alarm_pool_alarm_callback+0x2ba>
1000102a:	0051      	lsls	r1, r2, #1
1000102c:	188a      	adds	r2, r1, r2
1000102e:	3a03      	subs	r2, #3
10001030:	6819      	ldr	r1, [r3, #0]
10001032:	468c      	mov	ip, r1
10001034:	4462      	add	r2, ip
10001036:	7054      	strb	r4, [r2, #1]
10001038:	e7a4      	b.n	10000f84 <alarm_pool_alarm_callback+0x204>
1000103a:	4b1a      	ldr	r3, [pc, #104]	; (100010a4 <alarm_pool_alarm_callback+0x324>)
1000103c:	4a1a      	ldr	r2, [pc, #104]	; (100010a8 <alarm_pool_alarm_callback+0x328>)
1000103e:	2168      	movs	r1, #104	; 0x68
10001040:	481a      	ldr	r0, [pc, #104]	; (100010ac <alarm_pool_alarm_callback+0x32c>)
10001042:	f001 f815 	bl	10002070 <__assert_func>
10001046:	4b1c      	ldr	r3, [pc, #112]	; (100010b8 <alarm_pool_alarm_callback+0x338>)
10001048:	4a1a      	ldr	r2, [pc, #104]	; (100010b4 <alarm_pool_alarm_callback+0x334>)
1000104a:	21fb      	movs	r1, #251	; 0xfb
1000104c:	4817      	ldr	r0, [pc, #92]	; (100010ac <alarm_pool_alarm_callback+0x32c>)
1000104e:	f001 f80f 	bl	10002070 <__assert_func>
10001052:	4b0a      	ldr	r3, [pc, #40]	; (1000107c <alarm_pool_alarm_callback+0x2fc>)
10001054:	4a0f      	ldr	r2, [pc, #60]	; (10001094 <alarm_pool_alarm_callback+0x314>)
10001056:	2141      	movs	r1, #65	; 0x41
10001058:	480a      	ldr	r0, [pc, #40]	; (10001084 <alarm_pool_alarm_callback+0x304>)
1000105a:	f001 f809 	bl	10002070 <__assert_func>
1000105e:	b00b      	add	sp, #44	; 0x2c
10001060:	bcf0      	pop	{r4, r5, r6, r7}
10001062:	46bb      	mov	fp, r7
10001064:	46b2      	mov	sl, r6
10001066:	46a9      	mov	r9, r5
10001068:	46a0      	mov	r8, r4
1000106a:	bdf0      	pop	{r4, r5, r6, r7, pc}
1000106c:	200004c0 	.word	0x200004c0
10001070:	100045b4 	.word	0x100045b4
10001074:	100048f4 	.word	0x100048f4
10001078:	100045d0 	.word	0x100045d0
1000107c:	100046f8 	.word	0x100046f8
10001080:	10004928 	.word	0x10004928
10001084:	100046a4 	.word	0x100046a4
10001088:	100047f8 	.word	0x100047f8
1000108c:	1000490c 	.word	0x1000490c
10001090:	10004810 	.word	0x10004810
10001094:	1000494c 	.word	0x1000494c
10001098:	0fffffff 	.word	0x0fffffff
1000109c:	1000481c 	.word	0x1000481c
100010a0:	7fffffff 	.word	0x7fffffff
100010a4:	1000471c 	.word	0x1000471c
100010a8:	10004994 	.word	0x10004994
100010ac:	10004738 	.word	0x10004738
100010b0:	10004858 	.word	0x10004858
100010b4:	10004960 	.word	0x10004960
100010b8:	1000487c 	.word	0x1000487c

100010bc <alarm_pool_init_default>:
100010bc:	b510      	push	{r4, lr}
100010be:	4b0c      	ldr	r3, [pc, #48]	; (100010f0 <alarm_pool_init_default+0x34>)
100010c0:	685b      	ldr	r3, [r3, #4]
100010c2:	2b00      	cmp	r3, #0
100010c4:	d004      	beq.n	100010d0 <alarm_pool_init_default+0x14>
100010c6:	210a      	movs	r1, #10
100010c8:	480a      	ldr	r0, [pc, #40]	; (100010f4 <alarm_pool_init_default+0x38>)
100010ca:	f7ff fc93 	bl	100009f4 <lock_init>
100010ce:	bd10      	pop	{r4, pc}
100010d0:	4c07      	ldr	r4, [pc, #28]	; (100010f0 <alarm_pool_init_default+0x34>)
100010d2:	0023      	movs	r3, r4
100010d4:	4a08      	ldr	r2, [pc, #32]	; (100010f8 <alarm_pool_init_default+0x3c>)
100010d6:	2110      	movs	r1, #16
100010d8:	6820      	ldr	r0, [r4, #0]
100010da:	f000 fbc9 	bl	10001870 <ph_post_alloc_init>
100010de:	2003      	movs	r0, #3
100010e0:	f000 f9f0 	bl	100014c4 <hardware_alarm_claim>
100010e4:	2103      	movs	r1, #3
100010e6:	0020      	movs	r0, r4
100010e8:	f7ff fca8 	bl	10000a3c <alarm_pool_post_alloc_init>
100010ec:	e7eb      	b.n	100010c6 <alarm_pool_init_default+0xa>
100010ee:	46c0      	nop			; (mov r8, r8)
100010f0:	20000290 	.word	0x20000290
100010f4:	200006d4 	.word	0x200006d4
100010f8:	10000aad 	.word	0x10000aad

100010fc <alarm_pool_get_default>:
100010fc:	b510      	push	{r4, lr}
100010fe:	4b06      	ldr	r3, [pc, #24]	; (10001118 <alarm_pool_get_default+0x1c>)
10001100:	685b      	ldr	r3, [r3, #4]
10001102:	2b00      	cmp	r3, #0
10001104:	d001      	beq.n	1000110a <alarm_pool_get_default+0xe>
10001106:	4804      	ldr	r0, [pc, #16]	; (10001118 <alarm_pool_get_default+0x1c>)
10001108:	bd10      	pop	{r4, pc}
1000110a:	4b04      	ldr	r3, [pc, #16]	; (1000111c <alarm_pool_get_default+0x20>)
1000110c:	4a04      	ldr	r2, [pc, #16]	; (10001120 <alarm_pool_get_default+0x24>)
1000110e:	215e      	movs	r1, #94	; 0x5e
10001110:	4804      	ldr	r0, [pc, #16]	; (10001124 <alarm_pool_get_default+0x28>)
10001112:	f000 ffad 	bl	10002070 <__assert_func>
10001116:	46c0      	nop			; (mov r8, r8)
10001118:	20000290 	.word	0x20000290
1000111c:	10004890 	.word	0x10004890
10001120:	10004934 	.word	0x10004934
10001124:	100046a4 	.word	0x100046a4

10001128 <alarm_pool_add_alarm_at>:
10001128:	b5f0      	push	{r4, r5, r6, r7, lr}
1000112a:	46de      	mov	lr, fp
1000112c:	4657      	mov	r7, sl
1000112e:	464e      	mov	r6, r9
10001130:	4645      	mov	r5, r8
10001132:	b5e0      	push	{r5, r6, r7, lr}
10001134:	b08b      	sub	sp, #44	; 0x2c
10001136:	4680      	mov	r8, r0
10001138:	0016      	movs	r6, r2
1000113a:	001f      	movs	r7, r3
1000113c:	9b14      	ldr	r3, [sp, #80]	; 0x50
1000113e:	469a      	mov	sl, r3
10001140:	9b15      	ldr	r3, [sp, #84]	; 0x54
10001142:	4699      	mov	r9, r3
10001144:	ab16      	add	r3, sp, #88	; 0x58
10001146:	781b      	ldrb	r3, [r3, #0]
10001148:	469b      	mov	fp, r3
1000114a:	231f      	movs	r3, #31
1000114c:	aa02      	add	r2, sp, #8
1000114e:	4694      	mov	ip, r2
10001150:	4463      	add	r3, ip
10001152:	2200      	movs	r2, #0
10001154:	701a      	strb	r2, [r3, #0]
10001156:	e02b      	b.n	100011b0 <alarm_pool_add_alarm_at+0x88>
10001158:	2800      	cmp	r0, #0
1000115a:	d009      	beq.n	10001170 <alarm_pool_add_alarm_at+0x48>
1000115c:	4642      	mov	r2, r8
1000115e:	6812      	ldr	r2, [r2, #0]
10001160:	7b12      	ldrb	r2, [r2, #12]
10001162:	4290      	cmp	r0, r2
10001164:	d804      	bhi.n	10001170 <alarm_pool_add_alarm_at+0x48>
10001166:	1e42      	subs	r2, r0, #1
10001168:	4641      	mov	r1, r8
1000116a:	68c9      	ldr	r1, [r1, #12]
1000116c:	5c8a      	ldrb	r2, [r1, r2]
1000116e:	e041      	b.n	100011f4 <alarm_pool_add_alarm_at+0xcc>
10001170:	4b40      	ldr	r3, [pc, #256]	; (10001274 <alarm_pool_add_alarm_at+0x14c>)
10001172:	4a41      	ldr	r2, [pc, #260]	; (10001278 <alarm_pool_add_alarm_at+0x150>)
10001174:	2141      	movs	r1, #65	; 0x41
10001176:	4841      	ldr	r0, [pc, #260]	; (1000127c <alarm_pool_add_alarm_at+0x154>)
10001178:	f000 ff7a 	bl	10002070 <__assert_func>
1000117c:	9807      	ldr	r0, [sp, #28]
1000117e:	e04c      	b.n	1000121a <alarm_pool_add_alarm_at+0xf2>
10001180:	1b36      	subs	r6, r6, r4
10001182:	41af      	sbcs	r7, r5
10001184:	2f00      	cmp	r7, #0
10001186:	db07      	blt.n	10001198 <alarm_pool_add_alarm_at+0x70>
10001188:	2f00      	cmp	r7, #0
1000118a:	da11      	bge.n	100011b0 <alarm_pool_add_alarm_at+0x88>
1000118c:	4b3c      	ldr	r3, [pc, #240]	; (10001280 <alarm_pool_add_alarm_at+0x158>)
1000118e:	4a3d      	ldr	r2, [pc, #244]	; (10001284 <alarm_pool_add_alarm_at+0x15c>)
10001190:	213f      	movs	r1, #63	; 0x3f
10001192:	483d      	ldr	r0, [pc, #244]	; (10001288 <alarm_pool_add_alarm_at+0x160>)
10001194:	f000 ff6c 	bl	10002070 <__assert_func>
10001198:	2601      	movs	r6, #1
1000119a:	4276      	negs	r6, r6
1000119c:	4f3b      	ldr	r7, [pc, #236]	; (1000128c <alarm_pool_add_alarm_at+0x164>)
1000119e:	e7f3      	b.n	10001188 <alarm_pool_add_alarm_at+0x60>
100011a0:	4b37      	ldr	r3, [pc, #220]	; (10001280 <alarm_pool_add_alarm_at+0x158>)
100011a2:	4a38      	ldr	r2, [pc, #224]	; (10001284 <alarm_pool_add_alarm_at+0x15c>)
100011a4:	213f      	movs	r1, #63	; 0x3f
100011a6:	4838      	ldr	r0, [pc, #224]	; (10001288 <alarm_pool_add_alarm_at+0x160>)
100011a8:	f000 ff62 	bl	10002070 <__assert_func>
100011ac:	2f00      	cmp	r7, #0
100011ae:	db4f      	blt.n	10001250 <alarm_pool_add_alarm_at+0x128>
100011b0:	4643      	mov	r3, r8
100011b2:	685a      	ldr	r2, [r3, #4]
100011b4:	f3ef 8410 	mrs	r4, PRIMASK
100011b8:	b672      	cpsid	i
100011ba:	6813      	ldr	r3, [r2, #0]
100011bc:	4259      	negs	r1, r3
100011be:	414b      	adcs	r3, r1
100011c0:	b2d9      	uxtb	r1, r3
100011c2:	9107      	str	r1, [sp, #28]
100011c4:	2b00      	cmp	r3, #0
100011c6:	d1f8      	bne.n	100011ba <alarm_pool_add_alarm_at+0x92>
100011c8:	f3bf 8f5f 	dmb	sy
100011cc:	331f      	adds	r3, #31
100011ce:	aa02      	add	r2, sp, #8
100011d0:	4694      	mov	ip, r2
100011d2:	4463      	add	r3, ip
100011d4:	9304      	str	r3, [sp, #16]
100011d6:	2300      	movs	r3, #0
100011d8:	9303      	str	r3, [sp, #12]
100011da:	9302      	str	r3, [sp, #8]
100011dc:	464b      	mov	r3, r9
100011de:	9301      	str	r3, [sp, #4]
100011e0:	4653      	mov	r3, sl
100011e2:	9300      	str	r3, [sp, #0]
100011e4:	0032      	movs	r2, r6
100011e6:	003b      	movs	r3, r7
100011e8:	4640      	mov	r0, r8
100011ea:	f7ff fd0f 	bl	10000c0c <add_alarm_under_lock>
100011ee:	1e03      	subs	r3, r0, #0
100011f0:	d1b2      	bne.n	10001158 <alarm_pool_add_alarm_at+0x30>
100011f2:	0002      	movs	r2, r0
100011f4:	4641      	mov	r1, r8
100011f6:	6849      	ldr	r1, [r1, #4]
100011f8:	f3bf 8f5f 	dmb	sy
100011fc:	2500      	movs	r5, #0
100011fe:	600d      	str	r5, [r1, #0]
10001200:	f384 8810 	msr	PRIMASK, r4
10001204:	2b00      	cmp	r3, #0
10001206:	d029      	beq.n	1000125c <alarm_pool_add_alarm_at+0x134>
10001208:	231f      	movs	r3, #31
1000120a:	a902      	add	r1, sp, #8
1000120c:	468c      	mov	ip, r1
1000120e:	4463      	add	r3, ip
10001210:	781b      	ldrb	r3, [r3, #0]
10001212:	2b00      	cmp	r3, #0
10001214:	d1b2      	bne.n	1000117c <alarm_pool_add_alarm_at+0x54>
10001216:	0212      	lsls	r2, r2, #8
10001218:	4310      	orrs	r0, r2
1000121a:	2b00      	cmp	r3, #0
1000121c:	d020      	beq.n	10001260 <alarm_pool_add_alarm_at+0x138>
1000121e:	465b      	mov	r3, fp
10001220:	2b00      	cmp	r3, #0
10001222:	d01d      	beq.n	10001260 <alarm_pool_add_alarm_at+0x138>
10001224:	4649      	mov	r1, r9
10001226:	47d0      	blx	sl
10001228:	0004      	movs	r4, r0
1000122a:	000d      	movs	r5, r1
1000122c:	0003      	movs	r3, r0
1000122e:	430b      	orrs	r3, r1
10001230:	d01d      	beq.n	1000126e <alarm_pool_add_alarm_at+0x146>
10001232:	2900      	cmp	r1, #0
10001234:	dba4      	blt.n	10001180 <alarm_pool_add_alarm_at+0x58>
10001236:	f000 f951 	bl	100014dc <time_us_64>
1000123a:	0006      	movs	r6, r0
1000123c:	1e0f      	subs	r7, r1, #0
1000123e:	dbaf      	blt.n	100011a0 <alarm_pool_add_alarm_at+0x78>
10001240:	1936      	adds	r6, r6, r4
10001242:	416f      	adcs	r7, r5
10001244:	2f00      	cmp	r7, #0
10001246:	dab1      	bge.n	100011ac <alarm_pool_add_alarm_at+0x84>
10001248:	2601      	movs	r6, #1
1000124a:	4276      	negs	r6, r6
1000124c:	4f0f      	ldr	r7, [pc, #60]	; (1000128c <alarm_pool_add_alarm_at+0x164>)
1000124e:	e7ad      	b.n	100011ac <alarm_pool_add_alarm_at+0x84>
10001250:	4b0b      	ldr	r3, [pc, #44]	; (10001280 <alarm_pool_add_alarm_at+0x158>)
10001252:	4a0c      	ldr	r2, [pc, #48]	; (10001284 <alarm_pool_add_alarm_at+0x15c>)
10001254:	213f      	movs	r1, #63	; 0x3f
10001256:	480c      	ldr	r0, [pc, #48]	; (10001288 <alarm_pool_add_alarm_at+0x160>)
10001258:	f000 ff0a 	bl	10002070 <__assert_func>
1000125c:	2001      	movs	r0, #1
1000125e:	4240      	negs	r0, r0
10001260:	b00b      	add	sp, #44	; 0x2c
10001262:	bcf0      	pop	{r4, r5, r6, r7}
10001264:	46bb      	mov	fp, r7
10001266:	46b2      	mov	sl, r6
10001268:	46a9      	mov	r9, r5
1000126a:	46a0      	mov	r8, r4
1000126c:	bdf0      	pop	{r4, r5, r6, r7, pc}
1000126e:	9807      	ldr	r0, [sp, #28]
10001270:	e7f6      	b.n	10001260 <alarm_pool_add_alarm_at+0x138>
10001272:	46c0      	nop			; (mov r8, r8)
10001274:	100046f8 	.word	0x100046f8
10001278:	1000494c 	.word	0x1000494c
1000127c:	100046a4 	.word	0x100046a4
10001280:	100045b4 	.word	0x100045b4
10001284:	100048f4 	.word	0x100048f4
10001288:	100045d0 	.word	0x100045d0
1000128c:	7fffffff 	.word	0x7fffffff

10001290 <alarm_pool_cancel_alarm>:
10001290:	b5f8      	push	{r3, r4, r5, r6, r7, lr}
10001292:	0004      	movs	r4, r0
10001294:	2900      	cmp	r1, #0
10001296:	d100      	bne.n	1000129a <alarm_pool_cancel_alarm+0xa>
10001298:	e062      	b.n	10001360 <alarm_pool_cancel_alarm+0xd0>
1000129a:	6842      	ldr	r2, [r0, #4]
1000129c:	f3ef 8510 	mrs	r5, PRIMASK
100012a0:	b672      	cpsid	i
100012a2:	6813      	ldr	r3, [r2, #0]
100012a4:	4258      	negs	r0, r3
100012a6:	4143      	adcs	r3, r0
100012a8:	b2d8      	uxtb	r0, r3
100012aa:	2b00      	cmp	r3, #0
100012ac:	d1f9      	bne.n	100012a2 <alarm_pool_cancel_alarm+0x12>
100012ae:	f3bf 8f5f 	dmb	sy
100012b2:	b2cb      	uxtb	r3, r1
100012b4:	6822      	ldr	r2, [r4, #0]
100012b6:	7b56      	ldrb	r6, [r2, #13]
100012b8:	42b3      	cmp	r3, r6
100012ba:	d11b      	bne.n	100012f4 <alarm_pool_cancel_alarm+0x64>
100012bc:	2001      	movs	r0, #1
100012be:	2800      	cmp	r0, #0
100012c0:	d048      	beq.n	10001354 <alarm_pool_cancel_alarm+0xc4>
100012c2:	6920      	ldr	r0, [r4, #16]
100012c4:	4288      	cmp	r0, r1
100012c6:	d02b      	beq.n	10001320 <alarm_pool_cancel_alarm+0x90>
100012c8:	0a09      	lsrs	r1, r1, #8
100012ca:	b2c9      	uxtb	r1, r1
100012cc:	2b00      	cmp	r3, #0
100012ce:	d02e      	beq.n	1000132e <alarm_pool_cancel_alarm+0x9e>
100012d0:	6820      	ldr	r0, [r4, #0]
100012d2:	7b00      	ldrb	r0, [r0, #12]
100012d4:	4283      	cmp	r3, r0
100012d6:	d82a      	bhi.n	1000132e <alarm_pool_cancel_alarm+0x9e>
100012d8:	1e58      	subs	r0, r3, #1
100012da:	68e6      	ldr	r6, [r4, #12]
100012dc:	5c30      	ldrb	r0, [r6, r0]
100012de:	4288      	cmp	r0, r1
100012e0:	d02b      	beq.n	1000133a <alarm_pool_cancel_alarm+0xaa>
100012e2:	2000      	movs	r0, #0
100012e4:	6863      	ldr	r3, [r4, #4]
100012e6:	f3bf 8f5f 	dmb	sy
100012ea:	2200      	movs	r2, #0
100012ec:	601a      	str	r2, [r3, #0]
100012ee:	f385 8810 	msr	PRIMASK, r5
100012f2:	bdf8      	pop	{r3, r4, r5, r6, r7, pc}
100012f4:	2b00      	cmp	r3, #0
100012f6:	d00d      	beq.n	10001314 <alarm_pool_cancel_alarm+0x84>
100012f8:	7b16      	ldrb	r6, [r2, #12]
100012fa:	42b3      	cmp	r3, r6
100012fc:	d80a      	bhi.n	10001314 <alarm_pool_cancel_alarm+0x84>
100012fe:	005e      	lsls	r6, r3, #1
10001300:	18f6      	adds	r6, r6, r3
10001302:	3e03      	subs	r6, #3
10001304:	6817      	ldr	r7, [r2, #0]
10001306:	46bc      	mov	ip, r7
10001308:	4466      	add	r6, ip
1000130a:	78b6      	ldrb	r6, [r6, #2]
1000130c:	2e00      	cmp	r6, #0
1000130e:	d0d6      	beq.n	100012be <alarm_pool_cancel_alarm+0x2e>
10001310:	2001      	movs	r0, #1
10001312:	e7d4      	b.n	100012be <alarm_pool_cancel_alarm+0x2e>
10001314:	4b13      	ldr	r3, [pc, #76]	; (10001364 <alarm_pool_cancel_alarm+0xd4>)
10001316:	4a14      	ldr	r2, [pc, #80]	; (10001368 <alarm_pool_cancel_alarm+0xd8>)
10001318:	2168      	movs	r1, #104	; 0x68
1000131a:	4814      	ldr	r0, [pc, #80]	; (1000136c <alarm_pool_cancel_alarm+0xdc>)
1000131c:	f000 fea8 	bl	10002070 <__assert_func>
10001320:	212c      	movs	r1, #44	; 0x2c
10001322:	4b13      	ldr	r3, [pc, #76]	; (10001370 <alarm_pool_cancel_alarm+0xe0>)
10001324:	4a13      	ldr	r2, [pc, #76]	; (10001374 <alarm_pool_cancel_alarm+0xe4>)
10001326:	31ff      	adds	r1, #255	; 0xff
10001328:	4813      	ldr	r0, [pc, #76]	; (10001378 <alarm_pool_cancel_alarm+0xe8>)
1000132a:	f000 fea1 	bl	10002070 <__assert_func>
1000132e:	4b13      	ldr	r3, [pc, #76]	; (1000137c <alarm_pool_cancel_alarm+0xec>)
10001330:	4a13      	ldr	r2, [pc, #76]	; (10001380 <alarm_pool_cancel_alarm+0xf0>)
10001332:	2141      	movs	r1, #65	; 0x41
10001334:	4810      	ldr	r0, [pc, #64]	; (10001378 <alarm_pool_cancel_alarm+0xe8>)
10001336:	f000 fe9b 	bl	10002070 <__assert_func>
1000133a:	0019      	movs	r1, r3
1000133c:	0010      	movs	r0, r2
1000133e:	f000 fb91 	bl	10001a64 <ph_remove_and_free_node>
10001342:	2800      	cmp	r0, #0
10001344:	d1ce      	bne.n	100012e4 <alarm_pool_cancel_alarm+0x54>
10001346:	2199      	movs	r1, #153	; 0x99
10001348:	4b0e      	ldr	r3, [pc, #56]	; (10001384 <alarm_pool_cancel_alarm+0xf4>)
1000134a:	4a0a      	ldr	r2, [pc, #40]	; (10001374 <alarm_pool_cancel_alarm+0xe4>)
1000134c:	0049      	lsls	r1, r1, #1
1000134e:	480a      	ldr	r0, [pc, #40]	; (10001378 <alarm_pool_cancel_alarm+0xe8>)
10001350:	f000 fe8e 	bl	10002070 <__assert_func>
10001354:	6923      	ldr	r3, [r4, #16]
10001356:	428b      	cmp	r3, r1
10001358:	d1c4      	bne.n	100012e4 <alarm_pool_cancel_alarm+0x54>
1000135a:	2300      	movs	r3, #0
1000135c:	6123      	str	r3, [r4, #16]
1000135e:	e7c1      	b.n	100012e4 <alarm_pool_cancel_alarm+0x54>
10001360:	2000      	movs	r0, #0
10001362:	e7c6      	b.n	100012f2 <alarm_pool_cancel_alarm+0x62>
10001364:	1000471c 	.word	0x1000471c
10001368:	10004994 	.word	0x10004994
1000136c:	10004738 	.word	0x10004738
10001370:	100048b4 	.word	0x100048b4
10001374:	100048dc 	.word	0x100048dc
10001378:	100046a4 	.word	0x100046a4
1000137c:	100046f8 	.word	0x100046f8
10001380:	1000494c 	.word	0x1000494c
10001384:	100048d8 	.word	0x100048d8

10001388 <best_effort_wfe_or_timeout>:
10001388:	b570      	push	{r4, r5, r6, lr}
1000138a:	b084      	sub	sp, #16
1000138c:	0005      	movs	r5, r0
1000138e:	000c      	movs	r4, r1
10001390:	f3ef 8305 	mrs	r3, IPSR
10001394:	2b00      	cmp	r3, #0
10001396:	d11e      	bne.n	100013d6 <best_effort_wfe_or_timeout+0x4e>
10001398:	f7ff feb0 	bl	100010fc <alarm_pool_get_default>
1000139c:	2300      	movs	r3, #0
1000139e:	9302      	str	r3, [sp, #8]
100013a0:	9301      	str	r3, [sp, #4]
100013a2:	4b22      	ldr	r3, [pc, #136]	; (1000142c <best_effort_wfe_or_timeout+0xa4>)
100013a4:	9300      	str	r3, [sp, #0]
100013a6:	002a      	movs	r2, r5
100013a8:	0023      	movs	r3, r4
100013aa:	f7ff febd 	bl	10001128 <alarm_pool_add_alarm_at>
100013ae:	1e06      	subs	r6, r0, #0
100013b0:	dd23      	ble.n	100013fa <best_effort_wfe_or_timeout+0x72>
100013b2:	bf20      	wfe
100013b4:	f7ff fea2 	bl	100010fc <alarm_pool_get_default>
100013b8:	0031      	movs	r1, r6
100013ba:	f7ff ff69 	bl	10001290 <alarm_pool_cancel_alarm>
100013be:	4b1c      	ldr	r3, [pc, #112]	; (10001430 <best_effort_wfe_or_timeout+0xa8>)
100013c0:	6a5b      	ldr	r3, [r3, #36]	; 0x24
100013c2:	429c      	cmp	r4, r3
100013c4:	d82d      	bhi.n	10001422 <best_effort_wfe_or_timeout+0x9a>
100013c6:	4a1a      	ldr	r2, [pc, #104]	; (10001430 <best_effort_wfe_or_timeout+0xa8>)
100013c8:	6a92      	ldr	r2, [r2, #40]	; 0x28
100013ca:	42aa      	cmp	r2, r5
100013cc:	d22c      	bcs.n	10001428 <best_effort_wfe_or_timeout+0xa0>
100013ce:	429c      	cmp	r4, r3
100013d0:	d025      	beq.n	1000141e <best_effort_wfe_or_timeout+0x96>
100013d2:	2001      	movs	r0, #1
100013d4:	e026      	b.n	10001424 <best_effort_wfe_or_timeout+0x9c>
100013d6:	4b16      	ldr	r3, [pc, #88]	; (10001430 <best_effort_wfe_or_timeout+0xa8>)
100013d8:	6a5b      	ldr	r3, [r3, #36]	; 0x24
100013da:	4299      	cmp	r1, r3
100013dc:	d809      	bhi.n	100013f2 <best_effort_wfe_or_timeout+0x6a>
100013de:	4a14      	ldr	r2, [pc, #80]	; (10001430 <best_effort_wfe_or_timeout+0xa8>)
100013e0:	6a92      	ldr	r2, [r2, #40]	; 0x28
100013e2:	4282      	cmp	r2, r0
100013e4:	d207      	bcs.n	100013f6 <best_effort_wfe_or_timeout+0x6e>
100013e6:	4299      	cmp	r1, r3
100013e8:	d001      	beq.n	100013ee <best_effort_wfe_or_timeout+0x66>
100013ea:	2001      	movs	r0, #1
100013ec:	e01a      	b.n	10001424 <best_effort_wfe_or_timeout+0x9c>
100013ee:	2000      	movs	r0, #0
100013f0:	e018      	b.n	10001424 <best_effort_wfe_or_timeout+0x9c>
100013f2:	2000      	movs	r0, #0
100013f4:	e016      	b.n	10001424 <best_effort_wfe_or_timeout+0x9c>
100013f6:	2001      	movs	r0, #1
100013f8:	e014      	b.n	10001424 <best_effort_wfe_or_timeout+0x9c>
100013fa:	4b0d      	ldr	r3, [pc, #52]	; (10001430 <best_effort_wfe_or_timeout+0xa8>)
100013fc:	6a5b      	ldr	r3, [r3, #36]	; 0x24
100013fe:	429c      	cmp	r4, r3
10001400:	d809      	bhi.n	10001416 <best_effort_wfe_or_timeout+0x8e>
10001402:	4a0b      	ldr	r2, [pc, #44]	; (10001430 <best_effort_wfe_or_timeout+0xa8>)
10001404:	6a92      	ldr	r2, [r2, #40]	; 0x28
10001406:	42aa      	cmp	r2, r5
10001408:	d207      	bcs.n	1000141a <best_effort_wfe_or_timeout+0x92>
1000140a:	429c      	cmp	r4, r3
1000140c:	d001      	beq.n	10001412 <best_effort_wfe_or_timeout+0x8a>
1000140e:	2001      	movs	r0, #1
10001410:	e008      	b.n	10001424 <best_effort_wfe_or_timeout+0x9c>
10001412:	2000      	movs	r0, #0
10001414:	e006      	b.n	10001424 <best_effort_wfe_or_timeout+0x9c>
10001416:	2000      	movs	r0, #0
10001418:	e004      	b.n	10001424 <best_effort_wfe_or_timeout+0x9c>
1000141a:	2001      	movs	r0, #1
1000141c:	e002      	b.n	10001424 <best_effort_wfe_or_timeout+0x9c>
1000141e:	2000      	movs	r0, #0
10001420:	e000      	b.n	10001424 <best_effort_wfe_or_timeout+0x9c>
10001422:	2000      	movs	r0, #0
10001424:	b004      	add	sp, #16
10001426:	bd70      	pop	{r4, r5, r6, pc}
10001428:	2001      	movs	r0, #1
1000142a:	e7fb      	b.n	10001424 <best_effort_wfe_or_timeout+0x9c>
1000142c:	10000a7d 	.word	0x10000a7d
10001430:	40054000 	.word	0x40054000

10001434 <hardware_alarm_irq_handler>:
10001434:	b570      	push	{r4, r5, r6, lr}
10001436:	f3ef 8005 	mrs	r0, IPSR
1000143a:	3810      	subs	r0, #16
1000143c:	f3ef 8c10 	mrs	ip, PRIMASK
10001440:	b672      	cpsid	i
10001442:	4b1a      	ldr	r3, [pc, #104]	; (100014ac <hardware_alarm_irq_handler+0x78>)
10001444:	681b      	ldr	r3, [r3, #0]
10001446:	2b00      	cmp	r3, #0
10001448:	d0fb      	beq.n	10001442 <hardware_alarm_irq_handler+0xe>
1000144a:	f3bf 8f5f 	dmb	sy
1000144e:	2201      	movs	r2, #1
10001450:	0013      	movs	r3, r2
10001452:	4083      	lsls	r3, r0
10001454:	4916      	ldr	r1, [pc, #88]	; (100014b0 <hardware_alarm_irq_handler+0x7c>)
10001456:	634b      	str	r3, [r1, #52]	; 0x34
10001458:	4916      	ldr	r1, [pc, #88]	; (100014b4 <hardware_alarm_irq_handler+0x80>)
1000145a:	600b      	str	r3, [r1, #0]
1000145c:	4916      	ldr	r1, [pc, #88]	; (100014b8 <hardware_alarm_irq_handler+0x84>)
1000145e:	7809      	ldrb	r1, [r1, #0]
10001460:	000c      	movs	r4, r1
10001462:	40c4      	lsrs	r4, r0
10001464:	4222      	tst	r2, r4
10001466:	d014      	beq.n	10001492 <hardware_alarm_irq_handler+0x5e>
10001468:	4a11      	ldr	r2, [pc, #68]	; (100014b0 <hardware_alarm_irq_handler+0x7c>)
1000146a:	6a54      	ldr	r4, [r2, #36]	; 0x24
1000146c:	0082      	lsls	r2, r0, #2
1000146e:	4d13      	ldr	r5, [pc, #76]	; (100014bc <hardware_alarm_irq_handler+0x88>)
10001470:	5952      	ldr	r2, [r2, r5]
10001472:	4294      	cmp	r4, r2
10001474:	d306      	bcc.n	10001484 <hardware_alarm_irq_handler+0x50>
10001476:	0082      	lsls	r2, r0, #2
10001478:	4c11      	ldr	r4, [pc, #68]	; (100014c0 <hardware_alarm_irq_handler+0x8c>)
1000147a:	5912      	ldr	r2, [r2, r4]
1000147c:	4399      	bics	r1, r3
1000147e:	4b0e      	ldr	r3, [pc, #56]	; (100014b8 <hardware_alarm_irq_handler+0x84>)
10001480:	7019      	strb	r1, [r3, #0]
10001482:	e007      	b.n	10001494 <hardware_alarm_irq_handler+0x60>
10001484:	4a0a      	ldr	r2, [pc, #40]	; (100014b0 <hardware_alarm_irq_handler+0x7c>)
10001486:	1d03      	adds	r3, r0, #4
10001488:	009b      	lsls	r3, r3, #2
1000148a:	5899      	ldr	r1, [r3, r2]
1000148c:	5099      	str	r1, [r3, r2]
1000148e:	2200      	movs	r2, #0
10001490:	e000      	b.n	10001494 <hardware_alarm_irq_handler+0x60>
10001492:	2200      	movs	r2, #0
10001494:	f3bf 8f5f 	dmb	sy
10001498:	4b04      	ldr	r3, [pc, #16]	; (100014ac <hardware_alarm_irq_handler+0x78>)
1000149a:	2100      	movs	r1, #0
1000149c:	6019      	str	r1, [r3, #0]
1000149e:	f38c 8810 	msr	PRIMASK, ip
100014a2:	2a00      	cmp	r2, #0
100014a4:	d000      	beq.n	100014a8 <hardware_alarm_irq_handler+0x74>
100014a6:	4790      	blx	r2
100014a8:	bd70      	pop	{r4, r5, r6, pc}
100014aa:	46c0      	nop			; (mov r8, r8)
100014ac:	d0000128 	.word	0xd0000128
100014b0:	40054000 	.word	0x40054000
100014b4:	4005703c 	.word	0x4005703c
100014b8:	200006f4 	.word	0x200006f4
100014bc:	200006d8 	.word	0x200006d8
100014c0:	20000434 	.word	0x20000434

100014c4 <hardware_alarm_claim>:
100014c4:	b510      	push	{r4, lr}
100014c6:	0001      	movs	r1, r0
100014c8:	4a02      	ldr	r2, [pc, #8]	; (100014d4 <hardware_alarm_claim+0x10>)
100014ca:	4803      	ldr	r0, [pc, #12]	; (100014d8 <hardware_alarm_claim+0x14>)
100014cc:	f7ff f828 	bl	10000520 <hw_claim_or_assert>
100014d0:	bd10      	pop	{r4, pc}
100014d2:	46c0      	nop			; (mov r8, r8)
100014d4:	100049b8 	.word	0x100049b8
100014d8:	200006f2 	.word	0x200006f2

100014dc <time_us_64>:
100014dc:	4b04      	ldr	r3, [pc, #16]	; (100014f0 <time_us_64+0x14>)
100014de:	6a5b      	ldr	r3, [r3, #36]	; 0x24
100014e0:	4a03      	ldr	r2, [pc, #12]	; (100014f0 <time_us_64+0x14>)
100014e2:	6a90      	ldr	r0, [r2, #40]	; 0x28
100014e4:	0019      	movs	r1, r3
100014e6:	6a53      	ldr	r3, [r2, #36]	; 0x24
100014e8:	4299      	cmp	r1, r3
100014ea:	d1f9      	bne.n	100014e0 <time_us_64+0x4>
100014ec:	4770      	bx	lr
100014ee:	46c0      	nop			; (mov r8, r8)
100014f0:	40054000 	.word	0x40054000

100014f4 <busy_wait_until>:
100014f4:	4b08      	ldr	r3, [pc, #32]	; (10001518 <busy_wait_until+0x24>)
100014f6:	6a5b      	ldr	r3, [r3, #36]	; 0x24
100014f8:	e001      	b.n	100014fe <busy_wait_until+0xa>
100014fa:	4b07      	ldr	r3, [pc, #28]	; (10001518 <busy_wait_until+0x24>)
100014fc:	6a5b      	ldr	r3, [r3, #36]	; 0x24
100014fe:	428b      	cmp	r3, r1
10001500:	d3fb      	bcc.n	100014fa <busy_wait_until+0x6>
10001502:	e001      	b.n	10001508 <busy_wait_until+0x14>
10001504:	4b04      	ldr	r3, [pc, #16]	; (10001518 <busy_wait_until+0x24>)
10001506:	6a5b      	ldr	r3, [r3, #36]	; 0x24
10001508:	428b      	cmp	r3, r1
1000150a:	d103      	bne.n	10001514 <busy_wait_until+0x20>
1000150c:	4b02      	ldr	r3, [pc, #8]	; (10001518 <busy_wait_until+0x24>)
1000150e:	6a9b      	ldr	r3, [r3, #40]	; 0x28
10001510:	4283      	cmp	r3, r0
10001512:	d3f7      	bcc.n	10001504 <busy_wait_until+0x10>
10001514:	4770      	bx	lr
10001516:	46c0      	nop			; (mov r8, r8)
10001518:	40054000 	.word	0x40054000

1000151c <busy_wait_us>:
1000151c:	b570      	push	{r4, r5, r6, lr}
1000151e:	0004      	movs	r4, r0
10001520:	000d      	movs	r5, r1
10001522:	f7ff ffdb 	bl	100014dc <time_us_64>
10001526:	0002      	movs	r2, r0
10001528:	000b      	movs	r3, r1
1000152a:	0020      	movs	r0, r4
1000152c:	0029      	movs	r1, r5
1000152e:	1880      	adds	r0, r0, r2
10001530:	4159      	adcs	r1, r3
10001532:	428b      	cmp	r3, r1
10001534:	d802      	bhi.n	1000153c <busy_wait_us+0x20>
10001536:	d104      	bne.n	10001542 <busy_wait_us+0x26>
10001538:	4282      	cmp	r2, r0
1000153a:	d902      	bls.n	10001542 <busy_wait_us+0x26>
1000153c:	2001      	movs	r0, #1
1000153e:	4240      	negs	r0, r0
10001540:	17c1      	asrs	r1, r0, #31
10001542:	2900      	cmp	r1, #0
10001544:	db02      	blt.n	1000154c <busy_wait_us+0x30>
10001546:	f7ff ffd5 	bl	100014f4 <busy_wait_until>
1000154a:	bd70      	pop	{r4, r5, r6, pc}
1000154c:	4b02      	ldr	r3, [pc, #8]	; (10001558 <busy_wait_us+0x3c>)
1000154e:	4a03      	ldr	r2, [pc, #12]	; (1000155c <busy_wait_us+0x40>)
10001550:	213f      	movs	r1, #63	; 0x3f
10001552:	4803      	ldr	r0, [pc, #12]	; (10001560 <busy_wait_us+0x44>)
10001554:	f000 fd8c 	bl	10002070 <__assert_func>
10001558:	100045b4 	.word	0x100045b4
1000155c:	10004a7c 	.word	0x10004a7c
10001560:	100045d0 	.word	0x100045d0

10001564 <hardware_alarm_set_callback>:
10001564:	b570      	push	{r4, r5, r6, lr}
10001566:	0004      	movs	r4, r0
10001568:	000d      	movs	r5, r1
1000156a:	f3ef 8610 	mrs	r6, PRIMASK
1000156e:	b672      	cpsid	i
10001570:	4b1b      	ldr	r3, [pc, #108]	; (100015e0 <hardware_alarm_set_callback+0x7c>)
10001572:	681b      	ldr	r3, [r3, #0]
10001574:	2b00      	cmp	r3, #0
10001576:	d0fb      	beq.n	10001570 <hardware_alarm_set_callback+0xc>
10001578:	f3bf 8f5f 	dmb	sy
1000157c:	2d00      	cmp	r5, #0
1000157e:	d01c      	beq.n	100015ba <hardware_alarm_set_callback+0x56>
10001580:	0020      	movs	r0, r4
10001582:	f7ff f8a9 	bl	100006d8 <irq_get_vtable_handler>
10001586:	4b17      	ldr	r3, [pc, #92]	; (100015e4 <hardware_alarm_set_callback+0x80>)
10001588:	4283      	cmp	r3, r0
1000158a:	d00b      	beq.n	100015a4 <hardware_alarm_set_callback+0x40>
1000158c:	0019      	movs	r1, r3
1000158e:	0020      	movs	r0, r4
10001590:	f7ff f8aa 	bl	100006e8 <irq_set_exclusive_handler>
10001594:	2101      	movs	r1, #1
10001596:	0020      	movs	r0, r4
10001598:	f7ff f896 	bl	100006c8 <irq_set_enabled>
1000159c:	2301      	movs	r3, #1
1000159e:	40a3      	lsls	r3, r4
100015a0:	4a11      	ldr	r2, [pc, #68]	; (100015e8 <hardware_alarm_set_callback+0x84>)
100015a2:	6013      	str	r3, [r2, #0]
100015a4:	00a4      	lsls	r4, r4, #2
100015a6:	4b11      	ldr	r3, [pc, #68]	; (100015ec <hardware_alarm_set_callback+0x88>)
100015a8:	50e5      	str	r5, [r4, r3]
100015aa:	f3bf 8f5f 	dmb	sy
100015ae:	4b0c      	ldr	r3, [pc, #48]	; (100015e0 <hardware_alarm_set_callback+0x7c>)
100015b0:	2200      	movs	r2, #0
100015b2:	601a      	str	r2, [r3, #0]
100015b4:	f386 8810 	msr	PRIMASK, r6
100015b8:	bd70      	pop	{r4, r5, r6, pc}
100015ba:	00a2      	lsls	r2, r4, #2
100015bc:	4b0b      	ldr	r3, [pc, #44]	; (100015ec <hardware_alarm_set_callback+0x88>)
100015be:	2100      	movs	r1, #0
100015c0:	50d1      	str	r1, [r2, r3]
100015c2:	2201      	movs	r2, #1
100015c4:	40a2      	lsls	r2, r4
100015c6:	490a      	ldr	r1, [pc, #40]	; (100015f0 <hardware_alarm_set_callback+0x8c>)
100015c8:	780b      	ldrb	r3, [r1, #0]
100015ca:	4393      	bics	r3, r2
100015cc:	700b      	strb	r3, [r1, #0]
100015ce:	4905      	ldr	r1, [pc, #20]	; (100015e4 <hardware_alarm_set_callback+0x80>)
100015d0:	0020      	movs	r0, r4
100015d2:	f7ff f8b3 	bl	1000073c <irq_remove_handler>
100015d6:	2100      	movs	r1, #0
100015d8:	0020      	movs	r0, r4
100015da:	f7ff f875 	bl	100006c8 <irq_set_enabled>
100015de:	e7e4      	b.n	100015aa <hardware_alarm_set_callback+0x46>
100015e0:	d0000128 	.word	0xd0000128
100015e4:	10001435 	.word	0x10001435
100015e8:	40056038 	.word	0x40056038
100015ec:	20000434 	.word	0x20000434
100015f0:	200006f4 	.word	0x200006f4

100015f4 <hardware_alarm_set_target>:
100015f4:	b5f0      	push	{r4, r5, r6, r7, lr}
100015f6:	46de      	mov	lr, fp
100015f8:	b500      	push	{lr}
100015fa:	b084      	sub	sp, #16
100015fc:	0004      	movs	r4, r0
100015fe:	0015      	movs	r5, r2
10001600:	9201      	str	r2, [sp, #4]
10001602:	001e      	movs	r6, r3
10001604:	9302      	str	r3, [sp, #8]
10001606:	f7ff ff69 	bl	100014dc <time_us_64>
1000160a:	9503      	str	r5, [sp, #12]
1000160c:	428e      	cmp	r6, r1
1000160e:	d802      	bhi.n	10001616 <hardware_alarm_set_target+0x22>
10001610:	d14e      	bne.n	100016b0 <hardware_alarm_set_target+0xbc>
10001612:	4285      	cmp	r5, r0
10001614:	d94c      	bls.n	100016b0 <hardware_alarm_set_target+0xbc>
10001616:	f3ef 8b10 	mrs	fp, PRIMASK
1000161a:	b672      	cpsid	i
1000161c:	4b27      	ldr	r3, [pc, #156]	; (100016bc <hardware_alarm_set_target+0xc8>)
1000161e:	681b      	ldr	r3, [r3, #0]
10001620:	2b00      	cmp	r3, #0
10001622:	d0fb      	beq.n	1000161c <hardware_alarm_set_target+0x28>
10001624:	f3bf 8f5f 	dmb	sy
10001628:	4a25      	ldr	r2, [pc, #148]	; (100016c0 <hardware_alarm_set_target+0xcc>)
1000162a:	7817      	ldrb	r7, [r2, #0]
1000162c:	2501      	movs	r5, #1
1000162e:	40a5      	lsls	r5, r4
10001630:	b2eb      	uxtb	r3, r5
10001632:	433b      	orrs	r3, r7
10001634:	7013      	strb	r3, [r2, #0]
10001636:	4b23      	ldr	r3, [pc, #140]	; (100016c4 <hardware_alarm_set_target+0xd0>)
10001638:	635d      	str	r5, [r3, #52]	; 0x34
1000163a:	1d22      	adds	r2, r4, #4
1000163c:	0092      	lsls	r2, r2, #2
1000163e:	9901      	ldr	r1, [sp, #4]
10001640:	50d1      	str	r1, [r2, r3]
10001642:	00a2      	lsls	r2, r4, #2
10001644:	4920      	ldr	r1, [pc, #128]	; (100016c8 <hardware_alarm_set_target+0xd4>)
10001646:	9802      	ldr	r0, [sp, #8]
10001648:	5050      	str	r0, [r2, r1]
1000164a:	6a1b      	ldr	r3, [r3, #32]
1000164c:	422b      	tst	r3, r5
1000164e:	d112      	bne.n	10001676 <hardware_alarm_set_target+0x82>
10001650:	4b1c      	ldr	r3, [pc, #112]	; (100016c4 <hardware_alarm_set_target+0xd0>)
10001652:	6c1b      	ldr	r3, [r3, #64]	; 0x40
10001654:	422b      	tst	r3, r5
10001656:	d008      	beq.n	1000166a <hardware_alarm_set_target+0x76>
10001658:	2000      	movs	r0, #0
1000165a:	f3bf 8f5f 	dmb	sy
1000165e:	4b17      	ldr	r3, [pc, #92]	; (100016bc <hardware_alarm_set_target+0xc8>)
10001660:	2200      	movs	r2, #0
10001662:	601a      	str	r2, [r3, #0]
10001664:	f38b 8810 	msr	PRIMASK, fp
10001668:	e023      	b.n	100016b2 <hardware_alarm_set_target+0xbe>
1000166a:	4b18      	ldr	r3, [pc, #96]	; (100016cc <hardware_alarm_set_target+0xd8>)
1000166c:	4a18      	ldr	r2, [pc, #96]	; (100016d0 <hardware_alarm_set_target+0xdc>)
1000166e:	21c5      	movs	r1, #197	; 0xc5
10001670:	4818      	ldr	r0, [pc, #96]	; (100016d4 <hardware_alarm_set_target+0xe0>)
10001672:	f000 fcfd 	bl	10002070 <__assert_func>
10001676:	f7ff ff31 	bl	100014dc <time_us_64>
1000167a:	428e      	cmp	r6, r1
1000167c:	d814      	bhi.n	100016a8 <hardware_alarm_set_target+0xb4>
1000167e:	d102      	bne.n	10001686 <hardware_alarm_set_target+0x92>
10001680:	9b03      	ldr	r3, [sp, #12]
10001682:	4283      	cmp	r3, r0
10001684:	d810      	bhi.n	100016a8 <hardware_alarm_set_target+0xb4>
10001686:	4b0e      	ldr	r3, [pc, #56]	; (100016c0 <hardware_alarm_set_target+0xcc>)
10001688:	781b      	ldrb	r3, [r3, #0]
1000168a:	42bb      	cmp	r3, r7
1000168c:	d00e      	beq.n	100016ac <hardware_alarm_set_target+0xb8>
1000168e:	4b0d      	ldr	r3, [pc, #52]	; (100016c4 <hardware_alarm_set_target+0xd0>)
10001690:	621d      	str	r5, [r3, #32]
10001692:	635d      	str	r5, [r3, #52]	; 0x34
10001694:	201f      	movs	r0, #31
10001696:	4004      	ands	r4, r0
10001698:	2301      	movs	r3, #1
1000169a:	40a3      	lsls	r3, r4
1000169c:	4a0e      	ldr	r2, [pc, #56]	; (100016d8 <hardware_alarm_set_target+0xe4>)
1000169e:	6013      	str	r3, [r2, #0]
100016a0:	4b07      	ldr	r3, [pc, #28]	; (100016c0 <hardware_alarm_set_target+0xcc>)
100016a2:	701f      	strb	r7, [r3, #0]
100016a4:	381e      	subs	r0, #30
100016a6:	e7d8      	b.n	1000165a <hardware_alarm_set_target+0x66>
100016a8:	2000      	movs	r0, #0
100016aa:	e7d6      	b.n	1000165a <hardware_alarm_set_target+0x66>
100016ac:	2001      	movs	r0, #1
100016ae:	e7d4      	b.n	1000165a <hardware_alarm_set_target+0x66>
100016b0:	2001      	movs	r0, #1
100016b2:	b004      	add	sp, #16
100016b4:	bc80      	pop	{r7}
100016b6:	46bb      	mov	fp, r7
100016b8:	bdf0      	pop	{r4, r5, r6, r7, pc}
100016ba:	46c0      	nop			; (mov r8, r8)
100016bc:	d0000128 	.word	0xd0000128
100016c0:	200006f4 	.word	0x200006f4
100016c4:	40054000 	.word	0x40054000
100016c8:	200006d8 	.word	0x200006d8
100016cc:	100049dc 	.word	0x100049dc
100016d0:	10004a60 	.word	0x10004a60
100016d4:	10004a00 	.word	0x10004a00
100016d8:	e000e280 	.word	0xe000e280

100016dc <hardware_alarm_cancel>:
100016dc:	f3ef 8c10 	mrs	ip, PRIMASK
100016e0:	b672      	cpsid	i
100016e2:	4b0b      	ldr	r3, [pc, #44]	; (10001710 <hardware_alarm_cancel+0x34>)
100016e4:	681b      	ldr	r3, [r3, #0]
100016e6:	2b00      	cmp	r3, #0
100016e8:	d0fb      	beq.n	100016e2 <hardware_alarm_cancel+0x6>
100016ea:	f3bf 8f5f 	dmb	sy
100016ee:	2301      	movs	r3, #1
100016f0:	4083      	lsls	r3, r0
100016f2:	4a08      	ldr	r2, [pc, #32]	; (10001714 <hardware_alarm_cancel+0x38>)
100016f4:	6213      	str	r3, [r2, #32]
100016f6:	4908      	ldr	r1, [pc, #32]	; (10001718 <hardware_alarm_cancel+0x3c>)
100016f8:	780a      	ldrb	r2, [r1, #0]
100016fa:	439a      	bics	r2, r3
100016fc:	700a      	strb	r2, [r1, #0]
100016fe:	f3bf 8f5f 	dmb	sy
10001702:	4b03      	ldr	r3, [pc, #12]	; (10001710 <hardware_alarm_cancel+0x34>)
10001704:	2200      	movs	r2, #0
10001706:	601a      	str	r2, [r3, #0]
10001708:	f38c 8810 	msr	PRIMASK, ip
1000170c:	4770      	bx	lr
1000170e:	46c0      	nop			; (mov r8, r8)
10001710:	d0000128 	.word	0xd0000128
10001714:	40054000 	.word	0x40054000
10001718:	200006f4 	.word	0x200006f4

1000171c <ph_add_child_node>:
1000171c:	b510      	push	{r4, lr}
1000171e:	2900      	cmp	r1, #0
10001720:	d01e      	beq.n	10001760 <ph_add_child_node+0x44>
10001722:	7b03      	ldrb	r3, [r0, #12]
10001724:	4299      	cmp	r1, r3
10001726:	d81b      	bhi.n	10001760 <ph_add_child_node+0x44>
10001728:	004b      	lsls	r3, r1, #1
1000172a:	185b      	adds	r3, r3, r1
1000172c:	3b03      	subs	r3, #3
1000172e:	6804      	ldr	r4, [r0, #0]
10001730:	46a4      	mov	ip, r4
10001732:	4463      	add	r3, ip
10001734:	2900      	cmp	r1, #0
10001736:	d019      	beq.n	1000176c <ph_add_child_node+0x50>
10001738:	2a00      	cmp	r2, #0
1000173a:	d01d      	beq.n	10001778 <ph_add_child_node+0x5c>
1000173c:	4291      	cmp	r1, r2
1000173e:	d021      	beq.n	10001784 <ph_add_child_node+0x68>
10001740:	2a00      	cmp	r2, #0
10001742:	d025      	beq.n	10001790 <ph_add_child_node+0x74>
10001744:	7b04      	ldrb	r4, [r0, #12]
10001746:	42a2      	cmp	r2, r4
10001748:	d822      	bhi.n	10001790 <ph_add_child_node+0x74>
1000174a:	6804      	ldr	r4, [r0, #0]
1000174c:	0050      	lsls	r0, r2, #1
1000174e:	1880      	adds	r0, r0, r2
10001750:	3803      	subs	r0, #3
10001752:	1820      	adds	r0, r4, r0
10001754:	7081      	strb	r1, [r0, #2]
10001756:	7819      	ldrb	r1, [r3, #0]
10001758:	2900      	cmp	r1, #0
1000175a:	d11f      	bne.n	1000179c <ph_add_child_node+0x80>
1000175c:	701a      	strb	r2, [r3, #0]
1000175e:	bd10      	pop	{r4, pc}
10001760:	4b10      	ldr	r3, [pc, #64]	; (100017a4 <ph_add_child_node+0x88>)
10001762:	4a11      	ldr	r2, [pc, #68]	; (100017a8 <ph_add_child_node+0x8c>)
10001764:	2168      	movs	r1, #104	; 0x68
10001766:	4811      	ldr	r0, [pc, #68]	; (100017ac <ph_add_child_node+0x90>)
10001768:	f000 fc82 	bl	10002070 <__assert_func>
1000176c:	4b10      	ldr	r3, [pc, #64]	; (100017b0 <ph_add_child_node+0x94>)
1000176e:	4a11      	ldr	r2, [pc, #68]	; (100017b4 <ph_add_child_node+0x98>)
10001770:	316f      	adds	r1, #111	; 0x6f
10001772:	480e      	ldr	r0, [pc, #56]	; (100017ac <ph_add_child_node+0x90>)
10001774:	f000 fc7c 	bl	10002070 <__assert_func>
10001778:	4b0f      	ldr	r3, [pc, #60]	; (100017b8 <ph_add_child_node+0x9c>)
1000177a:	4a0e      	ldr	r2, [pc, #56]	; (100017b4 <ph_add_child_node+0x98>)
1000177c:	2170      	movs	r1, #112	; 0x70
1000177e:	480b      	ldr	r0, [pc, #44]	; (100017ac <ph_add_child_node+0x90>)
10001780:	f000 fc76 	bl	10002070 <__assert_func>
10001784:	4b0d      	ldr	r3, [pc, #52]	; (100017bc <ph_add_child_node+0xa0>)
10001786:	4a0b      	ldr	r2, [pc, #44]	; (100017b4 <ph_add_child_node+0x98>)
10001788:	2171      	movs	r1, #113	; 0x71
1000178a:	4808      	ldr	r0, [pc, #32]	; (100017ac <ph_add_child_node+0x90>)
1000178c:	f000 fc70 	bl	10002070 <__assert_func>
10001790:	4b04      	ldr	r3, [pc, #16]	; (100017a4 <ph_add_child_node+0x88>)
10001792:	4a05      	ldr	r2, [pc, #20]	; (100017a8 <ph_add_child_node+0x8c>)
10001794:	2168      	movs	r1, #104	; 0x68
10001796:	4805      	ldr	r0, [pc, #20]	; (100017ac <ph_add_child_node+0x90>)
10001798:	f000 fc6a 	bl	10002070 <__assert_func>
1000179c:	7041      	strb	r1, [r0, #1]
1000179e:	701a      	strb	r2, [r3, #0]
100017a0:	e7dd      	b.n	1000175e <ph_add_child_node+0x42>
100017a2:	46c0      	nop			; (mov r8, r8)
100017a4:	1000471c 	.word	0x1000471c
100017a8:	10004b9c 	.word	0x10004b9c
100017ac:	10004738 	.word	0x10004738
100017b0:	100047a0 	.word	0x100047a0
100017b4:	10004b88 	.word	0x10004b88
100017b8:	100047ac 	.word	0x100047ac
100017bc:	100047b8 	.word	0x100047b8

100017c0 <ph_merge_nodes>:
100017c0:	b570      	push	{r4, r5, r6, lr}
100017c2:	0006      	movs	r6, r0
100017c4:	000d      	movs	r5, r1
100017c6:	0014      	movs	r4, r2
100017c8:	2900      	cmp	r1, #0
100017ca:	d014      	beq.n	100017f6 <ph_merge_nodes+0x36>
100017cc:	2a00      	cmp	r2, #0
100017ce:	d014      	beq.n	100017fa <ph_merge_nodes+0x3a>
100017d0:	6880      	ldr	r0, [r0, #8]
100017d2:	6873      	ldr	r3, [r6, #4]
100017d4:	4798      	blx	r3
100017d6:	2800      	cmp	r0, #0
100017d8:	d006      	beq.n	100017e8 <ph_merge_nodes+0x28>
100017da:	0022      	movs	r2, r4
100017dc:	0029      	movs	r1, r5
100017de:	0030      	movs	r0, r6
100017e0:	f7ff ff9c 	bl	1000171c <ph_add_child_node>
100017e4:	0028      	movs	r0, r5
100017e6:	e007      	b.n	100017f8 <ph_merge_nodes+0x38>
100017e8:	002a      	movs	r2, r5
100017ea:	0021      	movs	r1, r4
100017ec:	0030      	movs	r0, r6
100017ee:	f7ff ff95 	bl	1000171c <ph_add_child_node>
100017f2:	0020      	movs	r0, r4
100017f4:	e000      	b.n	100017f8 <ph_merge_nodes+0x38>
100017f6:	0010      	movs	r0, r2
100017f8:	bd70      	pop	{r4, r5, r6, pc}
100017fa:	0008      	movs	r0, r1
100017fc:	e7fc      	b.n	100017f8 <ph_merge_nodes+0x38>
	...

10001800 <ph_clear>:
10001800:	b510      	push	{r4, lr}
10001802:	2300      	movs	r3, #0
10001804:	7343      	strb	r3, [r0, #13]
10001806:	3301      	adds	r3, #1
10001808:	7383      	strb	r3, [r0, #14]
1000180a:	7b03      	ldrb	r3, [r0, #12]
1000180c:	73c3      	strb	r3, [r0, #15]
1000180e:	2301      	movs	r3, #1
10001810:	7b02      	ldrb	r2, [r0, #12]
10001812:	429a      	cmp	r2, r3
10001814:	d914      	bls.n	10001840 <ph_clear+0x40>
10001816:	2b00      	cmp	r3, #0
10001818:	d00c      	beq.n	10001834 <ph_clear+0x34>
1000181a:	7b02      	ldrb	r2, [r0, #12]
1000181c:	4293      	cmp	r3, r2
1000181e:	d809      	bhi.n	10001834 <ph_clear+0x34>
10001820:	005a      	lsls	r2, r3, #1
10001822:	18d2      	adds	r2, r2, r3
10001824:	3a03      	subs	r2, #3
10001826:	6801      	ldr	r1, [r0, #0]
10001828:	468c      	mov	ip, r1
1000182a:	4462      	add	r2, ip
1000182c:	3301      	adds	r3, #1
1000182e:	b2db      	uxtb	r3, r3
10001830:	7053      	strb	r3, [r2, #1]
10001832:	e7ed      	b.n	10001810 <ph_clear+0x10>
10001834:	4b0b      	ldr	r3, [pc, #44]	; (10001864 <ph_clear+0x64>)
10001836:	4a0c      	ldr	r2, [pc, #48]	; (10001868 <ph_clear+0x68>)
10001838:	2168      	movs	r1, #104	; 0x68
1000183a:	480c      	ldr	r0, [pc, #48]	; (1000186c <ph_clear+0x6c>)
1000183c:	f000 fc18 	bl	10002070 <__assert_func>
10001840:	2a00      	cmp	r2, #0
10001842:	d009      	beq.n	10001858 <ph_clear+0x58>
10001844:	4292      	cmp	r2, r2
10001846:	d807      	bhi.n	10001858 <ph_clear+0x58>
10001848:	6801      	ldr	r1, [r0, #0]
1000184a:	0053      	lsls	r3, r2, #1
1000184c:	189a      	adds	r2, r3, r2
1000184e:	3a03      	subs	r2, #3
10001850:	188a      	adds	r2, r1, r2
10001852:	2300      	movs	r3, #0
10001854:	7053      	strb	r3, [r2, #1]
10001856:	bd10      	pop	{r4, pc}
10001858:	4b02      	ldr	r3, [pc, #8]	; (10001864 <ph_clear+0x64>)
1000185a:	4a03      	ldr	r2, [pc, #12]	; (10001868 <ph_clear+0x68>)
1000185c:	2168      	movs	r1, #104	; 0x68
1000185e:	4803      	ldr	r0, [pc, #12]	; (1000186c <ph_clear+0x6c>)
10001860:	f000 fc06 	bl	10002070 <__assert_func>
10001864:	1000471c 	.word	0x1000471c
10001868:	10004b9c 	.word	0x10004b9c
1000186c:	10004738 	.word	0x10004738

10001870 <ph_post_alloc_init>:
10001870:	b510      	push	{r4, lr}
10001872:	7301      	strb	r1, [r0, #12]
10001874:	6042      	str	r2, [r0, #4]
10001876:	6083      	str	r3, [r0, #8]
10001878:	f7ff ffc2 	bl	10001800 <ph_clear>
1000187c:	bd10      	pop	{r4, pc}
	...

10001880 <ph_merge_two_pass>:
10001880:	b570      	push	{r4, r5, r6, lr}
10001882:	0004      	movs	r4, r0
10001884:	1e08      	subs	r0, r1, #0
10001886:	d100      	bne.n	1000188a <ph_merge_two_pass+0xa>
10001888:	bd70      	pop	{r4, r5, r6, pc}
1000188a:	2900      	cmp	r1, #0
1000188c:	d034      	beq.n	100018f8 <ph_merge_two_pass+0x78>
1000188e:	7b23      	ldrb	r3, [r4, #12]
10001890:	4299      	cmp	r1, r3
10001892:	d831      	bhi.n	100018f8 <ph_merge_two_pass+0x78>
10001894:	004b      	lsls	r3, r1, #1
10001896:	185b      	adds	r3, r3, r1
10001898:	3b03      	subs	r3, #3
1000189a:	6822      	ldr	r2, [r4, #0]
1000189c:	4694      	mov	ip, r2
1000189e:	4463      	add	r3, ip
100018a0:	785a      	ldrb	r2, [r3, #1]
100018a2:	2a00      	cmp	r2, #0
100018a4:	d0f0      	beq.n	10001888 <ph_merge_two_pass+0x8>
100018a6:	d02d      	beq.n	10001904 <ph_merge_two_pass+0x84>
100018a8:	7b23      	ldrb	r3, [r4, #12]
100018aa:	429a      	cmp	r2, r3
100018ac:	d82a      	bhi.n	10001904 <ph_merge_two_pass+0x84>
100018ae:	0053      	lsls	r3, r2, #1
100018b0:	189b      	adds	r3, r3, r2
100018b2:	3b03      	subs	r3, #3
100018b4:	6821      	ldr	r1, [r4, #0]
100018b6:	468c      	mov	ip, r1
100018b8:	4463      	add	r3, ip
100018ba:	785d      	ldrb	r5, [r3, #1]
100018bc:	2100      	movs	r1, #0
100018be:	7059      	strb	r1, [r3, #1]
100018c0:	2800      	cmp	r0, #0
100018c2:	d025      	beq.n	10001910 <ph_merge_two_pass+0x90>
100018c4:	7b23      	ldrb	r3, [r4, #12]
100018c6:	4298      	cmp	r0, r3
100018c8:	d822      	bhi.n	10001910 <ph_merge_two_pass+0x90>
100018ca:	0043      	lsls	r3, r0, #1
100018cc:	181b      	adds	r3, r3, r0
100018ce:	3b03      	subs	r3, #3
100018d0:	6821      	ldr	r1, [r4, #0]
100018d2:	468c      	mov	ip, r1
100018d4:	4463      	add	r3, ip
100018d6:	2100      	movs	r1, #0
100018d8:	7059      	strb	r1, [r3, #1]
100018da:	0001      	movs	r1, r0
100018dc:	0020      	movs	r0, r4
100018de:	f7ff ff6f 	bl	100017c0 <ph_merge_nodes>
100018e2:	0006      	movs	r6, r0
100018e4:	0029      	movs	r1, r5
100018e6:	0020      	movs	r0, r4
100018e8:	f7ff ffca 	bl	10001880 <ph_merge_two_pass>
100018ec:	0002      	movs	r2, r0
100018ee:	0031      	movs	r1, r6
100018f0:	0020      	movs	r0, r4
100018f2:	f7ff ff65 	bl	100017c0 <ph_merge_nodes>
100018f6:	e7c7      	b.n	10001888 <ph_merge_two_pass+0x8>
100018f8:	4b08      	ldr	r3, [pc, #32]	; (1000191c <ph_merge_two_pass+0x9c>)
100018fa:	4a09      	ldr	r2, [pc, #36]	; (10001920 <ph_merge_two_pass+0xa0>)
100018fc:	2168      	movs	r1, #104	; 0x68
100018fe:	4809      	ldr	r0, [pc, #36]	; (10001924 <ph_merge_two_pass+0xa4>)
10001900:	f000 fbb6 	bl	10002070 <__assert_func>
10001904:	4b05      	ldr	r3, [pc, #20]	; (1000191c <ph_merge_two_pass+0x9c>)
10001906:	4a06      	ldr	r2, [pc, #24]	; (10001920 <ph_merge_two_pass+0xa0>)
10001908:	2168      	movs	r1, #104	; 0x68
1000190a:	4806      	ldr	r0, [pc, #24]	; (10001924 <ph_merge_two_pass+0xa4>)
1000190c:	f000 fbb0 	bl	10002070 <__assert_func>
10001910:	4b02      	ldr	r3, [pc, #8]	; (1000191c <ph_merge_two_pass+0x9c>)
10001912:	4a03      	ldr	r2, [pc, #12]	; (10001920 <ph_merge_two_pass+0xa0>)
10001914:	2168      	movs	r1, #104	; 0x68
10001916:	4803      	ldr	r0, [pc, #12]	; (10001924 <ph_merge_two_pass+0xa4>)
10001918:	f000 fbaa 	bl	10002070 <__assert_func>
1000191c:	1000471c 	.word	0x1000471c
10001920:	10004b9c 	.word	0x10004b9c
10001924:	10004738 	.word	0x10004738

10001928 <ph_remove_any_head>:
10001928:	b570      	push	{r4, r5, r6, lr}
1000192a:	0005      	movs	r5, r0
1000192c:	000c      	movs	r4, r1
1000192e:	0016      	movs	r6, r2
10001930:	2900      	cmp	r1, #0
10001932:	d02f      	beq.n	10001994 <ph_remove_any_head+0x6c>
10001934:	d034      	beq.n	100019a0 <ph_remove_any_head+0x78>
10001936:	7b03      	ldrb	r3, [r0, #12]
10001938:	4299      	cmp	r1, r3
1000193a:	d831      	bhi.n	100019a0 <ph_remove_any_head+0x78>
1000193c:	004b      	lsls	r3, r1, #1
1000193e:	185b      	adds	r3, r3, r1
10001940:	3b03      	subs	r3, #3
10001942:	6802      	ldr	r2, [r0, #0]
10001944:	4694      	mov	ip, r2
10001946:	4463      	add	r3, ip
10001948:	785a      	ldrb	r2, [r3, #1]
1000194a:	2a00      	cmp	r2, #0
1000194c:	d12e      	bne.n	100019ac <ph_remove_any_head+0x84>
1000194e:	789a      	ldrb	r2, [r3, #2]
10001950:	2a00      	cmp	r2, #0
10001952:	d131      	bne.n	100019b8 <ph_remove_any_head+0x90>
10001954:	7819      	ldrb	r1, [r3, #0]
10001956:	f7ff ff93 	bl	10001880 <ph_merge_two_pass>
1000195a:	0003      	movs	r3, r0
1000195c:	2e00      	cmp	r6, #0
1000195e:	d00a      	beq.n	10001976 <ph_remove_any_head+0x4e>
10001960:	7bea      	ldrb	r2, [r5, #15]
10001962:	2a00      	cmp	r2, #0
10001964:	d12e      	bne.n	100019c4 <ph_remove_any_head+0x9c>
10001966:	7baa      	ldrb	r2, [r5, #14]
10001968:	2a00      	cmp	r2, #0
1000196a:	d103      	bne.n	10001974 <ph_remove_any_head+0x4c>
1000196c:	7bea      	ldrb	r2, [r5, #15]
1000196e:	2a00      	cmp	r2, #0
10001970:	d13b      	bne.n	100019ea <ph_remove_any_head+0xc2>
10001972:	73ac      	strb	r4, [r5, #14]
10001974:	73ec      	strb	r4, [r5, #15]
10001976:	2b00      	cmp	r3, #0
10001978:	d13d      	bne.n	100019f6 <ph_remove_any_head+0xce>
1000197a:	2c00      	cmp	r4, #0
1000197c:	d04f      	beq.n	10001a1e <ph_remove_any_head+0xf6>
1000197e:	7b2b      	ldrb	r3, [r5, #12]
10001980:	429c      	cmp	r4, r3
10001982:	d84c      	bhi.n	10001a1e <ph_remove_any_head+0xf6>
10001984:	682b      	ldr	r3, [r5, #0]
10001986:	0061      	lsls	r1, r4, #1
10001988:	190c      	adds	r4, r1, r4
1000198a:	3c03      	subs	r4, #3
1000198c:	191c      	adds	r4, r3, r4
1000198e:	2300      	movs	r3, #0
10001990:	7063      	strb	r3, [r4, #1]
10001992:	bd70      	pop	{r4, r5, r6, pc}
10001994:	4b25      	ldr	r3, [pc, #148]	; (10001a2c <ph_remove_any_head+0x104>)
10001996:	4a26      	ldr	r2, [pc, #152]	; (10001a30 <ph_remove_any_head+0x108>)
10001998:	2138      	movs	r1, #56	; 0x38
1000199a:	4826      	ldr	r0, [pc, #152]	; (10001a34 <ph_remove_any_head+0x10c>)
1000199c:	f000 fb68 	bl	10002070 <__assert_func>
100019a0:	4b25      	ldr	r3, [pc, #148]	; (10001a38 <ph_remove_any_head+0x110>)
100019a2:	4a26      	ldr	r2, [pc, #152]	; (10001a3c <ph_remove_any_head+0x114>)
100019a4:	2168      	movs	r1, #104	; 0x68
100019a6:	4826      	ldr	r0, [pc, #152]	; (10001a40 <ph_remove_any_head+0x118>)
100019a8:	f000 fb62 	bl	10002070 <__assert_func>
100019ac:	4b25      	ldr	r3, [pc, #148]	; (10001a44 <ph_remove_any_head+0x11c>)
100019ae:	4a20      	ldr	r2, [pc, #128]	; (10001a30 <ph_remove_any_head+0x108>)
100019b0:	213a      	movs	r1, #58	; 0x3a
100019b2:	4820      	ldr	r0, [pc, #128]	; (10001a34 <ph_remove_any_head+0x10c>)
100019b4:	f000 fb5c 	bl	10002070 <__assert_func>
100019b8:	4b23      	ldr	r3, [pc, #140]	; (10001a48 <ph_remove_any_head+0x120>)
100019ba:	4a1d      	ldr	r2, [pc, #116]	; (10001a30 <ph_remove_any_head+0x108>)
100019bc:	213b      	movs	r1, #59	; 0x3b
100019be:	481d      	ldr	r0, [pc, #116]	; (10001a34 <ph_remove_any_head+0x10c>)
100019c0:	f000 fb56 	bl	10002070 <__assert_func>
100019c4:	2a00      	cmp	r2, #0
100019c6:	d00a      	beq.n	100019de <ph_remove_any_head+0xb6>
100019c8:	7b29      	ldrb	r1, [r5, #12]
100019ca:	428a      	cmp	r2, r1
100019cc:	d807      	bhi.n	100019de <ph_remove_any_head+0xb6>
100019ce:	0051      	lsls	r1, r2, #1
100019d0:	188a      	adds	r2, r1, r2
100019d2:	3a03      	subs	r2, #3
100019d4:	6829      	ldr	r1, [r5, #0]
100019d6:	468c      	mov	ip, r1
100019d8:	4462      	add	r2, ip
100019da:	7054      	strb	r4, [r2, #1]
100019dc:	e7c3      	b.n	10001966 <ph_remove_any_head+0x3e>
100019de:	4b16      	ldr	r3, [pc, #88]	; (10001a38 <ph_remove_any_head+0x110>)
100019e0:	4a16      	ldr	r2, [pc, #88]	; (10001a3c <ph_remove_any_head+0x114>)
100019e2:	2168      	movs	r1, #104	; 0x68
100019e4:	4816      	ldr	r0, [pc, #88]	; (10001a40 <ph_remove_any_head+0x118>)
100019e6:	f000 fb43 	bl	10002070 <__assert_func>
100019ea:	4b18      	ldr	r3, [pc, #96]	; (10001a4c <ph_remove_any_head+0x124>)
100019ec:	4a10      	ldr	r2, [pc, #64]	; (10001a30 <ph_remove_any_head+0x108>)
100019ee:	2142      	movs	r1, #66	; 0x42
100019f0:	4810      	ldr	r0, [pc, #64]	; (10001a34 <ph_remove_any_head+0x10c>)
100019f2:	f000 fb3d 	bl	10002070 <__assert_func>
100019f6:	2b00      	cmp	r3, #0
100019f8:	d00b      	beq.n	10001a12 <ph_remove_any_head+0xea>
100019fa:	7b2a      	ldrb	r2, [r5, #12]
100019fc:	4293      	cmp	r3, r2
100019fe:	d808      	bhi.n	10001a12 <ph_remove_any_head+0xea>
10001a00:	0043      	lsls	r3, r0, #1
10001a02:	181b      	adds	r3, r3, r0
10001a04:	3b03      	subs	r3, #3
10001a06:	682a      	ldr	r2, [r5, #0]
10001a08:	4694      	mov	ip, r2
10001a0a:	4463      	add	r3, ip
10001a0c:	2200      	movs	r2, #0
10001a0e:	709a      	strb	r2, [r3, #2]
10001a10:	e7b3      	b.n	1000197a <ph_remove_any_head+0x52>
10001a12:	4b09      	ldr	r3, [pc, #36]	; (10001a38 <ph_remove_any_head+0x110>)
10001a14:	4a09      	ldr	r2, [pc, #36]	; (10001a3c <ph_remove_any_head+0x114>)
10001a16:	2168      	movs	r1, #104	; 0x68
10001a18:	4809      	ldr	r0, [pc, #36]	; (10001a40 <ph_remove_any_head+0x118>)
10001a1a:	f000 fb29 	bl	10002070 <__assert_func>
10001a1e:	4b06      	ldr	r3, [pc, #24]	; (10001a38 <ph_remove_any_head+0x110>)
10001a20:	4a06      	ldr	r2, [pc, #24]	; (10001a3c <ph_remove_any_head+0x114>)
10001a22:	2168      	movs	r1, #104	; 0x68
10001a24:	4806      	ldr	r0, [pc, #24]	; (10001a40 <ph_remove_any_head+0x118>)
10001a26:	f000 fb23 	bl	10002070 <__assert_func>
10001a2a:	46c0      	nop			; (mov r8, r8)
10001a2c:	10004a94 	.word	0x10004a94
10001a30:	10004b74 	.word	0x10004b74
10001a34:	10004a9c 	.word	0x10004a9c
10001a38:	1000471c 	.word	0x1000471c
10001a3c:	10004b9c 	.word	0x10004b9c
10001a40:	10004738 	.word	0x10004738
10001a44:	10004af0 	.word	0x10004af0
10001a48:	10004b18 	.word	0x10004b18
10001a4c:	1000487c 	.word	0x1000487c

10001a50 <ph_remove_head>:
10001a50:	b570      	push	{r4, r5, r6, lr}
10001a52:	0004      	movs	r4, r0
10001a54:	000a      	movs	r2, r1
10001a56:	7b45      	ldrb	r5, [r0, #13]
10001a58:	0029      	movs	r1, r5
10001a5a:	f7ff ff65 	bl	10001928 <ph_remove_any_head>
10001a5e:	7360      	strb	r0, [r4, #13]
10001a60:	0028      	movs	r0, r5
10001a62:	bd70      	pop	{r4, r5, r6, pc}

10001a64 <ph_remove_and_free_node>:
10001a64:	b570      	push	{r4, r5, r6, lr}
10001a66:	0004      	movs	r4, r0
10001a68:	2900      	cmp	r1, #0
10001a6a:	d067      	beq.n	10001b3c <ph_remove_and_free_node+0xd8>
10001a6c:	7b43      	ldrb	r3, [r0, #13]
10001a6e:	428b      	cmp	r3, r1
10001a70:	d00e      	beq.n	10001a90 <ph_remove_and_free_node+0x2c>
10001a72:	2900      	cmp	r1, #0
10001a74:	d011      	beq.n	10001a9a <ph_remove_and_free_node+0x36>
10001a76:	7b03      	ldrb	r3, [r0, #12]
10001a78:	4299      	cmp	r1, r3
10001a7a:	d80e      	bhi.n	10001a9a <ph_remove_and_free_node+0x36>
10001a7c:	004b      	lsls	r3, r1, #1
10001a7e:	185b      	adds	r3, r3, r1
10001a80:	3b03      	subs	r3, #3
10001a82:	6802      	ldr	r2, [r0, #0]
10001a84:	18d0      	adds	r0, r2, r3
10001a86:	7883      	ldrb	r3, [r0, #2]
10001a88:	2b00      	cmp	r3, #0
10001a8a:	d10c      	bne.n	10001aa6 <ph_remove_and_free_node+0x42>
10001a8c:	2000      	movs	r0, #0
10001a8e:	e056      	b.n	10001b3e <ph_remove_and_free_node+0xda>
10001a90:	2101      	movs	r1, #1
10001a92:	f7ff ffdd 	bl	10001a50 <ph_remove_head>
10001a96:	2001      	movs	r0, #1
10001a98:	e051      	b.n	10001b3e <ph_remove_and_free_node+0xda>
10001a9a:	4b29      	ldr	r3, [pc, #164]	; (10001b40 <ph_remove_and_free_node+0xdc>)
10001a9c:	4a29      	ldr	r2, [pc, #164]	; (10001b44 <ph_remove_and_free_node+0xe0>)
10001a9e:	2168      	movs	r1, #104	; 0x68
10001aa0:	4829      	ldr	r0, [pc, #164]	; (10001b48 <ph_remove_and_free_node+0xe4>)
10001aa2:	f000 fae5 	bl	10002070 <__assert_func>
10001aa6:	2b00      	cmp	r3, #0
10001aa8:	d020      	beq.n	10001aec <ph_remove_and_free_node+0x88>
10001aaa:	7b22      	ldrb	r2, [r4, #12]
10001aac:	4293      	cmp	r3, r2
10001aae:	d81d      	bhi.n	10001aec <ph_remove_and_free_node+0x88>
10001ab0:	005a      	lsls	r2, r3, #1
10001ab2:	18d3      	adds	r3, r2, r3
10001ab4:	3b03      	subs	r3, #3
10001ab6:	6822      	ldr	r2, [r4, #0]
10001ab8:	18d2      	adds	r2, r2, r3
10001aba:	6825      	ldr	r5, [r4, #0]
10001abc:	5ceb      	ldrb	r3, [r5, r3]
10001abe:	428b      	cmp	r3, r1
10001ac0:	d01a      	beq.n	10001af8 <ph_remove_and_free_node+0x94>
10001ac2:	2b00      	cmp	r3, #0
10001ac4:	d01b      	beq.n	10001afe <ph_remove_and_free_node+0x9a>
10001ac6:	7b22      	ldrb	r2, [r4, #12]
10001ac8:	4293      	cmp	r3, r2
10001aca:	d818      	bhi.n	10001afe <ph_remove_and_free_node+0x9a>
10001acc:	005a      	lsls	r2, r3, #1
10001ace:	18d3      	adds	r3, r2, r3
10001ad0:	3b03      	subs	r3, #3
10001ad2:	6822      	ldr	r2, [r4, #0]
10001ad4:	18d2      	adds	r2, r2, r3
10001ad6:	7853      	ldrb	r3, [r2, #1]
10001ad8:	428b      	cmp	r3, r1
10001ada:	d016      	beq.n	10001b0a <ph_remove_and_free_node+0xa6>
10001adc:	2b00      	cmp	r3, #0
10001ade:	d1f0      	bne.n	10001ac2 <ph_remove_and_free_node+0x5e>
10001ae0:	4b1a      	ldr	r3, [pc, #104]	; (10001b4c <ph_remove_and_free_node+0xe8>)
10001ae2:	4a1b      	ldr	r2, [pc, #108]	; (10001b50 <ph_remove_and_free_node+0xec>)
10001ae4:	216b      	movs	r1, #107	; 0x6b
10001ae6:	481b      	ldr	r0, [pc, #108]	; (10001b54 <ph_remove_and_free_node+0xf0>)
10001ae8:	f000 fac2 	bl	10002070 <__assert_func>
10001aec:	4b14      	ldr	r3, [pc, #80]	; (10001b40 <ph_remove_and_free_node+0xdc>)
10001aee:	4a15      	ldr	r2, [pc, #84]	; (10001b44 <ph_remove_and_free_node+0xe0>)
10001af0:	2168      	movs	r1, #104	; 0x68
10001af2:	4815      	ldr	r0, [pc, #84]	; (10001b48 <ph_remove_and_free_node+0xe4>)
10001af4:	f000 fabc 	bl	10002070 <__assert_func>
10001af8:	7843      	ldrb	r3, [r0, #1]
10001afa:	7013      	strb	r3, [r2, #0]
10001afc:	e007      	b.n	10001b0e <ph_remove_and_free_node+0xaa>
10001afe:	4b10      	ldr	r3, [pc, #64]	; (10001b40 <ph_remove_and_free_node+0xdc>)
10001b00:	4a10      	ldr	r2, [pc, #64]	; (10001b44 <ph_remove_and_free_node+0xe0>)
10001b02:	2168      	movs	r1, #104	; 0x68
10001b04:	4810      	ldr	r0, [pc, #64]	; (10001b48 <ph_remove_and_free_node+0xe4>)
10001b06:	f000 fab3 	bl	10002070 <__assert_func>
10001b0a:	7843      	ldrb	r3, [r0, #1]
10001b0c:	7053      	strb	r3, [r2, #1]
10001b0e:	2300      	movs	r3, #0
10001b10:	7083      	strb	r3, [r0, #2]
10001b12:	7043      	strb	r3, [r0, #1]
10001b14:	2201      	movs	r2, #1
10001b16:	0020      	movs	r0, r4
10001b18:	f7ff ff06 	bl	10001928 <ph_remove_any_head>
10001b1c:	0002      	movs	r2, r0
10001b1e:	7b61      	ldrb	r1, [r4, #13]
10001b20:	4281      	cmp	r1, r0
10001b22:	d005      	beq.n	10001b30 <ph_remove_and_free_node+0xcc>
10001b24:	0020      	movs	r0, r4
10001b26:	f7ff fe4b 	bl	100017c0 <ph_merge_nodes>
10001b2a:	7360      	strb	r0, [r4, #13]
10001b2c:	2001      	movs	r0, #1
10001b2e:	e006      	b.n	10001b3e <ph_remove_and_free_node+0xda>
10001b30:	4b09      	ldr	r3, [pc, #36]	; (10001b58 <ph_remove_and_free_node+0xf4>)
10001b32:	4a07      	ldr	r2, [pc, #28]	; (10001b50 <ph_remove_and_free_node+0xec>)
10001b34:	2171      	movs	r1, #113	; 0x71
10001b36:	4807      	ldr	r0, [pc, #28]	; (10001b54 <ph_remove_and_free_node+0xf0>)
10001b38:	f000 fa9a 	bl	10002070 <__assert_func>
10001b3c:	2000      	movs	r0, #0
10001b3e:	bd70      	pop	{r4, r5, r6, pc}
10001b40:	1000471c 	.word	0x1000471c
10001b44:	10004b9c 	.word	0x10004b9c
10001b48:	10004738 	.word	0x10004738
10001b4c:	100044bc 	.word	0x100044bc
10001b50:	10004b5c 	.word	0x10004b5c
10001b54:	10004a9c 	.word	0x10004a9c
10001b58:	10004b3c 	.word	0x10004b3c

10001b5c <uart_disable_before_lcr_write>:
10001b5c:	b570      	push	{r4, r5, r6, lr}
10001b5e:	6b04      	ldr	r4, [r0, #48]	; 0x30
10001b60:	07e3      	lsls	r3, r4, #31
10001b62:	d401      	bmi.n	10001b68 <uart_disable_before_lcr_write+0xc>
10001b64:	0020      	movs	r0, r4
10001b66:	bd70      	pop	{r4, r5, r6, pc}
10001b68:	0002      	movs	r2, r0
10001b6a:	3230      	adds	r2, #48	; 0x30
10001b6c:	23c0      	movs	r3, #192	; 0xc0
10001b6e:	019b      	lsls	r3, r3, #6
10001b70:	4313      	orrs	r3, r2
10001b72:	4a0a      	ldr	r2, [pc, #40]	; (10001b9c <uart_disable_before_lcr_write+0x40>)
10001b74:	601a      	str	r2, [r3, #0]
10001b76:	6a45      	ldr	r5, [r0, #36]	; 0x24
10001b78:	6a82      	ldr	r2, [r0, #40]	; 0x28
10001b7a:	01ad      	lsls	r5, r5, #6
10001b7c:	18ad      	adds	r5, r5, r2
10001b7e:	02ad      	lsls	r5, r5, #10
10001b80:	2006      	movs	r0, #6
10001b82:	f000 f9bd 	bl	10001f00 <clock_get_hz>
10001b86:	4906      	ldr	r1, [pc, #24]	; (10001ba0 <uart_disable_before_lcr_write+0x44>)
10001b88:	f001 fc20 	bl	100033cc <__wrap___aeabi_uidiv>
10001b8c:	0001      	movs	r1, r0
10001b8e:	0028      	movs	r0, r5
10001b90:	f001 fc1c 	bl	100033cc <__wrap___aeabi_uidiv>
10001b94:	2100      	movs	r1, #0
10001b96:	f7ff fcc1 	bl	1000151c <busy_wait_us>
10001b9a:	e7e3      	b.n	10001b64 <uart_disable_before_lcr_write+0x8>
10001b9c:	00000301 	.word	0x00000301
10001ba0:	00000e4e 	.word	0x00000e4e

10001ba4 <uart_write_lcr_bits_masked>:
10001ba4:	b570      	push	{r4, r5, r6, lr}
10001ba6:	0004      	movs	r4, r0
10001ba8:	000e      	movs	r6, r1
10001baa:	0015      	movs	r5, r2
10001bac:	f7ff ffd6 	bl	10001b5c <uart_disable_before_lcr_write>
10001bb0:	0022      	movs	r2, r4
10001bb2:	322c      	adds	r2, #44	; 0x2c
10001bb4:	6ae1      	ldr	r1, [r4, #44]	; 0x2c
10001bb6:	404e      	eors	r6, r1
10001bb8:	4035      	ands	r5, r6
10001bba:	2380      	movs	r3, #128	; 0x80
10001bbc:	015b      	lsls	r3, r3, #5
10001bbe:	4313      	orrs	r3, r2
10001bc0:	601d      	str	r5, [r3, #0]
10001bc2:	6320      	str	r0, [r4, #48]	; 0x30
10001bc4:	bd70      	pop	{r4, r5, r6, pc}
	...

10001bc8 <uart_set_baudrate>:
10001bc8:	b570      	push	{r4, r5, r6, lr}
10001bca:	0005      	movs	r5, r0
10001bcc:	000c      	movs	r4, r1
10001bce:	2006      	movs	r0, #6
10001bd0:	f000 f996 	bl	10001f00 <clock_get_hz>
10001bd4:	00c0      	lsls	r0, r0, #3
10001bd6:	0021      	movs	r1, r4
10001bd8:	f001 fbf8 	bl	100033cc <__wrap___aeabi_uidiv>
10001bdc:	09c6      	lsrs	r6, r0, #7
10001bde:	d008      	beq.n	10001bf2 <uart_set_baudrate+0x2a>
10001be0:	4b0e      	ldr	r3, [pc, #56]	; (10001c1c <uart_set_baudrate+0x54>)
10001be2:	429e      	cmp	r6, r3
10001be4:	d816      	bhi.n	10001c14 <uart_set_baudrate+0x4c>
10001be6:	237f      	movs	r3, #127	; 0x7f
10001be8:	4018      	ands	r0, r3
10001bea:	3001      	adds	r0, #1
10001bec:	0034      	movs	r4, r6
10001bee:	0846      	lsrs	r6, r0, #1
10001bf0:	e000      	b.n	10001bf4 <uart_set_baudrate+0x2c>
10001bf2:	2401      	movs	r4, #1
10001bf4:	626c      	str	r4, [r5, #36]	; 0x24
10001bf6:	62ae      	str	r6, [r5, #40]	; 0x28
10001bf8:	2200      	movs	r2, #0
10001bfa:	2100      	movs	r1, #0
10001bfc:	0028      	movs	r0, r5
10001bfe:	f7ff ffd1 	bl	10001ba4 <uart_write_lcr_bits_masked>
10001c02:	2006      	movs	r0, #6
10001c04:	f000 f97c 	bl	10001f00 <clock_get_hz>
10001c08:	0080      	lsls	r0, r0, #2
10001c0a:	01a1      	lsls	r1, r4, #6
10001c0c:	1989      	adds	r1, r1, r6
10001c0e:	f001 fbdd 	bl	100033cc <__wrap___aeabi_uidiv>
10001c12:	bd70      	pop	{r4, r5, r6, pc}
10001c14:	2600      	movs	r6, #0
10001c16:	4c02      	ldr	r4, [pc, #8]	; (10001c20 <uart_set_baudrate+0x58>)
10001c18:	e7ec      	b.n	10001bf4 <uart_set_baudrate+0x2c>
10001c1a:	46c0      	nop			; (mov r8, r8)
10001c1c:	0000fffe 	.word	0x0000fffe
10001c20:	0000ffff 	.word	0x0000ffff

10001c24 <uart_set_format>:
10001c24:	b510      	push	{r4, lr}
10001c26:	3905      	subs	r1, #5
10001c28:	0149      	lsls	r1, r1, #5
10001c2a:	3a01      	subs	r2, #1
10001c2c:	00d2      	lsls	r2, r2, #3
10001c2e:	4311      	orrs	r1, r2
10001c30:	2b00      	cmp	r3, #0
10001c32:	d009      	beq.n	10001c48 <uart_set_format+0x24>
10001c34:	2202      	movs	r2, #2
10001c36:	430a      	orrs	r2, r1
10001c38:	2b01      	cmp	r3, #1
10001c3a:	d007      	beq.n	10001c4c <uart_set_format+0x28>
10001c3c:	2100      	movs	r1, #0
10001c3e:	4311      	orrs	r1, r2
10001c40:	226e      	movs	r2, #110	; 0x6e
10001c42:	f7ff ffaf 	bl	10001ba4 <uart_write_lcr_bits_masked>
10001c46:	bd10      	pop	{r4, pc}
10001c48:	2200      	movs	r2, #0
10001c4a:	e7f4      	b.n	10001c36 <uart_set_format+0x12>
10001c4c:	2104      	movs	r1, #4
10001c4e:	e7f6      	b.n	10001c3e <uart_set_format+0x1a>

10001c50 <uart_set_translate_crlf>:
10001c50:	2900      	cmp	r1, #0
10001c52:	d009      	beq.n	10001c68 <uart_set_translate_crlf+0x18>
10001c54:	220a      	movs	r2, #10
10001c56:	4b06      	ldr	r3, [pc, #24]	; (10001c70 <uart_set_translate_crlf+0x20>)
10001c58:	469c      	mov	ip, r3
10001c5a:	4460      	add	r0, ip
10001c5c:	4243      	negs	r3, r0
10001c5e:	4158      	adcs	r0, r3
10001c60:	0040      	lsls	r0, r0, #1
10001c62:	4b04      	ldr	r3, [pc, #16]	; (10001c74 <uart_set_translate_crlf+0x24>)
10001c64:	52c2      	strh	r2, [r0, r3]
10001c66:	4770      	bx	lr
10001c68:	2280      	movs	r2, #128	; 0x80
10001c6a:	0052      	lsls	r2, r2, #1
10001c6c:	e7f3      	b.n	10001c56 <uart_set_translate_crlf+0x6>
10001c6e:	46c0      	nop			; (mov r8, r8)
10001c70:	bffc8000 	.word	0xbffc8000
10001c74:	200006e8 	.word	0x200006e8

10001c78 <uart_init>:
10001c78:	b570      	push	{r4, r5, r6, lr}
10001c7a:	0005      	movs	r5, r0
10001c7c:	000c      	movs	r4, r1
10001c7e:	2006      	movs	r0, #6
10001c80:	f000 f93e 	bl	10001f00 <clock_get_hz>
10001c84:	1e06      	subs	r6, r0, #0
10001c86:	d027      	beq.n	10001cd8 <uart_init+0x60>
10001c88:	4b16      	ldr	r3, [pc, #88]	; (10001ce4 <uart_init+0x6c>)
10001c8a:	429d      	cmp	r5, r3
10001c8c:	d026      	beq.n	10001cdc <uart_init+0x64>
10001c8e:	2280      	movs	r2, #128	; 0x80
10001c90:	03d2      	lsls	r2, r2, #15
10001c92:	4b15      	ldr	r3, [pc, #84]	; (10001ce8 <uart_init+0x70>)
10001c94:	601a      	str	r2, [r3, #0]
10001c96:	4b15      	ldr	r3, [pc, #84]	; (10001cec <uart_init+0x74>)
10001c98:	601a      	str	r2, [r3, #0]
10001c9a:	4b15      	ldr	r3, [pc, #84]	; (10001cf0 <uart_init+0x78>)
10001c9c:	689b      	ldr	r3, [r3, #8]
10001c9e:	0011      	movs	r1, r2
10001ca0:	4399      	bics	r1, r3
10001ca2:	d1fa      	bne.n	10001c9a <uart_init+0x22>
10001ca4:	2100      	movs	r1, #0
10001ca6:	0028      	movs	r0, r5
10001ca8:	f7ff ffd2 	bl	10001c50 <uart_set_translate_crlf>
10001cac:	0021      	movs	r1, r4
10001cae:	0028      	movs	r0, r5
10001cb0:	f7ff ff8a 	bl	10001bc8 <uart_set_baudrate>
10001cb4:	0006      	movs	r6, r0
10001cb6:	2300      	movs	r3, #0
10001cb8:	2201      	movs	r2, #1
10001cba:	2108      	movs	r1, #8
10001cbc:	0028      	movs	r0, r5
10001cbe:	f7ff ffb1 	bl	10001c24 <uart_set_format>
10001cc2:	002a      	movs	r2, r5
10001cc4:	322c      	adds	r2, #44	; 0x2c
10001cc6:	2380      	movs	r3, #128	; 0x80
10001cc8:	019b      	lsls	r3, r3, #6
10001cca:	4313      	orrs	r3, r2
10001ccc:	2210      	movs	r2, #16
10001cce:	601a      	str	r2, [r3, #0]
10001cd0:	4b08      	ldr	r3, [pc, #32]	; (10001cf4 <uart_init+0x7c>)
10001cd2:	632b      	str	r3, [r5, #48]	; 0x30
10001cd4:	2303      	movs	r3, #3
10001cd6:	64ab      	str	r3, [r5, #72]	; 0x48
10001cd8:	0030      	movs	r0, r6
10001cda:	bd70      	pop	{r4, r5, r6, pc}
10001cdc:	2280      	movs	r2, #128	; 0x80
10001cde:	0412      	lsls	r2, r2, #16
10001ce0:	e7d7      	b.n	10001c92 <uart_init+0x1a>
10001ce2:	46c0      	nop			; (mov r8, r8)
10001ce4:	40038000 	.word	0x40038000
10001ce8:	4000e000 	.word	0x4000e000
10001cec:	4000f000 	.word	0x4000f000
10001cf0:	4000c000 	.word	0x4000c000
10001cf4:	00000301 	.word	0x00000301

10001cf8 <clock_configure>:
10001cf8:	b5f8      	push	{r3, r4, r5, r6, r7, lr}
10001cfa:	46de      	mov	lr, fp
10001cfc:	4657      	mov	r7, sl
10001cfe:	464e      	mov	r6, r9
10001d00:	4645      	mov	r5, r8
10001d02:	b5e0      	push	{r5, r6, r7, lr}
10001d04:	0005      	movs	r5, r0
10001d06:	000f      	movs	r7, r1
10001d08:	4692      	mov	sl, r2
10001d0a:	9a0a      	ldr	r2, [sp, #40]	; 0x28
10001d0c:	4293      	cmp	r3, r2
10001d0e:	d350      	bcc.n	10001db2 <clock_configure+0xba>
10001d10:	0e1a      	lsrs	r2, r3, #24
10001d12:	4691      	mov	r9, r2
10001d14:	021e      	lsls	r6, r3, #8
10001d16:	9a0a      	ldr	r2, [sp, #40]	; 0x28
10001d18:	2300      	movs	r3, #0
10001d1a:	0030      	movs	r0, r6
10001d1c:	4649      	mov	r1, r9
10001d1e:	f001 fb93 	bl	10003448 <__wrap___aeabi_uldivmod>
10001d22:	4680      	mov	r8, r0
10001d24:	006c      	lsls	r4, r5, #1
10001d26:	1964      	adds	r4, r4, r5
10001d28:	00a4      	lsls	r4, r4, #2
10001d2a:	4b30      	ldr	r3, [pc, #192]	; (10001dec <clock_configure+0xf4>)
10001d2c:	469c      	mov	ip, r3
10001d2e:	4464      	add	r4, ip
10001d30:	6863      	ldr	r3, [r4, #4]
10001d32:	4283      	cmp	r3, r0
10001d34:	d200      	bcs.n	10001d38 <clock_configure+0x40>
10001d36:	6060      	str	r0, [r4, #4]
10001d38:	1f2b      	subs	r3, r5, #4
10001d3a:	b2db      	uxtb	r3, r3
10001d3c:	469b      	mov	fp, r3
10001d3e:	2b01      	cmp	r3, #1
10001d40:	d93d      	bls.n	10001dbe <clock_configure+0xc6>
10001d42:	23c0      	movs	r3, #192	; 0xc0
10001d44:	019b      	lsls	r3, r3, #6
10001d46:	4323      	orrs	r3, r4
10001d48:	2280      	movs	r2, #128	; 0x80
10001d4a:	0112      	lsls	r2, r2, #4
10001d4c:	601a      	str	r2, [r3, #0]
10001d4e:	00ab      	lsls	r3, r5, #2
10001d50:	4a27      	ldr	r2, [pc, #156]	; (10001df0 <clock_configure+0xf8>)
10001d52:	5899      	ldr	r1, [r3, r2]
10001d54:	2900      	cmp	r1, #0
10001d56:	d007      	beq.n	10001d68 <clock_configure+0x70>
10001d58:	6950      	ldr	r0, [r2, #20]
10001d5a:	f001 fb37 	bl	100033cc <__wrap___aeabi_uidiv>
10001d5e:	1c43      	adds	r3, r0, #1
10001d60:	0058      	lsls	r0, r3, #1
10001d62:	18c0      	adds	r0, r0, r3
10001d64:	3803      	subs	r0, #3
10001d66:	d2fd      	bcs.n	10001d64 <clock_configure+0x6c>
10001d68:	4653      	mov	r3, sl
10001d6a:	015a      	lsls	r2, r3, #5
10001d6c:	6823      	ldr	r3, [r4, #0]
10001d6e:	405a      	eors	r2, r3
10001d70:	23e0      	movs	r3, #224	; 0xe0
10001d72:	401a      	ands	r2, r3
10001d74:	2380      	movs	r3, #128	; 0x80
10001d76:	015b      	lsls	r3, r3, #5
10001d78:	4323      	orrs	r3, r4
10001d7a:	601a      	str	r2, [r3, #0]
10001d7c:	465a      	mov	r2, fp
10001d7e:	2a01      	cmp	r2, #1
10001d80:	d928      	bls.n	10001dd4 <clock_configure+0xdc>
10001d82:	2380      	movs	r3, #128	; 0x80
10001d84:	019b      	lsls	r3, r3, #6
10001d86:	4323      	orrs	r3, r4
10001d88:	2280      	movs	r2, #128	; 0x80
10001d8a:	0112      	lsls	r2, r2, #4
10001d8c:	601a      	str	r2, [r3, #0]
10001d8e:	4643      	mov	r3, r8
10001d90:	6063      	str	r3, [r4, #4]
10001d92:	4642      	mov	r2, r8
10001d94:	2300      	movs	r3, #0
10001d96:	0030      	movs	r0, r6
10001d98:	4649      	mov	r1, r9
10001d9a:	f001 fb55 	bl	10003448 <__wrap___aeabi_uldivmod>
10001d9e:	00ad      	lsls	r5, r5, #2
10001da0:	4b13      	ldr	r3, [pc, #76]	; (10001df0 <clock_configure+0xf8>)
10001da2:	5158      	str	r0, [r3, r5]
10001da4:	2001      	movs	r0, #1
10001da6:	bcf0      	pop	{r4, r5, r6, r7}
10001da8:	46bb      	mov	fp, r7
10001daa:	46b2      	mov	sl, r6
10001dac:	46a9      	mov	r9, r5
10001dae:	46a0      	mov	r8, r4
10001db0:	bdf8      	pop	{r3, r4, r5, r6, r7, pc}
10001db2:	4b10      	ldr	r3, [pc, #64]	; (10001df4 <clock_configure+0xfc>)
10001db4:	4a10      	ldr	r2, [pc, #64]	; (10001df8 <clock_configure+0x100>)
10001db6:	2133      	movs	r1, #51	; 0x33
10001db8:	4810      	ldr	r0, [pc, #64]	; (10001dfc <clock_configure+0x104>)
10001dba:	f000 f959 	bl	10002070 <__assert_func>
10001dbe:	2f01      	cmp	r7, #1
10001dc0:	d1bf      	bne.n	10001d42 <clock_configure+0x4a>
10001dc2:	23c0      	movs	r3, #192	; 0xc0
10001dc4:	019b      	lsls	r3, r3, #6
10001dc6:	4323      	orrs	r3, r4
10001dc8:	2203      	movs	r2, #3
10001dca:	601a      	str	r2, [r3, #0]
10001dcc:	68a3      	ldr	r3, [r4, #8]
10001dce:	07db      	lsls	r3, r3, #31
10001dd0:	d5fc      	bpl.n	10001dcc <clock_configure+0xd4>
10001dd2:	e7c9      	b.n	10001d68 <clock_configure+0x70>
10001dd4:	6821      	ldr	r1, [r4, #0]
10001dd6:	4079      	eors	r1, r7
10001dd8:	2203      	movs	r2, #3
10001dda:	400a      	ands	r2, r1
10001ddc:	601a      	str	r2, [r3, #0]
10001dde:	68a2      	ldr	r2, [r4, #8]
10001de0:	2301      	movs	r3, #1
10001de2:	40bb      	lsls	r3, r7
10001de4:	4213      	tst	r3, r2
10001de6:	d0fa      	beq.n	10001dde <clock_configure+0xe6>
10001de8:	e7cb      	b.n	10001d82 <clock_configure+0x8a>
10001dea:	46c0      	nop			; (mov r8, r8)
10001dec:	40008000 	.word	0x40008000
10001df0:	2000044c 	.word	0x2000044c
10001df4:	10004ba8 	.word	0x10004ba8
10001df8:	10004c1c 	.word	0x10004c1c
10001dfc:	10004bbc 	.word	0x10004bbc

10001e00 <clocks_init>:
10001e00:	b530      	push	{r4, r5, lr}
10001e02:	b083      	sub	sp, #12
10001e04:	200c      	movs	r0, #12
10001e06:	f000 f911 	bl	1000202c <watchdog_start_tick>
10001e0a:	f7fe fb69 	bl	100004e0 <running_on_fpga>
10001e0e:	2800      	cmp	r0, #0
10001e10:	d00d      	beq.n	10001e2e <clocks_init+0x2e>
10001e12:	2300      	movs	r3, #0
10001e14:	e004      	b.n	10001e20 <clocks_init+0x20>
10001e16:	0099      	lsls	r1, r3, #2
10001e18:	4a2d      	ldr	r2, [pc, #180]	; (10001ed0 <clocks_init+0xd0>)
10001e1a:	482e      	ldr	r0, [pc, #184]	; (10001ed4 <clocks_init+0xd4>)
10001e1c:	5088      	str	r0, [r1, r2]
10001e1e:	3301      	adds	r3, #1
10001e20:	2b09      	cmp	r3, #9
10001e22:	d9f8      	bls.n	10001e16 <clocks_init+0x16>
10001e24:	4b2a      	ldr	r3, [pc, #168]	; (10001ed0 <clocks_init+0xd0>)
10001e26:	4a2c      	ldr	r2, [pc, #176]	; (10001ed8 <clocks_init+0xd8>)
10001e28:	625a      	str	r2, [r3, #36]	; 0x24
10001e2a:	b003      	add	sp, #12
10001e2c:	bd30      	pop	{r4, r5, pc}
10001e2e:	4b2b      	ldr	r3, [pc, #172]	; (10001edc <clocks_init+0xdc>)
10001e30:	2200      	movs	r2, #0
10001e32:	679a      	str	r2, [r3, #120]	; 0x78
10001e34:	f000 f902 	bl	1000203c <xosc_init>
10001e38:	4b29      	ldr	r3, [pc, #164]	; (10001ee0 <clocks_init+0xe0>)
10001e3a:	2201      	movs	r2, #1
10001e3c:	601a      	str	r2, [r3, #0]
10001e3e:	4b27      	ldr	r3, [pc, #156]	; (10001edc <clocks_init+0xdc>)
10001e40:	6c5b      	ldr	r3, [r3, #68]	; 0x44
10001e42:	2b01      	cmp	r3, #1
10001e44:	d1fb      	bne.n	10001e3e <clocks_init+0x3e>
10001e46:	4b27      	ldr	r3, [pc, #156]	; (10001ee4 <clocks_init+0xe4>)
10001e48:	2203      	movs	r2, #3
10001e4a:	601a      	str	r2, [r3, #0]
10001e4c:	4b23      	ldr	r3, [pc, #140]	; (10001edc <clocks_init+0xdc>)
10001e4e:	6b9b      	ldr	r3, [r3, #56]	; 0x38
10001e50:	2b01      	cmp	r3, #1
10001e52:	d1fb      	bne.n	10001e4c <clocks_init+0x4c>
10001e54:	3301      	adds	r3, #1
10001e56:	9300      	str	r3, [sp, #0]
10001e58:	3304      	adds	r3, #4
10001e5a:	4a23      	ldr	r2, [pc, #140]	; (10001ee8 <clocks_init+0xe8>)
10001e5c:	2101      	movs	r1, #1
10001e5e:	4823      	ldr	r0, [pc, #140]	; (10001eec <clocks_init+0xec>)
10001e60:	f000 f854 	bl	10001f0c <pll_init>
10001e64:	2305      	movs	r3, #5
10001e66:	9300      	str	r3, [sp, #0]
10001e68:	4a21      	ldr	r2, [pc, #132]	; (10001ef0 <clocks_init+0xf0>)
10001e6a:	2101      	movs	r1, #1
10001e6c:	4821      	ldr	r0, [pc, #132]	; (10001ef4 <clocks_init+0xf4>)
10001e6e:	f000 f84d 	bl	10001f0c <pll_init>
10001e72:	4b21      	ldr	r3, [pc, #132]	; (10001ef8 <clocks_init+0xf8>)
10001e74:	9300      	str	r3, [sp, #0]
10001e76:	2200      	movs	r2, #0
10001e78:	2102      	movs	r1, #2
10001e7a:	2004      	movs	r0, #4
10001e7c:	f7ff ff3c 	bl	10001cf8 <clock_configure>
10001e80:	4d1e      	ldr	r5, [pc, #120]	; (10001efc <clocks_init+0xfc>)
10001e82:	9500      	str	r5, [sp, #0]
10001e84:	002b      	movs	r3, r5
10001e86:	2200      	movs	r2, #0
10001e88:	2101      	movs	r1, #1
10001e8a:	2005      	movs	r0, #5
10001e8c:	f7ff ff34 	bl	10001cf8 <clock_configure>
10001e90:	4c10      	ldr	r4, [pc, #64]	; (10001ed4 <clocks_init+0xd4>)
10001e92:	9400      	str	r4, [sp, #0]
10001e94:	0023      	movs	r3, r4
10001e96:	2200      	movs	r2, #0
10001e98:	2100      	movs	r1, #0
10001e9a:	2007      	movs	r0, #7
10001e9c:	f7ff ff2c 	bl	10001cf8 <clock_configure>
10001ea0:	9400      	str	r4, [sp, #0]
10001ea2:	0023      	movs	r3, r4
10001ea4:	2200      	movs	r2, #0
10001ea6:	2100      	movs	r1, #0
10001ea8:	2008      	movs	r0, #8
10001eaa:	f7ff ff25 	bl	10001cf8 <clock_configure>
10001eae:	4b0a      	ldr	r3, [pc, #40]	; (10001ed8 <clocks_init+0xd8>)
10001eb0:	9300      	str	r3, [sp, #0]
10001eb2:	0023      	movs	r3, r4
10001eb4:	2200      	movs	r2, #0
10001eb6:	2100      	movs	r1, #0
10001eb8:	2009      	movs	r0, #9
10001eba:	f7ff ff1d 	bl	10001cf8 <clock_configure>
10001ebe:	9500      	str	r5, [sp, #0]
10001ec0:	002b      	movs	r3, r5
10001ec2:	2200      	movs	r2, #0
10001ec4:	2100      	movs	r1, #0
10001ec6:	2006      	movs	r0, #6
10001ec8:	f7ff ff16 	bl	10001cf8 <clock_configure>
10001ecc:	e7ad      	b.n	10001e2a <clocks_init+0x2a>
10001ece:	46c0      	nop			; (mov r8, r8)
10001ed0:	2000044c 	.word	0x2000044c
10001ed4:	02dc6c00 	.word	0x02dc6c00
10001ed8:	0000b71b 	.word	0x0000b71b
10001edc:	40008000 	.word	0x40008000
10001ee0:	4000b03c 	.word	0x4000b03c
10001ee4:	4000b030 	.word	0x4000b030
10001ee8:	59682f00 	.word	0x59682f00
10001eec:	40028000 	.word	0x40028000
10001ef0:	47868c00 	.word	0x47868c00
10001ef4:	4002c000 	.word	0x4002c000
10001ef8:	00b71b00 	.word	0x00b71b00
10001efc:	07735940 	.word	0x07735940

10001f00 <clock_get_hz>:
10001f00:	0080      	lsls	r0, r0, #2
10001f02:	4b01      	ldr	r3, [pc, #4]	; (10001f08 <clock_get_hz+0x8>)
10001f04:	58c0      	ldr	r0, [r0, r3]
10001f06:	4770      	bx	lr
10001f08:	2000044c 	.word	0x2000044c

10001f0c <pll_init>:
10001f0c:	b5f0      	push	{r4, r5, r6, r7, lr}
10001f0e:	46c6      	mov	lr, r8
10001f10:	b500      	push	{lr}
10001f12:	0004      	movs	r4, r0
10001f14:	000e      	movs	r6, r1
10001f16:	0017      	movs	r7, r2
10001f18:	001d      	movs	r5, r3
10001f1a:	4837      	ldr	r0, [pc, #220]	; (10001ff8 <pll_init+0xec>)
10001f1c:	f001 fa56 	bl	100033cc <__wrap___aeabi_uidiv>
10001f20:	4680      	mov	r8, r0
10001f22:	4b36      	ldr	r3, [pc, #216]	; (10001ffc <pll_init+0xf0>)
10001f24:	18fa      	adds	r2, r7, r3
10001f26:	4b36      	ldr	r3, [pc, #216]	; (10002000 <pll_init+0xf4>)
10001f28:	429a      	cmp	r2, r3
10001f2a:	d839      	bhi.n	10001fa0 <pll_init+0x94>
10001f2c:	0001      	movs	r1, r0
10001f2e:	0038      	movs	r0, r7
10001f30:	f001 fa4c 	bl	100033cc <__wrap___aeabi_uidiv>
10001f34:	0002      	movs	r2, r0
10001f36:	3a10      	subs	r2, #16
10001f38:	2398      	movs	r3, #152	; 0x98
10001f3a:	005b      	lsls	r3, r3, #1
10001f3c:	429a      	cmp	r2, r3
10001f3e:	d835      	bhi.n	10001fac <pll_init+0xa0>
10001f40:	1e6b      	subs	r3, r5, #1
10001f42:	2b06      	cmp	r3, #6
10001f44:	d838      	bhi.n	10001fb8 <pll_init+0xac>
10001f46:	9b06      	ldr	r3, [sp, #24]
10001f48:	3b01      	subs	r3, #1
10001f4a:	2b06      	cmp	r3, #6
10001f4c:	d834      	bhi.n	10001fb8 <pll_init+0xac>
10001f4e:	093f      	lsrs	r7, r7, #4
10001f50:	4547      	cmp	r7, r8
10001f52:	d337      	bcc.n	10001fc4 <pll_init+0xb8>
10001f54:	042d      	lsls	r5, r5, #16
10001f56:	9b06      	ldr	r3, [sp, #24]
10001f58:	031a      	lsls	r2, r3, #12
10001f5a:	4315      	orrs	r5, r2
10001f5c:	6823      	ldr	r3, [r4, #0]
10001f5e:	2b00      	cmp	r3, #0
10001f60:	db36      	blt.n	10001fd0 <pll_init+0xc4>
10001f62:	4b28      	ldr	r3, [pc, #160]	; (10002004 <pll_init+0xf8>)
10001f64:	429c      	cmp	r4, r3
10001f66:	d044      	beq.n	10001ff2 <pll_init+0xe6>
10001f68:	2280      	movs	r2, #128	; 0x80
10001f6a:	0152      	lsls	r2, r2, #5
10001f6c:	4b26      	ldr	r3, [pc, #152]	; (10002008 <pll_init+0xfc>)
10001f6e:	601a      	str	r2, [r3, #0]
10001f70:	4b26      	ldr	r3, [pc, #152]	; (1000200c <pll_init+0x100>)
10001f72:	601a      	str	r2, [r3, #0]
10001f74:	4b26      	ldr	r3, [pc, #152]	; (10002010 <pll_init+0x104>)
10001f76:	689b      	ldr	r3, [r3, #8]
10001f78:	0011      	movs	r1, r2
10001f7a:	4399      	bics	r1, r3
10001f7c:	d1fa      	bne.n	10001f74 <pll_init+0x68>
10001f7e:	6026      	str	r6, [r4, #0]
10001f80:	60a0      	str	r0, [r4, #8]
10001f82:	1d23      	adds	r3, r4, #4
10001f84:	22c0      	movs	r2, #192	; 0xc0
10001f86:	0192      	lsls	r2, r2, #6
10001f88:	431a      	orrs	r2, r3
10001f8a:	2321      	movs	r3, #33	; 0x21
10001f8c:	6013      	str	r3, [r2, #0]
10001f8e:	6823      	ldr	r3, [r4, #0]
10001f90:	2b00      	cmp	r3, #0
10001f92:	dafc      	bge.n	10001f8e <pll_init+0x82>
10001f94:	60e5      	str	r5, [r4, #12]
10001f96:	2308      	movs	r3, #8
10001f98:	6013      	str	r3, [r2, #0]
10001f9a:	bc80      	pop	{r7}
10001f9c:	46b8      	mov	r8, r7
10001f9e:	bdf0      	pop	{r4, r5, r6, r7, pc}
10001fa0:	4b1c      	ldr	r3, [pc, #112]	; (10002014 <pll_init+0x108>)
10001fa2:	4a1d      	ldr	r2, [pc, #116]	; (10002018 <pll_init+0x10c>)
10001fa4:	2111      	movs	r1, #17
10001fa6:	481d      	ldr	r0, [pc, #116]	; (1000201c <pll_init+0x110>)
10001fa8:	f000 f862 	bl	10002070 <__assert_func>
10001fac:	4b1c      	ldr	r3, [pc, #112]	; (10002020 <pll_init+0x114>)
10001fae:	4a1a      	ldr	r2, [pc, #104]	; (10002018 <pll_init+0x10c>)
10001fb0:	2119      	movs	r1, #25
10001fb2:	481a      	ldr	r0, [pc, #104]	; (1000201c <pll_init+0x110>)
10001fb4:	f000 f85c 	bl	10002070 <__assert_func>
10001fb8:	4b1a      	ldr	r3, [pc, #104]	; (10002024 <pll_init+0x118>)
10001fba:	4a17      	ldr	r2, [pc, #92]	; (10002018 <pll_init+0x10c>)
10001fbc:	211c      	movs	r1, #28
10001fbe:	4817      	ldr	r0, [pc, #92]	; (1000201c <pll_init+0x110>)
10001fc0:	f000 f856 	bl	10002070 <__assert_func>
10001fc4:	4b18      	ldr	r3, [pc, #96]	; (10002028 <pll_init+0x11c>)
10001fc6:	4a14      	ldr	r2, [pc, #80]	; (10002018 <pll_init+0x10c>)
10001fc8:	2123      	movs	r1, #35	; 0x23
10001fca:	4814      	ldr	r0, [pc, #80]	; (1000201c <pll_init+0x110>)
10001fcc:	f000 f850 	bl	10002070 <__assert_func>
10001fd0:	6822      	ldr	r2, [r4, #0]
10001fd2:	233f      	movs	r3, #63	; 0x3f
10001fd4:	4013      	ands	r3, r2
10001fd6:	42b3      	cmp	r3, r6
10001fd8:	d1c3      	bne.n	10001f62 <pll_init+0x56>
10001fda:	68a3      	ldr	r3, [r4, #8]
10001fdc:	051b      	lsls	r3, r3, #20
10001fde:	0d1b      	lsrs	r3, r3, #20
10001fe0:	4283      	cmp	r3, r0
10001fe2:	d1be      	bne.n	10001f62 <pll_init+0x56>
10001fe4:	68e3      	ldr	r3, [r4, #12]
10001fe6:	22ee      	movs	r2, #238	; 0xee
10001fe8:	02d2      	lsls	r2, r2, #11
10001fea:	4013      	ands	r3, r2
10001fec:	42ab      	cmp	r3, r5
10001fee:	d1b8      	bne.n	10001f62 <pll_init+0x56>
10001ff0:	e7d3      	b.n	10001f9a <pll_init+0x8e>
10001ff2:	2280      	movs	r2, #128	; 0x80
10001ff4:	0192      	lsls	r2, r2, #6
10001ff6:	e7b9      	b.n	10001f6c <pll_init+0x60>
10001ff8:	00b71b00 	.word	0x00b71b00
10001ffc:	d34be880 	.word	0xd34be880
10002000:	32a9f880 	.word	0x32a9f880
10002004:	4002c000 	.word	0x4002c000
10002008:	4000e000 	.word	0x4000e000
1000200c:	4000f000 	.word	0x4000f000
10002010:	4000c000 	.word	0x4000c000
10002014:	10004c2c 	.word	0x10004c2c
10002018:	10004d6c 	.word	0x10004d6c
1000201c:	10004c8c 	.word	0x10004c8c
10002020:	10004ce8 	.word	0x10004ce8
10002024:	10004d04 	.word	0x10004d04
10002028:	10004d50 	.word	0x10004d50

1000202c <watchdog_start_tick>:
1000202c:	2380      	movs	r3, #128	; 0x80
1000202e:	009b      	lsls	r3, r3, #2
10002030:	4303      	orrs	r3, r0
10002032:	4a01      	ldr	r2, [pc, #4]	; (10002038 <watchdog_start_tick+0xc>)
10002034:	62d3      	str	r3, [r2, #44]	; 0x2c
10002036:	4770      	bx	lr
10002038:	40058000 	.word	0x40058000

1000203c <xosc_init>:
1000203c:	4b06      	ldr	r3, [pc, #24]	; (10002058 <xosc_init+0x1c>)
1000203e:	22aa      	movs	r2, #170	; 0xaa
10002040:	0112      	lsls	r2, r2, #4
10002042:	601a      	str	r2, [r3, #0]
10002044:	222f      	movs	r2, #47	; 0x2f
10002046:	60da      	str	r2, [r3, #12]
10002048:	4b04      	ldr	r3, [pc, #16]	; (1000205c <xosc_init+0x20>)
1000204a:	4a05      	ldr	r2, [pc, #20]	; (10002060 <xosc_init+0x24>)
1000204c:	601a      	str	r2, [r3, #0]
1000204e:	4b02      	ldr	r3, [pc, #8]	; (10002058 <xosc_init+0x1c>)
10002050:	685b      	ldr	r3, [r3, #4]
10002052:	2b00      	cmp	r3, #0
10002054:	dafb      	bge.n	1000204e <xosc_init+0x12>
10002056:	4770      	bx	lr
10002058:	40024000 	.word	0x40024000
1000205c:	40026000 	.word	0x40026000
10002060:	00fab000 	.word	0x00fab000

10002064 <_exit>:
10002064:	be00      	bkpt	0x0000
10002066:	e7fd      	b.n	10002064 <_exit>

10002068 <exit>:
10002068:	b510      	push	{r4, lr}
1000206a:	f7ff fffb 	bl	10002064 <_exit>
	...

10002070 <__assert_func>:
10002070:	b510      	push	{r4, lr}
10002072:	b082      	sub	sp, #8
10002074:	000c      	movs	r4, r1
10002076:	0019      	movs	r1, r3
10002078:	2a00      	cmp	r2, #0
1000207a:	d00c      	beq.n	10002096 <__assert_func+0x26>
1000207c:	4b08      	ldr	r3, [pc, #32]	; (100020a0 <__assert_func+0x30>)
1000207e:	2a00      	cmp	r2, #0
10002080:	d00b      	beq.n	1000209a <__assert_func+0x2a>
10002082:	9201      	str	r2, [sp, #4]
10002084:	9300      	str	r3, [sp, #0]
10002086:	0023      	movs	r3, r4
10002088:	0002      	movs	r2, r0
1000208a:	4806      	ldr	r0, [pc, #24]	; (100020a4 <__assert_func+0x34>)
1000208c:	f001 feec 	bl	10003e68 <__wrap_printf>
10002090:	2001      	movs	r0, #1
10002092:	f7ff ffe7 	bl	10002064 <_exit>
10002096:	4b04      	ldr	r3, [pc, #16]	; (100020a8 <__assert_func+0x38>)
10002098:	e7f1      	b.n	1000207e <__assert_func+0xe>
1000209a:	4a03      	ldr	r2, [pc, #12]	; (100020a8 <__assert_func+0x38>)
1000209c:	e7f1      	b.n	10002082 <__assert_func+0x12>
1000209e:	46c0      	nop			; (mov r8, r8)
100020a0:	10004d78 	.word	0x10004d78
100020a4:	10004d88 	.word	0x10004d88
100020a8:	10004d84 	.word	0x10004d84

100020ac <runtime_init>:
100020ac:	b570      	push	{r4, r5, r6, lr}
100020ae:	4b2b      	ldr	r3, [pc, #172]	; (1000215c <runtime_init+0xb0>)
100020b0:	4a2b      	ldr	r2, [pc, #172]	; (10002160 <runtime_init+0xb4>)
100020b2:	601a      	str	r2, [r3, #0]
100020b4:	4b2b      	ldr	r3, [pc, #172]	; (10002164 <runtime_init+0xb8>)
100020b6:	4a2c      	ldr	r2, [pc, #176]	; (10002168 <runtime_init+0xbc>)
100020b8:	601a      	str	r2, [r3, #0]
100020ba:	4b2c      	ldr	r3, [pc, #176]	; (1000216c <runtime_init+0xc0>)
100020bc:	689a      	ldr	r2, [r3, #8]
100020be:	4b2a      	ldr	r3, [pc, #168]	; (10002168 <runtime_init+0xbc>)
100020c0:	4393      	bics	r3, r2
100020c2:	d1fa      	bne.n	100020ba <runtime_init+0xe>
100020c4:	4c2a      	ldr	r4, [pc, #168]	; (10002170 <runtime_init+0xc4>)
100020c6:	e001      	b.n	100020cc <runtime_init+0x20>
100020c8:	cc08      	ldmia	r4!, {r3}
100020ca:	4798      	blx	r3
100020cc:	4b29      	ldr	r3, [pc, #164]	; (10002174 <runtime_init+0xc8>)
100020ce:	429c      	cmp	r4, r3
100020d0:	d3fa      	bcc.n	100020c8 <runtime_init+0x1c>
100020d2:	f7ff fe95 	bl	10001e00 <clocks_init>
100020d6:	4b23      	ldr	r3, [pc, #140]	; (10002164 <runtime_init+0xb8>)
100020d8:	4a27      	ldr	r2, [pc, #156]	; (10002178 <runtime_init+0xcc>)
100020da:	601a      	str	r2, [r3, #0]
100020dc:	4b23      	ldr	r3, [pc, #140]	; (1000216c <runtime_init+0xc0>)
100020de:	689b      	ldr	r3, [r3, #8]
100020e0:	43db      	mvns	r3, r3
100020e2:	01db      	lsls	r3, r3, #7
100020e4:	d1fa      	bne.n	100020dc <runtime_init+0x30>
100020e6:	4b25      	ldr	r3, [pc, #148]	; (1000217c <runtime_init+0xd0>)
100020e8:	2240      	movs	r2, #64	; 0x40
100020ea:	679a      	str	r2, [r3, #120]	; 0x78
100020ec:	675a      	str	r2, [r3, #116]	; 0x74
100020ee:	671a      	str	r2, [r3, #112]	; 0x70
100020f0:	66da      	str	r2, [r3, #108]	; 0x6c
100020f2:	4c23      	ldr	r4, [pc, #140]	; (10002180 <runtime_init+0xd4>)
100020f4:	e009      	b.n	1000210a <runtime_init+0x5e>
100020f6:	4b23      	ldr	r3, [pc, #140]	; (10002184 <runtime_init+0xd8>)
100020f8:	4a23      	ldr	r2, [pc, #140]	; (10002188 <runtime_init+0xdc>)
100020fa:	2187      	movs	r1, #135	; 0x87
100020fc:	4823      	ldr	r0, [pc, #140]	; (1000218c <runtime_init+0xe0>)
100020fe:	f7ff ffb7 	bl	10002070 <__assert_func>
10002102:	0020      	movs	r0, r4
10002104:	f7fe fc7e 	bl	10000a04 <mutex_init>
10002108:	3408      	adds	r4, #8
1000210a:	4b21      	ldr	r3, [pc, #132]	; (10002190 <runtime_init+0xe4>)
1000210c:	429c      	cmp	r4, r3
1000210e:	d209      	bcs.n	10002124 <runtime_init+0x78>
10002110:	6823      	ldr	r3, [r4, #0]
10002112:	2b00      	cmp	r3, #0
10002114:	d0f5      	beq.n	10002102 <runtime_init+0x56>
10002116:	2b01      	cmp	r3, #1
10002118:	d1ed      	bne.n	100020f6 <runtime_init+0x4a>
1000211a:	0020      	movs	r0, r4
1000211c:	f7fe fc7f 	bl	10000a1e <recursive_mutex_init>
10002120:	3408      	adds	r4, #8
10002122:	e7f2      	b.n	1000210a <runtime_init+0x5e>
10002124:	4c1b      	ldr	r4, [pc, #108]	; (10002194 <runtime_init+0xe8>)
10002126:	68a1      	ldr	r1, [r4, #8]
10002128:	4d1b      	ldr	r5, [pc, #108]	; (10002198 <runtime_init+0xec>)
1000212a:	22c0      	movs	r2, #192	; 0xc0
1000212c:	0028      	movs	r0, r5
1000212e:	f001 fd35 	bl	10003b9c <__wrap___aeabi_memcpy>
10002132:	60a5      	str	r5, [r4, #8]
10002134:	f3ef 8305 	mrs	r3, IPSR
10002138:	2b00      	cmp	r3, #0
1000213a:	d000      	beq.n	1000213e <runtime_init+0x92>
1000213c:	be00      	bkpt	0x0000
1000213e:	f7fe fa31 	bl	100005a4 <spin_locks_reset>
10002142:	f7fe fc49 	bl	100009d8 <irq_init_priorities>
10002146:	f7fe ffb9 	bl	100010bc <alarm_pool_init_default>
1000214a:	4c14      	ldr	r4, [pc, #80]	; (1000219c <runtime_init+0xf0>)
1000214c:	e001      	b.n	10002152 <runtime_init+0xa6>
1000214e:	cc08      	ldmia	r4!, {r3}
10002150:	4798      	blx	r3
10002152:	4b13      	ldr	r3, [pc, #76]	; (100021a0 <runtime_init+0xf4>)
10002154:	429c      	cmp	r4, r3
10002156:	d3fa      	bcc.n	1000214e <runtime_init+0xa2>
10002158:	bd70      	pop	{r4, r5, r6, pc}
1000215a:	46c0      	nop			; (mov r8, r8)
1000215c:	4000e000 	.word	0x4000e000
10002160:	fefbcdbf 	.word	0xfefbcdbf
10002164:	4000f000 	.word	0x4000f000
10002168:	003c7ffe 	.word	0x003c7ffe
1000216c:	4000c000 	.word	0x4000c000
10002170:	20000300 	.word	0x20000300
10002174:	20000310 	.word	0x20000310
10002178:	01ffffff 	.word	0x01ffffff
1000217c:	4001f000 	.word	0x4001f000
10002180:	200002f8 	.word	0x200002f8
10002184:	10004db8 	.word	0x10004db8
10002188:	10004e48 	.word	0x10004e48
1000218c:	10004dd8 	.word	0x10004dd8
10002190:	20000300 	.word	0x20000300
10002194:	e000ed00 	.word	0xe000ed00
10002198:	20000000 	.word	0x20000000
1000219c:	20000310 	.word	0x20000310
100021a0:	20000314 	.word	0x20000314

100021a4 <panic>:
100021a4:	b40f      	push	{r0, r1, r2, r3}
100021a6:	b500      	push	{lr}
100021a8:	b083      	sub	sp, #12
100021aa:	4808      	ldr	r0, [pc, #32]	; (100021cc <panic+0x28>)
100021ac:	f001 fe2c 	bl	10003e08 <__wrap_puts>
100021b0:	9b04      	ldr	r3, [sp, #16]
100021b2:	2b00      	cmp	r3, #0
100021b4:	d007      	beq.n	100021c6 <panic+0x22>
100021b6:	a905      	add	r1, sp, #20
100021b8:	9101      	str	r1, [sp, #4]
100021ba:	0018      	movs	r0, r3
100021bc:	f001 fe34 	bl	10003e28 <__wrap_vprintf>
100021c0:	4803      	ldr	r0, [pc, #12]	; (100021d0 <panic+0x2c>)
100021c2:	f001 fe21 	bl	10003e08 <__wrap_puts>
100021c6:	2001      	movs	r0, #1
100021c8:	f7ff ff4c 	bl	10002064 <_exit>
100021cc:	10004e38 	.word	0x10004e38
100021d0:	1000424c 	.word	0x1000424c

100021d4 <_out_null>:
100021d4:	4770      	bx	lr

100021d6 <_out_fct>:
100021d6:	b510      	push	{r4, lr}
100021d8:	2800      	cmp	r0, #0
100021da:	d002      	beq.n	100021e2 <_out_fct+0xc>
100021dc:	680b      	ldr	r3, [r1, #0]
100021de:	6849      	ldr	r1, [r1, #4]
100021e0:	4798      	blx	r3
100021e2:	bd10      	pop	{r4, pc}

100021e4 <_atoi>:
100021e4:	0001      	movs	r1, r0
100021e6:	2000      	movs	r0, #0
100021e8:	e007      	b.n	100021fa <_atoi+0x16>
100021ea:	0083      	lsls	r3, r0, #2
100021ec:	181b      	adds	r3, r3, r0
100021ee:	005b      	lsls	r3, r3, #1
100021f0:	1c50      	adds	r0, r2, #1
100021f2:	6008      	str	r0, [r1, #0]
100021f4:	7810      	ldrb	r0, [r2, #0]
100021f6:	18c0      	adds	r0, r0, r3
100021f8:	3830      	subs	r0, #48	; 0x30
100021fa:	680a      	ldr	r2, [r1, #0]
100021fc:	7813      	ldrb	r3, [r2, #0]
100021fe:	3b30      	subs	r3, #48	; 0x30
10002200:	b2db      	uxtb	r3, r3
10002202:	2b09      	cmp	r3, #9
10002204:	d9f1      	bls.n	100021ea <_atoi+0x6>
10002206:	4770      	bx	lr

10002208 <_out_rev>:
10002208:	b5f0      	push	{r4, r5, r6, r7, lr}
1000220a:	46de      	mov	lr, fp
1000220c:	4657      	mov	r7, sl
1000220e:	464e      	mov	r6, r9
10002210:	4645      	mov	r5, r8
10002212:	b5e0      	push	{r5, r6, r7, lr}
10002214:	b083      	sub	sp, #12
10002216:	4693      	mov	fp, r2
10002218:	001f      	movs	r7, r3
1000221a:	9b0c      	ldr	r3, [sp, #48]	; 0x30
1000221c:	469a      	mov	sl, r3
1000221e:	9c0d      	ldr	r4, [sp, #52]	; 0x34
10002220:	9b0e      	ldr	r3, [sp, #56]	; 0x38
10002222:	4699      	mov	r9, r3
10002224:	9b0f      	ldr	r3, [sp, #60]	; 0x3c
10002226:	079b      	lsls	r3, r3, #30
10002228:	d003      	beq.n	10002232 <_out_rev+0x2a>
1000222a:	46b8      	mov	r8, r7
1000222c:	000f      	movs	r7, r1
1000222e:	0006      	movs	r6, r0
10002230:	e022      	b.n	10002278 <_out_rev+0x70>
10002232:	9201      	str	r2, [sp, #4]
10002234:	46a3      	mov	fp, r4
10002236:	4688      	mov	r8, r1
10002238:	464e      	mov	r6, r9
1000223a:	46b9      	mov	r9, r7
1000223c:	0007      	movs	r7, r0
1000223e:	42b4      	cmp	r4, r6
10002240:	d207      	bcs.n	10002252 <_out_rev+0x4a>
10002242:	1c55      	adds	r5, r2, #1
10002244:	464b      	mov	r3, r9
10002246:	4641      	mov	r1, r8
10002248:	2020      	movs	r0, #32
1000224a:	47b8      	blx	r7
1000224c:	3401      	adds	r4, #1
1000224e:	002a      	movs	r2, r5
10002250:	e7f5      	b.n	1000223e <_out_rev+0x36>
10002252:	003d      	movs	r5, r7
10002254:	464f      	mov	r7, r9
10002256:	465c      	mov	r4, fp
10002258:	9b01      	ldr	r3, [sp, #4]
1000225a:	469b      	mov	fp, r3
1000225c:	46b1      	mov	r9, r6
1000225e:	4646      	mov	r6, r8
10002260:	46b8      	mov	r8, r7
10002262:	0037      	movs	r7, r6
10002264:	002e      	movs	r6, r5
10002266:	e007      	b.n	10002278 <_out_rev+0x70>
10002268:	3c01      	subs	r4, #1
1000226a:	1c55      	adds	r5, r2, #1
1000226c:	4653      	mov	r3, sl
1000226e:	5d18      	ldrb	r0, [r3, r4]
10002270:	4643      	mov	r3, r8
10002272:	0039      	movs	r1, r7
10002274:	47b0      	blx	r6
10002276:	002a      	movs	r2, r5
10002278:	2c00      	cmp	r4, #0
1000227a:	d1f5      	bne.n	10002268 <_out_rev+0x60>
1000227c:	0035      	movs	r5, r6
1000227e:	003e      	movs	r6, r7
10002280:	4647      	mov	r7, r8
10002282:	9b0f      	ldr	r3, [sp, #60]	; 0x3c
10002284:	079b      	lsls	r3, r3, #30
10002286:	d407      	bmi.n	10002298 <_out_rev+0x90>
10002288:	0010      	movs	r0, r2
1000228a:	b003      	add	sp, #12
1000228c:	bcf0      	pop	{r4, r5, r6, r7}
1000228e:	46bb      	mov	fp, r7
10002290:	46b2      	mov	sl, r6
10002292:	46a9      	mov	r9, r5
10002294:	46a0      	mov	r8, r4
10002296:	bdf0      	pop	{r4, r5, r6, r7, pc}
10002298:	46b0      	mov	r8, r6
1000229a:	464e      	mov	r6, r9
1000229c:	46b9      	mov	r9, r7
1000229e:	002f      	movs	r7, r5
100022a0:	465d      	mov	r5, fp
100022a2:	1b53      	subs	r3, r2, r5
100022a4:	42b3      	cmp	r3, r6
100022a6:	d2ef      	bcs.n	10002288 <_out_rev+0x80>
100022a8:	1c54      	adds	r4, r2, #1
100022aa:	464b      	mov	r3, r9
100022ac:	4641      	mov	r1, r8
100022ae:	2020      	movs	r0, #32
100022b0:	47b8      	blx	r7
100022b2:	0022      	movs	r2, r4
100022b4:	e7f5      	b.n	100022a2 <_out_rev+0x9a>

100022b6 <_ntoa_format>:
100022b6:	b5f0      	push	{r4, r5, r6, r7, lr}
100022b8:	46ce      	mov	lr, r9
100022ba:	4647      	mov	r7, r8
100022bc:	b580      	push	{r7, lr}
100022be:	b085      	sub	sp, #20
100022c0:	4694      	mov	ip, r2
100022c2:	4698      	mov	r8, r3
100022c4:	9d0c      	ldr	r5, [sp, #48]	; 0x30
100022c6:	9c0d      	ldr	r4, [sp, #52]	; 0x34
100022c8:	ab0e      	add	r3, sp, #56	; 0x38
100022ca:	781b      	ldrb	r3, [r3, #0]
100022cc:	4699      	mov	r9, r3
100022ce:	9a10      	ldr	r2, [sp, #64]	; 0x40
100022d0:	9b11      	ldr	r3, [sp, #68]	; 0x44
100022d2:	9e12      	ldr	r6, [sp, #72]	; 0x48
100022d4:	07b7      	lsls	r7, r6, #30
100022d6:	d41c      	bmi.n	10002312 <_ntoa_format+0x5c>
100022d8:	2b00      	cmp	r3, #0
100022da:	d00c      	beq.n	100022f6 <_ntoa_format+0x40>
100022dc:	07f7      	lsls	r7, r6, #31
100022de:	d50a      	bpl.n	100022f6 <_ntoa_format+0x40>
100022e0:	464f      	mov	r7, r9
100022e2:	2f00      	cmp	r7, #0
100022e4:	d102      	bne.n	100022ec <_ntoa_format+0x36>
100022e6:	370c      	adds	r7, #12
100022e8:	4237      	tst	r7, r6
100022ea:	d004      	beq.n	100022f6 <_ntoa_format+0x40>
100022ec:	3b01      	subs	r3, #1
100022ee:	e002      	b.n	100022f6 <_ntoa_format+0x40>
100022f0:	2730      	movs	r7, #48	; 0x30
100022f2:	552f      	strb	r7, [r5, r4]
100022f4:	3401      	adds	r4, #1
100022f6:	4294      	cmp	r4, r2
100022f8:	d201      	bcs.n	100022fe <_ntoa_format+0x48>
100022fa:	2c1f      	cmp	r4, #31
100022fc:	d9f8      	bls.n	100022f0 <_ntoa_format+0x3a>
100022fe:	07f7      	lsls	r7, r6, #31
10002300:	d507      	bpl.n	10002312 <_ntoa_format+0x5c>
10002302:	429c      	cmp	r4, r3
10002304:	d205      	bcs.n	10002312 <_ntoa_format+0x5c>
10002306:	2c1f      	cmp	r4, #31
10002308:	d803      	bhi.n	10002312 <_ntoa_format+0x5c>
1000230a:	2730      	movs	r7, #48	; 0x30
1000230c:	552f      	strb	r7, [r5, r4]
1000230e:	3401      	adds	r4, #1
10002310:	e7f5      	b.n	100022fe <_ntoa_format+0x48>
10002312:	06f7      	lsls	r7, r6, #27
10002314:	d515      	bpl.n	10002342 <_ntoa_format+0x8c>
10002316:	0577      	lsls	r7, r6, #21
10002318:	d405      	bmi.n	10002326 <_ntoa_format+0x70>
1000231a:	2c00      	cmp	r4, #0
1000231c:	d003      	beq.n	10002326 <_ntoa_format+0x70>
1000231e:	4294      	cmp	r4, r2
10002320:	d024      	beq.n	1000236c <_ntoa_format+0xb6>
10002322:	429c      	cmp	r4, r3
10002324:	d022      	beq.n	1000236c <_ntoa_format+0xb6>
10002326:	9a0f      	ldr	r2, [sp, #60]	; 0x3c
10002328:	2a10      	cmp	r2, #16
1000232a:	d02b      	beq.n	10002384 <_ntoa_format+0xce>
1000232c:	9a0f      	ldr	r2, [sp, #60]	; 0x3c
1000232e:	2a10      	cmp	r2, #16
10002330:	d030      	beq.n	10002394 <_ntoa_format+0xde>
10002332:	9a0f      	ldr	r2, [sp, #60]	; 0x3c
10002334:	2a02      	cmp	r2, #2
10002336:	d035      	beq.n	100023a4 <_ntoa_format+0xee>
10002338:	2c1f      	cmp	r4, #31
1000233a:	d802      	bhi.n	10002342 <_ntoa_format+0x8c>
1000233c:	2230      	movs	r2, #48	; 0x30
1000233e:	552a      	strb	r2, [r5, r4]
10002340:	3401      	adds	r4, #1
10002342:	2c1f      	cmp	r4, #31
10002344:	d805      	bhi.n	10002352 <_ntoa_format+0x9c>
10002346:	464a      	mov	r2, r9
10002348:	2a00      	cmp	r2, #0
1000234a:	d031      	beq.n	100023b0 <_ntoa_format+0xfa>
1000234c:	222d      	movs	r2, #45	; 0x2d
1000234e:	552a      	strb	r2, [r5, r4]
10002350:	3401      	adds	r4, #1
10002352:	9603      	str	r6, [sp, #12]
10002354:	9302      	str	r3, [sp, #8]
10002356:	9401      	str	r4, [sp, #4]
10002358:	9500      	str	r5, [sp, #0]
1000235a:	4643      	mov	r3, r8
1000235c:	4662      	mov	r2, ip
1000235e:	f7ff ff53 	bl	10002208 <_out_rev>
10002362:	b005      	add	sp, #20
10002364:	bcc0      	pop	{r6, r7}
10002366:	46b9      	mov	r9, r7
10002368:	46b0      	mov	r8, r6
1000236a:	bdf0      	pop	{r4, r5, r6, r7, pc}
1000236c:	1e62      	subs	r2, r4, #1
1000236e:	2c01      	cmp	r4, #1
10002370:	d006      	beq.n	10002380 <_ntoa_format+0xca>
10002372:	9f0f      	ldr	r7, [sp, #60]	; 0x3c
10002374:	2f10      	cmp	r7, #16
10002376:	d001      	beq.n	1000237c <_ntoa_format+0xc6>
10002378:	0014      	movs	r4, r2
1000237a:	e7d4      	b.n	10002326 <_ntoa_format+0x70>
1000237c:	3c02      	subs	r4, #2
1000237e:	e7d2      	b.n	10002326 <_ntoa_format+0x70>
10002380:	0014      	movs	r4, r2
10002382:	e7d0      	b.n	10002326 <_ntoa_format+0x70>
10002384:	06b2      	lsls	r2, r6, #26
10002386:	d4d1      	bmi.n	1000232c <_ntoa_format+0x76>
10002388:	2c1f      	cmp	r4, #31
1000238a:	d8cf      	bhi.n	1000232c <_ntoa_format+0x76>
1000238c:	2278      	movs	r2, #120	; 0x78
1000238e:	552a      	strb	r2, [r5, r4]
10002390:	3401      	adds	r4, #1
10002392:	e7d1      	b.n	10002338 <_ntoa_format+0x82>
10002394:	06b2      	lsls	r2, r6, #26
10002396:	d5cc      	bpl.n	10002332 <_ntoa_format+0x7c>
10002398:	2c1f      	cmp	r4, #31
1000239a:	d8ca      	bhi.n	10002332 <_ntoa_format+0x7c>
1000239c:	2258      	movs	r2, #88	; 0x58
1000239e:	552a      	strb	r2, [r5, r4]
100023a0:	3401      	adds	r4, #1
100023a2:	e7c9      	b.n	10002338 <_ntoa_format+0x82>
100023a4:	2c1f      	cmp	r4, #31
100023a6:	d8c7      	bhi.n	10002338 <_ntoa_format+0x82>
100023a8:	3260      	adds	r2, #96	; 0x60
100023aa:	552a      	strb	r2, [r5, r4]
100023ac:	3401      	adds	r4, #1
100023ae:	e7c3      	b.n	10002338 <_ntoa_format+0x82>
100023b0:	0772      	lsls	r2, r6, #29
100023b2:	d503      	bpl.n	100023bc <_ntoa_format+0x106>
100023b4:	222b      	movs	r2, #43	; 0x2b
100023b6:	552a      	strb	r2, [r5, r4]
100023b8:	3401      	adds	r4, #1
100023ba:	e7ca      	b.n	10002352 <_ntoa_format+0x9c>
100023bc:	0732      	lsls	r2, r6, #28
100023be:	d5c8      	bpl.n	10002352 <_ntoa_format+0x9c>
100023c0:	2220      	movs	r2, #32
100023c2:	552a      	strb	r2, [r5, r4]
100023c4:	3401      	adds	r4, #1
100023c6:	e7c4      	b.n	10002352 <_ntoa_format+0x9c>

100023c8 <_ntoa_long>:
100023c8:	b5f0      	push	{r4, r5, r6, r7, lr}
100023ca:	46de      	mov	lr, fp
100023cc:	4657      	mov	r7, sl
100023ce:	464e      	mov	r6, r9
100023d0:	4645      	mov	r5, r8
100023d2:	b5e0      	push	{r5, r6, r7, lr}
100023d4:	b093      	sub	sp, #76	; 0x4c
100023d6:	4681      	mov	r9, r0
100023d8:	468a      	mov	sl, r1
100023da:	9208      	str	r2, [sp, #32]
100023dc:	9309      	str	r3, [sp, #36]	; 0x24
100023de:	ab1c      	add	r3, sp, #112	; 0x70
100023e0:	cb10      	ldmia	r3!, {r4}
100023e2:	781b      	ldrb	r3, [r3, #0]
100023e4:	469b      	mov	fp, r3
100023e6:	9d1e      	ldr	r5, [sp, #120]	; 0x78
100023e8:	9b21      	ldr	r3, [sp, #132]	; 0x84
100023ea:	4698      	mov	r8, r3
100023ec:	2c00      	cmp	r4, #0
100023ee:	d103      	bne.n	100023f8 <_ntoa_long+0x30>
100023f0:	2310      	movs	r3, #16
100023f2:	4642      	mov	r2, r8
100023f4:	439a      	bics	r2, r3
100023f6:	4690      	mov	r8, r2
100023f8:	2380      	movs	r3, #128	; 0x80
100023fa:	00db      	lsls	r3, r3, #3
100023fc:	4646      	mov	r6, r8
100023fe:	401e      	ands	r6, r3
10002400:	4642      	mov	r2, r8
10002402:	421a      	tst	r2, r3
10002404:	d012      	beq.n	1000242c <_ntoa_long+0x64>
10002406:	2c00      	cmp	r4, #0
10002408:	d022      	beq.n	10002450 <_ntoa_long+0x88>
1000240a:	2600      	movs	r6, #0
1000240c:	e00e      	b.n	1000242c <_ntoa_long+0x64>
1000240e:	3330      	adds	r3, #48	; 0x30
10002410:	b2d9      	uxtb	r1, r3
10002412:	1c77      	adds	r7, r6, #1
10002414:	ab0a      	add	r3, sp, #40	; 0x28
10002416:	5599      	strb	r1, [r3, r6]
10002418:	0029      	movs	r1, r5
1000241a:	0020      	movs	r0, r4
1000241c:	f000 ffd6 	bl	100033cc <__wrap___aeabi_uidiv>
10002420:	42ac      	cmp	r4, r5
10002422:	d316      	bcc.n	10002452 <_ntoa_long+0x8a>
10002424:	2f1f      	cmp	r7, #31
10002426:	d814      	bhi.n	10002452 <_ntoa_long+0x8a>
10002428:	003e      	movs	r6, r7
1000242a:	0004      	movs	r4, r0
1000242c:	0029      	movs	r1, r5
1000242e:	0020      	movs	r0, r4
10002430:	f000 ffcc 	bl	100033cc <__wrap___aeabi_uidiv>
10002434:	b2cb      	uxtb	r3, r1
10002436:	2b09      	cmp	r3, #9
10002438:	d9e9      	bls.n	1000240e <_ntoa_long+0x46>
1000243a:	4642      	mov	r2, r8
1000243c:	0692      	lsls	r2, r2, #26
1000243e:	d505      	bpl.n	1000244c <_ntoa_long+0x84>
10002440:	2141      	movs	r1, #65	; 0x41
10002442:	18c9      	adds	r1, r1, r3
10002444:	b2c9      	uxtb	r1, r1
10002446:	390a      	subs	r1, #10
10002448:	b2c9      	uxtb	r1, r1
1000244a:	e7e2      	b.n	10002412 <_ntoa_long+0x4a>
1000244c:	2161      	movs	r1, #97	; 0x61
1000244e:	e7f8      	b.n	10002442 <_ntoa_long+0x7a>
10002450:	0027      	movs	r7, r4
10002452:	4643      	mov	r3, r8
10002454:	9306      	str	r3, [sp, #24]
10002456:	9b20      	ldr	r3, [sp, #128]	; 0x80
10002458:	9305      	str	r3, [sp, #20]
1000245a:	9b1f      	ldr	r3, [sp, #124]	; 0x7c
1000245c:	9304      	str	r3, [sp, #16]
1000245e:	9503      	str	r5, [sp, #12]
10002460:	465b      	mov	r3, fp
10002462:	9302      	str	r3, [sp, #8]
10002464:	9701      	str	r7, [sp, #4]
10002466:	ab0a      	add	r3, sp, #40	; 0x28
10002468:	9300      	str	r3, [sp, #0]
1000246a:	9b09      	ldr	r3, [sp, #36]	; 0x24
1000246c:	9a08      	ldr	r2, [sp, #32]
1000246e:	4651      	mov	r1, sl
10002470:	4648      	mov	r0, r9
10002472:	f7ff ff20 	bl	100022b6 <_ntoa_format>
10002476:	b013      	add	sp, #76	; 0x4c
10002478:	bcf0      	pop	{r4, r5, r6, r7}
1000247a:	46bb      	mov	fp, r7
1000247c:	46b2      	mov	sl, r6
1000247e:	46a9      	mov	r9, r5
10002480:	46a0      	mov	r8, r4
10002482:	bdf0      	pop	{r4, r5, r6, r7, pc}

10002484 <_ntoa_long_long>:
10002484:	b5f0      	push	{r4, r5, r6, r7, lr}
10002486:	46de      	mov	lr, fp
10002488:	4657      	mov	r7, sl
1000248a:	464e      	mov	r6, r9
1000248c:	4645      	mov	r5, r8
1000248e:	b5e0      	push	{r5, r6, r7, lr}
10002490:	b095      	sub	sp, #84	; 0x54
10002492:	9008      	str	r0, [sp, #32]
10002494:	9109      	str	r1, [sp, #36]	; 0x24
10002496:	920a      	str	r2, [sp, #40]	; 0x28
10002498:	930b      	str	r3, [sp, #44]	; 0x2c
1000249a:	9e1e      	ldr	r6, [sp, #120]	; 0x78
1000249c:	9c1f      	ldr	r4, [sp, #124]	; 0x7c
1000249e:	ab20      	add	r3, sp, #128	; 0x80
100024a0:	781b      	ldrb	r3, [r3, #0]
100024a2:	469b      	mov	fp, r3
100024a4:	9b22      	ldr	r3, [sp, #136]	; 0x88
100024a6:	4699      	mov	r9, r3
100024a8:	9d23      	ldr	r5, [sp, #140]	; 0x8c
100024aa:	9b26      	ldr	r3, [sp, #152]	; 0x98
100024ac:	469a      	mov	sl, r3
100024ae:	0033      	movs	r3, r6
100024b0:	4323      	orrs	r3, r4
100024b2:	d103      	bne.n	100024bc <_ntoa_long_long+0x38>
100024b4:	3310      	adds	r3, #16
100024b6:	4652      	mov	r2, sl
100024b8:	439a      	bics	r2, r3
100024ba:	4692      	mov	sl, r2
100024bc:	2380      	movs	r3, #128	; 0x80
100024be:	00db      	lsls	r3, r3, #3
100024c0:	4657      	mov	r7, sl
100024c2:	401f      	ands	r7, r3
100024c4:	4652      	mov	r2, sl
100024c6:	421a      	tst	r2, r3
100024c8:	d019      	beq.n	100024fe <_ntoa_long_long+0x7a>
100024ca:	0033      	movs	r3, r6
100024cc:	4323      	orrs	r3, r4
100024ce:	d02d      	beq.n	1000252c <_ntoa_long_long+0xa8>
100024d0:	2700      	movs	r7, #0
100024d2:	e014      	b.n	100024fe <_ntoa_long_long+0x7a>
100024d4:	3330      	adds	r3, #48	; 0x30
100024d6:	b2da      	uxtb	r2, r3
100024d8:	1c7b      	adds	r3, r7, #1
100024da:	4698      	mov	r8, r3
100024dc:	ab0c      	add	r3, sp, #48	; 0x30
100024de:	55da      	strb	r2, [r3, r7]
100024e0:	464a      	mov	r2, r9
100024e2:	002b      	movs	r3, r5
100024e4:	0030      	movs	r0, r6
100024e6:	0021      	movs	r1, r4
100024e8:	f000 ffae 	bl	10003448 <__wrap___aeabi_uldivmod>
100024ec:	42a5      	cmp	r5, r4
100024ee:	d81f      	bhi.n	10002530 <_ntoa_long_long+0xac>
100024f0:	d019      	beq.n	10002526 <_ntoa_long_long+0xa2>
100024f2:	4643      	mov	r3, r8
100024f4:	2b1f      	cmp	r3, #31
100024f6:	d81b      	bhi.n	10002530 <_ntoa_long_long+0xac>
100024f8:	4647      	mov	r7, r8
100024fa:	0006      	movs	r6, r0
100024fc:	000c      	movs	r4, r1
100024fe:	464a      	mov	r2, r9
10002500:	002b      	movs	r3, r5
10002502:	0030      	movs	r0, r6
10002504:	0021      	movs	r1, r4
10002506:	f000 ff9f 	bl	10003448 <__wrap___aeabi_uldivmod>
1000250a:	b2d3      	uxtb	r3, r2
1000250c:	2b09      	cmp	r3, #9
1000250e:	d9e1      	bls.n	100024d4 <_ntoa_long_long+0x50>
10002510:	4652      	mov	r2, sl
10002512:	0692      	lsls	r2, r2, #26
10002514:	d505      	bpl.n	10002522 <_ntoa_long_long+0x9e>
10002516:	2241      	movs	r2, #65	; 0x41
10002518:	18d2      	adds	r2, r2, r3
1000251a:	b2d2      	uxtb	r2, r2
1000251c:	3a0a      	subs	r2, #10
1000251e:	b2d2      	uxtb	r2, r2
10002520:	e7da      	b.n	100024d8 <_ntoa_long_long+0x54>
10002522:	2261      	movs	r2, #97	; 0x61
10002524:	e7f8      	b.n	10002518 <_ntoa_long_long+0x94>
10002526:	45b1      	cmp	r9, r6
10002528:	d9e3      	bls.n	100024f2 <_ntoa_long_long+0x6e>
1000252a:	e001      	b.n	10002530 <_ntoa_long_long+0xac>
1000252c:	2300      	movs	r3, #0
1000252e:	4698      	mov	r8, r3
10002530:	4653      	mov	r3, sl
10002532:	9306      	str	r3, [sp, #24]
10002534:	9b25      	ldr	r3, [sp, #148]	; 0x94
10002536:	9305      	str	r3, [sp, #20]
10002538:	9b24      	ldr	r3, [sp, #144]	; 0x90
1000253a:	9304      	str	r3, [sp, #16]
1000253c:	464b      	mov	r3, r9
1000253e:	9303      	str	r3, [sp, #12]
10002540:	465b      	mov	r3, fp
10002542:	9302      	str	r3, [sp, #8]
10002544:	4643      	mov	r3, r8
10002546:	9301      	str	r3, [sp, #4]
10002548:	ab0c      	add	r3, sp, #48	; 0x30
1000254a:	9300      	str	r3, [sp, #0]
1000254c:	9b0b      	ldr	r3, [sp, #44]	; 0x2c
1000254e:	9a0a      	ldr	r2, [sp, #40]	; 0x28
10002550:	9909      	ldr	r1, [sp, #36]	; 0x24
10002552:	9808      	ldr	r0, [sp, #32]
10002554:	f7ff feaf 	bl	100022b6 <_ntoa_format>
10002558:	b015      	add	sp, #84	; 0x54
1000255a:	bcf0      	pop	{r4, r5, r6, r7}
1000255c:	46bb      	mov	fp, r7
1000255e:	46b2      	mov	sl, r6
10002560:	46a9      	mov	r9, r5
10002562:	46a0      	mov	r8, r4
10002564:	bdf0      	pop	{r4, r5, r6, r7, pc}
	...

10002568 <_etoa>:
10002568:	b5f0      	push	{r4, r5, r6, r7, lr}
1000256a:	46de      	mov	lr, fp
1000256c:	4657      	mov	r7, sl
1000256e:	464e      	mov	r6, r9
10002570:	4645      	mov	r5, r8
10002572:	b5e0      	push	{r5, r6, r7, lr}
10002574:	b091      	sub	sp, #68	; 0x44
10002576:	4683      	mov	fp, r0
10002578:	468a      	mov	sl, r1
1000257a:	920c      	str	r2, [sp, #48]	; 0x30
1000257c:	4698      	mov	r8, r3
1000257e:	9c1a      	ldr	r4, [sp, #104]	; 0x68
10002580:	9408      	str	r4, [sp, #32]
10002582:	9d1b      	ldr	r5, [sp, #108]	; 0x6c
10002584:	9509      	str	r5, [sp, #36]	; 0x24
10002586:	0022      	movs	r2, r4
10002588:	002b      	movs	r3, r5
1000258a:	0020      	movs	r0, r4
1000258c:	0029      	movs	r1, r5
1000258e:	f001 f9d6 	bl	1000393e <__wrap___aeabi_dcmpun>
10002592:	2800      	cmp	r0, #0
10002594:	d000      	beq.n	10002598 <_etoa+0x30>
10002596:	e0e5      	b.n	10002764 <_etoa+0x1fc>
10002598:	2201      	movs	r2, #1
1000259a:	4252      	negs	r2, r2
1000259c:	4bd7      	ldr	r3, [pc, #860]	; (100028fc <_etoa+0x394>)
1000259e:	0020      	movs	r0, r4
100025a0:	0029      	movs	r1, r5
100025a2:	f001 f9c7 	bl	10003934 <__wrap___aeabi_dcmpgt>
100025a6:	2800      	cmp	r0, #0
100025a8:	d000      	beq.n	100025ac <_etoa+0x44>
100025aa:	e0db      	b.n	10002764 <_etoa+0x1fc>
100025ac:	2201      	movs	r2, #1
100025ae:	4252      	negs	r2, r2
100025b0:	4bd3      	ldr	r3, [pc, #844]	; (10002900 <_etoa+0x398>)
100025b2:	0020      	movs	r0, r4
100025b4:	0029      	movs	r1, r5
100025b6:	f001 f9a7 	bl	10003908 <__wrap___aeabi_dcmplt>
100025ba:	2800      	cmp	r0, #0
100025bc:	d000      	beq.n	100025c0 <_etoa+0x58>
100025be:	e0d1      	b.n	10002764 <_etoa+0x1fc>
100025c0:	2200      	movs	r2, #0
100025c2:	2300      	movs	r3, #0
100025c4:	9e08      	ldr	r6, [sp, #32]
100025c6:	0030      	movs	r0, r6
100025c8:	9d09      	ldr	r5, [sp, #36]	; 0x24
100025ca:	0029      	movs	r1, r5
100025cc:	f001 f99c 	bl	10003908 <__wrap___aeabi_dcmplt>
100025d0:	2800      	cmp	r0, #0
100025d2:	d000      	beq.n	100025d6 <_etoa+0x6e>
100025d4:	e0dd      	b.n	10002792 <_etoa+0x22a>
100025d6:	9808      	ldr	r0, [sp, #32]
100025d8:	9909      	ldr	r1, [sp, #36]	; 0x24
100025da:	9006      	str	r0, [sp, #24]
100025dc:	9107      	str	r1, [sp, #28]
100025de:	2380      	movs	r3, #128	; 0x80
100025e0:	00db      	lsls	r3, r3, #3
100025e2:	9a1e      	ldr	r2, [sp, #120]	; 0x78
100025e4:	401a      	ands	r2, r3
100025e6:	920d      	str	r2, [sp, #52]	; 0x34
100025e8:	9a1e      	ldr	r2, [sp, #120]	; 0x78
100025ea:	421a      	tst	r2, r3
100025ec:	d101      	bne.n	100025f2 <_etoa+0x8a>
100025ee:	2306      	movs	r3, #6
100025f0:	931c      	str	r3, [sp, #112]	; 0x70
100025f2:	9806      	ldr	r0, [sp, #24]
100025f4:	9907      	ldr	r1, [sp, #28]
100025f6:	0004      	movs	r4, r0
100025f8:	000d      	movs	r5, r1
100025fa:	000a      	movs	r2, r1
100025fc:	0006      	movs	r6, r0
100025fe:	4302      	orrs	r2, r0
10002600:	d100      	bne.n	10002604 <_etoa+0x9c>
10002602:	e0d1      	b.n	100027a8 <_etoa+0x240>
10002604:	0d08      	lsrs	r0, r1, #20
10002606:	0540      	lsls	r0, r0, #21
10002608:	0d40      	lsrs	r0, r0, #21
1000260a:	4cbe      	ldr	r4, [pc, #760]	; (10002904 <_etoa+0x39c>)
1000260c:	46a4      	mov	ip, r4
1000260e:	4460      	add	r0, ip
10002610:	030a      	lsls	r2, r1, #12
10002612:	0b12      	lsrs	r2, r2, #12
10002614:	4bbc      	ldr	r3, [pc, #752]	; (10002908 <_etoa+0x3a0>)
10002616:	4313      	orrs	r3, r2
10002618:	001f      	movs	r7, r3
1000261a:	f001 f9a3 	bl	10003964 <__wrap___aeabi_i2d>
1000261e:	4abb      	ldr	r2, [pc, #748]	; (1000290c <_etoa+0x3a4>)
10002620:	4bbb      	ldr	r3, [pc, #748]	; (10002910 <_etoa+0x3a8>)
10002622:	f001 f932 	bl	1000388a <__wrap___aeabi_dmul>
10002626:	4abb      	ldr	r2, [pc, #748]	; (10002914 <_etoa+0x3ac>)
10002628:	4bbb      	ldr	r3, [pc, #748]	; (10002918 <_etoa+0x3b0>)
1000262a:	f001 f90f 	bl	1000384c <__wrap___aeabi_dadd>
1000262e:	0004      	movs	r4, r0
10002630:	000d      	movs	r5, r1
10002632:	2200      	movs	r2, #0
10002634:	4bb9      	ldr	r3, [pc, #740]	; (1000291c <_etoa+0x3b4>)
10002636:	0030      	movs	r0, r6
10002638:	0039      	movs	r1, r7
1000263a:	f001 f902 	bl	10003842 <__wrap___aeabi_dsub>
1000263e:	4ab8      	ldr	r2, [pc, #736]	; (10002920 <_etoa+0x3b8>)
10002640:	4bb8      	ldr	r3, [pc, #736]	; (10002924 <_etoa+0x3bc>)
10002642:	f001 f922 	bl	1000388a <__wrap___aeabi_dmul>
10002646:	0002      	movs	r2, r0
10002648:	000b      	movs	r3, r1
1000264a:	0020      	movs	r0, r4
1000264c:	0029      	movs	r1, r5
1000264e:	f001 f8fd 	bl	1000384c <__wrap___aeabi_dadd>
10002652:	f001 f99f 	bl	10003994 <__wrap___aeabi_d2iz>
10002656:	4681      	mov	r9, r0
10002658:	f001 f984 	bl	10003964 <__wrap___aeabi_i2d>
1000265c:	0004      	movs	r4, r0
1000265e:	000d      	movs	r5, r1
10002660:	4ab1      	ldr	r2, [pc, #708]	; (10002928 <_etoa+0x3c0>)
10002662:	4bb2      	ldr	r3, [pc, #712]	; (1000292c <_etoa+0x3c4>)
10002664:	f001 f911 	bl	1000388a <__wrap___aeabi_dmul>
10002668:	2200      	movs	r2, #0
1000266a:	4bb1      	ldr	r3, [pc, #708]	; (10002930 <_etoa+0x3c8>)
1000266c:	f001 f8ee 	bl	1000384c <__wrap___aeabi_dadd>
10002670:	f001 f990 	bl	10003994 <__wrap___aeabi_d2iz>
10002674:	0006      	movs	r6, r0
10002676:	4aaf      	ldr	r2, [pc, #700]	; (10002934 <_etoa+0x3cc>)
10002678:	4baf      	ldr	r3, [pc, #700]	; (10002938 <_etoa+0x3d0>)
1000267a:	0020      	movs	r0, r4
1000267c:	0029      	movs	r1, r5
1000267e:	f001 f904 	bl	1000388a <__wrap___aeabi_dmul>
10002682:	0004      	movs	r4, r0
10002684:	000d      	movs	r5, r1
10002686:	0030      	movs	r0, r6
10002688:	f001 f96c 	bl	10003964 <__wrap___aeabi_i2d>
1000268c:	4aab      	ldr	r2, [pc, #684]	; (1000293c <_etoa+0x3d4>)
1000268e:	4bac      	ldr	r3, [pc, #688]	; (10002940 <_etoa+0x3d8>)
10002690:	f001 f8fb 	bl	1000388a <__wrap___aeabi_dmul>
10002694:	0002      	movs	r2, r0
10002696:	000b      	movs	r3, r1
10002698:	0020      	movs	r0, r4
1000269a:	0029      	movs	r1, r5
1000269c:	f001 f8d1 	bl	10003842 <__wrap___aeabi_dsub>
100026a0:	0004      	movs	r4, r0
100026a2:	000d      	movs	r5, r1
100026a4:	0002      	movs	r2, r0
100026a6:	000b      	movs	r3, r1
100026a8:	f001 f8ef 	bl	1000388a <__wrap___aeabi_dmul>
100026ac:	900a      	str	r0, [sp, #40]	; 0x28
100026ae:	910b      	str	r1, [sp, #44]	; 0x2c
100026b0:	4ba4      	ldr	r3, [pc, #656]	; (10002944 <_etoa+0x3dc>)
100026b2:	18f3      	adds	r3, r6, r3
100026b4:	2600      	movs	r6, #0
100026b6:	051f      	lsls	r7, r3, #20
100026b8:	0022      	movs	r2, r4
100026ba:	002b      	movs	r3, r5
100026bc:	0020      	movs	r0, r4
100026be:	0029      	movs	r1, r5
100026c0:	f001 f8c4 	bl	1000384c <__wrap___aeabi_dadd>
100026c4:	900e      	str	r0, [sp, #56]	; 0x38
100026c6:	910f      	str	r1, [sp, #60]	; 0x3c
100026c8:	0022      	movs	r2, r4
100026ca:	002b      	movs	r3, r5
100026cc:	2000      	movs	r0, #0
100026ce:	2180      	movs	r1, #128	; 0x80
100026d0:	05c9      	lsls	r1, r1, #23
100026d2:	f001 f8b6 	bl	10003842 <__wrap___aeabi_dsub>
100026d6:	0004      	movs	r4, r0
100026d8:	000d      	movs	r5, r1
100026da:	2200      	movs	r2, #0
100026dc:	4b9a      	ldr	r3, [pc, #616]	; (10002948 <_etoa+0x3e0>)
100026de:	980a      	ldr	r0, [sp, #40]	; 0x28
100026e0:	990b      	ldr	r1, [sp, #44]	; 0x2c
100026e2:	f001 f8b8 	bl	10003856 <__wrap___aeabi_ddiv>
100026e6:	2200      	movs	r2, #0
100026e8:	4b98      	ldr	r3, [pc, #608]	; (1000294c <_etoa+0x3e4>)
100026ea:	f001 f8af 	bl	1000384c <__wrap___aeabi_dadd>
100026ee:	0002      	movs	r2, r0
100026f0:	000b      	movs	r3, r1
100026f2:	980a      	ldr	r0, [sp, #40]	; 0x28
100026f4:	990b      	ldr	r1, [sp, #44]	; 0x2c
100026f6:	f001 f8ae 	bl	10003856 <__wrap___aeabi_ddiv>
100026fa:	2200      	movs	r2, #0
100026fc:	4b94      	ldr	r3, [pc, #592]	; (10002950 <_etoa+0x3e8>)
100026fe:	f001 f8a5 	bl	1000384c <__wrap___aeabi_dadd>
10002702:	0002      	movs	r2, r0
10002704:	000b      	movs	r3, r1
10002706:	980a      	ldr	r0, [sp, #40]	; 0x28
10002708:	990b      	ldr	r1, [sp, #44]	; 0x2c
1000270a:	f001 f8a4 	bl	10003856 <__wrap___aeabi_ddiv>
1000270e:	0002      	movs	r2, r0
10002710:	000b      	movs	r3, r1
10002712:	0020      	movs	r0, r4
10002714:	0029      	movs	r1, r5
10002716:	f001 f899 	bl	1000384c <__wrap___aeabi_dadd>
1000271a:	0002      	movs	r2, r0
1000271c:	000b      	movs	r3, r1
1000271e:	980e      	ldr	r0, [sp, #56]	; 0x38
10002720:	990f      	ldr	r1, [sp, #60]	; 0x3c
10002722:	f001 f898 	bl	10003856 <__wrap___aeabi_ddiv>
10002726:	2200      	movs	r2, #0
10002728:	4b77      	ldr	r3, [pc, #476]	; (10002908 <_etoa+0x3a0>)
1000272a:	f001 f88f 	bl	1000384c <__wrap___aeabi_dadd>
1000272e:	0032      	movs	r2, r6
10002730:	003b      	movs	r3, r7
10002732:	f001 f8aa 	bl	1000388a <__wrap___aeabi_dmul>
10002736:	0006      	movs	r6, r0
10002738:	000f      	movs	r7, r1
1000273a:	0004      	movs	r4, r0
1000273c:	000d      	movs	r5, r1
1000273e:	9a06      	ldr	r2, [sp, #24]
10002740:	9b07      	ldr	r3, [sp, #28]
10002742:	f001 f8f7 	bl	10003934 <__wrap___aeabi_dcmpgt>
10002746:	2800      	cmp	r0, #0
10002748:	d030      	beq.n	100027ac <_etoa+0x244>
1000274a:	2301      	movs	r3, #1
1000274c:	425b      	negs	r3, r3
1000274e:	469c      	mov	ip, r3
10002750:	44e1      	add	r9, ip
10002752:	2200      	movs	r2, #0
10002754:	4b7d      	ldr	r3, [pc, #500]	; (1000294c <_etoa+0x3e4>)
10002756:	0030      	movs	r0, r6
10002758:	0039      	movs	r1, r7
1000275a:	f001 f87c 	bl	10003856 <__wrap___aeabi_ddiv>
1000275e:	0004      	movs	r4, r0
10002760:	000d      	movs	r5, r1
10002762:	e023      	b.n	100027ac <_etoa+0x244>
10002764:	9b1e      	ldr	r3, [sp, #120]	; 0x78
10002766:	9304      	str	r3, [sp, #16]
10002768:	9b1d      	ldr	r3, [sp, #116]	; 0x74
1000276a:	9303      	str	r3, [sp, #12]
1000276c:	9b1c      	ldr	r3, [sp, #112]	; 0x70
1000276e:	9302      	str	r3, [sp, #8]
10002770:	9a08      	ldr	r2, [sp, #32]
10002772:	9b09      	ldr	r3, [sp, #36]	; 0x24
10002774:	9200      	str	r2, [sp, #0]
10002776:	9301      	str	r3, [sp, #4]
10002778:	4643      	mov	r3, r8
1000277a:	9a0c      	ldr	r2, [sp, #48]	; 0x30
1000277c:	4651      	mov	r1, sl
1000277e:	4658      	mov	r0, fp
10002780:	f000 f8fc 	bl	1000297c <_ftoa>
10002784:	b011      	add	sp, #68	; 0x44
10002786:	bcf0      	pop	{r4, r5, r6, r7}
10002788:	46bb      	mov	fp, r7
1000278a:	46b2      	mov	sl, r6
1000278c:	46a9      	mov	r9, r5
1000278e:	46a0      	mov	r8, r4
10002790:	bdf0      	pop	{r4, r5, r6, r7, pc}
10002792:	2300      	movs	r3, #0
10002794:	2400      	movs	r4, #0
10002796:	9306      	str	r3, [sp, #24]
10002798:	9407      	str	r4, [sp, #28]
1000279a:	9606      	str	r6, [sp, #24]
1000279c:	2380      	movs	r3, #128	; 0x80
1000279e:	061b      	lsls	r3, r3, #24
100027a0:	469c      	mov	ip, r3
100027a2:	4465      	add	r5, ip
100027a4:	9507      	str	r5, [sp, #28]
100027a6:	e71a      	b.n	100025de <_etoa+0x76>
100027a8:	2300      	movs	r3, #0
100027aa:	4699      	mov	r9, r3
100027ac:	464b      	mov	r3, r9
100027ae:	3363      	adds	r3, #99	; 0x63
100027b0:	2bc6      	cmp	r3, #198	; 0xc6
100027b2:	d81e      	bhi.n	100027f2 <_etoa+0x28a>
100027b4:	2604      	movs	r6, #4
100027b6:	9b1e      	ldr	r3, [sp, #120]	; 0x78
100027b8:	051b      	lsls	r3, r3, #20
100027ba:	d526      	bpl.n	1000280a <_etoa+0x2a2>
100027bc:	002b      	movs	r3, r5
100027be:	4323      	orrs	r3, r4
100027c0:	d00f      	beq.n	100027e2 <_etoa+0x27a>
100027c2:	4a64      	ldr	r2, [pc, #400]	; (10002954 <_etoa+0x3ec>)
100027c4:	4b64      	ldr	r3, [pc, #400]	; (10002958 <_etoa+0x3f0>)
100027c6:	9806      	ldr	r0, [sp, #24]
100027c8:	9907      	ldr	r1, [sp, #28]
100027ca:	f001 f8ab 	bl	10003924 <__wrap___aeabi_dcmpge>
100027ce:	2800      	cmp	r0, #0
100027d0:	d079      	beq.n	100028c6 <_etoa+0x35e>
100027d2:	2200      	movs	r2, #0
100027d4:	4b61      	ldr	r3, [pc, #388]	; (1000295c <_etoa+0x3f4>)
100027d6:	9806      	ldr	r0, [sp, #24]
100027d8:	9907      	ldr	r1, [sp, #28]
100027da:	f001 f895 	bl	10003908 <__wrap___aeabi_dcmplt>
100027de:	2800      	cmp	r0, #0
100027e0:	d071      	beq.n	100028c6 <_etoa+0x35e>
100027e2:	9b1c      	ldr	r3, [sp, #112]	; 0x70
100027e4:	454b      	cmp	r3, r9
100027e6:	dd06      	ble.n	100027f6 <_etoa+0x28e>
100027e8:	464a      	mov	r2, r9
100027ea:	1a98      	subs	r0, r3, r2
100027ec:	1e43      	subs	r3, r0, #1
100027ee:	931c      	str	r3, [sp, #112]	; 0x70
100027f0:	e003      	b.n	100027fa <_etoa+0x292>
100027f2:	2605      	movs	r6, #5
100027f4:	e7df      	b.n	100027b6 <_etoa+0x24e>
100027f6:	2300      	movs	r3, #0
100027f8:	931c      	str	r3, [sp, #112]	; 0x70
100027fa:	2380      	movs	r3, #128	; 0x80
100027fc:	00db      	lsls	r3, r3, #3
100027fe:	9a1e      	ldr	r2, [sp, #120]	; 0x78
10002800:	431a      	orrs	r2, r3
10002802:	921e      	str	r2, [sp, #120]	; 0x78
10002804:	2600      	movs	r6, #0
10002806:	2300      	movs	r3, #0
10002808:	4699      	mov	r9, r3
1000280a:	9b1d      	ldr	r3, [sp, #116]	; 0x74
1000280c:	429e      	cmp	r6, r3
1000280e:	d264      	bcs.n	100028da <_etoa+0x372>
10002810:	1b9f      	subs	r7, r3, r6
10002812:	2302      	movs	r3, #2
10002814:	9a1e      	ldr	r2, [sp, #120]	; 0x78
10002816:	401a      	ands	r2, r3
10002818:	920a      	str	r2, [sp, #40]	; 0x28
1000281a:	9a1e      	ldr	r2, [sp, #120]	; 0x78
1000281c:	4213      	tst	r3, r2
1000281e:	d002      	beq.n	10002826 <_etoa+0x2be>
10002820:	2e00      	cmp	r6, #0
10002822:	d000      	beq.n	10002826 <_etoa+0x2be>
10002824:	2700      	movs	r7, #0
10002826:	464b      	mov	r3, r9
10002828:	2b00      	cmp	r3, #0
1000282a:	d007      	beq.n	1000283c <_etoa+0x2d4>
1000282c:	0022      	movs	r2, r4
1000282e:	002b      	movs	r3, r5
10002830:	9806      	ldr	r0, [sp, #24]
10002832:	9907      	ldr	r1, [sp, #28]
10002834:	f001 f80f 	bl	10003856 <__wrap___aeabi_ddiv>
10002838:	9006      	str	r0, [sp, #24]
1000283a:	9107      	str	r1, [sp, #28]
1000283c:	2200      	movs	r2, #0
1000283e:	2300      	movs	r3, #0
10002840:	9808      	ldr	r0, [sp, #32]
10002842:	9909      	ldr	r1, [sp, #36]	; 0x24
10002844:	f001 f860 	bl	10003908 <__wrap___aeabi_dcmplt>
10002848:	2800      	cmp	r0, #0
1000284a:	d148      	bne.n	100028de <_etoa+0x376>
1000284c:	4b44      	ldr	r3, [pc, #272]	; (10002960 <_etoa+0x3f8>)
1000284e:	9a1e      	ldr	r2, [sp, #120]	; 0x78
10002850:	4013      	ands	r3, r2
10002852:	9304      	str	r3, [sp, #16]
10002854:	9703      	str	r7, [sp, #12]
10002856:	9b1c      	ldr	r3, [sp, #112]	; 0x70
10002858:	9302      	str	r3, [sp, #8]
1000285a:	9b06      	ldr	r3, [sp, #24]
1000285c:	9c07      	ldr	r4, [sp, #28]
1000285e:	9300      	str	r3, [sp, #0]
10002860:	9401      	str	r4, [sp, #4]
10002862:	4643      	mov	r3, r8
10002864:	9a0c      	ldr	r2, [sp, #48]	; 0x30
10002866:	4651      	mov	r1, sl
10002868:	4658      	mov	r0, fp
1000286a:	f000 f887 	bl	1000297c <_ftoa>
1000286e:	2e00      	cmp	r6, #0
10002870:	d100      	bne.n	10002874 <_etoa+0x30c>
10002872:	e787      	b.n	10002784 <_etoa+0x21c>
10002874:	9b1e      	ldr	r3, [sp, #120]	; 0x78
10002876:	069b      	lsls	r3, r3, #26
10002878:	d53d      	bpl.n	100028f6 <_etoa+0x38e>
1000287a:	2545      	movs	r5, #69	; 0x45
1000287c:	1c44      	adds	r4, r0, #1
1000287e:	4643      	mov	r3, r8
10002880:	0002      	movs	r2, r0
10002882:	4651      	mov	r1, sl
10002884:	0028      	movs	r0, r5
10002886:	47d8      	blx	fp
10002888:	464b      	mov	r3, r9
1000288a:	17da      	asrs	r2, r3, #31
1000288c:	189b      	adds	r3, r3, r2
1000288e:	4053      	eors	r3, r2
10002890:	2205      	movs	r2, #5
10002892:	9205      	str	r2, [sp, #20]
10002894:	3e01      	subs	r6, #1
10002896:	9604      	str	r6, [sp, #16]
10002898:	2200      	movs	r2, #0
1000289a:	9203      	str	r2, [sp, #12]
1000289c:	320a      	adds	r2, #10
1000289e:	9202      	str	r2, [sp, #8]
100028a0:	464a      	mov	r2, r9
100028a2:	0fd0      	lsrs	r0, r2, #31
100028a4:	9001      	str	r0, [sp, #4]
100028a6:	9300      	str	r3, [sp, #0]
100028a8:	4643      	mov	r3, r8
100028aa:	0022      	movs	r2, r4
100028ac:	4651      	mov	r1, sl
100028ae:	4658      	mov	r0, fp
100028b0:	f7ff fd8a 	bl	100023c8 <_ntoa_long>
100028b4:	9b0a      	ldr	r3, [sp, #40]	; 0x28
100028b6:	2b00      	cmp	r3, #0
100028b8:	d100      	bne.n	100028bc <_etoa+0x354>
100028ba:	e763      	b.n	10002784 <_etoa+0x21c>
100028bc:	0002      	movs	r2, r0
100028be:	465f      	mov	r7, fp
100028c0:	9e0c      	ldr	r6, [sp, #48]	; 0x30
100028c2:	9d1d      	ldr	r5, [sp, #116]	; 0x74
100028c4:	e054      	b.n	10002970 <_etoa+0x408>
100028c6:	9b1c      	ldr	r3, [sp, #112]	; 0x70
100028c8:	2b00      	cmp	r3, #0
100028ca:	d09e      	beq.n	1000280a <_etoa+0x2a2>
100028cc:	9b0d      	ldr	r3, [sp, #52]	; 0x34
100028ce:	2b00      	cmp	r3, #0
100028d0:	d09b      	beq.n	1000280a <_etoa+0x2a2>
100028d2:	9b1c      	ldr	r3, [sp, #112]	; 0x70
100028d4:	3b01      	subs	r3, #1
100028d6:	931c      	str	r3, [sp, #112]	; 0x70
100028d8:	e797      	b.n	1000280a <_etoa+0x2a2>
100028da:	2700      	movs	r7, #0
100028dc:	e799      	b.n	10002812 <_etoa+0x2aa>
100028de:	9c06      	ldr	r4, [sp, #24]
100028e0:	9d07      	ldr	r5, [sp, #28]
100028e2:	0022      	movs	r2, r4
100028e4:	0029      	movs	r1, r5
100028e6:	2080      	movs	r0, #128	; 0x80
100028e8:	0600      	lsls	r0, r0, #24
100028ea:	4684      	mov	ip, r0
100028ec:	4461      	add	r1, ip
100028ee:	000b      	movs	r3, r1
100028f0:	9206      	str	r2, [sp, #24]
100028f2:	9307      	str	r3, [sp, #28]
100028f4:	e7aa      	b.n	1000284c <_etoa+0x2e4>
100028f6:	2565      	movs	r5, #101	; 0x65
100028f8:	e7c0      	b.n	1000287c <_etoa+0x314>
100028fa:	46c0      	nop			; (mov r8, r8)
100028fc:	7fefffff 	.word	0x7fefffff
10002900:	ffefffff 	.word	0xffefffff
10002904:	fffffc01 	.word	0xfffffc01
10002908:	3ff00000 	.word	0x3ff00000
1000290c:	509f79fb 	.word	0x509f79fb
10002910:	3fd34413 	.word	0x3fd34413
10002914:	8b60c8b3 	.word	0x8b60c8b3
10002918:	3fc68a28 	.word	0x3fc68a28
1000291c:	3ff80000 	.word	0x3ff80000
10002920:	636f4361 	.word	0x636f4361
10002924:	3fd287a7 	.word	0x3fd287a7
10002928:	0979a371 	.word	0x0979a371
1000292c:	400a934f 	.word	0x400a934f
10002930:	3fe00000 	.word	0x3fe00000
10002934:	bbb55516 	.word	0xbbb55516
10002938:	40026bb1 	.word	0x40026bb1
1000293c:	fefa39ef 	.word	0xfefa39ef
10002940:	3fe62e42 	.word	0x3fe62e42
10002944:	000003ff 	.word	0x000003ff
10002948:	402c0000 	.word	0x402c0000
1000294c:	40240000 	.word	0x40240000
10002950:	40180000 	.word	0x40180000
10002954:	eb1c432d 	.word	0xeb1c432d
10002958:	3f1a36e2 	.word	0x3f1a36e2
1000295c:	412e8480 	.word	0x412e8480
10002960:	fffff7ff 	.word	0xfffff7ff
10002964:	1c54      	adds	r4, r2, #1
10002966:	4643      	mov	r3, r8
10002968:	4651      	mov	r1, sl
1000296a:	2020      	movs	r0, #32
1000296c:	47b8      	blx	r7
1000296e:	0022      	movs	r2, r4
10002970:	1b93      	subs	r3, r2, r6
10002972:	42ab      	cmp	r3, r5
10002974:	d3f6      	bcc.n	10002964 <_etoa+0x3fc>
10002976:	0010      	movs	r0, r2
10002978:	e704      	b.n	10002784 <_etoa+0x21c>
1000297a:	46c0      	nop			; (mov r8, r8)

1000297c <_ftoa>:
1000297c:	b5f0      	push	{r4, r5, r6, r7, lr}
1000297e:	46de      	mov	lr, fp
10002980:	4657      	mov	r7, sl
10002982:	464e      	mov	r6, r9
10002984:	4645      	mov	r5, r8
10002986:	b5e0      	push	{r5, r6, r7, lr}
10002988:	b095      	sub	sp, #84	; 0x54
1000298a:	9006      	str	r0, [sp, #24]
1000298c:	9107      	str	r1, [sp, #28]
1000298e:	4693      	mov	fp, r2
10002990:	4699      	mov	r9, r3
10002992:	9f20      	ldr	r7, [sp, #128]	; 0x80
10002994:	9a1e      	ldr	r2, [sp, #120]	; 0x78
10002996:	9b1f      	ldr	r3, [sp, #124]	; 0x7c
10002998:	0010      	movs	r0, r2
1000299a:	0019      	movs	r1, r3
1000299c:	f000 ffcf 	bl	1000393e <__wrap___aeabi_dcmpun>
100029a0:	2800      	cmp	r0, #0
100029a2:	d131      	bne.n	10002a08 <_ftoa+0x8c>
100029a4:	2201      	movs	r2, #1
100029a6:	4252      	negs	r2, r2
100029a8:	4bbf      	ldr	r3, [pc, #764]	; (10002ca8 <_ftoa+0x32c>)
100029aa:	981e      	ldr	r0, [sp, #120]	; 0x78
100029ac:	991f      	ldr	r1, [sp, #124]	; 0x7c
100029ae:	f000 ffab 	bl	10003908 <__wrap___aeabi_dcmplt>
100029b2:	2800      	cmp	r0, #0
100029b4:	d137      	bne.n	10002a26 <_ftoa+0xaa>
100029b6:	2201      	movs	r2, #1
100029b8:	4252      	negs	r2, r2
100029ba:	4bbc      	ldr	r3, [pc, #752]	; (10002cac <_ftoa+0x330>)
100029bc:	981e      	ldr	r0, [sp, #120]	; 0x78
100029be:	991f      	ldr	r1, [sp, #124]	; 0x7c
100029c0:	f000 ffb8 	bl	10003934 <__wrap___aeabi_dcmpgt>
100029c4:	2800      	cmp	r0, #0
100029c6:	d13d      	bne.n	10002a44 <_ftoa+0xc8>
100029c8:	2200      	movs	r2, #0
100029ca:	4bb9      	ldr	r3, [pc, #740]	; (10002cb0 <_ftoa+0x334>)
100029cc:	981e      	ldr	r0, [sp, #120]	; 0x78
100029ce:	991f      	ldr	r1, [sp, #124]	; 0x7c
100029d0:	f000 ffb0 	bl	10003934 <__wrap___aeabi_dcmpgt>
100029d4:	2800      	cmp	r0, #0
100029d6:	d150      	bne.n	10002a7a <_ftoa+0xfe>
100029d8:	2200      	movs	r2, #0
100029da:	4bb6      	ldr	r3, [pc, #728]	; (10002cb4 <_ftoa+0x338>)
100029dc:	981e      	ldr	r0, [sp, #120]	; 0x78
100029de:	991f      	ldr	r1, [sp, #124]	; 0x7c
100029e0:	f000 ff92 	bl	10003908 <__wrap___aeabi_dcmplt>
100029e4:	2800      	cmp	r0, #0
100029e6:	d148      	bne.n	10002a7a <_ftoa+0xfe>
100029e8:	2200      	movs	r2, #0
100029ea:	2300      	movs	r3, #0
100029ec:	981e      	ldr	r0, [sp, #120]	; 0x78
100029ee:	991f      	ldr	r1, [sp, #124]	; 0x7c
100029f0:	f000 ff8a 	bl	10003908 <__wrap___aeabi_dcmplt>
100029f4:	2800      	cmp	r0, #0
100029f6:	d150      	bne.n	10002a9a <_ftoa+0x11e>
100029f8:	2300      	movs	r3, #0
100029fa:	4698      	mov	r8, r3
100029fc:	9b22      	ldr	r3, [sp, #136]	; 0x88
100029fe:	055b      	lsls	r3, r3, #21
10002a00:	d400      	bmi.n	10002a04 <_ftoa+0x88>
10002a02:	e0b6      	b.n	10002b72 <_ftoa+0x1f6>
10002a04:	2400      	movs	r4, #0
10002a06:	e058      	b.n	10002aba <_ftoa+0x13e>
10002a08:	9b22      	ldr	r3, [sp, #136]	; 0x88
10002a0a:	9303      	str	r3, [sp, #12]
10002a0c:	9b21      	ldr	r3, [sp, #132]	; 0x84
10002a0e:	9302      	str	r3, [sp, #8]
10002a10:	2303      	movs	r3, #3
10002a12:	9301      	str	r3, [sp, #4]
10002a14:	4ba8      	ldr	r3, [pc, #672]	; (10002cb8 <_ftoa+0x33c>)
10002a16:	9300      	str	r3, [sp, #0]
10002a18:	464b      	mov	r3, r9
10002a1a:	465a      	mov	r2, fp
10002a1c:	9907      	ldr	r1, [sp, #28]
10002a1e:	9806      	ldr	r0, [sp, #24]
10002a20:	f7ff fbf2 	bl	10002208 <_out_rev>
10002a24:	e10e      	b.n	10002c44 <_ftoa+0x2c8>
10002a26:	9b22      	ldr	r3, [sp, #136]	; 0x88
10002a28:	9303      	str	r3, [sp, #12]
10002a2a:	9b21      	ldr	r3, [sp, #132]	; 0x84
10002a2c:	9302      	str	r3, [sp, #8]
10002a2e:	2304      	movs	r3, #4
10002a30:	9301      	str	r3, [sp, #4]
10002a32:	4ba2      	ldr	r3, [pc, #648]	; (10002cbc <_ftoa+0x340>)
10002a34:	9300      	str	r3, [sp, #0]
10002a36:	464b      	mov	r3, r9
10002a38:	465a      	mov	r2, fp
10002a3a:	9907      	ldr	r1, [sp, #28]
10002a3c:	9806      	ldr	r0, [sp, #24]
10002a3e:	f7ff fbe3 	bl	10002208 <_out_rev>
10002a42:	e0ff      	b.n	10002c44 <_ftoa+0x2c8>
10002a44:	2304      	movs	r3, #4
10002a46:	9a22      	ldr	r2, [sp, #136]	; 0x88
10002a48:	401a      	ands	r2, r3
10002a4a:	9922      	ldr	r1, [sp, #136]	; 0x88
10002a4c:	420b      	tst	r3, r1
10002a4e:	d010      	beq.n	10002a72 <_ftoa+0xf6>
10002a50:	4b9b      	ldr	r3, [pc, #620]	; (10002cc0 <_ftoa+0x344>)
10002a52:	2a00      	cmp	r2, #0
10002a54:	d00f      	beq.n	10002a76 <_ftoa+0xfa>
10002a56:	2204      	movs	r2, #4
10002a58:	9922      	ldr	r1, [sp, #136]	; 0x88
10002a5a:	9103      	str	r1, [sp, #12]
10002a5c:	9921      	ldr	r1, [sp, #132]	; 0x84
10002a5e:	9102      	str	r1, [sp, #8]
10002a60:	9201      	str	r2, [sp, #4]
10002a62:	9300      	str	r3, [sp, #0]
10002a64:	464b      	mov	r3, r9
10002a66:	465a      	mov	r2, fp
10002a68:	9907      	ldr	r1, [sp, #28]
10002a6a:	9806      	ldr	r0, [sp, #24]
10002a6c:	f7ff fbcc 	bl	10002208 <_out_rev>
10002a70:	e0e8      	b.n	10002c44 <_ftoa+0x2c8>
10002a72:	4b94      	ldr	r3, [pc, #592]	; (10002cc4 <_ftoa+0x348>)
10002a74:	e7ed      	b.n	10002a52 <_ftoa+0xd6>
10002a76:	2203      	movs	r2, #3
10002a78:	e7ee      	b.n	10002a58 <_ftoa+0xdc>
10002a7a:	9b22      	ldr	r3, [sp, #136]	; 0x88
10002a7c:	9304      	str	r3, [sp, #16]
10002a7e:	9b21      	ldr	r3, [sp, #132]	; 0x84
10002a80:	9303      	str	r3, [sp, #12]
10002a82:	9702      	str	r7, [sp, #8]
10002a84:	9b1e      	ldr	r3, [sp, #120]	; 0x78
10002a86:	9c1f      	ldr	r4, [sp, #124]	; 0x7c
10002a88:	9300      	str	r3, [sp, #0]
10002a8a:	9401      	str	r4, [sp, #4]
10002a8c:	464b      	mov	r3, r9
10002a8e:	465a      	mov	r2, fp
10002a90:	9907      	ldr	r1, [sp, #28]
10002a92:	9806      	ldr	r0, [sp, #24]
10002a94:	f7ff fd68 	bl	10002568 <_etoa>
10002a98:	e0d4      	b.n	10002c44 <_ftoa+0x2c8>
10002a9a:	9a1e      	ldr	r2, [sp, #120]	; 0x78
10002a9c:	9b1f      	ldr	r3, [sp, #124]	; 0x7c
10002a9e:	2000      	movs	r0, #0
10002aa0:	2100      	movs	r1, #0
10002aa2:	f000 fece 	bl	10003842 <__wrap___aeabi_dsub>
10002aa6:	901e      	str	r0, [sp, #120]	; 0x78
10002aa8:	911f      	str	r1, [sp, #124]	; 0x7c
10002aaa:	2301      	movs	r3, #1
10002aac:	4698      	mov	r8, r3
10002aae:	e7a5      	b.n	100029fc <_ftoa+0x80>
10002ab0:	ab0c      	add	r3, sp, #48	; 0x30
10002ab2:	2230      	movs	r2, #48	; 0x30
10002ab4:	551a      	strb	r2, [r3, r4]
10002ab6:	3f01      	subs	r7, #1
10002ab8:	3401      	adds	r4, #1
10002aba:	2c1f      	cmp	r4, #31
10002abc:	d801      	bhi.n	10002ac2 <_ftoa+0x146>
10002abe:	2f09      	cmp	r7, #9
10002ac0:	d8f6      	bhi.n	10002ab0 <_ftoa+0x134>
10002ac2:	981e      	ldr	r0, [sp, #120]	; 0x78
10002ac4:	991f      	ldr	r1, [sp, #124]	; 0x7c
10002ac6:	f000 ff65 	bl	10003994 <__wrap___aeabi_d2iz>
10002aca:	0005      	movs	r5, r0
10002acc:	f000 ff4a 	bl	10003964 <__wrap___aeabi_i2d>
10002ad0:	0002      	movs	r2, r0
10002ad2:	000b      	movs	r3, r1
10002ad4:	981e      	ldr	r0, [sp, #120]	; 0x78
10002ad6:	991f      	ldr	r1, [sp, #124]	; 0x7c
10002ad8:	f000 feb3 	bl	10003842 <__wrap___aeabi_dsub>
10002adc:	00fa      	lsls	r2, r7, #3
10002ade:	4b7a      	ldr	r3, [pc, #488]	; (10002cc8 <_ftoa+0x34c>)
10002ae0:	189b      	adds	r3, r3, r2
10002ae2:	681a      	ldr	r2, [r3, #0]
10002ae4:	685b      	ldr	r3, [r3, #4]
10002ae6:	920a      	str	r2, [sp, #40]	; 0x28
10002ae8:	930b      	str	r3, [sp, #44]	; 0x2c
10002aea:	f000 fece 	bl	1000388a <__wrap___aeabi_dmul>
10002aee:	9008      	str	r0, [sp, #32]
10002af0:	9109      	str	r1, [sp, #36]	; 0x24
10002af2:	f000 ff73 	bl	100039dc <__wrap___aeabi_d2uiz>
10002af6:	0006      	movs	r6, r0
10002af8:	f000 ff30 	bl	1000395c <__wrap___aeabi_ui2d>
10002afc:	0002      	movs	r2, r0
10002afe:	000b      	movs	r3, r1
10002b00:	9808      	ldr	r0, [sp, #32]
10002b02:	9909      	ldr	r1, [sp, #36]	; 0x24
10002b04:	f000 fe9d 	bl	10003842 <__wrap___aeabi_dsub>
10002b08:	9008      	str	r0, [sp, #32]
10002b0a:	9109      	str	r1, [sp, #36]	; 0x24
10002b0c:	2200      	movs	r2, #0
10002b0e:	4b6f      	ldr	r3, [pc, #444]	; (10002ccc <_ftoa+0x350>)
10002b10:	f000 ff10 	bl	10003934 <__wrap___aeabi_dcmpgt>
10002b14:	2800      	cmp	r0, #0
10002b16:	d02e      	beq.n	10002b76 <_ftoa+0x1fa>
10002b18:	3601      	adds	r6, #1
10002b1a:	0030      	movs	r0, r6
10002b1c:	f000 ff1e 	bl	1000395c <__wrap___aeabi_ui2d>
10002b20:	0002      	movs	r2, r0
10002b22:	000b      	movs	r3, r1
10002b24:	980a      	ldr	r0, [sp, #40]	; 0x28
10002b26:	990b      	ldr	r1, [sp, #44]	; 0x2c
10002b28:	f000 fef4 	bl	10003914 <__wrap___aeabi_dcmple>
10002b2c:	2800      	cmp	r0, #0
10002b2e:	d001      	beq.n	10002b34 <_ftoa+0x1b8>
10002b30:	3501      	adds	r5, #1
10002b32:	2600      	movs	r6, #0
10002b34:	2f00      	cmp	r7, #0
10002b36:	d12c      	bne.n	10002b92 <_ftoa+0x216>
10002b38:	0028      	movs	r0, r5
10002b3a:	f000 ff13 	bl	10003964 <__wrap___aeabi_i2d>
10002b3e:	0002      	movs	r2, r0
10002b40:	000b      	movs	r3, r1
10002b42:	981e      	ldr	r0, [sp, #120]	; 0x78
10002b44:	991f      	ldr	r1, [sp, #124]	; 0x7c
10002b46:	f000 fe7c 	bl	10003842 <__wrap___aeabi_dsub>
10002b4a:	0006      	movs	r6, r0
10002b4c:	000f      	movs	r7, r1
10002b4e:	2200      	movs	r2, #0
10002b50:	4b5e      	ldr	r3, [pc, #376]	; (10002ccc <_ftoa+0x350>)
10002b52:	f000 fed9 	bl	10003908 <__wrap___aeabi_dcmplt>
10002b56:	2800      	cmp	r0, #0
10002b58:	d146      	bne.n	10002be8 <_ftoa+0x26c>
10002b5a:	2200      	movs	r2, #0
10002b5c:	4b5b      	ldr	r3, [pc, #364]	; (10002ccc <_ftoa+0x350>)
10002b5e:	0030      	movs	r0, r6
10002b60:	0039      	movs	r1, r7
10002b62:	f000 fee7 	bl	10003934 <__wrap___aeabi_dcmpgt>
10002b66:	2800      	cmp	r0, #0
10002b68:	d13e      	bne.n	10002be8 <_ftoa+0x26c>
10002b6a:	07eb      	lsls	r3, r5, #31
10002b6c:	d53c      	bpl.n	10002be8 <_ftoa+0x26c>
10002b6e:	3501      	adds	r5, #1
10002b70:	e03a      	b.n	10002be8 <_ftoa+0x26c>
10002b72:	2706      	movs	r7, #6
10002b74:	e746      	b.n	10002a04 <_ftoa+0x88>
10002b76:	2200      	movs	r2, #0
10002b78:	4b54      	ldr	r3, [pc, #336]	; (10002ccc <_ftoa+0x350>)
10002b7a:	9808      	ldr	r0, [sp, #32]
10002b7c:	9909      	ldr	r1, [sp, #36]	; 0x24
10002b7e:	f000 fec3 	bl	10003908 <__wrap___aeabi_dcmplt>
10002b82:	2800      	cmp	r0, #0
10002b84:	d1d6      	bne.n	10002b34 <_ftoa+0x1b8>
10002b86:	2e00      	cmp	r6, #0
10002b88:	d001      	beq.n	10002b8e <_ftoa+0x212>
10002b8a:	07f3      	lsls	r3, r6, #31
10002b8c:	d5d2      	bpl.n	10002b34 <_ftoa+0x1b8>
10002b8e:	3601      	adds	r6, #1
10002b90:	e7d0      	b.n	10002b34 <_ftoa+0x1b8>
10002b92:	46aa      	mov	sl, r5
10002b94:	2c1f      	cmp	r4, #31
10002b96:	d811      	bhi.n	10002bbc <_ftoa+0x240>
10002b98:	3f01      	subs	r7, #1
10002b9a:	210a      	movs	r1, #10
10002b9c:	0030      	movs	r0, r6
10002b9e:	f000 fc15 	bl	100033cc <__wrap___aeabi_uidiv>
10002ba2:	1c65      	adds	r5, r4, #1
10002ba4:	3130      	adds	r1, #48	; 0x30
10002ba6:	ab0c      	add	r3, sp, #48	; 0x30
10002ba8:	5519      	strb	r1, [r3, r4]
10002baa:	210a      	movs	r1, #10
10002bac:	0030      	movs	r0, r6
10002bae:	f000 fc0d 	bl	100033cc <__wrap___aeabi_uidiv>
10002bb2:	2e09      	cmp	r6, #9
10002bb4:	d90e      	bls.n	10002bd4 <_ftoa+0x258>
10002bb6:	0006      	movs	r6, r0
10002bb8:	002c      	movs	r4, r5
10002bba:	e7eb      	b.n	10002b94 <_ftoa+0x218>
10002bbc:	4655      	mov	r5, sl
10002bbe:	2c1f      	cmp	r4, #31
10002bc0:	d80c      	bhi.n	10002bdc <_ftoa+0x260>
10002bc2:	1e7b      	subs	r3, r7, #1
10002bc4:	2f00      	cmp	r7, #0
10002bc6:	d009      	beq.n	10002bdc <_ftoa+0x260>
10002bc8:	aa0c      	add	r2, sp, #48	; 0x30
10002bca:	2130      	movs	r1, #48	; 0x30
10002bcc:	5511      	strb	r1, [r2, r4]
10002bce:	001f      	movs	r7, r3
10002bd0:	3401      	adds	r4, #1
10002bd2:	e7f4      	b.n	10002bbe <_ftoa+0x242>
10002bd4:	002b      	movs	r3, r5
10002bd6:	4655      	mov	r5, sl
10002bd8:	001c      	movs	r4, r3
10002bda:	e7f0      	b.n	10002bbe <_ftoa+0x242>
10002bdc:	2c1f      	cmp	r4, #31
10002bde:	d803      	bhi.n	10002be8 <_ftoa+0x26c>
10002be0:	ab0c      	add	r3, sp, #48	; 0x30
10002be2:	222e      	movs	r2, #46	; 0x2e
10002be4:	551a      	strb	r2, [r3, r4]
10002be6:	3401      	adds	r4, #1
10002be8:	2c1f      	cmp	r4, #31
10002bea:	d810      	bhi.n	10002c0e <_ftoa+0x292>
10002bec:	210a      	movs	r1, #10
10002bee:	0028      	movs	r0, r5
10002bf0:	f000 fbc4 	bl	1000337c <__wrap___aeabi_idiv>
10002bf4:	1c66      	adds	r6, r4, #1
10002bf6:	3130      	adds	r1, #48	; 0x30
10002bf8:	ab0c      	add	r3, sp, #48	; 0x30
10002bfa:	5519      	strb	r1, [r3, r4]
10002bfc:	210a      	movs	r1, #10
10002bfe:	0028      	movs	r0, r5
10002c00:	f000 fbbc 	bl	1000337c <__wrap___aeabi_idiv>
10002c04:	1e05      	subs	r5, r0, #0
10002c06:	d001      	beq.n	10002c0c <_ftoa+0x290>
10002c08:	0034      	movs	r4, r6
10002c0a:	e7ed      	b.n	10002be8 <_ftoa+0x26c>
10002c0c:	0034      	movs	r4, r6
10002c0e:	2303      	movs	r3, #3
10002c10:	9a22      	ldr	r2, [sp, #136]	; 0x88
10002c12:	4013      	ands	r3, r2
10002c14:	2b01      	cmp	r3, #1
10002c16:	d01c      	beq.n	10002c52 <_ftoa+0x2d6>
10002c18:	2c1f      	cmp	r4, #31
10002c1a:	d806      	bhi.n	10002c2a <_ftoa+0x2ae>
10002c1c:	4643      	mov	r3, r8
10002c1e:	2b00      	cmp	r3, #0
10002c20:	d032      	beq.n	10002c88 <_ftoa+0x30c>
10002c22:	ab0c      	add	r3, sp, #48	; 0x30
10002c24:	222d      	movs	r2, #45	; 0x2d
10002c26:	551a      	strb	r2, [r3, r4]
10002c28:	3401      	adds	r4, #1
10002c2a:	9b22      	ldr	r3, [sp, #136]	; 0x88
10002c2c:	9303      	str	r3, [sp, #12]
10002c2e:	9b21      	ldr	r3, [sp, #132]	; 0x84
10002c30:	9302      	str	r3, [sp, #8]
10002c32:	9401      	str	r4, [sp, #4]
10002c34:	ab0c      	add	r3, sp, #48	; 0x30
10002c36:	9300      	str	r3, [sp, #0]
10002c38:	464b      	mov	r3, r9
10002c3a:	465a      	mov	r2, fp
10002c3c:	9907      	ldr	r1, [sp, #28]
10002c3e:	9806      	ldr	r0, [sp, #24]
10002c40:	f7ff fae2 	bl	10002208 <_out_rev>
10002c44:	b015      	add	sp, #84	; 0x54
10002c46:	bcf0      	pop	{r4, r5, r6, r7}
10002c48:	46bb      	mov	fp, r7
10002c4a:	46b2      	mov	sl, r6
10002c4c:	46a9      	mov	r9, r5
10002c4e:	46a0      	mov	r8, r4
10002c50:	bdf0      	pop	{r4, r5, r6, r7, pc}
10002c52:	9b21      	ldr	r3, [sp, #132]	; 0x84
10002c54:	2b00      	cmp	r3, #0
10002c56:	d013      	beq.n	10002c80 <_ftoa+0x304>
10002c58:	4643      	mov	r3, r8
10002c5a:	2b00      	cmp	r3, #0
10002c5c:	d102      	bne.n	10002c64 <_ftoa+0x2e8>
10002c5e:	330c      	adds	r3, #12
10002c60:	4213      	tst	r3, r2
10002c62:	d00f      	beq.n	10002c84 <_ftoa+0x308>
10002c64:	9b21      	ldr	r3, [sp, #132]	; 0x84
10002c66:	3b01      	subs	r3, #1
10002c68:	9321      	str	r3, [sp, #132]	; 0x84
10002c6a:	0019      	movs	r1, r3
10002c6c:	e003      	b.n	10002c76 <_ftoa+0x2fa>
10002c6e:	ab0c      	add	r3, sp, #48	; 0x30
10002c70:	2230      	movs	r2, #48	; 0x30
10002c72:	551a      	strb	r2, [r3, r4]
10002c74:	3401      	adds	r4, #1
10002c76:	428c      	cmp	r4, r1
10002c78:	d2ce      	bcs.n	10002c18 <_ftoa+0x29c>
10002c7a:	2c1f      	cmp	r4, #31
10002c7c:	d9f7      	bls.n	10002c6e <_ftoa+0x2f2>
10002c7e:	e7cb      	b.n	10002c18 <_ftoa+0x29c>
10002c80:	9921      	ldr	r1, [sp, #132]	; 0x84
10002c82:	e7f8      	b.n	10002c76 <_ftoa+0x2fa>
10002c84:	9921      	ldr	r1, [sp, #132]	; 0x84
10002c86:	e7f6      	b.n	10002c76 <_ftoa+0x2fa>
10002c88:	9b22      	ldr	r3, [sp, #136]	; 0x88
10002c8a:	075b      	lsls	r3, r3, #29
10002c8c:	d504      	bpl.n	10002c98 <_ftoa+0x31c>
10002c8e:	ab0c      	add	r3, sp, #48	; 0x30
10002c90:	222b      	movs	r2, #43	; 0x2b
10002c92:	551a      	strb	r2, [r3, r4]
10002c94:	3401      	adds	r4, #1
10002c96:	e7c8      	b.n	10002c2a <_ftoa+0x2ae>
10002c98:	9b22      	ldr	r3, [sp, #136]	; 0x88
10002c9a:	071b      	lsls	r3, r3, #28
10002c9c:	d5c5      	bpl.n	10002c2a <_ftoa+0x2ae>
10002c9e:	ab0c      	add	r3, sp, #48	; 0x30
10002ca0:	2220      	movs	r2, #32
10002ca2:	551a      	strb	r2, [r3, r4]
10002ca4:	3401      	adds	r4, #1
10002ca6:	e7c0      	b.n	10002c2a <_ftoa+0x2ae>
10002ca8:	ffefffff 	.word	0xffefffff
10002cac:	7fefffff 	.word	0x7fefffff
10002cb0:	41cdcd65 	.word	0x41cdcd65
10002cb4:	c1cdcd65 	.word	0xc1cdcd65
10002cb8:	10004e64 	.word	0x10004e64
10002cbc:	10004e68 	.word	0x10004e68
10002cc0:	10004e5c 	.word	0x10004e5c
10002cc4:	10004e58 	.word	0x10004e58
10002cc8:	10005050 	.word	0x10005050
10002ccc:	3fe00000 	.word	0x3fe00000

10002cd0 <_vsnprintf>:
10002cd0:	b5f0      	push	{r4, r5, r6, r7, lr}
10002cd2:	46de      	mov	lr, fp
10002cd4:	4657      	mov	r7, sl
10002cd6:	464e      	mov	r6, r9
10002cd8:	4645      	mov	r5, r8
10002cda:	b5e0      	push	{r5, r6, r7, lr}
10002cdc:	b093      	sub	sp, #76	; 0x4c
10002cde:	4682      	mov	sl, r0
10002ce0:	468b      	mov	fp, r1
10002ce2:	4690      	mov	r8, r2
10002ce4:	9311      	str	r3, [sp, #68]	; 0x44
10002ce6:	2900      	cmp	r1, #0
10002ce8:	d100      	bne.n	10002cec <_vsnprintf+0x1c>
10002cea:	e2eb      	b.n	100032c4 <_vsnprintf+0x5f4>
10002cec:	2700      	movs	r7, #0
10002cee:	4655      	mov	r5, sl
10002cf0:	9b11      	ldr	r3, [sp, #68]	; 0x44
10002cf2:	7818      	ldrb	r0, [r3, #0]
10002cf4:	2800      	cmp	r0, #0
10002cf6:	d100      	bne.n	10002cfa <_vsnprintf+0x2a>
10002cf8:	e2e7      	b.n	100032ca <_vsnprintf+0x5fa>
10002cfa:	2825      	cmp	r0, #37	; 0x25
10002cfc:	d009      	beq.n	10002d12 <_vsnprintf+0x42>
10002cfe:	1c7c      	adds	r4, r7, #1
10002d00:	4643      	mov	r3, r8
10002d02:	003a      	movs	r2, r7
10002d04:	4659      	mov	r1, fp
10002d06:	47a8      	blx	r5
10002d08:	9b11      	ldr	r3, [sp, #68]	; 0x44
10002d0a:	3301      	adds	r3, #1
10002d0c:	9311      	str	r3, [sp, #68]	; 0x44
10002d0e:	0027      	movs	r7, r4
10002d10:	e7ee      	b.n	10002cf0 <_vsnprintf+0x20>
10002d12:	3301      	adds	r3, #1
10002d14:	9311      	str	r3, [sp, #68]	; 0x44
10002d16:	2400      	movs	r4, #0
10002d18:	9a11      	ldr	r2, [sp, #68]	; 0x44
10002d1a:	7811      	ldrb	r1, [r2, #0]
10002d1c:	000b      	movs	r3, r1
10002d1e:	3b20      	subs	r3, #32
10002d20:	b2d8      	uxtb	r0, r3
10002d22:	2810      	cmp	r0, #16
10002d24:	d803      	bhi.n	10002d2e <_vsnprintf+0x5e>
10002d26:	0083      	lsls	r3, r0, #2
10002d28:	48d0      	ldr	r0, [pc, #832]	; (1000306c <_vsnprintf+0x39c>)
10002d2a:	58c3      	ldr	r3, [r0, r3]
10002d2c:	469f      	mov	pc, r3
10002d2e:	000b      	movs	r3, r1
10002d30:	3b30      	subs	r3, #48	; 0x30
10002d32:	b2db      	uxtb	r3, r3
10002d34:	2b09      	cmp	r3, #9
10002d36:	d92c      	bls.n	10002d92 <_vsnprintf+0xc2>
10002d38:	292a      	cmp	r1, #42	; 0x2a
10002d3a:	d02f      	beq.n	10002d9c <_vsnprintf+0xcc>
10002d3c:	2300      	movs	r3, #0
10002d3e:	930a      	str	r3, [sp, #40]	; 0x28
10002d40:	9b11      	ldr	r3, [sp, #68]	; 0x44
10002d42:	781a      	ldrb	r2, [r3, #0]
10002d44:	2a2e      	cmp	r2, #46	; 0x2e
10002d46:	d039      	beq.n	10002dbc <_vsnprintf+0xec>
10002d48:	2300      	movs	r3, #0
10002d4a:	469a      	mov	sl, r3
10002d4c:	9a11      	ldr	r2, [sp, #68]	; 0x44
10002d4e:	7813      	ldrb	r3, [r2, #0]
10002d50:	3b68      	subs	r3, #104	; 0x68
10002d52:	b2d9      	uxtb	r1, r3
10002d54:	2912      	cmp	r1, #18
10002d56:	d876      	bhi.n	10002e46 <_vsnprintf+0x176>
10002d58:	008b      	lsls	r3, r1, #2
10002d5a:	49c5      	ldr	r1, [pc, #788]	; (10003070 <_vsnprintf+0x3a0>)
10002d5c:	58cb      	ldr	r3, [r1, r3]
10002d5e:	469f      	mov	pc, r3
10002d60:	2301      	movs	r3, #1
10002d62:	431c      	orrs	r4, r3
10002d64:	3201      	adds	r2, #1
10002d66:	9211      	str	r2, [sp, #68]	; 0x44
10002d68:	e7d6      	b.n	10002d18 <_vsnprintf+0x48>
10002d6a:	2302      	movs	r3, #2
10002d6c:	431c      	orrs	r4, r3
10002d6e:	3201      	adds	r2, #1
10002d70:	9211      	str	r2, [sp, #68]	; 0x44
10002d72:	e7d1      	b.n	10002d18 <_vsnprintf+0x48>
10002d74:	2304      	movs	r3, #4
10002d76:	431c      	orrs	r4, r3
10002d78:	3201      	adds	r2, #1
10002d7a:	9211      	str	r2, [sp, #68]	; 0x44
10002d7c:	e7cc      	b.n	10002d18 <_vsnprintf+0x48>
10002d7e:	2308      	movs	r3, #8
10002d80:	431c      	orrs	r4, r3
10002d82:	3201      	adds	r2, #1
10002d84:	9211      	str	r2, [sp, #68]	; 0x44
10002d86:	e7c7      	b.n	10002d18 <_vsnprintf+0x48>
10002d88:	2310      	movs	r3, #16
10002d8a:	431c      	orrs	r4, r3
10002d8c:	3201      	adds	r2, #1
10002d8e:	9211      	str	r2, [sp, #68]	; 0x44
10002d90:	e7c2      	b.n	10002d18 <_vsnprintf+0x48>
10002d92:	a811      	add	r0, sp, #68	; 0x44
10002d94:	f7ff fa26 	bl	100021e4 <_atoi>
10002d98:	900a      	str	r0, [sp, #40]	; 0x28
10002d9a:	e7d1      	b.n	10002d40 <_vsnprintf+0x70>
10002d9c:	9b1c      	ldr	r3, [sp, #112]	; 0x70
10002d9e:	1d1a      	adds	r2, r3, #4
10002da0:	921c      	str	r2, [sp, #112]	; 0x70
10002da2:	6818      	ldr	r0, [r3, #0]
10002da4:	2800      	cmp	r0, #0
10002da6:	db04      	blt.n	10002db2 <_vsnprintf+0xe2>
10002da8:	900a      	str	r0, [sp, #40]	; 0x28
10002daa:	9b11      	ldr	r3, [sp, #68]	; 0x44
10002dac:	3301      	adds	r3, #1
10002dae:	9311      	str	r3, [sp, #68]	; 0x44
10002db0:	e7c6      	b.n	10002d40 <_vsnprintf+0x70>
10002db2:	2302      	movs	r3, #2
10002db4:	431c      	orrs	r4, r3
10002db6:	4243      	negs	r3, r0
10002db8:	930a      	str	r3, [sp, #40]	; 0x28
10002dba:	e7f6      	b.n	10002daa <_vsnprintf+0xda>
10002dbc:	2280      	movs	r2, #128	; 0x80
10002dbe:	00d2      	lsls	r2, r2, #3
10002dc0:	4314      	orrs	r4, r2
10002dc2:	1c5a      	adds	r2, r3, #1
10002dc4:	9211      	str	r2, [sp, #68]	; 0x44
10002dc6:	785a      	ldrb	r2, [r3, #1]
10002dc8:	0013      	movs	r3, r2
10002dca:	3b30      	subs	r3, #48	; 0x30
10002dcc:	b2db      	uxtb	r3, r3
10002dce:	2b09      	cmp	r3, #9
10002dd0:	d904      	bls.n	10002ddc <_vsnprintf+0x10c>
10002dd2:	2a2a      	cmp	r2, #42	; 0x2a
10002dd4:	d007      	beq.n	10002de6 <_vsnprintf+0x116>
10002dd6:	2300      	movs	r3, #0
10002dd8:	469a      	mov	sl, r3
10002dda:	e7b7      	b.n	10002d4c <_vsnprintf+0x7c>
10002ddc:	a811      	add	r0, sp, #68	; 0x44
10002dde:	f7ff fa01 	bl	100021e4 <_atoi>
10002de2:	4682      	mov	sl, r0
10002de4:	e7b2      	b.n	10002d4c <_vsnprintf+0x7c>
10002de6:	9b1c      	ldr	r3, [sp, #112]	; 0x70
10002de8:	1d1a      	adds	r2, r3, #4
10002dea:	921c      	str	r2, [sp, #112]	; 0x70
10002dec:	6818      	ldr	r0, [r3, #0]
10002dee:	2800      	cmp	r0, #0
10002df0:	db04      	blt.n	10002dfc <_vsnprintf+0x12c>
10002df2:	4682      	mov	sl, r0
10002df4:	9b11      	ldr	r3, [sp, #68]	; 0x44
10002df6:	3301      	adds	r3, #1
10002df8:	9311      	str	r3, [sp, #68]	; 0x44
10002dfa:	e7a7      	b.n	10002d4c <_vsnprintf+0x7c>
10002dfc:	2000      	movs	r0, #0
10002dfe:	e7f8      	b.n	10002df2 <_vsnprintf+0x122>
10002e00:	2380      	movs	r3, #128	; 0x80
10002e02:	005b      	lsls	r3, r3, #1
10002e04:	4323      	orrs	r3, r4
10002e06:	1c51      	adds	r1, r2, #1
10002e08:	9111      	str	r1, [sp, #68]	; 0x44
10002e0a:	7852      	ldrb	r2, [r2, #1]
10002e0c:	2a6c      	cmp	r2, #108	; 0x6c
10002e0e:	d001      	beq.n	10002e14 <_vsnprintf+0x144>
10002e10:	001c      	movs	r4, r3
10002e12:	e018      	b.n	10002e46 <_vsnprintf+0x176>
10002e14:	23c0      	movs	r3, #192	; 0xc0
10002e16:	009b      	lsls	r3, r3, #2
10002e18:	431c      	orrs	r4, r3
10002e1a:	3101      	adds	r1, #1
10002e1c:	9111      	str	r1, [sp, #68]	; 0x44
10002e1e:	e012      	b.n	10002e46 <_vsnprintf+0x176>
10002e20:	2380      	movs	r3, #128	; 0x80
10002e22:	4323      	orrs	r3, r4
10002e24:	1c51      	adds	r1, r2, #1
10002e26:	9111      	str	r1, [sp, #68]	; 0x44
10002e28:	7852      	ldrb	r2, [r2, #1]
10002e2a:	2a68      	cmp	r2, #104	; 0x68
10002e2c:	d001      	beq.n	10002e32 <_vsnprintf+0x162>
10002e2e:	001c      	movs	r4, r3
10002e30:	e009      	b.n	10002e46 <_vsnprintf+0x176>
10002e32:	23c0      	movs	r3, #192	; 0xc0
10002e34:	431c      	orrs	r4, r3
10002e36:	3101      	adds	r1, #1
10002e38:	9111      	str	r1, [sp, #68]	; 0x44
10002e3a:	e004      	b.n	10002e46 <_vsnprintf+0x176>
10002e3c:	2380      	movs	r3, #128	; 0x80
10002e3e:	005b      	lsls	r3, r3, #1
10002e40:	431c      	orrs	r4, r3
10002e42:	3201      	adds	r2, #1
10002e44:	9211      	str	r2, [sp, #68]	; 0x44
10002e46:	9b11      	ldr	r3, [sp, #68]	; 0x44
10002e48:	7818      	ldrb	r0, [r3, #0]
10002e4a:	0003      	movs	r3, r0
10002e4c:	3b25      	subs	r3, #37	; 0x25
10002e4e:	b2da      	uxtb	r2, r3
10002e50:	2a53      	cmp	r2, #83	; 0x53
10002e52:	d900      	bls.n	10002e56 <_vsnprintf+0x186>
10002e54:	e22c      	b.n	100032b0 <_vsnprintf+0x5e0>
10002e56:	0093      	lsls	r3, r2, #2
10002e58:	4a86      	ldr	r2, [pc, #536]	; (10003074 <_vsnprintf+0x3a4>)
10002e5a:	58d3      	ldr	r3, [r2, r3]
10002e5c:	469f      	mov	pc, r3
10002e5e:	2380      	movs	r3, #128	; 0x80
10002e60:	009b      	lsls	r3, r3, #2
10002e62:	431c      	orrs	r4, r3
10002e64:	3201      	adds	r2, #1
10002e66:	9211      	str	r2, [sp, #68]	; 0x44
10002e68:	e7ed      	b.n	10002e46 <_vsnprintf+0x176>
10002e6a:	2380      	movs	r3, #128	; 0x80
10002e6c:	005b      	lsls	r3, r3, #1
10002e6e:	431c      	orrs	r4, r3
10002e70:	3201      	adds	r2, #1
10002e72:	9211      	str	r2, [sp, #68]	; 0x44
10002e74:	e7e7      	b.n	10002e46 <_vsnprintf+0x176>
10002e76:	2878      	cmp	r0, #120	; 0x78
10002e78:	d009      	beq.n	10002e8e <_vsnprintf+0x1be>
10002e7a:	2858      	cmp	r0, #88	; 0x58
10002e7c:	d038      	beq.n	10002ef0 <_vsnprintf+0x220>
10002e7e:	286f      	cmp	r0, #111	; 0x6f
10002e80:	d038      	beq.n	10002ef4 <_vsnprintf+0x224>
10002e82:	2862      	cmp	r0, #98	; 0x62
10002e84:	d038      	beq.n	10002ef8 <_vsnprintf+0x228>
10002e86:	2310      	movs	r3, #16
10002e88:	439c      	bics	r4, r3
10002e8a:	260a      	movs	r6, #10
10002e8c:	e000      	b.n	10002e90 <_vsnprintf+0x1c0>
10002e8e:	2610      	movs	r6, #16
10002e90:	2858      	cmp	r0, #88	; 0x58
10002e92:	d033      	beq.n	10002efc <_vsnprintf+0x22c>
10002e94:	2869      	cmp	r0, #105	; 0x69
10002e96:	d003      	beq.n	10002ea0 <_vsnprintf+0x1d0>
10002e98:	2864      	cmp	r0, #100	; 0x64
10002e9a:	d001      	beq.n	10002ea0 <_vsnprintf+0x1d0>
10002e9c:	220c      	movs	r2, #12
10002e9e:	4394      	bics	r4, r2
10002ea0:	0563      	lsls	r3, r4, #21
10002ea2:	d501      	bpl.n	10002ea8 <_vsnprintf+0x1d8>
10002ea4:	2201      	movs	r2, #1
10002ea6:	4394      	bics	r4, r2
10002ea8:	2869      	cmp	r0, #105	; 0x69
10002eaa:	d02a      	beq.n	10002f02 <_vsnprintf+0x232>
10002eac:	2864      	cmp	r0, #100	; 0x64
10002eae:	d028      	beq.n	10002f02 <_vsnprintf+0x232>
10002eb0:	05a3      	lsls	r3, r4, #22
10002eb2:	d500      	bpl.n	10002eb6 <_vsnprintf+0x1e6>
10002eb4:	e09f      	b.n	10002ff6 <_vsnprintf+0x326>
10002eb6:	05e3      	lsls	r3, r4, #23
10002eb8:	d500      	bpl.n	10002ebc <_vsnprintf+0x1ec>
10002eba:	e0b8      	b.n	1000302e <_vsnprintf+0x35e>
10002ebc:	0663      	lsls	r3, r4, #25
10002ebe:	d400      	bmi.n	10002ec2 <_vsnprintf+0x1f2>
10002ec0:	e0ca      	b.n	10003058 <_vsnprintf+0x388>
10002ec2:	9a1c      	ldr	r2, [sp, #112]	; 0x70
10002ec4:	1d11      	adds	r1, r2, #4
10002ec6:	911c      	str	r1, [sp, #112]	; 0x70
10002ec8:	6811      	ldr	r1, [r2, #0]
10002eca:	22ff      	movs	r2, #255	; 0xff
10002ecc:	400a      	ands	r2, r1
10002ece:	9405      	str	r4, [sp, #20]
10002ed0:	9b0a      	ldr	r3, [sp, #40]	; 0x28
10002ed2:	9304      	str	r3, [sp, #16]
10002ed4:	4653      	mov	r3, sl
10002ed6:	9303      	str	r3, [sp, #12]
10002ed8:	9602      	str	r6, [sp, #8]
10002eda:	2300      	movs	r3, #0
10002edc:	9301      	str	r3, [sp, #4]
10002ede:	9200      	str	r2, [sp, #0]
10002ee0:	4643      	mov	r3, r8
10002ee2:	003a      	movs	r2, r7
10002ee4:	4659      	mov	r1, fp
10002ee6:	0028      	movs	r0, r5
10002ee8:	f7ff fa6e 	bl	100023c8 <_ntoa_long>
10002eec:	0007      	movs	r7, r0
10002eee:	e027      	b.n	10002f40 <_vsnprintf+0x270>
10002ef0:	2610      	movs	r6, #16
10002ef2:	e7cd      	b.n	10002e90 <_vsnprintf+0x1c0>
10002ef4:	2608      	movs	r6, #8
10002ef6:	e7cb      	b.n	10002e90 <_vsnprintf+0x1c0>
10002ef8:	2602      	movs	r6, #2
10002efa:	e7c9      	b.n	10002e90 <_vsnprintf+0x1c0>
10002efc:	2220      	movs	r2, #32
10002efe:	4314      	orrs	r4, r2
10002f00:	e7c8      	b.n	10002e94 <_vsnprintf+0x1c4>
10002f02:	05a3      	lsls	r3, r4, #22
10002f04:	d420      	bmi.n	10002f48 <_vsnprintf+0x278>
10002f06:	05e3      	lsls	r3, r4, #23
10002f08:	d450      	bmi.n	10002fac <_vsnprintf+0x2dc>
10002f0a:	0663      	lsls	r3, r4, #25
10002f0c:	d566      	bpl.n	10002fdc <_vsnprintf+0x30c>
10002f0e:	9a1c      	ldr	r2, [sp, #112]	; 0x70
10002f10:	1d11      	adds	r1, r2, #4
10002f12:	911c      	str	r1, [sp, #112]	; 0x70
10002f14:	6811      	ldr	r1, [r2, #0]
10002f16:	22ff      	movs	r2, #255	; 0xff
10002f18:	400a      	ands	r2, r1
10002f1a:	17d3      	asrs	r3, r2, #31
10002f1c:	18d1      	adds	r1, r2, r3
10002f1e:	4059      	eors	r1, r3
10002f20:	9405      	str	r4, [sp, #20]
10002f22:	9b0a      	ldr	r3, [sp, #40]	; 0x28
10002f24:	9304      	str	r3, [sp, #16]
10002f26:	4653      	mov	r3, sl
10002f28:	9303      	str	r3, [sp, #12]
10002f2a:	9602      	str	r6, [sp, #8]
10002f2c:	0fd2      	lsrs	r2, r2, #31
10002f2e:	9201      	str	r2, [sp, #4]
10002f30:	9100      	str	r1, [sp, #0]
10002f32:	4643      	mov	r3, r8
10002f34:	003a      	movs	r2, r7
10002f36:	4659      	mov	r1, fp
10002f38:	0028      	movs	r0, r5
10002f3a:	f7ff fa45 	bl	100023c8 <_ntoa_long>
10002f3e:	0007      	movs	r7, r0
10002f40:	9b11      	ldr	r3, [sp, #68]	; 0x44
10002f42:	3301      	adds	r3, #1
10002f44:	9311      	str	r3, [sp, #68]	; 0x44
10002f46:	e6d3      	b.n	10002cf0 <_vsnprintf+0x20>
10002f48:	9b1c      	ldr	r3, [sp, #112]	; 0x70
10002f4a:	1dda      	adds	r2, r3, #7
10002f4c:	2107      	movs	r1, #7
10002f4e:	438a      	bics	r2, r1
10002f50:	0011      	movs	r1, r2
10002f52:	3108      	adds	r1, #8
10002f54:	911c      	str	r1, [sp, #112]	; 0x70
10002f56:	6811      	ldr	r1, [r2, #0]
10002f58:	6853      	ldr	r3, [r2, #4]
10002f5a:	469c      	mov	ip, r3
10002f5c:	17db      	asrs	r3, r3, #31
10002f5e:	930c      	str	r3, [sp, #48]	; 0x30
10002f60:	930d      	str	r3, [sp, #52]	; 0x34
10002f62:	9a0c      	ldr	r2, [sp, #48]	; 0x30
10002f64:	9b0d      	ldr	r3, [sp, #52]	; 0x34
10002f66:	0010      	movs	r0, r2
10002f68:	4048      	eors	r0, r1
10002f6a:	900e      	str	r0, [sp, #56]	; 0x38
10002f6c:	4662      	mov	r2, ip
10002f6e:	4053      	eors	r3, r2
10002f70:	930f      	str	r3, [sp, #60]	; 0x3c
10002f72:	980e      	ldr	r0, [sp, #56]	; 0x38
10002f74:	990f      	ldr	r1, [sp, #60]	; 0x3c
10002f76:	9a0c      	ldr	r2, [sp, #48]	; 0x30
10002f78:	9b0d      	ldr	r3, [sp, #52]	; 0x34
10002f7a:	1a80      	subs	r0, r0, r2
10002f7c:	4199      	sbcs	r1, r3
10002f7e:	900e      	str	r0, [sp, #56]	; 0x38
10002f80:	910f      	str	r1, [sp, #60]	; 0x3c
10002f82:	9408      	str	r4, [sp, #32]
10002f84:	9b0a      	ldr	r3, [sp, #40]	; 0x28
10002f86:	9307      	str	r3, [sp, #28]
10002f88:	4653      	mov	r3, sl
10002f8a:	9306      	str	r3, [sp, #24]
10002f8c:	9604      	str	r6, [sp, #16]
10002f8e:	2300      	movs	r3, #0
10002f90:	9305      	str	r3, [sp, #20]
10002f92:	4663      	mov	r3, ip
10002f94:	0fda      	lsrs	r2, r3, #31
10002f96:	9202      	str	r2, [sp, #8]
10002f98:	9000      	str	r0, [sp, #0]
10002f9a:	9101      	str	r1, [sp, #4]
10002f9c:	4643      	mov	r3, r8
10002f9e:	003a      	movs	r2, r7
10002fa0:	4659      	mov	r1, fp
10002fa2:	0028      	movs	r0, r5
10002fa4:	f7ff fa6e 	bl	10002484 <_ntoa_long_long>
10002fa8:	0007      	movs	r7, r0
10002faa:	e7c9      	b.n	10002f40 <_vsnprintf+0x270>
10002fac:	9a1c      	ldr	r2, [sp, #112]	; 0x70
10002fae:	1d11      	adds	r1, r2, #4
10002fb0:	911c      	str	r1, [sp, #112]	; 0x70
10002fb2:	6812      	ldr	r2, [r2, #0]
10002fb4:	17d3      	asrs	r3, r2, #31
10002fb6:	18d1      	adds	r1, r2, r3
10002fb8:	4059      	eors	r1, r3
10002fba:	9405      	str	r4, [sp, #20]
10002fbc:	9b0a      	ldr	r3, [sp, #40]	; 0x28
10002fbe:	9304      	str	r3, [sp, #16]
10002fc0:	4653      	mov	r3, sl
10002fc2:	9303      	str	r3, [sp, #12]
10002fc4:	9602      	str	r6, [sp, #8]
10002fc6:	0fd2      	lsrs	r2, r2, #31
10002fc8:	9201      	str	r2, [sp, #4]
10002fca:	9100      	str	r1, [sp, #0]
10002fcc:	4643      	mov	r3, r8
10002fce:	003a      	movs	r2, r7
10002fd0:	4659      	mov	r1, fp
10002fd2:	0028      	movs	r0, r5
10002fd4:	f7ff f9f8 	bl	100023c8 <_ntoa_long>
10002fd8:	0007      	movs	r7, r0
10002fda:	e7b1      	b.n	10002f40 <_vsnprintf+0x270>
10002fdc:	0623      	lsls	r3, r4, #24
10002fde:	d505      	bpl.n	10002fec <_vsnprintf+0x31c>
10002fe0:	9a1c      	ldr	r2, [sp, #112]	; 0x70
10002fe2:	1d11      	adds	r1, r2, #4
10002fe4:	911c      	str	r1, [sp, #112]	; 0x70
10002fe6:	2300      	movs	r3, #0
10002fe8:	5ed2      	ldrsh	r2, [r2, r3]
10002fea:	e796      	b.n	10002f1a <_vsnprintf+0x24a>
10002fec:	9a1c      	ldr	r2, [sp, #112]	; 0x70
10002fee:	1d11      	adds	r1, r2, #4
10002ff0:	911c      	str	r1, [sp, #112]	; 0x70
10002ff2:	6812      	ldr	r2, [r2, #0]
10002ff4:	e791      	b.n	10002f1a <_vsnprintf+0x24a>
10002ff6:	9b1c      	ldr	r3, [sp, #112]	; 0x70
10002ff8:	1dda      	adds	r2, r3, #7
10002ffa:	2107      	movs	r1, #7
10002ffc:	438a      	bics	r2, r1
10002ffe:	0011      	movs	r1, r2
10003000:	3108      	adds	r1, #8
10003002:	911c      	str	r1, [sp, #112]	; 0x70
10003004:	9408      	str	r4, [sp, #32]
10003006:	9b0a      	ldr	r3, [sp, #40]	; 0x28
10003008:	9307      	str	r3, [sp, #28]
1000300a:	4653      	mov	r3, sl
1000300c:	9306      	str	r3, [sp, #24]
1000300e:	9604      	str	r6, [sp, #16]
10003010:	2300      	movs	r3, #0
10003012:	9305      	str	r3, [sp, #20]
10003014:	9302      	str	r3, [sp, #8]
10003016:	6813      	ldr	r3, [r2, #0]
10003018:	6854      	ldr	r4, [r2, #4]
1000301a:	9300      	str	r3, [sp, #0]
1000301c:	9401      	str	r4, [sp, #4]
1000301e:	4643      	mov	r3, r8
10003020:	003a      	movs	r2, r7
10003022:	4659      	mov	r1, fp
10003024:	0028      	movs	r0, r5
10003026:	f7ff fa2d 	bl	10002484 <_ntoa_long_long>
1000302a:	0007      	movs	r7, r0
1000302c:	e788      	b.n	10002f40 <_vsnprintf+0x270>
1000302e:	9a1c      	ldr	r2, [sp, #112]	; 0x70
10003030:	1d11      	adds	r1, r2, #4
10003032:	911c      	str	r1, [sp, #112]	; 0x70
10003034:	9405      	str	r4, [sp, #20]
10003036:	9b0a      	ldr	r3, [sp, #40]	; 0x28
10003038:	9304      	str	r3, [sp, #16]
1000303a:	4653      	mov	r3, sl
1000303c:	9303      	str	r3, [sp, #12]
1000303e:	9602      	str	r6, [sp, #8]
10003040:	2300      	movs	r3, #0
10003042:	9301      	str	r3, [sp, #4]
10003044:	6813      	ldr	r3, [r2, #0]
10003046:	9300      	str	r3, [sp, #0]
10003048:	4643      	mov	r3, r8
1000304a:	003a      	movs	r2, r7
1000304c:	4659      	mov	r1, fp
1000304e:	0028      	movs	r0, r5
10003050:	f7ff f9ba 	bl	100023c8 <_ntoa_long>
10003054:	0007      	movs	r7, r0
10003056:	e773      	b.n	10002f40 <_vsnprintf+0x270>
10003058:	0623      	lsls	r3, r4, #24
1000305a:	d50d      	bpl.n	10003078 <_vsnprintf+0x3a8>
1000305c:	9a1c      	ldr	r2, [sp, #112]	; 0x70
1000305e:	1d11      	adds	r1, r2, #4
10003060:	911c      	str	r1, [sp, #112]	; 0x70
10003062:	6812      	ldr	r2, [r2, #0]
10003064:	0412      	lsls	r2, r2, #16
10003066:	0c12      	lsrs	r2, r2, #16
10003068:	e731      	b.n	10002ece <_vsnprintf+0x1fe>
1000306a:	46c0      	nop			; (mov r8, r8)
1000306c:	10004e70 	.word	0x10004e70
10003070:	10004eb4 	.word	0x10004eb4
10003074:	10004f00 	.word	0x10004f00
10003078:	9a1c      	ldr	r2, [sp, #112]	; 0x70
1000307a:	1d11      	adds	r1, r2, #4
1000307c:	911c      	str	r1, [sp, #112]	; 0x70
1000307e:	6812      	ldr	r2, [r2, #0]
10003080:	e725      	b.n	10002ece <_vsnprintf+0x1fe>
10003082:	2846      	cmp	r0, #70	; 0x46
10003084:	d01a      	beq.n	100030bc <_vsnprintf+0x3ec>
10003086:	9b1c      	ldr	r3, [sp, #112]	; 0x70
10003088:	3307      	adds	r3, #7
1000308a:	2207      	movs	r2, #7
1000308c:	4393      	bics	r3, r2
1000308e:	001a      	movs	r2, r3
10003090:	3208      	adds	r2, #8
10003092:	921c      	str	r2, [sp, #112]	; 0x70
10003094:	9404      	str	r4, [sp, #16]
10003096:	9a0a      	ldr	r2, [sp, #40]	; 0x28
10003098:	9203      	str	r2, [sp, #12]
1000309a:	4652      	mov	r2, sl
1000309c:	9202      	str	r2, [sp, #8]
1000309e:	685c      	ldr	r4, [r3, #4]
100030a0:	681b      	ldr	r3, [r3, #0]
100030a2:	9300      	str	r3, [sp, #0]
100030a4:	9401      	str	r4, [sp, #4]
100030a6:	4643      	mov	r3, r8
100030a8:	003a      	movs	r2, r7
100030aa:	4659      	mov	r1, fp
100030ac:	0028      	movs	r0, r5
100030ae:	f7ff fc65 	bl	1000297c <_ftoa>
100030b2:	0007      	movs	r7, r0
100030b4:	9b11      	ldr	r3, [sp, #68]	; 0x44
100030b6:	3301      	adds	r3, #1
100030b8:	9311      	str	r3, [sp, #68]	; 0x44
100030ba:	e619      	b.n	10002cf0 <_vsnprintf+0x20>
100030bc:	2320      	movs	r3, #32
100030be:	431c      	orrs	r4, r3
100030c0:	e7e1      	b.n	10003086 <_vsnprintf+0x3b6>
100030c2:	2867      	cmp	r0, #103	; 0x67
100030c4:	d001      	beq.n	100030ca <_vsnprintf+0x3fa>
100030c6:	2847      	cmp	r0, #71	; 0x47
100030c8:	d102      	bne.n	100030d0 <_vsnprintf+0x400>
100030ca:	2380      	movs	r3, #128	; 0x80
100030cc:	011b      	lsls	r3, r3, #4
100030ce:	431c      	orrs	r4, r3
100030d0:	2845      	cmp	r0, #69	; 0x45
100030d2:	d001      	beq.n	100030d8 <_vsnprintf+0x408>
100030d4:	2847      	cmp	r0, #71	; 0x47
100030d6:	d101      	bne.n	100030dc <_vsnprintf+0x40c>
100030d8:	2320      	movs	r3, #32
100030da:	431c      	orrs	r4, r3
100030dc:	9b1c      	ldr	r3, [sp, #112]	; 0x70
100030de:	3307      	adds	r3, #7
100030e0:	2207      	movs	r2, #7
100030e2:	4393      	bics	r3, r2
100030e4:	001a      	movs	r2, r3
100030e6:	3208      	adds	r2, #8
100030e8:	921c      	str	r2, [sp, #112]	; 0x70
100030ea:	9404      	str	r4, [sp, #16]
100030ec:	9a0a      	ldr	r2, [sp, #40]	; 0x28
100030ee:	9203      	str	r2, [sp, #12]
100030f0:	4652      	mov	r2, sl
100030f2:	9202      	str	r2, [sp, #8]
100030f4:	685c      	ldr	r4, [r3, #4]
100030f6:	681b      	ldr	r3, [r3, #0]
100030f8:	9300      	str	r3, [sp, #0]
100030fa:	9401      	str	r4, [sp, #4]
100030fc:	4643      	mov	r3, r8
100030fe:	003a      	movs	r2, r7
10003100:	4659      	mov	r1, fp
10003102:	0028      	movs	r0, r5
10003104:	f7ff fa30 	bl	10002568 <_etoa>
10003108:	0007      	movs	r7, r0
1000310a:	9b11      	ldr	r3, [sp, #68]	; 0x44
1000310c:	3301      	adds	r3, #1
1000310e:	9311      	str	r3, [sp, #68]	; 0x44
10003110:	e5ee      	b.n	10002cf0 <_vsnprintf+0x20>
10003112:	2302      	movs	r3, #2
10003114:	001a      	movs	r2, r3
10003116:	4022      	ands	r2, r4
10003118:	4692      	mov	sl, r2
1000311a:	4223      	tst	r3, r4
1000311c:	d01f      	beq.n	1000315e <_vsnprintf+0x48e>
1000311e:	2401      	movs	r4, #1
10003120:	9b1c      	ldr	r3, [sp, #112]	; 0x70
10003122:	1d1a      	adds	r2, r3, #4
10003124:	921c      	str	r2, [sp, #112]	; 0x70
10003126:	1c7a      	adds	r2, r7, #1
10003128:	4691      	mov	r9, r2
1000312a:	7818      	ldrb	r0, [r3, #0]
1000312c:	4643      	mov	r3, r8
1000312e:	003a      	movs	r2, r7
10003130:	4659      	mov	r1, fp
10003132:	47a8      	blx	r5
10003134:	4653      	mov	r3, sl
10003136:	2b00      	cmp	r3, #0
10003138:	d116      	bne.n	10003168 <_vsnprintf+0x498>
1000313a:	9b11      	ldr	r3, [sp, #68]	; 0x44
1000313c:	3301      	adds	r3, #1
1000313e:	9311      	str	r3, [sp, #68]	; 0x44
10003140:	464f      	mov	r7, r9
10003142:	e5d5      	b.n	10002cf0 <_vsnprintf+0x20>
10003144:	1c56      	adds	r6, r2, #1
10003146:	4643      	mov	r3, r8
10003148:	4659      	mov	r1, fp
1000314a:	2020      	movs	r0, #32
1000314c:	47b8      	blx	r7
1000314e:	0023      	movs	r3, r4
10003150:	0032      	movs	r2, r6
10003152:	1c5c      	adds	r4, r3, #1
10003154:	429d      	cmp	r5, r3
10003156:	d8f5      	bhi.n	10003144 <_vsnprintf+0x474>
10003158:	003d      	movs	r5, r7
1000315a:	0017      	movs	r7, r2
1000315c:	e7e0      	b.n	10003120 <_vsnprintf+0x450>
1000315e:	2301      	movs	r3, #1
10003160:	003a      	movs	r2, r7
10003162:	002f      	movs	r7, r5
10003164:	9d0a      	ldr	r5, [sp, #40]	; 0x28
10003166:	e7f4      	b.n	10003152 <_vsnprintf+0x482>
10003168:	464a      	mov	r2, r9
1000316a:	46a9      	mov	r9, r5
1000316c:	9d0a      	ldr	r5, [sp, #40]	; 0x28
1000316e:	e006      	b.n	1000317e <_vsnprintf+0x4ae>
10003170:	1c57      	adds	r7, r2, #1
10003172:	4643      	mov	r3, r8
10003174:	4659      	mov	r1, fp
10003176:	2020      	movs	r0, #32
10003178:	47c8      	blx	r9
1000317a:	0034      	movs	r4, r6
1000317c:	003a      	movs	r2, r7
1000317e:	1c66      	adds	r6, r4, #1
10003180:	42a5      	cmp	r5, r4
10003182:	d8f5      	bhi.n	10003170 <_vsnprintf+0x4a0>
10003184:	464d      	mov	r5, r9
10003186:	4691      	mov	r9, r2
10003188:	e7d7      	b.n	1000313a <_vsnprintf+0x46a>
1000318a:	9b1c      	ldr	r3, [sp, #112]	; 0x70
1000318c:	1d1a      	adds	r2, r3, #4
1000318e:	921c      	str	r2, [sp, #112]	; 0x70
10003190:	681b      	ldr	r3, [r3, #0]
10003192:	4699      	mov	r9, r3
10003194:	4653      	mov	r3, sl
10003196:	2b00      	cmp	r3, #0
10003198:	d100      	bne.n	1000319c <_vsnprintf+0x4cc>
1000319a:	3b01      	subs	r3, #1
1000319c:	464e      	mov	r6, r9
1000319e:	e001      	b.n	100031a4 <_vsnprintf+0x4d4>
100031a0:	3601      	adds	r6, #1
100031a2:	0013      	movs	r3, r2
100031a4:	7832      	ldrb	r2, [r6, #0]
100031a6:	2a00      	cmp	r2, #0
100031a8:	d002      	beq.n	100031b0 <_vsnprintf+0x4e0>
100031aa:	1e5a      	subs	r2, r3, #1
100031ac:	2b00      	cmp	r3, #0
100031ae:	d1f7      	bne.n	100031a0 <_vsnprintf+0x4d0>
100031b0:	464b      	mov	r3, r9
100031b2:	1af2      	subs	r2, r6, r3
100031b4:	9210      	str	r2, [sp, #64]	; 0x40
100031b6:	2380      	movs	r3, #128	; 0x80
100031b8:	00db      	lsls	r3, r3, #3
100031ba:	0026      	movs	r6, r4
100031bc:	401e      	ands	r6, r3
100031be:	421c      	tst	r4, r3
100031c0:	d003      	beq.n	100031ca <_vsnprintf+0x4fa>
100031c2:	4552      	cmp	r2, sl
100031c4:	d901      	bls.n	100031ca <_vsnprintf+0x4fa>
100031c6:	4653      	mov	r3, sl
100031c8:	9310      	str	r3, [sp, #64]	; 0x40
100031ca:	2302      	movs	r3, #2
100031cc:	001a      	movs	r2, r3
100031ce:	4022      	ands	r2, r4
100031d0:	920b      	str	r2, [sp, #44]	; 0x2c
100031d2:	4223      	tst	r3, r4
100031d4:	d005      	beq.n	100031e2 <_vsnprintf+0x512>
100031d6:	003a      	movs	r2, r7
100031d8:	0037      	movs	r7, r6
100031da:	464c      	mov	r4, r9
100031dc:	46a9      	mov	r9, r5
100031de:	4655      	mov	r5, sl
100031e0:	e020      	b.n	10003224 <_vsnprintf+0x554>
100031e2:	003a      	movs	r2, r7
100031e4:	9b10      	ldr	r3, [sp, #64]	; 0x40
100031e6:	465f      	mov	r7, fp
100031e8:	46b3      	mov	fp, r6
100031ea:	002e      	movs	r6, r5
100031ec:	e006      	b.n	100031fc <_vsnprintf+0x52c>
100031ee:	1c55      	adds	r5, r2, #1
100031f0:	4643      	mov	r3, r8
100031f2:	0039      	movs	r1, r7
100031f4:	2020      	movs	r0, #32
100031f6:	47b0      	blx	r6
100031f8:	0023      	movs	r3, r4
100031fa:	002a      	movs	r2, r5
100031fc:	1c5c      	adds	r4, r3, #1
100031fe:	990a      	ldr	r1, [sp, #40]	; 0x28
10003200:	4299      	cmp	r1, r3
10003202:	d8f4      	bhi.n	100031ee <_vsnprintf+0x51e>
10003204:	0035      	movs	r5, r6
10003206:	465e      	mov	r6, fp
10003208:	46bb      	mov	fp, r7
1000320a:	9410      	str	r4, [sp, #64]	; 0x40
1000320c:	0037      	movs	r7, r6
1000320e:	464c      	mov	r4, r9
10003210:	46a9      	mov	r9, r5
10003212:	4655      	mov	r5, sl
10003214:	e006      	b.n	10003224 <_vsnprintf+0x554>
10003216:	001d      	movs	r5, r3
10003218:	3401      	adds	r4, #1
1000321a:	1c56      	adds	r6, r2, #1
1000321c:	4643      	mov	r3, r8
1000321e:	4659      	mov	r1, fp
10003220:	47c8      	blx	r9
10003222:	0032      	movs	r2, r6
10003224:	7820      	ldrb	r0, [r4, #0]
10003226:	2800      	cmp	r0, #0
10003228:	d004      	beq.n	10003234 <_vsnprintf+0x564>
1000322a:	2f00      	cmp	r7, #0
1000322c:	d0f4      	beq.n	10003218 <_vsnprintf+0x548>
1000322e:	1e6b      	subs	r3, r5, #1
10003230:	2d00      	cmp	r5, #0
10003232:	d1f0      	bne.n	10003216 <_vsnprintf+0x546>
10003234:	0017      	movs	r7, r2
10003236:	464d      	mov	r5, r9
10003238:	9b0b      	ldr	r3, [sp, #44]	; 0x2c
1000323a:	2b00      	cmp	r3, #0
1000323c:	d103      	bne.n	10003246 <_vsnprintf+0x576>
1000323e:	9b11      	ldr	r3, [sp, #68]	; 0x44
10003240:	3301      	adds	r3, #1
10003242:	9311      	str	r3, [sp, #68]	; 0x44
10003244:	e554      	b.n	10002cf0 <_vsnprintf+0x20>
10003246:	9f0a      	ldr	r7, [sp, #40]	; 0x28
10003248:	9b10      	ldr	r3, [sp, #64]	; 0x40
1000324a:	e006      	b.n	1000325a <_vsnprintf+0x58a>
1000324c:	1c56      	adds	r6, r2, #1
1000324e:	4643      	mov	r3, r8
10003250:	4659      	mov	r1, fp
10003252:	2020      	movs	r0, #32
10003254:	47a8      	blx	r5
10003256:	0023      	movs	r3, r4
10003258:	0032      	movs	r2, r6
1000325a:	1c5c      	adds	r4, r3, #1
1000325c:	429f      	cmp	r7, r3
1000325e:	d8f5      	bhi.n	1000324c <_vsnprintf+0x57c>
10003260:	0017      	movs	r7, r2
10003262:	e7ec      	b.n	1000323e <_vsnprintf+0x56e>
10003264:	2321      	movs	r3, #33	; 0x21
10003266:	431c      	orrs	r4, r3
10003268:	9b1c      	ldr	r3, [sp, #112]	; 0x70
1000326a:	1d1a      	adds	r2, r3, #4
1000326c:	921c      	str	r2, [sp, #112]	; 0x70
1000326e:	681b      	ldr	r3, [r3, #0]
10003270:	9300      	str	r3, [sp, #0]
10003272:	9405      	str	r4, [sp, #20]
10003274:	2308      	movs	r3, #8
10003276:	9304      	str	r3, [sp, #16]
10003278:	4653      	mov	r3, sl
1000327a:	9303      	str	r3, [sp, #12]
1000327c:	2310      	movs	r3, #16
1000327e:	9302      	str	r3, [sp, #8]
10003280:	2300      	movs	r3, #0
10003282:	9301      	str	r3, [sp, #4]
10003284:	4643      	mov	r3, r8
10003286:	003a      	movs	r2, r7
10003288:	4659      	mov	r1, fp
1000328a:	0028      	movs	r0, r5
1000328c:	f7ff f89c 	bl	100023c8 <_ntoa_long>
10003290:	0007      	movs	r7, r0
10003292:	9b11      	ldr	r3, [sp, #68]	; 0x44
10003294:	3301      	adds	r3, #1
10003296:	9311      	str	r3, [sp, #68]	; 0x44
10003298:	e52a      	b.n	10002cf0 <_vsnprintf+0x20>
1000329a:	1c7c      	adds	r4, r7, #1
1000329c:	4643      	mov	r3, r8
1000329e:	003a      	movs	r2, r7
100032a0:	4659      	mov	r1, fp
100032a2:	2025      	movs	r0, #37	; 0x25
100032a4:	47a8      	blx	r5
100032a6:	9b11      	ldr	r3, [sp, #68]	; 0x44
100032a8:	3301      	adds	r3, #1
100032aa:	9311      	str	r3, [sp, #68]	; 0x44
100032ac:	0027      	movs	r7, r4
100032ae:	e51f      	b.n	10002cf0 <_vsnprintf+0x20>
100032b0:	1c7c      	adds	r4, r7, #1
100032b2:	4643      	mov	r3, r8
100032b4:	003a      	movs	r2, r7
100032b6:	4659      	mov	r1, fp
100032b8:	47a8      	blx	r5
100032ba:	9b11      	ldr	r3, [sp, #68]	; 0x44
100032bc:	3301      	adds	r3, #1
100032be:	9311      	str	r3, [sp, #68]	; 0x44
100032c0:	0027      	movs	r7, r4
100032c2:	e515      	b.n	10002cf0 <_vsnprintf+0x20>
100032c4:	4b0a      	ldr	r3, [pc, #40]	; (100032f0 <_vsnprintf+0x620>)
100032c6:	469a      	mov	sl, r3
100032c8:	e510      	b.n	10002cec <_vsnprintf+0x1c>
100032ca:	46aa      	mov	sl, r5
100032cc:	4547      	cmp	r7, r8
100032ce:	d302      	bcc.n	100032d6 <_vsnprintf+0x606>
100032d0:	4643      	mov	r3, r8
100032d2:	1e5a      	subs	r2, r3, #1
100032d4:	e000      	b.n	100032d8 <_vsnprintf+0x608>
100032d6:	003a      	movs	r2, r7
100032d8:	4643      	mov	r3, r8
100032da:	4659      	mov	r1, fp
100032dc:	2000      	movs	r0, #0
100032de:	47d0      	blx	sl
100032e0:	0038      	movs	r0, r7
100032e2:	b013      	add	sp, #76	; 0x4c
100032e4:	bcf0      	pop	{r4, r5, r6, r7}
100032e6:	46bb      	mov	fp, r7
100032e8:	46b2      	mov	sl, r6
100032ea:	46a9      	mov	r9, r5
100032ec:	46a0      	mov	r8, r4
100032ee:	bdf0      	pop	{r4, r5, r6, r7, pc}
100032f0:	100021d5 	.word	0x100021d5

100032f4 <vfctprintf>:
100032f4:	b500      	push	{lr}
100032f6:	b085      	sub	sp, #20
100032f8:	9002      	str	r0, [sp, #8]
100032fa:	9103      	str	r1, [sp, #12]
100032fc:	2101      	movs	r1, #1
100032fe:	9300      	str	r3, [sp, #0]
10003300:	0013      	movs	r3, r2
10003302:	424a      	negs	r2, r1
10003304:	a902      	add	r1, sp, #8
10003306:	4802      	ldr	r0, [pc, #8]	; (10003310 <vfctprintf+0x1c>)
10003308:	f7ff fce2 	bl	10002cd0 <_vsnprintf>
1000330c:	b005      	add	sp, #20
1000330e:	bd00      	pop	{pc}
10003310:	100021d7 	.word	0x100021d7

10003314 <__aeabi_bits_init>:
10003314:	4801      	ldr	r0, [pc, #4]	; (1000331c <__aeabi_bits_init+0x8>)
10003316:	2104      	movs	r1, #4
10003318:	4b01      	ldr	r3, [pc, #4]	; (10003320 <__aeabi_bits_init+0xc>)
1000331a:	4718      	bx	r3
1000331c:	200002c0 	.word	0x200002c0
10003320:	10003345 	.word	0x10003345

10003324 <rom_func_lookup>:
10003324:	b510      	push	{r4, lr}
10003326:	0001      	movs	r1, r0
10003328:	2318      	movs	r3, #24
1000332a:	881b      	ldrh	r3, [r3, #0]
1000332c:	2214      	movs	r2, #20
1000332e:	8810      	ldrh	r0, [r2, #0]
10003330:	4798      	blx	r3
10003332:	bd10      	pop	{r4, pc}

10003334 <rom_data_lookup>:
10003334:	b510      	push	{r4, lr}
10003336:	0001      	movs	r1, r0
10003338:	2318      	movs	r3, #24
1000333a:	881b      	ldrh	r3, [r3, #0]
1000333c:	2216      	movs	r2, #22
1000333e:	8810      	ldrh	r0, [r2, #0]
10003340:	4798      	blx	r3
10003342:	bd10      	pop	{r4, pc}

10003344 <rom_funcs_lookup>:
10003344:	b5f0      	push	{r4, r5, r6, r7, lr}
10003346:	46c6      	mov	lr, r8
10003348:	b500      	push	{lr}
1000334a:	0007      	movs	r7, r0
1000334c:	000e      	movs	r6, r1
1000334e:	2500      	movs	r5, #0
10003350:	2301      	movs	r3, #1
10003352:	4698      	mov	r8, r3
10003354:	e000      	b.n	10003358 <rom_funcs_lookup+0x14>
10003356:	3501      	adds	r5, #1
10003358:	42b5      	cmp	r5, r6
1000335a:	d20a      	bcs.n	10003372 <rom_funcs_lookup+0x2e>
1000335c:	00ac      	lsls	r4, r5, #2
1000335e:	193c      	adds	r4, r7, r4
10003360:	6820      	ldr	r0, [r4, #0]
10003362:	f7ff ffdf 	bl	10003324 <rom_func_lookup>
10003366:	6020      	str	r0, [r4, #0]
10003368:	2800      	cmp	r0, #0
1000336a:	d1f4      	bne.n	10003356 <rom_funcs_lookup+0x12>
1000336c:	2300      	movs	r3, #0
1000336e:	4698      	mov	r8, r3
10003370:	e7f1      	b.n	10003356 <rom_funcs_lookup+0x12>
10003372:	4640      	mov	r0, r8
10003374:	bc80      	pop	{r7}
10003376:	46b8      	mov	r8, r7
10003378:	bdf0      	pop	{r4, r5, r6, r7, pc}
	...

1000337c <__wrap___aeabi_idiv>:
1000337c:	4a12      	ldr	r2, [pc, #72]	; (100033c8 <divmod_s32s32_savestate+0x18>)
1000337e:	6f93      	ldr	r3, [r2, #120]	; 0x78
10003380:	089b      	lsrs	r3, r3, #2
10003382:	d215      	bcs.n	100033b0 <divmod_s32s32_savestate>

10003384 <divmod_s32s32_unsafe>:
10003384:	6690      	str	r0, [r2, #104]	; 0x68
10003386:	66d1      	str	r1, [r2, #108]	; 0x6c
10003388:	2900      	cmp	r1, #0
1000338a:	d005      	beq.n	10003398 <divmod_s32s32_unsafe+0x14>
1000338c:	e7ff      	b.n	1000338e <divmod_s32s32_unsafe+0xa>
1000338e:	e7ff      	b.n	10003390 <divmod_s32s32_unsafe+0xc>
10003390:	e7ff      	b.n	10003392 <divmod_s32s32_unsafe+0xe>
10003392:	6f51      	ldr	r1, [r2, #116]	; 0x74
10003394:	6f10      	ldr	r0, [r2, #112]	; 0x70
10003396:	4770      	bx	lr
10003398:	b504      	push	{r2, lr}
1000339a:	2180      	movs	r1, #128	; 0x80
1000339c:	0609      	lsls	r1, r1, #24
1000339e:	17c2      	asrs	r2, r0, #31
100033a0:	4051      	eors	r1, r2
100033a2:	2800      	cmp	r0, #0
100033a4:	d000      	beq.n	100033a8 <divmod_s32s32_unsafe+0x24>
100033a6:	43c8      	mvns	r0, r1
100033a8:	f000 feca 	bl	10004140 <____aeabi_idiv0_veneer>
100033ac:	2100      	movs	r1, #0
100033ae:	bd04      	pop	{r2, pc}

100033b0 <divmod_s32s32_savestate>:
100033b0:	b5f0      	push	{r4, r5, r6, r7, lr}
100033b2:	6e14      	ldr	r4, [r2, #96]	; 0x60
100033b4:	6e55      	ldr	r5, [r2, #100]	; 0x64
100033b6:	6f57      	ldr	r7, [r2, #116]	; 0x74
100033b8:	6f16      	ldr	r6, [r2, #112]	; 0x70
100033ba:	f7ff ffe3 	bl	10003384 <divmod_s32s32_unsafe>
100033be:	6614      	str	r4, [r2, #96]	; 0x60
100033c0:	6655      	str	r5, [r2, #100]	; 0x64
100033c2:	6757      	str	r7, [r2, #116]	; 0x74
100033c4:	6716      	str	r6, [r2, #112]	; 0x70
100033c6:	bdf0      	pop	{r4, r5, r6, r7, pc}
100033c8:	d0000000 	.word	0xd0000000

100033cc <__wrap___aeabi_uidiv>:
100033cc:	4a11      	ldr	r2, [pc, #68]	; (10003414 <divmod_u32u32_savestate+0x18>)
100033ce:	6f93      	ldr	r3, [r2, #120]	; 0x78
100033d0:	089b      	lsrs	r3, r3, #2
100033d2:	d213      	bcs.n	100033fc <divmod_u32u32_savestate>

100033d4 <divmod_u32u32_unsafe>:
100033d4:	6610      	str	r0, [r2, #96]	; 0x60
100033d6:	6651      	str	r1, [r2, #100]	; 0x64
100033d8:	2900      	cmp	r1, #0
100033da:	d005      	beq.n	100033e8 <divmod_u32u32_unsafe+0x14>
100033dc:	e7ff      	b.n	100033de <divmod_u32u32_unsafe+0xa>
100033de:	e7ff      	b.n	100033e0 <divmod_u32u32_unsafe+0xc>
100033e0:	e7ff      	b.n	100033e2 <divmod_u32u32_unsafe+0xe>
100033e2:	6f51      	ldr	r1, [r2, #116]	; 0x74
100033e4:	6f10      	ldr	r0, [r2, #112]	; 0x70
100033e6:	4770      	bx	lr
100033e8:	b504      	push	{r2, lr}
100033ea:	2800      	cmp	r0, #0
100033ec:	d001      	beq.n	100033f2 <divmod_u32u32_unsafe+0x1e>
100033ee:	2000      	movs	r0, #0
100033f0:	43c0      	mvns	r0, r0
100033f2:	f000 fea5 	bl	10004140 <____aeabi_idiv0_veneer>
100033f6:	2100      	movs	r1, #0
100033f8:	bd04      	pop	{r2, pc}
100033fa:	46c0      	nop			; (mov r8, r8)

100033fc <divmod_u32u32_savestate>:
100033fc:	b5f0      	push	{r4, r5, r6, r7, lr}
100033fe:	6e14      	ldr	r4, [r2, #96]	; 0x60
10003400:	6e55      	ldr	r5, [r2, #100]	; 0x64
10003402:	6f57      	ldr	r7, [r2, #116]	; 0x74
10003404:	6f16      	ldr	r6, [r2, #112]	; 0x70
10003406:	f7ff ffe5 	bl	100033d4 <divmod_u32u32_unsafe>
1000340a:	6614      	str	r4, [r2, #96]	; 0x60
1000340c:	6655      	str	r5, [r2, #100]	; 0x64
1000340e:	6757      	str	r7, [r2, #116]	; 0x74
10003410:	6716      	str	r6, [r2, #112]	; 0x70
10003412:	bdf0      	pop	{r4, r5, r6, r7, pc}
10003414:	d0000000 	.word	0xd0000000

10003418 <__wrap___aeabi_ldivmod>:
10003418:	4694      	mov	ip, r2
1000341a:	4a4a      	ldr	r2, [pc, #296]	; (10003544 <udiv0+0x1a>)
1000341c:	6f92      	ldr	r2, [r2, #120]	; 0x78
1000341e:	0892      	lsrs	r2, r2, #2
10003420:	4662      	mov	r2, ip
10003422:	d201      	bcs.n	10003428 <divmod_s64s64_savestate>
10003424:	e028      	b.n	10003478 <divmod_s64s64_unsafe>
10003426:	46c0      	nop			; (mov r8, r8)

10003428 <divmod_s64s64_savestate>:
10003428:	b5f0      	push	{r4, r5, r6, r7, lr}
1000342a:	4e46      	ldr	r6, [pc, #280]	; (10003544 <udiv0+0x1a>)
1000342c:	6e34      	ldr	r4, [r6, #96]	; 0x60
1000342e:	6e75      	ldr	r5, [r6, #100]	; 0x64
10003430:	6f77      	ldr	r7, [r6, #116]	; 0x74
10003432:	6f36      	ldr	r6, [r6, #112]	; 0x70
10003434:	f000 f820 	bl	10003478 <divmod_s64s64_unsafe>
10003438:	4694      	mov	ip, r2
1000343a:	4a42      	ldr	r2, [pc, #264]	; (10003544 <udiv0+0x1a>)
1000343c:	6614      	str	r4, [r2, #96]	; 0x60
1000343e:	6655      	str	r5, [r2, #100]	; 0x64
10003440:	6757      	str	r7, [r2, #116]	; 0x74
10003442:	6716      	str	r6, [r2, #112]	; 0x70
10003444:	4662      	mov	r2, ip
10003446:	bdf0      	pop	{r4, r5, r6, r7, pc}

10003448 <__wrap___aeabi_uldivmod>:
10003448:	4694      	mov	ip, r2
1000344a:	4a3e      	ldr	r2, [pc, #248]	; (10003544 <udiv0+0x1a>)
1000344c:	6f92      	ldr	r2, [r2, #120]	; 0x78
1000344e:	0892      	lsrs	r2, r2, #2
10003450:	4662      	mov	r2, ip
10003452:	d201      	bcs.n	10003458 <divmod_u64u64_savestate>
10003454:	e054      	b.n	10003500 <divmod_u64u64_unsafe>
10003456:	46c0      	nop			; (mov r8, r8)

10003458 <divmod_u64u64_savestate>:
10003458:	b5f0      	push	{r4, r5, r6, r7, lr}
1000345a:	4e3a      	ldr	r6, [pc, #232]	; (10003544 <udiv0+0x1a>)
1000345c:	6e34      	ldr	r4, [r6, #96]	; 0x60
1000345e:	6e75      	ldr	r5, [r6, #100]	; 0x64
10003460:	6f77      	ldr	r7, [r6, #116]	; 0x74
10003462:	6f36      	ldr	r6, [r6, #112]	; 0x70
10003464:	f000 f84c 	bl	10003500 <divmod_u64u64_unsafe>
10003468:	4694      	mov	ip, r2
1000346a:	4a36      	ldr	r2, [pc, #216]	; (10003544 <udiv0+0x1a>)
1000346c:	6614      	str	r4, [r2, #96]	; 0x60
1000346e:	6655      	str	r5, [r2, #100]	; 0x64
10003470:	6757      	str	r7, [r2, #116]	; 0x74
10003472:	6716      	str	r6, [r2, #112]	; 0x70
10003474:	4662      	mov	r2, ip
10003476:	bdf0      	pop	{r4, r5, r6, r7, pc}

10003478 <divmod_s64s64_unsafe>:
10003478:	2b00      	cmp	r3, #0
1000347a:	db24      	blt.n	100034c6 <l42_1+0x26>
1000347c:	d011      	beq.n	100034a2 <l42_1+0x2>
1000347e:	2900      	cmp	r1, #0
10003480:	da3e      	bge.n	10003500 <divmod_u64u64_unsafe>
10003482:	b500      	push	{lr}
10003484:	43c9      	mvns	r1, r1
10003486:	4240      	negs	r0, r0
10003488:	d100      	bne.n	1000348c <l40_1>
1000348a:	3101      	adds	r1, #1

1000348c <l40_1>:
1000348c:	f000 f838 	bl	10003500 <divmod_u64u64_unsafe>
10003490:	43c9      	mvns	r1, r1
10003492:	4240      	negs	r0, r0
10003494:	d100      	bne.n	10003498 <l41_1>
10003496:	3101      	adds	r1, #1

10003498 <l41_1>:
10003498:	43db      	mvns	r3, r3
1000349a:	4252      	negs	r2, r2
1000349c:	d100      	bne.n	100034a0 <l42_1>
1000349e:	3301      	adds	r3, #1

100034a0 <l42_1>:
100034a0:	bd00      	pop	{pc}
100034a2:	2a00      	cmp	r2, #0
100034a4:	d1eb      	bne.n	1000347e <divmod_s64s64_unsafe+0x6>
100034a6:	2800      	cmp	r0, #0
100034a8:	d101      	bne.n	100034ae <l42_1+0xe>
100034aa:	2900      	cmp	r1, #0
100034ac:	d005      	beq.n	100034ba <l42_1+0x1a>
100034ae:	2000      	movs	r0, #0
100034b0:	0fc9      	lsrs	r1, r1, #31
100034b2:	07c9      	lsls	r1, r1, #31
100034b4:	d101      	bne.n	100034ba <l42_1+0x1a>
100034b6:	43c0      	mvns	r0, r0
100034b8:	0841      	lsrs	r1, r0, #1
100034ba:	b500      	push	{lr}
100034bc:	f000 fe38 	bl	10004130 <____aeabi_ldiv0_veneer>
100034c0:	2200      	movs	r2, #0
100034c2:	2300      	movs	r3, #0
100034c4:	bd00      	pop	{pc}
100034c6:	b500      	push	{lr}
100034c8:	2900      	cmp	r1, #0
100034ca:	db0a      	blt.n	100034e2 <l44_1+0x2>
100034cc:	43db      	mvns	r3, r3
100034ce:	4252      	negs	r2, r2
100034d0:	d100      	bne.n	100034d4 <l43_1>
100034d2:	3301      	adds	r3, #1

100034d4 <l43_1>:
100034d4:	f000 f814 	bl	10003500 <divmod_u64u64_unsafe>
100034d8:	43c9      	mvns	r1, r1
100034da:	4240      	negs	r0, r0
100034dc:	d100      	bne.n	100034e0 <l44_1>
100034de:	3101      	adds	r1, #1

100034e0 <l44_1>:
100034e0:	bd00      	pop	{pc}
100034e2:	43c9      	mvns	r1, r1
100034e4:	4240      	negs	r0, r0
100034e6:	d100      	bne.n	100034ea <l45_1>
100034e8:	3101      	adds	r1, #1

100034ea <l45_1>:
100034ea:	43db      	mvns	r3, r3
100034ec:	4252      	negs	r2, r2
100034ee:	d100      	bne.n	100034f2 <l46_1>
100034f0:	3301      	adds	r3, #1

100034f2 <l46_1>:
100034f2:	f000 f805 	bl	10003500 <divmod_u64u64_unsafe>
100034f6:	43db      	mvns	r3, r3
100034f8:	4252      	negs	r2, r2
100034fa:	d100      	bne.n	100034fe <l47_1>
100034fc:	3301      	adds	r3, #1

100034fe <l47_1>:
100034fe:	bd00      	pop	{pc}

10003500 <divmod_u64u64_unsafe>:
10003500:	2900      	cmp	r1, #0
10003502:	d123      	bne.n	1000354c <y64>
10003504:	2b00      	cmp	r3, #0
10003506:	d118      	bne.n	1000353a <udiv0+0x10>
10003508:	2a00      	cmp	r2, #0
1000350a:	d00c      	beq.n	10003526 <divmod_u64u64_unsafe+0x26>
1000350c:	46bc      	mov	ip, r7
1000350e:	4f0d      	ldr	r7, [pc, #52]	; (10003544 <udiv0+0x1a>)
10003510:	6638      	str	r0, [r7, #96]	; 0x60
10003512:	667a      	str	r2, [r7, #100]	; 0x64
10003514:	2100      	movs	r1, #0
10003516:	2300      	movs	r3, #0
10003518:	e7ff      	b.n	1000351a <divmod_u64u64_unsafe+0x1a>
1000351a:	e7ff      	b.n	1000351c <divmod_u64u64_unsafe+0x1c>
1000351c:	e7ff      	b.n	1000351e <divmod_u64u64_unsafe+0x1e>
1000351e:	6f7a      	ldr	r2, [r7, #116]	; 0x74
10003520:	6f38      	ldr	r0, [r7, #112]	; 0x70
10003522:	4667      	mov	r7, ip
10003524:	4770      	bx	lr
10003526:	2800      	cmp	r0, #0
10003528:	d001      	beq.n	1000352e <udiv0+0x4>

1000352a <udiv0>:
1000352a:	4807      	ldr	r0, [pc, #28]	; (10003548 <udiv0+0x1e>)
1000352c:	0001      	movs	r1, r0
1000352e:	b500      	push	{lr}
10003530:	f000 fdfe 	bl	10004130 <____aeabi_ldiv0_veneer>
10003534:	2200      	movs	r2, #0
10003536:	2300      	movs	r3, #0
10003538:	bd00      	pop	{pc}
1000353a:	0002      	movs	r2, r0
1000353c:	000b      	movs	r3, r1
1000353e:	2000      	movs	r0, #0
10003540:	2100      	movs	r1, #0
10003542:	4770      	bx	lr
10003544:	d0000000 	.word	0xd0000000
10003548:	ffffffff 	.word	0xffffffff

1000354c <y64>:
1000354c:	2b00      	cmp	r3, #0
1000354e:	d000      	beq.n	10003552 <y64+0x6>
10003550:	e0bf      	b.n	100036d2 <y64_x48>
10003552:	0c13      	lsrs	r3, r2, #16
10003554:	d128      	bne.n	100035a8 <y64_x32>
10003556:	2a00      	cmp	r2, #0
10003558:	d0e7      	beq.n	1000352a <udiv0>
1000355a:	b480      	push	{r7}
1000355c:	4f11      	ldr	r7, [pc, #68]	; (100035a4 <y64+0x58>)
1000355e:	6639      	str	r1, [r7, #96]	; 0x60
10003560:	667a      	str	r2, [r7, #100]	; 0x64
10003562:	e7ff      	b.n	10003564 <y64+0x18>
10003564:	e7ff      	b.n	10003566 <y64+0x1a>
10003566:	b430      	push	{r4, r5}
10003568:	0c04      	lsrs	r4, r0, #16
1000356a:	6f7b      	ldr	r3, [r7, #116]	; 0x74
1000356c:	6f39      	ldr	r1, [r7, #112]	; 0x70
1000356e:	041b      	lsls	r3, r3, #16
10003570:	4323      	orrs	r3, r4
10003572:	663b      	str	r3, [r7, #96]	; 0x60
10003574:	667a      	str	r2, [r7, #100]	; 0x64
10003576:	e7ff      	b.n	10003578 <y64+0x2c>
10003578:	e7ff      	b.n	1000357a <y64+0x2e>
1000357a:	e7ff      	b.n	1000357c <y64+0x30>
1000357c:	46c0      	nop			; (mov r8, r8)
1000357e:	b284      	uxth	r4, r0
10003580:	6f7b      	ldr	r3, [r7, #116]	; 0x74
10003582:	6f3d      	ldr	r5, [r7, #112]	; 0x70
10003584:	041b      	lsls	r3, r3, #16
10003586:	4323      	orrs	r3, r4
10003588:	663b      	str	r3, [r7, #96]	; 0x60
1000358a:	667a      	str	r2, [r7, #100]	; 0x64
1000358c:	e7ff      	b.n	1000358e <y64+0x42>
1000358e:	e7ff      	b.n	10003590 <y64+0x44>
10003590:	46c0      	nop			; (mov r8, r8)
10003592:	2300      	movs	r3, #0
10003594:	042c      	lsls	r4, r5, #16
10003596:	0c2d      	lsrs	r5, r5, #16
10003598:	6f7a      	ldr	r2, [r7, #116]	; 0x74
1000359a:	6f38      	ldr	r0, [r7, #112]	; 0x70
1000359c:	1900      	adds	r0, r0, r4
1000359e:	4169      	adcs	r1, r5
100035a0:	bcb0      	pop	{r4, r5, r7}
100035a2:	4770      	bx	lr
100035a4:	d0000000 	.word	0xd0000000

100035a8 <y64_x32>:
100035a8:	b5f0      	push	{r4, r5, r6, r7, lr}
100035aa:	4694      	mov	ip, r2
100035ac:	2500      	movs	r5, #0
100035ae:	0e14      	lsrs	r4, r2, #24
100035b0:	d101      	bne.n	100035b6 <y64_x32+0xe>
100035b2:	0212      	lsls	r2, r2, #8
100035b4:	3508      	adds	r5, #8
100035b6:	0f14      	lsrs	r4, r2, #28
100035b8:	d101      	bne.n	100035be <y64_x32+0x16>
100035ba:	0112      	lsls	r2, r2, #4
100035bc:	3504      	adds	r5, #4
100035be:	0f94      	lsrs	r4, r2, #30
100035c0:	d101      	bne.n	100035c6 <y64_x32+0x1e>
100035c2:	0092      	lsls	r2, r2, #2
100035c4:	3502      	adds	r5, #2
100035c6:	0fd4      	lsrs	r4, r2, #31
100035c8:	d101      	bne.n	100035ce <y64_x32+0x26>
100035ca:	0052      	lsls	r2, r2, #1
100035cc:	3501      	adds	r5, #1
100035ce:	0bd4      	lsrs	r4, r2, #15
100035d0:	3401      	adds	r4, #1
100035d2:	4f25      	ldr	r7, [pc, #148]	; (10003668 <y64_x32+0xc0>)
100035d4:	667c      	str	r4, [r7, #100]	; 0x64
100035d6:	4c25      	ldr	r4, [pc, #148]	; (1000366c <y64_x32+0xc4>)
100035d8:	663c      	str	r4, [r7, #96]	; 0x60
100035da:	0c0e      	lsrs	r6, r1, #16
100035dc:	b293      	uxth	r3, r2
100035de:	e7ff      	b.n	100035e0 <y64_x32+0x38>
100035e0:	e7ff      	b.n	100035e2 <y64_x32+0x3a>
100035e2:	e7ff      	b.n	100035e4 <y64_x32+0x3c>
100035e4:	6f3c      	ldr	r4, [r7, #112]	; 0x70
100035e6:	4366      	muls	r6, r4
100035e8:	0c36      	lsrs	r6, r6, #16
100035ea:	0377      	lsls	r7, r6, #13
100035ec:	46be      	mov	lr, r7
100035ee:	4373      	muls	r3, r6
100035f0:	0bdf      	lsrs	r7, r3, #15
100035f2:	045b      	lsls	r3, r3, #17
100035f4:	1ac0      	subs	r0, r0, r3
100035f6:	41b9      	sbcs	r1, r7
100035f8:	0c13      	lsrs	r3, r2, #16
100035fa:	4373      	muls	r3, r6
100035fc:	18db      	adds	r3, r3, r3
100035fe:	1ac9      	subs	r1, r1, r3
10003600:	08ce      	lsrs	r6, r1, #3
10003602:	4366      	muls	r6, r4
10003604:	0c36      	lsrs	r6, r6, #16
10003606:	44b6      	add	lr, r6
10003608:	b293      	uxth	r3, r2
1000360a:	4373      	muls	r3, r6
1000360c:	0f1f      	lsrs	r7, r3, #28
1000360e:	011b      	lsls	r3, r3, #4
10003610:	1ac0      	subs	r0, r0, r3
10003612:	41b9      	sbcs	r1, r7
10003614:	0c13      	lsrs	r3, r2, #16
10003616:	4373      	muls	r3, r6
10003618:	0b1f      	lsrs	r7, r3, #12
1000361a:	051b      	lsls	r3, r3, #20
1000361c:	1ac0      	subs	r0, r0, r3
1000361e:	41b9      	sbcs	r1, r7
10003620:	0d86      	lsrs	r6, r0, #22
10003622:	028f      	lsls	r7, r1, #10
10003624:	433e      	orrs	r6, r7
10003626:	4366      	muls	r6, r4
10003628:	0c36      	lsrs	r6, r6, #16
1000362a:	2d09      	cmp	r5, #9
1000362c:	db24      	blt.n	10003678 <last0>
1000362e:	0a52      	lsrs	r2, r2, #9
10003630:	4372      	muls	r2, r6
10003632:	1a80      	subs	r0, r0, r2
10003634:	0377      	lsls	r7, r6, #13
10003636:	0a46      	lsrs	r6, r0, #9
10003638:	4366      	muls	r6, r4
1000363a:	0c36      	lsrs	r6, r6, #16
1000363c:	2316      	movs	r3, #22
1000363e:	1b5b      	subs	r3, r3, r5
10003640:	40de      	lsrs	r6, r3
10003642:	40df      	lsrs	r7, r3
10003644:	19bf      	adds	r7, r7, r6
10003646:	4664      	mov	r4, ip
10003648:	4366      	muls	r6, r4
1000364a:	1b82      	subs	r2, r0, r6
1000364c:	4670      	mov	r0, lr
1000364e:	3504      	adds	r5, #4
10003650:	3306      	adds	r3, #6
10003652:	0001      	movs	r1, r0
10003654:	40d9      	lsrs	r1, r3
10003656:	40a8      	lsls	r0, r5
10003658:	19c0      	adds	r0, r0, r7
1000365a:	d300      	bcc.n	1000365e <y64_x32+0xb6>
1000365c:	3101      	adds	r1, #1
1000365e:	42a2      	cmp	r2, r4
10003660:	d206      	bcs.n	10003670 <y64_x32+0xc8>
10003662:	2300      	movs	r3, #0
10003664:	bdf0      	pop	{r4, r5, r6, r7, pc}
10003666:	0000      	.short	0x0000
10003668:	d0000000 	.word	0xd0000000
1000366c:	ffffffff 	.word	0xffffffff
10003670:	1b12      	subs	r2, r2, r4
10003672:	3001      	adds	r0, #1
10003674:	d3f3      	bcc.n	1000365e <y64_x32+0xb6>
10003676:	e7f1      	b.n	1000365c <y64_x32+0xb4>

10003678 <last0>:
10003678:	2709      	movs	r7, #9
1000367a:	1b7f      	subs	r7, r7, r5
1000367c:	40fe      	lsrs	r6, r7
1000367e:	4664      	mov	r4, ip
10003680:	b2a2      	uxth	r2, r4
10003682:	4372      	muls	r2, r6
10003684:	1a80      	subs	r0, r0, r2
10003686:	d200      	bcs.n	1000368a <last0+0x12>
10003688:	3901      	subs	r1, #1
1000368a:	0c22      	lsrs	r2, r4, #16
1000368c:	4372      	muls	r2, r6
1000368e:	0c13      	lsrs	r3, r2, #16
10003690:	0412      	lsls	r2, r2, #16
10003692:	1a82      	subs	r2, r0, r2
10003694:	4199      	sbcs	r1, r3
10003696:	000b      	movs	r3, r1
10003698:	4670      	mov	r0, lr
1000369a:	3504      	adds	r5, #4
1000369c:	3713      	adds	r7, #19
1000369e:	0001      	movs	r1, r0
100036a0:	40f9      	lsrs	r1, r7
100036a2:	40a8      	lsls	r0, r5
100036a4:	1980      	adds	r0, r0, r6
100036a6:	d300      	bcc.n	100036aa <last0+0x32>
100036a8:	3101      	adds	r1, #1
100036aa:	2b00      	cmp	r3, #0
100036ac:	d102      	bne.n	100036b4 <last0+0x3c>
100036ae:	42a2      	cmp	r2, r4
100036b0:	d20a      	bcs.n	100036c8 <last0+0x50>
100036b2:	bdf0      	pop	{r4, r5, r6, r7, pc}
100036b4:	3001      	adds	r0, #1
100036b6:	d300      	bcc.n	100036ba <last0+0x42>
100036b8:	3101      	adds	r1, #1
100036ba:	1b12      	subs	r2, r2, r4
100036bc:	d2fa      	bcs.n	100036b4 <last0+0x3c>
100036be:	3b01      	subs	r3, #1
100036c0:	d1f8      	bne.n	100036b4 <last0+0x3c>
100036c2:	42a2      	cmp	r2, r4
100036c4:	d200      	bcs.n	100036c8 <last0+0x50>
100036c6:	bdf0      	pop	{r4, r5, r6, r7, pc}
100036c8:	3001      	adds	r0, #1
100036ca:	d300      	bcc.n	100036ce <last0+0x56>
100036cc:	3101      	adds	r1, #1
100036ce:	1b12      	subs	r2, r2, r4
100036d0:	e7f7      	b.n	100036c2 <last0+0x4a>

100036d2 <y64_x48>:
100036d2:	b5f0      	push	{r4, r5, r6, r7, lr}
100036d4:	0c1c      	lsrs	r4, r3, #16
100036d6:	d000      	beq.n	100036da <y64_x48+0x8>
100036d8:	e080      	b.n	100037dc <y64_x64>
100036da:	b40c      	push	{r2, r3}
100036dc:	2500      	movs	r5, #0
100036de:	0a1c      	lsrs	r4, r3, #8
100036e0:	d104      	bne.n	100036ec <y64_x48+0x1a>
100036e2:	021b      	lsls	r3, r3, #8
100036e4:	0e16      	lsrs	r6, r2, #24
100036e6:	4333      	orrs	r3, r6
100036e8:	0212      	lsls	r2, r2, #8
100036ea:	3508      	adds	r5, #8
100036ec:	0b1c      	lsrs	r4, r3, #12
100036ee:	d104      	bne.n	100036fa <y64_x48+0x28>
100036f0:	011b      	lsls	r3, r3, #4
100036f2:	0f16      	lsrs	r6, r2, #28
100036f4:	4333      	orrs	r3, r6
100036f6:	0112      	lsls	r2, r2, #4
100036f8:	3504      	adds	r5, #4
100036fa:	0b9c      	lsrs	r4, r3, #14
100036fc:	d104      	bne.n	10003708 <y64_x48+0x36>
100036fe:	009b      	lsls	r3, r3, #2
10003700:	0f96      	lsrs	r6, r2, #30
10003702:	4333      	orrs	r3, r6
10003704:	0092      	lsls	r2, r2, #2
10003706:	3502      	adds	r5, #2
10003708:	0bdc      	lsrs	r4, r3, #15
1000370a:	d102      	bne.n	10003712 <y64_x48+0x40>
1000370c:	1892      	adds	r2, r2, r2
1000370e:	415b      	adcs	r3, r3
10003710:	3501      	adds	r5, #1
10003712:	001c      	movs	r4, r3
10003714:	1897      	adds	r7, r2, r2
10003716:	4164      	adcs	r4, r4
10003718:	3401      	adds	r4, #1
1000371a:	4f46      	ldr	r7, [pc, #280]	; (10003834 <y64_x64+0x58>)
1000371c:	667c      	str	r4, [r7, #100]	; 0x64
1000371e:	4c46      	ldr	r4, [pc, #280]	; (10003838 <y64_x64+0x5c>)
10003720:	663c      	str	r4, [r7, #96]	; 0x60
10003722:	0c0e      	lsrs	r6, r1, #16
10003724:	e7ff      	b.n	10003726 <y64_x48+0x54>
10003726:	e7ff      	b.n	10003728 <y64_x48+0x56>
10003728:	e7ff      	b.n	1000372a <y64_x48+0x58>
1000372a:	46c0      	nop			; (mov r8, r8)
1000372c:	6f3c      	ldr	r4, [r7, #112]	; 0x70
1000372e:	4366      	muls	r6, r4
10003730:	0c36      	lsrs	r6, r6, #16
10003732:	0377      	lsls	r7, r6, #13
10003734:	46be      	mov	lr, r7
10003736:	b297      	uxth	r7, r2
10003738:	4377      	muls	r7, r6
1000373a:	1bc0      	subs	r0, r0, r7
1000373c:	d200      	bcs.n	10003740 <y64_x48+0x6e>
1000373e:	3901      	subs	r1, #1
10003740:	1bc0      	subs	r0, r0, r7
10003742:	d200      	bcs.n	10003746 <y64_x48+0x74>
10003744:	3901      	subs	r1, #1
10003746:	b29f      	uxth	r7, r3
10003748:	4377      	muls	r7, r6
1000374a:	1bc9      	subs	r1, r1, r7
1000374c:	1bc9      	subs	r1, r1, r7
1000374e:	0c17      	lsrs	r7, r2, #16
10003750:	4377      	muls	r7, r6
10003752:	047e      	lsls	r6, r7, #17
10003754:	0bff      	lsrs	r7, r7, #15
10003756:	1b80      	subs	r0, r0, r6
10003758:	41b9      	sbcs	r1, r7
1000375a:	08ce      	lsrs	r6, r1, #3
1000375c:	4366      	muls	r6, r4
1000375e:	0c36      	lsrs	r6, r6, #16
10003760:	2d0c      	cmp	r5, #12
10003762:	db33      	blt.n	100037cc <last1>
10003764:	44b6      	add	lr, r6
10003766:	0b12      	lsrs	r2, r2, #12
10003768:	051f      	lsls	r7, r3, #20
1000376a:	433a      	orrs	r2, r7
1000376c:	0b1b      	lsrs	r3, r3, #12
1000376e:	b297      	uxth	r7, r2
10003770:	4377      	muls	r7, r6
10003772:	1bc0      	subs	r0, r0, r7
10003774:	d200      	bcs.n	10003778 <y64_x48+0xa6>
10003776:	3901      	subs	r1, #1
10003778:	b29f      	uxth	r7, r3
1000377a:	4377      	muls	r7, r6
1000377c:	1bc9      	subs	r1, r1, r7
1000377e:	0c17      	lsrs	r7, r2, #16
10003780:	4377      	muls	r7, r6
10003782:	043e      	lsls	r6, r7, #16
10003784:	0c3f      	lsrs	r7, r7, #16
10003786:	1b80      	subs	r0, r0, r6
10003788:	41b9      	sbcs	r1, r7
1000378a:	0d86      	lsrs	r6, r0, #22
1000378c:	028f      	lsls	r7, r1, #10
1000378e:	433e      	orrs	r6, r7
10003790:	4366      	muls	r6, r4
10003792:	2729      	movs	r7, #41	; 0x29
10003794:	1b7f      	subs	r7, r7, r5
10003796:	40fe      	lsrs	r6, r7
10003798:	3d0c      	subs	r5, #12
1000379a:	4677      	mov	r7, lr
1000379c:	40af      	lsls	r7, r5
1000379e:	19bf      	adds	r7, r7, r6
100037a0:	bc30      	pop	{r4, r5}
100037a2:	b2a2      	uxth	r2, r4
100037a4:	b2ab      	uxth	r3, r5
100037a6:	4372      	muls	r2, r6
100037a8:	4373      	muls	r3, r6
100037aa:	1a80      	subs	r0, r0, r2
100037ac:	4199      	sbcs	r1, r3
100037ae:	0c22      	lsrs	r2, r4, #16
100037b0:	4372      	muls	r2, r6
100037b2:	0c13      	lsrs	r3, r2, #16
100037b4:	0412      	lsls	r2, r2, #16
100037b6:	1a80      	subs	r0, r0, r2
100037b8:	4199      	sbcs	r1, r3
100037ba:	0002      	movs	r2, r0
100037bc:	000b      	movs	r3, r1
100037be:	3701      	adds	r7, #1
100037c0:	1b00      	subs	r0, r0, r4
100037c2:	41a9      	sbcs	r1, r5
100037c4:	d2f9      	bcs.n	100037ba <y64_x48+0xe8>
100037c6:	1e78      	subs	r0, r7, #1
100037c8:	2100      	movs	r1, #0
100037ca:	bdf0      	pop	{r4, r5, r6, r7, pc}

100037cc <last1>:
100037cc:	270c      	movs	r7, #12
100037ce:	1b7f      	subs	r7, r7, r5
100037d0:	40fe      	lsrs	r6, r7
100037d2:	4677      	mov	r7, lr
100037d4:	0b7f      	lsrs	r7, r7, #13
100037d6:	40af      	lsls	r7, r5
100037d8:	19ff      	adds	r7, r7, r7
100037da:	e7e0      	b.n	1000379e <y64_x48+0xcc>

100037dc <y64_x64>:
100037dc:	2400      	movs	r4, #0
100037de:	1c5d      	adds	r5, r3, #1
100037e0:	d007      	beq.n	100037f2 <y64_x64+0x16>
100037e2:	4f14      	ldr	r7, [pc, #80]	; (10003834 <y64_x64+0x58>)
100037e4:	667d      	str	r5, [r7, #100]	; 0x64
100037e6:	6639      	str	r1, [r7, #96]	; 0x60
100037e8:	e7ff      	b.n	100037ea <y64_x64+0xe>
100037ea:	e7ff      	b.n	100037ec <y64_x64+0x10>
100037ec:	e7ff      	b.n	100037ee <y64_x64+0x12>
100037ee:	e7ff      	b.n	100037f0 <y64_x64+0x14>
100037f0:	6f3c      	ldr	r4, [r7, #112]	; 0x70
100037f2:	b295      	uxth	r5, r2
100037f4:	b29e      	uxth	r6, r3
100037f6:	4365      	muls	r5, r4
100037f8:	4366      	muls	r6, r4
100037fa:	1b40      	subs	r0, r0, r5
100037fc:	41b1      	sbcs	r1, r6
100037fe:	0c15      	lsrs	r5, r2, #16
10003800:	0c1e      	lsrs	r6, r3, #16
10003802:	4365      	muls	r5, r4
10003804:	4366      	muls	r6, r4
10003806:	0436      	lsls	r6, r6, #16
10003808:	0c2f      	lsrs	r7, r5, #16
1000380a:	433e      	orrs	r6, r7
1000380c:	042d      	lsls	r5, r5, #16
1000380e:	1b40      	subs	r0, r0, r5
10003810:	41b1      	sbcs	r1, r6
10003812:	4299      	cmp	r1, r3
10003814:	d204      	bcs.n	10003820 <y64_x64+0x44>
10003816:	0002      	movs	r2, r0
10003818:	000b      	movs	r3, r1
1000381a:	0020      	movs	r0, r4
1000381c:	2100      	movs	r1, #0
1000381e:	bdf0      	pop	{r4, r5, r6, r7, pc}
10003820:	d101      	bne.n	10003826 <y64_x64+0x4a>
10003822:	4290      	cmp	r0, r2
10003824:	d3f7      	bcc.n	10003816 <y64_x64+0x3a>
10003826:	1a80      	subs	r0, r0, r2
10003828:	4199      	sbcs	r1, r3
1000382a:	3401      	adds	r4, #1
1000382c:	4299      	cmp	r1, r3
1000382e:	d3f2      	bcc.n	10003816 <y64_x64+0x3a>
10003830:	e7f6      	b.n	10003820 <y64_x64+0x44>
10003832:	0000      	.short	0x0000
10003834:	d0000000 	.word	0xd0000000
10003838:	ffffffff 	.word	0xffffffff

1000383c <__wrap___aeabi_drsub>:
1000383c:	4048      	eors	r0, r1
1000383e:	4041      	eors	r1, r0
10003840:	4048      	eors	r0, r1

10003842 <__wrap___aeabi_dsub>:
10003842:	b418      	push	{r3, r4}
10003844:	4b13      	ldr	r3, [pc, #76]	; (10003894 <__wrap___aeabi_dmul+0xa>)
10003846:	685b      	ldr	r3, [r3, #4]
10003848:	9301      	str	r3, [sp, #4]
1000384a:	bd08      	pop	{r3, pc}

1000384c <__wrap___aeabi_dadd>:
1000384c:	b418      	push	{r3, r4}
1000384e:	4b11      	ldr	r3, [pc, #68]	; (10003894 <__wrap___aeabi_dmul+0xa>)
10003850:	681b      	ldr	r3, [r3, #0]
10003852:	9301      	str	r3, [sp, #4]
10003854:	bd08      	pop	{r3, pc}

10003856 <__wrap___aeabi_ddiv>:
10003856:	4694      	mov	ip, r2
10003858:	4a0f      	ldr	r2, [pc, #60]	; (10003898 <__wrap___aeabi_dmul+0xe>)
1000385a:	6f92      	ldr	r2, [r2, #120]	; 0x78
1000385c:	0892      	lsrs	r2, r2, #2
1000385e:	d205      	bcs.n	1000386c <ddiv_save_state>
10003860:	4662      	mov	r2, ip

10003862 <ddiv_shim_call>:
10003862:	b418      	push	{r3, r4}
10003864:	4b0b      	ldr	r3, [pc, #44]	; (10003894 <__wrap___aeabi_dmul+0xa>)
10003866:	68db      	ldr	r3, [r3, #12]
10003868:	9301      	str	r3, [sp, #4]
1000386a:	bd08      	pop	{r3, pc}

1000386c <ddiv_save_state>:
1000386c:	4a0a      	ldr	r2, [pc, #40]	; (10003898 <__wrap___aeabi_dmul+0xe>)
1000386e:	b5f0      	push	{r4, r5, r6, r7, lr}
10003870:	6e14      	ldr	r4, [r2, #96]	; 0x60
10003872:	6e55      	ldr	r5, [r2, #100]	; 0x64
10003874:	6f57      	ldr	r7, [r2, #116]	; 0x74
10003876:	6f16      	ldr	r6, [r2, #112]	; 0x70
10003878:	4662      	mov	r2, ip
1000387a:	f7ff fff2 	bl	10003862 <ddiv_shim_call>
1000387e:	4a06      	ldr	r2, [pc, #24]	; (10003898 <__wrap___aeabi_dmul+0xe>)
10003880:	6614      	str	r4, [r2, #96]	; 0x60
10003882:	6655      	str	r5, [r2, #100]	; 0x64
10003884:	6757      	str	r7, [r2, #116]	; 0x74
10003886:	6716      	str	r6, [r2, #112]	; 0x70
10003888:	bdf0      	pop	{r4, r5, r6, r7, pc}

1000388a <__wrap___aeabi_dmul>:
1000388a:	b418      	push	{r3, r4}
1000388c:	4b01      	ldr	r3, [pc, #4]	; (10003894 <__wrap___aeabi_dmul+0xa>)
1000388e:	689b      	ldr	r3, [r3, #8]
10003890:	9301      	str	r3, [sp, #4]
10003892:	bd08      	pop	{r3, pc}
10003894:	200004d0 	.word	0x200004d0
10003898:	d0000000 	.word	0xd0000000

1000389c <__wrap___aeabi_cdrcmple>:
1000389c:	b5ff      	push	{r0, r1, r2, r3, r4, r5, r6, r7, lr}
1000389e:	4050      	eors	r0, r2
100038a0:	4042      	eors	r2, r0
100038a2:	4050      	eors	r0, r2
100038a4:	4059      	eors	r1, r3
100038a6:	404b      	eors	r3, r1
100038a8:	4059      	eors	r1, r3
100038aa:	e000      	b.n	100038ae <__aeabi_dfcmple_guts>

100038ac <__wrap___aeabi_cdcmpeq>:
100038ac:	b5ff      	push	{r0, r1, r2, r3, r4, r5, r6, r7, lr}

100038ae <__aeabi_dfcmple_guts>:
100038ae:	4f15      	ldr	r7, [pc, #84]	; (10003904 <__aeabi_dfcmple_guts+0x56>)
100038b0:	004c      	lsls	r4, r1, #1
100038b2:	0d64      	lsrs	r4, r4, #21
100038b4:	d003      	beq.n	100038be <__aeabi_dfcmple_guts+0x10>
100038b6:	42bc      	cmp	r4, r7
100038b8:	d104      	bne.n	100038c4 <__aeabi_dfcmple_guts+0x16>
100038ba:	030c      	lsls	r4, r1, #12
100038bc:	d814      	bhi.n	100038e8 <__aeabi_dfcmple_guts+0x3a>
100038be:	2000      	movs	r0, #0
100038c0:	0d09      	lsrs	r1, r1, #20
100038c2:	0509      	lsls	r1, r1, #20
100038c4:	005c      	lsls	r4, r3, #1
100038c6:	0d64      	lsrs	r4, r4, #21
100038c8:	d003      	beq.n	100038d2 <__aeabi_dfcmple_guts+0x24>
100038ca:	42bc      	cmp	r4, r7
100038cc:	d104      	bne.n	100038d8 <__aeabi_dfcmple_guts+0x2a>
100038ce:	031c      	lsls	r4, r3, #12
100038d0:	d80a      	bhi.n	100038e8 <__aeabi_dfcmple_guts+0x3a>
100038d2:	2200      	movs	r2, #0
100038d4:	0d1b      	lsrs	r3, r3, #20
100038d6:	051b      	lsls	r3, r3, #20
100038d8:	2601      	movs	r6, #1
100038da:	404b      	eors	r3, r1
100038dc:	d409      	bmi.n	100038f2 <__aeabi_dfcmple_guts+0x44>
100038de:	404b      	eors	r3, r1
100038e0:	d503      	bpl.n	100038ea <__aeabi_dfcmple_guts+0x3c>
100038e2:	428b      	cmp	r3, r1
100038e4:	d100      	bne.n	100038e8 <__aeabi_dfcmple_guts+0x3a>
100038e6:	4282      	cmp	r2, r0
100038e8:	bdff      	pop	{r0, r1, r2, r3, r4, r5, r6, r7, pc}
100038ea:	4299      	cmp	r1, r3
100038ec:	d1fc      	bne.n	100038e8 <__aeabi_dfcmple_guts+0x3a>
100038ee:	4290      	cmp	r0, r2
100038f0:	bdff      	pop	{r0, r1, r2, r3, r4, r5, r6, r7, pc}
100038f2:	430b      	orrs	r3, r1
100038f4:	18db      	adds	r3, r3, r3
100038f6:	4303      	orrs	r3, r0
100038f8:	4313      	orrs	r3, r2
100038fa:	d0f5      	beq.n	100038e8 <__aeabi_dfcmple_guts+0x3a>
100038fc:	43c9      	mvns	r1, r1
100038fe:	1849      	adds	r1, r1, r1
10003900:	bdff      	pop	{r0, r1, r2, r3, r4, r5, r6, r7, pc}
10003902:	0000      	.short	0x0000
10003904:	000007ff 	.word	0x000007ff

10003908 <__wrap___aeabi_dcmplt>:
10003908:	b500      	push	{lr}
1000390a:	f7ff ffcf 	bl	100038ac <__wrap___aeabi_cdcmpeq>
1000390e:	4180      	sbcs	r0, r0
10003910:	bd00      	pop	{pc}
10003912:	46c0      	nop			; (mov r8, r8)

10003914 <__wrap___aeabi_dcmple>:
10003914:	b500      	push	{lr}
10003916:	f7ff ffc9 	bl	100038ac <__wrap___aeabi_cdcmpeq>
1000391a:	d901      	bls.n	10003920 <__wrap___aeabi_dcmple+0xc>
1000391c:	2000      	movs	r0, #0
1000391e:	bd00      	pop	{pc}
10003920:	2001      	movs	r0, #1
10003922:	bd00      	pop	{pc}

10003924 <__wrap___aeabi_dcmpge>:
10003924:	b500      	push	{lr}
10003926:	f7ff ffb9 	bl	1000389c <__wrap___aeabi_cdrcmple>
1000392a:	d901      	bls.n	10003930 <__wrap___aeabi_dcmpge+0xc>
1000392c:	2000      	movs	r0, #0
1000392e:	bd00      	pop	{pc}
10003930:	2001      	movs	r0, #1
10003932:	bd00      	pop	{pc}

10003934 <__wrap___aeabi_dcmpgt>:
10003934:	b500      	push	{lr}
10003936:	f7ff ffb1 	bl	1000389c <__wrap___aeabi_cdrcmple>
1000393a:	4180      	sbcs	r0, r0
1000393c:	bd00      	pop	{pc}

1000393e <__wrap___aeabi_dcmpun>:
1000393e:	2001      	movs	r0, #1
10003940:	0540      	lsls	r0, r0, #21
10003942:	004a      	lsls	r2, r1, #1
10003944:	1812      	adds	r2, r2, r0
10003946:	d804      	bhi.n	10003952 <__wrap___aeabi_dcmpun+0x14>
10003948:	005a      	lsls	r2, r3, #1
1000394a:	1812      	adds	r2, r2, r0
1000394c:	d801      	bhi.n	10003952 <__wrap___aeabi_dcmpun+0x14>
1000394e:	2000      	movs	r0, #0
10003950:	4770      	bx	lr
10003952:	2001      	movs	r0, #1
10003954:	4770      	bx	lr
10003956:	2000      	movs	r0, #0
10003958:	4770      	bx	lr
	...

1000395c <__wrap___aeabi_ui2d>:
1000395c:	2100      	movs	r1, #0
1000395e:	2800      	cmp	r0, #0
10003960:	d105      	bne.n	1000396e <__wrap___aeabi_i2d+0xa>
10003962:	4770      	bx	lr

10003964 <__wrap___aeabi_i2d>:
10003964:	17c1      	asrs	r1, r0, #31
10003966:	4048      	eors	r0, r1
10003968:	1a40      	subs	r0, r0, r1
1000396a:	d0fa      	beq.n	10003962 <__wrap___aeabi_ui2d+0x6>
1000396c:	07c9      	lsls	r1, r1, #31
1000396e:	b513      	push	{r0, r1, r4, lr}
10003970:	4b06      	ldr	r3, [pc, #24]	; (1000398c <__wrap___aeabi_i2d+0x28>)
10003972:	681b      	ldr	r3, [r3, #0]
10003974:	4798      	blx	r3
10003976:	bc0c      	pop	{r2, r3}
10003978:	1c44      	adds	r4, r0, #1
1000397a:	40a2      	lsls	r2, r4
1000397c:	0510      	lsls	r0, r2, #20
1000397e:	0b12      	lsrs	r2, r2, #12
10003980:	4903      	ldr	r1, [pc, #12]	; (10003990 <__wrap___aeabi_i2d+0x2c>)
10003982:	1b09      	subs	r1, r1, r4
10003984:	0509      	lsls	r1, r1, #20
10003986:	4319      	orrs	r1, r3
10003988:	4311      	orrs	r1, r2
1000398a:	bd10      	pop	{r4, pc}
1000398c:	200005d0 	.word	0x200005d0
10003990:	0000041f 	.word	0x0000041f

10003994 <__wrap___aeabi_d2iz>:
10003994:	b510      	push	{r4, lr}
10003996:	004c      	lsls	r4, r1, #1
10003998:	0d62      	lsrs	r2, r4, #21
1000399a:	2380      	movs	r3, #128	; 0x80
1000399c:	18d2      	adds	r2, r2, r3
1000399e:	00db      	lsls	r3, r3, #3
100039a0:	1ad2      	subs	r2, r2, r3
100039a2:	055b      	lsls	r3, r3, #21
100039a4:	2a7e      	cmp	r2, #126	; 0x7e
100039a6:	dd10      	ble.n	100039ca <__wrap___aeabi_d2iz+0x36>
100039a8:	3a9e      	subs	r2, #158	; 0x9e
100039aa:	da13      	bge.n	100039d4 <__wrap___aeabi_d2iz+0x40>
100039ac:	17cc      	asrs	r4, r1, #31
100039ae:	0309      	lsls	r1, r1, #12
100039b0:	0849      	lsrs	r1, r1, #1
100039b2:	4319      	orrs	r1, r3
100039b4:	4252      	negs	r2, r2
100039b6:	40d1      	lsrs	r1, r2
100039b8:	0064      	lsls	r4, r4, #1
100039ba:	3401      	adds	r4, #1
100039bc:	3215      	adds	r2, #21
100039be:	2a20      	cmp	r2, #32
100039c0:	da05      	bge.n	100039ce <__wrap___aeabi_d2iz+0x3a>
100039c2:	40d0      	lsrs	r0, r2
100039c4:	4308      	orrs	r0, r1
100039c6:	4360      	muls	r0, r4
100039c8:	bd10      	pop	{r4, pc}
100039ca:	2000      	movs	r0, #0
100039cc:	bd10      	pop	{r4, pc}
100039ce:	4608      	mov	r0, r1
100039d0:	4360      	muls	r0, r4
100039d2:	bd10      	pop	{r4, pc}
100039d4:	0fc8      	lsrs	r0, r1, #31
100039d6:	18c0      	adds	r0, r0, r3
100039d8:	3801      	subs	r0, #1
100039da:	bd10      	pop	{r4, pc}

100039dc <__wrap___aeabi_d2uiz>:
100039dc:	b418      	push	{r3, r4}
100039de:	4b02      	ldr	r3, [pc, #8]	; (100039e8 <__wrap___aeabi_d2uiz+0xc>)
100039e0:	6a5b      	ldr	r3, [r3, #36]	; 0x24
100039e2:	9301      	str	r3, [sp, #4]
100039e4:	bd08      	pop	{r3, pc}
100039e6:	0000      	.short	0x0000
100039e8:	200004d0 	.word	0x200004d0

100039ec <missing_double_func_shim>:
100039ec:	b510      	push	{r4, lr}
100039ee:	4801      	ldr	r0, [pc, #4]	; (100039f4 <missing_double_func_shim+0x8>)
100039f0:	f7fe fbd8 	bl	100021a4 <panic>
100039f4:	100050a0 	.word	0x100050a0

100039f8 <__aeabi_double_init>:
100039f8:	b570      	push	{r4, r5, r6, lr}
100039fa:	2313      	movs	r3, #19
100039fc:	781c      	ldrb	r4, [r3, #0]
100039fe:	2c01      	cmp	r4, #1
10003a00:	d014      	beq.n	10003a2c <__aeabi_double_init+0x34>
10003a02:	2c01      	cmp	r4, #1
10003a04:	dc14      	bgt.n	10003a30 <__aeabi_double_init+0x38>
10003a06:	2c02      	cmp	r4, #2
10003a08:	dc02      	bgt.n	10003a10 <__aeabi_double_init+0x18>
10003a0a:	4a1f      	ldr	r2, [pc, #124]	; (10003a88 <__aeabi_double_init+0x90>)
10003a0c:	4b1f      	ldr	r3, [pc, #124]	; (10003a8c <__aeabi_double_init+0x94>)
10003a0e:	649a      	str	r2, [r3, #72]	; 0x48
10003a10:	481f      	ldr	r0, [pc, #124]	; (10003a90 <__aeabi_double_init+0x98>)
10003a12:	f7ff fc87 	bl	10003324 <rom_func_lookup>
10003a16:	4b1f      	ldr	r3, [pc, #124]	; (10003a94 <__aeabi_double_init+0x9c>)
10003a18:	6018      	str	r0, [r3, #0]
10003a1a:	bd70      	pop	{r4, r5, r6, pc}
10003a1c:	0099      	lsls	r1, r3, #2
10003a1e:	481e      	ldr	r0, [pc, #120]	; (10003a98 <__aeabi_double_init+0xa0>)
10003a20:	4a1a      	ldr	r2, [pc, #104]	; (10003a8c <__aeabi_double_init+0x94>)
10003a22:	5088      	str	r0, [r1, r2]
10003a24:	3301      	adds	r3, #1
10003a26:	2b1f      	cmp	r3, #31
10003a28:	d9f8      	bls.n	10003a1c <__aeabi_double_init+0x24>
10003a2a:	e7ea      	b.n	10003a02 <__aeabi_double_init+0xa>
10003a2c:	2300      	movs	r3, #0
10003a2e:	e7fa      	b.n	10003a26 <__aeabi_double_init+0x2e>
10003a30:	481a      	ldr	r0, [pc, #104]	; (10003a9c <__aeabi_double_init+0xa4>)
10003a32:	f7ff fc7f 	bl	10003334 <rom_data_lookup>
10003a36:	0005      	movs	r5, r0
10003a38:	4819      	ldr	r0, [pc, #100]	; (10003aa0 <__aeabi_double_init+0xa8>)
10003a3a:	f7ff fc7b 	bl	10003334 <rom_data_lookup>
10003a3e:	3802      	subs	r0, #2
10003a40:	7803      	ldrb	r3, [r0, #0]
10003a42:	009b      	lsls	r3, r3, #2
10003a44:	2b7f      	cmp	r3, #127	; 0x7f
10003a46:	dd19      	ble.n	10003a7c <__aeabi_double_init+0x84>
10003a48:	2280      	movs	r2, #128	; 0x80
10003a4a:	0029      	movs	r1, r5
10003a4c:	480f      	ldr	r0, [pc, #60]	; (10003a8c <__aeabi_double_init+0x94>)
10003a4e:	f000 f8a5 	bl	10003b9c <__wrap___aeabi_memcpy>
10003a52:	2c02      	cmp	r4, #2
10003a54:	d1d7      	bne.n	10003a06 <__aeabi_double_init+0xe>
10003a56:	4b13      	ldr	r3, [pc, #76]	; (10003aa4 <__aeabi_double_init+0xac>)
10003a58:	881a      	ldrh	r2, [r3, #0]
10003a5a:	23b5      	movs	r3, #181	; 0xb5
10003a5c:	021b      	lsls	r3, r3, #8
10003a5e:	429a      	cmp	r2, r3
10003a60:	d109      	bne.n	10003a76 <__aeabi_double_init+0x7e>
10003a62:	4b11      	ldr	r3, [pc, #68]	; (10003aa8 <__aeabi_double_init+0xb0>)
10003a64:	881a      	ldrh	r2, [r3, #0]
10003a66:	4b11      	ldr	r3, [pc, #68]	; (10003aac <__aeabi_double_init+0xb4>)
10003a68:	429a      	cmp	r2, r3
10003a6a:	d104      	bne.n	10003a76 <__aeabi_double_init+0x7e>
10003a6c:	4b10      	ldr	r3, [pc, #64]	; (10003ab0 <__aeabi_double_init+0xb8>)
10003a6e:	881a      	ldrh	r2, [r3, #0]
10003a70:	4b10      	ldr	r3, [pc, #64]	; (10003ab4 <__aeabi_double_init+0xbc>)
10003a72:	429a      	cmp	r2, r3
10003a74:	d0c7      	beq.n	10003a06 <__aeabi_double_init+0xe>
10003a76:	2000      	movs	r0, #0
10003a78:	f7fe fb94 	bl	100021a4 <panic>
10003a7c:	4b0e      	ldr	r3, [pc, #56]	; (10003ab8 <__aeabi_double_init+0xc0>)
10003a7e:	4a0f      	ldr	r2, [pc, #60]	; (10003abc <__aeabi_double_init+0xc4>)
10003a80:	2132      	movs	r1, #50	; 0x32
10003a82:	480f      	ldr	r0, [pc, #60]	; (10003ac0 <__aeabi_double_init+0xc8>)
10003a84:	f7fe faf4 	bl	10002070 <__assert_func>
10003a88:	10003ac5 	.word	0x10003ac5
10003a8c:	200004d0 	.word	0x200004d0
10003a90:	0000334c 	.word	0x0000334c
10003a94:	200005d0 	.word	0x200005d0
10003a98:	100039ed 	.word	0x100039ed
10003a9c:	00004453 	.word	0x00004453
10003aa0:	00004653 	.word	0x00004653
10003aa4:	00003854 	.word	0x00003854
10003aa8:	000038d8 	.word	0x000038d8
10003aac:	00004649 	.word	0x00004649
10003ab0:	0000389c 	.word	0x0000389c
10003ab4:	00004659 	.word	0x00004659
10003ab8:	100050b8 	.word	0x100050b8
10003abc:	10005170 	.word	0x10005170
10003ac0:	1000510c 	.word	0x1000510c

10003ac4 <double_table_shim_on_use_helper>:
10003ac4:	b507      	push	{r0, r1, r2, lr}
10003ac6:	4660      	mov	r0, ip
10003ac8:	2800      	cmp	r0, #0
10003aca:	d100      	bne.n	10003ace <double_table_shim_on_use_helper+0xa>
10003acc:	be00      	bkpt	0x0000
10003ace:	8801      	ldrh	r1, [r0, #0]
10003ad0:	0a0a      	lsrs	r2, r1, #8
10003ad2:	3002      	adds	r0, #2
10003ad4:	2adf      	cmp	r2, #223	; 0xdf
10003ad6:	d1fa      	bne.n	10003ace <double_table_shim_on_use_helper+0xa>
10003ad8:	b2c9      	uxtb	r1, r1
10003ada:	0882      	lsrs	r2, r0, #2
10003adc:	d304      	bcc.n	10003ae8 <double_table_shim_on_use_helper+0x24>
10003ade:	8802      	ldrh	r2, [r0, #0]
10003ae0:	8840      	ldrh	r0, [r0, #2]
10003ae2:	0400      	lsls	r0, r0, #16
10003ae4:	4310      	orrs	r0, r2
10003ae6:	e000      	b.n	10003aea <double_table_shim_on_use_helper+0x26>
10003ae8:	6800      	ldr	r0, [r0, #0]
10003aea:	4a02      	ldr	r2, [pc, #8]	; (10003af4 <double_table_shim_on_use_helper+0x30>)
10003aec:	5050      	str	r0, [r2, r1]
10003aee:	9003      	str	r0, [sp, #12]
10003af0:	bd07      	pop	{r0, r1, r2, pc}
10003af2:	0000      	.short	0x0000
10003af4:	200004d0 	.word	0x200004d0

10003af8 <missing_float_func_shim>:
10003af8:	b510      	push	{r4, lr}
10003afa:	4801      	ldr	r0, [pc, #4]	; (10003b00 <missing_float_func_shim+0x8>)
10003afc:	f7fe fb52 	bl	100021a4 <panic>
10003b00:	10004d84 	.word	0x10004d84

10003b04 <__aeabi_float_init>:
10003b04:	b570      	push	{r4, r5, r6, lr}
10003b06:	2313      	movs	r3, #19
10003b08:	781e      	ldrb	r6, [r3, #0]
10003b0a:	4818      	ldr	r0, [pc, #96]	; (10003b6c <__aeabi_float_init+0x68>)
10003b0c:	f7ff fc12 	bl	10003334 <rom_data_lookup>
10003b10:	0005      	movs	r5, r0
10003b12:	2e01      	cmp	r6, #1
10003b14:	d011      	beq.n	10003b3a <__aeabi_float_init+0x36>
10003b16:	2e01      	cmp	r6, #1
10003b18:	dd09      	ble.n	10003b2e <__aeabi_float_init+0x2a>
10003b1a:	1eab      	subs	r3, r5, #2
10003b1c:	781b      	ldrb	r3, [r3, #0]
10003b1e:	009b      	lsls	r3, r3, #2
10003b20:	2b7f      	cmp	r3, #127	; 0x7f
10003b22:	dd1d      	ble.n	10003b60 <__aeabi_float_init+0x5c>
10003b24:	2280      	movs	r2, #128	; 0x80
10003b26:	0029      	movs	r1, r5
10003b28:	4811      	ldr	r0, [pc, #68]	; (10003b70 <__aeabi_float_init+0x6c>)
10003b2a:	f000 f837 	bl	10003b9c <__wrap___aeabi_memcpy>
10003b2e:	4811      	ldr	r0, [pc, #68]	; (10003b74 <__aeabi_float_init+0x70>)
10003b30:	f7ff fbf8 	bl	10003324 <rom_func_lookup>
10003b34:	4b10      	ldr	r3, [pc, #64]	; (10003b78 <__aeabi_float_init+0x74>)
10003b36:	6018      	str	r0, [r3, #0]
10003b38:	bd70      	pop	{r4, r5, r6, pc}
10003b3a:	2254      	movs	r2, #84	; 0x54
10003b3c:	0001      	movs	r1, r0
10003b3e:	480c      	ldr	r0, [pc, #48]	; (10003b70 <__aeabi_float_init+0x6c>)
10003b40:	f000 f82c 	bl	10003b9c <__wrap___aeabi_memcpy>
10003b44:	2300      	movs	r3, #0
10003b46:	e000      	b.n	10003b4a <__aeabi_float_init+0x46>
10003b48:	3301      	adds	r3, #1
10003b4a:	2b1f      	cmp	r3, #31
10003b4c:	d8e3      	bhi.n	10003b16 <__aeabi_float_init+0x12>
10003b4e:	009a      	lsls	r2, r3, #2
10003b50:	4c07      	ldr	r4, [pc, #28]	; (10003b70 <__aeabi_float_init+0x6c>)
10003b52:	5912      	ldr	r2, [r2, r4]
10003b54:	2a00      	cmp	r2, #0
10003b56:	d1f7      	bne.n	10003b48 <__aeabi_float_init+0x44>
10003b58:	009a      	lsls	r2, r3, #2
10003b5a:	4808      	ldr	r0, [pc, #32]	; (10003b7c <__aeabi_float_init+0x78>)
10003b5c:	5110      	str	r0, [r2, r4]
10003b5e:	e7f3      	b.n	10003b48 <__aeabi_float_init+0x44>
10003b60:	4b07      	ldr	r3, [pc, #28]	; (10003b80 <__aeabi_float_init+0x7c>)
10003b62:	4a08      	ldr	r2, [pc, #32]	; (10003b84 <__aeabi_float_init+0x80>)
10003b64:	2142      	movs	r1, #66	; 0x42
10003b66:	4808      	ldr	r0, [pc, #32]	; (10003b88 <__aeabi_float_init+0x84>)
10003b68:	f7fe fa82 	bl	10002070 <__assert_func>
10003b6c:	00004653 	.word	0x00004653
10003b70:	200005d4 	.word	0x200005d4
10003b74:	0000334c 	.word	0x0000334c
10003b78:	200005d0 	.word	0x200005d0
10003b7c:	10003af9 	.word	0x10003af9
10003b80:	10005184 	.word	0x10005184
10003b84:	1000521c 	.word	0x1000521c
10003b88:	100051b8 	.word	0x100051b8

10003b8c <__aeabi_mem_init>:
10003b8c:	4801      	ldr	r0, [pc, #4]	; (10003b94 <__aeabi_mem_init+0x8>)
10003b8e:	2104      	movs	r1, #4
10003b90:	4b01      	ldr	r3, [pc, #4]	; (10003b98 <__aeabi_mem_init+0xc>)
10003b92:	4718      	bx	r3
10003b94:	200002d0 	.word	0x200002d0
10003b98:	10003345 	.word	0x10003345

10003b9c <__wrap___aeabi_memcpy>:
10003b9c:	4b01      	ldr	r3, [pc, #4]	; (10003ba4 <__wrap___aeabi_memcpy+0x8>)
10003b9e:	685b      	ldr	r3, [r3, #4]
10003ba0:	4718      	bx	r3
10003ba2:	0000      	.short	0x0000
10003ba4:	200002d0 	.word	0x200002d0

10003ba8 <stdio_out_chars_no_crlf>:
10003ba8:	b510      	push	{r4, lr}
10003baa:	0003      	movs	r3, r0
10003bac:	0008      	movs	r0, r1
10003bae:	0011      	movs	r1, r2
10003bb0:	681b      	ldr	r3, [r3, #0]
10003bb2:	4798      	blx	r3
10003bb4:	bd10      	pop	{r4, pc}
	...

10003bb8 <stdio_out_chars_crlf>:
10003bb8:	b5f8      	push	{r3, r4, r5, r6, r7, lr}
10003bba:	0007      	movs	r7, r0
10003bbc:	000d      	movs	r5, r1
10003bbe:	0016      	movs	r6, r2
10003bc0:	7d43      	ldrb	r3, [r0, #21]
10003bc2:	2b00      	cmp	r3, #0
10003bc4:	d002      	beq.n	10003bcc <stdio_out_chars_crlf+0x14>
10003bc6:	2400      	movs	r4, #0
10003bc8:	2000      	movs	r0, #0
10003bca:	e00c      	b.n	10003be6 <stdio_out_chars_crlf+0x2e>
10003bcc:	6803      	ldr	r3, [r0, #0]
10003bce:	0011      	movs	r1, r2
10003bd0:	0028      	movs	r0, r5
10003bd2:	4798      	blx	r3
10003bd4:	e02d      	b.n	10003c32 <stdio_out_chars_crlf+0x7a>
10003bd6:	7d3b      	ldrb	r3, [r7, #20]
10003bd8:	e010      	b.n	10003bfc <stdio_out_chars_crlf+0x44>
10003bda:	2102      	movs	r1, #2
10003bdc:	4815      	ldr	r0, [pc, #84]	; (10003c34 <stdio_out_chars_crlf+0x7c>)
10003bde:	683b      	ldr	r3, [r7, #0]
10003be0:	4798      	blx	r3
10003be2:	1c60      	adds	r0, r4, #1
10003be4:	3401      	adds	r4, #1
10003be6:	42b4      	cmp	r4, r6
10003be8:	da14      	bge.n	10003c14 <stdio_out_chars_crlf+0x5c>
10003bea:	2c00      	cmp	r4, #0
10003bec:	ddf3      	ble.n	10003bd6 <stdio_out_chars_crlf+0x1e>
10003bee:	192b      	adds	r3, r5, r4
10003bf0:	3b01      	subs	r3, #1
10003bf2:	781b      	ldrb	r3, [r3, #0]
10003bf4:	3b0d      	subs	r3, #13
10003bf6:	425a      	negs	r2, r3
10003bf8:	4153      	adcs	r3, r2
10003bfa:	b2db      	uxtb	r3, r3
10003bfc:	5d2a      	ldrb	r2, [r5, r4]
10003bfe:	2a0a      	cmp	r2, #10
10003c00:	d1f0      	bne.n	10003be4 <stdio_out_chars_crlf+0x2c>
10003c02:	2b00      	cmp	r3, #0
10003c04:	d1ee      	bne.n	10003be4 <stdio_out_chars_crlf+0x2c>
10003c06:	42a0      	cmp	r0, r4
10003c08:	dae7      	bge.n	10003bda <stdio_out_chars_crlf+0x22>
10003c0a:	1a21      	subs	r1, r4, r0
10003c0c:	1828      	adds	r0, r5, r0
10003c0e:	683b      	ldr	r3, [r7, #0]
10003c10:	4798      	blx	r3
10003c12:	e7e2      	b.n	10003bda <stdio_out_chars_crlf+0x22>
10003c14:	42b0      	cmp	r0, r6
10003c16:	da03      	bge.n	10003c20 <stdio_out_chars_crlf+0x68>
10003c18:	1a31      	subs	r1, r6, r0
10003c1a:	1828      	adds	r0, r5, r0
10003c1c:	683b      	ldr	r3, [r7, #0]
10003c1e:	4798      	blx	r3
10003c20:	2e00      	cmp	r6, #0
10003c22:	dd06      	ble.n	10003c32 <stdio_out_chars_crlf+0x7a>
10003c24:	19ad      	adds	r5, r5, r6
10003c26:	3d01      	subs	r5, #1
10003c28:	782b      	ldrb	r3, [r5, #0]
10003c2a:	3b0d      	subs	r3, #13
10003c2c:	425a      	negs	r2, r3
10003c2e:	4153      	adcs	r3, r2
10003c30:	753b      	strb	r3, [r7, #20]
10003c32:	bdf8      	pop	{r3, r4, r5, r6, r7, pc}
10003c34:	10005300 	.word	0x10005300

10003c38 <stdio_stack_buffer_flush>:
10003c38:	b570      	push	{r4, r5, r6, lr}
10003c3a:	0005      	movs	r5, r0
10003c3c:	6803      	ldr	r3, [r0, #0]
10003c3e:	2b00      	cmp	r3, #0
10003c40:	d016      	beq.n	10003c70 <stdio_stack_buffer_flush+0x38>
10003c42:	4b0c      	ldr	r3, [pc, #48]	; (10003c74 <stdio_stack_buffer_flush+0x3c>)
10003c44:	681c      	ldr	r4, [r3, #0]
10003c46:	e005      	b.n	10003c54 <stdio_stack_buffer_flush+0x1c>
10003c48:	0029      	movs	r1, r5
10003c4a:	c904      	ldmia	r1!, {r2}
10003c4c:	0020      	movs	r0, r4
10003c4e:	f7ff ffb3 	bl	10003bb8 <stdio_out_chars_crlf>
10003c52:	6924      	ldr	r4, [r4, #16]
10003c54:	2c00      	cmp	r4, #0
10003c56:	d009      	beq.n	10003c6c <stdio_stack_buffer_flush+0x34>
10003c58:	6823      	ldr	r3, [r4, #0]
10003c5a:	2b00      	cmp	r3, #0
10003c5c:	d0f9      	beq.n	10003c52 <stdio_stack_buffer_flush+0x1a>
10003c5e:	4b06      	ldr	r3, [pc, #24]	; (10003c78 <stdio_stack_buffer_flush+0x40>)
10003c60:	681b      	ldr	r3, [r3, #0]
10003c62:	2b00      	cmp	r3, #0
10003c64:	d0f0      	beq.n	10003c48 <stdio_stack_buffer_flush+0x10>
10003c66:	42a3      	cmp	r3, r4
10003c68:	d1f3      	bne.n	10003c52 <stdio_stack_buffer_flush+0x1a>
10003c6a:	e7ed      	b.n	10003c48 <stdio_stack_buffer_flush+0x10>
10003c6c:	2300      	movs	r3, #0
10003c6e:	602b      	str	r3, [r5, #0]
10003c70:	bd70      	pop	{r4, r5, r6, pc}
10003c72:	46c0      	nop			; (mov r8, r8)
10003c74:	200004b4 	.word	0x200004b4
10003c78:	200004bc 	.word	0x200004bc

10003c7c <stdio_buffered_printer>:
10003c7c:	b570      	push	{r4, r5, r6, lr}
10003c7e:	0005      	movs	r5, r0
10003c80:	000c      	movs	r4, r1
10003c82:	680b      	ldr	r3, [r1, #0]
10003c84:	2b80      	cmp	r3, #128	; 0x80
10003c86:	d005      	beq.n	10003c94 <stdio_buffered_printer+0x18>
10003c88:	6821      	ldr	r1, [r4, #0]
10003c8a:	1c4b      	adds	r3, r1, #1
10003c8c:	6023      	str	r3, [r4, #0]
10003c8e:	1864      	adds	r4, r4, r1
10003c90:	7125      	strb	r5, [r4, #4]
10003c92:	bd70      	pop	{r4, r5, r6, pc}
10003c94:	0008      	movs	r0, r1
10003c96:	f7ff ffcf 	bl	10003c38 <stdio_stack_buffer_flush>
10003c9a:	e7f5      	b.n	10003c88 <stdio_buffered_printer+0xc>

10003c9c <stdout_serialize_begin>:
10003c9c:	b510      	push	{r4, lr}
10003c9e:	f7fd fc1d 	bl	100014dc <time_us_64>
10003ca2:	0002      	movs	r2, r0
10003ca4:	1e0b      	subs	r3, r1, #0
10003ca6:	db0b      	blt.n	10003cc0 <stdout_serialize_begin+0x24>
10003ca8:	480d      	ldr	r0, [pc, #52]	; (10003ce0 <stdout_serialize_begin+0x44>)
10003caa:	2100      	movs	r1, #0
10003cac:	1812      	adds	r2, r2, r0
10003cae:	414b      	adcs	r3, r1
10003cb0:	2b00      	cmp	r3, #0
10003cb2:	db0b      	blt.n	10003ccc <stdout_serialize_begin+0x30>
10003cb4:	2b00      	cmp	r3, #0
10003cb6:	db0d      	blt.n	10003cd4 <stdout_serialize_begin+0x38>
10003cb8:	480a      	ldr	r0, [pc, #40]	; (10003ce4 <stdout_serialize_begin+0x48>)
10003cba:	f000 fa49 	bl	10004150 <__mutex_try_enter_block_until_veneer>
10003cbe:	bd10      	pop	{r4, pc}
10003cc0:	4b09      	ldr	r3, [pc, #36]	; (10003ce8 <stdout_serialize_begin+0x4c>)
10003cc2:	4a0a      	ldr	r2, [pc, #40]	; (10003cec <stdout_serialize_begin+0x50>)
10003cc4:	213f      	movs	r1, #63	; 0x3f
10003cc6:	480a      	ldr	r0, [pc, #40]	; (10003cf0 <stdout_serialize_begin+0x54>)
10003cc8:	f7fe f9d2 	bl	10002070 <__assert_func>
10003ccc:	2201      	movs	r2, #1
10003cce:	4252      	negs	r2, r2
10003cd0:	4b08      	ldr	r3, [pc, #32]	; (10003cf4 <stdout_serialize_begin+0x58>)
10003cd2:	e7ef      	b.n	10003cb4 <stdout_serialize_begin+0x18>
10003cd4:	4b04      	ldr	r3, [pc, #16]	; (10003ce8 <stdout_serialize_begin+0x4c>)
10003cd6:	4a05      	ldr	r2, [pc, #20]	; (10003cec <stdout_serialize_begin+0x50>)
10003cd8:	213f      	movs	r1, #63	; 0x3f
10003cda:	4805      	ldr	r0, [pc, #20]	; (10003cf0 <stdout_serialize_begin+0x54>)
10003cdc:	f7fe f9c8 	bl	10002070 <__assert_func>
10003ce0:	000f4240 	.word	0x000f4240
10003ce4:	200002f8 	.word	0x200002f8
10003ce8:	100045b4 	.word	0x100045b4
10003cec:	100052e8 	.word	0x100052e8
10003cf0:	100045d0 	.word	0x100045d0
10003cf4:	7fffffff 	.word	0x7fffffff

10003cf8 <stdout_serialize_end>:
10003cf8:	b510      	push	{r4, lr}
10003cfa:	4802      	ldr	r0, [pc, #8]	; (10003d04 <stdout_serialize_end+0xc>)
10003cfc:	f000 fa10 	bl	10004120 <__mutex_exit_veneer>
10003d00:	bd10      	pop	{r4, pc}
10003d02:	46c0      	nop			; (mov r8, r8)
10003d04:	200002f8 	.word	0x200002f8

10003d08 <stdio_put_string>:
10003d08:	b5f0      	push	{r4, r5, r6, r7, lr}
10003d0a:	46ce      	mov	lr, r9
10003d0c:	4647      	mov	r7, r8
10003d0e:	b580      	push	{r7, lr}
10003d10:	b083      	sub	sp, #12
10003d12:	0006      	movs	r6, r0
10003d14:	000d      	movs	r5, r1
10003d16:	4690      	mov	r8, r2
10003d18:	001c      	movs	r4, r3
10003d1a:	f7ff ffbf 	bl	10003c9c <stdout_serialize_begin>
10003d1e:	4681      	mov	r9, r0
10003d20:	1c6b      	adds	r3, r5, #1
10003d22:	d005      	beq.n	10003d30 <stdio_put_string+0x28>
10003d24:	2c00      	cmp	r4, #0
10003d26:	d008      	beq.n	10003d3a <stdio_put_string+0x32>
10003d28:	4f19      	ldr	r7, [pc, #100]	; (10003d90 <stdio_put_string+0x88>)
10003d2a:	4b1a      	ldr	r3, [pc, #104]	; (10003d94 <stdio_put_string+0x8c>)
10003d2c:	681c      	ldr	r4, [r3, #0]
10003d2e:	e007      	b.n	10003d40 <stdio_put_string+0x38>
10003d30:	0030      	movs	r0, r6
10003d32:	f000 f9c5 	bl	100040c0 <strlen>
10003d36:	0005      	movs	r5, r0
10003d38:	e7f4      	b.n	10003d24 <stdio_put_string+0x1c>
10003d3a:	4f17      	ldr	r7, [pc, #92]	; (10003d98 <stdio_put_string+0x90>)
10003d3c:	e7f5      	b.n	10003d2a <stdio_put_string+0x22>
10003d3e:	6924      	ldr	r4, [r4, #16]
10003d40:	2c00      	cmp	r4, #0
10003d42:	d017      	beq.n	10003d74 <stdio_put_string+0x6c>
10003d44:	6823      	ldr	r3, [r4, #0]
10003d46:	2b00      	cmp	r3, #0
10003d48:	d0f9      	beq.n	10003d3e <stdio_put_string+0x36>
10003d4a:	4b14      	ldr	r3, [pc, #80]	; (10003d9c <stdio_put_string+0x94>)
10003d4c:	681b      	ldr	r3, [r3, #0]
10003d4e:	2b00      	cmp	r3, #0
10003d50:	d001      	beq.n	10003d56 <stdio_put_string+0x4e>
10003d52:	42a3      	cmp	r3, r4
10003d54:	d1f3      	bne.n	10003d3e <stdio_put_string+0x36>
10003d56:	002a      	movs	r2, r5
10003d58:	0031      	movs	r1, r6
10003d5a:	0020      	movs	r0, r4
10003d5c:	47b8      	blx	r7
10003d5e:	4643      	mov	r3, r8
10003d60:	2b00      	cmp	r3, #0
10003d62:	d0ec      	beq.n	10003d3e <stdio_put_string+0x36>
10003d64:	466b      	mov	r3, sp
10003d66:	1dd9      	adds	r1, r3, #7
10003d68:	230a      	movs	r3, #10
10003d6a:	700b      	strb	r3, [r1, #0]
10003d6c:	2201      	movs	r2, #1
10003d6e:	0020      	movs	r0, r4
10003d70:	47b8      	blx	r7
10003d72:	e7e4      	b.n	10003d3e <stdio_put_string+0x36>
10003d74:	464b      	mov	r3, r9
10003d76:	2b00      	cmp	r3, #0
10003d78:	d107      	bne.n	10003d8a <stdio_put_string+0x82>
10003d7a:	1e6b      	subs	r3, r5, #1
10003d7c:	419d      	sbcs	r5, r3
10003d7e:	b2e8      	uxtb	r0, r5
10003d80:	b003      	add	sp, #12
10003d82:	bcc0      	pop	{r6, r7}
10003d84:	46b9      	mov	r9, r7
10003d86:	46b0      	mov	r8, r6
10003d88:	bdf0      	pop	{r4, r5, r6, r7, pc}
10003d8a:	f7ff ffb5 	bl	10003cf8 <stdout_serialize_end>
10003d8e:	e7f4      	b.n	10003d7a <stdio_put_string+0x72>
10003d90:	10003ba9 	.word	0x10003ba9
10003d94:	200004b4 	.word	0x200004b4
10003d98:	10003bb9 	.word	0x10003bb9
10003d9c:	200004bc 	.word	0x200004bc

10003da0 <__wrap_putchar>:
10003da0:	b510      	push	{r4, lr}
10003da2:	b082      	sub	sp, #8
10003da4:	0004      	movs	r4, r0
10003da6:	466b      	mov	r3, sp
10003da8:	1dd8      	adds	r0, r3, #7
10003daa:	7004      	strb	r4, [r0, #0]
10003dac:	2300      	movs	r3, #0
10003dae:	2200      	movs	r2, #0
10003db0:	2101      	movs	r1, #1
10003db2:	f7ff ffa9 	bl	10003d08 <stdio_put_string>
10003db6:	0020      	movs	r0, r4
10003db8:	b002      	add	sp, #8
10003dba:	bd10      	pop	{r4, pc}

10003dbc <stdio_set_driver_enabled>:
10003dbc:	4a09      	ldr	r2, [pc, #36]	; (10003de4 <stdio_set_driver_enabled+0x28>)
10003dbe:	e001      	b.n	10003dc4 <stdio_set_driver_enabled+0x8>
10003dc0:	3310      	adds	r3, #16
10003dc2:	001a      	movs	r2, r3
10003dc4:	6813      	ldr	r3, [r2, #0]
10003dc6:	2b00      	cmp	r3, #0
10003dc8:	d008      	beq.n	10003ddc <stdio_set_driver_enabled+0x20>
10003dca:	4283      	cmp	r3, r0
10003dcc:	d1f8      	bne.n	10003dc0 <stdio_set_driver_enabled+0x4>
10003dce:	2900      	cmp	r1, #0
10003dd0:	d107      	bne.n	10003de2 <stdio_set_driver_enabled+0x26>
10003dd2:	6903      	ldr	r3, [r0, #16]
10003dd4:	6013      	str	r3, [r2, #0]
10003dd6:	2300      	movs	r3, #0
10003dd8:	6103      	str	r3, [r0, #16]
10003dda:	e002      	b.n	10003de2 <stdio_set_driver_enabled+0x26>
10003ddc:	2900      	cmp	r1, #0
10003dde:	d000      	beq.n	10003de2 <stdio_set_driver_enabled+0x26>
10003de0:	6010      	str	r0, [r2, #0]
10003de2:	4770      	bx	lr
10003de4:	200004b4 	.word	0x200004b4

10003de8 <stdio_flush>:
10003de8:	b510      	push	{r4, lr}
10003dea:	4b06      	ldr	r3, [pc, #24]	; (10003e04 <stdio_flush+0x1c>)
10003dec:	681c      	ldr	r4, [r3, #0]
10003dee:	e001      	b.n	10003df4 <stdio_flush+0xc>
10003df0:	4798      	blx	r3
10003df2:	6924      	ldr	r4, [r4, #16]
10003df4:	2c00      	cmp	r4, #0
10003df6:	d003      	beq.n	10003e00 <stdio_flush+0x18>
10003df8:	6863      	ldr	r3, [r4, #4]
10003dfa:	2b00      	cmp	r3, #0
10003dfc:	d1f8      	bne.n	10003df0 <stdio_flush+0x8>
10003dfe:	e7f8      	b.n	10003df2 <stdio_flush+0xa>
10003e00:	bd10      	pop	{r4, pc}
10003e02:	46c0      	nop			; (mov r8, r8)
10003e04:	200004b4 	.word	0x200004b4

10003e08 <__wrap_puts>:
10003e08:	b570      	push	{r4, r5, r6, lr}
10003e0a:	0005      	movs	r5, r0
10003e0c:	f000 f958 	bl	100040c0 <strlen>
10003e10:	0004      	movs	r4, r0
10003e12:	2300      	movs	r3, #0
10003e14:	2201      	movs	r2, #1
10003e16:	0001      	movs	r1, r0
10003e18:	0028      	movs	r0, r5
10003e1a:	f7ff ff75 	bl	10003d08 <stdio_put_string>
10003e1e:	f7ff ffe3 	bl	10003de8 <stdio_flush>
10003e22:	0020      	movs	r0, r4
10003e24:	bd70      	pop	{r4, r5, r6, pc}
	...

10003e28 <__wrap_vprintf>:
10003e28:	b570      	push	{r4, r5, r6, lr}
10003e2a:	b0a2      	sub	sp, #136	; 0x88
10003e2c:	0004      	movs	r4, r0
10003e2e:	000e      	movs	r6, r1
10003e30:	f7ff ff34 	bl	10003c9c <stdout_serialize_begin>
10003e34:	0005      	movs	r5, r0
10003e36:	2300      	movs	r3, #0
10003e38:	9301      	str	r3, [sp, #4]
10003e3a:	0033      	movs	r3, r6
10003e3c:	0022      	movs	r2, r4
10003e3e:	a901      	add	r1, sp, #4
10003e40:	4808      	ldr	r0, [pc, #32]	; (10003e64 <__wrap_vprintf+0x3c>)
10003e42:	f7ff fa57 	bl	100032f4 <vfctprintf>
10003e46:	0004      	movs	r4, r0
10003e48:	a801      	add	r0, sp, #4
10003e4a:	f7ff fef5 	bl	10003c38 <stdio_stack_buffer_flush>
10003e4e:	f7ff ffcb 	bl	10003de8 <stdio_flush>
10003e52:	2d00      	cmp	r5, #0
10003e54:	d102      	bne.n	10003e5c <__wrap_vprintf+0x34>
10003e56:	0020      	movs	r0, r4
10003e58:	b022      	add	sp, #136	; 0x88
10003e5a:	bd70      	pop	{r4, r5, r6, pc}
10003e5c:	f7ff ff4c 	bl	10003cf8 <stdout_serialize_end>
10003e60:	e7f9      	b.n	10003e56 <__wrap_vprintf+0x2e>
10003e62:	46c0      	nop			; (mov r8, r8)
10003e64:	10003c7d 	.word	0x10003c7d

10003e68 <__wrap_printf>:
10003e68:	b40f      	push	{r0, r1, r2, r3}
10003e6a:	b500      	push	{lr}
10003e6c:	b083      	sub	sp, #12
10003e6e:	a904      	add	r1, sp, #16
10003e70:	c901      	ldmia	r1!, {r0}
10003e72:	9101      	str	r1, [sp, #4]
10003e74:	f7ff ffd8 	bl	10003e28 <__wrap_vprintf>
10003e78:	b003      	add	sp, #12
10003e7a:	bc08      	pop	{r3}
10003e7c:	b004      	add	sp, #16
10003e7e:	4718      	bx	r3

10003e80 <stdio_init_all>:
10003e80:	b510      	push	{r4, lr}
10003e82:	f000 f8f9 	bl	10004078 <stdio_uart_init>
10003e86:	2001      	movs	r0, #1
10003e88:	bd10      	pop	{r4, pc}
	...

10003e8c <stdio_uart_out_chars>:
10003e8c:	b5f0      	push	{r4, r5, r6, r7, lr}
10003e8e:	b083      	sub	sp, #12
10003e90:	0005      	movs	r5, r0
10003e92:	000e      	movs	r6, r1
10003e94:	2400      	movs	r4, #0
10003e96:	e00f      	b.n	10003eb8 <stdio_uart_out_chars+0x2c>
10003e98:	466b      	mov	r3, sp
10003e9a:	1dd9      	adds	r1, r3, #7
10003e9c:	230d      	movs	r3, #13
10003e9e:	700b      	strb	r3, [r1, #0]
10003ea0:	2000      	movs	r0, #0
10003ea2:	2800      	cmp	r0, #0
10003ea4:	d116      	bne.n	10003ed4 <stdio_uart_out_chars+0x48>
10003ea6:	6993      	ldr	r3, [r2, #24]
10003ea8:	069b      	lsls	r3, r3, #26
10003eaa:	d4fc      	bmi.n	10003ea6 <stdio_uart_out_chars+0x1a>
10003eac:	780b      	ldrb	r3, [r1, #0]
10003eae:	6013      	str	r3, [r2, #0]
10003eb0:	3001      	adds	r0, #1
10003eb2:	3101      	adds	r1, #1
10003eb4:	e7f5      	b.n	10003ea2 <stdio_uart_out_chars+0x16>
10003eb6:	3401      	adds	r4, #1
10003eb8:	42b4      	cmp	r4, r6
10003eba:	da19      	bge.n	10003ef0 <stdio_uart_out_chars+0x64>
10003ebc:	4b0d      	ldr	r3, [pc, #52]	; (10003ef4 <stdio_uart_out_chars+0x68>)
10003ebe:	681a      	ldr	r2, [r3, #0]
10003ec0:	5d2f      	ldrb	r7, [r5, r4]
10003ec2:	4b0d      	ldr	r3, [pc, #52]	; (10003ef8 <stdio_uart_out_chars+0x6c>)
10003ec4:	18d3      	adds	r3, r2, r3
10003ec6:	4259      	negs	r1, r3
10003ec8:	414b      	adcs	r3, r1
10003eca:	005b      	lsls	r3, r3, #1
10003ecc:	490b      	ldr	r1, [pc, #44]	; (10003efc <stdio_uart_out_chars+0x70>)
10003ece:	5e5b      	ldrsh	r3, [r3, r1]
10003ed0:	42bb      	cmp	r3, r7
10003ed2:	d0e1      	beq.n	10003e98 <stdio_uart_out_chars+0xc>
10003ed4:	466b      	mov	r3, sp
10003ed6:	1dd9      	adds	r1, r3, #7
10003ed8:	700f      	strb	r7, [r1, #0]
10003eda:	2000      	movs	r0, #0
10003edc:	2800      	cmp	r0, #0
10003ede:	d1ea      	bne.n	10003eb6 <stdio_uart_out_chars+0x2a>
10003ee0:	6993      	ldr	r3, [r2, #24]
10003ee2:	069b      	lsls	r3, r3, #26
10003ee4:	d4fc      	bmi.n	10003ee0 <stdio_uart_out_chars+0x54>
10003ee6:	780b      	ldrb	r3, [r1, #0]
10003ee8:	6013      	str	r3, [r2, #0]
10003eea:	3001      	adds	r0, #1
10003eec:	3101      	adds	r1, #1
10003eee:	e7f5      	b.n	10003edc <stdio_uart_out_chars+0x50>
10003ef0:	b003      	add	sp, #12
10003ef2:	bdf0      	pop	{r4, r5, r6, r7, pc}
10003ef4:	200006ec 	.word	0x200006ec
10003ef8:	bffc8000 	.word	0xbffc8000
10003efc:	200006e8 	.word	0x200006e8

10003f00 <stdio_uart_in_chars>:
10003f00:	b5f0      	push	{r4, r5, r6, r7, lr}
10003f02:	b083      	sub	sp, #12
10003f04:	0006      	movs	r6, r0
10003f06:	000f      	movs	r7, r1
10003f08:	2500      	movs	r5, #0
10003f0a:	e004      	b.n	10003f16 <stdio_uart_in_chars+0x16>
10003f0c:	466b      	mov	r3, sp
10003f0e:	3307      	adds	r3, #7
10003f10:	781b      	ldrb	r3, [r3, #0]
10003f12:	702b      	strb	r3, [r5, #0]
10003f14:	0025      	movs	r5, r4
10003f16:	42bd      	cmp	r5, r7
10003f18:	da15      	bge.n	10003f46 <stdio_uart_in_chars+0x46>
10003f1a:	4b17      	ldr	r3, [pc, #92]	; (10003f78 <stdio_uart_in_chars+0x78>)
10003f1c:	681a      	ldr	r2, [r3, #0]
10003f1e:	6993      	ldr	r3, [r2, #24]
10003f20:	2410      	movs	r4, #16
10003f22:	0021      	movs	r1, r4
10003f24:	4019      	ands	r1, r3
10003f26:	421c      	tst	r4, r3
10003f28:	d10d      	bne.n	10003f46 <stdio_uart_in_chars+0x46>
10003f2a:	1c6c      	adds	r4, r5, #1
10003f2c:	1975      	adds	r5, r6, r5
10003f2e:	466b      	mov	r3, sp
10003f30:	1dd8      	adds	r0, r3, #7
10003f32:	2900      	cmp	r1, #0
10003f34:	d1ea      	bne.n	10003f0c <stdio_uart_in_chars+0xc>
10003f36:	6993      	ldr	r3, [r2, #24]
10003f38:	06db      	lsls	r3, r3, #27
10003f3a:	d4fc      	bmi.n	10003f36 <stdio_uart_in_chars+0x36>
10003f3c:	6813      	ldr	r3, [r2, #0]
10003f3e:	7003      	strb	r3, [r0, #0]
10003f40:	3101      	adds	r1, #1
10003f42:	3001      	adds	r0, #1
10003f44:	e7f5      	b.n	10003f32 <stdio_uart_in_chars+0x32>
10003f46:	4b0d      	ldr	r3, [pc, #52]	; (10003f7c <stdio_uart_in_chars+0x7c>)
10003f48:	681b      	ldr	r3, [r3, #0]
10003f4a:	2b00      	cmp	r3, #0
10003f4c:	d00c      	beq.n	10003f68 <stdio_uart_in_chars+0x68>
10003f4e:	4b0a      	ldr	r3, [pc, #40]	; (10003f78 <stdio_uart_in_chars+0x78>)
10003f50:	681a      	ldr	r2, [r3, #0]
10003f52:	2350      	movs	r3, #80	; 0x50
10003f54:	6393      	str	r3, [r2, #56]	; 0x38
10003f56:	0011      	movs	r1, r2
10003f58:	3134      	adds	r1, #52	; 0x34
10003f5a:	6b53      	ldr	r3, [r2, #52]	; 0x34
10003f5c:	2238      	movs	r2, #56	; 0x38
10003f5e:	401a      	ands	r2, r3
10003f60:	2380      	movs	r3, #128	; 0x80
10003f62:	015b      	lsls	r3, r3, #5
10003f64:	430b      	orrs	r3, r1
10003f66:	601a      	str	r2, [r3, #0]
10003f68:	2d00      	cmp	r5, #0
10003f6a:	d002      	beq.n	10003f72 <stdio_uart_in_chars+0x72>
10003f6c:	0028      	movs	r0, r5
10003f6e:	b003      	add	sp, #12
10003f70:	bdf0      	pop	{r4, r5, r6, r7, pc}
10003f72:	3d03      	subs	r5, #3
10003f74:	e7fa      	b.n	10003f6c <stdio_uart_in_chars+0x6c>
10003f76:	46c0      	nop			; (mov r8, r8)
10003f78:	200006ec 	.word	0x200006ec
10003f7c:	20000444 	.word	0x20000444

10003f80 <on_uart_rx>:
10003f80:	b510      	push	{r4, lr}
10003f82:	4b06      	ldr	r3, [pc, #24]	; (10003f9c <on_uart_rx+0x1c>)
10003f84:	681b      	ldr	r3, [r3, #0]
10003f86:	2b00      	cmp	r3, #0
10003f88:	d006      	beq.n	10003f98 <on_uart_rx+0x18>
10003f8a:	4a05      	ldr	r2, [pc, #20]	; (10003fa0 <on_uart_rx+0x20>)
10003f8c:	6812      	ldr	r2, [r2, #0]
10003f8e:	2100      	movs	r1, #0
10003f90:	6391      	str	r1, [r2, #56]	; 0x38
10003f92:	4a04      	ldr	r2, [pc, #16]	; (10003fa4 <on_uart_rx+0x24>)
10003f94:	6810      	ldr	r0, [r2, #0]
10003f96:	4798      	blx	r3
10003f98:	bd10      	pop	{r4, pc}
10003f9a:	46c0      	nop			; (mov r8, r8)
10003f9c:	20000444 	.word	0x20000444
10003fa0:	200006ec 	.word	0x200006ec
10003fa4:	20000448 	.word	0x20000448

10003fa8 <stdio_uart_set_chars_available_callback>:
10003fa8:	b570      	push	{r4, r5, r6, lr}
10003faa:	0004      	movs	r4, r0
10003fac:	000e      	movs	r6, r1
10003fae:	4b1c      	ldr	r3, [pc, #112]	; (10004020 <stdio_uart_set_chars_available_callback+0x78>)
10003fb0:	681b      	ldr	r3, [r3, #0]
10003fb2:	4a1c      	ldr	r2, [pc, #112]	; (10004024 <stdio_uart_set_chars_available_callback+0x7c>)
10003fb4:	1898      	adds	r0, r3, r2
10003fb6:	4242      	negs	r2, r0
10003fb8:	4150      	adcs	r0, r2
10003fba:	3014      	adds	r0, #20
10003fbc:	0005      	movs	r5, r0
10003fbe:	2c00      	cmp	r4, #0
10003fc0:	d003      	beq.n	10003fca <stdio_uart_set_chars_available_callback+0x22>
10003fc2:	4a19      	ldr	r2, [pc, #100]	; (10004028 <stdio_uart_set_chars_available_callback+0x80>)
10003fc4:	6812      	ldr	r2, [r2, #0]
10003fc6:	2a00      	cmp	r2, #0
10003fc8:	d006      	beq.n	10003fd8 <stdio_uart_set_chars_available_callback+0x30>
10003fca:	2c00      	cmp	r4, #0
10003fcc:	d019      	beq.n	10004002 <stdio_uart_set_chars_available_callback+0x5a>
10003fce:	4b16      	ldr	r3, [pc, #88]	; (10004028 <stdio_uart_set_chars_available_callback+0x80>)
10003fd0:	601c      	str	r4, [r3, #0]
10003fd2:	4b16      	ldr	r3, [pc, #88]	; (1000402c <stdio_uart_set_chars_available_callback+0x84>)
10003fd4:	601e      	str	r6, [r3, #0]
10003fd6:	bd70      	pop	{r4, r5, r6, pc}
10003fd8:	4915      	ldr	r1, [pc, #84]	; (10004030 <stdio_uart_set_chars_available_callback+0x88>)
10003fda:	f7fc fb85 	bl	100006e8 <irq_set_exclusive_handler>
10003fde:	2101      	movs	r1, #1
10003fe0:	0028      	movs	r0, r5
10003fe2:	f7fc fb71 	bl	100006c8 <irq_set_enabled>
10003fe6:	4b0e      	ldr	r3, [pc, #56]	; (10004020 <stdio_uart_set_chars_available_callback+0x78>)
10003fe8:	681a      	ldr	r2, [r3, #0]
10003fea:	2350      	movs	r3, #80	; 0x50
10003fec:	6393      	str	r3, [r2, #56]	; 0x38
10003fee:	0011      	movs	r1, r2
10003ff0:	3134      	adds	r1, #52	; 0x34
10003ff2:	6b53      	ldr	r3, [r2, #52]	; 0x34
10003ff4:	2238      	movs	r2, #56	; 0x38
10003ff6:	401a      	ands	r2, r3
10003ff8:	2380      	movs	r3, #128	; 0x80
10003ffa:	015b      	lsls	r3, r3, #5
10003ffc:	430b      	orrs	r3, r1
10003ffe:	601a      	str	r2, [r3, #0]
10004000:	e7e5      	b.n	10003fce <stdio_uart_set_chars_available_callback+0x26>
10004002:	4a09      	ldr	r2, [pc, #36]	; (10004028 <stdio_uart_set_chars_available_callback+0x80>)
10004004:	6812      	ldr	r2, [r2, #0]
10004006:	2a00      	cmp	r2, #0
10004008:	d0e1      	beq.n	10003fce <stdio_uart_set_chars_available_callback+0x26>
1000400a:	2200      	movs	r2, #0
1000400c:	639a      	str	r2, [r3, #56]	; 0x38
1000400e:	2100      	movs	r1, #0
10004010:	0028      	movs	r0, r5
10004012:	f7fc fb59 	bl	100006c8 <irq_set_enabled>
10004016:	4906      	ldr	r1, [pc, #24]	; (10004030 <stdio_uart_set_chars_available_callback+0x88>)
10004018:	0028      	movs	r0, r5
1000401a:	f7fc fb8f 	bl	1000073c <irq_remove_handler>
1000401e:	e7d6      	b.n	10003fce <stdio_uart_set_chars_available_callback+0x26>
10004020:	200006ec 	.word	0x200006ec
10004024:	bffc8000 	.word	0xbffc8000
10004028:	20000444 	.word	0x20000444
1000402c:	20000448 	.word	0x20000448
10004030:	10003f81 	.word	0x10003f81

10004034 <stdio_uart_init_full>:
10004034:	b570      	push	{r4, r5, r6, lr}
10004036:	000d      	movs	r5, r1
10004038:	001c      	movs	r4, r3
1000403a:	4b0d      	ldr	r3, [pc, #52]	; (10004070 <stdio_uart_init_full+0x3c>)
1000403c:	6018      	str	r0, [r3, #0]
1000403e:	2a00      	cmp	r2, #0
10004040:	da0b      	bge.n	1000405a <stdio_uart_init_full+0x26>
10004042:	2c00      	cmp	r4, #0
10004044:	da0e      	bge.n	10004064 <stdio_uart_init_full+0x30>
10004046:	4b0a      	ldr	r3, [pc, #40]	; (10004070 <stdio_uart_init_full+0x3c>)
10004048:	6818      	ldr	r0, [r3, #0]
1000404a:	0029      	movs	r1, r5
1000404c:	f7fd fe14 	bl	10001c78 <uart_init>
10004050:	2101      	movs	r1, #1
10004052:	4808      	ldr	r0, [pc, #32]	; (10004074 <stdio_uart_init_full+0x40>)
10004054:	f7ff feb2 	bl	10003dbc <stdio_set_driver_enabled>
10004058:	bd70      	pop	{r4, r5, r6, pc}
1000405a:	2102      	movs	r1, #2
1000405c:	0010      	movs	r0, r2
1000405e:	f7fc fa27 	bl	100004b0 <gpio_set_function>
10004062:	e7ee      	b.n	10004042 <stdio_uart_init_full+0xe>
10004064:	2102      	movs	r1, #2
10004066:	0020      	movs	r0, r4
10004068:	f7fc fa22 	bl	100004b0 <gpio_set_function>
1000406c:	e7eb      	b.n	10004046 <stdio_uart_init_full+0x12>
1000406e:	46c0      	nop			; (mov r8, r8)
10004070:	200006ec 	.word	0x200006ec
10004074:	200002e0 	.word	0x200002e0

10004078 <stdio_uart_init>:
10004078:	b510      	push	{r4, lr}
1000407a:	4b06      	ldr	r3, [pc, #24]	; (10004094 <stdio_uart_init+0x1c>)
1000407c:	781b      	ldrb	r3, [r3, #0]
1000407e:	4b06      	ldr	r3, [pc, #24]	; (10004098 <stdio_uart_init+0x20>)
10004080:	781b      	ldrb	r3, [r3, #0]
10004082:	21e1      	movs	r1, #225	; 0xe1
10004084:	2301      	movs	r3, #1
10004086:	2200      	movs	r2, #0
10004088:	0249      	lsls	r1, r1, #9
1000408a:	4804      	ldr	r0, [pc, #16]	; (1000409c <stdio_uart_init+0x24>)
1000408c:	f7ff ffd2 	bl	10004034 <stdio_uart_init_full>
10004090:	bd10      	pop	{r4, pc}
10004092:	46c0      	nop			; (mov r8, r8)
10004094:	10005384 	.word	0x10005384
10004098:	10005388 	.word	0x10005388
1000409c:	40034000 	.word	0x40034000

100040a0 <dma_claim_unused_channel>:
100040a0:	b500      	push	{lr}
100040a2:	b083      	sub	sp, #12
100040a4:	0001      	movs	r1, r0
100040a6:	4b04      	ldr	r3, [pc, #16]	; (100040b8 <dma_claim_unused_channel+0x18>)
100040a8:	9300      	str	r3, [sp, #0]
100040aa:	230b      	movs	r3, #11
100040ac:	2200      	movs	r2, #0
100040ae:	4803      	ldr	r0, [pc, #12]	; (100040bc <dma_claim_unused_channel+0x1c>)
100040b0:	f7fc fa4f 	bl	10000552 <hw_claim_unused_from_range>
100040b4:	b003      	add	sp, #12
100040b6:	bd00      	pop	{pc}
100040b8:	10005344 	.word	0x10005344
100040bc:	200006f0 	.word	0x200006f0

100040c0 <strlen>:
100040c0:	b510      	push	{r4, lr}
100040c2:	0783      	lsls	r3, r0, #30
100040c4:	d00a      	beq.n	100040dc <strlen+0x1c>
100040c6:	0003      	movs	r3, r0
100040c8:	2103      	movs	r1, #3
100040ca:	e002      	b.n	100040d2 <strlen+0x12>
100040cc:	3301      	adds	r3, #1
100040ce:	420b      	tst	r3, r1
100040d0:	d005      	beq.n	100040de <strlen+0x1e>
100040d2:	781a      	ldrb	r2, [r3, #0]
100040d4:	2a00      	cmp	r2, #0
100040d6:	d1f9      	bne.n	100040cc <strlen+0xc>
100040d8:	1a18      	subs	r0, r3, r0
100040da:	bd10      	pop	{r4, pc}
100040dc:	0003      	movs	r3, r0
100040de:	6819      	ldr	r1, [r3, #0]
100040e0:	4a0c      	ldr	r2, [pc, #48]	; (10004114 <strlen+0x54>)
100040e2:	4c0d      	ldr	r4, [pc, #52]	; (10004118 <strlen+0x58>)
100040e4:	188a      	adds	r2, r1, r2
100040e6:	438a      	bics	r2, r1
100040e8:	4222      	tst	r2, r4
100040ea:	d10f      	bne.n	1000410c <strlen+0x4c>
100040ec:	6859      	ldr	r1, [r3, #4]
100040ee:	4a09      	ldr	r2, [pc, #36]	; (10004114 <strlen+0x54>)
100040f0:	3304      	adds	r3, #4
100040f2:	188a      	adds	r2, r1, r2
100040f4:	438a      	bics	r2, r1
100040f6:	4222      	tst	r2, r4
100040f8:	d108      	bne.n	1000410c <strlen+0x4c>
100040fa:	6859      	ldr	r1, [r3, #4]
100040fc:	4a05      	ldr	r2, [pc, #20]	; (10004114 <strlen+0x54>)
100040fe:	3304      	adds	r3, #4
10004100:	188a      	adds	r2, r1, r2
10004102:	438a      	bics	r2, r1
10004104:	4222      	tst	r2, r4
10004106:	d0f1      	beq.n	100040ec <strlen+0x2c>
10004108:	e000      	b.n	1000410c <strlen+0x4c>
1000410a:	3301      	adds	r3, #1
1000410c:	781a      	ldrb	r2, [r3, #0]
1000410e:	2a00      	cmp	r2, #0
10004110:	d1fb      	bne.n	1000410a <strlen+0x4a>
10004112:	e7e1      	b.n	100040d8 <strlen+0x18>
10004114:	fefefeff 	.word	0xfefefeff
10004118:	80808080 	.word	0x80808080

1000411c <_fini>:
1000411c:	b5f8      	push	{r3, r4, r5, r6, r7, lr}
1000411e:	46c0      	nop			; (mov r8, r8)

10004120 <__mutex_exit_veneer>:
10004120:	b401      	push	{r0}
10004122:	4802      	ldr	r0, [pc, #8]	; (1000412c <__mutex_exit_veneer+0xc>)
10004124:	4684      	mov	ip, r0
10004126:	bc01      	pop	{r0}
10004128:	4760      	bx	ip
1000412a:	bf00      	nop
1000412c:	200001c9 	.word	0x200001c9

10004130 <____aeabi_ldiv0_veneer>:
10004130:	b401      	push	{r0}
10004132:	4802      	ldr	r0, [pc, #8]	; (1000413c <____aeabi_ldiv0_veneer+0xc>)
10004134:	4684      	mov	ip, r0
10004136:	bc01      	pop	{r0}
10004138:	4760      	bx	ip
1000413a:	bf00      	nop
1000413c:	20000215 	.word	0x20000215

10004140 <____aeabi_idiv0_veneer>:
10004140:	b401      	push	{r0}
10004142:	4802      	ldr	r0, [pc, #8]	; (1000414c <____aeabi_idiv0_veneer+0xc>)
10004144:	4684      	mov	ip, r0
10004146:	bc01      	pop	{r0}
10004148:	4760      	bx	ip
1000414a:	bf00      	nop
1000414c:	20000215 	.word	0x20000215

10004150 <__mutex_try_enter_block_until_veneer>:
10004150:	b401      	push	{r0}
10004152:	4802      	ldr	r0, [pc, #8]	; (1000415c <__mutex_try_enter_block_until_veneer+0xc>)
10004154:	4684      	mov	ip, r0
10004156:	bc01      	pop	{r0}
10004158:	4760      	bx	ip
1000415a:	bf00      	nop
1000415c:	20000195 	.word	0x20000195

Disassembly of section .data:

200000c0 <mutex_try_enter>:
200000c0:	0003      	movs	r3, r0
200000c2:	6800      	ldr	r0, [r0, #0]
200000c4:	f3ef 8c10 	mrs	ip, PRIMASK
200000c8:	b672      	cpsid	i
200000ca:	6802      	ldr	r2, [r0, #0]
200000cc:	2a00      	cmp	r2, #0
200000ce:	d0fc      	beq.n	200000ca <mutex_try_enter+0xa>
200000d0:	f3bf 8f5f 	dmb	sy
200000d4:	2204      	movs	r2, #4
200000d6:	569a      	ldrsb	r2, [r3, r2]
200000d8:	2a00      	cmp	r2, #0
200000da:	db0b      	blt.n	200000f4 <mutex_try_enter+0x34>
200000dc:	2900      	cmp	r1, #0
200000de:	d010      	beq.n	20000102 <mutex_try_enter+0x42>
200000e0:	600a      	str	r2, [r1, #0]
200000e2:	2000      	movs	r0, #0
200000e4:	681b      	ldr	r3, [r3, #0]
200000e6:	f3bf 8f5f 	dmb	sy
200000ea:	2200      	movs	r2, #0
200000ec:	601a      	str	r2, [r3, #0]
200000ee:	f38c 8810 	msr	PRIMASK, ip
200000f2:	4770      	bx	lr
200000f4:	22d0      	movs	r2, #208	; 0xd0
200000f6:	0612      	lsls	r2, r2, #24
200000f8:	7812      	ldrb	r2, [r2, #0]
200000fa:	b252      	sxtb	r2, r2
200000fc:	711a      	strb	r2, [r3, #4]
200000fe:	2001      	movs	r0, #1
20000100:	e7f0      	b.n	200000e4 <mutex_try_enter+0x24>
20000102:	2000      	movs	r0, #0
20000104:	e7ee      	b.n	200000e4 <mutex_try_enter+0x24>
	...

20000108 <mutex_enter_block_until>:
20000108:	b5f8      	push	{r3, r4, r5, r6, r7, lr}
2000010a:	46ce      	mov	lr, r9
2000010c:	4647      	mov	r7, r8
2000010e:	b580      	push	{r7, lr}
20000110:	0004      	movs	r4, r0
20000112:	0017      	movs	r7, r2
20000114:	4698      	mov	r8, r3
20000116:	6803      	ldr	r3, [r0, #0]
20000118:	2b00      	cmp	r3, #0
2000011a:	d020      	beq.n	2000015e <mutex_enter_block_until+0x56>
2000011c:	23d0      	movs	r3, #208	; 0xd0
2000011e:	061b      	lsls	r3, r3, #24
20000120:	781b      	ldrb	r3, [r3, #0]
20000122:	b25b      	sxtb	r3, r3
20000124:	4699      	mov	r9, r3
20000126:	6826      	ldr	r6, [r4, #0]
20000128:	f3ef 8c10 	mrs	ip, PRIMASK
2000012c:	b672      	cpsid	i
2000012e:	6835      	ldr	r5, [r6, #0]
20000130:	2d00      	cmp	r5, #0
20000132:	d0fc      	beq.n	2000012e <mutex_enter_block_until+0x26>
20000134:	f3bf 8f5f 	dmb	sy
20000138:	2504      	movs	r5, #4
2000013a:	5765      	ldrsb	r5, [r4, r5]
2000013c:	2d00      	cmp	r5, #0
2000013e:	db14      	blt.n	2000016a <mutex_enter_block_until+0x62>
20000140:	6823      	ldr	r3, [r4, #0]
20000142:	f3bf 8f5f 	dmb	sy
20000146:	2200      	movs	r2, #0
20000148:	601a      	str	r2, [r3, #0]
2000014a:	f38c 8810 	msr	PRIMASK, ip
2000014e:	0038      	movs	r0, r7
20000150:	4641      	mov	r1, r8
20000152:	f000 f869 	bl	20000228 <__best_effort_wfe_or_timeout_veneer>
20000156:	2800      	cmp	r0, #0
20000158:	d0e5      	beq.n	20000126 <mutex_enter_block_until+0x1e>
2000015a:	2000      	movs	r0, #0
2000015c:	e00f      	b.n	2000017e <mutex_enter_block_until+0x76>
2000015e:	4b0a      	ldr	r3, [pc, #40]	; (20000188 <mutex_enter_block_until+0x80>)
20000160:	4a0a      	ldr	r2, [pc, #40]	; (2000018c <mutex_enter_block_until+0x84>)
20000162:	2185      	movs	r1, #133	; 0x85
20000164:	480a      	ldr	r0, [pc, #40]	; (20000190 <mutex_enter_block_until+0x88>)
20000166:	f000 f857 	bl	20000218 <____assert_func_veneer>
2000016a:	464b      	mov	r3, r9
2000016c:	7123      	strb	r3, [r4, #4]
2000016e:	6823      	ldr	r3, [r4, #0]
20000170:	f3bf 8f5f 	dmb	sy
20000174:	2200      	movs	r2, #0
20000176:	601a      	str	r2, [r3, #0]
20000178:	f38c 8810 	msr	PRIMASK, ip
2000017c:	2001      	movs	r0, #1
2000017e:	bcc0      	pop	{r6, r7}
20000180:	46b9      	mov	r9, r7
20000182:	46b0      	mov	r8, r6
20000184:	bdf8      	pop	{r3, r4, r5, r6, r7, pc}
20000186:	46c0      	nop			; (mov r8, r8)
20000188:	100045a0 	.word	0x100045a0
2000018c:	10004678 	.word	0x10004678
20000190:	1000454c 	.word	0x1000454c

20000194 <mutex_try_enter_block_until>:
20000194:	b570      	push	{r4, r5, r6, lr}
20000196:	b082      	sub	sp, #8
20000198:	0006      	movs	r6, r0
2000019a:	0015      	movs	r5, r2
2000019c:	001c      	movs	r4, r3
2000019e:	a901      	add	r1, sp, #4
200001a0:	f7ff ff8e 	bl	200000c0 <mutex_try_enter>
200001a4:	2800      	cmp	r0, #0
200001a6:	d107      	bne.n	200001b8 <mutex_try_enter_block_until+0x24>
200001a8:	9b01      	ldr	r3, [sp, #4]
200001aa:	b25b      	sxtb	r3, r3
200001ac:	22d0      	movs	r2, #208	; 0xd0
200001ae:	0612      	lsls	r2, r2, #24
200001b0:	7812      	ldrb	r2, [r2, #0]
200001b2:	b252      	sxtb	r2, r2
200001b4:	4293      	cmp	r3, r2
200001b6:	d101      	bne.n	200001bc <mutex_try_enter_block_until+0x28>
200001b8:	b002      	add	sp, #8
200001ba:	bd70      	pop	{r4, r5, r6, pc}
200001bc:	002a      	movs	r2, r5
200001be:	0023      	movs	r3, r4
200001c0:	0030      	movs	r0, r6
200001c2:	f7ff ffa1 	bl	20000108 <mutex_enter_block_until>
200001c6:	e7f7      	b.n	200001b8 <mutex_try_enter_block_until+0x24>

200001c8 <mutex_exit>:
200001c8:	b510      	push	{r4, lr}
200001ca:	6802      	ldr	r2, [r0, #0]
200001cc:	f3ef 8110 	mrs	r1, PRIMASK
200001d0:	b672      	cpsid	i
200001d2:	6813      	ldr	r3, [r2, #0]
200001d4:	2b00      	cmp	r3, #0
200001d6:	d0fc      	beq.n	200001d2 <mutex_exit+0xa>
200001d8:	f3bf 8f5f 	dmb	sy
200001dc:	2304      	movs	r3, #4
200001de:	56c3      	ldrsb	r3, [r0, r3]
200001e0:	2b00      	cmp	r3, #0
200001e2:	db0a      	blt.n	200001fa <mutex_exit+0x32>
200001e4:	23ff      	movs	r3, #255	; 0xff
200001e6:	7103      	strb	r3, [r0, #4]
200001e8:	6803      	ldr	r3, [r0, #0]
200001ea:	f3bf 8f5f 	dmb	sy
200001ee:	2200      	movs	r2, #0
200001f0:	601a      	str	r2, [r3, #0]
200001f2:	f381 8810 	msr	PRIMASK, r1
200001f6:	bf40      	sev
200001f8:	bd10      	pop	{r4, pc}
200001fa:	4b03      	ldr	r3, [pc, #12]	; (20000208 <mutex_exit+0x40>)
200001fc:	4a03      	ldr	r2, [pc, #12]	; (2000020c <mutex_exit+0x44>)
200001fe:	21b4      	movs	r1, #180	; 0xb4
20000200:	4803      	ldr	r0, [pc, #12]	; (20000210 <mutex_exit+0x48>)
20000202:	f000 f809 	bl	20000218 <____assert_func_veneer>
20000206:	46c0      	nop			; (mov r8, r8)
20000208:	10004634 	.word	0x10004634
2000020c:	1000466c 	.word	0x1000466c
20000210:	1000454c 	.word	0x1000454c

20000214 <__aeabi_idiv0>:
20000214:	4770      	bx	lr
20000216:	46c0      	nop			; (mov r8, r8)

20000218 <____assert_func_veneer>:
20000218:	b401      	push	{r0}
2000021a:	4802      	ldr	r0, [pc, #8]	; (20000224 <____assert_func_veneer+0xc>)
2000021c:	4684      	mov	ip, r0
2000021e:	bc01      	pop	{r0}
20000220:	4760      	bx	ip
20000222:	bf00      	nop
20000224:	10002071 	.word	0x10002071

20000228 <__best_effort_wfe_or_timeout_veneer>:
20000228:	b401      	push	{r0}
2000022a:	4802      	ldr	r0, [pc, #8]	; (20000234 <__best_effort_wfe_or_timeout_veneer+0xc>)
2000022c:	4684      	mov	ip, r0
2000022e:	bc01      	pop	{r0}
20000230:	4760      	bx	ip
20000232:	bf00      	nop
20000234:	10001389 	.word	0x10001389

20000238 <src>:
20000238:	34333231 38373635 00000039               123456789....

20000245 <striped_spin_lock_num>:
20000245:	                                         ...

20000248 <irq_handler_chain_slots>:
20000248:	00000000 	.word	0x00000000
2000024c:	00010000 	.word	0x00010000
	...
20000258:	00020000 	.word	0x00020000
	...
20000264:	00030000 	.word	0x00030000
	...
20000270:	00ff0000 	.word	0x00ff0000
20000274:	00000000 	.word	0x00000000

20000278 <irq_handler_chain_first_slot>:
20000278:	b501      	push	{r0, lr}
2000027a:	6848      	ldr	r0, [r1, #4]
2000027c:	3101      	adds	r1, #1
2000027e:	468e      	mov	lr, r1
20000280:	4700      	bx	r0

20000282 <irq_handler_chain_remove_tail>:
20000282:	4670      	mov	r0, lr
20000284:	3809      	subs	r0, #9
20000286:	4901      	ldr	r1, [pc, #4]	; (2000028c <irq_handler_chain_remove_tail+0xa>)
20000288:	4788      	blx	r1
2000028a:	bd01      	pop	{r0, pc}
2000028c:	100008e9 	.word	0x100008e9

20000290 <default_alarm_pool>:
20000290:	200002a8 00000000 20000318 20000474     ... ....... t.. 
	...

200002a8 <default_alarm_pool_heap>:
200002a8:	20000484 00000000 00000000 00000010     ... ............
	...

200002c0 <aeabi_bits_funcs>:
200002c0:	00003350 	.word	0x00003350
200002c4:	0000334c 	.word	0x0000334c
200002c8:	00003354 	.word	0x00003354
200002cc:	00003352 	.word	0x00003352

200002d0 <aeabi_bits_funcs_end>:
200002d0:	0000534d 	.word	0x0000534d
200002d4:	0000434d 	.word	0x0000434d
200002d8:	00003453 	.word	0x00003453
200002dc:	00003443 	.word	0x00003443

200002e0 <stdio_uart>:
200002e0:	10003e8d 00000000 10003f01 10003fa9     .>.......?...?..
200002f0:	00000000 00000100                       ........

200002f8 <print_mutex>:
	...

20000300 <__mutex_array_end>:
20000300:	10003b8d 	.word	0x10003b8d
20000304:	10003315 	.word	0x10003315
20000308:	100039f9 	.word	0x100039f9
2000030c:	10003b05 	.word	0x10003b05

20000310 <__frame_dummy_init_array_entry>:
20000310:	100002e5                                ....
