
C:/Users/thisi/Documents/Pico-v1.5.1/build/system/narrow_io_write/narrow_io_write.elf:     file format elf32-littlearm

Sections:
Idx Name          Size      VMA       LMA       File off  Algn
  0 .boot2        00000100  10000000  10000000  00001000  2**0
                  CONTENTS, ALLOC, LOAD, READONLY, CODE
  1 .text         00003f00  10000100  10000100  00001100  2**3
                  CONTENTS, ALLOC, LOAD, READONLY, CODE
  2 .rodata       00001210  10004000  10004000  00005000  2**3
                  CONTENTS, ALLOC, LOAD, READONLY, DATA
  3 .binary_info  00000028  10005210  10005210  00006210  2**2
                  CONTENTS, ALLOC, LOAD, READONLY, DATA
  4 .ram_vector_table 000000c0  20000000  20000000  00008000  2**2
                  ALLOC
  5 .data         00000244  200000c0  10005238  000070c0  2**4
                  CONTENTS, ALLOC, LOAD, READONLY, CODE
  6 .uninitialized_data 00000000  20000304  20000304  00007304  2**0
                  CONTENTS
  7 .scratch_x    00000000  20040000  20040000  00007304  2**0
                  CONTENTS
  8 .scratch_y    00000000  20041000  20041000  00007304  2**0
                  CONTENTS
  9 .bss          000003d8  20000308  20000308  00008000  2**3
                  ALLOC
 10 .heap         00000800  200006e0  200006e0  00007304  2**2
                  CONTENTS, READONLY
 11 .stack_dummy  00000800  20041000  20041000  00007b20  2**5
                  CONTENTS, READONLY
 12 .ARM.attributes 00000028  00000000  00000000  00008320  2**0
                  CONTENTS, READONLY
 13 .comment      00000049  00000000  00000000  00008348  2**0
                  CONTENTS, READONLY
 14 .debug_info   00015885  00000000  00000000  00008391  2**0
                  CONTENTS, READONLY, DEBUGGING, OCTETS
 15 .debug_abbrev 000041a3  00000000  00000000  0001dc16  2**0
                  CONTENTS, READONLY, DEBUGGING, OCTETS
 16 .debug_aranges 00000d70  00000000  00000000  00021dc0  2**3
                  CONTENTS, READONLY, DEBUGGING, OCTETS
 17 .debug_ranges 00003250  00000000  00000000  00022b30  2**3
                  CONTENTS, READONLY, DEBUGGING, OCTETS
 18 .debug_line   0000ec11  00000000  00000000  00025d80  2**0
                  CONTENTS, READONLY, DEBUGGING, OCTETS
 19 .debug_str    00003c0c  00000000  00000000  00034991  2**0
                  CONTENTS, READONLY, DEBUGGING, OCTETS
 20 .debug_frame  00001924  00000000  00000000  000385a0  2**2
                  CONTENTS, READONLY, DEBUGGING, OCTETS
 21 .debug_loc    0000eb34  00000000  00000000  00039ec4  2**0
                  CONTENTS, READONLY, DEBUGGING, OCTETS

C:/Users/thisi/Documents/Pico-v1.5.1/build/system/narrow_io_write/narrow_io_write.elf:     file format elf32-littlearm


Disassembly of section .boot2:

10000000 <__boot2_start__>:
10000000:	4b32b500 	.word	0x4b32b500
10000004:	60582021 	.word	0x60582021
10000008:	21026898 	.word	0x21026898
1000000c:	60984388 	.word	0x60984388
10000010:	611860d8 	.word	0x611860d8
10000014:	4b2e6158 	.word	0x4b2e6158
10000018:	60992100 	.word	0x60992100
1000001c:	61592102 	.word	0x61592102
10000020:	22f02101 	.word	0x22f02101
10000024:	492b5099 	.word	0x492b5099
10000028:	21016019 	.word	0x21016019
1000002c:	20356099 	.word	0x20356099
10000030:	f844f000 	.word	0xf844f000
10000034:	42902202 	.word	0x42902202
10000038:	2106d014 	.word	0x2106d014
1000003c:	f0006619 	.word	0xf0006619
10000040:	6e19f834 	.word	0x6e19f834
10000044:	66192101 	.word	0x66192101
10000048:	66182000 	.word	0x66182000
1000004c:	f000661a 	.word	0xf000661a
10000050:	6e19f82c 	.word	0x6e19f82c
10000054:	6e196e19 	.word	0x6e196e19
10000058:	f0002005 	.word	0xf0002005
1000005c:	2101f82f 	.word	0x2101f82f
10000060:	d1f94208 	.word	0xd1f94208
10000064:	60992100 	.word	0x60992100
10000068:	6019491b 	.word	0x6019491b
1000006c:	60592100 	.word	0x60592100
10000070:	481b491a 	.word	0x481b491a
10000074:	21016001 	.word	0x21016001
10000078:	21eb6099 	.word	0x21eb6099
1000007c:	21a06619 	.word	0x21a06619
10000080:	f0006619 	.word	0xf0006619
10000084:	2100f812 	.word	0x2100f812
10000088:	49166099 	.word	0x49166099
1000008c:	60014814 	.word	0x60014814
10000090:	60992101 	.word	0x60992101
10000094:	2800bc01 	.word	0x2800bc01
10000098:	4700d000 	.word	0x4700d000
1000009c:	49134812 	.word	0x49134812
100000a0:	c8036008 	.word	0xc8036008
100000a4:	8808f380 	.word	0x8808f380
100000a8:	b5034708 	.word	0xb5034708
100000ac:	20046a99 	.word	0x20046a99
100000b0:	d0fb4201 	.word	0xd0fb4201
100000b4:	42012001 	.word	0x42012001
100000b8:	bd03d1f8 	.word	0xbd03d1f8
100000bc:	6618b502 	.word	0x6618b502
100000c0:	f7ff6618 	.word	0xf7ff6618
100000c4:	6e18fff2 	.word	0x6e18fff2
100000c8:	bd026e18 	.word	0xbd026e18
100000cc:	40020000 	.word	0x40020000
100000d0:	18000000 	.word	0x18000000
100000d4:	00070000 	.word	0x00070000
100000d8:	005f0300 	.word	0x005f0300
100000dc:	00002221 	.word	0x00002221
100000e0:	180000f4 	.word	0x180000f4
100000e4:	a0002022 	.word	0xa0002022
100000e8:	10000100 	.word	0x10000100
100000ec:	e000ed08 	.word	0xe000ed08
	...
100000fc:	7a4eb274 	.word	0x7a4eb274

Disassembly of section .text:

10000100 <__VECTOR_TABLE>:
10000100:	20042000 	.word	0x20042000
10000104:	100001f7 	.word	0x100001f7
10000108:	100001c3 	.word	0x100001c3
1000010c:	100001c5 	.word	0x100001c5
10000110:	100001c1 	.word	0x100001c1
10000114:	100001c1 	.word	0x100001c1
10000118:	100001c1 	.word	0x100001c1
1000011c:	100001c1 	.word	0x100001c1
10000120:	100001c1 	.word	0x100001c1
10000124:	100001c1 	.word	0x100001c1
10000128:	100001c1 	.word	0x100001c1
1000012c:	100001c7 	.word	0x100001c7
10000130:	100001c1 	.word	0x100001c1
10000134:	100001c1 	.word	0x100001c1
10000138:	100001c9 	.word	0x100001c9
1000013c:	100001cb 	.word	0x100001cb
10000140:	100001cd 	.word	0x100001cd
10000144:	100001cd 	.word	0x100001cd
10000148:	100001cd 	.word	0x100001cd
1000014c:	100001cd 	.word	0x100001cd
10000150:	100001cd 	.word	0x100001cd
10000154:	100001cd 	.word	0x100001cd
10000158:	100001cd 	.word	0x100001cd
1000015c:	100001cd 	.word	0x100001cd
10000160:	100001cd 	.word	0x100001cd
10000164:	100001cd 	.word	0x100001cd
10000168:	100001cd 	.word	0x100001cd
1000016c:	100001cd 	.word	0x100001cd
10000170:	100001cd 	.word	0x100001cd
10000174:	100001cd 	.word	0x100001cd
10000178:	100001cd 	.word	0x100001cd
1000017c:	100001cd 	.word	0x100001cd
10000180:	100001cd 	.word	0x100001cd
10000184:	100001cd 	.word	0x100001cd
10000188:	100001cd 	.word	0x100001cd
1000018c:	100001cd 	.word	0x100001cd
10000190:	100001cd 	.word	0x100001cd
10000194:	100001cd 	.word	0x100001cd
10000198:	100001cd 	.word	0x100001cd
1000019c:	100001cd 	.word	0x100001cd
100001a0:	100001cd 	.word	0x100001cd
100001a4:	100001cd 	.word	0x100001cd
100001a8:	100001cd 	.word	0x100001cd
100001ac:	100001cd 	.word	0x100001cd
100001b0:	100001cd 	.word	0x100001cd
100001b4:	100001cd 	.word	0x100001cd
100001b8:	100001cd 	.word	0x100001cd
100001bc:	100001cd 	.word	0x100001cd

100001c0 <isr_invalid>:
100001c0:	be00      	bkpt	0x0000

100001c2 <isr_nmi>:
100001c2:	be00      	bkpt	0x0000

100001c4 <isr_hardfault>:
100001c4:	be00      	bkpt	0x0000

100001c6 <isr_svcall>:
100001c6:	be00      	bkpt	0x0000

100001c8 <isr_pendsv>:
100001c8:	be00      	bkpt	0x0000

100001ca <isr_systick>:
100001ca:	be00      	bkpt	0x0000

100001cc <__unhandled_user_irq>:
100001cc:	f3ef 8005 	mrs	r0, IPSR
100001d0:	3810      	subs	r0, #16

100001d2 <unhandled_user_irq_num_in_r0>:
100001d2:	be00      	bkpt	0x0000

100001d4 <binary_info_header>:
100001d4:	7188ebf2 	.word	0x7188ebf2
100001d8:	10005210 	.word	0x10005210
100001dc:	10005238 	.word	0x10005238
100001e0:	10000234 	.word	0x10000234
100001e4:	e71aa390 	.word	0xe71aa390

100001e8 <_entry_point>:
100001e8:	2000      	movs	r0, #0
100001ea:	491f      	ldr	r1, [pc, #124]	; (10000268 <hold_non_core0_in_bootrom+0xa>)
100001ec:	6008      	str	r0, [r1, #0]
100001ee:	c806      	ldmia	r0!, {r1, r2}
100001f0:	f381 8808 	msr	MSP, r1
100001f4:	4710      	bx	r2

100001f6 <_reset_handler>:
100001f6:	481d      	ldr	r0, [pc, #116]	; (1000026c <hold_non_core0_in_bootrom+0xe>)
100001f8:	6800      	ldr	r0, [r0, #0]
100001fa:	2800      	cmp	r0, #0
100001fc:	d12f      	bne.n	1000025e <hold_non_core0_in_bootrom>
100001fe:	a40d      	add	r4, pc, #52	; (adr r4, 10000234 <data_cpy_table>)
10000200:	cc0e      	ldmia	r4!, {r1, r2, r3}
10000202:	2900      	cmp	r1, #0
10000204:	d002      	beq.n	1000020c <_reset_handler+0x16>
10000206:	f000 f812 	bl	1000022e <data_cpy>
1000020a:	e7f9      	b.n	10000200 <_reset_handler+0xa>
1000020c:	4918      	ldr	r1, [pc, #96]	; (10000270 <hold_non_core0_in_bootrom+0x12>)
1000020e:	4a19      	ldr	r2, [pc, #100]	; (10000274 <hold_non_core0_in_bootrom+0x16>)
10000210:	2000      	movs	r0, #0
10000212:	e000      	b.n	10000216 <bss_fill_test>

10000214 <bss_fill_loop>:
10000214:	c101      	stmia	r1!, {r0}

10000216 <bss_fill_test>:
10000216:	4291      	cmp	r1, r2
10000218:	d1fc      	bne.n	10000214 <bss_fill_loop>

1000021a <platform_entry>:
1000021a:	4917      	ldr	r1, [pc, #92]	; (10000278 <hold_non_core0_in_bootrom+0x1a>)
1000021c:	4788      	blx	r1
1000021e:	4917      	ldr	r1, [pc, #92]	; (1000027c <hold_non_core0_in_bootrom+0x1e>)
10000220:	4788      	blx	r1
10000222:	4917      	ldr	r1, [pc, #92]	; (10000280 <hold_non_core0_in_bootrom+0x22>)
10000224:	4788      	blx	r1
10000226:	be00      	bkpt	0x0000
10000228:	e7fd      	b.n	10000226 <platform_entry+0xc>

1000022a <data_cpy_loop>:
1000022a:	c901      	ldmia	r1!, {r0}
1000022c:	c201      	stmia	r2!, {r0}

1000022e <data_cpy>:
1000022e:	429a      	cmp	r2, r3
10000230:	d3fb      	bcc.n	1000022a <data_cpy_loop>
10000232:	4770      	bx	lr

10000234 <data_cpy_table>:
10000234:	10005238 	.word	0x10005238
10000238:	200000c0 	.word	0x200000c0
1000023c:	20000304 	.word	0x20000304
10000240:	1000547c 	.word	0x1000547c
10000244:	20040000 	.word	0x20040000
10000248:	20040000 	.word	0x20040000
1000024c:	1000547c 	.word	0x1000547c
10000250:	20041000 	.word	0x20041000
10000254:	20041000 	.word	0x20041000
10000258:	00000000 	.word	0x00000000
1000025c:	4770      	bx	lr

1000025e <hold_non_core0_in_bootrom>:
1000025e:	4809      	ldr	r0, [pc, #36]	; (10000284 <hold_non_core0_in_bootrom+0x26>)
10000260:	f002 ffcc 	bl	100031fc <rom_func_lookup>
10000264:	4700      	bx	r0
10000266:	0000      	.short	0x0000
10000268:	e000ed08 	.word	0xe000ed08
1000026c:	d0000000 	.word	0xd0000000
10000270:	20000308 	.word	0x20000308
10000274:	200006e0 	.word	0x200006e0
10000278:	10001f85 	.word	0x10001f85
1000027c:	10000305 	.word	0x10000305
10000280:	10001f41 	.word	0x10001f41
10000284:	00005657 	.word	0x00005657

10000288 <__bi_50>:
10000288:	50520006 5360b3ab 10005158              ..RP..`SXQ..

10000294 <__bi_38>:
10000294:	50520006 02031c86 10005168              ..RP....hQ..

100002a0 <__bi_30>:
100002a0:	50520006 9da22254 10005178              ..RPT"..xQ..

100002ac <__bi_22>:
100002ac:	50520005 68f465de 1000547c              ..RP.e.h|T..

100002b8 <_init>:
100002b8:	b5f8      	push	{r3, r4, r5, r6, r7, lr}
100002ba:	46c0      	nop			; (mov r8, r8)

100002bc <__do_global_dtors_aux>:
100002bc:	b510      	push	{r4, lr}
100002be:	4c06      	ldr	r4, [pc, #24]	; (100002d8 <__do_global_dtors_aux+0x1c>)
100002c0:	7823      	ldrb	r3, [r4, #0]
100002c2:	2b00      	cmp	r3, #0
100002c4:	d107      	bne.n	100002d6 <__do_global_dtors_aux+0x1a>
100002c6:	4b05      	ldr	r3, [pc, #20]	; (100002dc <__do_global_dtors_aux+0x20>)
100002c8:	2b00      	cmp	r3, #0
100002ca:	d002      	beq.n	100002d2 <__do_global_dtors_aux+0x16>
100002cc:	4804      	ldr	r0, [pc, #16]	; (100002e0 <__do_global_dtors_aux+0x24>)
100002ce:	e000      	b.n	100002d2 <__do_global_dtors_aux+0x16>
100002d0:	bf00      	nop
100002d2:	2301      	movs	r3, #1
100002d4:	7023      	strb	r3, [r4, #0]
100002d6:	bd10      	pop	{r4, pc}
100002d8:	20000408 	.word	0x20000408
100002dc:	00000000 	.word	0x00000000
100002e0:	10004000 	.word	0x10004000

100002e4 <frame_dummy>:
100002e4:	4b04      	ldr	r3, [pc, #16]	; (100002f8 <frame_dummy+0x14>)
100002e6:	b510      	push	{r4, lr}
100002e8:	2b00      	cmp	r3, #0
100002ea:	d003      	beq.n	100002f4 <frame_dummy+0x10>
100002ec:	4903      	ldr	r1, [pc, #12]	; (100002fc <frame_dummy+0x18>)
100002ee:	4804      	ldr	r0, [pc, #16]	; (10000300 <frame_dummy+0x1c>)
100002f0:	e000      	b.n	100002f4 <frame_dummy+0x10>
100002f2:	bf00      	nop
100002f4:	bd10      	pop	{r4, pc}
100002f6:	46c0      	nop			; (mov r8, r8)
100002f8:	00000000 	.word	0x00000000
100002fc:	2000040c 	.word	0x2000040c
10000300:	10004000 	.word	0x10004000

10000304 <main>:
10000304:	b570      	push	{r4, r5, r6, lr}
10000306:	f003 fd19 	bl	10003d3c <stdio_init_all>
1000030a:	4821      	ldr	r0, [pc, #132]	; (10000390 <main+0x8c>)
1000030c:	f003 fcda 	bl	10003cc4 <__wrap_puts>
10000310:	4c20      	ldr	r4, [pc, #128]	; (10000394 <main+0x90>)
10000312:	4b21      	ldr	r3, [pc, #132]	; (10000398 <main+0x94>)
10000314:	6023      	str	r3, [r4, #0]
10000316:	6821      	ldr	r1, [r4, #0]
10000318:	4820      	ldr	r0, [pc, #128]	; (1000039c <main+0x98>)
1000031a:	f003 fd03 	bl	10003d24 <__wrap_printf>
1000031e:	4820      	ldr	r0, [pc, #128]	; (100003a0 <main+0x9c>)
10000320:	f003 fcd0 	bl	10003cc4 <__wrap_puts>
10000324:	7821      	ldrb	r1, [r4, #0]
10000326:	b2c9      	uxtb	r1, r1
10000328:	481e      	ldr	r0, [pc, #120]	; (100003a4 <main+0xa0>)
1000032a:	f003 fcfb 	bl	10003d24 <__wrap_printf>
1000032e:	4d1e      	ldr	r5, [pc, #120]	; (100003a8 <main+0xa4>)
10000330:	7829      	ldrb	r1, [r5, #0]
10000332:	b2c9      	uxtb	r1, r1
10000334:	4e1d      	ldr	r6, [pc, #116]	; (100003ac <main+0xa8>)
10000336:	0030      	movs	r0, r6
10000338:	f003 fcf4 	bl	10003d24 <__wrap_printf>
1000033c:	4b1c      	ldr	r3, [pc, #112]	; (100003b0 <main+0xac>)
1000033e:	7819      	ldrb	r1, [r3, #0]
10000340:	b2c9      	uxtb	r1, r1
10000342:	0030      	movs	r0, r6
10000344:	f003 fcee 	bl	10003d24 <__wrap_printf>
10000348:	4b1a      	ldr	r3, [pc, #104]	; (100003b4 <main+0xb0>)
1000034a:	7819      	ldrb	r1, [r3, #0]
1000034c:	b2c9      	uxtb	r1, r1
1000034e:	481a      	ldr	r0, [pc, #104]	; (100003b8 <main+0xb4>)
10000350:	f003 fce8 	bl	10003d24 <__wrap_printf>
10000354:	4819      	ldr	r0, [pc, #100]	; (100003bc <main+0xb8>)
10000356:	f003 fcb5 	bl	10003cc4 <__wrap_puts>
1000035a:	23a5      	movs	r3, #165	; 0xa5
1000035c:	7023      	strb	r3, [r4, #0]
1000035e:	6821      	ldr	r1, [r4, #0]
10000360:	4817      	ldr	r0, [pc, #92]	; (100003c0 <main+0xbc>)
10000362:	f003 fcdf 	bl	10003d24 <__wrap_printf>
10000366:	4817      	ldr	r0, [pc, #92]	; (100003c4 <main+0xc0>)
10000368:	f003 fcac 	bl	10003cc4 <__wrap_puts>
1000036c:	233c      	movs	r3, #60	; 0x3c
1000036e:	702b      	strb	r3, [r5, #0]
10000370:	6821      	ldr	r1, [r4, #0]
10000372:	4815      	ldr	r0, [pc, #84]	; (100003c8 <main+0xc4>)
10000374:	f003 fcd6 	bl	10003d24 <__wrap_printf>
10000378:	4814      	ldr	r0, [pc, #80]	; (100003cc <main+0xc8>)
1000037a:	f003 fca3 	bl	10003cc4 <__wrap_puts>
1000037e:	4b14      	ldr	r3, [pc, #80]	; (100003d0 <main+0xcc>)
10000380:	8023      	strh	r3, [r4, #0]
10000382:	6821      	ldr	r1, [r4, #0]
10000384:	4813      	ldr	r0, [pc, #76]	; (100003d4 <main+0xd0>)
10000386:	f003 fccd 	bl	10003d24 <__wrap_printf>
1000038a:	2000      	movs	r0, #0
1000038c:	bd70      	pop	{r4, r5, r6, pc}
1000038e:	46c0      	nop			; (mov r8, r8)
10000390:	10004000 	.word	0x10004000
10000394:	4005800c 	.word	0x4005800c
10000398:	deadbeef 	.word	0xdeadbeef
1000039c:	10004018 	.word	0x10004018
100003a0:	10004038 	.word	0x10004038
100003a4:	10004058 	.word	0x10004058
100003a8:	4005800d 	.word	0x4005800d
100003ac:	10004078 	.word	0x10004078
100003b0:	4005800e 	.word	0x4005800e
100003b4:	4005800f 	.word	0x4005800f
100003b8:	10004080 	.word	0x10004080
100003bc:	10004088 	.word	0x10004088
100003c0:	100040b0 	.word	0x100040b0
100003c4:	100040d0 	.word	0x100040d0
100003c8:	100040f4 	.word	0x100040f4
100003cc:	10004114 	.word	0x10004114
100003d0:	fffff00d 	.word	0xfffff00d
100003d4:	10004138 	.word	0x10004138

100003d8 <gpio_set_function>:
100003d8:	b510      	push	{r4, lr}
100003da:	0083      	lsls	r3, r0, #2
100003dc:	4a08      	ldr	r2, [pc, #32]	; (10000400 <gpio_set_function+0x28>)
100003de:	4694      	mov	ip, r2
100003e0:	4463      	add	r3, ip
100003e2:	681c      	ldr	r4, [r3, #0]
100003e4:	2240      	movs	r2, #64	; 0x40
100003e6:	4062      	eors	r2, r4
100003e8:	24c0      	movs	r4, #192	; 0xc0
100003ea:	4014      	ands	r4, r2
100003ec:	2280      	movs	r2, #128	; 0x80
100003ee:	0152      	lsls	r2, r2, #5
100003f0:	4313      	orrs	r3, r2
100003f2:	601c      	str	r4, [r3, #0]
100003f4:	00c0      	lsls	r0, r0, #3
100003f6:	4b03      	ldr	r3, [pc, #12]	; (10000404 <gpio_set_function+0x2c>)
100003f8:	469c      	mov	ip, r3
100003fa:	4460      	add	r0, ip
100003fc:	6041      	str	r1, [r0, #4]
100003fe:	bd10      	pop	{r4, pc}
10000400:	4001c004 	.word	0x4001c004
10000404:	40014000 	.word	0x40014000

10000408 <running_on_fpga>:
10000408:	4b03      	ldr	r3, [pc, #12]	; (10000418 <running_on_fpga+0x10>)
1000040a:	681b      	ldr	r3, [r3, #0]
1000040c:	2002      	movs	r0, #2
1000040e:	4018      	ands	r0, r3
10000410:	1e43      	subs	r3, r0, #1
10000412:	4198      	sbcs	r0, r3
10000414:	b2c0      	uxtb	r0, r0
10000416:	4770      	bx	lr
10000418:	4006c000 	.word	0x4006c000

1000041c <hw_claim_lock>:
1000041c:	f3ef 8010 	mrs	r0, PRIMASK
10000420:	b672      	cpsid	i
10000422:	4b03      	ldr	r3, [pc, #12]	; (10000430 <hw_claim_lock+0x14>)
10000424:	681b      	ldr	r3, [r3, #0]
10000426:	2b00      	cmp	r3, #0
10000428:	d0fb      	beq.n	10000422 <hw_claim_lock+0x6>
1000042a:	f3bf 8f5f 	dmb	sy
1000042e:	4770      	bx	lr
10000430:	d000012c 	.word	0xd000012c

10000434 <hw_claim_unlock>:
10000434:	f3bf 8f5f 	dmb	sy
10000438:	4b02      	ldr	r3, [pc, #8]	; (10000444 <hw_claim_unlock+0x10>)
1000043a:	2200      	movs	r2, #0
1000043c:	601a      	str	r2, [r3, #0]
1000043e:	f380 8810 	msr	PRIMASK, r0
10000442:	4770      	bx	lr
10000444:	d000012c 	.word	0xd000012c

10000448 <hw_claim_or_assert>:
10000448:	b5f8      	push	{r3, r4, r5, r6, r7, lr}
1000044a:	0006      	movs	r6, r0
1000044c:	000c      	movs	r4, r1
1000044e:	0015      	movs	r5, r2
10000450:	f7ff ffe4 	bl	1000041c <hw_claim_lock>
10000454:	08e3      	lsrs	r3, r4, #3
10000456:	18f7      	adds	r7, r6, r3
10000458:	5cf1      	ldrb	r1, [r6, r3]
1000045a:	2207      	movs	r2, #7
1000045c:	4022      	ands	r2, r4
1000045e:	2301      	movs	r3, #1
10000460:	4093      	lsls	r3, r2
10000462:	420b      	tst	r3, r1
10000464:	d105      	bne.n	10000472 <hw_claim_or_assert+0x2a>
10000466:	b2db      	uxtb	r3, r3
10000468:	430b      	orrs	r3, r1
1000046a:	703b      	strb	r3, [r7, #0]
1000046c:	f7ff ffe2 	bl	10000434 <hw_claim_unlock>
10000470:	bdf8      	pop	{r3, r4, r5, r6, r7, pc}
10000472:	0021      	movs	r1, r4
10000474:	0028      	movs	r0, r5
10000476:	f001 fe01 	bl	1000207c <panic>
	...

1000047c <spin_locks_reset>:
1000047c:	2300      	movs	r3, #0
1000047e:	e007      	b.n	10000490 <spin_locks_reset+0x14>
10000480:	4a05      	ldr	r2, [pc, #20]	; (10000498 <spin_locks_reset+0x1c>)
10000482:	189a      	adds	r2, r3, r2
10000484:	0092      	lsls	r2, r2, #2
10000486:	f3bf 8f5f 	dmb	sy
1000048a:	2100      	movs	r1, #0
1000048c:	6011      	str	r1, [r2, #0]
1000048e:	3301      	adds	r3, #1
10000490:	2b1f      	cmp	r3, #31
10000492:	d9f5      	bls.n	10000480 <spin_locks_reset+0x4>
10000494:	4770      	bx	lr
10000496:	46c0      	nop			; (mov r8, r8)
10000498:	34000040 	.word	0x34000040

1000049c <next_striped_spin_lock_num>:
1000049c:	4a05      	ldr	r2, [pc, #20]	; (100004b4 <next_striped_spin_lock_num+0x18>)
1000049e:	7810      	ldrb	r0, [r2, #0]
100004a0:	1c43      	adds	r3, r0, #1
100004a2:	b2db      	uxtb	r3, r3
100004a4:	7013      	strb	r3, [r2, #0]
100004a6:	2b17      	cmp	r3, #23
100004a8:	d902      	bls.n	100004b0 <next_striped_spin_lock_num+0x14>
100004aa:	0013      	movs	r3, r2
100004ac:	2210      	movs	r2, #16
100004ae:	701a      	strb	r2, [r3, #0]
100004b0:	4770      	bx	lr
100004b2:	46c0      	nop			; (mov r8, r8)
100004b4:	20000238 	.word	0x20000238

100004b8 <set_raw_irq_handler_and_unlock>:
100004b8:	4b07      	ldr	r3, [pc, #28]	; (100004d8 <set_raw_irq_handler_and_unlock+0x20>)
100004ba:	689b      	ldr	r3, [r3, #8]
100004bc:	3010      	adds	r0, #16
100004be:	0080      	lsls	r0, r0, #2
100004c0:	5019      	str	r1, [r3, r0]
100004c2:	f3bf 8f5f 	dmb	sy
100004c6:	f3bf 8f5f 	dmb	sy
100004ca:	4b04      	ldr	r3, [pc, #16]	; (100004dc <set_raw_irq_handler_and_unlock+0x24>)
100004cc:	2100      	movs	r1, #0
100004ce:	6019      	str	r1, [r3, #0]
100004d0:	f382 8810 	msr	PRIMASK, r2
100004d4:	4770      	bx	lr
100004d6:	46c0      	nop			; (mov r8, r8)
100004d8:	e000ed00 	.word	0xe000ed00
100004dc:	d0000124 	.word	0xd0000124

100004e0 <make_branch>:
100004e0:	b510      	push	{r4, lr}
100004e2:	1a09      	subs	r1, r1, r0
100004e4:	1f08      	subs	r0, r1, #4
100004e6:	4b0a      	ldr	r3, [pc, #40]	; (10000510 <make_branch+0x30>)
100004e8:	469c      	mov	ip, r3
100004ea:	4461      	add	r1, ip
100004ec:	4a09      	ldr	r2, [pc, #36]	; (10000514 <make_branch+0x34>)
100004ee:	4291      	cmp	r1, r2
100004f0:	d808      	bhi.n	10000504 <make_branch+0x24>
100004f2:	07c3      	lsls	r3, r0, #31
100004f4:	d406      	bmi.n	10000504 <make_branch+0x24>
100004f6:	1040      	asrs	r0, r0, #1
100004f8:	0540      	lsls	r0, r0, #21
100004fa:	0d40      	lsrs	r0, r0, #21
100004fc:	4b06      	ldr	r3, [pc, #24]	; (10000518 <make_branch+0x38>)
100004fe:	4318      	orrs	r0, r3
10000500:	b280      	uxth	r0, r0
10000502:	bd10      	pop	{r4, pc}
10000504:	4b05      	ldr	r3, [pc, #20]	; (1000051c <make_branch+0x3c>)
10000506:	4a06      	ldr	r2, [pc, #24]	; (10000520 <make_branch+0x40>)
10000508:	21a3      	movs	r1, #163	; 0xa3
1000050a:	4806      	ldr	r0, [pc, #24]	; (10000524 <make_branch+0x44>)
1000050c:	f001 fd1c 	bl	10001f48 <__assert_func>
10000510:	000007fc 	.word	0x000007fc
10000514:	00000ffe 	.word	0x00000ffe
10000518:	ffffe000 	.word	0xffffe000
1000051c:	10004158 	.word	0x10004158
10000520:	100043c8 	.word	0x100043c8
10000524:	10004188 	.word	0x10004188

10000528 <insert_branch_and_link>:
10000528:	b510      	push	{r4, lr}
1000052a:	1a09      	subs	r1, r1, r0
1000052c:	3904      	subs	r1, #4
1000052e:	084c      	lsrs	r4, r1, #1
10000530:	0b09      	lsrs	r1, r1, #12
10000532:	d108      	bne.n	10000546 <insert_branch_and_link+0x1e>
10000534:	0549      	lsls	r1, r1, #21
10000536:	0d49      	lsrs	r1, r1, #21
10000538:	4a06      	ldr	r2, [pc, #24]	; (10000554 <insert_branch_and_link+0x2c>)
1000053a:	4311      	orrs	r1, r2
1000053c:	8001      	strh	r1, [r0, #0]
1000053e:	4b06      	ldr	r3, [pc, #24]	; (10000558 <insert_branch_and_link+0x30>)
10000540:	4323      	orrs	r3, r4
10000542:	8043      	strh	r3, [r0, #2]
10000544:	bd10      	pop	{r4, pc}
10000546:	4b05      	ldr	r3, [pc, #20]	; (1000055c <insert_branch_and_link+0x34>)
10000548:	4a05      	ldr	r2, [pc, #20]	; (10000560 <insert_branch_and_link+0x38>)
1000054a:	21ab      	movs	r1, #171	; 0xab
1000054c:	4805      	ldr	r0, [pc, #20]	; (10000564 <insert_branch_and_link+0x3c>)
1000054e:	f001 fcfb 	bl	10001f48 <__assert_func>
10000552:	46c0      	nop			; (mov r8, r8)
10000554:	fffff000 	.word	0xfffff000
10000558:	fffff800 	.word	0xfffff800
1000055c:	100041e4 	.word	0x100041e4
10000560:	1000439c 	.word	0x1000439c
10000564:	10004188 	.word	0x10004188

10000568 <irq_is_enabled>:
10000568:	2301      	movs	r3, #1
1000056a:	4083      	lsls	r3, r0
1000056c:	4a03      	ldr	r2, [pc, #12]	; (1000057c <irq_is_enabled+0x14>)
1000056e:	6810      	ldr	r0, [r2, #0]
10000570:	4018      	ands	r0, r3
10000572:	1e43      	subs	r3, r0, #1
10000574:	4198      	sbcs	r0, r3
10000576:	b2c0      	uxtb	r0, r0
10000578:	4770      	bx	lr
1000057a:	46c0      	nop			; (mov r8, r8)
1000057c:	e000e100 	.word	0xe000e100

10000580 <irq_set_mask_enabled>:
10000580:	2900      	cmp	r1, #0
10000582:	d004      	beq.n	1000058e <irq_set_mask_enabled+0xe>
10000584:	4b03      	ldr	r3, [pc, #12]	; (10000594 <irq_set_mask_enabled+0x14>)
10000586:	6018      	str	r0, [r3, #0]
10000588:	4b03      	ldr	r3, [pc, #12]	; (10000598 <irq_set_mask_enabled+0x18>)
1000058a:	6018      	str	r0, [r3, #0]
1000058c:	4770      	bx	lr
1000058e:	4b03      	ldr	r3, [pc, #12]	; (1000059c <irq_set_mask_enabled+0x1c>)
10000590:	6018      	str	r0, [r3, #0]
10000592:	e7fb      	b.n	1000058c <irq_set_mask_enabled+0xc>
10000594:	e000e280 	.word	0xe000e280
10000598:	e000e100 	.word	0xe000e100
1000059c:	e000e180 	.word	0xe000e180

100005a0 <irq_set_enabled>:
100005a0:	b510      	push	{r4, lr}
100005a2:	2301      	movs	r3, #1
100005a4:	4083      	lsls	r3, r0
100005a6:	0018      	movs	r0, r3
100005a8:	f7ff ffea 	bl	10000580 <irq_set_mask_enabled>
100005ac:	bd10      	pop	{r4, pc}
	...

100005b0 <irq_get_vtable_handler>:
100005b0:	4b02      	ldr	r3, [pc, #8]	; (100005bc <irq_get_vtable_handler+0xc>)
100005b2:	689b      	ldr	r3, [r3, #8]
100005b4:	3010      	adds	r0, #16
100005b6:	0080      	lsls	r0, r0, #2
100005b8:	58c0      	ldr	r0, [r0, r3]
100005ba:	4770      	bx	lr
100005bc:	e000ed00 	.word	0xe000ed00

100005c0 <irq_set_exclusive_handler>:
100005c0:	b570      	push	{r4, r5, r6, lr}
100005c2:	0004      	movs	r4, r0
100005c4:	000d      	movs	r5, r1
100005c6:	f3ef 8610 	mrs	r6, PRIMASK
100005ca:	b672      	cpsid	i
100005cc:	4b0c      	ldr	r3, [pc, #48]	; (10000600 <irq_set_exclusive_handler+0x40>)
100005ce:	681b      	ldr	r3, [r3, #0]
100005d0:	2b00      	cmp	r3, #0
100005d2:	d0fb      	beq.n	100005cc <irq_set_exclusive_handler+0xc>
100005d4:	f3bf 8f5f 	dmb	sy
100005d8:	0020      	movs	r0, r4
100005da:	f7ff ffe9 	bl	100005b0 <irq_get_vtable_handler>
100005de:	4b09      	ldr	r3, [pc, #36]	; (10000604 <irq_set_exclusive_handler+0x44>)
100005e0:	4298      	cmp	r0, r3
100005e2:	d001      	beq.n	100005e8 <irq_set_exclusive_handler+0x28>
100005e4:	42a8      	cmp	r0, r5
100005e6:	d105      	bne.n	100005f4 <irq_set_exclusive_handler+0x34>
100005e8:	0032      	movs	r2, r6
100005ea:	0029      	movs	r1, r5
100005ec:	0020      	movs	r0, r4
100005ee:	f7ff ff63 	bl	100004b8 <set_raw_irq_handler_and_unlock>
100005f2:	bd70      	pop	{r4, r5, r6, pc}
100005f4:	4b04      	ldr	r3, [pc, #16]	; (10000608 <irq_set_exclusive_handler+0x48>)
100005f6:	4a05      	ldr	r2, [pc, #20]	; (1000060c <irq_set_exclusive_handler+0x4c>)
100005f8:	2186      	movs	r1, #134	; 0x86
100005fa:	4805      	ldr	r0, [pc, #20]	; (10000610 <irq_set_exclusive_handler+0x50>)
100005fc:	f001 fca4 	bl	10001f48 <__assert_func>
10000600:	d0000124 	.word	0xd0000124
10000604:	100001cd 	.word	0x100001cd
10000608:	100041f4 	.word	0x100041f4
1000060c:	100043e4 	.word	0x100043e4
10000610:	10004188 	.word	0x10004188

10000614 <irq_remove_handler>:
10000614:	b5f0      	push	{r4, r5, r6, r7, lr}
10000616:	46ce      	mov	lr, r9
10000618:	4647      	mov	r7, r8
1000061a:	b580      	push	{r7, lr}
1000061c:	b083      	sub	sp, #12
1000061e:	0006      	movs	r6, r0
10000620:	000d      	movs	r5, r1
10000622:	f3ef 8810 	mrs	r8, PRIMASK
10000626:	b672      	cpsid	i
10000628:	4b56      	ldr	r3, [pc, #344]	; (10000784 <irq_remove_handler+0x170>)
1000062a:	681b      	ldr	r3, [r3, #0]
1000062c:	2b00      	cmp	r3, #0
1000062e:	d0fb      	beq.n	10000628 <irq_remove_handler+0x14>
10000630:	f3bf 8f5f 	dmb	sy
10000634:	4b54      	ldr	r3, [pc, #336]	; (10000788 <irq_remove_handler+0x174>)
10000636:	689a      	ldr	r2, [r3, #8]
10000638:	0034      	movs	r4, r6
1000063a:	3410      	adds	r4, #16
1000063c:	00a3      	lsls	r3, r4, #2
1000063e:	58d7      	ldr	r7, [r2, r3]
10000640:	4b52      	ldr	r3, [pc, #328]	; (1000078c <irq_remove_handler+0x178>)
10000642:	429f      	cmp	r7, r3
10000644:	d007      	beq.n	10000656 <irq_remove_handler+0x42>
10000646:	42af      	cmp	r7, r5
10000648:	d100      	bne.n	1000064c <irq_remove_handler+0x38>
1000064a:	e098      	b.n	1000077e <irq_remove_handler+0x16a>
1000064c:	9701      	str	r7, [sp, #4]
1000064e:	4b50      	ldr	r3, [pc, #320]	; (10000790 <irq_remove_handler+0x17c>)
10000650:	1afb      	subs	r3, r7, r3
10000652:	2b2f      	cmp	r3, #47	; 0x2f
10000654:	d909      	bls.n	1000066a <irq_remove_handler+0x56>
10000656:	4642      	mov	r2, r8
10000658:	0039      	movs	r1, r7
1000065a:	0030      	movs	r0, r6
1000065c:	f7ff ff2c 	bl	100004b8 <set_raw_irq_handler_and_unlock>
10000660:	b003      	add	sp, #12
10000662:	bcc0      	pop	{r6, r7}
10000664:	46b9      	mov	r9, r7
10000666:	46b0      	mov	r8, r6
10000668:	bdf0      	pop	{r4, r5, r6, r7, pc}
1000066a:	0030      	movs	r0, r6
1000066c:	f7ff ff7c 	bl	10000568 <irq_is_enabled>
10000670:	4681      	mov	r9, r0
10000672:	2100      	movs	r1, #0
10000674:	0030      	movs	r0, r6
10000676:	f7ff ff93 	bl	100005a0 <irq_set_enabled>
1000067a:	f3bf 8f5f 	dmb	sy
1000067e:	f3ef 8105 	mrs	r1, IPSR
10000682:	2900      	cmp	r1, #0
10000684:	d001      	beq.n	1000068a <irq_remove_handler+0x76>
10000686:	428c      	cmp	r4, r1
10000688:	d111      	bne.n	100006ae <irq_remove_handler+0x9a>
1000068a:	2301      	movs	r3, #1
1000068c:	9c01      	ldr	r4, [sp, #4]
1000068e:	439c      	bics	r4, r3
10000690:	2200      	movs	r2, #0
10000692:	68a3      	ldr	r3, [r4, #8]
10000694:	42ab      	cmp	r3, r5
10000696:	d012      	beq.n	100006be <irq_remove_handler+0xaa>
10000698:	2206      	movs	r2, #6
1000069a:	56a2      	ldrsb	r2, [r4, r2]
1000069c:	2a00      	cmp	r2, #0
1000069e:	db0d      	blt.n	100006bc <irq_remove_handler+0xa8>
100006a0:	0053      	lsls	r3, r2, #1
100006a2:	189b      	adds	r3, r3, r2
100006a4:	009b      	lsls	r3, r3, #2
100006a6:	0022      	movs	r2, r4
100006a8:	4c39      	ldr	r4, [pc, #228]	; (10000790 <irq_remove_handler+0x17c>)
100006aa:	18e4      	adds	r4, r4, r3
100006ac:	e7f1      	b.n	10000692 <irq_remove_handler+0x7e>
100006ae:	2136      	movs	r1, #54	; 0x36
100006b0:	4b38      	ldr	r3, [pc, #224]	; (10000794 <irq_remove_handler+0x180>)
100006b2:	4a39      	ldr	r2, [pc, #228]	; (10000798 <irq_remove_handler+0x184>)
100006b4:	31ff      	adds	r1, #255	; 0xff
100006b6:	4839      	ldr	r0, [pc, #228]	; (1000079c <irq_remove_handler+0x188>)
100006b8:	f001 fc46 	bl	10001f48 <__assert_func>
100006bc:	0022      	movs	r2, r4
100006be:	42ab      	cmp	r3, r5
100006c0:	d156      	bne.n	10000770 <irq_remove_handler+0x15c>
100006c2:	2506      	movs	r5, #6
100006c4:	5765      	ldrsb	r5, [r4, r5]
100006c6:	2d00      	cmp	r5, #0
100006c8:	db38      	blt.n	1000073c <irq_remove_handler+0x128>
100006ca:	006b      	lsls	r3, r5, #1
100006cc:	195b      	adds	r3, r3, r5
100006ce:	009a      	lsls	r2, r3, #2
100006d0:	4b2f      	ldr	r3, [pc, #188]	; (10000790 <irq_remove_handler+0x17c>)
100006d2:	189b      	adds	r3, r3, r2
100006d4:	689a      	ldr	r2, [r3, #8]
100006d6:	60a2      	str	r2, [r4, #8]
100006d8:	79da      	ldrb	r2, [r3, #7]
100006da:	71e2      	strb	r2, [r4, #7]
100006dc:	2206      	movs	r2, #6
100006de:	569a      	ldrsb	r2, [r3, r2]
100006e0:	71a2      	strb	r2, [r4, #6]
100006e2:	799b      	ldrb	r3, [r3, #6]
100006e4:	b25b      	sxtb	r3, r3
100006e6:	2b00      	cmp	r3, #0
100006e8:	da0f      	bge.n	1000070a <irq_remove_handler+0xf6>
100006ea:	482d      	ldr	r0, [pc, #180]	; (100007a0 <irq_remove_handler+0x18c>)
100006ec:	80a0      	strh	r0, [r4, #4]
100006ee:	006b      	lsls	r3, r5, #1
100006f0:	195b      	adds	r3, r3, r5
100006f2:	009b      	lsls	r3, r3, #2
100006f4:	4a26      	ldr	r2, [pc, #152]	; (10000790 <irq_remove_handler+0x17c>)
100006f6:	18d3      	adds	r3, r2, r3
100006f8:	4a2a      	ldr	r2, [pc, #168]	; (100007a4 <irq_remove_handler+0x190>)
100006fa:	7811      	ldrb	r1, [r2, #0]
100006fc:	7199      	strb	r1, [r3, #6]
100006fe:	7015      	strb	r5, [r2, #0]
10000700:	4649      	mov	r1, r9
10000702:	0030      	movs	r0, r6
10000704:	f7ff ff4c 	bl	100005a0 <irq_set_enabled>
10000708:	e7a5      	b.n	10000656 <irq_remove_handler+0x42>
1000070a:	1d20      	adds	r0, r4, #4
1000070c:	006b      	lsls	r3, r5, #1
1000070e:	195b      	adds	r3, r3, r5
10000710:	009b      	lsls	r3, r3, #2
10000712:	4a1f      	ldr	r2, [pc, #124]	; (10000790 <irq_remove_handler+0x17c>)
10000714:	189b      	adds	r3, r3, r2
10000716:	1d1a      	adds	r2, r3, #4
10000718:	889b      	ldrh	r3, [r3, #4]
1000071a:	0ad9      	lsrs	r1, r3, #11
1000071c:	291c      	cmp	r1, #28
1000071e:	d107      	bne.n	10000730 <irq_remove_handler+0x11c>
10000720:	055b      	lsls	r3, r3, #21
10000722:	155b      	asrs	r3, r3, #21
10000724:	3302      	adds	r3, #2
10000726:	0059      	lsls	r1, r3, #1
10000728:	1851      	adds	r1, r2, r1
1000072a:	f7ff fed9 	bl	100004e0 <make_branch>
1000072e:	e7dd      	b.n	100006ec <irq_remove_handler+0xd8>
10000730:	4b1d      	ldr	r3, [pc, #116]	; (100007a8 <irq_remove_handler+0x194>)
10000732:	4a1e      	ldr	r2, [pc, #120]	; (100007ac <irq_remove_handler+0x198>)
10000734:	21b1      	movs	r1, #177	; 0xb1
10000736:	4819      	ldr	r0, [pc, #100]	; (1000079c <irq_remove_handler+0x188>)
10000738:	f001 fc06 	bl	10001f48 <__assert_func>
1000073c:	2900      	cmp	r1, #0
1000073e:	d112      	bne.n	10000766 <irq_remove_handler+0x152>
10000740:	2a00      	cmp	r2, #0
10000742:	d00e      	beq.n	10000762 <irq_remove_handler+0x14e>
10000744:	23ff      	movs	r3, #255	; 0xff
10000746:	7193      	strb	r3, [r2, #6]
10000748:	4b19      	ldr	r3, [pc, #100]	; (100007b0 <irq_remove_handler+0x19c>)
1000074a:	8093      	strh	r3, [r2, #4]
1000074c:	4a15      	ldr	r2, [pc, #84]	; (100007a4 <irq_remove_handler+0x190>)
1000074e:	7813      	ldrb	r3, [r2, #0]
10000750:	71a3      	strb	r3, [r4, #6]
10000752:	4b18      	ldr	r3, [pc, #96]	; (100007b4 <irq_remove_handler+0x1a0>)
10000754:	490e      	ldr	r1, [pc, #56]	; (10000790 <irq_remove_handler+0x17c>)
10000756:	1a64      	subs	r4, r4, r1
10000758:	4164      	adcs	r4, r4
1000075a:	4363      	muls	r3, r4
1000075c:	0d1b      	lsrs	r3, r3, #20
1000075e:	7013      	strb	r3, [r2, #0]
10000760:	e7ce      	b.n	10000700 <irq_remove_handler+0xec>
10000762:	4f0a      	ldr	r7, [pc, #40]	; (1000078c <irq_remove_handler+0x178>)
10000764:	e7f2      	b.n	1000074c <irq_remove_handler+0x138>
10000766:	1d20      	adds	r0, r4, #4
10000768:	4913      	ldr	r1, [pc, #76]	; (100007b8 <irq_remove_handler+0x1a4>)
1000076a:	f7ff fedd 	bl	10000528 <insert_branch_and_link>
1000076e:	e7c7      	b.n	10000700 <irq_remove_handler+0xec>
10000770:	216a      	movs	r1, #106	; 0x6a
10000772:	4b12      	ldr	r3, [pc, #72]	; (100007bc <irq_remove_handler+0x1a8>)
10000774:	4a08      	ldr	r2, [pc, #32]	; (10000798 <irq_remove_handler+0x184>)
10000776:	31ff      	adds	r1, #255	; 0xff
10000778:	4808      	ldr	r0, [pc, #32]	; (1000079c <irq_remove_handler+0x188>)
1000077a:	f001 fbe5 	bl	10001f48 <__assert_func>
1000077e:	4f03      	ldr	r7, [pc, #12]	; (1000078c <irq_remove_handler+0x178>)
10000780:	e769      	b.n	10000656 <irq_remove_handler+0x42>
10000782:	46c0      	nop			; (mov r8, r8)
10000784:	d0000124 	.word	0xd0000124
10000788:	e000ed00 	.word	0xe000ed00
1000078c:	100001cd 	.word	0x100001cd
10000790:	2000023c 	.word	0x2000023c
10000794:	10004308 	.word	0x10004308
10000798:	100043b4 	.word	0x100043b4
1000079c:	10004188 	.word	0x10004188
100007a0:	0000bd01 	.word	0x0000bd01
100007a4:	200006dd 	.word	0x200006dd
100007a8:	100042f0 	.word	0x100042f0
100007ac:	100043d4 	.word	0x100043d4
100007b0:	ffffbd01 	.word	0xffffbd01
100007b4:	0000aaaa 	.word	0x0000aaaa
100007b8:	20000276 	.word	0x20000276
100007bc:	1000433c 	.word	0x1000433c

100007c0 <irq_add_tail_to_free_list>:
100007c0:	b570      	push	{r4, r5, r6, lr}
100007c2:	2101      	movs	r1, #1
100007c4:	4301      	orrs	r1, r0
100007c6:	4b2e      	ldr	r3, [pc, #184]	; (10000880 <irq_add_tail_to_free_list+0xc0>)
100007c8:	1acb      	subs	r3, r1, r3
100007ca:	2b2f      	cmp	r3, #47	; 0x2f
100007cc:	d828      	bhi.n	10000820 <irq_add_tail_to_free_list+0x60>
100007ce:	f3ef 8305 	mrs	r3, IPSR
100007d2:	2b00      	cmp	r3, #0
100007d4:	d02b      	beq.n	1000082e <irq_add_tail_to_free_list+0x6e>
100007d6:	f3ef 8c10 	mrs	ip, PRIMASK
100007da:	b672      	cpsid	i
100007dc:	4a29      	ldr	r2, [pc, #164]	; (10000884 <irq_add_tail_to_free_list+0xc4>)
100007de:	6812      	ldr	r2, [r2, #0]
100007e0:	2a00      	cmp	r2, #0
100007e2:	d0fb      	beq.n	100007dc <irq_add_tail_to_free_list+0x1c>
100007e4:	f3bf 8f5f 	dmb	sy
100007e8:	4a27      	ldr	r2, [pc, #156]	; (10000888 <irq_add_tail_to_free_list+0xc8>)
100007ea:	0004      	movs	r4, r0
100007ec:	4d24      	ldr	r5, [pc, #144]	; (10000880 <irq_add_tail_to_free_list+0xc0>)
100007ee:	1b64      	subs	r4, r4, r5
100007f0:	4164      	adcs	r4, r4
100007f2:	4362      	muls	r2, r4
100007f4:	0d12      	lsrs	r2, r2, #20
100007f6:	b254      	sxtb	r4, r2
100007f8:	4a24      	ldr	r2, [pc, #144]	; (1000088c <irq_add_tail_to_free_list+0xcc>)
100007fa:	6892      	ldr	r2, [r2, #8]
100007fc:	009b      	lsls	r3, r3, #2
100007fe:	58d2      	ldr	r2, [r2, r3]
10000800:	428a      	cmp	r2, r1
10000802:	d01b      	beq.n	1000083c <irq_add_tail_to_free_list+0x7c>
10000804:	2200      	movs	r2, #0
10000806:	2a03      	cmp	r2, #3
10000808:	d832      	bhi.n	10000870 <irq_add_tail_to_free_list+0xb0>
1000080a:	0053      	lsls	r3, r2, #1
1000080c:	189b      	adds	r3, r3, r2
1000080e:	009b      	lsls	r3, r3, #2
10000810:	491b      	ldr	r1, [pc, #108]	; (10000880 <irq_add_tail_to_free_list+0xc0>)
10000812:	18cb      	adds	r3, r1, r3
10000814:	799b      	ldrb	r3, [r3, #6]
10000816:	b25b      	sxtb	r3, r3
10000818:	42a3      	cmp	r3, r4
1000081a:	d01f      	beq.n	1000085c <irq_add_tail_to_free_list+0x9c>
1000081c:	3201      	adds	r2, #1
1000081e:	e7f2      	b.n	10000806 <irq_add_tail_to_free_list+0x46>
10000820:	21c7      	movs	r1, #199	; 0xc7
10000822:	4b1b      	ldr	r3, [pc, #108]	; (10000890 <irq_add_tail_to_free_list+0xd0>)
10000824:	4a1b      	ldr	r2, [pc, #108]	; (10000894 <irq_add_tail_to_free_list+0xd4>)
10000826:	0049      	lsls	r1, r1, #1
10000828:	481b      	ldr	r0, [pc, #108]	; (10000898 <irq_add_tail_to_free_list+0xd8>)
1000082a:	f001 fb8d 	bl	10001f48 <__assert_func>
1000082e:	2192      	movs	r1, #146	; 0x92
10000830:	4b1a      	ldr	r3, [pc, #104]	; (1000089c <irq_add_tail_to_free_list+0xdc>)
10000832:	4a18      	ldr	r2, [pc, #96]	; (10000894 <irq_add_tail_to_free_list+0xd4>)
10000834:	31ff      	adds	r1, #255	; 0xff
10000836:	4818      	ldr	r0, [pc, #96]	; (10000898 <irq_add_tail_to_free_list+0xd8>)
10000838:	f001 fb86 	bl	10001f48 <__assert_func>
1000083c:	4a13      	ldr	r2, [pc, #76]	; (1000088c <irq_add_tail_to_free_list+0xcc>)
1000083e:	6892      	ldr	r2, [r2, #8]
10000840:	4917      	ldr	r1, [pc, #92]	; (100008a0 <irq_add_tail_to_free_list+0xe0>)
10000842:	50d1      	str	r1, [r2, r3]
10000844:	4b17      	ldr	r3, [pc, #92]	; (100008a4 <irq_add_tail_to_free_list+0xe4>)
10000846:	781a      	ldrb	r2, [r3, #0]
10000848:	7182      	strb	r2, [r0, #6]
1000084a:	701c      	strb	r4, [r3, #0]
1000084c:	f3bf 8f5f 	dmb	sy
10000850:	4b0c      	ldr	r3, [pc, #48]	; (10000884 <irq_add_tail_to_free_list+0xc4>)
10000852:	2200      	movs	r2, #0
10000854:	601a      	str	r2, [r3, #0]
10000856:	f38c 8810 	msr	PRIMASK, ip
1000085a:	bd70      	pop	{r4, r5, r6, pc}
1000085c:	000d      	movs	r5, r1
1000085e:	0053      	lsls	r3, r2, #1
10000860:	1899      	adds	r1, r3, r2
10000862:	0089      	lsls	r1, r1, #2
10000864:	1869      	adds	r1, r5, r1
10000866:	26ff      	movs	r6, #255	; 0xff
10000868:	718e      	strb	r6, [r1, #6]
1000086a:	4a0f      	ldr	r2, [pc, #60]	; (100008a8 <irq_add_tail_to_free_list+0xe8>)
1000086c:	808a      	strh	r2, [r1, #4]
1000086e:	e7e9      	b.n	10000844 <irq_add_tail_to_free_list+0x84>
10000870:	21d1      	movs	r1, #209	; 0xd1
10000872:	4b0e      	ldr	r3, [pc, #56]	; (100008ac <irq_add_tail_to_free_list+0xec>)
10000874:	4a07      	ldr	r2, [pc, #28]	; (10000894 <irq_add_tail_to_free_list+0xd4>)
10000876:	0049      	lsls	r1, r1, #1
10000878:	4807      	ldr	r0, [pc, #28]	; (10000898 <irq_add_tail_to_free_list+0xd8>)
1000087a:	f001 fb65 	bl	10001f48 <__assert_func>
1000087e:	46c0      	nop			; (mov r8, r8)
10000880:	2000023c 	.word	0x2000023c
10000884:	d0000124 	.word	0xd0000124
10000888:	0000aaaa 	.word	0x0000aaaa
1000088c:	e000ed00 	.word	0xe000ed00
10000890:	10004344 	.word	0x10004344
10000894:	10004380 	.word	0x10004380
10000898:	10004188 	.word	0x10004188
1000089c:	1000436c 	.word	0x1000436c
100008a0:	100001cd 	.word	0x100001cd
100008a4:	200006dd 	.word	0x200006dd
100008a8:	ffffbd01 	.word	0xffffbd01
100008ac:	10004378 	.word	0x10004378

100008b0 <irq_init_priorities>:
100008b0:	2200      	movs	r2, #0
100008b2:	4b04      	ldr	r3, [pc, #16]	; (100008c4 <irq_init_priorities+0x14>)
100008b4:	e002      	b.n	100008bc <irq_init_priorities+0xc>
100008b6:	4904      	ldr	r1, [pc, #16]	; (100008c8 <irq_init_priorities+0x18>)
100008b8:	c302      	stmia	r3!, {r1}
100008ba:	3201      	adds	r2, #1
100008bc:	2a07      	cmp	r2, #7
100008be:	d9fa      	bls.n	100008b6 <irq_init_priorities+0x6>
100008c0:	4770      	bx	lr
100008c2:	46c0      	nop			; (mov r8, r8)
100008c4:	e000e400 	.word	0xe000e400
100008c8:	80808080 	.word	0x80808080

100008cc <lock_init>:
100008cc:	4b02      	ldr	r3, [pc, #8]	; (100008d8 <lock_init+0xc>)
100008ce:	469c      	mov	ip, r3
100008d0:	4461      	add	r1, ip
100008d2:	0089      	lsls	r1, r1, #2
100008d4:	6001      	str	r1, [r0, #0]
100008d6:	4770      	bx	lr
100008d8:	34000040 	.word	0x34000040

100008dc <mutex_init>:
100008dc:	b510      	push	{r4, lr}
100008de:	0004      	movs	r4, r0
100008e0:	f7ff fddc 	bl	1000049c <next_striped_spin_lock_num>
100008e4:	0001      	movs	r1, r0
100008e6:	0020      	movs	r0, r4
100008e8:	f7ff fff0 	bl	100008cc <lock_init>
100008ec:	23ff      	movs	r3, #255	; 0xff
100008ee:	7123      	strb	r3, [r4, #4]
100008f0:	f3bf 8f5f 	dmb	sy
100008f4:	bd10      	pop	{r4, pc}

100008f6 <recursive_mutex_init>:
100008f6:	b510      	push	{r4, lr}
100008f8:	0004      	movs	r4, r0
100008fa:	f7ff fdcf 	bl	1000049c <next_striped_spin_lock_num>
100008fe:	0001      	movs	r1, r0
10000900:	0020      	movs	r0, r4
10000902:	f7ff ffe3 	bl	100008cc <lock_init>
10000906:	23ff      	movs	r3, #255	; 0xff
10000908:	7123      	strb	r3, [r4, #4]
1000090a:	2300      	movs	r3, #0
1000090c:	7163      	strb	r3, [r4, #5]
1000090e:	f3bf 8f5f 	dmb	sy
10000912:	bd10      	pop	{r4, pc}

10000914 <alarm_pool_post_alloc_init>:
10000914:	b570      	push	{r4, r5, r6, lr}
10000916:	0005      	movs	r5, r0
10000918:	000c      	movs	r4, r1
1000091a:	0008      	movs	r0, r1
1000091c:	f000 fe4a 	bl	100015b4 <hardware_alarm_cancel>
10000920:	4909      	ldr	r1, [pc, #36]	; (10000948 <alarm_pool_post_alloc_init+0x34>)
10000922:	0020      	movs	r0, r4
10000924:	f000 fd8a 	bl	1000143c <hardware_alarm_set_callback>
10000928:	f7ff fdb8 	bl	1000049c <next_striped_spin_lock_num>
1000092c:	4b07      	ldr	r3, [pc, #28]	; (1000094c <alarm_pool_post_alloc_init+0x38>)
1000092e:	469c      	mov	ip, r3
10000930:	4460      	add	r0, ip
10000932:	0080      	lsls	r0, r0, #2
10000934:	6068      	str	r0, [r5, #4]
10000936:	752c      	strb	r4, [r5, #20]
10000938:	23d0      	movs	r3, #208	; 0xd0
1000093a:	061b      	lsls	r3, r3, #24
1000093c:	781b      	ldrb	r3, [r3, #0]
1000093e:	756b      	strb	r3, [r5, #21]
10000940:	00a4      	lsls	r4, r4, #2
10000942:	4b03      	ldr	r3, [pc, #12]	; (10000950 <alarm_pool_post_alloc_init+0x3c>)
10000944:	50e5      	str	r5, [r4, r3]
10000946:	bd70      	pop	{r4, r5, r6, pc}
10000948:	10000c59 	.word	0x10000c59
1000094c:	34000040 	.word	0x34000040
10000950:	200004ac 	.word	0x200004ac

10000954 <sleep_until_callback>:
10000954:	4b0a      	ldr	r3, [pc, #40]	; (10000980 <sleep_until_callback+0x2c>)
10000956:	681a      	ldr	r2, [r3, #0]
10000958:	f3ef 8110 	mrs	r1, PRIMASK
1000095c:	b672      	cpsid	i
1000095e:	6813      	ldr	r3, [r2, #0]
10000960:	2b00      	cmp	r3, #0
10000962:	d0fc      	beq.n	1000095e <sleep_until_callback+0xa>
10000964:	f3bf 8f5f 	dmb	sy
10000968:	4b05      	ldr	r3, [pc, #20]	; (10000980 <sleep_until_callback+0x2c>)
1000096a:	681b      	ldr	r3, [r3, #0]
1000096c:	f3bf 8f5f 	dmb	sy
10000970:	2200      	movs	r2, #0
10000972:	601a      	str	r2, [r3, #0]
10000974:	f381 8810 	msr	PRIMASK, r1
10000978:	bf40      	sev
1000097a:	2000      	movs	r0, #0
1000097c:	2100      	movs	r1, #0
1000097e:	4770      	bx	lr
10000980:	200006c0 	.word	0x200006c0

10000984 <timer_pool_entry_comparator>:
10000984:	b510      	push	{r4, lr}
10000986:	2900      	cmp	r1, #0
10000988:	d022      	beq.n	100009d0 <timer_pool_entry_comparator+0x4c>
1000098a:	6803      	ldr	r3, [r0, #0]
1000098c:	7b1b      	ldrb	r3, [r3, #12]
1000098e:	4299      	cmp	r1, r3
10000990:	d81e      	bhi.n	100009d0 <timer_pool_entry_comparator+0x4c>
10000992:	4b17      	ldr	r3, [pc, #92]	; (100009f0 <timer_pool_entry_comparator+0x6c>)
10000994:	469c      	mov	ip, r3
10000996:	4461      	add	r1, ip
10000998:	0109      	lsls	r1, r1, #4
1000099a:	6883      	ldr	r3, [r0, #8]
1000099c:	469c      	mov	ip, r3
1000099e:	4461      	add	r1, ip
100009a0:	680c      	ldr	r4, [r1, #0]
100009a2:	6849      	ldr	r1, [r1, #4]
100009a4:	2a00      	cmp	r2, #0
100009a6:	d019      	beq.n	100009dc <timer_pool_entry_comparator+0x58>
100009a8:	6803      	ldr	r3, [r0, #0]
100009aa:	7b1b      	ldrb	r3, [r3, #12]
100009ac:	429a      	cmp	r2, r3
100009ae:	d815      	bhi.n	100009dc <timer_pool_entry_comparator+0x58>
100009b0:	6883      	ldr	r3, [r0, #8]
100009b2:	480f      	ldr	r0, [pc, #60]	; (100009f0 <timer_pool_entry_comparator+0x6c>)
100009b4:	4684      	mov	ip, r0
100009b6:	4462      	add	r2, ip
100009b8:	0112      	lsls	r2, r2, #4
100009ba:	189a      	adds	r2, r3, r2
100009bc:	6810      	ldr	r0, [r2, #0]
100009be:	6853      	ldr	r3, [r2, #4]
100009c0:	0002      	movs	r2, r0
100009c2:	2001      	movs	r0, #1
100009c4:	428b      	cmp	r3, r1
100009c6:	d801      	bhi.n	100009cc <timer_pool_entry_comparator+0x48>
100009c8:	d00e      	beq.n	100009e8 <timer_pool_entry_comparator+0x64>
100009ca:	2000      	movs	r0, #0
100009cc:	b2c0      	uxtb	r0, r0
100009ce:	bd10      	pop	{r4, pc}
100009d0:	4b08      	ldr	r3, [pc, #32]	; (100009f4 <timer_pool_entry_comparator+0x70>)
100009d2:	4a09      	ldr	r2, [pc, #36]	; (100009f8 <timer_pool_entry_comparator+0x74>)
100009d4:	213c      	movs	r1, #60	; 0x3c
100009d6:	4809      	ldr	r0, [pc, #36]	; (100009fc <timer_pool_entry_comparator+0x78>)
100009d8:	f001 fab6 	bl	10001f48 <__assert_func>
100009dc:	4b05      	ldr	r3, [pc, #20]	; (100009f4 <timer_pool_entry_comparator+0x70>)
100009de:	4a06      	ldr	r2, [pc, #24]	; (100009f8 <timer_pool_entry_comparator+0x74>)
100009e0:	213c      	movs	r1, #60	; 0x3c
100009e2:	4806      	ldr	r0, [pc, #24]	; (100009fc <timer_pool_entry_comparator+0x78>)
100009e4:	f001 fab0 	bl	10001f48 <__assert_func>
100009e8:	42a2      	cmp	r2, r4
100009ea:	d8ef      	bhi.n	100009cc <timer_pool_entry_comparator+0x48>
100009ec:	e7ed      	b.n	100009ca <timer_pool_entry_comparator+0x46>
100009ee:	46c0      	nop			; (mov r8, r8)
100009f0:	0fffffff 	.word	0x0fffffff
100009f4:	100045b4 	.word	0x100045b4
100009f8:	100047e4 	.word	0x100047e4
100009fc:	10004560 	.word	0x10004560

10000a00 <ph_add_child_node>:
10000a00:	b510      	push	{r4, lr}
10000a02:	2900      	cmp	r1, #0
10000a04:	d01e      	beq.n	10000a44 <ph_add_child_node+0x44>
10000a06:	7b03      	ldrb	r3, [r0, #12]
10000a08:	4299      	cmp	r1, r3
10000a0a:	d81b      	bhi.n	10000a44 <ph_add_child_node+0x44>
10000a0c:	004b      	lsls	r3, r1, #1
10000a0e:	185b      	adds	r3, r3, r1
10000a10:	3b03      	subs	r3, #3
10000a12:	6804      	ldr	r4, [r0, #0]
10000a14:	46a4      	mov	ip, r4
10000a16:	4463      	add	r3, ip
10000a18:	2900      	cmp	r1, #0
10000a1a:	d019      	beq.n	10000a50 <ph_add_child_node+0x50>
10000a1c:	2a00      	cmp	r2, #0
10000a1e:	d01d      	beq.n	10000a5c <ph_add_child_node+0x5c>
10000a20:	4291      	cmp	r1, r2
10000a22:	d021      	beq.n	10000a68 <ph_add_child_node+0x68>
10000a24:	2a00      	cmp	r2, #0
10000a26:	d025      	beq.n	10000a74 <ph_add_child_node+0x74>
10000a28:	7b04      	ldrb	r4, [r0, #12]
10000a2a:	42a2      	cmp	r2, r4
10000a2c:	d822      	bhi.n	10000a74 <ph_add_child_node+0x74>
10000a2e:	6804      	ldr	r4, [r0, #0]
10000a30:	0050      	lsls	r0, r2, #1
10000a32:	1880      	adds	r0, r0, r2
10000a34:	3803      	subs	r0, #3
10000a36:	1820      	adds	r0, r4, r0
10000a38:	7081      	strb	r1, [r0, #2]
10000a3a:	7819      	ldrb	r1, [r3, #0]
10000a3c:	2900      	cmp	r1, #0
10000a3e:	d11f      	bne.n	10000a80 <ph_add_child_node+0x80>
10000a40:	701a      	strb	r2, [r3, #0]
10000a42:	bd10      	pop	{r4, pc}
10000a44:	4b10      	ldr	r3, [pc, #64]	; (10000a88 <ph_add_child_node+0x88>)
10000a46:	4a11      	ldr	r2, [pc, #68]	; (10000a8c <ph_add_child_node+0x8c>)
10000a48:	2168      	movs	r1, #104	; 0x68
10000a4a:	4811      	ldr	r0, [pc, #68]	; (10000a90 <ph_add_child_node+0x90>)
10000a4c:	f001 fa7c 	bl	10001f48 <__assert_func>
10000a50:	4b10      	ldr	r3, [pc, #64]	; (10000a94 <ph_add_child_node+0x94>)
10000a52:	4a11      	ldr	r2, [pc, #68]	; (10000a98 <ph_add_child_node+0x98>)
10000a54:	316f      	adds	r1, #111	; 0x6f
10000a56:	480e      	ldr	r0, [pc, #56]	; (10000a90 <ph_add_child_node+0x90>)
10000a58:	f001 fa76 	bl	10001f48 <__assert_func>
10000a5c:	4b0f      	ldr	r3, [pc, #60]	; (10000a9c <ph_add_child_node+0x9c>)
10000a5e:	4a0e      	ldr	r2, [pc, #56]	; (10000a98 <ph_add_child_node+0x98>)
10000a60:	2170      	movs	r1, #112	; 0x70
10000a62:	480b      	ldr	r0, [pc, #44]	; (10000a90 <ph_add_child_node+0x90>)
10000a64:	f001 fa70 	bl	10001f48 <__assert_func>
10000a68:	4b0d      	ldr	r3, [pc, #52]	; (10000aa0 <ph_add_child_node+0xa0>)
10000a6a:	4a0b      	ldr	r2, [pc, #44]	; (10000a98 <ph_add_child_node+0x98>)
10000a6c:	2171      	movs	r1, #113	; 0x71
10000a6e:	4808      	ldr	r0, [pc, #32]	; (10000a90 <ph_add_child_node+0x90>)
10000a70:	f001 fa6a 	bl	10001f48 <__assert_func>
10000a74:	4b04      	ldr	r3, [pc, #16]	; (10000a88 <ph_add_child_node+0x88>)
10000a76:	4a05      	ldr	r2, [pc, #20]	; (10000a8c <ph_add_child_node+0x8c>)
10000a78:	2168      	movs	r1, #104	; 0x68
10000a7a:	4805      	ldr	r0, [pc, #20]	; (10000a90 <ph_add_child_node+0x90>)
10000a7c:	f001 fa64 	bl	10001f48 <__assert_func>
10000a80:	7041      	strb	r1, [r0, #1]
10000a82:	701a      	strb	r2, [r3, #0]
10000a84:	e7dd      	b.n	10000a42 <ph_add_child_node+0x42>
10000a86:	46c0      	nop			; (mov r8, r8)
10000a88:	100045d8 	.word	0x100045d8
10000a8c:	10004850 	.word	0x10004850
10000a90:	100045f4 	.word	0x100045f4
10000a94:	1000465c 	.word	0x1000465c
10000a98:	1000482c 	.word	0x1000482c
10000a9c:	10004668 	.word	0x10004668
10000aa0:	10004674 	.word	0x10004674

10000aa4 <ph_merge_nodes>:
10000aa4:	b570      	push	{r4, r5, r6, lr}
10000aa6:	0006      	movs	r6, r0
10000aa8:	000d      	movs	r5, r1
10000aaa:	0014      	movs	r4, r2
10000aac:	2900      	cmp	r1, #0
10000aae:	d014      	beq.n	10000ada <ph_merge_nodes+0x36>
10000ab0:	2a00      	cmp	r2, #0
10000ab2:	d014      	beq.n	10000ade <ph_merge_nodes+0x3a>
10000ab4:	6880      	ldr	r0, [r0, #8]
10000ab6:	6873      	ldr	r3, [r6, #4]
10000ab8:	4798      	blx	r3
10000aba:	2800      	cmp	r0, #0
10000abc:	d006      	beq.n	10000acc <ph_merge_nodes+0x28>
10000abe:	0022      	movs	r2, r4
10000ac0:	0029      	movs	r1, r5
10000ac2:	0030      	movs	r0, r6
10000ac4:	f7ff ff9c 	bl	10000a00 <ph_add_child_node>
10000ac8:	0028      	movs	r0, r5
10000aca:	e007      	b.n	10000adc <ph_merge_nodes+0x38>
10000acc:	002a      	movs	r2, r5
10000ace:	0021      	movs	r1, r4
10000ad0:	0030      	movs	r0, r6
10000ad2:	f7ff ff95 	bl	10000a00 <ph_add_child_node>
10000ad6:	0020      	movs	r0, r4
10000ad8:	e000      	b.n	10000adc <ph_merge_nodes+0x38>
10000ada:	0010      	movs	r0, r2
10000adc:	bd70      	pop	{r4, r5, r6, pc}
10000ade:	0008      	movs	r0, r1
10000ae0:	e7fc      	b.n	10000adc <ph_merge_nodes+0x38>
	...

10000ae4 <add_alarm_under_lock>:
10000ae4:	b5f0      	push	{r4, r5, r6, r7, lr}
10000ae6:	b083      	sub	sp, #12
10000ae8:	0005      	movs	r5, r0
10000aea:	9200      	str	r2, [sp, #0]
10000aec:	9301      	str	r3, [sp, #4]
10000aee:	ab0a      	add	r3, sp, #40	; 0x28
10000af0:	781c      	ldrb	r4, [r3, #0]
10000af2:	ab0b      	add	r3, sp, #44	; 0x2c
10000af4:	781f      	ldrb	r7, [r3, #0]
10000af6:	2c00      	cmp	r4, #0
10000af8:	d026      	beq.n	10000b48 <add_alarm_under_lock+0x64>
10000afa:	6803      	ldr	r3, [r0, #0]
10000afc:	7b5a      	ldrb	r2, [r3, #13]
10000afe:	4294      	cmp	r4, r2
10000b00:	d107      	bne.n	10000b12 <add_alarm_under_lock+0x2e>
10000b02:	2301      	movs	r3, #1
10000b04:	2b00      	cmp	r3, #0
10000b06:	d119      	bne.n	10000b3c <add_alarm_under_lock+0x58>
10000b08:	2c00      	cmp	r4, #0
10000b0a:	d13b      	bne.n	10000b84 <add_alarm_under_lock+0xa0>
10000b0c:	0020      	movs	r0, r4
10000b0e:	b003      	add	sp, #12
10000b10:	bdf0      	pop	{r4, r5, r6, r7, pc}
10000b12:	2c00      	cmp	r4, #0
10000b14:	d00c      	beq.n	10000b30 <add_alarm_under_lock+0x4c>
10000b16:	7b1a      	ldrb	r2, [r3, #12]
10000b18:	4294      	cmp	r4, r2
10000b1a:	d809      	bhi.n	10000b30 <add_alarm_under_lock+0x4c>
10000b1c:	681a      	ldr	r2, [r3, #0]
10000b1e:	0063      	lsls	r3, r4, #1
10000b20:	191b      	adds	r3, r3, r4
10000b22:	3b03      	subs	r3, #3
10000b24:	18d3      	adds	r3, r2, r3
10000b26:	789b      	ldrb	r3, [r3, #2]
10000b28:	2b00      	cmp	r3, #0
10000b2a:	d0eb      	beq.n	10000b04 <add_alarm_under_lock+0x20>
10000b2c:	2301      	movs	r3, #1
10000b2e:	e7e9      	b.n	10000b04 <add_alarm_under_lock+0x20>
10000b30:	4b3e      	ldr	r3, [pc, #248]	; (10000c2c <add_alarm_under_lock+0x148>)
10000b32:	4a3f      	ldr	r2, [pc, #252]	; (10000c30 <add_alarm_under_lock+0x14c>)
10000b34:	2168      	movs	r1, #104	; 0x68
10000b36:	483f      	ldr	r0, [pc, #252]	; (10000c34 <add_alarm_under_lock+0x150>)
10000b38:	f001 fa06 	bl	10001f48 <__assert_func>
10000b3c:	4b3e      	ldr	r3, [pc, #248]	; (10000c38 <add_alarm_under_lock+0x154>)
10000b3e:	4a3f      	ldr	r2, [pc, #252]	; (10000c3c <add_alarm_under_lock+0x158>)
10000b40:	2167      	movs	r1, #103	; 0x67
10000b42:	483f      	ldr	r0, [pc, #252]	; (10000c40 <add_alarm_under_lock+0x15c>)
10000b44:	f001 fa00 	bl	10001f48 <__assert_func>
10000b48:	6803      	ldr	r3, [r0, #0]
10000b4a:	7b9c      	ldrb	r4, [r3, #14]
10000b4c:	2c00      	cmp	r4, #0
10000b4e:	d0db      	beq.n	10000b08 <add_alarm_under_lock+0x24>
10000b50:	d012      	beq.n	10000b78 <add_alarm_under_lock+0x94>
10000b52:	7b1a      	ldrb	r2, [r3, #12]
10000b54:	4294      	cmp	r4, r2
10000b56:	d80f      	bhi.n	10000b78 <add_alarm_under_lock+0x94>
10000b58:	0062      	lsls	r2, r4, #1
10000b5a:	1912      	adds	r2, r2, r4
10000b5c:	3a03      	subs	r2, #3
10000b5e:	6819      	ldr	r1, [r3, #0]
10000b60:	468c      	mov	ip, r1
10000b62:	4462      	add	r2, ip
10000b64:	7851      	ldrb	r1, [r2, #1]
10000b66:	7399      	strb	r1, [r3, #14]
10000b68:	2900      	cmp	r1, #0
10000b6a:	d100      	bne.n	10000b6e <add_alarm_under_lock+0x8a>
10000b6c:	73d9      	strb	r1, [r3, #15]
10000b6e:	2300      	movs	r3, #0
10000b70:	7093      	strb	r3, [r2, #2]
10000b72:	7053      	strb	r3, [r2, #1]
10000b74:	7013      	strb	r3, [r2, #0]
10000b76:	e7c7      	b.n	10000b08 <add_alarm_under_lock+0x24>
10000b78:	4b2c      	ldr	r3, [pc, #176]	; (10000c2c <add_alarm_under_lock+0x148>)
10000b7a:	4a2d      	ldr	r2, [pc, #180]	; (10000c30 <add_alarm_under_lock+0x14c>)
10000b7c:	2168      	movs	r1, #104	; 0x68
10000b7e:	482d      	ldr	r0, [pc, #180]	; (10000c34 <add_alarm_under_lock+0x150>)
10000b80:	f001 f9e2 	bl	10001f48 <__assert_func>
10000b84:	2c00      	cmp	r4, #0
10000b86:	d03a      	beq.n	10000bfe <add_alarm_under_lock+0x11a>
10000b88:	682b      	ldr	r3, [r5, #0]
10000b8a:	7b1b      	ldrb	r3, [r3, #12]
10000b8c:	429c      	cmp	r4, r3
10000b8e:	d836      	bhi.n	10000bfe <add_alarm_under_lock+0x11a>
10000b90:	4b2c      	ldr	r3, [pc, #176]	; (10000c44 <add_alarm_under_lock+0x160>)
10000b92:	18e3      	adds	r3, r4, r3
10000b94:	011b      	lsls	r3, r3, #4
10000b96:	68aa      	ldr	r2, [r5, #8]
10000b98:	4694      	mov	ip, r2
10000b9a:	4463      	add	r3, ip
10000b9c:	9a00      	ldr	r2, [sp, #0]
10000b9e:	601a      	str	r2, [r3, #0]
10000ba0:	9a01      	ldr	r2, [sp, #4]
10000ba2:	605a      	str	r2, [r3, #4]
10000ba4:	9a08      	ldr	r2, [sp, #32]
10000ba6:	609a      	str	r2, [r3, #8]
10000ba8:	9a09      	ldr	r2, [sp, #36]	; 0x24
10000baa:	60da      	str	r2, [r3, #12]
10000bac:	682e      	ldr	r6, [r5, #0]
10000bae:	2c00      	cmp	r4, #0
10000bb0:	d02b      	beq.n	10000c0a <add_alarm_under_lock+0x126>
10000bb2:	d030      	beq.n	10000c16 <add_alarm_under_lock+0x132>
10000bb4:	7b33      	ldrb	r3, [r6, #12]
10000bb6:	429c      	cmp	r4, r3
10000bb8:	d82d      	bhi.n	10000c16 <add_alarm_under_lock+0x132>
10000bba:	0063      	lsls	r3, r4, #1
10000bbc:	191b      	adds	r3, r3, r4
10000bbe:	3b03      	subs	r3, #3
10000bc0:	6832      	ldr	r2, [r6, #0]
10000bc2:	4694      	mov	ip, r2
10000bc4:	4463      	add	r3, ip
10000bc6:	2200      	movs	r2, #0
10000bc8:	709a      	strb	r2, [r3, #2]
10000bca:	705a      	strb	r2, [r3, #1]
10000bcc:	701a      	strb	r2, [r3, #0]
10000bce:	7b71      	ldrb	r1, [r6, #13]
10000bd0:	0022      	movs	r2, r4
10000bd2:	0030      	movs	r0, r6
10000bd4:	f7ff ff66 	bl	10000aa4 <ph_merge_nodes>
10000bd8:	7370      	strb	r0, [r6, #13]
10000bda:	4284      	cmp	r4, r0
10000bdc:	d000      	beq.n	10000be0 <add_alarm_under_lock+0xfc>
10000bde:	e795      	b.n	10000b0c <add_alarm_under_lock+0x28>
10000be0:	7d28      	ldrb	r0, [r5, #20]
10000be2:	9a00      	ldr	r2, [sp, #0]
10000be4:	9b01      	ldr	r3, [sp, #4]
10000be6:	f000 fc71 	bl	100014cc <hardware_alarm_set_target>
10000bea:	1e06      	subs	r6, r0, #0
10000bec:	d001      	beq.n	10000bf2 <add_alarm_under_lock+0x10e>
10000bee:	2f00      	cmp	r7, #0
10000bf0:	d017      	beq.n	10000c22 <add_alarm_under_lock+0x13e>
10000bf2:	9b0c      	ldr	r3, [sp, #48]	; 0x30
10000bf4:	2b00      	cmp	r3, #0
10000bf6:	d100      	bne.n	10000bfa <add_alarm_under_lock+0x116>
10000bf8:	e788      	b.n	10000b0c <add_alarm_under_lock+0x28>
10000bfa:	701e      	strb	r6, [r3, #0]
10000bfc:	e786      	b.n	10000b0c <add_alarm_under_lock+0x28>
10000bfe:	4b12      	ldr	r3, [pc, #72]	; (10000c48 <add_alarm_under_lock+0x164>)
10000c00:	4a12      	ldr	r2, [pc, #72]	; (10000c4c <add_alarm_under_lock+0x168>)
10000c02:	213c      	movs	r1, #60	; 0x3c
10000c04:	480e      	ldr	r0, [pc, #56]	; (10000c40 <add_alarm_under_lock+0x15c>)
10000c06:	f001 f99f 	bl	10001f48 <__assert_func>
10000c0a:	4b11      	ldr	r3, [pc, #68]	; (10000c50 <add_alarm_under_lock+0x16c>)
10000c0c:	4a11      	ldr	r2, [pc, #68]	; (10000c54 <add_alarm_under_lock+0x170>)
10000c0e:	21a5      	movs	r1, #165	; 0xa5
10000c10:	4808      	ldr	r0, [pc, #32]	; (10000c34 <add_alarm_under_lock+0x150>)
10000c12:	f001 f999 	bl	10001f48 <__assert_func>
10000c16:	4b05      	ldr	r3, [pc, #20]	; (10000c2c <add_alarm_under_lock+0x148>)
10000c18:	4a05      	ldr	r2, [pc, #20]	; (10000c30 <add_alarm_under_lock+0x14c>)
10000c1a:	2168      	movs	r1, #104	; 0x68
10000c1c:	4805      	ldr	r0, [pc, #20]	; (10000c34 <add_alarm_under_lock+0x150>)
10000c1e:	f001 f993 	bl	10001f48 <__assert_func>
10000c22:	6828      	ldr	r0, [r5, #0]
10000c24:	0021      	movs	r1, r4
10000c26:	f000 fe89 	bl	1000193c <ph_remove_and_free_node>
10000c2a:	e7e2      	b.n	10000bf2 <add_alarm_under_lock+0x10e>
10000c2c:	100045d8 	.word	0x100045d8
10000c30:	10004850 	.word	0x10004850
10000c34:	100045f4 	.word	0x100045f4
10000c38:	1000468c 	.word	0x1000468c
10000c3c:	1000485c 	.word	0x1000485c
10000c40:	10004560 	.word	0x10004560
10000c44:	0fffffff 	.word	0x0fffffff
10000c48:	100045b4 	.word	0x100045b4
10000c4c:	100047e4 	.word	0x100047e4
10000c50:	1000455c 	.word	0x1000455c
10000c54:	10004840 	.word	0x10004840

10000c58 <alarm_pool_alarm_callback>:
10000c58:	b5f0      	push	{r4, r5, r6, r7, lr}
10000c5a:	46de      	mov	lr, fp
10000c5c:	4657      	mov	r7, sl
10000c5e:	464e      	mov	r6, r9
10000c60:	4645      	mov	r5, r8
10000c62:	b5e0      	push	{r5, r6, r7, lr}
10000c64:	b08b      	sub	sp, #44	; 0x2c
10000c66:	9009      	str	r0, [sp, #36]	; 0x24
10000c68:	2300      	movs	r3, #0
10000c6a:	9308      	str	r3, [sp, #32]
10000c6c:	0082      	lsls	r2, r0, #2
10000c6e:	4bb5      	ldr	r3, [pc, #724]	; (10000f44 <alarm_pool_alarm_callback+0x2ec>)
10000c70:	58d6      	ldr	r6, [r2, r3]
10000c72:	0037      	movs	r7, r6
10000c74:	e052      	b.n	10000d1c <alarm_pool_alarm_callback+0xc4>
10000c76:	4bb4      	ldr	r3, [pc, #720]	; (10000f48 <alarm_pool_alarm_callback+0x2f0>)
10000c78:	4ab4      	ldr	r2, [pc, #720]	; (10000f4c <alarm_pool_alarm_callback+0x2f4>)
10000c7a:	213f      	movs	r1, #63	; 0x3f
10000c7c:	48b4      	ldr	r0, [pc, #720]	; (10000f50 <alarm_pool_alarm_callback+0x2f8>)
10000c7e:	f001 f963 	bl	10001f48 <__assert_func>
10000c82:	4bb4      	ldr	r3, [pc, #720]	; (10000f54 <alarm_pool_alarm_callback+0x2fc>)
10000c84:	4ab4      	ldr	r2, [pc, #720]	; (10000f58 <alarm_pool_alarm_callback+0x300>)
10000c86:	213c      	movs	r1, #60	; 0x3c
10000c88:	48b4      	ldr	r0, [pc, #720]	; (10000f5c <alarm_pool_alarm_callback+0x304>)
10000c8a:	f001 f95d 	bl	10001f48 <__assert_func>
10000c8e:	2900      	cmp	r1, #0
10000c90:	d101      	bne.n	10000c96 <alarm_pool_alarm_callback+0x3e>
10000c92:	2800      	cmp	r0, #0
10000c94:	d169      	bne.n	10000d6a <alarm_pool_alarm_callback+0x112>
10000c96:	2100      	movs	r1, #0
10000c98:	4640      	mov	r0, r8
10000c9a:	f000 fe45 	bl	10001928 <ph_remove_head>
10000c9e:	42a0      	cmp	r0, r4
10000ca0:	d119      	bne.n	10000cd6 <alarm_pool_alarm_callback+0x7e>
10000ca2:	682a      	ldr	r2, [r5, #0]
10000ca4:	686b      	ldr	r3, [r5, #4]
10000ca6:	9206      	str	r2, [sp, #24]
10000ca8:	9307      	str	r3, [sp, #28]
10000caa:	68ab      	ldr	r3, [r5, #8]
10000cac:	4698      	mov	r8, r3
10000cae:	68eb      	ldr	r3, [r5, #12]
10000cb0:	469a      	mov	sl, r3
10000cb2:	4643      	mov	r3, r8
10000cb4:	2b00      	cmp	r3, #0
10000cb6:	d014      	beq.n	10000ce2 <alarm_pool_alarm_callback+0x8a>
10000cb8:	2c00      	cmp	r4, #0
10000cba:	d018      	beq.n	10000cee <alarm_pool_alarm_callback+0x96>
10000cbc:	683b      	ldr	r3, [r7, #0]
10000cbe:	7b1b      	ldrb	r3, [r3, #12]
10000cc0:	429c      	cmp	r4, r3
10000cc2:	d814      	bhi.n	10000cee <alarm_pool_alarm_callback+0x96>
10000cc4:	1e63      	subs	r3, r4, #1
10000cc6:	68fa      	ldr	r2, [r7, #12]
10000cc8:	5cd3      	ldrb	r3, [r2, r3]
10000cca:	9308      	str	r3, [sp, #32]
10000ccc:	021b      	lsls	r3, r3, #8
10000cce:	4318      	orrs	r0, r3
10000cd0:	6138      	str	r0, [r7, #16]
10000cd2:	2000      	movs	r0, #0
10000cd4:	e015      	b.n	10000d02 <alarm_pool_alarm_callback+0xaa>
10000cd6:	4ba2      	ldr	r3, [pc, #648]	; (10000f60 <alarm_pool_alarm_callback+0x308>)
10000cd8:	4aa2      	ldr	r2, [pc, #648]	; (10000f64 <alarm_pool_alarm_callback+0x30c>)
10000cda:	218e      	movs	r1, #142	; 0x8e
10000cdc:	489f      	ldr	r0, [pc, #636]	; (10000f5c <alarm_pool_alarm_callback+0x304>)
10000cde:	f001 f933 	bl	10001f48 <__assert_func>
10000ce2:	4ba1      	ldr	r3, [pc, #644]	; (10000f68 <alarm_pool_alarm_callback+0x310>)
10000ce4:	4a9f      	ldr	r2, [pc, #636]	; (10000f64 <alarm_pool_alarm_callback+0x30c>)
10000ce6:	2192      	movs	r1, #146	; 0x92
10000ce8:	489c      	ldr	r0, [pc, #624]	; (10000f5c <alarm_pool_alarm_callback+0x304>)
10000cea:	f001 f92d 	bl	10001f48 <__assert_func>
10000cee:	4b99      	ldr	r3, [pc, #612]	; (10000f54 <alarm_pool_alarm_callback+0x2fc>)
10000cf0:	4a9e      	ldr	r2, [pc, #632]	; (10000f6c <alarm_pool_alarm_callback+0x314>)
10000cf2:	2141      	movs	r1, #65	; 0x41
10000cf4:	4899      	ldr	r0, [pc, #612]	; (10000f5c <alarm_pool_alarm_callback+0x304>)
10000cf6:	f001 f927 	bl	10001f48 <__assert_func>
10000cfa:	2300      	movs	r3, #0
10000cfc:	469a      	mov	sl, r3
10000cfe:	4698      	mov	r8, r3
10000d00:	2000      	movs	r0, #0
10000d02:	687b      	ldr	r3, [r7, #4]
10000d04:	f3bf 8f5f 	dmb	sy
10000d08:	2200      	movs	r2, #0
10000d0a:	601a      	str	r2, [r3, #0]
10000d0c:	f386 8810 	msr	PRIMASK, r6
10000d10:	4643      	mov	r3, r8
10000d12:	2b00      	cmp	r3, #0
10000d14:	d132      	bne.n	10000d7c <alarm_pool_alarm_callback+0x124>
10000d16:	2800      	cmp	r0, #0
10000d18:	d100      	bne.n	10000d1c <alarm_pool_alarm_callback+0xc4>
10000d1a:	e10c      	b.n	10000f36 <alarm_pool_alarm_callback+0x2de>
10000d1c:	f000 fb4a 	bl	100013b4 <time_us_64>
10000d20:	0002      	movs	r2, r0
10000d22:	1e0b      	subs	r3, r1, #0
10000d24:	dba7      	blt.n	10000c76 <alarm_pool_alarm_callback+0x1e>
10000d26:	2000      	movs	r0, #0
10000d28:	2100      	movs	r1, #0
10000d2a:	9006      	str	r0, [sp, #24]
10000d2c:	9107      	str	r1, [sp, #28]
10000d2e:	6878      	ldr	r0, [r7, #4]
10000d30:	f3ef 8610 	mrs	r6, PRIMASK
10000d34:	b672      	cpsid	i
10000d36:	6801      	ldr	r1, [r0, #0]
10000d38:	2900      	cmp	r1, #0
10000d3a:	d0fc      	beq.n	10000d36 <alarm_pool_alarm_callback+0xde>
10000d3c:	f3bf 8f5f 	dmb	sy
10000d40:	6839      	ldr	r1, [r7, #0]
10000d42:	4688      	mov	r8, r1
10000d44:	7b4c      	ldrb	r4, [r1, #13]
10000d46:	2c00      	cmp	r4, #0
10000d48:	d0d7      	beq.n	10000cfa <alarm_pool_alarm_callback+0xa2>
10000d4a:	d09a      	beq.n	10000c82 <alarm_pool_alarm_callback+0x2a>
10000d4c:	7b09      	ldrb	r1, [r1, #12]
10000d4e:	428c      	cmp	r4, r1
10000d50:	d897      	bhi.n	10000c82 <alarm_pool_alarm_callback+0x2a>
10000d52:	4987      	ldr	r1, [pc, #540]	; (10000f70 <alarm_pool_alarm_callback+0x318>)
10000d54:	1865      	adds	r5, r4, r1
10000d56:	012d      	lsls	r5, r5, #4
10000d58:	68b9      	ldr	r1, [r7, #8]
10000d5a:	468c      	mov	ip, r1
10000d5c:	4465      	add	r5, ip
10000d5e:	6828      	ldr	r0, [r5, #0]
10000d60:	6869      	ldr	r1, [r5, #4]
10000d62:	1a80      	subs	r0, r0, r2
10000d64:	4199      	sbcs	r1, r3
10000d66:	2900      	cmp	r1, #0
10000d68:	dd91      	ble.n	10000c8e <alarm_pool_alarm_callback+0x36>
10000d6a:	682a      	ldr	r2, [r5, #0]
10000d6c:	686b      	ldr	r3, [r5, #4]
10000d6e:	9809      	ldr	r0, [sp, #36]	; 0x24
10000d70:	f000 fbac 	bl	100014cc <hardware_alarm_set_target>
10000d74:	2300      	movs	r3, #0
10000d76:	469a      	mov	sl, r3
10000d78:	4698      	mov	r8, r3
10000d7a:	e7c2      	b.n	10000d02 <alarm_pool_alarm_callback+0xaa>
10000d7c:	9b08      	ldr	r3, [sp, #32]
10000d7e:	021b      	lsls	r3, r3, #8
10000d80:	4323      	orrs	r3, r4
10000d82:	4699      	mov	r9, r3
10000d84:	4651      	mov	r1, sl
10000d86:	0018      	movs	r0, r3
10000d88:	47c0      	blx	r8
10000d8a:	0005      	movs	r5, r0
10000d8c:	000e      	movs	r6, r1
10000d8e:	687a      	ldr	r2, [r7, #4]
10000d90:	f3ef 8b10 	mrs	fp, PRIMASK
10000d94:	b672      	cpsid	i
10000d96:	6813      	ldr	r3, [r2, #0]
10000d98:	4259      	negs	r1, r3
10000d9a:	414b      	adcs	r3, r1
10000d9c:	b2d9      	uxtb	r1, r3
10000d9e:	2b00      	cmp	r3, #0
10000da0:	d1f9      	bne.n	10000d96 <alarm_pool_alarm_callback+0x13e>
10000da2:	f3bf 8f5f 	dmb	sy
10000da6:	2e00      	cmp	r6, #0
10000da8:	db1e      	blt.n	10000de8 <alarm_pool_alarm_callback+0x190>
10000daa:	2e00      	cmp	r6, #0
10000dac:	dd46      	ble.n	10000e3c <alarm_pool_alarm_callback+0x1e4>
10000dae:	693b      	ldr	r3, [r7, #16]
10000db0:	2b00      	cmp	r3, #0
10000db2:	d047      	beq.n	10000e44 <alarm_pool_alarm_callback+0x1ec>
10000db4:	454b      	cmp	r3, r9
10000db6:	d16d      	bne.n	10000e94 <alarm_pool_alarm_callback+0x23c>
10000db8:	f000 fafc 	bl	100013b4 <time_us_64>
10000dbc:	0002      	movs	r2, r0
10000dbe:	1e0b      	subs	r3, r1, #0
10000dc0:	db6e      	blt.n	10000ea0 <alarm_pool_alarm_callback+0x248>
10000dc2:	1952      	adds	r2, r2, r5
10000dc4:	4173      	adcs	r3, r6
10000dc6:	2b00      	cmp	r3, #0
10000dc8:	db70      	blt.n	10000eac <alarm_pool_alarm_callback+0x254>
10000dca:	2b00      	cmp	r3, #0
10000dcc:	db72      	blt.n	10000eb4 <alarm_pool_alarm_callback+0x25c>
10000dce:	2100      	movs	r1, #0
10000dd0:	9104      	str	r1, [sp, #16]
10000dd2:	3101      	adds	r1, #1
10000dd4:	9103      	str	r1, [sp, #12]
10000dd6:	9402      	str	r4, [sp, #8]
10000dd8:	4651      	mov	r1, sl
10000dda:	9101      	str	r1, [sp, #4]
10000ddc:	4641      	mov	r1, r8
10000dde:	9100      	str	r1, [sp, #0]
10000de0:	0038      	movs	r0, r7
10000de2:	f7ff fe7f 	bl	10000ae4 <add_alarm_under_lock>
10000de6:	e04c      	b.n	10000e82 <alarm_pool_alarm_callback+0x22a>
10000de8:	693b      	ldr	r3, [r7, #16]
10000dea:	2b00      	cmp	r3, #0
10000dec:	d0dd      	beq.n	10000daa <alarm_pool_alarm_callback+0x152>
10000dee:	454b      	cmp	r3, r9
10000df0:	d114      	bne.n	10000e1c <alarm_pool_alarm_callback+0x1c4>
10000df2:	9a06      	ldr	r2, [sp, #24]
10000df4:	9b07      	ldr	r3, [sp, #28]
10000df6:	1b52      	subs	r2, r2, r5
10000df8:	41b3      	sbcs	r3, r6
10000dfa:	2b00      	cmp	r3, #0
10000dfc:	db14      	blt.n	10000e28 <alarm_pool_alarm_callback+0x1d0>
10000dfe:	2b00      	cmp	r3, #0
10000e00:	db16      	blt.n	10000e30 <alarm_pool_alarm_callback+0x1d8>
10000e02:	2100      	movs	r1, #0
10000e04:	9104      	str	r1, [sp, #16]
10000e06:	3101      	adds	r1, #1
10000e08:	9103      	str	r1, [sp, #12]
10000e0a:	9402      	str	r4, [sp, #8]
10000e0c:	4651      	mov	r1, sl
10000e0e:	9101      	str	r1, [sp, #4]
10000e10:	4641      	mov	r1, r8
10000e12:	9100      	str	r1, [sp, #0]
10000e14:	0038      	movs	r0, r7
10000e16:	f7ff fe65 	bl	10000ae4 <add_alarm_under_lock>
10000e1a:	e032      	b.n	10000e82 <alarm_pool_alarm_callback+0x22a>
10000e1c:	4b55      	ldr	r3, [pc, #340]	; (10000f74 <alarm_pool_alarm_callback+0x31c>)
10000e1e:	4a51      	ldr	r2, [pc, #324]	; (10000f64 <alarm_pool_alarm_callback+0x30c>)
10000e20:	21a1      	movs	r1, #161	; 0xa1
10000e22:	484e      	ldr	r0, [pc, #312]	; (10000f5c <alarm_pool_alarm_callback+0x304>)
10000e24:	f001 f890 	bl	10001f48 <__assert_func>
10000e28:	2201      	movs	r2, #1
10000e2a:	4252      	negs	r2, r2
10000e2c:	4b52      	ldr	r3, [pc, #328]	; (10000f78 <alarm_pool_alarm_callback+0x320>)
10000e2e:	e7e6      	b.n	10000dfe <alarm_pool_alarm_callback+0x1a6>
10000e30:	4b45      	ldr	r3, [pc, #276]	; (10000f48 <alarm_pool_alarm_callback+0x2f0>)
10000e32:	4a46      	ldr	r2, [pc, #280]	; (10000f4c <alarm_pool_alarm_callback+0x2f4>)
10000e34:	213f      	movs	r1, #63	; 0x3f
10000e36:	4846      	ldr	r0, [pc, #280]	; (10000f50 <alarm_pool_alarm_callback+0x2f8>)
10000e38:	f001 f886 	bl	10001f48 <__assert_func>
10000e3c:	2e00      	cmp	r6, #0
10000e3e:	d101      	bne.n	10000e44 <alarm_pool_alarm_callback+0x1ec>
10000e40:	2d00      	cmp	r5, #0
10000e42:	d1b4      	bne.n	10000dae <alarm_pool_alarm_callback+0x156>
10000e44:	683b      	ldr	r3, [r7, #0]
10000e46:	2c00      	cmp	r4, #0
10000e48:	d050      	beq.n	10000eec <alarm_pool_alarm_callback+0x294>
10000e4a:	7b5a      	ldrb	r2, [r3, #13]
10000e4c:	4294      	cmp	r4, r2
10000e4e:	d137      	bne.n	10000ec0 <alarm_pool_alarm_callback+0x268>
10000e50:	2101      	movs	r1, #1
10000e52:	2900      	cmp	r1, #0
10000e54:	d14a      	bne.n	10000eec <alarm_pool_alarm_callback+0x294>
10000e56:	7bda      	ldrb	r2, [r3, #15]
10000e58:	2a00      	cmp	r2, #0
10000e5a:	d14d      	bne.n	10000ef8 <alarm_pool_alarm_callback+0x2a0>
10000e5c:	7b9a      	ldrb	r2, [r3, #14]
10000e5e:	2a00      	cmp	r2, #0
10000e60:	d103      	bne.n	10000e6a <alarm_pool_alarm_callback+0x212>
10000e62:	7bda      	ldrb	r2, [r3, #15]
10000e64:	2a00      	cmp	r2, #0
10000e66:	d15a      	bne.n	10000f1e <alarm_pool_alarm_callback+0x2c6>
10000e68:	739c      	strb	r4, [r3, #14]
10000e6a:	73dc      	strb	r4, [r3, #15]
10000e6c:	2c00      	cmp	r4, #0
10000e6e:	d05c      	beq.n	10000f2a <alarm_pool_alarm_callback+0x2d2>
10000e70:	683b      	ldr	r3, [r7, #0]
10000e72:	7b1b      	ldrb	r3, [r3, #12]
10000e74:	429c      	cmp	r4, r3
10000e76:	d858      	bhi.n	10000f2a <alarm_pool_alarm_callback+0x2d2>
10000e78:	68fa      	ldr	r2, [r7, #12]
10000e7a:	3c01      	subs	r4, #1
10000e7c:	5d13      	ldrb	r3, [r2, r4]
10000e7e:	3301      	adds	r3, #1
10000e80:	5513      	strb	r3, [r2, r4]
10000e82:	2300      	movs	r3, #0
10000e84:	613b      	str	r3, [r7, #16]
10000e86:	687a      	ldr	r2, [r7, #4]
10000e88:	f3bf 8f5f 	dmb	sy
10000e8c:	6013      	str	r3, [r2, #0]
10000e8e:	f38b 8810 	msr	PRIMASK, fp
10000e92:	e743      	b.n	10000d1c <alarm_pool_alarm_callback+0xc4>
10000e94:	4b37      	ldr	r3, [pc, #220]	; (10000f74 <alarm_pool_alarm_callback+0x31c>)
10000e96:	4a33      	ldr	r2, [pc, #204]	; (10000f64 <alarm_pool_alarm_callback+0x30c>)
10000e98:	21a4      	movs	r1, #164	; 0xa4
10000e9a:	4830      	ldr	r0, [pc, #192]	; (10000f5c <alarm_pool_alarm_callback+0x304>)
10000e9c:	f001 f854 	bl	10001f48 <__assert_func>
10000ea0:	4b29      	ldr	r3, [pc, #164]	; (10000f48 <alarm_pool_alarm_callback+0x2f0>)
10000ea2:	4a2a      	ldr	r2, [pc, #168]	; (10000f4c <alarm_pool_alarm_callback+0x2f4>)
10000ea4:	213f      	movs	r1, #63	; 0x3f
10000ea6:	482a      	ldr	r0, [pc, #168]	; (10000f50 <alarm_pool_alarm_callback+0x2f8>)
10000ea8:	f001 f84e 	bl	10001f48 <__assert_func>
10000eac:	2201      	movs	r2, #1
10000eae:	4252      	negs	r2, r2
10000eb0:	4b31      	ldr	r3, [pc, #196]	; (10000f78 <alarm_pool_alarm_callback+0x320>)
10000eb2:	e78a      	b.n	10000dca <alarm_pool_alarm_callback+0x172>
10000eb4:	4b24      	ldr	r3, [pc, #144]	; (10000f48 <alarm_pool_alarm_callback+0x2f0>)
10000eb6:	4a25      	ldr	r2, [pc, #148]	; (10000f4c <alarm_pool_alarm_callback+0x2f4>)
10000eb8:	213f      	movs	r1, #63	; 0x3f
10000eba:	4825      	ldr	r0, [pc, #148]	; (10000f50 <alarm_pool_alarm_callback+0x2f8>)
10000ebc:	f001 f844 	bl	10001f48 <__assert_func>
10000ec0:	2c00      	cmp	r4, #0
10000ec2:	d00d      	beq.n	10000ee0 <alarm_pool_alarm_callback+0x288>
10000ec4:	7b1a      	ldrb	r2, [r3, #12]
10000ec6:	4294      	cmp	r4, r2
10000ec8:	d80a      	bhi.n	10000ee0 <alarm_pool_alarm_callback+0x288>
10000eca:	0062      	lsls	r2, r4, #1
10000ecc:	1912      	adds	r2, r2, r4
10000ece:	3a03      	subs	r2, #3
10000ed0:	6818      	ldr	r0, [r3, #0]
10000ed2:	4684      	mov	ip, r0
10000ed4:	4462      	add	r2, ip
10000ed6:	7892      	ldrb	r2, [r2, #2]
10000ed8:	2a00      	cmp	r2, #0
10000eda:	d0ba      	beq.n	10000e52 <alarm_pool_alarm_callback+0x1fa>
10000edc:	2101      	movs	r1, #1
10000ede:	e7b8      	b.n	10000e52 <alarm_pool_alarm_callback+0x1fa>
10000ee0:	4b26      	ldr	r3, [pc, #152]	; (10000f7c <alarm_pool_alarm_callback+0x324>)
10000ee2:	4a27      	ldr	r2, [pc, #156]	; (10000f80 <alarm_pool_alarm_callback+0x328>)
10000ee4:	2168      	movs	r1, #104	; 0x68
10000ee6:	4827      	ldr	r0, [pc, #156]	; (10000f84 <alarm_pool_alarm_callback+0x32c>)
10000ee8:	f001 f82e 	bl	10001f48 <__assert_func>
10000eec:	4b26      	ldr	r3, [pc, #152]	; (10000f88 <alarm_pool_alarm_callback+0x330>)
10000eee:	4a27      	ldr	r2, [pc, #156]	; (10000f8c <alarm_pool_alarm_callback+0x334>)
10000ef0:	21f6      	movs	r1, #246	; 0xf6
10000ef2:	4824      	ldr	r0, [pc, #144]	; (10000f84 <alarm_pool_alarm_callback+0x32c>)
10000ef4:	f001 f828 	bl	10001f48 <__assert_func>
10000ef8:	2a00      	cmp	r2, #0
10000efa:	d00a      	beq.n	10000f12 <alarm_pool_alarm_callback+0x2ba>
10000efc:	7b19      	ldrb	r1, [r3, #12]
10000efe:	428a      	cmp	r2, r1
10000f00:	d807      	bhi.n	10000f12 <alarm_pool_alarm_callback+0x2ba>
10000f02:	0051      	lsls	r1, r2, #1
10000f04:	188a      	adds	r2, r1, r2
10000f06:	3a03      	subs	r2, #3
10000f08:	6819      	ldr	r1, [r3, #0]
10000f0a:	468c      	mov	ip, r1
10000f0c:	4462      	add	r2, ip
10000f0e:	7054      	strb	r4, [r2, #1]
10000f10:	e7a4      	b.n	10000e5c <alarm_pool_alarm_callback+0x204>
10000f12:	4b1a      	ldr	r3, [pc, #104]	; (10000f7c <alarm_pool_alarm_callback+0x324>)
10000f14:	4a1a      	ldr	r2, [pc, #104]	; (10000f80 <alarm_pool_alarm_callback+0x328>)
10000f16:	2168      	movs	r1, #104	; 0x68
10000f18:	481a      	ldr	r0, [pc, #104]	; (10000f84 <alarm_pool_alarm_callback+0x32c>)
10000f1a:	f001 f815 	bl	10001f48 <__assert_func>
10000f1e:	4b1c      	ldr	r3, [pc, #112]	; (10000f90 <alarm_pool_alarm_callback+0x338>)
10000f20:	4a1a      	ldr	r2, [pc, #104]	; (10000f8c <alarm_pool_alarm_callback+0x334>)
10000f22:	21fb      	movs	r1, #251	; 0xfb
10000f24:	4817      	ldr	r0, [pc, #92]	; (10000f84 <alarm_pool_alarm_callback+0x32c>)
10000f26:	f001 f80f 	bl	10001f48 <__assert_func>
10000f2a:	4b0a      	ldr	r3, [pc, #40]	; (10000f54 <alarm_pool_alarm_callback+0x2fc>)
10000f2c:	4a0f      	ldr	r2, [pc, #60]	; (10000f6c <alarm_pool_alarm_callback+0x314>)
10000f2e:	2141      	movs	r1, #65	; 0x41
10000f30:	480a      	ldr	r0, [pc, #40]	; (10000f5c <alarm_pool_alarm_callback+0x304>)
10000f32:	f001 f809 	bl	10001f48 <__assert_func>
10000f36:	b00b      	add	sp, #44	; 0x2c
10000f38:	bcf0      	pop	{r4, r5, r6, r7}
10000f3a:	46bb      	mov	fp, r7
10000f3c:	46b2      	mov	sl, r6
10000f3e:	46a9      	mov	r9, r5
10000f40:	46a0      	mov	r8, r4
10000f42:	bdf0      	pop	{r4, r5, r6, r7, pc}
10000f44:	200004ac 	.word	0x200004ac
10000f48:	10004470 	.word	0x10004470
10000f4c:	100047b0 	.word	0x100047b0
10000f50:	1000448c 	.word	0x1000448c
10000f54:	100045b4 	.word	0x100045b4
10000f58:	100047e4 	.word	0x100047e4
10000f5c:	10004560 	.word	0x10004560
10000f60:	100046b4 	.word	0x100046b4
10000f64:	100047c8 	.word	0x100047c8
10000f68:	100046cc 	.word	0x100046cc
10000f6c:	10004808 	.word	0x10004808
10000f70:	0fffffff 	.word	0x0fffffff
10000f74:	100046d8 	.word	0x100046d8
10000f78:	7fffffff 	.word	0x7fffffff
10000f7c:	100045d8 	.word	0x100045d8
10000f80:	10004850 	.word	0x10004850
10000f84:	100045f4 	.word	0x100045f4
10000f88:	10004714 	.word	0x10004714
10000f8c:	1000481c 	.word	0x1000481c
10000f90:	10004738 	.word	0x10004738

10000f94 <alarm_pool_init_default>:
10000f94:	b510      	push	{r4, lr}
10000f96:	4b0c      	ldr	r3, [pc, #48]	; (10000fc8 <alarm_pool_init_default+0x34>)
10000f98:	685b      	ldr	r3, [r3, #4]
10000f9a:	2b00      	cmp	r3, #0
10000f9c:	d004      	beq.n	10000fa8 <alarm_pool_init_default+0x14>
10000f9e:	210a      	movs	r1, #10
10000fa0:	480a      	ldr	r0, [pc, #40]	; (10000fcc <alarm_pool_init_default+0x38>)
10000fa2:	f7ff fc93 	bl	100008cc <lock_init>
10000fa6:	bd10      	pop	{r4, pc}
10000fa8:	4c07      	ldr	r4, [pc, #28]	; (10000fc8 <alarm_pool_init_default+0x34>)
10000faa:	0023      	movs	r3, r4
10000fac:	4a08      	ldr	r2, [pc, #32]	; (10000fd0 <alarm_pool_init_default+0x3c>)
10000fae:	2110      	movs	r1, #16
10000fb0:	6820      	ldr	r0, [r4, #0]
10000fb2:	f000 fbc9 	bl	10001748 <ph_post_alloc_init>
10000fb6:	2003      	movs	r0, #3
10000fb8:	f000 f9f0 	bl	1000139c <hardware_alarm_claim>
10000fbc:	2103      	movs	r1, #3
10000fbe:	0020      	movs	r0, r4
10000fc0:	f7ff fca8 	bl	10000914 <alarm_pool_post_alloc_init>
10000fc4:	e7eb      	b.n	10000f9e <alarm_pool_init_default+0xa>
10000fc6:	46c0      	nop			; (mov r8, r8)
10000fc8:	20000284 	.word	0x20000284
10000fcc:	200006c0 	.word	0x200006c0
10000fd0:	10000985 	.word	0x10000985

10000fd4 <alarm_pool_get_default>:
10000fd4:	b510      	push	{r4, lr}
10000fd6:	4b06      	ldr	r3, [pc, #24]	; (10000ff0 <alarm_pool_get_default+0x1c>)
10000fd8:	685b      	ldr	r3, [r3, #4]
10000fda:	2b00      	cmp	r3, #0
10000fdc:	d001      	beq.n	10000fe2 <alarm_pool_get_default+0xe>
10000fde:	4804      	ldr	r0, [pc, #16]	; (10000ff0 <alarm_pool_get_default+0x1c>)
10000fe0:	bd10      	pop	{r4, pc}
10000fe2:	4b04      	ldr	r3, [pc, #16]	; (10000ff4 <alarm_pool_get_default+0x20>)
10000fe4:	4a04      	ldr	r2, [pc, #16]	; (10000ff8 <alarm_pool_get_default+0x24>)
10000fe6:	215e      	movs	r1, #94	; 0x5e
10000fe8:	4804      	ldr	r0, [pc, #16]	; (10000ffc <alarm_pool_get_default+0x28>)
10000fea:	f000 ffad 	bl	10001f48 <__assert_func>
10000fee:	46c0      	nop			; (mov r8, r8)
10000ff0:	20000284 	.word	0x20000284
10000ff4:	1000474c 	.word	0x1000474c
10000ff8:	100047f0 	.word	0x100047f0
10000ffc:	10004560 	.word	0x10004560

10001000 <alarm_pool_add_alarm_at>:
10001000:	b5f0      	push	{r4, r5, r6, r7, lr}
10001002:	46de      	mov	lr, fp
10001004:	4657      	mov	r7, sl
10001006:	464e      	mov	r6, r9
10001008:	4645      	mov	r5, r8
1000100a:	b5e0      	push	{r5, r6, r7, lr}
1000100c:	b08b      	sub	sp, #44	; 0x2c
1000100e:	4680      	mov	r8, r0
10001010:	0016      	movs	r6, r2
10001012:	001f      	movs	r7, r3
10001014:	9b14      	ldr	r3, [sp, #80]	; 0x50
10001016:	469a      	mov	sl, r3
10001018:	9b15      	ldr	r3, [sp, #84]	; 0x54
1000101a:	4699      	mov	r9, r3
1000101c:	ab16      	add	r3, sp, #88	; 0x58
1000101e:	781b      	ldrb	r3, [r3, #0]
10001020:	469b      	mov	fp, r3
10001022:	231f      	movs	r3, #31
10001024:	aa02      	add	r2, sp, #8
10001026:	4694      	mov	ip, r2
10001028:	4463      	add	r3, ip
1000102a:	2200      	movs	r2, #0
1000102c:	701a      	strb	r2, [r3, #0]
1000102e:	e02b      	b.n	10001088 <alarm_pool_add_alarm_at+0x88>
10001030:	2800      	cmp	r0, #0
10001032:	d009      	beq.n	10001048 <alarm_pool_add_alarm_at+0x48>
10001034:	4642      	mov	r2, r8
10001036:	6812      	ldr	r2, [r2, #0]
10001038:	7b12      	ldrb	r2, [r2, #12]
1000103a:	4290      	cmp	r0, r2
1000103c:	d804      	bhi.n	10001048 <alarm_pool_add_alarm_at+0x48>
1000103e:	1e42      	subs	r2, r0, #1
10001040:	4641      	mov	r1, r8
10001042:	68c9      	ldr	r1, [r1, #12]
10001044:	5c8a      	ldrb	r2, [r1, r2]
10001046:	e041      	b.n	100010cc <alarm_pool_add_alarm_at+0xcc>
10001048:	4b40      	ldr	r3, [pc, #256]	; (1000114c <alarm_pool_add_alarm_at+0x14c>)
1000104a:	4a41      	ldr	r2, [pc, #260]	; (10001150 <alarm_pool_add_alarm_at+0x150>)
1000104c:	2141      	movs	r1, #65	; 0x41
1000104e:	4841      	ldr	r0, [pc, #260]	; (10001154 <alarm_pool_add_alarm_at+0x154>)
10001050:	f000 ff7a 	bl	10001f48 <__assert_func>
10001054:	9807      	ldr	r0, [sp, #28]
10001056:	e04c      	b.n	100010f2 <alarm_pool_add_alarm_at+0xf2>
10001058:	1b36      	subs	r6, r6, r4
1000105a:	41af      	sbcs	r7, r5
1000105c:	2f00      	cmp	r7, #0
1000105e:	db07      	blt.n	10001070 <alarm_pool_add_alarm_at+0x70>
10001060:	2f00      	cmp	r7, #0
10001062:	da11      	bge.n	10001088 <alarm_pool_add_alarm_at+0x88>
10001064:	4b3c      	ldr	r3, [pc, #240]	; (10001158 <alarm_pool_add_alarm_at+0x158>)
10001066:	4a3d      	ldr	r2, [pc, #244]	; (1000115c <alarm_pool_add_alarm_at+0x15c>)
10001068:	213f      	movs	r1, #63	; 0x3f
1000106a:	483d      	ldr	r0, [pc, #244]	; (10001160 <alarm_pool_add_alarm_at+0x160>)
1000106c:	f000 ff6c 	bl	10001f48 <__assert_func>
10001070:	2601      	movs	r6, #1
10001072:	4276      	negs	r6, r6
10001074:	4f3b      	ldr	r7, [pc, #236]	; (10001164 <alarm_pool_add_alarm_at+0x164>)
10001076:	e7f3      	b.n	10001060 <alarm_pool_add_alarm_at+0x60>
10001078:	4b37      	ldr	r3, [pc, #220]	; (10001158 <alarm_pool_add_alarm_at+0x158>)
1000107a:	4a38      	ldr	r2, [pc, #224]	; (1000115c <alarm_pool_add_alarm_at+0x15c>)
1000107c:	213f      	movs	r1, #63	; 0x3f
1000107e:	4838      	ldr	r0, [pc, #224]	; (10001160 <alarm_pool_add_alarm_at+0x160>)
10001080:	f000 ff62 	bl	10001f48 <__assert_func>
10001084:	2f00      	cmp	r7, #0
10001086:	db4f      	blt.n	10001128 <alarm_pool_add_alarm_at+0x128>
10001088:	4643      	mov	r3, r8
1000108a:	685a      	ldr	r2, [r3, #4]
1000108c:	f3ef 8410 	mrs	r4, PRIMASK
10001090:	b672      	cpsid	i
10001092:	6813      	ldr	r3, [r2, #0]
10001094:	4259      	negs	r1, r3
10001096:	414b      	adcs	r3, r1
10001098:	b2d9      	uxtb	r1, r3
1000109a:	9107      	str	r1, [sp, #28]
1000109c:	2b00      	cmp	r3, #0
1000109e:	d1f8      	bne.n	10001092 <alarm_pool_add_alarm_at+0x92>
100010a0:	f3bf 8f5f 	dmb	sy
100010a4:	331f      	adds	r3, #31
100010a6:	aa02      	add	r2, sp, #8
100010a8:	4694      	mov	ip, r2
100010aa:	4463      	add	r3, ip
100010ac:	9304      	str	r3, [sp, #16]
100010ae:	2300      	movs	r3, #0
100010b0:	9303      	str	r3, [sp, #12]
100010b2:	9302      	str	r3, [sp, #8]
100010b4:	464b      	mov	r3, r9
100010b6:	9301      	str	r3, [sp, #4]
100010b8:	4653      	mov	r3, sl
100010ba:	9300      	str	r3, [sp, #0]
100010bc:	0032      	movs	r2, r6
100010be:	003b      	movs	r3, r7
100010c0:	4640      	mov	r0, r8
100010c2:	f7ff fd0f 	bl	10000ae4 <add_alarm_under_lock>
100010c6:	1e03      	subs	r3, r0, #0
100010c8:	d1b2      	bne.n	10001030 <alarm_pool_add_alarm_at+0x30>
100010ca:	0002      	movs	r2, r0
100010cc:	4641      	mov	r1, r8
100010ce:	6849      	ldr	r1, [r1, #4]
100010d0:	f3bf 8f5f 	dmb	sy
100010d4:	2500      	movs	r5, #0
100010d6:	600d      	str	r5, [r1, #0]
100010d8:	f384 8810 	msr	PRIMASK, r4
100010dc:	2b00      	cmp	r3, #0
100010de:	d029      	beq.n	10001134 <alarm_pool_add_alarm_at+0x134>
100010e0:	231f      	movs	r3, #31
100010e2:	a902      	add	r1, sp, #8
100010e4:	468c      	mov	ip, r1
100010e6:	4463      	add	r3, ip
100010e8:	781b      	ldrb	r3, [r3, #0]
100010ea:	2b00      	cmp	r3, #0
100010ec:	d1b2      	bne.n	10001054 <alarm_pool_add_alarm_at+0x54>
100010ee:	0212      	lsls	r2, r2, #8
100010f0:	4310      	orrs	r0, r2
100010f2:	2b00      	cmp	r3, #0
100010f4:	d020      	beq.n	10001138 <alarm_pool_add_alarm_at+0x138>
100010f6:	465b      	mov	r3, fp
100010f8:	2b00      	cmp	r3, #0
100010fa:	d01d      	beq.n	10001138 <alarm_pool_add_alarm_at+0x138>
100010fc:	4649      	mov	r1, r9
100010fe:	47d0      	blx	sl
10001100:	0004      	movs	r4, r0
10001102:	000d      	movs	r5, r1
10001104:	0003      	movs	r3, r0
10001106:	430b      	orrs	r3, r1
10001108:	d01d      	beq.n	10001146 <alarm_pool_add_alarm_at+0x146>
1000110a:	2900      	cmp	r1, #0
1000110c:	dba4      	blt.n	10001058 <alarm_pool_add_alarm_at+0x58>
1000110e:	f000 f951 	bl	100013b4 <time_us_64>
10001112:	0006      	movs	r6, r0
10001114:	1e0f      	subs	r7, r1, #0
10001116:	dbaf      	blt.n	10001078 <alarm_pool_add_alarm_at+0x78>
10001118:	1936      	adds	r6, r6, r4
1000111a:	416f      	adcs	r7, r5
1000111c:	2f00      	cmp	r7, #0
1000111e:	dab1      	bge.n	10001084 <alarm_pool_add_alarm_at+0x84>
10001120:	2601      	movs	r6, #1
10001122:	4276      	negs	r6, r6
10001124:	4f0f      	ldr	r7, [pc, #60]	; (10001164 <alarm_pool_add_alarm_at+0x164>)
10001126:	e7ad      	b.n	10001084 <alarm_pool_add_alarm_at+0x84>
10001128:	4b0b      	ldr	r3, [pc, #44]	; (10001158 <alarm_pool_add_alarm_at+0x158>)
1000112a:	4a0c      	ldr	r2, [pc, #48]	; (1000115c <alarm_pool_add_alarm_at+0x15c>)
1000112c:	213f      	movs	r1, #63	; 0x3f
1000112e:	480c      	ldr	r0, [pc, #48]	; (10001160 <alarm_pool_add_alarm_at+0x160>)
10001130:	f000 ff0a 	bl	10001f48 <__assert_func>
10001134:	2001      	movs	r0, #1
10001136:	4240      	negs	r0, r0
10001138:	b00b      	add	sp, #44	; 0x2c
1000113a:	bcf0      	pop	{r4, r5, r6, r7}
1000113c:	46bb      	mov	fp, r7
1000113e:	46b2      	mov	sl, r6
10001140:	46a9      	mov	r9, r5
10001142:	46a0      	mov	r8, r4
10001144:	bdf0      	pop	{r4, r5, r6, r7, pc}
10001146:	9807      	ldr	r0, [sp, #28]
10001148:	e7f6      	b.n	10001138 <alarm_pool_add_alarm_at+0x138>
1000114a:	46c0      	nop			; (mov r8, r8)
1000114c:	100045b4 	.word	0x100045b4
10001150:	10004808 	.word	0x10004808
10001154:	10004560 	.word	0x10004560
10001158:	10004470 	.word	0x10004470
1000115c:	100047b0 	.word	0x100047b0
10001160:	1000448c 	.word	0x1000448c
10001164:	7fffffff 	.word	0x7fffffff

10001168 <alarm_pool_cancel_alarm>:
10001168:	b5f8      	push	{r3, r4, r5, r6, r7, lr}
1000116a:	0004      	movs	r4, r0
1000116c:	2900      	cmp	r1, #0
1000116e:	d100      	bne.n	10001172 <alarm_pool_cancel_alarm+0xa>
10001170:	e062      	b.n	10001238 <alarm_pool_cancel_alarm+0xd0>
10001172:	6842      	ldr	r2, [r0, #4]
10001174:	f3ef 8510 	mrs	r5, PRIMASK
10001178:	b672      	cpsid	i
1000117a:	6813      	ldr	r3, [r2, #0]
1000117c:	4258      	negs	r0, r3
1000117e:	4143      	adcs	r3, r0
10001180:	b2d8      	uxtb	r0, r3
10001182:	2b00      	cmp	r3, #0
10001184:	d1f9      	bne.n	1000117a <alarm_pool_cancel_alarm+0x12>
10001186:	f3bf 8f5f 	dmb	sy
1000118a:	b2cb      	uxtb	r3, r1
1000118c:	6822      	ldr	r2, [r4, #0]
1000118e:	7b56      	ldrb	r6, [r2, #13]
10001190:	42b3      	cmp	r3, r6
10001192:	d11b      	bne.n	100011cc <alarm_pool_cancel_alarm+0x64>
10001194:	2001      	movs	r0, #1
10001196:	2800      	cmp	r0, #0
10001198:	d048      	beq.n	1000122c <alarm_pool_cancel_alarm+0xc4>
1000119a:	6920      	ldr	r0, [r4, #16]
1000119c:	4288      	cmp	r0, r1
1000119e:	d02b      	beq.n	100011f8 <alarm_pool_cancel_alarm+0x90>
100011a0:	0a09      	lsrs	r1, r1, #8
100011a2:	b2c9      	uxtb	r1, r1
100011a4:	2b00      	cmp	r3, #0
100011a6:	d02e      	beq.n	10001206 <alarm_pool_cancel_alarm+0x9e>
100011a8:	6820      	ldr	r0, [r4, #0]
100011aa:	7b00      	ldrb	r0, [r0, #12]
100011ac:	4283      	cmp	r3, r0
100011ae:	d82a      	bhi.n	10001206 <alarm_pool_cancel_alarm+0x9e>
100011b0:	1e58      	subs	r0, r3, #1
100011b2:	68e6      	ldr	r6, [r4, #12]
100011b4:	5c30      	ldrb	r0, [r6, r0]
100011b6:	4288      	cmp	r0, r1
100011b8:	d02b      	beq.n	10001212 <alarm_pool_cancel_alarm+0xaa>
100011ba:	2000      	movs	r0, #0
100011bc:	6863      	ldr	r3, [r4, #4]
100011be:	f3bf 8f5f 	dmb	sy
100011c2:	2200      	movs	r2, #0
100011c4:	601a      	str	r2, [r3, #0]
100011c6:	f385 8810 	msr	PRIMASK, r5
100011ca:	bdf8      	pop	{r3, r4, r5, r6, r7, pc}
100011cc:	2b00      	cmp	r3, #0
100011ce:	d00d      	beq.n	100011ec <alarm_pool_cancel_alarm+0x84>
100011d0:	7b16      	ldrb	r6, [r2, #12]
100011d2:	42b3      	cmp	r3, r6
100011d4:	d80a      	bhi.n	100011ec <alarm_pool_cancel_alarm+0x84>
100011d6:	005e      	lsls	r6, r3, #1
100011d8:	18f6      	adds	r6, r6, r3
100011da:	3e03      	subs	r6, #3
100011dc:	6817      	ldr	r7, [r2, #0]
100011de:	46bc      	mov	ip, r7
100011e0:	4466      	add	r6, ip
100011e2:	78b6      	ldrb	r6, [r6, #2]
100011e4:	2e00      	cmp	r6, #0
100011e6:	d0d6      	beq.n	10001196 <alarm_pool_cancel_alarm+0x2e>
100011e8:	2001      	movs	r0, #1
100011ea:	e7d4      	b.n	10001196 <alarm_pool_cancel_alarm+0x2e>
100011ec:	4b13      	ldr	r3, [pc, #76]	; (1000123c <alarm_pool_cancel_alarm+0xd4>)
100011ee:	4a14      	ldr	r2, [pc, #80]	; (10001240 <alarm_pool_cancel_alarm+0xd8>)
100011f0:	2168      	movs	r1, #104	; 0x68
100011f2:	4814      	ldr	r0, [pc, #80]	; (10001244 <alarm_pool_cancel_alarm+0xdc>)
100011f4:	f000 fea8 	bl	10001f48 <__assert_func>
100011f8:	212c      	movs	r1, #44	; 0x2c
100011fa:	4b13      	ldr	r3, [pc, #76]	; (10001248 <alarm_pool_cancel_alarm+0xe0>)
100011fc:	4a13      	ldr	r2, [pc, #76]	; (1000124c <alarm_pool_cancel_alarm+0xe4>)
100011fe:	31ff      	adds	r1, #255	; 0xff
10001200:	4813      	ldr	r0, [pc, #76]	; (10001250 <alarm_pool_cancel_alarm+0xe8>)
10001202:	f000 fea1 	bl	10001f48 <__assert_func>
10001206:	4b13      	ldr	r3, [pc, #76]	; (10001254 <alarm_pool_cancel_alarm+0xec>)
10001208:	4a13      	ldr	r2, [pc, #76]	; (10001258 <alarm_pool_cancel_alarm+0xf0>)
1000120a:	2141      	movs	r1, #65	; 0x41
1000120c:	4810      	ldr	r0, [pc, #64]	; (10001250 <alarm_pool_cancel_alarm+0xe8>)
1000120e:	f000 fe9b 	bl	10001f48 <__assert_func>
10001212:	0019      	movs	r1, r3
10001214:	0010      	movs	r0, r2
10001216:	f000 fb91 	bl	1000193c <ph_remove_and_free_node>
1000121a:	2800      	cmp	r0, #0
1000121c:	d1ce      	bne.n	100011bc <alarm_pool_cancel_alarm+0x54>
1000121e:	2199      	movs	r1, #153	; 0x99
10001220:	4b0e      	ldr	r3, [pc, #56]	; (1000125c <alarm_pool_cancel_alarm+0xf4>)
10001222:	4a0a      	ldr	r2, [pc, #40]	; (1000124c <alarm_pool_cancel_alarm+0xe4>)
10001224:	0049      	lsls	r1, r1, #1
10001226:	480a      	ldr	r0, [pc, #40]	; (10001250 <alarm_pool_cancel_alarm+0xe8>)
10001228:	f000 fe8e 	bl	10001f48 <__assert_func>
1000122c:	6923      	ldr	r3, [r4, #16]
1000122e:	428b      	cmp	r3, r1
10001230:	d1c4      	bne.n	100011bc <alarm_pool_cancel_alarm+0x54>
10001232:	2300      	movs	r3, #0
10001234:	6123      	str	r3, [r4, #16]
10001236:	e7c1      	b.n	100011bc <alarm_pool_cancel_alarm+0x54>
10001238:	2000      	movs	r0, #0
1000123a:	e7c6      	b.n	100011ca <alarm_pool_cancel_alarm+0x62>
1000123c:	100045d8 	.word	0x100045d8
10001240:	10004850 	.word	0x10004850
10001244:	100045f4 	.word	0x100045f4
10001248:	10004770 	.word	0x10004770
1000124c:	10004798 	.word	0x10004798
10001250:	10004560 	.word	0x10004560
10001254:	100045b4 	.word	0x100045b4
10001258:	10004808 	.word	0x10004808
1000125c:	10004794 	.word	0x10004794

10001260 <best_effort_wfe_or_timeout>:
10001260:	b570      	push	{r4, r5, r6, lr}
10001262:	b084      	sub	sp, #16
10001264:	0005      	movs	r5, r0
10001266:	000c      	movs	r4, r1
10001268:	f3ef 8305 	mrs	r3, IPSR
1000126c:	2b00      	cmp	r3, #0
1000126e:	d11e      	bne.n	100012ae <best_effort_wfe_or_timeout+0x4e>
10001270:	f7ff feb0 	bl	10000fd4 <alarm_pool_get_default>
10001274:	2300      	movs	r3, #0
10001276:	9302      	str	r3, [sp, #8]
10001278:	9301      	str	r3, [sp, #4]
1000127a:	4b22      	ldr	r3, [pc, #136]	; (10001304 <best_effort_wfe_or_timeout+0xa4>)
1000127c:	9300      	str	r3, [sp, #0]
1000127e:	002a      	movs	r2, r5
10001280:	0023      	movs	r3, r4
10001282:	f7ff febd 	bl	10001000 <alarm_pool_add_alarm_at>
10001286:	1e06      	subs	r6, r0, #0
10001288:	dd23      	ble.n	100012d2 <best_effort_wfe_or_timeout+0x72>
1000128a:	bf20      	wfe
1000128c:	f7ff fea2 	bl	10000fd4 <alarm_pool_get_default>
10001290:	0031      	movs	r1, r6
10001292:	f7ff ff69 	bl	10001168 <alarm_pool_cancel_alarm>
10001296:	4b1c      	ldr	r3, [pc, #112]	; (10001308 <best_effort_wfe_or_timeout+0xa8>)
10001298:	6a5b      	ldr	r3, [r3, #36]	; 0x24
1000129a:	429c      	cmp	r4, r3
1000129c:	d82d      	bhi.n	100012fa <best_effort_wfe_or_timeout+0x9a>
1000129e:	4a1a      	ldr	r2, [pc, #104]	; (10001308 <best_effort_wfe_or_timeout+0xa8>)
100012a0:	6a92      	ldr	r2, [r2, #40]	; 0x28
100012a2:	42aa      	cmp	r2, r5
100012a4:	d22c      	bcs.n	10001300 <best_effort_wfe_or_timeout+0xa0>
100012a6:	429c      	cmp	r4, r3
100012a8:	d025      	beq.n	100012f6 <best_effort_wfe_or_timeout+0x96>
100012aa:	2001      	movs	r0, #1
100012ac:	e026      	b.n	100012fc <best_effort_wfe_or_timeout+0x9c>
100012ae:	4b16      	ldr	r3, [pc, #88]	; (10001308 <best_effort_wfe_or_timeout+0xa8>)
100012b0:	6a5b      	ldr	r3, [r3, #36]	; 0x24
100012b2:	4299      	cmp	r1, r3
100012b4:	d809      	bhi.n	100012ca <best_effort_wfe_or_timeout+0x6a>
100012b6:	4a14      	ldr	r2, [pc, #80]	; (10001308 <best_effort_wfe_or_timeout+0xa8>)
100012b8:	6a92      	ldr	r2, [r2, #40]	; 0x28
100012ba:	4282      	cmp	r2, r0
100012bc:	d207      	bcs.n	100012ce <best_effort_wfe_or_timeout+0x6e>
100012be:	4299      	cmp	r1, r3
100012c0:	d001      	beq.n	100012c6 <best_effort_wfe_or_timeout+0x66>
100012c2:	2001      	movs	r0, #1
100012c4:	e01a      	b.n	100012fc <best_effort_wfe_or_timeout+0x9c>
100012c6:	2000      	movs	r0, #0
100012c8:	e018      	b.n	100012fc <best_effort_wfe_or_timeout+0x9c>
100012ca:	2000      	movs	r0, #0
100012cc:	e016      	b.n	100012fc <best_effort_wfe_or_timeout+0x9c>
100012ce:	2001      	movs	r0, #1
100012d0:	e014      	b.n	100012fc <best_effort_wfe_or_timeout+0x9c>
100012d2:	4b0d      	ldr	r3, [pc, #52]	; (10001308 <best_effort_wfe_or_timeout+0xa8>)
100012d4:	6a5b      	ldr	r3, [r3, #36]	; 0x24
100012d6:	429c      	cmp	r4, r3
100012d8:	d809      	bhi.n	100012ee <best_effort_wfe_or_timeout+0x8e>
100012da:	4a0b      	ldr	r2, [pc, #44]	; (10001308 <best_effort_wfe_or_timeout+0xa8>)
100012dc:	6a92      	ldr	r2, [r2, #40]	; 0x28
100012de:	42aa      	cmp	r2, r5
100012e0:	d207      	bcs.n	100012f2 <best_effort_wfe_or_timeout+0x92>
100012e2:	429c      	cmp	r4, r3
100012e4:	d001      	beq.n	100012ea <best_effort_wfe_or_timeout+0x8a>
100012e6:	2001      	movs	r0, #1
100012e8:	e008      	b.n	100012fc <best_effort_wfe_or_timeout+0x9c>
100012ea:	2000      	movs	r0, #0
100012ec:	e006      	b.n	100012fc <best_effort_wfe_or_timeout+0x9c>
100012ee:	2000      	movs	r0, #0
100012f0:	e004      	b.n	100012fc <best_effort_wfe_or_timeout+0x9c>
100012f2:	2001      	movs	r0, #1
100012f4:	e002      	b.n	100012fc <best_effort_wfe_or_timeout+0x9c>
100012f6:	2000      	movs	r0, #0
100012f8:	e000      	b.n	100012fc <best_effort_wfe_or_timeout+0x9c>
100012fa:	2000      	movs	r0, #0
100012fc:	b004      	add	sp, #16
100012fe:	bd70      	pop	{r4, r5, r6, pc}
10001300:	2001      	movs	r0, #1
10001302:	e7fb      	b.n	100012fc <best_effort_wfe_or_timeout+0x9c>
10001304:	10000955 	.word	0x10000955
10001308:	40054000 	.word	0x40054000

1000130c <hardware_alarm_irq_handler>:
1000130c:	b570      	push	{r4, r5, r6, lr}
1000130e:	f3ef 8005 	mrs	r0, IPSR
10001312:	3810      	subs	r0, #16
10001314:	f3ef 8c10 	mrs	ip, PRIMASK
10001318:	b672      	cpsid	i
1000131a:	4b1a      	ldr	r3, [pc, #104]	; (10001384 <hardware_alarm_irq_handler+0x78>)
1000131c:	681b      	ldr	r3, [r3, #0]
1000131e:	2b00      	cmp	r3, #0
10001320:	d0fb      	beq.n	1000131a <hardware_alarm_irq_handler+0xe>
10001322:	f3bf 8f5f 	dmb	sy
10001326:	2201      	movs	r2, #1
10001328:	0013      	movs	r3, r2
1000132a:	4083      	lsls	r3, r0
1000132c:	4916      	ldr	r1, [pc, #88]	; (10001388 <hardware_alarm_irq_handler+0x7c>)
1000132e:	634b      	str	r3, [r1, #52]	; 0x34
10001330:	4916      	ldr	r1, [pc, #88]	; (1000138c <hardware_alarm_irq_handler+0x80>)
10001332:	600b      	str	r3, [r1, #0]
10001334:	4916      	ldr	r1, [pc, #88]	; (10001390 <hardware_alarm_irq_handler+0x84>)
10001336:	7809      	ldrb	r1, [r1, #0]
10001338:	000c      	movs	r4, r1
1000133a:	40c4      	lsrs	r4, r0
1000133c:	4222      	tst	r2, r4
1000133e:	d014      	beq.n	1000136a <hardware_alarm_irq_handler+0x5e>
10001340:	4a11      	ldr	r2, [pc, #68]	; (10001388 <hardware_alarm_irq_handler+0x7c>)
10001342:	6a54      	ldr	r4, [r2, #36]	; 0x24
10001344:	0082      	lsls	r2, r0, #2
10001346:	4d13      	ldr	r5, [pc, #76]	; (10001394 <hardware_alarm_irq_handler+0x88>)
10001348:	5952      	ldr	r2, [r2, r5]
1000134a:	4294      	cmp	r4, r2
1000134c:	d306      	bcc.n	1000135c <hardware_alarm_irq_handler+0x50>
1000134e:	0082      	lsls	r2, r0, #2
10001350:	4c11      	ldr	r4, [pc, #68]	; (10001398 <hardware_alarm_irq_handler+0x8c>)
10001352:	5912      	ldr	r2, [r2, r4]
10001354:	4399      	bics	r1, r3
10001356:	4b0e      	ldr	r3, [pc, #56]	; (10001390 <hardware_alarm_irq_handler+0x84>)
10001358:	7019      	strb	r1, [r3, #0]
1000135a:	e007      	b.n	1000136c <hardware_alarm_irq_handler+0x60>
1000135c:	4a0a      	ldr	r2, [pc, #40]	; (10001388 <hardware_alarm_irq_handler+0x7c>)
1000135e:	1d03      	adds	r3, r0, #4
10001360:	009b      	lsls	r3, r3, #2
10001362:	5899      	ldr	r1, [r3, r2]
10001364:	5099      	str	r1, [r3, r2]
10001366:	2200      	movs	r2, #0
10001368:	e000      	b.n	1000136c <hardware_alarm_irq_handler+0x60>
1000136a:	2200      	movs	r2, #0
1000136c:	f3bf 8f5f 	dmb	sy
10001370:	4b04      	ldr	r3, [pc, #16]	; (10001384 <hardware_alarm_irq_handler+0x78>)
10001372:	2100      	movs	r1, #0
10001374:	6019      	str	r1, [r3, #0]
10001376:	f38c 8810 	msr	PRIMASK, ip
1000137a:	2a00      	cmp	r2, #0
1000137c:	d000      	beq.n	10001380 <hardware_alarm_irq_handler+0x74>
1000137e:	4790      	blx	r2
10001380:	bd70      	pop	{r4, r5, r6, pc}
10001382:	46c0      	nop			; (mov r8, r8)
10001384:	d0000128 	.word	0xd0000128
10001388:	40054000 	.word	0x40054000
1000138c:	4005703c 	.word	0x4005703c
10001390:	200006de 	.word	0x200006de
10001394:	200006c4 	.word	0x200006c4
10001398:	20000424 	.word	0x20000424

1000139c <hardware_alarm_claim>:
1000139c:	b510      	push	{r4, lr}
1000139e:	0001      	movs	r1, r0
100013a0:	4a02      	ldr	r2, [pc, #8]	; (100013ac <hardware_alarm_claim+0x10>)
100013a2:	4803      	ldr	r0, [pc, #12]	; (100013b0 <hardware_alarm_claim+0x14>)
100013a4:	f7ff f850 	bl	10000448 <hw_claim_or_assert>
100013a8:	bd10      	pop	{r4, pc}
100013aa:	46c0      	nop			; (mov r8, r8)
100013ac:	10004874 	.word	0x10004874
100013b0:	200006dc 	.word	0x200006dc

100013b4 <time_us_64>:
100013b4:	4b04      	ldr	r3, [pc, #16]	; (100013c8 <time_us_64+0x14>)
100013b6:	6a5b      	ldr	r3, [r3, #36]	; 0x24
100013b8:	4a03      	ldr	r2, [pc, #12]	; (100013c8 <time_us_64+0x14>)
100013ba:	6a90      	ldr	r0, [r2, #40]	; 0x28
100013bc:	0019      	movs	r1, r3
100013be:	6a53      	ldr	r3, [r2, #36]	; 0x24
100013c0:	4299      	cmp	r1, r3
100013c2:	d1f9      	bne.n	100013b8 <time_us_64+0x4>
100013c4:	4770      	bx	lr
100013c6:	46c0      	nop			; (mov r8, r8)
100013c8:	40054000 	.word	0x40054000

100013cc <busy_wait_until>:
100013cc:	4b08      	ldr	r3, [pc, #32]	; (100013f0 <busy_wait_until+0x24>)
100013ce:	6a5b      	ldr	r3, [r3, #36]	; 0x24
100013d0:	e001      	b.n	100013d6 <busy_wait_until+0xa>
100013d2:	4b07      	ldr	r3, [pc, #28]	; (100013f0 <busy_wait_until+0x24>)
100013d4:	6a5b      	ldr	r3, [r3, #36]	; 0x24
100013d6:	428b      	cmp	r3, r1
100013d8:	d3fb      	bcc.n	100013d2 <busy_wait_until+0x6>
100013da:	e001      	b.n	100013e0 <busy_wait_until+0x14>
100013dc:	4b04      	ldr	r3, [pc, #16]	; (100013f0 <busy_wait_until+0x24>)
100013de:	6a5b      	ldr	r3, [r3, #36]	; 0x24
100013e0:	428b      	cmp	r3, r1
100013e2:	d103      	bne.n	100013ec <busy_wait_until+0x20>
100013e4:	4b02      	ldr	r3, [pc, #8]	; (100013f0 <busy_wait_until+0x24>)
100013e6:	6a9b      	ldr	r3, [r3, #40]	; 0x28
100013e8:	4283      	cmp	r3, r0
100013ea:	d3f7      	bcc.n	100013dc <busy_wait_until+0x10>
100013ec:	4770      	bx	lr
100013ee:	46c0      	nop			; (mov r8, r8)
100013f0:	40054000 	.word	0x40054000

100013f4 <busy_wait_us>:
100013f4:	b570      	push	{r4, r5, r6, lr}
100013f6:	0004      	movs	r4, r0
100013f8:	000d      	movs	r5, r1
100013fa:	f7ff ffdb 	bl	100013b4 <time_us_64>
100013fe:	0002      	movs	r2, r0
10001400:	000b      	movs	r3, r1
10001402:	0020      	movs	r0, r4
10001404:	0029      	movs	r1, r5
10001406:	1880      	adds	r0, r0, r2
10001408:	4159      	adcs	r1, r3
1000140a:	428b      	cmp	r3, r1
1000140c:	d802      	bhi.n	10001414 <busy_wait_us+0x20>
1000140e:	d104      	bne.n	1000141a <busy_wait_us+0x26>
10001410:	4282      	cmp	r2, r0
10001412:	d902      	bls.n	1000141a <busy_wait_us+0x26>
10001414:	2001      	movs	r0, #1
10001416:	4240      	negs	r0, r0
10001418:	17c1      	asrs	r1, r0, #31
1000141a:	2900      	cmp	r1, #0
1000141c:	db02      	blt.n	10001424 <busy_wait_us+0x30>
1000141e:	f7ff ffd5 	bl	100013cc <busy_wait_until>
10001422:	bd70      	pop	{r4, r5, r6, pc}
10001424:	4b02      	ldr	r3, [pc, #8]	; (10001430 <busy_wait_us+0x3c>)
10001426:	4a03      	ldr	r2, [pc, #12]	; (10001434 <busy_wait_us+0x40>)
10001428:	213f      	movs	r1, #63	; 0x3f
1000142a:	4803      	ldr	r0, [pc, #12]	; (10001438 <busy_wait_us+0x44>)
1000142c:	f000 fd8c 	bl	10001f48 <__assert_func>
10001430:	10004470 	.word	0x10004470
10001434:	10004938 	.word	0x10004938
10001438:	1000448c 	.word	0x1000448c

1000143c <hardware_alarm_set_callback>:
1000143c:	b570      	push	{r4, r5, r6, lr}
1000143e:	0004      	movs	r4, r0
10001440:	000d      	movs	r5, r1
10001442:	f3ef 8610 	mrs	r6, PRIMASK
10001446:	b672      	cpsid	i
10001448:	4b1b      	ldr	r3, [pc, #108]	; (100014b8 <hardware_alarm_set_callback+0x7c>)
1000144a:	681b      	ldr	r3, [r3, #0]
1000144c:	2b00      	cmp	r3, #0
1000144e:	d0fb      	beq.n	10001448 <hardware_alarm_set_callback+0xc>
10001450:	f3bf 8f5f 	dmb	sy
10001454:	2d00      	cmp	r5, #0
10001456:	d01c      	beq.n	10001492 <hardware_alarm_set_callback+0x56>
10001458:	0020      	movs	r0, r4
1000145a:	f7ff f8a9 	bl	100005b0 <irq_get_vtable_handler>
1000145e:	4b17      	ldr	r3, [pc, #92]	; (100014bc <hardware_alarm_set_callback+0x80>)
10001460:	4283      	cmp	r3, r0
10001462:	d00b      	beq.n	1000147c <hardware_alarm_set_callback+0x40>
10001464:	0019      	movs	r1, r3
10001466:	0020      	movs	r0, r4
10001468:	f7ff f8aa 	bl	100005c0 <irq_set_exclusive_handler>
1000146c:	2101      	movs	r1, #1
1000146e:	0020      	movs	r0, r4
10001470:	f7ff f896 	bl	100005a0 <irq_set_enabled>
10001474:	2301      	movs	r3, #1
10001476:	40a3      	lsls	r3, r4
10001478:	4a11      	ldr	r2, [pc, #68]	; (100014c0 <hardware_alarm_set_callback+0x84>)
1000147a:	6013      	str	r3, [r2, #0]
1000147c:	00a4      	lsls	r4, r4, #2
1000147e:	4b11      	ldr	r3, [pc, #68]	; (100014c4 <hardware_alarm_set_callback+0x88>)
10001480:	50e5      	str	r5, [r4, r3]
10001482:	f3bf 8f5f 	dmb	sy
10001486:	4b0c      	ldr	r3, [pc, #48]	; (100014b8 <hardware_alarm_set_callback+0x7c>)
10001488:	2200      	movs	r2, #0
1000148a:	601a      	str	r2, [r3, #0]
1000148c:	f386 8810 	msr	PRIMASK, r6
10001490:	bd70      	pop	{r4, r5, r6, pc}
10001492:	00a2      	lsls	r2, r4, #2
10001494:	4b0b      	ldr	r3, [pc, #44]	; (100014c4 <hardware_alarm_set_callback+0x88>)
10001496:	2100      	movs	r1, #0
10001498:	50d1      	str	r1, [r2, r3]
1000149a:	2201      	movs	r2, #1
1000149c:	40a2      	lsls	r2, r4
1000149e:	490a      	ldr	r1, [pc, #40]	; (100014c8 <hardware_alarm_set_callback+0x8c>)
100014a0:	780b      	ldrb	r3, [r1, #0]
100014a2:	4393      	bics	r3, r2
100014a4:	700b      	strb	r3, [r1, #0]
100014a6:	4905      	ldr	r1, [pc, #20]	; (100014bc <hardware_alarm_set_callback+0x80>)
100014a8:	0020      	movs	r0, r4
100014aa:	f7ff f8b3 	bl	10000614 <irq_remove_handler>
100014ae:	2100      	movs	r1, #0
100014b0:	0020      	movs	r0, r4
100014b2:	f7ff f875 	bl	100005a0 <irq_set_enabled>
100014b6:	e7e4      	b.n	10001482 <hardware_alarm_set_callback+0x46>
100014b8:	d0000128 	.word	0xd0000128
100014bc:	1000130d 	.word	0x1000130d
100014c0:	40056038 	.word	0x40056038
100014c4:	20000424 	.word	0x20000424
100014c8:	200006de 	.word	0x200006de

100014cc <hardware_alarm_set_target>:
100014cc:	b5f0      	push	{r4, r5, r6, r7, lr}
100014ce:	46de      	mov	lr, fp
100014d0:	b500      	push	{lr}
100014d2:	b084      	sub	sp, #16
100014d4:	0004      	movs	r4, r0
100014d6:	0015      	movs	r5, r2
100014d8:	9201      	str	r2, [sp, #4]
100014da:	001e      	movs	r6, r3
100014dc:	9302      	str	r3, [sp, #8]
100014de:	f7ff ff69 	bl	100013b4 <time_us_64>
100014e2:	9503      	str	r5, [sp, #12]
100014e4:	428e      	cmp	r6, r1
100014e6:	d802      	bhi.n	100014ee <hardware_alarm_set_target+0x22>
100014e8:	d14e      	bne.n	10001588 <hardware_alarm_set_target+0xbc>
100014ea:	4285      	cmp	r5, r0
100014ec:	d94c      	bls.n	10001588 <hardware_alarm_set_target+0xbc>
100014ee:	f3ef 8b10 	mrs	fp, PRIMASK
100014f2:	b672      	cpsid	i
100014f4:	4b27      	ldr	r3, [pc, #156]	; (10001594 <hardware_alarm_set_target+0xc8>)
100014f6:	681b      	ldr	r3, [r3, #0]
100014f8:	2b00      	cmp	r3, #0
100014fa:	d0fb      	beq.n	100014f4 <hardware_alarm_set_target+0x28>
100014fc:	f3bf 8f5f 	dmb	sy
10001500:	4a25      	ldr	r2, [pc, #148]	; (10001598 <hardware_alarm_set_target+0xcc>)
10001502:	7817      	ldrb	r7, [r2, #0]
10001504:	2501      	movs	r5, #1
10001506:	40a5      	lsls	r5, r4
10001508:	b2eb      	uxtb	r3, r5
1000150a:	433b      	orrs	r3, r7
1000150c:	7013      	strb	r3, [r2, #0]
1000150e:	4b23      	ldr	r3, [pc, #140]	; (1000159c <hardware_alarm_set_target+0xd0>)
10001510:	635d      	str	r5, [r3, #52]	; 0x34
10001512:	1d22      	adds	r2, r4, #4
10001514:	0092      	lsls	r2, r2, #2
10001516:	9901      	ldr	r1, [sp, #4]
10001518:	50d1      	str	r1, [r2, r3]
1000151a:	00a2      	lsls	r2, r4, #2
1000151c:	4920      	ldr	r1, [pc, #128]	; (100015a0 <hardware_alarm_set_target+0xd4>)
1000151e:	9802      	ldr	r0, [sp, #8]
10001520:	5050      	str	r0, [r2, r1]
10001522:	6a1b      	ldr	r3, [r3, #32]
10001524:	422b      	tst	r3, r5
10001526:	d112      	bne.n	1000154e <hardware_alarm_set_target+0x82>
10001528:	4b1c      	ldr	r3, [pc, #112]	; (1000159c <hardware_alarm_set_target+0xd0>)
1000152a:	6c1b      	ldr	r3, [r3, #64]	; 0x40
1000152c:	422b      	tst	r3, r5
1000152e:	d008      	beq.n	10001542 <hardware_alarm_set_target+0x76>
10001530:	2000      	movs	r0, #0
10001532:	f3bf 8f5f 	dmb	sy
10001536:	4b17      	ldr	r3, [pc, #92]	; (10001594 <hardware_alarm_set_target+0xc8>)
10001538:	2200      	movs	r2, #0
1000153a:	601a      	str	r2, [r3, #0]
1000153c:	f38b 8810 	msr	PRIMASK, fp
10001540:	e023      	b.n	1000158a <hardware_alarm_set_target+0xbe>
10001542:	4b18      	ldr	r3, [pc, #96]	; (100015a4 <hardware_alarm_set_target+0xd8>)
10001544:	4a18      	ldr	r2, [pc, #96]	; (100015a8 <hardware_alarm_set_target+0xdc>)
10001546:	21c5      	movs	r1, #197	; 0xc5
10001548:	4818      	ldr	r0, [pc, #96]	; (100015ac <hardware_alarm_set_target+0xe0>)
1000154a:	f000 fcfd 	bl	10001f48 <__assert_func>
1000154e:	f7ff ff31 	bl	100013b4 <time_us_64>
10001552:	428e      	cmp	r6, r1
10001554:	d814      	bhi.n	10001580 <hardware_alarm_set_target+0xb4>
10001556:	d102      	bne.n	1000155e <hardware_alarm_set_target+0x92>
10001558:	9b03      	ldr	r3, [sp, #12]
1000155a:	4283      	cmp	r3, r0
1000155c:	d810      	bhi.n	10001580 <hardware_alarm_set_target+0xb4>
1000155e:	4b0e      	ldr	r3, [pc, #56]	; (10001598 <hardware_alarm_set_target+0xcc>)
10001560:	781b      	ldrb	r3, [r3, #0]
10001562:	42bb      	cmp	r3, r7
10001564:	d00e      	beq.n	10001584 <hardware_alarm_set_target+0xb8>
10001566:	4b0d      	ldr	r3, [pc, #52]	; (1000159c <hardware_alarm_set_target+0xd0>)
10001568:	621d      	str	r5, [r3, #32]
1000156a:	635d      	str	r5, [r3, #52]	; 0x34
1000156c:	201f      	movs	r0, #31
1000156e:	4004      	ands	r4, r0
10001570:	2301      	movs	r3, #1
10001572:	40a3      	lsls	r3, r4
10001574:	4a0e      	ldr	r2, [pc, #56]	; (100015b0 <hardware_alarm_set_target+0xe4>)
10001576:	6013      	str	r3, [r2, #0]
10001578:	4b07      	ldr	r3, [pc, #28]	; (10001598 <hardware_alarm_set_target+0xcc>)
1000157a:	701f      	strb	r7, [r3, #0]
1000157c:	381e      	subs	r0, #30
1000157e:	e7d8      	b.n	10001532 <hardware_alarm_set_target+0x66>
10001580:	2000      	movs	r0, #0
10001582:	e7d6      	b.n	10001532 <hardware_alarm_set_target+0x66>
10001584:	2001      	movs	r0, #1
10001586:	e7d4      	b.n	10001532 <hardware_alarm_set_target+0x66>
10001588:	2001      	movs	r0, #1
1000158a:	b004      	add	sp, #16
1000158c:	bc80      	pop	{r7}
1000158e:	46bb      	mov	fp, r7
10001590:	bdf0      	pop	{r4, r5, r6, r7, pc}
10001592:	46c0      	nop			; (mov r8, r8)
10001594:	d0000128 	.word	0xd0000128
10001598:	200006de 	.word	0x200006de
1000159c:	40054000 	.word	0x40054000
100015a0:	200006c4 	.word	0x200006c4
100015a4:	10004898 	.word	0x10004898
100015a8:	1000491c 	.word	0x1000491c
100015ac:	100048bc 	.word	0x100048bc
100015b0:	e000e280 	.word	0xe000e280

100015b4 <hardware_alarm_cancel>:
100015b4:	f3ef 8c10 	mrs	ip, PRIMASK
100015b8:	b672      	cpsid	i
100015ba:	4b0b      	ldr	r3, [pc, #44]	; (100015e8 <hardware_alarm_cancel+0x34>)
100015bc:	681b      	ldr	r3, [r3, #0]
100015be:	2b00      	cmp	r3, #0
100015c0:	d0fb      	beq.n	100015ba <hardware_alarm_cancel+0x6>
100015c2:	f3bf 8f5f 	dmb	sy
100015c6:	2301      	movs	r3, #1
100015c8:	4083      	lsls	r3, r0
100015ca:	4a08      	ldr	r2, [pc, #32]	; (100015ec <hardware_alarm_cancel+0x38>)
100015cc:	6213      	str	r3, [r2, #32]
100015ce:	4908      	ldr	r1, [pc, #32]	; (100015f0 <hardware_alarm_cancel+0x3c>)
100015d0:	780a      	ldrb	r2, [r1, #0]
100015d2:	439a      	bics	r2, r3
100015d4:	700a      	strb	r2, [r1, #0]
100015d6:	f3bf 8f5f 	dmb	sy
100015da:	4b03      	ldr	r3, [pc, #12]	; (100015e8 <hardware_alarm_cancel+0x34>)
100015dc:	2200      	movs	r2, #0
100015de:	601a      	str	r2, [r3, #0]
100015e0:	f38c 8810 	msr	PRIMASK, ip
100015e4:	4770      	bx	lr
100015e6:	46c0      	nop			; (mov r8, r8)
100015e8:	d0000128 	.word	0xd0000128
100015ec:	40054000 	.word	0x40054000
100015f0:	200006de 	.word	0x200006de

100015f4 <ph_add_child_node>:
100015f4:	b510      	push	{r4, lr}
100015f6:	2900      	cmp	r1, #0
100015f8:	d01e      	beq.n	10001638 <ph_add_child_node+0x44>
100015fa:	7b03      	ldrb	r3, [r0, #12]
100015fc:	4299      	cmp	r1, r3
100015fe:	d81b      	bhi.n	10001638 <ph_add_child_node+0x44>
10001600:	004b      	lsls	r3, r1, #1
10001602:	185b      	adds	r3, r3, r1
10001604:	3b03      	subs	r3, #3
10001606:	6804      	ldr	r4, [r0, #0]
10001608:	46a4      	mov	ip, r4
1000160a:	4463      	add	r3, ip
1000160c:	2900      	cmp	r1, #0
1000160e:	d019      	beq.n	10001644 <ph_add_child_node+0x50>
10001610:	2a00      	cmp	r2, #0
10001612:	d01d      	beq.n	10001650 <ph_add_child_node+0x5c>
10001614:	4291      	cmp	r1, r2
10001616:	d021      	beq.n	1000165c <ph_add_child_node+0x68>
10001618:	2a00      	cmp	r2, #0
1000161a:	d025      	beq.n	10001668 <ph_add_child_node+0x74>
1000161c:	7b04      	ldrb	r4, [r0, #12]
1000161e:	42a2      	cmp	r2, r4
10001620:	d822      	bhi.n	10001668 <ph_add_child_node+0x74>
10001622:	6804      	ldr	r4, [r0, #0]
10001624:	0050      	lsls	r0, r2, #1
10001626:	1880      	adds	r0, r0, r2
10001628:	3803      	subs	r0, #3
1000162a:	1820      	adds	r0, r4, r0
1000162c:	7081      	strb	r1, [r0, #2]
1000162e:	7819      	ldrb	r1, [r3, #0]
10001630:	2900      	cmp	r1, #0
10001632:	d11f      	bne.n	10001674 <ph_add_child_node+0x80>
10001634:	701a      	strb	r2, [r3, #0]
10001636:	bd10      	pop	{r4, pc}
10001638:	4b10      	ldr	r3, [pc, #64]	; (1000167c <ph_add_child_node+0x88>)
1000163a:	4a11      	ldr	r2, [pc, #68]	; (10001680 <ph_add_child_node+0x8c>)
1000163c:	2168      	movs	r1, #104	; 0x68
1000163e:	4811      	ldr	r0, [pc, #68]	; (10001684 <ph_add_child_node+0x90>)
10001640:	f000 fc82 	bl	10001f48 <__assert_func>
10001644:	4b10      	ldr	r3, [pc, #64]	; (10001688 <ph_add_child_node+0x94>)
10001646:	4a11      	ldr	r2, [pc, #68]	; (1000168c <ph_add_child_node+0x98>)
10001648:	316f      	adds	r1, #111	; 0x6f
1000164a:	480e      	ldr	r0, [pc, #56]	; (10001684 <ph_add_child_node+0x90>)
1000164c:	f000 fc7c 	bl	10001f48 <__assert_func>
10001650:	4b0f      	ldr	r3, [pc, #60]	; (10001690 <ph_add_child_node+0x9c>)
10001652:	4a0e      	ldr	r2, [pc, #56]	; (1000168c <ph_add_child_node+0x98>)
10001654:	2170      	movs	r1, #112	; 0x70
10001656:	480b      	ldr	r0, [pc, #44]	; (10001684 <ph_add_child_node+0x90>)
10001658:	f000 fc76 	bl	10001f48 <__assert_func>
1000165c:	4b0d      	ldr	r3, [pc, #52]	; (10001694 <ph_add_child_node+0xa0>)
1000165e:	4a0b      	ldr	r2, [pc, #44]	; (1000168c <ph_add_child_node+0x98>)
10001660:	2171      	movs	r1, #113	; 0x71
10001662:	4808      	ldr	r0, [pc, #32]	; (10001684 <ph_add_child_node+0x90>)
10001664:	f000 fc70 	bl	10001f48 <__assert_func>
10001668:	4b04      	ldr	r3, [pc, #16]	; (1000167c <ph_add_child_node+0x88>)
1000166a:	4a05      	ldr	r2, [pc, #20]	; (10001680 <ph_add_child_node+0x8c>)
1000166c:	2168      	movs	r1, #104	; 0x68
1000166e:	4805      	ldr	r0, [pc, #20]	; (10001684 <ph_add_child_node+0x90>)
10001670:	f000 fc6a 	bl	10001f48 <__assert_func>
10001674:	7041      	strb	r1, [r0, #1]
10001676:	701a      	strb	r2, [r3, #0]
10001678:	e7dd      	b.n	10001636 <ph_add_child_node+0x42>
1000167a:	46c0      	nop			; (mov r8, r8)
1000167c:	100045d8 	.word	0x100045d8
10001680:	10004a58 	.word	0x10004a58
10001684:	100045f4 	.word	0x100045f4
10001688:	1000465c 	.word	0x1000465c
1000168c:	10004a44 	.word	0x10004a44
10001690:	10004668 	.word	0x10004668
10001694:	10004674 	.word	0x10004674

10001698 <ph_merge_nodes>:
10001698:	b570      	push	{r4, r5, r6, lr}
1000169a:	0006      	movs	r6, r0
1000169c:	000d      	movs	r5, r1
1000169e:	0014      	movs	r4, r2
100016a0:	2900      	cmp	r1, #0
100016a2:	d014      	beq.n	100016ce <ph_merge_nodes+0x36>
100016a4:	2a00      	cmp	r2, #0
100016a6:	d014      	beq.n	100016d2 <ph_merge_nodes+0x3a>
100016a8:	6880      	ldr	r0, [r0, #8]
100016aa:	6873      	ldr	r3, [r6, #4]
100016ac:	4798      	blx	r3
100016ae:	2800      	cmp	r0, #0
100016b0:	d006      	beq.n	100016c0 <ph_merge_nodes+0x28>
100016b2:	0022      	movs	r2, r4
100016b4:	0029      	movs	r1, r5
100016b6:	0030      	movs	r0, r6
100016b8:	f7ff ff9c 	bl	100015f4 <ph_add_child_node>
100016bc:	0028      	movs	r0, r5
100016be:	e007      	b.n	100016d0 <ph_merge_nodes+0x38>
100016c0:	002a      	movs	r2, r5
100016c2:	0021      	movs	r1, r4
100016c4:	0030      	movs	r0, r6
100016c6:	f7ff ff95 	bl	100015f4 <ph_add_child_node>
100016ca:	0020      	movs	r0, r4
100016cc:	e000      	b.n	100016d0 <ph_merge_nodes+0x38>
100016ce:	0010      	movs	r0, r2
100016d0:	bd70      	pop	{r4, r5, r6, pc}
100016d2:	0008      	movs	r0, r1
100016d4:	e7fc      	b.n	100016d0 <ph_merge_nodes+0x38>
	...

100016d8 <ph_clear>:
100016d8:	b510      	push	{r4, lr}
100016da:	2300      	movs	r3, #0
100016dc:	7343      	strb	r3, [r0, #13]
100016de:	3301      	adds	r3, #1
100016e0:	7383      	strb	r3, [r0, #14]
100016e2:	7b03      	ldrb	r3, [r0, #12]
100016e4:	73c3      	strb	r3, [r0, #15]
100016e6:	2301      	movs	r3, #1
100016e8:	7b02      	ldrb	r2, [r0, #12]
100016ea:	429a      	cmp	r2, r3
100016ec:	d914      	bls.n	10001718 <ph_clear+0x40>
100016ee:	2b00      	cmp	r3, #0
100016f0:	d00c      	beq.n	1000170c <ph_clear+0x34>
100016f2:	7b02      	ldrb	r2, [r0, #12]
100016f4:	4293      	cmp	r3, r2
100016f6:	d809      	bhi.n	1000170c <ph_clear+0x34>
100016f8:	005a      	lsls	r2, r3, #1
100016fa:	18d2      	adds	r2, r2, r3
100016fc:	3a03      	subs	r2, #3
100016fe:	6801      	ldr	r1, [r0, #0]
10001700:	468c      	mov	ip, r1
10001702:	4462      	add	r2, ip
10001704:	3301      	adds	r3, #1
10001706:	b2db      	uxtb	r3, r3
10001708:	7053      	strb	r3, [r2, #1]
1000170a:	e7ed      	b.n	100016e8 <ph_clear+0x10>
1000170c:	4b0b      	ldr	r3, [pc, #44]	; (1000173c <ph_clear+0x64>)
1000170e:	4a0c      	ldr	r2, [pc, #48]	; (10001740 <ph_clear+0x68>)
10001710:	2168      	movs	r1, #104	; 0x68
10001712:	480c      	ldr	r0, [pc, #48]	; (10001744 <ph_clear+0x6c>)
10001714:	f000 fc18 	bl	10001f48 <__assert_func>
10001718:	2a00      	cmp	r2, #0
1000171a:	d009      	beq.n	10001730 <ph_clear+0x58>
1000171c:	4292      	cmp	r2, r2
1000171e:	d807      	bhi.n	10001730 <ph_clear+0x58>
10001720:	6801      	ldr	r1, [r0, #0]
10001722:	0053      	lsls	r3, r2, #1
10001724:	189a      	adds	r2, r3, r2
10001726:	3a03      	subs	r2, #3
10001728:	188a      	adds	r2, r1, r2
1000172a:	2300      	movs	r3, #0
1000172c:	7053      	strb	r3, [r2, #1]
1000172e:	bd10      	pop	{r4, pc}
10001730:	4b02      	ldr	r3, [pc, #8]	; (1000173c <ph_clear+0x64>)
10001732:	4a03      	ldr	r2, [pc, #12]	; (10001740 <ph_clear+0x68>)
10001734:	2168      	movs	r1, #104	; 0x68
10001736:	4803      	ldr	r0, [pc, #12]	; (10001744 <ph_clear+0x6c>)
10001738:	f000 fc06 	bl	10001f48 <__assert_func>
1000173c:	100045d8 	.word	0x100045d8
10001740:	10004a58 	.word	0x10004a58
10001744:	100045f4 	.word	0x100045f4

10001748 <ph_post_alloc_init>:
10001748:	b510      	push	{r4, lr}
1000174a:	7301      	strb	r1, [r0, #12]
1000174c:	6042      	str	r2, [r0, #4]
1000174e:	6083      	str	r3, [r0, #8]
10001750:	f7ff ffc2 	bl	100016d8 <ph_clear>
10001754:	bd10      	pop	{r4, pc}
	...

10001758 <ph_merge_two_pass>:
10001758:	b570      	push	{r4, r5, r6, lr}
1000175a:	0004      	movs	r4, r0
1000175c:	1e08      	subs	r0, r1, #0
1000175e:	d100      	bne.n	10001762 <ph_merge_two_pass+0xa>
10001760:	bd70      	pop	{r4, r5, r6, pc}
10001762:	2900      	cmp	r1, #0
10001764:	d034      	beq.n	100017d0 <ph_merge_two_pass+0x78>
10001766:	7b23      	ldrb	r3, [r4, #12]
10001768:	4299      	cmp	r1, r3
1000176a:	d831      	bhi.n	100017d0 <ph_merge_two_pass+0x78>
1000176c:	004b      	lsls	r3, r1, #1
1000176e:	185b      	adds	r3, r3, r1
10001770:	3b03      	subs	r3, #3
10001772:	6822      	ldr	r2, [r4, #0]
10001774:	4694      	mov	ip, r2
10001776:	4463      	add	r3, ip
10001778:	785a      	ldrb	r2, [r3, #1]
1000177a:	2a00      	cmp	r2, #0
1000177c:	d0f0      	beq.n	10001760 <ph_merge_two_pass+0x8>
1000177e:	d02d      	beq.n	100017dc <ph_merge_two_pass+0x84>
10001780:	7b23      	ldrb	r3, [r4, #12]
10001782:	429a      	cmp	r2, r3
10001784:	d82a      	bhi.n	100017dc <ph_merge_two_pass+0x84>
10001786:	0053      	lsls	r3, r2, #1
10001788:	189b      	adds	r3, r3, r2
1000178a:	3b03      	subs	r3, #3
1000178c:	6821      	ldr	r1, [r4, #0]
1000178e:	468c      	mov	ip, r1
10001790:	4463      	add	r3, ip
10001792:	785d      	ldrb	r5, [r3, #1]
10001794:	2100      	movs	r1, #0
10001796:	7059      	strb	r1, [r3, #1]
10001798:	2800      	cmp	r0, #0
1000179a:	d025      	beq.n	100017e8 <ph_merge_two_pass+0x90>
1000179c:	7b23      	ldrb	r3, [r4, #12]
1000179e:	4298      	cmp	r0, r3
100017a0:	d822      	bhi.n	100017e8 <ph_merge_two_pass+0x90>
100017a2:	0043      	lsls	r3, r0, #1
100017a4:	181b      	adds	r3, r3, r0
100017a6:	3b03      	subs	r3, #3
100017a8:	6821      	ldr	r1, [r4, #0]
100017aa:	468c      	mov	ip, r1
100017ac:	4463      	add	r3, ip
100017ae:	2100      	movs	r1, #0
100017b0:	7059      	strb	r1, [r3, #1]
100017b2:	0001      	movs	r1, r0
100017b4:	0020      	movs	r0, r4
100017b6:	f7ff ff6f 	bl	10001698 <ph_merge_nodes>
100017ba:	0006      	movs	r6, r0
100017bc:	0029      	movs	r1, r5
100017be:	0020      	movs	r0, r4
100017c0:	f7ff ffca 	bl	10001758 <ph_merge_two_pass>
100017c4:	0002      	movs	r2, r0
100017c6:	0031      	movs	r1, r6
100017c8:	0020      	movs	r0, r4
100017ca:	f7ff ff65 	bl	10001698 <ph_merge_nodes>
100017ce:	e7c7      	b.n	10001760 <ph_merge_two_pass+0x8>
100017d0:	4b08      	ldr	r3, [pc, #32]	; (100017f4 <ph_merge_two_pass+0x9c>)
100017d2:	4a09      	ldr	r2, [pc, #36]	; (100017f8 <ph_merge_two_pass+0xa0>)
100017d4:	2168      	movs	r1, #104	; 0x68
100017d6:	4809      	ldr	r0, [pc, #36]	; (100017fc <ph_merge_two_pass+0xa4>)
100017d8:	f000 fbb6 	bl	10001f48 <__assert_func>
100017dc:	4b05      	ldr	r3, [pc, #20]	; (100017f4 <ph_merge_two_pass+0x9c>)
100017de:	4a06      	ldr	r2, [pc, #24]	; (100017f8 <ph_merge_two_pass+0xa0>)
100017e0:	2168      	movs	r1, #104	; 0x68
100017e2:	4806      	ldr	r0, [pc, #24]	; (100017fc <ph_merge_two_pass+0xa4>)
100017e4:	f000 fbb0 	bl	10001f48 <__assert_func>
100017e8:	4b02      	ldr	r3, [pc, #8]	; (100017f4 <ph_merge_two_pass+0x9c>)
100017ea:	4a03      	ldr	r2, [pc, #12]	; (100017f8 <ph_merge_two_pass+0xa0>)
100017ec:	2168      	movs	r1, #104	; 0x68
100017ee:	4803      	ldr	r0, [pc, #12]	; (100017fc <ph_merge_two_pass+0xa4>)
100017f0:	f000 fbaa 	bl	10001f48 <__assert_func>
100017f4:	100045d8 	.word	0x100045d8
100017f8:	10004a58 	.word	0x10004a58
100017fc:	100045f4 	.word	0x100045f4

10001800 <ph_remove_any_head>:
10001800:	b570      	push	{r4, r5, r6, lr}
10001802:	0005      	movs	r5, r0
10001804:	000c      	movs	r4, r1
10001806:	0016      	movs	r6, r2
10001808:	2900      	cmp	r1, #0
1000180a:	d02f      	beq.n	1000186c <ph_remove_any_head+0x6c>
1000180c:	d034      	beq.n	10001878 <ph_remove_any_head+0x78>
1000180e:	7b03      	ldrb	r3, [r0, #12]
10001810:	4299      	cmp	r1, r3
10001812:	d831      	bhi.n	10001878 <ph_remove_any_head+0x78>
10001814:	004b      	lsls	r3, r1, #1
10001816:	185b      	adds	r3, r3, r1
10001818:	3b03      	subs	r3, #3
1000181a:	6802      	ldr	r2, [r0, #0]
1000181c:	4694      	mov	ip, r2
1000181e:	4463      	add	r3, ip
10001820:	785a      	ldrb	r2, [r3, #1]
10001822:	2a00      	cmp	r2, #0
10001824:	d12e      	bne.n	10001884 <ph_remove_any_head+0x84>
10001826:	789a      	ldrb	r2, [r3, #2]
10001828:	2a00      	cmp	r2, #0
1000182a:	d131      	bne.n	10001890 <ph_remove_any_head+0x90>
1000182c:	7819      	ldrb	r1, [r3, #0]
1000182e:	f7ff ff93 	bl	10001758 <ph_merge_two_pass>
10001832:	0003      	movs	r3, r0
10001834:	2e00      	cmp	r6, #0
10001836:	d00a      	beq.n	1000184e <ph_remove_any_head+0x4e>
10001838:	7bea      	ldrb	r2, [r5, #15]
1000183a:	2a00      	cmp	r2, #0
1000183c:	d12e      	bne.n	1000189c <ph_remove_any_head+0x9c>
1000183e:	7baa      	ldrb	r2, [r5, #14]
10001840:	2a00      	cmp	r2, #0
10001842:	d103      	bne.n	1000184c <ph_remove_any_head+0x4c>
10001844:	7bea      	ldrb	r2, [r5, #15]
10001846:	2a00      	cmp	r2, #0
10001848:	d13b      	bne.n	100018c2 <ph_remove_any_head+0xc2>
1000184a:	73ac      	strb	r4, [r5, #14]
1000184c:	73ec      	strb	r4, [r5, #15]
1000184e:	2b00      	cmp	r3, #0
10001850:	d13d      	bne.n	100018ce <ph_remove_any_head+0xce>
10001852:	2c00      	cmp	r4, #0
10001854:	d04f      	beq.n	100018f6 <ph_remove_any_head+0xf6>
10001856:	7b2b      	ldrb	r3, [r5, #12]
10001858:	429c      	cmp	r4, r3
1000185a:	d84c      	bhi.n	100018f6 <ph_remove_any_head+0xf6>
1000185c:	682b      	ldr	r3, [r5, #0]
1000185e:	0061      	lsls	r1, r4, #1
10001860:	190c      	adds	r4, r1, r4
10001862:	3c03      	subs	r4, #3
10001864:	191c      	adds	r4, r3, r4
10001866:	2300      	movs	r3, #0
10001868:	7063      	strb	r3, [r4, #1]
1000186a:	bd70      	pop	{r4, r5, r6, pc}
1000186c:	4b25      	ldr	r3, [pc, #148]	; (10001904 <ph_remove_any_head+0x104>)
1000186e:	4a26      	ldr	r2, [pc, #152]	; (10001908 <ph_remove_any_head+0x108>)
10001870:	2138      	movs	r1, #56	; 0x38
10001872:	4826      	ldr	r0, [pc, #152]	; (1000190c <ph_remove_any_head+0x10c>)
10001874:	f000 fb68 	bl	10001f48 <__assert_func>
10001878:	4b25      	ldr	r3, [pc, #148]	; (10001910 <ph_remove_any_head+0x110>)
1000187a:	4a26      	ldr	r2, [pc, #152]	; (10001914 <ph_remove_any_head+0x114>)
1000187c:	2168      	movs	r1, #104	; 0x68
1000187e:	4826      	ldr	r0, [pc, #152]	; (10001918 <ph_remove_any_head+0x118>)
10001880:	f000 fb62 	bl	10001f48 <__assert_func>
10001884:	4b25      	ldr	r3, [pc, #148]	; (1000191c <ph_remove_any_head+0x11c>)
10001886:	4a20      	ldr	r2, [pc, #128]	; (10001908 <ph_remove_any_head+0x108>)
10001888:	213a      	movs	r1, #58	; 0x3a
1000188a:	4820      	ldr	r0, [pc, #128]	; (1000190c <ph_remove_any_head+0x10c>)
1000188c:	f000 fb5c 	bl	10001f48 <__assert_func>
10001890:	4b23      	ldr	r3, [pc, #140]	; (10001920 <ph_remove_any_head+0x120>)
10001892:	4a1d      	ldr	r2, [pc, #116]	; (10001908 <ph_remove_any_head+0x108>)
10001894:	213b      	movs	r1, #59	; 0x3b
10001896:	481d      	ldr	r0, [pc, #116]	; (1000190c <ph_remove_any_head+0x10c>)
10001898:	f000 fb56 	bl	10001f48 <__assert_func>
1000189c:	2a00      	cmp	r2, #0
1000189e:	d00a      	beq.n	100018b6 <ph_remove_any_head+0xb6>
100018a0:	7b29      	ldrb	r1, [r5, #12]
100018a2:	428a      	cmp	r2, r1
100018a4:	d807      	bhi.n	100018b6 <ph_remove_any_head+0xb6>
100018a6:	0051      	lsls	r1, r2, #1
100018a8:	188a      	adds	r2, r1, r2
100018aa:	3a03      	subs	r2, #3
100018ac:	6829      	ldr	r1, [r5, #0]
100018ae:	468c      	mov	ip, r1
100018b0:	4462      	add	r2, ip
100018b2:	7054      	strb	r4, [r2, #1]
100018b4:	e7c3      	b.n	1000183e <ph_remove_any_head+0x3e>
100018b6:	4b16      	ldr	r3, [pc, #88]	; (10001910 <ph_remove_any_head+0x110>)
100018b8:	4a16      	ldr	r2, [pc, #88]	; (10001914 <ph_remove_any_head+0x114>)
100018ba:	2168      	movs	r1, #104	; 0x68
100018bc:	4816      	ldr	r0, [pc, #88]	; (10001918 <ph_remove_any_head+0x118>)
100018be:	f000 fb43 	bl	10001f48 <__assert_func>
100018c2:	4b18      	ldr	r3, [pc, #96]	; (10001924 <ph_remove_any_head+0x124>)
100018c4:	4a10      	ldr	r2, [pc, #64]	; (10001908 <ph_remove_any_head+0x108>)
100018c6:	2142      	movs	r1, #66	; 0x42
100018c8:	4810      	ldr	r0, [pc, #64]	; (1000190c <ph_remove_any_head+0x10c>)
100018ca:	f000 fb3d 	bl	10001f48 <__assert_func>
100018ce:	2b00      	cmp	r3, #0
100018d0:	d00b      	beq.n	100018ea <ph_remove_any_head+0xea>
100018d2:	7b2a      	ldrb	r2, [r5, #12]
100018d4:	4293      	cmp	r3, r2
100018d6:	d808      	bhi.n	100018ea <ph_remove_any_head+0xea>
100018d8:	0043      	lsls	r3, r0, #1
100018da:	181b      	adds	r3, r3, r0
100018dc:	3b03      	subs	r3, #3
100018de:	682a      	ldr	r2, [r5, #0]
100018e0:	4694      	mov	ip, r2
100018e2:	4463      	add	r3, ip
100018e4:	2200      	movs	r2, #0
100018e6:	709a      	strb	r2, [r3, #2]
100018e8:	e7b3      	b.n	10001852 <ph_remove_any_head+0x52>
100018ea:	4b09      	ldr	r3, [pc, #36]	; (10001910 <ph_remove_any_head+0x110>)
100018ec:	4a09      	ldr	r2, [pc, #36]	; (10001914 <ph_remove_any_head+0x114>)
100018ee:	2168      	movs	r1, #104	; 0x68
100018f0:	4809      	ldr	r0, [pc, #36]	; (10001918 <ph_remove_any_head+0x118>)
100018f2:	f000 fb29 	bl	10001f48 <__assert_func>
100018f6:	4b06      	ldr	r3, [pc, #24]	; (10001910 <ph_remove_any_head+0x110>)
100018f8:	4a06      	ldr	r2, [pc, #24]	; (10001914 <ph_remove_any_head+0x114>)
100018fa:	2168      	movs	r1, #104	; 0x68
100018fc:	4806      	ldr	r0, [pc, #24]	; (10001918 <ph_remove_any_head+0x118>)
100018fe:	f000 fb23 	bl	10001f48 <__assert_func>
10001902:	46c0      	nop			; (mov r8, r8)
10001904:	10004950 	.word	0x10004950
10001908:	10004a30 	.word	0x10004a30
1000190c:	10004958 	.word	0x10004958
10001910:	100045d8 	.word	0x100045d8
10001914:	10004a58 	.word	0x10004a58
10001918:	100045f4 	.word	0x100045f4
1000191c:	100049ac 	.word	0x100049ac
10001920:	100049d4 	.word	0x100049d4
10001924:	10004738 	.word	0x10004738

10001928 <ph_remove_head>:
10001928:	b570      	push	{r4, r5, r6, lr}
1000192a:	0004      	movs	r4, r0
1000192c:	000a      	movs	r2, r1
1000192e:	7b45      	ldrb	r5, [r0, #13]
10001930:	0029      	movs	r1, r5
10001932:	f7ff ff65 	bl	10001800 <ph_remove_any_head>
10001936:	7360      	strb	r0, [r4, #13]
10001938:	0028      	movs	r0, r5
1000193a:	bd70      	pop	{r4, r5, r6, pc}

1000193c <ph_remove_and_free_node>:
1000193c:	b570      	push	{r4, r5, r6, lr}
1000193e:	0004      	movs	r4, r0
10001940:	2900      	cmp	r1, #0
10001942:	d067      	beq.n	10001a14 <ph_remove_and_free_node+0xd8>
10001944:	7b43      	ldrb	r3, [r0, #13]
10001946:	428b      	cmp	r3, r1
10001948:	d00e      	beq.n	10001968 <ph_remove_and_free_node+0x2c>
1000194a:	2900      	cmp	r1, #0
1000194c:	d011      	beq.n	10001972 <ph_remove_and_free_node+0x36>
1000194e:	7b03      	ldrb	r3, [r0, #12]
10001950:	4299      	cmp	r1, r3
10001952:	d80e      	bhi.n	10001972 <ph_remove_and_free_node+0x36>
10001954:	004b      	lsls	r3, r1, #1
10001956:	185b      	adds	r3, r3, r1
10001958:	3b03      	subs	r3, #3
1000195a:	6802      	ldr	r2, [r0, #0]
1000195c:	18d0      	adds	r0, r2, r3
1000195e:	7883      	ldrb	r3, [r0, #2]
10001960:	2b00      	cmp	r3, #0
10001962:	d10c      	bne.n	1000197e <ph_remove_and_free_node+0x42>
10001964:	2000      	movs	r0, #0
10001966:	e056      	b.n	10001a16 <ph_remove_and_free_node+0xda>
10001968:	2101      	movs	r1, #1
1000196a:	f7ff ffdd 	bl	10001928 <ph_remove_head>
1000196e:	2001      	movs	r0, #1
10001970:	e051      	b.n	10001a16 <ph_remove_and_free_node+0xda>
10001972:	4b29      	ldr	r3, [pc, #164]	; (10001a18 <ph_remove_and_free_node+0xdc>)
10001974:	4a29      	ldr	r2, [pc, #164]	; (10001a1c <ph_remove_and_free_node+0xe0>)
10001976:	2168      	movs	r1, #104	; 0x68
10001978:	4829      	ldr	r0, [pc, #164]	; (10001a20 <ph_remove_and_free_node+0xe4>)
1000197a:	f000 fae5 	bl	10001f48 <__assert_func>
1000197e:	2b00      	cmp	r3, #0
10001980:	d020      	beq.n	100019c4 <ph_remove_and_free_node+0x88>
10001982:	7b22      	ldrb	r2, [r4, #12]
10001984:	4293      	cmp	r3, r2
10001986:	d81d      	bhi.n	100019c4 <ph_remove_and_free_node+0x88>
10001988:	005a      	lsls	r2, r3, #1
1000198a:	18d3      	adds	r3, r2, r3
1000198c:	3b03      	subs	r3, #3
1000198e:	6822      	ldr	r2, [r4, #0]
10001990:	18d2      	adds	r2, r2, r3
10001992:	6825      	ldr	r5, [r4, #0]
10001994:	5ceb      	ldrb	r3, [r5, r3]
10001996:	428b      	cmp	r3, r1
10001998:	d01a      	beq.n	100019d0 <ph_remove_and_free_node+0x94>
1000199a:	2b00      	cmp	r3, #0
1000199c:	d01b      	beq.n	100019d6 <ph_remove_and_free_node+0x9a>
1000199e:	7b22      	ldrb	r2, [r4, #12]
100019a0:	4293      	cmp	r3, r2
100019a2:	d818      	bhi.n	100019d6 <ph_remove_and_free_node+0x9a>
100019a4:	005a      	lsls	r2, r3, #1
100019a6:	18d3      	adds	r3, r2, r3
100019a8:	3b03      	subs	r3, #3
100019aa:	6822      	ldr	r2, [r4, #0]
100019ac:	18d2      	adds	r2, r2, r3
100019ae:	7853      	ldrb	r3, [r2, #1]
100019b0:	428b      	cmp	r3, r1
100019b2:	d016      	beq.n	100019e2 <ph_remove_and_free_node+0xa6>
100019b4:	2b00      	cmp	r3, #0
100019b6:	d1f0      	bne.n	1000199a <ph_remove_and_free_node+0x5e>
100019b8:	4b1a      	ldr	r3, [pc, #104]	; (10001a24 <ph_remove_and_free_node+0xe8>)
100019ba:	4a1b      	ldr	r2, [pc, #108]	; (10001a28 <ph_remove_and_free_node+0xec>)
100019bc:	216b      	movs	r1, #107	; 0x6b
100019be:	481b      	ldr	r0, [pc, #108]	; (10001a2c <ph_remove_and_free_node+0xf0>)
100019c0:	f000 fac2 	bl	10001f48 <__assert_func>
100019c4:	4b14      	ldr	r3, [pc, #80]	; (10001a18 <ph_remove_and_free_node+0xdc>)
100019c6:	4a15      	ldr	r2, [pc, #84]	; (10001a1c <ph_remove_and_free_node+0xe0>)
100019c8:	2168      	movs	r1, #104	; 0x68
100019ca:	4815      	ldr	r0, [pc, #84]	; (10001a20 <ph_remove_and_free_node+0xe4>)
100019cc:	f000 fabc 	bl	10001f48 <__assert_func>
100019d0:	7843      	ldrb	r3, [r0, #1]
100019d2:	7013      	strb	r3, [r2, #0]
100019d4:	e007      	b.n	100019e6 <ph_remove_and_free_node+0xaa>
100019d6:	4b10      	ldr	r3, [pc, #64]	; (10001a18 <ph_remove_and_free_node+0xdc>)
100019d8:	4a10      	ldr	r2, [pc, #64]	; (10001a1c <ph_remove_and_free_node+0xe0>)
100019da:	2168      	movs	r1, #104	; 0x68
100019dc:	4810      	ldr	r0, [pc, #64]	; (10001a20 <ph_remove_and_free_node+0xe4>)
100019de:	f000 fab3 	bl	10001f48 <__assert_func>
100019e2:	7843      	ldrb	r3, [r0, #1]
100019e4:	7053      	strb	r3, [r2, #1]
100019e6:	2300      	movs	r3, #0
100019e8:	7083      	strb	r3, [r0, #2]
100019ea:	7043      	strb	r3, [r0, #1]
100019ec:	2201      	movs	r2, #1
100019ee:	0020      	movs	r0, r4
100019f0:	f7ff ff06 	bl	10001800 <ph_remove_any_head>
100019f4:	0002      	movs	r2, r0
100019f6:	7b61      	ldrb	r1, [r4, #13]
100019f8:	4281      	cmp	r1, r0
100019fa:	d005      	beq.n	10001a08 <ph_remove_and_free_node+0xcc>
100019fc:	0020      	movs	r0, r4
100019fe:	f7ff fe4b 	bl	10001698 <ph_merge_nodes>
10001a02:	7360      	strb	r0, [r4, #13]
10001a04:	2001      	movs	r0, #1
10001a06:	e006      	b.n	10001a16 <ph_remove_and_free_node+0xda>
10001a08:	4b09      	ldr	r3, [pc, #36]	; (10001a30 <ph_remove_and_free_node+0xf4>)
10001a0a:	4a07      	ldr	r2, [pc, #28]	; (10001a28 <ph_remove_and_free_node+0xec>)
10001a0c:	2171      	movs	r1, #113	; 0x71
10001a0e:	4807      	ldr	r0, [pc, #28]	; (10001a2c <ph_remove_and_free_node+0xf0>)
10001a10:	f000 fa9a 	bl	10001f48 <__assert_func>
10001a14:	2000      	movs	r0, #0
10001a16:	bd70      	pop	{r4, r5, r6, pc}
10001a18:	100045d8 	.word	0x100045d8
10001a1c:	10004a58 	.word	0x10004a58
10001a20:	100045f4 	.word	0x100045f4
10001a24:	10004378 	.word	0x10004378
10001a28:	10004a18 	.word	0x10004a18
10001a2c:	10004958 	.word	0x10004958
10001a30:	100049f8 	.word	0x100049f8

10001a34 <uart_disable_before_lcr_write>:
10001a34:	b570      	push	{r4, r5, r6, lr}
10001a36:	6b04      	ldr	r4, [r0, #48]	; 0x30
10001a38:	07e3      	lsls	r3, r4, #31
10001a3a:	d401      	bmi.n	10001a40 <uart_disable_before_lcr_write+0xc>
10001a3c:	0020      	movs	r0, r4
10001a3e:	bd70      	pop	{r4, r5, r6, pc}
10001a40:	0002      	movs	r2, r0
10001a42:	3230      	adds	r2, #48	; 0x30
10001a44:	23c0      	movs	r3, #192	; 0xc0
10001a46:	019b      	lsls	r3, r3, #6
10001a48:	4313      	orrs	r3, r2
10001a4a:	4a0a      	ldr	r2, [pc, #40]	; (10001a74 <uart_disable_before_lcr_write+0x40>)
10001a4c:	601a      	str	r2, [r3, #0]
10001a4e:	6a45      	ldr	r5, [r0, #36]	; 0x24
10001a50:	6a82      	ldr	r2, [r0, #40]	; 0x28
10001a52:	01ad      	lsls	r5, r5, #6
10001a54:	18ad      	adds	r5, r5, r2
10001a56:	02ad      	lsls	r5, r5, #10
10001a58:	2006      	movs	r0, #6
10001a5a:	f000 f9bd 	bl	10001dd8 <clock_get_hz>
10001a5e:	4906      	ldr	r1, [pc, #24]	; (10001a78 <uart_disable_before_lcr_write+0x44>)
10001a60:	f001 fc20 	bl	100032a4 <__wrap___aeabi_uidiv>
10001a64:	0001      	movs	r1, r0
10001a66:	0028      	movs	r0, r5
10001a68:	f001 fc1c 	bl	100032a4 <__wrap___aeabi_uidiv>
10001a6c:	2100      	movs	r1, #0
10001a6e:	f7ff fcc1 	bl	100013f4 <busy_wait_us>
10001a72:	e7e3      	b.n	10001a3c <uart_disable_before_lcr_write+0x8>
10001a74:	00000301 	.word	0x00000301
10001a78:	00000e4e 	.word	0x00000e4e

10001a7c <uart_write_lcr_bits_masked>:
10001a7c:	b570      	push	{r4, r5, r6, lr}
10001a7e:	0004      	movs	r4, r0
10001a80:	000e      	movs	r6, r1
10001a82:	0015      	movs	r5, r2
10001a84:	f7ff ffd6 	bl	10001a34 <uart_disable_before_lcr_write>
10001a88:	0022      	movs	r2, r4
10001a8a:	322c      	adds	r2, #44	; 0x2c
10001a8c:	6ae1      	ldr	r1, [r4, #44]	; 0x2c
10001a8e:	404e      	eors	r6, r1
10001a90:	4035      	ands	r5, r6
10001a92:	2380      	movs	r3, #128	; 0x80
10001a94:	015b      	lsls	r3, r3, #5
10001a96:	4313      	orrs	r3, r2
10001a98:	601d      	str	r5, [r3, #0]
10001a9a:	6320      	str	r0, [r4, #48]	; 0x30
10001a9c:	bd70      	pop	{r4, r5, r6, pc}
	...

10001aa0 <uart_set_baudrate>:
10001aa0:	b570      	push	{r4, r5, r6, lr}
10001aa2:	0005      	movs	r5, r0
10001aa4:	000c      	movs	r4, r1
10001aa6:	2006      	movs	r0, #6
10001aa8:	f000 f996 	bl	10001dd8 <clock_get_hz>
10001aac:	00c0      	lsls	r0, r0, #3
10001aae:	0021      	movs	r1, r4
10001ab0:	f001 fbf8 	bl	100032a4 <__wrap___aeabi_uidiv>
10001ab4:	09c6      	lsrs	r6, r0, #7
10001ab6:	d008      	beq.n	10001aca <uart_set_baudrate+0x2a>
10001ab8:	4b0e      	ldr	r3, [pc, #56]	; (10001af4 <uart_set_baudrate+0x54>)
10001aba:	429e      	cmp	r6, r3
10001abc:	d816      	bhi.n	10001aec <uart_set_baudrate+0x4c>
10001abe:	237f      	movs	r3, #127	; 0x7f
10001ac0:	4018      	ands	r0, r3
10001ac2:	3001      	adds	r0, #1
10001ac4:	0034      	movs	r4, r6
10001ac6:	0846      	lsrs	r6, r0, #1
10001ac8:	e000      	b.n	10001acc <uart_set_baudrate+0x2c>
10001aca:	2401      	movs	r4, #1
10001acc:	626c      	str	r4, [r5, #36]	; 0x24
10001ace:	62ae      	str	r6, [r5, #40]	; 0x28
10001ad0:	2200      	movs	r2, #0
10001ad2:	2100      	movs	r1, #0
10001ad4:	0028      	movs	r0, r5
10001ad6:	f7ff ffd1 	bl	10001a7c <uart_write_lcr_bits_masked>
10001ada:	2006      	movs	r0, #6
10001adc:	f000 f97c 	bl	10001dd8 <clock_get_hz>
10001ae0:	0080      	lsls	r0, r0, #2
10001ae2:	01a1      	lsls	r1, r4, #6
10001ae4:	1989      	adds	r1, r1, r6
10001ae6:	f001 fbdd 	bl	100032a4 <__wrap___aeabi_uidiv>
10001aea:	bd70      	pop	{r4, r5, r6, pc}
10001aec:	2600      	movs	r6, #0
10001aee:	4c02      	ldr	r4, [pc, #8]	; (10001af8 <uart_set_baudrate+0x58>)
10001af0:	e7ec      	b.n	10001acc <uart_set_baudrate+0x2c>
10001af2:	46c0      	nop			; (mov r8, r8)
10001af4:	0000fffe 	.word	0x0000fffe
10001af8:	0000ffff 	.word	0x0000ffff

10001afc <uart_set_format>:
10001afc:	b510      	push	{r4, lr}
10001afe:	3905      	subs	r1, #5
10001b00:	0149      	lsls	r1, r1, #5
10001b02:	3a01      	subs	r2, #1
10001b04:	00d2      	lsls	r2, r2, #3
10001b06:	4311      	orrs	r1, r2
10001b08:	2b00      	cmp	r3, #0
10001b0a:	d009      	beq.n	10001b20 <uart_set_format+0x24>
10001b0c:	2202      	movs	r2, #2
10001b0e:	430a      	orrs	r2, r1
10001b10:	2b01      	cmp	r3, #1
10001b12:	d007      	beq.n	10001b24 <uart_set_format+0x28>
10001b14:	2100      	movs	r1, #0
10001b16:	4311      	orrs	r1, r2
10001b18:	226e      	movs	r2, #110	; 0x6e
10001b1a:	f7ff ffaf 	bl	10001a7c <uart_write_lcr_bits_masked>
10001b1e:	bd10      	pop	{r4, pc}
10001b20:	2200      	movs	r2, #0
10001b22:	e7f4      	b.n	10001b0e <uart_set_format+0x12>
10001b24:	2104      	movs	r1, #4
10001b26:	e7f6      	b.n	10001b16 <uart_set_format+0x1a>

10001b28 <uart_set_translate_crlf>:
10001b28:	2900      	cmp	r1, #0
10001b2a:	d009      	beq.n	10001b40 <uart_set_translate_crlf+0x18>
10001b2c:	220a      	movs	r2, #10
10001b2e:	4b06      	ldr	r3, [pc, #24]	; (10001b48 <uart_set_translate_crlf+0x20>)
10001b30:	469c      	mov	ip, r3
10001b32:	4460      	add	r0, ip
10001b34:	4243      	negs	r3, r0
10001b36:	4158      	adcs	r0, r3
10001b38:	0040      	lsls	r0, r0, #1
10001b3a:	4b04      	ldr	r3, [pc, #16]	; (10001b4c <uart_set_translate_crlf+0x24>)
10001b3c:	52c2      	strh	r2, [r0, r3]
10001b3e:	4770      	bx	lr
10001b40:	2280      	movs	r2, #128	; 0x80
10001b42:	0052      	lsls	r2, r2, #1
10001b44:	e7f3      	b.n	10001b2e <uart_set_translate_crlf+0x6>
10001b46:	46c0      	nop			; (mov r8, r8)
10001b48:	bffc8000 	.word	0xbffc8000
10001b4c:	200006d4 	.word	0x200006d4

10001b50 <uart_init>:
10001b50:	b570      	push	{r4, r5, r6, lr}
10001b52:	0005      	movs	r5, r0
10001b54:	000c      	movs	r4, r1
10001b56:	2006      	movs	r0, #6
10001b58:	f000 f93e 	bl	10001dd8 <clock_get_hz>
10001b5c:	1e06      	subs	r6, r0, #0
10001b5e:	d027      	beq.n	10001bb0 <uart_init+0x60>
10001b60:	4b16      	ldr	r3, [pc, #88]	; (10001bbc <uart_init+0x6c>)
10001b62:	429d      	cmp	r5, r3
10001b64:	d026      	beq.n	10001bb4 <uart_init+0x64>
10001b66:	2280      	movs	r2, #128	; 0x80
10001b68:	03d2      	lsls	r2, r2, #15
10001b6a:	4b15      	ldr	r3, [pc, #84]	; (10001bc0 <uart_init+0x70>)
10001b6c:	601a      	str	r2, [r3, #0]
10001b6e:	4b15      	ldr	r3, [pc, #84]	; (10001bc4 <uart_init+0x74>)
10001b70:	601a      	str	r2, [r3, #0]
10001b72:	4b15      	ldr	r3, [pc, #84]	; (10001bc8 <uart_init+0x78>)
10001b74:	689b      	ldr	r3, [r3, #8]
10001b76:	0011      	movs	r1, r2
10001b78:	4399      	bics	r1, r3
10001b7a:	d1fa      	bne.n	10001b72 <uart_init+0x22>
10001b7c:	2100      	movs	r1, #0
10001b7e:	0028      	movs	r0, r5
10001b80:	f7ff ffd2 	bl	10001b28 <uart_set_translate_crlf>
10001b84:	0021      	movs	r1, r4
10001b86:	0028      	movs	r0, r5
10001b88:	f7ff ff8a 	bl	10001aa0 <uart_set_baudrate>
10001b8c:	0006      	movs	r6, r0
10001b8e:	2300      	movs	r3, #0
10001b90:	2201      	movs	r2, #1
10001b92:	2108      	movs	r1, #8
10001b94:	0028      	movs	r0, r5
10001b96:	f7ff ffb1 	bl	10001afc <uart_set_format>
10001b9a:	002a      	movs	r2, r5
10001b9c:	322c      	adds	r2, #44	; 0x2c
10001b9e:	2380      	movs	r3, #128	; 0x80
10001ba0:	019b      	lsls	r3, r3, #6
10001ba2:	4313      	orrs	r3, r2
10001ba4:	2210      	movs	r2, #16
10001ba6:	601a      	str	r2, [r3, #0]
10001ba8:	4b08      	ldr	r3, [pc, #32]	; (10001bcc <uart_init+0x7c>)
10001baa:	632b      	str	r3, [r5, #48]	; 0x30
10001bac:	2303      	movs	r3, #3
10001bae:	64ab      	str	r3, [r5, #72]	; 0x48
10001bb0:	0030      	movs	r0, r6
10001bb2:	bd70      	pop	{r4, r5, r6, pc}
10001bb4:	2280      	movs	r2, #128	; 0x80
10001bb6:	0412      	lsls	r2, r2, #16
10001bb8:	e7d7      	b.n	10001b6a <uart_init+0x1a>
10001bba:	46c0      	nop			; (mov r8, r8)
10001bbc:	40038000 	.word	0x40038000
10001bc0:	4000e000 	.word	0x4000e000
10001bc4:	4000f000 	.word	0x4000f000
10001bc8:	4000c000 	.word	0x4000c000
10001bcc:	00000301 	.word	0x00000301

10001bd0 <clock_configure>:
10001bd0:	b5f8      	push	{r3, r4, r5, r6, r7, lr}
10001bd2:	46de      	mov	lr, fp
10001bd4:	4657      	mov	r7, sl
10001bd6:	464e      	mov	r6, r9
10001bd8:	4645      	mov	r5, r8
10001bda:	b5e0      	push	{r5, r6, r7, lr}
10001bdc:	0005      	movs	r5, r0
10001bde:	000f      	movs	r7, r1
10001be0:	4692      	mov	sl, r2
10001be2:	9a0a      	ldr	r2, [sp, #40]	; 0x28
10001be4:	4293      	cmp	r3, r2
10001be6:	d350      	bcc.n	10001c8a <clock_configure+0xba>
10001be8:	0e1a      	lsrs	r2, r3, #24
10001bea:	4691      	mov	r9, r2
10001bec:	021e      	lsls	r6, r3, #8
10001bee:	9a0a      	ldr	r2, [sp, #40]	; 0x28
10001bf0:	2300      	movs	r3, #0
10001bf2:	0030      	movs	r0, r6
10001bf4:	4649      	mov	r1, r9
10001bf6:	f001 fb93 	bl	10003320 <__wrap___aeabi_uldivmod>
10001bfa:	4680      	mov	r8, r0
10001bfc:	006c      	lsls	r4, r5, #1
10001bfe:	1964      	adds	r4, r4, r5
10001c00:	00a4      	lsls	r4, r4, #2
10001c02:	4b30      	ldr	r3, [pc, #192]	; (10001cc4 <clock_configure+0xf4>)
10001c04:	469c      	mov	ip, r3
10001c06:	4464      	add	r4, ip
10001c08:	6863      	ldr	r3, [r4, #4]
10001c0a:	4283      	cmp	r3, r0
10001c0c:	d200      	bcs.n	10001c10 <clock_configure+0x40>
10001c0e:	6060      	str	r0, [r4, #4]
10001c10:	1f2b      	subs	r3, r5, #4
10001c12:	b2db      	uxtb	r3, r3
10001c14:	469b      	mov	fp, r3
10001c16:	2b01      	cmp	r3, #1
10001c18:	d93d      	bls.n	10001c96 <clock_configure+0xc6>
10001c1a:	23c0      	movs	r3, #192	; 0xc0
10001c1c:	019b      	lsls	r3, r3, #6
10001c1e:	4323      	orrs	r3, r4
10001c20:	2280      	movs	r2, #128	; 0x80
10001c22:	0112      	lsls	r2, r2, #4
10001c24:	601a      	str	r2, [r3, #0]
10001c26:	00ab      	lsls	r3, r5, #2
10001c28:	4a27      	ldr	r2, [pc, #156]	; (10001cc8 <clock_configure+0xf8>)
10001c2a:	5899      	ldr	r1, [r3, r2]
10001c2c:	2900      	cmp	r1, #0
10001c2e:	d007      	beq.n	10001c40 <clock_configure+0x70>
10001c30:	6950      	ldr	r0, [r2, #20]
10001c32:	f001 fb37 	bl	100032a4 <__wrap___aeabi_uidiv>
10001c36:	1c43      	adds	r3, r0, #1
10001c38:	0058      	lsls	r0, r3, #1
10001c3a:	18c0      	adds	r0, r0, r3
10001c3c:	3803      	subs	r0, #3
10001c3e:	d2fd      	bcs.n	10001c3c <clock_configure+0x6c>
10001c40:	4653      	mov	r3, sl
10001c42:	015a      	lsls	r2, r3, #5
10001c44:	6823      	ldr	r3, [r4, #0]
10001c46:	405a      	eors	r2, r3
10001c48:	23e0      	movs	r3, #224	; 0xe0
10001c4a:	401a      	ands	r2, r3
10001c4c:	2380      	movs	r3, #128	; 0x80
10001c4e:	015b      	lsls	r3, r3, #5
10001c50:	4323      	orrs	r3, r4
10001c52:	601a      	str	r2, [r3, #0]
10001c54:	465a      	mov	r2, fp
10001c56:	2a01      	cmp	r2, #1
10001c58:	d928      	bls.n	10001cac <clock_configure+0xdc>
10001c5a:	2380      	movs	r3, #128	; 0x80
10001c5c:	019b      	lsls	r3, r3, #6
10001c5e:	4323      	orrs	r3, r4
10001c60:	2280      	movs	r2, #128	; 0x80
10001c62:	0112      	lsls	r2, r2, #4
10001c64:	601a      	str	r2, [r3, #0]
10001c66:	4643      	mov	r3, r8
10001c68:	6063      	str	r3, [r4, #4]
10001c6a:	4642      	mov	r2, r8
10001c6c:	2300      	movs	r3, #0
10001c6e:	0030      	movs	r0, r6
10001c70:	4649      	mov	r1, r9
10001c72:	f001 fb55 	bl	10003320 <__wrap___aeabi_uldivmod>
10001c76:	00ad      	lsls	r5, r5, #2
10001c78:	4b13      	ldr	r3, [pc, #76]	; (10001cc8 <clock_configure+0xf8>)
10001c7a:	5158      	str	r0, [r3, r5]
10001c7c:	2001      	movs	r0, #1
10001c7e:	bcf0      	pop	{r4, r5, r6, r7}
10001c80:	46bb      	mov	fp, r7
10001c82:	46b2      	mov	sl, r6
10001c84:	46a9      	mov	r9, r5
10001c86:	46a0      	mov	r8, r4
10001c88:	bdf8      	pop	{r3, r4, r5, r6, r7, pc}
10001c8a:	4b10      	ldr	r3, [pc, #64]	; (10001ccc <clock_configure+0xfc>)
10001c8c:	4a10      	ldr	r2, [pc, #64]	; (10001cd0 <clock_configure+0x100>)
10001c8e:	2133      	movs	r1, #51	; 0x33
10001c90:	4810      	ldr	r0, [pc, #64]	; (10001cd4 <clock_configure+0x104>)
10001c92:	f000 f959 	bl	10001f48 <__assert_func>
10001c96:	2f01      	cmp	r7, #1
10001c98:	d1bf      	bne.n	10001c1a <clock_configure+0x4a>
10001c9a:	23c0      	movs	r3, #192	; 0xc0
10001c9c:	019b      	lsls	r3, r3, #6
10001c9e:	4323      	orrs	r3, r4
10001ca0:	2203      	movs	r2, #3
10001ca2:	601a      	str	r2, [r3, #0]
10001ca4:	68a3      	ldr	r3, [r4, #8]
10001ca6:	07db      	lsls	r3, r3, #31
10001ca8:	d5fc      	bpl.n	10001ca4 <clock_configure+0xd4>
10001caa:	e7c9      	b.n	10001c40 <clock_configure+0x70>
10001cac:	6821      	ldr	r1, [r4, #0]
10001cae:	4079      	eors	r1, r7
10001cb0:	2203      	movs	r2, #3
10001cb2:	400a      	ands	r2, r1
10001cb4:	601a      	str	r2, [r3, #0]
10001cb6:	68a2      	ldr	r2, [r4, #8]
10001cb8:	2301      	movs	r3, #1
10001cba:	40bb      	lsls	r3, r7
10001cbc:	4213      	tst	r3, r2
10001cbe:	d0fa      	beq.n	10001cb6 <clock_configure+0xe6>
10001cc0:	e7cb      	b.n	10001c5a <clock_configure+0x8a>
10001cc2:	46c0      	nop			; (mov r8, r8)
10001cc4:	40008000 	.word	0x40008000
10001cc8:	2000043c 	.word	0x2000043c
10001ccc:	10004a64 	.word	0x10004a64
10001cd0:	10004ad8 	.word	0x10004ad8
10001cd4:	10004a78 	.word	0x10004a78

10001cd8 <clocks_init>:
10001cd8:	b530      	push	{r4, r5, lr}
10001cda:	b083      	sub	sp, #12
10001cdc:	200c      	movs	r0, #12
10001cde:	f000 f911 	bl	10001f04 <watchdog_start_tick>
10001ce2:	f7fe fb91 	bl	10000408 <running_on_fpga>
10001ce6:	2800      	cmp	r0, #0
10001ce8:	d00d      	beq.n	10001d06 <clocks_init+0x2e>
10001cea:	2300      	movs	r3, #0
10001cec:	e004      	b.n	10001cf8 <clocks_init+0x20>
10001cee:	0099      	lsls	r1, r3, #2
10001cf0:	4a2d      	ldr	r2, [pc, #180]	; (10001da8 <clocks_init+0xd0>)
10001cf2:	482e      	ldr	r0, [pc, #184]	; (10001dac <clocks_init+0xd4>)
10001cf4:	5088      	str	r0, [r1, r2]
10001cf6:	3301      	adds	r3, #1
10001cf8:	2b09      	cmp	r3, #9
10001cfa:	d9f8      	bls.n	10001cee <clocks_init+0x16>
10001cfc:	4b2a      	ldr	r3, [pc, #168]	; (10001da8 <clocks_init+0xd0>)
10001cfe:	4a2c      	ldr	r2, [pc, #176]	; (10001db0 <clocks_init+0xd8>)
10001d00:	625a      	str	r2, [r3, #36]	; 0x24
10001d02:	b003      	add	sp, #12
10001d04:	bd30      	pop	{r4, r5, pc}
10001d06:	4b2b      	ldr	r3, [pc, #172]	; (10001db4 <clocks_init+0xdc>)
10001d08:	2200      	movs	r2, #0
10001d0a:	679a      	str	r2, [r3, #120]	; 0x78
10001d0c:	f000 f902 	bl	10001f14 <xosc_init>
10001d10:	4b29      	ldr	r3, [pc, #164]	; (10001db8 <clocks_init+0xe0>)
10001d12:	2201      	movs	r2, #1
10001d14:	601a      	str	r2, [r3, #0]
10001d16:	4b27      	ldr	r3, [pc, #156]	; (10001db4 <clocks_init+0xdc>)
10001d18:	6c5b      	ldr	r3, [r3, #68]	; 0x44
10001d1a:	2b01      	cmp	r3, #1
10001d1c:	d1fb      	bne.n	10001d16 <clocks_init+0x3e>
10001d1e:	4b27      	ldr	r3, [pc, #156]	; (10001dbc <clocks_init+0xe4>)
10001d20:	2203      	movs	r2, #3
10001d22:	601a      	str	r2, [r3, #0]
10001d24:	4b23      	ldr	r3, [pc, #140]	; (10001db4 <clocks_init+0xdc>)
10001d26:	6b9b      	ldr	r3, [r3, #56]	; 0x38
10001d28:	2b01      	cmp	r3, #1
10001d2a:	d1fb      	bne.n	10001d24 <clocks_init+0x4c>
10001d2c:	3301      	adds	r3, #1
10001d2e:	9300      	str	r3, [sp, #0]
10001d30:	3304      	adds	r3, #4
10001d32:	4a23      	ldr	r2, [pc, #140]	; (10001dc0 <clocks_init+0xe8>)
10001d34:	2101      	movs	r1, #1
10001d36:	4823      	ldr	r0, [pc, #140]	; (10001dc4 <clocks_init+0xec>)
10001d38:	f000 f854 	bl	10001de4 <pll_init>
10001d3c:	2305      	movs	r3, #5
10001d3e:	9300      	str	r3, [sp, #0]
10001d40:	4a21      	ldr	r2, [pc, #132]	; (10001dc8 <clocks_init+0xf0>)
10001d42:	2101      	movs	r1, #1
10001d44:	4821      	ldr	r0, [pc, #132]	; (10001dcc <clocks_init+0xf4>)
10001d46:	f000 f84d 	bl	10001de4 <pll_init>
10001d4a:	4b21      	ldr	r3, [pc, #132]	; (10001dd0 <clocks_init+0xf8>)
10001d4c:	9300      	str	r3, [sp, #0]
10001d4e:	2200      	movs	r2, #0
10001d50:	2102      	movs	r1, #2
10001d52:	2004      	movs	r0, #4
10001d54:	f7ff ff3c 	bl	10001bd0 <clock_configure>
10001d58:	4d1e      	ldr	r5, [pc, #120]	; (10001dd4 <clocks_init+0xfc>)
10001d5a:	9500      	str	r5, [sp, #0]
10001d5c:	002b      	movs	r3, r5
10001d5e:	2200      	movs	r2, #0
10001d60:	2101      	movs	r1, #1
10001d62:	2005      	movs	r0, #5
10001d64:	f7ff ff34 	bl	10001bd0 <clock_configure>
10001d68:	4c10      	ldr	r4, [pc, #64]	; (10001dac <clocks_init+0xd4>)
10001d6a:	9400      	str	r4, [sp, #0]
10001d6c:	0023      	movs	r3, r4
10001d6e:	2200      	movs	r2, #0
10001d70:	2100      	movs	r1, #0
10001d72:	2007      	movs	r0, #7
10001d74:	f7ff ff2c 	bl	10001bd0 <clock_configure>
10001d78:	9400      	str	r4, [sp, #0]
10001d7a:	0023      	movs	r3, r4
10001d7c:	2200      	movs	r2, #0
10001d7e:	2100      	movs	r1, #0
10001d80:	2008      	movs	r0, #8
10001d82:	f7ff ff25 	bl	10001bd0 <clock_configure>
10001d86:	4b0a      	ldr	r3, [pc, #40]	; (10001db0 <clocks_init+0xd8>)
10001d88:	9300      	str	r3, [sp, #0]
10001d8a:	0023      	movs	r3, r4
10001d8c:	2200      	movs	r2, #0
10001d8e:	2100      	movs	r1, #0
10001d90:	2009      	movs	r0, #9
10001d92:	f7ff ff1d 	bl	10001bd0 <clock_configure>
10001d96:	9500      	str	r5, [sp, #0]
10001d98:	002b      	movs	r3, r5
10001d9a:	2200      	movs	r2, #0
10001d9c:	2100      	movs	r1, #0
10001d9e:	2006      	movs	r0, #6
10001da0:	f7ff ff16 	bl	10001bd0 <clock_configure>
10001da4:	e7ad      	b.n	10001d02 <clocks_init+0x2a>
10001da6:	46c0      	nop			; (mov r8, r8)
10001da8:	2000043c 	.word	0x2000043c
10001dac:	02dc6c00 	.word	0x02dc6c00
10001db0:	0000b71b 	.word	0x0000b71b
10001db4:	40008000 	.word	0x40008000
10001db8:	4000b03c 	.word	0x4000b03c
10001dbc:	4000b030 	.word	0x4000b030
10001dc0:	59682f00 	.word	0x59682f00
10001dc4:	40028000 	.word	0x40028000
10001dc8:	47868c00 	.word	0x47868c00
10001dcc:	4002c000 	.word	0x4002c000
10001dd0:	00b71b00 	.word	0x00b71b00
10001dd4:	07735940 	.word	0x07735940

10001dd8 <clock_get_hz>:
10001dd8:	0080      	lsls	r0, r0, #2
10001dda:	4b01      	ldr	r3, [pc, #4]	; (10001de0 <clock_get_hz+0x8>)
10001ddc:	58c0      	ldr	r0, [r0, r3]
10001dde:	4770      	bx	lr
10001de0:	2000043c 	.word	0x2000043c

10001de4 <pll_init>:
10001de4:	b5f0      	push	{r4, r5, r6, r7, lr}
10001de6:	46c6      	mov	lr, r8
10001de8:	b500      	push	{lr}
10001dea:	0004      	movs	r4, r0
10001dec:	000e      	movs	r6, r1
10001dee:	0017      	movs	r7, r2
10001df0:	001d      	movs	r5, r3
10001df2:	4837      	ldr	r0, [pc, #220]	; (10001ed0 <pll_init+0xec>)
10001df4:	f001 fa56 	bl	100032a4 <__wrap___aeabi_uidiv>
10001df8:	4680      	mov	r8, r0
10001dfa:	4b36      	ldr	r3, [pc, #216]	; (10001ed4 <pll_init+0xf0>)
10001dfc:	18fa      	adds	r2, r7, r3
10001dfe:	4b36      	ldr	r3, [pc, #216]	; (10001ed8 <pll_init+0xf4>)
10001e00:	429a      	cmp	r2, r3
10001e02:	d839      	bhi.n	10001e78 <pll_init+0x94>
10001e04:	0001      	movs	r1, r0
10001e06:	0038      	movs	r0, r7
10001e08:	f001 fa4c 	bl	100032a4 <__wrap___aeabi_uidiv>
10001e0c:	0002      	movs	r2, r0
10001e0e:	3a10      	subs	r2, #16
10001e10:	2398      	movs	r3, #152	; 0x98
10001e12:	005b      	lsls	r3, r3, #1
10001e14:	429a      	cmp	r2, r3
10001e16:	d835      	bhi.n	10001e84 <pll_init+0xa0>
10001e18:	1e6b      	subs	r3, r5, #1
10001e1a:	2b06      	cmp	r3, #6
10001e1c:	d838      	bhi.n	10001e90 <pll_init+0xac>
10001e1e:	9b06      	ldr	r3, [sp, #24]
10001e20:	3b01      	subs	r3, #1
10001e22:	2b06      	cmp	r3, #6
10001e24:	d834      	bhi.n	10001e90 <pll_init+0xac>
10001e26:	093f      	lsrs	r7, r7, #4
10001e28:	4547      	cmp	r7, r8
10001e2a:	d337      	bcc.n	10001e9c <pll_init+0xb8>
10001e2c:	042d      	lsls	r5, r5, #16
10001e2e:	9b06      	ldr	r3, [sp, #24]
10001e30:	031a      	lsls	r2, r3, #12
10001e32:	4315      	orrs	r5, r2
10001e34:	6823      	ldr	r3, [r4, #0]
10001e36:	2b00      	cmp	r3, #0
10001e38:	db36      	blt.n	10001ea8 <pll_init+0xc4>
10001e3a:	4b28      	ldr	r3, [pc, #160]	; (10001edc <pll_init+0xf8>)
10001e3c:	429c      	cmp	r4, r3
10001e3e:	d044      	beq.n	10001eca <pll_init+0xe6>
10001e40:	2280      	movs	r2, #128	; 0x80
10001e42:	0152      	lsls	r2, r2, #5
10001e44:	4b26      	ldr	r3, [pc, #152]	; (10001ee0 <pll_init+0xfc>)
10001e46:	601a      	str	r2, [r3, #0]
10001e48:	4b26      	ldr	r3, [pc, #152]	; (10001ee4 <pll_init+0x100>)
10001e4a:	601a      	str	r2, [r3, #0]
10001e4c:	4b26      	ldr	r3, [pc, #152]	; (10001ee8 <pll_init+0x104>)
10001e4e:	689b      	ldr	r3, [r3, #8]
10001e50:	0011      	movs	r1, r2
10001e52:	4399      	bics	r1, r3
10001e54:	d1fa      	bne.n	10001e4c <pll_init+0x68>
10001e56:	6026      	str	r6, [r4, #0]
10001e58:	60a0      	str	r0, [r4, #8]
10001e5a:	1d23      	adds	r3, r4, #4
10001e5c:	22c0      	movs	r2, #192	; 0xc0
10001e5e:	0192      	lsls	r2, r2, #6
10001e60:	431a      	orrs	r2, r3
10001e62:	2321      	movs	r3, #33	; 0x21
10001e64:	6013      	str	r3, [r2, #0]
10001e66:	6823      	ldr	r3, [r4, #0]
10001e68:	2b00      	cmp	r3, #0
10001e6a:	dafc      	bge.n	10001e66 <pll_init+0x82>
10001e6c:	60e5      	str	r5, [r4, #12]
10001e6e:	2308      	movs	r3, #8
10001e70:	6013      	str	r3, [r2, #0]
10001e72:	bc80      	pop	{r7}
10001e74:	46b8      	mov	r8, r7
10001e76:	bdf0      	pop	{r4, r5, r6, r7, pc}
10001e78:	4b1c      	ldr	r3, [pc, #112]	; (10001eec <pll_init+0x108>)
10001e7a:	4a1d      	ldr	r2, [pc, #116]	; (10001ef0 <pll_init+0x10c>)
10001e7c:	2111      	movs	r1, #17
10001e7e:	481d      	ldr	r0, [pc, #116]	; (10001ef4 <pll_init+0x110>)
10001e80:	f000 f862 	bl	10001f48 <__assert_func>
10001e84:	4b1c      	ldr	r3, [pc, #112]	; (10001ef8 <pll_init+0x114>)
10001e86:	4a1a      	ldr	r2, [pc, #104]	; (10001ef0 <pll_init+0x10c>)
10001e88:	2119      	movs	r1, #25
10001e8a:	481a      	ldr	r0, [pc, #104]	; (10001ef4 <pll_init+0x110>)
10001e8c:	f000 f85c 	bl	10001f48 <__assert_func>
10001e90:	4b1a      	ldr	r3, [pc, #104]	; (10001efc <pll_init+0x118>)
10001e92:	4a17      	ldr	r2, [pc, #92]	; (10001ef0 <pll_init+0x10c>)
10001e94:	211c      	movs	r1, #28
10001e96:	4817      	ldr	r0, [pc, #92]	; (10001ef4 <pll_init+0x110>)
10001e98:	f000 f856 	bl	10001f48 <__assert_func>
10001e9c:	4b18      	ldr	r3, [pc, #96]	; (10001f00 <pll_init+0x11c>)
10001e9e:	4a14      	ldr	r2, [pc, #80]	; (10001ef0 <pll_init+0x10c>)
10001ea0:	2123      	movs	r1, #35	; 0x23
10001ea2:	4814      	ldr	r0, [pc, #80]	; (10001ef4 <pll_init+0x110>)
10001ea4:	f000 f850 	bl	10001f48 <__assert_func>
10001ea8:	6822      	ldr	r2, [r4, #0]
10001eaa:	233f      	movs	r3, #63	; 0x3f
10001eac:	4013      	ands	r3, r2
10001eae:	42b3      	cmp	r3, r6
10001eb0:	d1c3      	bne.n	10001e3a <pll_init+0x56>
10001eb2:	68a3      	ldr	r3, [r4, #8]
10001eb4:	051b      	lsls	r3, r3, #20
10001eb6:	0d1b      	lsrs	r3, r3, #20
10001eb8:	4283      	cmp	r3, r0
10001eba:	d1be      	bne.n	10001e3a <pll_init+0x56>
10001ebc:	68e3      	ldr	r3, [r4, #12]
10001ebe:	22ee      	movs	r2, #238	; 0xee
10001ec0:	02d2      	lsls	r2, r2, #11
10001ec2:	4013      	ands	r3, r2
10001ec4:	42ab      	cmp	r3, r5
10001ec6:	d1b8      	bne.n	10001e3a <pll_init+0x56>
10001ec8:	e7d3      	b.n	10001e72 <pll_init+0x8e>
10001eca:	2280      	movs	r2, #128	; 0x80
10001ecc:	0192      	lsls	r2, r2, #6
10001ece:	e7b9      	b.n	10001e44 <pll_init+0x60>
10001ed0:	00b71b00 	.word	0x00b71b00
10001ed4:	d34be880 	.word	0xd34be880
10001ed8:	32a9f880 	.word	0x32a9f880
10001edc:	4002c000 	.word	0x4002c000
10001ee0:	4000e000 	.word	0x4000e000
10001ee4:	4000f000 	.word	0x4000f000
10001ee8:	4000c000 	.word	0x4000c000
10001eec:	10004ae8 	.word	0x10004ae8
10001ef0:	10004c28 	.word	0x10004c28
10001ef4:	10004b48 	.word	0x10004b48
10001ef8:	10004ba4 	.word	0x10004ba4
10001efc:	10004bc0 	.word	0x10004bc0
10001f00:	10004c0c 	.word	0x10004c0c

10001f04 <watchdog_start_tick>:
10001f04:	2380      	movs	r3, #128	; 0x80
10001f06:	009b      	lsls	r3, r3, #2
10001f08:	4303      	orrs	r3, r0
10001f0a:	4a01      	ldr	r2, [pc, #4]	; (10001f10 <watchdog_start_tick+0xc>)
10001f0c:	62d3      	str	r3, [r2, #44]	; 0x2c
10001f0e:	4770      	bx	lr
10001f10:	40058000 	.word	0x40058000

10001f14 <xosc_init>:
10001f14:	4b06      	ldr	r3, [pc, #24]	; (10001f30 <xosc_init+0x1c>)
10001f16:	22aa      	movs	r2, #170	; 0xaa
10001f18:	0112      	lsls	r2, r2, #4
10001f1a:	601a      	str	r2, [r3, #0]
10001f1c:	222f      	movs	r2, #47	; 0x2f
10001f1e:	60da      	str	r2, [r3, #12]
10001f20:	4b04      	ldr	r3, [pc, #16]	; (10001f34 <xosc_init+0x20>)
10001f22:	4a05      	ldr	r2, [pc, #20]	; (10001f38 <xosc_init+0x24>)
10001f24:	601a      	str	r2, [r3, #0]
10001f26:	4b02      	ldr	r3, [pc, #8]	; (10001f30 <xosc_init+0x1c>)
10001f28:	685b      	ldr	r3, [r3, #4]
10001f2a:	2b00      	cmp	r3, #0
10001f2c:	dafb      	bge.n	10001f26 <xosc_init+0x12>
10001f2e:	4770      	bx	lr
10001f30:	40024000 	.word	0x40024000
10001f34:	40026000 	.word	0x40026000
10001f38:	00fab000 	.word	0x00fab000

10001f3c <_exit>:
10001f3c:	be00      	bkpt	0x0000
10001f3e:	e7fd      	b.n	10001f3c <_exit>

10001f40 <exit>:
10001f40:	b510      	push	{r4, lr}
10001f42:	f7ff fffb 	bl	10001f3c <_exit>
	...

10001f48 <__assert_func>:
10001f48:	b510      	push	{r4, lr}
10001f4a:	b082      	sub	sp, #8
10001f4c:	000c      	movs	r4, r1
10001f4e:	0019      	movs	r1, r3
10001f50:	2a00      	cmp	r2, #0
10001f52:	d00c      	beq.n	10001f6e <__assert_func+0x26>
10001f54:	4b08      	ldr	r3, [pc, #32]	; (10001f78 <__assert_func+0x30>)
10001f56:	2a00      	cmp	r2, #0
10001f58:	d00b      	beq.n	10001f72 <__assert_func+0x2a>
10001f5a:	9201      	str	r2, [sp, #4]
10001f5c:	9300      	str	r3, [sp, #0]
10001f5e:	0023      	movs	r3, r4
10001f60:	0002      	movs	r2, r0
10001f62:	4806      	ldr	r0, [pc, #24]	; (10001f7c <__assert_func+0x34>)
10001f64:	f001 fede 	bl	10003d24 <__wrap_printf>
10001f68:	2001      	movs	r0, #1
10001f6a:	f7ff ffe7 	bl	10001f3c <_exit>
10001f6e:	4b04      	ldr	r3, [pc, #16]	; (10001f80 <__assert_func+0x38>)
10001f70:	e7f1      	b.n	10001f56 <__assert_func+0xe>
10001f72:	4a03      	ldr	r2, [pc, #12]	; (10001f80 <__assert_func+0x38>)
10001f74:	e7f1      	b.n	10001f5a <__assert_func+0x12>
10001f76:	46c0      	nop			; (mov r8, r8)
10001f78:	10004c34 	.word	0x10004c34
10001f7c:	10004c44 	.word	0x10004c44
10001f80:	10004c40 	.word	0x10004c40

10001f84 <runtime_init>:
10001f84:	b570      	push	{r4, r5, r6, lr}
10001f86:	4b2b      	ldr	r3, [pc, #172]	; (10002034 <runtime_init+0xb0>)
10001f88:	4a2b      	ldr	r2, [pc, #172]	; (10002038 <runtime_init+0xb4>)
10001f8a:	601a      	str	r2, [r3, #0]
10001f8c:	4b2b      	ldr	r3, [pc, #172]	; (1000203c <runtime_init+0xb8>)
10001f8e:	4a2c      	ldr	r2, [pc, #176]	; (10002040 <runtime_init+0xbc>)
10001f90:	601a      	str	r2, [r3, #0]
10001f92:	4b2c      	ldr	r3, [pc, #176]	; (10002044 <runtime_init+0xc0>)
10001f94:	689a      	ldr	r2, [r3, #8]
10001f96:	4b2a      	ldr	r3, [pc, #168]	; (10002040 <runtime_init+0xbc>)
10001f98:	4393      	bics	r3, r2
10001f9a:	d1fa      	bne.n	10001f92 <runtime_init+0xe>
10001f9c:	4c2a      	ldr	r4, [pc, #168]	; (10002048 <runtime_init+0xc4>)
10001f9e:	e001      	b.n	10001fa4 <runtime_init+0x20>
10001fa0:	cc08      	ldmia	r4!, {r3}
10001fa2:	4798      	blx	r3
10001fa4:	4b29      	ldr	r3, [pc, #164]	; (1000204c <runtime_init+0xc8>)
10001fa6:	429c      	cmp	r4, r3
10001fa8:	d3fa      	bcc.n	10001fa0 <runtime_init+0x1c>
10001faa:	f7ff fe95 	bl	10001cd8 <clocks_init>
10001fae:	4b23      	ldr	r3, [pc, #140]	; (1000203c <runtime_init+0xb8>)
10001fb0:	4a27      	ldr	r2, [pc, #156]	; (10002050 <runtime_init+0xcc>)
10001fb2:	601a      	str	r2, [r3, #0]
10001fb4:	4b23      	ldr	r3, [pc, #140]	; (10002044 <runtime_init+0xc0>)
10001fb6:	689b      	ldr	r3, [r3, #8]
10001fb8:	43db      	mvns	r3, r3
10001fba:	01db      	lsls	r3, r3, #7
10001fbc:	d1fa      	bne.n	10001fb4 <runtime_init+0x30>
10001fbe:	4b25      	ldr	r3, [pc, #148]	; (10002054 <runtime_init+0xd0>)
10001fc0:	2240      	movs	r2, #64	; 0x40
10001fc2:	679a      	str	r2, [r3, #120]	; 0x78
10001fc4:	675a      	str	r2, [r3, #116]	; 0x74
10001fc6:	671a      	str	r2, [r3, #112]	; 0x70
10001fc8:	66da      	str	r2, [r3, #108]	; 0x6c
10001fca:	4c23      	ldr	r4, [pc, #140]	; (10002058 <runtime_init+0xd4>)
10001fcc:	e009      	b.n	10001fe2 <runtime_init+0x5e>
10001fce:	4b23      	ldr	r3, [pc, #140]	; (1000205c <runtime_init+0xd8>)
10001fd0:	4a23      	ldr	r2, [pc, #140]	; (10002060 <runtime_init+0xdc>)
10001fd2:	2187      	movs	r1, #135	; 0x87
10001fd4:	4823      	ldr	r0, [pc, #140]	; (10002064 <runtime_init+0xe0>)
10001fd6:	f7ff ffb7 	bl	10001f48 <__assert_func>
10001fda:	0020      	movs	r0, r4
10001fdc:	f7fe fc7e 	bl	100008dc <mutex_init>
10001fe0:	3408      	adds	r4, #8
10001fe2:	4b21      	ldr	r3, [pc, #132]	; (10002068 <runtime_init+0xe4>)
10001fe4:	429c      	cmp	r4, r3
10001fe6:	d209      	bcs.n	10001ffc <runtime_init+0x78>
10001fe8:	6823      	ldr	r3, [r4, #0]
10001fea:	2b00      	cmp	r3, #0
10001fec:	d0f5      	beq.n	10001fda <runtime_init+0x56>
10001fee:	2b01      	cmp	r3, #1
10001ff0:	d1ed      	bne.n	10001fce <runtime_init+0x4a>
10001ff2:	0020      	movs	r0, r4
10001ff4:	f7fe fc7f 	bl	100008f6 <recursive_mutex_init>
10001ff8:	3408      	adds	r4, #8
10001ffa:	e7f2      	b.n	10001fe2 <runtime_init+0x5e>
10001ffc:	4c1b      	ldr	r4, [pc, #108]	; (1000206c <runtime_init+0xe8>)
10001ffe:	68a1      	ldr	r1, [r4, #8]
10002000:	4d1b      	ldr	r5, [pc, #108]	; (10002070 <runtime_init+0xec>)
10002002:	22c0      	movs	r2, #192	; 0xc0
10002004:	0028      	movs	r0, r5
10002006:	f001 fd35 	bl	10003a74 <__wrap___aeabi_memcpy>
1000200a:	60a5      	str	r5, [r4, #8]
1000200c:	f3ef 8305 	mrs	r3, IPSR
10002010:	2b00      	cmp	r3, #0
10002012:	d000      	beq.n	10002016 <runtime_init+0x92>
10002014:	be00      	bkpt	0x0000
10002016:	f7fe fa31 	bl	1000047c <spin_locks_reset>
1000201a:	f7fe fc49 	bl	100008b0 <irq_init_priorities>
1000201e:	f7fe ffb9 	bl	10000f94 <alarm_pool_init_default>
10002022:	4c14      	ldr	r4, [pc, #80]	; (10002074 <runtime_init+0xf0>)
10002024:	e001      	b.n	1000202a <runtime_init+0xa6>
10002026:	cc08      	ldmia	r4!, {r3}
10002028:	4798      	blx	r3
1000202a:	4b13      	ldr	r3, [pc, #76]	; (10002078 <runtime_init+0xf4>)
1000202c:	429c      	cmp	r4, r3
1000202e:	d3fa      	bcc.n	10002026 <runtime_init+0xa2>
10002030:	bd70      	pop	{r4, r5, r6, pc}
10002032:	46c0      	nop			; (mov r8, r8)
10002034:	4000e000 	.word	0x4000e000
10002038:	fefbcdbf 	.word	0xfefbcdbf
1000203c:	4000f000 	.word	0x4000f000
10002040:	003c7ffe 	.word	0x003c7ffe
10002044:	4000c000 	.word	0x4000c000
10002048:	200002f0 	.word	0x200002f0
1000204c:	20000300 	.word	0x20000300
10002050:	01ffffff 	.word	0x01ffffff
10002054:	4001f000 	.word	0x4001f000
10002058:	200002e8 	.word	0x200002e8
1000205c:	10004c74 	.word	0x10004c74
10002060:	10004d04 	.word	0x10004d04
10002064:	10004c94 	.word	0x10004c94
10002068:	200002f0 	.word	0x200002f0
1000206c:	e000ed00 	.word	0xe000ed00
10002070:	20000000 	.word	0x20000000
10002074:	20000300 	.word	0x20000300
10002078:	20000304 	.word	0x20000304

1000207c <panic>:
1000207c:	b40f      	push	{r0, r1, r2, r3}
1000207e:	b500      	push	{lr}
10002080:	b083      	sub	sp, #12
10002082:	4808      	ldr	r0, [pc, #32]	; (100020a4 <panic+0x28>)
10002084:	f001 fe1e 	bl	10003cc4 <__wrap_puts>
10002088:	9b04      	ldr	r3, [sp, #16]
1000208a:	2b00      	cmp	r3, #0
1000208c:	d007      	beq.n	1000209e <panic+0x22>
1000208e:	a905      	add	r1, sp, #20
10002090:	9101      	str	r1, [sp, #4]
10002092:	0018      	movs	r0, r3
10002094:	f001 fe26 	bl	10003ce4 <__wrap_vprintf>
10002098:	4803      	ldr	r0, [pc, #12]	; (100020a8 <panic+0x2c>)
1000209a:	f001 fe13 	bl	10003cc4 <__wrap_puts>
1000209e:	2001      	movs	r0, #1
100020a0:	f7ff ff4c 	bl	10001f3c <_exit>
100020a4:	10004cf4 	.word	0x10004cf4
100020a8:	10004084 	.word	0x10004084

100020ac <_out_null>:
100020ac:	4770      	bx	lr

100020ae <_out_fct>:
100020ae:	b510      	push	{r4, lr}
100020b0:	2800      	cmp	r0, #0
100020b2:	d002      	beq.n	100020ba <_out_fct+0xc>
100020b4:	680b      	ldr	r3, [r1, #0]
100020b6:	6849      	ldr	r1, [r1, #4]
100020b8:	4798      	blx	r3
100020ba:	bd10      	pop	{r4, pc}

100020bc <_atoi>:
100020bc:	0001      	movs	r1, r0
100020be:	2000      	movs	r0, #0
100020c0:	e007      	b.n	100020d2 <_atoi+0x16>
100020c2:	0083      	lsls	r3, r0, #2
100020c4:	181b      	adds	r3, r3, r0
100020c6:	005b      	lsls	r3, r3, #1
100020c8:	1c50      	adds	r0, r2, #1
100020ca:	6008      	str	r0, [r1, #0]
100020cc:	7810      	ldrb	r0, [r2, #0]
100020ce:	18c0      	adds	r0, r0, r3
100020d0:	3830      	subs	r0, #48	; 0x30
100020d2:	680a      	ldr	r2, [r1, #0]
100020d4:	7813      	ldrb	r3, [r2, #0]
100020d6:	3b30      	subs	r3, #48	; 0x30
100020d8:	b2db      	uxtb	r3, r3
100020da:	2b09      	cmp	r3, #9
100020dc:	d9f1      	bls.n	100020c2 <_atoi+0x6>
100020de:	4770      	bx	lr

100020e0 <_out_rev>:
100020e0:	b5f0      	push	{r4, r5, r6, r7, lr}
100020e2:	46de      	mov	lr, fp
100020e4:	4657      	mov	r7, sl
100020e6:	464e      	mov	r6, r9
100020e8:	4645      	mov	r5, r8
100020ea:	b5e0      	push	{r5, r6, r7, lr}
100020ec:	b083      	sub	sp, #12
100020ee:	4693      	mov	fp, r2
100020f0:	001f      	movs	r7, r3
100020f2:	9b0c      	ldr	r3, [sp, #48]	; 0x30
100020f4:	469a      	mov	sl, r3
100020f6:	9c0d      	ldr	r4, [sp, #52]	; 0x34
100020f8:	9b0e      	ldr	r3, [sp, #56]	; 0x38
100020fa:	4699      	mov	r9, r3
100020fc:	9b0f      	ldr	r3, [sp, #60]	; 0x3c
100020fe:	079b      	lsls	r3, r3, #30
10002100:	d003      	beq.n	1000210a <_out_rev+0x2a>
10002102:	46b8      	mov	r8, r7
10002104:	000f      	movs	r7, r1
10002106:	0006      	movs	r6, r0
10002108:	e022      	b.n	10002150 <_out_rev+0x70>
1000210a:	9201      	str	r2, [sp, #4]
1000210c:	46a3      	mov	fp, r4
1000210e:	4688      	mov	r8, r1
10002110:	464e      	mov	r6, r9
10002112:	46b9      	mov	r9, r7
10002114:	0007      	movs	r7, r0
10002116:	42b4      	cmp	r4, r6
10002118:	d207      	bcs.n	1000212a <_out_rev+0x4a>
1000211a:	1c55      	adds	r5, r2, #1
1000211c:	464b      	mov	r3, r9
1000211e:	4641      	mov	r1, r8
10002120:	2020      	movs	r0, #32
10002122:	47b8      	blx	r7
10002124:	3401      	adds	r4, #1
10002126:	002a      	movs	r2, r5
10002128:	e7f5      	b.n	10002116 <_out_rev+0x36>
1000212a:	003d      	movs	r5, r7
1000212c:	464f      	mov	r7, r9
1000212e:	465c      	mov	r4, fp
10002130:	9b01      	ldr	r3, [sp, #4]
10002132:	469b      	mov	fp, r3
10002134:	46b1      	mov	r9, r6
10002136:	4646      	mov	r6, r8
10002138:	46b8      	mov	r8, r7
1000213a:	0037      	movs	r7, r6
1000213c:	002e      	movs	r6, r5
1000213e:	e007      	b.n	10002150 <_out_rev+0x70>
10002140:	3c01      	subs	r4, #1
10002142:	1c55      	adds	r5, r2, #1
10002144:	4653      	mov	r3, sl
10002146:	5d18      	ldrb	r0, [r3, r4]
10002148:	4643      	mov	r3, r8
1000214a:	0039      	movs	r1, r7
1000214c:	47b0      	blx	r6
1000214e:	002a      	movs	r2, r5
10002150:	2c00      	cmp	r4, #0
10002152:	d1f5      	bne.n	10002140 <_out_rev+0x60>
10002154:	0035      	movs	r5, r6
10002156:	003e      	movs	r6, r7
10002158:	4647      	mov	r7, r8
1000215a:	9b0f      	ldr	r3, [sp, #60]	; 0x3c
1000215c:	079b      	lsls	r3, r3, #30
1000215e:	d407      	bmi.n	10002170 <_out_rev+0x90>
10002160:	0010      	movs	r0, r2
10002162:	b003      	add	sp, #12
10002164:	bcf0      	pop	{r4, r5, r6, r7}
10002166:	46bb      	mov	fp, r7
10002168:	46b2      	mov	sl, r6
1000216a:	46a9      	mov	r9, r5
1000216c:	46a0      	mov	r8, r4
1000216e:	bdf0      	pop	{r4, r5, r6, r7, pc}
10002170:	46b0      	mov	r8, r6
10002172:	464e      	mov	r6, r9
10002174:	46b9      	mov	r9, r7
10002176:	002f      	movs	r7, r5
10002178:	465d      	mov	r5, fp
1000217a:	1b53      	subs	r3, r2, r5
1000217c:	42b3      	cmp	r3, r6
1000217e:	d2ef      	bcs.n	10002160 <_out_rev+0x80>
10002180:	1c54      	adds	r4, r2, #1
10002182:	464b      	mov	r3, r9
10002184:	4641      	mov	r1, r8
10002186:	2020      	movs	r0, #32
10002188:	47b8      	blx	r7
1000218a:	0022      	movs	r2, r4
1000218c:	e7f5      	b.n	1000217a <_out_rev+0x9a>

1000218e <_ntoa_format>:
1000218e:	b5f0      	push	{r4, r5, r6, r7, lr}
10002190:	46ce      	mov	lr, r9
10002192:	4647      	mov	r7, r8
10002194:	b580      	push	{r7, lr}
10002196:	b085      	sub	sp, #20
10002198:	4694      	mov	ip, r2
1000219a:	4698      	mov	r8, r3
1000219c:	9d0c      	ldr	r5, [sp, #48]	; 0x30
1000219e:	9c0d      	ldr	r4, [sp, #52]	; 0x34
100021a0:	ab0e      	add	r3, sp, #56	; 0x38
100021a2:	781b      	ldrb	r3, [r3, #0]
100021a4:	4699      	mov	r9, r3
100021a6:	9a10      	ldr	r2, [sp, #64]	; 0x40
100021a8:	9b11      	ldr	r3, [sp, #68]	; 0x44
100021aa:	9e12      	ldr	r6, [sp, #72]	; 0x48
100021ac:	07b7      	lsls	r7, r6, #30
100021ae:	d41c      	bmi.n	100021ea <_ntoa_format+0x5c>
100021b0:	2b00      	cmp	r3, #0
100021b2:	d00c      	beq.n	100021ce <_ntoa_format+0x40>
100021b4:	07f7      	lsls	r7, r6, #31
100021b6:	d50a      	bpl.n	100021ce <_ntoa_format+0x40>
100021b8:	464f      	mov	r7, r9
100021ba:	2f00      	cmp	r7, #0
100021bc:	d102      	bne.n	100021c4 <_ntoa_format+0x36>
100021be:	370c      	adds	r7, #12
100021c0:	4237      	tst	r7, r6
100021c2:	d004      	beq.n	100021ce <_ntoa_format+0x40>
100021c4:	3b01      	subs	r3, #1
100021c6:	e002      	b.n	100021ce <_ntoa_format+0x40>
100021c8:	2730      	movs	r7, #48	; 0x30
100021ca:	552f      	strb	r7, [r5, r4]
100021cc:	3401      	adds	r4, #1
100021ce:	4294      	cmp	r4, r2
100021d0:	d201      	bcs.n	100021d6 <_ntoa_format+0x48>
100021d2:	2c1f      	cmp	r4, #31
100021d4:	d9f8      	bls.n	100021c8 <_ntoa_format+0x3a>
100021d6:	07f7      	lsls	r7, r6, #31
100021d8:	d507      	bpl.n	100021ea <_ntoa_format+0x5c>
100021da:	429c      	cmp	r4, r3
100021dc:	d205      	bcs.n	100021ea <_ntoa_format+0x5c>
100021de:	2c1f      	cmp	r4, #31
100021e0:	d803      	bhi.n	100021ea <_ntoa_format+0x5c>
100021e2:	2730      	movs	r7, #48	; 0x30
100021e4:	552f      	strb	r7, [r5, r4]
100021e6:	3401      	adds	r4, #1
100021e8:	e7f5      	b.n	100021d6 <_ntoa_format+0x48>
100021ea:	06f7      	lsls	r7, r6, #27
100021ec:	d515      	bpl.n	1000221a <_ntoa_format+0x8c>
100021ee:	0577      	lsls	r7, r6, #21
100021f0:	d405      	bmi.n	100021fe <_ntoa_format+0x70>
100021f2:	2c00      	cmp	r4, #0
100021f4:	d003      	beq.n	100021fe <_ntoa_format+0x70>
100021f6:	4294      	cmp	r4, r2
100021f8:	d024      	beq.n	10002244 <_ntoa_format+0xb6>
100021fa:	429c      	cmp	r4, r3
100021fc:	d022      	beq.n	10002244 <_ntoa_format+0xb6>
100021fe:	9a0f      	ldr	r2, [sp, #60]	; 0x3c
10002200:	2a10      	cmp	r2, #16
10002202:	d02b      	beq.n	1000225c <_ntoa_format+0xce>
10002204:	9a0f      	ldr	r2, [sp, #60]	; 0x3c
10002206:	2a10      	cmp	r2, #16
10002208:	d030      	beq.n	1000226c <_ntoa_format+0xde>
1000220a:	9a0f      	ldr	r2, [sp, #60]	; 0x3c
1000220c:	2a02      	cmp	r2, #2
1000220e:	d035      	beq.n	1000227c <_ntoa_format+0xee>
10002210:	2c1f      	cmp	r4, #31
10002212:	d802      	bhi.n	1000221a <_ntoa_format+0x8c>
10002214:	2230      	movs	r2, #48	; 0x30
10002216:	552a      	strb	r2, [r5, r4]
10002218:	3401      	adds	r4, #1
1000221a:	2c1f      	cmp	r4, #31
1000221c:	d805      	bhi.n	1000222a <_ntoa_format+0x9c>
1000221e:	464a      	mov	r2, r9
10002220:	2a00      	cmp	r2, #0
10002222:	d031      	beq.n	10002288 <_ntoa_format+0xfa>
10002224:	222d      	movs	r2, #45	; 0x2d
10002226:	552a      	strb	r2, [r5, r4]
10002228:	3401      	adds	r4, #1
1000222a:	9603      	str	r6, [sp, #12]
1000222c:	9302      	str	r3, [sp, #8]
1000222e:	9401      	str	r4, [sp, #4]
10002230:	9500      	str	r5, [sp, #0]
10002232:	4643      	mov	r3, r8
10002234:	4662      	mov	r2, ip
10002236:	f7ff ff53 	bl	100020e0 <_out_rev>
1000223a:	b005      	add	sp, #20
1000223c:	bcc0      	pop	{r6, r7}
1000223e:	46b9      	mov	r9, r7
10002240:	46b0      	mov	r8, r6
10002242:	bdf0      	pop	{r4, r5, r6, r7, pc}
10002244:	1e62      	subs	r2, r4, #1
10002246:	2c01      	cmp	r4, #1
10002248:	d006      	beq.n	10002258 <_ntoa_format+0xca>
1000224a:	9f0f      	ldr	r7, [sp, #60]	; 0x3c
1000224c:	2f10      	cmp	r7, #16
1000224e:	d001      	beq.n	10002254 <_ntoa_format+0xc6>
10002250:	0014      	movs	r4, r2
10002252:	e7d4      	b.n	100021fe <_ntoa_format+0x70>
10002254:	3c02      	subs	r4, #2
10002256:	e7d2      	b.n	100021fe <_ntoa_format+0x70>
10002258:	0014      	movs	r4, r2
1000225a:	e7d0      	b.n	100021fe <_ntoa_format+0x70>
1000225c:	06b2      	lsls	r2, r6, #26
1000225e:	d4d1      	bmi.n	10002204 <_ntoa_format+0x76>
10002260:	2c1f      	cmp	r4, #31
10002262:	d8cf      	bhi.n	10002204 <_ntoa_format+0x76>
10002264:	2278      	movs	r2, #120	; 0x78
10002266:	552a      	strb	r2, [r5, r4]
10002268:	3401      	adds	r4, #1
1000226a:	e7d1      	b.n	10002210 <_ntoa_format+0x82>
1000226c:	06b2      	lsls	r2, r6, #26
1000226e:	d5cc      	bpl.n	1000220a <_ntoa_format+0x7c>
10002270:	2c1f      	cmp	r4, #31
10002272:	d8ca      	bhi.n	1000220a <_ntoa_format+0x7c>
10002274:	2258      	movs	r2, #88	; 0x58
10002276:	552a      	strb	r2, [r5, r4]
10002278:	3401      	adds	r4, #1
1000227a:	e7c9      	b.n	10002210 <_ntoa_format+0x82>
1000227c:	2c1f      	cmp	r4, #31
1000227e:	d8c7      	bhi.n	10002210 <_ntoa_format+0x82>
10002280:	3260      	adds	r2, #96	; 0x60
10002282:	552a      	strb	r2, [r5, r4]
10002284:	3401      	adds	r4, #1
10002286:	e7c3      	b.n	10002210 <_ntoa_format+0x82>
10002288:	0772      	lsls	r2, r6, #29
1000228a:	d503      	bpl.n	10002294 <_ntoa_format+0x106>
1000228c:	222b      	movs	r2, #43	; 0x2b
1000228e:	552a      	strb	r2, [r5, r4]
10002290:	3401      	adds	r4, #1
10002292:	e7ca      	b.n	1000222a <_ntoa_format+0x9c>
10002294:	0732      	lsls	r2, r6, #28
10002296:	d5c8      	bpl.n	1000222a <_ntoa_format+0x9c>
10002298:	2220      	movs	r2, #32
1000229a:	552a      	strb	r2, [r5, r4]
1000229c:	3401      	adds	r4, #1
1000229e:	e7c4      	b.n	1000222a <_ntoa_format+0x9c>

100022a0 <_ntoa_long>:
100022a0:	b5f0      	push	{r4, r5, r6, r7, lr}
100022a2:	46de      	mov	lr, fp
100022a4:	4657      	mov	r7, sl
100022a6:	464e      	mov	r6, r9
100022a8:	4645      	mov	r5, r8
100022aa:	b5e0      	push	{r5, r6, r7, lr}
100022ac:	b093      	sub	sp, #76	; 0x4c
100022ae:	4681      	mov	r9, r0
100022b0:	468a      	mov	sl, r1
100022b2:	9208      	str	r2, [sp, #32]
100022b4:	9309      	str	r3, [sp, #36]	; 0x24
100022b6:	ab1c      	add	r3, sp, #112	; 0x70
100022b8:	cb10      	ldmia	r3!, {r4}
100022ba:	781b      	ldrb	r3, [r3, #0]
100022bc:	469b      	mov	fp, r3
100022be:	9d1e      	ldr	r5, [sp, #120]	; 0x78
100022c0:	9b21      	ldr	r3, [sp, #132]	; 0x84
100022c2:	4698      	mov	r8, r3
100022c4:	2c00      	cmp	r4, #0
100022c6:	d103      	bne.n	100022d0 <_ntoa_long+0x30>
100022c8:	2310      	movs	r3, #16
100022ca:	4642      	mov	r2, r8
100022cc:	439a      	bics	r2, r3
100022ce:	4690      	mov	r8, r2
100022d0:	2380      	movs	r3, #128	; 0x80
100022d2:	00db      	lsls	r3, r3, #3
100022d4:	4646      	mov	r6, r8
100022d6:	401e      	ands	r6, r3
100022d8:	4642      	mov	r2, r8
100022da:	421a      	tst	r2, r3
100022dc:	d012      	beq.n	10002304 <_ntoa_long+0x64>
100022de:	2c00      	cmp	r4, #0
100022e0:	d022      	beq.n	10002328 <_ntoa_long+0x88>
100022e2:	2600      	movs	r6, #0
100022e4:	e00e      	b.n	10002304 <_ntoa_long+0x64>
100022e6:	3330      	adds	r3, #48	; 0x30
100022e8:	b2d9      	uxtb	r1, r3
100022ea:	1c77      	adds	r7, r6, #1
100022ec:	ab0a      	add	r3, sp, #40	; 0x28
100022ee:	5599      	strb	r1, [r3, r6]
100022f0:	0029      	movs	r1, r5
100022f2:	0020      	movs	r0, r4
100022f4:	f000 ffd6 	bl	100032a4 <__wrap___aeabi_uidiv>
100022f8:	42ac      	cmp	r4, r5
100022fa:	d316      	bcc.n	1000232a <_ntoa_long+0x8a>
100022fc:	2f1f      	cmp	r7, #31
100022fe:	d814      	bhi.n	1000232a <_ntoa_long+0x8a>
10002300:	003e      	movs	r6, r7
10002302:	0004      	movs	r4, r0
10002304:	0029      	movs	r1, r5
10002306:	0020      	movs	r0, r4
10002308:	f000 ffcc 	bl	100032a4 <__wrap___aeabi_uidiv>
1000230c:	b2cb      	uxtb	r3, r1
1000230e:	2b09      	cmp	r3, #9
10002310:	d9e9      	bls.n	100022e6 <_ntoa_long+0x46>
10002312:	4642      	mov	r2, r8
10002314:	0692      	lsls	r2, r2, #26
10002316:	d505      	bpl.n	10002324 <_ntoa_long+0x84>
10002318:	2141      	movs	r1, #65	; 0x41
1000231a:	18c9      	adds	r1, r1, r3
1000231c:	b2c9      	uxtb	r1, r1
1000231e:	390a      	subs	r1, #10
10002320:	b2c9      	uxtb	r1, r1
10002322:	e7e2      	b.n	100022ea <_ntoa_long+0x4a>
10002324:	2161      	movs	r1, #97	; 0x61
10002326:	e7f8      	b.n	1000231a <_ntoa_long+0x7a>
10002328:	0027      	movs	r7, r4
1000232a:	4643      	mov	r3, r8
1000232c:	9306      	str	r3, [sp, #24]
1000232e:	9b20      	ldr	r3, [sp, #128]	; 0x80
10002330:	9305      	str	r3, [sp, #20]
10002332:	9b1f      	ldr	r3, [sp, #124]	; 0x7c
10002334:	9304      	str	r3, [sp, #16]
10002336:	9503      	str	r5, [sp, #12]
10002338:	465b      	mov	r3, fp
1000233a:	9302      	str	r3, [sp, #8]
1000233c:	9701      	str	r7, [sp, #4]
1000233e:	ab0a      	add	r3, sp, #40	; 0x28
10002340:	9300      	str	r3, [sp, #0]
10002342:	9b09      	ldr	r3, [sp, #36]	; 0x24
10002344:	9a08      	ldr	r2, [sp, #32]
10002346:	4651      	mov	r1, sl
10002348:	4648      	mov	r0, r9
1000234a:	f7ff ff20 	bl	1000218e <_ntoa_format>
1000234e:	b013      	add	sp, #76	; 0x4c
10002350:	bcf0      	pop	{r4, r5, r6, r7}
10002352:	46bb      	mov	fp, r7
10002354:	46b2      	mov	sl, r6
10002356:	46a9      	mov	r9, r5
10002358:	46a0      	mov	r8, r4
1000235a:	bdf0      	pop	{r4, r5, r6, r7, pc}

1000235c <_ntoa_long_long>:
1000235c:	b5f0      	push	{r4, r5, r6, r7, lr}
1000235e:	46de      	mov	lr, fp
10002360:	4657      	mov	r7, sl
10002362:	464e      	mov	r6, r9
10002364:	4645      	mov	r5, r8
10002366:	b5e0      	push	{r5, r6, r7, lr}
10002368:	b095      	sub	sp, #84	; 0x54
1000236a:	9008      	str	r0, [sp, #32]
1000236c:	9109      	str	r1, [sp, #36]	; 0x24
1000236e:	920a      	str	r2, [sp, #40]	; 0x28
10002370:	930b      	str	r3, [sp, #44]	; 0x2c
10002372:	9e1e      	ldr	r6, [sp, #120]	; 0x78
10002374:	9c1f      	ldr	r4, [sp, #124]	; 0x7c
10002376:	ab20      	add	r3, sp, #128	; 0x80
10002378:	781b      	ldrb	r3, [r3, #0]
1000237a:	469b      	mov	fp, r3
1000237c:	9b22      	ldr	r3, [sp, #136]	; 0x88
1000237e:	4699      	mov	r9, r3
10002380:	9d23      	ldr	r5, [sp, #140]	; 0x8c
10002382:	9b26      	ldr	r3, [sp, #152]	; 0x98
10002384:	469a      	mov	sl, r3
10002386:	0033      	movs	r3, r6
10002388:	4323      	orrs	r3, r4
1000238a:	d103      	bne.n	10002394 <_ntoa_long_long+0x38>
1000238c:	3310      	adds	r3, #16
1000238e:	4652      	mov	r2, sl
10002390:	439a      	bics	r2, r3
10002392:	4692      	mov	sl, r2
10002394:	2380      	movs	r3, #128	; 0x80
10002396:	00db      	lsls	r3, r3, #3
10002398:	4657      	mov	r7, sl
1000239a:	401f      	ands	r7, r3
1000239c:	4652      	mov	r2, sl
1000239e:	421a      	tst	r2, r3
100023a0:	d019      	beq.n	100023d6 <_ntoa_long_long+0x7a>
100023a2:	0033      	movs	r3, r6
100023a4:	4323      	orrs	r3, r4
100023a6:	d02d      	beq.n	10002404 <_ntoa_long_long+0xa8>
100023a8:	2700      	movs	r7, #0
100023aa:	e014      	b.n	100023d6 <_ntoa_long_long+0x7a>
100023ac:	3330      	adds	r3, #48	; 0x30
100023ae:	b2da      	uxtb	r2, r3
100023b0:	1c7b      	adds	r3, r7, #1
100023b2:	4698      	mov	r8, r3
100023b4:	ab0c      	add	r3, sp, #48	; 0x30
100023b6:	55da      	strb	r2, [r3, r7]
100023b8:	464a      	mov	r2, r9
100023ba:	002b      	movs	r3, r5
100023bc:	0030      	movs	r0, r6
100023be:	0021      	movs	r1, r4
100023c0:	f000 ffae 	bl	10003320 <__wrap___aeabi_uldivmod>
100023c4:	42a5      	cmp	r5, r4
100023c6:	d81f      	bhi.n	10002408 <_ntoa_long_long+0xac>
100023c8:	d019      	beq.n	100023fe <_ntoa_long_long+0xa2>
100023ca:	4643      	mov	r3, r8
100023cc:	2b1f      	cmp	r3, #31
100023ce:	d81b      	bhi.n	10002408 <_ntoa_long_long+0xac>
100023d0:	4647      	mov	r7, r8
100023d2:	0006      	movs	r6, r0
100023d4:	000c      	movs	r4, r1
100023d6:	464a      	mov	r2, r9
100023d8:	002b      	movs	r3, r5
100023da:	0030      	movs	r0, r6
100023dc:	0021      	movs	r1, r4
100023de:	f000 ff9f 	bl	10003320 <__wrap___aeabi_uldivmod>
100023e2:	b2d3      	uxtb	r3, r2
100023e4:	2b09      	cmp	r3, #9
100023e6:	d9e1      	bls.n	100023ac <_ntoa_long_long+0x50>
100023e8:	4652      	mov	r2, sl
100023ea:	0692      	lsls	r2, r2, #26
100023ec:	d505      	bpl.n	100023fa <_ntoa_long_long+0x9e>
100023ee:	2241      	movs	r2, #65	; 0x41
100023f0:	18d2      	adds	r2, r2, r3
100023f2:	b2d2      	uxtb	r2, r2
100023f4:	3a0a      	subs	r2, #10
100023f6:	b2d2      	uxtb	r2, r2
100023f8:	e7da      	b.n	100023b0 <_ntoa_long_long+0x54>
100023fa:	2261      	movs	r2, #97	; 0x61
100023fc:	e7f8      	b.n	100023f0 <_ntoa_long_long+0x94>
100023fe:	45b1      	cmp	r9, r6
10002400:	d9e3      	bls.n	100023ca <_ntoa_long_long+0x6e>
10002402:	e001      	b.n	10002408 <_ntoa_long_long+0xac>
10002404:	2300      	movs	r3, #0
10002406:	4698      	mov	r8, r3
10002408:	4653      	mov	r3, sl
1000240a:	9306      	str	r3, [sp, #24]
1000240c:	9b25      	ldr	r3, [sp, #148]	; 0x94
1000240e:	9305      	str	r3, [sp, #20]
10002410:	9b24      	ldr	r3, [sp, #144]	; 0x90
10002412:	9304      	str	r3, [sp, #16]
10002414:	464b      	mov	r3, r9
10002416:	9303      	str	r3, [sp, #12]
10002418:	465b      	mov	r3, fp
1000241a:	9302      	str	r3, [sp, #8]
1000241c:	4643      	mov	r3, r8
1000241e:	9301      	str	r3, [sp, #4]
10002420:	ab0c      	add	r3, sp, #48	; 0x30
10002422:	9300      	str	r3, [sp, #0]
10002424:	9b0b      	ldr	r3, [sp, #44]	; 0x2c
10002426:	9a0a      	ldr	r2, [sp, #40]	; 0x28
10002428:	9909      	ldr	r1, [sp, #36]	; 0x24
1000242a:	9808      	ldr	r0, [sp, #32]
1000242c:	f7ff feaf 	bl	1000218e <_ntoa_format>
10002430:	b015      	add	sp, #84	; 0x54
10002432:	bcf0      	pop	{r4, r5, r6, r7}
10002434:	46bb      	mov	fp, r7
10002436:	46b2      	mov	sl, r6
10002438:	46a9      	mov	r9, r5
1000243a:	46a0      	mov	r8, r4
1000243c:	bdf0      	pop	{r4, r5, r6, r7, pc}
	...

10002440 <_etoa>:
10002440:	b5f0      	push	{r4, r5, r6, r7, lr}
10002442:	46de      	mov	lr, fp
10002444:	4657      	mov	r7, sl
10002446:	464e      	mov	r6, r9
10002448:	4645      	mov	r5, r8
1000244a:	b5e0      	push	{r5, r6, r7, lr}
1000244c:	b091      	sub	sp, #68	; 0x44
1000244e:	4683      	mov	fp, r0
10002450:	468a      	mov	sl, r1
10002452:	920c      	str	r2, [sp, #48]	; 0x30
10002454:	4698      	mov	r8, r3
10002456:	9c1a      	ldr	r4, [sp, #104]	; 0x68
10002458:	9408      	str	r4, [sp, #32]
1000245a:	9d1b      	ldr	r5, [sp, #108]	; 0x6c
1000245c:	9509      	str	r5, [sp, #36]	; 0x24
1000245e:	0022      	movs	r2, r4
10002460:	002b      	movs	r3, r5
10002462:	0020      	movs	r0, r4
10002464:	0029      	movs	r1, r5
10002466:	f001 f9d6 	bl	10003816 <__wrap___aeabi_dcmpun>
1000246a:	2800      	cmp	r0, #0
1000246c:	d000      	beq.n	10002470 <_etoa+0x30>
1000246e:	e0e5      	b.n	1000263c <_etoa+0x1fc>
10002470:	2201      	movs	r2, #1
10002472:	4252      	negs	r2, r2
10002474:	4bd7      	ldr	r3, [pc, #860]	; (100027d4 <_etoa+0x394>)
10002476:	0020      	movs	r0, r4
10002478:	0029      	movs	r1, r5
1000247a:	f001 f9c7 	bl	1000380c <__wrap___aeabi_dcmpgt>
1000247e:	2800      	cmp	r0, #0
10002480:	d000      	beq.n	10002484 <_etoa+0x44>
10002482:	e0db      	b.n	1000263c <_etoa+0x1fc>
10002484:	2201      	movs	r2, #1
10002486:	4252      	negs	r2, r2
10002488:	4bd3      	ldr	r3, [pc, #844]	; (100027d8 <_etoa+0x398>)
1000248a:	0020      	movs	r0, r4
1000248c:	0029      	movs	r1, r5
1000248e:	f001 f9a7 	bl	100037e0 <__wrap___aeabi_dcmplt>
10002492:	2800      	cmp	r0, #0
10002494:	d000      	beq.n	10002498 <_etoa+0x58>
10002496:	e0d1      	b.n	1000263c <_etoa+0x1fc>
10002498:	2200      	movs	r2, #0
1000249a:	2300      	movs	r3, #0
1000249c:	9e08      	ldr	r6, [sp, #32]
1000249e:	0030      	movs	r0, r6
100024a0:	9d09      	ldr	r5, [sp, #36]	; 0x24
100024a2:	0029      	movs	r1, r5
100024a4:	f001 f99c 	bl	100037e0 <__wrap___aeabi_dcmplt>
100024a8:	2800      	cmp	r0, #0
100024aa:	d000      	beq.n	100024ae <_etoa+0x6e>
100024ac:	e0dd      	b.n	1000266a <_etoa+0x22a>
100024ae:	9808      	ldr	r0, [sp, #32]
100024b0:	9909      	ldr	r1, [sp, #36]	; 0x24
100024b2:	9006      	str	r0, [sp, #24]
100024b4:	9107      	str	r1, [sp, #28]
100024b6:	2380      	movs	r3, #128	; 0x80
100024b8:	00db      	lsls	r3, r3, #3
100024ba:	9a1e      	ldr	r2, [sp, #120]	; 0x78
100024bc:	401a      	ands	r2, r3
100024be:	920d      	str	r2, [sp, #52]	; 0x34
100024c0:	9a1e      	ldr	r2, [sp, #120]	; 0x78
100024c2:	421a      	tst	r2, r3
100024c4:	d101      	bne.n	100024ca <_etoa+0x8a>
100024c6:	2306      	movs	r3, #6
100024c8:	931c      	str	r3, [sp, #112]	; 0x70
100024ca:	9806      	ldr	r0, [sp, #24]
100024cc:	9907      	ldr	r1, [sp, #28]
100024ce:	0004      	movs	r4, r0
100024d0:	000d      	movs	r5, r1
100024d2:	000a      	movs	r2, r1
100024d4:	0006      	movs	r6, r0
100024d6:	4302      	orrs	r2, r0
100024d8:	d100      	bne.n	100024dc <_etoa+0x9c>
100024da:	e0d1      	b.n	10002680 <_etoa+0x240>
100024dc:	0d08      	lsrs	r0, r1, #20
100024de:	0540      	lsls	r0, r0, #21
100024e0:	0d40      	lsrs	r0, r0, #21
100024e2:	4cbe      	ldr	r4, [pc, #760]	; (100027dc <_etoa+0x39c>)
100024e4:	46a4      	mov	ip, r4
100024e6:	4460      	add	r0, ip
100024e8:	030a      	lsls	r2, r1, #12
100024ea:	0b12      	lsrs	r2, r2, #12
100024ec:	4bbc      	ldr	r3, [pc, #752]	; (100027e0 <_etoa+0x3a0>)
100024ee:	4313      	orrs	r3, r2
100024f0:	001f      	movs	r7, r3
100024f2:	f001 f9a3 	bl	1000383c <__wrap___aeabi_i2d>
100024f6:	4abb      	ldr	r2, [pc, #748]	; (100027e4 <_etoa+0x3a4>)
100024f8:	4bbb      	ldr	r3, [pc, #748]	; (100027e8 <_etoa+0x3a8>)
100024fa:	f001 f932 	bl	10003762 <__wrap___aeabi_dmul>
100024fe:	4abb      	ldr	r2, [pc, #748]	; (100027ec <_etoa+0x3ac>)
10002500:	4bbb      	ldr	r3, [pc, #748]	; (100027f0 <_etoa+0x3b0>)
10002502:	f001 f90f 	bl	10003724 <__wrap___aeabi_dadd>
10002506:	0004      	movs	r4, r0
10002508:	000d      	movs	r5, r1
1000250a:	2200      	movs	r2, #0
1000250c:	4bb9      	ldr	r3, [pc, #740]	; (100027f4 <_etoa+0x3b4>)
1000250e:	0030      	movs	r0, r6
10002510:	0039      	movs	r1, r7
10002512:	f001 f902 	bl	1000371a <__wrap___aeabi_dsub>
10002516:	4ab8      	ldr	r2, [pc, #736]	; (100027f8 <_etoa+0x3b8>)
10002518:	4bb8      	ldr	r3, [pc, #736]	; (100027fc <_etoa+0x3bc>)
1000251a:	f001 f922 	bl	10003762 <__wrap___aeabi_dmul>
1000251e:	0002      	movs	r2, r0
10002520:	000b      	movs	r3, r1
10002522:	0020      	movs	r0, r4
10002524:	0029      	movs	r1, r5
10002526:	f001 f8fd 	bl	10003724 <__wrap___aeabi_dadd>
1000252a:	f001 f99f 	bl	1000386c <__wrap___aeabi_d2iz>
1000252e:	4681      	mov	r9, r0
10002530:	f001 f984 	bl	1000383c <__wrap___aeabi_i2d>
10002534:	0004      	movs	r4, r0
10002536:	000d      	movs	r5, r1
10002538:	4ab1      	ldr	r2, [pc, #708]	; (10002800 <_etoa+0x3c0>)
1000253a:	4bb2      	ldr	r3, [pc, #712]	; (10002804 <_etoa+0x3c4>)
1000253c:	f001 f911 	bl	10003762 <__wrap___aeabi_dmul>
10002540:	2200      	movs	r2, #0
10002542:	4bb1      	ldr	r3, [pc, #708]	; (10002808 <_etoa+0x3c8>)
10002544:	f001 f8ee 	bl	10003724 <__wrap___aeabi_dadd>
10002548:	f001 f990 	bl	1000386c <__wrap___aeabi_d2iz>
1000254c:	0006      	movs	r6, r0
1000254e:	4aaf      	ldr	r2, [pc, #700]	; (1000280c <_etoa+0x3cc>)
10002550:	4baf      	ldr	r3, [pc, #700]	; (10002810 <_etoa+0x3d0>)
10002552:	0020      	movs	r0, r4
10002554:	0029      	movs	r1, r5
10002556:	f001 f904 	bl	10003762 <__wrap___aeabi_dmul>
1000255a:	0004      	movs	r4, r0
1000255c:	000d      	movs	r5, r1
1000255e:	0030      	movs	r0, r6
10002560:	f001 f96c 	bl	1000383c <__wrap___aeabi_i2d>
10002564:	4aab      	ldr	r2, [pc, #684]	; (10002814 <_etoa+0x3d4>)
10002566:	4bac      	ldr	r3, [pc, #688]	; (10002818 <_etoa+0x3d8>)
10002568:	f001 f8fb 	bl	10003762 <__wrap___aeabi_dmul>
1000256c:	0002      	movs	r2, r0
1000256e:	000b      	movs	r3, r1
10002570:	0020      	movs	r0, r4
10002572:	0029      	movs	r1, r5
10002574:	f001 f8d1 	bl	1000371a <__wrap___aeabi_dsub>
10002578:	0004      	movs	r4, r0
1000257a:	000d      	movs	r5, r1
1000257c:	0002      	movs	r2, r0
1000257e:	000b      	movs	r3, r1
10002580:	f001 f8ef 	bl	10003762 <__wrap___aeabi_dmul>
10002584:	900a      	str	r0, [sp, #40]	; 0x28
10002586:	910b      	str	r1, [sp, #44]	; 0x2c
10002588:	4ba4      	ldr	r3, [pc, #656]	; (1000281c <_etoa+0x3dc>)
1000258a:	18f3      	adds	r3, r6, r3
1000258c:	2600      	movs	r6, #0
1000258e:	051f      	lsls	r7, r3, #20
10002590:	0022      	movs	r2, r4
10002592:	002b      	movs	r3, r5
10002594:	0020      	movs	r0, r4
10002596:	0029      	movs	r1, r5
10002598:	f001 f8c4 	bl	10003724 <__wrap___aeabi_dadd>
1000259c:	900e      	str	r0, [sp, #56]	; 0x38
1000259e:	910f      	str	r1, [sp, #60]	; 0x3c
100025a0:	0022      	movs	r2, r4
100025a2:	002b      	movs	r3, r5
100025a4:	2000      	movs	r0, #0
100025a6:	2180      	movs	r1, #128	; 0x80
100025a8:	05c9      	lsls	r1, r1, #23
100025aa:	f001 f8b6 	bl	1000371a <__wrap___aeabi_dsub>
100025ae:	0004      	movs	r4, r0
100025b0:	000d      	movs	r5, r1
100025b2:	2200      	movs	r2, #0
100025b4:	4b9a      	ldr	r3, [pc, #616]	; (10002820 <_etoa+0x3e0>)
100025b6:	980a      	ldr	r0, [sp, #40]	; 0x28
100025b8:	990b      	ldr	r1, [sp, #44]	; 0x2c
100025ba:	f001 f8b8 	bl	1000372e <__wrap___aeabi_ddiv>
100025be:	2200      	movs	r2, #0
100025c0:	4b98      	ldr	r3, [pc, #608]	; (10002824 <_etoa+0x3e4>)
100025c2:	f001 f8af 	bl	10003724 <__wrap___aeabi_dadd>
100025c6:	0002      	movs	r2, r0
100025c8:	000b      	movs	r3, r1
100025ca:	980a      	ldr	r0, [sp, #40]	; 0x28
100025cc:	990b      	ldr	r1, [sp, #44]	; 0x2c
100025ce:	f001 f8ae 	bl	1000372e <__wrap___aeabi_ddiv>
100025d2:	2200      	movs	r2, #0
100025d4:	4b94      	ldr	r3, [pc, #592]	; (10002828 <_etoa+0x3e8>)
100025d6:	f001 f8a5 	bl	10003724 <__wrap___aeabi_dadd>
100025da:	0002      	movs	r2, r0
100025dc:	000b      	movs	r3, r1
100025de:	980a      	ldr	r0, [sp, #40]	; 0x28
100025e0:	990b      	ldr	r1, [sp, #44]	; 0x2c
100025e2:	f001 f8a4 	bl	1000372e <__wrap___aeabi_ddiv>
100025e6:	0002      	movs	r2, r0
100025e8:	000b      	movs	r3, r1
100025ea:	0020      	movs	r0, r4
100025ec:	0029      	movs	r1, r5
100025ee:	f001 f899 	bl	10003724 <__wrap___aeabi_dadd>
100025f2:	0002      	movs	r2, r0
100025f4:	000b      	movs	r3, r1
100025f6:	980e      	ldr	r0, [sp, #56]	; 0x38
100025f8:	990f      	ldr	r1, [sp, #60]	; 0x3c
100025fa:	f001 f898 	bl	1000372e <__wrap___aeabi_ddiv>
100025fe:	2200      	movs	r2, #0
10002600:	4b77      	ldr	r3, [pc, #476]	; (100027e0 <_etoa+0x3a0>)
10002602:	f001 f88f 	bl	10003724 <__wrap___aeabi_dadd>
10002606:	0032      	movs	r2, r6
10002608:	003b      	movs	r3, r7
1000260a:	f001 f8aa 	bl	10003762 <__wrap___aeabi_dmul>
1000260e:	0006      	movs	r6, r0
10002610:	000f      	movs	r7, r1
10002612:	0004      	movs	r4, r0
10002614:	000d      	movs	r5, r1
10002616:	9a06      	ldr	r2, [sp, #24]
10002618:	9b07      	ldr	r3, [sp, #28]
1000261a:	f001 f8f7 	bl	1000380c <__wrap___aeabi_dcmpgt>
1000261e:	2800      	cmp	r0, #0
10002620:	d030      	beq.n	10002684 <_etoa+0x244>
10002622:	2301      	movs	r3, #1
10002624:	425b      	negs	r3, r3
10002626:	469c      	mov	ip, r3
10002628:	44e1      	add	r9, ip
1000262a:	2200      	movs	r2, #0
1000262c:	4b7d      	ldr	r3, [pc, #500]	; (10002824 <_etoa+0x3e4>)
1000262e:	0030      	movs	r0, r6
10002630:	0039      	movs	r1, r7
10002632:	f001 f87c 	bl	1000372e <__wrap___aeabi_ddiv>
10002636:	0004      	movs	r4, r0
10002638:	000d      	movs	r5, r1
1000263a:	e023      	b.n	10002684 <_etoa+0x244>
1000263c:	9b1e      	ldr	r3, [sp, #120]	; 0x78
1000263e:	9304      	str	r3, [sp, #16]
10002640:	9b1d      	ldr	r3, [sp, #116]	; 0x74
10002642:	9303      	str	r3, [sp, #12]
10002644:	9b1c      	ldr	r3, [sp, #112]	; 0x70
10002646:	9302      	str	r3, [sp, #8]
10002648:	9a08      	ldr	r2, [sp, #32]
1000264a:	9b09      	ldr	r3, [sp, #36]	; 0x24
1000264c:	9200      	str	r2, [sp, #0]
1000264e:	9301      	str	r3, [sp, #4]
10002650:	4643      	mov	r3, r8
10002652:	9a0c      	ldr	r2, [sp, #48]	; 0x30
10002654:	4651      	mov	r1, sl
10002656:	4658      	mov	r0, fp
10002658:	f000 f8fc 	bl	10002854 <_ftoa>
1000265c:	b011      	add	sp, #68	; 0x44
1000265e:	bcf0      	pop	{r4, r5, r6, r7}
10002660:	46bb      	mov	fp, r7
10002662:	46b2      	mov	sl, r6
10002664:	46a9      	mov	r9, r5
10002666:	46a0      	mov	r8, r4
10002668:	bdf0      	pop	{r4, r5, r6, r7, pc}
1000266a:	2300      	movs	r3, #0
1000266c:	2400      	movs	r4, #0
1000266e:	9306      	str	r3, [sp, #24]
10002670:	9407      	str	r4, [sp, #28]
10002672:	9606      	str	r6, [sp, #24]
10002674:	2380      	movs	r3, #128	; 0x80
10002676:	061b      	lsls	r3, r3, #24
10002678:	469c      	mov	ip, r3
1000267a:	4465      	add	r5, ip
1000267c:	9507      	str	r5, [sp, #28]
1000267e:	e71a      	b.n	100024b6 <_etoa+0x76>
10002680:	2300      	movs	r3, #0
10002682:	4699      	mov	r9, r3
10002684:	464b      	mov	r3, r9
10002686:	3363      	adds	r3, #99	; 0x63
10002688:	2bc6      	cmp	r3, #198	; 0xc6
1000268a:	d81e      	bhi.n	100026ca <_etoa+0x28a>
1000268c:	2604      	movs	r6, #4
1000268e:	9b1e      	ldr	r3, [sp, #120]	; 0x78
10002690:	051b      	lsls	r3, r3, #20
10002692:	d526      	bpl.n	100026e2 <_etoa+0x2a2>
10002694:	002b      	movs	r3, r5
10002696:	4323      	orrs	r3, r4
10002698:	d00f      	beq.n	100026ba <_etoa+0x27a>
1000269a:	4a64      	ldr	r2, [pc, #400]	; (1000282c <_etoa+0x3ec>)
1000269c:	4b64      	ldr	r3, [pc, #400]	; (10002830 <_etoa+0x3f0>)
1000269e:	9806      	ldr	r0, [sp, #24]
100026a0:	9907      	ldr	r1, [sp, #28]
100026a2:	f001 f8ab 	bl	100037fc <__wrap___aeabi_dcmpge>
100026a6:	2800      	cmp	r0, #0
100026a8:	d079      	beq.n	1000279e <_etoa+0x35e>
100026aa:	2200      	movs	r2, #0
100026ac:	4b61      	ldr	r3, [pc, #388]	; (10002834 <_etoa+0x3f4>)
100026ae:	9806      	ldr	r0, [sp, #24]
100026b0:	9907      	ldr	r1, [sp, #28]
100026b2:	f001 f895 	bl	100037e0 <__wrap___aeabi_dcmplt>
100026b6:	2800      	cmp	r0, #0
100026b8:	d071      	beq.n	1000279e <_etoa+0x35e>
100026ba:	9b1c      	ldr	r3, [sp, #112]	; 0x70
100026bc:	454b      	cmp	r3, r9
100026be:	dd06      	ble.n	100026ce <_etoa+0x28e>
100026c0:	464a      	mov	r2, r9
100026c2:	1a98      	subs	r0, r3, r2
100026c4:	1e43      	subs	r3, r0, #1
100026c6:	931c      	str	r3, [sp, #112]	; 0x70
100026c8:	e003      	b.n	100026d2 <_etoa+0x292>
100026ca:	2605      	movs	r6, #5
100026cc:	e7df      	b.n	1000268e <_etoa+0x24e>
100026ce:	2300      	movs	r3, #0
100026d0:	931c      	str	r3, [sp, #112]	; 0x70
100026d2:	2380      	movs	r3, #128	; 0x80
100026d4:	00db      	lsls	r3, r3, #3
100026d6:	9a1e      	ldr	r2, [sp, #120]	; 0x78
100026d8:	431a      	orrs	r2, r3
100026da:	921e      	str	r2, [sp, #120]	; 0x78
100026dc:	2600      	movs	r6, #0
100026de:	2300      	movs	r3, #0
100026e0:	4699      	mov	r9, r3
100026e2:	9b1d      	ldr	r3, [sp, #116]	; 0x74
100026e4:	429e      	cmp	r6, r3
100026e6:	d264      	bcs.n	100027b2 <_etoa+0x372>
100026e8:	1b9f      	subs	r7, r3, r6
100026ea:	2302      	movs	r3, #2
100026ec:	9a1e      	ldr	r2, [sp, #120]	; 0x78
100026ee:	401a      	ands	r2, r3
100026f0:	920a      	str	r2, [sp, #40]	; 0x28
100026f2:	9a1e      	ldr	r2, [sp, #120]	; 0x78
100026f4:	4213      	tst	r3, r2
100026f6:	d002      	beq.n	100026fe <_etoa+0x2be>
100026f8:	2e00      	cmp	r6, #0
100026fa:	d000      	beq.n	100026fe <_etoa+0x2be>
100026fc:	2700      	movs	r7, #0
100026fe:	464b      	mov	r3, r9
10002700:	2b00      	cmp	r3, #0
10002702:	d007      	beq.n	10002714 <_etoa+0x2d4>
10002704:	0022      	movs	r2, r4
10002706:	002b      	movs	r3, r5
10002708:	9806      	ldr	r0, [sp, #24]
1000270a:	9907      	ldr	r1, [sp, #28]
1000270c:	f001 f80f 	bl	1000372e <__wrap___aeabi_ddiv>
10002710:	9006      	str	r0, [sp, #24]
10002712:	9107      	str	r1, [sp, #28]
10002714:	2200      	movs	r2, #0
10002716:	2300      	movs	r3, #0
10002718:	9808      	ldr	r0, [sp, #32]
1000271a:	9909      	ldr	r1, [sp, #36]	; 0x24
1000271c:	f001 f860 	bl	100037e0 <__wrap___aeabi_dcmplt>
10002720:	2800      	cmp	r0, #0
10002722:	d148      	bne.n	100027b6 <_etoa+0x376>
10002724:	4b44      	ldr	r3, [pc, #272]	; (10002838 <_etoa+0x3f8>)
10002726:	9a1e      	ldr	r2, [sp, #120]	; 0x78
10002728:	4013      	ands	r3, r2
1000272a:	9304      	str	r3, [sp, #16]
1000272c:	9703      	str	r7, [sp, #12]
1000272e:	9b1c      	ldr	r3, [sp, #112]	; 0x70
10002730:	9302      	str	r3, [sp, #8]
10002732:	9b06      	ldr	r3, [sp, #24]
10002734:	9c07      	ldr	r4, [sp, #28]
10002736:	9300      	str	r3, [sp, #0]
10002738:	9401      	str	r4, [sp, #4]
1000273a:	4643      	mov	r3, r8
1000273c:	9a0c      	ldr	r2, [sp, #48]	; 0x30
1000273e:	4651      	mov	r1, sl
10002740:	4658      	mov	r0, fp
10002742:	f000 f887 	bl	10002854 <_ftoa>
10002746:	2e00      	cmp	r6, #0
10002748:	d100      	bne.n	1000274c <_etoa+0x30c>
1000274a:	e787      	b.n	1000265c <_etoa+0x21c>
1000274c:	9b1e      	ldr	r3, [sp, #120]	; 0x78
1000274e:	069b      	lsls	r3, r3, #26
10002750:	d53d      	bpl.n	100027ce <_etoa+0x38e>
10002752:	2545      	movs	r5, #69	; 0x45
10002754:	1c44      	adds	r4, r0, #1
10002756:	4643      	mov	r3, r8
10002758:	0002      	movs	r2, r0
1000275a:	4651      	mov	r1, sl
1000275c:	0028      	movs	r0, r5
1000275e:	47d8      	blx	fp
10002760:	464b      	mov	r3, r9
10002762:	17da      	asrs	r2, r3, #31
10002764:	189b      	adds	r3, r3, r2
10002766:	4053      	eors	r3, r2
10002768:	2205      	movs	r2, #5
1000276a:	9205      	str	r2, [sp, #20]
1000276c:	3e01      	subs	r6, #1
1000276e:	9604      	str	r6, [sp, #16]
10002770:	2200      	movs	r2, #0
10002772:	9203      	str	r2, [sp, #12]
10002774:	320a      	adds	r2, #10
10002776:	9202      	str	r2, [sp, #8]
10002778:	464a      	mov	r2, r9
1000277a:	0fd0      	lsrs	r0, r2, #31
1000277c:	9001      	str	r0, [sp, #4]
1000277e:	9300      	str	r3, [sp, #0]
10002780:	4643      	mov	r3, r8
10002782:	0022      	movs	r2, r4
10002784:	4651      	mov	r1, sl
10002786:	4658      	mov	r0, fp
10002788:	f7ff fd8a 	bl	100022a0 <_ntoa_long>
1000278c:	9b0a      	ldr	r3, [sp, #40]	; 0x28
1000278e:	2b00      	cmp	r3, #0
10002790:	d100      	bne.n	10002794 <_etoa+0x354>
10002792:	e763      	b.n	1000265c <_etoa+0x21c>
10002794:	0002      	movs	r2, r0
10002796:	465f      	mov	r7, fp
10002798:	9e0c      	ldr	r6, [sp, #48]	; 0x30
1000279a:	9d1d      	ldr	r5, [sp, #116]	; 0x74
1000279c:	e054      	b.n	10002848 <_etoa+0x408>
1000279e:	9b1c      	ldr	r3, [sp, #112]	; 0x70
100027a0:	2b00      	cmp	r3, #0
100027a2:	d09e      	beq.n	100026e2 <_etoa+0x2a2>
100027a4:	9b0d      	ldr	r3, [sp, #52]	; 0x34
100027a6:	2b00      	cmp	r3, #0
100027a8:	d09b      	beq.n	100026e2 <_etoa+0x2a2>
100027aa:	9b1c      	ldr	r3, [sp, #112]	; 0x70
100027ac:	3b01      	subs	r3, #1
100027ae:	931c      	str	r3, [sp, #112]	; 0x70
100027b0:	e797      	b.n	100026e2 <_etoa+0x2a2>
100027b2:	2700      	movs	r7, #0
100027b4:	e799      	b.n	100026ea <_etoa+0x2aa>
100027b6:	9c06      	ldr	r4, [sp, #24]
100027b8:	9d07      	ldr	r5, [sp, #28]
100027ba:	0022      	movs	r2, r4
100027bc:	0029      	movs	r1, r5
100027be:	2080      	movs	r0, #128	; 0x80
100027c0:	0600      	lsls	r0, r0, #24
100027c2:	4684      	mov	ip, r0
100027c4:	4461      	add	r1, ip
100027c6:	000b      	movs	r3, r1
100027c8:	9206      	str	r2, [sp, #24]
100027ca:	9307      	str	r3, [sp, #28]
100027cc:	e7aa      	b.n	10002724 <_etoa+0x2e4>
100027ce:	2565      	movs	r5, #101	; 0x65
100027d0:	e7c0      	b.n	10002754 <_etoa+0x314>
100027d2:	46c0      	nop			; (mov r8, r8)
100027d4:	7fefffff 	.word	0x7fefffff
100027d8:	ffefffff 	.word	0xffefffff
100027dc:	fffffc01 	.word	0xfffffc01
100027e0:	3ff00000 	.word	0x3ff00000
100027e4:	509f79fb 	.word	0x509f79fb
100027e8:	3fd34413 	.word	0x3fd34413
100027ec:	8b60c8b3 	.word	0x8b60c8b3
100027f0:	3fc68a28 	.word	0x3fc68a28
100027f4:	3ff80000 	.word	0x3ff80000
100027f8:	636f4361 	.word	0x636f4361
100027fc:	3fd287a7 	.word	0x3fd287a7
10002800:	0979a371 	.word	0x0979a371
10002804:	400a934f 	.word	0x400a934f
10002808:	3fe00000 	.word	0x3fe00000
1000280c:	bbb55516 	.word	0xbbb55516
10002810:	40026bb1 	.word	0x40026bb1
10002814:	fefa39ef 	.word	0xfefa39ef
10002818:	3fe62e42 	.word	0x3fe62e42
1000281c:	000003ff 	.word	0x000003ff
10002820:	402c0000 	.word	0x402c0000
10002824:	40240000 	.word	0x40240000
10002828:	40180000 	.word	0x40180000
1000282c:	eb1c432d 	.word	0xeb1c432d
10002830:	3f1a36e2 	.word	0x3f1a36e2
10002834:	412e8480 	.word	0x412e8480
10002838:	fffff7ff 	.word	0xfffff7ff
1000283c:	1c54      	adds	r4, r2, #1
1000283e:	4643      	mov	r3, r8
10002840:	4651      	mov	r1, sl
10002842:	2020      	movs	r0, #32
10002844:	47b8      	blx	r7
10002846:	0022      	movs	r2, r4
10002848:	1b93      	subs	r3, r2, r6
1000284a:	42ab      	cmp	r3, r5
1000284c:	d3f6      	bcc.n	1000283c <_etoa+0x3fc>
1000284e:	0010      	movs	r0, r2
10002850:	e704      	b.n	1000265c <_etoa+0x21c>
10002852:	46c0      	nop			; (mov r8, r8)

10002854 <_ftoa>:
10002854:	b5f0      	push	{r4, r5, r6, r7, lr}
10002856:	46de      	mov	lr, fp
10002858:	4657      	mov	r7, sl
1000285a:	464e      	mov	r6, r9
1000285c:	4645      	mov	r5, r8
1000285e:	b5e0      	push	{r5, r6, r7, lr}
10002860:	b095      	sub	sp, #84	; 0x54
10002862:	9006      	str	r0, [sp, #24]
10002864:	9107      	str	r1, [sp, #28]
10002866:	4693      	mov	fp, r2
10002868:	4699      	mov	r9, r3
1000286a:	9f20      	ldr	r7, [sp, #128]	; 0x80
1000286c:	9a1e      	ldr	r2, [sp, #120]	; 0x78
1000286e:	9b1f      	ldr	r3, [sp, #124]	; 0x7c
10002870:	0010      	movs	r0, r2
10002872:	0019      	movs	r1, r3
10002874:	f000 ffcf 	bl	10003816 <__wrap___aeabi_dcmpun>
10002878:	2800      	cmp	r0, #0
1000287a:	d131      	bne.n	100028e0 <_ftoa+0x8c>
1000287c:	2201      	movs	r2, #1
1000287e:	4252      	negs	r2, r2
10002880:	4bbf      	ldr	r3, [pc, #764]	; (10002b80 <_ftoa+0x32c>)
10002882:	981e      	ldr	r0, [sp, #120]	; 0x78
10002884:	991f      	ldr	r1, [sp, #124]	; 0x7c
10002886:	f000 ffab 	bl	100037e0 <__wrap___aeabi_dcmplt>
1000288a:	2800      	cmp	r0, #0
1000288c:	d137      	bne.n	100028fe <_ftoa+0xaa>
1000288e:	2201      	movs	r2, #1
10002890:	4252      	negs	r2, r2
10002892:	4bbc      	ldr	r3, [pc, #752]	; (10002b84 <_ftoa+0x330>)
10002894:	981e      	ldr	r0, [sp, #120]	; 0x78
10002896:	991f      	ldr	r1, [sp, #124]	; 0x7c
10002898:	f000 ffb8 	bl	1000380c <__wrap___aeabi_dcmpgt>
1000289c:	2800      	cmp	r0, #0
1000289e:	d13d      	bne.n	1000291c <_ftoa+0xc8>
100028a0:	2200      	movs	r2, #0
100028a2:	4bb9      	ldr	r3, [pc, #740]	; (10002b88 <_ftoa+0x334>)
100028a4:	981e      	ldr	r0, [sp, #120]	; 0x78
100028a6:	991f      	ldr	r1, [sp, #124]	; 0x7c
100028a8:	f000 ffb0 	bl	1000380c <__wrap___aeabi_dcmpgt>
100028ac:	2800      	cmp	r0, #0
100028ae:	d150      	bne.n	10002952 <_ftoa+0xfe>
100028b0:	2200      	movs	r2, #0
100028b2:	4bb6      	ldr	r3, [pc, #728]	; (10002b8c <_ftoa+0x338>)
100028b4:	981e      	ldr	r0, [sp, #120]	; 0x78
100028b6:	991f      	ldr	r1, [sp, #124]	; 0x7c
100028b8:	f000 ff92 	bl	100037e0 <__wrap___aeabi_dcmplt>
100028bc:	2800      	cmp	r0, #0
100028be:	d148      	bne.n	10002952 <_ftoa+0xfe>
100028c0:	2200      	movs	r2, #0
100028c2:	2300      	movs	r3, #0
100028c4:	981e      	ldr	r0, [sp, #120]	; 0x78
100028c6:	991f      	ldr	r1, [sp, #124]	; 0x7c
100028c8:	f000 ff8a 	bl	100037e0 <__wrap___aeabi_dcmplt>
100028cc:	2800      	cmp	r0, #0
100028ce:	d150      	bne.n	10002972 <_ftoa+0x11e>
100028d0:	2300      	movs	r3, #0
100028d2:	4698      	mov	r8, r3
100028d4:	9b22      	ldr	r3, [sp, #136]	; 0x88
100028d6:	055b      	lsls	r3, r3, #21
100028d8:	d400      	bmi.n	100028dc <_ftoa+0x88>
100028da:	e0b6      	b.n	10002a4a <_ftoa+0x1f6>
100028dc:	2400      	movs	r4, #0
100028de:	e058      	b.n	10002992 <_ftoa+0x13e>
100028e0:	9b22      	ldr	r3, [sp, #136]	; 0x88
100028e2:	9303      	str	r3, [sp, #12]
100028e4:	9b21      	ldr	r3, [sp, #132]	; 0x84
100028e6:	9302      	str	r3, [sp, #8]
100028e8:	2303      	movs	r3, #3
100028ea:	9301      	str	r3, [sp, #4]
100028ec:	4ba8      	ldr	r3, [pc, #672]	; (10002b90 <_ftoa+0x33c>)
100028ee:	9300      	str	r3, [sp, #0]
100028f0:	464b      	mov	r3, r9
100028f2:	465a      	mov	r2, fp
100028f4:	9907      	ldr	r1, [sp, #28]
100028f6:	9806      	ldr	r0, [sp, #24]
100028f8:	f7ff fbf2 	bl	100020e0 <_out_rev>
100028fc:	e10e      	b.n	10002b1c <_ftoa+0x2c8>
100028fe:	9b22      	ldr	r3, [sp, #136]	; 0x88
10002900:	9303      	str	r3, [sp, #12]
10002902:	9b21      	ldr	r3, [sp, #132]	; 0x84
10002904:	9302      	str	r3, [sp, #8]
10002906:	2304      	movs	r3, #4
10002908:	9301      	str	r3, [sp, #4]
1000290a:	4ba2      	ldr	r3, [pc, #648]	; (10002b94 <_ftoa+0x340>)
1000290c:	9300      	str	r3, [sp, #0]
1000290e:	464b      	mov	r3, r9
10002910:	465a      	mov	r2, fp
10002912:	9907      	ldr	r1, [sp, #28]
10002914:	9806      	ldr	r0, [sp, #24]
10002916:	f7ff fbe3 	bl	100020e0 <_out_rev>
1000291a:	e0ff      	b.n	10002b1c <_ftoa+0x2c8>
1000291c:	2304      	movs	r3, #4
1000291e:	9a22      	ldr	r2, [sp, #136]	; 0x88
10002920:	401a      	ands	r2, r3
10002922:	9922      	ldr	r1, [sp, #136]	; 0x88
10002924:	420b      	tst	r3, r1
10002926:	d010      	beq.n	1000294a <_ftoa+0xf6>
10002928:	4b9b      	ldr	r3, [pc, #620]	; (10002b98 <_ftoa+0x344>)
1000292a:	2a00      	cmp	r2, #0
1000292c:	d00f      	beq.n	1000294e <_ftoa+0xfa>
1000292e:	2204      	movs	r2, #4
10002930:	9922      	ldr	r1, [sp, #136]	; 0x88
10002932:	9103      	str	r1, [sp, #12]
10002934:	9921      	ldr	r1, [sp, #132]	; 0x84
10002936:	9102      	str	r1, [sp, #8]
10002938:	9201      	str	r2, [sp, #4]
1000293a:	9300      	str	r3, [sp, #0]
1000293c:	464b      	mov	r3, r9
1000293e:	465a      	mov	r2, fp
10002940:	9907      	ldr	r1, [sp, #28]
10002942:	9806      	ldr	r0, [sp, #24]
10002944:	f7ff fbcc 	bl	100020e0 <_out_rev>
10002948:	e0e8      	b.n	10002b1c <_ftoa+0x2c8>
1000294a:	4b94      	ldr	r3, [pc, #592]	; (10002b9c <_ftoa+0x348>)
1000294c:	e7ed      	b.n	1000292a <_ftoa+0xd6>
1000294e:	2203      	movs	r2, #3
10002950:	e7ee      	b.n	10002930 <_ftoa+0xdc>
10002952:	9b22      	ldr	r3, [sp, #136]	; 0x88
10002954:	9304      	str	r3, [sp, #16]
10002956:	9b21      	ldr	r3, [sp, #132]	; 0x84
10002958:	9303      	str	r3, [sp, #12]
1000295a:	9702      	str	r7, [sp, #8]
1000295c:	9b1e      	ldr	r3, [sp, #120]	; 0x78
1000295e:	9c1f      	ldr	r4, [sp, #124]	; 0x7c
10002960:	9300      	str	r3, [sp, #0]
10002962:	9401      	str	r4, [sp, #4]
10002964:	464b      	mov	r3, r9
10002966:	465a      	mov	r2, fp
10002968:	9907      	ldr	r1, [sp, #28]
1000296a:	9806      	ldr	r0, [sp, #24]
1000296c:	f7ff fd68 	bl	10002440 <_etoa>
10002970:	e0d4      	b.n	10002b1c <_ftoa+0x2c8>
10002972:	9a1e      	ldr	r2, [sp, #120]	; 0x78
10002974:	9b1f      	ldr	r3, [sp, #124]	; 0x7c
10002976:	2000      	movs	r0, #0
10002978:	2100      	movs	r1, #0
1000297a:	f000 fece 	bl	1000371a <__wrap___aeabi_dsub>
1000297e:	901e      	str	r0, [sp, #120]	; 0x78
10002980:	911f      	str	r1, [sp, #124]	; 0x7c
10002982:	2301      	movs	r3, #1
10002984:	4698      	mov	r8, r3
10002986:	e7a5      	b.n	100028d4 <_ftoa+0x80>
10002988:	ab0c      	add	r3, sp, #48	; 0x30
1000298a:	2230      	movs	r2, #48	; 0x30
1000298c:	551a      	strb	r2, [r3, r4]
1000298e:	3f01      	subs	r7, #1
10002990:	3401      	adds	r4, #1
10002992:	2c1f      	cmp	r4, #31
10002994:	d801      	bhi.n	1000299a <_ftoa+0x146>
10002996:	2f09      	cmp	r7, #9
10002998:	d8f6      	bhi.n	10002988 <_ftoa+0x134>
1000299a:	981e      	ldr	r0, [sp, #120]	; 0x78
1000299c:	991f      	ldr	r1, [sp, #124]	; 0x7c
1000299e:	f000 ff65 	bl	1000386c <__wrap___aeabi_d2iz>
100029a2:	0005      	movs	r5, r0
100029a4:	f000 ff4a 	bl	1000383c <__wrap___aeabi_i2d>
100029a8:	0002      	movs	r2, r0
100029aa:	000b      	movs	r3, r1
100029ac:	981e      	ldr	r0, [sp, #120]	; 0x78
100029ae:	991f      	ldr	r1, [sp, #124]	; 0x7c
100029b0:	f000 feb3 	bl	1000371a <__wrap___aeabi_dsub>
100029b4:	00fa      	lsls	r2, r7, #3
100029b6:	4b7a      	ldr	r3, [pc, #488]	; (10002ba0 <_ftoa+0x34c>)
100029b8:	189b      	adds	r3, r3, r2
100029ba:	681a      	ldr	r2, [r3, #0]
100029bc:	685b      	ldr	r3, [r3, #4]
100029be:	920a      	str	r2, [sp, #40]	; 0x28
100029c0:	930b      	str	r3, [sp, #44]	; 0x2c
100029c2:	f000 fece 	bl	10003762 <__wrap___aeabi_dmul>
100029c6:	9008      	str	r0, [sp, #32]
100029c8:	9109      	str	r1, [sp, #36]	; 0x24
100029ca:	f000 ff73 	bl	100038b4 <__wrap___aeabi_d2uiz>
100029ce:	0006      	movs	r6, r0
100029d0:	f000 ff30 	bl	10003834 <__wrap___aeabi_ui2d>
100029d4:	0002      	movs	r2, r0
100029d6:	000b      	movs	r3, r1
100029d8:	9808      	ldr	r0, [sp, #32]
100029da:	9909      	ldr	r1, [sp, #36]	; 0x24
100029dc:	f000 fe9d 	bl	1000371a <__wrap___aeabi_dsub>
100029e0:	9008      	str	r0, [sp, #32]
100029e2:	9109      	str	r1, [sp, #36]	; 0x24
100029e4:	2200      	movs	r2, #0
100029e6:	4b6f      	ldr	r3, [pc, #444]	; (10002ba4 <_ftoa+0x350>)
100029e8:	f000 ff10 	bl	1000380c <__wrap___aeabi_dcmpgt>
100029ec:	2800      	cmp	r0, #0
100029ee:	d02e      	beq.n	10002a4e <_ftoa+0x1fa>
100029f0:	3601      	adds	r6, #1
100029f2:	0030      	movs	r0, r6
100029f4:	f000 ff1e 	bl	10003834 <__wrap___aeabi_ui2d>
100029f8:	0002      	movs	r2, r0
100029fa:	000b      	movs	r3, r1
100029fc:	980a      	ldr	r0, [sp, #40]	; 0x28
100029fe:	990b      	ldr	r1, [sp, #44]	; 0x2c
10002a00:	f000 fef4 	bl	100037ec <__wrap___aeabi_dcmple>
10002a04:	2800      	cmp	r0, #0
10002a06:	d001      	beq.n	10002a0c <_ftoa+0x1b8>
10002a08:	3501      	adds	r5, #1
10002a0a:	2600      	movs	r6, #0
10002a0c:	2f00      	cmp	r7, #0
10002a0e:	d12c      	bne.n	10002a6a <_ftoa+0x216>
10002a10:	0028      	movs	r0, r5
10002a12:	f000 ff13 	bl	1000383c <__wrap___aeabi_i2d>
10002a16:	0002      	movs	r2, r0
10002a18:	000b      	movs	r3, r1
10002a1a:	981e      	ldr	r0, [sp, #120]	; 0x78
10002a1c:	991f      	ldr	r1, [sp, #124]	; 0x7c
10002a1e:	f000 fe7c 	bl	1000371a <__wrap___aeabi_dsub>
10002a22:	0006      	movs	r6, r0
10002a24:	000f      	movs	r7, r1
10002a26:	2200      	movs	r2, #0
10002a28:	4b5e      	ldr	r3, [pc, #376]	; (10002ba4 <_ftoa+0x350>)
10002a2a:	f000 fed9 	bl	100037e0 <__wrap___aeabi_dcmplt>
10002a2e:	2800      	cmp	r0, #0
10002a30:	d146      	bne.n	10002ac0 <_ftoa+0x26c>
10002a32:	2200      	movs	r2, #0
10002a34:	4b5b      	ldr	r3, [pc, #364]	; (10002ba4 <_ftoa+0x350>)
10002a36:	0030      	movs	r0, r6
10002a38:	0039      	movs	r1, r7
10002a3a:	f000 fee7 	bl	1000380c <__wrap___aeabi_dcmpgt>
10002a3e:	2800      	cmp	r0, #0
10002a40:	d13e      	bne.n	10002ac0 <_ftoa+0x26c>
10002a42:	07eb      	lsls	r3, r5, #31
10002a44:	d53c      	bpl.n	10002ac0 <_ftoa+0x26c>
10002a46:	3501      	adds	r5, #1
10002a48:	e03a      	b.n	10002ac0 <_ftoa+0x26c>
10002a4a:	2706      	movs	r7, #6
10002a4c:	e746      	b.n	100028dc <_ftoa+0x88>
10002a4e:	2200      	movs	r2, #0
10002a50:	4b54      	ldr	r3, [pc, #336]	; (10002ba4 <_ftoa+0x350>)
10002a52:	9808      	ldr	r0, [sp, #32]
10002a54:	9909      	ldr	r1, [sp, #36]	; 0x24
10002a56:	f000 fec3 	bl	100037e0 <__wrap___aeabi_dcmplt>
10002a5a:	2800      	cmp	r0, #0
10002a5c:	d1d6      	bne.n	10002a0c <_ftoa+0x1b8>
10002a5e:	2e00      	cmp	r6, #0
10002a60:	d001      	beq.n	10002a66 <_ftoa+0x212>
10002a62:	07f3      	lsls	r3, r6, #31
10002a64:	d5d2      	bpl.n	10002a0c <_ftoa+0x1b8>
10002a66:	3601      	adds	r6, #1
10002a68:	e7d0      	b.n	10002a0c <_ftoa+0x1b8>
10002a6a:	46aa      	mov	sl, r5
10002a6c:	2c1f      	cmp	r4, #31
10002a6e:	d811      	bhi.n	10002a94 <_ftoa+0x240>
10002a70:	3f01      	subs	r7, #1
10002a72:	210a      	movs	r1, #10
10002a74:	0030      	movs	r0, r6
10002a76:	f000 fc15 	bl	100032a4 <__wrap___aeabi_uidiv>
10002a7a:	1c65      	adds	r5, r4, #1
10002a7c:	3130      	adds	r1, #48	; 0x30
10002a7e:	ab0c      	add	r3, sp, #48	; 0x30
10002a80:	5519      	strb	r1, [r3, r4]
10002a82:	210a      	movs	r1, #10
10002a84:	0030      	movs	r0, r6
10002a86:	f000 fc0d 	bl	100032a4 <__wrap___aeabi_uidiv>
10002a8a:	2e09      	cmp	r6, #9
10002a8c:	d90e      	bls.n	10002aac <_ftoa+0x258>
10002a8e:	0006      	movs	r6, r0
10002a90:	002c      	movs	r4, r5
10002a92:	e7eb      	b.n	10002a6c <_ftoa+0x218>
10002a94:	4655      	mov	r5, sl
10002a96:	2c1f      	cmp	r4, #31
10002a98:	d80c      	bhi.n	10002ab4 <_ftoa+0x260>
10002a9a:	1e7b      	subs	r3, r7, #1
10002a9c:	2f00      	cmp	r7, #0
10002a9e:	d009      	beq.n	10002ab4 <_ftoa+0x260>
10002aa0:	aa0c      	add	r2, sp, #48	; 0x30
10002aa2:	2130      	movs	r1, #48	; 0x30
10002aa4:	5511      	strb	r1, [r2, r4]
10002aa6:	001f      	movs	r7, r3
10002aa8:	3401      	adds	r4, #1
10002aaa:	e7f4      	b.n	10002a96 <_ftoa+0x242>
10002aac:	002b      	movs	r3, r5
10002aae:	4655      	mov	r5, sl
10002ab0:	001c      	movs	r4, r3
10002ab2:	e7f0      	b.n	10002a96 <_ftoa+0x242>
10002ab4:	2c1f      	cmp	r4, #31
10002ab6:	d803      	bhi.n	10002ac0 <_ftoa+0x26c>
10002ab8:	ab0c      	add	r3, sp, #48	; 0x30
10002aba:	222e      	movs	r2, #46	; 0x2e
10002abc:	551a      	strb	r2, [r3, r4]
10002abe:	3401      	adds	r4, #1
10002ac0:	2c1f      	cmp	r4, #31
10002ac2:	d810      	bhi.n	10002ae6 <_ftoa+0x292>
10002ac4:	210a      	movs	r1, #10
10002ac6:	0028      	movs	r0, r5
10002ac8:	f000 fbc4 	bl	10003254 <__wrap___aeabi_idiv>
10002acc:	1c66      	adds	r6, r4, #1
10002ace:	3130      	adds	r1, #48	; 0x30
10002ad0:	ab0c      	add	r3, sp, #48	; 0x30
10002ad2:	5519      	strb	r1, [r3, r4]
10002ad4:	210a      	movs	r1, #10
10002ad6:	0028      	movs	r0, r5
10002ad8:	f000 fbbc 	bl	10003254 <__wrap___aeabi_idiv>
10002adc:	1e05      	subs	r5, r0, #0
10002ade:	d001      	beq.n	10002ae4 <_ftoa+0x290>
10002ae0:	0034      	movs	r4, r6
10002ae2:	e7ed      	b.n	10002ac0 <_ftoa+0x26c>
10002ae4:	0034      	movs	r4, r6
10002ae6:	2303      	movs	r3, #3
10002ae8:	9a22      	ldr	r2, [sp, #136]	; 0x88
10002aea:	4013      	ands	r3, r2
10002aec:	2b01      	cmp	r3, #1
10002aee:	d01c      	beq.n	10002b2a <_ftoa+0x2d6>
10002af0:	2c1f      	cmp	r4, #31
10002af2:	d806      	bhi.n	10002b02 <_ftoa+0x2ae>
10002af4:	4643      	mov	r3, r8
10002af6:	2b00      	cmp	r3, #0
10002af8:	d032      	beq.n	10002b60 <_ftoa+0x30c>
10002afa:	ab0c      	add	r3, sp, #48	; 0x30
10002afc:	222d      	movs	r2, #45	; 0x2d
10002afe:	551a      	strb	r2, [r3, r4]
10002b00:	3401      	adds	r4, #1
10002b02:	9b22      	ldr	r3, [sp, #136]	; 0x88
10002b04:	9303      	str	r3, [sp, #12]
10002b06:	9b21      	ldr	r3, [sp, #132]	; 0x84
10002b08:	9302      	str	r3, [sp, #8]
10002b0a:	9401      	str	r4, [sp, #4]
10002b0c:	ab0c      	add	r3, sp, #48	; 0x30
10002b0e:	9300      	str	r3, [sp, #0]
10002b10:	464b      	mov	r3, r9
10002b12:	465a      	mov	r2, fp
10002b14:	9907      	ldr	r1, [sp, #28]
10002b16:	9806      	ldr	r0, [sp, #24]
10002b18:	f7ff fae2 	bl	100020e0 <_out_rev>
10002b1c:	b015      	add	sp, #84	; 0x54
10002b1e:	bcf0      	pop	{r4, r5, r6, r7}
10002b20:	46bb      	mov	fp, r7
10002b22:	46b2      	mov	sl, r6
10002b24:	46a9      	mov	r9, r5
10002b26:	46a0      	mov	r8, r4
10002b28:	bdf0      	pop	{r4, r5, r6, r7, pc}
10002b2a:	9b21      	ldr	r3, [sp, #132]	; 0x84
10002b2c:	2b00      	cmp	r3, #0
10002b2e:	d013      	beq.n	10002b58 <_ftoa+0x304>
10002b30:	4643      	mov	r3, r8
10002b32:	2b00      	cmp	r3, #0
10002b34:	d102      	bne.n	10002b3c <_ftoa+0x2e8>
10002b36:	330c      	adds	r3, #12
10002b38:	4213      	tst	r3, r2
10002b3a:	d00f      	beq.n	10002b5c <_ftoa+0x308>
10002b3c:	9b21      	ldr	r3, [sp, #132]	; 0x84
10002b3e:	3b01      	subs	r3, #1
10002b40:	9321      	str	r3, [sp, #132]	; 0x84
10002b42:	0019      	movs	r1, r3
10002b44:	e003      	b.n	10002b4e <_ftoa+0x2fa>
10002b46:	ab0c      	add	r3, sp, #48	; 0x30
10002b48:	2230      	movs	r2, #48	; 0x30
10002b4a:	551a      	strb	r2, [r3, r4]
10002b4c:	3401      	adds	r4, #1
10002b4e:	428c      	cmp	r4, r1
10002b50:	d2ce      	bcs.n	10002af0 <_ftoa+0x29c>
10002b52:	2c1f      	cmp	r4, #31
10002b54:	d9f7      	bls.n	10002b46 <_ftoa+0x2f2>
10002b56:	e7cb      	b.n	10002af0 <_ftoa+0x29c>
10002b58:	9921      	ldr	r1, [sp, #132]	; 0x84
10002b5a:	e7f8      	b.n	10002b4e <_ftoa+0x2fa>
10002b5c:	9921      	ldr	r1, [sp, #132]	; 0x84
10002b5e:	e7f6      	b.n	10002b4e <_ftoa+0x2fa>
10002b60:	9b22      	ldr	r3, [sp, #136]	; 0x88
10002b62:	075b      	lsls	r3, r3, #29
10002b64:	d504      	bpl.n	10002b70 <_ftoa+0x31c>
10002b66:	ab0c      	add	r3, sp, #48	; 0x30
10002b68:	222b      	movs	r2, #43	; 0x2b
10002b6a:	551a      	strb	r2, [r3, r4]
10002b6c:	3401      	adds	r4, #1
10002b6e:	e7c8      	b.n	10002b02 <_ftoa+0x2ae>
10002b70:	9b22      	ldr	r3, [sp, #136]	; 0x88
10002b72:	071b      	lsls	r3, r3, #28
10002b74:	d5c5      	bpl.n	10002b02 <_ftoa+0x2ae>
10002b76:	ab0c      	add	r3, sp, #48	; 0x30
10002b78:	2220      	movs	r2, #32
10002b7a:	551a      	strb	r2, [r3, r4]
10002b7c:	3401      	adds	r4, #1
10002b7e:	e7c0      	b.n	10002b02 <_ftoa+0x2ae>
10002b80:	ffefffff 	.word	0xffefffff
10002b84:	7fefffff 	.word	0x7fefffff
10002b88:	41cdcd65 	.word	0x41cdcd65
10002b8c:	c1cdcd65 	.word	0xc1cdcd65
10002b90:	10004d20 	.word	0x10004d20
10002b94:	10004d24 	.word	0x10004d24
10002b98:	10004d18 	.word	0x10004d18
10002b9c:	10004d14 	.word	0x10004d14
10002ba0:	10004f10 	.word	0x10004f10
10002ba4:	3fe00000 	.word	0x3fe00000

10002ba8 <_vsnprintf>:
10002ba8:	b5f0      	push	{r4, r5, r6, r7, lr}
10002baa:	46de      	mov	lr, fp
10002bac:	4657      	mov	r7, sl
10002bae:	464e      	mov	r6, r9
10002bb0:	4645      	mov	r5, r8
10002bb2:	b5e0      	push	{r5, r6, r7, lr}
10002bb4:	b093      	sub	sp, #76	; 0x4c
10002bb6:	4682      	mov	sl, r0
10002bb8:	468b      	mov	fp, r1
10002bba:	4690      	mov	r8, r2
10002bbc:	9311      	str	r3, [sp, #68]	; 0x44
10002bbe:	2900      	cmp	r1, #0
10002bc0:	d100      	bne.n	10002bc4 <_vsnprintf+0x1c>
10002bc2:	e2eb      	b.n	1000319c <_vsnprintf+0x5f4>
10002bc4:	2700      	movs	r7, #0
10002bc6:	4655      	mov	r5, sl
10002bc8:	9b11      	ldr	r3, [sp, #68]	; 0x44
10002bca:	7818      	ldrb	r0, [r3, #0]
10002bcc:	2800      	cmp	r0, #0
10002bce:	d100      	bne.n	10002bd2 <_vsnprintf+0x2a>
10002bd0:	e2e7      	b.n	100031a2 <_vsnprintf+0x5fa>
10002bd2:	2825      	cmp	r0, #37	; 0x25
10002bd4:	d009      	beq.n	10002bea <_vsnprintf+0x42>
10002bd6:	1c7c      	adds	r4, r7, #1
10002bd8:	4643      	mov	r3, r8
10002bda:	003a      	movs	r2, r7
10002bdc:	4659      	mov	r1, fp
10002bde:	47a8      	blx	r5
10002be0:	9b11      	ldr	r3, [sp, #68]	; 0x44
10002be2:	3301      	adds	r3, #1
10002be4:	9311      	str	r3, [sp, #68]	; 0x44
10002be6:	0027      	movs	r7, r4
10002be8:	e7ee      	b.n	10002bc8 <_vsnprintf+0x20>
10002bea:	3301      	adds	r3, #1
10002bec:	9311      	str	r3, [sp, #68]	; 0x44
10002bee:	2400      	movs	r4, #0
10002bf0:	9a11      	ldr	r2, [sp, #68]	; 0x44
10002bf2:	7811      	ldrb	r1, [r2, #0]
10002bf4:	000b      	movs	r3, r1
10002bf6:	3b20      	subs	r3, #32
10002bf8:	b2d8      	uxtb	r0, r3
10002bfa:	2810      	cmp	r0, #16
10002bfc:	d803      	bhi.n	10002c06 <_vsnprintf+0x5e>
10002bfe:	0083      	lsls	r3, r0, #2
10002c00:	48d0      	ldr	r0, [pc, #832]	; (10002f44 <_vsnprintf+0x39c>)
10002c02:	58c3      	ldr	r3, [r0, r3]
10002c04:	469f      	mov	pc, r3
10002c06:	000b      	movs	r3, r1
10002c08:	3b30      	subs	r3, #48	; 0x30
10002c0a:	b2db      	uxtb	r3, r3
10002c0c:	2b09      	cmp	r3, #9
10002c0e:	d92c      	bls.n	10002c6a <_vsnprintf+0xc2>
10002c10:	292a      	cmp	r1, #42	; 0x2a
10002c12:	d02f      	beq.n	10002c74 <_vsnprintf+0xcc>
10002c14:	2300      	movs	r3, #0
10002c16:	930a      	str	r3, [sp, #40]	; 0x28
10002c18:	9b11      	ldr	r3, [sp, #68]	; 0x44
10002c1a:	781a      	ldrb	r2, [r3, #0]
10002c1c:	2a2e      	cmp	r2, #46	; 0x2e
10002c1e:	d039      	beq.n	10002c94 <_vsnprintf+0xec>
10002c20:	2300      	movs	r3, #0
10002c22:	469a      	mov	sl, r3
10002c24:	9a11      	ldr	r2, [sp, #68]	; 0x44
10002c26:	7813      	ldrb	r3, [r2, #0]
10002c28:	3b68      	subs	r3, #104	; 0x68
10002c2a:	b2d9      	uxtb	r1, r3
10002c2c:	2912      	cmp	r1, #18
10002c2e:	d876      	bhi.n	10002d1e <_vsnprintf+0x176>
10002c30:	008b      	lsls	r3, r1, #2
10002c32:	49c5      	ldr	r1, [pc, #788]	; (10002f48 <_vsnprintf+0x3a0>)
10002c34:	58cb      	ldr	r3, [r1, r3]
10002c36:	469f      	mov	pc, r3
10002c38:	2301      	movs	r3, #1
10002c3a:	431c      	orrs	r4, r3
10002c3c:	3201      	adds	r2, #1
10002c3e:	9211      	str	r2, [sp, #68]	; 0x44
10002c40:	e7d6      	b.n	10002bf0 <_vsnprintf+0x48>
10002c42:	2302      	movs	r3, #2
10002c44:	431c      	orrs	r4, r3
10002c46:	3201      	adds	r2, #1
10002c48:	9211      	str	r2, [sp, #68]	; 0x44
10002c4a:	e7d1      	b.n	10002bf0 <_vsnprintf+0x48>
10002c4c:	2304      	movs	r3, #4
10002c4e:	431c      	orrs	r4, r3
10002c50:	3201      	adds	r2, #1
10002c52:	9211      	str	r2, [sp, #68]	; 0x44
10002c54:	e7cc      	b.n	10002bf0 <_vsnprintf+0x48>
10002c56:	2308      	movs	r3, #8
10002c58:	431c      	orrs	r4, r3
10002c5a:	3201      	adds	r2, #1
10002c5c:	9211      	str	r2, [sp, #68]	; 0x44
10002c5e:	e7c7      	b.n	10002bf0 <_vsnprintf+0x48>
10002c60:	2310      	movs	r3, #16
10002c62:	431c      	orrs	r4, r3
10002c64:	3201      	adds	r2, #1
10002c66:	9211      	str	r2, [sp, #68]	; 0x44
10002c68:	e7c2      	b.n	10002bf0 <_vsnprintf+0x48>
10002c6a:	a811      	add	r0, sp, #68	; 0x44
10002c6c:	f7ff fa26 	bl	100020bc <_atoi>
10002c70:	900a      	str	r0, [sp, #40]	; 0x28
10002c72:	e7d1      	b.n	10002c18 <_vsnprintf+0x70>
10002c74:	9b1c      	ldr	r3, [sp, #112]	; 0x70
10002c76:	1d1a      	adds	r2, r3, #4
10002c78:	921c      	str	r2, [sp, #112]	; 0x70
10002c7a:	6818      	ldr	r0, [r3, #0]
10002c7c:	2800      	cmp	r0, #0
10002c7e:	db04      	blt.n	10002c8a <_vsnprintf+0xe2>
10002c80:	900a      	str	r0, [sp, #40]	; 0x28
10002c82:	9b11      	ldr	r3, [sp, #68]	; 0x44
10002c84:	3301      	adds	r3, #1
10002c86:	9311      	str	r3, [sp, #68]	; 0x44
10002c88:	e7c6      	b.n	10002c18 <_vsnprintf+0x70>
10002c8a:	2302      	movs	r3, #2
10002c8c:	431c      	orrs	r4, r3
10002c8e:	4243      	negs	r3, r0
10002c90:	930a      	str	r3, [sp, #40]	; 0x28
10002c92:	e7f6      	b.n	10002c82 <_vsnprintf+0xda>
10002c94:	2280      	movs	r2, #128	; 0x80
10002c96:	00d2      	lsls	r2, r2, #3
10002c98:	4314      	orrs	r4, r2
10002c9a:	1c5a      	adds	r2, r3, #1
10002c9c:	9211      	str	r2, [sp, #68]	; 0x44
10002c9e:	785a      	ldrb	r2, [r3, #1]
10002ca0:	0013      	movs	r3, r2
10002ca2:	3b30      	subs	r3, #48	; 0x30
10002ca4:	b2db      	uxtb	r3, r3
10002ca6:	2b09      	cmp	r3, #9
10002ca8:	d904      	bls.n	10002cb4 <_vsnprintf+0x10c>
10002caa:	2a2a      	cmp	r2, #42	; 0x2a
10002cac:	d007      	beq.n	10002cbe <_vsnprintf+0x116>
10002cae:	2300      	movs	r3, #0
10002cb0:	469a      	mov	sl, r3
10002cb2:	e7b7      	b.n	10002c24 <_vsnprintf+0x7c>
10002cb4:	a811      	add	r0, sp, #68	; 0x44
10002cb6:	f7ff fa01 	bl	100020bc <_atoi>
10002cba:	4682      	mov	sl, r0
10002cbc:	e7b2      	b.n	10002c24 <_vsnprintf+0x7c>
10002cbe:	9b1c      	ldr	r3, [sp, #112]	; 0x70
10002cc0:	1d1a      	adds	r2, r3, #4
10002cc2:	921c      	str	r2, [sp, #112]	; 0x70
10002cc4:	6818      	ldr	r0, [r3, #0]
10002cc6:	2800      	cmp	r0, #0
10002cc8:	db04      	blt.n	10002cd4 <_vsnprintf+0x12c>
10002cca:	4682      	mov	sl, r0
10002ccc:	9b11      	ldr	r3, [sp, #68]	; 0x44
10002cce:	3301      	adds	r3, #1
10002cd0:	9311      	str	r3, [sp, #68]	; 0x44
10002cd2:	e7a7      	b.n	10002c24 <_vsnprintf+0x7c>
10002cd4:	2000      	movs	r0, #0
10002cd6:	e7f8      	b.n	10002cca <_vsnprintf+0x122>
10002cd8:	2380      	movs	r3, #128	; 0x80
10002cda:	005b      	lsls	r3, r3, #1
10002cdc:	4323      	orrs	r3, r4
10002cde:	1c51      	adds	r1, r2, #1
10002ce0:	9111      	str	r1, [sp, #68]	; 0x44
10002ce2:	7852      	ldrb	r2, [r2, #1]
10002ce4:	2a6c      	cmp	r2, #108	; 0x6c
10002ce6:	d001      	beq.n	10002cec <_vsnprintf+0x144>
10002ce8:	001c      	movs	r4, r3
10002cea:	e018      	b.n	10002d1e <_vsnprintf+0x176>
10002cec:	23c0      	movs	r3, #192	; 0xc0
10002cee:	009b      	lsls	r3, r3, #2
10002cf0:	431c      	orrs	r4, r3
10002cf2:	3101      	adds	r1, #1
10002cf4:	9111      	str	r1, [sp, #68]	; 0x44
10002cf6:	e012      	b.n	10002d1e <_vsnprintf+0x176>
10002cf8:	2380      	movs	r3, #128	; 0x80
10002cfa:	4323      	orrs	r3, r4
10002cfc:	1c51      	adds	r1, r2, #1
10002cfe:	9111      	str	r1, [sp, #68]	; 0x44
10002d00:	7852      	ldrb	r2, [r2, #1]
10002d02:	2a68      	cmp	r2, #104	; 0x68
10002d04:	d001      	beq.n	10002d0a <_vsnprintf+0x162>
10002d06:	001c      	movs	r4, r3
10002d08:	e009      	b.n	10002d1e <_vsnprintf+0x176>
10002d0a:	23c0      	movs	r3, #192	; 0xc0
10002d0c:	431c      	orrs	r4, r3
10002d0e:	3101      	adds	r1, #1
10002d10:	9111      	str	r1, [sp, #68]	; 0x44
10002d12:	e004      	b.n	10002d1e <_vsnprintf+0x176>
10002d14:	2380      	movs	r3, #128	; 0x80
10002d16:	005b      	lsls	r3, r3, #1
10002d18:	431c      	orrs	r4, r3
10002d1a:	3201      	adds	r2, #1
10002d1c:	9211      	str	r2, [sp, #68]	; 0x44
10002d1e:	9b11      	ldr	r3, [sp, #68]	; 0x44
10002d20:	7818      	ldrb	r0, [r3, #0]
10002d22:	0003      	movs	r3, r0
10002d24:	3b25      	subs	r3, #37	; 0x25
10002d26:	b2da      	uxtb	r2, r3
10002d28:	2a53      	cmp	r2, #83	; 0x53
10002d2a:	d900      	bls.n	10002d2e <_vsnprintf+0x186>
10002d2c:	e22c      	b.n	10003188 <_vsnprintf+0x5e0>
10002d2e:	0093      	lsls	r3, r2, #2
10002d30:	4a86      	ldr	r2, [pc, #536]	; (10002f4c <_vsnprintf+0x3a4>)
10002d32:	58d3      	ldr	r3, [r2, r3]
10002d34:	469f      	mov	pc, r3
10002d36:	2380      	movs	r3, #128	; 0x80
10002d38:	009b      	lsls	r3, r3, #2
10002d3a:	431c      	orrs	r4, r3
10002d3c:	3201      	adds	r2, #1
10002d3e:	9211      	str	r2, [sp, #68]	; 0x44
10002d40:	e7ed      	b.n	10002d1e <_vsnprintf+0x176>
10002d42:	2380      	movs	r3, #128	; 0x80
10002d44:	005b      	lsls	r3, r3, #1
10002d46:	431c      	orrs	r4, r3
10002d48:	3201      	adds	r2, #1
10002d4a:	9211      	str	r2, [sp, #68]	; 0x44
10002d4c:	e7e7      	b.n	10002d1e <_vsnprintf+0x176>
10002d4e:	2878      	cmp	r0, #120	; 0x78
10002d50:	d009      	beq.n	10002d66 <_vsnprintf+0x1be>
10002d52:	2858      	cmp	r0, #88	; 0x58
10002d54:	d038      	beq.n	10002dc8 <_vsnprintf+0x220>
10002d56:	286f      	cmp	r0, #111	; 0x6f
10002d58:	d038      	beq.n	10002dcc <_vsnprintf+0x224>
10002d5a:	2862      	cmp	r0, #98	; 0x62
10002d5c:	d038      	beq.n	10002dd0 <_vsnprintf+0x228>
10002d5e:	2310      	movs	r3, #16
10002d60:	439c      	bics	r4, r3
10002d62:	260a      	movs	r6, #10
10002d64:	e000      	b.n	10002d68 <_vsnprintf+0x1c0>
10002d66:	2610      	movs	r6, #16
10002d68:	2858      	cmp	r0, #88	; 0x58
10002d6a:	d033      	beq.n	10002dd4 <_vsnprintf+0x22c>
10002d6c:	2869      	cmp	r0, #105	; 0x69
10002d6e:	d003      	beq.n	10002d78 <_vsnprintf+0x1d0>
10002d70:	2864      	cmp	r0, #100	; 0x64
10002d72:	d001      	beq.n	10002d78 <_vsnprintf+0x1d0>
10002d74:	220c      	movs	r2, #12
10002d76:	4394      	bics	r4, r2
10002d78:	0563      	lsls	r3, r4, #21
10002d7a:	d501      	bpl.n	10002d80 <_vsnprintf+0x1d8>
10002d7c:	2201      	movs	r2, #1
10002d7e:	4394      	bics	r4, r2
10002d80:	2869      	cmp	r0, #105	; 0x69
10002d82:	d02a      	beq.n	10002dda <_vsnprintf+0x232>
10002d84:	2864      	cmp	r0, #100	; 0x64
10002d86:	d028      	beq.n	10002dda <_vsnprintf+0x232>
10002d88:	05a3      	lsls	r3, r4, #22
10002d8a:	d500      	bpl.n	10002d8e <_vsnprintf+0x1e6>
10002d8c:	e09f      	b.n	10002ece <_vsnprintf+0x326>
10002d8e:	05e3      	lsls	r3, r4, #23
10002d90:	d500      	bpl.n	10002d94 <_vsnprintf+0x1ec>
10002d92:	e0b8      	b.n	10002f06 <_vsnprintf+0x35e>
10002d94:	0663      	lsls	r3, r4, #25
10002d96:	d400      	bmi.n	10002d9a <_vsnprintf+0x1f2>
10002d98:	e0ca      	b.n	10002f30 <_vsnprintf+0x388>
10002d9a:	9a1c      	ldr	r2, [sp, #112]	; 0x70
10002d9c:	1d11      	adds	r1, r2, #4
10002d9e:	911c      	str	r1, [sp, #112]	; 0x70
10002da0:	6811      	ldr	r1, [r2, #0]
10002da2:	22ff      	movs	r2, #255	; 0xff
10002da4:	400a      	ands	r2, r1
10002da6:	9405      	str	r4, [sp, #20]
10002da8:	9b0a      	ldr	r3, [sp, #40]	; 0x28
10002daa:	9304      	str	r3, [sp, #16]
10002dac:	4653      	mov	r3, sl
10002dae:	9303      	str	r3, [sp, #12]
10002db0:	9602      	str	r6, [sp, #8]
10002db2:	2300      	movs	r3, #0
10002db4:	9301      	str	r3, [sp, #4]
10002db6:	9200      	str	r2, [sp, #0]
10002db8:	4643      	mov	r3, r8
10002dba:	003a      	movs	r2, r7
10002dbc:	4659      	mov	r1, fp
10002dbe:	0028      	movs	r0, r5
10002dc0:	f7ff fa6e 	bl	100022a0 <_ntoa_long>
10002dc4:	0007      	movs	r7, r0
10002dc6:	e027      	b.n	10002e18 <_vsnprintf+0x270>
10002dc8:	2610      	movs	r6, #16
10002dca:	e7cd      	b.n	10002d68 <_vsnprintf+0x1c0>
10002dcc:	2608      	movs	r6, #8
10002dce:	e7cb      	b.n	10002d68 <_vsnprintf+0x1c0>
10002dd0:	2602      	movs	r6, #2
10002dd2:	e7c9      	b.n	10002d68 <_vsnprintf+0x1c0>
10002dd4:	2220      	movs	r2, #32
10002dd6:	4314      	orrs	r4, r2
10002dd8:	e7c8      	b.n	10002d6c <_vsnprintf+0x1c4>
10002dda:	05a3      	lsls	r3, r4, #22
10002ddc:	d420      	bmi.n	10002e20 <_vsnprintf+0x278>
10002dde:	05e3      	lsls	r3, r4, #23
10002de0:	d450      	bmi.n	10002e84 <_vsnprintf+0x2dc>
10002de2:	0663      	lsls	r3, r4, #25
10002de4:	d566      	bpl.n	10002eb4 <_vsnprintf+0x30c>
10002de6:	9a1c      	ldr	r2, [sp, #112]	; 0x70
10002de8:	1d11      	adds	r1, r2, #4
10002dea:	911c      	str	r1, [sp, #112]	; 0x70
10002dec:	6811      	ldr	r1, [r2, #0]
10002dee:	22ff      	movs	r2, #255	; 0xff
10002df0:	400a      	ands	r2, r1
10002df2:	17d3      	asrs	r3, r2, #31
10002df4:	18d1      	adds	r1, r2, r3
10002df6:	4059      	eors	r1, r3
10002df8:	9405      	str	r4, [sp, #20]
10002dfa:	9b0a      	ldr	r3, [sp, #40]	; 0x28
10002dfc:	9304      	str	r3, [sp, #16]
10002dfe:	4653      	mov	r3, sl
10002e00:	9303      	str	r3, [sp, #12]
10002e02:	9602      	str	r6, [sp, #8]
10002e04:	0fd2      	lsrs	r2, r2, #31
10002e06:	9201      	str	r2, [sp, #4]
10002e08:	9100      	str	r1, [sp, #0]
10002e0a:	4643      	mov	r3, r8
10002e0c:	003a      	movs	r2, r7
10002e0e:	4659      	mov	r1, fp
10002e10:	0028      	movs	r0, r5
10002e12:	f7ff fa45 	bl	100022a0 <_ntoa_long>
10002e16:	0007      	movs	r7, r0
10002e18:	9b11      	ldr	r3, [sp, #68]	; 0x44
10002e1a:	3301      	adds	r3, #1
10002e1c:	9311      	str	r3, [sp, #68]	; 0x44
10002e1e:	e6d3      	b.n	10002bc8 <_vsnprintf+0x20>
10002e20:	9b1c      	ldr	r3, [sp, #112]	; 0x70
10002e22:	1dda      	adds	r2, r3, #7
10002e24:	2107      	movs	r1, #7
10002e26:	438a      	bics	r2, r1
10002e28:	0011      	movs	r1, r2
10002e2a:	3108      	adds	r1, #8
10002e2c:	911c      	str	r1, [sp, #112]	; 0x70
10002e2e:	6811      	ldr	r1, [r2, #0]
10002e30:	6853      	ldr	r3, [r2, #4]
10002e32:	469c      	mov	ip, r3
10002e34:	17db      	asrs	r3, r3, #31
10002e36:	930c      	str	r3, [sp, #48]	; 0x30
10002e38:	930d      	str	r3, [sp, #52]	; 0x34
10002e3a:	9a0c      	ldr	r2, [sp, #48]	; 0x30
10002e3c:	9b0d      	ldr	r3, [sp, #52]	; 0x34
10002e3e:	0010      	movs	r0, r2
10002e40:	4048      	eors	r0, r1
10002e42:	900e      	str	r0, [sp, #56]	; 0x38
10002e44:	4662      	mov	r2, ip
10002e46:	4053      	eors	r3, r2
10002e48:	930f      	str	r3, [sp, #60]	; 0x3c
10002e4a:	980e      	ldr	r0, [sp, #56]	; 0x38
10002e4c:	990f      	ldr	r1, [sp, #60]	; 0x3c
10002e4e:	9a0c      	ldr	r2, [sp, #48]	; 0x30
10002e50:	9b0d      	ldr	r3, [sp, #52]	; 0x34
10002e52:	1a80      	subs	r0, r0, r2
10002e54:	4199      	sbcs	r1, r3
10002e56:	900e      	str	r0, [sp, #56]	; 0x38
10002e58:	910f      	str	r1, [sp, #60]	; 0x3c
10002e5a:	9408      	str	r4, [sp, #32]
10002e5c:	9b0a      	ldr	r3, [sp, #40]	; 0x28
10002e5e:	9307      	str	r3, [sp, #28]
10002e60:	4653      	mov	r3, sl
10002e62:	9306      	str	r3, [sp, #24]
10002e64:	9604      	str	r6, [sp, #16]
10002e66:	2300      	movs	r3, #0
10002e68:	9305      	str	r3, [sp, #20]
10002e6a:	4663      	mov	r3, ip
10002e6c:	0fda      	lsrs	r2, r3, #31
10002e6e:	9202      	str	r2, [sp, #8]
10002e70:	9000      	str	r0, [sp, #0]
10002e72:	9101      	str	r1, [sp, #4]
10002e74:	4643      	mov	r3, r8
10002e76:	003a      	movs	r2, r7
10002e78:	4659      	mov	r1, fp
10002e7a:	0028      	movs	r0, r5
10002e7c:	f7ff fa6e 	bl	1000235c <_ntoa_long_long>
10002e80:	0007      	movs	r7, r0
10002e82:	e7c9      	b.n	10002e18 <_vsnprintf+0x270>
10002e84:	9a1c      	ldr	r2, [sp, #112]	; 0x70
10002e86:	1d11      	adds	r1, r2, #4
10002e88:	911c      	str	r1, [sp, #112]	; 0x70
10002e8a:	6812      	ldr	r2, [r2, #0]
10002e8c:	17d3      	asrs	r3, r2, #31
10002e8e:	18d1      	adds	r1, r2, r3
10002e90:	4059      	eors	r1, r3
10002e92:	9405      	str	r4, [sp, #20]
10002e94:	9b0a      	ldr	r3, [sp, #40]	; 0x28
10002e96:	9304      	str	r3, [sp, #16]
10002e98:	4653      	mov	r3, sl
10002e9a:	9303      	str	r3, [sp, #12]
10002e9c:	9602      	str	r6, [sp, #8]
10002e9e:	0fd2      	lsrs	r2, r2, #31
10002ea0:	9201      	str	r2, [sp, #4]
10002ea2:	9100      	str	r1, [sp, #0]
10002ea4:	4643      	mov	r3, r8
10002ea6:	003a      	movs	r2, r7
10002ea8:	4659      	mov	r1, fp
10002eaa:	0028      	movs	r0, r5
10002eac:	f7ff f9f8 	bl	100022a0 <_ntoa_long>
10002eb0:	0007      	movs	r7, r0
10002eb2:	e7b1      	b.n	10002e18 <_vsnprintf+0x270>
10002eb4:	0623      	lsls	r3, r4, #24
10002eb6:	d505      	bpl.n	10002ec4 <_vsnprintf+0x31c>
10002eb8:	9a1c      	ldr	r2, [sp, #112]	; 0x70
10002eba:	1d11      	adds	r1, r2, #4
10002ebc:	911c      	str	r1, [sp, #112]	; 0x70
10002ebe:	2300      	movs	r3, #0
10002ec0:	5ed2      	ldrsh	r2, [r2, r3]
10002ec2:	e796      	b.n	10002df2 <_vsnprintf+0x24a>
10002ec4:	9a1c      	ldr	r2, [sp, #112]	; 0x70
10002ec6:	1d11      	adds	r1, r2, #4
10002ec8:	911c      	str	r1, [sp, #112]	; 0x70
10002eca:	6812      	ldr	r2, [r2, #0]
10002ecc:	e791      	b.n	10002df2 <_vsnprintf+0x24a>
10002ece:	9b1c      	ldr	r3, [sp, #112]	; 0x70
10002ed0:	1dda      	adds	r2, r3, #7
10002ed2:	2107      	movs	r1, #7
10002ed4:	438a      	bics	r2, r1
10002ed6:	0011      	movs	r1, r2
10002ed8:	3108      	adds	r1, #8
10002eda:	911c      	str	r1, [sp, #112]	; 0x70
10002edc:	9408      	str	r4, [sp, #32]
10002ede:	9b0a      	ldr	r3, [sp, #40]	; 0x28
10002ee0:	9307      	str	r3, [sp, #28]
10002ee2:	4653      	mov	r3, sl
10002ee4:	9306      	str	r3, [sp, #24]
10002ee6:	9604      	str	r6, [sp, #16]
10002ee8:	2300      	movs	r3, #0
10002eea:	9305      	str	r3, [sp, #20]
10002eec:	9302      	str	r3, [sp, #8]
10002eee:	6813      	ldr	r3, [r2, #0]
10002ef0:	6854      	ldr	r4, [r2, #4]
10002ef2:	9300      	str	r3, [sp, #0]
10002ef4:	9401      	str	r4, [sp, #4]
10002ef6:	4643      	mov	r3, r8
10002ef8:	003a      	movs	r2, r7
10002efa:	4659      	mov	r1, fp
10002efc:	0028      	movs	r0, r5
10002efe:	f7ff fa2d 	bl	1000235c <_ntoa_long_long>
10002f02:	0007      	movs	r7, r0
10002f04:	e788      	b.n	10002e18 <_vsnprintf+0x270>
10002f06:	9a1c      	ldr	r2, [sp, #112]	; 0x70
10002f08:	1d11      	adds	r1, r2, #4
10002f0a:	911c      	str	r1, [sp, #112]	; 0x70
10002f0c:	9405      	str	r4, [sp, #20]
10002f0e:	9b0a      	ldr	r3, [sp, #40]	; 0x28
10002f10:	9304      	str	r3, [sp, #16]
10002f12:	4653      	mov	r3, sl
10002f14:	9303      	str	r3, [sp, #12]
10002f16:	9602      	str	r6, [sp, #8]
10002f18:	2300      	movs	r3, #0
10002f1a:	9301      	str	r3, [sp, #4]
10002f1c:	6813      	ldr	r3, [r2, #0]
10002f1e:	9300      	str	r3, [sp, #0]
10002f20:	4643      	mov	r3, r8
10002f22:	003a      	movs	r2, r7
10002f24:	4659      	mov	r1, fp
10002f26:	0028      	movs	r0, r5
10002f28:	f7ff f9ba 	bl	100022a0 <_ntoa_long>
10002f2c:	0007      	movs	r7, r0
10002f2e:	e773      	b.n	10002e18 <_vsnprintf+0x270>
10002f30:	0623      	lsls	r3, r4, #24
10002f32:	d50d      	bpl.n	10002f50 <_vsnprintf+0x3a8>
10002f34:	9a1c      	ldr	r2, [sp, #112]	; 0x70
10002f36:	1d11      	adds	r1, r2, #4
10002f38:	911c      	str	r1, [sp, #112]	; 0x70
10002f3a:	6812      	ldr	r2, [r2, #0]
10002f3c:	0412      	lsls	r2, r2, #16
10002f3e:	0c12      	lsrs	r2, r2, #16
10002f40:	e731      	b.n	10002da6 <_vsnprintf+0x1fe>
10002f42:	46c0      	nop			; (mov r8, r8)
10002f44:	10004d2c 	.word	0x10004d2c
10002f48:	10004d70 	.word	0x10004d70
10002f4c:	10004dbc 	.word	0x10004dbc
10002f50:	9a1c      	ldr	r2, [sp, #112]	; 0x70
10002f52:	1d11      	adds	r1, r2, #4
10002f54:	911c      	str	r1, [sp, #112]	; 0x70
10002f56:	6812      	ldr	r2, [r2, #0]
10002f58:	e725      	b.n	10002da6 <_vsnprintf+0x1fe>
10002f5a:	2846      	cmp	r0, #70	; 0x46
10002f5c:	d01a      	beq.n	10002f94 <_vsnprintf+0x3ec>
10002f5e:	9b1c      	ldr	r3, [sp, #112]	; 0x70
10002f60:	3307      	adds	r3, #7
10002f62:	2207      	movs	r2, #7
10002f64:	4393      	bics	r3, r2
10002f66:	001a      	movs	r2, r3
10002f68:	3208      	adds	r2, #8
10002f6a:	921c      	str	r2, [sp, #112]	; 0x70
10002f6c:	9404      	str	r4, [sp, #16]
10002f6e:	9a0a      	ldr	r2, [sp, #40]	; 0x28
10002f70:	9203      	str	r2, [sp, #12]
10002f72:	4652      	mov	r2, sl
10002f74:	9202      	str	r2, [sp, #8]
10002f76:	685c      	ldr	r4, [r3, #4]
10002f78:	681b      	ldr	r3, [r3, #0]
10002f7a:	9300      	str	r3, [sp, #0]
10002f7c:	9401      	str	r4, [sp, #4]
10002f7e:	4643      	mov	r3, r8
10002f80:	003a      	movs	r2, r7
10002f82:	4659      	mov	r1, fp
10002f84:	0028      	movs	r0, r5
10002f86:	f7ff fc65 	bl	10002854 <_ftoa>
10002f8a:	0007      	movs	r7, r0
10002f8c:	9b11      	ldr	r3, [sp, #68]	; 0x44
10002f8e:	3301      	adds	r3, #1
10002f90:	9311      	str	r3, [sp, #68]	; 0x44
10002f92:	e619      	b.n	10002bc8 <_vsnprintf+0x20>
10002f94:	2320      	movs	r3, #32
10002f96:	431c      	orrs	r4, r3
10002f98:	e7e1      	b.n	10002f5e <_vsnprintf+0x3b6>
10002f9a:	2867      	cmp	r0, #103	; 0x67
10002f9c:	d001      	beq.n	10002fa2 <_vsnprintf+0x3fa>
10002f9e:	2847      	cmp	r0, #71	; 0x47
10002fa0:	d102      	bne.n	10002fa8 <_vsnprintf+0x400>
10002fa2:	2380      	movs	r3, #128	; 0x80
10002fa4:	011b      	lsls	r3, r3, #4
10002fa6:	431c      	orrs	r4, r3
10002fa8:	2845      	cmp	r0, #69	; 0x45
10002faa:	d001      	beq.n	10002fb0 <_vsnprintf+0x408>
10002fac:	2847      	cmp	r0, #71	; 0x47
10002fae:	d101      	bne.n	10002fb4 <_vsnprintf+0x40c>
10002fb0:	2320      	movs	r3, #32
10002fb2:	431c      	orrs	r4, r3
10002fb4:	9b1c      	ldr	r3, [sp, #112]	; 0x70
10002fb6:	3307      	adds	r3, #7
10002fb8:	2207      	movs	r2, #7
10002fba:	4393      	bics	r3, r2
10002fbc:	001a      	movs	r2, r3
10002fbe:	3208      	adds	r2, #8
10002fc0:	921c      	str	r2, [sp, #112]	; 0x70
10002fc2:	9404      	str	r4, [sp, #16]
10002fc4:	9a0a      	ldr	r2, [sp, #40]	; 0x28
10002fc6:	9203      	str	r2, [sp, #12]
10002fc8:	4652      	mov	r2, sl
10002fca:	9202      	str	r2, [sp, #8]
10002fcc:	685c      	ldr	r4, [r3, #4]
10002fce:	681b      	ldr	r3, [r3, #0]
10002fd0:	9300      	str	r3, [sp, #0]
10002fd2:	9401      	str	r4, [sp, #4]
10002fd4:	4643      	mov	r3, r8
10002fd6:	003a      	movs	r2, r7
10002fd8:	4659      	mov	r1, fp
10002fda:	0028      	movs	r0, r5
10002fdc:	f7ff fa30 	bl	10002440 <_etoa>
10002fe0:	0007      	movs	r7, r0
10002fe2:	9b11      	ldr	r3, [sp, #68]	; 0x44
10002fe4:	3301      	adds	r3, #1
10002fe6:	9311      	str	r3, [sp, #68]	; 0x44
10002fe8:	e5ee      	b.n	10002bc8 <_vsnprintf+0x20>
10002fea:	2302      	movs	r3, #2
10002fec:	001a      	movs	r2, r3
10002fee:	4022      	ands	r2, r4
10002ff0:	4692      	mov	sl, r2
10002ff2:	4223      	tst	r3, r4
10002ff4:	d01f      	beq.n	10003036 <_vsnprintf+0x48e>
10002ff6:	2401      	movs	r4, #1
10002ff8:	9b1c      	ldr	r3, [sp, #112]	; 0x70
10002ffa:	1d1a      	adds	r2, r3, #4
10002ffc:	921c      	str	r2, [sp, #112]	; 0x70
10002ffe:	1c7a      	adds	r2, r7, #1
10003000:	4691      	mov	r9, r2
10003002:	7818      	ldrb	r0, [r3, #0]
10003004:	4643      	mov	r3, r8
10003006:	003a      	movs	r2, r7
10003008:	4659      	mov	r1, fp
1000300a:	47a8      	blx	r5
1000300c:	4653      	mov	r3, sl
1000300e:	2b00      	cmp	r3, #0
10003010:	d116      	bne.n	10003040 <_vsnprintf+0x498>
10003012:	9b11      	ldr	r3, [sp, #68]	; 0x44
10003014:	3301      	adds	r3, #1
10003016:	9311      	str	r3, [sp, #68]	; 0x44
10003018:	464f      	mov	r7, r9
1000301a:	e5d5      	b.n	10002bc8 <_vsnprintf+0x20>
1000301c:	1c56      	adds	r6, r2, #1
1000301e:	4643      	mov	r3, r8
10003020:	4659      	mov	r1, fp
10003022:	2020      	movs	r0, #32
10003024:	47b8      	blx	r7
10003026:	0023      	movs	r3, r4
10003028:	0032      	movs	r2, r6
1000302a:	1c5c      	adds	r4, r3, #1
1000302c:	429d      	cmp	r5, r3
1000302e:	d8f5      	bhi.n	1000301c <_vsnprintf+0x474>
10003030:	003d      	movs	r5, r7
10003032:	0017      	movs	r7, r2
10003034:	e7e0      	b.n	10002ff8 <_vsnprintf+0x450>
10003036:	2301      	movs	r3, #1
10003038:	003a      	movs	r2, r7
1000303a:	002f      	movs	r7, r5
1000303c:	9d0a      	ldr	r5, [sp, #40]	; 0x28
1000303e:	e7f4      	b.n	1000302a <_vsnprintf+0x482>
10003040:	464a      	mov	r2, r9
10003042:	46a9      	mov	r9, r5
10003044:	9d0a      	ldr	r5, [sp, #40]	; 0x28
10003046:	e006      	b.n	10003056 <_vsnprintf+0x4ae>
10003048:	1c57      	adds	r7, r2, #1
1000304a:	4643      	mov	r3, r8
1000304c:	4659      	mov	r1, fp
1000304e:	2020      	movs	r0, #32
10003050:	47c8      	blx	r9
10003052:	0034      	movs	r4, r6
10003054:	003a      	movs	r2, r7
10003056:	1c66      	adds	r6, r4, #1
10003058:	42a5      	cmp	r5, r4
1000305a:	d8f5      	bhi.n	10003048 <_vsnprintf+0x4a0>
1000305c:	464d      	mov	r5, r9
1000305e:	4691      	mov	r9, r2
10003060:	e7d7      	b.n	10003012 <_vsnprintf+0x46a>
10003062:	9b1c      	ldr	r3, [sp, #112]	; 0x70
10003064:	1d1a      	adds	r2, r3, #4
10003066:	921c      	str	r2, [sp, #112]	; 0x70
10003068:	681b      	ldr	r3, [r3, #0]
1000306a:	4699      	mov	r9, r3
1000306c:	4653      	mov	r3, sl
1000306e:	2b00      	cmp	r3, #0
10003070:	d100      	bne.n	10003074 <_vsnprintf+0x4cc>
10003072:	3b01      	subs	r3, #1
10003074:	464e      	mov	r6, r9
10003076:	e001      	b.n	1000307c <_vsnprintf+0x4d4>
10003078:	3601      	adds	r6, #1
1000307a:	0013      	movs	r3, r2
1000307c:	7832      	ldrb	r2, [r6, #0]
1000307e:	2a00      	cmp	r2, #0
10003080:	d002      	beq.n	10003088 <_vsnprintf+0x4e0>
10003082:	1e5a      	subs	r2, r3, #1
10003084:	2b00      	cmp	r3, #0
10003086:	d1f7      	bne.n	10003078 <_vsnprintf+0x4d0>
10003088:	464b      	mov	r3, r9
1000308a:	1af2      	subs	r2, r6, r3
1000308c:	9210      	str	r2, [sp, #64]	; 0x40
1000308e:	2380      	movs	r3, #128	; 0x80
10003090:	00db      	lsls	r3, r3, #3
10003092:	0026      	movs	r6, r4
10003094:	401e      	ands	r6, r3
10003096:	421c      	tst	r4, r3
10003098:	d003      	beq.n	100030a2 <_vsnprintf+0x4fa>
1000309a:	4552      	cmp	r2, sl
1000309c:	d901      	bls.n	100030a2 <_vsnprintf+0x4fa>
1000309e:	4653      	mov	r3, sl
100030a0:	9310      	str	r3, [sp, #64]	; 0x40
100030a2:	2302      	movs	r3, #2
100030a4:	001a      	movs	r2, r3
100030a6:	4022      	ands	r2, r4
100030a8:	920b      	str	r2, [sp, #44]	; 0x2c
100030aa:	4223      	tst	r3, r4
100030ac:	d005      	beq.n	100030ba <_vsnprintf+0x512>
100030ae:	003a      	movs	r2, r7
100030b0:	0037      	movs	r7, r6
100030b2:	464c      	mov	r4, r9
100030b4:	46a9      	mov	r9, r5
100030b6:	4655      	mov	r5, sl
100030b8:	e020      	b.n	100030fc <_vsnprintf+0x554>
100030ba:	003a      	movs	r2, r7
100030bc:	9b10      	ldr	r3, [sp, #64]	; 0x40
100030be:	465f      	mov	r7, fp
100030c0:	46b3      	mov	fp, r6
100030c2:	002e      	movs	r6, r5
100030c4:	e006      	b.n	100030d4 <_vsnprintf+0x52c>
100030c6:	1c55      	adds	r5, r2, #1
100030c8:	4643      	mov	r3, r8
100030ca:	0039      	movs	r1, r7
100030cc:	2020      	movs	r0, #32
100030ce:	47b0      	blx	r6
100030d0:	0023      	movs	r3, r4
100030d2:	002a      	movs	r2, r5
100030d4:	1c5c      	adds	r4, r3, #1
100030d6:	990a      	ldr	r1, [sp, #40]	; 0x28
100030d8:	4299      	cmp	r1, r3
100030da:	d8f4      	bhi.n	100030c6 <_vsnprintf+0x51e>
100030dc:	0035      	movs	r5, r6
100030de:	465e      	mov	r6, fp
100030e0:	46bb      	mov	fp, r7
100030e2:	9410      	str	r4, [sp, #64]	; 0x40
100030e4:	0037      	movs	r7, r6
100030e6:	464c      	mov	r4, r9
100030e8:	46a9      	mov	r9, r5
100030ea:	4655      	mov	r5, sl
100030ec:	e006      	b.n	100030fc <_vsnprintf+0x554>
100030ee:	001d      	movs	r5, r3
100030f0:	3401      	adds	r4, #1
100030f2:	1c56      	adds	r6, r2, #1
100030f4:	4643      	mov	r3, r8
100030f6:	4659      	mov	r1, fp
100030f8:	47c8      	blx	r9
100030fa:	0032      	movs	r2, r6
100030fc:	7820      	ldrb	r0, [r4, #0]
100030fe:	2800      	cmp	r0, #0
10003100:	d004      	beq.n	1000310c <_vsnprintf+0x564>
10003102:	2f00      	cmp	r7, #0
10003104:	d0f4      	beq.n	100030f0 <_vsnprintf+0x548>
10003106:	1e6b      	subs	r3, r5, #1
10003108:	2d00      	cmp	r5, #0
1000310a:	d1f0      	bne.n	100030ee <_vsnprintf+0x546>
1000310c:	0017      	movs	r7, r2
1000310e:	464d      	mov	r5, r9
10003110:	9b0b      	ldr	r3, [sp, #44]	; 0x2c
10003112:	2b00      	cmp	r3, #0
10003114:	d103      	bne.n	1000311e <_vsnprintf+0x576>
10003116:	9b11      	ldr	r3, [sp, #68]	; 0x44
10003118:	3301      	adds	r3, #1
1000311a:	9311      	str	r3, [sp, #68]	; 0x44
1000311c:	e554      	b.n	10002bc8 <_vsnprintf+0x20>
1000311e:	9f0a      	ldr	r7, [sp, #40]	; 0x28
10003120:	9b10      	ldr	r3, [sp, #64]	; 0x40
10003122:	e006      	b.n	10003132 <_vsnprintf+0x58a>
10003124:	1c56      	adds	r6, r2, #1
10003126:	4643      	mov	r3, r8
10003128:	4659      	mov	r1, fp
1000312a:	2020      	movs	r0, #32
1000312c:	47a8      	blx	r5
1000312e:	0023      	movs	r3, r4
10003130:	0032      	movs	r2, r6
10003132:	1c5c      	adds	r4, r3, #1
10003134:	429f      	cmp	r7, r3
10003136:	d8f5      	bhi.n	10003124 <_vsnprintf+0x57c>
10003138:	0017      	movs	r7, r2
1000313a:	e7ec      	b.n	10003116 <_vsnprintf+0x56e>
1000313c:	2321      	movs	r3, #33	; 0x21
1000313e:	431c      	orrs	r4, r3
10003140:	9b1c      	ldr	r3, [sp, #112]	; 0x70
10003142:	1d1a      	adds	r2, r3, #4
10003144:	921c      	str	r2, [sp, #112]	; 0x70
10003146:	681b      	ldr	r3, [r3, #0]
10003148:	9300      	str	r3, [sp, #0]
1000314a:	9405      	str	r4, [sp, #20]
1000314c:	2308      	movs	r3, #8
1000314e:	9304      	str	r3, [sp, #16]
10003150:	4653      	mov	r3, sl
10003152:	9303      	str	r3, [sp, #12]
10003154:	2310      	movs	r3, #16
10003156:	9302      	str	r3, [sp, #8]
10003158:	2300      	movs	r3, #0
1000315a:	9301      	str	r3, [sp, #4]
1000315c:	4643      	mov	r3, r8
1000315e:	003a      	movs	r2, r7
10003160:	4659      	mov	r1, fp
10003162:	0028      	movs	r0, r5
10003164:	f7ff f89c 	bl	100022a0 <_ntoa_long>
10003168:	0007      	movs	r7, r0
1000316a:	9b11      	ldr	r3, [sp, #68]	; 0x44
1000316c:	3301      	adds	r3, #1
1000316e:	9311      	str	r3, [sp, #68]	; 0x44
10003170:	e52a      	b.n	10002bc8 <_vsnprintf+0x20>
10003172:	1c7c      	adds	r4, r7, #1
10003174:	4643      	mov	r3, r8
10003176:	003a      	movs	r2, r7
10003178:	4659      	mov	r1, fp
1000317a:	2025      	movs	r0, #37	; 0x25
1000317c:	47a8      	blx	r5
1000317e:	9b11      	ldr	r3, [sp, #68]	; 0x44
10003180:	3301      	adds	r3, #1
10003182:	9311      	str	r3, [sp, #68]	; 0x44
10003184:	0027      	movs	r7, r4
10003186:	e51f      	b.n	10002bc8 <_vsnprintf+0x20>
10003188:	1c7c      	adds	r4, r7, #1
1000318a:	4643      	mov	r3, r8
1000318c:	003a      	movs	r2, r7
1000318e:	4659      	mov	r1, fp
10003190:	47a8      	blx	r5
10003192:	9b11      	ldr	r3, [sp, #68]	; 0x44
10003194:	3301      	adds	r3, #1
10003196:	9311      	str	r3, [sp, #68]	; 0x44
10003198:	0027      	movs	r7, r4
1000319a:	e515      	b.n	10002bc8 <_vsnprintf+0x20>
1000319c:	4b0a      	ldr	r3, [pc, #40]	; (100031c8 <_vsnprintf+0x620>)
1000319e:	469a      	mov	sl, r3
100031a0:	e510      	b.n	10002bc4 <_vsnprintf+0x1c>
100031a2:	46aa      	mov	sl, r5
100031a4:	4547      	cmp	r7, r8
100031a6:	d302      	bcc.n	100031ae <_vsnprintf+0x606>
100031a8:	4643      	mov	r3, r8
100031aa:	1e5a      	subs	r2, r3, #1
100031ac:	e000      	b.n	100031b0 <_vsnprintf+0x608>
100031ae:	003a      	movs	r2, r7
100031b0:	4643      	mov	r3, r8
100031b2:	4659      	mov	r1, fp
100031b4:	2000      	movs	r0, #0
100031b6:	47d0      	blx	sl
100031b8:	0038      	movs	r0, r7
100031ba:	b013      	add	sp, #76	; 0x4c
100031bc:	bcf0      	pop	{r4, r5, r6, r7}
100031be:	46bb      	mov	fp, r7
100031c0:	46b2      	mov	sl, r6
100031c2:	46a9      	mov	r9, r5
100031c4:	46a0      	mov	r8, r4
100031c6:	bdf0      	pop	{r4, r5, r6, r7, pc}
100031c8:	100020ad 	.word	0x100020ad

100031cc <vfctprintf>:
100031cc:	b500      	push	{lr}
100031ce:	b085      	sub	sp, #20
100031d0:	9002      	str	r0, [sp, #8]
100031d2:	9103      	str	r1, [sp, #12]
100031d4:	2101      	movs	r1, #1
100031d6:	9300      	str	r3, [sp, #0]
100031d8:	0013      	movs	r3, r2
100031da:	424a      	negs	r2, r1
100031dc:	a902      	add	r1, sp, #8
100031de:	4802      	ldr	r0, [pc, #8]	; (100031e8 <vfctprintf+0x1c>)
100031e0:	f7ff fce2 	bl	10002ba8 <_vsnprintf>
100031e4:	b005      	add	sp, #20
100031e6:	bd00      	pop	{pc}
100031e8:	100020af 	.word	0x100020af

100031ec <__aeabi_bits_init>:
100031ec:	4801      	ldr	r0, [pc, #4]	; (100031f4 <__aeabi_bits_init+0x8>)
100031ee:	2104      	movs	r1, #4
100031f0:	4b01      	ldr	r3, [pc, #4]	; (100031f8 <__aeabi_bits_init+0xc>)
100031f2:	4718      	bx	r3
100031f4:	200002b0 	.word	0x200002b0
100031f8:	1000321d 	.word	0x1000321d

100031fc <rom_func_lookup>:
100031fc:	b510      	push	{r4, lr}
100031fe:	0001      	movs	r1, r0
10003200:	2318      	movs	r3, #24
10003202:	881b      	ldrh	r3, [r3, #0]
10003204:	2214      	movs	r2, #20
10003206:	8810      	ldrh	r0, [r2, #0]
10003208:	4798      	blx	r3
1000320a:	bd10      	pop	{r4, pc}

1000320c <rom_data_lookup>:
1000320c:	b510      	push	{r4, lr}
1000320e:	0001      	movs	r1, r0
10003210:	2318      	movs	r3, #24
10003212:	881b      	ldrh	r3, [r3, #0]
10003214:	2216      	movs	r2, #22
10003216:	8810      	ldrh	r0, [r2, #0]
10003218:	4798      	blx	r3
1000321a:	bd10      	pop	{r4, pc}

1000321c <rom_funcs_lookup>:
1000321c:	b5f0      	push	{r4, r5, r6, r7, lr}
1000321e:	46c6      	mov	lr, r8
10003220:	b500      	push	{lr}
10003222:	0007      	movs	r7, r0
10003224:	000e      	movs	r6, r1
10003226:	2500      	movs	r5, #0
10003228:	2301      	movs	r3, #1
1000322a:	4698      	mov	r8, r3
1000322c:	e000      	b.n	10003230 <rom_funcs_lookup+0x14>
1000322e:	3501      	adds	r5, #1
10003230:	42b5      	cmp	r5, r6
10003232:	d20a      	bcs.n	1000324a <rom_funcs_lookup+0x2e>
10003234:	00ac      	lsls	r4, r5, #2
10003236:	193c      	adds	r4, r7, r4
10003238:	6820      	ldr	r0, [r4, #0]
1000323a:	f7ff ffdf 	bl	100031fc <rom_func_lookup>
1000323e:	6020      	str	r0, [r4, #0]
10003240:	2800      	cmp	r0, #0
10003242:	d1f4      	bne.n	1000322e <rom_funcs_lookup+0x12>
10003244:	2300      	movs	r3, #0
10003246:	4698      	mov	r8, r3
10003248:	e7f1      	b.n	1000322e <rom_funcs_lookup+0x12>
1000324a:	4640      	mov	r0, r8
1000324c:	bc80      	pop	{r7}
1000324e:	46b8      	mov	r8, r7
10003250:	bdf0      	pop	{r4, r5, r6, r7, pc}
	...

10003254 <__wrap___aeabi_idiv>:
10003254:	4a12      	ldr	r2, [pc, #72]	; (100032a0 <divmod_s32s32_savestate+0x18>)
10003256:	6f93      	ldr	r3, [r2, #120]	; 0x78
10003258:	089b      	lsrs	r3, r3, #2
1000325a:	d215      	bcs.n	10003288 <divmod_s32s32_savestate>

1000325c <divmod_s32s32_unsafe>:
1000325c:	6690      	str	r0, [r2, #104]	; 0x68
1000325e:	66d1      	str	r1, [r2, #108]	; 0x6c
10003260:	2900      	cmp	r1, #0
10003262:	d005      	beq.n	10003270 <divmod_s32s32_unsafe+0x14>
10003264:	e7ff      	b.n	10003266 <divmod_s32s32_unsafe+0xa>
10003266:	e7ff      	b.n	10003268 <divmod_s32s32_unsafe+0xc>
10003268:	e7ff      	b.n	1000326a <divmod_s32s32_unsafe+0xe>
1000326a:	6f51      	ldr	r1, [r2, #116]	; 0x74
1000326c:	6f10      	ldr	r0, [r2, #112]	; 0x70
1000326e:	4770      	bx	lr
10003270:	b504      	push	{r2, lr}
10003272:	2180      	movs	r1, #128	; 0x80
10003274:	0609      	lsls	r1, r1, #24
10003276:	17c2      	asrs	r2, r0, #31
10003278:	4051      	eors	r1, r2
1000327a:	2800      	cmp	r0, #0
1000327c:	d000      	beq.n	10003280 <divmod_s32s32_unsafe+0x24>
1000327e:	43c8      	mvns	r0, r1
10003280:	f000 feae 	bl	10003fe0 <____aeabi_idiv0_veneer>
10003284:	2100      	movs	r1, #0
10003286:	bd04      	pop	{r2, pc}

10003288 <divmod_s32s32_savestate>:
10003288:	b5f0      	push	{r4, r5, r6, r7, lr}
1000328a:	6e14      	ldr	r4, [r2, #96]	; 0x60
1000328c:	6e55      	ldr	r5, [r2, #100]	; 0x64
1000328e:	6f57      	ldr	r7, [r2, #116]	; 0x74
10003290:	6f16      	ldr	r6, [r2, #112]	; 0x70
10003292:	f7ff ffe3 	bl	1000325c <divmod_s32s32_unsafe>
10003296:	6614      	str	r4, [r2, #96]	; 0x60
10003298:	6655      	str	r5, [r2, #100]	; 0x64
1000329a:	6757      	str	r7, [r2, #116]	; 0x74
1000329c:	6716      	str	r6, [r2, #112]	; 0x70
1000329e:	bdf0      	pop	{r4, r5, r6, r7, pc}
100032a0:	d0000000 	.word	0xd0000000

100032a4 <__wrap___aeabi_uidiv>:
100032a4:	4a11      	ldr	r2, [pc, #68]	; (100032ec <divmod_u32u32_savestate+0x18>)
100032a6:	6f93      	ldr	r3, [r2, #120]	; 0x78
100032a8:	089b      	lsrs	r3, r3, #2
100032aa:	d213      	bcs.n	100032d4 <divmod_u32u32_savestate>

100032ac <divmod_u32u32_unsafe>:
100032ac:	6610      	str	r0, [r2, #96]	; 0x60
100032ae:	6651      	str	r1, [r2, #100]	; 0x64
100032b0:	2900      	cmp	r1, #0
100032b2:	d005      	beq.n	100032c0 <divmod_u32u32_unsafe+0x14>
100032b4:	e7ff      	b.n	100032b6 <divmod_u32u32_unsafe+0xa>
100032b6:	e7ff      	b.n	100032b8 <divmod_u32u32_unsafe+0xc>
100032b8:	e7ff      	b.n	100032ba <divmod_u32u32_unsafe+0xe>
100032ba:	6f51      	ldr	r1, [r2, #116]	; 0x74
100032bc:	6f10      	ldr	r0, [r2, #112]	; 0x70
100032be:	4770      	bx	lr
100032c0:	b504      	push	{r2, lr}
100032c2:	2800      	cmp	r0, #0
100032c4:	d001      	beq.n	100032ca <divmod_u32u32_unsafe+0x1e>
100032c6:	2000      	movs	r0, #0
100032c8:	43c0      	mvns	r0, r0
100032ca:	f000 fe89 	bl	10003fe0 <____aeabi_idiv0_veneer>
100032ce:	2100      	movs	r1, #0
100032d0:	bd04      	pop	{r2, pc}
100032d2:	46c0      	nop			; (mov r8, r8)

100032d4 <divmod_u32u32_savestate>:
100032d4:	b5f0      	push	{r4, r5, r6, r7, lr}
100032d6:	6e14      	ldr	r4, [r2, #96]	; 0x60
100032d8:	6e55      	ldr	r5, [r2, #100]	; 0x64
100032da:	6f57      	ldr	r7, [r2, #116]	; 0x74
100032dc:	6f16      	ldr	r6, [r2, #112]	; 0x70
100032de:	f7ff ffe5 	bl	100032ac <divmod_u32u32_unsafe>
100032e2:	6614      	str	r4, [r2, #96]	; 0x60
100032e4:	6655      	str	r5, [r2, #100]	; 0x64
100032e6:	6757      	str	r7, [r2, #116]	; 0x74
100032e8:	6716      	str	r6, [r2, #112]	; 0x70
100032ea:	bdf0      	pop	{r4, r5, r6, r7, pc}
100032ec:	d0000000 	.word	0xd0000000

100032f0 <__wrap___aeabi_ldivmod>:
100032f0:	4694      	mov	ip, r2
100032f2:	4a4a      	ldr	r2, [pc, #296]	; (1000341c <udiv0+0x1a>)
100032f4:	6f92      	ldr	r2, [r2, #120]	; 0x78
100032f6:	0892      	lsrs	r2, r2, #2
100032f8:	4662      	mov	r2, ip
100032fa:	d201      	bcs.n	10003300 <divmod_s64s64_savestate>
100032fc:	e028      	b.n	10003350 <divmod_s64s64_unsafe>
100032fe:	46c0      	nop			; (mov r8, r8)

10003300 <divmod_s64s64_savestate>:
10003300:	b5f0      	push	{r4, r5, r6, r7, lr}
10003302:	4e46      	ldr	r6, [pc, #280]	; (1000341c <udiv0+0x1a>)
10003304:	6e34      	ldr	r4, [r6, #96]	; 0x60
10003306:	6e75      	ldr	r5, [r6, #100]	; 0x64
10003308:	6f77      	ldr	r7, [r6, #116]	; 0x74
1000330a:	6f36      	ldr	r6, [r6, #112]	; 0x70
1000330c:	f000 f820 	bl	10003350 <divmod_s64s64_unsafe>
10003310:	4694      	mov	ip, r2
10003312:	4a42      	ldr	r2, [pc, #264]	; (1000341c <udiv0+0x1a>)
10003314:	6614      	str	r4, [r2, #96]	; 0x60
10003316:	6655      	str	r5, [r2, #100]	; 0x64
10003318:	6757      	str	r7, [r2, #116]	; 0x74
1000331a:	6716      	str	r6, [r2, #112]	; 0x70
1000331c:	4662      	mov	r2, ip
1000331e:	bdf0      	pop	{r4, r5, r6, r7, pc}

10003320 <__wrap___aeabi_uldivmod>:
10003320:	4694      	mov	ip, r2
10003322:	4a3e      	ldr	r2, [pc, #248]	; (1000341c <udiv0+0x1a>)
10003324:	6f92      	ldr	r2, [r2, #120]	; 0x78
10003326:	0892      	lsrs	r2, r2, #2
10003328:	4662      	mov	r2, ip
1000332a:	d201      	bcs.n	10003330 <divmod_u64u64_savestate>
1000332c:	e054      	b.n	100033d8 <divmod_u64u64_unsafe>
1000332e:	46c0      	nop			; (mov r8, r8)

10003330 <divmod_u64u64_savestate>:
10003330:	b5f0      	push	{r4, r5, r6, r7, lr}
10003332:	4e3a      	ldr	r6, [pc, #232]	; (1000341c <udiv0+0x1a>)
10003334:	6e34      	ldr	r4, [r6, #96]	; 0x60
10003336:	6e75      	ldr	r5, [r6, #100]	; 0x64
10003338:	6f77      	ldr	r7, [r6, #116]	; 0x74
1000333a:	6f36      	ldr	r6, [r6, #112]	; 0x70
1000333c:	f000 f84c 	bl	100033d8 <divmod_u64u64_unsafe>
10003340:	4694      	mov	ip, r2
10003342:	4a36      	ldr	r2, [pc, #216]	; (1000341c <udiv0+0x1a>)
10003344:	6614      	str	r4, [r2, #96]	; 0x60
10003346:	6655      	str	r5, [r2, #100]	; 0x64
10003348:	6757      	str	r7, [r2, #116]	; 0x74
1000334a:	6716      	str	r6, [r2, #112]	; 0x70
1000334c:	4662      	mov	r2, ip
1000334e:	bdf0      	pop	{r4, r5, r6, r7, pc}

10003350 <divmod_s64s64_unsafe>:
10003350:	2b00      	cmp	r3, #0
10003352:	db24      	blt.n	1000339e <l42_1+0x26>
10003354:	d011      	beq.n	1000337a <l42_1+0x2>
10003356:	2900      	cmp	r1, #0
10003358:	da3e      	bge.n	100033d8 <divmod_u64u64_unsafe>
1000335a:	b500      	push	{lr}
1000335c:	43c9      	mvns	r1, r1
1000335e:	4240      	negs	r0, r0
10003360:	d100      	bne.n	10003364 <l40_1>
10003362:	3101      	adds	r1, #1

10003364 <l40_1>:
10003364:	f000 f838 	bl	100033d8 <divmod_u64u64_unsafe>
10003368:	43c9      	mvns	r1, r1
1000336a:	4240      	negs	r0, r0
1000336c:	d100      	bne.n	10003370 <l41_1>
1000336e:	3101      	adds	r1, #1

10003370 <l41_1>:
10003370:	43db      	mvns	r3, r3
10003372:	4252      	negs	r2, r2
10003374:	d100      	bne.n	10003378 <l42_1>
10003376:	3301      	adds	r3, #1

10003378 <l42_1>:
10003378:	bd00      	pop	{pc}
1000337a:	2a00      	cmp	r2, #0
1000337c:	d1eb      	bne.n	10003356 <divmod_s64s64_unsafe+0x6>
1000337e:	2800      	cmp	r0, #0
10003380:	d101      	bne.n	10003386 <l42_1+0xe>
10003382:	2900      	cmp	r1, #0
10003384:	d005      	beq.n	10003392 <l42_1+0x1a>
10003386:	2000      	movs	r0, #0
10003388:	0fc9      	lsrs	r1, r1, #31
1000338a:	07c9      	lsls	r1, r1, #31
1000338c:	d101      	bne.n	10003392 <l42_1+0x1a>
1000338e:	43c0      	mvns	r0, r0
10003390:	0841      	lsrs	r1, r0, #1
10003392:	b500      	push	{lr}
10003394:	f000 fe1c 	bl	10003fd0 <____aeabi_ldiv0_veneer>
10003398:	2200      	movs	r2, #0
1000339a:	2300      	movs	r3, #0
1000339c:	bd00      	pop	{pc}
1000339e:	b500      	push	{lr}
100033a0:	2900      	cmp	r1, #0
100033a2:	db0a      	blt.n	100033ba <l44_1+0x2>
100033a4:	43db      	mvns	r3, r3
100033a6:	4252      	negs	r2, r2
100033a8:	d100      	bne.n	100033ac <l43_1>
100033aa:	3301      	adds	r3, #1

100033ac <l43_1>:
100033ac:	f000 f814 	bl	100033d8 <divmod_u64u64_unsafe>
100033b0:	43c9      	mvns	r1, r1
100033b2:	4240      	negs	r0, r0
100033b4:	d100      	bne.n	100033b8 <l44_1>
100033b6:	3101      	adds	r1, #1

100033b8 <l44_1>:
100033b8:	bd00      	pop	{pc}
100033ba:	43c9      	mvns	r1, r1
100033bc:	4240      	negs	r0, r0
100033be:	d100      	bne.n	100033c2 <l45_1>
100033c0:	3101      	adds	r1, #1

100033c2 <l45_1>:
100033c2:	43db      	mvns	r3, r3
100033c4:	4252      	negs	r2, r2
100033c6:	d100      	bne.n	100033ca <l46_1>
100033c8:	3301      	adds	r3, #1

100033ca <l46_1>:
100033ca:	f000 f805 	bl	100033d8 <divmod_u64u64_unsafe>
100033ce:	43db      	mvns	r3, r3
100033d0:	4252      	negs	r2, r2
100033d2:	d100      	bne.n	100033d6 <l47_1>
100033d4:	3301      	adds	r3, #1

100033d6 <l47_1>:
100033d6:	bd00      	pop	{pc}

100033d8 <divmod_u64u64_unsafe>:
100033d8:	2900      	cmp	r1, #0
100033da:	d123      	bne.n	10003424 <y64>
100033dc:	2b00      	cmp	r3, #0
100033de:	d118      	bne.n	10003412 <udiv0+0x10>
100033e0:	2a00      	cmp	r2, #0
100033e2:	d00c      	beq.n	100033fe <divmod_u64u64_unsafe+0x26>
100033e4:	46bc      	mov	ip, r7
100033e6:	4f0d      	ldr	r7, [pc, #52]	; (1000341c <udiv0+0x1a>)
100033e8:	6638      	str	r0, [r7, #96]	; 0x60
100033ea:	667a      	str	r2, [r7, #100]	; 0x64
100033ec:	2100      	movs	r1, #0
100033ee:	2300      	movs	r3, #0
100033f0:	e7ff      	b.n	100033f2 <divmod_u64u64_unsafe+0x1a>
100033f2:	e7ff      	b.n	100033f4 <divmod_u64u64_unsafe+0x1c>
100033f4:	e7ff      	b.n	100033f6 <divmod_u64u64_unsafe+0x1e>
100033f6:	6f7a      	ldr	r2, [r7, #116]	; 0x74
100033f8:	6f38      	ldr	r0, [r7, #112]	; 0x70
100033fa:	4667      	mov	r7, ip
100033fc:	4770      	bx	lr
100033fe:	2800      	cmp	r0, #0
10003400:	d001      	beq.n	10003406 <udiv0+0x4>

10003402 <udiv0>:
10003402:	4807      	ldr	r0, [pc, #28]	; (10003420 <udiv0+0x1e>)
10003404:	0001      	movs	r1, r0
10003406:	b500      	push	{lr}
10003408:	f000 fde2 	bl	10003fd0 <____aeabi_ldiv0_veneer>
1000340c:	2200      	movs	r2, #0
1000340e:	2300      	movs	r3, #0
10003410:	bd00      	pop	{pc}
10003412:	0002      	movs	r2, r0
10003414:	000b      	movs	r3, r1
10003416:	2000      	movs	r0, #0
10003418:	2100      	movs	r1, #0
1000341a:	4770      	bx	lr
1000341c:	d0000000 	.word	0xd0000000
10003420:	ffffffff 	.word	0xffffffff

10003424 <y64>:
10003424:	2b00      	cmp	r3, #0
10003426:	d000      	beq.n	1000342a <y64+0x6>
10003428:	e0bf      	b.n	100035aa <y64_x48>
1000342a:	0c13      	lsrs	r3, r2, #16
1000342c:	d128      	bne.n	10003480 <y64_x32>
1000342e:	2a00      	cmp	r2, #0
10003430:	d0e7      	beq.n	10003402 <udiv0>
10003432:	b480      	push	{r7}
10003434:	4f11      	ldr	r7, [pc, #68]	; (1000347c <y64+0x58>)
10003436:	6639      	str	r1, [r7, #96]	; 0x60
10003438:	667a      	str	r2, [r7, #100]	; 0x64
1000343a:	e7ff      	b.n	1000343c <y64+0x18>
1000343c:	e7ff      	b.n	1000343e <y64+0x1a>
1000343e:	b430      	push	{r4, r5}
10003440:	0c04      	lsrs	r4, r0, #16
10003442:	6f7b      	ldr	r3, [r7, #116]	; 0x74
10003444:	6f39      	ldr	r1, [r7, #112]	; 0x70
10003446:	041b      	lsls	r3, r3, #16
10003448:	4323      	orrs	r3, r4
1000344a:	663b      	str	r3, [r7, #96]	; 0x60
1000344c:	667a      	str	r2, [r7, #100]	; 0x64
1000344e:	e7ff      	b.n	10003450 <y64+0x2c>
10003450:	e7ff      	b.n	10003452 <y64+0x2e>
10003452:	e7ff      	b.n	10003454 <y64+0x30>
10003454:	46c0      	nop			; (mov r8, r8)
10003456:	b284      	uxth	r4, r0
10003458:	6f7b      	ldr	r3, [r7, #116]	; 0x74
1000345a:	6f3d      	ldr	r5, [r7, #112]	; 0x70
1000345c:	041b      	lsls	r3, r3, #16
1000345e:	4323      	orrs	r3, r4
10003460:	663b      	str	r3, [r7, #96]	; 0x60
10003462:	667a      	str	r2, [r7, #100]	; 0x64
10003464:	e7ff      	b.n	10003466 <y64+0x42>
10003466:	e7ff      	b.n	10003468 <y64+0x44>
10003468:	46c0      	nop			; (mov r8, r8)
1000346a:	2300      	movs	r3, #0
1000346c:	042c      	lsls	r4, r5, #16
1000346e:	0c2d      	lsrs	r5, r5, #16
10003470:	6f7a      	ldr	r2, [r7, #116]	; 0x74
10003472:	6f38      	ldr	r0, [r7, #112]	; 0x70
10003474:	1900      	adds	r0, r0, r4
10003476:	4169      	adcs	r1, r5
10003478:	bcb0      	pop	{r4, r5, r7}
1000347a:	4770      	bx	lr
1000347c:	d0000000 	.word	0xd0000000

10003480 <y64_x32>:
10003480:	b5f0      	push	{r4, r5, r6, r7, lr}
10003482:	4694      	mov	ip, r2
10003484:	2500      	movs	r5, #0
10003486:	0e14      	lsrs	r4, r2, #24
10003488:	d101      	bne.n	1000348e <y64_x32+0xe>
1000348a:	0212      	lsls	r2, r2, #8
1000348c:	3508      	adds	r5, #8
1000348e:	0f14      	lsrs	r4, r2, #28
10003490:	d101      	bne.n	10003496 <y64_x32+0x16>
10003492:	0112      	lsls	r2, r2, #4
10003494:	3504      	adds	r5, #4
10003496:	0f94      	lsrs	r4, r2, #30
10003498:	d101      	bne.n	1000349e <y64_x32+0x1e>
1000349a:	0092      	lsls	r2, r2, #2
1000349c:	3502      	adds	r5, #2
1000349e:	0fd4      	lsrs	r4, r2, #31
100034a0:	d101      	bne.n	100034a6 <y64_x32+0x26>
100034a2:	0052      	lsls	r2, r2, #1
100034a4:	3501      	adds	r5, #1
100034a6:	0bd4      	lsrs	r4, r2, #15
100034a8:	3401      	adds	r4, #1
100034aa:	4f25      	ldr	r7, [pc, #148]	; (10003540 <y64_x32+0xc0>)
100034ac:	667c      	str	r4, [r7, #100]	; 0x64
100034ae:	4c25      	ldr	r4, [pc, #148]	; (10003544 <y64_x32+0xc4>)
100034b0:	663c      	str	r4, [r7, #96]	; 0x60
100034b2:	0c0e      	lsrs	r6, r1, #16
100034b4:	b293      	uxth	r3, r2
100034b6:	e7ff      	b.n	100034b8 <y64_x32+0x38>
100034b8:	e7ff      	b.n	100034ba <y64_x32+0x3a>
100034ba:	e7ff      	b.n	100034bc <y64_x32+0x3c>
100034bc:	6f3c      	ldr	r4, [r7, #112]	; 0x70
100034be:	4366      	muls	r6, r4
100034c0:	0c36      	lsrs	r6, r6, #16
100034c2:	0377      	lsls	r7, r6, #13
100034c4:	46be      	mov	lr, r7
100034c6:	4373      	muls	r3, r6
100034c8:	0bdf      	lsrs	r7, r3, #15
100034ca:	045b      	lsls	r3, r3, #17
100034cc:	1ac0      	subs	r0, r0, r3
100034ce:	41b9      	sbcs	r1, r7
100034d0:	0c13      	lsrs	r3, r2, #16
100034d2:	4373      	muls	r3, r6
100034d4:	18db      	adds	r3, r3, r3
100034d6:	1ac9      	subs	r1, r1, r3
100034d8:	08ce      	lsrs	r6, r1, #3
100034da:	4366      	muls	r6, r4
100034dc:	0c36      	lsrs	r6, r6, #16
100034de:	44b6      	add	lr, r6
100034e0:	b293      	uxth	r3, r2
100034e2:	4373      	muls	r3, r6
100034e4:	0f1f      	lsrs	r7, r3, #28
100034e6:	011b      	lsls	r3, r3, #4
100034e8:	1ac0      	subs	r0, r0, r3
100034ea:	41b9      	sbcs	r1, r7
100034ec:	0c13      	lsrs	r3, r2, #16
100034ee:	4373      	muls	r3, r6
100034f0:	0b1f      	lsrs	r7, r3, #12
100034f2:	051b      	lsls	r3, r3, #20
100034f4:	1ac0      	subs	r0, r0, r3
100034f6:	41b9      	sbcs	r1, r7
100034f8:	0d86      	lsrs	r6, r0, #22
100034fa:	028f      	lsls	r7, r1, #10
100034fc:	433e      	orrs	r6, r7
100034fe:	4366      	muls	r6, r4
10003500:	0c36      	lsrs	r6, r6, #16
10003502:	2d09      	cmp	r5, #9
10003504:	db24      	blt.n	10003550 <last0>
10003506:	0a52      	lsrs	r2, r2, #9
10003508:	4372      	muls	r2, r6
1000350a:	1a80      	subs	r0, r0, r2
1000350c:	0377      	lsls	r7, r6, #13
1000350e:	0a46      	lsrs	r6, r0, #9
10003510:	4366      	muls	r6, r4
10003512:	0c36      	lsrs	r6, r6, #16
10003514:	2316      	movs	r3, #22
10003516:	1b5b      	subs	r3, r3, r5
10003518:	40de      	lsrs	r6, r3
1000351a:	40df      	lsrs	r7, r3
1000351c:	19bf      	adds	r7, r7, r6
1000351e:	4664      	mov	r4, ip
10003520:	4366      	muls	r6, r4
10003522:	1b82      	subs	r2, r0, r6
10003524:	4670      	mov	r0, lr
10003526:	3504      	adds	r5, #4
10003528:	3306      	adds	r3, #6
1000352a:	0001      	movs	r1, r0
1000352c:	40d9      	lsrs	r1, r3
1000352e:	40a8      	lsls	r0, r5
10003530:	19c0      	adds	r0, r0, r7
10003532:	d300      	bcc.n	10003536 <y64_x32+0xb6>
10003534:	3101      	adds	r1, #1
10003536:	42a2      	cmp	r2, r4
10003538:	d206      	bcs.n	10003548 <y64_x32+0xc8>
1000353a:	2300      	movs	r3, #0
1000353c:	bdf0      	pop	{r4, r5, r6, r7, pc}
1000353e:	0000      	.short	0x0000
10003540:	d0000000 	.word	0xd0000000
10003544:	ffffffff 	.word	0xffffffff
10003548:	1b12      	subs	r2, r2, r4
1000354a:	3001      	adds	r0, #1
1000354c:	d3f3      	bcc.n	10003536 <y64_x32+0xb6>
1000354e:	e7f1      	b.n	10003534 <y64_x32+0xb4>

10003550 <last0>:
10003550:	2709      	movs	r7, #9
10003552:	1b7f      	subs	r7, r7, r5
10003554:	40fe      	lsrs	r6, r7
10003556:	4664      	mov	r4, ip
10003558:	b2a2      	uxth	r2, r4
1000355a:	4372      	muls	r2, r6
1000355c:	1a80      	subs	r0, r0, r2
1000355e:	d200      	bcs.n	10003562 <last0+0x12>
10003560:	3901      	subs	r1, #1
10003562:	0c22      	lsrs	r2, r4, #16
10003564:	4372      	muls	r2, r6
10003566:	0c13      	lsrs	r3, r2, #16
10003568:	0412      	lsls	r2, r2, #16
1000356a:	1a82      	subs	r2, r0, r2
1000356c:	4199      	sbcs	r1, r3
1000356e:	000b      	movs	r3, r1
10003570:	4670      	mov	r0, lr
10003572:	3504      	adds	r5, #4
10003574:	3713      	adds	r7, #19
10003576:	0001      	movs	r1, r0
10003578:	40f9      	lsrs	r1, r7
1000357a:	40a8      	lsls	r0, r5
1000357c:	1980      	adds	r0, r0, r6
1000357e:	d300      	bcc.n	10003582 <last0+0x32>
10003580:	3101      	adds	r1, #1
10003582:	2b00      	cmp	r3, #0
10003584:	d102      	bne.n	1000358c <last0+0x3c>
10003586:	42a2      	cmp	r2, r4
10003588:	d20a      	bcs.n	100035a0 <last0+0x50>
1000358a:	bdf0      	pop	{r4, r5, r6, r7, pc}
1000358c:	3001      	adds	r0, #1
1000358e:	d300      	bcc.n	10003592 <last0+0x42>
10003590:	3101      	adds	r1, #1
10003592:	1b12      	subs	r2, r2, r4
10003594:	d2fa      	bcs.n	1000358c <last0+0x3c>
10003596:	3b01      	subs	r3, #1
10003598:	d1f8      	bne.n	1000358c <last0+0x3c>
1000359a:	42a2      	cmp	r2, r4
1000359c:	d200      	bcs.n	100035a0 <last0+0x50>
1000359e:	bdf0      	pop	{r4, r5, r6, r7, pc}
100035a0:	3001      	adds	r0, #1
100035a2:	d300      	bcc.n	100035a6 <last0+0x56>
100035a4:	3101      	adds	r1, #1
100035a6:	1b12      	subs	r2, r2, r4
100035a8:	e7f7      	b.n	1000359a <last0+0x4a>

100035aa <y64_x48>:
100035aa:	b5f0      	push	{r4, r5, r6, r7, lr}
100035ac:	0c1c      	lsrs	r4, r3, #16
100035ae:	d000      	beq.n	100035b2 <y64_x48+0x8>
100035b0:	e080      	b.n	100036b4 <y64_x64>
100035b2:	b40c      	push	{r2, r3}
100035b4:	2500      	movs	r5, #0
100035b6:	0a1c      	lsrs	r4, r3, #8
100035b8:	d104      	bne.n	100035c4 <y64_x48+0x1a>
100035ba:	021b      	lsls	r3, r3, #8
100035bc:	0e16      	lsrs	r6, r2, #24
100035be:	4333      	orrs	r3, r6
100035c0:	0212      	lsls	r2, r2, #8
100035c2:	3508      	adds	r5, #8
100035c4:	0b1c      	lsrs	r4, r3, #12
100035c6:	d104      	bne.n	100035d2 <y64_x48+0x28>
100035c8:	011b      	lsls	r3, r3, #4
100035ca:	0f16      	lsrs	r6, r2, #28
100035cc:	4333      	orrs	r3, r6
100035ce:	0112      	lsls	r2, r2, #4
100035d0:	3504      	adds	r5, #4
100035d2:	0b9c      	lsrs	r4, r3, #14
100035d4:	d104      	bne.n	100035e0 <y64_x48+0x36>
100035d6:	009b      	lsls	r3, r3, #2
100035d8:	0f96      	lsrs	r6, r2, #30
100035da:	4333      	orrs	r3, r6
100035dc:	0092      	lsls	r2, r2, #2
100035de:	3502      	adds	r5, #2
100035e0:	0bdc      	lsrs	r4, r3, #15
100035e2:	d102      	bne.n	100035ea <y64_x48+0x40>
100035e4:	1892      	adds	r2, r2, r2
100035e6:	415b      	adcs	r3, r3
100035e8:	3501      	adds	r5, #1
100035ea:	001c      	movs	r4, r3
100035ec:	1897      	adds	r7, r2, r2
100035ee:	4164      	adcs	r4, r4
100035f0:	3401      	adds	r4, #1
100035f2:	4f46      	ldr	r7, [pc, #280]	; (1000370c <y64_x64+0x58>)
100035f4:	667c      	str	r4, [r7, #100]	; 0x64
100035f6:	4c46      	ldr	r4, [pc, #280]	; (10003710 <y64_x64+0x5c>)
100035f8:	663c      	str	r4, [r7, #96]	; 0x60
100035fa:	0c0e      	lsrs	r6, r1, #16
100035fc:	e7ff      	b.n	100035fe <y64_x48+0x54>
100035fe:	e7ff      	b.n	10003600 <y64_x48+0x56>
10003600:	e7ff      	b.n	10003602 <y64_x48+0x58>
10003602:	46c0      	nop			; (mov r8, r8)
10003604:	6f3c      	ldr	r4, [r7, #112]	; 0x70
10003606:	4366      	muls	r6, r4
10003608:	0c36      	lsrs	r6, r6, #16
1000360a:	0377      	lsls	r7, r6, #13
1000360c:	46be      	mov	lr, r7
1000360e:	b297      	uxth	r7, r2
10003610:	4377      	muls	r7, r6
10003612:	1bc0      	subs	r0, r0, r7
10003614:	d200      	bcs.n	10003618 <y64_x48+0x6e>
10003616:	3901      	subs	r1, #1
10003618:	1bc0      	subs	r0, r0, r7
1000361a:	d200      	bcs.n	1000361e <y64_x48+0x74>
1000361c:	3901      	subs	r1, #1
1000361e:	b29f      	uxth	r7, r3
10003620:	4377      	muls	r7, r6
10003622:	1bc9      	subs	r1, r1, r7
10003624:	1bc9      	subs	r1, r1, r7
10003626:	0c17      	lsrs	r7, r2, #16
10003628:	4377      	muls	r7, r6
1000362a:	047e      	lsls	r6, r7, #17
1000362c:	0bff      	lsrs	r7, r7, #15
1000362e:	1b80      	subs	r0, r0, r6
10003630:	41b9      	sbcs	r1, r7
10003632:	08ce      	lsrs	r6, r1, #3
10003634:	4366      	muls	r6, r4
10003636:	0c36      	lsrs	r6, r6, #16
10003638:	2d0c      	cmp	r5, #12
1000363a:	db33      	blt.n	100036a4 <last1>
1000363c:	44b6      	add	lr, r6
1000363e:	0b12      	lsrs	r2, r2, #12
10003640:	051f      	lsls	r7, r3, #20
10003642:	433a      	orrs	r2, r7
10003644:	0b1b      	lsrs	r3, r3, #12
10003646:	b297      	uxth	r7, r2
10003648:	4377      	muls	r7, r6
1000364a:	1bc0      	subs	r0, r0, r7
1000364c:	d200      	bcs.n	10003650 <y64_x48+0xa6>
1000364e:	3901      	subs	r1, #1
10003650:	b29f      	uxth	r7, r3
10003652:	4377      	muls	r7, r6
10003654:	1bc9      	subs	r1, r1, r7
10003656:	0c17      	lsrs	r7, r2, #16
10003658:	4377      	muls	r7, r6
1000365a:	043e      	lsls	r6, r7, #16
1000365c:	0c3f      	lsrs	r7, r7, #16
1000365e:	1b80      	subs	r0, r0, r6
10003660:	41b9      	sbcs	r1, r7
10003662:	0d86      	lsrs	r6, r0, #22
10003664:	028f      	lsls	r7, r1, #10
10003666:	433e      	orrs	r6, r7
10003668:	4366      	muls	r6, r4
1000366a:	2729      	movs	r7, #41	; 0x29
1000366c:	1b7f      	subs	r7, r7, r5
1000366e:	40fe      	lsrs	r6, r7
10003670:	3d0c      	subs	r5, #12
10003672:	4677      	mov	r7, lr
10003674:	40af      	lsls	r7, r5
10003676:	19bf      	adds	r7, r7, r6
10003678:	bc30      	pop	{r4, r5}
1000367a:	b2a2      	uxth	r2, r4
1000367c:	b2ab      	uxth	r3, r5
1000367e:	4372      	muls	r2, r6
10003680:	4373      	muls	r3, r6
10003682:	1a80      	subs	r0, r0, r2
10003684:	4199      	sbcs	r1, r3
10003686:	0c22      	lsrs	r2, r4, #16
10003688:	4372      	muls	r2, r6
1000368a:	0c13      	lsrs	r3, r2, #16
1000368c:	0412      	lsls	r2, r2, #16
1000368e:	1a80      	subs	r0, r0, r2
10003690:	4199      	sbcs	r1, r3
10003692:	0002      	movs	r2, r0
10003694:	000b      	movs	r3, r1
10003696:	3701      	adds	r7, #1
10003698:	1b00      	subs	r0, r0, r4
1000369a:	41a9      	sbcs	r1, r5
1000369c:	d2f9      	bcs.n	10003692 <y64_x48+0xe8>
1000369e:	1e78      	subs	r0, r7, #1
100036a0:	2100      	movs	r1, #0
100036a2:	bdf0      	pop	{r4, r5, r6, r7, pc}

100036a4 <last1>:
100036a4:	270c      	movs	r7, #12
100036a6:	1b7f      	subs	r7, r7, r5
100036a8:	40fe      	lsrs	r6, r7
100036aa:	4677      	mov	r7, lr
100036ac:	0b7f      	lsrs	r7, r7, #13
100036ae:	40af      	lsls	r7, r5
100036b0:	19ff      	adds	r7, r7, r7
100036b2:	e7e0      	b.n	10003676 <y64_x48+0xcc>

100036b4 <y64_x64>:
100036b4:	2400      	movs	r4, #0
100036b6:	1c5d      	adds	r5, r3, #1
100036b8:	d007      	beq.n	100036ca <y64_x64+0x16>
100036ba:	4f14      	ldr	r7, [pc, #80]	; (1000370c <y64_x64+0x58>)
100036bc:	667d      	str	r5, [r7, #100]	; 0x64
100036be:	6639      	str	r1, [r7, #96]	; 0x60
100036c0:	e7ff      	b.n	100036c2 <y64_x64+0xe>
100036c2:	e7ff      	b.n	100036c4 <y64_x64+0x10>
100036c4:	e7ff      	b.n	100036c6 <y64_x64+0x12>
100036c6:	e7ff      	b.n	100036c8 <y64_x64+0x14>
100036c8:	6f3c      	ldr	r4, [r7, #112]	; 0x70
100036ca:	b295      	uxth	r5, r2
100036cc:	b29e      	uxth	r6, r3
100036ce:	4365      	muls	r5, r4
100036d0:	4366      	muls	r6, r4
100036d2:	1b40      	subs	r0, r0, r5
100036d4:	41b1      	sbcs	r1, r6
100036d6:	0c15      	lsrs	r5, r2, #16
100036d8:	0c1e      	lsrs	r6, r3, #16
100036da:	4365      	muls	r5, r4
100036dc:	4366      	muls	r6, r4
100036de:	0436      	lsls	r6, r6, #16
100036e0:	0c2f      	lsrs	r7, r5, #16
100036e2:	433e      	orrs	r6, r7
100036e4:	042d      	lsls	r5, r5, #16
100036e6:	1b40      	subs	r0, r0, r5
100036e8:	41b1      	sbcs	r1, r6
100036ea:	4299      	cmp	r1, r3
100036ec:	d204      	bcs.n	100036f8 <y64_x64+0x44>
100036ee:	0002      	movs	r2, r0
100036f0:	000b      	movs	r3, r1
100036f2:	0020      	movs	r0, r4
100036f4:	2100      	movs	r1, #0
100036f6:	bdf0      	pop	{r4, r5, r6, r7, pc}
100036f8:	d101      	bne.n	100036fe <y64_x64+0x4a>
100036fa:	4290      	cmp	r0, r2
100036fc:	d3f7      	bcc.n	100036ee <y64_x64+0x3a>
100036fe:	1a80      	subs	r0, r0, r2
10003700:	4199      	sbcs	r1, r3
10003702:	3401      	adds	r4, #1
10003704:	4299      	cmp	r1, r3
10003706:	d3f2      	bcc.n	100036ee <y64_x64+0x3a>
10003708:	e7f6      	b.n	100036f8 <y64_x64+0x44>
1000370a:	0000      	.short	0x0000
1000370c:	d0000000 	.word	0xd0000000
10003710:	ffffffff 	.word	0xffffffff

10003714 <__wrap___aeabi_drsub>:
10003714:	4048      	eors	r0, r1
10003716:	4041      	eors	r1, r0
10003718:	4048      	eors	r0, r1

1000371a <__wrap___aeabi_dsub>:
1000371a:	b418      	push	{r3, r4}
1000371c:	4b13      	ldr	r3, [pc, #76]	; (1000376c <__wrap___aeabi_dmul+0xa>)
1000371e:	685b      	ldr	r3, [r3, #4]
10003720:	9301      	str	r3, [sp, #4]
10003722:	bd08      	pop	{r3, pc}

10003724 <__wrap___aeabi_dadd>:
10003724:	b418      	push	{r3, r4}
10003726:	4b11      	ldr	r3, [pc, #68]	; (1000376c <__wrap___aeabi_dmul+0xa>)
10003728:	681b      	ldr	r3, [r3, #0]
1000372a:	9301      	str	r3, [sp, #4]
1000372c:	bd08      	pop	{r3, pc}

1000372e <__wrap___aeabi_ddiv>:
1000372e:	4694      	mov	ip, r2
10003730:	4a0f      	ldr	r2, [pc, #60]	; (10003770 <__wrap___aeabi_dmul+0xe>)
10003732:	6f92      	ldr	r2, [r2, #120]	; 0x78
10003734:	0892      	lsrs	r2, r2, #2
10003736:	d205      	bcs.n	10003744 <ddiv_save_state>
10003738:	4662      	mov	r2, ip

1000373a <ddiv_shim_call>:
1000373a:	b418      	push	{r3, r4}
1000373c:	4b0b      	ldr	r3, [pc, #44]	; (1000376c <__wrap___aeabi_dmul+0xa>)
1000373e:	68db      	ldr	r3, [r3, #12]
10003740:	9301      	str	r3, [sp, #4]
10003742:	bd08      	pop	{r3, pc}

10003744 <ddiv_save_state>:
10003744:	4a0a      	ldr	r2, [pc, #40]	; (10003770 <__wrap___aeabi_dmul+0xe>)
10003746:	b5f0      	push	{r4, r5, r6, r7, lr}
10003748:	6e14      	ldr	r4, [r2, #96]	; 0x60
1000374a:	6e55      	ldr	r5, [r2, #100]	; 0x64
1000374c:	6f57      	ldr	r7, [r2, #116]	; 0x74
1000374e:	6f16      	ldr	r6, [r2, #112]	; 0x70
10003750:	4662      	mov	r2, ip
10003752:	f7ff fff2 	bl	1000373a <ddiv_shim_call>
10003756:	4a06      	ldr	r2, [pc, #24]	; (10003770 <__wrap___aeabi_dmul+0xe>)
10003758:	6614      	str	r4, [r2, #96]	; 0x60
1000375a:	6655      	str	r5, [r2, #100]	; 0x64
1000375c:	6757      	str	r7, [r2, #116]	; 0x74
1000375e:	6716      	str	r6, [r2, #112]	; 0x70
10003760:	bdf0      	pop	{r4, r5, r6, r7, pc}

10003762 <__wrap___aeabi_dmul>:
10003762:	b418      	push	{r3, r4}
10003764:	4b01      	ldr	r3, [pc, #4]	; (1000376c <__wrap___aeabi_dmul+0xa>)
10003766:	689b      	ldr	r3, [r3, #8]
10003768:	9301      	str	r3, [sp, #4]
1000376a:	bd08      	pop	{r3, pc}
1000376c:	200004bc 	.word	0x200004bc
10003770:	d0000000 	.word	0xd0000000

10003774 <__wrap___aeabi_cdrcmple>:
10003774:	b5ff      	push	{r0, r1, r2, r3, r4, r5, r6, r7, lr}
10003776:	4050      	eors	r0, r2
10003778:	4042      	eors	r2, r0
1000377a:	4050      	eors	r0, r2
1000377c:	4059      	eors	r1, r3
1000377e:	404b      	eors	r3, r1
10003780:	4059      	eors	r1, r3
10003782:	e000      	b.n	10003786 <__aeabi_dfcmple_guts>

10003784 <__wrap___aeabi_cdcmpeq>:
10003784:	b5ff      	push	{r0, r1, r2, r3, r4, r5, r6, r7, lr}

10003786 <__aeabi_dfcmple_guts>:
10003786:	4f15      	ldr	r7, [pc, #84]	; (100037dc <__aeabi_dfcmple_guts+0x56>)
10003788:	004c      	lsls	r4, r1, #1
1000378a:	0d64      	lsrs	r4, r4, #21
1000378c:	d003      	beq.n	10003796 <__aeabi_dfcmple_guts+0x10>
1000378e:	42bc      	cmp	r4, r7
10003790:	d104      	bne.n	1000379c <__aeabi_dfcmple_guts+0x16>
10003792:	030c      	lsls	r4, r1, #12
10003794:	d814      	bhi.n	100037c0 <__aeabi_dfcmple_guts+0x3a>
10003796:	2000      	movs	r0, #0
10003798:	0d09      	lsrs	r1, r1, #20
1000379a:	0509      	lsls	r1, r1, #20
1000379c:	005c      	lsls	r4, r3, #1
1000379e:	0d64      	lsrs	r4, r4, #21
100037a0:	d003      	beq.n	100037aa <__aeabi_dfcmple_guts+0x24>
100037a2:	42bc      	cmp	r4, r7
100037a4:	d104      	bne.n	100037b0 <__aeabi_dfcmple_guts+0x2a>
100037a6:	031c      	lsls	r4, r3, #12
100037a8:	d80a      	bhi.n	100037c0 <__aeabi_dfcmple_guts+0x3a>
100037aa:	2200      	movs	r2, #0
100037ac:	0d1b      	lsrs	r3, r3, #20
100037ae:	051b      	lsls	r3, r3, #20
100037b0:	2601      	movs	r6, #1
100037b2:	404b      	eors	r3, r1
100037b4:	d409      	bmi.n	100037ca <__aeabi_dfcmple_guts+0x44>
100037b6:	404b      	eors	r3, r1
100037b8:	d503      	bpl.n	100037c2 <__aeabi_dfcmple_guts+0x3c>
100037ba:	428b      	cmp	r3, r1
100037bc:	d100      	bne.n	100037c0 <__aeabi_dfcmple_guts+0x3a>
100037be:	4282      	cmp	r2, r0
100037c0:	bdff      	pop	{r0, r1, r2, r3, r4, r5, r6, r7, pc}
100037c2:	4299      	cmp	r1, r3
100037c4:	d1fc      	bne.n	100037c0 <__aeabi_dfcmple_guts+0x3a>
100037c6:	4290      	cmp	r0, r2
100037c8:	bdff      	pop	{r0, r1, r2, r3, r4, r5, r6, r7, pc}
100037ca:	430b      	orrs	r3, r1
100037cc:	18db      	adds	r3, r3, r3
100037ce:	4303      	orrs	r3, r0
100037d0:	4313      	orrs	r3, r2
100037d2:	d0f5      	beq.n	100037c0 <__aeabi_dfcmple_guts+0x3a>
100037d4:	43c9      	mvns	r1, r1
100037d6:	1849      	adds	r1, r1, r1
100037d8:	bdff      	pop	{r0, r1, r2, r3, r4, r5, r6, r7, pc}
100037da:	0000      	.short	0x0000
100037dc:	000007ff 	.word	0x000007ff

100037e0 <__wrap___aeabi_dcmplt>:
100037e0:	b500      	push	{lr}
100037e2:	f7ff ffcf 	bl	10003784 <__wrap___aeabi_cdcmpeq>
100037e6:	4180      	sbcs	r0, r0
100037e8:	bd00      	pop	{pc}
100037ea:	46c0      	nop			; (mov r8, r8)

100037ec <__wrap___aeabi_dcmple>:
100037ec:	b500      	push	{lr}
100037ee:	f7ff ffc9 	bl	10003784 <__wrap___aeabi_cdcmpeq>
100037f2:	d901      	bls.n	100037f8 <__wrap___aeabi_dcmple+0xc>
100037f4:	2000      	movs	r0, #0
100037f6:	bd00      	pop	{pc}
100037f8:	2001      	movs	r0, #1
100037fa:	bd00      	pop	{pc}

100037fc <__wrap___aeabi_dcmpge>:
100037fc:	b500      	push	{lr}
100037fe:	f7ff ffb9 	bl	10003774 <__wrap___aeabi_cdrcmple>
10003802:	d901      	bls.n	10003808 <__wrap___aeabi_dcmpge+0xc>
10003804:	2000      	movs	r0, #0
10003806:	bd00      	pop	{pc}
10003808:	2001      	movs	r0, #1
1000380a:	bd00      	pop	{pc}

1000380c <__wrap___aeabi_dcmpgt>:
1000380c:	b500      	push	{lr}
1000380e:	f7ff ffb1 	bl	10003774 <__wrap___aeabi_cdrcmple>
10003812:	4180      	sbcs	r0, r0
10003814:	bd00      	pop	{pc}

10003816 <__wrap___aeabi_dcmpun>:
10003816:	2001      	movs	r0, #1
10003818:	0540      	lsls	r0, r0, #21
1000381a:	004a      	lsls	r2, r1, #1
1000381c:	1812      	adds	r2, r2, r0
1000381e:	d804      	bhi.n	1000382a <__wrap___aeabi_dcmpun+0x14>
10003820:	005a      	lsls	r2, r3, #1
10003822:	1812      	adds	r2, r2, r0
10003824:	d801      	bhi.n	1000382a <__wrap___aeabi_dcmpun+0x14>
10003826:	2000      	movs	r0, #0
10003828:	4770      	bx	lr
1000382a:	2001      	movs	r0, #1
1000382c:	4770      	bx	lr
1000382e:	2000      	movs	r0, #0
10003830:	4770      	bx	lr
	...

10003834 <__wrap___aeabi_ui2d>:
10003834:	2100      	movs	r1, #0
10003836:	2800      	cmp	r0, #0
10003838:	d105      	bne.n	10003846 <__wrap___aeabi_i2d+0xa>
1000383a:	4770      	bx	lr

1000383c <__wrap___aeabi_i2d>:
1000383c:	17c1      	asrs	r1, r0, #31
1000383e:	4048      	eors	r0, r1
10003840:	1a40      	subs	r0, r0, r1
10003842:	d0fa      	beq.n	1000383a <__wrap___aeabi_ui2d+0x6>
10003844:	07c9      	lsls	r1, r1, #31
10003846:	b513      	push	{r0, r1, r4, lr}
10003848:	4b06      	ldr	r3, [pc, #24]	; (10003864 <__wrap___aeabi_i2d+0x28>)
1000384a:	681b      	ldr	r3, [r3, #0]
1000384c:	4798      	blx	r3
1000384e:	bc0c      	pop	{r2, r3}
10003850:	1c44      	adds	r4, r0, #1
10003852:	40a2      	lsls	r2, r4
10003854:	0510      	lsls	r0, r2, #20
10003856:	0b12      	lsrs	r2, r2, #12
10003858:	4903      	ldr	r1, [pc, #12]	; (10003868 <__wrap___aeabi_i2d+0x2c>)
1000385a:	1b09      	subs	r1, r1, r4
1000385c:	0509      	lsls	r1, r1, #20
1000385e:	4319      	orrs	r1, r3
10003860:	4311      	orrs	r1, r2
10003862:	bd10      	pop	{r4, pc}
10003864:	200005bc 	.word	0x200005bc
10003868:	0000041f 	.word	0x0000041f

1000386c <__wrap___aeabi_d2iz>:
1000386c:	b510      	push	{r4, lr}
1000386e:	004c      	lsls	r4, r1, #1
10003870:	0d62      	lsrs	r2, r4, #21
10003872:	2380      	movs	r3, #128	; 0x80
10003874:	18d2      	adds	r2, r2, r3
10003876:	00db      	lsls	r3, r3, #3
10003878:	1ad2      	subs	r2, r2, r3
1000387a:	055b      	lsls	r3, r3, #21
1000387c:	2a7e      	cmp	r2, #126	; 0x7e
1000387e:	dd10      	ble.n	100038a2 <__wrap___aeabi_d2iz+0x36>
10003880:	3a9e      	subs	r2, #158	; 0x9e
10003882:	da13      	bge.n	100038ac <__wrap___aeabi_d2iz+0x40>
10003884:	17cc      	asrs	r4, r1, #31
10003886:	0309      	lsls	r1, r1, #12
10003888:	0849      	lsrs	r1, r1, #1
1000388a:	4319      	orrs	r1, r3
1000388c:	4252      	negs	r2, r2
1000388e:	40d1      	lsrs	r1, r2
10003890:	0064      	lsls	r4, r4, #1
10003892:	3401      	adds	r4, #1
10003894:	3215      	adds	r2, #21
10003896:	2a20      	cmp	r2, #32
10003898:	da05      	bge.n	100038a6 <__wrap___aeabi_d2iz+0x3a>
1000389a:	40d0      	lsrs	r0, r2
1000389c:	4308      	orrs	r0, r1
1000389e:	4360      	muls	r0, r4
100038a0:	bd10      	pop	{r4, pc}
100038a2:	2000      	movs	r0, #0
100038a4:	bd10      	pop	{r4, pc}
100038a6:	4608      	mov	r0, r1
100038a8:	4360      	muls	r0, r4
100038aa:	bd10      	pop	{r4, pc}
100038ac:	0fc8      	lsrs	r0, r1, #31
100038ae:	18c0      	adds	r0, r0, r3
100038b0:	3801      	subs	r0, #1
100038b2:	bd10      	pop	{r4, pc}

100038b4 <__wrap___aeabi_d2uiz>:
100038b4:	b418      	push	{r3, r4}
100038b6:	4b02      	ldr	r3, [pc, #8]	; (100038c0 <__wrap___aeabi_d2uiz+0xc>)
100038b8:	6a5b      	ldr	r3, [r3, #36]	; 0x24
100038ba:	9301      	str	r3, [sp, #4]
100038bc:	bd08      	pop	{r3, pc}
100038be:	0000      	.short	0x0000
100038c0:	200004bc 	.word	0x200004bc

100038c4 <missing_double_func_shim>:
100038c4:	b510      	push	{r4, lr}
100038c6:	4801      	ldr	r0, [pc, #4]	; (100038cc <missing_double_func_shim+0x8>)
100038c8:	f7fe fbd8 	bl	1000207c <panic>
100038cc:	10004f60 	.word	0x10004f60

100038d0 <__aeabi_double_init>:
100038d0:	b570      	push	{r4, r5, r6, lr}
100038d2:	2313      	movs	r3, #19
100038d4:	781c      	ldrb	r4, [r3, #0]
100038d6:	2c01      	cmp	r4, #1
100038d8:	d014      	beq.n	10003904 <__aeabi_double_init+0x34>
100038da:	2c01      	cmp	r4, #1
100038dc:	dc14      	bgt.n	10003908 <__aeabi_double_init+0x38>
100038de:	2c02      	cmp	r4, #2
100038e0:	dc02      	bgt.n	100038e8 <__aeabi_double_init+0x18>
100038e2:	4a1f      	ldr	r2, [pc, #124]	; (10003960 <__aeabi_double_init+0x90>)
100038e4:	4b1f      	ldr	r3, [pc, #124]	; (10003964 <__aeabi_double_init+0x94>)
100038e6:	649a      	str	r2, [r3, #72]	; 0x48
100038e8:	481f      	ldr	r0, [pc, #124]	; (10003968 <__aeabi_double_init+0x98>)
100038ea:	f7ff fc87 	bl	100031fc <rom_func_lookup>
100038ee:	4b1f      	ldr	r3, [pc, #124]	; (1000396c <__aeabi_double_init+0x9c>)
100038f0:	6018      	str	r0, [r3, #0]
100038f2:	bd70      	pop	{r4, r5, r6, pc}
100038f4:	0099      	lsls	r1, r3, #2
100038f6:	481e      	ldr	r0, [pc, #120]	; (10003970 <__aeabi_double_init+0xa0>)
100038f8:	4a1a      	ldr	r2, [pc, #104]	; (10003964 <__aeabi_double_init+0x94>)
100038fa:	5088      	str	r0, [r1, r2]
100038fc:	3301      	adds	r3, #1
100038fe:	2b1f      	cmp	r3, #31
10003900:	d9f8      	bls.n	100038f4 <__aeabi_double_init+0x24>
10003902:	e7ea      	b.n	100038da <__aeabi_double_init+0xa>
10003904:	2300      	movs	r3, #0
10003906:	e7fa      	b.n	100038fe <__aeabi_double_init+0x2e>
10003908:	481a      	ldr	r0, [pc, #104]	; (10003974 <__aeabi_double_init+0xa4>)
1000390a:	f7ff fc7f 	bl	1000320c <rom_data_lookup>
1000390e:	0005      	movs	r5, r0
10003910:	4819      	ldr	r0, [pc, #100]	; (10003978 <__aeabi_double_init+0xa8>)
10003912:	f7ff fc7b 	bl	1000320c <rom_data_lookup>
10003916:	3802      	subs	r0, #2
10003918:	7803      	ldrb	r3, [r0, #0]
1000391a:	009b      	lsls	r3, r3, #2
1000391c:	2b7f      	cmp	r3, #127	; 0x7f
1000391e:	dd19      	ble.n	10003954 <__aeabi_double_init+0x84>
10003920:	2280      	movs	r2, #128	; 0x80
10003922:	0029      	movs	r1, r5
10003924:	480f      	ldr	r0, [pc, #60]	; (10003964 <__aeabi_double_init+0x94>)
10003926:	f000 f8a5 	bl	10003a74 <__wrap___aeabi_memcpy>
1000392a:	2c02      	cmp	r4, #2
1000392c:	d1d7      	bne.n	100038de <__aeabi_double_init+0xe>
1000392e:	4b13      	ldr	r3, [pc, #76]	; (1000397c <__aeabi_double_init+0xac>)
10003930:	881a      	ldrh	r2, [r3, #0]
10003932:	23b5      	movs	r3, #181	; 0xb5
10003934:	021b      	lsls	r3, r3, #8
10003936:	429a      	cmp	r2, r3
10003938:	d109      	bne.n	1000394e <__aeabi_double_init+0x7e>
1000393a:	4b11      	ldr	r3, [pc, #68]	; (10003980 <__aeabi_double_init+0xb0>)
1000393c:	881a      	ldrh	r2, [r3, #0]
1000393e:	4b11      	ldr	r3, [pc, #68]	; (10003984 <__aeabi_double_init+0xb4>)
10003940:	429a      	cmp	r2, r3
10003942:	d104      	bne.n	1000394e <__aeabi_double_init+0x7e>
10003944:	4b10      	ldr	r3, [pc, #64]	; (10003988 <__aeabi_double_init+0xb8>)
10003946:	881a      	ldrh	r2, [r3, #0]
10003948:	4b10      	ldr	r3, [pc, #64]	; (1000398c <__aeabi_double_init+0xbc>)
1000394a:	429a      	cmp	r2, r3
1000394c:	d0c7      	beq.n	100038de <__aeabi_double_init+0xe>
1000394e:	2000      	movs	r0, #0
10003950:	f7fe fb94 	bl	1000207c <panic>
10003954:	4b0e      	ldr	r3, [pc, #56]	; (10003990 <__aeabi_double_init+0xc0>)
10003956:	4a0f      	ldr	r2, [pc, #60]	; (10003994 <__aeabi_double_init+0xc4>)
10003958:	2132      	movs	r1, #50	; 0x32
1000395a:	480f      	ldr	r0, [pc, #60]	; (10003998 <__aeabi_double_init+0xc8>)
1000395c:	f7fe faf4 	bl	10001f48 <__assert_func>
10003960:	1000399d 	.word	0x1000399d
10003964:	200004bc 	.word	0x200004bc
10003968:	0000334c 	.word	0x0000334c
1000396c:	200005bc 	.word	0x200005bc
10003970:	100038c5 	.word	0x100038c5
10003974:	00004453 	.word	0x00004453
10003978:	00004653 	.word	0x00004653
1000397c:	00003854 	.word	0x00003854
10003980:	000038d8 	.word	0x000038d8
10003984:	00004649 	.word	0x00004649
10003988:	0000389c 	.word	0x0000389c
1000398c:	00004659 	.word	0x00004659
10003990:	10004f78 	.word	0x10004f78
10003994:	10005030 	.word	0x10005030
10003998:	10004fcc 	.word	0x10004fcc

1000399c <double_table_shim_on_use_helper>:
1000399c:	b507      	push	{r0, r1, r2, lr}
1000399e:	4660      	mov	r0, ip
100039a0:	2800      	cmp	r0, #0
100039a2:	d100      	bne.n	100039a6 <double_table_shim_on_use_helper+0xa>
100039a4:	be00      	bkpt	0x0000
100039a6:	8801      	ldrh	r1, [r0, #0]
100039a8:	0a0a      	lsrs	r2, r1, #8
100039aa:	3002      	adds	r0, #2
100039ac:	2adf      	cmp	r2, #223	; 0xdf
100039ae:	d1fa      	bne.n	100039a6 <double_table_shim_on_use_helper+0xa>
100039b0:	b2c9      	uxtb	r1, r1
100039b2:	0882      	lsrs	r2, r0, #2
100039b4:	d304      	bcc.n	100039c0 <double_table_shim_on_use_helper+0x24>
100039b6:	8802      	ldrh	r2, [r0, #0]
100039b8:	8840      	ldrh	r0, [r0, #2]
100039ba:	0400      	lsls	r0, r0, #16
100039bc:	4310      	orrs	r0, r2
100039be:	e000      	b.n	100039c2 <double_table_shim_on_use_helper+0x26>
100039c0:	6800      	ldr	r0, [r0, #0]
100039c2:	4a02      	ldr	r2, [pc, #8]	; (100039cc <double_table_shim_on_use_helper+0x30>)
100039c4:	5050      	str	r0, [r2, r1]
100039c6:	9003      	str	r0, [sp, #12]
100039c8:	bd07      	pop	{r0, r1, r2, pc}
100039ca:	0000      	.short	0x0000
100039cc:	200004bc 	.word	0x200004bc

100039d0 <missing_float_func_shim>:
100039d0:	b510      	push	{r4, lr}
100039d2:	4801      	ldr	r0, [pc, #4]	; (100039d8 <missing_float_func_shim+0x8>)
100039d4:	f7fe fb52 	bl	1000207c <panic>
100039d8:	10004c40 	.word	0x10004c40

100039dc <__aeabi_float_init>:
100039dc:	b570      	push	{r4, r5, r6, lr}
100039de:	2313      	movs	r3, #19
100039e0:	781e      	ldrb	r6, [r3, #0]
100039e2:	4818      	ldr	r0, [pc, #96]	; (10003a44 <__aeabi_float_init+0x68>)
100039e4:	f7ff fc12 	bl	1000320c <rom_data_lookup>
100039e8:	0005      	movs	r5, r0
100039ea:	2e01      	cmp	r6, #1
100039ec:	d011      	beq.n	10003a12 <__aeabi_float_init+0x36>
100039ee:	2e01      	cmp	r6, #1
100039f0:	dd09      	ble.n	10003a06 <__aeabi_float_init+0x2a>
100039f2:	1eab      	subs	r3, r5, #2
100039f4:	781b      	ldrb	r3, [r3, #0]
100039f6:	009b      	lsls	r3, r3, #2
100039f8:	2b7f      	cmp	r3, #127	; 0x7f
100039fa:	dd1d      	ble.n	10003a38 <__aeabi_float_init+0x5c>
100039fc:	2280      	movs	r2, #128	; 0x80
100039fe:	0029      	movs	r1, r5
10003a00:	4811      	ldr	r0, [pc, #68]	; (10003a48 <__aeabi_float_init+0x6c>)
10003a02:	f000 f837 	bl	10003a74 <__wrap___aeabi_memcpy>
10003a06:	4811      	ldr	r0, [pc, #68]	; (10003a4c <__aeabi_float_init+0x70>)
10003a08:	f7ff fbf8 	bl	100031fc <rom_func_lookup>
10003a0c:	4b10      	ldr	r3, [pc, #64]	; (10003a50 <__aeabi_float_init+0x74>)
10003a0e:	6018      	str	r0, [r3, #0]
10003a10:	bd70      	pop	{r4, r5, r6, pc}
10003a12:	2254      	movs	r2, #84	; 0x54
10003a14:	0001      	movs	r1, r0
10003a16:	480c      	ldr	r0, [pc, #48]	; (10003a48 <__aeabi_float_init+0x6c>)
10003a18:	f000 f82c 	bl	10003a74 <__wrap___aeabi_memcpy>
10003a1c:	2300      	movs	r3, #0
10003a1e:	e000      	b.n	10003a22 <__aeabi_float_init+0x46>
10003a20:	3301      	adds	r3, #1
10003a22:	2b1f      	cmp	r3, #31
10003a24:	d8e3      	bhi.n	100039ee <__aeabi_float_init+0x12>
10003a26:	009a      	lsls	r2, r3, #2
10003a28:	4c07      	ldr	r4, [pc, #28]	; (10003a48 <__aeabi_float_init+0x6c>)
10003a2a:	5912      	ldr	r2, [r2, r4]
10003a2c:	2a00      	cmp	r2, #0
10003a2e:	d1f7      	bne.n	10003a20 <__aeabi_float_init+0x44>
10003a30:	009a      	lsls	r2, r3, #2
10003a32:	4808      	ldr	r0, [pc, #32]	; (10003a54 <__aeabi_float_init+0x78>)
10003a34:	5110      	str	r0, [r2, r4]
10003a36:	e7f3      	b.n	10003a20 <__aeabi_float_init+0x44>
10003a38:	4b07      	ldr	r3, [pc, #28]	; (10003a58 <__aeabi_float_init+0x7c>)
10003a3a:	4a08      	ldr	r2, [pc, #32]	; (10003a5c <__aeabi_float_init+0x80>)
10003a3c:	2142      	movs	r1, #66	; 0x42
10003a3e:	4808      	ldr	r0, [pc, #32]	; (10003a60 <__aeabi_float_init+0x84>)
10003a40:	f7fe fa82 	bl	10001f48 <__assert_func>
10003a44:	00004653 	.word	0x00004653
10003a48:	200005c0 	.word	0x200005c0
10003a4c:	0000334c 	.word	0x0000334c
10003a50:	200005bc 	.word	0x200005bc
10003a54:	100039d1 	.word	0x100039d1
10003a58:	10005044 	.word	0x10005044
10003a5c:	100050dc 	.word	0x100050dc
10003a60:	10005078 	.word	0x10005078

10003a64 <__aeabi_mem_init>:
10003a64:	4801      	ldr	r0, [pc, #4]	; (10003a6c <__aeabi_mem_init+0x8>)
10003a66:	2104      	movs	r1, #4
10003a68:	4b01      	ldr	r3, [pc, #4]	; (10003a70 <__aeabi_mem_init+0xc>)
10003a6a:	4718      	bx	r3
10003a6c:	200002c0 	.word	0x200002c0
10003a70:	1000321d 	.word	0x1000321d

10003a74 <__wrap___aeabi_memcpy>:
10003a74:	4b01      	ldr	r3, [pc, #4]	; (10003a7c <__wrap___aeabi_memcpy+0x8>)
10003a76:	685b      	ldr	r3, [r3, #4]
10003a78:	4718      	bx	r3
10003a7a:	0000      	.short	0x0000
10003a7c:	200002c0 	.word	0x200002c0

10003a80 <stdio_out_chars_no_crlf>:
10003a80:	b510      	push	{r4, lr}
10003a82:	0003      	movs	r3, r0
10003a84:	0008      	movs	r0, r1
10003a86:	0011      	movs	r1, r2
10003a88:	681b      	ldr	r3, [r3, #0]
10003a8a:	4798      	blx	r3
10003a8c:	bd10      	pop	{r4, pc}
	...

10003a90 <stdio_out_chars_crlf>:
10003a90:	b5f8      	push	{r3, r4, r5, r6, r7, lr}
10003a92:	0007      	movs	r7, r0
10003a94:	000d      	movs	r5, r1
10003a96:	0016      	movs	r6, r2
10003a98:	7d43      	ldrb	r3, [r0, #21]
10003a9a:	2b00      	cmp	r3, #0
10003a9c:	d002      	beq.n	10003aa4 <stdio_out_chars_crlf+0x14>
10003a9e:	2400      	movs	r4, #0
10003aa0:	2000      	movs	r0, #0
10003aa2:	e00c      	b.n	10003abe <stdio_out_chars_crlf+0x2e>
10003aa4:	6803      	ldr	r3, [r0, #0]
10003aa6:	0011      	movs	r1, r2
10003aa8:	0028      	movs	r0, r5
10003aaa:	4798      	blx	r3
10003aac:	e02d      	b.n	10003b0a <stdio_out_chars_crlf+0x7a>
10003aae:	7d3b      	ldrb	r3, [r7, #20]
10003ab0:	e010      	b.n	10003ad4 <stdio_out_chars_crlf+0x44>
10003ab2:	2102      	movs	r1, #2
10003ab4:	4815      	ldr	r0, [pc, #84]	; (10003b0c <stdio_out_chars_crlf+0x7c>)
10003ab6:	683b      	ldr	r3, [r7, #0]
10003ab8:	4798      	blx	r3
10003aba:	1c60      	adds	r0, r4, #1
10003abc:	3401      	adds	r4, #1
10003abe:	42b4      	cmp	r4, r6
10003ac0:	da14      	bge.n	10003aec <stdio_out_chars_crlf+0x5c>
10003ac2:	2c00      	cmp	r4, #0
10003ac4:	ddf3      	ble.n	10003aae <stdio_out_chars_crlf+0x1e>
10003ac6:	192b      	adds	r3, r5, r4
10003ac8:	3b01      	subs	r3, #1
10003aca:	781b      	ldrb	r3, [r3, #0]
10003acc:	3b0d      	subs	r3, #13
10003ace:	425a      	negs	r2, r3
10003ad0:	4153      	adcs	r3, r2
10003ad2:	b2db      	uxtb	r3, r3
10003ad4:	5d2a      	ldrb	r2, [r5, r4]
10003ad6:	2a0a      	cmp	r2, #10
10003ad8:	d1f0      	bne.n	10003abc <stdio_out_chars_crlf+0x2c>
10003ada:	2b00      	cmp	r3, #0
10003adc:	d1ee      	bne.n	10003abc <stdio_out_chars_crlf+0x2c>
10003ade:	42a0      	cmp	r0, r4
10003ae0:	dae7      	bge.n	10003ab2 <stdio_out_chars_crlf+0x22>
10003ae2:	1a21      	subs	r1, r4, r0
10003ae4:	1828      	adds	r0, r5, r0
10003ae6:	683b      	ldr	r3, [r7, #0]
10003ae8:	4798      	blx	r3
10003aea:	e7e2      	b.n	10003ab2 <stdio_out_chars_crlf+0x22>
10003aec:	42b0      	cmp	r0, r6
10003aee:	da03      	bge.n	10003af8 <stdio_out_chars_crlf+0x68>
10003af0:	1a31      	subs	r1, r6, r0
10003af2:	1828      	adds	r0, r5, r0
10003af4:	683b      	ldr	r3, [r7, #0]
10003af6:	4798      	blx	r3
10003af8:	2e00      	cmp	r6, #0
10003afa:	dd06      	ble.n	10003b0a <stdio_out_chars_crlf+0x7a>
10003afc:	19ad      	adds	r5, r5, r6
10003afe:	3d01      	subs	r5, #1
10003b00:	782b      	ldrb	r3, [r5, #0]
10003b02:	3b0d      	subs	r3, #13
10003b04:	425a      	negs	r2, r3
10003b06:	4153      	adcs	r3, r2
10003b08:	753b      	strb	r3, [r7, #20]
10003b0a:	bdf8      	pop	{r3, r4, r5, r6, r7, pc}
10003b0c:	100051cc 	.word	0x100051cc

10003b10 <stdio_stack_buffer_flush>:
10003b10:	b570      	push	{r4, r5, r6, lr}
10003b12:	0005      	movs	r5, r0
10003b14:	6803      	ldr	r3, [r0, #0]
10003b16:	2b00      	cmp	r3, #0
10003b18:	d016      	beq.n	10003b48 <stdio_stack_buffer_flush+0x38>
10003b1a:	4b0c      	ldr	r3, [pc, #48]	; (10003b4c <stdio_stack_buffer_flush+0x3c>)
10003b1c:	681c      	ldr	r4, [r3, #0]
10003b1e:	e005      	b.n	10003b2c <stdio_stack_buffer_flush+0x1c>
10003b20:	0029      	movs	r1, r5
10003b22:	c904      	ldmia	r1!, {r2}
10003b24:	0020      	movs	r0, r4
10003b26:	f7ff ffb3 	bl	10003a90 <stdio_out_chars_crlf>
10003b2a:	6924      	ldr	r4, [r4, #16]
10003b2c:	2c00      	cmp	r4, #0
10003b2e:	d009      	beq.n	10003b44 <stdio_stack_buffer_flush+0x34>
10003b30:	6823      	ldr	r3, [r4, #0]
10003b32:	2b00      	cmp	r3, #0
10003b34:	d0f9      	beq.n	10003b2a <stdio_stack_buffer_flush+0x1a>
10003b36:	4b06      	ldr	r3, [pc, #24]	; (10003b50 <stdio_stack_buffer_flush+0x40>)
10003b38:	681b      	ldr	r3, [r3, #0]
10003b3a:	2b00      	cmp	r3, #0
10003b3c:	d0f0      	beq.n	10003b20 <stdio_stack_buffer_flush+0x10>
10003b3e:	42a3      	cmp	r3, r4
10003b40:	d1f3      	bne.n	10003b2a <stdio_stack_buffer_flush+0x1a>
10003b42:	e7ed      	b.n	10003b20 <stdio_stack_buffer_flush+0x10>
10003b44:	2300      	movs	r3, #0
10003b46:	602b      	str	r3, [r5, #0]
10003b48:	bd70      	pop	{r4, r5, r6, pc}
10003b4a:	46c0      	nop			; (mov r8, r8)
10003b4c:	200004a4 	.word	0x200004a4
10003b50:	200004a8 	.word	0x200004a8

10003b54 <stdio_buffered_printer>:
10003b54:	b570      	push	{r4, r5, r6, lr}
10003b56:	0005      	movs	r5, r0
10003b58:	000c      	movs	r4, r1
10003b5a:	680b      	ldr	r3, [r1, #0]
10003b5c:	2b80      	cmp	r3, #128	; 0x80
10003b5e:	d005      	beq.n	10003b6c <stdio_buffered_printer+0x18>
10003b60:	6821      	ldr	r1, [r4, #0]
10003b62:	1c4b      	adds	r3, r1, #1
10003b64:	6023      	str	r3, [r4, #0]
10003b66:	1864      	adds	r4, r4, r1
10003b68:	7125      	strb	r5, [r4, #4]
10003b6a:	bd70      	pop	{r4, r5, r6, pc}
10003b6c:	0008      	movs	r0, r1
10003b6e:	f7ff ffcf 	bl	10003b10 <stdio_stack_buffer_flush>
10003b72:	e7f5      	b.n	10003b60 <stdio_buffered_printer+0xc>

10003b74 <stdout_serialize_begin>:
10003b74:	b510      	push	{r4, lr}
10003b76:	f7fd fc1d 	bl	100013b4 <time_us_64>
10003b7a:	0002      	movs	r2, r0
10003b7c:	1e0b      	subs	r3, r1, #0
10003b7e:	db0b      	blt.n	10003b98 <stdout_serialize_begin+0x24>
10003b80:	480d      	ldr	r0, [pc, #52]	; (10003bb8 <stdout_serialize_begin+0x44>)
10003b82:	2100      	movs	r1, #0
10003b84:	1812      	adds	r2, r2, r0
10003b86:	414b      	adcs	r3, r1
10003b88:	2b00      	cmp	r3, #0
10003b8a:	db0b      	blt.n	10003ba4 <stdout_serialize_begin+0x30>
10003b8c:	2b00      	cmp	r3, #0
10003b8e:	db0d      	blt.n	10003bac <stdout_serialize_begin+0x38>
10003b90:	480a      	ldr	r0, [pc, #40]	; (10003bbc <stdout_serialize_begin+0x48>)
10003b92:	f000 fa2d 	bl	10003ff0 <__mutex_try_enter_block_until_veneer>
10003b96:	bd10      	pop	{r4, pc}
10003b98:	4b09      	ldr	r3, [pc, #36]	; (10003bc0 <stdout_serialize_begin+0x4c>)
10003b9a:	4a0a      	ldr	r2, [pc, #40]	; (10003bc4 <stdout_serialize_begin+0x50>)
10003b9c:	213f      	movs	r1, #63	; 0x3f
10003b9e:	480a      	ldr	r0, [pc, #40]	; (10003bc8 <stdout_serialize_begin+0x54>)
10003ba0:	f7fe f9d2 	bl	10001f48 <__assert_func>
10003ba4:	2201      	movs	r2, #1
10003ba6:	4252      	negs	r2, r2
10003ba8:	4b08      	ldr	r3, [pc, #32]	; (10003bcc <stdout_serialize_begin+0x58>)
10003baa:	e7ef      	b.n	10003b8c <stdout_serialize_begin+0x18>
10003bac:	4b04      	ldr	r3, [pc, #16]	; (10003bc0 <stdout_serialize_begin+0x4c>)
10003bae:	4a05      	ldr	r2, [pc, #20]	; (10003bc4 <stdout_serialize_begin+0x50>)
10003bb0:	213f      	movs	r1, #63	; 0x3f
10003bb2:	4805      	ldr	r0, [pc, #20]	; (10003bc8 <stdout_serialize_begin+0x54>)
10003bb4:	f7fe f9c8 	bl	10001f48 <__assert_func>
10003bb8:	000f4240 	.word	0x000f4240
10003bbc:	200002e8 	.word	0x200002e8
10003bc0:	10004470 	.word	0x10004470
10003bc4:	100051b4 	.word	0x100051b4
10003bc8:	1000448c 	.word	0x1000448c
10003bcc:	7fffffff 	.word	0x7fffffff

10003bd0 <stdout_serialize_end>:
10003bd0:	b510      	push	{r4, lr}
10003bd2:	4802      	ldr	r0, [pc, #8]	; (10003bdc <stdout_serialize_end+0xc>)
10003bd4:	f000 f9f4 	bl	10003fc0 <__mutex_exit_veneer>
10003bd8:	bd10      	pop	{r4, pc}
10003bda:	46c0      	nop			; (mov r8, r8)
10003bdc:	200002e8 	.word	0x200002e8

10003be0 <stdio_put_string>:
10003be0:	b5f0      	push	{r4, r5, r6, r7, lr}
10003be2:	46ce      	mov	lr, r9
10003be4:	4647      	mov	r7, r8
10003be6:	b580      	push	{r7, lr}
10003be8:	b083      	sub	sp, #12
10003bea:	0006      	movs	r6, r0
10003bec:	000d      	movs	r5, r1
10003bee:	4690      	mov	r8, r2
10003bf0:	001c      	movs	r4, r3
10003bf2:	f7ff ffbf 	bl	10003b74 <stdout_serialize_begin>
10003bf6:	4681      	mov	r9, r0
10003bf8:	1c6b      	adds	r3, r5, #1
10003bfa:	d005      	beq.n	10003c08 <stdio_put_string+0x28>
10003bfc:	2c00      	cmp	r4, #0
10003bfe:	d008      	beq.n	10003c12 <stdio_put_string+0x32>
10003c00:	4f19      	ldr	r7, [pc, #100]	; (10003c68 <stdio_put_string+0x88>)
10003c02:	4b1a      	ldr	r3, [pc, #104]	; (10003c6c <stdio_put_string+0x8c>)
10003c04:	681c      	ldr	r4, [r3, #0]
10003c06:	e007      	b.n	10003c18 <stdio_put_string+0x38>
10003c08:	0030      	movs	r0, r6
10003c0a:	f000 f9a7 	bl	10003f5c <strlen>
10003c0e:	0005      	movs	r5, r0
10003c10:	e7f4      	b.n	10003bfc <stdio_put_string+0x1c>
10003c12:	4f17      	ldr	r7, [pc, #92]	; (10003c70 <stdio_put_string+0x90>)
10003c14:	e7f5      	b.n	10003c02 <stdio_put_string+0x22>
10003c16:	6924      	ldr	r4, [r4, #16]
10003c18:	2c00      	cmp	r4, #0
10003c1a:	d017      	beq.n	10003c4c <stdio_put_string+0x6c>
10003c1c:	6823      	ldr	r3, [r4, #0]
10003c1e:	2b00      	cmp	r3, #0
10003c20:	d0f9      	beq.n	10003c16 <stdio_put_string+0x36>
10003c22:	4b14      	ldr	r3, [pc, #80]	; (10003c74 <stdio_put_string+0x94>)
10003c24:	681b      	ldr	r3, [r3, #0]
10003c26:	2b00      	cmp	r3, #0
10003c28:	d001      	beq.n	10003c2e <stdio_put_string+0x4e>
10003c2a:	42a3      	cmp	r3, r4
10003c2c:	d1f3      	bne.n	10003c16 <stdio_put_string+0x36>
10003c2e:	002a      	movs	r2, r5
10003c30:	0031      	movs	r1, r6
10003c32:	0020      	movs	r0, r4
10003c34:	47b8      	blx	r7
10003c36:	4643      	mov	r3, r8
10003c38:	2b00      	cmp	r3, #0
10003c3a:	d0ec      	beq.n	10003c16 <stdio_put_string+0x36>
10003c3c:	466b      	mov	r3, sp
10003c3e:	1dd9      	adds	r1, r3, #7
10003c40:	230a      	movs	r3, #10
10003c42:	700b      	strb	r3, [r1, #0]
10003c44:	2201      	movs	r2, #1
10003c46:	0020      	movs	r0, r4
10003c48:	47b8      	blx	r7
10003c4a:	e7e4      	b.n	10003c16 <stdio_put_string+0x36>
10003c4c:	464b      	mov	r3, r9
10003c4e:	2b00      	cmp	r3, #0
10003c50:	d107      	bne.n	10003c62 <stdio_put_string+0x82>
10003c52:	1e6b      	subs	r3, r5, #1
10003c54:	419d      	sbcs	r5, r3
10003c56:	b2e8      	uxtb	r0, r5
10003c58:	b003      	add	sp, #12
10003c5a:	bcc0      	pop	{r6, r7}
10003c5c:	46b9      	mov	r9, r7
10003c5e:	46b0      	mov	r8, r6
10003c60:	bdf0      	pop	{r4, r5, r6, r7, pc}
10003c62:	f7ff ffb5 	bl	10003bd0 <stdout_serialize_end>
10003c66:	e7f4      	b.n	10003c52 <stdio_put_string+0x72>
10003c68:	10003a81 	.word	0x10003a81
10003c6c:	200004a4 	.word	0x200004a4
10003c70:	10003a91 	.word	0x10003a91
10003c74:	200004a8 	.word	0x200004a8

10003c78 <stdio_set_driver_enabled>:
10003c78:	4a09      	ldr	r2, [pc, #36]	; (10003ca0 <stdio_set_driver_enabled+0x28>)
10003c7a:	e001      	b.n	10003c80 <stdio_set_driver_enabled+0x8>
10003c7c:	3310      	adds	r3, #16
10003c7e:	001a      	movs	r2, r3
10003c80:	6813      	ldr	r3, [r2, #0]
10003c82:	2b00      	cmp	r3, #0
10003c84:	d008      	beq.n	10003c98 <stdio_set_driver_enabled+0x20>
10003c86:	4283      	cmp	r3, r0
10003c88:	d1f8      	bne.n	10003c7c <stdio_set_driver_enabled+0x4>
10003c8a:	2900      	cmp	r1, #0
10003c8c:	d107      	bne.n	10003c9e <stdio_set_driver_enabled+0x26>
10003c8e:	6903      	ldr	r3, [r0, #16]
10003c90:	6013      	str	r3, [r2, #0]
10003c92:	2300      	movs	r3, #0
10003c94:	6103      	str	r3, [r0, #16]
10003c96:	e002      	b.n	10003c9e <stdio_set_driver_enabled+0x26>
10003c98:	2900      	cmp	r1, #0
10003c9a:	d000      	beq.n	10003c9e <stdio_set_driver_enabled+0x26>
10003c9c:	6010      	str	r0, [r2, #0]
10003c9e:	4770      	bx	lr
10003ca0:	200004a4 	.word	0x200004a4

10003ca4 <stdio_flush>:
10003ca4:	b510      	push	{r4, lr}
10003ca6:	4b06      	ldr	r3, [pc, #24]	; (10003cc0 <stdio_flush+0x1c>)
10003ca8:	681c      	ldr	r4, [r3, #0]
10003caa:	e001      	b.n	10003cb0 <stdio_flush+0xc>
10003cac:	4798      	blx	r3
10003cae:	6924      	ldr	r4, [r4, #16]
10003cb0:	2c00      	cmp	r4, #0
10003cb2:	d003      	beq.n	10003cbc <stdio_flush+0x18>
10003cb4:	6863      	ldr	r3, [r4, #4]
10003cb6:	2b00      	cmp	r3, #0
10003cb8:	d1f8      	bne.n	10003cac <stdio_flush+0x8>
10003cba:	e7f8      	b.n	10003cae <stdio_flush+0xa>
10003cbc:	bd10      	pop	{r4, pc}
10003cbe:	46c0      	nop			; (mov r8, r8)
10003cc0:	200004a4 	.word	0x200004a4

10003cc4 <__wrap_puts>:
10003cc4:	b570      	push	{r4, r5, r6, lr}
10003cc6:	0005      	movs	r5, r0
10003cc8:	f000 f948 	bl	10003f5c <strlen>
10003ccc:	0004      	movs	r4, r0
10003cce:	2300      	movs	r3, #0
10003cd0:	2201      	movs	r2, #1
10003cd2:	0001      	movs	r1, r0
10003cd4:	0028      	movs	r0, r5
10003cd6:	f7ff ff83 	bl	10003be0 <stdio_put_string>
10003cda:	f7ff ffe3 	bl	10003ca4 <stdio_flush>
10003cde:	0020      	movs	r0, r4
10003ce0:	bd70      	pop	{r4, r5, r6, pc}
	...

10003ce4 <__wrap_vprintf>:
10003ce4:	b570      	push	{r4, r5, r6, lr}
10003ce6:	b0a2      	sub	sp, #136	; 0x88
10003ce8:	0004      	movs	r4, r0
10003cea:	000e      	movs	r6, r1
10003cec:	f7ff ff42 	bl	10003b74 <stdout_serialize_begin>
10003cf0:	0005      	movs	r5, r0
10003cf2:	2300      	movs	r3, #0
10003cf4:	9301      	str	r3, [sp, #4]
10003cf6:	0033      	movs	r3, r6
10003cf8:	0022      	movs	r2, r4
10003cfa:	a901      	add	r1, sp, #4
10003cfc:	4808      	ldr	r0, [pc, #32]	; (10003d20 <__wrap_vprintf+0x3c>)
10003cfe:	f7ff fa65 	bl	100031cc <vfctprintf>
10003d02:	0004      	movs	r4, r0
10003d04:	a801      	add	r0, sp, #4
10003d06:	f7ff ff03 	bl	10003b10 <stdio_stack_buffer_flush>
10003d0a:	f7ff ffcb 	bl	10003ca4 <stdio_flush>
10003d0e:	2d00      	cmp	r5, #0
10003d10:	d102      	bne.n	10003d18 <__wrap_vprintf+0x34>
10003d12:	0020      	movs	r0, r4
10003d14:	b022      	add	sp, #136	; 0x88
10003d16:	bd70      	pop	{r4, r5, r6, pc}
10003d18:	f7ff ff5a 	bl	10003bd0 <stdout_serialize_end>
10003d1c:	e7f9      	b.n	10003d12 <__wrap_vprintf+0x2e>
10003d1e:	46c0      	nop			; (mov r8, r8)
10003d20:	10003b55 	.word	0x10003b55

10003d24 <__wrap_printf>:
10003d24:	b40f      	push	{r0, r1, r2, r3}
10003d26:	b500      	push	{lr}
10003d28:	b083      	sub	sp, #12
10003d2a:	a904      	add	r1, sp, #16
10003d2c:	c901      	ldmia	r1!, {r0}
10003d2e:	9101      	str	r1, [sp, #4]
10003d30:	f7ff ffd8 	bl	10003ce4 <__wrap_vprintf>
10003d34:	b003      	add	sp, #12
10003d36:	bc08      	pop	{r3}
10003d38:	b004      	add	sp, #16
10003d3a:	4718      	bx	r3

10003d3c <stdio_init_all>:
10003d3c:	b510      	push	{r4, lr}
10003d3e:	f000 f8f9 	bl	10003f34 <stdio_uart_init>
10003d42:	2001      	movs	r0, #1
10003d44:	bd10      	pop	{r4, pc}
	...

10003d48 <stdio_uart_out_chars>:
10003d48:	b5f0      	push	{r4, r5, r6, r7, lr}
10003d4a:	b083      	sub	sp, #12
10003d4c:	0005      	movs	r5, r0
10003d4e:	000e      	movs	r6, r1
10003d50:	2400      	movs	r4, #0
10003d52:	e00f      	b.n	10003d74 <stdio_uart_out_chars+0x2c>
10003d54:	466b      	mov	r3, sp
10003d56:	1dd9      	adds	r1, r3, #7
10003d58:	230d      	movs	r3, #13
10003d5a:	700b      	strb	r3, [r1, #0]
10003d5c:	2000      	movs	r0, #0
10003d5e:	2800      	cmp	r0, #0
10003d60:	d116      	bne.n	10003d90 <stdio_uart_out_chars+0x48>
10003d62:	6993      	ldr	r3, [r2, #24]
10003d64:	069b      	lsls	r3, r3, #26
10003d66:	d4fc      	bmi.n	10003d62 <stdio_uart_out_chars+0x1a>
10003d68:	780b      	ldrb	r3, [r1, #0]
10003d6a:	6013      	str	r3, [r2, #0]
10003d6c:	3001      	adds	r0, #1
10003d6e:	3101      	adds	r1, #1
10003d70:	e7f5      	b.n	10003d5e <stdio_uart_out_chars+0x16>
10003d72:	3401      	adds	r4, #1
10003d74:	42b4      	cmp	r4, r6
10003d76:	da19      	bge.n	10003dac <stdio_uart_out_chars+0x64>
10003d78:	4b0d      	ldr	r3, [pc, #52]	; (10003db0 <stdio_uart_out_chars+0x68>)
10003d7a:	681a      	ldr	r2, [r3, #0]
10003d7c:	5d2f      	ldrb	r7, [r5, r4]
10003d7e:	4b0d      	ldr	r3, [pc, #52]	; (10003db4 <stdio_uart_out_chars+0x6c>)
10003d80:	18d3      	adds	r3, r2, r3
10003d82:	4259      	negs	r1, r3
10003d84:	414b      	adcs	r3, r1
10003d86:	005b      	lsls	r3, r3, #1
10003d88:	490b      	ldr	r1, [pc, #44]	; (10003db8 <stdio_uart_out_chars+0x70>)
10003d8a:	5e5b      	ldrsh	r3, [r3, r1]
10003d8c:	42bb      	cmp	r3, r7
10003d8e:	d0e1      	beq.n	10003d54 <stdio_uart_out_chars+0xc>
10003d90:	466b      	mov	r3, sp
10003d92:	1dd9      	adds	r1, r3, #7
10003d94:	700f      	strb	r7, [r1, #0]
10003d96:	2000      	movs	r0, #0
10003d98:	2800      	cmp	r0, #0
10003d9a:	d1ea      	bne.n	10003d72 <stdio_uart_out_chars+0x2a>
10003d9c:	6993      	ldr	r3, [r2, #24]
10003d9e:	069b      	lsls	r3, r3, #26
10003da0:	d4fc      	bmi.n	10003d9c <stdio_uart_out_chars+0x54>
10003da2:	780b      	ldrb	r3, [r1, #0]
10003da4:	6013      	str	r3, [r2, #0]
10003da6:	3001      	adds	r0, #1
10003da8:	3101      	adds	r1, #1
10003daa:	e7f5      	b.n	10003d98 <stdio_uart_out_chars+0x50>
10003dac:	b003      	add	sp, #12
10003dae:	bdf0      	pop	{r4, r5, r6, r7, pc}
10003db0:	200006d8 	.word	0x200006d8
10003db4:	bffc8000 	.word	0xbffc8000
10003db8:	200006d4 	.word	0x200006d4

10003dbc <stdio_uart_in_chars>:
10003dbc:	b5f0      	push	{r4, r5, r6, r7, lr}
10003dbe:	b083      	sub	sp, #12
10003dc0:	0006      	movs	r6, r0
10003dc2:	000f      	movs	r7, r1
10003dc4:	2500      	movs	r5, #0
10003dc6:	e004      	b.n	10003dd2 <stdio_uart_in_chars+0x16>
10003dc8:	466b      	mov	r3, sp
10003dca:	3307      	adds	r3, #7
10003dcc:	781b      	ldrb	r3, [r3, #0]
10003dce:	702b      	strb	r3, [r5, #0]
10003dd0:	0025      	movs	r5, r4
10003dd2:	42bd      	cmp	r5, r7
10003dd4:	da15      	bge.n	10003e02 <stdio_uart_in_chars+0x46>
10003dd6:	4b17      	ldr	r3, [pc, #92]	; (10003e34 <stdio_uart_in_chars+0x78>)
10003dd8:	681a      	ldr	r2, [r3, #0]
10003dda:	6993      	ldr	r3, [r2, #24]
10003ddc:	2410      	movs	r4, #16
10003dde:	0021      	movs	r1, r4
10003de0:	4019      	ands	r1, r3
10003de2:	421c      	tst	r4, r3
10003de4:	d10d      	bne.n	10003e02 <stdio_uart_in_chars+0x46>
10003de6:	1c6c      	adds	r4, r5, #1
10003de8:	1975      	adds	r5, r6, r5
10003dea:	466b      	mov	r3, sp
10003dec:	1dd8      	adds	r0, r3, #7
10003dee:	2900      	cmp	r1, #0
10003df0:	d1ea      	bne.n	10003dc8 <stdio_uart_in_chars+0xc>
10003df2:	6993      	ldr	r3, [r2, #24]
10003df4:	06db      	lsls	r3, r3, #27
10003df6:	d4fc      	bmi.n	10003df2 <stdio_uart_in_chars+0x36>
10003df8:	6813      	ldr	r3, [r2, #0]
10003dfa:	7003      	strb	r3, [r0, #0]
10003dfc:	3101      	adds	r1, #1
10003dfe:	3001      	adds	r0, #1
10003e00:	e7f5      	b.n	10003dee <stdio_uart_in_chars+0x32>
10003e02:	4b0d      	ldr	r3, [pc, #52]	; (10003e38 <stdio_uart_in_chars+0x7c>)
10003e04:	681b      	ldr	r3, [r3, #0]
10003e06:	2b00      	cmp	r3, #0
10003e08:	d00c      	beq.n	10003e24 <stdio_uart_in_chars+0x68>
10003e0a:	4b0a      	ldr	r3, [pc, #40]	; (10003e34 <stdio_uart_in_chars+0x78>)
10003e0c:	681a      	ldr	r2, [r3, #0]
10003e0e:	2350      	movs	r3, #80	; 0x50
10003e10:	6393      	str	r3, [r2, #56]	; 0x38
10003e12:	0011      	movs	r1, r2
10003e14:	3134      	adds	r1, #52	; 0x34
10003e16:	6b53      	ldr	r3, [r2, #52]	; 0x34
10003e18:	2238      	movs	r2, #56	; 0x38
10003e1a:	401a      	ands	r2, r3
10003e1c:	2380      	movs	r3, #128	; 0x80
10003e1e:	015b      	lsls	r3, r3, #5
10003e20:	430b      	orrs	r3, r1
10003e22:	601a      	str	r2, [r3, #0]
10003e24:	2d00      	cmp	r5, #0
10003e26:	d002      	beq.n	10003e2e <stdio_uart_in_chars+0x72>
10003e28:	0028      	movs	r0, r5
10003e2a:	b003      	add	sp, #12
10003e2c:	bdf0      	pop	{r4, r5, r6, r7, pc}
10003e2e:	3d03      	subs	r5, #3
10003e30:	e7fa      	b.n	10003e28 <stdio_uart_in_chars+0x6c>
10003e32:	46c0      	nop			; (mov r8, r8)
10003e34:	200006d8 	.word	0x200006d8
10003e38:	20000434 	.word	0x20000434

10003e3c <on_uart_rx>:
10003e3c:	b510      	push	{r4, lr}
10003e3e:	4b06      	ldr	r3, [pc, #24]	; (10003e58 <on_uart_rx+0x1c>)
10003e40:	681b      	ldr	r3, [r3, #0]
10003e42:	2b00      	cmp	r3, #0
10003e44:	d006      	beq.n	10003e54 <on_uart_rx+0x18>
10003e46:	4a05      	ldr	r2, [pc, #20]	; (10003e5c <on_uart_rx+0x20>)
10003e48:	6812      	ldr	r2, [r2, #0]
10003e4a:	2100      	movs	r1, #0
10003e4c:	6391      	str	r1, [r2, #56]	; 0x38
10003e4e:	4a04      	ldr	r2, [pc, #16]	; (10003e60 <on_uart_rx+0x24>)
10003e50:	6810      	ldr	r0, [r2, #0]
10003e52:	4798      	blx	r3
10003e54:	bd10      	pop	{r4, pc}
10003e56:	46c0      	nop			; (mov r8, r8)
10003e58:	20000434 	.word	0x20000434
10003e5c:	200006d8 	.word	0x200006d8
10003e60:	20000438 	.word	0x20000438

10003e64 <stdio_uart_set_chars_available_callback>:
10003e64:	b570      	push	{r4, r5, r6, lr}
10003e66:	0004      	movs	r4, r0
10003e68:	000e      	movs	r6, r1
10003e6a:	4b1c      	ldr	r3, [pc, #112]	; (10003edc <stdio_uart_set_chars_available_callback+0x78>)
10003e6c:	681b      	ldr	r3, [r3, #0]
10003e6e:	4a1c      	ldr	r2, [pc, #112]	; (10003ee0 <stdio_uart_set_chars_available_callback+0x7c>)
10003e70:	1898      	adds	r0, r3, r2
10003e72:	4242      	negs	r2, r0
10003e74:	4150      	adcs	r0, r2
10003e76:	3014      	adds	r0, #20
10003e78:	0005      	movs	r5, r0
10003e7a:	2c00      	cmp	r4, #0
10003e7c:	d003      	beq.n	10003e86 <stdio_uart_set_chars_available_callback+0x22>
10003e7e:	4a19      	ldr	r2, [pc, #100]	; (10003ee4 <stdio_uart_set_chars_available_callback+0x80>)
10003e80:	6812      	ldr	r2, [r2, #0]
10003e82:	2a00      	cmp	r2, #0
10003e84:	d006      	beq.n	10003e94 <stdio_uart_set_chars_available_callback+0x30>
10003e86:	2c00      	cmp	r4, #0
10003e88:	d019      	beq.n	10003ebe <stdio_uart_set_chars_available_callback+0x5a>
10003e8a:	4b16      	ldr	r3, [pc, #88]	; (10003ee4 <stdio_uart_set_chars_available_callback+0x80>)
10003e8c:	601c      	str	r4, [r3, #0]
10003e8e:	4b16      	ldr	r3, [pc, #88]	; (10003ee8 <stdio_uart_set_chars_available_callback+0x84>)
10003e90:	601e      	str	r6, [r3, #0]
10003e92:	bd70      	pop	{r4, r5, r6, pc}
10003e94:	4915      	ldr	r1, [pc, #84]	; (10003eec <stdio_uart_set_chars_available_callback+0x88>)
10003e96:	f7fc fb93 	bl	100005c0 <irq_set_exclusive_handler>
10003e9a:	2101      	movs	r1, #1
10003e9c:	0028      	movs	r0, r5
10003e9e:	f7fc fb7f 	bl	100005a0 <irq_set_enabled>
10003ea2:	4b0e      	ldr	r3, [pc, #56]	; (10003edc <stdio_uart_set_chars_available_callback+0x78>)
10003ea4:	681a      	ldr	r2, [r3, #0]
10003ea6:	2350      	movs	r3, #80	; 0x50
10003ea8:	6393      	str	r3, [r2, #56]	; 0x38
10003eaa:	0011      	movs	r1, r2
10003eac:	3134      	adds	r1, #52	; 0x34
10003eae:	6b53      	ldr	r3, [r2, #52]	; 0x34
10003eb0:	2238      	movs	r2, #56	; 0x38
10003eb2:	401a      	ands	r2, r3
10003eb4:	2380      	movs	r3, #128	; 0x80
10003eb6:	015b      	lsls	r3, r3, #5
10003eb8:	430b      	orrs	r3, r1
10003eba:	601a      	str	r2, [r3, #0]
10003ebc:	e7e5      	b.n	10003e8a <stdio_uart_set_chars_available_callback+0x26>
10003ebe:	4a09      	ldr	r2, [pc, #36]	; (10003ee4 <stdio_uart_set_chars_available_callback+0x80>)
10003ec0:	6812      	ldr	r2, [r2, #0]
10003ec2:	2a00      	cmp	r2, #0
10003ec4:	d0e1      	beq.n	10003e8a <stdio_uart_set_chars_available_callback+0x26>
10003ec6:	2200      	movs	r2, #0
10003ec8:	639a      	str	r2, [r3, #56]	; 0x38
10003eca:	2100      	movs	r1, #0
10003ecc:	0028      	movs	r0, r5
10003ece:	f7fc fb67 	bl	100005a0 <irq_set_enabled>
10003ed2:	4906      	ldr	r1, [pc, #24]	; (10003eec <stdio_uart_set_chars_available_callback+0x88>)
10003ed4:	0028      	movs	r0, r5
10003ed6:	f7fc fb9d 	bl	10000614 <irq_remove_handler>
10003eda:	e7d6      	b.n	10003e8a <stdio_uart_set_chars_available_callback+0x26>
10003edc:	200006d8 	.word	0x200006d8
10003ee0:	bffc8000 	.word	0xbffc8000
10003ee4:	20000434 	.word	0x20000434
10003ee8:	20000438 	.word	0x20000438
10003eec:	10003e3d 	.word	0x10003e3d

10003ef0 <stdio_uart_init_full>:
10003ef0:	b570      	push	{r4, r5, r6, lr}
10003ef2:	000d      	movs	r5, r1
10003ef4:	001c      	movs	r4, r3
10003ef6:	4b0d      	ldr	r3, [pc, #52]	; (10003f2c <stdio_uart_init_full+0x3c>)
10003ef8:	6018      	str	r0, [r3, #0]
10003efa:	2a00      	cmp	r2, #0
10003efc:	da0b      	bge.n	10003f16 <stdio_uart_init_full+0x26>
10003efe:	2c00      	cmp	r4, #0
10003f00:	da0e      	bge.n	10003f20 <stdio_uart_init_full+0x30>
10003f02:	4b0a      	ldr	r3, [pc, #40]	; (10003f2c <stdio_uart_init_full+0x3c>)
10003f04:	6818      	ldr	r0, [r3, #0]
10003f06:	0029      	movs	r1, r5
10003f08:	f7fd fe22 	bl	10001b50 <uart_init>
10003f0c:	2101      	movs	r1, #1
10003f0e:	4808      	ldr	r0, [pc, #32]	; (10003f30 <stdio_uart_init_full+0x40>)
10003f10:	f7ff feb2 	bl	10003c78 <stdio_set_driver_enabled>
10003f14:	bd70      	pop	{r4, r5, r6, pc}
10003f16:	2102      	movs	r1, #2
10003f18:	0010      	movs	r0, r2
10003f1a:	f7fc fa5d 	bl	100003d8 <gpio_set_function>
10003f1e:	e7ee      	b.n	10003efe <stdio_uart_init_full+0xe>
10003f20:	2102      	movs	r1, #2
10003f22:	0020      	movs	r0, r4
10003f24:	f7fc fa58 	bl	100003d8 <gpio_set_function>
10003f28:	e7eb      	b.n	10003f02 <stdio_uart_init_full+0x12>
10003f2a:	46c0      	nop			; (mov r8, r8)
10003f2c:	200006d8 	.word	0x200006d8
10003f30:	200002d0 	.word	0x200002d0

10003f34 <stdio_uart_init>:
10003f34:	b510      	push	{r4, lr}
10003f36:	4b06      	ldr	r3, [pc, #24]	; (10003f50 <stdio_uart_init+0x1c>)
10003f38:	781b      	ldrb	r3, [r3, #0]
10003f3a:	4b06      	ldr	r3, [pc, #24]	; (10003f54 <stdio_uart_init+0x20>)
10003f3c:	781b      	ldrb	r3, [r3, #0]
10003f3e:	21e1      	movs	r1, #225	; 0xe1
10003f40:	2301      	movs	r3, #1
10003f42:	2200      	movs	r2, #0
10003f44:	0249      	lsls	r1, r1, #9
10003f46:	4804      	ldr	r0, [pc, #16]	; (10003f58 <stdio_uart_init+0x24>)
10003f48:	f7ff ffd2 	bl	10003ef0 <stdio_uart_init_full>
10003f4c:	bd10      	pop	{r4, pc}
10003f4e:	46c0      	nop			; (mov r8, r8)
10003f50:	10005230 	.word	0x10005230
10003f54:	10005234 	.word	0x10005234
10003f58:	40034000 	.word	0x40034000

10003f5c <strlen>:
10003f5c:	b510      	push	{r4, lr}
10003f5e:	0783      	lsls	r3, r0, #30
10003f60:	d00a      	beq.n	10003f78 <strlen+0x1c>
10003f62:	0003      	movs	r3, r0
10003f64:	2103      	movs	r1, #3
10003f66:	e002      	b.n	10003f6e <strlen+0x12>
10003f68:	3301      	adds	r3, #1
10003f6a:	420b      	tst	r3, r1
10003f6c:	d005      	beq.n	10003f7a <strlen+0x1e>
10003f6e:	781a      	ldrb	r2, [r3, #0]
10003f70:	2a00      	cmp	r2, #0
10003f72:	d1f9      	bne.n	10003f68 <strlen+0xc>
10003f74:	1a18      	subs	r0, r3, r0
10003f76:	bd10      	pop	{r4, pc}
10003f78:	0003      	movs	r3, r0
10003f7a:	6819      	ldr	r1, [r3, #0]
10003f7c:	4a0c      	ldr	r2, [pc, #48]	; (10003fb0 <strlen+0x54>)
10003f7e:	4c0d      	ldr	r4, [pc, #52]	; (10003fb4 <strlen+0x58>)
10003f80:	188a      	adds	r2, r1, r2
10003f82:	438a      	bics	r2, r1
10003f84:	4222      	tst	r2, r4
10003f86:	d10f      	bne.n	10003fa8 <strlen+0x4c>
10003f88:	6859      	ldr	r1, [r3, #4]
10003f8a:	4a09      	ldr	r2, [pc, #36]	; (10003fb0 <strlen+0x54>)
10003f8c:	3304      	adds	r3, #4
10003f8e:	188a      	adds	r2, r1, r2
10003f90:	438a      	bics	r2, r1
10003f92:	4222      	tst	r2, r4
10003f94:	d108      	bne.n	10003fa8 <strlen+0x4c>
10003f96:	6859      	ldr	r1, [r3, #4]
10003f98:	4a05      	ldr	r2, [pc, #20]	; (10003fb0 <strlen+0x54>)
10003f9a:	3304      	adds	r3, #4
10003f9c:	188a      	adds	r2, r1, r2
10003f9e:	438a      	bics	r2, r1
10003fa0:	4222      	tst	r2, r4
10003fa2:	d0f1      	beq.n	10003f88 <strlen+0x2c>
10003fa4:	e000      	b.n	10003fa8 <strlen+0x4c>
10003fa6:	3301      	adds	r3, #1
10003fa8:	781a      	ldrb	r2, [r3, #0]
10003faa:	2a00      	cmp	r2, #0
10003fac:	d1fb      	bne.n	10003fa6 <strlen+0x4a>
10003fae:	e7e1      	b.n	10003f74 <strlen+0x18>
10003fb0:	fefefeff 	.word	0xfefefeff
10003fb4:	80808080 	.word	0x80808080

10003fb8 <_fini>:
10003fb8:	b5f8      	push	{r3, r4, r5, r6, r7, lr}
10003fba:	46c0      	nop			; (mov r8, r8)
10003fbc:	0000      	movs	r0, r0
	...

10003fc0 <__mutex_exit_veneer>:
10003fc0:	b401      	push	{r0}
10003fc2:	4802      	ldr	r0, [pc, #8]	; (10003fcc <__mutex_exit_veneer+0xc>)
10003fc4:	4684      	mov	ip, r0
10003fc6:	bc01      	pop	{r0}
10003fc8:	4760      	bx	ip
10003fca:	bf00      	nop
10003fcc:	200001c9 	.word	0x200001c9

10003fd0 <____aeabi_ldiv0_veneer>:
10003fd0:	b401      	push	{r0}
10003fd2:	4802      	ldr	r0, [pc, #8]	; (10003fdc <____aeabi_ldiv0_veneer+0xc>)
10003fd4:	4684      	mov	ip, r0
10003fd6:	bc01      	pop	{r0}
10003fd8:	4760      	bx	ip
10003fda:	bf00      	nop
10003fdc:	20000215 	.word	0x20000215

10003fe0 <____aeabi_idiv0_veneer>:
10003fe0:	b401      	push	{r0}
10003fe2:	4802      	ldr	r0, [pc, #8]	; (10003fec <____aeabi_idiv0_veneer+0xc>)
10003fe4:	4684      	mov	ip, r0
10003fe6:	bc01      	pop	{r0}
10003fe8:	4760      	bx	ip
10003fea:	bf00      	nop
10003fec:	20000215 	.word	0x20000215

10003ff0 <__mutex_try_enter_block_until_veneer>:
10003ff0:	b401      	push	{r0}
10003ff2:	4802      	ldr	r0, [pc, #8]	; (10003ffc <__mutex_try_enter_block_until_veneer+0xc>)
10003ff4:	4684      	mov	ip, r0
10003ff6:	bc01      	pop	{r0}
10003ff8:	4760      	bx	ip
10003ffa:	bf00      	nop
10003ffc:	20000195 	.word	0x20000195

Disassembly of section .data:

200000c0 <mutex_try_enter>:
200000c0:	0003      	movs	r3, r0
200000c2:	6800      	ldr	r0, [r0, #0]
200000c4:	f3ef 8c10 	mrs	ip, PRIMASK
200000c8:	b672      	cpsid	i
200000ca:	6802      	ldr	r2, [r0, #0]
200000cc:	2a00      	cmp	r2, #0
200000ce:	d0fc      	beq.n	200000ca <mutex_try_enter+0xa>
200000d0:	f3bf 8f5f 	dmb	sy
200000d4:	2204      	movs	r2, #4
200000d6:	569a      	ldrsb	r2, [r3, r2]
200000d8:	2a00      	cmp	r2, #0
200000da:	db0b      	blt.n	200000f4 <mutex_try_enter+0x34>
200000dc:	2900      	cmp	r1, #0
200000de:	d010      	beq.n	20000102 <mutex_try_enter+0x42>
200000e0:	600a      	str	r2, [r1, #0]
200000e2:	2000      	movs	r0, #0
200000e4:	681b      	ldr	r3, [r3, #0]
200000e6:	f3bf 8f5f 	dmb	sy
200000ea:	2200      	movs	r2, #0
200000ec:	601a      	str	r2, [r3, #0]
200000ee:	f38c 8810 	msr	PRIMASK, ip
200000f2:	4770      	bx	lr
200000f4:	22d0      	movs	r2, #208	; 0xd0
200000f6:	0612      	lsls	r2, r2, #24
200000f8:	7812      	ldrb	r2, [r2, #0]
200000fa:	b252      	sxtb	r2, r2
200000fc:	711a      	strb	r2, [r3, #4]
200000fe:	2001      	movs	r0, #1
20000100:	e7f0      	b.n	200000e4 <mutex_try_enter+0x24>
20000102:	2000      	movs	r0, #0
20000104:	e7ee      	b.n	200000e4 <mutex_try_enter+0x24>
	...

20000108 <mutex_enter_block_until>:
20000108:	b5f8      	push	{r3, r4, r5, r6, r7, lr}
2000010a:	46ce      	mov	lr, r9
2000010c:	4647      	mov	r7, r8
2000010e:	b580      	push	{r7, lr}
20000110:	0004      	movs	r4, r0
20000112:	0017      	movs	r7, r2
20000114:	4698      	mov	r8, r3
20000116:	6803      	ldr	r3, [r0, #0]
20000118:	2b00      	cmp	r3, #0
2000011a:	d020      	beq.n	2000015e <mutex_enter_block_until+0x56>
2000011c:	23d0      	movs	r3, #208	; 0xd0
2000011e:	061b      	lsls	r3, r3, #24
20000120:	781b      	ldrb	r3, [r3, #0]
20000122:	b25b      	sxtb	r3, r3
20000124:	4699      	mov	r9, r3
20000126:	6826      	ldr	r6, [r4, #0]
20000128:	f3ef 8c10 	mrs	ip, PRIMASK
2000012c:	b672      	cpsid	i
2000012e:	6835      	ldr	r5, [r6, #0]
20000130:	2d00      	cmp	r5, #0
20000132:	d0fc      	beq.n	2000012e <mutex_enter_block_until+0x26>
20000134:	f3bf 8f5f 	dmb	sy
20000138:	2504      	movs	r5, #4
2000013a:	5765      	ldrsb	r5, [r4, r5]
2000013c:	2d00      	cmp	r5, #0
2000013e:	db14      	blt.n	2000016a <mutex_enter_block_until+0x62>
20000140:	6823      	ldr	r3, [r4, #0]
20000142:	f3bf 8f5f 	dmb	sy
20000146:	2200      	movs	r2, #0
20000148:	601a      	str	r2, [r3, #0]
2000014a:	f38c 8810 	msr	PRIMASK, ip
2000014e:	0038      	movs	r0, r7
20000150:	4641      	mov	r1, r8
20000152:	f000 f861 	bl	20000218 <__best_effort_wfe_or_timeout_veneer>
20000156:	2800      	cmp	r0, #0
20000158:	d0e5      	beq.n	20000126 <mutex_enter_block_until+0x1e>
2000015a:	2000      	movs	r0, #0
2000015c:	e00f      	b.n	2000017e <mutex_enter_block_until+0x76>
2000015e:	4b0a      	ldr	r3, [pc, #40]	; (20000188 <mutex_enter_block_until+0x80>)
20000160:	4a0a      	ldr	r2, [pc, #40]	; (2000018c <mutex_enter_block_until+0x84>)
20000162:	2185      	movs	r1, #133	; 0x85
20000164:	480a      	ldr	r0, [pc, #40]	; (20000190 <mutex_enter_block_until+0x88>)
20000166:	f000 f85f 	bl	20000228 <____assert_func_veneer>
2000016a:	464b      	mov	r3, r9
2000016c:	7123      	strb	r3, [r4, #4]
2000016e:	6823      	ldr	r3, [r4, #0]
20000170:	f3bf 8f5f 	dmb	sy
20000174:	2200      	movs	r2, #0
20000176:	601a      	str	r2, [r3, #0]
20000178:	f38c 8810 	msr	PRIMASK, ip
2000017c:	2001      	movs	r0, #1
2000017e:	bcc0      	pop	{r6, r7}
20000180:	46b9      	mov	r9, r7
20000182:	46b0      	mov	r8, r6
20000184:	bdf8      	pop	{r3, r4, r5, r6, r7, pc}
20000186:	46c0      	nop			; (mov r8, r8)
20000188:	1000445c 	.word	0x1000445c
2000018c:	10004534 	.word	0x10004534
20000190:	10004408 	.word	0x10004408

20000194 <mutex_try_enter_block_until>:
20000194:	b570      	push	{r4, r5, r6, lr}
20000196:	b082      	sub	sp, #8
20000198:	0006      	movs	r6, r0
2000019a:	0015      	movs	r5, r2
2000019c:	001c      	movs	r4, r3
2000019e:	a901      	add	r1, sp, #4
200001a0:	f7ff ff8e 	bl	200000c0 <mutex_try_enter>
200001a4:	2800      	cmp	r0, #0
200001a6:	d107      	bne.n	200001b8 <mutex_try_enter_block_until+0x24>
200001a8:	9b01      	ldr	r3, [sp, #4]
200001aa:	b25b      	sxtb	r3, r3
200001ac:	22d0      	movs	r2, #208	; 0xd0
200001ae:	0612      	lsls	r2, r2, #24
200001b0:	7812      	ldrb	r2, [r2, #0]
200001b2:	b252      	sxtb	r2, r2
200001b4:	4293      	cmp	r3, r2
200001b6:	d101      	bne.n	200001bc <mutex_try_enter_block_until+0x28>
200001b8:	b002      	add	sp, #8
200001ba:	bd70      	pop	{r4, r5, r6, pc}
200001bc:	002a      	movs	r2, r5
200001be:	0023      	movs	r3, r4
200001c0:	0030      	movs	r0, r6
200001c2:	f7ff ffa1 	bl	20000108 <mutex_enter_block_until>
200001c6:	e7f7      	b.n	200001b8 <mutex_try_enter_block_until+0x24>

200001c8 <mutex_exit>:
200001c8:	b510      	push	{r4, lr}
200001ca:	6802      	ldr	r2, [r0, #0]
200001cc:	f3ef 8110 	mrs	r1, PRIMASK
200001d0:	b672      	cpsid	i
200001d2:	6813      	ldr	r3, [r2, #0]
200001d4:	2b00      	cmp	r3, #0
200001d6:	d0fc      	beq.n	200001d2 <mutex_exit+0xa>
200001d8:	f3bf 8f5f 	dmb	sy
200001dc:	2304      	movs	r3, #4
200001de:	56c3      	ldrsb	r3, [r0, r3]
200001e0:	2b00      	cmp	r3, #0
200001e2:	db0a      	blt.n	200001fa <mutex_exit+0x32>
200001e4:	23ff      	movs	r3, #255	; 0xff
200001e6:	7103      	strb	r3, [r0, #4]
200001e8:	6803      	ldr	r3, [r0, #0]
200001ea:	f3bf 8f5f 	dmb	sy
200001ee:	2200      	movs	r2, #0
200001f0:	601a      	str	r2, [r3, #0]
200001f2:	f381 8810 	msr	PRIMASK, r1
200001f6:	bf40      	sev
200001f8:	bd10      	pop	{r4, pc}
200001fa:	4b03      	ldr	r3, [pc, #12]	; (20000208 <mutex_exit+0x40>)
200001fc:	4a03      	ldr	r2, [pc, #12]	; (2000020c <mutex_exit+0x44>)
200001fe:	21b4      	movs	r1, #180	; 0xb4
20000200:	4803      	ldr	r0, [pc, #12]	; (20000210 <mutex_exit+0x48>)
20000202:	f000 f811 	bl	20000228 <____assert_func_veneer>
20000206:	46c0      	nop			; (mov r8, r8)
20000208:	100044f0 	.word	0x100044f0
2000020c:	10004528 	.word	0x10004528
20000210:	10004408 	.word	0x10004408

20000214 <__aeabi_idiv0>:
20000214:	4770      	bx	lr
20000216:	46c0      	nop			; (mov r8, r8)

20000218 <__best_effort_wfe_or_timeout_veneer>:
20000218:	b401      	push	{r0}
2000021a:	4802      	ldr	r0, [pc, #8]	; (20000224 <__best_effort_wfe_or_timeout_veneer+0xc>)
2000021c:	4684      	mov	ip, r0
2000021e:	bc01      	pop	{r0}
20000220:	4760      	bx	ip
20000222:	bf00      	nop
20000224:	10001261 	.word	0x10001261

20000228 <____assert_func_veneer>:
20000228:	b401      	push	{r0}
2000022a:	4802      	ldr	r0, [pc, #8]	; (20000234 <____assert_func_veneer+0xc>)
2000022c:	4684      	mov	ip, r0
2000022e:	bc01      	pop	{r0}
20000230:	4760      	bx	ip
20000232:	bf00      	nop
20000234:	10001f49 	.word	0x10001f49

20000238 <striped_spin_lock_num>:
20000238:	00000010                                ....

2000023c <irq_handler_chain_slots>:
2000023c:	00000000 	.word	0x00000000
20000240:	00010000 	.word	0x00010000
	...
2000024c:	00020000 	.word	0x00020000
	...
20000258:	00030000 	.word	0x00030000
	...
20000264:	00ff0000 	.word	0x00ff0000
20000268:	00000000 	.word	0x00000000

2000026c <irq_handler_chain_first_slot>:
2000026c:	b501      	push	{r0, lr}
2000026e:	6848      	ldr	r0, [r1, #4]
20000270:	3101      	adds	r1, #1
20000272:	468e      	mov	lr, r1
20000274:	4700      	bx	r0

20000276 <irq_handler_chain_remove_tail>:
20000276:	4670      	mov	r0, lr
20000278:	3809      	subs	r0, #9
2000027a:	4901      	ldr	r1, [pc, #4]	; (20000280 <irq_handler_chain_remove_tail+0xa>)
2000027c:	4788      	blx	r1
2000027e:	bd01      	pop	{r0, pc}
20000280:	100007c1 	.word	0x100007c1

20000284 <default_alarm_pool>:
20000284:	2000029c 00000000 20000308 20000464     ... ....... d.. 
	...

2000029c <default_alarm_pool_heap>:
2000029c:	20000474 00000000 00000000 00000010     t.. ............
200002ac:	00000000                                ....

200002b0 <aeabi_bits_funcs>:
200002b0:	00003350 	.word	0x00003350
200002b4:	0000334c 	.word	0x0000334c
200002b8:	00003354 	.word	0x00003354
200002bc:	00003352 	.word	0x00003352

200002c0 <aeabi_bits_funcs_end>:
200002c0:	0000534d 	.word	0x0000534d
200002c4:	0000434d 	.word	0x0000434d
200002c8:	00003453 	.word	0x00003453
200002cc:	00003443 	.word	0x00003443

200002d0 <stdio_uart>:
200002d0:	10003d49 00000000 10003dbd 10003e65     I=.......=..e>..
200002e0:	00000000 00000100                       ........

200002e8 <print_mutex>:
	...

200002f0 <__mutex_array_end>:
200002f0:	10003a65 	.word	0x10003a65
200002f4:	100031ed 	.word	0x100031ed
200002f8:	100038d1 	.word	0x100038d1
200002fc:	100039dd 	.word	0x100039dd

20000300 <__frame_dummy_init_array_entry>:
20000300:	100002e5                                ....
