
C:/Users/thisi/Documents/Pico-v1.5.1/build/flash/ssi_dma/flash_ssi_dma.elf:     file format elf32-littlearm

Sections:
Idx Name          Size      VMA       LMA       File off  Algn
  0 .boot2        00000100  10000000  10000000  00001000  2**0
                  CONTENTS, ALLOC, LOAD, READONLY, CODE
  1 .text         00003f98  10000100  10000100  00001100  2**3
                  CONTENTS, ALLOC, LOAD, READONLY, CODE
  2 .rodata       00001128  10004098  10004098  00005098  2**3
                  CONTENTS, ALLOC, LOAD, READONLY, DATA
  3 .binary_info  00000028  100051c0  100051c0  000061c0  2**2
                  CONTENTS, ALLOC, LOAD, READONLY, DATA
  4 .ram_vector_table 000000c0  20000000  20000000  00008000  2**2
                  ALLOC
  5 .data         000002b4  200000c0  100051e8  000070c0  2**4
                  CONTENTS, ALLOC, LOAD, READONLY, CODE
  6 .uninitialized_data 00000000  20000374  20000374  00007374  2**0
                  CONTENTS
  7 .scratch_x    00000000  20040000  20040000  00007374  2**0
                  CONTENTS
  8 .scratch_y    00000000  20041000  20041000  00007374  2**0
                  CONTENTS
  9 .bss          000043d8  20000378  20000378  00008000  2**3
                  ALLOC
 10 .heap         00000800  20004750  20004750  00007374  2**2
                  CONTENTS, READONLY
 11 .stack_dummy  00000800  20041000  20041000  00007b80  2**5
                  CONTENTS, READONLY
 12 .ARM.attributes 00000028  00000000  00000000  00008380  2**0
                  CONTENTS, READONLY
 13 .comment      00000049  00000000  00000000  000083a8  2**0
                  CONTENTS, READONLY
 14 .debug_info   00015d6f  00000000  00000000  000083f1  2**0
                  CONTENTS, READONLY, DEBUGGING, OCTETS
 15 .debug_abbrev 0000428c  00000000  00000000  0001e160  2**0
                  CONTENTS, READONLY, DEBUGGING, OCTETS
 16 .debug_loc    0000ec9e  00000000  00000000  000223ec  2**0
                  CONTENTS, READONLY, DEBUGGING, OCTETS
 17 .debug_aranges 00000d78  00000000  00000000  00031090  2**3
                  CONTENTS, READONLY, DEBUGGING, OCTETS
 18 .debug_ranges 00003258  00000000  00000000  00031e08  2**3
                  CONTENTS, READONLY, DEBUGGING, OCTETS
 19 .debug_line   0000ede1  00000000  00000000  00035060  2**0
                  CONTENTS, READONLY, DEBUGGING, OCTETS
 20 .debug_str    00003e79  00000000  00000000  00043e41  2**0
                  CONTENTS, READONLY, DEBUGGING, OCTETS
 21 .debug_frame  00001944  00000000  00000000  00047cbc  2**2
                  CONTENTS, READONLY, DEBUGGING, OCTETS

C:/Users/thisi/Documents/Pico-v1.5.1/build/flash/ssi_dma/flash_ssi_dma.elf:     file format elf32-littlearm


Disassembly of section .boot2:

10000000 <__boot2_start__>:
10000000:	4b32b500 	.word	0x4b32b500
10000004:	60582021 	.word	0x60582021
10000008:	21026898 	.word	0x21026898
1000000c:	60984388 	.word	0x60984388
10000010:	611860d8 	.word	0x611860d8
10000014:	4b2e6158 	.word	0x4b2e6158
10000018:	60992100 	.word	0x60992100
1000001c:	61592102 	.word	0x61592102
10000020:	22f02101 	.word	0x22f02101
10000024:	492b5099 	.word	0x492b5099
10000028:	21016019 	.word	0x21016019
1000002c:	20356099 	.word	0x20356099
10000030:	f844f000 	.word	0xf844f000
10000034:	42902202 	.word	0x42902202
10000038:	2106d014 	.word	0x2106d014
1000003c:	f0006619 	.word	0xf0006619
10000040:	6e19f834 	.word	0x6e19f834
10000044:	66192101 	.word	0x66192101
10000048:	66182000 	.word	0x66182000
1000004c:	f000661a 	.word	0xf000661a
10000050:	6e19f82c 	.word	0x6e19f82c
10000054:	6e196e19 	.word	0x6e196e19
10000058:	f0002005 	.word	0xf0002005
1000005c:	2101f82f 	.word	0x2101f82f
10000060:	d1f94208 	.word	0xd1f94208
10000064:	60992100 	.word	0x60992100
10000068:	6019491b 	.word	0x6019491b
1000006c:	60592100 	.word	0x60592100
10000070:	481b491a 	.word	0x481b491a
10000074:	21016001 	.word	0x21016001
10000078:	21eb6099 	.word	0x21eb6099
1000007c:	21a06619 	.word	0x21a06619
10000080:	f0006619 	.word	0xf0006619
10000084:	2100f812 	.word	0x2100f812
10000088:	49166099 	.word	0x49166099
1000008c:	60014814 	.word	0x60014814
10000090:	60992101 	.word	0x60992101
10000094:	2800bc01 	.word	0x2800bc01
10000098:	4700d000 	.word	0x4700d000
1000009c:	49134812 	.word	0x49134812
100000a0:	c8036008 	.word	0xc8036008
100000a4:	8808f380 	.word	0x8808f380
100000a8:	b5034708 	.word	0xb5034708
100000ac:	20046a99 	.word	0x20046a99
100000b0:	d0fb4201 	.word	0xd0fb4201
100000b4:	42012001 	.word	0x42012001
100000b8:	bd03d1f8 	.word	0xbd03d1f8
100000bc:	6618b502 	.word	0x6618b502
100000c0:	f7ff6618 	.word	0xf7ff6618
100000c4:	6e18fff2 	.word	0x6e18fff2
100000c8:	bd026e18 	.word	0xbd026e18
100000cc:	40020000 	.word	0x40020000
100000d0:	18000000 	.word	0x18000000
100000d4:	00070000 	.word	0x00070000
100000d8:	005f0300 	.word	0x005f0300
100000dc:	00002221 	.word	0x00002221
100000e0:	180000f4 	.word	0x180000f4
100000e4:	a0002022 	.word	0xa0002022
100000e8:	10000100 	.word	0x10000100
100000ec:	e000ed08 	.word	0xe000ed08
	...
100000fc:	7a4eb274 	.word	0x7a4eb274

Disassembly of section .text:

10000100 <__VECTOR_TABLE>:
10000100:	20042000 	.word	0x20042000
10000104:	100001f7 	.word	0x100001f7
10000108:	100001c3 	.word	0x100001c3
1000010c:	100001c5 	.word	0x100001c5
10000110:	100001c1 	.word	0x100001c1
10000114:	100001c1 	.word	0x100001c1
10000118:	100001c1 	.word	0x100001c1
1000011c:	100001c1 	.word	0x100001c1
10000120:	100001c1 	.word	0x100001c1
10000124:	100001c1 	.word	0x100001c1
10000128:	100001c1 	.word	0x100001c1
1000012c:	100001c7 	.word	0x100001c7
10000130:	100001c1 	.word	0x100001c1
10000134:	100001c1 	.word	0x100001c1
10000138:	100001c9 	.word	0x100001c9
1000013c:	100001cb 	.word	0x100001cb
10000140:	100001cd 	.word	0x100001cd
10000144:	100001cd 	.word	0x100001cd
10000148:	100001cd 	.word	0x100001cd
1000014c:	100001cd 	.word	0x100001cd
10000150:	100001cd 	.word	0x100001cd
10000154:	100001cd 	.word	0x100001cd
10000158:	100001cd 	.word	0x100001cd
1000015c:	100001cd 	.word	0x100001cd
10000160:	100001cd 	.word	0x100001cd
10000164:	100001cd 	.word	0x100001cd
10000168:	100001cd 	.word	0x100001cd
1000016c:	100001cd 	.word	0x100001cd
10000170:	100001cd 	.word	0x100001cd
10000174:	100001cd 	.word	0x100001cd
10000178:	100001cd 	.word	0x100001cd
1000017c:	100001cd 	.word	0x100001cd
10000180:	100001cd 	.word	0x100001cd
10000184:	100001cd 	.word	0x100001cd
10000188:	100001cd 	.word	0x100001cd
1000018c:	100001cd 	.word	0x100001cd
10000190:	100001cd 	.word	0x100001cd
10000194:	100001cd 	.word	0x100001cd
10000198:	100001cd 	.word	0x100001cd
1000019c:	100001cd 	.word	0x100001cd
100001a0:	100001cd 	.word	0x100001cd
100001a4:	100001cd 	.word	0x100001cd
100001a8:	100001cd 	.word	0x100001cd
100001ac:	100001cd 	.word	0x100001cd
100001b0:	100001cd 	.word	0x100001cd
100001b4:	100001cd 	.word	0x100001cd
100001b8:	100001cd 	.word	0x100001cd
100001bc:	100001cd 	.word	0x100001cd

100001c0 <isr_invalid>:
100001c0:	be00      	bkpt	0x0000

100001c2 <isr_nmi>:
100001c2:	be00      	bkpt	0x0000

100001c4 <isr_hardfault>:
100001c4:	be00      	bkpt	0x0000

100001c6 <isr_svcall>:
100001c6:	be00      	bkpt	0x0000

100001c8 <isr_pendsv>:
100001c8:	be00      	bkpt	0x0000

100001ca <isr_systick>:
100001ca:	be00      	bkpt	0x0000

100001cc <__unhandled_user_irq>:
100001cc:	f3ef 8005 	mrs	r0, IPSR
100001d0:	3810      	subs	r0, #16

100001d2 <unhandled_user_irq_num_in_r0>:
100001d2:	be00      	bkpt	0x0000

100001d4 <binary_info_header>:
100001d4:	7188ebf2 	.word	0x7188ebf2
100001d8:	100051c0 	.word	0x100051c0
100001dc:	100051e8 	.word	0x100051e8
100001e0:	10000234 	.word	0x10000234
100001e4:	e71aa390 	.word	0xe71aa390

100001e8 <_entry_point>:
100001e8:	2000      	movs	r0, #0
100001ea:	491f      	ldr	r1, [pc, #124]	; (10000268 <hold_non_core0_in_bootrom+0xa>)
100001ec:	6008      	str	r0, [r1, #0]
100001ee:	c806      	ldmia	r0!, {r1, r2}
100001f0:	f381 8808 	msr	MSP, r1
100001f4:	4710      	bx	r2

100001f6 <_reset_handler>:
100001f6:	481d      	ldr	r0, [pc, #116]	; (1000026c <hold_non_core0_in_bootrom+0xe>)
100001f8:	6800      	ldr	r0, [r0, #0]
100001fa:	2800      	cmp	r0, #0
100001fc:	d12f      	bne.n	1000025e <hold_non_core0_in_bootrom>
100001fe:	a40d      	add	r4, pc, #52	; (adr r4, 10000234 <data_cpy_table>)
10000200:	cc0e      	ldmia	r4!, {r1, r2, r3}
10000202:	2900      	cmp	r1, #0
10000204:	d002      	beq.n	1000020c <_reset_handler+0x16>
10000206:	f000 f812 	bl	1000022e <data_cpy>
1000020a:	e7f9      	b.n	10000200 <_reset_handler+0xa>
1000020c:	4918      	ldr	r1, [pc, #96]	; (10000270 <hold_non_core0_in_bootrom+0x12>)
1000020e:	4a19      	ldr	r2, [pc, #100]	; (10000274 <hold_non_core0_in_bootrom+0x16>)
10000210:	2000      	movs	r0, #0
10000212:	e000      	b.n	10000216 <bss_fill_test>

10000214 <bss_fill_loop>:
10000214:	c101      	stmia	r1!, {r0}

10000216 <bss_fill_test>:
10000216:	4291      	cmp	r1, r2
10000218:	d1fc      	bne.n	10000214 <bss_fill_loop>

1000021a <platform_entry>:
1000021a:	4917      	ldr	r1, [pc, #92]	; (10000278 <hold_non_core0_in_bootrom+0x1a>)
1000021c:	4788      	blx	r1
1000021e:	4917      	ldr	r1, [pc, #92]	; (1000027c <hold_non_core0_in_bootrom+0x1e>)
10000220:	4788      	blx	r1
10000222:	4917      	ldr	r1, [pc, #92]	; (10000280 <hold_non_core0_in_bootrom+0x22>)
10000224:	4788      	blx	r1
10000226:	be00      	bkpt	0x0000
10000228:	e7fd      	b.n	10000226 <platform_entry+0xc>

1000022a <data_cpy_loop>:
1000022a:	c901      	ldmia	r1!, {r0}
1000022c:	c201      	stmia	r2!, {r0}

1000022e <data_cpy>:
1000022e:	429a      	cmp	r2, r3
10000230:	d3fb      	bcc.n	1000022a <data_cpy_loop>
10000232:	4770      	bx	lr

10000234 <data_cpy_table>:
10000234:	100051e8 	.word	0x100051e8
10000238:	200000c0 	.word	0x200000c0
1000023c:	20000374 	.word	0x20000374
10000240:	1000549c 	.word	0x1000549c
10000244:	20040000 	.word	0x20040000
10000248:	20040000 	.word	0x20040000
1000024c:	1000549c 	.word	0x1000549c
10000250:	20041000 	.word	0x20041000
10000254:	20041000 	.word	0x20041000
10000258:	00000000 	.word	0x00000000
1000025c:	4770      	bx	lr

1000025e <hold_non_core0_in_bootrom>:
1000025e:	4809      	ldr	r0, [pc, #36]	; (10000284 <hold_non_core0_in_bootrom+0x26>)
10000260:	f002 ffba 	bl	100031d8 <rom_func_lookup>
10000264:	4700      	bx	r0
10000266:	0000      	.short	0x0000
10000268:	e000ed08 	.word	0xe000ed08
1000026c:	d0000000 	.word	0xd0000000
10000270:	20000378 	.word	0x20000378
10000274:	20004750 	.word	0x20004750
10000278:	10001f61 	.word	0x10001f61
1000027c:	10000305 	.word	0x10000305
10000280:	10001f1d 	.word	0x10001f1d
10000284:	00005657 	.word	0x00005657

10000288 <__bi_50>:
10000288:	50520006 5360b3ab 10005108              ..RP..`S.Q..

10000294 <__bi_38>:
10000294:	50520006 02031c86 10005118              ..RP.....Q..

100002a0 <__bi_30>:
100002a0:	50520006 9da22254 10005128              ..RPT"..(Q..

100002ac <__bi_22>:
100002ac:	50520005 68f465de 1000549c              ..RP.e.h.T..

100002b8 <_init>:
100002b8:	b5f8      	push	{r3, r4, r5, r6, r7, lr}
100002ba:	46c0      	nop			; (mov r8, r8)

100002bc <__do_global_dtors_aux>:
100002bc:	b510      	push	{r4, lr}
100002be:	4c06      	ldr	r4, [pc, #24]	; (100002d8 <__do_global_dtors_aux+0x1c>)
100002c0:	7823      	ldrb	r3, [r4, #0]
100002c2:	2b00      	cmp	r3, #0
100002c4:	d107      	bne.n	100002d6 <__do_global_dtors_aux+0x1a>
100002c6:	4b05      	ldr	r3, [pc, #20]	; (100002dc <__do_global_dtors_aux+0x20>)
100002c8:	2b00      	cmp	r3, #0
100002ca:	d002      	beq.n	100002d2 <__do_global_dtors_aux+0x16>
100002cc:	4804      	ldr	r0, [pc, #16]	; (100002e0 <__do_global_dtors_aux+0x24>)
100002ce:	e000      	b.n	100002d2 <__do_global_dtors_aux+0x16>
100002d0:	bf00      	nop
100002d2:	2301      	movs	r3, #1
100002d4:	7023      	strb	r3, [r4, #0]
100002d6:	bd10      	pop	{r4, pc}
100002d8:	20000478 	.word	0x20000478
100002dc:	00000000 	.word	0x00000000
100002e0:	10004098 	.word	0x10004098

100002e4 <frame_dummy>:
100002e4:	4b04      	ldr	r3, [pc, #16]	; (100002f8 <frame_dummy+0x14>)
100002e6:	b510      	push	{r4, lr}
100002e8:	2b00      	cmp	r3, #0
100002ea:	d003      	beq.n	100002f4 <frame_dummy+0x10>
100002ec:	4903      	ldr	r1, [pc, #12]	; (100002fc <frame_dummy+0x18>)
100002ee:	4804      	ldr	r0, [pc, #16]	; (10000300 <frame_dummy+0x1c>)
100002f0:	e000      	b.n	100002f4 <frame_dummy+0x10>
100002f2:	bf00      	nop
100002f4:	bd10      	pop	{r4, pc}
100002f6:	46c0      	nop			; (mov r8, r8)
100002f8:	00000000 	.word	0x00000000
100002fc:	2000047c 	.word	0x2000047c
10000300:	10004098 	.word	0x10004098

10000304 <main>:
10000304:	b570      	push	{r4, r5, r6, lr}
10000306:	f003 fd5f 	bl	10003dc8 <stdio_init_all>
1000030a:	4d20      	ldr	r5, [pc, #128]	; (1000038c <main+0x88>)
1000030c:	2280      	movs	r2, #128	; 0x80
1000030e:	01d2      	lsls	r2, r2, #7
10000310:	2100      	movs	r1, #0
10000312:	0028      	movs	r0, r5
10000314:	f003 fbee 	bl	10003af4 <__wrap_memset>
10000318:	481d      	ldr	r0, [pc, #116]	; (10000390 <main+0x8c>)
1000031a:	f003 fd19 	bl	10003d50 <__wrap_puts>
1000031e:	4c1d      	ldr	r4, [pc, #116]	; (10000394 <main+0x90>)
10000320:	6aa6      	ldr	r6, [r4, #40]	; 0x28
10000322:	2280      	movs	r2, #128	; 0x80
10000324:	2300      	movs	r3, #0
10000326:	0152      	lsls	r2, r2, #5
10000328:	2100      	movs	r1, #0
1000032a:	0028      	movs	r0, r5
1000032c:	f003 fe8c 	bl	10004048 <__flash_bulk_read_veneer>
10000330:	6aa4      	ldr	r4, [r4, #40]	; 0x28
10000332:	4819      	ldr	r0, [pc, #100]	; (10000398 <main+0x94>)
10000334:	f003 fd0c 	bl	10003d50 <__wrap_puts>
10000338:	1ba0      	subs	r0, r4, r6
1000033a:	f003 fb5b 	bl	100039f4 <__wrap___aeabi_ui2f>
1000033e:	4917      	ldr	r1, [pc, #92]	; (1000039c <main+0x98>)
10000340:	f003 fb51 	bl	100039e6 <__wrap___aeabi_fmul>
10000344:	1c01      	adds	r1, r0, #0
10000346:	4816      	ldr	r0, [pc, #88]	; (100003a0 <main+0x9c>)
10000348:	f003 fb39 	bl	100039be <__wrap___aeabi_fdiv>
1000034c:	f003 fb7a 	bl	10003a44 <__wrap___aeabi_f2d>
10000350:	0002      	movs	r2, r0
10000352:	000b      	movs	r3, r1
10000354:	4813      	ldr	r0, [pc, #76]	; (100003a4 <main+0xa0>)
10000356:	f003 fd2b 	bl	10003db0 <__wrap_printf>
1000035a:	2100      	movs	r1, #0
1000035c:	2380      	movs	r3, #128	; 0x80
1000035e:	015b      	lsls	r3, r3, #5
10000360:	4299      	cmp	r1, r3
10000362:	da0e      	bge.n	10000382 <main+0x7e>
10000364:	008a      	lsls	r2, r1, #2
10000366:	4b09      	ldr	r3, [pc, #36]	; (1000038c <main+0x88>)
10000368:	58d3      	ldr	r3, [r2, r3]
1000036a:	480f      	ldr	r0, [pc, #60]	; (100003a8 <main+0xa4>)
1000036c:	6800      	ldr	r0, [r0, #0]
1000036e:	5812      	ldr	r2, [r2, r0]
10000370:	4293      	cmp	r3, r2
10000372:	d101      	bne.n	10000378 <main+0x74>
10000374:	3101      	adds	r1, #1
10000376:	e7f1      	b.n	1000035c <main+0x58>
10000378:	480c      	ldr	r0, [pc, #48]	; (100003ac <main+0xa8>)
1000037a:	f003 fd19 	bl	10003db0 <__wrap_printf>
1000037e:	2000      	movs	r0, #0
10000380:	bd70      	pop	{r4, r5, r6, pc}
10000382:	480b      	ldr	r0, [pc, #44]	; (100003b0 <main+0xac>)
10000384:	f003 fce4 	bl	10003d50 <__wrap_puts>
10000388:	e7f9      	b.n	1000037e <main+0x7a>
1000038a:	46c0      	nop			; (mov r8, r8)
1000038c:	2000052c 	.word	0x2000052c
10000390:	10004098 	.word	0x10004098
10000394:	40054000 	.word	0x40054000
10000398:	100040a8 	.word	0x100040a8
1000039c:	358637bd 	.word	0x358637bd
100003a0:	3c8637bd 	.word	0x3c8637bd
100003a4:	100040b8 	.word	0x100040b8
100003a8:	200002a0 	.word	0x200002a0
100003ac:	100040d4 	.word	0x100040d4
100003b0:	10004100 	.word	0x10004100

100003b4 <gpio_set_function>:
100003b4:	b510      	push	{r4, lr}
100003b6:	0083      	lsls	r3, r0, #2
100003b8:	4a08      	ldr	r2, [pc, #32]	; (100003dc <gpio_set_function+0x28>)
100003ba:	4694      	mov	ip, r2
100003bc:	4463      	add	r3, ip
100003be:	681c      	ldr	r4, [r3, #0]
100003c0:	2240      	movs	r2, #64	; 0x40
100003c2:	4062      	eors	r2, r4
100003c4:	24c0      	movs	r4, #192	; 0xc0
100003c6:	4014      	ands	r4, r2
100003c8:	2280      	movs	r2, #128	; 0x80
100003ca:	0152      	lsls	r2, r2, #5
100003cc:	4313      	orrs	r3, r2
100003ce:	601c      	str	r4, [r3, #0]
100003d0:	00c0      	lsls	r0, r0, #3
100003d2:	4b03      	ldr	r3, [pc, #12]	; (100003e0 <gpio_set_function+0x2c>)
100003d4:	469c      	mov	ip, r3
100003d6:	4460      	add	r0, ip
100003d8:	6041      	str	r1, [r0, #4]
100003da:	bd10      	pop	{r4, pc}
100003dc:	4001c004 	.word	0x4001c004
100003e0:	40014000 	.word	0x40014000

100003e4 <running_on_fpga>:
100003e4:	4b03      	ldr	r3, [pc, #12]	; (100003f4 <running_on_fpga+0x10>)
100003e6:	681b      	ldr	r3, [r3, #0]
100003e8:	2002      	movs	r0, #2
100003ea:	4018      	ands	r0, r3
100003ec:	1e43      	subs	r3, r0, #1
100003ee:	4198      	sbcs	r0, r3
100003f0:	b2c0      	uxtb	r0, r0
100003f2:	4770      	bx	lr
100003f4:	4006c000 	.word	0x4006c000

100003f8 <hw_claim_lock>:
100003f8:	f3ef 8010 	mrs	r0, PRIMASK
100003fc:	b672      	cpsid	i
100003fe:	4b03      	ldr	r3, [pc, #12]	; (1000040c <hw_claim_lock+0x14>)
10000400:	681b      	ldr	r3, [r3, #0]
10000402:	2b00      	cmp	r3, #0
10000404:	d0fb      	beq.n	100003fe <hw_claim_lock+0x6>
10000406:	f3bf 8f5f 	dmb	sy
1000040a:	4770      	bx	lr
1000040c:	d000012c 	.word	0xd000012c

10000410 <hw_claim_unlock>:
10000410:	f3bf 8f5f 	dmb	sy
10000414:	4b02      	ldr	r3, [pc, #8]	; (10000420 <hw_claim_unlock+0x10>)
10000416:	2200      	movs	r2, #0
10000418:	601a      	str	r2, [r3, #0]
1000041a:	f380 8810 	msr	PRIMASK, r0
1000041e:	4770      	bx	lr
10000420:	d000012c 	.word	0xd000012c

10000424 <hw_claim_or_assert>:
10000424:	b5f8      	push	{r3, r4, r5, r6, r7, lr}
10000426:	0006      	movs	r6, r0
10000428:	000c      	movs	r4, r1
1000042a:	0015      	movs	r5, r2
1000042c:	f7ff ffe4 	bl	100003f8 <hw_claim_lock>
10000430:	08e3      	lsrs	r3, r4, #3
10000432:	18f7      	adds	r7, r6, r3
10000434:	5cf1      	ldrb	r1, [r6, r3]
10000436:	2207      	movs	r2, #7
10000438:	4022      	ands	r2, r4
1000043a:	2301      	movs	r3, #1
1000043c:	4093      	lsls	r3, r2
1000043e:	420b      	tst	r3, r1
10000440:	d105      	bne.n	1000044e <hw_claim_or_assert+0x2a>
10000442:	b2db      	uxtb	r3, r3
10000444:	430b      	orrs	r3, r1
10000446:	703b      	strb	r3, [r7, #0]
10000448:	f7ff ffe2 	bl	10000410 <hw_claim_unlock>
1000044c:	bdf8      	pop	{r3, r4, r5, r6, r7, pc}
1000044e:	0021      	movs	r1, r4
10000450:	0028      	movs	r0, r5
10000452:	f001 fe01 	bl	10002058 <panic>
	...

10000458 <spin_locks_reset>:
10000458:	2300      	movs	r3, #0
1000045a:	e007      	b.n	1000046c <spin_locks_reset+0x14>
1000045c:	4a05      	ldr	r2, [pc, #20]	; (10000474 <spin_locks_reset+0x1c>)
1000045e:	189a      	adds	r2, r3, r2
10000460:	0092      	lsls	r2, r2, #2
10000462:	f3bf 8f5f 	dmb	sy
10000466:	2100      	movs	r1, #0
10000468:	6011      	str	r1, [r2, #0]
1000046a:	3301      	adds	r3, #1
1000046c:	2b1f      	cmp	r3, #31
1000046e:	d9f5      	bls.n	1000045c <spin_locks_reset+0x4>
10000470:	4770      	bx	lr
10000472:	46c0      	nop			; (mov r8, r8)
10000474:	34000040 	.word	0x34000040

10000478 <next_striped_spin_lock_num>:
10000478:	4a05      	ldr	r2, [pc, #20]	; (10000490 <next_striped_spin_lock_num+0x18>)
1000047a:	7810      	ldrb	r0, [r2, #0]
1000047c:	1c43      	adds	r3, r0, #1
1000047e:	b2db      	uxtb	r3, r3
10000480:	7013      	strb	r3, [r2, #0]
10000482:	2b17      	cmp	r3, #23
10000484:	d902      	bls.n	1000048c <next_striped_spin_lock_num+0x14>
10000486:	0013      	movs	r3, r2
10000488:	2210      	movs	r2, #16
1000048a:	701a      	strb	r2, [r3, #0]
1000048c:	4770      	bx	lr
1000048e:	46c0      	nop			; (mov r8, r8)
10000490:	200002a4 	.word	0x200002a4

10000494 <set_raw_irq_handler_and_unlock>:
10000494:	4b07      	ldr	r3, [pc, #28]	; (100004b4 <set_raw_irq_handler_and_unlock+0x20>)
10000496:	689b      	ldr	r3, [r3, #8]
10000498:	3010      	adds	r0, #16
1000049a:	0080      	lsls	r0, r0, #2
1000049c:	5019      	str	r1, [r3, r0]
1000049e:	f3bf 8f5f 	dmb	sy
100004a2:	f3bf 8f5f 	dmb	sy
100004a6:	4b04      	ldr	r3, [pc, #16]	; (100004b8 <set_raw_irq_handler_and_unlock+0x24>)
100004a8:	2100      	movs	r1, #0
100004aa:	6019      	str	r1, [r3, #0]
100004ac:	f382 8810 	msr	PRIMASK, r2
100004b0:	4770      	bx	lr
100004b2:	46c0      	nop			; (mov r8, r8)
100004b4:	e000ed00 	.word	0xe000ed00
100004b8:	d0000124 	.word	0xd0000124

100004bc <make_branch>:
100004bc:	b510      	push	{r4, lr}
100004be:	1a09      	subs	r1, r1, r0
100004c0:	1f08      	subs	r0, r1, #4
100004c2:	4b0a      	ldr	r3, [pc, #40]	; (100004ec <make_branch+0x30>)
100004c4:	469c      	mov	ip, r3
100004c6:	4461      	add	r1, ip
100004c8:	4a09      	ldr	r2, [pc, #36]	; (100004f0 <make_branch+0x34>)
100004ca:	4291      	cmp	r1, r2
100004cc:	d808      	bhi.n	100004e0 <make_branch+0x24>
100004ce:	07c3      	lsls	r3, r0, #31
100004d0:	d406      	bmi.n	100004e0 <make_branch+0x24>
100004d2:	1040      	asrs	r0, r0, #1
100004d4:	0540      	lsls	r0, r0, #21
100004d6:	0d40      	lsrs	r0, r0, #21
100004d8:	4b06      	ldr	r3, [pc, #24]	; (100004f4 <make_branch+0x38>)
100004da:	4318      	orrs	r0, r3
100004dc:	b280      	uxth	r0, r0
100004de:	bd10      	pop	{r4, pc}
100004e0:	4b05      	ldr	r3, [pc, #20]	; (100004f8 <make_branch+0x3c>)
100004e2:	4a06      	ldr	r2, [pc, #24]	; (100004fc <make_branch+0x40>)
100004e4:	21a3      	movs	r1, #163	; 0xa3
100004e6:	4806      	ldr	r0, [pc, #24]	; (10000500 <make_branch+0x44>)
100004e8:	f001 fd1c 	bl	10001f24 <__assert_func>
100004ec:	000007fc 	.word	0x000007fc
100004f0:	00000ffe 	.word	0x00000ffe
100004f4:	ffffe000 	.word	0xffffe000
100004f8:	10004110 	.word	0x10004110
100004fc:	10004380 	.word	0x10004380
10000500:	10004140 	.word	0x10004140

10000504 <insert_branch_and_link>:
10000504:	b510      	push	{r4, lr}
10000506:	1a09      	subs	r1, r1, r0
10000508:	3904      	subs	r1, #4
1000050a:	084c      	lsrs	r4, r1, #1
1000050c:	0b09      	lsrs	r1, r1, #12
1000050e:	d108      	bne.n	10000522 <insert_branch_and_link+0x1e>
10000510:	0549      	lsls	r1, r1, #21
10000512:	0d49      	lsrs	r1, r1, #21
10000514:	4a06      	ldr	r2, [pc, #24]	; (10000530 <insert_branch_and_link+0x2c>)
10000516:	4311      	orrs	r1, r2
10000518:	8001      	strh	r1, [r0, #0]
1000051a:	4b06      	ldr	r3, [pc, #24]	; (10000534 <insert_branch_and_link+0x30>)
1000051c:	4323      	orrs	r3, r4
1000051e:	8043      	strh	r3, [r0, #2]
10000520:	bd10      	pop	{r4, pc}
10000522:	4b05      	ldr	r3, [pc, #20]	; (10000538 <insert_branch_and_link+0x34>)
10000524:	4a05      	ldr	r2, [pc, #20]	; (1000053c <insert_branch_and_link+0x38>)
10000526:	21ab      	movs	r1, #171	; 0xab
10000528:	4805      	ldr	r0, [pc, #20]	; (10000540 <insert_branch_and_link+0x3c>)
1000052a:	f001 fcfb 	bl	10001f24 <__assert_func>
1000052e:	46c0      	nop			; (mov r8, r8)
10000530:	fffff000 	.word	0xfffff000
10000534:	fffff800 	.word	0xfffff800
10000538:	1000419c 	.word	0x1000419c
1000053c:	10004354 	.word	0x10004354
10000540:	10004140 	.word	0x10004140

10000544 <irq_is_enabled>:
10000544:	2301      	movs	r3, #1
10000546:	4083      	lsls	r3, r0
10000548:	4a03      	ldr	r2, [pc, #12]	; (10000558 <irq_is_enabled+0x14>)
1000054a:	6810      	ldr	r0, [r2, #0]
1000054c:	4018      	ands	r0, r3
1000054e:	1e43      	subs	r3, r0, #1
10000550:	4198      	sbcs	r0, r3
10000552:	b2c0      	uxtb	r0, r0
10000554:	4770      	bx	lr
10000556:	46c0      	nop			; (mov r8, r8)
10000558:	e000e100 	.word	0xe000e100

1000055c <irq_set_mask_enabled>:
1000055c:	2900      	cmp	r1, #0
1000055e:	d004      	beq.n	1000056a <irq_set_mask_enabled+0xe>
10000560:	4b03      	ldr	r3, [pc, #12]	; (10000570 <irq_set_mask_enabled+0x14>)
10000562:	6018      	str	r0, [r3, #0]
10000564:	4b03      	ldr	r3, [pc, #12]	; (10000574 <irq_set_mask_enabled+0x18>)
10000566:	6018      	str	r0, [r3, #0]
10000568:	4770      	bx	lr
1000056a:	4b03      	ldr	r3, [pc, #12]	; (10000578 <irq_set_mask_enabled+0x1c>)
1000056c:	6018      	str	r0, [r3, #0]
1000056e:	e7fb      	b.n	10000568 <irq_set_mask_enabled+0xc>
10000570:	e000e280 	.word	0xe000e280
10000574:	e000e100 	.word	0xe000e100
10000578:	e000e180 	.word	0xe000e180

1000057c <irq_set_enabled>:
1000057c:	b510      	push	{r4, lr}
1000057e:	2301      	movs	r3, #1
10000580:	4083      	lsls	r3, r0
10000582:	0018      	movs	r0, r3
10000584:	f7ff ffea 	bl	1000055c <irq_set_mask_enabled>
10000588:	bd10      	pop	{r4, pc}
	...

1000058c <irq_get_vtable_handler>:
1000058c:	4b02      	ldr	r3, [pc, #8]	; (10000598 <irq_get_vtable_handler+0xc>)
1000058e:	689b      	ldr	r3, [r3, #8]
10000590:	3010      	adds	r0, #16
10000592:	0080      	lsls	r0, r0, #2
10000594:	58c0      	ldr	r0, [r0, r3]
10000596:	4770      	bx	lr
10000598:	e000ed00 	.word	0xe000ed00

1000059c <irq_set_exclusive_handler>:
1000059c:	b570      	push	{r4, r5, r6, lr}
1000059e:	0004      	movs	r4, r0
100005a0:	000d      	movs	r5, r1
100005a2:	f3ef 8610 	mrs	r6, PRIMASK
100005a6:	b672      	cpsid	i
100005a8:	4b0c      	ldr	r3, [pc, #48]	; (100005dc <irq_set_exclusive_handler+0x40>)
100005aa:	681b      	ldr	r3, [r3, #0]
100005ac:	2b00      	cmp	r3, #0
100005ae:	d0fb      	beq.n	100005a8 <irq_set_exclusive_handler+0xc>
100005b0:	f3bf 8f5f 	dmb	sy
100005b4:	0020      	movs	r0, r4
100005b6:	f7ff ffe9 	bl	1000058c <irq_get_vtable_handler>
100005ba:	4b09      	ldr	r3, [pc, #36]	; (100005e0 <irq_set_exclusive_handler+0x44>)
100005bc:	4298      	cmp	r0, r3
100005be:	d001      	beq.n	100005c4 <irq_set_exclusive_handler+0x28>
100005c0:	42a8      	cmp	r0, r5
100005c2:	d105      	bne.n	100005d0 <irq_set_exclusive_handler+0x34>
100005c4:	0032      	movs	r2, r6
100005c6:	0029      	movs	r1, r5
100005c8:	0020      	movs	r0, r4
100005ca:	f7ff ff63 	bl	10000494 <set_raw_irq_handler_and_unlock>
100005ce:	bd70      	pop	{r4, r5, r6, pc}
100005d0:	4b04      	ldr	r3, [pc, #16]	; (100005e4 <irq_set_exclusive_handler+0x48>)
100005d2:	4a05      	ldr	r2, [pc, #20]	; (100005e8 <irq_set_exclusive_handler+0x4c>)
100005d4:	2186      	movs	r1, #134	; 0x86
100005d6:	4805      	ldr	r0, [pc, #20]	; (100005ec <irq_set_exclusive_handler+0x50>)
100005d8:	f001 fca4 	bl	10001f24 <__assert_func>
100005dc:	d0000124 	.word	0xd0000124
100005e0:	100001cd 	.word	0x100001cd
100005e4:	100041ac 	.word	0x100041ac
100005e8:	1000439c 	.word	0x1000439c
100005ec:	10004140 	.word	0x10004140

100005f0 <irq_remove_handler>:
100005f0:	b5f0      	push	{r4, r5, r6, r7, lr}
100005f2:	46ce      	mov	lr, r9
100005f4:	4647      	mov	r7, r8
100005f6:	b580      	push	{r7, lr}
100005f8:	b083      	sub	sp, #12
100005fa:	0006      	movs	r6, r0
100005fc:	000d      	movs	r5, r1
100005fe:	f3ef 8810 	mrs	r8, PRIMASK
10000602:	b672      	cpsid	i
10000604:	4b56      	ldr	r3, [pc, #344]	; (10000760 <irq_remove_handler+0x170>)
10000606:	681b      	ldr	r3, [r3, #0]
10000608:	2b00      	cmp	r3, #0
1000060a:	d0fb      	beq.n	10000604 <irq_remove_handler+0x14>
1000060c:	f3bf 8f5f 	dmb	sy
10000610:	4b54      	ldr	r3, [pc, #336]	; (10000764 <irq_remove_handler+0x174>)
10000612:	689a      	ldr	r2, [r3, #8]
10000614:	0034      	movs	r4, r6
10000616:	3410      	adds	r4, #16
10000618:	00a3      	lsls	r3, r4, #2
1000061a:	58d7      	ldr	r7, [r2, r3]
1000061c:	4b52      	ldr	r3, [pc, #328]	; (10000768 <irq_remove_handler+0x178>)
1000061e:	429f      	cmp	r7, r3
10000620:	d007      	beq.n	10000632 <irq_remove_handler+0x42>
10000622:	42af      	cmp	r7, r5
10000624:	d100      	bne.n	10000628 <irq_remove_handler+0x38>
10000626:	e098      	b.n	1000075a <irq_remove_handler+0x16a>
10000628:	9701      	str	r7, [sp, #4]
1000062a:	4b50      	ldr	r3, [pc, #320]	; (1000076c <irq_remove_handler+0x17c>)
1000062c:	1afb      	subs	r3, r7, r3
1000062e:	2b2f      	cmp	r3, #47	; 0x2f
10000630:	d909      	bls.n	10000646 <irq_remove_handler+0x56>
10000632:	4642      	mov	r2, r8
10000634:	0039      	movs	r1, r7
10000636:	0030      	movs	r0, r6
10000638:	f7ff ff2c 	bl	10000494 <set_raw_irq_handler_and_unlock>
1000063c:	b003      	add	sp, #12
1000063e:	bcc0      	pop	{r6, r7}
10000640:	46b9      	mov	r9, r7
10000642:	46b0      	mov	r8, r6
10000644:	bdf0      	pop	{r4, r5, r6, r7, pc}
10000646:	0030      	movs	r0, r6
10000648:	f7ff ff7c 	bl	10000544 <irq_is_enabled>
1000064c:	4681      	mov	r9, r0
1000064e:	2100      	movs	r1, #0
10000650:	0030      	movs	r0, r6
10000652:	f7ff ff93 	bl	1000057c <irq_set_enabled>
10000656:	f3bf 8f5f 	dmb	sy
1000065a:	f3ef 8105 	mrs	r1, IPSR
1000065e:	2900      	cmp	r1, #0
10000660:	d001      	beq.n	10000666 <irq_remove_handler+0x76>
10000662:	428c      	cmp	r4, r1
10000664:	d111      	bne.n	1000068a <irq_remove_handler+0x9a>
10000666:	2301      	movs	r3, #1
10000668:	9c01      	ldr	r4, [sp, #4]
1000066a:	439c      	bics	r4, r3
1000066c:	2200      	movs	r2, #0
1000066e:	68a3      	ldr	r3, [r4, #8]
10000670:	42ab      	cmp	r3, r5
10000672:	d012      	beq.n	1000069a <irq_remove_handler+0xaa>
10000674:	2206      	movs	r2, #6
10000676:	56a2      	ldrsb	r2, [r4, r2]
10000678:	2a00      	cmp	r2, #0
1000067a:	db0d      	blt.n	10000698 <irq_remove_handler+0xa8>
1000067c:	0053      	lsls	r3, r2, #1
1000067e:	189b      	adds	r3, r3, r2
10000680:	009b      	lsls	r3, r3, #2
10000682:	0022      	movs	r2, r4
10000684:	4c39      	ldr	r4, [pc, #228]	; (1000076c <irq_remove_handler+0x17c>)
10000686:	18e4      	adds	r4, r4, r3
10000688:	e7f1      	b.n	1000066e <irq_remove_handler+0x7e>
1000068a:	2136      	movs	r1, #54	; 0x36
1000068c:	4b38      	ldr	r3, [pc, #224]	; (10000770 <irq_remove_handler+0x180>)
1000068e:	4a39      	ldr	r2, [pc, #228]	; (10000774 <irq_remove_handler+0x184>)
10000690:	31ff      	adds	r1, #255	; 0xff
10000692:	4839      	ldr	r0, [pc, #228]	; (10000778 <irq_remove_handler+0x188>)
10000694:	f001 fc46 	bl	10001f24 <__assert_func>
10000698:	0022      	movs	r2, r4
1000069a:	42ab      	cmp	r3, r5
1000069c:	d156      	bne.n	1000074c <irq_remove_handler+0x15c>
1000069e:	2506      	movs	r5, #6
100006a0:	5765      	ldrsb	r5, [r4, r5]
100006a2:	2d00      	cmp	r5, #0
100006a4:	db38      	blt.n	10000718 <irq_remove_handler+0x128>
100006a6:	006b      	lsls	r3, r5, #1
100006a8:	195b      	adds	r3, r3, r5
100006aa:	009a      	lsls	r2, r3, #2
100006ac:	4b2f      	ldr	r3, [pc, #188]	; (1000076c <irq_remove_handler+0x17c>)
100006ae:	189b      	adds	r3, r3, r2
100006b0:	689a      	ldr	r2, [r3, #8]
100006b2:	60a2      	str	r2, [r4, #8]
100006b4:	79da      	ldrb	r2, [r3, #7]
100006b6:	71e2      	strb	r2, [r4, #7]
100006b8:	2206      	movs	r2, #6
100006ba:	569a      	ldrsb	r2, [r3, r2]
100006bc:	71a2      	strb	r2, [r4, #6]
100006be:	799b      	ldrb	r3, [r3, #6]
100006c0:	b25b      	sxtb	r3, r3
100006c2:	2b00      	cmp	r3, #0
100006c4:	da0f      	bge.n	100006e6 <irq_remove_handler+0xf6>
100006c6:	482d      	ldr	r0, [pc, #180]	; (1000077c <irq_remove_handler+0x18c>)
100006c8:	80a0      	strh	r0, [r4, #4]
100006ca:	006b      	lsls	r3, r5, #1
100006cc:	195b      	adds	r3, r3, r5
100006ce:	009b      	lsls	r3, r3, #2
100006d0:	4a26      	ldr	r2, [pc, #152]	; (1000076c <irq_remove_handler+0x17c>)
100006d2:	18d3      	adds	r3, r2, r3
100006d4:	4a2a      	ldr	r2, [pc, #168]	; (10000780 <irq_remove_handler+0x190>)
100006d6:	7811      	ldrb	r1, [r2, #0]
100006d8:	7199      	strb	r1, [r3, #6]
100006da:	7015      	strb	r5, [r2, #0]
100006dc:	4649      	mov	r1, r9
100006de:	0030      	movs	r0, r6
100006e0:	f7ff ff4c 	bl	1000057c <irq_set_enabled>
100006e4:	e7a5      	b.n	10000632 <irq_remove_handler+0x42>
100006e6:	1d20      	adds	r0, r4, #4
100006e8:	006b      	lsls	r3, r5, #1
100006ea:	195b      	adds	r3, r3, r5
100006ec:	009b      	lsls	r3, r3, #2
100006ee:	4a1f      	ldr	r2, [pc, #124]	; (1000076c <irq_remove_handler+0x17c>)
100006f0:	189b      	adds	r3, r3, r2
100006f2:	1d1a      	adds	r2, r3, #4
100006f4:	889b      	ldrh	r3, [r3, #4]
100006f6:	0ad9      	lsrs	r1, r3, #11
100006f8:	291c      	cmp	r1, #28
100006fa:	d107      	bne.n	1000070c <irq_remove_handler+0x11c>
100006fc:	055b      	lsls	r3, r3, #21
100006fe:	155b      	asrs	r3, r3, #21
10000700:	3302      	adds	r3, #2
10000702:	0059      	lsls	r1, r3, #1
10000704:	1851      	adds	r1, r2, r1
10000706:	f7ff fed9 	bl	100004bc <make_branch>
1000070a:	e7dd      	b.n	100006c8 <irq_remove_handler+0xd8>
1000070c:	4b1d      	ldr	r3, [pc, #116]	; (10000784 <irq_remove_handler+0x194>)
1000070e:	4a1e      	ldr	r2, [pc, #120]	; (10000788 <irq_remove_handler+0x198>)
10000710:	21b1      	movs	r1, #177	; 0xb1
10000712:	4819      	ldr	r0, [pc, #100]	; (10000778 <irq_remove_handler+0x188>)
10000714:	f001 fc06 	bl	10001f24 <__assert_func>
10000718:	2900      	cmp	r1, #0
1000071a:	d112      	bne.n	10000742 <irq_remove_handler+0x152>
1000071c:	2a00      	cmp	r2, #0
1000071e:	d00e      	beq.n	1000073e <irq_remove_handler+0x14e>
10000720:	23ff      	movs	r3, #255	; 0xff
10000722:	7193      	strb	r3, [r2, #6]
10000724:	4b19      	ldr	r3, [pc, #100]	; (1000078c <irq_remove_handler+0x19c>)
10000726:	8093      	strh	r3, [r2, #4]
10000728:	4a15      	ldr	r2, [pc, #84]	; (10000780 <irq_remove_handler+0x190>)
1000072a:	7813      	ldrb	r3, [r2, #0]
1000072c:	71a3      	strb	r3, [r4, #6]
1000072e:	4b18      	ldr	r3, [pc, #96]	; (10000790 <irq_remove_handler+0x1a0>)
10000730:	490e      	ldr	r1, [pc, #56]	; (1000076c <irq_remove_handler+0x17c>)
10000732:	1a64      	subs	r4, r4, r1
10000734:	4164      	adcs	r4, r4
10000736:	4363      	muls	r3, r4
10000738:	0d1b      	lsrs	r3, r3, #20
1000073a:	7013      	strb	r3, [r2, #0]
1000073c:	e7ce      	b.n	100006dc <irq_remove_handler+0xec>
1000073e:	4f0a      	ldr	r7, [pc, #40]	; (10000768 <irq_remove_handler+0x178>)
10000740:	e7f2      	b.n	10000728 <irq_remove_handler+0x138>
10000742:	1d20      	adds	r0, r4, #4
10000744:	4913      	ldr	r1, [pc, #76]	; (10000794 <irq_remove_handler+0x1a4>)
10000746:	f7ff fedd 	bl	10000504 <insert_branch_and_link>
1000074a:	e7c7      	b.n	100006dc <irq_remove_handler+0xec>
1000074c:	216a      	movs	r1, #106	; 0x6a
1000074e:	4b12      	ldr	r3, [pc, #72]	; (10000798 <irq_remove_handler+0x1a8>)
10000750:	4a08      	ldr	r2, [pc, #32]	; (10000774 <irq_remove_handler+0x184>)
10000752:	31ff      	adds	r1, #255	; 0xff
10000754:	4808      	ldr	r0, [pc, #32]	; (10000778 <irq_remove_handler+0x188>)
10000756:	f001 fbe5 	bl	10001f24 <__assert_func>
1000075a:	4f03      	ldr	r7, [pc, #12]	; (10000768 <irq_remove_handler+0x178>)
1000075c:	e769      	b.n	10000632 <irq_remove_handler+0x42>
1000075e:	46c0      	nop			; (mov r8, r8)
10000760:	d0000124 	.word	0xd0000124
10000764:	e000ed00 	.word	0xe000ed00
10000768:	100001cd 	.word	0x100001cd
1000076c:	200002a8 	.word	0x200002a8
10000770:	100042c0 	.word	0x100042c0
10000774:	1000436c 	.word	0x1000436c
10000778:	10004140 	.word	0x10004140
1000077c:	0000bd01 	.word	0x0000bd01
10000780:	2000474d 	.word	0x2000474d
10000784:	100042a8 	.word	0x100042a8
10000788:	1000438c 	.word	0x1000438c
1000078c:	ffffbd01 	.word	0xffffbd01
10000790:	0000aaaa 	.word	0x0000aaaa
10000794:	200002e2 	.word	0x200002e2
10000798:	100042f4 	.word	0x100042f4

1000079c <irq_add_tail_to_free_list>:
1000079c:	b570      	push	{r4, r5, r6, lr}
1000079e:	2101      	movs	r1, #1
100007a0:	4301      	orrs	r1, r0
100007a2:	4b2e      	ldr	r3, [pc, #184]	; (1000085c <irq_add_tail_to_free_list+0xc0>)
100007a4:	1acb      	subs	r3, r1, r3
100007a6:	2b2f      	cmp	r3, #47	; 0x2f
100007a8:	d828      	bhi.n	100007fc <irq_add_tail_to_free_list+0x60>
100007aa:	f3ef 8305 	mrs	r3, IPSR
100007ae:	2b00      	cmp	r3, #0
100007b0:	d02b      	beq.n	1000080a <irq_add_tail_to_free_list+0x6e>
100007b2:	f3ef 8c10 	mrs	ip, PRIMASK
100007b6:	b672      	cpsid	i
100007b8:	4a29      	ldr	r2, [pc, #164]	; (10000860 <irq_add_tail_to_free_list+0xc4>)
100007ba:	6812      	ldr	r2, [r2, #0]
100007bc:	2a00      	cmp	r2, #0
100007be:	d0fb      	beq.n	100007b8 <irq_add_tail_to_free_list+0x1c>
100007c0:	f3bf 8f5f 	dmb	sy
100007c4:	4a27      	ldr	r2, [pc, #156]	; (10000864 <irq_add_tail_to_free_list+0xc8>)
100007c6:	0004      	movs	r4, r0
100007c8:	4d24      	ldr	r5, [pc, #144]	; (1000085c <irq_add_tail_to_free_list+0xc0>)
100007ca:	1b64      	subs	r4, r4, r5
100007cc:	4164      	adcs	r4, r4
100007ce:	4362      	muls	r2, r4
100007d0:	0d12      	lsrs	r2, r2, #20
100007d2:	b254      	sxtb	r4, r2
100007d4:	4a24      	ldr	r2, [pc, #144]	; (10000868 <irq_add_tail_to_free_list+0xcc>)
100007d6:	6892      	ldr	r2, [r2, #8]
100007d8:	009b      	lsls	r3, r3, #2
100007da:	58d2      	ldr	r2, [r2, r3]
100007dc:	428a      	cmp	r2, r1
100007de:	d01b      	beq.n	10000818 <irq_add_tail_to_free_list+0x7c>
100007e0:	2200      	movs	r2, #0
100007e2:	2a03      	cmp	r2, #3
100007e4:	d832      	bhi.n	1000084c <irq_add_tail_to_free_list+0xb0>
100007e6:	0053      	lsls	r3, r2, #1
100007e8:	189b      	adds	r3, r3, r2
100007ea:	009b      	lsls	r3, r3, #2
100007ec:	491b      	ldr	r1, [pc, #108]	; (1000085c <irq_add_tail_to_free_list+0xc0>)
100007ee:	18cb      	adds	r3, r1, r3
100007f0:	799b      	ldrb	r3, [r3, #6]
100007f2:	b25b      	sxtb	r3, r3
100007f4:	42a3      	cmp	r3, r4
100007f6:	d01f      	beq.n	10000838 <irq_add_tail_to_free_list+0x9c>
100007f8:	3201      	adds	r2, #1
100007fa:	e7f2      	b.n	100007e2 <irq_add_tail_to_free_list+0x46>
100007fc:	21c7      	movs	r1, #199	; 0xc7
100007fe:	4b1b      	ldr	r3, [pc, #108]	; (1000086c <irq_add_tail_to_free_list+0xd0>)
10000800:	4a1b      	ldr	r2, [pc, #108]	; (10000870 <irq_add_tail_to_free_list+0xd4>)
10000802:	0049      	lsls	r1, r1, #1
10000804:	481b      	ldr	r0, [pc, #108]	; (10000874 <irq_add_tail_to_free_list+0xd8>)
10000806:	f001 fb8d 	bl	10001f24 <__assert_func>
1000080a:	2192      	movs	r1, #146	; 0x92
1000080c:	4b1a      	ldr	r3, [pc, #104]	; (10000878 <irq_add_tail_to_free_list+0xdc>)
1000080e:	4a18      	ldr	r2, [pc, #96]	; (10000870 <irq_add_tail_to_free_list+0xd4>)
10000810:	31ff      	adds	r1, #255	; 0xff
10000812:	4818      	ldr	r0, [pc, #96]	; (10000874 <irq_add_tail_to_free_list+0xd8>)
10000814:	f001 fb86 	bl	10001f24 <__assert_func>
10000818:	4a13      	ldr	r2, [pc, #76]	; (10000868 <irq_add_tail_to_free_list+0xcc>)
1000081a:	6892      	ldr	r2, [r2, #8]
1000081c:	4917      	ldr	r1, [pc, #92]	; (1000087c <irq_add_tail_to_free_list+0xe0>)
1000081e:	50d1      	str	r1, [r2, r3]
10000820:	4b17      	ldr	r3, [pc, #92]	; (10000880 <irq_add_tail_to_free_list+0xe4>)
10000822:	781a      	ldrb	r2, [r3, #0]
10000824:	7182      	strb	r2, [r0, #6]
10000826:	701c      	strb	r4, [r3, #0]
10000828:	f3bf 8f5f 	dmb	sy
1000082c:	4b0c      	ldr	r3, [pc, #48]	; (10000860 <irq_add_tail_to_free_list+0xc4>)
1000082e:	2200      	movs	r2, #0
10000830:	601a      	str	r2, [r3, #0]
10000832:	f38c 8810 	msr	PRIMASK, ip
10000836:	bd70      	pop	{r4, r5, r6, pc}
10000838:	000d      	movs	r5, r1
1000083a:	0053      	lsls	r3, r2, #1
1000083c:	1899      	adds	r1, r3, r2
1000083e:	0089      	lsls	r1, r1, #2
10000840:	1869      	adds	r1, r5, r1
10000842:	26ff      	movs	r6, #255	; 0xff
10000844:	718e      	strb	r6, [r1, #6]
10000846:	4a0f      	ldr	r2, [pc, #60]	; (10000884 <irq_add_tail_to_free_list+0xe8>)
10000848:	808a      	strh	r2, [r1, #4]
1000084a:	e7e9      	b.n	10000820 <irq_add_tail_to_free_list+0x84>
1000084c:	21d1      	movs	r1, #209	; 0xd1
1000084e:	4b0e      	ldr	r3, [pc, #56]	; (10000888 <irq_add_tail_to_free_list+0xec>)
10000850:	4a07      	ldr	r2, [pc, #28]	; (10000870 <irq_add_tail_to_free_list+0xd4>)
10000852:	0049      	lsls	r1, r1, #1
10000854:	4807      	ldr	r0, [pc, #28]	; (10000874 <irq_add_tail_to_free_list+0xd8>)
10000856:	f001 fb65 	bl	10001f24 <__assert_func>
1000085a:	46c0      	nop			; (mov r8, r8)
1000085c:	200002a8 	.word	0x200002a8
10000860:	d0000124 	.word	0xd0000124
10000864:	0000aaaa 	.word	0x0000aaaa
10000868:	e000ed00 	.word	0xe000ed00
1000086c:	100042fc 	.word	0x100042fc
10000870:	10004338 	.word	0x10004338
10000874:	10004140 	.word	0x10004140
10000878:	10004324 	.word	0x10004324
1000087c:	100001cd 	.word	0x100001cd
10000880:	2000474d 	.word	0x2000474d
10000884:	ffffbd01 	.word	0xffffbd01
10000888:	10004330 	.word	0x10004330

1000088c <irq_init_priorities>:
1000088c:	2200      	movs	r2, #0
1000088e:	4b04      	ldr	r3, [pc, #16]	; (100008a0 <irq_init_priorities+0x14>)
10000890:	e002      	b.n	10000898 <irq_init_priorities+0xc>
10000892:	4904      	ldr	r1, [pc, #16]	; (100008a4 <irq_init_priorities+0x18>)
10000894:	c302      	stmia	r3!, {r1}
10000896:	3201      	adds	r2, #1
10000898:	2a07      	cmp	r2, #7
1000089a:	d9fa      	bls.n	10000892 <irq_init_priorities+0x6>
1000089c:	4770      	bx	lr
1000089e:	46c0      	nop			; (mov r8, r8)
100008a0:	e000e400 	.word	0xe000e400
100008a4:	80808080 	.word	0x80808080

100008a8 <lock_init>:
100008a8:	4b02      	ldr	r3, [pc, #8]	; (100008b4 <lock_init+0xc>)
100008aa:	469c      	mov	ip, r3
100008ac:	4461      	add	r1, ip
100008ae:	0089      	lsls	r1, r1, #2
100008b0:	6001      	str	r1, [r0, #0]
100008b2:	4770      	bx	lr
100008b4:	34000040 	.word	0x34000040

100008b8 <mutex_init>:
100008b8:	b510      	push	{r4, lr}
100008ba:	0004      	movs	r4, r0
100008bc:	f7ff fddc 	bl	10000478 <next_striped_spin_lock_num>
100008c0:	0001      	movs	r1, r0
100008c2:	0020      	movs	r0, r4
100008c4:	f7ff fff0 	bl	100008a8 <lock_init>
100008c8:	23ff      	movs	r3, #255	; 0xff
100008ca:	7123      	strb	r3, [r4, #4]
100008cc:	f3bf 8f5f 	dmb	sy
100008d0:	bd10      	pop	{r4, pc}

100008d2 <recursive_mutex_init>:
100008d2:	b510      	push	{r4, lr}
100008d4:	0004      	movs	r4, r0
100008d6:	f7ff fdcf 	bl	10000478 <next_striped_spin_lock_num>
100008da:	0001      	movs	r1, r0
100008dc:	0020      	movs	r0, r4
100008de:	f7ff ffe3 	bl	100008a8 <lock_init>
100008e2:	23ff      	movs	r3, #255	; 0xff
100008e4:	7123      	strb	r3, [r4, #4]
100008e6:	2300      	movs	r3, #0
100008e8:	7163      	strb	r3, [r4, #5]
100008ea:	f3bf 8f5f 	dmb	sy
100008ee:	bd10      	pop	{r4, pc}

100008f0 <alarm_pool_post_alloc_init>:
100008f0:	b570      	push	{r4, r5, r6, lr}
100008f2:	0005      	movs	r5, r0
100008f4:	000c      	movs	r4, r1
100008f6:	0008      	movs	r0, r1
100008f8:	f000 fe4a 	bl	10001590 <hardware_alarm_cancel>
100008fc:	4909      	ldr	r1, [pc, #36]	; (10000924 <alarm_pool_post_alloc_init+0x34>)
100008fe:	0020      	movs	r0, r4
10000900:	f000 fd8a 	bl	10001418 <hardware_alarm_set_callback>
10000904:	f7ff fdb8 	bl	10000478 <next_striped_spin_lock_num>
10000908:	4b07      	ldr	r3, [pc, #28]	; (10000928 <alarm_pool_post_alloc_init+0x38>)
1000090a:	469c      	mov	ip, r3
1000090c:	4460      	add	r0, ip
1000090e:	0080      	lsls	r0, r0, #2
10000910:	6068      	str	r0, [r5, #4]
10000912:	752c      	strb	r4, [r5, #20]
10000914:	23d0      	movs	r3, #208	; 0xd0
10000916:	061b      	lsls	r3, r3, #24
10000918:	781b      	ldrb	r3, [r3, #0]
1000091a:	756b      	strb	r3, [r5, #21]
1000091c:	00a4      	lsls	r4, r4, #2
1000091e:	4b03      	ldr	r3, [pc, #12]	; (1000092c <alarm_pool_post_alloc_init+0x3c>)
10000920:	50e5      	str	r5, [r4, r3]
10000922:	bd70      	pop	{r4, r5, r6, pc}
10000924:	10000c35 	.word	0x10000c35
10000928:	34000040 	.word	0x34000040
1000092c:	2000051c 	.word	0x2000051c

10000930 <sleep_until_callback>:
10000930:	4b0a      	ldr	r3, [pc, #40]	; (1000095c <sleep_until_callback+0x2c>)
10000932:	681a      	ldr	r2, [r3, #0]
10000934:	f3ef 8110 	mrs	r1, PRIMASK
10000938:	b672      	cpsid	i
1000093a:	6813      	ldr	r3, [r2, #0]
1000093c:	2b00      	cmp	r3, #0
1000093e:	d0fc      	beq.n	1000093a <sleep_until_callback+0xa>
10000940:	f3bf 8f5f 	dmb	sy
10000944:	4b05      	ldr	r3, [pc, #20]	; (1000095c <sleep_until_callback+0x2c>)
10000946:	681b      	ldr	r3, [r3, #0]
10000948:	f3bf 8f5f 	dmb	sy
1000094c:	2200      	movs	r2, #0
1000094e:	601a      	str	r2, [r3, #0]
10000950:	f381 8810 	msr	PRIMASK, r1
10000954:	bf40      	sev
10000956:	2000      	movs	r0, #0
10000958:	2100      	movs	r1, #0
1000095a:	4770      	bx	lr
1000095c:	20004730 	.word	0x20004730

10000960 <timer_pool_entry_comparator>:
10000960:	b510      	push	{r4, lr}
10000962:	2900      	cmp	r1, #0
10000964:	d022      	beq.n	100009ac <timer_pool_entry_comparator+0x4c>
10000966:	6803      	ldr	r3, [r0, #0]
10000968:	7b1b      	ldrb	r3, [r3, #12]
1000096a:	4299      	cmp	r1, r3
1000096c:	d81e      	bhi.n	100009ac <timer_pool_entry_comparator+0x4c>
1000096e:	4b17      	ldr	r3, [pc, #92]	; (100009cc <timer_pool_entry_comparator+0x6c>)
10000970:	469c      	mov	ip, r3
10000972:	4461      	add	r1, ip
10000974:	0109      	lsls	r1, r1, #4
10000976:	6883      	ldr	r3, [r0, #8]
10000978:	469c      	mov	ip, r3
1000097a:	4461      	add	r1, ip
1000097c:	680c      	ldr	r4, [r1, #0]
1000097e:	6849      	ldr	r1, [r1, #4]
10000980:	2a00      	cmp	r2, #0
10000982:	d019      	beq.n	100009b8 <timer_pool_entry_comparator+0x58>
10000984:	6803      	ldr	r3, [r0, #0]
10000986:	7b1b      	ldrb	r3, [r3, #12]
10000988:	429a      	cmp	r2, r3
1000098a:	d815      	bhi.n	100009b8 <timer_pool_entry_comparator+0x58>
1000098c:	6883      	ldr	r3, [r0, #8]
1000098e:	480f      	ldr	r0, [pc, #60]	; (100009cc <timer_pool_entry_comparator+0x6c>)
10000990:	4684      	mov	ip, r0
10000992:	4462      	add	r2, ip
10000994:	0112      	lsls	r2, r2, #4
10000996:	189a      	adds	r2, r3, r2
10000998:	6810      	ldr	r0, [r2, #0]
1000099a:	6853      	ldr	r3, [r2, #4]
1000099c:	0002      	movs	r2, r0
1000099e:	2001      	movs	r0, #1
100009a0:	428b      	cmp	r3, r1
100009a2:	d801      	bhi.n	100009a8 <timer_pool_entry_comparator+0x48>
100009a4:	d00e      	beq.n	100009c4 <timer_pool_entry_comparator+0x64>
100009a6:	2000      	movs	r0, #0
100009a8:	b2c0      	uxtb	r0, r0
100009aa:	bd10      	pop	{r4, pc}
100009ac:	4b08      	ldr	r3, [pc, #32]	; (100009d0 <timer_pool_entry_comparator+0x70>)
100009ae:	4a09      	ldr	r2, [pc, #36]	; (100009d4 <timer_pool_entry_comparator+0x74>)
100009b0:	213c      	movs	r1, #60	; 0x3c
100009b2:	4809      	ldr	r0, [pc, #36]	; (100009d8 <timer_pool_entry_comparator+0x78>)
100009b4:	f001 fab6 	bl	10001f24 <__assert_func>
100009b8:	4b05      	ldr	r3, [pc, #20]	; (100009d0 <timer_pool_entry_comparator+0x70>)
100009ba:	4a06      	ldr	r2, [pc, #24]	; (100009d4 <timer_pool_entry_comparator+0x74>)
100009bc:	213c      	movs	r1, #60	; 0x3c
100009be:	4806      	ldr	r0, [pc, #24]	; (100009d8 <timer_pool_entry_comparator+0x78>)
100009c0:	f001 fab0 	bl	10001f24 <__assert_func>
100009c4:	42a2      	cmp	r2, r4
100009c6:	d8ef      	bhi.n	100009a8 <timer_pool_entry_comparator+0x48>
100009c8:	e7ed      	b.n	100009a6 <timer_pool_entry_comparator+0x46>
100009ca:	46c0      	nop			; (mov r8, r8)
100009cc:	0fffffff 	.word	0x0fffffff
100009d0:	1000456c 	.word	0x1000456c
100009d4:	1000479c 	.word	0x1000479c
100009d8:	10004518 	.word	0x10004518

100009dc <ph_add_child_node>:
100009dc:	b510      	push	{r4, lr}
100009de:	2900      	cmp	r1, #0
100009e0:	d01e      	beq.n	10000a20 <ph_add_child_node+0x44>
100009e2:	7b03      	ldrb	r3, [r0, #12]
100009e4:	4299      	cmp	r1, r3
100009e6:	d81b      	bhi.n	10000a20 <ph_add_child_node+0x44>
100009e8:	004b      	lsls	r3, r1, #1
100009ea:	185b      	adds	r3, r3, r1
100009ec:	3b03      	subs	r3, #3
100009ee:	6804      	ldr	r4, [r0, #0]
100009f0:	46a4      	mov	ip, r4
100009f2:	4463      	add	r3, ip
100009f4:	2900      	cmp	r1, #0
100009f6:	d019      	beq.n	10000a2c <ph_add_child_node+0x50>
100009f8:	2a00      	cmp	r2, #0
100009fa:	d01d      	beq.n	10000a38 <ph_add_child_node+0x5c>
100009fc:	4291      	cmp	r1, r2
100009fe:	d021      	beq.n	10000a44 <ph_add_child_node+0x68>
10000a00:	2a00      	cmp	r2, #0
10000a02:	d025      	beq.n	10000a50 <ph_add_child_node+0x74>
10000a04:	7b04      	ldrb	r4, [r0, #12]
10000a06:	42a2      	cmp	r2, r4
10000a08:	d822      	bhi.n	10000a50 <ph_add_child_node+0x74>
10000a0a:	6804      	ldr	r4, [r0, #0]
10000a0c:	0050      	lsls	r0, r2, #1
10000a0e:	1880      	adds	r0, r0, r2
10000a10:	3803      	subs	r0, #3
10000a12:	1820      	adds	r0, r4, r0
10000a14:	7081      	strb	r1, [r0, #2]
10000a16:	7819      	ldrb	r1, [r3, #0]
10000a18:	2900      	cmp	r1, #0
10000a1a:	d11f      	bne.n	10000a5c <ph_add_child_node+0x80>
10000a1c:	701a      	strb	r2, [r3, #0]
10000a1e:	bd10      	pop	{r4, pc}
10000a20:	4b10      	ldr	r3, [pc, #64]	; (10000a64 <ph_add_child_node+0x88>)
10000a22:	4a11      	ldr	r2, [pc, #68]	; (10000a68 <ph_add_child_node+0x8c>)
10000a24:	2168      	movs	r1, #104	; 0x68
10000a26:	4811      	ldr	r0, [pc, #68]	; (10000a6c <ph_add_child_node+0x90>)
10000a28:	f001 fa7c 	bl	10001f24 <__assert_func>
10000a2c:	4b10      	ldr	r3, [pc, #64]	; (10000a70 <ph_add_child_node+0x94>)
10000a2e:	4a11      	ldr	r2, [pc, #68]	; (10000a74 <ph_add_child_node+0x98>)
10000a30:	316f      	adds	r1, #111	; 0x6f
10000a32:	480e      	ldr	r0, [pc, #56]	; (10000a6c <ph_add_child_node+0x90>)
10000a34:	f001 fa76 	bl	10001f24 <__assert_func>
10000a38:	4b0f      	ldr	r3, [pc, #60]	; (10000a78 <ph_add_child_node+0x9c>)
10000a3a:	4a0e      	ldr	r2, [pc, #56]	; (10000a74 <ph_add_child_node+0x98>)
10000a3c:	2170      	movs	r1, #112	; 0x70
10000a3e:	480b      	ldr	r0, [pc, #44]	; (10000a6c <ph_add_child_node+0x90>)
10000a40:	f001 fa70 	bl	10001f24 <__assert_func>
10000a44:	4b0d      	ldr	r3, [pc, #52]	; (10000a7c <ph_add_child_node+0xa0>)
10000a46:	4a0b      	ldr	r2, [pc, #44]	; (10000a74 <ph_add_child_node+0x98>)
10000a48:	2171      	movs	r1, #113	; 0x71
10000a4a:	4808      	ldr	r0, [pc, #32]	; (10000a6c <ph_add_child_node+0x90>)
10000a4c:	f001 fa6a 	bl	10001f24 <__assert_func>
10000a50:	4b04      	ldr	r3, [pc, #16]	; (10000a64 <ph_add_child_node+0x88>)
10000a52:	4a05      	ldr	r2, [pc, #20]	; (10000a68 <ph_add_child_node+0x8c>)
10000a54:	2168      	movs	r1, #104	; 0x68
10000a56:	4805      	ldr	r0, [pc, #20]	; (10000a6c <ph_add_child_node+0x90>)
10000a58:	f001 fa64 	bl	10001f24 <__assert_func>
10000a5c:	7041      	strb	r1, [r0, #1]
10000a5e:	701a      	strb	r2, [r3, #0]
10000a60:	e7dd      	b.n	10000a1e <ph_add_child_node+0x42>
10000a62:	46c0      	nop			; (mov r8, r8)
10000a64:	10004590 	.word	0x10004590
10000a68:	10004808 	.word	0x10004808
10000a6c:	100045ac 	.word	0x100045ac
10000a70:	10004614 	.word	0x10004614
10000a74:	100047e4 	.word	0x100047e4
10000a78:	10004620 	.word	0x10004620
10000a7c:	1000462c 	.word	0x1000462c

10000a80 <ph_merge_nodes>:
10000a80:	b570      	push	{r4, r5, r6, lr}
10000a82:	0006      	movs	r6, r0
10000a84:	000d      	movs	r5, r1
10000a86:	0014      	movs	r4, r2
10000a88:	2900      	cmp	r1, #0
10000a8a:	d014      	beq.n	10000ab6 <ph_merge_nodes+0x36>
10000a8c:	2a00      	cmp	r2, #0
10000a8e:	d014      	beq.n	10000aba <ph_merge_nodes+0x3a>
10000a90:	6880      	ldr	r0, [r0, #8]
10000a92:	6873      	ldr	r3, [r6, #4]
10000a94:	4798      	blx	r3
10000a96:	2800      	cmp	r0, #0
10000a98:	d006      	beq.n	10000aa8 <ph_merge_nodes+0x28>
10000a9a:	0022      	movs	r2, r4
10000a9c:	0029      	movs	r1, r5
10000a9e:	0030      	movs	r0, r6
10000aa0:	f7ff ff9c 	bl	100009dc <ph_add_child_node>
10000aa4:	0028      	movs	r0, r5
10000aa6:	e007      	b.n	10000ab8 <ph_merge_nodes+0x38>
10000aa8:	002a      	movs	r2, r5
10000aaa:	0021      	movs	r1, r4
10000aac:	0030      	movs	r0, r6
10000aae:	f7ff ff95 	bl	100009dc <ph_add_child_node>
10000ab2:	0020      	movs	r0, r4
10000ab4:	e000      	b.n	10000ab8 <ph_merge_nodes+0x38>
10000ab6:	0010      	movs	r0, r2
10000ab8:	bd70      	pop	{r4, r5, r6, pc}
10000aba:	0008      	movs	r0, r1
10000abc:	e7fc      	b.n	10000ab8 <ph_merge_nodes+0x38>
	...

10000ac0 <add_alarm_under_lock>:
10000ac0:	b5f0      	push	{r4, r5, r6, r7, lr}
10000ac2:	b083      	sub	sp, #12
10000ac4:	0005      	movs	r5, r0
10000ac6:	9200      	str	r2, [sp, #0]
10000ac8:	9301      	str	r3, [sp, #4]
10000aca:	ab0a      	add	r3, sp, #40	; 0x28
10000acc:	781c      	ldrb	r4, [r3, #0]
10000ace:	ab0b      	add	r3, sp, #44	; 0x2c
10000ad0:	781f      	ldrb	r7, [r3, #0]
10000ad2:	2c00      	cmp	r4, #0
10000ad4:	d026      	beq.n	10000b24 <add_alarm_under_lock+0x64>
10000ad6:	6803      	ldr	r3, [r0, #0]
10000ad8:	7b5a      	ldrb	r2, [r3, #13]
10000ada:	4294      	cmp	r4, r2
10000adc:	d107      	bne.n	10000aee <add_alarm_under_lock+0x2e>
10000ade:	2301      	movs	r3, #1
10000ae0:	2b00      	cmp	r3, #0
10000ae2:	d119      	bne.n	10000b18 <add_alarm_under_lock+0x58>
10000ae4:	2c00      	cmp	r4, #0
10000ae6:	d13b      	bne.n	10000b60 <add_alarm_under_lock+0xa0>
10000ae8:	0020      	movs	r0, r4
10000aea:	b003      	add	sp, #12
10000aec:	bdf0      	pop	{r4, r5, r6, r7, pc}
10000aee:	2c00      	cmp	r4, #0
10000af0:	d00c      	beq.n	10000b0c <add_alarm_under_lock+0x4c>
10000af2:	7b1a      	ldrb	r2, [r3, #12]
10000af4:	4294      	cmp	r4, r2
10000af6:	d809      	bhi.n	10000b0c <add_alarm_under_lock+0x4c>
10000af8:	681a      	ldr	r2, [r3, #0]
10000afa:	0063      	lsls	r3, r4, #1
10000afc:	191b      	adds	r3, r3, r4
10000afe:	3b03      	subs	r3, #3
10000b00:	18d3      	adds	r3, r2, r3
10000b02:	789b      	ldrb	r3, [r3, #2]
10000b04:	2b00      	cmp	r3, #0
10000b06:	d0eb      	beq.n	10000ae0 <add_alarm_under_lock+0x20>
10000b08:	2301      	movs	r3, #1
10000b0a:	e7e9      	b.n	10000ae0 <add_alarm_under_lock+0x20>
10000b0c:	4b3e      	ldr	r3, [pc, #248]	; (10000c08 <add_alarm_under_lock+0x148>)
10000b0e:	4a3f      	ldr	r2, [pc, #252]	; (10000c0c <add_alarm_under_lock+0x14c>)
10000b10:	2168      	movs	r1, #104	; 0x68
10000b12:	483f      	ldr	r0, [pc, #252]	; (10000c10 <add_alarm_under_lock+0x150>)
10000b14:	f001 fa06 	bl	10001f24 <__assert_func>
10000b18:	4b3e      	ldr	r3, [pc, #248]	; (10000c14 <add_alarm_under_lock+0x154>)
10000b1a:	4a3f      	ldr	r2, [pc, #252]	; (10000c18 <add_alarm_under_lock+0x158>)
10000b1c:	2167      	movs	r1, #103	; 0x67
10000b1e:	483f      	ldr	r0, [pc, #252]	; (10000c1c <add_alarm_under_lock+0x15c>)
10000b20:	f001 fa00 	bl	10001f24 <__assert_func>
10000b24:	6803      	ldr	r3, [r0, #0]
10000b26:	7b9c      	ldrb	r4, [r3, #14]
10000b28:	2c00      	cmp	r4, #0
10000b2a:	d0db      	beq.n	10000ae4 <add_alarm_under_lock+0x24>
10000b2c:	d012      	beq.n	10000b54 <add_alarm_under_lock+0x94>
10000b2e:	7b1a      	ldrb	r2, [r3, #12]
10000b30:	4294      	cmp	r4, r2
10000b32:	d80f      	bhi.n	10000b54 <add_alarm_under_lock+0x94>
10000b34:	0062      	lsls	r2, r4, #1
10000b36:	1912      	adds	r2, r2, r4
10000b38:	3a03      	subs	r2, #3
10000b3a:	6819      	ldr	r1, [r3, #0]
10000b3c:	468c      	mov	ip, r1
10000b3e:	4462      	add	r2, ip
10000b40:	7851      	ldrb	r1, [r2, #1]
10000b42:	7399      	strb	r1, [r3, #14]
10000b44:	2900      	cmp	r1, #0
10000b46:	d100      	bne.n	10000b4a <add_alarm_under_lock+0x8a>
10000b48:	73d9      	strb	r1, [r3, #15]
10000b4a:	2300      	movs	r3, #0
10000b4c:	7093      	strb	r3, [r2, #2]
10000b4e:	7053      	strb	r3, [r2, #1]
10000b50:	7013      	strb	r3, [r2, #0]
10000b52:	e7c7      	b.n	10000ae4 <add_alarm_under_lock+0x24>
10000b54:	4b2c      	ldr	r3, [pc, #176]	; (10000c08 <add_alarm_under_lock+0x148>)
10000b56:	4a2d      	ldr	r2, [pc, #180]	; (10000c0c <add_alarm_under_lock+0x14c>)
10000b58:	2168      	movs	r1, #104	; 0x68
10000b5a:	482d      	ldr	r0, [pc, #180]	; (10000c10 <add_alarm_under_lock+0x150>)
10000b5c:	f001 f9e2 	bl	10001f24 <__assert_func>
10000b60:	2c00      	cmp	r4, #0
10000b62:	d03a      	beq.n	10000bda <add_alarm_under_lock+0x11a>
10000b64:	682b      	ldr	r3, [r5, #0]
10000b66:	7b1b      	ldrb	r3, [r3, #12]
10000b68:	429c      	cmp	r4, r3
10000b6a:	d836      	bhi.n	10000bda <add_alarm_under_lock+0x11a>
10000b6c:	4b2c      	ldr	r3, [pc, #176]	; (10000c20 <add_alarm_under_lock+0x160>)
10000b6e:	18e3      	adds	r3, r4, r3
10000b70:	011b      	lsls	r3, r3, #4
10000b72:	68aa      	ldr	r2, [r5, #8]
10000b74:	4694      	mov	ip, r2
10000b76:	4463      	add	r3, ip
10000b78:	9a00      	ldr	r2, [sp, #0]
10000b7a:	601a      	str	r2, [r3, #0]
10000b7c:	9a01      	ldr	r2, [sp, #4]
10000b7e:	605a      	str	r2, [r3, #4]
10000b80:	9a08      	ldr	r2, [sp, #32]
10000b82:	609a      	str	r2, [r3, #8]
10000b84:	9a09      	ldr	r2, [sp, #36]	; 0x24
10000b86:	60da      	str	r2, [r3, #12]
10000b88:	682e      	ldr	r6, [r5, #0]
10000b8a:	2c00      	cmp	r4, #0
10000b8c:	d02b      	beq.n	10000be6 <add_alarm_under_lock+0x126>
10000b8e:	d030      	beq.n	10000bf2 <add_alarm_under_lock+0x132>
10000b90:	7b33      	ldrb	r3, [r6, #12]
10000b92:	429c      	cmp	r4, r3
10000b94:	d82d      	bhi.n	10000bf2 <add_alarm_under_lock+0x132>
10000b96:	0063      	lsls	r3, r4, #1
10000b98:	191b      	adds	r3, r3, r4
10000b9a:	3b03      	subs	r3, #3
10000b9c:	6832      	ldr	r2, [r6, #0]
10000b9e:	4694      	mov	ip, r2
10000ba0:	4463      	add	r3, ip
10000ba2:	2200      	movs	r2, #0
10000ba4:	709a      	strb	r2, [r3, #2]
10000ba6:	705a      	strb	r2, [r3, #1]
10000ba8:	701a      	strb	r2, [r3, #0]
10000baa:	7b71      	ldrb	r1, [r6, #13]
10000bac:	0022      	movs	r2, r4
10000bae:	0030      	movs	r0, r6
10000bb0:	f7ff ff66 	bl	10000a80 <ph_merge_nodes>
10000bb4:	7370      	strb	r0, [r6, #13]
10000bb6:	4284      	cmp	r4, r0
10000bb8:	d000      	beq.n	10000bbc <add_alarm_under_lock+0xfc>
10000bba:	e795      	b.n	10000ae8 <add_alarm_under_lock+0x28>
10000bbc:	7d28      	ldrb	r0, [r5, #20]
10000bbe:	9a00      	ldr	r2, [sp, #0]
10000bc0:	9b01      	ldr	r3, [sp, #4]
10000bc2:	f000 fc71 	bl	100014a8 <hardware_alarm_set_target>
10000bc6:	1e06      	subs	r6, r0, #0
10000bc8:	d001      	beq.n	10000bce <add_alarm_under_lock+0x10e>
10000bca:	2f00      	cmp	r7, #0
10000bcc:	d017      	beq.n	10000bfe <add_alarm_under_lock+0x13e>
10000bce:	9b0c      	ldr	r3, [sp, #48]	; 0x30
10000bd0:	2b00      	cmp	r3, #0
10000bd2:	d100      	bne.n	10000bd6 <add_alarm_under_lock+0x116>
10000bd4:	e788      	b.n	10000ae8 <add_alarm_under_lock+0x28>
10000bd6:	701e      	strb	r6, [r3, #0]
10000bd8:	e786      	b.n	10000ae8 <add_alarm_under_lock+0x28>
10000bda:	4b12      	ldr	r3, [pc, #72]	; (10000c24 <add_alarm_under_lock+0x164>)
10000bdc:	4a12      	ldr	r2, [pc, #72]	; (10000c28 <add_alarm_under_lock+0x168>)
10000bde:	213c      	movs	r1, #60	; 0x3c
10000be0:	480e      	ldr	r0, [pc, #56]	; (10000c1c <add_alarm_under_lock+0x15c>)
10000be2:	f001 f99f 	bl	10001f24 <__assert_func>
10000be6:	4b11      	ldr	r3, [pc, #68]	; (10000c2c <add_alarm_under_lock+0x16c>)
10000be8:	4a11      	ldr	r2, [pc, #68]	; (10000c30 <add_alarm_under_lock+0x170>)
10000bea:	21a5      	movs	r1, #165	; 0xa5
10000bec:	4808      	ldr	r0, [pc, #32]	; (10000c10 <add_alarm_under_lock+0x150>)
10000bee:	f001 f999 	bl	10001f24 <__assert_func>
10000bf2:	4b05      	ldr	r3, [pc, #20]	; (10000c08 <add_alarm_under_lock+0x148>)
10000bf4:	4a05      	ldr	r2, [pc, #20]	; (10000c0c <add_alarm_under_lock+0x14c>)
10000bf6:	2168      	movs	r1, #104	; 0x68
10000bf8:	4805      	ldr	r0, [pc, #20]	; (10000c10 <add_alarm_under_lock+0x150>)
10000bfa:	f001 f993 	bl	10001f24 <__assert_func>
10000bfe:	6828      	ldr	r0, [r5, #0]
10000c00:	0021      	movs	r1, r4
10000c02:	f000 fe89 	bl	10001918 <ph_remove_and_free_node>
10000c06:	e7e2      	b.n	10000bce <add_alarm_under_lock+0x10e>
10000c08:	10004590 	.word	0x10004590
10000c0c:	10004808 	.word	0x10004808
10000c10:	100045ac 	.word	0x100045ac
10000c14:	10004644 	.word	0x10004644
10000c18:	10004814 	.word	0x10004814
10000c1c:	10004518 	.word	0x10004518
10000c20:	0fffffff 	.word	0x0fffffff
10000c24:	1000456c 	.word	0x1000456c
10000c28:	1000479c 	.word	0x1000479c
10000c2c:	10004514 	.word	0x10004514
10000c30:	100047f8 	.word	0x100047f8

10000c34 <alarm_pool_alarm_callback>:
10000c34:	b5f0      	push	{r4, r5, r6, r7, lr}
10000c36:	46de      	mov	lr, fp
10000c38:	4657      	mov	r7, sl
10000c3a:	464e      	mov	r6, r9
10000c3c:	4645      	mov	r5, r8
10000c3e:	b5e0      	push	{r5, r6, r7, lr}
10000c40:	b08b      	sub	sp, #44	; 0x2c
10000c42:	9009      	str	r0, [sp, #36]	; 0x24
10000c44:	2300      	movs	r3, #0
10000c46:	9308      	str	r3, [sp, #32]
10000c48:	0082      	lsls	r2, r0, #2
10000c4a:	4bb5      	ldr	r3, [pc, #724]	; (10000f20 <alarm_pool_alarm_callback+0x2ec>)
10000c4c:	58d6      	ldr	r6, [r2, r3]
10000c4e:	0037      	movs	r7, r6
10000c50:	e052      	b.n	10000cf8 <alarm_pool_alarm_callback+0xc4>
10000c52:	4bb4      	ldr	r3, [pc, #720]	; (10000f24 <alarm_pool_alarm_callback+0x2f0>)
10000c54:	4ab4      	ldr	r2, [pc, #720]	; (10000f28 <alarm_pool_alarm_callback+0x2f4>)
10000c56:	213f      	movs	r1, #63	; 0x3f
10000c58:	48b4      	ldr	r0, [pc, #720]	; (10000f2c <alarm_pool_alarm_callback+0x2f8>)
10000c5a:	f001 f963 	bl	10001f24 <__assert_func>
10000c5e:	4bb4      	ldr	r3, [pc, #720]	; (10000f30 <alarm_pool_alarm_callback+0x2fc>)
10000c60:	4ab4      	ldr	r2, [pc, #720]	; (10000f34 <alarm_pool_alarm_callback+0x300>)
10000c62:	213c      	movs	r1, #60	; 0x3c
10000c64:	48b4      	ldr	r0, [pc, #720]	; (10000f38 <alarm_pool_alarm_callback+0x304>)
10000c66:	f001 f95d 	bl	10001f24 <__assert_func>
10000c6a:	2900      	cmp	r1, #0
10000c6c:	d101      	bne.n	10000c72 <alarm_pool_alarm_callback+0x3e>
10000c6e:	2800      	cmp	r0, #0
10000c70:	d169      	bne.n	10000d46 <alarm_pool_alarm_callback+0x112>
10000c72:	2100      	movs	r1, #0
10000c74:	4640      	mov	r0, r8
10000c76:	f000 fe45 	bl	10001904 <ph_remove_head>
10000c7a:	42a0      	cmp	r0, r4
10000c7c:	d119      	bne.n	10000cb2 <alarm_pool_alarm_callback+0x7e>
10000c7e:	682a      	ldr	r2, [r5, #0]
10000c80:	686b      	ldr	r3, [r5, #4]
10000c82:	9206      	str	r2, [sp, #24]
10000c84:	9307      	str	r3, [sp, #28]
10000c86:	68ab      	ldr	r3, [r5, #8]
10000c88:	4698      	mov	r8, r3
10000c8a:	68eb      	ldr	r3, [r5, #12]
10000c8c:	469a      	mov	sl, r3
10000c8e:	4643      	mov	r3, r8
10000c90:	2b00      	cmp	r3, #0
10000c92:	d014      	beq.n	10000cbe <alarm_pool_alarm_callback+0x8a>
10000c94:	2c00      	cmp	r4, #0
10000c96:	d018      	beq.n	10000cca <alarm_pool_alarm_callback+0x96>
10000c98:	683b      	ldr	r3, [r7, #0]
10000c9a:	7b1b      	ldrb	r3, [r3, #12]
10000c9c:	429c      	cmp	r4, r3
10000c9e:	d814      	bhi.n	10000cca <alarm_pool_alarm_callback+0x96>
10000ca0:	1e63      	subs	r3, r4, #1
10000ca2:	68fa      	ldr	r2, [r7, #12]
10000ca4:	5cd3      	ldrb	r3, [r2, r3]
10000ca6:	9308      	str	r3, [sp, #32]
10000ca8:	021b      	lsls	r3, r3, #8
10000caa:	4318      	orrs	r0, r3
10000cac:	6138      	str	r0, [r7, #16]
10000cae:	2000      	movs	r0, #0
10000cb0:	e015      	b.n	10000cde <alarm_pool_alarm_callback+0xaa>
10000cb2:	4ba2      	ldr	r3, [pc, #648]	; (10000f3c <alarm_pool_alarm_callback+0x308>)
10000cb4:	4aa2      	ldr	r2, [pc, #648]	; (10000f40 <alarm_pool_alarm_callback+0x30c>)
10000cb6:	218e      	movs	r1, #142	; 0x8e
10000cb8:	489f      	ldr	r0, [pc, #636]	; (10000f38 <alarm_pool_alarm_callback+0x304>)
10000cba:	f001 f933 	bl	10001f24 <__assert_func>
10000cbe:	4ba1      	ldr	r3, [pc, #644]	; (10000f44 <alarm_pool_alarm_callback+0x310>)
10000cc0:	4a9f      	ldr	r2, [pc, #636]	; (10000f40 <alarm_pool_alarm_callback+0x30c>)
10000cc2:	2192      	movs	r1, #146	; 0x92
10000cc4:	489c      	ldr	r0, [pc, #624]	; (10000f38 <alarm_pool_alarm_callback+0x304>)
10000cc6:	f001 f92d 	bl	10001f24 <__assert_func>
10000cca:	4b99      	ldr	r3, [pc, #612]	; (10000f30 <alarm_pool_alarm_callback+0x2fc>)
10000ccc:	4a9e      	ldr	r2, [pc, #632]	; (10000f48 <alarm_pool_alarm_callback+0x314>)
10000cce:	2141      	movs	r1, #65	; 0x41
10000cd0:	4899      	ldr	r0, [pc, #612]	; (10000f38 <alarm_pool_alarm_callback+0x304>)
10000cd2:	f001 f927 	bl	10001f24 <__assert_func>
10000cd6:	2300      	movs	r3, #0
10000cd8:	469a      	mov	sl, r3
10000cda:	4698      	mov	r8, r3
10000cdc:	2000      	movs	r0, #0
10000cde:	687b      	ldr	r3, [r7, #4]
10000ce0:	f3bf 8f5f 	dmb	sy
10000ce4:	2200      	movs	r2, #0
10000ce6:	601a      	str	r2, [r3, #0]
10000ce8:	f386 8810 	msr	PRIMASK, r6
10000cec:	4643      	mov	r3, r8
10000cee:	2b00      	cmp	r3, #0
10000cf0:	d132      	bne.n	10000d58 <alarm_pool_alarm_callback+0x124>
10000cf2:	2800      	cmp	r0, #0
10000cf4:	d100      	bne.n	10000cf8 <alarm_pool_alarm_callback+0xc4>
10000cf6:	e10c      	b.n	10000f12 <alarm_pool_alarm_callback+0x2de>
10000cf8:	f000 fb4a 	bl	10001390 <time_us_64>
10000cfc:	0002      	movs	r2, r0
10000cfe:	1e0b      	subs	r3, r1, #0
10000d00:	dba7      	blt.n	10000c52 <alarm_pool_alarm_callback+0x1e>
10000d02:	2000      	movs	r0, #0
10000d04:	2100      	movs	r1, #0
10000d06:	9006      	str	r0, [sp, #24]
10000d08:	9107      	str	r1, [sp, #28]
10000d0a:	6878      	ldr	r0, [r7, #4]
10000d0c:	f3ef 8610 	mrs	r6, PRIMASK
10000d10:	b672      	cpsid	i
10000d12:	6801      	ldr	r1, [r0, #0]
10000d14:	2900      	cmp	r1, #0
10000d16:	d0fc      	beq.n	10000d12 <alarm_pool_alarm_callback+0xde>
10000d18:	f3bf 8f5f 	dmb	sy
10000d1c:	6839      	ldr	r1, [r7, #0]
10000d1e:	4688      	mov	r8, r1
10000d20:	7b4c      	ldrb	r4, [r1, #13]
10000d22:	2c00      	cmp	r4, #0
10000d24:	d0d7      	beq.n	10000cd6 <alarm_pool_alarm_callback+0xa2>
10000d26:	d09a      	beq.n	10000c5e <alarm_pool_alarm_callback+0x2a>
10000d28:	7b09      	ldrb	r1, [r1, #12]
10000d2a:	428c      	cmp	r4, r1
10000d2c:	d897      	bhi.n	10000c5e <alarm_pool_alarm_callback+0x2a>
10000d2e:	4987      	ldr	r1, [pc, #540]	; (10000f4c <alarm_pool_alarm_callback+0x318>)
10000d30:	1865      	adds	r5, r4, r1
10000d32:	012d      	lsls	r5, r5, #4
10000d34:	68b9      	ldr	r1, [r7, #8]
10000d36:	468c      	mov	ip, r1
10000d38:	4465      	add	r5, ip
10000d3a:	6828      	ldr	r0, [r5, #0]
10000d3c:	6869      	ldr	r1, [r5, #4]
10000d3e:	1a80      	subs	r0, r0, r2
10000d40:	4199      	sbcs	r1, r3
10000d42:	2900      	cmp	r1, #0
10000d44:	dd91      	ble.n	10000c6a <alarm_pool_alarm_callback+0x36>
10000d46:	682a      	ldr	r2, [r5, #0]
10000d48:	686b      	ldr	r3, [r5, #4]
10000d4a:	9809      	ldr	r0, [sp, #36]	; 0x24
10000d4c:	f000 fbac 	bl	100014a8 <hardware_alarm_set_target>
10000d50:	2300      	movs	r3, #0
10000d52:	469a      	mov	sl, r3
10000d54:	4698      	mov	r8, r3
10000d56:	e7c2      	b.n	10000cde <alarm_pool_alarm_callback+0xaa>
10000d58:	9b08      	ldr	r3, [sp, #32]
10000d5a:	021b      	lsls	r3, r3, #8
10000d5c:	4323      	orrs	r3, r4
10000d5e:	4699      	mov	r9, r3
10000d60:	4651      	mov	r1, sl
10000d62:	0018      	movs	r0, r3
10000d64:	47c0      	blx	r8
10000d66:	0005      	movs	r5, r0
10000d68:	000e      	movs	r6, r1
10000d6a:	687a      	ldr	r2, [r7, #4]
10000d6c:	f3ef 8b10 	mrs	fp, PRIMASK
10000d70:	b672      	cpsid	i
10000d72:	6813      	ldr	r3, [r2, #0]
10000d74:	4259      	negs	r1, r3
10000d76:	414b      	adcs	r3, r1
10000d78:	b2d9      	uxtb	r1, r3
10000d7a:	2b00      	cmp	r3, #0
10000d7c:	d1f9      	bne.n	10000d72 <alarm_pool_alarm_callback+0x13e>
10000d7e:	f3bf 8f5f 	dmb	sy
10000d82:	2e00      	cmp	r6, #0
10000d84:	db1e      	blt.n	10000dc4 <alarm_pool_alarm_callback+0x190>
10000d86:	2e00      	cmp	r6, #0
10000d88:	dd46      	ble.n	10000e18 <alarm_pool_alarm_callback+0x1e4>
10000d8a:	693b      	ldr	r3, [r7, #16]
10000d8c:	2b00      	cmp	r3, #0
10000d8e:	d047      	beq.n	10000e20 <alarm_pool_alarm_callback+0x1ec>
10000d90:	454b      	cmp	r3, r9
10000d92:	d16d      	bne.n	10000e70 <alarm_pool_alarm_callback+0x23c>
10000d94:	f000 fafc 	bl	10001390 <time_us_64>
10000d98:	0002      	movs	r2, r0
10000d9a:	1e0b      	subs	r3, r1, #0
10000d9c:	db6e      	blt.n	10000e7c <alarm_pool_alarm_callback+0x248>
10000d9e:	1952      	adds	r2, r2, r5
10000da0:	4173      	adcs	r3, r6
10000da2:	2b00      	cmp	r3, #0
10000da4:	db70      	blt.n	10000e88 <alarm_pool_alarm_callback+0x254>
10000da6:	2b00      	cmp	r3, #0
10000da8:	db72      	blt.n	10000e90 <alarm_pool_alarm_callback+0x25c>
10000daa:	2100      	movs	r1, #0
10000dac:	9104      	str	r1, [sp, #16]
10000dae:	3101      	adds	r1, #1
10000db0:	9103      	str	r1, [sp, #12]
10000db2:	9402      	str	r4, [sp, #8]
10000db4:	4651      	mov	r1, sl
10000db6:	9101      	str	r1, [sp, #4]
10000db8:	4641      	mov	r1, r8
10000dba:	9100      	str	r1, [sp, #0]
10000dbc:	0038      	movs	r0, r7
10000dbe:	f7ff fe7f 	bl	10000ac0 <add_alarm_under_lock>
10000dc2:	e04c      	b.n	10000e5e <alarm_pool_alarm_callback+0x22a>
10000dc4:	693b      	ldr	r3, [r7, #16]
10000dc6:	2b00      	cmp	r3, #0
10000dc8:	d0dd      	beq.n	10000d86 <alarm_pool_alarm_callback+0x152>
10000dca:	454b      	cmp	r3, r9
10000dcc:	d114      	bne.n	10000df8 <alarm_pool_alarm_callback+0x1c4>
10000dce:	9a06      	ldr	r2, [sp, #24]
10000dd0:	9b07      	ldr	r3, [sp, #28]
10000dd2:	1b52      	subs	r2, r2, r5
10000dd4:	41b3      	sbcs	r3, r6
10000dd6:	2b00      	cmp	r3, #0
10000dd8:	db14      	blt.n	10000e04 <alarm_pool_alarm_callback+0x1d0>
10000dda:	2b00      	cmp	r3, #0
10000ddc:	db16      	blt.n	10000e0c <alarm_pool_alarm_callback+0x1d8>
10000dde:	2100      	movs	r1, #0
10000de0:	9104      	str	r1, [sp, #16]
10000de2:	3101      	adds	r1, #1
10000de4:	9103      	str	r1, [sp, #12]
10000de6:	9402      	str	r4, [sp, #8]
10000de8:	4651      	mov	r1, sl
10000dea:	9101      	str	r1, [sp, #4]
10000dec:	4641      	mov	r1, r8
10000dee:	9100      	str	r1, [sp, #0]
10000df0:	0038      	movs	r0, r7
10000df2:	f7ff fe65 	bl	10000ac0 <add_alarm_under_lock>
10000df6:	e032      	b.n	10000e5e <alarm_pool_alarm_callback+0x22a>
10000df8:	4b55      	ldr	r3, [pc, #340]	; (10000f50 <alarm_pool_alarm_callback+0x31c>)
10000dfa:	4a51      	ldr	r2, [pc, #324]	; (10000f40 <alarm_pool_alarm_callback+0x30c>)
10000dfc:	21a1      	movs	r1, #161	; 0xa1
10000dfe:	484e      	ldr	r0, [pc, #312]	; (10000f38 <alarm_pool_alarm_callback+0x304>)
10000e00:	f001 f890 	bl	10001f24 <__assert_func>
10000e04:	2201      	movs	r2, #1
10000e06:	4252      	negs	r2, r2
10000e08:	4b52      	ldr	r3, [pc, #328]	; (10000f54 <alarm_pool_alarm_callback+0x320>)
10000e0a:	e7e6      	b.n	10000dda <alarm_pool_alarm_callback+0x1a6>
10000e0c:	4b45      	ldr	r3, [pc, #276]	; (10000f24 <alarm_pool_alarm_callback+0x2f0>)
10000e0e:	4a46      	ldr	r2, [pc, #280]	; (10000f28 <alarm_pool_alarm_callback+0x2f4>)
10000e10:	213f      	movs	r1, #63	; 0x3f
10000e12:	4846      	ldr	r0, [pc, #280]	; (10000f2c <alarm_pool_alarm_callback+0x2f8>)
10000e14:	f001 f886 	bl	10001f24 <__assert_func>
10000e18:	2e00      	cmp	r6, #0
10000e1a:	d101      	bne.n	10000e20 <alarm_pool_alarm_callback+0x1ec>
10000e1c:	2d00      	cmp	r5, #0
10000e1e:	d1b4      	bne.n	10000d8a <alarm_pool_alarm_callback+0x156>
10000e20:	683b      	ldr	r3, [r7, #0]
10000e22:	2c00      	cmp	r4, #0
10000e24:	d050      	beq.n	10000ec8 <alarm_pool_alarm_callback+0x294>
10000e26:	7b5a      	ldrb	r2, [r3, #13]
10000e28:	4294      	cmp	r4, r2
10000e2a:	d137      	bne.n	10000e9c <alarm_pool_alarm_callback+0x268>
10000e2c:	2101      	movs	r1, #1
10000e2e:	2900      	cmp	r1, #0
10000e30:	d14a      	bne.n	10000ec8 <alarm_pool_alarm_callback+0x294>
10000e32:	7bda      	ldrb	r2, [r3, #15]
10000e34:	2a00      	cmp	r2, #0
10000e36:	d14d      	bne.n	10000ed4 <alarm_pool_alarm_callback+0x2a0>
10000e38:	7b9a      	ldrb	r2, [r3, #14]
10000e3a:	2a00      	cmp	r2, #0
10000e3c:	d103      	bne.n	10000e46 <alarm_pool_alarm_callback+0x212>
10000e3e:	7bda      	ldrb	r2, [r3, #15]
10000e40:	2a00      	cmp	r2, #0
10000e42:	d15a      	bne.n	10000efa <alarm_pool_alarm_callback+0x2c6>
10000e44:	739c      	strb	r4, [r3, #14]
10000e46:	73dc      	strb	r4, [r3, #15]
10000e48:	2c00      	cmp	r4, #0
10000e4a:	d05c      	beq.n	10000f06 <alarm_pool_alarm_callback+0x2d2>
10000e4c:	683b      	ldr	r3, [r7, #0]
10000e4e:	7b1b      	ldrb	r3, [r3, #12]
10000e50:	429c      	cmp	r4, r3
10000e52:	d858      	bhi.n	10000f06 <alarm_pool_alarm_callback+0x2d2>
10000e54:	68fa      	ldr	r2, [r7, #12]
10000e56:	3c01      	subs	r4, #1
10000e58:	5d13      	ldrb	r3, [r2, r4]
10000e5a:	3301      	adds	r3, #1
10000e5c:	5513      	strb	r3, [r2, r4]
10000e5e:	2300      	movs	r3, #0
10000e60:	613b      	str	r3, [r7, #16]
10000e62:	687a      	ldr	r2, [r7, #4]
10000e64:	f3bf 8f5f 	dmb	sy
10000e68:	6013      	str	r3, [r2, #0]
10000e6a:	f38b 8810 	msr	PRIMASK, fp
10000e6e:	e743      	b.n	10000cf8 <alarm_pool_alarm_callback+0xc4>
10000e70:	4b37      	ldr	r3, [pc, #220]	; (10000f50 <alarm_pool_alarm_callback+0x31c>)
10000e72:	4a33      	ldr	r2, [pc, #204]	; (10000f40 <alarm_pool_alarm_callback+0x30c>)
10000e74:	21a4      	movs	r1, #164	; 0xa4
10000e76:	4830      	ldr	r0, [pc, #192]	; (10000f38 <alarm_pool_alarm_callback+0x304>)
10000e78:	f001 f854 	bl	10001f24 <__assert_func>
10000e7c:	4b29      	ldr	r3, [pc, #164]	; (10000f24 <alarm_pool_alarm_callback+0x2f0>)
10000e7e:	4a2a      	ldr	r2, [pc, #168]	; (10000f28 <alarm_pool_alarm_callback+0x2f4>)
10000e80:	213f      	movs	r1, #63	; 0x3f
10000e82:	482a      	ldr	r0, [pc, #168]	; (10000f2c <alarm_pool_alarm_callback+0x2f8>)
10000e84:	f001 f84e 	bl	10001f24 <__assert_func>
10000e88:	2201      	movs	r2, #1
10000e8a:	4252      	negs	r2, r2
10000e8c:	4b31      	ldr	r3, [pc, #196]	; (10000f54 <alarm_pool_alarm_callback+0x320>)
10000e8e:	e78a      	b.n	10000da6 <alarm_pool_alarm_callback+0x172>
10000e90:	4b24      	ldr	r3, [pc, #144]	; (10000f24 <alarm_pool_alarm_callback+0x2f0>)
10000e92:	4a25      	ldr	r2, [pc, #148]	; (10000f28 <alarm_pool_alarm_callback+0x2f4>)
10000e94:	213f      	movs	r1, #63	; 0x3f
10000e96:	4825      	ldr	r0, [pc, #148]	; (10000f2c <alarm_pool_alarm_callback+0x2f8>)
10000e98:	f001 f844 	bl	10001f24 <__assert_func>
10000e9c:	2c00      	cmp	r4, #0
10000e9e:	d00d      	beq.n	10000ebc <alarm_pool_alarm_callback+0x288>
10000ea0:	7b1a      	ldrb	r2, [r3, #12]
10000ea2:	4294      	cmp	r4, r2
10000ea4:	d80a      	bhi.n	10000ebc <alarm_pool_alarm_callback+0x288>
10000ea6:	0062      	lsls	r2, r4, #1
10000ea8:	1912      	adds	r2, r2, r4
10000eaa:	3a03      	subs	r2, #3
10000eac:	6818      	ldr	r0, [r3, #0]
10000eae:	4684      	mov	ip, r0
10000eb0:	4462      	add	r2, ip
10000eb2:	7892      	ldrb	r2, [r2, #2]
10000eb4:	2a00      	cmp	r2, #0
10000eb6:	d0ba      	beq.n	10000e2e <alarm_pool_alarm_callback+0x1fa>
10000eb8:	2101      	movs	r1, #1
10000eba:	e7b8      	b.n	10000e2e <alarm_pool_alarm_callback+0x1fa>
10000ebc:	4b26      	ldr	r3, [pc, #152]	; (10000f58 <alarm_pool_alarm_callback+0x324>)
10000ebe:	4a27      	ldr	r2, [pc, #156]	; (10000f5c <alarm_pool_alarm_callback+0x328>)
10000ec0:	2168      	movs	r1, #104	; 0x68
10000ec2:	4827      	ldr	r0, [pc, #156]	; (10000f60 <alarm_pool_alarm_callback+0x32c>)
10000ec4:	f001 f82e 	bl	10001f24 <__assert_func>
10000ec8:	4b26      	ldr	r3, [pc, #152]	; (10000f64 <alarm_pool_alarm_callback+0x330>)
10000eca:	4a27      	ldr	r2, [pc, #156]	; (10000f68 <alarm_pool_alarm_callback+0x334>)
10000ecc:	21f6      	movs	r1, #246	; 0xf6
10000ece:	4824      	ldr	r0, [pc, #144]	; (10000f60 <alarm_pool_alarm_callback+0x32c>)
10000ed0:	f001 f828 	bl	10001f24 <__assert_func>
10000ed4:	2a00      	cmp	r2, #0
10000ed6:	d00a      	beq.n	10000eee <alarm_pool_alarm_callback+0x2ba>
10000ed8:	7b19      	ldrb	r1, [r3, #12]
10000eda:	428a      	cmp	r2, r1
10000edc:	d807      	bhi.n	10000eee <alarm_pool_alarm_callback+0x2ba>
10000ede:	0051      	lsls	r1, r2, #1
10000ee0:	188a      	adds	r2, r1, r2
10000ee2:	3a03      	subs	r2, #3
10000ee4:	6819      	ldr	r1, [r3, #0]
10000ee6:	468c      	mov	ip, r1
10000ee8:	4462      	add	r2, ip
10000eea:	7054      	strb	r4, [r2, #1]
10000eec:	e7a4      	b.n	10000e38 <alarm_pool_alarm_callback+0x204>
10000eee:	4b1a      	ldr	r3, [pc, #104]	; (10000f58 <alarm_pool_alarm_callback+0x324>)
10000ef0:	4a1a      	ldr	r2, [pc, #104]	; (10000f5c <alarm_pool_alarm_callback+0x328>)
10000ef2:	2168      	movs	r1, #104	; 0x68
10000ef4:	481a      	ldr	r0, [pc, #104]	; (10000f60 <alarm_pool_alarm_callback+0x32c>)
10000ef6:	f001 f815 	bl	10001f24 <__assert_func>
10000efa:	4b1c      	ldr	r3, [pc, #112]	; (10000f6c <alarm_pool_alarm_callback+0x338>)
10000efc:	4a1a      	ldr	r2, [pc, #104]	; (10000f68 <alarm_pool_alarm_callback+0x334>)
10000efe:	21fb      	movs	r1, #251	; 0xfb
10000f00:	4817      	ldr	r0, [pc, #92]	; (10000f60 <alarm_pool_alarm_callback+0x32c>)
10000f02:	f001 f80f 	bl	10001f24 <__assert_func>
10000f06:	4b0a      	ldr	r3, [pc, #40]	; (10000f30 <alarm_pool_alarm_callback+0x2fc>)
10000f08:	4a0f      	ldr	r2, [pc, #60]	; (10000f48 <alarm_pool_alarm_callback+0x314>)
10000f0a:	2141      	movs	r1, #65	; 0x41
10000f0c:	480a      	ldr	r0, [pc, #40]	; (10000f38 <alarm_pool_alarm_callback+0x304>)
10000f0e:	f001 f809 	bl	10001f24 <__assert_func>
10000f12:	b00b      	add	sp, #44	; 0x2c
10000f14:	bcf0      	pop	{r4, r5, r6, r7}
10000f16:	46bb      	mov	fp, r7
10000f18:	46b2      	mov	sl, r6
10000f1a:	46a9      	mov	r9, r5
10000f1c:	46a0      	mov	r8, r4
10000f1e:	bdf0      	pop	{r4, r5, r6, r7, pc}
10000f20:	2000051c 	.word	0x2000051c
10000f24:	10004428 	.word	0x10004428
10000f28:	10004768 	.word	0x10004768
10000f2c:	10004444 	.word	0x10004444
10000f30:	1000456c 	.word	0x1000456c
10000f34:	1000479c 	.word	0x1000479c
10000f38:	10004518 	.word	0x10004518
10000f3c:	1000466c 	.word	0x1000466c
10000f40:	10004780 	.word	0x10004780
10000f44:	10004684 	.word	0x10004684
10000f48:	100047c0 	.word	0x100047c0
10000f4c:	0fffffff 	.word	0x0fffffff
10000f50:	10004690 	.word	0x10004690
10000f54:	7fffffff 	.word	0x7fffffff
10000f58:	10004590 	.word	0x10004590
10000f5c:	10004808 	.word	0x10004808
10000f60:	100045ac 	.word	0x100045ac
10000f64:	100046cc 	.word	0x100046cc
10000f68:	100047d4 	.word	0x100047d4
10000f6c:	100046f0 	.word	0x100046f0

10000f70 <alarm_pool_init_default>:
10000f70:	b510      	push	{r4, lr}
10000f72:	4b0c      	ldr	r3, [pc, #48]	; (10000fa4 <alarm_pool_init_default+0x34>)
10000f74:	685b      	ldr	r3, [r3, #4]
10000f76:	2b00      	cmp	r3, #0
10000f78:	d004      	beq.n	10000f84 <alarm_pool_init_default+0x14>
10000f7a:	210a      	movs	r1, #10
10000f7c:	480a      	ldr	r0, [pc, #40]	; (10000fa8 <alarm_pool_init_default+0x38>)
10000f7e:	f7ff fc93 	bl	100008a8 <lock_init>
10000f82:	bd10      	pop	{r4, pc}
10000f84:	4c07      	ldr	r4, [pc, #28]	; (10000fa4 <alarm_pool_init_default+0x34>)
10000f86:	0023      	movs	r3, r4
10000f88:	4a08      	ldr	r2, [pc, #32]	; (10000fac <alarm_pool_init_default+0x3c>)
10000f8a:	2110      	movs	r1, #16
10000f8c:	6820      	ldr	r0, [r4, #0]
10000f8e:	f000 fbc9 	bl	10001724 <ph_post_alloc_init>
10000f92:	2003      	movs	r0, #3
10000f94:	f000 f9f0 	bl	10001378 <hardware_alarm_claim>
10000f98:	2103      	movs	r1, #3
10000f9a:	0020      	movs	r0, r4
10000f9c:	f7ff fca8 	bl	100008f0 <alarm_pool_post_alloc_init>
10000fa0:	e7eb      	b.n	10000f7a <alarm_pool_init_default+0xa>
10000fa2:	46c0      	nop			; (mov r8, r8)
10000fa4:	200002f0 	.word	0x200002f0
10000fa8:	20004730 	.word	0x20004730
10000fac:	10000961 	.word	0x10000961

10000fb0 <alarm_pool_get_default>:
10000fb0:	b510      	push	{r4, lr}
10000fb2:	4b06      	ldr	r3, [pc, #24]	; (10000fcc <alarm_pool_get_default+0x1c>)
10000fb4:	685b      	ldr	r3, [r3, #4]
10000fb6:	2b00      	cmp	r3, #0
10000fb8:	d001      	beq.n	10000fbe <alarm_pool_get_default+0xe>
10000fba:	4804      	ldr	r0, [pc, #16]	; (10000fcc <alarm_pool_get_default+0x1c>)
10000fbc:	bd10      	pop	{r4, pc}
10000fbe:	4b04      	ldr	r3, [pc, #16]	; (10000fd0 <alarm_pool_get_default+0x20>)
10000fc0:	4a04      	ldr	r2, [pc, #16]	; (10000fd4 <alarm_pool_get_default+0x24>)
10000fc2:	215e      	movs	r1, #94	; 0x5e
10000fc4:	4804      	ldr	r0, [pc, #16]	; (10000fd8 <alarm_pool_get_default+0x28>)
10000fc6:	f000 ffad 	bl	10001f24 <__assert_func>
10000fca:	46c0      	nop			; (mov r8, r8)
10000fcc:	200002f0 	.word	0x200002f0
10000fd0:	10004704 	.word	0x10004704
10000fd4:	100047a8 	.word	0x100047a8
10000fd8:	10004518 	.word	0x10004518

10000fdc <alarm_pool_add_alarm_at>:
10000fdc:	b5f0      	push	{r4, r5, r6, r7, lr}
10000fde:	46de      	mov	lr, fp
10000fe0:	4657      	mov	r7, sl
10000fe2:	464e      	mov	r6, r9
10000fe4:	4645      	mov	r5, r8
10000fe6:	b5e0      	push	{r5, r6, r7, lr}
10000fe8:	b08b      	sub	sp, #44	; 0x2c
10000fea:	4680      	mov	r8, r0
10000fec:	0016      	movs	r6, r2
10000fee:	001f      	movs	r7, r3
10000ff0:	9b14      	ldr	r3, [sp, #80]	; 0x50
10000ff2:	469a      	mov	sl, r3
10000ff4:	9b15      	ldr	r3, [sp, #84]	; 0x54
10000ff6:	4699      	mov	r9, r3
10000ff8:	ab16      	add	r3, sp, #88	; 0x58
10000ffa:	781b      	ldrb	r3, [r3, #0]
10000ffc:	469b      	mov	fp, r3
10000ffe:	231f      	movs	r3, #31
10001000:	aa02      	add	r2, sp, #8
10001002:	4694      	mov	ip, r2
10001004:	4463      	add	r3, ip
10001006:	2200      	movs	r2, #0
10001008:	701a      	strb	r2, [r3, #0]
1000100a:	e02b      	b.n	10001064 <alarm_pool_add_alarm_at+0x88>
1000100c:	2800      	cmp	r0, #0
1000100e:	d009      	beq.n	10001024 <alarm_pool_add_alarm_at+0x48>
10001010:	4642      	mov	r2, r8
10001012:	6812      	ldr	r2, [r2, #0]
10001014:	7b12      	ldrb	r2, [r2, #12]
10001016:	4290      	cmp	r0, r2
10001018:	d804      	bhi.n	10001024 <alarm_pool_add_alarm_at+0x48>
1000101a:	1e42      	subs	r2, r0, #1
1000101c:	4641      	mov	r1, r8
1000101e:	68c9      	ldr	r1, [r1, #12]
10001020:	5c8a      	ldrb	r2, [r1, r2]
10001022:	e041      	b.n	100010a8 <alarm_pool_add_alarm_at+0xcc>
10001024:	4b40      	ldr	r3, [pc, #256]	; (10001128 <alarm_pool_add_alarm_at+0x14c>)
10001026:	4a41      	ldr	r2, [pc, #260]	; (1000112c <alarm_pool_add_alarm_at+0x150>)
10001028:	2141      	movs	r1, #65	; 0x41
1000102a:	4841      	ldr	r0, [pc, #260]	; (10001130 <alarm_pool_add_alarm_at+0x154>)
1000102c:	f000 ff7a 	bl	10001f24 <__assert_func>
10001030:	9807      	ldr	r0, [sp, #28]
10001032:	e04c      	b.n	100010ce <alarm_pool_add_alarm_at+0xf2>
10001034:	1b36      	subs	r6, r6, r4
10001036:	41af      	sbcs	r7, r5
10001038:	2f00      	cmp	r7, #0
1000103a:	db07      	blt.n	1000104c <alarm_pool_add_alarm_at+0x70>
1000103c:	2f00      	cmp	r7, #0
1000103e:	da11      	bge.n	10001064 <alarm_pool_add_alarm_at+0x88>
10001040:	4b3c      	ldr	r3, [pc, #240]	; (10001134 <alarm_pool_add_alarm_at+0x158>)
10001042:	4a3d      	ldr	r2, [pc, #244]	; (10001138 <alarm_pool_add_alarm_at+0x15c>)
10001044:	213f      	movs	r1, #63	; 0x3f
10001046:	483d      	ldr	r0, [pc, #244]	; (1000113c <alarm_pool_add_alarm_at+0x160>)
10001048:	f000 ff6c 	bl	10001f24 <__assert_func>
1000104c:	2601      	movs	r6, #1
1000104e:	4276      	negs	r6, r6
10001050:	4f3b      	ldr	r7, [pc, #236]	; (10001140 <alarm_pool_add_alarm_at+0x164>)
10001052:	e7f3      	b.n	1000103c <alarm_pool_add_alarm_at+0x60>
10001054:	4b37      	ldr	r3, [pc, #220]	; (10001134 <alarm_pool_add_alarm_at+0x158>)
10001056:	4a38      	ldr	r2, [pc, #224]	; (10001138 <alarm_pool_add_alarm_at+0x15c>)
10001058:	213f      	movs	r1, #63	; 0x3f
1000105a:	4838      	ldr	r0, [pc, #224]	; (1000113c <alarm_pool_add_alarm_at+0x160>)
1000105c:	f000 ff62 	bl	10001f24 <__assert_func>
10001060:	2f00      	cmp	r7, #0
10001062:	db4f      	blt.n	10001104 <alarm_pool_add_alarm_at+0x128>
10001064:	4643      	mov	r3, r8
10001066:	685a      	ldr	r2, [r3, #4]
10001068:	f3ef 8410 	mrs	r4, PRIMASK
1000106c:	b672      	cpsid	i
1000106e:	6813      	ldr	r3, [r2, #0]
10001070:	4259      	negs	r1, r3
10001072:	414b      	adcs	r3, r1
10001074:	b2d9      	uxtb	r1, r3
10001076:	9107      	str	r1, [sp, #28]
10001078:	2b00      	cmp	r3, #0
1000107a:	d1f8      	bne.n	1000106e <alarm_pool_add_alarm_at+0x92>
1000107c:	f3bf 8f5f 	dmb	sy
10001080:	331f      	adds	r3, #31
10001082:	aa02      	add	r2, sp, #8
10001084:	4694      	mov	ip, r2
10001086:	4463      	add	r3, ip
10001088:	9304      	str	r3, [sp, #16]
1000108a:	2300      	movs	r3, #0
1000108c:	9303      	str	r3, [sp, #12]
1000108e:	9302      	str	r3, [sp, #8]
10001090:	464b      	mov	r3, r9
10001092:	9301      	str	r3, [sp, #4]
10001094:	4653      	mov	r3, sl
10001096:	9300      	str	r3, [sp, #0]
10001098:	0032      	movs	r2, r6
1000109a:	003b      	movs	r3, r7
1000109c:	4640      	mov	r0, r8
1000109e:	f7ff fd0f 	bl	10000ac0 <add_alarm_under_lock>
100010a2:	1e03      	subs	r3, r0, #0
100010a4:	d1b2      	bne.n	1000100c <alarm_pool_add_alarm_at+0x30>
100010a6:	0002      	movs	r2, r0
100010a8:	4641      	mov	r1, r8
100010aa:	6849      	ldr	r1, [r1, #4]
100010ac:	f3bf 8f5f 	dmb	sy
100010b0:	2500      	movs	r5, #0
100010b2:	600d      	str	r5, [r1, #0]
100010b4:	f384 8810 	msr	PRIMASK, r4
100010b8:	2b00      	cmp	r3, #0
100010ba:	d029      	beq.n	10001110 <alarm_pool_add_alarm_at+0x134>
100010bc:	231f      	movs	r3, #31
100010be:	a902      	add	r1, sp, #8
100010c0:	468c      	mov	ip, r1
100010c2:	4463      	add	r3, ip
100010c4:	781b      	ldrb	r3, [r3, #0]
100010c6:	2b00      	cmp	r3, #0
100010c8:	d1b2      	bne.n	10001030 <alarm_pool_add_alarm_at+0x54>
100010ca:	0212      	lsls	r2, r2, #8
100010cc:	4310      	orrs	r0, r2
100010ce:	2b00      	cmp	r3, #0
100010d0:	d020      	beq.n	10001114 <alarm_pool_add_alarm_at+0x138>
100010d2:	465b      	mov	r3, fp
100010d4:	2b00      	cmp	r3, #0
100010d6:	d01d      	beq.n	10001114 <alarm_pool_add_alarm_at+0x138>
100010d8:	4649      	mov	r1, r9
100010da:	47d0      	blx	sl
100010dc:	0004      	movs	r4, r0
100010de:	000d      	movs	r5, r1
100010e0:	0003      	movs	r3, r0
100010e2:	430b      	orrs	r3, r1
100010e4:	d01d      	beq.n	10001122 <alarm_pool_add_alarm_at+0x146>
100010e6:	2900      	cmp	r1, #0
100010e8:	dba4      	blt.n	10001034 <alarm_pool_add_alarm_at+0x58>
100010ea:	f000 f951 	bl	10001390 <time_us_64>
100010ee:	0006      	movs	r6, r0
100010f0:	1e0f      	subs	r7, r1, #0
100010f2:	dbaf      	blt.n	10001054 <alarm_pool_add_alarm_at+0x78>
100010f4:	1936      	adds	r6, r6, r4
100010f6:	416f      	adcs	r7, r5
100010f8:	2f00      	cmp	r7, #0
100010fa:	dab1      	bge.n	10001060 <alarm_pool_add_alarm_at+0x84>
100010fc:	2601      	movs	r6, #1
100010fe:	4276      	negs	r6, r6
10001100:	4f0f      	ldr	r7, [pc, #60]	; (10001140 <alarm_pool_add_alarm_at+0x164>)
10001102:	e7ad      	b.n	10001060 <alarm_pool_add_alarm_at+0x84>
10001104:	4b0b      	ldr	r3, [pc, #44]	; (10001134 <alarm_pool_add_alarm_at+0x158>)
10001106:	4a0c      	ldr	r2, [pc, #48]	; (10001138 <alarm_pool_add_alarm_at+0x15c>)
10001108:	213f      	movs	r1, #63	; 0x3f
1000110a:	480c      	ldr	r0, [pc, #48]	; (1000113c <alarm_pool_add_alarm_at+0x160>)
1000110c:	f000 ff0a 	bl	10001f24 <__assert_func>
10001110:	2001      	movs	r0, #1
10001112:	4240      	negs	r0, r0
10001114:	b00b      	add	sp, #44	; 0x2c
10001116:	bcf0      	pop	{r4, r5, r6, r7}
10001118:	46bb      	mov	fp, r7
1000111a:	46b2      	mov	sl, r6
1000111c:	46a9      	mov	r9, r5
1000111e:	46a0      	mov	r8, r4
10001120:	bdf0      	pop	{r4, r5, r6, r7, pc}
10001122:	9807      	ldr	r0, [sp, #28]
10001124:	e7f6      	b.n	10001114 <alarm_pool_add_alarm_at+0x138>
10001126:	46c0      	nop			; (mov r8, r8)
10001128:	1000456c 	.word	0x1000456c
1000112c:	100047c0 	.word	0x100047c0
10001130:	10004518 	.word	0x10004518
10001134:	10004428 	.word	0x10004428
10001138:	10004768 	.word	0x10004768
1000113c:	10004444 	.word	0x10004444
10001140:	7fffffff 	.word	0x7fffffff

10001144 <alarm_pool_cancel_alarm>:
10001144:	b5f8      	push	{r3, r4, r5, r6, r7, lr}
10001146:	0004      	movs	r4, r0
10001148:	2900      	cmp	r1, #0
1000114a:	d100      	bne.n	1000114e <alarm_pool_cancel_alarm+0xa>
1000114c:	e062      	b.n	10001214 <alarm_pool_cancel_alarm+0xd0>
1000114e:	6842      	ldr	r2, [r0, #4]
10001150:	f3ef 8510 	mrs	r5, PRIMASK
10001154:	b672      	cpsid	i
10001156:	6813      	ldr	r3, [r2, #0]
10001158:	4258      	negs	r0, r3
1000115a:	4143      	adcs	r3, r0
1000115c:	b2d8      	uxtb	r0, r3
1000115e:	2b00      	cmp	r3, #0
10001160:	d1f9      	bne.n	10001156 <alarm_pool_cancel_alarm+0x12>
10001162:	f3bf 8f5f 	dmb	sy
10001166:	b2cb      	uxtb	r3, r1
10001168:	6822      	ldr	r2, [r4, #0]
1000116a:	7b56      	ldrb	r6, [r2, #13]
1000116c:	42b3      	cmp	r3, r6
1000116e:	d11b      	bne.n	100011a8 <alarm_pool_cancel_alarm+0x64>
10001170:	2001      	movs	r0, #1
10001172:	2800      	cmp	r0, #0
10001174:	d048      	beq.n	10001208 <alarm_pool_cancel_alarm+0xc4>
10001176:	6920      	ldr	r0, [r4, #16]
10001178:	4288      	cmp	r0, r1
1000117a:	d02b      	beq.n	100011d4 <alarm_pool_cancel_alarm+0x90>
1000117c:	0a09      	lsrs	r1, r1, #8
1000117e:	b2c9      	uxtb	r1, r1
10001180:	2b00      	cmp	r3, #0
10001182:	d02e      	beq.n	100011e2 <alarm_pool_cancel_alarm+0x9e>
10001184:	6820      	ldr	r0, [r4, #0]
10001186:	7b00      	ldrb	r0, [r0, #12]
10001188:	4283      	cmp	r3, r0
1000118a:	d82a      	bhi.n	100011e2 <alarm_pool_cancel_alarm+0x9e>
1000118c:	1e58      	subs	r0, r3, #1
1000118e:	68e6      	ldr	r6, [r4, #12]
10001190:	5c30      	ldrb	r0, [r6, r0]
10001192:	4288      	cmp	r0, r1
10001194:	d02b      	beq.n	100011ee <alarm_pool_cancel_alarm+0xaa>
10001196:	2000      	movs	r0, #0
10001198:	6863      	ldr	r3, [r4, #4]
1000119a:	f3bf 8f5f 	dmb	sy
1000119e:	2200      	movs	r2, #0
100011a0:	601a      	str	r2, [r3, #0]
100011a2:	f385 8810 	msr	PRIMASK, r5
100011a6:	bdf8      	pop	{r3, r4, r5, r6, r7, pc}
100011a8:	2b00      	cmp	r3, #0
100011aa:	d00d      	beq.n	100011c8 <alarm_pool_cancel_alarm+0x84>
100011ac:	7b16      	ldrb	r6, [r2, #12]
100011ae:	42b3      	cmp	r3, r6
100011b0:	d80a      	bhi.n	100011c8 <alarm_pool_cancel_alarm+0x84>
100011b2:	005e      	lsls	r6, r3, #1
100011b4:	18f6      	adds	r6, r6, r3
100011b6:	3e03      	subs	r6, #3
100011b8:	6817      	ldr	r7, [r2, #0]
100011ba:	46bc      	mov	ip, r7
100011bc:	4466      	add	r6, ip
100011be:	78b6      	ldrb	r6, [r6, #2]
100011c0:	2e00      	cmp	r6, #0
100011c2:	d0d6      	beq.n	10001172 <alarm_pool_cancel_alarm+0x2e>
100011c4:	2001      	movs	r0, #1
100011c6:	e7d4      	b.n	10001172 <alarm_pool_cancel_alarm+0x2e>
100011c8:	4b13      	ldr	r3, [pc, #76]	; (10001218 <alarm_pool_cancel_alarm+0xd4>)
100011ca:	4a14      	ldr	r2, [pc, #80]	; (1000121c <alarm_pool_cancel_alarm+0xd8>)
100011cc:	2168      	movs	r1, #104	; 0x68
100011ce:	4814      	ldr	r0, [pc, #80]	; (10001220 <alarm_pool_cancel_alarm+0xdc>)
100011d0:	f000 fea8 	bl	10001f24 <__assert_func>
100011d4:	212c      	movs	r1, #44	; 0x2c
100011d6:	4b13      	ldr	r3, [pc, #76]	; (10001224 <alarm_pool_cancel_alarm+0xe0>)
100011d8:	4a13      	ldr	r2, [pc, #76]	; (10001228 <alarm_pool_cancel_alarm+0xe4>)
100011da:	31ff      	adds	r1, #255	; 0xff
100011dc:	4813      	ldr	r0, [pc, #76]	; (1000122c <alarm_pool_cancel_alarm+0xe8>)
100011de:	f000 fea1 	bl	10001f24 <__assert_func>
100011e2:	4b13      	ldr	r3, [pc, #76]	; (10001230 <alarm_pool_cancel_alarm+0xec>)
100011e4:	4a13      	ldr	r2, [pc, #76]	; (10001234 <alarm_pool_cancel_alarm+0xf0>)
100011e6:	2141      	movs	r1, #65	; 0x41
100011e8:	4810      	ldr	r0, [pc, #64]	; (1000122c <alarm_pool_cancel_alarm+0xe8>)
100011ea:	f000 fe9b 	bl	10001f24 <__assert_func>
100011ee:	0019      	movs	r1, r3
100011f0:	0010      	movs	r0, r2
100011f2:	f000 fb91 	bl	10001918 <ph_remove_and_free_node>
100011f6:	2800      	cmp	r0, #0
100011f8:	d1ce      	bne.n	10001198 <alarm_pool_cancel_alarm+0x54>
100011fa:	2199      	movs	r1, #153	; 0x99
100011fc:	4b0e      	ldr	r3, [pc, #56]	; (10001238 <alarm_pool_cancel_alarm+0xf4>)
100011fe:	4a0a      	ldr	r2, [pc, #40]	; (10001228 <alarm_pool_cancel_alarm+0xe4>)
10001200:	0049      	lsls	r1, r1, #1
10001202:	480a      	ldr	r0, [pc, #40]	; (1000122c <alarm_pool_cancel_alarm+0xe8>)
10001204:	f000 fe8e 	bl	10001f24 <__assert_func>
10001208:	6923      	ldr	r3, [r4, #16]
1000120a:	428b      	cmp	r3, r1
1000120c:	d1c4      	bne.n	10001198 <alarm_pool_cancel_alarm+0x54>
1000120e:	2300      	movs	r3, #0
10001210:	6123      	str	r3, [r4, #16]
10001212:	e7c1      	b.n	10001198 <alarm_pool_cancel_alarm+0x54>
10001214:	2000      	movs	r0, #0
10001216:	e7c6      	b.n	100011a6 <alarm_pool_cancel_alarm+0x62>
10001218:	10004590 	.word	0x10004590
1000121c:	10004808 	.word	0x10004808
10001220:	100045ac 	.word	0x100045ac
10001224:	10004728 	.word	0x10004728
10001228:	10004750 	.word	0x10004750
1000122c:	10004518 	.word	0x10004518
10001230:	1000456c 	.word	0x1000456c
10001234:	100047c0 	.word	0x100047c0
10001238:	1000474c 	.word	0x1000474c

1000123c <best_effort_wfe_or_timeout>:
1000123c:	b570      	push	{r4, r5, r6, lr}
1000123e:	b084      	sub	sp, #16
10001240:	0005      	movs	r5, r0
10001242:	000c      	movs	r4, r1
10001244:	f3ef 8305 	mrs	r3, IPSR
10001248:	2b00      	cmp	r3, #0
1000124a:	d11e      	bne.n	1000128a <best_effort_wfe_or_timeout+0x4e>
1000124c:	f7ff feb0 	bl	10000fb0 <alarm_pool_get_default>
10001250:	2300      	movs	r3, #0
10001252:	9302      	str	r3, [sp, #8]
10001254:	9301      	str	r3, [sp, #4]
10001256:	4b22      	ldr	r3, [pc, #136]	; (100012e0 <best_effort_wfe_or_timeout+0xa4>)
10001258:	9300      	str	r3, [sp, #0]
1000125a:	002a      	movs	r2, r5
1000125c:	0023      	movs	r3, r4
1000125e:	f7ff febd 	bl	10000fdc <alarm_pool_add_alarm_at>
10001262:	1e06      	subs	r6, r0, #0
10001264:	dd23      	ble.n	100012ae <best_effort_wfe_or_timeout+0x72>
10001266:	bf20      	wfe
10001268:	f7ff fea2 	bl	10000fb0 <alarm_pool_get_default>
1000126c:	0031      	movs	r1, r6
1000126e:	f7ff ff69 	bl	10001144 <alarm_pool_cancel_alarm>
10001272:	4b1c      	ldr	r3, [pc, #112]	; (100012e4 <best_effort_wfe_or_timeout+0xa8>)
10001274:	6a5b      	ldr	r3, [r3, #36]	; 0x24
10001276:	429c      	cmp	r4, r3
10001278:	d82d      	bhi.n	100012d6 <best_effort_wfe_or_timeout+0x9a>
1000127a:	4a1a      	ldr	r2, [pc, #104]	; (100012e4 <best_effort_wfe_or_timeout+0xa8>)
1000127c:	6a92      	ldr	r2, [r2, #40]	; 0x28
1000127e:	42aa      	cmp	r2, r5
10001280:	d22c      	bcs.n	100012dc <best_effort_wfe_or_timeout+0xa0>
10001282:	429c      	cmp	r4, r3
10001284:	d025      	beq.n	100012d2 <best_effort_wfe_or_timeout+0x96>
10001286:	2001      	movs	r0, #1
10001288:	e026      	b.n	100012d8 <best_effort_wfe_or_timeout+0x9c>
1000128a:	4b16      	ldr	r3, [pc, #88]	; (100012e4 <best_effort_wfe_or_timeout+0xa8>)
1000128c:	6a5b      	ldr	r3, [r3, #36]	; 0x24
1000128e:	4299      	cmp	r1, r3
10001290:	d809      	bhi.n	100012a6 <best_effort_wfe_or_timeout+0x6a>
10001292:	4a14      	ldr	r2, [pc, #80]	; (100012e4 <best_effort_wfe_or_timeout+0xa8>)
10001294:	6a92      	ldr	r2, [r2, #40]	; 0x28
10001296:	4282      	cmp	r2, r0
10001298:	d207      	bcs.n	100012aa <best_effort_wfe_or_timeout+0x6e>
1000129a:	4299      	cmp	r1, r3
1000129c:	d001      	beq.n	100012a2 <best_effort_wfe_or_timeout+0x66>
1000129e:	2001      	movs	r0, #1
100012a0:	e01a      	b.n	100012d8 <best_effort_wfe_or_timeout+0x9c>
100012a2:	2000      	movs	r0, #0
100012a4:	e018      	b.n	100012d8 <best_effort_wfe_or_timeout+0x9c>
100012a6:	2000      	movs	r0, #0
100012a8:	e016      	b.n	100012d8 <best_effort_wfe_or_timeout+0x9c>
100012aa:	2001      	movs	r0, #1
100012ac:	e014      	b.n	100012d8 <best_effort_wfe_or_timeout+0x9c>
100012ae:	4b0d      	ldr	r3, [pc, #52]	; (100012e4 <best_effort_wfe_or_timeout+0xa8>)
100012b0:	6a5b      	ldr	r3, [r3, #36]	; 0x24
100012b2:	429c      	cmp	r4, r3
100012b4:	d809      	bhi.n	100012ca <best_effort_wfe_or_timeout+0x8e>
100012b6:	4a0b      	ldr	r2, [pc, #44]	; (100012e4 <best_effort_wfe_or_timeout+0xa8>)
100012b8:	6a92      	ldr	r2, [r2, #40]	; 0x28
100012ba:	42aa      	cmp	r2, r5
100012bc:	d207      	bcs.n	100012ce <best_effort_wfe_or_timeout+0x92>
100012be:	429c      	cmp	r4, r3
100012c0:	d001      	beq.n	100012c6 <best_effort_wfe_or_timeout+0x8a>
100012c2:	2001      	movs	r0, #1
100012c4:	e008      	b.n	100012d8 <best_effort_wfe_or_timeout+0x9c>
100012c6:	2000      	movs	r0, #0
100012c8:	e006      	b.n	100012d8 <best_effort_wfe_or_timeout+0x9c>
100012ca:	2000      	movs	r0, #0
100012cc:	e004      	b.n	100012d8 <best_effort_wfe_or_timeout+0x9c>
100012ce:	2001      	movs	r0, #1
100012d0:	e002      	b.n	100012d8 <best_effort_wfe_or_timeout+0x9c>
100012d2:	2000      	movs	r0, #0
100012d4:	e000      	b.n	100012d8 <best_effort_wfe_or_timeout+0x9c>
100012d6:	2000      	movs	r0, #0
100012d8:	b004      	add	sp, #16
100012da:	bd70      	pop	{r4, r5, r6, pc}
100012dc:	2001      	movs	r0, #1
100012de:	e7fb      	b.n	100012d8 <best_effort_wfe_or_timeout+0x9c>
100012e0:	10000931 	.word	0x10000931
100012e4:	40054000 	.word	0x40054000

100012e8 <hardware_alarm_irq_handler>:
100012e8:	b570      	push	{r4, r5, r6, lr}
100012ea:	f3ef 8005 	mrs	r0, IPSR
100012ee:	3810      	subs	r0, #16
100012f0:	f3ef 8c10 	mrs	ip, PRIMASK
100012f4:	b672      	cpsid	i
100012f6:	4b1a      	ldr	r3, [pc, #104]	; (10001360 <hardware_alarm_irq_handler+0x78>)
100012f8:	681b      	ldr	r3, [r3, #0]
100012fa:	2b00      	cmp	r3, #0
100012fc:	d0fb      	beq.n	100012f6 <hardware_alarm_irq_handler+0xe>
100012fe:	f3bf 8f5f 	dmb	sy
10001302:	2201      	movs	r2, #1
10001304:	0013      	movs	r3, r2
10001306:	4083      	lsls	r3, r0
10001308:	4916      	ldr	r1, [pc, #88]	; (10001364 <hardware_alarm_irq_handler+0x7c>)
1000130a:	634b      	str	r3, [r1, #52]	; 0x34
1000130c:	4916      	ldr	r1, [pc, #88]	; (10001368 <hardware_alarm_irq_handler+0x80>)
1000130e:	600b      	str	r3, [r1, #0]
10001310:	4916      	ldr	r1, [pc, #88]	; (1000136c <hardware_alarm_irq_handler+0x84>)
10001312:	7809      	ldrb	r1, [r1, #0]
10001314:	000c      	movs	r4, r1
10001316:	40c4      	lsrs	r4, r0
10001318:	4222      	tst	r2, r4
1000131a:	d014      	beq.n	10001346 <hardware_alarm_irq_handler+0x5e>
1000131c:	4a11      	ldr	r2, [pc, #68]	; (10001364 <hardware_alarm_irq_handler+0x7c>)
1000131e:	6a54      	ldr	r4, [r2, #36]	; 0x24
10001320:	0082      	lsls	r2, r0, #2
10001322:	4d13      	ldr	r5, [pc, #76]	; (10001370 <hardware_alarm_irq_handler+0x88>)
10001324:	5952      	ldr	r2, [r2, r5]
10001326:	4294      	cmp	r4, r2
10001328:	d306      	bcc.n	10001338 <hardware_alarm_irq_handler+0x50>
1000132a:	0082      	lsls	r2, r0, #2
1000132c:	4c11      	ldr	r4, [pc, #68]	; (10001374 <hardware_alarm_irq_handler+0x8c>)
1000132e:	5912      	ldr	r2, [r2, r4]
10001330:	4399      	bics	r1, r3
10001332:	4b0e      	ldr	r3, [pc, #56]	; (1000136c <hardware_alarm_irq_handler+0x84>)
10001334:	7019      	strb	r1, [r3, #0]
10001336:	e007      	b.n	10001348 <hardware_alarm_irq_handler+0x60>
10001338:	4a0a      	ldr	r2, [pc, #40]	; (10001364 <hardware_alarm_irq_handler+0x7c>)
1000133a:	1d03      	adds	r3, r0, #4
1000133c:	009b      	lsls	r3, r3, #2
1000133e:	5899      	ldr	r1, [r3, r2]
10001340:	5099      	str	r1, [r3, r2]
10001342:	2200      	movs	r2, #0
10001344:	e000      	b.n	10001348 <hardware_alarm_irq_handler+0x60>
10001346:	2200      	movs	r2, #0
10001348:	f3bf 8f5f 	dmb	sy
1000134c:	4b04      	ldr	r3, [pc, #16]	; (10001360 <hardware_alarm_irq_handler+0x78>)
1000134e:	2100      	movs	r1, #0
10001350:	6019      	str	r1, [r3, #0]
10001352:	f38c 8810 	msr	PRIMASK, ip
10001356:	2a00      	cmp	r2, #0
10001358:	d000      	beq.n	1000135c <hardware_alarm_irq_handler+0x74>
1000135a:	4790      	blx	r2
1000135c:	bd70      	pop	{r4, r5, r6, pc}
1000135e:	46c0      	nop			; (mov r8, r8)
10001360:	d0000128 	.word	0xd0000128
10001364:	40054000 	.word	0x40054000
10001368:	4005703c 	.word	0x4005703c
1000136c:	2000474e 	.word	0x2000474e
10001370:	20004734 	.word	0x20004734
10001374:	20000494 	.word	0x20000494

10001378 <hardware_alarm_claim>:
10001378:	b510      	push	{r4, lr}
1000137a:	0001      	movs	r1, r0
1000137c:	4a02      	ldr	r2, [pc, #8]	; (10001388 <hardware_alarm_claim+0x10>)
1000137e:	4803      	ldr	r0, [pc, #12]	; (1000138c <hardware_alarm_claim+0x14>)
10001380:	f7ff f850 	bl	10000424 <hw_claim_or_assert>
10001384:	bd10      	pop	{r4, pc}
10001386:	46c0      	nop			; (mov r8, r8)
10001388:	1000482c 	.word	0x1000482c
1000138c:	2000474c 	.word	0x2000474c

10001390 <time_us_64>:
10001390:	4b04      	ldr	r3, [pc, #16]	; (100013a4 <time_us_64+0x14>)
10001392:	6a5b      	ldr	r3, [r3, #36]	; 0x24
10001394:	4a03      	ldr	r2, [pc, #12]	; (100013a4 <time_us_64+0x14>)
10001396:	6a90      	ldr	r0, [r2, #40]	; 0x28
10001398:	0019      	movs	r1, r3
1000139a:	6a53      	ldr	r3, [r2, #36]	; 0x24
1000139c:	4299      	cmp	r1, r3
1000139e:	d1f9      	bne.n	10001394 <time_us_64+0x4>
100013a0:	4770      	bx	lr
100013a2:	46c0      	nop			; (mov r8, r8)
100013a4:	40054000 	.word	0x40054000

100013a8 <busy_wait_until>:
100013a8:	4b08      	ldr	r3, [pc, #32]	; (100013cc <busy_wait_until+0x24>)
100013aa:	6a5b      	ldr	r3, [r3, #36]	; 0x24
100013ac:	e001      	b.n	100013b2 <busy_wait_until+0xa>
100013ae:	4b07      	ldr	r3, [pc, #28]	; (100013cc <busy_wait_until+0x24>)
100013b0:	6a5b      	ldr	r3, [r3, #36]	; 0x24
100013b2:	428b      	cmp	r3, r1
100013b4:	d3fb      	bcc.n	100013ae <busy_wait_until+0x6>
100013b6:	e001      	b.n	100013bc <busy_wait_until+0x14>
100013b8:	4b04      	ldr	r3, [pc, #16]	; (100013cc <busy_wait_until+0x24>)
100013ba:	6a5b      	ldr	r3, [r3, #36]	; 0x24
100013bc:	428b      	cmp	r3, r1
100013be:	d103      	bne.n	100013c8 <busy_wait_until+0x20>
100013c0:	4b02      	ldr	r3, [pc, #8]	; (100013cc <busy_wait_until+0x24>)
100013c2:	6a9b      	ldr	r3, [r3, #40]	; 0x28
100013c4:	4283      	cmp	r3, r0
100013c6:	d3f7      	bcc.n	100013b8 <busy_wait_until+0x10>
100013c8:	4770      	bx	lr
100013ca:	46c0      	nop			; (mov r8, r8)
100013cc:	40054000 	.word	0x40054000

100013d0 <busy_wait_us>:
100013d0:	b570      	push	{r4, r5, r6, lr}
100013d2:	0004      	movs	r4, r0
100013d4:	000d      	movs	r5, r1
100013d6:	f7ff ffdb 	bl	10001390 <time_us_64>
100013da:	0002      	movs	r2, r0
100013dc:	000b      	movs	r3, r1
100013de:	0020      	movs	r0, r4
100013e0:	0029      	movs	r1, r5
100013e2:	1880      	adds	r0, r0, r2
100013e4:	4159      	adcs	r1, r3
100013e6:	428b      	cmp	r3, r1
100013e8:	d802      	bhi.n	100013f0 <busy_wait_us+0x20>
100013ea:	d104      	bne.n	100013f6 <busy_wait_us+0x26>
100013ec:	4282      	cmp	r2, r0
100013ee:	d902      	bls.n	100013f6 <busy_wait_us+0x26>
100013f0:	2001      	movs	r0, #1
100013f2:	4240      	negs	r0, r0
100013f4:	17c1      	asrs	r1, r0, #31
100013f6:	2900      	cmp	r1, #0
100013f8:	db02      	blt.n	10001400 <busy_wait_us+0x30>
100013fa:	f7ff ffd5 	bl	100013a8 <busy_wait_until>
100013fe:	bd70      	pop	{r4, r5, r6, pc}
10001400:	4b02      	ldr	r3, [pc, #8]	; (1000140c <busy_wait_us+0x3c>)
10001402:	4a03      	ldr	r2, [pc, #12]	; (10001410 <busy_wait_us+0x40>)
10001404:	213f      	movs	r1, #63	; 0x3f
10001406:	4803      	ldr	r0, [pc, #12]	; (10001414 <busy_wait_us+0x44>)
10001408:	f000 fd8c 	bl	10001f24 <__assert_func>
1000140c:	10004428 	.word	0x10004428
10001410:	100048f0 	.word	0x100048f0
10001414:	10004444 	.word	0x10004444

10001418 <hardware_alarm_set_callback>:
10001418:	b570      	push	{r4, r5, r6, lr}
1000141a:	0004      	movs	r4, r0
1000141c:	000d      	movs	r5, r1
1000141e:	f3ef 8610 	mrs	r6, PRIMASK
10001422:	b672      	cpsid	i
10001424:	4b1b      	ldr	r3, [pc, #108]	; (10001494 <hardware_alarm_set_callback+0x7c>)
10001426:	681b      	ldr	r3, [r3, #0]
10001428:	2b00      	cmp	r3, #0
1000142a:	d0fb      	beq.n	10001424 <hardware_alarm_set_callback+0xc>
1000142c:	f3bf 8f5f 	dmb	sy
10001430:	2d00      	cmp	r5, #0
10001432:	d01c      	beq.n	1000146e <hardware_alarm_set_callback+0x56>
10001434:	0020      	movs	r0, r4
10001436:	f7ff f8a9 	bl	1000058c <irq_get_vtable_handler>
1000143a:	4b17      	ldr	r3, [pc, #92]	; (10001498 <hardware_alarm_set_callback+0x80>)
1000143c:	4283      	cmp	r3, r0
1000143e:	d00b      	beq.n	10001458 <hardware_alarm_set_callback+0x40>
10001440:	0019      	movs	r1, r3
10001442:	0020      	movs	r0, r4
10001444:	f7ff f8aa 	bl	1000059c <irq_set_exclusive_handler>
10001448:	2101      	movs	r1, #1
1000144a:	0020      	movs	r0, r4
1000144c:	f7ff f896 	bl	1000057c <irq_set_enabled>
10001450:	2301      	movs	r3, #1
10001452:	40a3      	lsls	r3, r4
10001454:	4a11      	ldr	r2, [pc, #68]	; (1000149c <hardware_alarm_set_callback+0x84>)
10001456:	6013      	str	r3, [r2, #0]
10001458:	00a4      	lsls	r4, r4, #2
1000145a:	4b11      	ldr	r3, [pc, #68]	; (100014a0 <hardware_alarm_set_callback+0x88>)
1000145c:	50e5      	str	r5, [r4, r3]
1000145e:	f3bf 8f5f 	dmb	sy
10001462:	4b0c      	ldr	r3, [pc, #48]	; (10001494 <hardware_alarm_set_callback+0x7c>)
10001464:	2200      	movs	r2, #0
10001466:	601a      	str	r2, [r3, #0]
10001468:	f386 8810 	msr	PRIMASK, r6
1000146c:	bd70      	pop	{r4, r5, r6, pc}
1000146e:	00a2      	lsls	r2, r4, #2
10001470:	4b0b      	ldr	r3, [pc, #44]	; (100014a0 <hardware_alarm_set_callback+0x88>)
10001472:	2100      	movs	r1, #0
10001474:	50d1      	str	r1, [r2, r3]
10001476:	2201      	movs	r2, #1
10001478:	40a2      	lsls	r2, r4
1000147a:	490a      	ldr	r1, [pc, #40]	; (100014a4 <hardware_alarm_set_callback+0x8c>)
1000147c:	780b      	ldrb	r3, [r1, #0]
1000147e:	4393      	bics	r3, r2
10001480:	700b      	strb	r3, [r1, #0]
10001482:	4905      	ldr	r1, [pc, #20]	; (10001498 <hardware_alarm_set_callback+0x80>)
10001484:	0020      	movs	r0, r4
10001486:	f7ff f8b3 	bl	100005f0 <irq_remove_handler>
1000148a:	2100      	movs	r1, #0
1000148c:	0020      	movs	r0, r4
1000148e:	f7ff f875 	bl	1000057c <irq_set_enabled>
10001492:	e7e4      	b.n	1000145e <hardware_alarm_set_callback+0x46>
10001494:	d0000128 	.word	0xd0000128
10001498:	100012e9 	.word	0x100012e9
1000149c:	40056038 	.word	0x40056038
100014a0:	20000494 	.word	0x20000494
100014a4:	2000474e 	.word	0x2000474e

100014a8 <hardware_alarm_set_target>:
100014a8:	b5f0      	push	{r4, r5, r6, r7, lr}
100014aa:	46de      	mov	lr, fp
100014ac:	b500      	push	{lr}
100014ae:	b084      	sub	sp, #16
100014b0:	0004      	movs	r4, r0
100014b2:	0015      	movs	r5, r2
100014b4:	9201      	str	r2, [sp, #4]
100014b6:	001e      	movs	r6, r3
100014b8:	9302      	str	r3, [sp, #8]
100014ba:	f7ff ff69 	bl	10001390 <time_us_64>
100014be:	9503      	str	r5, [sp, #12]
100014c0:	428e      	cmp	r6, r1
100014c2:	d802      	bhi.n	100014ca <hardware_alarm_set_target+0x22>
100014c4:	d14e      	bne.n	10001564 <hardware_alarm_set_target+0xbc>
100014c6:	4285      	cmp	r5, r0
100014c8:	d94c      	bls.n	10001564 <hardware_alarm_set_target+0xbc>
100014ca:	f3ef 8b10 	mrs	fp, PRIMASK
100014ce:	b672      	cpsid	i
100014d0:	4b27      	ldr	r3, [pc, #156]	; (10001570 <hardware_alarm_set_target+0xc8>)
100014d2:	681b      	ldr	r3, [r3, #0]
100014d4:	2b00      	cmp	r3, #0
100014d6:	d0fb      	beq.n	100014d0 <hardware_alarm_set_target+0x28>
100014d8:	f3bf 8f5f 	dmb	sy
100014dc:	4a25      	ldr	r2, [pc, #148]	; (10001574 <hardware_alarm_set_target+0xcc>)
100014de:	7817      	ldrb	r7, [r2, #0]
100014e0:	2501      	movs	r5, #1
100014e2:	40a5      	lsls	r5, r4
100014e4:	b2eb      	uxtb	r3, r5
100014e6:	433b      	orrs	r3, r7
100014e8:	7013      	strb	r3, [r2, #0]
100014ea:	4b23      	ldr	r3, [pc, #140]	; (10001578 <hardware_alarm_set_target+0xd0>)
100014ec:	635d      	str	r5, [r3, #52]	; 0x34
100014ee:	1d22      	adds	r2, r4, #4
100014f0:	0092      	lsls	r2, r2, #2
100014f2:	9901      	ldr	r1, [sp, #4]
100014f4:	50d1      	str	r1, [r2, r3]
100014f6:	00a2      	lsls	r2, r4, #2
100014f8:	4920      	ldr	r1, [pc, #128]	; (1000157c <hardware_alarm_set_target+0xd4>)
100014fa:	9802      	ldr	r0, [sp, #8]
100014fc:	5050      	str	r0, [r2, r1]
100014fe:	6a1b      	ldr	r3, [r3, #32]
10001500:	422b      	tst	r3, r5
10001502:	d112      	bne.n	1000152a <hardware_alarm_set_target+0x82>
10001504:	4b1c      	ldr	r3, [pc, #112]	; (10001578 <hardware_alarm_set_target+0xd0>)
10001506:	6c1b      	ldr	r3, [r3, #64]	; 0x40
10001508:	422b      	tst	r3, r5
1000150a:	d008      	beq.n	1000151e <hardware_alarm_set_target+0x76>
1000150c:	2000      	movs	r0, #0
1000150e:	f3bf 8f5f 	dmb	sy
10001512:	4b17      	ldr	r3, [pc, #92]	; (10001570 <hardware_alarm_set_target+0xc8>)
10001514:	2200      	movs	r2, #0
10001516:	601a      	str	r2, [r3, #0]
10001518:	f38b 8810 	msr	PRIMASK, fp
1000151c:	e023      	b.n	10001566 <hardware_alarm_set_target+0xbe>
1000151e:	4b18      	ldr	r3, [pc, #96]	; (10001580 <hardware_alarm_set_target+0xd8>)
10001520:	4a18      	ldr	r2, [pc, #96]	; (10001584 <hardware_alarm_set_target+0xdc>)
10001522:	21c5      	movs	r1, #197	; 0xc5
10001524:	4818      	ldr	r0, [pc, #96]	; (10001588 <hardware_alarm_set_target+0xe0>)
10001526:	f000 fcfd 	bl	10001f24 <__assert_func>
1000152a:	f7ff ff31 	bl	10001390 <time_us_64>
1000152e:	428e      	cmp	r6, r1
10001530:	d814      	bhi.n	1000155c <hardware_alarm_set_target+0xb4>
10001532:	d102      	bne.n	1000153a <hardware_alarm_set_target+0x92>
10001534:	9b03      	ldr	r3, [sp, #12]
10001536:	4283      	cmp	r3, r0
10001538:	d810      	bhi.n	1000155c <hardware_alarm_set_target+0xb4>
1000153a:	4b0e      	ldr	r3, [pc, #56]	; (10001574 <hardware_alarm_set_target+0xcc>)
1000153c:	781b      	ldrb	r3, [r3, #0]
1000153e:	42bb      	cmp	r3, r7
10001540:	d00e      	beq.n	10001560 <hardware_alarm_set_target+0xb8>
10001542:	4b0d      	ldr	r3, [pc, #52]	; (10001578 <hardware_alarm_set_target+0xd0>)
10001544:	621d      	str	r5, [r3, #32]
10001546:	635d      	str	r5, [r3, #52]	; 0x34
10001548:	201f      	movs	r0, #31
1000154a:	4004      	ands	r4, r0
1000154c:	2301      	movs	r3, #1
1000154e:	40a3      	lsls	r3, r4
10001550:	4a0e      	ldr	r2, [pc, #56]	; (1000158c <hardware_alarm_set_target+0xe4>)
10001552:	6013      	str	r3, [r2, #0]
10001554:	4b07      	ldr	r3, [pc, #28]	; (10001574 <hardware_alarm_set_target+0xcc>)
10001556:	701f      	strb	r7, [r3, #0]
10001558:	381e      	subs	r0, #30
1000155a:	e7d8      	b.n	1000150e <hardware_alarm_set_target+0x66>
1000155c:	2000      	movs	r0, #0
1000155e:	e7d6      	b.n	1000150e <hardware_alarm_set_target+0x66>
10001560:	2001      	movs	r0, #1
10001562:	e7d4      	b.n	1000150e <hardware_alarm_set_target+0x66>
10001564:	2001      	movs	r0, #1
10001566:	b004      	add	sp, #16
10001568:	bc80      	pop	{r7}
1000156a:	46bb      	mov	fp, r7
1000156c:	bdf0      	pop	{r4, r5, r6, r7, pc}
1000156e:	46c0      	nop			; (mov r8, r8)
10001570:	d0000128 	.word	0xd0000128
10001574:	2000474e 	.word	0x2000474e
10001578:	40054000 	.word	0x40054000
1000157c:	20004734 	.word	0x20004734
10001580:	10004850 	.word	0x10004850
10001584:	100048d4 	.word	0x100048d4
10001588:	10004874 	.word	0x10004874
1000158c:	e000e280 	.word	0xe000e280

10001590 <hardware_alarm_cancel>:
10001590:	f3ef 8c10 	mrs	ip, PRIMASK
10001594:	b672      	cpsid	i
10001596:	4b0b      	ldr	r3, [pc, #44]	; (100015c4 <hardware_alarm_cancel+0x34>)
10001598:	681b      	ldr	r3, [r3, #0]
1000159a:	2b00      	cmp	r3, #0
1000159c:	d0fb      	beq.n	10001596 <hardware_alarm_cancel+0x6>
1000159e:	f3bf 8f5f 	dmb	sy
100015a2:	2301      	movs	r3, #1
100015a4:	4083      	lsls	r3, r0
100015a6:	4a08      	ldr	r2, [pc, #32]	; (100015c8 <hardware_alarm_cancel+0x38>)
100015a8:	6213      	str	r3, [r2, #32]
100015aa:	4908      	ldr	r1, [pc, #32]	; (100015cc <hardware_alarm_cancel+0x3c>)
100015ac:	780a      	ldrb	r2, [r1, #0]
100015ae:	439a      	bics	r2, r3
100015b0:	700a      	strb	r2, [r1, #0]
100015b2:	f3bf 8f5f 	dmb	sy
100015b6:	4b03      	ldr	r3, [pc, #12]	; (100015c4 <hardware_alarm_cancel+0x34>)
100015b8:	2200      	movs	r2, #0
100015ba:	601a      	str	r2, [r3, #0]
100015bc:	f38c 8810 	msr	PRIMASK, ip
100015c0:	4770      	bx	lr
100015c2:	46c0      	nop			; (mov r8, r8)
100015c4:	d0000128 	.word	0xd0000128
100015c8:	40054000 	.word	0x40054000
100015cc:	2000474e 	.word	0x2000474e

100015d0 <ph_add_child_node>:
100015d0:	b510      	push	{r4, lr}
100015d2:	2900      	cmp	r1, #0
100015d4:	d01e      	beq.n	10001614 <ph_add_child_node+0x44>
100015d6:	7b03      	ldrb	r3, [r0, #12]
100015d8:	4299      	cmp	r1, r3
100015da:	d81b      	bhi.n	10001614 <ph_add_child_node+0x44>
100015dc:	004b      	lsls	r3, r1, #1
100015de:	185b      	adds	r3, r3, r1
100015e0:	3b03      	subs	r3, #3
100015e2:	6804      	ldr	r4, [r0, #0]
100015e4:	46a4      	mov	ip, r4
100015e6:	4463      	add	r3, ip
100015e8:	2900      	cmp	r1, #0
100015ea:	d019      	beq.n	10001620 <ph_add_child_node+0x50>
100015ec:	2a00      	cmp	r2, #0
100015ee:	d01d      	beq.n	1000162c <ph_add_child_node+0x5c>
100015f0:	4291      	cmp	r1, r2
100015f2:	d021      	beq.n	10001638 <ph_add_child_node+0x68>
100015f4:	2a00      	cmp	r2, #0
100015f6:	d025      	beq.n	10001644 <ph_add_child_node+0x74>
100015f8:	7b04      	ldrb	r4, [r0, #12]
100015fa:	42a2      	cmp	r2, r4
100015fc:	d822      	bhi.n	10001644 <ph_add_child_node+0x74>
100015fe:	6804      	ldr	r4, [r0, #0]
10001600:	0050      	lsls	r0, r2, #1
10001602:	1880      	adds	r0, r0, r2
10001604:	3803      	subs	r0, #3
10001606:	1820      	adds	r0, r4, r0
10001608:	7081      	strb	r1, [r0, #2]
1000160a:	7819      	ldrb	r1, [r3, #0]
1000160c:	2900      	cmp	r1, #0
1000160e:	d11f      	bne.n	10001650 <ph_add_child_node+0x80>
10001610:	701a      	strb	r2, [r3, #0]
10001612:	bd10      	pop	{r4, pc}
10001614:	4b10      	ldr	r3, [pc, #64]	; (10001658 <ph_add_child_node+0x88>)
10001616:	4a11      	ldr	r2, [pc, #68]	; (1000165c <ph_add_child_node+0x8c>)
10001618:	2168      	movs	r1, #104	; 0x68
1000161a:	4811      	ldr	r0, [pc, #68]	; (10001660 <ph_add_child_node+0x90>)
1000161c:	f000 fc82 	bl	10001f24 <__assert_func>
10001620:	4b10      	ldr	r3, [pc, #64]	; (10001664 <ph_add_child_node+0x94>)
10001622:	4a11      	ldr	r2, [pc, #68]	; (10001668 <ph_add_child_node+0x98>)
10001624:	316f      	adds	r1, #111	; 0x6f
10001626:	480e      	ldr	r0, [pc, #56]	; (10001660 <ph_add_child_node+0x90>)
10001628:	f000 fc7c 	bl	10001f24 <__assert_func>
1000162c:	4b0f      	ldr	r3, [pc, #60]	; (1000166c <ph_add_child_node+0x9c>)
1000162e:	4a0e      	ldr	r2, [pc, #56]	; (10001668 <ph_add_child_node+0x98>)
10001630:	2170      	movs	r1, #112	; 0x70
10001632:	480b      	ldr	r0, [pc, #44]	; (10001660 <ph_add_child_node+0x90>)
10001634:	f000 fc76 	bl	10001f24 <__assert_func>
10001638:	4b0d      	ldr	r3, [pc, #52]	; (10001670 <ph_add_child_node+0xa0>)
1000163a:	4a0b      	ldr	r2, [pc, #44]	; (10001668 <ph_add_child_node+0x98>)
1000163c:	2171      	movs	r1, #113	; 0x71
1000163e:	4808      	ldr	r0, [pc, #32]	; (10001660 <ph_add_child_node+0x90>)
10001640:	f000 fc70 	bl	10001f24 <__assert_func>
10001644:	4b04      	ldr	r3, [pc, #16]	; (10001658 <ph_add_child_node+0x88>)
10001646:	4a05      	ldr	r2, [pc, #20]	; (1000165c <ph_add_child_node+0x8c>)
10001648:	2168      	movs	r1, #104	; 0x68
1000164a:	4805      	ldr	r0, [pc, #20]	; (10001660 <ph_add_child_node+0x90>)
1000164c:	f000 fc6a 	bl	10001f24 <__assert_func>
10001650:	7041      	strb	r1, [r0, #1]
10001652:	701a      	strb	r2, [r3, #0]
10001654:	e7dd      	b.n	10001612 <ph_add_child_node+0x42>
10001656:	46c0      	nop			; (mov r8, r8)
10001658:	10004590 	.word	0x10004590
1000165c:	10004a10 	.word	0x10004a10
10001660:	100045ac 	.word	0x100045ac
10001664:	10004614 	.word	0x10004614
10001668:	100049fc 	.word	0x100049fc
1000166c:	10004620 	.word	0x10004620
10001670:	1000462c 	.word	0x1000462c

10001674 <ph_merge_nodes>:
10001674:	b570      	push	{r4, r5, r6, lr}
10001676:	0006      	movs	r6, r0
10001678:	000d      	movs	r5, r1
1000167a:	0014      	movs	r4, r2
1000167c:	2900      	cmp	r1, #0
1000167e:	d014      	beq.n	100016aa <ph_merge_nodes+0x36>
10001680:	2a00      	cmp	r2, #0
10001682:	d014      	beq.n	100016ae <ph_merge_nodes+0x3a>
10001684:	6880      	ldr	r0, [r0, #8]
10001686:	6873      	ldr	r3, [r6, #4]
10001688:	4798      	blx	r3
1000168a:	2800      	cmp	r0, #0
1000168c:	d006      	beq.n	1000169c <ph_merge_nodes+0x28>
1000168e:	0022      	movs	r2, r4
10001690:	0029      	movs	r1, r5
10001692:	0030      	movs	r0, r6
10001694:	f7ff ff9c 	bl	100015d0 <ph_add_child_node>
10001698:	0028      	movs	r0, r5
1000169a:	e007      	b.n	100016ac <ph_merge_nodes+0x38>
1000169c:	002a      	movs	r2, r5
1000169e:	0021      	movs	r1, r4
100016a0:	0030      	movs	r0, r6
100016a2:	f7ff ff95 	bl	100015d0 <ph_add_child_node>
100016a6:	0020      	movs	r0, r4
100016a8:	e000      	b.n	100016ac <ph_merge_nodes+0x38>
100016aa:	0010      	movs	r0, r2
100016ac:	bd70      	pop	{r4, r5, r6, pc}
100016ae:	0008      	movs	r0, r1
100016b0:	e7fc      	b.n	100016ac <ph_merge_nodes+0x38>
	...

100016b4 <ph_clear>:
100016b4:	b510      	push	{r4, lr}
100016b6:	2300      	movs	r3, #0
100016b8:	7343      	strb	r3, [r0, #13]
100016ba:	3301      	adds	r3, #1
100016bc:	7383      	strb	r3, [r0, #14]
100016be:	7b03      	ldrb	r3, [r0, #12]
100016c0:	73c3      	strb	r3, [r0, #15]
100016c2:	2301      	movs	r3, #1
100016c4:	7b02      	ldrb	r2, [r0, #12]
100016c6:	429a      	cmp	r2, r3
100016c8:	d914      	bls.n	100016f4 <ph_clear+0x40>
100016ca:	2b00      	cmp	r3, #0
100016cc:	d00c      	beq.n	100016e8 <ph_clear+0x34>
100016ce:	7b02      	ldrb	r2, [r0, #12]
100016d0:	4293      	cmp	r3, r2
100016d2:	d809      	bhi.n	100016e8 <ph_clear+0x34>
100016d4:	005a      	lsls	r2, r3, #1
100016d6:	18d2      	adds	r2, r2, r3
100016d8:	3a03      	subs	r2, #3
100016da:	6801      	ldr	r1, [r0, #0]
100016dc:	468c      	mov	ip, r1
100016de:	4462      	add	r2, ip
100016e0:	3301      	adds	r3, #1
100016e2:	b2db      	uxtb	r3, r3
100016e4:	7053      	strb	r3, [r2, #1]
100016e6:	e7ed      	b.n	100016c4 <ph_clear+0x10>
100016e8:	4b0b      	ldr	r3, [pc, #44]	; (10001718 <ph_clear+0x64>)
100016ea:	4a0c      	ldr	r2, [pc, #48]	; (1000171c <ph_clear+0x68>)
100016ec:	2168      	movs	r1, #104	; 0x68
100016ee:	480c      	ldr	r0, [pc, #48]	; (10001720 <ph_clear+0x6c>)
100016f0:	f000 fc18 	bl	10001f24 <__assert_func>
100016f4:	2a00      	cmp	r2, #0
100016f6:	d009      	beq.n	1000170c <ph_clear+0x58>
100016f8:	4292      	cmp	r2, r2
100016fa:	d807      	bhi.n	1000170c <ph_clear+0x58>
100016fc:	6801      	ldr	r1, [r0, #0]
100016fe:	0053      	lsls	r3, r2, #1
10001700:	189a      	adds	r2, r3, r2
10001702:	3a03      	subs	r2, #3
10001704:	188a      	adds	r2, r1, r2
10001706:	2300      	movs	r3, #0
10001708:	7053      	strb	r3, [r2, #1]
1000170a:	bd10      	pop	{r4, pc}
1000170c:	4b02      	ldr	r3, [pc, #8]	; (10001718 <ph_clear+0x64>)
1000170e:	4a03      	ldr	r2, [pc, #12]	; (1000171c <ph_clear+0x68>)
10001710:	2168      	movs	r1, #104	; 0x68
10001712:	4803      	ldr	r0, [pc, #12]	; (10001720 <ph_clear+0x6c>)
10001714:	f000 fc06 	bl	10001f24 <__assert_func>
10001718:	10004590 	.word	0x10004590
1000171c:	10004a10 	.word	0x10004a10
10001720:	100045ac 	.word	0x100045ac

10001724 <ph_post_alloc_init>:
10001724:	b510      	push	{r4, lr}
10001726:	7301      	strb	r1, [r0, #12]
10001728:	6042      	str	r2, [r0, #4]
1000172a:	6083      	str	r3, [r0, #8]
1000172c:	f7ff ffc2 	bl	100016b4 <ph_clear>
10001730:	bd10      	pop	{r4, pc}
	...

10001734 <ph_merge_two_pass>:
10001734:	b570      	push	{r4, r5, r6, lr}
10001736:	0004      	movs	r4, r0
10001738:	1e08      	subs	r0, r1, #0
1000173a:	d100      	bne.n	1000173e <ph_merge_two_pass+0xa>
1000173c:	bd70      	pop	{r4, r5, r6, pc}
1000173e:	2900      	cmp	r1, #0
10001740:	d034      	beq.n	100017ac <ph_merge_two_pass+0x78>
10001742:	7b23      	ldrb	r3, [r4, #12]
10001744:	4299      	cmp	r1, r3
10001746:	d831      	bhi.n	100017ac <ph_merge_two_pass+0x78>
10001748:	004b      	lsls	r3, r1, #1
1000174a:	185b      	adds	r3, r3, r1
1000174c:	3b03      	subs	r3, #3
1000174e:	6822      	ldr	r2, [r4, #0]
10001750:	4694      	mov	ip, r2
10001752:	4463      	add	r3, ip
10001754:	785a      	ldrb	r2, [r3, #1]
10001756:	2a00      	cmp	r2, #0
10001758:	d0f0      	beq.n	1000173c <ph_merge_two_pass+0x8>
1000175a:	d02d      	beq.n	100017b8 <ph_merge_two_pass+0x84>
1000175c:	7b23      	ldrb	r3, [r4, #12]
1000175e:	429a      	cmp	r2, r3
10001760:	d82a      	bhi.n	100017b8 <ph_merge_two_pass+0x84>
10001762:	0053      	lsls	r3, r2, #1
10001764:	189b      	adds	r3, r3, r2
10001766:	3b03      	subs	r3, #3
10001768:	6821      	ldr	r1, [r4, #0]
1000176a:	468c      	mov	ip, r1
1000176c:	4463      	add	r3, ip
1000176e:	785d      	ldrb	r5, [r3, #1]
10001770:	2100      	movs	r1, #0
10001772:	7059      	strb	r1, [r3, #1]
10001774:	2800      	cmp	r0, #0
10001776:	d025      	beq.n	100017c4 <ph_merge_two_pass+0x90>
10001778:	7b23      	ldrb	r3, [r4, #12]
1000177a:	4298      	cmp	r0, r3
1000177c:	d822      	bhi.n	100017c4 <ph_merge_two_pass+0x90>
1000177e:	0043      	lsls	r3, r0, #1
10001780:	181b      	adds	r3, r3, r0
10001782:	3b03      	subs	r3, #3
10001784:	6821      	ldr	r1, [r4, #0]
10001786:	468c      	mov	ip, r1
10001788:	4463      	add	r3, ip
1000178a:	2100      	movs	r1, #0
1000178c:	7059      	strb	r1, [r3, #1]
1000178e:	0001      	movs	r1, r0
10001790:	0020      	movs	r0, r4
10001792:	f7ff ff6f 	bl	10001674 <ph_merge_nodes>
10001796:	0006      	movs	r6, r0
10001798:	0029      	movs	r1, r5
1000179a:	0020      	movs	r0, r4
1000179c:	f7ff ffca 	bl	10001734 <ph_merge_two_pass>
100017a0:	0002      	movs	r2, r0
100017a2:	0031      	movs	r1, r6
100017a4:	0020      	movs	r0, r4
100017a6:	f7ff ff65 	bl	10001674 <ph_merge_nodes>
100017aa:	e7c7      	b.n	1000173c <ph_merge_two_pass+0x8>
100017ac:	4b08      	ldr	r3, [pc, #32]	; (100017d0 <ph_merge_two_pass+0x9c>)
100017ae:	4a09      	ldr	r2, [pc, #36]	; (100017d4 <ph_merge_two_pass+0xa0>)
100017b0:	2168      	movs	r1, #104	; 0x68
100017b2:	4809      	ldr	r0, [pc, #36]	; (100017d8 <ph_merge_two_pass+0xa4>)
100017b4:	f000 fbb6 	bl	10001f24 <__assert_func>
100017b8:	4b05      	ldr	r3, [pc, #20]	; (100017d0 <ph_merge_two_pass+0x9c>)
100017ba:	4a06      	ldr	r2, [pc, #24]	; (100017d4 <ph_merge_two_pass+0xa0>)
100017bc:	2168      	movs	r1, #104	; 0x68
100017be:	4806      	ldr	r0, [pc, #24]	; (100017d8 <ph_merge_two_pass+0xa4>)
100017c0:	f000 fbb0 	bl	10001f24 <__assert_func>
100017c4:	4b02      	ldr	r3, [pc, #8]	; (100017d0 <ph_merge_two_pass+0x9c>)
100017c6:	4a03      	ldr	r2, [pc, #12]	; (100017d4 <ph_merge_two_pass+0xa0>)
100017c8:	2168      	movs	r1, #104	; 0x68
100017ca:	4803      	ldr	r0, [pc, #12]	; (100017d8 <ph_merge_two_pass+0xa4>)
100017cc:	f000 fbaa 	bl	10001f24 <__assert_func>
100017d0:	10004590 	.word	0x10004590
100017d4:	10004a10 	.word	0x10004a10
100017d8:	100045ac 	.word	0x100045ac

100017dc <ph_remove_any_head>:
100017dc:	b570      	push	{r4, r5, r6, lr}
100017de:	0005      	movs	r5, r0
100017e0:	000c      	movs	r4, r1
100017e2:	0016      	movs	r6, r2
100017e4:	2900      	cmp	r1, #0
100017e6:	d02f      	beq.n	10001848 <ph_remove_any_head+0x6c>
100017e8:	d034      	beq.n	10001854 <ph_remove_any_head+0x78>
100017ea:	7b03      	ldrb	r3, [r0, #12]
100017ec:	4299      	cmp	r1, r3
100017ee:	d831      	bhi.n	10001854 <ph_remove_any_head+0x78>
100017f0:	004b      	lsls	r3, r1, #1
100017f2:	185b      	adds	r3, r3, r1
100017f4:	3b03      	subs	r3, #3
100017f6:	6802      	ldr	r2, [r0, #0]
100017f8:	4694      	mov	ip, r2
100017fa:	4463      	add	r3, ip
100017fc:	785a      	ldrb	r2, [r3, #1]
100017fe:	2a00      	cmp	r2, #0
10001800:	d12e      	bne.n	10001860 <ph_remove_any_head+0x84>
10001802:	789a      	ldrb	r2, [r3, #2]
10001804:	2a00      	cmp	r2, #0
10001806:	d131      	bne.n	1000186c <ph_remove_any_head+0x90>
10001808:	7819      	ldrb	r1, [r3, #0]
1000180a:	f7ff ff93 	bl	10001734 <ph_merge_two_pass>
1000180e:	0003      	movs	r3, r0
10001810:	2e00      	cmp	r6, #0
10001812:	d00a      	beq.n	1000182a <ph_remove_any_head+0x4e>
10001814:	7bea      	ldrb	r2, [r5, #15]
10001816:	2a00      	cmp	r2, #0
10001818:	d12e      	bne.n	10001878 <ph_remove_any_head+0x9c>
1000181a:	7baa      	ldrb	r2, [r5, #14]
1000181c:	2a00      	cmp	r2, #0
1000181e:	d103      	bne.n	10001828 <ph_remove_any_head+0x4c>
10001820:	7bea      	ldrb	r2, [r5, #15]
10001822:	2a00      	cmp	r2, #0
10001824:	d13b      	bne.n	1000189e <ph_remove_any_head+0xc2>
10001826:	73ac      	strb	r4, [r5, #14]
10001828:	73ec      	strb	r4, [r5, #15]
1000182a:	2b00      	cmp	r3, #0
1000182c:	d13d      	bne.n	100018aa <ph_remove_any_head+0xce>
1000182e:	2c00      	cmp	r4, #0
10001830:	d04f      	beq.n	100018d2 <ph_remove_any_head+0xf6>
10001832:	7b2b      	ldrb	r3, [r5, #12]
10001834:	429c      	cmp	r4, r3
10001836:	d84c      	bhi.n	100018d2 <ph_remove_any_head+0xf6>
10001838:	682b      	ldr	r3, [r5, #0]
1000183a:	0061      	lsls	r1, r4, #1
1000183c:	190c      	adds	r4, r1, r4
1000183e:	3c03      	subs	r4, #3
10001840:	191c      	adds	r4, r3, r4
10001842:	2300      	movs	r3, #0
10001844:	7063      	strb	r3, [r4, #1]
10001846:	bd70      	pop	{r4, r5, r6, pc}
10001848:	4b25      	ldr	r3, [pc, #148]	; (100018e0 <ph_remove_any_head+0x104>)
1000184a:	4a26      	ldr	r2, [pc, #152]	; (100018e4 <ph_remove_any_head+0x108>)
1000184c:	2138      	movs	r1, #56	; 0x38
1000184e:	4826      	ldr	r0, [pc, #152]	; (100018e8 <ph_remove_any_head+0x10c>)
10001850:	f000 fb68 	bl	10001f24 <__assert_func>
10001854:	4b25      	ldr	r3, [pc, #148]	; (100018ec <ph_remove_any_head+0x110>)
10001856:	4a26      	ldr	r2, [pc, #152]	; (100018f0 <ph_remove_any_head+0x114>)
10001858:	2168      	movs	r1, #104	; 0x68
1000185a:	4826      	ldr	r0, [pc, #152]	; (100018f4 <ph_remove_any_head+0x118>)
1000185c:	f000 fb62 	bl	10001f24 <__assert_func>
10001860:	4b25      	ldr	r3, [pc, #148]	; (100018f8 <ph_remove_any_head+0x11c>)
10001862:	4a20      	ldr	r2, [pc, #128]	; (100018e4 <ph_remove_any_head+0x108>)
10001864:	213a      	movs	r1, #58	; 0x3a
10001866:	4820      	ldr	r0, [pc, #128]	; (100018e8 <ph_remove_any_head+0x10c>)
10001868:	f000 fb5c 	bl	10001f24 <__assert_func>
1000186c:	4b23      	ldr	r3, [pc, #140]	; (100018fc <ph_remove_any_head+0x120>)
1000186e:	4a1d      	ldr	r2, [pc, #116]	; (100018e4 <ph_remove_any_head+0x108>)
10001870:	213b      	movs	r1, #59	; 0x3b
10001872:	481d      	ldr	r0, [pc, #116]	; (100018e8 <ph_remove_any_head+0x10c>)
10001874:	f000 fb56 	bl	10001f24 <__assert_func>
10001878:	2a00      	cmp	r2, #0
1000187a:	d00a      	beq.n	10001892 <ph_remove_any_head+0xb6>
1000187c:	7b29      	ldrb	r1, [r5, #12]
1000187e:	428a      	cmp	r2, r1
10001880:	d807      	bhi.n	10001892 <ph_remove_any_head+0xb6>
10001882:	0051      	lsls	r1, r2, #1
10001884:	188a      	adds	r2, r1, r2
10001886:	3a03      	subs	r2, #3
10001888:	6829      	ldr	r1, [r5, #0]
1000188a:	468c      	mov	ip, r1
1000188c:	4462      	add	r2, ip
1000188e:	7054      	strb	r4, [r2, #1]
10001890:	e7c3      	b.n	1000181a <ph_remove_any_head+0x3e>
10001892:	4b16      	ldr	r3, [pc, #88]	; (100018ec <ph_remove_any_head+0x110>)
10001894:	4a16      	ldr	r2, [pc, #88]	; (100018f0 <ph_remove_any_head+0x114>)
10001896:	2168      	movs	r1, #104	; 0x68
10001898:	4816      	ldr	r0, [pc, #88]	; (100018f4 <ph_remove_any_head+0x118>)
1000189a:	f000 fb43 	bl	10001f24 <__assert_func>
1000189e:	4b18      	ldr	r3, [pc, #96]	; (10001900 <ph_remove_any_head+0x124>)
100018a0:	4a10      	ldr	r2, [pc, #64]	; (100018e4 <ph_remove_any_head+0x108>)
100018a2:	2142      	movs	r1, #66	; 0x42
100018a4:	4810      	ldr	r0, [pc, #64]	; (100018e8 <ph_remove_any_head+0x10c>)
100018a6:	f000 fb3d 	bl	10001f24 <__assert_func>
100018aa:	2b00      	cmp	r3, #0
100018ac:	d00b      	beq.n	100018c6 <ph_remove_any_head+0xea>
100018ae:	7b2a      	ldrb	r2, [r5, #12]
100018b0:	4293      	cmp	r3, r2
100018b2:	d808      	bhi.n	100018c6 <ph_remove_any_head+0xea>
100018b4:	0043      	lsls	r3, r0, #1
100018b6:	181b      	adds	r3, r3, r0
100018b8:	3b03      	subs	r3, #3
100018ba:	682a      	ldr	r2, [r5, #0]
100018bc:	4694      	mov	ip, r2
100018be:	4463      	add	r3, ip
100018c0:	2200      	movs	r2, #0
100018c2:	709a      	strb	r2, [r3, #2]
100018c4:	e7b3      	b.n	1000182e <ph_remove_any_head+0x52>
100018c6:	4b09      	ldr	r3, [pc, #36]	; (100018ec <ph_remove_any_head+0x110>)
100018c8:	4a09      	ldr	r2, [pc, #36]	; (100018f0 <ph_remove_any_head+0x114>)
100018ca:	2168      	movs	r1, #104	; 0x68
100018cc:	4809      	ldr	r0, [pc, #36]	; (100018f4 <ph_remove_any_head+0x118>)
100018ce:	f000 fb29 	bl	10001f24 <__assert_func>
100018d2:	4b06      	ldr	r3, [pc, #24]	; (100018ec <ph_remove_any_head+0x110>)
100018d4:	4a06      	ldr	r2, [pc, #24]	; (100018f0 <ph_remove_any_head+0x114>)
100018d6:	2168      	movs	r1, #104	; 0x68
100018d8:	4806      	ldr	r0, [pc, #24]	; (100018f4 <ph_remove_any_head+0x118>)
100018da:	f000 fb23 	bl	10001f24 <__assert_func>
100018de:	46c0      	nop			; (mov r8, r8)
100018e0:	10004908 	.word	0x10004908
100018e4:	100049e8 	.word	0x100049e8
100018e8:	10004910 	.word	0x10004910
100018ec:	10004590 	.word	0x10004590
100018f0:	10004a10 	.word	0x10004a10
100018f4:	100045ac 	.word	0x100045ac
100018f8:	10004964 	.word	0x10004964
100018fc:	1000498c 	.word	0x1000498c
10001900:	100046f0 	.word	0x100046f0

10001904 <ph_remove_head>:
10001904:	b570      	push	{r4, r5, r6, lr}
10001906:	0004      	movs	r4, r0
10001908:	000a      	movs	r2, r1
1000190a:	7b45      	ldrb	r5, [r0, #13]
1000190c:	0029      	movs	r1, r5
1000190e:	f7ff ff65 	bl	100017dc <ph_remove_any_head>
10001912:	7360      	strb	r0, [r4, #13]
10001914:	0028      	movs	r0, r5
10001916:	bd70      	pop	{r4, r5, r6, pc}

10001918 <ph_remove_and_free_node>:
10001918:	b570      	push	{r4, r5, r6, lr}
1000191a:	0004      	movs	r4, r0
1000191c:	2900      	cmp	r1, #0
1000191e:	d067      	beq.n	100019f0 <ph_remove_and_free_node+0xd8>
10001920:	7b43      	ldrb	r3, [r0, #13]
10001922:	428b      	cmp	r3, r1
10001924:	d00e      	beq.n	10001944 <ph_remove_and_free_node+0x2c>
10001926:	2900      	cmp	r1, #0
10001928:	d011      	beq.n	1000194e <ph_remove_and_free_node+0x36>
1000192a:	7b03      	ldrb	r3, [r0, #12]
1000192c:	4299      	cmp	r1, r3
1000192e:	d80e      	bhi.n	1000194e <ph_remove_and_free_node+0x36>
10001930:	004b      	lsls	r3, r1, #1
10001932:	185b      	adds	r3, r3, r1
10001934:	3b03      	subs	r3, #3
10001936:	6802      	ldr	r2, [r0, #0]
10001938:	18d0      	adds	r0, r2, r3
1000193a:	7883      	ldrb	r3, [r0, #2]
1000193c:	2b00      	cmp	r3, #0
1000193e:	d10c      	bne.n	1000195a <ph_remove_and_free_node+0x42>
10001940:	2000      	movs	r0, #0
10001942:	e056      	b.n	100019f2 <ph_remove_and_free_node+0xda>
10001944:	2101      	movs	r1, #1
10001946:	f7ff ffdd 	bl	10001904 <ph_remove_head>
1000194a:	2001      	movs	r0, #1
1000194c:	e051      	b.n	100019f2 <ph_remove_and_free_node+0xda>
1000194e:	4b29      	ldr	r3, [pc, #164]	; (100019f4 <ph_remove_and_free_node+0xdc>)
10001950:	4a29      	ldr	r2, [pc, #164]	; (100019f8 <ph_remove_and_free_node+0xe0>)
10001952:	2168      	movs	r1, #104	; 0x68
10001954:	4829      	ldr	r0, [pc, #164]	; (100019fc <ph_remove_and_free_node+0xe4>)
10001956:	f000 fae5 	bl	10001f24 <__assert_func>
1000195a:	2b00      	cmp	r3, #0
1000195c:	d020      	beq.n	100019a0 <ph_remove_and_free_node+0x88>
1000195e:	7b22      	ldrb	r2, [r4, #12]
10001960:	4293      	cmp	r3, r2
10001962:	d81d      	bhi.n	100019a0 <ph_remove_and_free_node+0x88>
10001964:	005a      	lsls	r2, r3, #1
10001966:	18d3      	adds	r3, r2, r3
10001968:	3b03      	subs	r3, #3
1000196a:	6822      	ldr	r2, [r4, #0]
1000196c:	18d2      	adds	r2, r2, r3
1000196e:	6825      	ldr	r5, [r4, #0]
10001970:	5ceb      	ldrb	r3, [r5, r3]
10001972:	428b      	cmp	r3, r1
10001974:	d01a      	beq.n	100019ac <ph_remove_and_free_node+0x94>
10001976:	2b00      	cmp	r3, #0
10001978:	d01b      	beq.n	100019b2 <ph_remove_and_free_node+0x9a>
1000197a:	7b22      	ldrb	r2, [r4, #12]
1000197c:	4293      	cmp	r3, r2
1000197e:	d818      	bhi.n	100019b2 <ph_remove_and_free_node+0x9a>
10001980:	005a      	lsls	r2, r3, #1
10001982:	18d3      	adds	r3, r2, r3
10001984:	3b03      	subs	r3, #3
10001986:	6822      	ldr	r2, [r4, #0]
10001988:	18d2      	adds	r2, r2, r3
1000198a:	7853      	ldrb	r3, [r2, #1]
1000198c:	428b      	cmp	r3, r1
1000198e:	d016      	beq.n	100019be <ph_remove_and_free_node+0xa6>
10001990:	2b00      	cmp	r3, #0
10001992:	d1f0      	bne.n	10001976 <ph_remove_and_free_node+0x5e>
10001994:	4b1a      	ldr	r3, [pc, #104]	; (10001a00 <ph_remove_and_free_node+0xe8>)
10001996:	4a1b      	ldr	r2, [pc, #108]	; (10001a04 <ph_remove_and_free_node+0xec>)
10001998:	216b      	movs	r1, #107	; 0x6b
1000199a:	481b      	ldr	r0, [pc, #108]	; (10001a08 <ph_remove_and_free_node+0xf0>)
1000199c:	f000 fac2 	bl	10001f24 <__assert_func>
100019a0:	4b14      	ldr	r3, [pc, #80]	; (100019f4 <ph_remove_and_free_node+0xdc>)
100019a2:	4a15      	ldr	r2, [pc, #84]	; (100019f8 <ph_remove_and_free_node+0xe0>)
100019a4:	2168      	movs	r1, #104	; 0x68
100019a6:	4815      	ldr	r0, [pc, #84]	; (100019fc <ph_remove_and_free_node+0xe4>)
100019a8:	f000 fabc 	bl	10001f24 <__assert_func>
100019ac:	7843      	ldrb	r3, [r0, #1]
100019ae:	7013      	strb	r3, [r2, #0]
100019b0:	e007      	b.n	100019c2 <ph_remove_and_free_node+0xaa>
100019b2:	4b10      	ldr	r3, [pc, #64]	; (100019f4 <ph_remove_and_free_node+0xdc>)
100019b4:	4a10      	ldr	r2, [pc, #64]	; (100019f8 <ph_remove_and_free_node+0xe0>)
100019b6:	2168      	movs	r1, #104	; 0x68
100019b8:	4810      	ldr	r0, [pc, #64]	; (100019fc <ph_remove_and_free_node+0xe4>)
100019ba:	f000 fab3 	bl	10001f24 <__assert_func>
100019be:	7843      	ldrb	r3, [r0, #1]
100019c0:	7053      	strb	r3, [r2, #1]
100019c2:	2300      	movs	r3, #0
100019c4:	7083      	strb	r3, [r0, #2]
100019c6:	7043      	strb	r3, [r0, #1]
100019c8:	2201      	movs	r2, #1
100019ca:	0020      	movs	r0, r4
100019cc:	f7ff ff06 	bl	100017dc <ph_remove_any_head>
100019d0:	0002      	movs	r2, r0
100019d2:	7b61      	ldrb	r1, [r4, #13]
100019d4:	4281      	cmp	r1, r0
100019d6:	d005      	beq.n	100019e4 <ph_remove_and_free_node+0xcc>
100019d8:	0020      	movs	r0, r4
100019da:	f7ff fe4b 	bl	10001674 <ph_merge_nodes>
100019de:	7360      	strb	r0, [r4, #13]
100019e0:	2001      	movs	r0, #1
100019e2:	e006      	b.n	100019f2 <ph_remove_and_free_node+0xda>
100019e4:	4b09      	ldr	r3, [pc, #36]	; (10001a0c <ph_remove_and_free_node+0xf4>)
100019e6:	4a07      	ldr	r2, [pc, #28]	; (10001a04 <ph_remove_and_free_node+0xec>)
100019e8:	2171      	movs	r1, #113	; 0x71
100019ea:	4807      	ldr	r0, [pc, #28]	; (10001a08 <ph_remove_and_free_node+0xf0>)
100019ec:	f000 fa9a 	bl	10001f24 <__assert_func>
100019f0:	2000      	movs	r0, #0
100019f2:	bd70      	pop	{r4, r5, r6, pc}
100019f4:	10004590 	.word	0x10004590
100019f8:	10004a10 	.word	0x10004a10
100019fc:	100045ac 	.word	0x100045ac
10001a00:	10004330 	.word	0x10004330
10001a04:	100049d0 	.word	0x100049d0
10001a08:	10004910 	.word	0x10004910
10001a0c:	100049b0 	.word	0x100049b0

10001a10 <uart_disable_before_lcr_write>:
10001a10:	b570      	push	{r4, r5, r6, lr}
10001a12:	6b04      	ldr	r4, [r0, #48]	; 0x30
10001a14:	07e3      	lsls	r3, r4, #31
10001a16:	d401      	bmi.n	10001a1c <uart_disable_before_lcr_write+0xc>
10001a18:	0020      	movs	r0, r4
10001a1a:	bd70      	pop	{r4, r5, r6, pc}
10001a1c:	0002      	movs	r2, r0
10001a1e:	3230      	adds	r2, #48	; 0x30
10001a20:	23c0      	movs	r3, #192	; 0xc0
10001a22:	019b      	lsls	r3, r3, #6
10001a24:	4313      	orrs	r3, r2
10001a26:	4a0a      	ldr	r2, [pc, #40]	; (10001a50 <uart_disable_before_lcr_write+0x40>)
10001a28:	601a      	str	r2, [r3, #0]
10001a2a:	6a45      	ldr	r5, [r0, #36]	; 0x24
10001a2c:	6a82      	ldr	r2, [r0, #40]	; 0x28
10001a2e:	01ad      	lsls	r5, r5, #6
10001a30:	18ad      	adds	r5, r5, r2
10001a32:	02ad      	lsls	r5, r5, #10
10001a34:	2006      	movs	r0, #6
10001a36:	f000 f9bd 	bl	10001db4 <clock_get_hz>
10001a3a:	4906      	ldr	r1, [pc, #24]	; (10001a54 <uart_disable_before_lcr_write+0x44>)
10001a3c:	f001 fc20 	bl	10003280 <__wrap___aeabi_uidiv>
10001a40:	0001      	movs	r1, r0
10001a42:	0028      	movs	r0, r5
10001a44:	f001 fc1c 	bl	10003280 <__wrap___aeabi_uidiv>
10001a48:	2100      	movs	r1, #0
10001a4a:	f7ff fcc1 	bl	100013d0 <busy_wait_us>
10001a4e:	e7e3      	b.n	10001a18 <uart_disable_before_lcr_write+0x8>
10001a50:	00000301 	.word	0x00000301
10001a54:	00000e4e 	.word	0x00000e4e

10001a58 <uart_write_lcr_bits_masked>:
10001a58:	b570      	push	{r4, r5, r6, lr}
10001a5a:	0004      	movs	r4, r0
10001a5c:	000e      	movs	r6, r1
10001a5e:	0015      	movs	r5, r2
10001a60:	f7ff ffd6 	bl	10001a10 <uart_disable_before_lcr_write>
10001a64:	0022      	movs	r2, r4
10001a66:	322c      	adds	r2, #44	; 0x2c
10001a68:	6ae1      	ldr	r1, [r4, #44]	; 0x2c
10001a6a:	404e      	eors	r6, r1
10001a6c:	4035      	ands	r5, r6
10001a6e:	2380      	movs	r3, #128	; 0x80
10001a70:	015b      	lsls	r3, r3, #5
10001a72:	4313      	orrs	r3, r2
10001a74:	601d      	str	r5, [r3, #0]
10001a76:	6320      	str	r0, [r4, #48]	; 0x30
10001a78:	bd70      	pop	{r4, r5, r6, pc}
	...

10001a7c <uart_set_baudrate>:
10001a7c:	b570      	push	{r4, r5, r6, lr}
10001a7e:	0005      	movs	r5, r0
10001a80:	000c      	movs	r4, r1
10001a82:	2006      	movs	r0, #6
10001a84:	f000 f996 	bl	10001db4 <clock_get_hz>
10001a88:	00c0      	lsls	r0, r0, #3
10001a8a:	0021      	movs	r1, r4
10001a8c:	f001 fbf8 	bl	10003280 <__wrap___aeabi_uidiv>
10001a90:	09c6      	lsrs	r6, r0, #7
10001a92:	d008      	beq.n	10001aa6 <uart_set_baudrate+0x2a>
10001a94:	4b0e      	ldr	r3, [pc, #56]	; (10001ad0 <uart_set_baudrate+0x54>)
10001a96:	429e      	cmp	r6, r3
10001a98:	d816      	bhi.n	10001ac8 <uart_set_baudrate+0x4c>
10001a9a:	237f      	movs	r3, #127	; 0x7f
10001a9c:	4018      	ands	r0, r3
10001a9e:	3001      	adds	r0, #1
10001aa0:	0034      	movs	r4, r6
10001aa2:	0846      	lsrs	r6, r0, #1
10001aa4:	e000      	b.n	10001aa8 <uart_set_baudrate+0x2c>
10001aa6:	2401      	movs	r4, #1
10001aa8:	626c      	str	r4, [r5, #36]	; 0x24
10001aaa:	62ae      	str	r6, [r5, #40]	; 0x28
10001aac:	2200      	movs	r2, #0
10001aae:	2100      	movs	r1, #0
10001ab0:	0028      	movs	r0, r5
10001ab2:	f7ff ffd1 	bl	10001a58 <uart_write_lcr_bits_masked>
10001ab6:	2006      	movs	r0, #6
10001ab8:	f000 f97c 	bl	10001db4 <clock_get_hz>
10001abc:	0080      	lsls	r0, r0, #2
10001abe:	01a1      	lsls	r1, r4, #6
10001ac0:	1989      	adds	r1, r1, r6
10001ac2:	f001 fbdd 	bl	10003280 <__wrap___aeabi_uidiv>
10001ac6:	bd70      	pop	{r4, r5, r6, pc}
10001ac8:	2600      	movs	r6, #0
10001aca:	4c02      	ldr	r4, [pc, #8]	; (10001ad4 <uart_set_baudrate+0x58>)
10001acc:	e7ec      	b.n	10001aa8 <uart_set_baudrate+0x2c>
10001ace:	46c0      	nop			; (mov r8, r8)
10001ad0:	0000fffe 	.word	0x0000fffe
10001ad4:	0000ffff 	.word	0x0000ffff

10001ad8 <uart_set_format>:
10001ad8:	b510      	push	{r4, lr}
10001ada:	3905      	subs	r1, #5
10001adc:	0149      	lsls	r1, r1, #5
10001ade:	3a01      	subs	r2, #1
10001ae0:	00d2      	lsls	r2, r2, #3
10001ae2:	4311      	orrs	r1, r2
10001ae4:	2b00      	cmp	r3, #0
10001ae6:	d009      	beq.n	10001afc <uart_set_format+0x24>
10001ae8:	2202      	movs	r2, #2
10001aea:	430a      	orrs	r2, r1
10001aec:	2b01      	cmp	r3, #1
10001aee:	d007      	beq.n	10001b00 <uart_set_format+0x28>
10001af0:	2100      	movs	r1, #0
10001af2:	4311      	orrs	r1, r2
10001af4:	226e      	movs	r2, #110	; 0x6e
10001af6:	f7ff ffaf 	bl	10001a58 <uart_write_lcr_bits_masked>
10001afa:	bd10      	pop	{r4, pc}
10001afc:	2200      	movs	r2, #0
10001afe:	e7f4      	b.n	10001aea <uart_set_format+0x12>
10001b00:	2104      	movs	r1, #4
10001b02:	e7f6      	b.n	10001af2 <uart_set_format+0x1a>

10001b04 <uart_set_translate_crlf>:
10001b04:	2900      	cmp	r1, #0
10001b06:	d009      	beq.n	10001b1c <uart_set_translate_crlf+0x18>
10001b08:	220a      	movs	r2, #10
10001b0a:	4b06      	ldr	r3, [pc, #24]	; (10001b24 <uart_set_translate_crlf+0x20>)
10001b0c:	469c      	mov	ip, r3
10001b0e:	4460      	add	r0, ip
10001b10:	4243      	negs	r3, r0
10001b12:	4158      	adcs	r0, r3
10001b14:	0040      	lsls	r0, r0, #1
10001b16:	4b04      	ldr	r3, [pc, #16]	; (10001b28 <uart_set_translate_crlf+0x24>)
10001b18:	52c2      	strh	r2, [r0, r3]
10001b1a:	4770      	bx	lr
10001b1c:	2280      	movs	r2, #128	; 0x80
10001b1e:	0052      	lsls	r2, r2, #1
10001b20:	e7f3      	b.n	10001b0a <uart_set_translate_crlf+0x6>
10001b22:	46c0      	nop			; (mov r8, r8)
10001b24:	bffc8000 	.word	0xbffc8000
10001b28:	20004744 	.word	0x20004744

10001b2c <uart_init>:
10001b2c:	b570      	push	{r4, r5, r6, lr}
10001b2e:	0005      	movs	r5, r0
10001b30:	000c      	movs	r4, r1
10001b32:	2006      	movs	r0, #6
10001b34:	f000 f93e 	bl	10001db4 <clock_get_hz>
10001b38:	1e06      	subs	r6, r0, #0
10001b3a:	d027      	beq.n	10001b8c <uart_init+0x60>
10001b3c:	4b16      	ldr	r3, [pc, #88]	; (10001b98 <uart_init+0x6c>)
10001b3e:	429d      	cmp	r5, r3
10001b40:	d026      	beq.n	10001b90 <uart_init+0x64>
10001b42:	2280      	movs	r2, #128	; 0x80
10001b44:	03d2      	lsls	r2, r2, #15
10001b46:	4b15      	ldr	r3, [pc, #84]	; (10001b9c <uart_init+0x70>)
10001b48:	601a      	str	r2, [r3, #0]
10001b4a:	4b15      	ldr	r3, [pc, #84]	; (10001ba0 <uart_init+0x74>)
10001b4c:	601a      	str	r2, [r3, #0]
10001b4e:	4b15      	ldr	r3, [pc, #84]	; (10001ba4 <uart_init+0x78>)
10001b50:	689b      	ldr	r3, [r3, #8]
10001b52:	0011      	movs	r1, r2
10001b54:	4399      	bics	r1, r3
10001b56:	d1fa      	bne.n	10001b4e <uart_init+0x22>
10001b58:	2100      	movs	r1, #0
10001b5a:	0028      	movs	r0, r5
10001b5c:	f7ff ffd2 	bl	10001b04 <uart_set_translate_crlf>
10001b60:	0021      	movs	r1, r4
10001b62:	0028      	movs	r0, r5
10001b64:	f7ff ff8a 	bl	10001a7c <uart_set_baudrate>
10001b68:	0006      	movs	r6, r0
10001b6a:	2300      	movs	r3, #0
10001b6c:	2201      	movs	r2, #1
10001b6e:	2108      	movs	r1, #8
10001b70:	0028      	movs	r0, r5
10001b72:	f7ff ffb1 	bl	10001ad8 <uart_set_format>
10001b76:	002a      	movs	r2, r5
10001b78:	322c      	adds	r2, #44	; 0x2c
10001b7a:	2380      	movs	r3, #128	; 0x80
10001b7c:	019b      	lsls	r3, r3, #6
10001b7e:	4313      	orrs	r3, r2
10001b80:	2210      	movs	r2, #16
10001b82:	601a      	str	r2, [r3, #0]
10001b84:	4b08      	ldr	r3, [pc, #32]	; (10001ba8 <uart_init+0x7c>)
10001b86:	632b      	str	r3, [r5, #48]	; 0x30
10001b88:	2303      	movs	r3, #3
10001b8a:	64ab      	str	r3, [r5, #72]	; 0x48
10001b8c:	0030      	movs	r0, r6
10001b8e:	bd70      	pop	{r4, r5, r6, pc}
10001b90:	2280      	movs	r2, #128	; 0x80
10001b92:	0412      	lsls	r2, r2, #16
10001b94:	e7d7      	b.n	10001b46 <uart_init+0x1a>
10001b96:	46c0      	nop			; (mov r8, r8)
10001b98:	40038000 	.word	0x40038000
10001b9c:	4000e000 	.word	0x4000e000
10001ba0:	4000f000 	.word	0x4000f000
10001ba4:	4000c000 	.word	0x4000c000
10001ba8:	00000301 	.word	0x00000301

10001bac <clock_configure>:
10001bac:	b5f8      	push	{r3, r4, r5, r6, r7, lr}
10001bae:	46de      	mov	lr, fp
10001bb0:	4657      	mov	r7, sl
10001bb2:	464e      	mov	r6, r9
10001bb4:	4645      	mov	r5, r8
10001bb6:	b5e0      	push	{r5, r6, r7, lr}
10001bb8:	0005      	movs	r5, r0
10001bba:	000f      	movs	r7, r1
10001bbc:	4692      	mov	sl, r2
10001bbe:	9a0a      	ldr	r2, [sp, #40]	; 0x28
10001bc0:	4293      	cmp	r3, r2
10001bc2:	d350      	bcc.n	10001c66 <clock_configure+0xba>
10001bc4:	0e1a      	lsrs	r2, r3, #24
10001bc6:	4691      	mov	r9, r2
10001bc8:	021e      	lsls	r6, r3, #8
10001bca:	9a0a      	ldr	r2, [sp, #40]	; 0x28
10001bcc:	2300      	movs	r3, #0
10001bce:	0030      	movs	r0, r6
10001bd0:	4649      	mov	r1, r9
10001bd2:	f001 fb93 	bl	100032fc <__wrap___aeabi_uldivmod>
10001bd6:	4680      	mov	r8, r0
10001bd8:	006c      	lsls	r4, r5, #1
10001bda:	1964      	adds	r4, r4, r5
10001bdc:	00a4      	lsls	r4, r4, #2
10001bde:	4b30      	ldr	r3, [pc, #192]	; (10001ca0 <clock_configure+0xf4>)
10001be0:	469c      	mov	ip, r3
10001be2:	4464      	add	r4, ip
10001be4:	6863      	ldr	r3, [r4, #4]
10001be6:	4283      	cmp	r3, r0
10001be8:	d200      	bcs.n	10001bec <clock_configure+0x40>
10001bea:	6060      	str	r0, [r4, #4]
10001bec:	1f2b      	subs	r3, r5, #4
10001bee:	b2db      	uxtb	r3, r3
10001bf0:	469b      	mov	fp, r3
10001bf2:	2b01      	cmp	r3, #1
10001bf4:	d93d      	bls.n	10001c72 <clock_configure+0xc6>
10001bf6:	23c0      	movs	r3, #192	; 0xc0
10001bf8:	019b      	lsls	r3, r3, #6
10001bfa:	4323      	orrs	r3, r4
10001bfc:	2280      	movs	r2, #128	; 0x80
10001bfe:	0112      	lsls	r2, r2, #4
10001c00:	601a      	str	r2, [r3, #0]
10001c02:	00ab      	lsls	r3, r5, #2
10001c04:	4a27      	ldr	r2, [pc, #156]	; (10001ca4 <clock_configure+0xf8>)
10001c06:	5899      	ldr	r1, [r3, r2]
10001c08:	2900      	cmp	r1, #0
10001c0a:	d007      	beq.n	10001c1c <clock_configure+0x70>
10001c0c:	6950      	ldr	r0, [r2, #20]
10001c0e:	f001 fb37 	bl	10003280 <__wrap___aeabi_uidiv>
10001c12:	1c43      	adds	r3, r0, #1
10001c14:	0058      	lsls	r0, r3, #1
10001c16:	18c0      	adds	r0, r0, r3
10001c18:	3803      	subs	r0, #3
10001c1a:	d2fd      	bcs.n	10001c18 <clock_configure+0x6c>
10001c1c:	4653      	mov	r3, sl
10001c1e:	015a      	lsls	r2, r3, #5
10001c20:	6823      	ldr	r3, [r4, #0]
10001c22:	405a      	eors	r2, r3
10001c24:	23e0      	movs	r3, #224	; 0xe0
10001c26:	401a      	ands	r2, r3
10001c28:	2380      	movs	r3, #128	; 0x80
10001c2a:	015b      	lsls	r3, r3, #5
10001c2c:	4323      	orrs	r3, r4
10001c2e:	601a      	str	r2, [r3, #0]
10001c30:	465a      	mov	r2, fp
10001c32:	2a01      	cmp	r2, #1
10001c34:	d928      	bls.n	10001c88 <clock_configure+0xdc>
10001c36:	2380      	movs	r3, #128	; 0x80
10001c38:	019b      	lsls	r3, r3, #6
10001c3a:	4323      	orrs	r3, r4
10001c3c:	2280      	movs	r2, #128	; 0x80
10001c3e:	0112      	lsls	r2, r2, #4
10001c40:	601a      	str	r2, [r3, #0]
10001c42:	4643      	mov	r3, r8
10001c44:	6063      	str	r3, [r4, #4]
10001c46:	4642      	mov	r2, r8
10001c48:	2300      	movs	r3, #0
10001c4a:	0030      	movs	r0, r6
10001c4c:	4649      	mov	r1, r9
10001c4e:	f001 fb55 	bl	100032fc <__wrap___aeabi_uldivmod>
10001c52:	00ad      	lsls	r5, r5, #2
10001c54:	4b13      	ldr	r3, [pc, #76]	; (10001ca4 <clock_configure+0xf8>)
10001c56:	5158      	str	r0, [r3, r5]
10001c58:	2001      	movs	r0, #1
10001c5a:	bcf0      	pop	{r4, r5, r6, r7}
10001c5c:	46bb      	mov	fp, r7
10001c5e:	46b2      	mov	sl, r6
10001c60:	46a9      	mov	r9, r5
10001c62:	46a0      	mov	r8, r4
10001c64:	bdf8      	pop	{r3, r4, r5, r6, r7, pc}
10001c66:	4b10      	ldr	r3, [pc, #64]	; (10001ca8 <clock_configure+0xfc>)
10001c68:	4a10      	ldr	r2, [pc, #64]	; (10001cac <clock_configure+0x100>)
10001c6a:	2133      	movs	r1, #51	; 0x33
10001c6c:	4810      	ldr	r0, [pc, #64]	; (10001cb0 <clock_configure+0x104>)
10001c6e:	f000 f959 	bl	10001f24 <__assert_func>
10001c72:	2f01      	cmp	r7, #1
10001c74:	d1bf      	bne.n	10001bf6 <clock_configure+0x4a>
10001c76:	23c0      	movs	r3, #192	; 0xc0
10001c78:	019b      	lsls	r3, r3, #6
10001c7a:	4323      	orrs	r3, r4
10001c7c:	2203      	movs	r2, #3
10001c7e:	601a      	str	r2, [r3, #0]
10001c80:	68a3      	ldr	r3, [r4, #8]
10001c82:	07db      	lsls	r3, r3, #31
10001c84:	d5fc      	bpl.n	10001c80 <clock_configure+0xd4>
10001c86:	e7c9      	b.n	10001c1c <clock_configure+0x70>
10001c88:	6821      	ldr	r1, [r4, #0]
10001c8a:	4079      	eors	r1, r7
10001c8c:	2203      	movs	r2, #3
10001c8e:	400a      	ands	r2, r1
10001c90:	601a      	str	r2, [r3, #0]
10001c92:	68a2      	ldr	r2, [r4, #8]
10001c94:	2301      	movs	r3, #1
10001c96:	40bb      	lsls	r3, r7
10001c98:	4213      	tst	r3, r2
10001c9a:	d0fa      	beq.n	10001c92 <clock_configure+0xe6>
10001c9c:	e7cb      	b.n	10001c36 <clock_configure+0x8a>
10001c9e:	46c0      	nop			; (mov r8, r8)
10001ca0:	40008000 	.word	0x40008000
10001ca4:	200004ac 	.word	0x200004ac
10001ca8:	10004a1c 	.word	0x10004a1c
10001cac:	10004a90 	.word	0x10004a90
10001cb0:	10004a30 	.word	0x10004a30

10001cb4 <clocks_init>:
10001cb4:	b530      	push	{r4, r5, lr}
10001cb6:	b083      	sub	sp, #12
10001cb8:	200c      	movs	r0, #12
10001cba:	f000 f911 	bl	10001ee0 <watchdog_start_tick>
10001cbe:	f7fe fb91 	bl	100003e4 <running_on_fpga>
10001cc2:	2800      	cmp	r0, #0
10001cc4:	d00d      	beq.n	10001ce2 <clocks_init+0x2e>
10001cc6:	2300      	movs	r3, #0
10001cc8:	e004      	b.n	10001cd4 <clocks_init+0x20>
10001cca:	0099      	lsls	r1, r3, #2
10001ccc:	4a2d      	ldr	r2, [pc, #180]	; (10001d84 <clocks_init+0xd0>)
10001cce:	482e      	ldr	r0, [pc, #184]	; (10001d88 <clocks_init+0xd4>)
10001cd0:	5088      	str	r0, [r1, r2]
10001cd2:	3301      	adds	r3, #1
10001cd4:	2b09      	cmp	r3, #9
10001cd6:	d9f8      	bls.n	10001cca <clocks_init+0x16>
10001cd8:	4b2a      	ldr	r3, [pc, #168]	; (10001d84 <clocks_init+0xd0>)
10001cda:	4a2c      	ldr	r2, [pc, #176]	; (10001d8c <clocks_init+0xd8>)
10001cdc:	625a      	str	r2, [r3, #36]	; 0x24
10001cde:	b003      	add	sp, #12
10001ce0:	bd30      	pop	{r4, r5, pc}
10001ce2:	4b2b      	ldr	r3, [pc, #172]	; (10001d90 <clocks_init+0xdc>)
10001ce4:	2200      	movs	r2, #0
10001ce6:	679a      	str	r2, [r3, #120]	; 0x78
10001ce8:	f000 f902 	bl	10001ef0 <xosc_init>
10001cec:	4b29      	ldr	r3, [pc, #164]	; (10001d94 <clocks_init+0xe0>)
10001cee:	2201      	movs	r2, #1
10001cf0:	601a      	str	r2, [r3, #0]
10001cf2:	4b27      	ldr	r3, [pc, #156]	; (10001d90 <clocks_init+0xdc>)
10001cf4:	6c5b      	ldr	r3, [r3, #68]	; 0x44
10001cf6:	2b01      	cmp	r3, #1
10001cf8:	d1fb      	bne.n	10001cf2 <clocks_init+0x3e>
10001cfa:	4b27      	ldr	r3, [pc, #156]	; (10001d98 <clocks_init+0xe4>)
10001cfc:	2203      	movs	r2, #3
10001cfe:	601a      	str	r2, [r3, #0]
10001d00:	4b23      	ldr	r3, [pc, #140]	; (10001d90 <clocks_init+0xdc>)
10001d02:	6b9b      	ldr	r3, [r3, #56]	; 0x38
10001d04:	2b01      	cmp	r3, #1
10001d06:	d1fb      	bne.n	10001d00 <clocks_init+0x4c>
10001d08:	3301      	adds	r3, #1
10001d0a:	9300      	str	r3, [sp, #0]
10001d0c:	3304      	adds	r3, #4
10001d0e:	4a23      	ldr	r2, [pc, #140]	; (10001d9c <clocks_init+0xe8>)
10001d10:	2101      	movs	r1, #1
10001d12:	4823      	ldr	r0, [pc, #140]	; (10001da0 <clocks_init+0xec>)
10001d14:	f000 f854 	bl	10001dc0 <pll_init>
10001d18:	2305      	movs	r3, #5
10001d1a:	9300      	str	r3, [sp, #0]
10001d1c:	4a21      	ldr	r2, [pc, #132]	; (10001da4 <clocks_init+0xf0>)
10001d1e:	2101      	movs	r1, #1
10001d20:	4821      	ldr	r0, [pc, #132]	; (10001da8 <clocks_init+0xf4>)
10001d22:	f000 f84d 	bl	10001dc0 <pll_init>
10001d26:	4b21      	ldr	r3, [pc, #132]	; (10001dac <clocks_init+0xf8>)
10001d28:	9300      	str	r3, [sp, #0]
10001d2a:	2200      	movs	r2, #0
10001d2c:	2102      	movs	r1, #2
10001d2e:	2004      	movs	r0, #4
10001d30:	f7ff ff3c 	bl	10001bac <clock_configure>
10001d34:	4d1e      	ldr	r5, [pc, #120]	; (10001db0 <clocks_init+0xfc>)
10001d36:	9500      	str	r5, [sp, #0]
10001d38:	002b      	movs	r3, r5
10001d3a:	2200      	movs	r2, #0
10001d3c:	2101      	movs	r1, #1
10001d3e:	2005      	movs	r0, #5
10001d40:	f7ff ff34 	bl	10001bac <clock_configure>
10001d44:	4c10      	ldr	r4, [pc, #64]	; (10001d88 <clocks_init+0xd4>)
10001d46:	9400      	str	r4, [sp, #0]
10001d48:	0023      	movs	r3, r4
10001d4a:	2200      	movs	r2, #0
10001d4c:	2100      	movs	r1, #0
10001d4e:	2007      	movs	r0, #7
10001d50:	f7ff ff2c 	bl	10001bac <clock_configure>
10001d54:	9400      	str	r4, [sp, #0]
10001d56:	0023      	movs	r3, r4
10001d58:	2200      	movs	r2, #0
10001d5a:	2100      	movs	r1, #0
10001d5c:	2008      	movs	r0, #8
10001d5e:	f7ff ff25 	bl	10001bac <clock_configure>
10001d62:	4b0a      	ldr	r3, [pc, #40]	; (10001d8c <clocks_init+0xd8>)
10001d64:	9300      	str	r3, [sp, #0]
10001d66:	0023      	movs	r3, r4
10001d68:	2200      	movs	r2, #0
10001d6a:	2100      	movs	r1, #0
10001d6c:	2009      	movs	r0, #9
10001d6e:	f7ff ff1d 	bl	10001bac <clock_configure>
10001d72:	9500      	str	r5, [sp, #0]
10001d74:	002b      	movs	r3, r5
10001d76:	2200      	movs	r2, #0
10001d78:	2100      	movs	r1, #0
10001d7a:	2006      	movs	r0, #6
10001d7c:	f7ff ff16 	bl	10001bac <clock_configure>
10001d80:	e7ad      	b.n	10001cde <clocks_init+0x2a>
10001d82:	46c0      	nop			; (mov r8, r8)
10001d84:	200004ac 	.word	0x200004ac
10001d88:	02dc6c00 	.word	0x02dc6c00
10001d8c:	0000b71b 	.word	0x0000b71b
10001d90:	40008000 	.word	0x40008000
10001d94:	4000b03c 	.word	0x4000b03c
10001d98:	4000b030 	.word	0x4000b030
10001d9c:	59682f00 	.word	0x59682f00
10001da0:	40028000 	.word	0x40028000
10001da4:	47868c00 	.word	0x47868c00
10001da8:	4002c000 	.word	0x4002c000
10001dac:	00b71b00 	.word	0x00b71b00
10001db0:	07735940 	.word	0x07735940

10001db4 <clock_get_hz>:
10001db4:	0080      	lsls	r0, r0, #2
10001db6:	4b01      	ldr	r3, [pc, #4]	; (10001dbc <clock_get_hz+0x8>)
10001db8:	58c0      	ldr	r0, [r0, r3]
10001dba:	4770      	bx	lr
10001dbc:	200004ac 	.word	0x200004ac

10001dc0 <pll_init>:
10001dc0:	b5f0      	push	{r4, r5, r6, r7, lr}
10001dc2:	46c6      	mov	lr, r8
10001dc4:	b500      	push	{lr}
10001dc6:	0004      	movs	r4, r0
10001dc8:	000e      	movs	r6, r1
10001dca:	0017      	movs	r7, r2
10001dcc:	001d      	movs	r5, r3
10001dce:	4837      	ldr	r0, [pc, #220]	; (10001eac <pll_init+0xec>)
10001dd0:	f001 fa56 	bl	10003280 <__wrap___aeabi_uidiv>
10001dd4:	4680      	mov	r8, r0
10001dd6:	4b36      	ldr	r3, [pc, #216]	; (10001eb0 <pll_init+0xf0>)
10001dd8:	18fa      	adds	r2, r7, r3
10001dda:	4b36      	ldr	r3, [pc, #216]	; (10001eb4 <pll_init+0xf4>)
10001ddc:	429a      	cmp	r2, r3
10001dde:	d839      	bhi.n	10001e54 <pll_init+0x94>
10001de0:	0001      	movs	r1, r0
10001de2:	0038      	movs	r0, r7
10001de4:	f001 fa4c 	bl	10003280 <__wrap___aeabi_uidiv>
10001de8:	0002      	movs	r2, r0
10001dea:	3a10      	subs	r2, #16
10001dec:	2398      	movs	r3, #152	; 0x98
10001dee:	005b      	lsls	r3, r3, #1
10001df0:	429a      	cmp	r2, r3
10001df2:	d835      	bhi.n	10001e60 <pll_init+0xa0>
10001df4:	1e6b      	subs	r3, r5, #1
10001df6:	2b06      	cmp	r3, #6
10001df8:	d838      	bhi.n	10001e6c <pll_init+0xac>
10001dfa:	9b06      	ldr	r3, [sp, #24]
10001dfc:	3b01      	subs	r3, #1
10001dfe:	2b06      	cmp	r3, #6
10001e00:	d834      	bhi.n	10001e6c <pll_init+0xac>
10001e02:	093f      	lsrs	r7, r7, #4
10001e04:	4547      	cmp	r7, r8
10001e06:	d337      	bcc.n	10001e78 <pll_init+0xb8>
10001e08:	042d      	lsls	r5, r5, #16
10001e0a:	9b06      	ldr	r3, [sp, #24]
10001e0c:	031a      	lsls	r2, r3, #12
10001e0e:	4315      	orrs	r5, r2
10001e10:	6823      	ldr	r3, [r4, #0]
10001e12:	2b00      	cmp	r3, #0
10001e14:	db36      	blt.n	10001e84 <pll_init+0xc4>
10001e16:	4b28      	ldr	r3, [pc, #160]	; (10001eb8 <pll_init+0xf8>)
10001e18:	429c      	cmp	r4, r3
10001e1a:	d044      	beq.n	10001ea6 <pll_init+0xe6>
10001e1c:	2280      	movs	r2, #128	; 0x80
10001e1e:	0152      	lsls	r2, r2, #5
10001e20:	4b26      	ldr	r3, [pc, #152]	; (10001ebc <pll_init+0xfc>)
10001e22:	601a      	str	r2, [r3, #0]
10001e24:	4b26      	ldr	r3, [pc, #152]	; (10001ec0 <pll_init+0x100>)
10001e26:	601a      	str	r2, [r3, #0]
10001e28:	4b26      	ldr	r3, [pc, #152]	; (10001ec4 <pll_init+0x104>)
10001e2a:	689b      	ldr	r3, [r3, #8]
10001e2c:	0011      	movs	r1, r2
10001e2e:	4399      	bics	r1, r3
10001e30:	d1fa      	bne.n	10001e28 <pll_init+0x68>
10001e32:	6026      	str	r6, [r4, #0]
10001e34:	60a0      	str	r0, [r4, #8]
10001e36:	1d23      	adds	r3, r4, #4
10001e38:	22c0      	movs	r2, #192	; 0xc0
10001e3a:	0192      	lsls	r2, r2, #6
10001e3c:	431a      	orrs	r2, r3
10001e3e:	2321      	movs	r3, #33	; 0x21
10001e40:	6013      	str	r3, [r2, #0]
10001e42:	6823      	ldr	r3, [r4, #0]
10001e44:	2b00      	cmp	r3, #0
10001e46:	dafc      	bge.n	10001e42 <pll_init+0x82>
10001e48:	60e5      	str	r5, [r4, #12]
10001e4a:	2308      	movs	r3, #8
10001e4c:	6013      	str	r3, [r2, #0]
10001e4e:	bc80      	pop	{r7}
10001e50:	46b8      	mov	r8, r7
10001e52:	bdf0      	pop	{r4, r5, r6, r7, pc}
10001e54:	4b1c      	ldr	r3, [pc, #112]	; (10001ec8 <pll_init+0x108>)
10001e56:	4a1d      	ldr	r2, [pc, #116]	; (10001ecc <pll_init+0x10c>)
10001e58:	2111      	movs	r1, #17
10001e5a:	481d      	ldr	r0, [pc, #116]	; (10001ed0 <pll_init+0x110>)
10001e5c:	f000 f862 	bl	10001f24 <__assert_func>
10001e60:	4b1c      	ldr	r3, [pc, #112]	; (10001ed4 <pll_init+0x114>)
10001e62:	4a1a      	ldr	r2, [pc, #104]	; (10001ecc <pll_init+0x10c>)
10001e64:	2119      	movs	r1, #25
10001e66:	481a      	ldr	r0, [pc, #104]	; (10001ed0 <pll_init+0x110>)
10001e68:	f000 f85c 	bl	10001f24 <__assert_func>
10001e6c:	4b1a      	ldr	r3, [pc, #104]	; (10001ed8 <pll_init+0x118>)
10001e6e:	4a17      	ldr	r2, [pc, #92]	; (10001ecc <pll_init+0x10c>)
10001e70:	211c      	movs	r1, #28
10001e72:	4817      	ldr	r0, [pc, #92]	; (10001ed0 <pll_init+0x110>)
10001e74:	f000 f856 	bl	10001f24 <__assert_func>
10001e78:	4b18      	ldr	r3, [pc, #96]	; (10001edc <pll_init+0x11c>)
10001e7a:	4a14      	ldr	r2, [pc, #80]	; (10001ecc <pll_init+0x10c>)
10001e7c:	2123      	movs	r1, #35	; 0x23
10001e7e:	4814      	ldr	r0, [pc, #80]	; (10001ed0 <pll_init+0x110>)
10001e80:	f000 f850 	bl	10001f24 <__assert_func>
10001e84:	6822      	ldr	r2, [r4, #0]
10001e86:	233f      	movs	r3, #63	; 0x3f
10001e88:	4013      	ands	r3, r2
10001e8a:	42b3      	cmp	r3, r6
10001e8c:	d1c3      	bne.n	10001e16 <pll_init+0x56>
10001e8e:	68a3      	ldr	r3, [r4, #8]
10001e90:	051b      	lsls	r3, r3, #20
10001e92:	0d1b      	lsrs	r3, r3, #20
10001e94:	4283      	cmp	r3, r0
10001e96:	d1be      	bne.n	10001e16 <pll_init+0x56>
10001e98:	68e3      	ldr	r3, [r4, #12]
10001e9a:	22ee      	movs	r2, #238	; 0xee
10001e9c:	02d2      	lsls	r2, r2, #11
10001e9e:	4013      	ands	r3, r2
10001ea0:	42ab      	cmp	r3, r5
10001ea2:	d1b8      	bne.n	10001e16 <pll_init+0x56>
10001ea4:	e7d3      	b.n	10001e4e <pll_init+0x8e>
10001ea6:	2280      	movs	r2, #128	; 0x80
10001ea8:	0192      	lsls	r2, r2, #6
10001eaa:	e7b9      	b.n	10001e20 <pll_init+0x60>
10001eac:	00b71b00 	.word	0x00b71b00
10001eb0:	d34be880 	.word	0xd34be880
10001eb4:	32a9f880 	.word	0x32a9f880
10001eb8:	4002c000 	.word	0x4002c000
10001ebc:	4000e000 	.word	0x4000e000
10001ec0:	4000f000 	.word	0x4000f000
10001ec4:	4000c000 	.word	0x4000c000
10001ec8:	10004aa0 	.word	0x10004aa0
10001ecc:	10004be0 	.word	0x10004be0
10001ed0:	10004b00 	.word	0x10004b00
10001ed4:	10004b5c 	.word	0x10004b5c
10001ed8:	10004b78 	.word	0x10004b78
10001edc:	10004bc4 	.word	0x10004bc4

10001ee0 <watchdog_start_tick>:
10001ee0:	2380      	movs	r3, #128	; 0x80
10001ee2:	009b      	lsls	r3, r3, #2
10001ee4:	4303      	orrs	r3, r0
10001ee6:	4a01      	ldr	r2, [pc, #4]	; (10001eec <watchdog_start_tick+0xc>)
10001ee8:	62d3      	str	r3, [r2, #44]	; 0x2c
10001eea:	4770      	bx	lr
10001eec:	40058000 	.word	0x40058000

10001ef0 <xosc_init>:
10001ef0:	4b06      	ldr	r3, [pc, #24]	; (10001f0c <xosc_init+0x1c>)
10001ef2:	22aa      	movs	r2, #170	; 0xaa
10001ef4:	0112      	lsls	r2, r2, #4
10001ef6:	601a      	str	r2, [r3, #0]
10001ef8:	222f      	movs	r2, #47	; 0x2f
10001efa:	60da      	str	r2, [r3, #12]
10001efc:	4b04      	ldr	r3, [pc, #16]	; (10001f10 <xosc_init+0x20>)
10001efe:	4a05      	ldr	r2, [pc, #20]	; (10001f14 <xosc_init+0x24>)
10001f00:	601a      	str	r2, [r3, #0]
10001f02:	4b02      	ldr	r3, [pc, #8]	; (10001f0c <xosc_init+0x1c>)
10001f04:	685b      	ldr	r3, [r3, #4]
10001f06:	2b00      	cmp	r3, #0
10001f08:	dafb      	bge.n	10001f02 <xosc_init+0x12>
10001f0a:	4770      	bx	lr
10001f0c:	40024000 	.word	0x40024000
10001f10:	40026000 	.word	0x40026000
10001f14:	00fab000 	.word	0x00fab000

10001f18 <_exit>:
10001f18:	be00      	bkpt	0x0000
10001f1a:	e7fd      	b.n	10001f18 <_exit>

10001f1c <exit>:
10001f1c:	b510      	push	{r4, lr}
10001f1e:	f7ff fffb 	bl	10001f18 <_exit>
	...

10001f24 <__assert_func>:
10001f24:	b510      	push	{r4, lr}
10001f26:	b082      	sub	sp, #8
10001f28:	000c      	movs	r4, r1
10001f2a:	0019      	movs	r1, r3
10001f2c:	2a00      	cmp	r2, #0
10001f2e:	d00c      	beq.n	10001f4a <__assert_func+0x26>
10001f30:	4b08      	ldr	r3, [pc, #32]	; (10001f54 <__assert_func+0x30>)
10001f32:	2a00      	cmp	r2, #0
10001f34:	d00b      	beq.n	10001f4e <__assert_func+0x2a>
10001f36:	9201      	str	r2, [sp, #4]
10001f38:	9300      	str	r3, [sp, #0]
10001f3a:	0023      	movs	r3, r4
10001f3c:	0002      	movs	r2, r0
10001f3e:	4806      	ldr	r0, [pc, #24]	; (10001f58 <__assert_func+0x34>)
10001f40:	f001 ff36 	bl	10003db0 <__wrap_printf>
10001f44:	2001      	movs	r0, #1
10001f46:	f7ff ffe7 	bl	10001f18 <_exit>
10001f4a:	4b04      	ldr	r3, [pc, #16]	; (10001f5c <__assert_func+0x38>)
10001f4c:	e7f1      	b.n	10001f32 <__assert_func+0xe>
10001f4e:	4a03      	ldr	r2, [pc, #12]	; (10001f5c <__assert_func+0x38>)
10001f50:	e7f1      	b.n	10001f36 <__assert_func+0x12>
10001f52:	46c0      	nop			; (mov r8, r8)
10001f54:	10004bec 	.word	0x10004bec
10001f58:	10004bfc 	.word	0x10004bfc
10001f5c:	100040fc 	.word	0x100040fc

10001f60 <runtime_init>:
10001f60:	b570      	push	{r4, r5, r6, lr}
10001f62:	4b2b      	ldr	r3, [pc, #172]	; (10002010 <runtime_init+0xb0>)
10001f64:	4a2b      	ldr	r2, [pc, #172]	; (10002014 <runtime_init+0xb4>)
10001f66:	601a      	str	r2, [r3, #0]
10001f68:	4b2b      	ldr	r3, [pc, #172]	; (10002018 <runtime_init+0xb8>)
10001f6a:	4a2c      	ldr	r2, [pc, #176]	; (1000201c <runtime_init+0xbc>)
10001f6c:	601a      	str	r2, [r3, #0]
10001f6e:	4b2c      	ldr	r3, [pc, #176]	; (10002020 <runtime_init+0xc0>)
10001f70:	689a      	ldr	r2, [r3, #8]
10001f72:	4b2a      	ldr	r3, [pc, #168]	; (1000201c <runtime_init+0xbc>)
10001f74:	4393      	bics	r3, r2
10001f76:	d1fa      	bne.n	10001f6e <runtime_init+0xe>
10001f78:	4c2a      	ldr	r4, [pc, #168]	; (10002024 <runtime_init+0xc4>)
10001f7a:	e001      	b.n	10001f80 <runtime_init+0x20>
10001f7c:	cc08      	ldmia	r4!, {r3}
10001f7e:	4798      	blx	r3
10001f80:	4b29      	ldr	r3, [pc, #164]	; (10002028 <runtime_init+0xc8>)
10001f82:	429c      	cmp	r4, r3
10001f84:	d3fa      	bcc.n	10001f7c <runtime_init+0x1c>
10001f86:	f7ff fe95 	bl	10001cb4 <clocks_init>
10001f8a:	4b23      	ldr	r3, [pc, #140]	; (10002018 <runtime_init+0xb8>)
10001f8c:	4a27      	ldr	r2, [pc, #156]	; (1000202c <runtime_init+0xcc>)
10001f8e:	601a      	str	r2, [r3, #0]
10001f90:	4b23      	ldr	r3, [pc, #140]	; (10002020 <runtime_init+0xc0>)
10001f92:	689b      	ldr	r3, [r3, #8]
10001f94:	43db      	mvns	r3, r3
10001f96:	01db      	lsls	r3, r3, #7
10001f98:	d1fa      	bne.n	10001f90 <runtime_init+0x30>
10001f9a:	4b25      	ldr	r3, [pc, #148]	; (10002030 <runtime_init+0xd0>)
10001f9c:	2240      	movs	r2, #64	; 0x40
10001f9e:	679a      	str	r2, [r3, #120]	; 0x78
10001fa0:	675a      	str	r2, [r3, #116]	; 0x74
10001fa2:	671a      	str	r2, [r3, #112]	; 0x70
10001fa4:	66da      	str	r2, [r3, #108]	; 0x6c
10001fa6:	4c23      	ldr	r4, [pc, #140]	; (10002034 <runtime_init+0xd4>)
10001fa8:	e009      	b.n	10001fbe <runtime_init+0x5e>
10001faa:	4b23      	ldr	r3, [pc, #140]	; (10002038 <runtime_init+0xd8>)
10001fac:	4a23      	ldr	r2, [pc, #140]	; (1000203c <runtime_init+0xdc>)
10001fae:	2187      	movs	r1, #135	; 0x87
10001fb0:	4823      	ldr	r0, [pc, #140]	; (10002040 <runtime_init+0xe0>)
10001fb2:	f7ff ffb7 	bl	10001f24 <__assert_func>
10001fb6:	0020      	movs	r0, r4
10001fb8:	f7fe fc7e 	bl	100008b8 <mutex_init>
10001fbc:	3408      	adds	r4, #8
10001fbe:	4b21      	ldr	r3, [pc, #132]	; (10002044 <runtime_init+0xe4>)
10001fc0:	429c      	cmp	r4, r3
10001fc2:	d209      	bcs.n	10001fd8 <runtime_init+0x78>
10001fc4:	6823      	ldr	r3, [r4, #0]
10001fc6:	2b00      	cmp	r3, #0
10001fc8:	d0f5      	beq.n	10001fb6 <runtime_init+0x56>
10001fca:	2b01      	cmp	r3, #1
10001fcc:	d1ed      	bne.n	10001faa <runtime_init+0x4a>
10001fce:	0020      	movs	r0, r4
10001fd0:	f7fe fc7f 	bl	100008d2 <recursive_mutex_init>
10001fd4:	3408      	adds	r4, #8
10001fd6:	e7f2      	b.n	10001fbe <runtime_init+0x5e>
10001fd8:	4c1b      	ldr	r4, [pc, #108]	; (10002048 <runtime_init+0xe8>)
10001fda:	68a1      	ldr	r1, [r4, #8]
10001fdc:	4d1b      	ldr	r5, [pc, #108]	; (1000204c <runtime_init+0xec>)
10001fde:	22c0      	movs	r2, #192	; 0xc0
10001fe0:	0028      	movs	r0, r5
10001fe2:	f001 fd8d 	bl	10003b00 <__wrap___aeabi_memcpy>
10001fe6:	60a5      	str	r5, [r4, #8]
10001fe8:	f3ef 8305 	mrs	r3, IPSR
10001fec:	2b00      	cmp	r3, #0
10001fee:	d000      	beq.n	10001ff2 <runtime_init+0x92>
10001ff0:	be00      	bkpt	0x0000
10001ff2:	f7fe fa31 	bl	10000458 <spin_locks_reset>
10001ff6:	f7fe fc49 	bl	1000088c <irq_init_priorities>
10001ffa:	f7fe ffb9 	bl	10000f70 <alarm_pool_init_default>
10001ffe:	4c14      	ldr	r4, [pc, #80]	; (10002050 <runtime_init+0xf0>)
10002000:	e001      	b.n	10002006 <runtime_init+0xa6>
10002002:	cc08      	ldmia	r4!, {r3}
10002004:	4798      	blx	r3
10002006:	4b13      	ldr	r3, [pc, #76]	; (10002054 <runtime_init+0xf4>)
10002008:	429c      	cmp	r4, r3
1000200a:	d3fa      	bcc.n	10002002 <runtime_init+0xa2>
1000200c:	bd70      	pop	{r4, r5, r6, pc}
1000200e:	46c0      	nop			; (mov r8, r8)
10002010:	4000e000 	.word	0x4000e000
10002014:	fefbcdbf 	.word	0xfefbcdbf
10002018:	4000f000 	.word	0x4000f000
1000201c:	003c7ffe 	.word	0x003c7ffe
10002020:	4000c000 	.word	0x4000c000
10002024:	20000360 	.word	0x20000360
10002028:	20000370 	.word	0x20000370
1000202c:	01ffffff 	.word	0x01ffffff
10002030:	4001f000 	.word	0x4001f000
10002034:	20000358 	.word	0x20000358
10002038:	10004c2c 	.word	0x10004c2c
1000203c:	10004cc0 	.word	0x10004cc0
10002040:	10004c4c 	.word	0x10004c4c
10002044:	20000360 	.word	0x20000360
10002048:	e000ed00 	.word	0xe000ed00
1000204c:	20000000 	.word	0x20000000
10002050:	20000370 	.word	0x20000370
10002054:	20000374 	.word	0x20000374

10002058 <panic>:
10002058:	b40f      	push	{r0, r1, r2, r3}
1000205a:	b500      	push	{lr}
1000205c:	b083      	sub	sp, #12
1000205e:	4808      	ldr	r0, [pc, #32]	; (10002080 <panic+0x28>)
10002060:	f001 fe76 	bl	10003d50 <__wrap_puts>
10002064:	9b04      	ldr	r3, [sp, #16]
10002066:	2b00      	cmp	r3, #0
10002068:	d007      	beq.n	1000207a <panic+0x22>
1000206a:	a905      	add	r1, sp, #20
1000206c:	9101      	str	r1, [sp, #4]
1000206e:	0018      	movs	r0, r3
10002070:	f001 fe7e 	bl	10003d70 <__wrap_vprintf>
10002074:	4803      	ldr	r0, [pc, #12]	; (10002084 <panic+0x2c>)
10002076:	f001 fe6b 	bl	10003d50 <__wrap_puts>
1000207a:	2001      	movs	r0, #1
1000207c:	f7ff ff4c 	bl	10001f18 <_exit>
10002080:	10004cac 	.word	0x10004cac
10002084:	10004cbc 	.word	0x10004cbc

10002088 <_out_null>:
10002088:	4770      	bx	lr

1000208a <_out_fct>:
1000208a:	b510      	push	{r4, lr}
1000208c:	2800      	cmp	r0, #0
1000208e:	d002      	beq.n	10002096 <_out_fct+0xc>
10002090:	680b      	ldr	r3, [r1, #0]
10002092:	6849      	ldr	r1, [r1, #4]
10002094:	4798      	blx	r3
10002096:	bd10      	pop	{r4, pc}

10002098 <_atoi>:
10002098:	0001      	movs	r1, r0
1000209a:	2000      	movs	r0, #0
1000209c:	e007      	b.n	100020ae <_atoi+0x16>
1000209e:	0083      	lsls	r3, r0, #2
100020a0:	181b      	adds	r3, r3, r0
100020a2:	005b      	lsls	r3, r3, #1
100020a4:	1c50      	adds	r0, r2, #1
100020a6:	6008      	str	r0, [r1, #0]
100020a8:	7810      	ldrb	r0, [r2, #0]
100020aa:	18c0      	adds	r0, r0, r3
100020ac:	3830      	subs	r0, #48	; 0x30
100020ae:	680a      	ldr	r2, [r1, #0]
100020b0:	7813      	ldrb	r3, [r2, #0]
100020b2:	3b30      	subs	r3, #48	; 0x30
100020b4:	b2db      	uxtb	r3, r3
100020b6:	2b09      	cmp	r3, #9
100020b8:	d9f1      	bls.n	1000209e <_atoi+0x6>
100020ba:	4770      	bx	lr

100020bc <_out_rev>:
100020bc:	b5f0      	push	{r4, r5, r6, r7, lr}
100020be:	46de      	mov	lr, fp
100020c0:	4657      	mov	r7, sl
100020c2:	464e      	mov	r6, r9
100020c4:	4645      	mov	r5, r8
100020c6:	b5e0      	push	{r5, r6, r7, lr}
100020c8:	b083      	sub	sp, #12
100020ca:	4693      	mov	fp, r2
100020cc:	001f      	movs	r7, r3
100020ce:	9b0c      	ldr	r3, [sp, #48]	; 0x30
100020d0:	469a      	mov	sl, r3
100020d2:	9c0d      	ldr	r4, [sp, #52]	; 0x34
100020d4:	9b0e      	ldr	r3, [sp, #56]	; 0x38
100020d6:	4699      	mov	r9, r3
100020d8:	9b0f      	ldr	r3, [sp, #60]	; 0x3c
100020da:	079b      	lsls	r3, r3, #30
100020dc:	d003      	beq.n	100020e6 <_out_rev+0x2a>
100020de:	46b8      	mov	r8, r7
100020e0:	000f      	movs	r7, r1
100020e2:	0006      	movs	r6, r0
100020e4:	e022      	b.n	1000212c <_out_rev+0x70>
100020e6:	9201      	str	r2, [sp, #4]
100020e8:	46a3      	mov	fp, r4
100020ea:	4688      	mov	r8, r1
100020ec:	464e      	mov	r6, r9
100020ee:	46b9      	mov	r9, r7
100020f0:	0007      	movs	r7, r0
100020f2:	42b4      	cmp	r4, r6
100020f4:	d207      	bcs.n	10002106 <_out_rev+0x4a>
100020f6:	1c55      	adds	r5, r2, #1
100020f8:	464b      	mov	r3, r9
100020fa:	4641      	mov	r1, r8
100020fc:	2020      	movs	r0, #32
100020fe:	47b8      	blx	r7
10002100:	3401      	adds	r4, #1
10002102:	002a      	movs	r2, r5
10002104:	e7f5      	b.n	100020f2 <_out_rev+0x36>
10002106:	003d      	movs	r5, r7
10002108:	464f      	mov	r7, r9
1000210a:	465c      	mov	r4, fp
1000210c:	9b01      	ldr	r3, [sp, #4]
1000210e:	469b      	mov	fp, r3
10002110:	46b1      	mov	r9, r6
10002112:	4646      	mov	r6, r8
10002114:	46b8      	mov	r8, r7
10002116:	0037      	movs	r7, r6
10002118:	002e      	movs	r6, r5
1000211a:	e007      	b.n	1000212c <_out_rev+0x70>
1000211c:	3c01      	subs	r4, #1
1000211e:	1c55      	adds	r5, r2, #1
10002120:	4653      	mov	r3, sl
10002122:	5d18      	ldrb	r0, [r3, r4]
10002124:	4643      	mov	r3, r8
10002126:	0039      	movs	r1, r7
10002128:	47b0      	blx	r6
1000212a:	002a      	movs	r2, r5
1000212c:	2c00      	cmp	r4, #0
1000212e:	d1f5      	bne.n	1000211c <_out_rev+0x60>
10002130:	0035      	movs	r5, r6
10002132:	003e      	movs	r6, r7
10002134:	4647      	mov	r7, r8
10002136:	9b0f      	ldr	r3, [sp, #60]	; 0x3c
10002138:	079b      	lsls	r3, r3, #30
1000213a:	d407      	bmi.n	1000214c <_out_rev+0x90>
1000213c:	0010      	movs	r0, r2
1000213e:	b003      	add	sp, #12
10002140:	bcf0      	pop	{r4, r5, r6, r7}
10002142:	46bb      	mov	fp, r7
10002144:	46b2      	mov	sl, r6
10002146:	46a9      	mov	r9, r5
10002148:	46a0      	mov	r8, r4
1000214a:	bdf0      	pop	{r4, r5, r6, r7, pc}
1000214c:	46b0      	mov	r8, r6
1000214e:	464e      	mov	r6, r9
10002150:	46b9      	mov	r9, r7
10002152:	002f      	movs	r7, r5
10002154:	465d      	mov	r5, fp
10002156:	1b53      	subs	r3, r2, r5
10002158:	42b3      	cmp	r3, r6
1000215a:	d2ef      	bcs.n	1000213c <_out_rev+0x80>
1000215c:	1c54      	adds	r4, r2, #1
1000215e:	464b      	mov	r3, r9
10002160:	4641      	mov	r1, r8
10002162:	2020      	movs	r0, #32
10002164:	47b8      	blx	r7
10002166:	0022      	movs	r2, r4
10002168:	e7f5      	b.n	10002156 <_out_rev+0x9a>

1000216a <_ntoa_format>:
1000216a:	b5f0      	push	{r4, r5, r6, r7, lr}
1000216c:	46ce      	mov	lr, r9
1000216e:	4647      	mov	r7, r8
10002170:	b580      	push	{r7, lr}
10002172:	b085      	sub	sp, #20
10002174:	4694      	mov	ip, r2
10002176:	4698      	mov	r8, r3
10002178:	9d0c      	ldr	r5, [sp, #48]	; 0x30
1000217a:	9c0d      	ldr	r4, [sp, #52]	; 0x34
1000217c:	ab0e      	add	r3, sp, #56	; 0x38
1000217e:	781b      	ldrb	r3, [r3, #0]
10002180:	4699      	mov	r9, r3
10002182:	9a10      	ldr	r2, [sp, #64]	; 0x40
10002184:	9b11      	ldr	r3, [sp, #68]	; 0x44
10002186:	9e12      	ldr	r6, [sp, #72]	; 0x48
10002188:	07b7      	lsls	r7, r6, #30
1000218a:	d41c      	bmi.n	100021c6 <_ntoa_format+0x5c>
1000218c:	2b00      	cmp	r3, #0
1000218e:	d00c      	beq.n	100021aa <_ntoa_format+0x40>
10002190:	07f7      	lsls	r7, r6, #31
10002192:	d50a      	bpl.n	100021aa <_ntoa_format+0x40>
10002194:	464f      	mov	r7, r9
10002196:	2f00      	cmp	r7, #0
10002198:	d102      	bne.n	100021a0 <_ntoa_format+0x36>
1000219a:	370c      	adds	r7, #12
1000219c:	4237      	tst	r7, r6
1000219e:	d004      	beq.n	100021aa <_ntoa_format+0x40>
100021a0:	3b01      	subs	r3, #1
100021a2:	e002      	b.n	100021aa <_ntoa_format+0x40>
100021a4:	2730      	movs	r7, #48	; 0x30
100021a6:	552f      	strb	r7, [r5, r4]
100021a8:	3401      	adds	r4, #1
100021aa:	4294      	cmp	r4, r2
100021ac:	d201      	bcs.n	100021b2 <_ntoa_format+0x48>
100021ae:	2c1f      	cmp	r4, #31
100021b0:	d9f8      	bls.n	100021a4 <_ntoa_format+0x3a>
100021b2:	07f7      	lsls	r7, r6, #31
100021b4:	d507      	bpl.n	100021c6 <_ntoa_format+0x5c>
100021b6:	429c      	cmp	r4, r3
100021b8:	d205      	bcs.n	100021c6 <_ntoa_format+0x5c>
100021ba:	2c1f      	cmp	r4, #31
100021bc:	d803      	bhi.n	100021c6 <_ntoa_format+0x5c>
100021be:	2730      	movs	r7, #48	; 0x30
100021c0:	552f      	strb	r7, [r5, r4]
100021c2:	3401      	adds	r4, #1
100021c4:	e7f5      	b.n	100021b2 <_ntoa_format+0x48>
100021c6:	06f7      	lsls	r7, r6, #27
100021c8:	d515      	bpl.n	100021f6 <_ntoa_format+0x8c>
100021ca:	0577      	lsls	r7, r6, #21
100021cc:	d405      	bmi.n	100021da <_ntoa_format+0x70>
100021ce:	2c00      	cmp	r4, #0
100021d0:	d003      	beq.n	100021da <_ntoa_format+0x70>
100021d2:	4294      	cmp	r4, r2
100021d4:	d024      	beq.n	10002220 <_ntoa_format+0xb6>
100021d6:	429c      	cmp	r4, r3
100021d8:	d022      	beq.n	10002220 <_ntoa_format+0xb6>
100021da:	9a0f      	ldr	r2, [sp, #60]	; 0x3c
100021dc:	2a10      	cmp	r2, #16
100021de:	d02b      	beq.n	10002238 <_ntoa_format+0xce>
100021e0:	9a0f      	ldr	r2, [sp, #60]	; 0x3c
100021e2:	2a10      	cmp	r2, #16
100021e4:	d030      	beq.n	10002248 <_ntoa_format+0xde>
100021e6:	9a0f      	ldr	r2, [sp, #60]	; 0x3c
100021e8:	2a02      	cmp	r2, #2
100021ea:	d035      	beq.n	10002258 <_ntoa_format+0xee>
100021ec:	2c1f      	cmp	r4, #31
100021ee:	d802      	bhi.n	100021f6 <_ntoa_format+0x8c>
100021f0:	2230      	movs	r2, #48	; 0x30
100021f2:	552a      	strb	r2, [r5, r4]
100021f4:	3401      	adds	r4, #1
100021f6:	2c1f      	cmp	r4, #31
100021f8:	d805      	bhi.n	10002206 <_ntoa_format+0x9c>
100021fa:	464a      	mov	r2, r9
100021fc:	2a00      	cmp	r2, #0
100021fe:	d031      	beq.n	10002264 <_ntoa_format+0xfa>
10002200:	222d      	movs	r2, #45	; 0x2d
10002202:	552a      	strb	r2, [r5, r4]
10002204:	3401      	adds	r4, #1
10002206:	9603      	str	r6, [sp, #12]
10002208:	9302      	str	r3, [sp, #8]
1000220a:	9401      	str	r4, [sp, #4]
1000220c:	9500      	str	r5, [sp, #0]
1000220e:	4643      	mov	r3, r8
10002210:	4662      	mov	r2, ip
10002212:	f7ff ff53 	bl	100020bc <_out_rev>
10002216:	b005      	add	sp, #20
10002218:	bcc0      	pop	{r6, r7}
1000221a:	46b9      	mov	r9, r7
1000221c:	46b0      	mov	r8, r6
1000221e:	bdf0      	pop	{r4, r5, r6, r7, pc}
10002220:	1e62      	subs	r2, r4, #1
10002222:	2c01      	cmp	r4, #1
10002224:	d006      	beq.n	10002234 <_ntoa_format+0xca>
10002226:	9f0f      	ldr	r7, [sp, #60]	; 0x3c
10002228:	2f10      	cmp	r7, #16
1000222a:	d001      	beq.n	10002230 <_ntoa_format+0xc6>
1000222c:	0014      	movs	r4, r2
1000222e:	e7d4      	b.n	100021da <_ntoa_format+0x70>
10002230:	3c02      	subs	r4, #2
10002232:	e7d2      	b.n	100021da <_ntoa_format+0x70>
10002234:	0014      	movs	r4, r2
10002236:	e7d0      	b.n	100021da <_ntoa_format+0x70>
10002238:	06b2      	lsls	r2, r6, #26
1000223a:	d4d1      	bmi.n	100021e0 <_ntoa_format+0x76>
1000223c:	2c1f      	cmp	r4, #31
1000223e:	d8cf      	bhi.n	100021e0 <_ntoa_format+0x76>
10002240:	2278      	movs	r2, #120	; 0x78
10002242:	552a      	strb	r2, [r5, r4]
10002244:	3401      	adds	r4, #1
10002246:	e7d1      	b.n	100021ec <_ntoa_format+0x82>
10002248:	06b2      	lsls	r2, r6, #26
1000224a:	d5cc      	bpl.n	100021e6 <_ntoa_format+0x7c>
1000224c:	2c1f      	cmp	r4, #31
1000224e:	d8ca      	bhi.n	100021e6 <_ntoa_format+0x7c>
10002250:	2258      	movs	r2, #88	; 0x58
10002252:	552a      	strb	r2, [r5, r4]
10002254:	3401      	adds	r4, #1
10002256:	e7c9      	b.n	100021ec <_ntoa_format+0x82>
10002258:	2c1f      	cmp	r4, #31
1000225a:	d8c7      	bhi.n	100021ec <_ntoa_format+0x82>
1000225c:	3260      	adds	r2, #96	; 0x60
1000225e:	552a      	strb	r2, [r5, r4]
10002260:	3401      	adds	r4, #1
10002262:	e7c3      	b.n	100021ec <_ntoa_format+0x82>
10002264:	0772      	lsls	r2, r6, #29
10002266:	d503      	bpl.n	10002270 <_ntoa_format+0x106>
10002268:	222b      	movs	r2, #43	; 0x2b
1000226a:	552a      	strb	r2, [r5, r4]
1000226c:	3401      	adds	r4, #1
1000226e:	e7ca      	b.n	10002206 <_ntoa_format+0x9c>
10002270:	0732      	lsls	r2, r6, #28
10002272:	d5c8      	bpl.n	10002206 <_ntoa_format+0x9c>
10002274:	2220      	movs	r2, #32
10002276:	552a      	strb	r2, [r5, r4]
10002278:	3401      	adds	r4, #1
1000227a:	e7c4      	b.n	10002206 <_ntoa_format+0x9c>

1000227c <_ntoa_long>:
1000227c:	b5f0      	push	{r4, r5, r6, r7, lr}
1000227e:	46de      	mov	lr, fp
10002280:	4657      	mov	r7, sl
10002282:	464e      	mov	r6, r9
10002284:	4645      	mov	r5, r8
10002286:	b5e0      	push	{r5, r6, r7, lr}
10002288:	b093      	sub	sp, #76	; 0x4c
1000228a:	4681      	mov	r9, r0
1000228c:	468a      	mov	sl, r1
1000228e:	9208      	str	r2, [sp, #32]
10002290:	9309      	str	r3, [sp, #36]	; 0x24
10002292:	ab1c      	add	r3, sp, #112	; 0x70
10002294:	cb10      	ldmia	r3!, {r4}
10002296:	781b      	ldrb	r3, [r3, #0]
10002298:	469b      	mov	fp, r3
1000229a:	9d1e      	ldr	r5, [sp, #120]	; 0x78
1000229c:	9b21      	ldr	r3, [sp, #132]	; 0x84
1000229e:	4698      	mov	r8, r3
100022a0:	2c00      	cmp	r4, #0
100022a2:	d103      	bne.n	100022ac <_ntoa_long+0x30>
100022a4:	2310      	movs	r3, #16
100022a6:	4642      	mov	r2, r8
100022a8:	439a      	bics	r2, r3
100022aa:	4690      	mov	r8, r2
100022ac:	2380      	movs	r3, #128	; 0x80
100022ae:	00db      	lsls	r3, r3, #3
100022b0:	4646      	mov	r6, r8
100022b2:	401e      	ands	r6, r3
100022b4:	4642      	mov	r2, r8
100022b6:	421a      	tst	r2, r3
100022b8:	d012      	beq.n	100022e0 <_ntoa_long+0x64>
100022ba:	2c00      	cmp	r4, #0
100022bc:	d022      	beq.n	10002304 <_ntoa_long+0x88>
100022be:	2600      	movs	r6, #0
100022c0:	e00e      	b.n	100022e0 <_ntoa_long+0x64>
100022c2:	3330      	adds	r3, #48	; 0x30
100022c4:	b2d9      	uxtb	r1, r3
100022c6:	1c77      	adds	r7, r6, #1
100022c8:	ab0a      	add	r3, sp, #40	; 0x28
100022ca:	5599      	strb	r1, [r3, r6]
100022cc:	0029      	movs	r1, r5
100022ce:	0020      	movs	r0, r4
100022d0:	f000 ffd6 	bl	10003280 <__wrap___aeabi_uidiv>
100022d4:	42ac      	cmp	r4, r5
100022d6:	d316      	bcc.n	10002306 <_ntoa_long+0x8a>
100022d8:	2f1f      	cmp	r7, #31
100022da:	d814      	bhi.n	10002306 <_ntoa_long+0x8a>
100022dc:	003e      	movs	r6, r7
100022de:	0004      	movs	r4, r0
100022e0:	0029      	movs	r1, r5
100022e2:	0020      	movs	r0, r4
100022e4:	f000 ffcc 	bl	10003280 <__wrap___aeabi_uidiv>
100022e8:	b2cb      	uxtb	r3, r1
100022ea:	2b09      	cmp	r3, #9
100022ec:	d9e9      	bls.n	100022c2 <_ntoa_long+0x46>
100022ee:	4642      	mov	r2, r8
100022f0:	0692      	lsls	r2, r2, #26
100022f2:	d505      	bpl.n	10002300 <_ntoa_long+0x84>
100022f4:	2141      	movs	r1, #65	; 0x41
100022f6:	18c9      	adds	r1, r1, r3
100022f8:	b2c9      	uxtb	r1, r1
100022fa:	390a      	subs	r1, #10
100022fc:	b2c9      	uxtb	r1, r1
100022fe:	e7e2      	b.n	100022c6 <_ntoa_long+0x4a>
10002300:	2161      	movs	r1, #97	; 0x61
10002302:	e7f8      	b.n	100022f6 <_ntoa_long+0x7a>
10002304:	0027      	movs	r7, r4
10002306:	4643      	mov	r3, r8
10002308:	9306      	str	r3, [sp, #24]
1000230a:	9b20      	ldr	r3, [sp, #128]	; 0x80
1000230c:	9305      	str	r3, [sp, #20]
1000230e:	9b1f      	ldr	r3, [sp, #124]	; 0x7c
10002310:	9304      	str	r3, [sp, #16]
10002312:	9503      	str	r5, [sp, #12]
10002314:	465b      	mov	r3, fp
10002316:	9302      	str	r3, [sp, #8]
10002318:	9701      	str	r7, [sp, #4]
1000231a:	ab0a      	add	r3, sp, #40	; 0x28
1000231c:	9300      	str	r3, [sp, #0]
1000231e:	9b09      	ldr	r3, [sp, #36]	; 0x24
10002320:	9a08      	ldr	r2, [sp, #32]
10002322:	4651      	mov	r1, sl
10002324:	4648      	mov	r0, r9
10002326:	f7ff ff20 	bl	1000216a <_ntoa_format>
1000232a:	b013      	add	sp, #76	; 0x4c
1000232c:	bcf0      	pop	{r4, r5, r6, r7}
1000232e:	46bb      	mov	fp, r7
10002330:	46b2      	mov	sl, r6
10002332:	46a9      	mov	r9, r5
10002334:	46a0      	mov	r8, r4
10002336:	bdf0      	pop	{r4, r5, r6, r7, pc}

10002338 <_ntoa_long_long>:
10002338:	b5f0      	push	{r4, r5, r6, r7, lr}
1000233a:	46de      	mov	lr, fp
1000233c:	4657      	mov	r7, sl
1000233e:	464e      	mov	r6, r9
10002340:	4645      	mov	r5, r8
10002342:	b5e0      	push	{r5, r6, r7, lr}
10002344:	b095      	sub	sp, #84	; 0x54
10002346:	9008      	str	r0, [sp, #32]
10002348:	9109      	str	r1, [sp, #36]	; 0x24
1000234a:	920a      	str	r2, [sp, #40]	; 0x28
1000234c:	930b      	str	r3, [sp, #44]	; 0x2c
1000234e:	9e1e      	ldr	r6, [sp, #120]	; 0x78
10002350:	9c1f      	ldr	r4, [sp, #124]	; 0x7c
10002352:	ab20      	add	r3, sp, #128	; 0x80
10002354:	781b      	ldrb	r3, [r3, #0]
10002356:	469b      	mov	fp, r3
10002358:	9b22      	ldr	r3, [sp, #136]	; 0x88
1000235a:	4699      	mov	r9, r3
1000235c:	9d23      	ldr	r5, [sp, #140]	; 0x8c
1000235e:	9b26      	ldr	r3, [sp, #152]	; 0x98
10002360:	469a      	mov	sl, r3
10002362:	0033      	movs	r3, r6
10002364:	4323      	orrs	r3, r4
10002366:	d103      	bne.n	10002370 <_ntoa_long_long+0x38>
10002368:	3310      	adds	r3, #16
1000236a:	4652      	mov	r2, sl
1000236c:	439a      	bics	r2, r3
1000236e:	4692      	mov	sl, r2
10002370:	2380      	movs	r3, #128	; 0x80
10002372:	00db      	lsls	r3, r3, #3
10002374:	4657      	mov	r7, sl
10002376:	401f      	ands	r7, r3
10002378:	4652      	mov	r2, sl
1000237a:	421a      	tst	r2, r3
1000237c:	d019      	beq.n	100023b2 <_ntoa_long_long+0x7a>
1000237e:	0033      	movs	r3, r6
10002380:	4323      	orrs	r3, r4
10002382:	d02d      	beq.n	100023e0 <_ntoa_long_long+0xa8>
10002384:	2700      	movs	r7, #0
10002386:	e014      	b.n	100023b2 <_ntoa_long_long+0x7a>
10002388:	3330      	adds	r3, #48	; 0x30
1000238a:	b2da      	uxtb	r2, r3
1000238c:	1c7b      	adds	r3, r7, #1
1000238e:	4698      	mov	r8, r3
10002390:	ab0c      	add	r3, sp, #48	; 0x30
10002392:	55da      	strb	r2, [r3, r7]
10002394:	464a      	mov	r2, r9
10002396:	002b      	movs	r3, r5
10002398:	0030      	movs	r0, r6
1000239a:	0021      	movs	r1, r4
1000239c:	f000 ffae 	bl	100032fc <__wrap___aeabi_uldivmod>
100023a0:	42a5      	cmp	r5, r4
100023a2:	d81f      	bhi.n	100023e4 <_ntoa_long_long+0xac>
100023a4:	d019      	beq.n	100023da <_ntoa_long_long+0xa2>
100023a6:	4643      	mov	r3, r8
100023a8:	2b1f      	cmp	r3, #31
100023aa:	d81b      	bhi.n	100023e4 <_ntoa_long_long+0xac>
100023ac:	4647      	mov	r7, r8
100023ae:	0006      	movs	r6, r0
100023b0:	000c      	movs	r4, r1
100023b2:	464a      	mov	r2, r9
100023b4:	002b      	movs	r3, r5
100023b6:	0030      	movs	r0, r6
100023b8:	0021      	movs	r1, r4
100023ba:	f000 ff9f 	bl	100032fc <__wrap___aeabi_uldivmod>
100023be:	b2d3      	uxtb	r3, r2
100023c0:	2b09      	cmp	r3, #9
100023c2:	d9e1      	bls.n	10002388 <_ntoa_long_long+0x50>
100023c4:	4652      	mov	r2, sl
100023c6:	0692      	lsls	r2, r2, #26
100023c8:	d505      	bpl.n	100023d6 <_ntoa_long_long+0x9e>
100023ca:	2241      	movs	r2, #65	; 0x41
100023cc:	18d2      	adds	r2, r2, r3
100023ce:	b2d2      	uxtb	r2, r2
100023d0:	3a0a      	subs	r2, #10
100023d2:	b2d2      	uxtb	r2, r2
100023d4:	e7da      	b.n	1000238c <_ntoa_long_long+0x54>
100023d6:	2261      	movs	r2, #97	; 0x61
100023d8:	e7f8      	b.n	100023cc <_ntoa_long_long+0x94>
100023da:	45b1      	cmp	r9, r6
100023dc:	d9e3      	bls.n	100023a6 <_ntoa_long_long+0x6e>
100023de:	e001      	b.n	100023e4 <_ntoa_long_long+0xac>
100023e0:	2300      	movs	r3, #0
100023e2:	4698      	mov	r8, r3
100023e4:	4653      	mov	r3, sl
100023e6:	9306      	str	r3, [sp, #24]
100023e8:	9b25      	ldr	r3, [sp, #148]	; 0x94
100023ea:	9305      	str	r3, [sp, #20]
100023ec:	9b24      	ldr	r3, [sp, #144]	; 0x90
100023ee:	9304      	str	r3, [sp, #16]
100023f0:	464b      	mov	r3, r9
100023f2:	9303      	str	r3, [sp, #12]
100023f4:	465b      	mov	r3, fp
100023f6:	9302      	str	r3, [sp, #8]
100023f8:	4643      	mov	r3, r8
100023fa:	9301      	str	r3, [sp, #4]
100023fc:	ab0c      	add	r3, sp, #48	; 0x30
100023fe:	9300      	str	r3, [sp, #0]
10002400:	9b0b      	ldr	r3, [sp, #44]	; 0x2c
10002402:	9a0a      	ldr	r2, [sp, #40]	; 0x28
10002404:	9909      	ldr	r1, [sp, #36]	; 0x24
10002406:	9808      	ldr	r0, [sp, #32]
10002408:	f7ff feaf 	bl	1000216a <_ntoa_format>
1000240c:	b015      	add	sp, #84	; 0x54
1000240e:	bcf0      	pop	{r4, r5, r6, r7}
10002410:	46bb      	mov	fp, r7
10002412:	46b2      	mov	sl, r6
10002414:	46a9      	mov	r9, r5
10002416:	46a0      	mov	r8, r4
10002418:	bdf0      	pop	{r4, r5, r6, r7, pc}
	...

1000241c <_etoa>:
1000241c:	b5f0      	push	{r4, r5, r6, r7, lr}
1000241e:	46de      	mov	lr, fp
10002420:	4657      	mov	r7, sl
10002422:	464e      	mov	r6, r9
10002424:	4645      	mov	r5, r8
10002426:	b5e0      	push	{r5, r6, r7, lr}
10002428:	b091      	sub	sp, #68	; 0x44
1000242a:	4683      	mov	fp, r0
1000242c:	468a      	mov	sl, r1
1000242e:	920c      	str	r2, [sp, #48]	; 0x30
10002430:	4698      	mov	r8, r3
10002432:	9c1a      	ldr	r4, [sp, #104]	; 0x68
10002434:	9408      	str	r4, [sp, #32]
10002436:	9d1b      	ldr	r5, [sp, #108]	; 0x6c
10002438:	9509      	str	r5, [sp, #36]	; 0x24
1000243a:	0022      	movs	r2, r4
1000243c:	002b      	movs	r3, r5
1000243e:	0020      	movs	r0, r4
10002440:	0029      	movs	r1, r5
10002442:	f001 f9d6 	bl	100037f2 <__wrap___aeabi_dcmpun>
10002446:	2800      	cmp	r0, #0
10002448:	d000      	beq.n	1000244c <_etoa+0x30>
1000244a:	e0e5      	b.n	10002618 <_etoa+0x1fc>
1000244c:	2201      	movs	r2, #1
1000244e:	4252      	negs	r2, r2
10002450:	4bd7      	ldr	r3, [pc, #860]	; (100027b0 <_etoa+0x394>)
10002452:	0020      	movs	r0, r4
10002454:	0029      	movs	r1, r5
10002456:	f001 f9c7 	bl	100037e8 <__wrap___aeabi_dcmpgt>
1000245a:	2800      	cmp	r0, #0
1000245c:	d000      	beq.n	10002460 <_etoa+0x44>
1000245e:	e0db      	b.n	10002618 <_etoa+0x1fc>
10002460:	2201      	movs	r2, #1
10002462:	4252      	negs	r2, r2
10002464:	4bd3      	ldr	r3, [pc, #844]	; (100027b4 <_etoa+0x398>)
10002466:	0020      	movs	r0, r4
10002468:	0029      	movs	r1, r5
1000246a:	f001 f9a7 	bl	100037bc <__wrap___aeabi_dcmplt>
1000246e:	2800      	cmp	r0, #0
10002470:	d000      	beq.n	10002474 <_etoa+0x58>
10002472:	e0d1      	b.n	10002618 <_etoa+0x1fc>
10002474:	2200      	movs	r2, #0
10002476:	2300      	movs	r3, #0
10002478:	9e08      	ldr	r6, [sp, #32]
1000247a:	0030      	movs	r0, r6
1000247c:	9d09      	ldr	r5, [sp, #36]	; 0x24
1000247e:	0029      	movs	r1, r5
10002480:	f001 f99c 	bl	100037bc <__wrap___aeabi_dcmplt>
10002484:	2800      	cmp	r0, #0
10002486:	d000      	beq.n	1000248a <_etoa+0x6e>
10002488:	e0dd      	b.n	10002646 <_etoa+0x22a>
1000248a:	9808      	ldr	r0, [sp, #32]
1000248c:	9909      	ldr	r1, [sp, #36]	; 0x24
1000248e:	9006      	str	r0, [sp, #24]
10002490:	9107      	str	r1, [sp, #28]
10002492:	2380      	movs	r3, #128	; 0x80
10002494:	00db      	lsls	r3, r3, #3
10002496:	9a1e      	ldr	r2, [sp, #120]	; 0x78
10002498:	401a      	ands	r2, r3
1000249a:	920d      	str	r2, [sp, #52]	; 0x34
1000249c:	9a1e      	ldr	r2, [sp, #120]	; 0x78
1000249e:	421a      	tst	r2, r3
100024a0:	d101      	bne.n	100024a6 <_etoa+0x8a>
100024a2:	2306      	movs	r3, #6
100024a4:	931c      	str	r3, [sp, #112]	; 0x70
100024a6:	9806      	ldr	r0, [sp, #24]
100024a8:	9907      	ldr	r1, [sp, #28]
100024aa:	0004      	movs	r4, r0
100024ac:	000d      	movs	r5, r1
100024ae:	000a      	movs	r2, r1
100024b0:	0006      	movs	r6, r0
100024b2:	4302      	orrs	r2, r0
100024b4:	d100      	bne.n	100024b8 <_etoa+0x9c>
100024b6:	e0d1      	b.n	1000265c <_etoa+0x240>
100024b8:	0d08      	lsrs	r0, r1, #20
100024ba:	0540      	lsls	r0, r0, #21
100024bc:	0d40      	lsrs	r0, r0, #21
100024be:	4cbe      	ldr	r4, [pc, #760]	; (100027b8 <_etoa+0x39c>)
100024c0:	46a4      	mov	ip, r4
100024c2:	4460      	add	r0, ip
100024c4:	030a      	lsls	r2, r1, #12
100024c6:	0b12      	lsrs	r2, r2, #12
100024c8:	4bbc      	ldr	r3, [pc, #752]	; (100027bc <_etoa+0x3a0>)
100024ca:	4313      	orrs	r3, r2
100024cc:	001f      	movs	r7, r3
100024ce:	f001 f9a3 	bl	10003818 <__wrap___aeabi_i2d>
100024d2:	4abb      	ldr	r2, [pc, #748]	; (100027c0 <_etoa+0x3a4>)
100024d4:	4bbb      	ldr	r3, [pc, #748]	; (100027c4 <_etoa+0x3a8>)
100024d6:	f001 f932 	bl	1000373e <__wrap___aeabi_dmul>
100024da:	4abb      	ldr	r2, [pc, #748]	; (100027c8 <_etoa+0x3ac>)
100024dc:	4bbb      	ldr	r3, [pc, #748]	; (100027cc <_etoa+0x3b0>)
100024de:	f001 f90f 	bl	10003700 <__wrap___aeabi_dadd>
100024e2:	0004      	movs	r4, r0
100024e4:	000d      	movs	r5, r1
100024e6:	2200      	movs	r2, #0
100024e8:	4bb9      	ldr	r3, [pc, #740]	; (100027d0 <_etoa+0x3b4>)
100024ea:	0030      	movs	r0, r6
100024ec:	0039      	movs	r1, r7
100024ee:	f001 f902 	bl	100036f6 <__wrap___aeabi_dsub>
100024f2:	4ab8      	ldr	r2, [pc, #736]	; (100027d4 <_etoa+0x3b8>)
100024f4:	4bb8      	ldr	r3, [pc, #736]	; (100027d8 <_etoa+0x3bc>)
100024f6:	f001 f922 	bl	1000373e <__wrap___aeabi_dmul>
100024fa:	0002      	movs	r2, r0
100024fc:	000b      	movs	r3, r1
100024fe:	0020      	movs	r0, r4
10002500:	0029      	movs	r1, r5
10002502:	f001 f8fd 	bl	10003700 <__wrap___aeabi_dadd>
10002506:	f001 f99f 	bl	10003848 <__wrap___aeabi_d2iz>
1000250a:	4681      	mov	r9, r0
1000250c:	f001 f984 	bl	10003818 <__wrap___aeabi_i2d>
10002510:	0004      	movs	r4, r0
10002512:	000d      	movs	r5, r1
10002514:	4ab1      	ldr	r2, [pc, #708]	; (100027dc <_etoa+0x3c0>)
10002516:	4bb2      	ldr	r3, [pc, #712]	; (100027e0 <_etoa+0x3c4>)
10002518:	f001 f911 	bl	1000373e <__wrap___aeabi_dmul>
1000251c:	2200      	movs	r2, #0
1000251e:	4bb1      	ldr	r3, [pc, #708]	; (100027e4 <_etoa+0x3c8>)
10002520:	f001 f8ee 	bl	10003700 <__wrap___aeabi_dadd>
10002524:	f001 f990 	bl	10003848 <__wrap___aeabi_d2iz>
10002528:	0006      	movs	r6, r0
1000252a:	4aaf      	ldr	r2, [pc, #700]	; (100027e8 <_etoa+0x3cc>)
1000252c:	4baf      	ldr	r3, [pc, #700]	; (100027ec <_etoa+0x3d0>)
1000252e:	0020      	movs	r0, r4
10002530:	0029      	movs	r1, r5
10002532:	f001 f904 	bl	1000373e <__wrap___aeabi_dmul>
10002536:	0004      	movs	r4, r0
10002538:	000d      	movs	r5, r1
1000253a:	0030      	movs	r0, r6
1000253c:	f001 f96c 	bl	10003818 <__wrap___aeabi_i2d>
10002540:	4aab      	ldr	r2, [pc, #684]	; (100027f0 <_etoa+0x3d4>)
10002542:	4bac      	ldr	r3, [pc, #688]	; (100027f4 <_etoa+0x3d8>)
10002544:	f001 f8fb 	bl	1000373e <__wrap___aeabi_dmul>
10002548:	0002      	movs	r2, r0
1000254a:	000b      	movs	r3, r1
1000254c:	0020      	movs	r0, r4
1000254e:	0029      	movs	r1, r5
10002550:	f001 f8d1 	bl	100036f6 <__wrap___aeabi_dsub>
10002554:	0004      	movs	r4, r0
10002556:	000d      	movs	r5, r1
10002558:	0002      	movs	r2, r0
1000255a:	000b      	movs	r3, r1
1000255c:	f001 f8ef 	bl	1000373e <__wrap___aeabi_dmul>
10002560:	900a      	str	r0, [sp, #40]	; 0x28
10002562:	910b      	str	r1, [sp, #44]	; 0x2c
10002564:	4ba4      	ldr	r3, [pc, #656]	; (100027f8 <_etoa+0x3dc>)
10002566:	18f3      	adds	r3, r6, r3
10002568:	2600      	movs	r6, #0
1000256a:	051f      	lsls	r7, r3, #20
1000256c:	0022      	movs	r2, r4
1000256e:	002b      	movs	r3, r5
10002570:	0020      	movs	r0, r4
10002572:	0029      	movs	r1, r5
10002574:	f001 f8c4 	bl	10003700 <__wrap___aeabi_dadd>
10002578:	900e      	str	r0, [sp, #56]	; 0x38
1000257a:	910f      	str	r1, [sp, #60]	; 0x3c
1000257c:	0022      	movs	r2, r4
1000257e:	002b      	movs	r3, r5
10002580:	2000      	movs	r0, #0
10002582:	2180      	movs	r1, #128	; 0x80
10002584:	05c9      	lsls	r1, r1, #23
10002586:	f001 f8b6 	bl	100036f6 <__wrap___aeabi_dsub>
1000258a:	0004      	movs	r4, r0
1000258c:	000d      	movs	r5, r1
1000258e:	2200      	movs	r2, #0
10002590:	4b9a      	ldr	r3, [pc, #616]	; (100027fc <_etoa+0x3e0>)
10002592:	980a      	ldr	r0, [sp, #40]	; 0x28
10002594:	990b      	ldr	r1, [sp, #44]	; 0x2c
10002596:	f001 f8b8 	bl	1000370a <__wrap___aeabi_ddiv>
1000259a:	2200      	movs	r2, #0
1000259c:	4b98      	ldr	r3, [pc, #608]	; (10002800 <_etoa+0x3e4>)
1000259e:	f001 f8af 	bl	10003700 <__wrap___aeabi_dadd>
100025a2:	0002      	movs	r2, r0
100025a4:	000b      	movs	r3, r1
100025a6:	980a      	ldr	r0, [sp, #40]	; 0x28
100025a8:	990b      	ldr	r1, [sp, #44]	; 0x2c
100025aa:	f001 f8ae 	bl	1000370a <__wrap___aeabi_ddiv>
100025ae:	2200      	movs	r2, #0
100025b0:	4b94      	ldr	r3, [pc, #592]	; (10002804 <_etoa+0x3e8>)
100025b2:	f001 f8a5 	bl	10003700 <__wrap___aeabi_dadd>
100025b6:	0002      	movs	r2, r0
100025b8:	000b      	movs	r3, r1
100025ba:	980a      	ldr	r0, [sp, #40]	; 0x28
100025bc:	990b      	ldr	r1, [sp, #44]	; 0x2c
100025be:	f001 f8a4 	bl	1000370a <__wrap___aeabi_ddiv>
100025c2:	0002      	movs	r2, r0
100025c4:	000b      	movs	r3, r1
100025c6:	0020      	movs	r0, r4
100025c8:	0029      	movs	r1, r5
100025ca:	f001 f899 	bl	10003700 <__wrap___aeabi_dadd>
100025ce:	0002      	movs	r2, r0
100025d0:	000b      	movs	r3, r1
100025d2:	980e      	ldr	r0, [sp, #56]	; 0x38
100025d4:	990f      	ldr	r1, [sp, #60]	; 0x3c
100025d6:	f001 f898 	bl	1000370a <__wrap___aeabi_ddiv>
100025da:	2200      	movs	r2, #0
100025dc:	4b77      	ldr	r3, [pc, #476]	; (100027bc <_etoa+0x3a0>)
100025de:	f001 f88f 	bl	10003700 <__wrap___aeabi_dadd>
100025e2:	0032      	movs	r2, r6
100025e4:	003b      	movs	r3, r7
100025e6:	f001 f8aa 	bl	1000373e <__wrap___aeabi_dmul>
100025ea:	0006      	movs	r6, r0
100025ec:	000f      	movs	r7, r1
100025ee:	0004      	movs	r4, r0
100025f0:	000d      	movs	r5, r1
100025f2:	9a06      	ldr	r2, [sp, #24]
100025f4:	9b07      	ldr	r3, [sp, #28]
100025f6:	f001 f8f7 	bl	100037e8 <__wrap___aeabi_dcmpgt>
100025fa:	2800      	cmp	r0, #0
100025fc:	d030      	beq.n	10002660 <_etoa+0x244>
100025fe:	2301      	movs	r3, #1
10002600:	425b      	negs	r3, r3
10002602:	469c      	mov	ip, r3
10002604:	44e1      	add	r9, ip
10002606:	2200      	movs	r2, #0
10002608:	4b7d      	ldr	r3, [pc, #500]	; (10002800 <_etoa+0x3e4>)
1000260a:	0030      	movs	r0, r6
1000260c:	0039      	movs	r1, r7
1000260e:	f001 f87c 	bl	1000370a <__wrap___aeabi_ddiv>
10002612:	0004      	movs	r4, r0
10002614:	000d      	movs	r5, r1
10002616:	e023      	b.n	10002660 <_etoa+0x244>
10002618:	9b1e      	ldr	r3, [sp, #120]	; 0x78
1000261a:	9304      	str	r3, [sp, #16]
1000261c:	9b1d      	ldr	r3, [sp, #116]	; 0x74
1000261e:	9303      	str	r3, [sp, #12]
10002620:	9b1c      	ldr	r3, [sp, #112]	; 0x70
10002622:	9302      	str	r3, [sp, #8]
10002624:	9a08      	ldr	r2, [sp, #32]
10002626:	9b09      	ldr	r3, [sp, #36]	; 0x24
10002628:	9200      	str	r2, [sp, #0]
1000262a:	9301      	str	r3, [sp, #4]
1000262c:	4643      	mov	r3, r8
1000262e:	9a0c      	ldr	r2, [sp, #48]	; 0x30
10002630:	4651      	mov	r1, sl
10002632:	4658      	mov	r0, fp
10002634:	f000 f8fc 	bl	10002830 <_ftoa>
10002638:	b011      	add	sp, #68	; 0x44
1000263a:	bcf0      	pop	{r4, r5, r6, r7}
1000263c:	46bb      	mov	fp, r7
1000263e:	46b2      	mov	sl, r6
10002640:	46a9      	mov	r9, r5
10002642:	46a0      	mov	r8, r4
10002644:	bdf0      	pop	{r4, r5, r6, r7, pc}
10002646:	2300      	movs	r3, #0
10002648:	2400      	movs	r4, #0
1000264a:	9306      	str	r3, [sp, #24]
1000264c:	9407      	str	r4, [sp, #28]
1000264e:	9606      	str	r6, [sp, #24]
10002650:	2380      	movs	r3, #128	; 0x80
10002652:	061b      	lsls	r3, r3, #24
10002654:	469c      	mov	ip, r3
10002656:	4465      	add	r5, ip
10002658:	9507      	str	r5, [sp, #28]
1000265a:	e71a      	b.n	10002492 <_etoa+0x76>
1000265c:	2300      	movs	r3, #0
1000265e:	4699      	mov	r9, r3
10002660:	464b      	mov	r3, r9
10002662:	3363      	adds	r3, #99	; 0x63
10002664:	2bc6      	cmp	r3, #198	; 0xc6
10002666:	d81e      	bhi.n	100026a6 <_etoa+0x28a>
10002668:	2604      	movs	r6, #4
1000266a:	9b1e      	ldr	r3, [sp, #120]	; 0x78
1000266c:	051b      	lsls	r3, r3, #20
1000266e:	d526      	bpl.n	100026be <_etoa+0x2a2>
10002670:	002b      	movs	r3, r5
10002672:	4323      	orrs	r3, r4
10002674:	d00f      	beq.n	10002696 <_etoa+0x27a>
10002676:	4a64      	ldr	r2, [pc, #400]	; (10002808 <_etoa+0x3ec>)
10002678:	4b64      	ldr	r3, [pc, #400]	; (1000280c <_etoa+0x3f0>)
1000267a:	9806      	ldr	r0, [sp, #24]
1000267c:	9907      	ldr	r1, [sp, #28]
1000267e:	f001 f8ab 	bl	100037d8 <__wrap___aeabi_dcmpge>
10002682:	2800      	cmp	r0, #0
10002684:	d079      	beq.n	1000277a <_etoa+0x35e>
10002686:	2200      	movs	r2, #0
10002688:	4b61      	ldr	r3, [pc, #388]	; (10002810 <_etoa+0x3f4>)
1000268a:	9806      	ldr	r0, [sp, #24]
1000268c:	9907      	ldr	r1, [sp, #28]
1000268e:	f001 f895 	bl	100037bc <__wrap___aeabi_dcmplt>
10002692:	2800      	cmp	r0, #0
10002694:	d071      	beq.n	1000277a <_etoa+0x35e>
10002696:	9b1c      	ldr	r3, [sp, #112]	; 0x70
10002698:	454b      	cmp	r3, r9
1000269a:	dd06      	ble.n	100026aa <_etoa+0x28e>
1000269c:	464a      	mov	r2, r9
1000269e:	1a98      	subs	r0, r3, r2
100026a0:	1e43      	subs	r3, r0, #1
100026a2:	931c      	str	r3, [sp, #112]	; 0x70
100026a4:	e003      	b.n	100026ae <_etoa+0x292>
100026a6:	2605      	movs	r6, #5
100026a8:	e7df      	b.n	1000266a <_etoa+0x24e>
100026aa:	2300      	movs	r3, #0
100026ac:	931c      	str	r3, [sp, #112]	; 0x70
100026ae:	2380      	movs	r3, #128	; 0x80
100026b0:	00db      	lsls	r3, r3, #3
100026b2:	9a1e      	ldr	r2, [sp, #120]	; 0x78
100026b4:	431a      	orrs	r2, r3
100026b6:	921e      	str	r2, [sp, #120]	; 0x78
100026b8:	2600      	movs	r6, #0
100026ba:	2300      	movs	r3, #0
100026bc:	4699      	mov	r9, r3
100026be:	9b1d      	ldr	r3, [sp, #116]	; 0x74
100026c0:	429e      	cmp	r6, r3
100026c2:	d264      	bcs.n	1000278e <_etoa+0x372>
100026c4:	1b9f      	subs	r7, r3, r6
100026c6:	2302      	movs	r3, #2
100026c8:	9a1e      	ldr	r2, [sp, #120]	; 0x78
100026ca:	401a      	ands	r2, r3
100026cc:	920a      	str	r2, [sp, #40]	; 0x28
100026ce:	9a1e      	ldr	r2, [sp, #120]	; 0x78
100026d0:	4213      	tst	r3, r2
100026d2:	d002      	beq.n	100026da <_etoa+0x2be>
100026d4:	2e00      	cmp	r6, #0
100026d6:	d000      	beq.n	100026da <_etoa+0x2be>
100026d8:	2700      	movs	r7, #0
100026da:	464b      	mov	r3, r9
100026dc:	2b00      	cmp	r3, #0
100026de:	d007      	beq.n	100026f0 <_etoa+0x2d4>
100026e0:	0022      	movs	r2, r4
100026e2:	002b      	movs	r3, r5
100026e4:	9806      	ldr	r0, [sp, #24]
100026e6:	9907      	ldr	r1, [sp, #28]
100026e8:	f001 f80f 	bl	1000370a <__wrap___aeabi_ddiv>
100026ec:	9006      	str	r0, [sp, #24]
100026ee:	9107      	str	r1, [sp, #28]
100026f0:	2200      	movs	r2, #0
100026f2:	2300      	movs	r3, #0
100026f4:	9808      	ldr	r0, [sp, #32]
100026f6:	9909      	ldr	r1, [sp, #36]	; 0x24
100026f8:	f001 f860 	bl	100037bc <__wrap___aeabi_dcmplt>
100026fc:	2800      	cmp	r0, #0
100026fe:	d148      	bne.n	10002792 <_etoa+0x376>
10002700:	4b44      	ldr	r3, [pc, #272]	; (10002814 <_etoa+0x3f8>)
10002702:	9a1e      	ldr	r2, [sp, #120]	; 0x78
10002704:	4013      	ands	r3, r2
10002706:	9304      	str	r3, [sp, #16]
10002708:	9703      	str	r7, [sp, #12]
1000270a:	9b1c      	ldr	r3, [sp, #112]	; 0x70
1000270c:	9302      	str	r3, [sp, #8]
1000270e:	9b06      	ldr	r3, [sp, #24]
10002710:	9c07      	ldr	r4, [sp, #28]
10002712:	9300      	str	r3, [sp, #0]
10002714:	9401      	str	r4, [sp, #4]
10002716:	4643      	mov	r3, r8
10002718:	9a0c      	ldr	r2, [sp, #48]	; 0x30
1000271a:	4651      	mov	r1, sl
1000271c:	4658      	mov	r0, fp
1000271e:	f000 f887 	bl	10002830 <_ftoa>
10002722:	2e00      	cmp	r6, #0
10002724:	d100      	bne.n	10002728 <_etoa+0x30c>
10002726:	e787      	b.n	10002638 <_etoa+0x21c>
10002728:	9b1e      	ldr	r3, [sp, #120]	; 0x78
1000272a:	069b      	lsls	r3, r3, #26
1000272c:	d53d      	bpl.n	100027aa <_etoa+0x38e>
1000272e:	2545      	movs	r5, #69	; 0x45
10002730:	1c44      	adds	r4, r0, #1
10002732:	4643      	mov	r3, r8
10002734:	0002      	movs	r2, r0
10002736:	4651      	mov	r1, sl
10002738:	0028      	movs	r0, r5
1000273a:	47d8      	blx	fp
1000273c:	464b      	mov	r3, r9
1000273e:	17da      	asrs	r2, r3, #31
10002740:	189b      	adds	r3, r3, r2
10002742:	4053      	eors	r3, r2
10002744:	2205      	movs	r2, #5
10002746:	9205      	str	r2, [sp, #20]
10002748:	3e01      	subs	r6, #1
1000274a:	9604      	str	r6, [sp, #16]
1000274c:	2200      	movs	r2, #0
1000274e:	9203      	str	r2, [sp, #12]
10002750:	320a      	adds	r2, #10
10002752:	9202      	str	r2, [sp, #8]
10002754:	464a      	mov	r2, r9
10002756:	0fd0      	lsrs	r0, r2, #31
10002758:	9001      	str	r0, [sp, #4]
1000275a:	9300      	str	r3, [sp, #0]
1000275c:	4643      	mov	r3, r8
1000275e:	0022      	movs	r2, r4
10002760:	4651      	mov	r1, sl
10002762:	4658      	mov	r0, fp
10002764:	f7ff fd8a 	bl	1000227c <_ntoa_long>
10002768:	9b0a      	ldr	r3, [sp, #40]	; 0x28
1000276a:	2b00      	cmp	r3, #0
1000276c:	d100      	bne.n	10002770 <_etoa+0x354>
1000276e:	e763      	b.n	10002638 <_etoa+0x21c>
10002770:	0002      	movs	r2, r0
10002772:	465f      	mov	r7, fp
10002774:	9e0c      	ldr	r6, [sp, #48]	; 0x30
10002776:	9d1d      	ldr	r5, [sp, #116]	; 0x74
10002778:	e054      	b.n	10002824 <_etoa+0x408>
1000277a:	9b1c      	ldr	r3, [sp, #112]	; 0x70
1000277c:	2b00      	cmp	r3, #0
1000277e:	d09e      	beq.n	100026be <_etoa+0x2a2>
10002780:	9b0d      	ldr	r3, [sp, #52]	; 0x34
10002782:	2b00      	cmp	r3, #0
10002784:	d09b      	beq.n	100026be <_etoa+0x2a2>
10002786:	9b1c      	ldr	r3, [sp, #112]	; 0x70
10002788:	3b01      	subs	r3, #1
1000278a:	931c      	str	r3, [sp, #112]	; 0x70
1000278c:	e797      	b.n	100026be <_etoa+0x2a2>
1000278e:	2700      	movs	r7, #0
10002790:	e799      	b.n	100026c6 <_etoa+0x2aa>
10002792:	9c06      	ldr	r4, [sp, #24]
10002794:	9d07      	ldr	r5, [sp, #28]
10002796:	0022      	movs	r2, r4
10002798:	0029      	movs	r1, r5
1000279a:	2080      	movs	r0, #128	; 0x80
1000279c:	0600      	lsls	r0, r0, #24
1000279e:	4684      	mov	ip, r0
100027a0:	4461      	add	r1, ip
100027a2:	000b      	movs	r3, r1
100027a4:	9206      	str	r2, [sp, #24]
100027a6:	9307      	str	r3, [sp, #28]
100027a8:	e7aa      	b.n	10002700 <_etoa+0x2e4>
100027aa:	2565      	movs	r5, #101	; 0x65
100027ac:	e7c0      	b.n	10002730 <_etoa+0x314>
100027ae:	46c0      	nop			; (mov r8, r8)
100027b0:	7fefffff 	.word	0x7fefffff
100027b4:	ffefffff 	.word	0xffefffff
100027b8:	fffffc01 	.word	0xfffffc01
100027bc:	3ff00000 	.word	0x3ff00000
100027c0:	509f79fb 	.word	0x509f79fb
100027c4:	3fd34413 	.word	0x3fd34413
100027c8:	8b60c8b3 	.word	0x8b60c8b3
100027cc:	3fc68a28 	.word	0x3fc68a28
100027d0:	3ff80000 	.word	0x3ff80000
100027d4:	636f4361 	.word	0x636f4361
100027d8:	3fd287a7 	.word	0x3fd287a7
100027dc:	0979a371 	.word	0x0979a371
100027e0:	400a934f 	.word	0x400a934f
100027e4:	3fe00000 	.word	0x3fe00000
100027e8:	bbb55516 	.word	0xbbb55516
100027ec:	40026bb1 	.word	0x40026bb1
100027f0:	fefa39ef 	.word	0xfefa39ef
100027f4:	3fe62e42 	.word	0x3fe62e42
100027f8:	000003ff 	.word	0x000003ff
100027fc:	402c0000 	.word	0x402c0000
10002800:	40240000 	.word	0x40240000
10002804:	40180000 	.word	0x40180000
10002808:	eb1c432d 	.word	0xeb1c432d
1000280c:	3f1a36e2 	.word	0x3f1a36e2
10002810:	412e8480 	.word	0x412e8480
10002814:	fffff7ff 	.word	0xfffff7ff
10002818:	1c54      	adds	r4, r2, #1
1000281a:	4643      	mov	r3, r8
1000281c:	4651      	mov	r1, sl
1000281e:	2020      	movs	r0, #32
10002820:	47b8      	blx	r7
10002822:	0022      	movs	r2, r4
10002824:	1b93      	subs	r3, r2, r6
10002826:	42ab      	cmp	r3, r5
10002828:	d3f6      	bcc.n	10002818 <_etoa+0x3fc>
1000282a:	0010      	movs	r0, r2
1000282c:	e704      	b.n	10002638 <_etoa+0x21c>
1000282e:	46c0      	nop			; (mov r8, r8)

10002830 <_ftoa>:
10002830:	b5f0      	push	{r4, r5, r6, r7, lr}
10002832:	46de      	mov	lr, fp
10002834:	4657      	mov	r7, sl
10002836:	464e      	mov	r6, r9
10002838:	4645      	mov	r5, r8
1000283a:	b5e0      	push	{r5, r6, r7, lr}
1000283c:	b095      	sub	sp, #84	; 0x54
1000283e:	9006      	str	r0, [sp, #24]
10002840:	9107      	str	r1, [sp, #28]
10002842:	4693      	mov	fp, r2
10002844:	4699      	mov	r9, r3
10002846:	9f20      	ldr	r7, [sp, #128]	; 0x80
10002848:	9a1e      	ldr	r2, [sp, #120]	; 0x78
1000284a:	9b1f      	ldr	r3, [sp, #124]	; 0x7c
1000284c:	0010      	movs	r0, r2
1000284e:	0019      	movs	r1, r3
10002850:	f000 ffcf 	bl	100037f2 <__wrap___aeabi_dcmpun>
10002854:	2800      	cmp	r0, #0
10002856:	d131      	bne.n	100028bc <_ftoa+0x8c>
10002858:	2201      	movs	r2, #1
1000285a:	4252      	negs	r2, r2
1000285c:	4bbf      	ldr	r3, [pc, #764]	; (10002b5c <_ftoa+0x32c>)
1000285e:	981e      	ldr	r0, [sp, #120]	; 0x78
10002860:	991f      	ldr	r1, [sp, #124]	; 0x7c
10002862:	f000 ffab 	bl	100037bc <__wrap___aeabi_dcmplt>
10002866:	2800      	cmp	r0, #0
10002868:	d137      	bne.n	100028da <_ftoa+0xaa>
1000286a:	2201      	movs	r2, #1
1000286c:	4252      	negs	r2, r2
1000286e:	4bbc      	ldr	r3, [pc, #752]	; (10002b60 <_ftoa+0x330>)
10002870:	981e      	ldr	r0, [sp, #120]	; 0x78
10002872:	991f      	ldr	r1, [sp, #124]	; 0x7c
10002874:	f000 ffb8 	bl	100037e8 <__wrap___aeabi_dcmpgt>
10002878:	2800      	cmp	r0, #0
1000287a:	d13d      	bne.n	100028f8 <_ftoa+0xc8>
1000287c:	2200      	movs	r2, #0
1000287e:	4bb9      	ldr	r3, [pc, #740]	; (10002b64 <_ftoa+0x334>)
10002880:	981e      	ldr	r0, [sp, #120]	; 0x78
10002882:	991f      	ldr	r1, [sp, #124]	; 0x7c
10002884:	f000 ffb0 	bl	100037e8 <__wrap___aeabi_dcmpgt>
10002888:	2800      	cmp	r0, #0
1000288a:	d150      	bne.n	1000292e <_ftoa+0xfe>
1000288c:	2200      	movs	r2, #0
1000288e:	4bb6      	ldr	r3, [pc, #728]	; (10002b68 <_ftoa+0x338>)
10002890:	981e      	ldr	r0, [sp, #120]	; 0x78
10002892:	991f      	ldr	r1, [sp, #124]	; 0x7c
10002894:	f000 ff92 	bl	100037bc <__wrap___aeabi_dcmplt>
10002898:	2800      	cmp	r0, #0
1000289a:	d148      	bne.n	1000292e <_ftoa+0xfe>
1000289c:	2200      	movs	r2, #0
1000289e:	2300      	movs	r3, #0
100028a0:	981e      	ldr	r0, [sp, #120]	; 0x78
100028a2:	991f      	ldr	r1, [sp, #124]	; 0x7c
100028a4:	f000 ff8a 	bl	100037bc <__wrap___aeabi_dcmplt>
100028a8:	2800      	cmp	r0, #0
100028aa:	d150      	bne.n	1000294e <_ftoa+0x11e>
100028ac:	2300      	movs	r3, #0
100028ae:	4698      	mov	r8, r3
100028b0:	9b22      	ldr	r3, [sp, #136]	; 0x88
100028b2:	055b      	lsls	r3, r3, #21
100028b4:	d400      	bmi.n	100028b8 <_ftoa+0x88>
100028b6:	e0b6      	b.n	10002a26 <_ftoa+0x1f6>
100028b8:	2400      	movs	r4, #0
100028ba:	e058      	b.n	1000296e <_ftoa+0x13e>
100028bc:	9b22      	ldr	r3, [sp, #136]	; 0x88
100028be:	9303      	str	r3, [sp, #12]
100028c0:	9b21      	ldr	r3, [sp, #132]	; 0x84
100028c2:	9302      	str	r3, [sp, #8]
100028c4:	2303      	movs	r3, #3
100028c6:	9301      	str	r3, [sp, #4]
100028c8:	4ba8      	ldr	r3, [pc, #672]	; (10002b6c <_ftoa+0x33c>)
100028ca:	9300      	str	r3, [sp, #0]
100028cc:	464b      	mov	r3, r9
100028ce:	465a      	mov	r2, fp
100028d0:	9907      	ldr	r1, [sp, #28]
100028d2:	9806      	ldr	r0, [sp, #24]
100028d4:	f7ff fbf2 	bl	100020bc <_out_rev>
100028d8:	e10e      	b.n	10002af8 <_ftoa+0x2c8>
100028da:	9b22      	ldr	r3, [sp, #136]	; 0x88
100028dc:	9303      	str	r3, [sp, #12]
100028de:	9b21      	ldr	r3, [sp, #132]	; 0x84
100028e0:	9302      	str	r3, [sp, #8]
100028e2:	2304      	movs	r3, #4
100028e4:	9301      	str	r3, [sp, #4]
100028e6:	4ba2      	ldr	r3, [pc, #648]	; (10002b70 <_ftoa+0x340>)
100028e8:	9300      	str	r3, [sp, #0]
100028ea:	464b      	mov	r3, r9
100028ec:	465a      	mov	r2, fp
100028ee:	9907      	ldr	r1, [sp, #28]
100028f0:	9806      	ldr	r0, [sp, #24]
100028f2:	f7ff fbe3 	bl	100020bc <_out_rev>
100028f6:	e0ff      	b.n	10002af8 <_ftoa+0x2c8>
100028f8:	2304      	movs	r3, #4
100028fa:	9a22      	ldr	r2, [sp, #136]	; 0x88
100028fc:	401a      	ands	r2, r3
100028fe:	9922      	ldr	r1, [sp, #136]	; 0x88
10002900:	420b      	tst	r3, r1
10002902:	d010      	beq.n	10002926 <_ftoa+0xf6>
10002904:	4b9b      	ldr	r3, [pc, #620]	; (10002b74 <_ftoa+0x344>)
10002906:	2a00      	cmp	r2, #0
10002908:	d00f      	beq.n	1000292a <_ftoa+0xfa>
1000290a:	2204      	movs	r2, #4
1000290c:	9922      	ldr	r1, [sp, #136]	; 0x88
1000290e:	9103      	str	r1, [sp, #12]
10002910:	9921      	ldr	r1, [sp, #132]	; 0x84
10002912:	9102      	str	r1, [sp, #8]
10002914:	9201      	str	r2, [sp, #4]
10002916:	9300      	str	r3, [sp, #0]
10002918:	464b      	mov	r3, r9
1000291a:	465a      	mov	r2, fp
1000291c:	9907      	ldr	r1, [sp, #28]
1000291e:	9806      	ldr	r0, [sp, #24]
10002920:	f7ff fbcc 	bl	100020bc <_out_rev>
10002924:	e0e8      	b.n	10002af8 <_ftoa+0x2c8>
10002926:	4b94      	ldr	r3, [pc, #592]	; (10002b78 <_ftoa+0x348>)
10002928:	e7ed      	b.n	10002906 <_ftoa+0xd6>
1000292a:	2203      	movs	r2, #3
1000292c:	e7ee      	b.n	1000290c <_ftoa+0xdc>
1000292e:	9b22      	ldr	r3, [sp, #136]	; 0x88
10002930:	9304      	str	r3, [sp, #16]
10002932:	9b21      	ldr	r3, [sp, #132]	; 0x84
10002934:	9303      	str	r3, [sp, #12]
10002936:	9702      	str	r7, [sp, #8]
10002938:	9b1e      	ldr	r3, [sp, #120]	; 0x78
1000293a:	9c1f      	ldr	r4, [sp, #124]	; 0x7c
1000293c:	9300      	str	r3, [sp, #0]
1000293e:	9401      	str	r4, [sp, #4]
10002940:	464b      	mov	r3, r9
10002942:	465a      	mov	r2, fp
10002944:	9907      	ldr	r1, [sp, #28]
10002946:	9806      	ldr	r0, [sp, #24]
10002948:	f7ff fd68 	bl	1000241c <_etoa>
1000294c:	e0d4      	b.n	10002af8 <_ftoa+0x2c8>
1000294e:	9a1e      	ldr	r2, [sp, #120]	; 0x78
10002950:	9b1f      	ldr	r3, [sp, #124]	; 0x7c
10002952:	2000      	movs	r0, #0
10002954:	2100      	movs	r1, #0
10002956:	f000 fece 	bl	100036f6 <__wrap___aeabi_dsub>
1000295a:	901e      	str	r0, [sp, #120]	; 0x78
1000295c:	911f      	str	r1, [sp, #124]	; 0x7c
1000295e:	2301      	movs	r3, #1
10002960:	4698      	mov	r8, r3
10002962:	e7a5      	b.n	100028b0 <_ftoa+0x80>
10002964:	ab0c      	add	r3, sp, #48	; 0x30
10002966:	2230      	movs	r2, #48	; 0x30
10002968:	551a      	strb	r2, [r3, r4]
1000296a:	3f01      	subs	r7, #1
1000296c:	3401      	adds	r4, #1
1000296e:	2c1f      	cmp	r4, #31
10002970:	d801      	bhi.n	10002976 <_ftoa+0x146>
10002972:	2f09      	cmp	r7, #9
10002974:	d8f6      	bhi.n	10002964 <_ftoa+0x134>
10002976:	981e      	ldr	r0, [sp, #120]	; 0x78
10002978:	991f      	ldr	r1, [sp, #124]	; 0x7c
1000297a:	f000 ff65 	bl	10003848 <__wrap___aeabi_d2iz>
1000297e:	0005      	movs	r5, r0
10002980:	f000 ff4a 	bl	10003818 <__wrap___aeabi_i2d>
10002984:	0002      	movs	r2, r0
10002986:	000b      	movs	r3, r1
10002988:	981e      	ldr	r0, [sp, #120]	; 0x78
1000298a:	991f      	ldr	r1, [sp, #124]	; 0x7c
1000298c:	f000 feb3 	bl	100036f6 <__wrap___aeabi_dsub>
10002990:	00fa      	lsls	r2, r7, #3
10002992:	4b7a      	ldr	r3, [pc, #488]	; (10002b7c <_ftoa+0x34c>)
10002994:	189b      	adds	r3, r3, r2
10002996:	681a      	ldr	r2, [r3, #0]
10002998:	685b      	ldr	r3, [r3, #4]
1000299a:	920a      	str	r2, [sp, #40]	; 0x28
1000299c:	930b      	str	r3, [sp, #44]	; 0x2c
1000299e:	f000 fece 	bl	1000373e <__wrap___aeabi_dmul>
100029a2:	9008      	str	r0, [sp, #32]
100029a4:	9109      	str	r1, [sp, #36]	; 0x24
100029a6:	f000 ff73 	bl	10003890 <__wrap___aeabi_d2uiz>
100029aa:	0006      	movs	r6, r0
100029ac:	f000 ff30 	bl	10003810 <__wrap___aeabi_ui2d>
100029b0:	0002      	movs	r2, r0
100029b2:	000b      	movs	r3, r1
100029b4:	9808      	ldr	r0, [sp, #32]
100029b6:	9909      	ldr	r1, [sp, #36]	; 0x24
100029b8:	f000 fe9d 	bl	100036f6 <__wrap___aeabi_dsub>
100029bc:	9008      	str	r0, [sp, #32]
100029be:	9109      	str	r1, [sp, #36]	; 0x24
100029c0:	2200      	movs	r2, #0
100029c2:	4b6f      	ldr	r3, [pc, #444]	; (10002b80 <_ftoa+0x350>)
100029c4:	f000 ff10 	bl	100037e8 <__wrap___aeabi_dcmpgt>
100029c8:	2800      	cmp	r0, #0
100029ca:	d02e      	beq.n	10002a2a <_ftoa+0x1fa>
100029cc:	3601      	adds	r6, #1
100029ce:	0030      	movs	r0, r6
100029d0:	f000 ff1e 	bl	10003810 <__wrap___aeabi_ui2d>
100029d4:	0002      	movs	r2, r0
100029d6:	000b      	movs	r3, r1
100029d8:	980a      	ldr	r0, [sp, #40]	; 0x28
100029da:	990b      	ldr	r1, [sp, #44]	; 0x2c
100029dc:	f000 fef4 	bl	100037c8 <__wrap___aeabi_dcmple>
100029e0:	2800      	cmp	r0, #0
100029e2:	d001      	beq.n	100029e8 <_ftoa+0x1b8>
100029e4:	3501      	adds	r5, #1
100029e6:	2600      	movs	r6, #0
100029e8:	2f00      	cmp	r7, #0
100029ea:	d12c      	bne.n	10002a46 <_ftoa+0x216>
100029ec:	0028      	movs	r0, r5
100029ee:	f000 ff13 	bl	10003818 <__wrap___aeabi_i2d>
100029f2:	0002      	movs	r2, r0
100029f4:	000b      	movs	r3, r1
100029f6:	981e      	ldr	r0, [sp, #120]	; 0x78
100029f8:	991f      	ldr	r1, [sp, #124]	; 0x7c
100029fa:	f000 fe7c 	bl	100036f6 <__wrap___aeabi_dsub>
100029fe:	0006      	movs	r6, r0
10002a00:	000f      	movs	r7, r1
10002a02:	2200      	movs	r2, #0
10002a04:	4b5e      	ldr	r3, [pc, #376]	; (10002b80 <_ftoa+0x350>)
10002a06:	f000 fed9 	bl	100037bc <__wrap___aeabi_dcmplt>
10002a0a:	2800      	cmp	r0, #0
10002a0c:	d146      	bne.n	10002a9c <_ftoa+0x26c>
10002a0e:	2200      	movs	r2, #0
10002a10:	4b5b      	ldr	r3, [pc, #364]	; (10002b80 <_ftoa+0x350>)
10002a12:	0030      	movs	r0, r6
10002a14:	0039      	movs	r1, r7
10002a16:	f000 fee7 	bl	100037e8 <__wrap___aeabi_dcmpgt>
10002a1a:	2800      	cmp	r0, #0
10002a1c:	d13e      	bne.n	10002a9c <_ftoa+0x26c>
10002a1e:	07eb      	lsls	r3, r5, #31
10002a20:	d53c      	bpl.n	10002a9c <_ftoa+0x26c>
10002a22:	3501      	adds	r5, #1
10002a24:	e03a      	b.n	10002a9c <_ftoa+0x26c>
10002a26:	2706      	movs	r7, #6
10002a28:	e746      	b.n	100028b8 <_ftoa+0x88>
10002a2a:	2200      	movs	r2, #0
10002a2c:	4b54      	ldr	r3, [pc, #336]	; (10002b80 <_ftoa+0x350>)
10002a2e:	9808      	ldr	r0, [sp, #32]
10002a30:	9909      	ldr	r1, [sp, #36]	; 0x24
10002a32:	f000 fec3 	bl	100037bc <__wrap___aeabi_dcmplt>
10002a36:	2800      	cmp	r0, #0
10002a38:	d1d6      	bne.n	100029e8 <_ftoa+0x1b8>
10002a3a:	2e00      	cmp	r6, #0
10002a3c:	d001      	beq.n	10002a42 <_ftoa+0x212>
10002a3e:	07f3      	lsls	r3, r6, #31
10002a40:	d5d2      	bpl.n	100029e8 <_ftoa+0x1b8>
10002a42:	3601      	adds	r6, #1
10002a44:	e7d0      	b.n	100029e8 <_ftoa+0x1b8>
10002a46:	46aa      	mov	sl, r5
10002a48:	2c1f      	cmp	r4, #31
10002a4a:	d811      	bhi.n	10002a70 <_ftoa+0x240>
10002a4c:	3f01      	subs	r7, #1
10002a4e:	210a      	movs	r1, #10
10002a50:	0030      	movs	r0, r6
10002a52:	f000 fc15 	bl	10003280 <__wrap___aeabi_uidiv>
10002a56:	1c65      	adds	r5, r4, #1
10002a58:	3130      	adds	r1, #48	; 0x30
10002a5a:	ab0c      	add	r3, sp, #48	; 0x30
10002a5c:	5519      	strb	r1, [r3, r4]
10002a5e:	210a      	movs	r1, #10
10002a60:	0030      	movs	r0, r6
10002a62:	f000 fc0d 	bl	10003280 <__wrap___aeabi_uidiv>
10002a66:	2e09      	cmp	r6, #9
10002a68:	d90e      	bls.n	10002a88 <_ftoa+0x258>
10002a6a:	0006      	movs	r6, r0
10002a6c:	002c      	movs	r4, r5
10002a6e:	e7eb      	b.n	10002a48 <_ftoa+0x218>
10002a70:	4655      	mov	r5, sl
10002a72:	2c1f      	cmp	r4, #31
10002a74:	d80c      	bhi.n	10002a90 <_ftoa+0x260>
10002a76:	1e7b      	subs	r3, r7, #1
10002a78:	2f00      	cmp	r7, #0
10002a7a:	d009      	beq.n	10002a90 <_ftoa+0x260>
10002a7c:	aa0c      	add	r2, sp, #48	; 0x30
10002a7e:	2130      	movs	r1, #48	; 0x30
10002a80:	5511      	strb	r1, [r2, r4]
10002a82:	001f      	movs	r7, r3
10002a84:	3401      	adds	r4, #1
10002a86:	e7f4      	b.n	10002a72 <_ftoa+0x242>
10002a88:	002b      	movs	r3, r5
10002a8a:	4655      	mov	r5, sl
10002a8c:	001c      	movs	r4, r3
10002a8e:	e7f0      	b.n	10002a72 <_ftoa+0x242>
10002a90:	2c1f      	cmp	r4, #31
10002a92:	d803      	bhi.n	10002a9c <_ftoa+0x26c>
10002a94:	ab0c      	add	r3, sp, #48	; 0x30
10002a96:	222e      	movs	r2, #46	; 0x2e
10002a98:	551a      	strb	r2, [r3, r4]
10002a9a:	3401      	adds	r4, #1
10002a9c:	2c1f      	cmp	r4, #31
10002a9e:	d810      	bhi.n	10002ac2 <_ftoa+0x292>
10002aa0:	210a      	movs	r1, #10
10002aa2:	0028      	movs	r0, r5
10002aa4:	f000 fbc4 	bl	10003230 <__wrap___aeabi_idiv>
10002aa8:	1c66      	adds	r6, r4, #1
10002aaa:	3130      	adds	r1, #48	; 0x30
10002aac:	ab0c      	add	r3, sp, #48	; 0x30
10002aae:	5519      	strb	r1, [r3, r4]
10002ab0:	210a      	movs	r1, #10
10002ab2:	0028      	movs	r0, r5
10002ab4:	f000 fbbc 	bl	10003230 <__wrap___aeabi_idiv>
10002ab8:	1e05      	subs	r5, r0, #0
10002aba:	d001      	beq.n	10002ac0 <_ftoa+0x290>
10002abc:	0034      	movs	r4, r6
10002abe:	e7ed      	b.n	10002a9c <_ftoa+0x26c>
10002ac0:	0034      	movs	r4, r6
10002ac2:	2303      	movs	r3, #3
10002ac4:	9a22      	ldr	r2, [sp, #136]	; 0x88
10002ac6:	4013      	ands	r3, r2
10002ac8:	2b01      	cmp	r3, #1
10002aca:	d01c      	beq.n	10002b06 <_ftoa+0x2d6>
10002acc:	2c1f      	cmp	r4, #31
10002ace:	d806      	bhi.n	10002ade <_ftoa+0x2ae>
10002ad0:	4643      	mov	r3, r8
10002ad2:	2b00      	cmp	r3, #0
10002ad4:	d032      	beq.n	10002b3c <_ftoa+0x30c>
10002ad6:	ab0c      	add	r3, sp, #48	; 0x30
10002ad8:	222d      	movs	r2, #45	; 0x2d
10002ada:	551a      	strb	r2, [r3, r4]
10002adc:	3401      	adds	r4, #1
10002ade:	9b22      	ldr	r3, [sp, #136]	; 0x88
10002ae0:	9303      	str	r3, [sp, #12]
10002ae2:	9b21      	ldr	r3, [sp, #132]	; 0x84
10002ae4:	9302      	str	r3, [sp, #8]
10002ae6:	9401      	str	r4, [sp, #4]
10002ae8:	ab0c      	add	r3, sp, #48	; 0x30
10002aea:	9300      	str	r3, [sp, #0]
10002aec:	464b      	mov	r3, r9
10002aee:	465a      	mov	r2, fp
10002af0:	9907      	ldr	r1, [sp, #28]
10002af2:	9806      	ldr	r0, [sp, #24]
10002af4:	f7ff fae2 	bl	100020bc <_out_rev>
10002af8:	b015      	add	sp, #84	; 0x54
10002afa:	bcf0      	pop	{r4, r5, r6, r7}
10002afc:	46bb      	mov	fp, r7
10002afe:	46b2      	mov	sl, r6
10002b00:	46a9      	mov	r9, r5
10002b02:	46a0      	mov	r8, r4
10002b04:	bdf0      	pop	{r4, r5, r6, r7, pc}
10002b06:	9b21      	ldr	r3, [sp, #132]	; 0x84
10002b08:	2b00      	cmp	r3, #0
10002b0a:	d013      	beq.n	10002b34 <_ftoa+0x304>
10002b0c:	4643      	mov	r3, r8
10002b0e:	2b00      	cmp	r3, #0
10002b10:	d102      	bne.n	10002b18 <_ftoa+0x2e8>
10002b12:	330c      	adds	r3, #12
10002b14:	4213      	tst	r3, r2
10002b16:	d00f      	beq.n	10002b38 <_ftoa+0x308>
10002b18:	9b21      	ldr	r3, [sp, #132]	; 0x84
10002b1a:	3b01      	subs	r3, #1
10002b1c:	9321      	str	r3, [sp, #132]	; 0x84
10002b1e:	0019      	movs	r1, r3
10002b20:	e003      	b.n	10002b2a <_ftoa+0x2fa>
10002b22:	ab0c      	add	r3, sp, #48	; 0x30
10002b24:	2230      	movs	r2, #48	; 0x30
10002b26:	551a      	strb	r2, [r3, r4]
10002b28:	3401      	adds	r4, #1
10002b2a:	428c      	cmp	r4, r1
10002b2c:	d2ce      	bcs.n	10002acc <_ftoa+0x29c>
10002b2e:	2c1f      	cmp	r4, #31
10002b30:	d9f7      	bls.n	10002b22 <_ftoa+0x2f2>
10002b32:	e7cb      	b.n	10002acc <_ftoa+0x29c>
10002b34:	9921      	ldr	r1, [sp, #132]	; 0x84
10002b36:	e7f8      	b.n	10002b2a <_ftoa+0x2fa>
10002b38:	9921      	ldr	r1, [sp, #132]	; 0x84
10002b3a:	e7f6      	b.n	10002b2a <_ftoa+0x2fa>
10002b3c:	9b22      	ldr	r3, [sp, #136]	; 0x88
10002b3e:	075b      	lsls	r3, r3, #29
10002b40:	d504      	bpl.n	10002b4c <_ftoa+0x31c>
10002b42:	ab0c      	add	r3, sp, #48	; 0x30
10002b44:	222b      	movs	r2, #43	; 0x2b
10002b46:	551a      	strb	r2, [r3, r4]
10002b48:	3401      	adds	r4, #1
10002b4a:	e7c8      	b.n	10002ade <_ftoa+0x2ae>
10002b4c:	9b22      	ldr	r3, [sp, #136]	; 0x88
10002b4e:	071b      	lsls	r3, r3, #28
10002b50:	d5c5      	bpl.n	10002ade <_ftoa+0x2ae>
10002b52:	ab0c      	add	r3, sp, #48	; 0x30
10002b54:	2220      	movs	r2, #32
10002b56:	551a      	strb	r2, [r3, r4]
10002b58:	3401      	adds	r4, #1
10002b5a:	e7c0      	b.n	10002ade <_ftoa+0x2ae>
10002b5c:	ffefffff 	.word	0xffefffff
10002b60:	7fefffff 	.word	0x7fefffff
10002b64:	41cdcd65 	.word	0x41cdcd65
10002b68:	c1cdcd65 	.word	0xc1cdcd65
10002b6c:	10004cdc 	.word	0x10004cdc
10002b70:	10004ce0 	.word	0x10004ce0
10002b74:	10004cd4 	.word	0x10004cd4
10002b78:	10004cd0 	.word	0x10004cd0
10002b7c:	10004ec8 	.word	0x10004ec8
10002b80:	3fe00000 	.word	0x3fe00000

10002b84 <_vsnprintf>:
10002b84:	b5f0      	push	{r4, r5, r6, r7, lr}
10002b86:	46de      	mov	lr, fp
10002b88:	4657      	mov	r7, sl
10002b8a:	464e      	mov	r6, r9
10002b8c:	4645      	mov	r5, r8
10002b8e:	b5e0      	push	{r5, r6, r7, lr}
10002b90:	b093      	sub	sp, #76	; 0x4c
10002b92:	4682      	mov	sl, r0
10002b94:	468b      	mov	fp, r1
10002b96:	4690      	mov	r8, r2
10002b98:	9311      	str	r3, [sp, #68]	; 0x44
10002b9a:	2900      	cmp	r1, #0
10002b9c:	d100      	bne.n	10002ba0 <_vsnprintf+0x1c>
10002b9e:	e2eb      	b.n	10003178 <_vsnprintf+0x5f4>
10002ba0:	2700      	movs	r7, #0
10002ba2:	4655      	mov	r5, sl
10002ba4:	9b11      	ldr	r3, [sp, #68]	; 0x44
10002ba6:	7818      	ldrb	r0, [r3, #0]
10002ba8:	2800      	cmp	r0, #0
10002baa:	d100      	bne.n	10002bae <_vsnprintf+0x2a>
10002bac:	e2e7      	b.n	1000317e <_vsnprintf+0x5fa>
10002bae:	2825      	cmp	r0, #37	; 0x25
10002bb0:	d009      	beq.n	10002bc6 <_vsnprintf+0x42>
10002bb2:	1c7c      	adds	r4, r7, #1
10002bb4:	4643      	mov	r3, r8
10002bb6:	003a      	movs	r2, r7
10002bb8:	4659      	mov	r1, fp
10002bba:	47a8      	blx	r5
10002bbc:	9b11      	ldr	r3, [sp, #68]	; 0x44
10002bbe:	3301      	adds	r3, #1
10002bc0:	9311      	str	r3, [sp, #68]	; 0x44
10002bc2:	0027      	movs	r7, r4
10002bc4:	e7ee      	b.n	10002ba4 <_vsnprintf+0x20>
10002bc6:	3301      	adds	r3, #1
10002bc8:	9311      	str	r3, [sp, #68]	; 0x44
10002bca:	2400      	movs	r4, #0
10002bcc:	9a11      	ldr	r2, [sp, #68]	; 0x44
10002bce:	7811      	ldrb	r1, [r2, #0]
10002bd0:	000b      	movs	r3, r1
10002bd2:	3b20      	subs	r3, #32
10002bd4:	b2d8      	uxtb	r0, r3
10002bd6:	2810      	cmp	r0, #16
10002bd8:	d803      	bhi.n	10002be2 <_vsnprintf+0x5e>
10002bda:	0083      	lsls	r3, r0, #2
10002bdc:	48d0      	ldr	r0, [pc, #832]	; (10002f20 <_vsnprintf+0x39c>)
10002bde:	58c3      	ldr	r3, [r0, r3]
10002be0:	469f      	mov	pc, r3
10002be2:	000b      	movs	r3, r1
10002be4:	3b30      	subs	r3, #48	; 0x30
10002be6:	b2db      	uxtb	r3, r3
10002be8:	2b09      	cmp	r3, #9
10002bea:	d92c      	bls.n	10002c46 <_vsnprintf+0xc2>
10002bec:	292a      	cmp	r1, #42	; 0x2a
10002bee:	d02f      	beq.n	10002c50 <_vsnprintf+0xcc>
10002bf0:	2300      	movs	r3, #0
10002bf2:	930a      	str	r3, [sp, #40]	; 0x28
10002bf4:	9b11      	ldr	r3, [sp, #68]	; 0x44
10002bf6:	781a      	ldrb	r2, [r3, #0]
10002bf8:	2a2e      	cmp	r2, #46	; 0x2e
10002bfa:	d039      	beq.n	10002c70 <_vsnprintf+0xec>
10002bfc:	2300      	movs	r3, #0
10002bfe:	469a      	mov	sl, r3
10002c00:	9a11      	ldr	r2, [sp, #68]	; 0x44
10002c02:	7813      	ldrb	r3, [r2, #0]
10002c04:	3b68      	subs	r3, #104	; 0x68
10002c06:	b2d9      	uxtb	r1, r3
10002c08:	2912      	cmp	r1, #18
10002c0a:	d876      	bhi.n	10002cfa <_vsnprintf+0x176>
10002c0c:	008b      	lsls	r3, r1, #2
10002c0e:	49c5      	ldr	r1, [pc, #788]	; (10002f24 <_vsnprintf+0x3a0>)
10002c10:	58cb      	ldr	r3, [r1, r3]
10002c12:	469f      	mov	pc, r3
10002c14:	2301      	movs	r3, #1
10002c16:	431c      	orrs	r4, r3
10002c18:	3201      	adds	r2, #1
10002c1a:	9211      	str	r2, [sp, #68]	; 0x44
10002c1c:	e7d6      	b.n	10002bcc <_vsnprintf+0x48>
10002c1e:	2302      	movs	r3, #2
10002c20:	431c      	orrs	r4, r3
10002c22:	3201      	adds	r2, #1
10002c24:	9211      	str	r2, [sp, #68]	; 0x44
10002c26:	e7d1      	b.n	10002bcc <_vsnprintf+0x48>
10002c28:	2304      	movs	r3, #4
10002c2a:	431c      	orrs	r4, r3
10002c2c:	3201      	adds	r2, #1
10002c2e:	9211      	str	r2, [sp, #68]	; 0x44
10002c30:	e7cc      	b.n	10002bcc <_vsnprintf+0x48>
10002c32:	2308      	movs	r3, #8
10002c34:	431c      	orrs	r4, r3
10002c36:	3201      	adds	r2, #1
10002c38:	9211      	str	r2, [sp, #68]	; 0x44
10002c3a:	e7c7      	b.n	10002bcc <_vsnprintf+0x48>
10002c3c:	2310      	movs	r3, #16
10002c3e:	431c      	orrs	r4, r3
10002c40:	3201      	adds	r2, #1
10002c42:	9211      	str	r2, [sp, #68]	; 0x44
10002c44:	e7c2      	b.n	10002bcc <_vsnprintf+0x48>
10002c46:	a811      	add	r0, sp, #68	; 0x44
10002c48:	f7ff fa26 	bl	10002098 <_atoi>
10002c4c:	900a      	str	r0, [sp, #40]	; 0x28
10002c4e:	e7d1      	b.n	10002bf4 <_vsnprintf+0x70>
10002c50:	9b1c      	ldr	r3, [sp, #112]	; 0x70
10002c52:	1d1a      	adds	r2, r3, #4
10002c54:	921c      	str	r2, [sp, #112]	; 0x70
10002c56:	6818      	ldr	r0, [r3, #0]
10002c58:	2800      	cmp	r0, #0
10002c5a:	db04      	blt.n	10002c66 <_vsnprintf+0xe2>
10002c5c:	900a      	str	r0, [sp, #40]	; 0x28
10002c5e:	9b11      	ldr	r3, [sp, #68]	; 0x44
10002c60:	3301      	adds	r3, #1
10002c62:	9311      	str	r3, [sp, #68]	; 0x44
10002c64:	e7c6      	b.n	10002bf4 <_vsnprintf+0x70>
10002c66:	2302      	movs	r3, #2
10002c68:	431c      	orrs	r4, r3
10002c6a:	4243      	negs	r3, r0
10002c6c:	930a      	str	r3, [sp, #40]	; 0x28
10002c6e:	e7f6      	b.n	10002c5e <_vsnprintf+0xda>
10002c70:	2280      	movs	r2, #128	; 0x80
10002c72:	00d2      	lsls	r2, r2, #3
10002c74:	4314      	orrs	r4, r2
10002c76:	1c5a      	adds	r2, r3, #1
10002c78:	9211      	str	r2, [sp, #68]	; 0x44
10002c7a:	785a      	ldrb	r2, [r3, #1]
10002c7c:	0013      	movs	r3, r2
10002c7e:	3b30      	subs	r3, #48	; 0x30
10002c80:	b2db      	uxtb	r3, r3
10002c82:	2b09      	cmp	r3, #9
10002c84:	d904      	bls.n	10002c90 <_vsnprintf+0x10c>
10002c86:	2a2a      	cmp	r2, #42	; 0x2a
10002c88:	d007      	beq.n	10002c9a <_vsnprintf+0x116>
10002c8a:	2300      	movs	r3, #0
10002c8c:	469a      	mov	sl, r3
10002c8e:	e7b7      	b.n	10002c00 <_vsnprintf+0x7c>
10002c90:	a811      	add	r0, sp, #68	; 0x44
10002c92:	f7ff fa01 	bl	10002098 <_atoi>
10002c96:	4682      	mov	sl, r0
10002c98:	e7b2      	b.n	10002c00 <_vsnprintf+0x7c>
10002c9a:	9b1c      	ldr	r3, [sp, #112]	; 0x70
10002c9c:	1d1a      	adds	r2, r3, #4
10002c9e:	921c      	str	r2, [sp, #112]	; 0x70
10002ca0:	6818      	ldr	r0, [r3, #0]
10002ca2:	2800      	cmp	r0, #0
10002ca4:	db04      	blt.n	10002cb0 <_vsnprintf+0x12c>
10002ca6:	4682      	mov	sl, r0
10002ca8:	9b11      	ldr	r3, [sp, #68]	; 0x44
10002caa:	3301      	adds	r3, #1
10002cac:	9311      	str	r3, [sp, #68]	; 0x44
10002cae:	e7a7      	b.n	10002c00 <_vsnprintf+0x7c>
10002cb0:	2000      	movs	r0, #0
10002cb2:	e7f8      	b.n	10002ca6 <_vsnprintf+0x122>
10002cb4:	2380      	movs	r3, #128	; 0x80
10002cb6:	005b      	lsls	r3, r3, #1
10002cb8:	4323      	orrs	r3, r4
10002cba:	1c51      	adds	r1, r2, #1
10002cbc:	9111      	str	r1, [sp, #68]	; 0x44
10002cbe:	7852      	ldrb	r2, [r2, #1]
10002cc0:	2a6c      	cmp	r2, #108	; 0x6c
10002cc2:	d001      	beq.n	10002cc8 <_vsnprintf+0x144>
10002cc4:	001c      	movs	r4, r3
10002cc6:	e018      	b.n	10002cfa <_vsnprintf+0x176>
10002cc8:	23c0      	movs	r3, #192	; 0xc0
10002cca:	009b      	lsls	r3, r3, #2
10002ccc:	431c      	orrs	r4, r3
10002cce:	3101      	adds	r1, #1
10002cd0:	9111      	str	r1, [sp, #68]	; 0x44
10002cd2:	e012      	b.n	10002cfa <_vsnprintf+0x176>
10002cd4:	2380      	movs	r3, #128	; 0x80
10002cd6:	4323      	orrs	r3, r4
10002cd8:	1c51      	adds	r1, r2, #1
10002cda:	9111      	str	r1, [sp, #68]	; 0x44
10002cdc:	7852      	ldrb	r2, [r2, #1]
10002cde:	2a68      	cmp	r2, #104	; 0x68
10002ce0:	d001      	beq.n	10002ce6 <_vsnprintf+0x162>
10002ce2:	001c      	movs	r4, r3
10002ce4:	e009      	b.n	10002cfa <_vsnprintf+0x176>
10002ce6:	23c0      	movs	r3, #192	; 0xc0
10002ce8:	431c      	orrs	r4, r3
10002cea:	3101      	adds	r1, #1
10002cec:	9111      	str	r1, [sp, #68]	; 0x44
10002cee:	e004      	b.n	10002cfa <_vsnprintf+0x176>
10002cf0:	2380      	movs	r3, #128	; 0x80
10002cf2:	005b      	lsls	r3, r3, #1
10002cf4:	431c      	orrs	r4, r3
10002cf6:	3201      	adds	r2, #1
10002cf8:	9211      	str	r2, [sp, #68]	; 0x44
10002cfa:	9b11      	ldr	r3, [sp, #68]	; 0x44
10002cfc:	7818      	ldrb	r0, [r3, #0]
10002cfe:	0003      	movs	r3, r0
10002d00:	3b25      	subs	r3, #37	; 0x25
10002d02:	b2da      	uxtb	r2, r3
10002d04:	2a53      	cmp	r2, #83	; 0x53
10002d06:	d900      	bls.n	10002d0a <_vsnprintf+0x186>
10002d08:	e22c      	b.n	10003164 <_vsnprintf+0x5e0>
10002d0a:	0093      	lsls	r3, r2, #2
10002d0c:	4a86      	ldr	r2, [pc, #536]	; (10002f28 <_vsnprintf+0x3a4>)
10002d0e:	58d3      	ldr	r3, [r2, r3]
10002d10:	469f      	mov	pc, r3
10002d12:	2380      	movs	r3, #128	; 0x80
10002d14:	009b      	lsls	r3, r3, #2
10002d16:	431c      	orrs	r4, r3
10002d18:	3201      	adds	r2, #1
10002d1a:	9211      	str	r2, [sp, #68]	; 0x44
10002d1c:	e7ed      	b.n	10002cfa <_vsnprintf+0x176>
10002d1e:	2380      	movs	r3, #128	; 0x80
10002d20:	005b      	lsls	r3, r3, #1
10002d22:	431c      	orrs	r4, r3
10002d24:	3201      	adds	r2, #1
10002d26:	9211      	str	r2, [sp, #68]	; 0x44
10002d28:	e7e7      	b.n	10002cfa <_vsnprintf+0x176>
10002d2a:	2878      	cmp	r0, #120	; 0x78
10002d2c:	d009      	beq.n	10002d42 <_vsnprintf+0x1be>
10002d2e:	2858      	cmp	r0, #88	; 0x58
10002d30:	d038      	beq.n	10002da4 <_vsnprintf+0x220>
10002d32:	286f      	cmp	r0, #111	; 0x6f
10002d34:	d038      	beq.n	10002da8 <_vsnprintf+0x224>
10002d36:	2862      	cmp	r0, #98	; 0x62
10002d38:	d038      	beq.n	10002dac <_vsnprintf+0x228>
10002d3a:	2310      	movs	r3, #16
10002d3c:	439c      	bics	r4, r3
10002d3e:	260a      	movs	r6, #10
10002d40:	e000      	b.n	10002d44 <_vsnprintf+0x1c0>
10002d42:	2610      	movs	r6, #16
10002d44:	2858      	cmp	r0, #88	; 0x58
10002d46:	d033      	beq.n	10002db0 <_vsnprintf+0x22c>
10002d48:	2869      	cmp	r0, #105	; 0x69
10002d4a:	d003      	beq.n	10002d54 <_vsnprintf+0x1d0>
10002d4c:	2864      	cmp	r0, #100	; 0x64
10002d4e:	d001      	beq.n	10002d54 <_vsnprintf+0x1d0>
10002d50:	220c      	movs	r2, #12
10002d52:	4394      	bics	r4, r2
10002d54:	0563      	lsls	r3, r4, #21
10002d56:	d501      	bpl.n	10002d5c <_vsnprintf+0x1d8>
10002d58:	2201      	movs	r2, #1
10002d5a:	4394      	bics	r4, r2
10002d5c:	2869      	cmp	r0, #105	; 0x69
10002d5e:	d02a      	beq.n	10002db6 <_vsnprintf+0x232>
10002d60:	2864      	cmp	r0, #100	; 0x64
10002d62:	d028      	beq.n	10002db6 <_vsnprintf+0x232>
10002d64:	05a3      	lsls	r3, r4, #22
10002d66:	d500      	bpl.n	10002d6a <_vsnprintf+0x1e6>
10002d68:	e09f      	b.n	10002eaa <_vsnprintf+0x326>
10002d6a:	05e3      	lsls	r3, r4, #23
10002d6c:	d500      	bpl.n	10002d70 <_vsnprintf+0x1ec>
10002d6e:	e0b8      	b.n	10002ee2 <_vsnprintf+0x35e>
10002d70:	0663      	lsls	r3, r4, #25
10002d72:	d400      	bmi.n	10002d76 <_vsnprintf+0x1f2>
10002d74:	e0ca      	b.n	10002f0c <_vsnprintf+0x388>
10002d76:	9a1c      	ldr	r2, [sp, #112]	; 0x70
10002d78:	1d11      	adds	r1, r2, #4
10002d7a:	911c      	str	r1, [sp, #112]	; 0x70
10002d7c:	6811      	ldr	r1, [r2, #0]
10002d7e:	22ff      	movs	r2, #255	; 0xff
10002d80:	400a      	ands	r2, r1
10002d82:	9405      	str	r4, [sp, #20]
10002d84:	9b0a      	ldr	r3, [sp, #40]	; 0x28
10002d86:	9304      	str	r3, [sp, #16]
10002d88:	4653      	mov	r3, sl
10002d8a:	9303      	str	r3, [sp, #12]
10002d8c:	9602      	str	r6, [sp, #8]
10002d8e:	2300      	movs	r3, #0
10002d90:	9301      	str	r3, [sp, #4]
10002d92:	9200      	str	r2, [sp, #0]
10002d94:	4643      	mov	r3, r8
10002d96:	003a      	movs	r2, r7
10002d98:	4659      	mov	r1, fp
10002d9a:	0028      	movs	r0, r5
10002d9c:	f7ff fa6e 	bl	1000227c <_ntoa_long>
10002da0:	0007      	movs	r7, r0
10002da2:	e027      	b.n	10002df4 <_vsnprintf+0x270>
10002da4:	2610      	movs	r6, #16
10002da6:	e7cd      	b.n	10002d44 <_vsnprintf+0x1c0>
10002da8:	2608      	movs	r6, #8
10002daa:	e7cb      	b.n	10002d44 <_vsnprintf+0x1c0>
10002dac:	2602      	movs	r6, #2
10002dae:	e7c9      	b.n	10002d44 <_vsnprintf+0x1c0>
10002db0:	2220      	movs	r2, #32
10002db2:	4314      	orrs	r4, r2
10002db4:	e7c8      	b.n	10002d48 <_vsnprintf+0x1c4>
10002db6:	05a3      	lsls	r3, r4, #22
10002db8:	d420      	bmi.n	10002dfc <_vsnprintf+0x278>
10002dba:	05e3      	lsls	r3, r4, #23
10002dbc:	d450      	bmi.n	10002e60 <_vsnprintf+0x2dc>
10002dbe:	0663      	lsls	r3, r4, #25
10002dc0:	d566      	bpl.n	10002e90 <_vsnprintf+0x30c>
10002dc2:	9a1c      	ldr	r2, [sp, #112]	; 0x70
10002dc4:	1d11      	adds	r1, r2, #4
10002dc6:	911c      	str	r1, [sp, #112]	; 0x70
10002dc8:	6811      	ldr	r1, [r2, #0]
10002dca:	22ff      	movs	r2, #255	; 0xff
10002dcc:	400a      	ands	r2, r1
10002dce:	17d3      	asrs	r3, r2, #31
10002dd0:	18d1      	adds	r1, r2, r3
10002dd2:	4059      	eors	r1, r3
10002dd4:	9405      	str	r4, [sp, #20]
10002dd6:	9b0a      	ldr	r3, [sp, #40]	; 0x28
10002dd8:	9304      	str	r3, [sp, #16]
10002dda:	4653      	mov	r3, sl
10002ddc:	9303      	str	r3, [sp, #12]
10002dde:	9602      	str	r6, [sp, #8]
10002de0:	0fd2      	lsrs	r2, r2, #31
10002de2:	9201      	str	r2, [sp, #4]
10002de4:	9100      	str	r1, [sp, #0]
10002de6:	4643      	mov	r3, r8
10002de8:	003a      	movs	r2, r7
10002dea:	4659      	mov	r1, fp
10002dec:	0028      	movs	r0, r5
10002dee:	f7ff fa45 	bl	1000227c <_ntoa_long>
10002df2:	0007      	movs	r7, r0
10002df4:	9b11      	ldr	r3, [sp, #68]	; 0x44
10002df6:	3301      	adds	r3, #1
10002df8:	9311      	str	r3, [sp, #68]	; 0x44
10002dfa:	e6d3      	b.n	10002ba4 <_vsnprintf+0x20>
10002dfc:	9b1c      	ldr	r3, [sp, #112]	; 0x70
10002dfe:	1dda      	adds	r2, r3, #7
10002e00:	2107      	movs	r1, #7
10002e02:	438a      	bics	r2, r1
10002e04:	0011      	movs	r1, r2
10002e06:	3108      	adds	r1, #8
10002e08:	911c      	str	r1, [sp, #112]	; 0x70
10002e0a:	6811      	ldr	r1, [r2, #0]
10002e0c:	6853      	ldr	r3, [r2, #4]
10002e0e:	469c      	mov	ip, r3
10002e10:	17db      	asrs	r3, r3, #31
10002e12:	930c      	str	r3, [sp, #48]	; 0x30
10002e14:	930d      	str	r3, [sp, #52]	; 0x34
10002e16:	9a0c      	ldr	r2, [sp, #48]	; 0x30
10002e18:	9b0d      	ldr	r3, [sp, #52]	; 0x34
10002e1a:	0010      	movs	r0, r2
10002e1c:	4048      	eors	r0, r1
10002e1e:	900e      	str	r0, [sp, #56]	; 0x38
10002e20:	4662      	mov	r2, ip
10002e22:	4053      	eors	r3, r2
10002e24:	930f      	str	r3, [sp, #60]	; 0x3c
10002e26:	980e      	ldr	r0, [sp, #56]	; 0x38
10002e28:	990f      	ldr	r1, [sp, #60]	; 0x3c
10002e2a:	9a0c      	ldr	r2, [sp, #48]	; 0x30
10002e2c:	9b0d      	ldr	r3, [sp, #52]	; 0x34
10002e2e:	1a80      	subs	r0, r0, r2
10002e30:	4199      	sbcs	r1, r3
10002e32:	900e      	str	r0, [sp, #56]	; 0x38
10002e34:	910f      	str	r1, [sp, #60]	; 0x3c
10002e36:	9408      	str	r4, [sp, #32]
10002e38:	9b0a      	ldr	r3, [sp, #40]	; 0x28
10002e3a:	9307      	str	r3, [sp, #28]
10002e3c:	4653      	mov	r3, sl
10002e3e:	9306      	str	r3, [sp, #24]
10002e40:	9604      	str	r6, [sp, #16]
10002e42:	2300      	movs	r3, #0
10002e44:	9305      	str	r3, [sp, #20]
10002e46:	4663      	mov	r3, ip
10002e48:	0fda      	lsrs	r2, r3, #31
10002e4a:	9202      	str	r2, [sp, #8]
10002e4c:	9000      	str	r0, [sp, #0]
10002e4e:	9101      	str	r1, [sp, #4]
10002e50:	4643      	mov	r3, r8
10002e52:	003a      	movs	r2, r7
10002e54:	4659      	mov	r1, fp
10002e56:	0028      	movs	r0, r5
10002e58:	f7ff fa6e 	bl	10002338 <_ntoa_long_long>
10002e5c:	0007      	movs	r7, r0
10002e5e:	e7c9      	b.n	10002df4 <_vsnprintf+0x270>
10002e60:	9a1c      	ldr	r2, [sp, #112]	; 0x70
10002e62:	1d11      	adds	r1, r2, #4
10002e64:	911c      	str	r1, [sp, #112]	; 0x70
10002e66:	6812      	ldr	r2, [r2, #0]
10002e68:	17d3      	asrs	r3, r2, #31
10002e6a:	18d1      	adds	r1, r2, r3
10002e6c:	4059      	eors	r1, r3
10002e6e:	9405      	str	r4, [sp, #20]
10002e70:	9b0a      	ldr	r3, [sp, #40]	; 0x28
10002e72:	9304      	str	r3, [sp, #16]
10002e74:	4653      	mov	r3, sl
10002e76:	9303      	str	r3, [sp, #12]
10002e78:	9602      	str	r6, [sp, #8]
10002e7a:	0fd2      	lsrs	r2, r2, #31
10002e7c:	9201      	str	r2, [sp, #4]
10002e7e:	9100      	str	r1, [sp, #0]
10002e80:	4643      	mov	r3, r8
10002e82:	003a      	movs	r2, r7
10002e84:	4659      	mov	r1, fp
10002e86:	0028      	movs	r0, r5
10002e88:	f7ff f9f8 	bl	1000227c <_ntoa_long>
10002e8c:	0007      	movs	r7, r0
10002e8e:	e7b1      	b.n	10002df4 <_vsnprintf+0x270>
10002e90:	0623      	lsls	r3, r4, #24
10002e92:	d505      	bpl.n	10002ea0 <_vsnprintf+0x31c>
10002e94:	9a1c      	ldr	r2, [sp, #112]	; 0x70
10002e96:	1d11      	adds	r1, r2, #4
10002e98:	911c      	str	r1, [sp, #112]	; 0x70
10002e9a:	2300      	movs	r3, #0
10002e9c:	5ed2      	ldrsh	r2, [r2, r3]
10002e9e:	e796      	b.n	10002dce <_vsnprintf+0x24a>
10002ea0:	9a1c      	ldr	r2, [sp, #112]	; 0x70
10002ea2:	1d11      	adds	r1, r2, #4
10002ea4:	911c      	str	r1, [sp, #112]	; 0x70
10002ea6:	6812      	ldr	r2, [r2, #0]
10002ea8:	e791      	b.n	10002dce <_vsnprintf+0x24a>
10002eaa:	9b1c      	ldr	r3, [sp, #112]	; 0x70
10002eac:	1dda      	adds	r2, r3, #7
10002eae:	2107      	movs	r1, #7
10002eb0:	438a      	bics	r2, r1
10002eb2:	0011      	movs	r1, r2
10002eb4:	3108      	adds	r1, #8
10002eb6:	911c      	str	r1, [sp, #112]	; 0x70
10002eb8:	9408      	str	r4, [sp, #32]
10002eba:	9b0a      	ldr	r3, [sp, #40]	; 0x28
10002ebc:	9307      	str	r3, [sp, #28]
10002ebe:	4653      	mov	r3, sl
10002ec0:	9306      	str	r3, [sp, #24]
10002ec2:	9604      	str	r6, [sp, #16]
10002ec4:	2300      	movs	r3, #0
10002ec6:	9305      	str	r3, [sp, #20]
10002ec8:	9302      	str	r3, [sp, #8]
10002eca:	6813      	ldr	r3, [r2, #0]
10002ecc:	6854      	ldr	r4, [r2, #4]
10002ece:	9300      	str	r3, [sp, #0]
10002ed0:	9401      	str	r4, [sp, #4]
10002ed2:	4643      	mov	r3, r8
10002ed4:	003a      	movs	r2, r7
10002ed6:	4659      	mov	r1, fp
10002ed8:	0028      	movs	r0, r5
10002eda:	f7ff fa2d 	bl	10002338 <_ntoa_long_long>
10002ede:	0007      	movs	r7, r0
10002ee0:	e788      	b.n	10002df4 <_vsnprintf+0x270>
10002ee2:	9a1c      	ldr	r2, [sp, #112]	; 0x70
10002ee4:	1d11      	adds	r1, r2, #4
10002ee6:	911c      	str	r1, [sp, #112]	; 0x70
10002ee8:	9405      	str	r4, [sp, #20]
10002eea:	9b0a      	ldr	r3, [sp, #40]	; 0x28
10002eec:	9304      	str	r3, [sp, #16]
10002eee:	4653      	mov	r3, sl
10002ef0:	9303      	str	r3, [sp, #12]
10002ef2:	9602      	str	r6, [sp, #8]
10002ef4:	2300      	movs	r3, #0
10002ef6:	9301      	str	r3, [sp, #4]
10002ef8:	6813      	ldr	r3, [r2, #0]
10002efa:	9300      	str	r3, [sp, #0]
10002efc:	4643      	mov	r3, r8
10002efe:	003a      	movs	r2, r7
10002f00:	4659      	mov	r1, fp
10002f02:	0028      	movs	r0, r5
10002f04:	f7ff f9ba 	bl	1000227c <_ntoa_long>
10002f08:	0007      	movs	r7, r0
10002f0a:	e773      	b.n	10002df4 <_vsnprintf+0x270>
10002f0c:	0623      	lsls	r3, r4, #24
10002f0e:	d50d      	bpl.n	10002f2c <_vsnprintf+0x3a8>
10002f10:	9a1c      	ldr	r2, [sp, #112]	; 0x70
10002f12:	1d11      	adds	r1, r2, #4
10002f14:	911c      	str	r1, [sp, #112]	; 0x70
10002f16:	6812      	ldr	r2, [r2, #0]
10002f18:	0412      	lsls	r2, r2, #16
10002f1a:	0c12      	lsrs	r2, r2, #16
10002f1c:	e731      	b.n	10002d82 <_vsnprintf+0x1fe>
10002f1e:	46c0      	nop			; (mov r8, r8)
10002f20:	10004ce8 	.word	0x10004ce8
10002f24:	10004d2c 	.word	0x10004d2c
10002f28:	10004d78 	.word	0x10004d78
10002f2c:	9a1c      	ldr	r2, [sp, #112]	; 0x70
10002f2e:	1d11      	adds	r1, r2, #4
10002f30:	911c      	str	r1, [sp, #112]	; 0x70
10002f32:	6812      	ldr	r2, [r2, #0]
10002f34:	e725      	b.n	10002d82 <_vsnprintf+0x1fe>
10002f36:	2846      	cmp	r0, #70	; 0x46
10002f38:	d01a      	beq.n	10002f70 <_vsnprintf+0x3ec>
10002f3a:	9b1c      	ldr	r3, [sp, #112]	; 0x70
10002f3c:	3307      	adds	r3, #7
10002f3e:	2207      	movs	r2, #7
10002f40:	4393      	bics	r3, r2
10002f42:	001a      	movs	r2, r3
10002f44:	3208      	adds	r2, #8
10002f46:	921c      	str	r2, [sp, #112]	; 0x70
10002f48:	9404      	str	r4, [sp, #16]
10002f4a:	9a0a      	ldr	r2, [sp, #40]	; 0x28
10002f4c:	9203      	str	r2, [sp, #12]
10002f4e:	4652      	mov	r2, sl
10002f50:	9202      	str	r2, [sp, #8]
10002f52:	685c      	ldr	r4, [r3, #4]
10002f54:	681b      	ldr	r3, [r3, #0]
10002f56:	9300      	str	r3, [sp, #0]
10002f58:	9401      	str	r4, [sp, #4]
10002f5a:	4643      	mov	r3, r8
10002f5c:	003a      	movs	r2, r7
10002f5e:	4659      	mov	r1, fp
10002f60:	0028      	movs	r0, r5
10002f62:	f7ff fc65 	bl	10002830 <_ftoa>
10002f66:	0007      	movs	r7, r0
10002f68:	9b11      	ldr	r3, [sp, #68]	; 0x44
10002f6a:	3301      	adds	r3, #1
10002f6c:	9311      	str	r3, [sp, #68]	; 0x44
10002f6e:	e619      	b.n	10002ba4 <_vsnprintf+0x20>
10002f70:	2320      	movs	r3, #32
10002f72:	431c      	orrs	r4, r3
10002f74:	e7e1      	b.n	10002f3a <_vsnprintf+0x3b6>
10002f76:	2867      	cmp	r0, #103	; 0x67
10002f78:	d001      	beq.n	10002f7e <_vsnprintf+0x3fa>
10002f7a:	2847      	cmp	r0, #71	; 0x47
10002f7c:	d102      	bne.n	10002f84 <_vsnprintf+0x400>
10002f7e:	2380      	movs	r3, #128	; 0x80
10002f80:	011b      	lsls	r3, r3, #4
10002f82:	431c      	orrs	r4, r3
10002f84:	2845      	cmp	r0, #69	; 0x45
10002f86:	d001      	beq.n	10002f8c <_vsnprintf+0x408>
10002f88:	2847      	cmp	r0, #71	; 0x47
10002f8a:	d101      	bne.n	10002f90 <_vsnprintf+0x40c>
10002f8c:	2320      	movs	r3, #32
10002f8e:	431c      	orrs	r4, r3
10002f90:	9b1c      	ldr	r3, [sp, #112]	; 0x70
10002f92:	3307      	adds	r3, #7
10002f94:	2207      	movs	r2, #7
10002f96:	4393      	bics	r3, r2
10002f98:	001a      	movs	r2, r3
10002f9a:	3208      	adds	r2, #8
10002f9c:	921c      	str	r2, [sp, #112]	; 0x70
10002f9e:	9404      	str	r4, [sp, #16]
10002fa0:	9a0a      	ldr	r2, [sp, #40]	; 0x28
10002fa2:	9203      	str	r2, [sp, #12]
10002fa4:	4652      	mov	r2, sl
10002fa6:	9202      	str	r2, [sp, #8]
10002fa8:	685c      	ldr	r4, [r3, #4]
10002faa:	681b      	ldr	r3, [r3, #0]
10002fac:	9300      	str	r3, [sp, #0]
10002fae:	9401      	str	r4, [sp, #4]
10002fb0:	4643      	mov	r3, r8
10002fb2:	003a      	movs	r2, r7
10002fb4:	4659      	mov	r1, fp
10002fb6:	0028      	movs	r0, r5
10002fb8:	f7ff fa30 	bl	1000241c <_etoa>
10002fbc:	0007      	movs	r7, r0
10002fbe:	9b11      	ldr	r3, [sp, #68]	; 0x44
10002fc0:	3301      	adds	r3, #1
10002fc2:	9311      	str	r3, [sp, #68]	; 0x44
10002fc4:	e5ee      	b.n	10002ba4 <_vsnprintf+0x20>
10002fc6:	2302      	movs	r3, #2
10002fc8:	001a      	movs	r2, r3
10002fca:	4022      	ands	r2, r4
10002fcc:	4692      	mov	sl, r2
10002fce:	4223      	tst	r3, r4
10002fd0:	d01f      	beq.n	10003012 <_vsnprintf+0x48e>
10002fd2:	2401      	movs	r4, #1
10002fd4:	9b1c      	ldr	r3, [sp, #112]	; 0x70
10002fd6:	1d1a      	adds	r2, r3, #4
10002fd8:	921c      	str	r2, [sp, #112]	; 0x70
10002fda:	1c7a      	adds	r2, r7, #1
10002fdc:	4691      	mov	r9, r2
10002fde:	7818      	ldrb	r0, [r3, #0]
10002fe0:	4643      	mov	r3, r8
10002fe2:	003a      	movs	r2, r7
10002fe4:	4659      	mov	r1, fp
10002fe6:	47a8      	blx	r5
10002fe8:	4653      	mov	r3, sl
10002fea:	2b00      	cmp	r3, #0
10002fec:	d116      	bne.n	1000301c <_vsnprintf+0x498>
10002fee:	9b11      	ldr	r3, [sp, #68]	; 0x44
10002ff0:	3301      	adds	r3, #1
10002ff2:	9311      	str	r3, [sp, #68]	; 0x44
10002ff4:	464f      	mov	r7, r9
10002ff6:	e5d5      	b.n	10002ba4 <_vsnprintf+0x20>
10002ff8:	1c56      	adds	r6, r2, #1
10002ffa:	4643      	mov	r3, r8
10002ffc:	4659      	mov	r1, fp
10002ffe:	2020      	movs	r0, #32
10003000:	47b8      	blx	r7
10003002:	0023      	movs	r3, r4
10003004:	0032      	movs	r2, r6
10003006:	1c5c      	adds	r4, r3, #1
10003008:	429d      	cmp	r5, r3
1000300a:	d8f5      	bhi.n	10002ff8 <_vsnprintf+0x474>
1000300c:	003d      	movs	r5, r7
1000300e:	0017      	movs	r7, r2
10003010:	e7e0      	b.n	10002fd4 <_vsnprintf+0x450>
10003012:	2301      	movs	r3, #1
10003014:	003a      	movs	r2, r7
10003016:	002f      	movs	r7, r5
10003018:	9d0a      	ldr	r5, [sp, #40]	; 0x28
1000301a:	e7f4      	b.n	10003006 <_vsnprintf+0x482>
1000301c:	464a      	mov	r2, r9
1000301e:	46a9      	mov	r9, r5
10003020:	9d0a      	ldr	r5, [sp, #40]	; 0x28
10003022:	e006      	b.n	10003032 <_vsnprintf+0x4ae>
10003024:	1c57      	adds	r7, r2, #1
10003026:	4643      	mov	r3, r8
10003028:	4659      	mov	r1, fp
1000302a:	2020      	movs	r0, #32
1000302c:	47c8      	blx	r9
1000302e:	0034      	movs	r4, r6
10003030:	003a      	movs	r2, r7
10003032:	1c66      	adds	r6, r4, #1
10003034:	42a5      	cmp	r5, r4
10003036:	d8f5      	bhi.n	10003024 <_vsnprintf+0x4a0>
10003038:	464d      	mov	r5, r9
1000303a:	4691      	mov	r9, r2
1000303c:	e7d7      	b.n	10002fee <_vsnprintf+0x46a>
1000303e:	9b1c      	ldr	r3, [sp, #112]	; 0x70
10003040:	1d1a      	adds	r2, r3, #4
10003042:	921c      	str	r2, [sp, #112]	; 0x70
10003044:	681b      	ldr	r3, [r3, #0]
10003046:	4699      	mov	r9, r3
10003048:	4653      	mov	r3, sl
1000304a:	2b00      	cmp	r3, #0
1000304c:	d100      	bne.n	10003050 <_vsnprintf+0x4cc>
1000304e:	3b01      	subs	r3, #1
10003050:	464e      	mov	r6, r9
10003052:	e001      	b.n	10003058 <_vsnprintf+0x4d4>
10003054:	3601      	adds	r6, #1
10003056:	0013      	movs	r3, r2
10003058:	7832      	ldrb	r2, [r6, #0]
1000305a:	2a00      	cmp	r2, #0
1000305c:	d002      	beq.n	10003064 <_vsnprintf+0x4e0>
1000305e:	1e5a      	subs	r2, r3, #1
10003060:	2b00      	cmp	r3, #0
10003062:	d1f7      	bne.n	10003054 <_vsnprintf+0x4d0>
10003064:	464b      	mov	r3, r9
10003066:	1af2      	subs	r2, r6, r3
10003068:	9210      	str	r2, [sp, #64]	; 0x40
1000306a:	2380      	movs	r3, #128	; 0x80
1000306c:	00db      	lsls	r3, r3, #3
1000306e:	0026      	movs	r6, r4
10003070:	401e      	ands	r6, r3
10003072:	421c      	tst	r4, r3
10003074:	d003      	beq.n	1000307e <_vsnprintf+0x4fa>
10003076:	4552      	cmp	r2, sl
10003078:	d901      	bls.n	1000307e <_vsnprintf+0x4fa>
1000307a:	4653      	mov	r3, sl
1000307c:	9310      	str	r3, [sp, #64]	; 0x40
1000307e:	2302      	movs	r3, #2
10003080:	001a      	movs	r2, r3
10003082:	4022      	ands	r2, r4
10003084:	920b      	str	r2, [sp, #44]	; 0x2c
10003086:	4223      	tst	r3, r4
10003088:	d005      	beq.n	10003096 <_vsnprintf+0x512>
1000308a:	003a      	movs	r2, r7
1000308c:	0037      	movs	r7, r6
1000308e:	464c      	mov	r4, r9
10003090:	46a9      	mov	r9, r5
10003092:	4655      	mov	r5, sl
10003094:	e020      	b.n	100030d8 <_vsnprintf+0x554>
10003096:	003a      	movs	r2, r7
10003098:	9b10      	ldr	r3, [sp, #64]	; 0x40
1000309a:	465f      	mov	r7, fp
1000309c:	46b3      	mov	fp, r6
1000309e:	002e      	movs	r6, r5
100030a0:	e006      	b.n	100030b0 <_vsnprintf+0x52c>
100030a2:	1c55      	adds	r5, r2, #1
100030a4:	4643      	mov	r3, r8
100030a6:	0039      	movs	r1, r7
100030a8:	2020      	movs	r0, #32
100030aa:	47b0      	blx	r6
100030ac:	0023      	movs	r3, r4
100030ae:	002a      	movs	r2, r5
100030b0:	1c5c      	adds	r4, r3, #1
100030b2:	990a      	ldr	r1, [sp, #40]	; 0x28
100030b4:	4299      	cmp	r1, r3
100030b6:	d8f4      	bhi.n	100030a2 <_vsnprintf+0x51e>
100030b8:	0035      	movs	r5, r6
100030ba:	465e      	mov	r6, fp
100030bc:	46bb      	mov	fp, r7
100030be:	9410      	str	r4, [sp, #64]	; 0x40
100030c0:	0037      	movs	r7, r6
100030c2:	464c      	mov	r4, r9
100030c4:	46a9      	mov	r9, r5
100030c6:	4655      	mov	r5, sl
100030c8:	e006      	b.n	100030d8 <_vsnprintf+0x554>
100030ca:	001d      	movs	r5, r3
100030cc:	3401      	adds	r4, #1
100030ce:	1c56      	adds	r6, r2, #1
100030d0:	4643      	mov	r3, r8
100030d2:	4659      	mov	r1, fp
100030d4:	47c8      	blx	r9
100030d6:	0032      	movs	r2, r6
100030d8:	7820      	ldrb	r0, [r4, #0]
100030da:	2800      	cmp	r0, #0
100030dc:	d004      	beq.n	100030e8 <_vsnprintf+0x564>
100030de:	2f00      	cmp	r7, #0
100030e0:	d0f4      	beq.n	100030cc <_vsnprintf+0x548>
100030e2:	1e6b      	subs	r3, r5, #1
100030e4:	2d00      	cmp	r5, #0
100030e6:	d1f0      	bne.n	100030ca <_vsnprintf+0x546>
100030e8:	0017      	movs	r7, r2
100030ea:	464d      	mov	r5, r9
100030ec:	9b0b      	ldr	r3, [sp, #44]	; 0x2c
100030ee:	2b00      	cmp	r3, #0
100030f0:	d103      	bne.n	100030fa <_vsnprintf+0x576>
100030f2:	9b11      	ldr	r3, [sp, #68]	; 0x44
100030f4:	3301      	adds	r3, #1
100030f6:	9311      	str	r3, [sp, #68]	; 0x44
100030f8:	e554      	b.n	10002ba4 <_vsnprintf+0x20>
100030fa:	9f0a      	ldr	r7, [sp, #40]	; 0x28
100030fc:	9b10      	ldr	r3, [sp, #64]	; 0x40
100030fe:	e006      	b.n	1000310e <_vsnprintf+0x58a>
10003100:	1c56      	adds	r6, r2, #1
10003102:	4643      	mov	r3, r8
10003104:	4659      	mov	r1, fp
10003106:	2020      	movs	r0, #32
10003108:	47a8      	blx	r5
1000310a:	0023      	movs	r3, r4
1000310c:	0032      	movs	r2, r6
1000310e:	1c5c      	adds	r4, r3, #1
10003110:	429f      	cmp	r7, r3
10003112:	d8f5      	bhi.n	10003100 <_vsnprintf+0x57c>
10003114:	0017      	movs	r7, r2
10003116:	e7ec      	b.n	100030f2 <_vsnprintf+0x56e>
10003118:	2321      	movs	r3, #33	; 0x21
1000311a:	431c      	orrs	r4, r3
1000311c:	9b1c      	ldr	r3, [sp, #112]	; 0x70
1000311e:	1d1a      	adds	r2, r3, #4
10003120:	921c      	str	r2, [sp, #112]	; 0x70
10003122:	681b      	ldr	r3, [r3, #0]
10003124:	9300      	str	r3, [sp, #0]
10003126:	9405      	str	r4, [sp, #20]
10003128:	2308      	movs	r3, #8
1000312a:	9304      	str	r3, [sp, #16]
1000312c:	4653      	mov	r3, sl
1000312e:	9303      	str	r3, [sp, #12]
10003130:	2310      	movs	r3, #16
10003132:	9302      	str	r3, [sp, #8]
10003134:	2300      	movs	r3, #0
10003136:	9301      	str	r3, [sp, #4]
10003138:	4643      	mov	r3, r8
1000313a:	003a      	movs	r2, r7
1000313c:	4659      	mov	r1, fp
1000313e:	0028      	movs	r0, r5
10003140:	f7ff f89c 	bl	1000227c <_ntoa_long>
10003144:	0007      	movs	r7, r0
10003146:	9b11      	ldr	r3, [sp, #68]	; 0x44
10003148:	3301      	adds	r3, #1
1000314a:	9311      	str	r3, [sp, #68]	; 0x44
1000314c:	e52a      	b.n	10002ba4 <_vsnprintf+0x20>
1000314e:	1c7c      	adds	r4, r7, #1
10003150:	4643      	mov	r3, r8
10003152:	003a      	movs	r2, r7
10003154:	4659      	mov	r1, fp
10003156:	2025      	movs	r0, #37	; 0x25
10003158:	47a8      	blx	r5
1000315a:	9b11      	ldr	r3, [sp, #68]	; 0x44
1000315c:	3301      	adds	r3, #1
1000315e:	9311      	str	r3, [sp, #68]	; 0x44
10003160:	0027      	movs	r7, r4
10003162:	e51f      	b.n	10002ba4 <_vsnprintf+0x20>
10003164:	1c7c      	adds	r4, r7, #1
10003166:	4643      	mov	r3, r8
10003168:	003a      	movs	r2, r7
1000316a:	4659      	mov	r1, fp
1000316c:	47a8      	blx	r5
1000316e:	9b11      	ldr	r3, [sp, #68]	; 0x44
10003170:	3301      	adds	r3, #1
10003172:	9311      	str	r3, [sp, #68]	; 0x44
10003174:	0027      	movs	r7, r4
10003176:	e515      	b.n	10002ba4 <_vsnprintf+0x20>
10003178:	4b0a      	ldr	r3, [pc, #40]	; (100031a4 <_vsnprintf+0x620>)
1000317a:	469a      	mov	sl, r3
1000317c:	e510      	b.n	10002ba0 <_vsnprintf+0x1c>
1000317e:	46aa      	mov	sl, r5
10003180:	4547      	cmp	r7, r8
10003182:	d302      	bcc.n	1000318a <_vsnprintf+0x606>
10003184:	4643      	mov	r3, r8
10003186:	1e5a      	subs	r2, r3, #1
10003188:	e000      	b.n	1000318c <_vsnprintf+0x608>
1000318a:	003a      	movs	r2, r7
1000318c:	4643      	mov	r3, r8
1000318e:	4659      	mov	r1, fp
10003190:	2000      	movs	r0, #0
10003192:	47d0      	blx	sl
10003194:	0038      	movs	r0, r7
10003196:	b013      	add	sp, #76	; 0x4c
10003198:	bcf0      	pop	{r4, r5, r6, r7}
1000319a:	46bb      	mov	fp, r7
1000319c:	46b2      	mov	sl, r6
1000319e:	46a9      	mov	r9, r5
100031a0:	46a0      	mov	r8, r4
100031a2:	bdf0      	pop	{r4, r5, r6, r7, pc}
100031a4:	10002089 	.word	0x10002089

100031a8 <vfctprintf>:
100031a8:	b500      	push	{lr}
100031aa:	b085      	sub	sp, #20
100031ac:	9002      	str	r0, [sp, #8]
100031ae:	9103      	str	r1, [sp, #12]
100031b0:	2101      	movs	r1, #1
100031b2:	9300      	str	r3, [sp, #0]
100031b4:	0013      	movs	r3, r2
100031b6:	424a      	negs	r2, r1
100031b8:	a902      	add	r1, sp, #8
100031ba:	4802      	ldr	r0, [pc, #8]	; (100031c4 <vfctprintf+0x1c>)
100031bc:	f7ff fce2 	bl	10002b84 <_vsnprintf>
100031c0:	b005      	add	sp, #20
100031c2:	bd00      	pop	{pc}
100031c4:	1000208b 	.word	0x1000208b

100031c8 <__aeabi_bits_init>:
100031c8:	4801      	ldr	r0, [pc, #4]	; (100031d0 <__aeabi_bits_init+0x8>)
100031ca:	2104      	movs	r1, #4
100031cc:	4b01      	ldr	r3, [pc, #4]	; (100031d4 <__aeabi_bits_init+0xc>)
100031ce:	4718      	bx	r3
100031d0:	20000320 	.word	0x20000320
100031d4:	100031f9 	.word	0x100031f9

100031d8 <rom_func_lookup>:
100031d8:	b510      	push	{r4, lr}
100031da:	0001      	movs	r1, r0
100031dc:	2318      	movs	r3, #24
100031de:	881b      	ldrh	r3, [r3, #0]
100031e0:	2214      	movs	r2, #20
100031e2:	8810      	ldrh	r0, [r2, #0]
100031e4:	4798      	blx	r3
100031e6:	bd10      	pop	{r4, pc}

100031e8 <rom_data_lookup>:
100031e8:	b510      	push	{r4, lr}
100031ea:	0001      	movs	r1, r0
100031ec:	2318      	movs	r3, #24
100031ee:	881b      	ldrh	r3, [r3, #0]
100031f0:	2216      	movs	r2, #22
100031f2:	8810      	ldrh	r0, [r2, #0]
100031f4:	4798      	blx	r3
100031f6:	bd10      	pop	{r4, pc}

100031f8 <rom_funcs_lookup>:
100031f8:	b5f0      	push	{r4, r5, r6, r7, lr}
100031fa:	46c6      	mov	lr, r8
100031fc:	b500      	push	{lr}
100031fe:	0007      	movs	r7, r0
10003200:	000e      	movs	r6, r1
10003202:	2500      	movs	r5, #0
10003204:	2301      	movs	r3, #1
10003206:	4698      	mov	r8, r3
10003208:	e000      	b.n	1000320c <rom_funcs_lookup+0x14>
1000320a:	3501      	adds	r5, #1
1000320c:	42b5      	cmp	r5, r6
1000320e:	d20a      	bcs.n	10003226 <rom_funcs_lookup+0x2e>
10003210:	00ac      	lsls	r4, r5, #2
10003212:	193c      	adds	r4, r7, r4
10003214:	6820      	ldr	r0, [r4, #0]
10003216:	f7ff ffdf 	bl	100031d8 <rom_func_lookup>
1000321a:	6020      	str	r0, [r4, #0]
1000321c:	2800      	cmp	r0, #0
1000321e:	d1f4      	bne.n	1000320a <rom_funcs_lookup+0x12>
10003220:	2300      	movs	r3, #0
10003222:	4698      	mov	r8, r3
10003224:	e7f1      	b.n	1000320a <rom_funcs_lookup+0x12>
10003226:	4640      	mov	r0, r8
10003228:	bc80      	pop	{r7}
1000322a:	46b8      	mov	r8, r7
1000322c:	bdf0      	pop	{r4, r5, r6, r7, pc}
	...

10003230 <__wrap___aeabi_idiv>:
10003230:	4a12      	ldr	r2, [pc, #72]	; (1000327c <divmod_s32s32_savestate+0x18>)
10003232:	6f93      	ldr	r3, [r2, #120]	; 0x78
10003234:	089b      	lsrs	r3, r3, #2
10003236:	d215      	bcs.n	10003264 <divmod_s32s32_savestate>

10003238 <divmod_s32s32_unsafe>:
10003238:	6690      	str	r0, [r2, #104]	; 0x68
1000323a:	66d1      	str	r1, [r2, #108]	; 0x6c
1000323c:	2900      	cmp	r1, #0
1000323e:	d005      	beq.n	1000324c <divmod_s32s32_unsafe+0x14>
10003240:	e7ff      	b.n	10003242 <divmod_s32s32_unsafe+0xa>
10003242:	e7ff      	b.n	10003244 <divmod_s32s32_unsafe+0xc>
10003244:	e7ff      	b.n	10003246 <divmod_s32s32_unsafe+0xe>
10003246:	6f51      	ldr	r1, [r2, #116]	; 0x74
10003248:	6f10      	ldr	r0, [r2, #112]	; 0x70
1000324a:	4770      	bx	lr
1000324c:	b504      	push	{r2, lr}
1000324e:	2180      	movs	r1, #128	; 0x80
10003250:	0609      	lsls	r1, r1, #24
10003252:	17c2      	asrs	r2, r0, #31
10003254:	4051      	eors	r1, r2
10003256:	2800      	cmp	r0, #0
10003258:	d000      	beq.n	1000325c <divmod_s32s32_unsafe+0x24>
1000325a:	43c8      	mvns	r0, r1
1000325c:	f000 ff0c 	bl	10004078 <____aeabi_idiv0_veneer>
10003260:	2100      	movs	r1, #0
10003262:	bd04      	pop	{r2, pc}

10003264 <divmod_s32s32_savestate>:
10003264:	b5f0      	push	{r4, r5, r6, r7, lr}
10003266:	6e14      	ldr	r4, [r2, #96]	; 0x60
10003268:	6e55      	ldr	r5, [r2, #100]	; 0x64
1000326a:	6f57      	ldr	r7, [r2, #116]	; 0x74
1000326c:	6f16      	ldr	r6, [r2, #112]	; 0x70
1000326e:	f7ff ffe3 	bl	10003238 <divmod_s32s32_unsafe>
10003272:	6614      	str	r4, [r2, #96]	; 0x60
10003274:	6655      	str	r5, [r2, #100]	; 0x64
10003276:	6757      	str	r7, [r2, #116]	; 0x74
10003278:	6716      	str	r6, [r2, #112]	; 0x70
1000327a:	bdf0      	pop	{r4, r5, r6, r7, pc}
1000327c:	d0000000 	.word	0xd0000000

10003280 <__wrap___aeabi_uidiv>:
10003280:	4a11      	ldr	r2, [pc, #68]	; (100032c8 <divmod_u32u32_savestate+0x18>)
10003282:	6f93      	ldr	r3, [r2, #120]	; 0x78
10003284:	089b      	lsrs	r3, r3, #2
10003286:	d213      	bcs.n	100032b0 <divmod_u32u32_savestate>

10003288 <divmod_u32u32_unsafe>:
10003288:	6610      	str	r0, [r2, #96]	; 0x60
1000328a:	6651      	str	r1, [r2, #100]	; 0x64
1000328c:	2900      	cmp	r1, #0
1000328e:	d005      	beq.n	1000329c <divmod_u32u32_unsafe+0x14>
10003290:	e7ff      	b.n	10003292 <divmod_u32u32_unsafe+0xa>
10003292:	e7ff      	b.n	10003294 <divmod_u32u32_unsafe+0xc>
10003294:	e7ff      	b.n	10003296 <divmod_u32u32_unsafe+0xe>
10003296:	6f51      	ldr	r1, [r2, #116]	; 0x74
10003298:	6f10      	ldr	r0, [r2, #112]	; 0x70
1000329a:	4770      	bx	lr
1000329c:	b504      	push	{r2, lr}
1000329e:	2800      	cmp	r0, #0
100032a0:	d001      	beq.n	100032a6 <divmod_u32u32_unsafe+0x1e>
100032a2:	2000      	movs	r0, #0
100032a4:	43c0      	mvns	r0, r0
100032a6:	f000 fee7 	bl	10004078 <____aeabi_idiv0_veneer>
100032aa:	2100      	movs	r1, #0
100032ac:	bd04      	pop	{r2, pc}
100032ae:	46c0      	nop			; (mov r8, r8)

100032b0 <divmod_u32u32_savestate>:
100032b0:	b5f0      	push	{r4, r5, r6, r7, lr}
100032b2:	6e14      	ldr	r4, [r2, #96]	; 0x60
100032b4:	6e55      	ldr	r5, [r2, #100]	; 0x64
100032b6:	6f57      	ldr	r7, [r2, #116]	; 0x74
100032b8:	6f16      	ldr	r6, [r2, #112]	; 0x70
100032ba:	f7ff ffe5 	bl	10003288 <divmod_u32u32_unsafe>
100032be:	6614      	str	r4, [r2, #96]	; 0x60
100032c0:	6655      	str	r5, [r2, #100]	; 0x64
100032c2:	6757      	str	r7, [r2, #116]	; 0x74
100032c4:	6716      	str	r6, [r2, #112]	; 0x70
100032c6:	bdf0      	pop	{r4, r5, r6, r7, pc}
100032c8:	d0000000 	.word	0xd0000000

100032cc <__wrap___aeabi_ldivmod>:
100032cc:	4694      	mov	ip, r2
100032ce:	4a4a      	ldr	r2, [pc, #296]	; (100033f8 <udiv0+0x1a>)
100032d0:	6f92      	ldr	r2, [r2, #120]	; 0x78
100032d2:	0892      	lsrs	r2, r2, #2
100032d4:	4662      	mov	r2, ip
100032d6:	d201      	bcs.n	100032dc <divmod_s64s64_savestate>
100032d8:	e028      	b.n	1000332c <divmod_s64s64_unsafe>
100032da:	46c0      	nop			; (mov r8, r8)

100032dc <divmod_s64s64_savestate>:
100032dc:	b5f0      	push	{r4, r5, r6, r7, lr}
100032de:	4e46      	ldr	r6, [pc, #280]	; (100033f8 <udiv0+0x1a>)
100032e0:	6e34      	ldr	r4, [r6, #96]	; 0x60
100032e2:	6e75      	ldr	r5, [r6, #100]	; 0x64
100032e4:	6f77      	ldr	r7, [r6, #116]	; 0x74
100032e6:	6f36      	ldr	r6, [r6, #112]	; 0x70
100032e8:	f000 f820 	bl	1000332c <divmod_s64s64_unsafe>
100032ec:	4694      	mov	ip, r2
100032ee:	4a42      	ldr	r2, [pc, #264]	; (100033f8 <udiv0+0x1a>)
100032f0:	6614      	str	r4, [r2, #96]	; 0x60
100032f2:	6655      	str	r5, [r2, #100]	; 0x64
100032f4:	6757      	str	r7, [r2, #116]	; 0x74
100032f6:	6716      	str	r6, [r2, #112]	; 0x70
100032f8:	4662      	mov	r2, ip
100032fa:	bdf0      	pop	{r4, r5, r6, r7, pc}

100032fc <__wrap___aeabi_uldivmod>:
100032fc:	4694      	mov	ip, r2
100032fe:	4a3e      	ldr	r2, [pc, #248]	; (100033f8 <udiv0+0x1a>)
10003300:	6f92      	ldr	r2, [r2, #120]	; 0x78
10003302:	0892      	lsrs	r2, r2, #2
10003304:	4662      	mov	r2, ip
10003306:	d201      	bcs.n	1000330c <divmod_u64u64_savestate>
10003308:	e054      	b.n	100033b4 <divmod_u64u64_unsafe>
1000330a:	46c0      	nop			; (mov r8, r8)

1000330c <divmod_u64u64_savestate>:
1000330c:	b5f0      	push	{r4, r5, r6, r7, lr}
1000330e:	4e3a      	ldr	r6, [pc, #232]	; (100033f8 <udiv0+0x1a>)
10003310:	6e34      	ldr	r4, [r6, #96]	; 0x60
10003312:	6e75      	ldr	r5, [r6, #100]	; 0x64
10003314:	6f77      	ldr	r7, [r6, #116]	; 0x74
10003316:	6f36      	ldr	r6, [r6, #112]	; 0x70
10003318:	f000 f84c 	bl	100033b4 <divmod_u64u64_unsafe>
1000331c:	4694      	mov	ip, r2
1000331e:	4a36      	ldr	r2, [pc, #216]	; (100033f8 <udiv0+0x1a>)
10003320:	6614      	str	r4, [r2, #96]	; 0x60
10003322:	6655      	str	r5, [r2, #100]	; 0x64
10003324:	6757      	str	r7, [r2, #116]	; 0x74
10003326:	6716      	str	r6, [r2, #112]	; 0x70
10003328:	4662      	mov	r2, ip
1000332a:	bdf0      	pop	{r4, r5, r6, r7, pc}

1000332c <divmod_s64s64_unsafe>:
1000332c:	2b00      	cmp	r3, #0
1000332e:	db24      	blt.n	1000337a <l42_1+0x26>
10003330:	d011      	beq.n	10003356 <l42_1+0x2>
10003332:	2900      	cmp	r1, #0
10003334:	da3e      	bge.n	100033b4 <divmod_u64u64_unsafe>
10003336:	b500      	push	{lr}
10003338:	43c9      	mvns	r1, r1
1000333a:	4240      	negs	r0, r0
1000333c:	d100      	bne.n	10003340 <l40_1>
1000333e:	3101      	adds	r1, #1

10003340 <l40_1>:
10003340:	f000 f838 	bl	100033b4 <divmod_u64u64_unsafe>
10003344:	43c9      	mvns	r1, r1
10003346:	4240      	negs	r0, r0
10003348:	d100      	bne.n	1000334c <l41_1>
1000334a:	3101      	adds	r1, #1

1000334c <l41_1>:
1000334c:	43db      	mvns	r3, r3
1000334e:	4252      	negs	r2, r2
10003350:	d100      	bne.n	10003354 <l42_1>
10003352:	3301      	adds	r3, #1

10003354 <l42_1>:
10003354:	bd00      	pop	{pc}
10003356:	2a00      	cmp	r2, #0
10003358:	d1eb      	bne.n	10003332 <divmod_s64s64_unsafe+0x6>
1000335a:	2800      	cmp	r0, #0
1000335c:	d101      	bne.n	10003362 <l42_1+0xe>
1000335e:	2900      	cmp	r1, #0
10003360:	d005      	beq.n	1000336e <l42_1+0x1a>
10003362:	2000      	movs	r0, #0
10003364:	0fc9      	lsrs	r1, r1, #31
10003366:	07c9      	lsls	r1, r1, #31
10003368:	d101      	bne.n	1000336e <l42_1+0x1a>
1000336a:	43c0      	mvns	r0, r0
1000336c:	0841      	lsrs	r1, r0, #1
1000336e:	b500      	push	{lr}
10003370:	f000 fe7a 	bl	10004068 <____aeabi_ldiv0_veneer>
10003374:	2200      	movs	r2, #0
10003376:	2300      	movs	r3, #0
10003378:	bd00      	pop	{pc}
1000337a:	b500      	push	{lr}
1000337c:	2900      	cmp	r1, #0
1000337e:	db0a      	blt.n	10003396 <l44_1+0x2>
10003380:	43db      	mvns	r3, r3
10003382:	4252      	negs	r2, r2
10003384:	d100      	bne.n	10003388 <l43_1>
10003386:	3301      	adds	r3, #1

10003388 <l43_1>:
10003388:	f000 f814 	bl	100033b4 <divmod_u64u64_unsafe>
1000338c:	43c9      	mvns	r1, r1
1000338e:	4240      	negs	r0, r0
10003390:	d100      	bne.n	10003394 <l44_1>
10003392:	3101      	adds	r1, #1

10003394 <l44_1>:
10003394:	bd00      	pop	{pc}
10003396:	43c9      	mvns	r1, r1
10003398:	4240      	negs	r0, r0
1000339a:	d100      	bne.n	1000339e <l45_1>
1000339c:	3101      	adds	r1, #1

1000339e <l45_1>:
1000339e:	43db      	mvns	r3, r3
100033a0:	4252      	negs	r2, r2
100033a2:	d100      	bne.n	100033a6 <l46_1>
100033a4:	3301      	adds	r3, #1

100033a6 <l46_1>:
100033a6:	f000 f805 	bl	100033b4 <divmod_u64u64_unsafe>
100033aa:	43db      	mvns	r3, r3
100033ac:	4252      	negs	r2, r2
100033ae:	d100      	bne.n	100033b2 <l47_1>
100033b0:	3301      	adds	r3, #1

100033b2 <l47_1>:
100033b2:	bd00      	pop	{pc}

100033b4 <divmod_u64u64_unsafe>:
100033b4:	2900      	cmp	r1, #0
100033b6:	d123      	bne.n	10003400 <y64>
100033b8:	2b00      	cmp	r3, #0
100033ba:	d118      	bne.n	100033ee <udiv0+0x10>
100033bc:	2a00      	cmp	r2, #0
100033be:	d00c      	beq.n	100033da <divmod_u64u64_unsafe+0x26>
100033c0:	46bc      	mov	ip, r7
100033c2:	4f0d      	ldr	r7, [pc, #52]	; (100033f8 <udiv0+0x1a>)
100033c4:	6638      	str	r0, [r7, #96]	; 0x60
100033c6:	667a      	str	r2, [r7, #100]	; 0x64
100033c8:	2100      	movs	r1, #0
100033ca:	2300      	movs	r3, #0
100033cc:	e7ff      	b.n	100033ce <divmod_u64u64_unsafe+0x1a>
100033ce:	e7ff      	b.n	100033d0 <divmod_u64u64_unsafe+0x1c>
100033d0:	e7ff      	b.n	100033d2 <divmod_u64u64_unsafe+0x1e>
100033d2:	6f7a      	ldr	r2, [r7, #116]	; 0x74
100033d4:	6f38      	ldr	r0, [r7, #112]	; 0x70
100033d6:	4667      	mov	r7, ip
100033d8:	4770      	bx	lr
100033da:	2800      	cmp	r0, #0
100033dc:	d001      	beq.n	100033e2 <udiv0+0x4>

100033de <udiv0>:
100033de:	4807      	ldr	r0, [pc, #28]	; (100033fc <udiv0+0x1e>)
100033e0:	0001      	movs	r1, r0
100033e2:	b500      	push	{lr}
100033e4:	f000 fe40 	bl	10004068 <____aeabi_ldiv0_veneer>
100033e8:	2200      	movs	r2, #0
100033ea:	2300      	movs	r3, #0
100033ec:	bd00      	pop	{pc}
100033ee:	0002      	movs	r2, r0
100033f0:	000b      	movs	r3, r1
100033f2:	2000      	movs	r0, #0
100033f4:	2100      	movs	r1, #0
100033f6:	4770      	bx	lr
100033f8:	d0000000 	.word	0xd0000000
100033fc:	ffffffff 	.word	0xffffffff

10003400 <y64>:
10003400:	2b00      	cmp	r3, #0
10003402:	d000      	beq.n	10003406 <y64+0x6>
10003404:	e0bf      	b.n	10003586 <y64_x48>
10003406:	0c13      	lsrs	r3, r2, #16
10003408:	d128      	bne.n	1000345c <y64_x32>
1000340a:	2a00      	cmp	r2, #0
1000340c:	d0e7      	beq.n	100033de <udiv0>
1000340e:	b480      	push	{r7}
10003410:	4f11      	ldr	r7, [pc, #68]	; (10003458 <y64+0x58>)
10003412:	6639      	str	r1, [r7, #96]	; 0x60
10003414:	667a      	str	r2, [r7, #100]	; 0x64
10003416:	e7ff      	b.n	10003418 <y64+0x18>
10003418:	e7ff      	b.n	1000341a <y64+0x1a>
1000341a:	b430      	push	{r4, r5}
1000341c:	0c04      	lsrs	r4, r0, #16
1000341e:	6f7b      	ldr	r3, [r7, #116]	; 0x74
10003420:	6f39      	ldr	r1, [r7, #112]	; 0x70
10003422:	041b      	lsls	r3, r3, #16
10003424:	4323      	orrs	r3, r4
10003426:	663b      	str	r3, [r7, #96]	; 0x60
10003428:	667a      	str	r2, [r7, #100]	; 0x64
1000342a:	e7ff      	b.n	1000342c <y64+0x2c>
1000342c:	e7ff      	b.n	1000342e <y64+0x2e>
1000342e:	e7ff      	b.n	10003430 <y64+0x30>
10003430:	46c0      	nop			; (mov r8, r8)
10003432:	b284      	uxth	r4, r0
10003434:	6f7b      	ldr	r3, [r7, #116]	; 0x74
10003436:	6f3d      	ldr	r5, [r7, #112]	; 0x70
10003438:	041b      	lsls	r3, r3, #16
1000343a:	4323      	orrs	r3, r4
1000343c:	663b      	str	r3, [r7, #96]	; 0x60
1000343e:	667a      	str	r2, [r7, #100]	; 0x64
10003440:	e7ff      	b.n	10003442 <y64+0x42>
10003442:	e7ff      	b.n	10003444 <y64+0x44>
10003444:	46c0      	nop			; (mov r8, r8)
10003446:	2300      	movs	r3, #0
10003448:	042c      	lsls	r4, r5, #16
1000344a:	0c2d      	lsrs	r5, r5, #16
1000344c:	6f7a      	ldr	r2, [r7, #116]	; 0x74
1000344e:	6f38      	ldr	r0, [r7, #112]	; 0x70
10003450:	1900      	adds	r0, r0, r4
10003452:	4169      	adcs	r1, r5
10003454:	bcb0      	pop	{r4, r5, r7}
10003456:	4770      	bx	lr
10003458:	d0000000 	.word	0xd0000000

1000345c <y64_x32>:
1000345c:	b5f0      	push	{r4, r5, r6, r7, lr}
1000345e:	4694      	mov	ip, r2
10003460:	2500      	movs	r5, #0
10003462:	0e14      	lsrs	r4, r2, #24
10003464:	d101      	bne.n	1000346a <y64_x32+0xe>
10003466:	0212      	lsls	r2, r2, #8
10003468:	3508      	adds	r5, #8
1000346a:	0f14      	lsrs	r4, r2, #28
1000346c:	d101      	bne.n	10003472 <y64_x32+0x16>
1000346e:	0112      	lsls	r2, r2, #4
10003470:	3504      	adds	r5, #4
10003472:	0f94      	lsrs	r4, r2, #30
10003474:	d101      	bne.n	1000347a <y64_x32+0x1e>
10003476:	0092      	lsls	r2, r2, #2
10003478:	3502      	adds	r5, #2
1000347a:	0fd4      	lsrs	r4, r2, #31
1000347c:	d101      	bne.n	10003482 <y64_x32+0x26>
1000347e:	0052      	lsls	r2, r2, #1
10003480:	3501      	adds	r5, #1
10003482:	0bd4      	lsrs	r4, r2, #15
10003484:	3401      	adds	r4, #1
10003486:	4f25      	ldr	r7, [pc, #148]	; (1000351c <y64_x32+0xc0>)
10003488:	667c      	str	r4, [r7, #100]	; 0x64
1000348a:	4c25      	ldr	r4, [pc, #148]	; (10003520 <y64_x32+0xc4>)
1000348c:	663c      	str	r4, [r7, #96]	; 0x60
1000348e:	0c0e      	lsrs	r6, r1, #16
10003490:	b293      	uxth	r3, r2
10003492:	e7ff      	b.n	10003494 <y64_x32+0x38>
10003494:	e7ff      	b.n	10003496 <y64_x32+0x3a>
10003496:	e7ff      	b.n	10003498 <y64_x32+0x3c>
10003498:	6f3c      	ldr	r4, [r7, #112]	; 0x70
1000349a:	4366      	muls	r6, r4
1000349c:	0c36      	lsrs	r6, r6, #16
1000349e:	0377      	lsls	r7, r6, #13
100034a0:	46be      	mov	lr, r7
100034a2:	4373      	muls	r3, r6
100034a4:	0bdf      	lsrs	r7, r3, #15
100034a6:	045b      	lsls	r3, r3, #17
100034a8:	1ac0      	subs	r0, r0, r3
100034aa:	41b9      	sbcs	r1, r7
100034ac:	0c13      	lsrs	r3, r2, #16
100034ae:	4373      	muls	r3, r6
100034b0:	18db      	adds	r3, r3, r3
100034b2:	1ac9      	subs	r1, r1, r3
100034b4:	08ce      	lsrs	r6, r1, #3
100034b6:	4366      	muls	r6, r4
100034b8:	0c36      	lsrs	r6, r6, #16
100034ba:	44b6      	add	lr, r6
100034bc:	b293      	uxth	r3, r2
100034be:	4373      	muls	r3, r6
100034c0:	0f1f      	lsrs	r7, r3, #28
100034c2:	011b      	lsls	r3, r3, #4
100034c4:	1ac0      	subs	r0, r0, r3
100034c6:	41b9      	sbcs	r1, r7
100034c8:	0c13      	lsrs	r3, r2, #16
100034ca:	4373      	muls	r3, r6
100034cc:	0b1f      	lsrs	r7, r3, #12
100034ce:	051b      	lsls	r3, r3, #20
100034d0:	1ac0      	subs	r0, r0, r3
100034d2:	41b9      	sbcs	r1, r7
100034d4:	0d86      	lsrs	r6, r0, #22
100034d6:	028f      	lsls	r7, r1, #10
100034d8:	433e      	orrs	r6, r7
100034da:	4366      	muls	r6, r4
100034dc:	0c36      	lsrs	r6, r6, #16
100034de:	2d09      	cmp	r5, #9
100034e0:	db24      	blt.n	1000352c <last0>
100034e2:	0a52      	lsrs	r2, r2, #9
100034e4:	4372      	muls	r2, r6
100034e6:	1a80      	subs	r0, r0, r2
100034e8:	0377      	lsls	r7, r6, #13
100034ea:	0a46      	lsrs	r6, r0, #9
100034ec:	4366      	muls	r6, r4
100034ee:	0c36      	lsrs	r6, r6, #16
100034f0:	2316      	movs	r3, #22
100034f2:	1b5b      	subs	r3, r3, r5
100034f4:	40de      	lsrs	r6, r3
100034f6:	40df      	lsrs	r7, r3
100034f8:	19bf      	adds	r7, r7, r6
100034fa:	4664      	mov	r4, ip
100034fc:	4366      	muls	r6, r4
100034fe:	1b82      	subs	r2, r0, r6
10003500:	4670      	mov	r0, lr
10003502:	3504      	adds	r5, #4
10003504:	3306      	adds	r3, #6
10003506:	0001      	movs	r1, r0
10003508:	40d9      	lsrs	r1, r3
1000350a:	40a8      	lsls	r0, r5
1000350c:	19c0      	adds	r0, r0, r7
1000350e:	d300      	bcc.n	10003512 <y64_x32+0xb6>
10003510:	3101      	adds	r1, #1
10003512:	42a2      	cmp	r2, r4
10003514:	d206      	bcs.n	10003524 <y64_x32+0xc8>
10003516:	2300      	movs	r3, #0
10003518:	bdf0      	pop	{r4, r5, r6, r7, pc}
1000351a:	0000      	.short	0x0000
1000351c:	d0000000 	.word	0xd0000000
10003520:	ffffffff 	.word	0xffffffff
10003524:	1b12      	subs	r2, r2, r4
10003526:	3001      	adds	r0, #1
10003528:	d3f3      	bcc.n	10003512 <y64_x32+0xb6>
1000352a:	e7f1      	b.n	10003510 <y64_x32+0xb4>

1000352c <last0>:
1000352c:	2709      	movs	r7, #9
1000352e:	1b7f      	subs	r7, r7, r5
10003530:	40fe      	lsrs	r6, r7
10003532:	4664      	mov	r4, ip
10003534:	b2a2      	uxth	r2, r4
10003536:	4372      	muls	r2, r6
10003538:	1a80      	subs	r0, r0, r2
1000353a:	d200      	bcs.n	1000353e <last0+0x12>
1000353c:	3901      	subs	r1, #1
1000353e:	0c22      	lsrs	r2, r4, #16
10003540:	4372      	muls	r2, r6
10003542:	0c13      	lsrs	r3, r2, #16
10003544:	0412      	lsls	r2, r2, #16
10003546:	1a82      	subs	r2, r0, r2
10003548:	4199      	sbcs	r1, r3
1000354a:	000b      	movs	r3, r1
1000354c:	4670      	mov	r0, lr
1000354e:	3504      	adds	r5, #4
10003550:	3713      	adds	r7, #19
10003552:	0001      	movs	r1, r0
10003554:	40f9      	lsrs	r1, r7
10003556:	40a8      	lsls	r0, r5
10003558:	1980      	adds	r0, r0, r6
1000355a:	d300      	bcc.n	1000355e <last0+0x32>
1000355c:	3101      	adds	r1, #1
1000355e:	2b00      	cmp	r3, #0
10003560:	d102      	bne.n	10003568 <last0+0x3c>
10003562:	42a2      	cmp	r2, r4
10003564:	d20a      	bcs.n	1000357c <last0+0x50>
10003566:	bdf0      	pop	{r4, r5, r6, r7, pc}
10003568:	3001      	adds	r0, #1
1000356a:	d300      	bcc.n	1000356e <last0+0x42>
1000356c:	3101      	adds	r1, #1
1000356e:	1b12      	subs	r2, r2, r4
10003570:	d2fa      	bcs.n	10003568 <last0+0x3c>
10003572:	3b01      	subs	r3, #1
10003574:	d1f8      	bne.n	10003568 <last0+0x3c>
10003576:	42a2      	cmp	r2, r4
10003578:	d200      	bcs.n	1000357c <last0+0x50>
1000357a:	bdf0      	pop	{r4, r5, r6, r7, pc}
1000357c:	3001      	adds	r0, #1
1000357e:	d300      	bcc.n	10003582 <last0+0x56>
10003580:	3101      	adds	r1, #1
10003582:	1b12      	subs	r2, r2, r4
10003584:	e7f7      	b.n	10003576 <last0+0x4a>

10003586 <y64_x48>:
10003586:	b5f0      	push	{r4, r5, r6, r7, lr}
10003588:	0c1c      	lsrs	r4, r3, #16
1000358a:	d000      	beq.n	1000358e <y64_x48+0x8>
1000358c:	e080      	b.n	10003690 <y64_x64>
1000358e:	b40c      	push	{r2, r3}
10003590:	2500      	movs	r5, #0
10003592:	0a1c      	lsrs	r4, r3, #8
10003594:	d104      	bne.n	100035a0 <y64_x48+0x1a>
10003596:	021b      	lsls	r3, r3, #8
10003598:	0e16      	lsrs	r6, r2, #24
1000359a:	4333      	orrs	r3, r6
1000359c:	0212      	lsls	r2, r2, #8
1000359e:	3508      	adds	r5, #8
100035a0:	0b1c      	lsrs	r4, r3, #12
100035a2:	d104      	bne.n	100035ae <y64_x48+0x28>
100035a4:	011b      	lsls	r3, r3, #4
100035a6:	0f16      	lsrs	r6, r2, #28
100035a8:	4333      	orrs	r3, r6
100035aa:	0112      	lsls	r2, r2, #4
100035ac:	3504      	adds	r5, #4
100035ae:	0b9c      	lsrs	r4, r3, #14
100035b0:	d104      	bne.n	100035bc <y64_x48+0x36>
100035b2:	009b      	lsls	r3, r3, #2
100035b4:	0f96      	lsrs	r6, r2, #30
100035b6:	4333      	orrs	r3, r6
100035b8:	0092      	lsls	r2, r2, #2
100035ba:	3502      	adds	r5, #2
100035bc:	0bdc      	lsrs	r4, r3, #15
100035be:	d102      	bne.n	100035c6 <y64_x48+0x40>
100035c0:	1892      	adds	r2, r2, r2
100035c2:	415b      	adcs	r3, r3
100035c4:	3501      	adds	r5, #1
100035c6:	001c      	movs	r4, r3
100035c8:	1897      	adds	r7, r2, r2
100035ca:	4164      	adcs	r4, r4
100035cc:	3401      	adds	r4, #1
100035ce:	4f46      	ldr	r7, [pc, #280]	; (100036e8 <y64_x64+0x58>)
100035d0:	667c      	str	r4, [r7, #100]	; 0x64
100035d2:	4c46      	ldr	r4, [pc, #280]	; (100036ec <y64_x64+0x5c>)
100035d4:	663c      	str	r4, [r7, #96]	; 0x60
100035d6:	0c0e      	lsrs	r6, r1, #16
100035d8:	e7ff      	b.n	100035da <y64_x48+0x54>
100035da:	e7ff      	b.n	100035dc <y64_x48+0x56>
100035dc:	e7ff      	b.n	100035de <y64_x48+0x58>
100035de:	46c0      	nop			; (mov r8, r8)
100035e0:	6f3c      	ldr	r4, [r7, #112]	; 0x70
100035e2:	4366      	muls	r6, r4
100035e4:	0c36      	lsrs	r6, r6, #16
100035e6:	0377      	lsls	r7, r6, #13
100035e8:	46be      	mov	lr, r7
100035ea:	b297      	uxth	r7, r2
100035ec:	4377      	muls	r7, r6
100035ee:	1bc0      	subs	r0, r0, r7
100035f0:	d200      	bcs.n	100035f4 <y64_x48+0x6e>
100035f2:	3901      	subs	r1, #1
100035f4:	1bc0      	subs	r0, r0, r7
100035f6:	d200      	bcs.n	100035fa <y64_x48+0x74>
100035f8:	3901      	subs	r1, #1
100035fa:	b29f      	uxth	r7, r3
100035fc:	4377      	muls	r7, r6
100035fe:	1bc9      	subs	r1, r1, r7
10003600:	1bc9      	subs	r1, r1, r7
10003602:	0c17      	lsrs	r7, r2, #16
10003604:	4377      	muls	r7, r6
10003606:	047e      	lsls	r6, r7, #17
10003608:	0bff      	lsrs	r7, r7, #15
1000360a:	1b80      	subs	r0, r0, r6
1000360c:	41b9      	sbcs	r1, r7
1000360e:	08ce      	lsrs	r6, r1, #3
10003610:	4366      	muls	r6, r4
10003612:	0c36      	lsrs	r6, r6, #16
10003614:	2d0c      	cmp	r5, #12
10003616:	db33      	blt.n	10003680 <last1>
10003618:	44b6      	add	lr, r6
1000361a:	0b12      	lsrs	r2, r2, #12
1000361c:	051f      	lsls	r7, r3, #20
1000361e:	433a      	orrs	r2, r7
10003620:	0b1b      	lsrs	r3, r3, #12
10003622:	b297      	uxth	r7, r2
10003624:	4377      	muls	r7, r6
10003626:	1bc0      	subs	r0, r0, r7
10003628:	d200      	bcs.n	1000362c <y64_x48+0xa6>
1000362a:	3901      	subs	r1, #1
1000362c:	b29f      	uxth	r7, r3
1000362e:	4377      	muls	r7, r6
10003630:	1bc9      	subs	r1, r1, r7
10003632:	0c17      	lsrs	r7, r2, #16
10003634:	4377      	muls	r7, r6
10003636:	043e      	lsls	r6, r7, #16
10003638:	0c3f      	lsrs	r7, r7, #16
1000363a:	1b80      	subs	r0, r0, r6
1000363c:	41b9      	sbcs	r1, r7
1000363e:	0d86      	lsrs	r6, r0, #22
10003640:	028f      	lsls	r7, r1, #10
10003642:	433e      	orrs	r6, r7
10003644:	4366      	muls	r6, r4
10003646:	2729      	movs	r7, #41	; 0x29
10003648:	1b7f      	subs	r7, r7, r5
1000364a:	40fe      	lsrs	r6, r7
1000364c:	3d0c      	subs	r5, #12
1000364e:	4677      	mov	r7, lr
10003650:	40af      	lsls	r7, r5
10003652:	19bf      	adds	r7, r7, r6
10003654:	bc30      	pop	{r4, r5}
10003656:	b2a2      	uxth	r2, r4
10003658:	b2ab      	uxth	r3, r5
1000365a:	4372      	muls	r2, r6
1000365c:	4373      	muls	r3, r6
1000365e:	1a80      	subs	r0, r0, r2
10003660:	4199      	sbcs	r1, r3
10003662:	0c22      	lsrs	r2, r4, #16
10003664:	4372      	muls	r2, r6
10003666:	0c13      	lsrs	r3, r2, #16
10003668:	0412      	lsls	r2, r2, #16
1000366a:	1a80      	subs	r0, r0, r2
1000366c:	4199      	sbcs	r1, r3
1000366e:	0002      	movs	r2, r0
10003670:	000b      	movs	r3, r1
10003672:	3701      	adds	r7, #1
10003674:	1b00      	subs	r0, r0, r4
10003676:	41a9      	sbcs	r1, r5
10003678:	d2f9      	bcs.n	1000366e <y64_x48+0xe8>
1000367a:	1e78      	subs	r0, r7, #1
1000367c:	2100      	movs	r1, #0
1000367e:	bdf0      	pop	{r4, r5, r6, r7, pc}

10003680 <last1>:
10003680:	270c      	movs	r7, #12
10003682:	1b7f      	subs	r7, r7, r5
10003684:	40fe      	lsrs	r6, r7
10003686:	4677      	mov	r7, lr
10003688:	0b7f      	lsrs	r7, r7, #13
1000368a:	40af      	lsls	r7, r5
1000368c:	19ff      	adds	r7, r7, r7
1000368e:	e7e0      	b.n	10003652 <y64_x48+0xcc>

10003690 <y64_x64>:
10003690:	2400      	movs	r4, #0
10003692:	1c5d      	adds	r5, r3, #1
10003694:	d007      	beq.n	100036a6 <y64_x64+0x16>
10003696:	4f14      	ldr	r7, [pc, #80]	; (100036e8 <y64_x64+0x58>)
10003698:	667d      	str	r5, [r7, #100]	; 0x64
1000369a:	6639      	str	r1, [r7, #96]	; 0x60
1000369c:	e7ff      	b.n	1000369e <y64_x64+0xe>
1000369e:	e7ff      	b.n	100036a0 <y64_x64+0x10>
100036a0:	e7ff      	b.n	100036a2 <y64_x64+0x12>
100036a2:	e7ff      	b.n	100036a4 <y64_x64+0x14>
100036a4:	6f3c      	ldr	r4, [r7, #112]	; 0x70
100036a6:	b295      	uxth	r5, r2
100036a8:	b29e      	uxth	r6, r3
100036aa:	4365      	muls	r5, r4
100036ac:	4366      	muls	r6, r4
100036ae:	1b40      	subs	r0, r0, r5
100036b0:	41b1      	sbcs	r1, r6
100036b2:	0c15      	lsrs	r5, r2, #16
100036b4:	0c1e      	lsrs	r6, r3, #16
100036b6:	4365      	muls	r5, r4
100036b8:	4366      	muls	r6, r4
100036ba:	0436      	lsls	r6, r6, #16
100036bc:	0c2f      	lsrs	r7, r5, #16
100036be:	433e      	orrs	r6, r7
100036c0:	042d      	lsls	r5, r5, #16
100036c2:	1b40      	subs	r0, r0, r5
100036c4:	41b1      	sbcs	r1, r6
100036c6:	4299      	cmp	r1, r3
100036c8:	d204      	bcs.n	100036d4 <y64_x64+0x44>
100036ca:	0002      	movs	r2, r0
100036cc:	000b      	movs	r3, r1
100036ce:	0020      	movs	r0, r4
100036d0:	2100      	movs	r1, #0
100036d2:	bdf0      	pop	{r4, r5, r6, r7, pc}
100036d4:	d101      	bne.n	100036da <y64_x64+0x4a>
100036d6:	4290      	cmp	r0, r2
100036d8:	d3f7      	bcc.n	100036ca <y64_x64+0x3a>
100036da:	1a80      	subs	r0, r0, r2
100036dc:	4199      	sbcs	r1, r3
100036de:	3401      	adds	r4, #1
100036e0:	4299      	cmp	r1, r3
100036e2:	d3f2      	bcc.n	100036ca <y64_x64+0x3a>
100036e4:	e7f6      	b.n	100036d4 <y64_x64+0x44>
100036e6:	0000      	.short	0x0000
100036e8:	d0000000 	.word	0xd0000000
100036ec:	ffffffff 	.word	0xffffffff

100036f0 <__wrap___aeabi_drsub>:
100036f0:	4048      	eors	r0, r1
100036f2:	4041      	eors	r1, r0
100036f4:	4048      	eors	r0, r1

100036f6 <__wrap___aeabi_dsub>:
100036f6:	b418      	push	{r3, r4}
100036f8:	4b13      	ldr	r3, [pc, #76]	; (10003748 <__wrap___aeabi_dmul+0xa>)
100036fa:	685b      	ldr	r3, [r3, #4]
100036fc:	9301      	str	r3, [sp, #4]
100036fe:	bd08      	pop	{r3, pc}

10003700 <__wrap___aeabi_dadd>:
10003700:	b418      	push	{r3, r4}
10003702:	4b11      	ldr	r3, [pc, #68]	; (10003748 <__wrap___aeabi_dmul+0xa>)
10003704:	681b      	ldr	r3, [r3, #0]
10003706:	9301      	str	r3, [sp, #4]
10003708:	bd08      	pop	{r3, pc}

1000370a <__wrap___aeabi_ddiv>:
1000370a:	4694      	mov	ip, r2
1000370c:	4a0f      	ldr	r2, [pc, #60]	; (1000374c <__wrap___aeabi_dmul+0xe>)
1000370e:	6f92      	ldr	r2, [r2, #120]	; 0x78
10003710:	0892      	lsrs	r2, r2, #2
10003712:	d205      	bcs.n	10003720 <ddiv_save_state>
10003714:	4662      	mov	r2, ip

10003716 <ddiv_shim_call>:
10003716:	b418      	push	{r3, r4}
10003718:	4b0b      	ldr	r3, [pc, #44]	; (10003748 <__wrap___aeabi_dmul+0xa>)
1000371a:	68db      	ldr	r3, [r3, #12]
1000371c:	9301      	str	r3, [sp, #4]
1000371e:	bd08      	pop	{r3, pc}

10003720 <ddiv_save_state>:
10003720:	4a0a      	ldr	r2, [pc, #40]	; (1000374c <__wrap___aeabi_dmul+0xe>)
10003722:	b5f0      	push	{r4, r5, r6, r7, lr}
10003724:	6e14      	ldr	r4, [r2, #96]	; 0x60
10003726:	6e55      	ldr	r5, [r2, #100]	; 0x64
10003728:	6f57      	ldr	r7, [r2, #116]	; 0x74
1000372a:	6f16      	ldr	r6, [r2, #112]	; 0x70
1000372c:	4662      	mov	r2, ip
1000372e:	f7ff fff2 	bl	10003716 <ddiv_shim_call>
10003732:	4a06      	ldr	r2, [pc, #24]	; (1000374c <__wrap___aeabi_dmul+0xe>)
10003734:	6614      	str	r4, [r2, #96]	; 0x60
10003736:	6655      	str	r5, [r2, #100]	; 0x64
10003738:	6757      	str	r7, [r2, #116]	; 0x74
1000373a:	6716      	str	r6, [r2, #112]	; 0x70
1000373c:	bdf0      	pop	{r4, r5, r6, r7, pc}

1000373e <__wrap___aeabi_dmul>:
1000373e:	b418      	push	{r3, r4}
10003740:	4b01      	ldr	r3, [pc, #4]	; (10003748 <__wrap___aeabi_dmul+0xa>)
10003742:	689b      	ldr	r3, [r3, #8]
10003744:	9301      	str	r3, [sp, #4]
10003746:	bd08      	pop	{r3, pc}
10003748:	2000452c 	.word	0x2000452c
1000374c:	d0000000 	.word	0xd0000000

10003750 <__wrap___aeabi_cdrcmple>:
10003750:	b5ff      	push	{r0, r1, r2, r3, r4, r5, r6, r7, lr}
10003752:	4050      	eors	r0, r2
10003754:	4042      	eors	r2, r0
10003756:	4050      	eors	r0, r2
10003758:	4059      	eors	r1, r3
1000375a:	404b      	eors	r3, r1
1000375c:	4059      	eors	r1, r3
1000375e:	e000      	b.n	10003762 <__aeabi_dfcmple_guts>

10003760 <__wrap___aeabi_cdcmpeq>:
10003760:	b5ff      	push	{r0, r1, r2, r3, r4, r5, r6, r7, lr}

10003762 <__aeabi_dfcmple_guts>:
10003762:	4f15      	ldr	r7, [pc, #84]	; (100037b8 <__aeabi_dfcmple_guts+0x56>)
10003764:	004c      	lsls	r4, r1, #1
10003766:	0d64      	lsrs	r4, r4, #21
10003768:	d003      	beq.n	10003772 <__aeabi_dfcmple_guts+0x10>
1000376a:	42bc      	cmp	r4, r7
1000376c:	d104      	bne.n	10003778 <__aeabi_dfcmple_guts+0x16>
1000376e:	030c      	lsls	r4, r1, #12
10003770:	d814      	bhi.n	1000379c <__aeabi_dfcmple_guts+0x3a>
10003772:	2000      	movs	r0, #0
10003774:	0d09      	lsrs	r1, r1, #20
10003776:	0509      	lsls	r1, r1, #20
10003778:	005c      	lsls	r4, r3, #1
1000377a:	0d64      	lsrs	r4, r4, #21
1000377c:	d003      	beq.n	10003786 <__aeabi_dfcmple_guts+0x24>
1000377e:	42bc      	cmp	r4, r7
10003780:	d104      	bne.n	1000378c <__aeabi_dfcmple_guts+0x2a>
10003782:	031c      	lsls	r4, r3, #12
10003784:	d80a      	bhi.n	1000379c <__aeabi_dfcmple_guts+0x3a>
10003786:	2200      	movs	r2, #0
10003788:	0d1b      	lsrs	r3, r3, #20
1000378a:	051b      	lsls	r3, r3, #20
1000378c:	2601      	movs	r6, #1
1000378e:	404b      	eors	r3, r1
10003790:	d409      	bmi.n	100037a6 <__aeabi_dfcmple_guts+0x44>
10003792:	404b      	eors	r3, r1
10003794:	d503      	bpl.n	1000379e <__aeabi_dfcmple_guts+0x3c>
10003796:	428b      	cmp	r3, r1
10003798:	d100      	bne.n	1000379c <__aeabi_dfcmple_guts+0x3a>
1000379a:	4282      	cmp	r2, r0
1000379c:	bdff      	pop	{r0, r1, r2, r3, r4, r5, r6, r7, pc}
1000379e:	4299      	cmp	r1, r3
100037a0:	d1fc      	bne.n	1000379c <__aeabi_dfcmple_guts+0x3a>
100037a2:	4290      	cmp	r0, r2
100037a4:	bdff      	pop	{r0, r1, r2, r3, r4, r5, r6, r7, pc}
100037a6:	430b      	orrs	r3, r1
100037a8:	18db      	adds	r3, r3, r3
100037aa:	4303      	orrs	r3, r0
100037ac:	4313      	orrs	r3, r2
100037ae:	d0f5      	beq.n	1000379c <__aeabi_dfcmple_guts+0x3a>
100037b0:	43c9      	mvns	r1, r1
100037b2:	1849      	adds	r1, r1, r1
100037b4:	bdff      	pop	{r0, r1, r2, r3, r4, r5, r6, r7, pc}
100037b6:	0000      	.short	0x0000
100037b8:	000007ff 	.word	0x000007ff

100037bc <__wrap___aeabi_dcmplt>:
100037bc:	b500      	push	{lr}
100037be:	f7ff ffcf 	bl	10003760 <__wrap___aeabi_cdcmpeq>
100037c2:	4180      	sbcs	r0, r0
100037c4:	bd00      	pop	{pc}
100037c6:	46c0      	nop			; (mov r8, r8)

100037c8 <__wrap___aeabi_dcmple>:
100037c8:	b500      	push	{lr}
100037ca:	f7ff ffc9 	bl	10003760 <__wrap___aeabi_cdcmpeq>
100037ce:	d901      	bls.n	100037d4 <__wrap___aeabi_dcmple+0xc>
100037d0:	2000      	movs	r0, #0
100037d2:	bd00      	pop	{pc}
100037d4:	2001      	movs	r0, #1
100037d6:	bd00      	pop	{pc}

100037d8 <__wrap___aeabi_dcmpge>:
100037d8:	b500      	push	{lr}
100037da:	f7ff ffb9 	bl	10003750 <__wrap___aeabi_cdrcmple>
100037de:	d901      	bls.n	100037e4 <__wrap___aeabi_dcmpge+0xc>
100037e0:	2000      	movs	r0, #0
100037e2:	bd00      	pop	{pc}
100037e4:	2001      	movs	r0, #1
100037e6:	bd00      	pop	{pc}

100037e8 <__wrap___aeabi_dcmpgt>:
100037e8:	b500      	push	{lr}
100037ea:	f7ff ffb1 	bl	10003750 <__wrap___aeabi_cdrcmple>
100037ee:	4180      	sbcs	r0, r0
100037f0:	bd00      	pop	{pc}

100037f2 <__wrap___aeabi_dcmpun>:
100037f2:	2001      	movs	r0, #1
100037f4:	0540      	lsls	r0, r0, #21
100037f6:	004a      	lsls	r2, r1, #1
100037f8:	1812      	adds	r2, r2, r0
100037fa:	d804      	bhi.n	10003806 <__wrap___aeabi_dcmpun+0x14>
100037fc:	005a      	lsls	r2, r3, #1
100037fe:	1812      	adds	r2, r2, r0
10003800:	d801      	bhi.n	10003806 <__wrap___aeabi_dcmpun+0x14>
10003802:	2000      	movs	r0, #0
10003804:	4770      	bx	lr
10003806:	2001      	movs	r0, #1
10003808:	4770      	bx	lr
1000380a:	2000      	movs	r0, #0
1000380c:	4770      	bx	lr
	...

10003810 <__wrap___aeabi_ui2d>:
10003810:	2100      	movs	r1, #0
10003812:	2800      	cmp	r0, #0
10003814:	d105      	bne.n	10003822 <__wrap___aeabi_i2d+0xa>
10003816:	4770      	bx	lr

10003818 <__wrap___aeabi_i2d>:
10003818:	17c1      	asrs	r1, r0, #31
1000381a:	4048      	eors	r0, r1
1000381c:	1a40      	subs	r0, r0, r1
1000381e:	d0fa      	beq.n	10003816 <__wrap___aeabi_ui2d+0x6>
10003820:	07c9      	lsls	r1, r1, #31
10003822:	b513      	push	{r0, r1, r4, lr}
10003824:	4b06      	ldr	r3, [pc, #24]	; (10003840 <__wrap___aeabi_i2d+0x28>)
10003826:	681b      	ldr	r3, [r3, #0]
10003828:	4798      	blx	r3
1000382a:	bc0c      	pop	{r2, r3}
1000382c:	1c44      	adds	r4, r0, #1
1000382e:	40a2      	lsls	r2, r4
10003830:	0510      	lsls	r0, r2, #20
10003832:	0b12      	lsrs	r2, r2, #12
10003834:	4903      	ldr	r1, [pc, #12]	; (10003844 <__wrap___aeabi_i2d+0x2c>)
10003836:	1b09      	subs	r1, r1, r4
10003838:	0509      	lsls	r1, r1, #20
1000383a:	4319      	orrs	r1, r3
1000383c:	4311      	orrs	r1, r2
1000383e:	bd10      	pop	{r4, pc}
10003840:	2000462c 	.word	0x2000462c
10003844:	0000041f 	.word	0x0000041f

10003848 <__wrap___aeabi_d2iz>:
10003848:	b510      	push	{r4, lr}
1000384a:	004c      	lsls	r4, r1, #1
1000384c:	0d62      	lsrs	r2, r4, #21
1000384e:	2380      	movs	r3, #128	; 0x80
10003850:	18d2      	adds	r2, r2, r3
10003852:	00db      	lsls	r3, r3, #3
10003854:	1ad2      	subs	r2, r2, r3
10003856:	055b      	lsls	r3, r3, #21
10003858:	2a7e      	cmp	r2, #126	; 0x7e
1000385a:	dd10      	ble.n	1000387e <__wrap___aeabi_d2iz+0x36>
1000385c:	3a9e      	subs	r2, #158	; 0x9e
1000385e:	da13      	bge.n	10003888 <__wrap___aeabi_d2iz+0x40>
10003860:	17cc      	asrs	r4, r1, #31
10003862:	0309      	lsls	r1, r1, #12
10003864:	0849      	lsrs	r1, r1, #1
10003866:	4319      	orrs	r1, r3
10003868:	4252      	negs	r2, r2
1000386a:	40d1      	lsrs	r1, r2
1000386c:	0064      	lsls	r4, r4, #1
1000386e:	3401      	adds	r4, #1
10003870:	3215      	adds	r2, #21
10003872:	2a20      	cmp	r2, #32
10003874:	da05      	bge.n	10003882 <__wrap___aeabi_d2iz+0x3a>
10003876:	40d0      	lsrs	r0, r2
10003878:	4308      	orrs	r0, r1
1000387a:	4360      	muls	r0, r4
1000387c:	bd10      	pop	{r4, pc}
1000387e:	2000      	movs	r0, #0
10003880:	bd10      	pop	{r4, pc}
10003882:	4608      	mov	r0, r1
10003884:	4360      	muls	r0, r4
10003886:	bd10      	pop	{r4, pc}
10003888:	0fc8      	lsrs	r0, r1, #31
1000388a:	18c0      	adds	r0, r0, r3
1000388c:	3801      	subs	r0, #1
1000388e:	bd10      	pop	{r4, pc}

10003890 <__wrap___aeabi_d2uiz>:
10003890:	b418      	push	{r3, r4}
10003892:	4b02      	ldr	r3, [pc, #8]	; (1000389c <__wrap___aeabi_d2uiz+0xc>)
10003894:	6a5b      	ldr	r3, [r3, #36]	; 0x24
10003896:	9301      	str	r3, [sp, #4]
10003898:	bd08      	pop	{r3, pc}
1000389a:	0000      	.short	0x0000
1000389c:	2000452c 	.word	0x2000452c

100038a0 <missing_double_func_shim>:
100038a0:	b510      	push	{r4, lr}
100038a2:	4801      	ldr	r0, [pc, #4]	; (100038a8 <missing_double_func_shim+0x8>)
100038a4:	f7fe fbd8 	bl	10002058 <panic>
100038a8:	10004f18 	.word	0x10004f18

100038ac <__aeabi_double_init>:
100038ac:	b570      	push	{r4, r5, r6, lr}
100038ae:	2313      	movs	r3, #19
100038b0:	781c      	ldrb	r4, [r3, #0]
100038b2:	2c01      	cmp	r4, #1
100038b4:	d014      	beq.n	100038e0 <__aeabi_double_init+0x34>
100038b6:	2c01      	cmp	r4, #1
100038b8:	dc14      	bgt.n	100038e4 <__aeabi_double_init+0x38>
100038ba:	2c02      	cmp	r4, #2
100038bc:	dc02      	bgt.n	100038c4 <__aeabi_double_init+0x18>
100038be:	4a1f      	ldr	r2, [pc, #124]	; (1000393c <__aeabi_double_init+0x90>)
100038c0:	4b1f      	ldr	r3, [pc, #124]	; (10003940 <__aeabi_double_init+0x94>)
100038c2:	649a      	str	r2, [r3, #72]	; 0x48
100038c4:	481f      	ldr	r0, [pc, #124]	; (10003944 <__aeabi_double_init+0x98>)
100038c6:	f7ff fc87 	bl	100031d8 <rom_func_lookup>
100038ca:	4b1f      	ldr	r3, [pc, #124]	; (10003948 <__aeabi_double_init+0x9c>)
100038cc:	6018      	str	r0, [r3, #0]
100038ce:	bd70      	pop	{r4, r5, r6, pc}
100038d0:	0099      	lsls	r1, r3, #2
100038d2:	481e      	ldr	r0, [pc, #120]	; (1000394c <__aeabi_double_init+0xa0>)
100038d4:	4a1a      	ldr	r2, [pc, #104]	; (10003940 <__aeabi_double_init+0x94>)
100038d6:	5088      	str	r0, [r1, r2]
100038d8:	3301      	adds	r3, #1
100038da:	2b1f      	cmp	r3, #31
100038dc:	d9f8      	bls.n	100038d0 <__aeabi_double_init+0x24>
100038de:	e7ea      	b.n	100038b6 <__aeabi_double_init+0xa>
100038e0:	2300      	movs	r3, #0
100038e2:	e7fa      	b.n	100038da <__aeabi_double_init+0x2e>
100038e4:	481a      	ldr	r0, [pc, #104]	; (10003950 <__aeabi_double_init+0xa4>)
100038e6:	f7ff fc7f 	bl	100031e8 <rom_data_lookup>
100038ea:	0005      	movs	r5, r0
100038ec:	4819      	ldr	r0, [pc, #100]	; (10003954 <__aeabi_double_init+0xa8>)
100038ee:	f7ff fc7b 	bl	100031e8 <rom_data_lookup>
100038f2:	3802      	subs	r0, #2
100038f4:	7803      	ldrb	r3, [r0, #0]
100038f6:	009b      	lsls	r3, r3, #2
100038f8:	2b7f      	cmp	r3, #127	; 0x7f
100038fa:	dd19      	ble.n	10003930 <__aeabi_double_init+0x84>
100038fc:	2280      	movs	r2, #128	; 0x80
100038fe:	0029      	movs	r1, r5
10003900:	480f      	ldr	r0, [pc, #60]	; (10003940 <__aeabi_double_init+0x94>)
10003902:	f000 f8fd 	bl	10003b00 <__wrap___aeabi_memcpy>
10003906:	2c02      	cmp	r4, #2
10003908:	d1d7      	bne.n	100038ba <__aeabi_double_init+0xe>
1000390a:	4b13      	ldr	r3, [pc, #76]	; (10003958 <__aeabi_double_init+0xac>)
1000390c:	881a      	ldrh	r2, [r3, #0]
1000390e:	23b5      	movs	r3, #181	; 0xb5
10003910:	021b      	lsls	r3, r3, #8
10003912:	429a      	cmp	r2, r3
10003914:	d109      	bne.n	1000392a <__aeabi_double_init+0x7e>
10003916:	4b11      	ldr	r3, [pc, #68]	; (1000395c <__aeabi_double_init+0xb0>)
10003918:	881a      	ldrh	r2, [r3, #0]
1000391a:	4b11      	ldr	r3, [pc, #68]	; (10003960 <__aeabi_double_init+0xb4>)
1000391c:	429a      	cmp	r2, r3
1000391e:	d104      	bne.n	1000392a <__aeabi_double_init+0x7e>
10003920:	4b10      	ldr	r3, [pc, #64]	; (10003964 <__aeabi_double_init+0xb8>)
10003922:	881a      	ldrh	r2, [r3, #0]
10003924:	4b10      	ldr	r3, [pc, #64]	; (10003968 <__aeabi_double_init+0xbc>)
10003926:	429a      	cmp	r2, r3
10003928:	d0c7      	beq.n	100038ba <__aeabi_double_init+0xe>
1000392a:	2000      	movs	r0, #0
1000392c:	f7fe fb94 	bl	10002058 <panic>
10003930:	4b0e      	ldr	r3, [pc, #56]	; (1000396c <__aeabi_double_init+0xc0>)
10003932:	4a0f      	ldr	r2, [pc, #60]	; (10003970 <__aeabi_double_init+0xc4>)
10003934:	2132      	movs	r1, #50	; 0x32
10003936:	480f      	ldr	r0, [pc, #60]	; (10003974 <__aeabi_double_init+0xc8>)
10003938:	f7fe faf4 	bl	10001f24 <__assert_func>
1000393c:	10003979 	.word	0x10003979
10003940:	2000452c 	.word	0x2000452c
10003944:	0000334c 	.word	0x0000334c
10003948:	2000462c 	.word	0x2000462c
1000394c:	100038a1 	.word	0x100038a1
10003950:	00004453 	.word	0x00004453
10003954:	00004653 	.word	0x00004653
10003958:	00003854 	.word	0x00003854
1000395c:	000038d8 	.word	0x000038d8
10003960:	00004649 	.word	0x00004649
10003964:	0000389c 	.word	0x0000389c
10003968:	00004659 	.word	0x00004659
1000396c:	10004f30 	.word	0x10004f30
10003970:	10004fe8 	.word	0x10004fe8
10003974:	10004f84 	.word	0x10004f84

10003978 <double_table_shim_on_use_helper>:
10003978:	b507      	push	{r0, r1, r2, lr}
1000397a:	4660      	mov	r0, ip
1000397c:	2800      	cmp	r0, #0
1000397e:	d100      	bne.n	10003982 <double_table_shim_on_use_helper+0xa>
10003980:	be00      	bkpt	0x0000
10003982:	8801      	ldrh	r1, [r0, #0]
10003984:	0a0a      	lsrs	r2, r1, #8
10003986:	3002      	adds	r0, #2
10003988:	2adf      	cmp	r2, #223	; 0xdf
1000398a:	d1fa      	bne.n	10003982 <double_table_shim_on_use_helper+0xa>
1000398c:	b2c9      	uxtb	r1, r1
1000398e:	0882      	lsrs	r2, r0, #2
10003990:	d304      	bcc.n	1000399c <double_table_shim_on_use_helper+0x24>
10003992:	8802      	ldrh	r2, [r0, #0]
10003994:	8840      	ldrh	r0, [r0, #2]
10003996:	0400      	lsls	r0, r0, #16
10003998:	4310      	orrs	r0, r2
1000399a:	e000      	b.n	1000399e <double_table_shim_on_use_helper+0x26>
1000399c:	6800      	ldr	r0, [r0, #0]
1000399e:	4a02      	ldr	r2, [pc, #8]	; (100039a8 <double_table_shim_on_use_helper+0x30>)
100039a0:	5050      	str	r0, [r2, r1]
100039a2:	9003      	str	r0, [sp, #12]
100039a4:	bd07      	pop	{r0, r1, r2, pc}
100039a6:	0000      	.short	0x0000
100039a8:	2000452c 	.word	0x2000452c

100039ac <__wrap___aeabi_frsub>:
100039ac:	4048      	eors	r0, r1
100039ae:	4041      	eors	r1, r0
100039b0:	4048      	eors	r0, r1

100039b2 <__wrap___aeabi_fsub>:
100039b2:	4b0e      	ldr	r3, [pc, #56]	; (100039ec <__wrap___aeabi_fmul+0x6>)
100039b4:	685b      	ldr	r3, [r3, #4]
100039b6:	4718      	bx	r3

100039b8 <__wrap___aeabi_fadd>:
100039b8:	4b0c      	ldr	r3, [pc, #48]	; (100039ec <__wrap___aeabi_fmul+0x6>)
100039ba:	681b      	ldr	r3, [r3, #0]
100039bc:	4718      	bx	r3

100039be <__wrap___aeabi_fdiv>:
100039be:	4a0c      	ldr	r2, [pc, #48]	; (100039f0 <__wrap___aeabi_fmul+0xa>)
100039c0:	6f93      	ldr	r3, [r2, #120]	; 0x78
100039c2:	089b      	lsrs	r3, r3, #2
100039c4:	d202      	bcs.n	100039cc <fdiv_save_state>

100039c6 <fdiv_shim_call>:
100039c6:	4b09      	ldr	r3, [pc, #36]	; (100039ec <__wrap___aeabi_fmul+0x6>)
100039c8:	68db      	ldr	r3, [r3, #12]
100039ca:	4718      	bx	r3

100039cc <fdiv_save_state>:
100039cc:	b5f0      	push	{r4, r5, r6, r7, lr}
100039ce:	6e14      	ldr	r4, [r2, #96]	; 0x60
100039d0:	6e55      	ldr	r5, [r2, #100]	; 0x64
100039d2:	6f57      	ldr	r7, [r2, #116]	; 0x74
100039d4:	6f16      	ldr	r6, [r2, #112]	; 0x70
100039d6:	f7ff fff6 	bl	100039c6 <fdiv_shim_call>
100039da:	4a05      	ldr	r2, [pc, #20]	; (100039f0 <__wrap___aeabi_fmul+0xa>)
100039dc:	6614      	str	r4, [r2, #96]	; 0x60
100039de:	6655      	str	r5, [r2, #100]	; 0x64
100039e0:	6757      	str	r7, [r2, #116]	; 0x74
100039e2:	6716      	str	r6, [r2, #112]	; 0x70
100039e4:	bdf0      	pop	{r4, r5, r6, r7, pc}

100039e6 <__wrap___aeabi_fmul>:
100039e6:	4b01      	ldr	r3, [pc, #4]	; (100039ec <__wrap___aeabi_fmul+0x6>)
100039e8:	689b      	ldr	r3, [r3, #8]
100039ea:	4718      	bx	r3
100039ec:	20004630 	.word	0x20004630
100039f0:	d0000000 	.word	0xd0000000

100039f4 <__wrap___aeabi_ui2f>:
100039f4:	1a49      	subs	r1, r1, r1
100039f6:	2800      	cmp	r0, #0
100039f8:	d108      	bne.n	10003a0c <__aeabi_i2f_main>
100039fa:	4608      	mov	r0, r1
100039fc:	4770      	bx	lr
	...

10003a00 <__wrap___aeabi_i2f>:
10003a00:	0fc1      	lsrs	r1, r0, #31
10003a02:	07c9      	lsls	r1, r1, #31
10003a04:	d500      	bpl.n	10003a08 <__wrap___aeabi_i2f+0x8>
10003a06:	4240      	negs	r0, r0
10003a08:	2800      	cmp	r0, #0
10003a0a:	d017      	beq.n	10003a3c <__aeabi_i2f_main+0x30>

10003a0c <__aeabi_i2f_main>:
10003a0c:	46f4      	mov	ip, lr
10003a0e:	b403      	push	{r0, r1}
10003a10:	4b0b      	ldr	r3, [pc, #44]	; (10003a40 <__aeabi_i2f_main+0x34>)
10003a12:	681b      	ldr	r3, [r3, #0]
10003a14:	4798      	blx	r3
10003a16:	bc06      	pop	{r1, r2}
10003a18:	4081      	lsls	r1, r0
10003a1a:	389e      	subs	r0, #158	; 0x9e
10003a1c:	4240      	negs	r0, r0
10003a1e:	3180      	adds	r1, #128	; 0x80
10003a20:	d207      	bcs.n	10003a32 <__aeabi_i2f_main+0x26>
10003a22:	060b      	lsls	r3, r1, #24
10003a24:	d007      	beq.n	10003a36 <__aeabi_i2f_main+0x2a>
10003a26:	0049      	lsls	r1, r1, #1
10003a28:	0a49      	lsrs	r1, r1, #9
10003a2a:	05c0      	lsls	r0, r0, #23
10003a2c:	4310      	orrs	r0, r2
10003a2e:	4308      	orrs	r0, r1
10003a30:	4760      	bx	ip
10003a32:	3001      	adds	r0, #1
10003a34:	e7f8      	b.n	10003a28 <__aeabi_i2f_main+0x1c>
10003a36:	0a49      	lsrs	r1, r1, #9
10003a38:	0289      	lsls	r1, r1, #10
10003a3a:	e7f5      	b.n	10003a28 <__aeabi_i2f_main+0x1c>
10003a3c:	4770      	bx	lr
10003a3e:	0000      	.short	0x0000
10003a40:	2000462c 	.word	0x2000462c

10003a44 <__wrap___aeabi_f2d>:
10003a44:	4b01      	ldr	r3, [pc, #4]	; (10003a4c <__wrap___aeabi_f2d+0x8>)
10003a46:	6fdb      	ldr	r3, [r3, #124]	; 0x7c
10003a48:	4718      	bx	r3
10003a4a:	0000      	.short	0x0000
10003a4c:	20004630 	.word	0x20004630

10003a50 <missing_float_func_shim>:
10003a50:	b510      	push	{r4, lr}
10003a52:	4801      	ldr	r0, [pc, #4]	; (10003a58 <missing_float_func_shim+0x8>)
10003a54:	f7fe fb00 	bl	10002058 <panic>
10003a58:	100040fc 	.word	0x100040fc

10003a5c <__aeabi_float_init>:
10003a5c:	b570      	push	{r4, r5, r6, lr}
10003a5e:	2313      	movs	r3, #19
10003a60:	781e      	ldrb	r6, [r3, #0]
10003a62:	4818      	ldr	r0, [pc, #96]	; (10003ac4 <__aeabi_float_init+0x68>)
10003a64:	f7ff fbc0 	bl	100031e8 <rom_data_lookup>
10003a68:	0005      	movs	r5, r0
10003a6a:	2e01      	cmp	r6, #1
10003a6c:	d011      	beq.n	10003a92 <__aeabi_float_init+0x36>
10003a6e:	2e01      	cmp	r6, #1
10003a70:	dd09      	ble.n	10003a86 <__aeabi_float_init+0x2a>
10003a72:	1eab      	subs	r3, r5, #2
10003a74:	781b      	ldrb	r3, [r3, #0]
10003a76:	009b      	lsls	r3, r3, #2
10003a78:	2b7f      	cmp	r3, #127	; 0x7f
10003a7a:	dd1d      	ble.n	10003ab8 <__aeabi_float_init+0x5c>
10003a7c:	2280      	movs	r2, #128	; 0x80
10003a7e:	0029      	movs	r1, r5
10003a80:	4811      	ldr	r0, [pc, #68]	; (10003ac8 <__aeabi_float_init+0x6c>)
10003a82:	f000 f83d 	bl	10003b00 <__wrap___aeabi_memcpy>
10003a86:	4811      	ldr	r0, [pc, #68]	; (10003acc <__aeabi_float_init+0x70>)
10003a88:	f7ff fba6 	bl	100031d8 <rom_func_lookup>
10003a8c:	4b10      	ldr	r3, [pc, #64]	; (10003ad0 <__aeabi_float_init+0x74>)
10003a8e:	6018      	str	r0, [r3, #0]
10003a90:	bd70      	pop	{r4, r5, r6, pc}
10003a92:	2254      	movs	r2, #84	; 0x54
10003a94:	0001      	movs	r1, r0
10003a96:	480c      	ldr	r0, [pc, #48]	; (10003ac8 <__aeabi_float_init+0x6c>)
10003a98:	f000 f832 	bl	10003b00 <__wrap___aeabi_memcpy>
10003a9c:	2300      	movs	r3, #0
10003a9e:	e000      	b.n	10003aa2 <__aeabi_float_init+0x46>
10003aa0:	3301      	adds	r3, #1
10003aa2:	2b1f      	cmp	r3, #31
10003aa4:	d8e3      	bhi.n	10003a6e <__aeabi_float_init+0x12>
10003aa6:	009a      	lsls	r2, r3, #2
10003aa8:	4c07      	ldr	r4, [pc, #28]	; (10003ac8 <__aeabi_float_init+0x6c>)
10003aaa:	5912      	ldr	r2, [r2, r4]
10003aac:	2a00      	cmp	r2, #0
10003aae:	d1f7      	bne.n	10003aa0 <__aeabi_float_init+0x44>
10003ab0:	009a      	lsls	r2, r3, #2
10003ab2:	4808      	ldr	r0, [pc, #32]	; (10003ad4 <__aeabi_float_init+0x78>)
10003ab4:	5110      	str	r0, [r2, r4]
10003ab6:	e7f3      	b.n	10003aa0 <__aeabi_float_init+0x44>
10003ab8:	4b07      	ldr	r3, [pc, #28]	; (10003ad8 <__aeabi_float_init+0x7c>)
10003aba:	4a08      	ldr	r2, [pc, #32]	; (10003adc <__aeabi_float_init+0x80>)
10003abc:	2142      	movs	r1, #66	; 0x42
10003abe:	4808      	ldr	r0, [pc, #32]	; (10003ae0 <__aeabi_float_init+0x84>)
10003ac0:	f7fe fa30 	bl	10001f24 <__assert_func>
10003ac4:	00004653 	.word	0x00004653
10003ac8:	20004630 	.word	0x20004630
10003acc:	0000334c 	.word	0x0000334c
10003ad0:	2000462c 	.word	0x2000462c
10003ad4:	10003a51 	.word	0x10003a51
10003ad8:	10004ffc 	.word	0x10004ffc
10003adc:	10005094 	.word	0x10005094
10003ae0:	10005030 	.word	0x10005030

10003ae4 <__aeabi_mem_init>:
10003ae4:	4801      	ldr	r0, [pc, #4]	; (10003aec <__aeabi_mem_init+0x8>)
10003ae6:	2104      	movs	r1, #4
10003ae8:	4b01      	ldr	r3, [pc, #4]	; (10003af0 <__aeabi_mem_init+0xc>)
10003aea:	4718      	bx	r3
10003aec:	20000330 	.word	0x20000330
10003af0:	100031f9 	.word	0x100031f9

10003af4 <__wrap_memset>:
10003af4:	4b01      	ldr	r3, [pc, #4]	; (10003afc <__wrap_memset+0x8>)
10003af6:	681b      	ldr	r3, [r3, #0]
10003af8:	4718      	bx	r3
10003afa:	0000      	.short	0x0000
10003afc:	20000330 	.word	0x20000330

10003b00 <__wrap___aeabi_memcpy>:
10003b00:	4b01      	ldr	r3, [pc, #4]	; (10003b08 <__wrap___aeabi_memcpy+0x8>)
10003b02:	685b      	ldr	r3, [r3, #4]
10003b04:	4718      	bx	r3
10003b06:	0000      	.short	0x0000
10003b08:	20000330 	.word	0x20000330

10003b0c <stdio_out_chars_no_crlf>:
10003b0c:	b510      	push	{r4, lr}
10003b0e:	0003      	movs	r3, r0
10003b10:	0008      	movs	r0, r1
10003b12:	0011      	movs	r1, r2
10003b14:	681b      	ldr	r3, [r3, #0]
10003b16:	4798      	blx	r3
10003b18:	bd10      	pop	{r4, pc}
	...

10003b1c <stdio_out_chars_crlf>:
10003b1c:	b5f8      	push	{r3, r4, r5, r6, r7, lr}
10003b1e:	0007      	movs	r7, r0
10003b20:	000d      	movs	r5, r1
10003b22:	0016      	movs	r6, r2
10003b24:	7d43      	ldrb	r3, [r0, #21]
10003b26:	2b00      	cmp	r3, #0
10003b28:	d002      	beq.n	10003b30 <stdio_out_chars_crlf+0x14>
10003b2a:	2400      	movs	r4, #0
10003b2c:	2000      	movs	r0, #0
10003b2e:	e00c      	b.n	10003b4a <stdio_out_chars_crlf+0x2e>
10003b30:	6803      	ldr	r3, [r0, #0]
10003b32:	0011      	movs	r1, r2
10003b34:	0028      	movs	r0, r5
10003b36:	4798      	blx	r3
10003b38:	e02d      	b.n	10003b96 <stdio_out_chars_crlf+0x7a>
10003b3a:	7d3b      	ldrb	r3, [r7, #20]
10003b3c:	e010      	b.n	10003b60 <stdio_out_chars_crlf+0x44>
10003b3e:	2102      	movs	r1, #2
10003b40:	4815      	ldr	r0, [pc, #84]	; (10003b98 <stdio_out_chars_crlf+0x7c>)
10003b42:	683b      	ldr	r3, [r7, #0]
10003b44:	4798      	blx	r3
10003b46:	1c60      	adds	r0, r4, #1
10003b48:	3401      	adds	r4, #1
10003b4a:	42b4      	cmp	r4, r6
10003b4c:	da14      	bge.n	10003b78 <stdio_out_chars_crlf+0x5c>
10003b4e:	2c00      	cmp	r4, #0
10003b50:	ddf3      	ble.n	10003b3a <stdio_out_chars_crlf+0x1e>
10003b52:	192b      	adds	r3, r5, r4
10003b54:	3b01      	subs	r3, #1
10003b56:	781b      	ldrb	r3, [r3, #0]
10003b58:	3b0d      	subs	r3, #13
10003b5a:	425a      	negs	r2, r3
10003b5c:	4153      	adcs	r3, r2
10003b5e:	b2db      	uxtb	r3, r3
10003b60:	5d2a      	ldrb	r2, [r5, r4]
10003b62:	2a0a      	cmp	r2, #10
10003b64:	d1f0      	bne.n	10003b48 <stdio_out_chars_crlf+0x2c>
10003b66:	2b00      	cmp	r3, #0
10003b68:	d1ee      	bne.n	10003b48 <stdio_out_chars_crlf+0x2c>
10003b6a:	42a0      	cmp	r0, r4
10003b6c:	dae7      	bge.n	10003b3e <stdio_out_chars_crlf+0x22>
10003b6e:	1a21      	subs	r1, r4, r0
10003b70:	1828      	adds	r0, r5, r0
10003b72:	683b      	ldr	r3, [r7, #0]
10003b74:	4798      	blx	r3
10003b76:	e7e2      	b.n	10003b3e <stdio_out_chars_crlf+0x22>
10003b78:	42b0      	cmp	r0, r6
10003b7a:	da03      	bge.n	10003b84 <stdio_out_chars_crlf+0x68>
10003b7c:	1a31      	subs	r1, r6, r0
10003b7e:	1828      	adds	r0, r5, r0
10003b80:	683b      	ldr	r3, [r7, #0]
10003b82:	4798      	blx	r3
10003b84:	2e00      	cmp	r6, #0
10003b86:	dd06      	ble.n	10003b96 <stdio_out_chars_crlf+0x7a>
10003b88:	19ad      	adds	r5, r5, r6
10003b8a:	3d01      	subs	r5, #1
10003b8c:	782b      	ldrb	r3, [r5, #0]
10003b8e:	3b0d      	subs	r3, #13
10003b90:	425a      	negs	r2, r3
10003b92:	4153      	adcs	r3, r2
10003b94:	753b      	strb	r3, [r7, #20]
10003b96:	bdf8      	pop	{r3, r4, r5, r6, r7, pc}
10003b98:	1000517c 	.word	0x1000517c

10003b9c <stdio_stack_buffer_flush>:
10003b9c:	b570      	push	{r4, r5, r6, lr}
10003b9e:	0005      	movs	r5, r0
10003ba0:	6803      	ldr	r3, [r0, #0]
10003ba2:	2b00      	cmp	r3, #0
10003ba4:	d016      	beq.n	10003bd4 <stdio_stack_buffer_flush+0x38>
10003ba6:	4b0c      	ldr	r3, [pc, #48]	; (10003bd8 <stdio_stack_buffer_flush+0x3c>)
10003ba8:	681c      	ldr	r4, [r3, #0]
10003baa:	e005      	b.n	10003bb8 <stdio_stack_buffer_flush+0x1c>
10003bac:	0029      	movs	r1, r5
10003bae:	c904      	ldmia	r1!, {r2}
10003bb0:	0020      	movs	r0, r4
10003bb2:	f7ff ffb3 	bl	10003b1c <stdio_out_chars_crlf>
10003bb6:	6924      	ldr	r4, [r4, #16]
10003bb8:	2c00      	cmp	r4, #0
10003bba:	d009      	beq.n	10003bd0 <stdio_stack_buffer_flush+0x34>
10003bbc:	6823      	ldr	r3, [r4, #0]
10003bbe:	2b00      	cmp	r3, #0
10003bc0:	d0f9      	beq.n	10003bb6 <stdio_stack_buffer_flush+0x1a>
10003bc2:	4b06      	ldr	r3, [pc, #24]	; (10003bdc <stdio_stack_buffer_flush+0x40>)
10003bc4:	681b      	ldr	r3, [r3, #0]
10003bc6:	2b00      	cmp	r3, #0
10003bc8:	d0f0      	beq.n	10003bac <stdio_stack_buffer_flush+0x10>
10003bca:	42a3      	cmp	r3, r4
10003bcc:	d1f3      	bne.n	10003bb6 <stdio_stack_buffer_flush+0x1a>
10003bce:	e7ed      	b.n	10003bac <stdio_stack_buffer_flush+0x10>
10003bd0:	2300      	movs	r3, #0
10003bd2:	602b      	str	r3, [r5, #0]
10003bd4:	bd70      	pop	{r4, r5, r6, pc}
10003bd6:	46c0      	nop			; (mov r8, r8)
10003bd8:	20000514 	.word	0x20000514
10003bdc:	20000518 	.word	0x20000518

10003be0 <stdio_buffered_printer>:
10003be0:	b570      	push	{r4, r5, r6, lr}
10003be2:	0005      	movs	r5, r0
10003be4:	000c      	movs	r4, r1
10003be6:	680b      	ldr	r3, [r1, #0]
10003be8:	2b80      	cmp	r3, #128	; 0x80
10003bea:	d005      	beq.n	10003bf8 <stdio_buffered_printer+0x18>
10003bec:	6821      	ldr	r1, [r4, #0]
10003bee:	1c4b      	adds	r3, r1, #1
10003bf0:	6023      	str	r3, [r4, #0]
10003bf2:	1864      	adds	r4, r4, r1
10003bf4:	7125      	strb	r5, [r4, #4]
10003bf6:	bd70      	pop	{r4, r5, r6, pc}
10003bf8:	0008      	movs	r0, r1
10003bfa:	f7ff ffcf 	bl	10003b9c <stdio_stack_buffer_flush>
10003bfe:	e7f5      	b.n	10003bec <stdio_buffered_printer+0xc>

10003c00 <stdout_serialize_begin>:
10003c00:	b510      	push	{r4, lr}
10003c02:	f7fd fbc5 	bl	10001390 <time_us_64>
10003c06:	0002      	movs	r2, r0
10003c08:	1e0b      	subs	r3, r1, #0
10003c0a:	db0b      	blt.n	10003c24 <stdout_serialize_begin+0x24>
10003c0c:	480d      	ldr	r0, [pc, #52]	; (10003c44 <stdout_serialize_begin+0x44>)
10003c0e:	2100      	movs	r1, #0
10003c10:	1812      	adds	r2, r2, r0
10003c12:	414b      	adcs	r3, r1
10003c14:	2b00      	cmp	r3, #0
10003c16:	db0b      	blt.n	10003c30 <stdout_serialize_begin+0x30>
10003c18:	2b00      	cmp	r3, #0
10003c1a:	db0d      	blt.n	10003c38 <stdout_serialize_begin+0x38>
10003c1c:	480a      	ldr	r0, [pc, #40]	; (10003c48 <stdout_serialize_begin+0x48>)
10003c1e:	f000 fa33 	bl	10004088 <__mutex_try_enter_block_until_veneer>
10003c22:	bd10      	pop	{r4, pc}
10003c24:	4b09      	ldr	r3, [pc, #36]	; (10003c4c <stdout_serialize_begin+0x4c>)
10003c26:	4a0a      	ldr	r2, [pc, #40]	; (10003c50 <stdout_serialize_begin+0x50>)
10003c28:	213f      	movs	r1, #63	; 0x3f
10003c2a:	480a      	ldr	r0, [pc, #40]	; (10003c54 <stdout_serialize_begin+0x54>)
10003c2c:	f7fe f97a 	bl	10001f24 <__assert_func>
10003c30:	2201      	movs	r2, #1
10003c32:	4252      	negs	r2, r2
10003c34:	4b08      	ldr	r3, [pc, #32]	; (10003c58 <stdout_serialize_begin+0x58>)
10003c36:	e7ef      	b.n	10003c18 <stdout_serialize_begin+0x18>
10003c38:	4b04      	ldr	r3, [pc, #16]	; (10003c4c <stdout_serialize_begin+0x4c>)
10003c3a:	4a05      	ldr	r2, [pc, #20]	; (10003c50 <stdout_serialize_begin+0x50>)
10003c3c:	213f      	movs	r1, #63	; 0x3f
10003c3e:	4805      	ldr	r0, [pc, #20]	; (10003c54 <stdout_serialize_begin+0x54>)
10003c40:	f7fe f970 	bl	10001f24 <__assert_func>
10003c44:	000f4240 	.word	0x000f4240
10003c48:	20000358 	.word	0x20000358
10003c4c:	10004428 	.word	0x10004428
10003c50:	10005164 	.word	0x10005164
10003c54:	10004444 	.word	0x10004444
10003c58:	7fffffff 	.word	0x7fffffff

10003c5c <stdout_serialize_end>:
10003c5c:	b510      	push	{r4, lr}
10003c5e:	4802      	ldr	r0, [pc, #8]	; (10003c68 <stdout_serialize_end+0xc>)
10003c60:	f000 f9fa 	bl	10004058 <__mutex_exit_veneer>
10003c64:	bd10      	pop	{r4, pc}
10003c66:	46c0      	nop			; (mov r8, r8)
10003c68:	20000358 	.word	0x20000358

10003c6c <stdio_put_string>:
10003c6c:	b5f0      	push	{r4, r5, r6, r7, lr}
10003c6e:	46ce      	mov	lr, r9
10003c70:	4647      	mov	r7, r8
10003c72:	b580      	push	{r7, lr}
10003c74:	b083      	sub	sp, #12
10003c76:	0006      	movs	r6, r0
10003c78:	000d      	movs	r5, r1
10003c7a:	4690      	mov	r8, r2
10003c7c:	001c      	movs	r4, r3
10003c7e:	f7ff ffbf 	bl	10003c00 <stdout_serialize_begin>
10003c82:	4681      	mov	r9, r0
10003c84:	1c6b      	adds	r3, r5, #1
10003c86:	d005      	beq.n	10003c94 <stdio_put_string+0x28>
10003c88:	2c00      	cmp	r4, #0
10003c8a:	d008      	beq.n	10003c9e <stdio_put_string+0x32>
10003c8c:	4f19      	ldr	r7, [pc, #100]	; (10003cf4 <stdio_put_string+0x88>)
10003c8e:	4b1a      	ldr	r3, [pc, #104]	; (10003cf8 <stdio_put_string+0x8c>)
10003c90:	681c      	ldr	r4, [r3, #0]
10003c92:	e007      	b.n	10003ca4 <stdio_put_string+0x38>
10003c94:	0030      	movs	r0, r6
10003c96:	f000 f9a7 	bl	10003fe8 <strlen>
10003c9a:	0005      	movs	r5, r0
10003c9c:	e7f4      	b.n	10003c88 <stdio_put_string+0x1c>
10003c9e:	4f17      	ldr	r7, [pc, #92]	; (10003cfc <stdio_put_string+0x90>)
10003ca0:	e7f5      	b.n	10003c8e <stdio_put_string+0x22>
10003ca2:	6924      	ldr	r4, [r4, #16]
10003ca4:	2c00      	cmp	r4, #0
10003ca6:	d017      	beq.n	10003cd8 <stdio_put_string+0x6c>
10003ca8:	6823      	ldr	r3, [r4, #0]
10003caa:	2b00      	cmp	r3, #0
10003cac:	d0f9      	beq.n	10003ca2 <stdio_put_string+0x36>
10003cae:	4b14      	ldr	r3, [pc, #80]	; (10003d00 <stdio_put_string+0x94>)
10003cb0:	681b      	ldr	r3, [r3, #0]
10003cb2:	2b00      	cmp	r3, #0
10003cb4:	d001      	beq.n	10003cba <stdio_put_string+0x4e>
10003cb6:	42a3      	cmp	r3, r4
10003cb8:	d1f3      	bne.n	10003ca2 <stdio_put_string+0x36>
10003cba:	002a      	movs	r2, r5
10003cbc:	0031      	movs	r1, r6
10003cbe:	0020      	movs	r0, r4
10003cc0:	47b8      	blx	r7
10003cc2:	4643      	mov	r3, r8
10003cc4:	2b00      	cmp	r3, #0
10003cc6:	d0ec      	beq.n	10003ca2 <stdio_put_string+0x36>
10003cc8:	466b      	mov	r3, sp
10003cca:	1dd9      	adds	r1, r3, #7
10003ccc:	230a      	movs	r3, #10
10003cce:	700b      	strb	r3, [r1, #0]
10003cd0:	2201      	movs	r2, #1
10003cd2:	0020      	movs	r0, r4
10003cd4:	47b8      	blx	r7
10003cd6:	e7e4      	b.n	10003ca2 <stdio_put_string+0x36>
10003cd8:	464b      	mov	r3, r9
10003cda:	2b00      	cmp	r3, #0
10003cdc:	d107      	bne.n	10003cee <stdio_put_string+0x82>
10003cde:	1e6b      	subs	r3, r5, #1
10003ce0:	419d      	sbcs	r5, r3
10003ce2:	b2e8      	uxtb	r0, r5
10003ce4:	b003      	add	sp, #12
10003ce6:	bcc0      	pop	{r6, r7}
10003ce8:	46b9      	mov	r9, r7
10003cea:	46b0      	mov	r8, r6
10003cec:	bdf0      	pop	{r4, r5, r6, r7, pc}
10003cee:	f7ff ffb5 	bl	10003c5c <stdout_serialize_end>
10003cf2:	e7f4      	b.n	10003cde <stdio_put_string+0x72>
10003cf4:	10003b0d 	.word	0x10003b0d
10003cf8:	20000514 	.word	0x20000514
10003cfc:	10003b1d 	.word	0x10003b1d
10003d00:	20000518 	.word	0x20000518

10003d04 <stdio_set_driver_enabled>:
10003d04:	4a09      	ldr	r2, [pc, #36]	; (10003d2c <stdio_set_driver_enabled+0x28>)
10003d06:	e001      	b.n	10003d0c <stdio_set_driver_enabled+0x8>
10003d08:	3310      	adds	r3, #16
10003d0a:	001a      	movs	r2, r3
10003d0c:	6813      	ldr	r3, [r2, #0]
10003d0e:	2b00      	cmp	r3, #0
10003d10:	d008      	beq.n	10003d24 <stdio_set_driver_enabled+0x20>
10003d12:	4283      	cmp	r3, r0
10003d14:	d1f8      	bne.n	10003d08 <stdio_set_driver_enabled+0x4>
10003d16:	2900      	cmp	r1, #0
10003d18:	d107      	bne.n	10003d2a <stdio_set_driver_enabled+0x26>
10003d1a:	6903      	ldr	r3, [r0, #16]
10003d1c:	6013      	str	r3, [r2, #0]
10003d1e:	2300      	movs	r3, #0
10003d20:	6103      	str	r3, [r0, #16]
10003d22:	e002      	b.n	10003d2a <stdio_set_driver_enabled+0x26>
10003d24:	2900      	cmp	r1, #0
10003d26:	d000      	beq.n	10003d2a <stdio_set_driver_enabled+0x26>
10003d28:	6010      	str	r0, [r2, #0]
10003d2a:	4770      	bx	lr
10003d2c:	20000514 	.word	0x20000514

10003d30 <stdio_flush>:
10003d30:	b510      	push	{r4, lr}
10003d32:	4b06      	ldr	r3, [pc, #24]	; (10003d4c <stdio_flush+0x1c>)
10003d34:	681c      	ldr	r4, [r3, #0]
10003d36:	e001      	b.n	10003d3c <stdio_flush+0xc>
10003d38:	4798      	blx	r3
10003d3a:	6924      	ldr	r4, [r4, #16]
10003d3c:	2c00      	cmp	r4, #0
10003d3e:	d003      	beq.n	10003d48 <stdio_flush+0x18>
10003d40:	6863      	ldr	r3, [r4, #4]
10003d42:	2b00      	cmp	r3, #0
10003d44:	d1f8      	bne.n	10003d38 <stdio_flush+0x8>
10003d46:	e7f8      	b.n	10003d3a <stdio_flush+0xa>
10003d48:	bd10      	pop	{r4, pc}
10003d4a:	46c0      	nop			; (mov r8, r8)
10003d4c:	20000514 	.word	0x20000514

10003d50 <__wrap_puts>:
10003d50:	b570      	push	{r4, r5, r6, lr}
10003d52:	0005      	movs	r5, r0
10003d54:	f000 f948 	bl	10003fe8 <strlen>
10003d58:	0004      	movs	r4, r0
10003d5a:	2300      	movs	r3, #0
10003d5c:	2201      	movs	r2, #1
10003d5e:	0001      	movs	r1, r0
10003d60:	0028      	movs	r0, r5
10003d62:	f7ff ff83 	bl	10003c6c <stdio_put_string>
10003d66:	f7ff ffe3 	bl	10003d30 <stdio_flush>
10003d6a:	0020      	movs	r0, r4
10003d6c:	bd70      	pop	{r4, r5, r6, pc}
	...

10003d70 <__wrap_vprintf>:
10003d70:	b570      	push	{r4, r5, r6, lr}
10003d72:	b0a2      	sub	sp, #136	; 0x88
10003d74:	0004      	movs	r4, r0
10003d76:	000e      	movs	r6, r1
10003d78:	f7ff ff42 	bl	10003c00 <stdout_serialize_begin>
10003d7c:	0005      	movs	r5, r0
10003d7e:	2300      	movs	r3, #0
10003d80:	9301      	str	r3, [sp, #4]
10003d82:	0033      	movs	r3, r6
10003d84:	0022      	movs	r2, r4
10003d86:	a901      	add	r1, sp, #4
10003d88:	4808      	ldr	r0, [pc, #32]	; (10003dac <__wrap_vprintf+0x3c>)
10003d8a:	f7ff fa0d 	bl	100031a8 <vfctprintf>
10003d8e:	0004      	movs	r4, r0
10003d90:	a801      	add	r0, sp, #4
10003d92:	f7ff ff03 	bl	10003b9c <stdio_stack_buffer_flush>
10003d96:	f7ff ffcb 	bl	10003d30 <stdio_flush>
10003d9a:	2d00      	cmp	r5, #0
10003d9c:	d102      	bne.n	10003da4 <__wrap_vprintf+0x34>
10003d9e:	0020      	movs	r0, r4
10003da0:	b022      	add	sp, #136	; 0x88
10003da2:	bd70      	pop	{r4, r5, r6, pc}
10003da4:	f7ff ff5a 	bl	10003c5c <stdout_serialize_end>
10003da8:	e7f9      	b.n	10003d9e <__wrap_vprintf+0x2e>
10003daa:	46c0      	nop			; (mov r8, r8)
10003dac:	10003be1 	.word	0x10003be1

10003db0 <__wrap_printf>:
10003db0:	b40f      	push	{r0, r1, r2, r3}
10003db2:	b500      	push	{lr}
10003db4:	b083      	sub	sp, #12
10003db6:	a904      	add	r1, sp, #16
10003db8:	c901      	ldmia	r1!, {r0}
10003dba:	9101      	str	r1, [sp, #4]
10003dbc:	f7ff ffd8 	bl	10003d70 <__wrap_vprintf>
10003dc0:	b003      	add	sp, #12
10003dc2:	bc08      	pop	{r3}
10003dc4:	b004      	add	sp, #16
10003dc6:	4718      	bx	r3

10003dc8 <stdio_init_all>:
10003dc8:	b510      	push	{r4, lr}
10003dca:	f000 f8f9 	bl	10003fc0 <stdio_uart_init>
10003dce:	2001      	movs	r0, #1
10003dd0:	bd10      	pop	{r4, pc}
	...

10003dd4 <stdio_uart_out_chars>:
10003dd4:	b5f0      	push	{r4, r5, r6, r7, lr}
10003dd6:	b083      	sub	sp, #12
10003dd8:	0005      	movs	r5, r0
10003dda:	000e      	movs	r6, r1
10003ddc:	2400      	movs	r4, #0
10003dde:	e00f      	b.n	10003e00 <stdio_uart_out_chars+0x2c>
10003de0:	466b      	mov	r3, sp
10003de2:	1dd9      	adds	r1, r3, #7
10003de4:	230d      	movs	r3, #13
10003de6:	700b      	strb	r3, [r1, #0]
10003de8:	2000      	movs	r0, #0
10003dea:	2800      	cmp	r0, #0
10003dec:	d116      	bne.n	10003e1c <stdio_uart_out_chars+0x48>
10003dee:	6993      	ldr	r3, [r2, #24]
10003df0:	069b      	lsls	r3, r3, #26
10003df2:	d4fc      	bmi.n	10003dee <stdio_uart_out_chars+0x1a>
10003df4:	780b      	ldrb	r3, [r1, #0]
10003df6:	6013      	str	r3, [r2, #0]
10003df8:	3001      	adds	r0, #1
10003dfa:	3101      	adds	r1, #1
10003dfc:	e7f5      	b.n	10003dea <stdio_uart_out_chars+0x16>
10003dfe:	3401      	adds	r4, #1
10003e00:	42b4      	cmp	r4, r6
10003e02:	da19      	bge.n	10003e38 <stdio_uart_out_chars+0x64>
10003e04:	4b0d      	ldr	r3, [pc, #52]	; (10003e3c <stdio_uart_out_chars+0x68>)
10003e06:	681a      	ldr	r2, [r3, #0]
10003e08:	5d2f      	ldrb	r7, [r5, r4]
10003e0a:	4b0d      	ldr	r3, [pc, #52]	; (10003e40 <stdio_uart_out_chars+0x6c>)
10003e0c:	18d3      	adds	r3, r2, r3
10003e0e:	4259      	negs	r1, r3
10003e10:	414b      	adcs	r3, r1
10003e12:	005b      	lsls	r3, r3, #1
10003e14:	490b      	ldr	r1, [pc, #44]	; (10003e44 <stdio_uart_out_chars+0x70>)
10003e16:	5e5b      	ldrsh	r3, [r3, r1]
10003e18:	42bb      	cmp	r3, r7
10003e1a:	d0e1      	beq.n	10003de0 <stdio_uart_out_chars+0xc>
10003e1c:	466b      	mov	r3, sp
10003e1e:	1dd9      	adds	r1, r3, #7
10003e20:	700f      	strb	r7, [r1, #0]
10003e22:	2000      	movs	r0, #0
10003e24:	2800      	cmp	r0, #0
10003e26:	d1ea      	bne.n	10003dfe <stdio_uart_out_chars+0x2a>
10003e28:	6993      	ldr	r3, [r2, #24]
10003e2a:	069b      	lsls	r3, r3, #26
10003e2c:	d4fc      	bmi.n	10003e28 <stdio_uart_out_chars+0x54>
10003e2e:	780b      	ldrb	r3, [r1, #0]
10003e30:	6013      	str	r3, [r2, #0]
10003e32:	3001      	adds	r0, #1
10003e34:	3101      	adds	r1, #1
10003e36:	e7f5      	b.n	10003e24 <stdio_uart_out_chars+0x50>
10003e38:	b003      	add	sp, #12
10003e3a:	bdf0      	pop	{r4, r5, r6, r7, pc}
10003e3c:	20004748 	.word	0x20004748
10003e40:	bffc8000 	.word	0xbffc8000
10003e44:	20004744 	.word	0x20004744

10003e48 <stdio_uart_in_chars>:
10003e48:	b5f0      	push	{r4, r5, r6, r7, lr}
10003e4a:	b083      	sub	sp, #12
10003e4c:	0006      	movs	r6, r0
10003e4e:	000f      	movs	r7, r1
10003e50:	2500      	movs	r5, #0
10003e52:	e004      	b.n	10003e5e <stdio_uart_in_chars+0x16>
10003e54:	466b      	mov	r3, sp
10003e56:	3307      	adds	r3, #7
10003e58:	781b      	ldrb	r3, [r3, #0]
10003e5a:	702b      	strb	r3, [r5, #0]
10003e5c:	0025      	movs	r5, r4
10003e5e:	42bd      	cmp	r5, r7
10003e60:	da15      	bge.n	10003e8e <stdio_uart_in_chars+0x46>
10003e62:	4b17      	ldr	r3, [pc, #92]	; (10003ec0 <stdio_uart_in_chars+0x78>)
10003e64:	681a      	ldr	r2, [r3, #0]
10003e66:	6993      	ldr	r3, [r2, #24]
10003e68:	2410      	movs	r4, #16
10003e6a:	0021      	movs	r1, r4
10003e6c:	4019      	ands	r1, r3
10003e6e:	421c      	tst	r4, r3
10003e70:	d10d      	bne.n	10003e8e <stdio_uart_in_chars+0x46>
10003e72:	1c6c      	adds	r4, r5, #1
10003e74:	1975      	adds	r5, r6, r5
10003e76:	466b      	mov	r3, sp
10003e78:	1dd8      	adds	r0, r3, #7
10003e7a:	2900      	cmp	r1, #0
10003e7c:	d1ea      	bne.n	10003e54 <stdio_uart_in_chars+0xc>
10003e7e:	6993      	ldr	r3, [r2, #24]
10003e80:	06db      	lsls	r3, r3, #27
10003e82:	d4fc      	bmi.n	10003e7e <stdio_uart_in_chars+0x36>
10003e84:	6813      	ldr	r3, [r2, #0]
10003e86:	7003      	strb	r3, [r0, #0]
10003e88:	3101      	adds	r1, #1
10003e8a:	3001      	adds	r0, #1
10003e8c:	e7f5      	b.n	10003e7a <stdio_uart_in_chars+0x32>
10003e8e:	4b0d      	ldr	r3, [pc, #52]	; (10003ec4 <stdio_uart_in_chars+0x7c>)
10003e90:	681b      	ldr	r3, [r3, #0]
10003e92:	2b00      	cmp	r3, #0
10003e94:	d00c      	beq.n	10003eb0 <stdio_uart_in_chars+0x68>
10003e96:	4b0a      	ldr	r3, [pc, #40]	; (10003ec0 <stdio_uart_in_chars+0x78>)
10003e98:	681a      	ldr	r2, [r3, #0]
10003e9a:	2350      	movs	r3, #80	; 0x50
10003e9c:	6393      	str	r3, [r2, #56]	; 0x38
10003e9e:	0011      	movs	r1, r2
10003ea0:	3134      	adds	r1, #52	; 0x34
10003ea2:	6b53      	ldr	r3, [r2, #52]	; 0x34
10003ea4:	2238      	movs	r2, #56	; 0x38
10003ea6:	401a      	ands	r2, r3
10003ea8:	2380      	movs	r3, #128	; 0x80
10003eaa:	015b      	lsls	r3, r3, #5
10003eac:	430b      	orrs	r3, r1
10003eae:	601a      	str	r2, [r3, #0]
10003eb0:	2d00      	cmp	r5, #0
10003eb2:	d002      	beq.n	10003eba <stdio_uart_in_chars+0x72>
10003eb4:	0028      	movs	r0, r5
10003eb6:	b003      	add	sp, #12
10003eb8:	bdf0      	pop	{r4, r5, r6, r7, pc}
10003eba:	3d03      	subs	r5, #3
10003ebc:	e7fa      	b.n	10003eb4 <stdio_uart_in_chars+0x6c>
10003ebe:	46c0      	nop			; (mov r8, r8)
10003ec0:	20004748 	.word	0x20004748
10003ec4:	200004a4 	.word	0x200004a4

10003ec8 <on_uart_rx>:
10003ec8:	b510      	push	{r4, lr}
10003eca:	4b06      	ldr	r3, [pc, #24]	; (10003ee4 <on_uart_rx+0x1c>)
10003ecc:	681b      	ldr	r3, [r3, #0]
10003ece:	2b00      	cmp	r3, #0
10003ed0:	d006      	beq.n	10003ee0 <on_uart_rx+0x18>
10003ed2:	4a05      	ldr	r2, [pc, #20]	; (10003ee8 <on_uart_rx+0x20>)
10003ed4:	6812      	ldr	r2, [r2, #0]
10003ed6:	2100      	movs	r1, #0
10003ed8:	6391      	str	r1, [r2, #56]	; 0x38
10003eda:	4a04      	ldr	r2, [pc, #16]	; (10003eec <on_uart_rx+0x24>)
10003edc:	6810      	ldr	r0, [r2, #0]
10003ede:	4798      	blx	r3
10003ee0:	bd10      	pop	{r4, pc}
10003ee2:	46c0      	nop			; (mov r8, r8)
10003ee4:	200004a4 	.word	0x200004a4
10003ee8:	20004748 	.word	0x20004748
10003eec:	200004a8 	.word	0x200004a8

10003ef0 <stdio_uart_set_chars_available_callback>:
10003ef0:	b570      	push	{r4, r5, r6, lr}
10003ef2:	0004      	movs	r4, r0
10003ef4:	000e      	movs	r6, r1
10003ef6:	4b1c      	ldr	r3, [pc, #112]	; (10003f68 <stdio_uart_set_chars_available_callback+0x78>)
10003ef8:	681b      	ldr	r3, [r3, #0]
10003efa:	4a1c      	ldr	r2, [pc, #112]	; (10003f6c <stdio_uart_set_chars_available_callback+0x7c>)
10003efc:	1898      	adds	r0, r3, r2
10003efe:	4242      	negs	r2, r0
10003f00:	4150      	adcs	r0, r2
10003f02:	3014      	adds	r0, #20
10003f04:	0005      	movs	r5, r0
10003f06:	2c00      	cmp	r4, #0
10003f08:	d003      	beq.n	10003f12 <stdio_uart_set_chars_available_callback+0x22>
10003f0a:	4a19      	ldr	r2, [pc, #100]	; (10003f70 <stdio_uart_set_chars_available_callback+0x80>)
10003f0c:	6812      	ldr	r2, [r2, #0]
10003f0e:	2a00      	cmp	r2, #0
10003f10:	d006      	beq.n	10003f20 <stdio_uart_set_chars_available_callback+0x30>
10003f12:	2c00      	cmp	r4, #0
10003f14:	d019      	beq.n	10003f4a <stdio_uart_set_chars_available_callback+0x5a>
10003f16:	4b16      	ldr	r3, [pc, #88]	; (10003f70 <stdio_uart_set_chars_available_callback+0x80>)
10003f18:	601c      	str	r4, [r3, #0]
10003f1a:	4b16      	ldr	r3, [pc, #88]	; (10003f74 <stdio_uart_set_chars_available_callback+0x84>)
10003f1c:	601e      	str	r6, [r3, #0]
10003f1e:	bd70      	pop	{r4, r5, r6, pc}
10003f20:	4915      	ldr	r1, [pc, #84]	; (10003f78 <stdio_uart_set_chars_available_callback+0x88>)
10003f22:	f7fc fb3b 	bl	1000059c <irq_set_exclusive_handler>
10003f26:	2101      	movs	r1, #1
10003f28:	0028      	movs	r0, r5
10003f2a:	f7fc fb27 	bl	1000057c <irq_set_enabled>
10003f2e:	4b0e      	ldr	r3, [pc, #56]	; (10003f68 <stdio_uart_set_chars_available_callback+0x78>)
10003f30:	681a      	ldr	r2, [r3, #0]
10003f32:	2350      	movs	r3, #80	; 0x50
10003f34:	6393      	str	r3, [r2, #56]	; 0x38
10003f36:	0011      	movs	r1, r2
10003f38:	3134      	adds	r1, #52	; 0x34
10003f3a:	6b53      	ldr	r3, [r2, #52]	; 0x34
10003f3c:	2238      	movs	r2, #56	; 0x38
10003f3e:	401a      	ands	r2, r3
10003f40:	2380      	movs	r3, #128	; 0x80
10003f42:	015b      	lsls	r3, r3, #5
10003f44:	430b      	orrs	r3, r1
10003f46:	601a      	str	r2, [r3, #0]
10003f48:	e7e5      	b.n	10003f16 <stdio_uart_set_chars_available_callback+0x26>
10003f4a:	4a09      	ldr	r2, [pc, #36]	; (10003f70 <stdio_uart_set_chars_available_callback+0x80>)
10003f4c:	6812      	ldr	r2, [r2, #0]
10003f4e:	2a00      	cmp	r2, #0
10003f50:	d0e1      	beq.n	10003f16 <stdio_uart_set_chars_available_callback+0x26>
10003f52:	2200      	movs	r2, #0
10003f54:	639a      	str	r2, [r3, #56]	; 0x38
10003f56:	2100      	movs	r1, #0
10003f58:	0028      	movs	r0, r5
10003f5a:	f7fc fb0f 	bl	1000057c <irq_set_enabled>
10003f5e:	4906      	ldr	r1, [pc, #24]	; (10003f78 <stdio_uart_set_chars_available_callback+0x88>)
10003f60:	0028      	movs	r0, r5
10003f62:	f7fc fb45 	bl	100005f0 <irq_remove_handler>
10003f66:	e7d6      	b.n	10003f16 <stdio_uart_set_chars_available_callback+0x26>
10003f68:	20004748 	.word	0x20004748
10003f6c:	bffc8000 	.word	0xbffc8000
10003f70:	200004a4 	.word	0x200004a4
10003f74:	200004a8 	.word	0x200004a8
10003f78:	10003ec9 	.word	0x10003ec9

10003f7c <stdio_uart_init_full>:
10003f7c:	b570      	push	{r4, r5, r6, lr}
10003f7e:	000d      	movs	r5, r1
10003f80:	001c      	movs	r4, r3
10003f82:	4b0d      	ldr	r3, [pc, #52]	; (10003fb8 <stdio_uart_init_full+0x3c>)
10003f84:	6018      	str	r0, [r3, #0]
10003f86:	2a00      	cmp	r2, #0
10003f88:	da0b      	bge.n	10003fa2 <stdio_uart_init_full+0x26>
10003f8a:	2c00      	cmp	r4, #0
10003f8c:	da0e      	bge.n	10003fac <stdio_uart_init_full+0x30>
10003f8e:	4b0a      	ldr	r3, [pc, #40]	; (10003fb8 <stdio_uart_init_full+0x3c>)
10003f90:	6818      	ldr	r0, [r3, #0]
10003f92:	0029      	movs	r1, r5
10003f94:	f7fd fdca 	bl	10001b2c <uart_init>
10003f98:	2101      	movs	r1, #1
10003f9a:	4808      	ldr	r0, [pc, #32]	; (10003fbc <stdio_uart_init_full+0x40>)
10003f9c:	f7ff feb2 	bl	10003d04 <stdio_set_driver_enabled>
10003fa0:	bd70      	pop	{r4, r5, r6, pc}
10003fa2:	2102      	movs	r1, #2
10003fa4:	0010      	movs	r0, r2
10003fa6:	f7fc fa05 	bl	100003b4 <gpio_set_function>
10003faa:	e7ee      	b.n	10003f8a <stdio_uart_init_full+0xe>
10003fac:	2102      	movs	r1, #2
10003fae:	0020      	movs	r0, r4
10003fb0:	f7fc fa00 	bl	100003b4 <gpio_set_function>
10003fb4:	e7eb      	b.n	10003f8e <stdio_uart_init_full+0x12>
10003fb6:	46c0      	nop			; (mov r8, r8)
10003fb8:	20004748 	.word	0x20004748
10003fbc:	20000340 	.word	0x20000340

10003fc0 <stdio_uart_init>:
10003fc0:	b510      	push	{r4, lr}
10003fc2:	4b06      	ldr	r3, [pc, #24]	; (10003fdc <stdio_uart_init+0x1c>)
10003fc4:	781b      	ldrb	r3, [r3, #0]
10003fc6:	4b06      	ldr	r3, [pc, #24]	; (10003fe0 <stdio_uart_init+0x20>)
10003fc8:	781b      	ldrb	r3, [r3, #0]
10003fca:	21e1      	movs	r1, #225	; 0xe1
10003fcc:	2301      	movs	r3, #1
10003fce:	2200      	movs	r2, #0
10003fd0:	0249      	lsls	r1, r1, #9
10003fd2:	4804      	ldr	r0, [pc, #16]	; (10003fe4 <stdio_uart_init+0x24>)
10003fd4:	f7ff ffd2 	bl	10003f7c <stdio_uart_init_full>
10003fd8:	bd10      	pop	{r4, pc}
10003fda:	46c0      	nop			; (mov r8, r8)
10003fdc:	100051e0 	.word	0x100051e0
10003fe0:	100051e4 	.word	0x100051e4
10003fe4:	40034000 	.word	0x40034000

10003fe8 <strlen>:
10003fe8:	b510      	push	{r4, lr}
10003fea:	0783      	lsls	r3, r0, #30
10003fec:	d00a      	beq.n	10004004 <strlen+0x1c>
10003fee:	0003      	movs	r3, r0
10003ff0:	2103      	movs	r1, #3
10003ff2:	e002      	b.n	10003ffa <strlen+0x12>
10003ff4:	3301      	adds	r3, #1
10003ff6:	420b      	tst	r3, r1
10003ff8:	d005      	beq.n	10004006 <strlen+0x1e>
10003ffa:	781a      	ldrb	r2, [r3, #0]
10003ffc:	2a00      	cmp	r2, #0
10003ffe:	d1f9      	bne.n	10003ff4 <strlen+0xc>
10004000:	1a18      	subs	r0, r3, r0
10004002:	bd10      	pop	{r4, pc}
10004004:	0003      	movs	r3, r0
10004006:	6819      	ldr	r1, [r3, #0]
10004008:	4a0c      	ldr	r2, [pc, #48]	; (1000403c <strlen+0x54>)
1000400a:	4c0d      	ldr	r4, [pc, #52]	; (10004040 <strlen+0x58>)
1000400c:	188a      	adds	r2, r1, r2
1000400e:	438a      	bics	r2, r1
10004010:	4222      	tst	r2, r4
10004012:	d10f      	bne.n	10004034 <strlen+0x4c>
10004014:	6859      	ldr	r1, [r3, #4]
10004016:	4a09      	ldr	r2, [pc, #36]	; (1000403c <strlen+0x54>)
10004018:	3304      	adds	r3, #4
1000401a:	188a      	adds	r2, r1, r2
1000401c:	438a      	bics	r2, r1
1000401e:	4222      	tst	r2, r4
10004020:	d108      	bne.n	10004034 <strlen+0x4c>
10004022:	6859      	ldr	r1, [r3, #4]
10004024:	4a05      	ldr	r2, [pc, #20]	; (1000403c <strlen+0x54>)
10004026:	3304      	adds	r3, #4
10004028:	188a      	adds	r2, r1, r2
1000402a:	438a      	bics	r2, r1
1000402c:	4222      	tst	r2, r4
1000402e:	d0f1      	beq.n	10004014 <strlen+0x2c>
10004030:	e000      	b.n	10004034 <strlen+0x4c>
10004032:	3301      	adds	r3, #1
10004034:	781a      	ldrb	r2, [r3, #0]
10004036:	2a00      	cmp	r2, #0
10004038:	d1fb      	bne.n	10004032 <strlen+0x4a>
1000403a:	e7e1      	b.n	10004000 <strlen+0x18>
1000403c:	fefefeff 	.word	0xfefefeff
10004040:	80808080 	.word	0x80808080

10004044 <_fini>:
10004044:	b5f8      	push	{r3, r4, r5, r6, r7, lr}
10004046:	46c0      	nop			; (mov r8, r8)

10004048 <__flash_bulk_read_veneer>:
10004048:	b401      	push	{r0}
1000404a:	4802      	ldr	r0, [pc, #8]	; (10004054 <__flash_bulk_read_veneer+0xc>)
1000404c:	4684      	mov	ip, r0
1000404e:	bc01      	pop	{r0}
10004050:	4760      	bx	ip
10004052:	bf00      	nop
10004054:	200000c1 	.word	0x200000c1

10004058 <__mutex_exit_veneer>:
10004058:	b401      	push	{r0}
1000405a:	4802      	ldr	r0, [pc, #8]	; (10004064 <__mutex_exit_veneer+0xc>)
1000405c:	4684      	mov	ip, r0
1000405e:	bc01      	pop	{r0}
10004060:	4760      	bx	ip
10004062:	bf00      	nop
10004064:	2000022d 	.word	0x2000022d

10004068 <____aeabi_ldiv0_veneer>:
10004068:	b401      	push	{r0}
1000406a:	4802      	ldr	r0, [pc, #8]	; (10004074 <____aeabi_ldiv0_veneer+0xc>)
1000406c:	4684      	mov	ip, r0
1000406e:	bc01      	pop	{r0}
10004070:	4760      	bx	ip
10004072:	bf00      	nop
10004074:	20000279 	.word	0x20000279

10004078 <____aeabi_idiv0_veneer>:
10004078:	b401      	push	{r0}
1000407a:	4802      	ldr	r0, [pc, #8]	; (10004084 <____aeabi_idiv0_veneer+0xc>)
1000407c:	4684      	mov	ip, r0
1000407e:	bc01      	pop	{r0}
10004080:	4760      	bx	ip
10004082:	bf00      	nop
10004084:	20000279 	.word	0x20000279

10004088 <__mutex_try_enter_block_until_veneer>:
10004088:	b401      	push	{r0}
1000408a:	4802      	ldr	r0, [pc, #8]	; (10004094 <__mutex_try_enter_block_until_veneer+0xc>)
1000408c:	4684      	mov	ip, r0
1000408e:	bc01      	pop	{r0}
10004090:	4760      	bx	ip
10004092:	bf00      	nop
10004094:	200001f9 	.word	0x200001f9

Disassembly of section .data:

200000c0 <flash_bulk_read>:
200000c0:	b5f0      	push	{r4, r5, r6, r7, lr}
200000c2:	25c0      	movs	r5, #192	; 0xc0
200000c4:	056d      	lsls	r5, r5, #21
200000c6:	2400      	movs	r4, #0
200000c8:	60ac      	str	r4, [r5, #8]
200000ca:	1e54      	subs	r4, r2, #1
200000cc:	606c      	str	r4, [r5, #4]
200000ce:	2403      	movs	r4, #3
200000d0:	64ec      	str	r4, [r5, #76]	; 0x4c
200000d2:	3c02      	subs	r4, #2
200000d4:	60ac      	str	r4, [r5, #8]
200000d6:	019c      	lsls	r4, r3, #6
200000d8:	26a0      	movs	r6, #160	; 0xa0
200000da:	05f6      	lsls	r6, r6, #23
200000dc:	4f0f      	ldr	r7, [pc, #60]	; (2000011c <flash_bulk_read+0x5c>)
200000de:	51a7      	str	r7, [r4, r6]
200000e0:	46b4      	mov	ip, r6
200000e2:	4464      	add	r4, ip
200000e4:	6060      	str	r0, [r4, #4]
200000e6:	60a2      	str	r2, [r4, #8]
200000e8:	02d8      	lsls	r0, r3, #11
200000ea:	4a0d      	ldr	r2, [pc, #52]	; (20000120 <flash_bulk_read+0x60>)
200000ec:	4302      	orrs	r2, r0
200000ee:	60e2      	str	r2, [r4, #12]
200000f0:	0209      	lsls	r1, r1, #8
200000f2:	22a0      	movs	r2, #160	; 0xa0
200000f4:	4311      	orrs	r1, r2
200000f6:	6629      	str	r1, [r5, #96]	; 0x60
200000f8:	019a      	lsls	r2, r3, #6
200000fa:	21a0      	movs	r1, #160	; 0xa0
200000fc:	05c9      	lsls	r1, r1, #23
200000fe:	468c      	mov	ip, r1
20000100:	4462      	add	r2, ip
20000102:	68d2      	ldr	r2, [r2, #12]
20000104:	01d2      	lsls	r2, r2, #7
20000106:	d4f7      	bmi.n	200000f8 <flash_bulk_read+0x38>
20000108:	23c0      	movs	r3, #192	; 0xc0
2000010a:	055b      	lsls	r3, r3, #21
2000010c:	2200      	movs	r2, #0
2000010e:	609a      	str	r2, [r3, #8]
20000110:	605a      	str	r2, [r3, #4]
20000112:	64da      	str	r2, [r3, #76]	; 0x4c
20000114:	3201      	adds	r2, #1
20000116:	609a      	str	r2, [r3, #8]
20000118:	bdf0      	pop	{r4, r5, r6, r7, pc}
2000011a:	46c0      	nop			; (mov r8, r8)
2000011c:	18000060 	.word	0x18000060
20000120:	00538029 	.word	0x00538029

20000124 <mutex_try_enter>:
20000124:	0003      	movs	r3, r0
20000126:	6800      	ldr	r0, [r0, #0]
20000128:	f3ef 8c10 	mrs	ip, PRIMASK
2000012c:	b672      	cpsid	i
2000012e:	6802      	ldr	r2, [r0, #0]
20000130:	2a00      	cmp	r2, #0
20000132:	d0fc      	beq.n	2000012e <mutex_try_enter+0xa>
20000134:	f3bf 8f5f 	dmb	sy
20000138:	2204      	movs	r2, #4
2000013a:	569a      	ldrsb	r2, [r3, r2]
2000013c:	2a00      	cmp	r2, #0
2000013e:	db0b      	blt.n	20000158 <mutex_try_enter+0x34>
20000140:	2900      	cmp	r1, #0
20000142:	d010      	beq.n	20000166 <mutex_try_enter+0x42>
20000144:	600a      	str	r2, [r1, #0]
20000146:	2000      	movs	r0, #0
20000148:	681b      	ldr	r3, [r3, #0]
2000014a:	f3bf 8f5f 	dmb	sy
2000014e:	2200      	movs	r2, #0
20000150:	601a      	str	r2, [r3, #0]
20000152:	f38c 8810 	msr	PRIMASK, ip
20000156:	4770      	bx	lr
20000158:	22d0      	movs	r2, #208	; 0xd0
2000015a:	0612      	lsls	r2, r2, #24
2000015c:	7812      	ldrb	r2, [r2, #0]
2000015e:	b252      	sxtb	r2, r2
20000160:	711a      	strb	r2, [r3, #4]
20000162:	2001      	movs	r0, #1
20000164:	e7f0      	b.n	20000148 <mutex_try_enter+0x24>
20000166:	2000      	movs	r0, #0
20000168:	e7ee      	b.n	20000148 <mutex_try_enter+0x24>
	...

2000016c <mutex_enter_block_until>:
2000016c:	b5f8      	push	{r3, r4, r5, r6, r7, lr}
2000016e:	46ce      	mov	lr, r9
20000170:	4647      	mov	r7, r8
20000172:	b580      	push	{r7, lr}
20000174:	0004      	movs	r4, r0
20000176:	0017      	movs	r7, r2
20000178:	4698      	mov	r8, r3
2000017a:	6803      	ldr	r3, [r0, #0]
2000017c:	2b00      	cmp	r3, #0
2000017e:	d020      	beq.n	200001c2 <mutex_enter_block_until+0x56>
20000180:	23d0      	movs	r3, #208	; 0xd0
20000182:	061b      	lsls	r3, r3, #24
20000184:	781b      	ldrb	r3, [r3, #0]
20000186:	b25b      	sxtb	r3, r3
20000188:	4699      	mov	r9, r3
2000018a:	6826      	ldr	r6, [r4, #0]
2000018c:	f3ef 8c10 	mrs	ip, PRIMASK
20000190:	b672      	cpsid	i
20000192:	6835      	ldr	r5, [r6, #0]
20000194:	2d00      	cmp	r5, #0
20000196:	d0fc      	beq.n	20000192 <mutex_enter_block_until+0x26>
20000198:	f3bf 8f5f 	dmb	sy
2000019c:	2504      	movs	r5, #4
2000019e:	5765      	ldrsb	r5, [r4, r5]
200001a0:	2d00      	cmp	r5, #0
200001a2:	db14      	blt.n	200001ce <mutex_enter_block_until+0x62>
200001a4:	6823      	ldr	r3, [r4, #0]
200001a6:	f3bf 8f5f 	dmb	sy
200001aa:	2200      	movs	r2, #0
200001ac:	601a      	str	r2, [r3, #0]
200001ae:	f38c 8810 	msr	PRIMASK, ip
200001b2:	0038      	movs	r0, r7
200001b4:	4641      	mov	r1, r8
200001b6:	f000 f86b 	bl	20000290 <__best_effort_wfe_or_timeout_veneer>
200001ba:	2800      	cmp	r0, #0
200001bc:	d0e5      	beq.n	2000018a <mutex_enter_block_until+0x1e>
200001be:	2000      	movs	r0, #0
200001c0:	e00f      	b.n	200001e2 <mutex_enter_block_until+0x76>
200001c2:	4b0a      	ldr	r3, [pc, #40]	; (200001ec <mutex_enter_block_until+0x80>)
200001c4:	4a0a      	ldr	r2, [pc, #40]	; (200001f0 <mutex_enter_block_until+0x84>)
200001c6:	2185      	movs	r1, #133	; 0x85
200001c8:	480a      	ldr	r0, [pc, #40]	; (200001f4 <mutex_enter_block_until+0x88>)
200001ca:	f000 f859 	bl	20000280 <____assert_func_veneer>
200001ce:	464b      	mov	r3, r9
200001d0:	7123      	strb	r3, [r4, #4]
200001d2:	6823      	ldr	r3, [r4, #0]
200001d4:	f3bf 8f5f 	dmb	sy
200001d8:	2200      	movs	r2, #0
200001da:	601a      	str	r2, [r3, #0]
200001dc:	f38c 8810 	msr	PRIMASK, ip
200001e0:	2001      	movs	r0, #1
200001e2:	bcc0      	pop	{r6, r7}
200001e4:	46b9      	mov	r9, r7
200001e6:	46b0      	mov	r8, r6
200001e8:	bdf8      	pop	{r3, r4, r5, r6, r7, pc}
200001ea:	46c0      	nop			; (mov r8, r8)
200001ec:	10004414 	.word	0x10004414
200001f0:	100044ec 	.word	0x100044ec
200001f4:	100043c0 	.word	0x100043c0

200001f8 <mutex_try_enter_block_until>:
200001f8:	b570      	push	{r4, r5, r6, lr}
200001fa:	b082      	sub	sp, #8
200001fc:	0006      	movs	r6, r0
200001fe:	0015      	movs	r5, r2
20000200:	001c      	movs	r4, r3
20000202:	a901      	add	r1, sp, #4
20000204:	f7ff ff8e 	bl	20000124 <mutex_try_enter>
20000208:	2800      	cmp	r0, #0
2000020a:	d107      	bne.n	2000021c <mutex_try_enter_block_until+0x24>
2000020c:	9b01      	ldr	r3, [sp, #4]
2000020e:	b25b      	sxtb	r3, r3
20000210:	22d0      	movs	r2, #208	; 0xd0
20000212:	0612      	lsls	r2, r2, #24
20000214:	7812      	ldrb	r2, [r2, #0]
20000216:	b252      	sxtb	r2, r2
20000218:	4293      	cmp	r3, r2
2000021a:	d101      	bne.n	20000220 <mutex_try_enter_block_until+0x28>
2000021c:	b002      	add	sp, #8
2000021e:	bd70      	pop	{r4, r5, r6, pc}
20000220:	002a      	movs	r2, r5
20000222:	0023      	movs	r3, r4
20000224:	0030      	movs	r0, r6
20000226:	f7ff ffa1 	bl	2000016c <mutex_enter_block_until>
2000022a:	e7f7      	b.n	2000021c <mutex_try_enter_block_until+0x24>

2000022c <mutex_exit>:
2000022c:	b510      	push	{r4, lr}
2000022e:	6802      	ldr	r2, [r0, #0]
20000230:	f3ef 8110 	mrs	r1, PRIMASK
20000234:	b672      	cpsid	i
20000236:	6813      	ldr	r3, [r2, #0]
20000238:	2b00      	cmp	r3, #0
2000023a:	d0fc      	beq.n	20000236 <mutex_exit+0xa>
2000023c:	f3bf 8f5f 	dmb	sy
20000240:	2304      	movs	r3, #4
20000242:	56c3      	ldrsb	r3, [r0, r3]
20000244:	2b00      	cmp	r3, #0
20000246:	db0a      	blt.n	2000025e <mutex_exit+0x32>
20000248:	23ff      	movs	r3, #255	; 0xff
2000024a:	7103      	strb	r3, [r0, #4]
2000024c:	6803      	ldr	r3, [r0, #0]
2000024e:	f3bf 8f5f 	dmb	sy
20000252:	2200      	movs	r2, #0
20000254:	601a      	str	r2, [r3, #0]
20000256:	f381 8810 	msr	PRIMASK, r1
2000025a:	bf40      	sev
2000025c:	bd10      	pop	{r4, pc}
2000025e:	4b03      	ldr	r3, [pc, #12]	; (2000026c <mutex_exit+0x40>)
20000260:	4a03      	ldr	r2, [pc, #12]	; (20000270 <mutex_exit+0x44>)
20000262:	21b4      	movs	r1, #180	; 0xb4
20000264:	4803      	ldr	r0, [pc, #12]	; (20000274 <mutex_exit+0x48>)
20000266:	f000 f80b 	bl	20000280 <____assert_func_veneer>
2000026a:	46c0      	nop			; (mov r8, r8)
2000026c:	100044a8 	.word	0x100044a8
20000270:	100044e0 	.word	0x100044e0
20000274:	100043c0 	.word	0x100043c0

20000278 <__aeabi_idiv0>:
20000278:	4770      	bx	lr
2000027a:	46c0      	nop			; (mov r8, r8)
2000027c:	0000      	movs	r0, r0
	...

20000280 <____assert_func_veneer>:
20000280:	b401      	push	{r0}
20000282:	4802      	ldr	r0, [pc, #8]	; (2000028c <____assert_func_veneer+0xc>)
20000284:	4684      	mov	ip, r0
20000286:	bc01      	pop	{r0}
20000288:	4760      	bx	ip
2000028a:	bf00      	nop
2000028c:	10001f25 	.word	0x10001f25

20000290 <__best_effort_wfe_or_timeout_veneer>:
20000290:	b401      	push	{r0}
20000292:	4802      	ldr	r0, [pc, #8]	; (2000029c <__best_effort_wfe_or_timeout_veneer+0xc>)
20000294:	4684      	mov	ip, r0
20000296:	bc01      	pop	{r0}
20000298:	4760      	bx	ip
2000029a:	bf00      	nop
2000029c:	1000123d 	.word	0x1000123d

200002a0 <expect>:
200002a0:	13000000                                ....

200002a4 <striped_spin_lock_num>:
200002a4:	00000010                                ....

200002a8 <irq_handler_chain_slots>:
200002a8:	00000000 	.word	0x00000000
200002ac:	00010000 	.word	0x00010000
	...
200002b8:	00020000 	.word	0x00020000
	...
200002c4:	00030000 	.word	0x00030000
	...
200002d0:	00ff0000 	.word	0x00ff0000
200002d4:	00000000 	.word	0x00000000

200002d8 <irq_handler_chain_first_slot>:
200002d8:	b501      	push	{r0, lr}
200002da:	6848      	ldr	r0, [r1, #4]
200002dc:	3101      	adds	r1, #1
200002de:	468e      	mov	lr, r1
200002e0:	4700      	bx	r0

200002e2 <irq_handler_chain_remove_tail>:
200002e2:	4670      	mov	r0, lr
200002e4:	3809      	subs	r0, #9
200002e6:	4901      	ldr	r1, [pc, #4]	; (200002ec <irq_handler_chain_remove_tail+0xa>)
200002e8:	4788      	blx	r1
200002ea:	bd01      	pop	{r0, pc}
200002ec:	1000079d 	.word	0x1000079d

200002f0 <default_alarm_pool>:
200002f0:	20000308 00000000 20000378 200004d4     ... ....x.. ... 
	...

20000308 <default_alarm_pool_heap>:
20000308:	200004e4 00000000 00000000 00000010     ... ............
	...

20000320 <aeabi_bits_funcs>:
20000320:	00003350 	.word	0x00003350
20000324:	0000334c 	.word	0x0000334c
20000328:	00003354 	.word	0x00003354
2000032c:	00003352 	.word	0x00003352

20000330 <aeabi_bits_funcs_end>:
20000330:	0000534d 	.word	0x0000534d
20000334:	0000434d 	.word	0x0000434d
20000338:	00003453 	.word	0x00003453
2000033c:	00003443 	.word	0x00003443

20000340 <stdio_uart>:
20000340:	10003dd5 00000000 10003e49 10003ef1     .=......I>...>..
20000350:	00000000 00000100                       ........

20000358 <print_mutex>:
	...

20000360 <__mutex_array_end>:
20000360:	10003ae5 	.word	0x10003ae5
20000364:	100031c9 	.word	0x100031c9
20000368:	100038ad 	.word	0x100038ad
2000036c:	10003a5d 	.word	0x10003a5d

20000370 <__frame_dummy_init_array_entry>:
20000370:	100002e5                                ....
